number,value,datetime_start,datetime_complete,duration,params_adr_high,params_adr_high_size,params_adr_med,params_adr_med_size,params_earnings_days,params_max_consolidation_range,params_max_dist_sma20,params_max_exposure_pct,params_max_stop_pct,params_min_adr,params_min_consolidation_days,params_min_dollar_volume,params_min_rs,params_min_rvol,params_min_volume,params_require_positive_rs,params_require_sector_strength,params_risk_dollars,params_rs_lookback,params_rvol_danger,params_rvol_danger_size,params_rvol_warning,params_rvol_warning_size,params_sector_top_percentile,params_signal_type,params_tp1_r,params_tp2_r,params_use_earnings_filter,state
0,-999.0,2026-01-09 19:20:58.936297,2026-01-09 19:21:31.265961,0 days 00:00:32.329664,7.0,0.25,5.5,0.3,7,10.0,12.5,0.15,0.08,3.0,15,15000000.0,50.0,2.25,200000,False,True,250,21d,3.5,0.35,2.0,0.7,0.5,breakout,1.75,3.0,True,COMPLETE
1,-0.15216614657282954,2026-01-09 19:21:31.270484,2026-01-09 19:21:33.796770,0 days 00:00:02.526286,7.0,0.2,4.5,0.4,5,15.0,7.5,0.15,0.06,2.0,5,10000000.0,40.0,2.0,200000,False,False,150,63d,2.5,0.35,1.5,0.7,0.5,any,2.0,3.5,False,COMPLETE
2,-0.2062057511951557,2026-01-09 19:21:33.800948,2026-01-09 19:21:50.645319,0 days 00:00:16.844371,6.0,0.2,5.5,0.35,5,17.5,7.5,0.25,0.06,1.5,10,10000000.0,40.0,2.0,300000,False,True,150,21d,2.5,0.25,1.5,0.7,0.45,vcp,1.5,4.0,True,COMPLETE
3,0.30027935860457616,2026-01-09 19:21:50.648378,2026-01-09 19:22:04.604603,0 days 00:00:13.956225,6.0,0.25,4.5,0.35,7,12.5,10.0,0.2,0.08,3.0,10,15000000.0,30.0,2.25,200000,False,True,225,21d,2.5,0.3,1.5,0.65,0.5,vcp,1.5,3.0,True,COMPLETE
4,0.005020513836434638,2026-01-09 19:22:04.608355,2026-01-09 19:22:21.087737,0 days 00:00:16.479382,6.5,0.25,4.5,0.4,5,17.5,12.5,0.2,0.06,1.5,5,15000000.0,60.0,2.5,300000,True,True,225,21d,2.5,0.35,1.5,0.55,0.3,ath,1.75,3.5,True,COMPLETE
5,-0.40512088416967856,2026-01-09 19:22:21.106195,2026-01-09 19:22:34.013178,0 days 00:00:12.906983,7.0,0.25,4.5,0.3,5,10.0,12.5,0.2,0.08,3.0,15,10000000.0,50.0,1.75,300000,False,True,250,63d,2.5,0.25,1.5,0.6,0.5,vcp,1.5,3.0,False,COMPLETE
6,-0.2744067053841257,2026-01-09 19:22:34.016229,2026-01-09 19:22:35.705856,0 days 00:00:01.689627,7.0,0.3,5.5,0.3,7,12.5,7.5,0.2,0.07,2.0,5,15000000.0,60.0,1.5,500000,True,True,225,63d,2.5,0.35,2.0,0.7,0.45,any,1.5,4.0,False,COMPLETE
7,-0.4174159963918623,2026-01-09 19:22:35.708594,2026-01-09 19:22:50.853592,0 days 00:00:15.144998,6.0,0.3,4.5,0.35,5,20.0,12.5,0.25,0.06,2.5,10,15000000.0,50.0,1.5,200000,False,False,150,63d,3.0,0.35,1.5,0.65,0.45,ath,1.75,3.0,True,COMPLETE
8,-0.06377044084484425,2026-01-09 19:22:50.856624,2026-01-09 19:22:55.984853,0 days 00:00:05.128229,6.5,0.3,5.5,0.4,7,20.0,7.5,0.2,0.08,3.0,5,10000000.0,30.0,1.75,200000,True,False,250,21d,3.0,0.25,2.0,0.6,0.5,any,1.5,3.0,False,COMPLETE
9,-0.38579500839293485,2026-01-09 19:22:55.989074,2026-01-09 19:23:08.320545,0 days 00:00:12.331471,7.0,0.25,5.5,0.4,7,10.0,12.5,0.25,0.07,2.5,10,10000000.0,30.0,1.75,200000,True,False,175,63d,3.5,0.25,1.5,0.6,0.4,breakout,1.75,4.0,False,COMPLETE
10,0.2022226844930816,2026-01-09 19:23:08.323037,2026-01-09 19:23:21.619598,0 days 00:00:13.296561,6.0,0.25,5.0,0.35,7,12.5,10.0,0.2,0.08,3.0,10,15000000.0,30.0,2.25,500000,False,True,200,21d,3.0,0.3,2.0,0.65,0.35,vcp,1.25,3.0,True,COMPLETE
11,0.2022226844930816,2026-01-09 19:23:21.622405,2026-01-09 19:23:36.807749,0 days 00:00:15.185344,6.0,0.25,5.0,0.35,7,12.5,10.0,0.2,0.08,3.0,10,15000000.0,30.0,2.25,500000,False,True,200,21d,3.0,0.3,2.0,0.65,0.35,vcp,1.25,3.0,True,COMPLETE
12,0.2022226844930816,2026-01-09 19:23:36.810484,2026-01-09 19:23:49.841723,0 days 00:00:13.031239,6.0,0.25,5.0,0.35,7,12.5,10.0,0.2,0.08,3.0,10,15000000.0,30.0,2.25,500000,False,True,200,21d,3.0,0.3,2.0,0.65,0.35,vcp,1.25,3.0,True,COMPLETE
13,0.2022226844930816,2026-01-09 19:23:49.845105,2026-01-09 19:24:04.470361,0 days 00:00:14.625256,6.0,0.25,5.0,0.35,7,12.5,10.0,0.2,0.08,3.0,10,15000000.0,30.0,2.25,500000,False,True,200,21d,3.0,0.3,2.0,0.65,0.35,vcp,1.25,3.0,True,COMPLETE
14,0.28152972797287584,2026-01-09 19:24:04.472891,2026-01-09 19:24:17.767936,0 days 00:00:13.295045,6.0,0.25,5.0,0.35,7,12.5,15.0,0.2,0.08,3.0,10,15000000.0,30.0,2.25,500000,False,True,225,21d,3.5,0.3,1.5,0.65,0.4,vcp,2.0,3.0,True,COMPLETE
15,-0.16209753784975603,2026-01-09 19:24:17.770567,2026-01-09 19:24:30.664610,0 days 00:00:12.894043,6.0,0.2,4.5,0.35,7,15.0,15.0,0.15,0.08,3.0,10,15000000.0,30.0,2.5,200000,False,True,225,21d,3.5,0.3,1.5,0.55,0.4,vcp,2.0,3.5,True,COMPLETE
16,-0.3203860224853749,2026-01-09 19:24:30.667466,2026-01-09 19:24:45.016386,0 days 00:00:14.348920,6.0,0.25,5.0,0.35,7,12.5,15.0,0.2,0.07,2.0,15,15000000.0,30.0,2.25,500000,False,True,225,21d,3.5,0.3,1.5,0.65,0.4,vcp,2.0,3.0,True,COMPLETE
17,-0.10283632889636334,2026-01-09 19:24:45.019706,2026-01-09 19:24:58.848395,0 days 00:00:13.828689,6.5,0.25,4.5,0.35,7,12.5,15.0,0.2,0.08,1.5,10,15000000.0,40.0,2.25,500000,False,True,225,21d,3.5,0.3,1.5,0.65,0.3,breakout,2.0,3.0,True,COMPLETE
18,0.10000300852727932,2026-01-09 19:24:58.851382,2026-01-09 19:25:13.529981,0 days 00:00:14.678599,6.0,0.2,5.0,0.35,7,12.5,15.0,0.15,0.08,2.5,10,15000000.0,60.0,2.25,200000,True,False,175,21d,2.5,0.3,1.5,0.65,0.4,ath,2.0,4.0,True,COMPLETE
19,-0.04111978322991386,2026-01-09 19:25:13.532812,2026-01-09 19:25:26.577266,0 days 00:00:13.044454,6.0,0.3,4.5,0.3,7,15.0,10.0,0.25,0.07,3.0,15,15000000.0,30.0,2.0,300000,False,True,225,21d,3.5,0.3,1.5,0.55,0.4,vcp,1.5,3.5,True,COMPLETE
20,-0.04896707872793319,2026-01-09 19:25:26.579887,2026-01-09 19:25:39.974760,0 days 00:00:13.394873,6.5,0.25,5.0,0.35,7,20.0,15.0,0.2,0.08,3.0,10,15000000.0,30.0,1.5,500000,False,True,225,21d,3.5,0.3,1.5,0.65,0.5,vcp,2.0,3.0,True,COMPLETE
21,0.2022226844930816,2026-01-09 19:25:39.977746,2026-01-09 19:25:53.892282,0 days 00:00:13.914536,6.0,0.25,5.0,0.35,7,12.5,10.0,0.2,0.08,3.0,10,15000000.0,30.0,2.25,500000,False,True,200,21d,3.0,0.3,2.0,0.65,0.35,vcp,1.25,3.0,True,COMPLETE
22,0.27523771091337346,2026-01-09 19:25:53.895249,2026-01-09 19:26:06.561048,0 days 00:00:12.665799,6.0,0.25,5.0,0.35,7,12.5,10.0,0.2,0.08,3.0,10,15000000.0,30.0,2.25,500000,False,True,200,21d,2.5,0.3,2.0,0.65,0.35,vcp,1.25,3.0,True,COMPLETE
23,0.27769063953693446,2026-01-09 19:26:06.565831,2026-01-09 19:26:20.654833,0 days 00:00:14.089002,6.0,0.25,5.0,0.35,7,12.5,10.0,0.2,0.08,3.0,10,15000000.0,30.0,2.25,500000,False,True,225,21d,2.5,0.3,2.0,0.65,0.3,vcp,1.25,3.0,True,COMPLETE
24,0.30027935860457616,2026-01-09 19:26:20.657831,2026-01-09 19:26:31.807659,0 days 00:00:11.149828,6.0,0.25,5.0,0.35,7,12.5,10.0,0.2,0.08,3.0,10,15000000.0,30.0,2.25,500000,False,True,225,21d,2.5,0.3,1.5,0.65,0.3,vcp,1.5,3.0,True,COMPLETE
25,-0.3031789272061442,2026-01-09 19:26:31.810511,2026-01-09 19:26:43.537025,0 days 00:00:11.726514,6.0,0.25,5.0,0.35,7,17.5,15.0,0.2,0.08,3.0,10,15000000.0,30.0,2.5,200000,False,True,225,21d,2.5,0.3,1.5,0.65,0.3,vcp,1.5,3.0,True,COMPLETE
26,-0.20700383194749433,2026-01-09 19:26:43.539690,2026-01-09 19:26:57.060264,0 days 00:00:13.520574,6.0,0.25,4.5,0.35,5,12.5,10.0,0.2,0.08,1.5,10,10000000.0,40.0,2.25,500000,True,False,225,63d,2.5,0.3,1.5,0.65,0.3,ath,1.5,3.0,False,COMPLETE
27,-0.15236719802009893,2026-01-09 19:26:57.062780,2026-01-09 19:27:08.823072,0 days 00:00:11.760292,6.0,0.25,5.0,0.35,7,12.5,10.0,0.2,0.08,2.5,10,15000000.0,60.0,2.25,500000,False,True,175,21d,2.5,0.3,1.5,0.6,0.5,breakout,1.5,3.0,True,COMPLETE
28,-0.3490377588067398,2026-01-09 19:27:08.825570,2026-01-09 19:27:09.620205,0 days 00:00:00.794635,6.5,0.2,5.0,0.4,7,12.5,15.0,0.15,0.06,2.0,15,15000000.0,50.0,2.25,300000,False,True,225,21d,3.5,0.25,1.5,0.55,0.3,any,1.5,4.0,True,COMPLETE
29,-999.0,2026-01-09 19:27:09.622668,2026-01-09 19:27:20.968533,0 days 00:00:11.345865,6.0,0.3,4.5,0.3,7,10.0,10.0,0.25,0.07,3.0,5,15000000.0,50.0,2.25,200000,False,True,250,21d,3.5,0.3,1.5,0.7,0.4,breakout,1.5,3.5,True,COMPLETE
30,-0.07882918705499065,2026-01-09 19:27:20.971221,2026-01-09 19:27:34.637456,0 days 00:00:13.666235,7.0,0.25,5.5,0.3,7,15.0,15.0,0.15,0.08,3.0,15,15000000.0,30.0,1.5,200000,False,True,225,21d,2.5,0.35,1.5,0.65,0.5,vcp,2.0,3.0,True,COMPLETE
31,0.27769063953693446,2026-01-09 19:27:34.640585,2026-01-09 19:27:45.828819,0 days 00:00:11.188234,6.0,0.25,5.0,0.35,7,12.5,10.0,0.2,0.08,3.0,10,15000000.0,30.0,2.25,500000,False,True,225,21d,2.5,0.3,2.0,0.65,0.3,vcp,1.25,3.0,True,COMPLETE
32,0.32078401812465385,2026-01-09 19:27:45.831668,2026-01-09 19:27:59.096154,0 days 00:00:13.264486,6.0,0.25,5.0,0.35,7,12.5,10.0,0.2,0.08,3.0,10,15000000.0,30.0,2.25,500000,False,True,225,21d,2.5,0.3,2.0,0.65,0.3,vcp,1.75,3.0,True,COMPLETE
33,0.2920189625283192,2026-01-09 19:27:59.099215,2026-01-09 19:28:10.581444,0 days 00:00:11.482229,6.0,0.25,5.0,0.35,7,12.5,10.0,0.2,0.08,3.0,10,15000000.0,30.0,2.0,500000,False,True,150,21d,2.5,0.3,1.5,0.65,0.3,vcp,1.75,3.0,True,COMPLETE
34,-0.016137248891466664,2026-01-09 19:28:10.584530,2026-01-09 19:28:22.494049,0 days 00:00:11.909519,6.0,0.25,5.0,0.35,5,17.5,10.0,0.2,0.06,3.0,10,10000000.0,40.0,2.0,500000,False,True,150,21d,2.5,0.3,1.5,0.7,0.3,vcp,1.75,3.0,True,COMPLETE
35,-0.24632985076369843,2026-01-09 19:28:22.496729,2026-01-09 19:28:35.699016,0 days 00:00:13.202287,6.0,0.2,4.5,0.4,5,10.0,10.0,0.2,0.08,1.5,5,15000000.0,30.0,2.0,300000,False,True,150,63d,2.5,0.35,1.5,0.65,0.3,vcp,1.75,3.5,False,COMPLETE
36,-0.23966677252932694,2026-01-09 19:28:35.702214,2026-01-09 19:28:36.545092,0 days 00:00:00.842878,7.0,0.25,5.0,0.35,7,12.5,10.0,0.2,0.08,2.0,10,10000000.0,60.0,2.0,500000,False,False,150,21d,2.5,0.25,1.5,0.65,0.3,any,1.75,3.0,True,COMPLETE
37,-0.6766790189042922,2026-01-09 19:28:36.548037,2026-01-09 19:28:48.827376,0 days 00:00:12.279339,6.0,0.25,5.5,0.35,5,17.5,7.5,0.25,0.06,3.0,10,15000000.0,30.0,2.0,200000,True,True,150,63d,2.5,0.3,2.0,0.7,0.45,ath,1.75,4.0,True,COMPLETE
38,-0.14870370741392402,2026-01-09 19:28:48.830127,2026-01-09 19:29:00.569808,0 days 00:00:11.739681,6.5,0.3,4.5,0.3,7,20.0,12.5,0.15,0.08,3.0,5,15000000.0,50.0,1.75,300000,False,True,150,21d,2.5,0.35,1.5,0.55,0.3,vcp,1.75,3.0,False,COMPLETE
39,-0.3092216814265678,2026-01-09 19:29:00.572347,2026-01-09 19:29:01.472414,0 days 00:00:00.900067,7.0,0.25,5.0,0.4,7,12.5,10.0,0.2,0.06,2.5,10,10000000.0,40.0,2.5,500000,True,False,250,21d,2.5,0.3,1.5,0.6,0.5,any,1.75,3.0,True,COMPLETE
40,-0.2556217195921894,2026-01-09 19:29:01.475000,2026-01-09 19:29:15.506763,0 days 00:00:14.031763,6.0,0.2,5.5,0.35,5,15.0,7.5,0.2,0.07,1.5,15,15000000.0,30.0,2.0,200000,False,True,150,63d,2.5,0.25,2.0,0.65,0.3,vcp,1.75,3.5,False,COMPLETE
41,0.30027935860457616,2026-01-09 19:29:15.509816,2026-01-09 19:29:26.704369,0 days 00:00:11.194553,6.0,0.25,5.0,0.35,7,12.5,10.0,0.2,0.08,3.0,10,15000000.0,30.0,2.25,500000,False,True,225,21d,2.5,0.3,1.5,0.65,0.45,vcp,1.5,3.0,True,COMPLETE
42,0.17806937941704498,2026-01-09 19:29:26.707252,2026-01-09 19:29:39.958849,0 days 00:00:13.251597,6.0,0.25,5.0,0.35,7,12.5,10.0,0.2,0.08,3.0,10,15000000.0,30.0,1.75,500000,False,True,225,21d,2.5,0.3,1.5,0.65,0.45,vcp,1.5,3.0,True,COMPLETE
43,0.30027935860457616,2026-01-09 19:29:39.961497,2026-01-09 19:29:51.318636,0 days 00:00:11.357139,6.0,0.25,5.0,0.35,7,12.5,10.0,0.2,0.08,3.0,10,15000000.0,30.0,2.25,500000,False,True,225,21d,2.5,0.3,1.5,0.65,0.45,vcp,1.5,3.0,True,COMPLETE
44,0.30027935860457616,2026-01-09 19:29:51.321181,2026-01-09 19:30:03.183690,0 days 00:00:11.862509,6.0,0.25,5.0,0.35,7,12.5,10.0,0.2,0.08,3.0,10,15000000.0,30.0,2.25,500000,False,True,225,21d,2.5,0.3,1.5,0.65,0.45,vcp,1.5,3.0,True,COMPLETE
45,-999.0,2026-01-09 19:30:03.186925,2026-01-09 19:30:16.470747,0 days 00:00:13.283822,6.0,0.25,4.5,0.35,7,10.0,12.5,0.2,0.08,3.0,10,15000000.0,30.0,2.25,500000,False,True,225,21d,2.5,0.3,1.5,0.6,0.45,vcp,1.5,3.0,True,COMPLETE
46,0.23995055960090111,2026-01-09 19:30:16.473427,2026-01-09 19:30:29.451778,0 days 00:00:12.978351,6.0,0.25,5.0,0.35,7,12.5,10.0,0.25,0.08,3.0,10,15000000.0,30.0,2.25,500000,False,True,225,21d,2.5,0.35,2.0,0.65,0.45,vcp,1.5,4.0,True,COMPLETE
47,-0.27311928454427065,2026-01-09 19:30:29.454780,2026-01-09 19:30:42.430106,0 days 00:00:12.975326,7.0,0.3,5.0,0.4,7,20.0,10.0,0.2,0.08,2.0,5,10000000.0,60.0,2.25,200000,True,False,225,21d,2.5,0.3,1.5,0.65,0.45,breakout,1.5,3.0,True,COMPLETE
48,-0.03311366909932688,2026-01-09 19:30:42.433172,2026-01-09 19:30:57.192388,0 days 00:00:14.759216,6.0,0.25,5.5,0.35,7,12.5,7.5,0.2,0.08,3.0,10,15000000.0,30.0,1.5,500000,False,True,225,63d,2.5,0.25,1.5,0.7,0.45,ath,1.5,3.0,False,COMPLETE
49,0.30027935860457616,2026-01-09 19:30:57.195081,2026-01-09 19:31:09.126369,0 days 00:00:11.931288,6.0,0.25,5.0,0.35,7,12.5,10.0,0.2,0.08,3.0,10,15000000.0,50.0,2.25,500000,False,True,225,21d,2.5,0.3,2.0,0.65,0.5,vcp,1.5,3.0,True,COMPLETE
50,-0.20049084232427247,2026-01-09 19:31:09.129846,2026-01-09 19:31:22.609635,0 days 00:00:13.479789,6.5,0.25,4.5,0.3,7,12.5,12.5,0.2,0.07,2.5,10,15000000.0,30.0,2.25,300000,False,True,175,21d,3.0,0.3,1.5,0.65,0.45,vcp,1.5,3.0,True,COMPLETE
51,0.30027935860457616,2026-01-09 19:31:22.613604,2026-01-09 19:31:34.145631,0 days 00:00:11.532027,6.0,0.25,5.0,0.35,7,12.5,10.0,0.2,0.08,3.0,10,15000000.0,30.0,2.25,500000,False,True,225,21d,2.5,0.3,1.5,0.65,0.45,vcp,1.5,3.0,True,COMPLETE
52,0.30027935860457616,2026-01-09 19:31:34.148217,2026-01-09 19:31:45.936053,0 days 00:00:11.787836,6.0,0.25,5.0,0.35,7,12.5,10.0,0.2,0.08,3.0,10,15000000.0,30.0,2.25,500000,False,True,225,21d,2.5,0.3,1.5,0.65,0.45,vcp,1.5,3.0,True,COMPLETE
53,0.30027935860457616,2026-01-09 19:31:45.938629,2026-01-09 19:31:58.663952,0 days 00:00:12.725323,6.0,0.25,5.0,0.35,7,12.5,10.0,0.2,0.08,3.0,10,15000000.0,30.0,2.25,500000,False,True,225,21d,2.5,0.3,1.5,0.65,0.45,vcp,1.5,3.0,True,COMPLETE
54,0.30027935860457616,2026-01-09 19:31:58.666563,2026-01-09 19:32:10.703539,0 days 00:00:12.036976,6.0,0.25,5.0,0.35,7,12.5,10.0,0.2,0.08,3.0,10,15000000.0,30.0,2.25,500000,False,True,225,21d,2.5,0.3,1.5,0.65,0.45,vcp,1.5,3.0,True,COMPLETE
55,0.3084317647918293,2026-01-09 19:32:10.706144,2026-01-09 19:32:21.996975,0 days 00:00:11.290831,6.0,0.25,5.0,0.35,7,12.5,10.0,0.2,0.08,3.0,10,15000000.0,30.0,2.25,500000,False,True,250,21d,2.5,0.3,1.5,0.65,0.5,vcp,1.5,3.0,True,COMPLETE
56,-0.25894482975037864,2026-01-09 19:32:21.999568,2026-01-09 19:32:35.301943,0 days 00:00:13.302375,6.0,0.25,5.0,0.35,7,17.5,10.0,0.2,0.08,3.0,10,15000000.0,30.0,2.5,200000,False,True,250,21d,2.5,0.3,1.5,0.55,0.5,vcp,1.5,3.0,True,COMPLETE
57,0.16177898120207787,2026-01-09 19:32:35.304622,2026-01-09 19:32:36.067428,0 days 00:00:00.762806,6.0,0.2,5.0,0.35,7,12.5,10.0,0.15,0.08,3.0,10,15000000.0,30.0,1.75,500000,False,True,250,21d,3.0,0.3,2.0,0.65,0.5,any,1.5,4.0,True,COMPLETE
58,-0.11606031733654129,2026-01-09 19:32:36.070039,2026-01-09 19:32:48.074818,0 days 00:00:12.004779,6.0,0.25,4.5,0.35,5,20.0,10.0,0.25,0.08,1.5,15,15000000.0,40.0,2.25,500000,True,False,250,21d,2.5,0.3,1.5,0.65,0.5,vcp,1.5,3.0,True,COMPLETE
59,0.2453518178285215,2026-01-09 19:32:48.077413,2026-01-09 19:32:59.078071,0 days 00:00:11.000658,6.0,0.3,5.0,0.35,7,12.5,10.0,0.2,0.06,3.0,10,15000000.0,30.0,2.25,500000,False,True,250,21d,2.5,0.3,1.5,0.6,0.5,vcp,1.5,3.5,True,COMPLETE
60,-0.2860928789252446,2026-01-09 19:32:59.080569,2026-01-09 19:33:12.639348,0 days 00:00:13.558779,6.5,0.25,5.0,0.35,7,15.0,7.5,0.2,0.08,2.0,10,10000000.0,60.0,2.25,200000,False,True,175,63d,2.5,0.35,2.0,0.65,0.5,breakout,1.5,3.0,True,COMPLETE
61,0.30027935860457616,2026-01-09 19:33:12.641921,2026-01-09 19:33:23.793656,0 days 00:00:11.151735,6.0,0.25,5.0,0.35,7,12.5,10.0,0.2,0.08,3.0,10,15000000.0,30.0,2.25,500000,False,True,225,21d,2.5,0.3,1.5,0.65,0.45,vcp,1.5,3.0,True,COMPLETE
62,0.30027935860457616,2026-01-09 19:33:23.796288,2026-01-09 19:33:37.024773,0 days 00:00:13.228485,6.0,0.25,5.0,0.35,7,12.5,10.0,0.2,0.08,3.0,10,15000000.0,30.0,2.25,500000,False,True,225,21d,2.5,0.3,1.5,0.65,0.45,vcp,1.5,3.0,True,COMPLETE
63,0.30027935860457616,2026-01-09 19:33:37.028076,2026-01-09 19:33:48.229304,0 days 00:00:11.201228,6.0,0.25,5.0,0.35,7,12.5,10.0,0.2,0.08,3.0,10,15000000.0,30.0,2.25,500000,False,True,225,21d,2.5,0.3,1.5,0.65,0.35,vcp,1.5,3.0,True,COMPLETE
64,0.2986880136729795,2026-01-09 19:33:48.231784,2026-01-09 19:33:59.945071,0 days 00:00:11.713287,6.0,0.25,5.0,0.35,7,12.5,10.0,0.2,0.08,3.0,10,15000000.0,30.0,2.25,500000,False,True,200,21d,2.5,0.3,1.5,0.65,0.5,vcp,1.5,3.0,True,COMPLETE
65,0.09981669824978458,2026-01-09 19:33:59.947746,2026-01-09 19:34:13.478135,0 days 00:00:13.530389,6.0,0.25,5.0,0.35,7,12.5,10.0,0.2,0.08,3.0,10,15000000.0,30.0,1.5,500000,False,True,225,21d,2.5,0.3,1.5,0.65,0.45,ath,1.5,3.0,True,COMPLETE
66,-999.0,2026-01-09 19:34:13.480841,2026-01-09 19:34:24.689297,0 days 00:00:11.208456,6.0,0.25,4.5,0.4,7,10.0,10.0,0.2,0.07,3.0,5,15000000.0,30.0,2.25,500000,False,True,225,21d,3.0,0.3,1.5,0.65,0.3,vcp,1.5,3.0,True,COMPLETE
67,-0.07443704380448347,2026-01-09 19:34:24.691725,2026-01-09 19:34:36.445687,0 days 00:00:11.753962,7.0,0.25,5.0,0.35,7,12.5,10.0,0.2,0.08,2.5,10,15000000.0,30.0,2.25,500000,False,True,250,21d,2.5,0.3,1.5,0.65,0.4,vcp,2.0,3.0,False,COMPLETE
68,0.2714909765873628,2026-01-09 19:34:36.448225,2026-01-09 19:34:49.063151,0 days 00:00:12.614926,6.0,0.25,5.5,0.3,7,12.5,12.5,0.15,0.08,3.0,10,15000000.0,50.0,2.25,200000,False,True,225,21d,2.5,0.3,1.5,0.55,0.5,vcp,1.5,3.0,True,COMPLETE
69,-0.14790876324850807,2026-01-09 19:34:49.065892,2026-01-09 19:35:00.967961,0 days 00:00:11.902069,6.0,0.2,5.0,0.35,7,12.5,10.0,0.2,0.08,3.0,10,15000000.0,30.0,2.5,300000,False,True,225,21d,3.5,0.25,2.0,0.7,0.3,vcp,1.25,4.0,True,COMPLETE
70,0.32078401812465385,2026-01-09 19:35:00.971947,2026-01-09 19:35:01.774263,0 days 00:00:00.802316,6.0,0.25,5.0,0.35,5,12.5,10.0,0.2,0.08,3.0,10,15000000.0,30.0,2.25,500000,True,False,225,21d,2.5,0.3,1.5,0.65,0.35,any,1.75,3.0,True,COMPLETE
71,0.32078401812465385,2026-01-09 19:35:01.776875,2026-01-09 19:35:02.632967,0 days 00:00:00.856092,6.0,0.25,5.0,0.35,5,12.5,10.0,0.2,0.08,3.0,10,15000000.0,30.0,2.25,500000,True,False,225,21d,2.5,0.3,1.5,0.65,0.35,any,1.75,3.0,True,COMPLETE
72,0.32078401812465385,2026-01-09 19:35:02.635385,2026-01-09 19:35:03.725507,0 days 00:00:01.090122,6.0,0.25,5.0,0.35,5,12.5,10.0,0.2,0.08,3.0,10,15000000.0,30.0,2.25,500000,True,False,225,21d,2.5,0.3,1.5,0.65,0.35,any,1.75,3.0,True,COMPLETE
73,0.32078401812465385,2026-01-09 19:35:03.728564,2026-01-09 19:35:05.532335,0 days 00:00:01.803771,6.0,0.25,5.0,0.35,5,12.5,10.0,0.2,0.08,3.0,10,15000000.0,30.0,2.25,500000,True,False,225,21d,2.5,0.3,1.5,0.65,0.35,any,1.75,3.0,True,COMPLETE
74,0.2888215669014495,2026-01-09 19:35:05.535965,2026-01-09 19:35:08.062092,0 days 00:00:02.526127,6.0,0.25,5.0,0.35,5,12.5,10.0,0.2,0.08,3.0,15,15000000.0,30.0,2.25,500000,True,False,225,21d,2.5,0.3,1.5,0.65,0.35,any,1.75,3.0,True,COMPLETE
75,-0.13465648108398942,2026-01-09 19:35:08.064933,2026-01-09 19:35:10.733335,0 days 00:00:02.668402,6.0,0.25,5.0,0.35,5,17.5,10.0,0.25,0.08,3.0,10,15000000.0,40.0,2.25,500000,True,False,200,21d,2.5,0.3,1.5,0.65,0.35,any,1.75,3.5,True,COMPLETE
76,-0.002830915213863702,2026-01-09 19:35:10.737974,2026-01-09 19:35:13.088979,0 days 00:00:02.351005,6.0,0.3,4.5,0.35,5,12.5,10.0,0.2,0.06,1.5,10,15000000.0,30.0,1.75,500000,True,False,225,21d,2.5,0.3,1.5,0.65,0.35,any,1.75,3.0,True,COMPLETE
77,-0.007671768548864536,2026-01-09 19:35:13.091635,2026-01-09 19:35:15.199420,0 days 00:00:02.107785,6.5,0.25,5.0,0.35,5,15.0,10.0,0.2,0.08,3.0,10,10000000.0,30.0,2.25,500000,True,False,175,21d,2.5,0.3,1.5,0.6,0.35,any,1.75,3.0,True,COMPLETE
78,-0.1939530387360546,2026-01-09 19:35:15.201972,2026-01-09 19:35:18.887815,0 days 00:00:03.685843,6.0,0.25,5.0,0.35,5,12.5,15.0,0.2,0.07,2.0,5,15000000.0,30.0,2.25,200000,True,False,225,63d,2.5,0.35,2.0,0.65,0.35,any,1.75,3.0,False,COMPLETE
79,-0.0708451948121287,2026-01-09 19:35:18.890593,2026-01-09 19:35:21.136713,0 days 00:00:02.246120,6.0,0.25,5.0,0.4,5,20.0,10.0,0.2,0.08,3.0,10,15000000.0,60.0,1.5,500000,True,False,250,21d,3.5,0.3,1.5,0.65,0.35,any,1.75,3.0,True,COMPLETE
80,0.3445490403941909,2026-01-09 19:35:21.139294,2026-01-09 19:35:23.381947,0 days 00:00:02.242653,7.0,0.25,4.5,0.3,5,12.5,7.5,0.15,0.08,3.0,10,15000000.0,30.0,2.25,300000,True,False,225,21d,2.5,0.25,1.5,0.65,0.35,any,1.75,3.0,True,COMPLETE
81,0.3445490403941909,2026-01-09 19:35:23.384592,2026-01-09 19:35:25.643010,0 days 00:00:02.258418,7.0,0.25,4.5,0.3,5,12.5,7.5,0.15,0.08,3.0,10,15000000.0,30.0,2.25,300000,True,False,225,21d,2.5,0.25,1.5,0.65,0.35,any,1.75,3.0,True,COMPLETE
82,0.3445490403941909,2026-01-09 19:35:25.645874,2026-01-09 19:35:28.069095,0 days 00:00:02.423221,7.0,0.25,4.5,0.3,5,12.5,7.5,0.15,0.08,3.0,10,15000000.0,30.0,2.25,300000,True,False,225,21d,2.5,0.25,1.5,0.65,0.35,any,1.75,3.0,True,COMPLETE
83,0.3445490403941909,2026-01-09 19:35:28.071647,2026-01-09 19:35:30.519327,0 days 00:00:02.447680,7.0,0.25,4.5,0.3,5,12.5,7.5,0.15,0.08,3.0,10,15000000.0,30.0,2.25,300000,True,False,225,21d,2.5,0.25,1.5,0.65,0.35,any,1.75,3.0,True,COMPLETE
84,0.3445490403941909,2026-01-09 19:35:30.522352,2026-01-09 19:35:37.397005,0 days 00:00:06.874653,7.0,0.25,4.5,0.3,5,12.5,7.5,0.15,0.08,3.0,10,15000000.0,30.0,2.25,300000,True,False,225,21d,2.5,0.25,1.5,0.65,0.35,any,1.75,3.0,True,COMPLETE
85,0.3445490403941909,2026-01-09 19:35:37.399960,2026-01-09 19:35:38.114352,0 days 00:00:00.714392,7.0,0.25,4.5,0.3,5,12.5,7.5,0.15,0.08,3.0,10,15000000.0,30.0,2.25,300000,True,False,225,21d,2.5,0.25,1.5,0.65,0.35,any,1.75,3.0,True,COMPLETE
86,0.3445490403941909,2026-01-09 19:35:38.117952,2026-01-09 19:35:38.795909,0 days 00:00:00.677957,7.0,0.25,4.5,0.3,5,12.5,7.5,0.15,0.08,3.0,10,15000000.0,30.0,2.25,300000,True,False,225,21d,2.5,0.25,1.5,0.65,0.35,any,1.75,3.0,True,COMPLETE
87,-0.31139728791450133,2026-01-09 19:35:38.798795,2026-01-09 19:35:39.528379,0 days 00:00:00.729584,7.0,0.25,4.5,0.3,5,10.0,7.5,0.15,0.08,2.5,10,15000000.0,30.0,2.25,300000,True,False,225,21d,2.5,0.25,1.5,0.65,0.35,any,1.75,3.0,True,COMPLETE
88,0.2854849305112838,2026-01-09 19:35:39.531082,2026-01-09 19:35:40.268180,0 days 00:00:00.737098,7.0,0.2,4.5,0.3,5,12.5,7.5,0.15,0.08,3.0,10,15000000.0,50.0,2.25,300000,True,False,225,21d,3.0,0.25,1.5,0.7,0.35,any,1.75,3.0,True,COMPLETE
89,0.28517177909056374,2026-01-09 19:35:40.270765,2026-01-09 19:35:41.047115,0 days 00:00:00.776350,7.0,0.25,4.5,0.3,5,12.5,7.5,0.15,0.08,3.0,15,15000000.0,30.0,2.25,300000,True,False,225,21d,2.5,0.25,2.0,0.55,0.35,any,1.75,3.5,True,COMPLETE
90,0.29668233736840766,2026-01-09 19:35:41.049824,2026-01-09 19:35:41.705769,0 days 00:00:00.655945,7.0,0.25,4.5,0.3,5,12.5,7.5,0.15,0.08,3.0,10,10000000.0,30.0,2.25,300000,True,False,225,21d,2.5,0.25,1.5,0.65,0.35,any,1.75,4.0,True,COMPLETE
91,0.3445490403941909,2026-01-09 19:35:41.708446,2026-01-09 19:35:42.357812,0 days 00:00:00.649366,7.0,0.25,4.5,0.3,5,12.5,7.5,0.15,0.08,3.0,10,15000000.0,30.0,2.25,300000,True,False,225,21d,2.5,0.25,1.5,0.65,0.35,any,1.75,3.0,True,COMPLETE
92,0.3445490403941909,2026-01-09 19:35:42.360076,2026-01-09 19:35:43.013729,0 days 00:00:00.653653,7.0,0.25,4.5,0.3,5,12.5,7.5,0.15,0.08,3.0,10,15000000.0,30.0,2.25,300000,True,False,225,21d,2.5,0.25,1.5,0.65,0.35,any,1.75,3.0,True,COMPLETE
93,0.3445490403941909,2026-01-09 19:35:43.016730,2026-01-09 19:35:45.257510,0 days 00:00:02.240780,7.0,0.25,4.5,0.3,5,12.5,7.5,0.15,0.08,3.0,10,15000000.0,30.0,2.25,300000,True,False,225,21d,2.5,0.25,1.5,0.65,0.35,any,1.75,3.0,True,COMPLETE
94,0.0009291649212352253,2026-01-09 19:35:45.260244,2026-01-09 19:35:47.473043,0 days 00:00:02.212799,7.0,0.25,4.5,0.3,5,12.5,7.5,0.15,0.08,3.0,10,15000000.0,30.0,2.5,300000,True,False,225,21d,2.5,0.25,1.5,0.65,0.35,any,1.75,3.0,True,COMPLETE
95,0.3445490403941909,2026-01-09 19:35:47.476036,2026-01-09 19:35:51.150217,0 days 00:00:03.674181,7.0,0.25,4.5,0.3,5,12.5,7.5,0.15,0.08,3.0,10,15000000.0,30.0,2.25,300000,True,False,225,21d,2.5,0.25,1.5,0.65,0.35,any,1.75,3.0,True,COMPLETE
96,0.3445490403941909,2026-01-09 19:35:51.153479,2026-01-09 19:35:53.661517,0 days 00:00:02.508038,7.0,0.25,4.5,0.3,5,12.5,7.5,0.15,0.06,3.0,10,15000000.0,30.0,2.25,300000,True,False,225,21d,2.5,0.25,1.5,0.65,0.35,any,1.75,3.0,True,COMPLETE
97,-0.07316001445252594,2026-01-09 19:35:53.664763,2026-01-09 19:35:56.025406,0 days 00:00:02.360643,7.0,0.3,4.5,0.3,5,12.5,7.5,0.15,0.08,1.5,10,15000000.0,30.0,2.25,300000,True,False,225,63d,2.5,0.25,1.5,0.65,0.35,any,1.75,3.0,False,COMPLETE
98,-0.2570397824662289,2026-01-09 19:35:56.028427,2026-01-09 19:35:58.265331,0 days 00:00:02.236904,7.0,0.25,4.5,0.3,5,17.5,7.5,0.15,0.08,3.0,10,15000000.0,40.0,1.75,300000,True,False,225,21d,2.5,0.25,1.5,0.65,0.35,any,1.75,3.0,True,COMPLETE
99,-0.04161574215039627,2026-01-09 19:35:58.268058,2026-01-09 19:36:00.644736,0 days 00:00:02.376678,7.0,0.25,4.5,0.3,5,15.0,7.5,0.15,0.08,3.0,10,15000000.0,30.0,2.25,300000,True,False,225,21d,2.5,0.25,1.5,0.6,0.35,any,1.75,3.0,True,COMPLETE
100,-0.26445147947769254,2026-01-09 19:36:00.647412,2026-01-09 19:36:03.551854,0 days 00:00:02.904442,7.0,0.25,4.5,0.3,5,12.5,7.5,0.15,0.07,2.0,5,15000000.0,60.0,2.25,300000,True,False,225,21d,3.5,0.25,1.5,0.65,0.35,any,1.75,3.0,True,COMPLETE
101,0.3445490403941909,2026-01-09 19:36:03.555189,2026-01-09 19:36:06.450907,0 days 00:00:02.895718,7.0,0.25,4.5,0.3,5,12.5,7.5,0.15,0.08,3.0,10,15000000.0,30.0,2.25,300000,True,False,225,21d,2.5,0.25,1.5,0.65,0.35,any,1.75,3.0,True,COMPLETE
102,0.3445490403941909,2026-01-09 19:36:06.455730,2026-01-09 19:36:08.545421,0 days 00:00:02.089691,7.0,0.25,4.5,0.3,5,12.5,7.5,0.15,0.08,3.0,10,15000000.0,30.0,2.25,300000,True,False,225,21d,2.5,0.25,1.5,0.65,0.35,any,1.75,3.0,True,COMPLETE
103,0.3445490403941909,2026-01-09 19:36:08.548862,2026-01-09 19:36:11.072764,0 days 00:00:02.523902,7.0,0.25,4.5,0.3,5,12.5,7.5,0.15,0.08,3.0,10,15000000.0,30.0,2.25,300000,True,False,225,21d,2.5,0.25,1.5,0.65,0.35,any,1.75,3.0,True,COMPLETE
104,0.3445490403941909,2026-01-09 19:36:11.075405,2026-01-09 19:36:13.790607,0 days 00:00:02.715202,7.0,0.25,4.5,0.3,5,12.5,7.5,0.15,0.08,3.0,10,15000000.0,30.0,2.25,300000,True,False,225,21d,2.5,0.25,1.5,0.65,0.35,any,1.75,3.0,True,COMPLETE
105,0.24936082631256495,2026-01-09 19:36:13.793916,2026-01-09 19:36:18.320113,0 days 00:00:04.526197,7.0,0.25,4.5,0.3,5,12.5,7.5,0.15,0.08,3.0,10,15000000.0,30.0,2.0,300000,True,False,225,21d,2.5,0.25,1.5,0.65,0.35,any,1.75,3.0,True,COMPLETE
106,0.34448945844985096,2026-01-09 19:36:18.322882,2026-01-09 19:36:19.269216,0 days 00:00:00.946334,7.0,0.25,4.5,0.3,5,12.5,7.5,0.15,0.08,3.0,10,15000000.0,30.0,2.25,300000,True,False,200,21d,2.5,0.25,1.5,0.65,0.35,any,1.75,3.0,True,COMPLETE
107,-0.17957374348154026,2026-01-09 19:36:19.271817,2026-01-09 19:36:20.105355,0 days 00:00:00.833538,7.0,0.25,4.5,0.3,5,20.0,7.5,0.15,0.08,3.0,10,15000000.0,30.0,1.5,300000,True,False,175,21d,2.5,0.25,1.5,0.65,0.35,any,1.75,3.0,True,COMPLETE
108,0.27556919785306705,2026-01-09 19:36:20.109081,2026-01-09 19:36:21.281402,0 days 00:00:01.172321,7.0,0.25,4.5,0.3,5,12.5,7.5,0.15,0.08,3.0,10,15000000.0,30.0,2.25,300000,True,False,225,21d,3.0,0.25,1.5,0.65,0.35,any,1.75,3.0,True,COMPLETE
109,-0.31139728791450133,2026-01-09 19:36:21.284682,2026-01-09 19:36:22.460013,0 days 00:00:01.175331,7.0,0.2,4.5,0.3,5,10.0,7.5,0.15,0.08,2.5,10,15000000.0,30.0,2.25,300000,True,False,225,21d,2.5,0.25,1.5,0.65,0.35,any,1.75,3.0,True,COMPLETE
110,0.28903918586666727,2026-01-09 19:36:22.462795,2026-01-09 19:36:25.024558,0 days 00:00:02.561763,7.0,0.25,4.5,0.3,5,12.5,7.5,0.15,0.08,3.0,15,10000000.0,50.0,2.25,300000,True,False,225,21d,2.5,0.25,1.5,0.55,0.35,any,1.75,4.0,True,COMPLETE
111,0.3445490403941909,2026-01-09 19:36:25.027862,2026-01-09 19:36:26.325543,0 days 00:00:01.297681,7.0,0.25,4.5,0.3,5,12.5,7.5,0.15,0.06,3.0,10,15000000.0,30.0,2.25,300000,True,False,225,21d,2.5,0.25,1.5,0.65,0.35,any,1.75,3.0,True,COMPLETE
112,0.3445490403941909,2026-01-09 19:36:26.327909,2026-01-09 19:36:27.460379,0 days 00:00:01.132470,7.0,0.25,4.5,0.3,5,12.5,7.5,0.15,0.06,3.0,10,15000000.0,30.0,2.25,300000,True,False,225,21d,2.5,0.25,1.5,0.65,0.35,any,1.75,3.0,True,COMPLETE
113,0.3445490403941909,2026-01-09 19:36:27.463788,2026-01-09 19:36:28.489186,0 days 00:00:01.025398,7.0,0.25,4.5,0.3,5,12.5,7.5,0.15,0.06,3.0,10,15000000.0,30.0,2.25,300000,True,False,225,21d,2.5,0.25,1.5,0.65,0.35,any,1.75,3.0,True,COMPLETE
114,0.3445490403941909,2026-01-09 19:36:28.491633,2026-01-09 19:36:29.487164,0 days 00:00:00.995531,7.0,0.25,4.5,0.3,5,12.5,7.5,0.15,0.06,3.0,10,15000000.0,30.0,2.25,300000,True,False,225,21d,2.5,0.25,1.5,0.65,0.35,any,1.75,3.0,True,COMPLETE
115,0.3704806346057032,2026-01-09 19:36:29.491042,2026-01-09 19:36:30.444726,0 days 00:00:00.953684,7.0,0.25,4.5,0.3,5,12.5,7.5,0.15,0.06,3.0,10,15000000.0,30.0,2.25,300000,True,False,225,21d,2.5,0.25,1.5,0.7,0.35,any,2.0,3.0,True,COMPLETE
116,0.30593514977738784,2026-01-09 19:36:30.447297,2026-01-09 19:36:41.837119,0 days 00:00:11.389822,7.0,0.25,4.5,0.3,5,12.5,7.5,0.15,0.06,3.0,10,15000000.0,30.0,2.25,300000,True,False,150,63d,2.5,0.25,1.5,0.7,0.4,breakout,2.0,3.5,True,COMPLETE
117,0.03325655464087896,2026-01-09 19:36:41.839825,2026-01-09 19:36:43.479675,0 days 00:00:01.639850,7.0,0.25,4.5,0.3,5,12.5,7.5,0.15,0.08,3.0,10,15000000.0,30.0,2.5,300000,True,False,225,21d,2.5,0.25,1.5,0.7,0.35,any,2.0,3.0,True,COMPLETE
118,0.08860753020736577,2026-01-09 19:36:43.482608,2026-01-09 19:36:55.050123,0 days 00:00:11.567515,7.0,0.3,4.5,0.3,5,12.5,7.5,0.15,0.08,3.0,10,15000000.0,30.0,2.25,300000,True,False,225,21d,2.5,0.25,1.5,0.7,0.35,ath,2.0,3.0,True,COMPLETE
119,0.3704806346057032,2026-01-09 19:36:55.052638,2026-01-09 19:36:55.844320,0 days 00:00:00.791682,7.0,0.25,4.5,0.3,5,12.5,7.5,0.15,0.08,3.0,10,15000000.0,40.0,2.25,300000,True,False,225,21d,2.5,0.25,1.5,0.7,0.35,any,2.0,3.0,False,COMPLETE
120,-0.09689262320568882,2026-01-09 19:36:55.846907,2026-01-09 19:36:58.005998,0 days 00:00:02.159091,7.0,0.25,4.5,0.3,5,12.5,7.5,0.15,0.08,1.5,10,15000000.0,40.0,2.25,300000,True,False,225,21d,2.5,0.25,1.5,0.7,0.35,any,2.0,3.0,False,COMPLETE
121,0.3704806346057032,2026-01-09 19:36:58.008687,2026-01-09 19:36:58.963392,0 days 00:00:00.954705,7.0,0.25,4.5,0.3,5,12.5,7.5,0.15,0.08,3.0,10,15000000.0,40.0,2.25,300000,True,False,225,21d,2.5,0.25,1.5,0.7,0.35,any,2.0,3.0,False,COMPLETE
122,0.3704806346057032,2026-01-09 19:36:58.966241,2026-01-09 19:36:59.902473,0 days 00:00:00.936232,7.0,0.25,4.5,0.3,5,12.5,7.5,0.15,0.08,3.0,10,15000000.0,40.0,2.25,300000,True,False,225,21d,2.5,0.25,1.5,0.7,0.35,any,2.0,3.0,False,COMPLETE
123,0.3704806346057032,2026-01-09 19:36:59.905151,2026-01-09 19:37:00.837856,0 days 00:00:00.932705,7.0,0.25,4.5,0.3,5,12.5,7.5,0.15,0.08,3.0,10,15000000.0,40.0,2.25,300000,True,False,225,21d,2.5,0.25,1.5,0.7,0.35,any,2.0,3.0,False,COMPLETE
124,0.3704806346057032,2026-01-09 19:37:00.840498,2026-01-09 19:37:01.509544,0 days 00:00:00.669046,7.0,0.25,4.5,0.3,5,12.5,7.5,0.15,0.08,3.0,10,15000000.0,40.0,2.25,300000,True,False,225,21d,2.5,0.25,1.5,0.7,0.35,any,2.0,3.0,False,COMPLETE
125,0.3704806346057032,2026-01-09 19:37:01.511740,2026-01-09 19:37:02.314521,0 days 00:00:00.802781,7.0,0.25,4.5,0.3,5,12.5,7.5,0.15,0.08,3.0,10,15000000.0,40.0,2.25,300000,True,False,225,21d,2.5,0.25,1.5,0.7,0.35,any,2.0,3.0,False,COMPLETE
126,-0.1269787584459962,2026-01-09 19:37:02.316626,2026-01-09 19:37:03.160633,0 days 00:00:00.844007,7.0,0.25,4.5,0.3,5,17.5,7.5,0.15,0.07,3.0,5,15000000.0,40.0,1.75,300000,True,False,225,21d,3.5,0.25,1.5,0.7,0.35,any,2.0,3.0,False,COMPLETE
127,-0.2798911988919878,2026-01-09 19:37:03.163581,2026-01-09 19:37:04.206302,0 days 00:00:01.042721,7.0,0.25,4.5,0.3,5,12.5,7.5,0.15,0.08,2.0,10,15000000.0,40.0,2.25,300000,True,False,200,21d,2.5,0.25,1.5,0.7,0.35,any,2.0,3.0,False,COMPLETE
128,0.07005774154688471,2026-01-09 19:37:04.211015,2026-01-09 19:37:05.137034,0 days 00:00:00.926019,7.0,0.25,5.5,0.3,5,15.0,7.5,0.15,0.08,3.0,10,15000000.0,40.0,2.0,300000,True,False,225,21d,2.5,0.25,1.5,0.7,0.35,any,2.0,3.0,False,COMPLETE
129,0.37324134568279843,2026-01-09 19:37:05.141521,2026-01-09 19:37:06.893611,0 days 00:00:01.752090,7.0,0.25,4.5,0.3,5,12.5,7.5,0.15,0.08,3.0,10,15000000.0,40.0,2.25,300000,True,False,175,21d,2.5,0.25,1.5,0.7,0.35,any,2.0,3.0,False,COMPLETE
130,0.26820028963127013,2026-01-09 19:37:06.896439,2026-01-09 19:37:07.718430,0 days 00:00:00.821991,7.0,0.25,4.5,0.3,5,12.5,12.5,0.15,0.08,3.0,10,10000000.0,40.0,2.25,300000,True,False,150,21d,3.0,0.25,1.5,0.7,0.35,any,2.0,3.0,False,COMPLETE
131,0.37324134568279843,2026-01-09 19:37:07.720966,2026-01-09 19:37:08.583498,0 days 00:00:00.862532,7.0,0.25,4.5,0.3,5,12.5,7.5,0.15,0.08,3.0,10,15000000.0,40.0,2.25,300000,True,False,175,21d,2.5,0.25,1.5,0.7,0.35,any,2.0,3.0,False,COMPLETE
132,0.37324134568279843,2026-01-09 19:37:08.586238,2026-01-09 19:37:09.373022,0 days 00:00:00.786784,7.0,0.25,4.5,0.3,5,12.5,7.5,0.15,0.08,3.0,10,15000000.0,40.0,2.25,300000,True,False,175,21d,2.5,0.25,1.5,0.7,0.35,any,2.0,3.0,False,COMPLETE
133,0.37324134568279843,2026-01-09 19:37:09.377433,2026-01-09 19:37:10.114710,0 days 00:00:00.737277,7.0,0.25,4.5,0.3,5,12.5,7.5,0.15,0.08,3.0,10,15000000.0,40.0,2.25,300000,True,False,175,21d,2.5,0.25,1.5,0.7,0.35,any,2.0,3.0,False,COMPLETE
134,0.37324134568279843,2026-01-09 19:37:10.118281,2026-01-09 19:37:10.964641,0 days 00:00:00.846360,7.0,0.25,4.5,0.3,5,12.5,7.5,0.15,0.08,3.0,10,15000000.0,40.0,2.25,300000,True,False,175,21d,2.5,0.25,1.5,0.7,0.35,any,2.0,3.0,False,COMPLETE
135,0.37324134568279843,2026-01-09 19:37:10.967203,2026-01-09 19:37:11.736050,0 days 00:00:00.768847,7.0,0.25,4.5,0.3,5,12.5,7.5,0.15,0.08,3.0,10,15000000.0,40.0,2.25,300000,True,False,175,21d,2.5,0.25,1.5,0.7,0.35,any,2.0,3.0,False,COMPLETE
136,0.07205041559935316,2026-01-09 19:37:11.738602,2026-01-09 19:37:23.078692,0 days 00:00:11.340090,7.0,0.25,4.5,0.3,5,12.5,7.5,0.15,0.08,3.0,10,15000000.0,40.0,1.5,300000,True,False,175,21d,2.5,0.25,1.5,0.7,0.35,breakout,2.0,3.0,False,COMPLETE
137,-0.16472716522902595,2026-01-09 19:37:23.081595,2026-01-09 19:37:24.521094,0 days 00:00:01.439499,7.0,0.25,4.5,0.3,5,20.0,7.5,0.25,0.06,2.5,10,15000000.0,40.0,2.25,300000,True,False,175,21d,2.5,0.25,1.5,0.7,0.35,any,2.0,4.0,False,COMPLETE
138,0.08860439626435615,2026-01-09 19:37:24.523495,2026-01-09 19:37:37.807274,0 days 00:00:13.283779,7.0,0.2,4.5,0.3,5,12.5,7.5,0.15,0.08,3.0,15,15000000.0,40.0,2.25,300000,True,False,175,63d,2.5,0.25,1.5,0.7,0.4,ath,2.0,3.0,False,COMPLETE
139,-999.0,2026-01-09 19:37:37.809980,2026-01-09 19:37:38.731570,0 days 00:00:00.921590,6.5,0.25,4.5,0.3,5,10.0,7.5,0.15,0.08,3.0,10,15000000.0,40.0,2.25,300000,True,False,175,21d,2.5,0.25,1.5,0.7,0.35,any,2.0,3.5,False,COMPLETE
140,0.325069426210528,2026-01-09 19:37:38.734158,2026-01-09 19:37:39.495904,0 days 00:00:00.761746,7.0,0.25,4.5,0.3,5,12.5,7.5,0.15,0.08,3.0,10,15000000.0,40.0,2.25,300000,True,False,175,21d,2.5,0.35,1.5,0.7,0.35,any,2.0,3.0,False,COMPLETE
141,0.37324134568279843,2026-01-09 19:37:39.498588,2026-01-09 19:37:40.200043,0 days 00:00:00.701455,7.0,0.25,4.5,0.3,5,12.5,15.0,0.15,0.08,3.0,10,15000000.0,40.0,2.25,300000,True,False,175,21d,2.5,0.25,1.5,0.7,0.35,any,2.0,3.0,False,COMPLETE
142,0.37324134568279843,2026-01-09 19:37:40.202704,2026-01-09 19:37:41.114736,0 days 00:00:00.912032,7.0,0.25,4.5,0.3,5,12.5,15.0,0.15,0.08,3.0,10,15000000.0,40.0,2.25,300000,True,False,175,21d,2.5,0.25,1.5,0.7,0.35,any,2.0,3.0,False,COMPLETE
143,0.37324134568279843,2026-01-09 19:37:41.117338,2026-01-09 19:37:41.926274,0 days 00:00:00.808936,7.0,0.25,4.5,0.3,5,12.5,15.0,0.15,0.08,3.0,10,15000000.0,40.0,2.25,300000,True,False,175,21d,2.5,0.25,1.5,0.7,0.35,any,2.0,3.0,False,COMPLETE
144,0.37324134568279843,2026-01-09 19:37:41.929173,2026-01-09 19:37:42.683709,0 days 00:00:00.754536,7.0,0.25,4.5,0.3,5,12.5,15.0,0.15,0.08,3.0,10,15000000.0,40.0,2.25,300000,True,False,175,21d,2.5,0.25,1.5,0.7,0.35,any,2.0,3.0,False,COMPLETE
145,0.37324134568279843,2026-01-09 19:37:42.686237,2026-01-09 19:37:43.451744,0 days 00:00:00.765507,7.0,0.25,4.5,0.4,5,12.5,15.0,0.15,0.08,3.0,10,15000000.0,40.0,2.25,300000,True,False,175,21d,2.5,0.25,1.5,0.7,0.35,any,2.0,3.0,False,COMPLETE
146,0.37324134568279843,2026-01-09 19:37:43.454684,2026-01-09 19:37:44.361621,0 days 00:00:00.906937,7.0,0.25,4.5,0.4,5,12.5,15.0,0.15,0.08,3.0,10,15000000.0,40.0,2.25,300000,True,False,175,21d,2.5,0.25,1.5,0.7,0.35,any,2.0,3.0,False,COMPLETE
147,0.37324134568279843,2026-01-09 19:37:44.364040,2026-01-09 19:37:45.223095,0 days 00:00:00.859055,7.0,0.3,5.5,0.4,5,12.5,15.0,0.15,0.08,3.0,10,15000000.0,40.0,2.25,300000,True,False,175,21d,2.5,0.25,1.5,0.7,0.35,any,2.0,3.0,False,COMPLETE
148,0.03324550735842278,2026-01-09 19:37:45.225658,2026-01-09 19:37:46.099868,0 days 00:00:00.874210,7.0,0.3,5.5,0.4,5,12.5,15.0,0.15,0.08,3.0,10,15000000.0,40.0,2.5,300000,True,False,175,21d,2.5,0.25,1.5,0.7,0.35,any,2.0,3.0,False,COMPLETE
149,0.37324134568279843,2026-01-09 19:37:46.102385,2026-01-09 19:37:46.994093,0 days 00:00:00.891708,7.0,0.3,5.5,0.4,5,12.5,15.0,0.15,0.08,3.0,10,15000000.0,40.0,2.25,300000,True,False,175,21d,2.5,0.25,1.5,0.7,0.35,any,2.0,3.0,False,COMPLETE
150,-0.0860819273537427,2026-01-09 19:37:46.996505,2026-01-09 19:37:47.915583,0 days 00:00:00.919078,7.0,0.3,5.5,0.4,5,12.5,15.0,0.15,0.08,1.5,5,15000000.0,40.0,2.25,300000,True,False,175,21d,3.5,0.25,1.5,0.7,0.35,any,2.0,3.0,False,COMPLETE
151,0.37324134568279843,2026-01-09 19:37:47.918168,2026-01-09 19:37:48.848502,0 days 00:00:00.930334,7.0,0.3,5.5,0.4,5,12.5,15.0,0.15,0.08,3.0,10,15000000.0,40.0,2.25,300000,True,False,175,21d,2.5,0.25,1.5,0.7,0.35,any,2.0,3.0,False,COMPLETE
152,0.37324134568279843,2026-01-09 19:37:48.851442,2026-01-09 19:37:49.814645,0 days 00:00:00.963203,7.0,0.3,5.5,0.4,5,12.5,15.0,0.15,0.08,3.0,10,15000000.0,40.0,2.25,300000,True,False,175,21d,2.5,0.25,1.5,0.7,0.35,any,2.0,3.0,False,COMPLETE
153,0.37324134568279843,2026-01-09 19:37:49.817364,2026-01-09 19:37:51.982028,0 days 00:00:02.164664,7.0,0.3,5.5,0.4,5,12.5,15.0,0.15,0.08,3.0,10,15000000.0,40.0,2.25,300000,True,False,175,21d,2.5,0.25,1.5,0.7,0.35,any,2.0,3.0,False,COMPLETE
154,0.37324134568279843,2026-01-09 19:37:51.984483,2026-01-09 19:37:52.965443,0 days 00:00:00.980960,7.0,0.3,5.5,0.4,5,12.5,15.0,0.15,0.08,3.0,10,15000000.0,40.0,2.25,300000,True,False,175,21d,2.5,0.25,1.5,0.7,0.35,any,2.0,3.0,False,COMPLETE
155,0.37324134568279843,2026-01-09 19:37:52.967999,2026-01-09 19:37:53.886427,0 days 00:00:00.918428,7.0,0.3,5.5,0.4,5,12.5,15.0,0.15,0.08,3.0,10,15000000.0,40.0,2.25,300000,True,False,175,21d,2.5,0.25,1.5,0.7,0.35,any,2.0,3.0,False,COMPLETE
156,0.37324134568279843,2026-01-09 19:37:53.888990,2026-01-09 19:37:54.767365,0 days 00:00:00.878375,7.0,0.3,5.5,0.4,5,12.5,15.0,0.15,0.08,3.0,10,15000000.0,40.0,2.25,300000,True,False,175,21d,2.5,0.25,1.5,0.7,0.35,any,2.0,3.0,False,COMPLETE
157,0.37324134568279843,2026-01-09 19:37:54.770343,2026-01-09 19:37:55.496436,0 days 00:00:00.726093,7.0,0.3,5.5,0.4,5,12.5,15.0,0.25,0.08,3.0,10,15000000.0,40.0,2.25,300000,True,False,175,21d,2.5,0.25,1.5,0.7,0.35,any,2.0,3.0,False,COMPLETE
158,-0.32522188557281,2026-01-09 19:37:55.499043,2026-01-09 19:37:56.176955,0 days 00:00:00.677912,7.0,0.3,5.5,0.4,5,17.5,15.0,0.15,0.08,2.0,10,15000000.0,40.0,1.75,300000,True,False,175,21d,2.5,0.25,1.5,0.7,0.35,any,2.0,3.0,False,COMPLETE
159,0.37324134568279843,2026-01-09 19:37:56.179798,2026-01-09 19:37:56.844754,0 days 00:00:00.664956,7.0,0.3,5.5,0.4,5,12.5,15.0,0.15,0.08,3.0,10,10000000.0,40.0,2.25,300000,True,False,175,21d,2.5,0.25,1.5,0.7,0.4,any,2.0,3.0,False,COMPLETE
160,0.14018061632416284,2026-01-09 19:37:56.847282,2026-01-09 19:38:09.816389,0 days 00:00:12.969107,6.5,0.3,5.5,0.4,5,15.0,15.0,0.15,0.07,3.0,10,15000000.0,40.0,2.0,300000,True,False,175,21d,2.5,0.35,1.5,0.7,0.35,breakout,2.0,3.0,False,COMPLETE
161,0.37324134568279843,2026-01-09 19:38:09.818941,2026-01-09 19:38:10.906861,0 days 00:00:01.087920,7.0,0.3,5.5,0.4,5,12.5,15.0,0.15,0.08,3.0,10,15000000.0,40.0,2.25,300000,True,False,175,21d,2.5,0.25,1.5,0.7,0.35,any,2.0,3.0,False,COMPLETE
162,0.37324134568279843,2026-01-09 19:38:10.909549,2026-01-09 19:38:11.925883,0 days 00:00:01.016334,7.0,0.3,5.5,0.4,5,12.5,15.0,0.15,0.08,3.0,10,15000000.0,40.0,2.25,300000,True,False,175,21d,2.5,0.25,1.5,0.7,0.35,any,2.0,3.0,False,COMPLETE
163,0.37324134568279843,2026-01-09 19:38:11.928764,2026-01-09 19:38:12.947209,0 days 00:00:01.018445,7.0,0.3,5.5,0.4,5,12.5,15.0,0.15,0.08,3.0,10,15000000.0,40.0,2.25,300000,True,False,175,21d,2.5,0.25,1.5,0.7,0.35,any,2.0,3.0,False,COMPLETE
164,0.37324134568279843,2026-01-09 19:38:12.949849,2026-01-09 19:38:13.708180,0 days 00:00:00.758331,7.0,0.3,5.5,0.4,5,12.5,15.0,0.15,0.08,3.0,10,15000000.0,40.0,2.25,300000,True,False,175,21d,2.5,0.25,1.5,0.7,0.35,any,2.0,3.0,False,COMPLETE
165,0.37324134568279843,2026-01-09 19:38:13.711392,2026-01-09 19:38:15.408204,0 days 00:00:01.696812,7.0,0.3,5.5,0.4,5,12.5,15.0,0.15,0.08,3.0,10,15000000.0,40.0,2.25,300000,True,False,175,21d,2.5,0.25,1.5,0.7,0.35,any,2.0,3.0,False,COMPLETE
166,0.282388799464135,2026-01-09 19:38:15.410824,2026-01-09 19:38:16.221315,0 days 00:00:00.810491,7.0,0.3,5.5,0.4,5,12.5,15.0,0.15,0.08,3.0,10,15000000.0,40.0,2.25,300000,True,False,175,21d,3.0,0.25,1.5,0.7,0.35,any,2.0,3.0,False,COMPLETE
167,0.08860439626435615,2026-01-09 19:38:16.223841,2026-01-09 19:38:27.282819,0 days 00:00:11.058978,7.0,0.3,5.5,0.4,5,12.5,15.0,0.15,0.08,3.0,10,15000000.0,40.0,2.25,300000,True,False,175,63d,2.5,0.25,1.5,0.7,0.35,ath,2.0,3.0,False,COMPLETE
168,0.3175324100507025,2026-01-09 19:38:27.285367,2026-01-09 19:38:28.204671,0 days 00:00:00.919304,7.0,0.3,5.5,0.4,5,12.5,15.0,0.15,0.08,3.0,10,15000000.0,40.0,2.25,300000,True,False,175,21d,2.5,0.25,1.5,0.7,0.35,any,2.0,4.0,False,COMPLETE
169,-0.06529169298016836,2026-01-09 19:38:28.207241,2026-01-09 19:38:29.101989,0 days 00:00:00.894748,7.0,0.3,5.5,0.4,5,20.0,15.0,0.15,0.08,2.5,15,15000000.0,40.0,1.5,300000,True,False,175,21d,2.5,0.25,1.5,0.7,0.35,any,1.25,3.0,False,COMPLETE
170,0.31370595129619483,2026-01-09 19:38:29.104480,2026-01-09 19:38:29.804622,0 days 00:00:00.700142,7.0,0.3,5.5,0.4,5,12.5,15.0,0.15,0.08,3.0,10,15000000.0,40.0,2.25,300000,True,False,175,21d,2.5,0.25,2.0,0.7,0.35,any,2.0,3.5,False,COMPLETE
171,0.37324134568279843,2026-01-09 19:38:29.807049,2026-01-09 19:38:30.576380,0 days 00:00:00.769331,7.0,0.3,5.5,0.4,5,12.5,15.0,0.15,0.08,3.0,10,15000000.0,40.0,2.25,300000,True,False,175,21d,2.5,0.25,1.5,0.7,0.35,any,2.0,3.0,False,COMPLETE
172,0.37324134568279843,2026-01-09 19:38:30.578726,2026-01-09 19:38:31.232770,0 days 00:00:00.654044,7.0,0.3,5.5,0.4,5,12.5,15.0,0.15,0.08,3.0,10,15000000.0,40.0,2.25,300000,True,False,175,21d,2.5,0.25,1.5,0.7,0.35,any,2.0,3.0,False,COMPLETE
173,0.37324134568279843,2026-01-09 19:38:31.236221,2026-01-09 19:38:32.517167,0 days 00:00:01.280946,7.0,0.3,5.5,0.4,5,12.5,15.0,0.15,0.08,3.0,10,15000000.0,40.0,2.25,300000,True,False,175,21d,2.5,0.25,1.5,0.7,0.35,any,2.0,3.0,False,COMPLETE
174,0.37324134568279843,2026-01-09 19:38:32.519943,2026-01-09 19:38:33.466020,0 days 00:00:00.946077,7.0,0.3,5.5,0.4,5,12.5,15.0,0.15,0.08,3.0,10,15000000.0,40.0,2.25,300000,True,False,175,21d,2.5,0.25,1.5,0.7,0.35,any,2.0,3.0,False,COMPLETE
175,0.37324134568279843,2026-01-09 19:38:33.468709,2026-01-09 19:38:34.385836,0 days 00:00:00.917127,7.0,0.3,5.5,0.4,5,12.5,15.0,0.15,0.08,3.0,10,15000000.0,40.0,2.25,300000,True,False,175,21d,2.5,0.25,1.5,0.7,0.35,any,2.0,3.0,False,COMPLETE
176,0.37324134568279843,2026-01-09 19:38:34.388761,2026-01-09 19:38:35.895047,0 days 00:00:01.506286,7.0,0.3,4.5,0.4,5,12.5,15.0,0.15,0.08,3.0,10,15000000.0,40.0,2.25,300000,True,False,175,21d,2.5,0.25,1.5,0.7,0.35,any,2.0,3.0,False,COMPLETE
177,0.37324134568279843,2026-01-09 19:38:35.897875,2026-01-09 19:38:36.626929,0 days 00:00:00.729054,7.0,0.3,5.5,0.4,5,12.5,15.0,0.15,0.08,3.0,10,15000000.0,40.0,2.25,300000,True,False,175,21d,2.5,0.25,1.5,0.7,0.35,any,2.0,3.0,False,COMPLETE
178,-999.0,2026-01-09 19:38:36.629477,2026-01-09 19:38:37.327571,0 days 00:00:00.698094,7.0,0.3,4.5,0.4,5,10.0,15.0,0.15,0.08,3.0,10,15000000.0,40.0,2.25,300000,True,False,175,21d,2.5,0.25,1.5,0.7,0.35,any,2.0,3.0,False,COMPLETE
179,0.37324134568279843,2026-01-09 19:38:37.330269,2026-01-09 19:38:39.586184,0 days 00:00:02.255915,7.0,0.2,4.5,0.4,5,12.5,15.0,0.15,0.08,3.0,10,15000000.0,40.0,2.25,200000,True,False,175,21d,2.5,0.25,1.5,0.7,0.35,any,2.0,3.0,False,COMPLETE
180,0.37324134568279843,2026-01-09 19:38:39.588478,2026-01-09 19:38:40.269389,0 days 00:00:00.680911,7.0,0.3,4.5,0.4,5,12.5,15.0,0.15,0.08,3.0,10,15000000.0,40.0,2.25,300000,True,False,175,21d,2.5,0.25,1.5,0.7,0.35,any,2.0,3.0,False,COMPLETE
181,0.37324134568279843,2026-01-09 19:38:40.271963,2026-01-09 19:38:40.947598,0 days 00:00:00.675635,7.0,0.3,5.5,0.4,5,12.5,15.0,0.15,0.08,3.0,10,15000000.0,40.0,2.25,300000,True,False,175,21d,2.5,0.25,1.5,0.7,0.35,any,2.0,3.0,False,COMPLETE
182,0.37324134568279843,2026-01-09 19:38:40.950264,2026-01-09 19:38:41.633961,0 days 00:00:00.683697,7.0,0.3,5.5,0.4,5,12.5,15.0,0.15,0.08,3.0,10,15000000.0,40.0,2.25,300000,True,False,175,21d,2.5,0.25,1.5,0.7,0.35,any,2.0,3.0,False,COMPLETE
183,0.37324134568279843,2026-01-09 19:38:41.636707,2026-01-09 19:38:42.503201,0 days 00:00:00.866494,7.0,0.3,5.5,0.4,5,12.5,15.0,0.15,0.08,3.0,10,15000000.0,40.0,2.25,300000,True,False,175,21d,2.5,0.25,1.5,0.7,0.35,any,2.0,3.0,False,COMPLETE
184,0.37324134568279843,2026-01-09 19:38:42.505623,2026-01-09 19:38:43.455526,0 days 00:00:00.949903,7.0,0.3,5.5,0.4,5,12.5,15.0,0.15,0.08,3.0,10,15000000.0,40.0,2.25,300000,True,False,175,21d,2.5,0.25,1.5,0.7,0.35,any,2.0,3.0,False,COMPLETE
185,0.37324134568279843,2026-01-09 19:38:43.458092,2026-01-09 19:38:44.422503,0 days 00:00:00.964411,7.0,0.3,5.5,0.4,5,12.5,15.0,0.15,0.08,3.0,10,15000000.0,40.0,2.25,300000,True,False,175,21d,2.5,0.25,1.5,0.7,0.35,any,2.0,3.0,False,COMPLETE
186,0.03324550735842278,2026-01-09 19:38:44.425032,2026-01-09 19:38:45.267828,0 days 00:00:00.842796,7.0,0.3,4.5,0.4,5,12.5,15.0,0.25,0.08,3.0,10,15000000.0,40.0,2.5,300000,True,False,175,21d,2.5,0.25,1.5,0.7,0.35,any,2.0,3.0,False,COMPLETE
187,0.37324134568279843,2026-01-09 19:38:45.270263,2026-01-09 19:38:46.158438,0 days 00:00:00.888175,7.0,0.25,4.5,0.4,5,12.5,15.0,0.15,0.08,3.0,5,15000000.0,40.0,2.25,300000,True,False,175,21d,2.5,0.25,1.5,0.7,0.35,any,2.0,3.0,False,COMPLETE
188,-0.1062643393808579,2026-01-09 19:38:46.161040,2026-01-09 19:38:47.155507,0 days 00:00:00.994467,7.0,0.25,5.5,0.4,5,12.5,15.0,0.15,0.08,1.5,10,15000000.0,40.0,2.25,300000,True,False,175,21d,2.5,0.25,1.5,0.7,0.35,any,2.0,3.0,False,COMPLETE
189,0.26257398052514436,2026-01-09 19:38:47.157927,2026-01-09 19:38:48.088218,0 days 00:00:00.930291,6.5,0.3,4.5,0.4,5,12.5,15.0,0.15,0.08,3.0,10,10000000.0,40.0,2.25,300000,True,False,175,21d,3.5,0.35,1.5,0.7,0.3,any,2.0,3.0,False,COMPLETE
190,0.3523758216317183,2026-01-09 19:38:48.090792,2026-01-09 19:38:49.037875,0 days 00:00:00.947083,7.0,0.25,4.5,0.4,5,12.5,12.5,0.15,0.08,3.0,10,15000000.0,40.0,2.25,300000,True,False,175,21d,2.5,0.25,1.5,0.6,0.35,any,2.0,3.0,False,COMPLETE
191,0.37324134568279843,2026-01-09 19:38:49.040520,2026-01-09 19:38:50.196835,0 days 00:00:01.156315,7.0,0.3,5.5,0.4,5,12.5,15.0,0.15,0.08,3.0,10,15000000.0,40.0,2.25,300000,True,False,175,21d,2.5,0.25,1.5,0.7,0.35,any,2.0,3.0,False,COMPLETE
192,0.37324134568279843,2026-01-09 19:38:50.200482,2026-01-09 19:38:51.308907,0 days 00:00:01.108425,7.0,0.3,5.5,0.4,5,12.5,15.0,0.15,0.08,3.0,10,15000000.0,40.0,2.25,300000,True,False,175,21d,2.5,0.25,1.5,0.7,0.35,any,2.0,3.0,False,COMPLETE
193,0.37324134568279843,2026-01-09 19:38:51.311978,2026-01-09 19:38:53.923350,0 days 00:00:02.611372,7.0,0.3,5.5,0.4,5,12.5,15.0,0.15,0.08,3.0,10,15000000.0,40.0,2.25,300000,True,False,175,21d,2.5,0.25,1.5,0.7,0.35,any,2.0,3.0,False,COMPLETE
194,0.3140861377041383,2026-01-09 19:38:53.926362,2026-01-09 19:38:55.163972,0 days 00:00:01.237610,7.0,0.3,5.5,0.4,5,12.5,15.0,0.15,0.08,3.0,10,15000000.0,40.0,2.25,300000,True,False,175,21d,2.5,0.25,1.5,0.7,0.35,any,1.25,3.0,False,COMPLETE
195,0.37324134568279843,2026-01-09 19:38:55.166478,2026-01-09 19:38:56.123824,0 days 00:00:00.957346,7.0,0.3,5.5,0.3,5,12.5,15.0,0.15,0.07,3.0,10,15000000.0,40.0,2.25,300000,True,False,175,21d,2.5,0.25,1.5,0.7,0.35,any,2.0,3.0,False,COMPLETE
196,-0.20739093723275495,2026-01-09 19:38:56.126956,2026-01-09 19:38:57.074957,0 days 00:00:00.948001,7.0,0.25,4.5,0.4,5,17.5,15.0,0.15,0.08,2.0,10,15000000.0,40.0,2.25,300000,True,False,175,21d,2.5,0.25,1.5,0.7,0.4,any,2.0,3.0,False,COMPLETE
197,0.37324134568279843,2026-01-09 19:38:57.077485,2026-01-09 19:38:57.803171,0 days 00:00:00.725686,7.0,0.3,5.5,0.3,5,12.5,15.0,0.15,0.08,3.0,10,15000000.0,60.0,2.25,300000,True,False,175,63d,2.5,0.25,1.5,0.7,0.35,any,2.0,3.0,False,COMPLETE
198,0.25335042969638655,2026-01-09 19:38:57.805619,2026-01-09 19:39:09.307717,0 days 00:00:11.502098,7.0,0.25,4.5,0.4,5,12.5,15.0,0.15,0.08,3.0,10,15000000.0,40.0,1.75,300000,True,False,175,21d,3.0,0.25,1.5,0.7,0.35,ath,2.0,3.0,False,COMPLETE
199,0.37324134568279843,2026-01-09 19:39:09.310394,2026-01-09 19:39:23.247456,0 days 00:00:13.937062,7.0,0.25,5.5,0.3,5,12.5,15.0,0.15,0.08,3.0,10,15000000.0,40.0,2.25,300000,True,False,175,21d,2.5,0.25,2.0,0.7,0.35,breakout,2.0,3.0,False,COMPLETE
200,0.0901722934964279,2026-01-09 19:39:23.250636,2026-01-09 19:39:24.113717,0 days 00:00:00.863081,7.0,0.2,4.5,0.4,5,15.0,15.0,0.15,0.08,3.0,15,15000000.0,40.0,2.0,300000,True,False,175,21d,2.5,0.25,1.5,0.7,0.35,any,2.0,4.0,False,COMPLETE
201,0.37324134568279843,2026-01-09 19:39:24.116748,2026-01-09 19:39:24.803342,0 days 00:00:00.686594,7.0,0.3,5.5,0.4,5,12.5,15.0,0.25,0.08,3.0,10,15000000.0,40.0,2.25,300000,True,False,175,21d,2.5,0.25,1.5,0.7,0.35,any,2.0,3.0,False,COMPLETE
202,0.37324134568279843,2026-01-09 19:39:24.808668,2026-01-09 19:39:25.870944,0 days 00:00:01.062276,7.0,0.3,5.5,0.4,5,12.5,15.0,0.25,0.08,3.0,10,15000000.0,40.0,2.25,300000,True,False,175,21d,2.5,0.25,1.5,0.7,0.35,any,2.0,3.0,False,COMPLETE
203,0.37324134568279843,2026-01-09 19:39:25.873529,2026-01-09 19:39:27.182032,0 days 00:00:01.308503,7.0,0.3,5.5,0.4,5,12.5,15.0,0.25,0.08,3.0,10,15000000.0,40.0,2.25,300000,True,False,175,21d,2.5,0.25,1.5,0.7,0.35,any,2.0,3.0,False,COMPLETE
204,0.33933234060417977,2026-01-09 19:39:27.184640,2026-01-09 19:39:28.202786,0 days 00:00:01.018146,7.0,0.3,5.5,0.4,5,12.5,15.0,0.25,0.08,3.0,10,15000000.0,40.0,2.25,300000,True,False,175,21d,2.5,0.25,1.5,0.55,0.35,any,2.0,3.0,False,COMPLETE
205,0.37324134568279843,2026-01-09 19:39:28.205518,2026-01-09 19:39:29.396520,0 days 00:00:01.191002,7.0,0.3,5.5,0.3,5,12.5,15.0,0.25,0.08,3.0,10,15000000.0,40.0,2.25,300000,True,False,175,21d,2.5,0.25,1.5,0.7,0.35,any,2.0,3.0,False,COMPLETE
206,0.37324134568279843,2026-01-09 19:39:29.399942,2026-01-09 19:39:30.533093,0 days 00:00:01.133151,7.0,0.3,4.5,0.4,5,12.5,15.0,0.15,0.08,3.0,10,15000000.0,50.0,2.25,300000,True,False,175,21d,2.5,0.25,1.5,0.7,0.35,any,2.0,3.0,False,COMPLETE
207,-0.0157393611339095,2026-01-09 19:39:30.535804,2026-01-09 19:39:31.648878,0 days 00:00:01.113074,7.0,0.25,5.5,0.3,5,12.5,15.0,0.15,0.08,2.5,10,15000000.0,40.0,2.25,300000,True,False,175,21d,2.5,0.25,1.5,0.7,0.35,any,2.0,3.5,False,COMPLETE
208,0.37324134568279843,2026-01-09 19:39:31.651699,2026-01-09 19:39:32.547156,0 days 00:00:00.895457,7.0,0.25,4.5,0.4,5,12.5,15.0,0.15,0.08,3.0,10,15000000.0,40.0,2.25,300000,True,False,175,21d,2.5,0.25,1.5,0.7,0.35,any,2.0,3.0,False,COMPLETE
209,-0.011799984733329487,2026-01-09 19:39:32.549852,2026-01-09 19:39:33.447668,0 days 00:00:00.897816,7.0,0.3,4.5,0.3,5,20.0,15.0,0.15,0.08,3.0,10,15000000.0,40.0,1.5,200000,True,False,175,21d,2.5,0.25,1.5,0.7,0.35,any,2.0,3.0,False,COMPLETE
210,0.37324134568279843,2026-01-09 19:39:33.450302,2026-01-09 19:39:34.344994,0 days 00:00:00.894692,7.0,0.25,5.5,0.4,5,12.5,15.0,0.15,0.08,3.0,10,15000000.0,40.0,2.25,300000,True,False,175,21d,2.5,0.25,1.5,0.7,0.35,any,2.0,3.0,False,COMPLETE
211,0.37324134568279843,2026-01-09 19:39:34.347499,2026-01-09 19:39:35.250374,0 days 00:00:00.902875,7.0,0.3,5.5,0.4,5,12.5,15.0,0.15,0.08,3.0,10,10000000.0,40.0,2.25,300000,True,False,175,21d,2.5,0.25,1.5,0.7,0.4,any,2.0,3.0,False,COMPLETE
212,0.37324134568279843,2026-01-09 19:39:35.252954,2026-01-09 19:39:36.198328,0 days 00:00:00.945374,7.0,0.3,5.5,0.4,5,12.5,15.0,0.15,0.08,3.0,10,10000000.0,40.0,2.25,300000,True,False,175,21d,2.5,0.25,1.5,0.7,0.4,any,2.0,3.0,False,COMPLETE
213,0.37324134568279843,2026-01-09 19:39:36.201748,2026-01-09 19:39:37.163317,0 days 00:00:00.961569,7.0,0.3,5.5,0.4,5,12.5,15.0,0.15,0.08,3.0,10,10000000.0,40.0,2.25,300000,True,False,175,21d,2.5,0.25,1.5,0.7,0.4,any,2.0,3.0,False,COMPLETE
214,0.37324134568279843,2026-01-09 19:39:37.165818,2026-01-09 19:39:38.130550,0 days 00:00:00.964732,7.0,0.3,5.5,0.4,5,12.5,12.5,0.15,0.08,3.0,10,10000000.0,40.0,2.25,300000,True,False,175,21d,2.5,0.25,1.5,0.7,0.4,any,2.0,3.0,False,COMPLETE
215,0.37324134568279843,2026-01-09 19:39:38.134157,2026-01-09 19:39:39.089518,0 days 00:00:00.955361,7.0,0.3,5.5,0.3,5,12.5,15.0,0.15,0.08,3.0,10,10000000.0,40.0,2.25,300000,True,False,175,21d,2.5,0.25,1.5,0.7,0.4,any,2.0,3.0,False,COMPLETE
216,0.37324134568279843,2026-01-09 19:39:39.092547,2026-01-09 19:39:40.106498,0 days 00:00:01.013951,7.0,0.3,4.5,0.4,5,12.5,15.0,0.15,0.08,3.0,10,10000000.0,40.0,2.25,300000,True,False,175,21d,2.5,0.25,1.5,0.7,0.5,any,2.0,3.0,False,COMPLETE
217,-999.0,2026-01-09 19:39:40.109374,2026-01-09 19:39:41.204379,0 days 00:00:01.095005,7.0,0.25,4.5,0.3,5,10.0,15.0,0.15,0.08,3.0,10,15000000.0,40.0,2.25,300000,True,False,175,21d,2.5,0.25,1.5,0.7,0.35,any,2.0,3.0,False,COMPLETE
218,0.37324134568279843,2026-01-09 19:39:41.207287,2026-01-09 19:39:42.378167,0 days 00:00:01.170880,7.0,0.25,5.5,0.4,5,12.5,15.0,0.15,0.08,3.0,10,15000000.0,40.0,2.25,300000,True,False,175,21d,2.5,0.25,1.5,0.7,0.35,any,2.0,3.0,False,COMPLETE
219,0.37324134568279843,2026-01-09 19:39:42.380899,2026-01-09 19:39:46.967683,0 days 00:00:04.586784,7.0,0.3,4.5,0.3,5,12.5,15.0,0.15,0.08,3.0,10,15000000.0,40.0,2.25,300000,True,False,175,21d,2.5,0.25,1.5,0.7,0.35,any,2.0,3.0,False,COMPLETE
220,0.3523758216317183,2026-01-09 19:39:46.971023,2026-01-09 19:39:48.189364,0 days 00:00:01.218341,6.5,0.25,5.5,0.4,5,12.5,15.0,0.25,0.08,3.0,5,15000000.0,40.0,2.25,300000,True,False,175,21d,2.5,0.25,1.5,0.6,0.35,any,2.0,3.0,False,COMPLETE
221,0.37324134568279843,2026-01-09 19:39:48.192332,2026-01-09 19:39:49.555047,0 days 00:00:01.362715,7.0,0.3,5.5,0.4,5,12.5,15.0,0.15,0.08,3.0,10,15000000.0,40.0,2.25,300000,True,False,175,21d,2.5,0.25,1.5,0.7,0.35,any,2.0,3.0,False,COMPLETE
222,0.37324134568279843,2026-01-09 19:39:49.557718,2026-01-09 19:39:50.502339,0 days 00:00:00.944621,7.0,0.3,5.5,0.4,5,12.5,15.0,0.15,0.08,3.0,10,15000000.0,40.0,2.25,300000,True,False,175,21d,2.5,0.25,1.5,0.7,0.35,any,2.0,3.0,False,COMPLETE
223,0.37324134568279843,2026-01-09 19:39:50.504943,2026-01-09 19:39:51.584610,0 days 00:00:01.079667,7.0,0.3,5.5,0.4,5,12.5,15.0,0.15,0.08,3.0,10,15000000.0,40.0,2.25,300000,True,False,175,21d,2.5,0.25,1.5,0.7,0.35,any,2.0,3.0,False,COMPLETE
224,0.325069426210528,2026-01-09 19:39:51.587214,2026-01-09 19:39:52.658588,0 days 00:00:01.071374,7.0,0.3,5.5,0.4,5,12.5,15.0,0.15,0.08,3.0,10,15000000.0,40.0,2.25,300000,True,False,175,21d,2.5,0.35,1.5,0.7,0.35,any,2.0,3.0,False,COMPLETE
225,0.37324134568279843,2026-01-09 19:39:52.661185,2026-01-09 19:39:53.867115,0 days 00:00:01.205930,7.0,0.3,4.5,0.4,5,12.5,15.0,0.15,0.08,3.0,10,15000000.0,40.0,2.25,300000,True,False,175,21d,2.5,0.25,1.5,0.7,0.35,any,2.0,3.0,False,COMPLETE
226,0.3722577912820896,2026-01-09 19:39:53.869742,2026-01-09 19:39:55.040655,0 days 00:00:01.170913,7.0,0.3,5.5,0.3,5,12.5,15.0,0.15,0.08,3.0,10,15000000.0,40.0,2.25,300000,True,False,200,21d,2.5,0.25,1.5,0.7,0.35,any,2.0,3.0,False,COMPLETE
227,-0.11085696656659386,2026-01-09 19:39:55.043352,2026-01-09 19:39:55.994632,0 days 00:00:00.951280,7.0,0.25,4.5,0.4,5,12.5,15.0,0.15,0.08,1.5,10,15000000.0,40.0,2.5,300000,True,False,175,21d,2.5,0.25,1.5,0.7,0.35,any,2.0,3.0,False,COMPLETE
228,0.282388799464135,2026-01-09 19:39:55.997305,2026-01-09 19:39:56.794193,0 days 00:00:00.796888,7.0,0.3,5.5,0.3,5,12.5,15.0,0.15,0.08,3.0,10,15000000.0,60.0,2.25,300000,True,False,175,21d,3.5,0.25,1.5,0.7,0.35,any,2.0,3.0,False,COMPLETE
229,0.37324134568279843,2026-01-09 19:39:56.797192,2026-01-09 19:39:57.567222,0 days 00:00:00.770030,7.0,0.25,4.5,0.4,5,12.5,15.0,0.15,0.07,3.0,10,15000000.0,40.0,2.25,300000,True,False,175,63d,2.5,0.25,1.5,0.7,0.35,any,2.0,3.0,False,COMPLETE
230,0.3140861377041383,2026-01-09 19:39:57.569962,2026-01-09 19:40:11.350729,0 days 00:00:13.780767,7.0,0.3,5.5,0.4,5,12.5,15.0,0.15,0.08,3.0,10,15000000.0,40.0,2.25,300000,True,False,175,21d,2.5,0.25,1.5,0.7,0.35,breakout,1.25,3.0,False,COMPLETE
231,0.37324134568279843,2026-01-09 19:40:11.353624,2026-01-09 19:40:12.388975,0 days 00:00:01.035351,7.0,0.3,5.5,0.4,5,12.5,15.0,0.15,0.08,3.0,10,15000000.0,40.0,2.25,300000,True,False,175,21d,2.5,0.25,1.5,0.7,0.35,any,2.0,3.0,False,COMPLETE
232,0.37324134568279843,2026-01-09 19:40:12.391588,2026-01-09 19:40:13.264643,0 days 00:00:00.873055,7.0,0.3,5.5,0.4,5,12.5,15.0,0.15,0.08,3.0,10,15000000.0,40.0,2.25,300000,True,False,175,21d,2.5,0.25,1.5,0.7,0.35,any,2.0,3.0,False,COMPLETE
233,0.37324134568279843,2026-01-09 19:40:13.266965,2026-01-09 19:40:14.219673,0 days 00:00:00.952708,7.0,0.3,5.5,0.4,5,12.5,15.0,0.15,0.08,3.0,10,15000000.0,40.0,2.25,300000,True,False,175,21d,2.5,0.25,1.5,0.7,0.35,any,2.0,3.0,False,COMPLETE
234,0.37324134568279843,2026-01-09 19:40:14.222729,2026-01-09 19:40:15.426314,0 days 00:00:01.203585,7.0,0.3,5.5,0.4,5,12.5,15.0,0.15,0.08,3.0,10,15000000.0,40.0,2.25,300000,True,False,175,21d,2.5,0.25,1.5,0.7,0.3,any,2.0,3.0,False,COMPLETE
235,0.37324134568279843,2026-01-09 19:40:15.429011,2026-01-09 19:40:16.560288,0 days 00:00:01.131277,7.0,0.3,5.5,0.3,5,12.5,15.0,0.15,0.08,3.0,10,15000000.0,40.0,2.25,300000,True,False,175,21d,2.5,0.25,1.5,0.7,0.35,any,2.0,3.0,False,COMPLETE
236,-0.37085969078499637,2026-01-09 19:40:16.562981,2026-01-09 19:40:17.706266,0 days 00:00:01.143285,7.0,0.25,4.5,0.4,5,12.5,15.0,0.15,0.08,2.0,10,15000000.0,40.0,2.25,300000,True,False,150,21d,2.5,0.25,2.0,0.55,0.35,any,2.0,3.0,False,COMPLETE
237,0.05510793185855121,2026-01-09 19:40:17.708886,2026-01-09 19:40:30.547721,0 days 00:00:12.838835,7.0,0.25,4.5,0.4,5,12.5,15.0,0.15,0.08,3.0,10,15000000.0,40.0,2.25,300000,True,False,250,21d,3.0,0.25,1.5,0.7,0.35,ath,2.0,3.0,False,COMPLETE
238,0.21904584509256983,2026-01-09 19:40:30.550391,2026-01-09 19:40:31.552319,0 days 00:00:01.001928,7.0,0.3,5.5,0.3,5,12.5,12.5,0.15,0.08,3.0,10,15000000.0,40.0,1.75,300000,True,False,175,21d,2.5,0.25,1.5,0.7,0.35,any,2.0,3.0,False,COMPLETE
239,-0.17981965071555903,2026-01-09 19:40:31.555181,2026-01-09 19:40:32.826701,0 days 00:00:01.271520,7.0,0.2,4.5,0.4,5,17.5,15.0,0.15,0.08,3.0,15,15000000.0,40.0,2.25,300000,True,False,175,21d,2.5,0.25,1.5,0.7,0.35,any,2.0,4.0,False,COMPLETE
240,0.10669088878104407,2026-01-09 19:40:32.829465,2026-01-09 19:40:33.720026,0 days 00:00:00.890561,7.0,0.25,5.5,0.3,5,15.0,15.0,0.15,0.08,3.0,10,15000000.0,50.0,2.25,300000,True,False,175,21d,2.5,0.25,1.5,0.7,0.35,any,2.0,3.0,False,COMPLETE
241,0.37324134568279843,2026-01-09 19:40:33.722409,2026-01-09 19:40:34.606401,0 days 00:00:00.883992,7.0,0.3,5.5,0.4,5,12.5,15.0,0.15,0.08,3.0,10,15000000.0,40.0,2.25,300000,True,False,175,21d,2.5,0.25,1.5,0.7,0.35,any,2.0,3.0,False,COMPLETE
242,0.37324134568279843,2026-01-09 19:40:34.608993,2026-01-09 19:40:35.599566,0 days 00:00:00.990573,7.0,0.3,5.5,0.4,5,12.5,15.0,0.15,0.08,3.0,10,15000000.0,40.0,2.25,300000,True,False,175,21d,2.5,0.25,1.5,0.7,0.35,any,2.0,3.0,False,COMPLETE
243,0.37324134568279843,2026-01-09 19:40:35.602515,2026-01-09 19:40:37.728663,0 days 00:00:02.126148,7.0,0.3,5.5,0.4,5,12.5,15.0,0.15,0.08,3.0,10,15000000.0,40.0,2.25,300000,True,False,175,21d,2.5,0.25,1.5,0.7,0.35,any,2.0,3.0,False,COMPLETE
244,0.37324134568279843,2026-01-09 19:40:37.731363,2026-01-09 19:40:38.582088,0 days 00:00:00.850725,7.0,0.3,5.5,0.4,5,12.5,15.0,0.15,0.08,3.0,10,15000000.0,40.0,2.25,300000,True,False,175,21d,2.5,0.25,1.5,0.7,0.4,any,2.0,3.0,False,COMPLETE
245,0.37324134568279843,2026-01-09 19:40:38.585661,2026-01-09 19:40:39.274226,0 days 00:00:00.688565,7.0,0.3,5.5,0.4,5,12.5,15.0,0.15,0.08,3.0,10,15000000.0,40.0,2.25,300000,True,False,175,21d,2.5,0.25,1.5,0.7,0.35,any,2.0,3.0,False,COMPLETE
246,0.31982655913290053,2026-01-09 19:40:39.276814,2026-01-09 19:40:40.119631,0 days 00:00:00.842817,7.0,0.3,4.5,0.4,5,12.5,15.0,0.15,0.08,3.0,10,10000000.0,40.0,2.0,200000,True,False,175,21d,2.5,0.25,1.5,0.7,0.35,any,2.0,3.0,False,COMPLETE
247,0.31370595129619483,2026-01-09 19:40:40.122437,2026-01-09 19:40:41.108056,0 days 00:00:00.985619,7.0,0.25,5.5,0.3,5,12.5,15.0,0.25,0.08,3.0,10,15000000.0,40.0,2.25,300000,True,False,175,21d,2.5,0.25,1.5,0.7,0.35,any,2.0,3.5,False,COMPLETE
248,-0.01899533235920463,2026-01-09 19:40:41.111004,2026-01-09 19:40:42.073810,0 days 00:00:00.962806,7.0,0.3,4.5,0.4,5,12.5,15.0,0.15,0.08,2.5,10,15000000.0,40.0,2.25,300000,True,False,175,21d,2.5,0.25,1.5,0.7,0.35,any,2.0,3.0,False,COMPLETE
249,0.37324134568279843,2026-01-09 19:40:42.076448,2026-01-09 19:40:43.000920,0 days 00:00:00.924472,7.0,0.25,5.5,0.3,5,12.5,15.0,0.15,0.08,3.0,10,15000000.0,40.0,2.25,300000,True,False,175,21d,2.5,0.25,1.5,0.7,0.35,any,2.0,3.0,False,COMPLETE
250,-0.014828511719972771,2026-01-09 19:40:43.003544,2026-01-09 19:40:43.946400,0 days 00:00:00.942856,7.0,0.3,4.5,0.4,5,20.0,15.0,0.15,0.08,3.0,10,15000000.0,40.0,1.5,300000,True,False,175,21d,2.5,0.25,1.5,0.7,0.35,any,2.0,3.0,False,COMPLETE
251,0.37324134568279843,2026-01-09 19:40:43.949030,2026-01-09 19:40:44.888427,0 days 00:00:00.939397,7.0,0.25,5.5,0.3,5,12.5,15.0,0.15,0.08,3.0,10,15000000.0,40.0,2.25,300000,True,False,175,21d,2.5,0.25,1.5,0.7,0.35,any,2.0,3.0,False,COMPLETE
252,0.37324134568279843,2026-01-09 19:40:44.891030,2026-01-09 19:40:45.800582,0 days 00:00:00.909552,7.0,0.3,4.5,0.4,5,12.5,15.0,0.15,0.08,3.0,10,15000000.0,40.0,2.25,300000,True,False,175,21d,2.5,0.25,1.5,0.7,0.35,any,2.0,3.0,False,COMPLETE
253,0.37324134568279843,2026-01-09 19:40:45.803164,2026-01-09 19:40:46.737329,0 days 00:00:00.934165,6.5,0.25,5.5,0.4,5,12.5,15.0,0.15,0.08,3.0,10,15000000.0,40.0,2.25,300000,True,False,175,21d,2.5,0.25,1.5,0.7,0.5,any,2.0,3.0,False,COMPLETE
254,0.325069426210528,2026-01-09 19:40:46.739925,2026-01-09 19:40:47.651008,0 days 00:00:00.911083,7.0,0.3,4.5,0.3,5,12.5,15.0,0.15,0.08,3.0,10,15000000.0,40.0,2.25,300000,True,False,175,21d,2.5,0.35,1.5,0.7,0.35,any,2.0,3.0,False,COMPLETE
255,0.28863369536537575,2026-01-09 19:40:47.653546,2026-01-09 19:40:48.539862,0 days 00:00:00.886316,7.0,0.25,5.5,0.4,5,12.5,15.0,0.15,0.08,3.0,10,15000000.0,40.0,2.25,300000,True,False,175,21d,2.5,0.25,1.5,0.6,0.45,any,1.25,3.0,False,COMPLETE
256,0.37324134568279843,2026-01-09 19:40:48.542435,2026-01-09 19:40:49.420508,0 days 00:00:00.878073,7.0,0.3,4.5,0.3,5,12.5,15.0,0.15,0.08,3.0,5,15000000.0,40.0,2.25,300000,True,False,175,21d,2.5,0.25,1.5,0.7,0.35,any,2.0,3.0,False,COMPLETE
257,-999.0,2026-01-09 19:40:49.423174,2026-01-09 19:40:50.368922,0 days 00:00:00.945748,7.0,0.25,5.5,0.4,5,10.0,7.5,0.15,0.08,3.0,10,10000000.0,40.0,2.25,300000,True,False,175,21d,3.5,0.25,1.5,0.7,0.35,any,2.0,3.0,False,COMPLETE
258,0.3722577912820896,2026-01-09 19:40:50.371830,2026-01-09 19:40:51.376323,0 days 00:00:01.004493,7.0,0.3,4.5,0.3,5,12.5,15.0,0.15,0.08,3.0,10,15000000.0,40.0,2.25,300000,True,False,200,63d,2.5,0.25,1.5,0.7,0.4,any,2.0,3.0,False,COMPLETE
259,0.37324134568279843,2026-01-09 19:40:51.378957,2026-01-09 19:40:52.363070,0 days 00:00:00.984113,7.0,0.25,5.5,0.4,5,12.5,15.0,0.25,0.07,3.0,10,15000000.0,60.0,2.25,300000,True,False,175,21d,2.5,0.25,1.5,0.7,0.35,any,2.0,3.0,False,COMPLETE
260,-0.13110092661579364,2026-01-09 19:40:52.365639,2026-01-09 19:40:54.859848,0 days 00:00:02.494209,7.0,0.3,4.5,0.4,5,12.5,7.5,0.15,0.08,1.5,10,15000000.0,40.0,2.25,300000,True,False,175,21d,2.5,0.25,2.0,0.7,0.35,any,2.0,3.0,False,COMPLETE
261,0.03324550735842278,2026-01-09 19:40:54.862447,2026-01-09 19:41:07.639791,0 days 00:00:12.777344,7.0,0.25,5.5,0.3,5,12.5,12.5,0.15,0.08,3.0,10,15000000.0,40.0,2.5,300000,True,False,175,21d,2.5,0.25,1.5,0.7,0.35,breakout,2.0,3.0,False,COMPLETE
262,0.37324134568279843,2026-01-09 19:41:07.643070,2026-01-09 19:41:08.510052,0 days 00:00:00.866982,7.0,0.3,4.5,0.4,5,12.5,15.0,0.15,0.08,3.0,10,15000000.0,40.0,2.25,300000,True,False,175,21d,2.5,0.25,1.5,0.7,0.35,any,2.0,3.0,False,COMPLETE
263,0.282388799464135,2026-01-09 19:41:08.512553,2026-01-09 19:41:09.316767,0 days 00:00:00.804214,7.0,0.25,5.5,0.3,5,12.5,15.0,0.15,0.08,3.0,10,15000000.0,40.0,2.25,300000,True,False,175,21d,3.0,0.25,1.5,0.7,0.35,any,2.0,3.0,False,COMPLETE
264,0.3343866917866617,2026-01-09 19:41:09.319372,2026-01-09 19:41:10.221100,0 days 00:00:00.901728,7.0,0.3,4.5,0.4,5,12.5,15.0,0.15,0.08,3.0,10,15000000.0,40.0,2.25,300000,True,False,150,21d,2.5,0.25,1.5,0.55,0.35,any,2.0,3.0,False,COMPLETE
265,0.025337555146307443,2026-01-09 19:41:10.223668,2026-01-09 19:41:21.823596,0 days 00:00:11.599928,7.0,0.25,5.5,0.4,5,12.5,7.5,0.15,0.08,2.0,10,15000000.0,40.0,2.25,300000,True,False,175,21d,2.5,0.25,1.5,0.7,0.3,ath,2.0,3.0,False,COMPLETE
266,0.3175324100507025,2026-01-09 19:41:21.826113,2026-01-09 19:41:22.662165,0 days 00:00:00.836052,7.0,0.2,4.5,0.3,5,12.5,15.0,0.15,0.08,3.0,10,15000000.0,40.0,2.25,300000,True,False,175,21d,2.5,0.25,1.5,0.7,0.35,any,2.0,4.0,False,COMPLETE
267,0.3262234618390044,2026-01-09 19:41:22.664840,2026-01-09 19:41:23.472820,0 days 00:00:00.807980,7.0,0.3,5.5,0.4,5,12.5,15.0,0.15,0.08,3.0,15,15000000.0,40.0,2.25,200000,True,False,250,21d,2.5,0.25,1.5,0.7,0.35,any,2.0,3.0,False,COMPLETE
268,0.37324134568279843,2026-01-09 19:41:23.475630,2026-01-09 19:41:24.355757,0 days 00:00:00.880127,7.0,0.25,4.5,0.3,5,12.5,7.5,0.15,0.08,3.0,10,10000000.0,40.0,2.25,300000,True,False,175,21d,2.5,0.25,1.5,0.7,0.35,any,2.0,3.0,False,COMPLETE
269,-0.2740236832951178,2026-01-09 19:41:24.358312,2026-01-09 19:41:25.853480,0 days 00:00:01.495168,7.0,0.3,5.5,0.4,5,17.5,15.0,0.15,0.08,3.0,10,15000000.0,50.0,1.75,300000,True,False,175,21d,2.5,0.25,1.5,0.7,0.35,any,2.0,3.5,False,COMPLETE
270,0.37324134568279843,2026-01-09 19:41:25.856067,2026-01-09 19:41:28.480450,0 days 00:00:02.624383,7.0,0.25,4.5,0.4,5,12.5,15.0,0.25,0.08,3.0,10,15000000.0,40.0,2.25,300000,True,False,175,21d,2.5,0.25,1.5,0.7,0.35,any,2.0,3.0,False,COMPLETE
271,0.10669088878104407,2026-01-09 19:41:28.483225,2026-01-09 19:41:29.159732,0 days 00:00:00.676507,7.0,0.3,5.5,0.3,5,15.0,15.0,0.15,0.08,3.0,10,15000000.0,40.0,2.25,300000,True,False,175,21d,2.5,0.25,1.5,0.7,0.35,any,2.0,3.0,False,COMPLETE
272,0.37324134568279843,2026-01-09 19:41:29.162658,2026-01-09 19:41:29.952305,0 days 00:00:00.789647,7.0,0.25,4.5,0.4,5,12.5,7.5,0.15,0.06,3.0,10,15000000.0,40.0,2.25,300000,True,False,175,21d,2.5,0.25,1.5,0.7,0.4,any,2.0,3.0,False,COMPLETE
273,0.015241387010875428,2026-01-09 19:41:29.955221,2026-01-09 19:41:30.725509,0 days 00:00:00.770288,7.0,0.3,5.5,0.3,5,12.5,15.0,0.15,0.08,2.5,10,15000000.0,40.0,2.0,300000,True,False,175,21d,2.5,0.25,1.5,0.7,0.35,any,2.0,3.0,False,COMPLETE
274,0.37324134568279843,2026-01-09 19:41:30.728260,2026-01-09 19:41:31.523892,0 days 00:00:00.795632,6.5,0.25,4.5,0.4,5,12.5,15.0,0.15,0.08,3.0,10,15000000.0,40.0,2.25,300000,True,False,175,21d,2.5,0.25,1.5,0.7,0.35,any,2.0,3.0,False,COMPLETE
275,0.325069426210528,2026-01-09 19:41:31.526405,2026-01-09 19:41:32.337424,0 days 00:00:00.811019,7.0,0.3,5.5,0.3,5,12.5,15.0,0.15,0.08,3.0,10,15000000.0,40.0,2.25,300000,True,False,175,21d,2.5,0.35,1.5,0.7,0.35,any,2.0,3.0,False,COMPLETE
276,-0.16414861641508305,2026-01-09 19:41:32.340362,2026-01-09 19:41:33.166117,0 days 00:00:00.825755,7.0,0.3,4.5,0.4,5,20.0,7.5,0.15,0.08,3.0,10,15000000.0,40.0,1.5,300000,True,False,175,21d,2.5,0.25,1.5,0.7,0.35,any,1.25,3.0,False,COMPLETE
277,0.3523758216317183,2026-01-09 19:41:33.168771,2026-01-09 19:41:33.985510,0 days 00:00:00.816739,7.0,0.25,5.5,0.4,5,12.5,15.0,0.15,0.08,3.0,5,15000000.0,40.0,2.25,300000,True,False,175,63d,2.5,0.25,1.5,0.6,0.35,any,2.0,3.0,False,COMPLETE
278,0.37324134568279843,2026-01-09 19:41:33.988109,2026-01-09 19:41:34.998605,0 days 00:00:01.010496,7.0,0.3,5.5,0.3,5,12.5,15.0,0.15,0.08,3.0,10,15000000.0,40.0,2.25,300000,True,False,175,21d,2.5,0.25,1.5,0.7,0.35,any,2.0,3.0,False,COMPLETE
279,0.37324134568279843,2026-01-09 19:41:35.001051,2026-01-09 19:41:35.889054,0 days 00:00:00.888003,7.0,0.25,4.5,0.4,5,12.5,7.5,0.15,0.08,3.0,10,15000000.0,40.0,2.25,300000,True,False,175,21d,2.5,0.25,2.0,0.7,0.35,any,2.0,3.0,False,COMPLETE
280,0.37324134568279843,2026-01-09 19:41:35.891921,2026-01-09 19:41:36.796916,0 days 00:00:00.904995,7.0,0.3,5.5,0.3,5,12.5,15.0,0.15,0.07,3.0,10,10000000.0,40.0,2.25,300000,True,False,175,21d,2.5,0.25,1.5,0.7,0.45,any,2.0,3.0,False,COMPLETE
281,0.282388799464135,2026-01-09 19:41:36.799576,2026-01-09 19:41:37.693948,0 days 00:00:00.894372,7.0,0.25,4.5,0.4,5,12.5,15.0,0.15,0.08,3.0,10,15000000.0,40.0,2.25,300000,True,False,175,21d,3.5,0.25,1.5,0.7,0.5,any,2.0,3.0,False,COMPLETE
282,-999.0,2026-01-09 19:41:37.696501,2026-01-09 19:41:38.576037,0 days 00:00:00.879536,7.0,0.3,5.5,0.4,5,10.0,15.0,0.25,0.08,3.0,10,15000000.0,60.0,2.25,300000,True,False,175,21d,2.5,0.25,1.5,0.7,0.35,any,2.0,3.0,False,COMPLETE
283,0.3722577912820896,2026-01-09 19:41:38.578641,2026-01-09 19:41:39.600472,0 days 00:00:01.021831,7.0,0.25,4.5,0.3,5,12.5,7.5,0.15,0.08,3.0,10,15000000.0,40.0,2.25,300000,True,False,200,21d,2.5,0.25,1.5,0.7,0.35,any,2.0,3.0,False,COMPLETE
284,-0.1062643393808579,2026-01-09 19:41:39.604459,2026-01-09 19:41:51.586752,0 days 00:00:11.982293,7.0,0.3,5.5,0.4,5,12.5,15.0,0.15,0.08,1.5,10,15000000.0,40.0,2.25,300000,True,False,175,21d,2.5,0.25,1.5,0.7,0.35,breakout,2.0,3.0,False,COMPLETE
285,0.282388799464135,2026-01-09 19:41:51.589352,2026-01-09 19:41:52.523567,0 days 00:00:00.934215,7.0,0.25,4.5,0.3,5,12.5,15.0,0.15,0.08,3.0,10,15000000.0,40.0,2.25,300000,True,False,175,21d,3.0,0.25,1.5,0.7,0.35,any,2.0,3.0,False,COMPLETE
286,0.37324134568279843,2026-01-09 19:41:52.526038,2026-01-09 19:41:54.044630,0 days 00:00:01.518592,7.0,0.3,5.5,0.4,5,12.5,12.5,0.15,0.08,3.0,10,15000000.0,40.0,2.25,300000,True,False,175,21d,2.5,0.25,1.5,0.7,0.4,any,2.0,3.0,False,COMPLETE
287,-0.015975257958464304,2026-01-09 19:41:54.047546,2026-01-09 19:41:54.913024,0 days 00:00:00.865478,7.0,0.25,4.5,0.4,5,12.5,15.0,0.15,0.08,3.0,10,15000000.0,40.0,2.5,300000,True,False,175,21d,2.5,0.25,1.5,0.7,0.35,any,2.0,4.0,False,COMPLETE
288,0.08860439626435615,2026-01-09 19:41:54.915820,2026-01-09 19:42:08.050775,0 days 00:00:13.134955,7.0,0.2,5.5,0.3,5,12.5,7.5,0.15,0.08,3.0,10,15000000.0,40.0,2.25,200000,True,False,175,21d,2.5,0.25,1.5,0.55,0.35,ath,2.0,3.0,False,COMPLETE
289,0.31887174134566343,2026-01-09 19:42:08.053295,2026-01-09 19:42:08.850891,0 days 00:00:00.797596,7.0,0.3,4.5,0.4,5,12.5,15.0,0.15,0.08,3.0,15,15000000.0,50.0,2.25,300000,True,False,175,21d,2.5,0.25,1.5,0.7,0.35,any,2.0,3.0,False,COMPLETE
290,-0.3368663418569774,2026-01-09 19:42:08.853393,2026-01-09 19:42:09.696538,0 days 00:00:00.843145,7.0,0.25,5.5,0.3,5,12.5,15.0,0.15,0.08,2.0,10,15000000.0,40.0,2.25,300000,True,False,150,21d,2.5,0.25,1.5,0.7,0.35,any,2.0,3.0,False,COMPLETE
291,0.3273042128663782,2026-01-09 19:42:09.699255,2026-01-09 19:42:10.539848,0 days 00:00:00.840593,7.0,0.3,4.5,0.4,5,12.5,15.0,0.15,0.08,3.0,10,10000000.0,40.0,2.25,300000,True,False,250,21d,2.5,0.25,1.5,0.7,0.3,any,2.0,3.5,False,COMPLETE
292,0.37324134568279843,2026-01-09 19:42:10.543789,2026-01-09 19:42:13.152755,0 days 00:00:02.608966,7.0,0.25,5.5,0.4,5,12.5,7.5,0.15,0.08,3.0,10,15000000.0,40.0,2.25,300000,True,False,175,21d,2.5,0.25,1.5,0.7,0.35,any,2.0,3.0,False,COMPLETE
293,0.37324134568279843,2026-01-09 19:42:13.155628,2026-01-09 19:42:14.136332,0 days 00:00:00.980704,7.0,0.3,4.5,0.3,5,12.5,15.0,0.15,0.08,3.0,10,15000000.0,40.0,2.25,300000,True,False,175,21d,2.5,0.25,1.5,0.7,0.35,any,2.0,3.0,False,COMPLETE
294,-0.15901007055179056,2026-01-09 19:42:14.139498,2026-01-09 19:42:15.088594,0 days 00:00:00.949096,7.0,0.25,5.5,0.4,5,17.5,15.0,0.25,0.06,3.0,10,15000000.0,40.0,2.25,300000,True,False,175,21d,2.5,0.25,1.5,0.7,0.35,any,2.0,3.0,False,COMPLETE
295,0.10840604692569243,2026-01-09 19:42:15.091420,2026-01-09 19:42:16.254057,0 days 00:00:01.162637,6.5,0.3,4.5,0.3,5,12.5,15.0,0.15,0.08,3.0,10,15000000.0,40.0,1.75,300000,True,False,175,63d,2.5,0.25,1.5,0.7,0.35,any,2.0,3.0,False,COMPLETE
296,0.37324134568279843,2026-01-09 19:42:16.256813,2026-01-09 19:42:17.416520,0 days 00:00:01.159707,7.0,0.25,5.5,0.4,5,12.5,7.5,0.15,0.08,3.0,10,15000000.0,40.0,2.25,300000,True,False,175,21d,2.5,0.25,1.5,0.7,0.35,any,2.0,3.0,False,COMPLETE
297,0.05911496956769944,2026-01-09 19:42:17.419264,2026-01-09 19:42:18.603910,0 days 00:00:01.184646,7.0,0.3,4.5,0.3,5,15.0,15.0,0.15,0.08,3.0,10,15000000.0,40.0,2.25,300000,True,False,175,21d,2.5,0.35,1.5,0.7,0.35,any,2.0,3.0,False,COMPLETE
298,0.31982655913290053,2026-01-09 19:42:18.606469,2026-01-09 19:42:19.704692,0 days 00:00:01.098223,7.0,0.25,5.5,0.4,5,12.5,15.0,0.15,0.08,3.0,10,15000000.0,40.0,2.0,300000,True,False,175,21d,2.5,0.25,2.0,0.7,0.35,any,2.0,3.0,False,COMPLETE
299,0.3140861377041383,2026-01-09 19:42:19.707229,2026-01-09 19:42:20.689334,0 days 00:00:00.982105,7.0,0.3,4.5,0.4,5,12.5,15.0,0.15,0.08,3.0,10,15000000.0,40.0,2.25,300000,True,False,175,21d,2.5,0.25,1.5,0.7,0.35,any,1.25,3.0,False,COMPLETE
300,0.37324134568279843,2026-01-09 19:42:20.692004,2026-01-09 19:42:21.716241,0 days 00:00:01.024237,7.0,0.25,5.5,0.3,5,12.5,7.5,0.15,0.08,3.0,5,15000000.0,40.0,2.25,300000,True,False,175,21d,2.5,0.25,1.5,0.7,0.4,any,2.0,3.0,False,COMPLETE
301,0.3523758216317183,2026-01-09 19:42:21.718774,2026-01-09 19:42:22.650575,0 days 00:00:00.931801,7.0,0.3,4.5,0.4,5,12.5,15.0,0.15,0.08,3.0,10,15000000.0,40.0,2.25,300000,True,False,175,21d,2.5,0.25,1.5,0.6,0.35,any,2.0,3.0,False,COMPLETE
302,-0.01899533235920463,2026-01-09 19:42:22.653027,2026-01-09 19:42:23.535966,0 days 00:00:00.882939,7.0,0.25,5.5,0.3,5,12.5,15.0,0.15,0.07,2.5,10,15000000.0,40.0,2.25,300000,True,False,175,21d,2.5,0.25,1.5,0.7,0.35,any,2.0,3.0,False,COMPLETE
303,-0.16227808719425857,2026-01-09 19:42:23.538756,2026-01-09 19:42:24.432431,0 days 00:00:00.893675,7.0,0.3,4.5,0.4,5,20.0,7.5,0.15,0.08,3.0,10,10000000.0,40.0,1.5,300000,True,False,175,21d,2.5,0.25,1.5,0.7,0.35,any,2.0,3.0,False,COMPLETE
304,0.282388799464135,2026-01-09 19:42:24.435422,2026-01-09 19:42:25.314992,0 days 00:00:00.879570,7.0,0.25,5.5,0.4,5,12.5,15.0,0.15,0.08,3.0,10,15000000.0,40.0,2.25,300000,True,False,175,21d,3.5,0.25,1.5,0.7,0.35,any,2.0,3.0,False,COMPLETE
305,0.37324134568279843,2026-01-09 19:42:25.317660,2026-01-09 19:42:26.218315,0 days 00:00:00.900655,7.0,0.3,4.5,0.3,5,12.5,15.0,0.15,0.08,3.0,10,15000000.0,60.0,2.25,300000,True,False,175,21d,2.5,0.25,1.5,0.7,0.35,any,2.0,3.0,False,COMPLETE
306,0.37324134568279843,2026-01-09 19:42:26.220982,2026-01-09 19:42:27.192355,0 days 00:00:00.971373,7.0,0.3,5.5,0.4,5,12.5,15.0,0.25,0.08,3.0,10,15000000.0,40.0,2.25,300000,True,False,175,21d,2.5,0.25,1.5,0.7,0.5,any,2.0,3.0,False,COMPLETE
307,0.37324134568279843,2026-01-09 19:42:27.195711,2026-01-09 19:42:28.155946,0 days 00:00:00.960235,7.0,0.25,5.5,0.3,5,12.5,12.5,0.15,0.08,3.0,10,15000000.0,40.0,2.25,300000,True,False,175,21d,2.5,0.25,1.5,0.7,0.35,any,2.0,3.0,False,COMPLETE
308,-999.0,2026-01-09 19:42:28.158907,2026-01-09 19:42:42.000049,0 days 00:00:13.841142,7.0,0.3,4.5,0.4,5,10.0,7.5,0.15,0.08,3.0,10,15000000.0,40.0,2.25,300000,True,False,175,21d,3.0,0.25,1.5,0.7,0.35,breakout,2.0,3.0,False,COMPLETE
309,-0.09221048718564505,2026-01-09 19:42:42.002766,2026-01-09 19:42:42.773568,0 days 00:00:00.770802,7.0,0.25,5.5,0.4,5,12.5,15.0,0.15,0.08,1.5,10,15000000.0,40.0,2.25,300000,True,False,200,21d,2.5,0.25,1.5,0.7,0.35,any,2.0,3.0,False,COMPLETE
310,0.32246275066512897,2026-01-09 19:42:42.776144,2026-01-09 19:42:43.464164,0 days 00:00:00.688020,7.0,0.3,4.5,0.3,5,12.5,15.0,0.15,0.08,3.0,15,15000000.0,40.0,2.25,300000,True,False,175,21d,2.5,0.25,1.5,0.7,0.45,any,2.0,4.0,False,COMPLETE
311,0.08860439626435615,2026-01-09 19:42:43.467085,2026-01-09 19:42:54.535078,0 days 00:00:11.067993,7.0,0.2,5.5,0.4,5,12.5,15.0,0.15,0.08,3.0,10,15000000.0,40.0,2.25,300000,True,False,175,21d,2.5,0.25,1.5,0.55,0.35,ath,2.0,3.0,False,COMPLETE
312,0.37324134568279843,2026-01-09 19:42:54.537640,2026-01-09 19:42:55.304755,0 days 00:00:00.767115,7.0,0.25,4.5,0.3,5,12.5,7.5,0.15,0.08,3.0,10,15000000.0,40.0,2.25,200000,True,False,175,21d,2.5,0.25,1.5,0.7,0.35,any,2.0,3.0,False,COMPLETE
313,0.31370595129619483,2026-01-09 19:42:55.307820,2026-01-09 19:42:56.034834,0 days 00:00:00.727014,7.0,0.3,5.5,0.4,5,12.5,15.0,0.15,0.08,3.0,10,15000000.0,40.0,2.25,300000,True,False,175,21d,2.5,0.25,1.5,0.7,0.35,any,2.0,3.5,False,COMPLETE
314,0.03324550735842278,2026-01-09 19:42:56.037415,2026-01-09 19:42:56.760366,0 days 00:00:00.722951,7.0,0.25,4.5,0.3,5,12.5,15.0,0.15,0.08,3.0,10,10000000.0,40.0,2.5,300000,True,False,175,21d,2.5,0.25,1.5,0.7,0.4,any,2.0,3.0,False,COMPLETE
315,-0.1433656969084815,2026-01-09 19:42:56.762910,2026-01-09 19:42:57.540015,0 days 00:00:00.777105,7.0,0.3,5.5,0.4,5,12.5,15.0,0.15,0.08,2.0,10,15000000.0,40.0,2.25,300000,True,False,250,63d,2.5,0.25,1.5,0.7,0.35,any,2.0,3.0,False,COMPLETE
316,0.37269536795768,2026-01-09 19:42:57.542779,2026-01-09 19:42:58.432293,0 days 00:00:00.889514,6.5,0.25,4.5,0.4,5,12.5,7.5,0.15,0.08,3.0,10,15000000.0,50.0,2.25,300000,True,False,150,21d,2.5,0.25,1.5,0.7,0.35,any,2.0,3.0,False,COMPLETE
317,0.325069426210528,2026-01-09 19:42:58.434814,2026-01-09 19:42:59.800295,0 days 00:00:01.365481,7.0,0.3,5.5,0.3,5,12.5,15.0,0.15,0.08,3.0,10,15000000.0,40.0,2.25,300000,True,False,175,21d,2.5,0.35,1.5,0.7,0.35,any,2.0,3.0,False,COMPLETE
318,0.37324134568279843,2026-01-09 19:42:59.802947,2026-01-09 19:43:00.496079,0 days 00:00:00.693132,7.0,0.25,4.5,0.4,5,12.5,15.0,0.25,0.08,3.0,10,15000000.0,40.0,2.25,300000,True,False,175,21d,2.5,0.25,2.0,0.7,0.3,any,2.0,3.0,False,COMPLETE
319,0.37324134568279843,2026-01-09 19:43:00.498638,2026-01-09 19:43:01.219696,0 days 00:00:00.721058,7.0,0.3,5.5,0.3,5,12.5,15.0,0.15,0.06,3.0,10,15000000.0,40.0,2.25,300000,True,False,175,21d,2.5,0.25,1.5,0.7,0.35,any,2.0,3.0,False,COMPLETE
320,0.01697856033043279,2026-01-09 19:43:01.222357,2026-01-09 19:43:01.903293,0 days 00:00:00.680936,7.0,0.25,4.5,0.4,5,17.5,7.5,0.15,0.08,3.0,10,15000000.0,40.0,2.25,300000,True,False,175,21d,2.5,0.25,1.5,0.7,0.35,any,2.0,3.0,False,COMPLETE
321,0.3140861377041383,2026-01-09 19:43:01.906018,2026-01-09 19:43:02.945654,0 days 00:00:01.039636,7.0,0.3,5.5,0.4,5,12.5,15.0,0.15,0.08,3.0,10,15000000.0,40.0,2.25,300000,True,False,175,21d,2.5,0.25,1.5,0.7,0.35,any,1.25,3.0,False,COMPLETE
322,0.013685496289274042,2026-01-09 19:43:02.948384,2026-01-09 19:43:04.116711,0 days 00:00:01.168327,7.0,0.25,4.5,0.3,5,12.5,15.0,0.15,0.08,2.5,5,15000000.0,40.0,1.75,300000,True,False,175,21d,2.5,0.25,1.5,0.7,0.35,any,2.0,3.0,False,COMPLETE
323,0.37324134568279843,2026-01-09 19:43:04.119265,2026-01-09 19:43:05.239602,0 days 00:00:01.120337,7.0,0.3,5.5,0.4,5,12.5,7.5,0.15,0.08,3.0,10,15000000.0,40.0,2.25,300000,True,False,175,21d,2.5,0.25,1.5,0.7,0.35,any,2.0,3.0,False,COMPLETE
324,0.2936122190009196,2026-01-09 19:43:05.242267,2026-01-09 19:43:06.232126,0 days 00:00:00.989859,7.0,0.25,4.5,0.3,5,12.5,15.0,0.15,0.08,3.0,10,15000000.0,40.0,2.0,300000,True,False,175,21d,3.5,0.25,1.5,0.7,0.35,any,2.0,3.0,False,COMPLETE
325,0.10669088878104407,2026-01-09 19:43:06.234680,2026-01-09 19:43:07.206558,0 days 00:00:00.971878,7.0,0.3,5.5,0.4,5,15.0,15.0,0.15,0.07,3.0,10,10000000.0,40.0,2.25,300000,True,False,175,21d,2.5,0.25,1.5,0.7,0.35,any,2.0,3.0,False,COMPLETE
326,0.3523758216317183,2026-01-09 19:43:07.209157,2026-01-09 19:43:09.535347,0 days 00:00:02.326190,7.0,0.25,4.5,0.4,5,12.5,15.0,0.15,0.08,3.0,10,15000000.0,40.0,2.25,300000,True,False,175,21d,2.5,0.25,1.5,0.6,0.35,any,2.0,3.0,False,COMPLETE
327,0.37324134568279843,2026-01-09 19:43:09.539533,2026-01-09 19:43:10.476124,0 days 00:00:00.936591,7.0,0.3,5.5,0.3,5,12.5,7.5,0.15,0.08,3.0,10,15000000.0,40.0,2.25,300000,True,False,175,21d,2.5,0.25,1.5,0.7,0.35,any,2.0,3.0,False,COMPLETE
328,0.37324134568279843,2026-01-09 19:43:10.478681,2026-01-09 19:43:11.403071,0 days 00:00:00.924390,7.0,0.25,4.5,0.4,5,12.5,15.0,0.15,0.08,3.0,10,15000000.0,40.0,2.25,300000,True,False,175,21d,2.5,0.25,1.5,0.7,0.4,any,2.0,3.0,False,COMPLETE
329,0.2858613433039233,2026-01-09 19:43:11.405701,2026-01-09 19:43:12.364854,0 days 00:00:00.959153,7.0,0.3,5.5,0.3,5,12.5,15.0,0.15,0.08,3.0,10,15000000.0,60.0,1.5,300000,True,False,175,21d,2.5,0.25,1.5,0.7,0.35,any,2.0,3.0,False,COMPLETE
330,0.37324134568279843,2026-01-09 19:43:12.368448,2026-01-09 19:43:13.372657,0 days 00:00:01.004209,7.0,0.25,4.5,0.4,5,12.5,15.0,0.25,0.08,3.0,10,15000000.0,40.0,2.25,300000,False,False,175,21d,2.5,0.25,1.5,0.7,0.35,any,2.0,3.0,False,COMPLETE
331,0.37324134568279843,2026-01-09 19:43:13.376711,2026-01-09 19:43:26.013805,0 days 00:00:12.637094,7.0,0.3,5.5,0.4,7,12.5,7.5,0.15,0.08,3.0,10,15000000.0,40.0,2.25,200000,True,False,175,21d,2.5,0.25,1.5,0.7,0.35,breakout,2.0,3.0,False,COMPLETE
332,0.31887174134566343,2026-01-09 19:43:26.016240,2026-01-09 19:43:26.715537,0 days 00:00:00.699297,7.0,0.25,4.5,0.3,5,12.5,15.0,0.15,0.08,3.0,15,15000000.0,40.0,2.25,300000,True,False,175,21d,2.5,0.25,1.5,0.7,0.35,any,2.0,3.0,False,COMPLETE
333,-0.07654427801612752,2026-01-09 19:43:26.718802,2026-01-09 19:43:27.470959,0 days 00:00:00.752157,7.0,0.3,5.5,0.4,5,12.5,15.0,0.15,0.08,1.5,10,15000000.0,40.0,2.25,300000,True,True,175,21d,3.0,0.25,1.5,0.7,0.5,any,2.0,3.0,False,COMPLETE
334,-0.23068516557572763,2026-01-09 19:43:27.473704,2026-01-09 19:43:28.224673,0 days 00:00:00.750969,7.0,0.2,5.5,0.3,5,20.0,12.5,0.15,0.08,3.0,10,15000000.0,40.0,2.25,300000,True,False,175,63d,2.5,0.25,1.5,0.55,0.35,any,2.0,4.0,False,COMPLETE
335,-999.0,2026-01-09 19:43:28.227113,2026-01-09 19:43:28.963039,0 days 00:00:00.735926,7.0,0.3,4.5,0.4,5,10.0,15.0,0.15,0.08,3.0,10,15000000.0,40.0,2.25,300000,True,False,200,21d,2.5,0.25,1.5,0.7,0.35,any,2.0,3.0,False,COMPLETE
336,0.0861616803975996,2026-01-09 19:43:28.966887,2026-01-09 19:43:40.602254,0 days 00:00:11.635367,7.0,0.25,5.5,0.3,5,12.5,7.5,0.15,0.08,3.0,10,15000000.0,50.0,2.25,300000,True,False,175,21d,2.5,0.25,1.5,0.7,0.45,ath,2.0,3.5,False,COMPLETE
337,0.33321663604109886,2026-01-09 19:43:40.605380,2026-01-09 19:43:42.800545,0 days 00:00:02.195165,7.0,0.3,4.5,0.4,5,12.5,15.0,0.15,0.08,3.0,10,10000000.0,40.0,2.25,300000,True,False,175,21d,2.5,0.25,2.0,0.7,0.35,any,1.5,3.0,False,COMPLETE
338,-0.306772792823191,2026-01-09 19:43:42.803191,2026-01-09 19:43:44.015560,0 days 00:00:01.212369,7.0,0.25,5.5,0.4,5,12.5,15.0,0.15,0.08,2.0,10,15000000.0,40.0,2.25,300000,True,False,175,21d,2.5,0.25,1.5,0.7,0.35,any,2.0,3.0,False,COMPLETE
339,0.37324134568279843,2026-01-09 19:43:44.018187,2026-01-09 19:43:44.723830,0 days 00:00:00.705643,7.0,0.3,4.5,0.3,5,12.5,15.0,0.15,0.06,3.0,10,15000000.0,40.0,2.25,300000,True,False,175,21d,2.5,0.25,1.5,0.7,0.35,any,2.0,3.0,False,COMPLETE
340,0.033253240340404125,2026-01-09 19:43:44.726493,2026-01-09 19:43:45.470126,0 days 00:00:00.743633,7.0,0.25,5.5,0.4,5,12.5,7.5,0.15,0.08,3.0,10,15000000.0,40.0,2.5,300000,True,False,150,21d,2.5,0.35,1.5,0.7,0.35,any,2.0,3.0,False,COMPLETE
341,0.37324134568279843,2026-01-09 19:43:45.472909,2026-01-09 19:43:46.492567,0 days 00:00:01.019658,6.5,0.3,4.5,0.3,5,12.5,15.0,0.15,0.08,3.0,10,15000000.0,40.0,2.25,300000,True,False,175,21d,2.5,0.25,1.5,0.7,0.35,any,2.0,3.0,False,COMPLETE
342,0.37177463970522023,2026-01-09 19:43:46.495264,2026-01-09 19:43:47.317179,0 days 00:00:00.821915,7.0,0.25,5.5,0.4,5,12.5,15.0,0.25,0.08,3.0,10,15000000.0,40.0,2.25,300000,True,False,250,21d,2.5,0.25,1.5,0.7,0.4,any,2.0,3.0,False,COMPLETE
343,0.37324134568279843,2026-01-09 19:43:47.319941,2026-01-09 19:43:58.655609,0 days 00:00:11.335668,7.0,0.3,4.5,0.4,5,12.5,7.5,0.15,0.08,3.0,10,15000000.0,40.0,2.25,300000,True,False,175,21d,2.5,0.25,1.5,0.7,0.35,vcp,2.0,3.0,False,COMPLETE
344,0.37324134568279843,2026-01-09 19:43:58.658630,2026-01-09 19:43:59.424516,0 days 00:00:00.765886,7.0,0.25,5.5,0.3,5,12.5,15.0,0.15,0.08,3.0,5,15000000.0,40.0,2.25,300000,True,False,175,21d,2.5,0.25,1.5,0.7,0.35,any,2.0,3.0,False,COMPLETE
345,0.37324134568279843,2026-01-09 19:43:59.426915,2026-01-09 19:44:00.182313,0 days 00:00:00.755398,7.0,0.3,4.5,0.4,5,12.5,15.0,0.15,0.08,3.0,10,15000000.0,40.0,2.25,300000,True,False,175,21d,2.5,0.25,1.5,0.7,0.35,any,2.0,3.0,False,COMPLETE
346,0.21181253152323118,2026-01-09 19:44:00.184767,2026-01-09 19:44:00.982806,0 days 00:00:00.798039,7.0,0.25,5.5,0.3,5,12.5,15.0,0.15,0.08,3.0,10,15000000.0,40.0,2.25,300000,True,False,175,21d,3.5,0.25,1.5,0.7,0.35,any,1.25,3.0,False,COMPLETE
347,-0.12371489279541314,2026-01-09 19:44:00.986609,2026-01-09 19:44:02.357501,0 days 00:00:01.370892,7.0,0.3,4.5,0.4,5,12.5,7.5,0.15,0.07,2.5,10,15000000.0,40.0,2.25,300000,True,False,175,21d,2.5,0.25,1.5,0.6,0.3,any,2.0,3.0,False,COMPLETE
348,-0.15901007055179056,2026-01-09 19:44:02.360408,2026-01-09 19:44:03.115755,0 days 00:00:00.755347,7.0,0.25,5.5,0.4,5,17.5,15.0,0.15,0.08,3.0,10,10000000.0,40.0,2.25,300000,True,False,175,21d,2.5,0.25,1.5,0.7,0.35,any,2.0,3.0,False,COMPLETE
349,0.15651995734743113,2026-01-09 19:44:03.118493,2026-01-09 19:44:03.903323,0 days 00:00:00.784830,7.0,0.3,4.5,0.3,7,12.5,15.0,0.15,0.08,3.0,10,15000000.0,40.0,1.75,300000,False,True,175,21d,2.5,0.25,1.5,0.7,0.35,any,2.0,3.0,False,COMPLETE
350,0.10669088878104407,2026-01-09 19:44:03.905919,2026-01-09 19:44:04.689961,0 days 00:00:00.784042,7.0,0.25,5.5,0.4,5,15.0,15.0,0.15,0.08,3.0,10,15000000.0,40.0,2.25,300000,True,False,175,21d,2.5,0.25,1.5,0.7,0.35,any,2.0,3.0,False,COMPLETE
351,0.37324134568279843,2026-01-09 19:44:04.692550,2026-01-09 19:44:05.466412,0 days 00:00:00.773862,7.0,0.3,4.5,0.3,5,12.5,7.5,0.15,0.08,3.0,10,15000000.0,40.0,2.25,300000,True,False,175,21d,2.5,0.25,1.5,0.7,0.35,any,2.0,3.0,False,COMPLETE
352,0.31982655913290053,2026-01-09 19:44:05.469168,2026-01-09 19:44:06.180470,0 days 00:00:00.711302,7.0,0.25,5.5,0.4,5,12.5,15.0,0.15,0.08,3.0,10,15000000.0,40.0,2.0,300000,True,False,175,21d,2.5,0.25,1.5,0.7,0.35,any,2.0,3.0,False,COMPLETE
353,0.282388799464135,2026-01-09 19:44:06.183014,2026-01-09 19:44:06.882824,0 days 00:00:00.699810,7.0,0.3,4.5,0.4,5,12.5,15.0,0.15,0.08,3.0,10,15000000.0,60.0,2.25,300000,True,False,175,63d,3.0,0.25,1.5,0.7,0.35,any,2.0,3.0,False,COMPLETE
354,0.3175324100507025,2026-01-09 19:44:06.885375,2026-01-09 19:44:07.720767,0 days 00:00:00.835392,7.0,0.25,5.5,0.3,5,12.5,15.0,0.25,0.08,3.0,10,15000000.0,40.0,2.25,200000,True,False,175,21d,2.5,0.25,1.5,0.7,0.35,any,2.0,4.0,False,COMPLETE
355,-0.04066949746962136,2026-01-09 19:44:07.723311,2026-01-09 19:44:21.217017,0 days 00:00:13.493706,7.0,0.3,4.5,0.4,5,20.0,12.5,0.15,0.08,3.0,15,15000000.0,40.0,1.5,300000,True,False,175,21d,2.5,0.25,1.5,0.7,0.35,breakout,2.0,3.0,False,COMPLETE
356,0.37324134568279843,2026-01-09 19:44:21.219808,2026-01-09 19:44:21.929860,0 days 00:00:00.710052,7.0,0.2,5.5,0.3,5,12.5,7.5,0.15,0.08,3.0,10,15000000.0,40.0,2.25,300000,True,False,175,21d,2.5,0.25,1.5,0.7,0.4,any,2.0,3.0,False,COMPLETE
357,-0.1062643393808579,2026-01-09 19:44:21.932456,2026-01-09 19:44:22.633964,0 days 00:00:00.701508,7.0,0.25,4.5,0.4,5,12.5,15.0,0.15,0.08,1.5,10,15000000.0,40.0,2.25,300000,True,False,175,21d,2.5,0.25,1.5,0.7,0.35,any,2.0,3.0,False,COMPLETE
358,0.31370595129619483,2026-01-09 19:44:22.636527,2026-01-09 19:44:23.325519,0 days 00:00:00.688992,7.0,0.3,5.5,0.3,5,12.5,15.0,0.15,0.08,3.0,10,15000000.0,40.0,2.25,300000,True,False,175,21d,2.5,0.25,1.5,0.7,0.35,any,2.0,3.5,False,COMPLETE
359,0.33904306375928533,2026-01-09 19:44:23.328113,2026-01-09 19:44:24.022949,0 days 00:00:00.694836,6.5,0.25,4.5,0.4,5,12.5,15.0,0.15,0.08,3.0,10,10000000.0,40.0,2.25,300000,True,False,200,21d,2.5,0.25,2.0,0.55,0.5,any,2.0,3.0,False,COMPLETE
360,0.2863545012190216,2026-01-09 19:44:24.025648,2026-01-09 19:44:24.723512,0 days 00:00:00.697864,7.0,0.3,5.5,0.4,5,12.5,7.5,0.15,0.08,3.0,10,15000000.0,50.0,2.25,300000,True,False,175,21d,2.5,0.35,1.5,0.7,0.35,any,1.5,3.0,False,COMPLETE
361,-999.0,2026-01-09 19:44:24.726204,2026-01-09 19:44:25.408353,0 days 00:00:00.682149,7.0,0.25,5.5,0.3,5,10.0,15.0,0.15,0.06,3.0,10,15000000.0,40.0,2.25,300000,True,False,175,21d,2.5,0.25,1.5,0.7,0.35,any,2.0,3.0,False,COMPLETE
362,0.37324134568279843,2026-01-09 19:44:25.411122,2026-01-09 19:44:26.089579,0 days 00:00:00.678457,7.0,0.3,4.5,0.4,5,12.5,15.0,0.15,0.08,3.0,10,15000000.0,40.0,2.25,300000,True,False,175,21d,2.5,0.25,1.5,0.7,0.45,any,2.0,3.0,False,COMPLETE
363,0.025337555146307443,2026-01-09 19:44:26.092039,2026-01-09 19:44:37.412790,0 days 00:00:11.320751,7.0,0.3,5.5,0.3,5,12.5,7.5,0.15,0.08,2.0,10,15000000.0,40.0,2.25,300000,True,False,175,21d,2.5,0.25,1.5,0.7,0.35,ath,2.0,3.0,False,COMPLETE
364,0.37324134568279843,2026-01-09 19:44:37.415483,2026-01-09 19:44:38.250903,0 days 00:00:00.835420,7.0,0.25,4.5,0.4,5,12.5,15.0,0.15,0.08,3.0,10,15000000.0,40.0,2.25,300000,True,False,175,21d,2.5,0.25,1.5,0.7,0.35,any,2.0,3.0,False,COMPLETE
365,0.37324134568279843,2026-01-09 19:44:38.253479,2026-01-09 19:44:39.158915,0 days 00:00:00.905436,7.0,0.3,5.5,0.4,5,12.5,15.0,0.15,0.08,3.0,10,15000000.0,40.0,2.25,300000,True,False,175,21d,2.5,0.25,1.5,0.7,0.35,any,2.0,3.0,False,COMPLETE
366,0.03323998413128735,2026-01-09 19:44:39.161380,2026-01-09 19:44:40.090209,0 days 00:00:00.928829,7.0,0.25,4.5,0.3,5,12.5,15.0,0.25,0.08,3.0,5,15000000.0,40.0,2.5,300000,True,False,150,21d,2.5,0.25,1.5,0.7,0.35,any,2.0,3.0,False,COMPLETE
367,0.37177463970522023,2026-01-09 19:44:40.093916,2026-01-09 19:44:41.062618,0 days 00:00:00.968702,7.0,0.3,5.5,0.4,5,12.5,7.5,0.15,0.08,3.0,10,15000000.0,40.0,2.25,500000,True,False,250,21d,2.5,0.25,1.5,0.7,0.35,any,2.0,3.0,False,COMPLETE
368,0.21181253152323118,2026-01-09 19:44:41.065162,2026-01-09 19:44:42.040184,0 days 00:00:00.975022,7.0,0.25,4.5,0.3,5,12.5,15.0,0.15,0.08,3.0,10,15000000.0,40.0,2.25,300000,False,False,175,21d,3.5,0.25,1.5,0.7,0.35,any,1.25,3.0,False,COMPLETE
369,0.37324134568279843,2026-01-09 19:44:42.043390,2026-01-09 19:44:55.700450,0 days 00:00:13.657060,7.0,0.3,5.5,0.4,5,12.5,15.0,0.15,0.07,3.0,10,15000000.0,40.0,2.25,300000,True,True,175,21d,2.5,0.25,1.5,0.7,0.35,vcp,2.0,3.0,False,COMPLETE
370,0.37324134568279843,2026-01-09 19:44:55.703189,2026-01-09 19:44:56.396426,0 days 00:00:00.693237,7.0,0.25,5.0,0.4,5,12.5,15.0,0.15,0.08,3.0,10,15000000.0,40.0,2.25,300000,True,False,175,21d,2.5,0.25,1.5,0.7,0.3,any,2.0,3.0,False,COMPLETE
371,-0.12062878546080183,2026-01-09 19:44:56.398773,2026-01-09 19:44:57.108622,0 days 00:00:00.709849,7.0,0.3,4.5,0.3,5,12.5,7.5,0.15,0.08,2.5,10,10000000.0,40.0,2.25,300000,True,False,175,21d,2.5,0.25,1.5,0.6,0.35,any,2.0,3.0,False,COMPLETE
372,0.37324134568279843,2026-01-09 19:44:57.111194,2026-01-09 19:44:58.040387,0 days 00:00:00.929193,7.0,0.25,5.5,0.4,7,12.5,15.0,0.15,0.08,3.0,10,15000000.0,40.0,2.25,300000,True,False,175,63d,2.5,0.25,1.5,0.7,0.4,any,2.0,3.0,False,COMPLETE
373,-0.29854449780037223,2026-01-09 19:44:58.042847,2026-01-09 19:44:58.995805,0 days 00:00:00.952958,7.0,0.3,4.5,0.3,5,17.5,15.0,0.15,0.08,3.0,10,15000000.0,40.0,1.75,300000,True,False,175,21d,2.5,0.25,1.5,0.7,0.35,any,2.0,3.0,False,COMPLETE
374,0.37324134568279843,2026-01-09 19:44:58.998732,2026-01-09 19:44:59.729180,0 days 00:00:00.730448,7.0,0.25,5.5,0.4,5,12.5,15.0,0.15,0.08,3.0,10,15000000.0,40.0,2.25,200000,True,False,175,21d,2.5,0.25,1.5,0.7,0.35,any,2.0,3.0,False,COMPLETE
375,0.37324134568279843,2026-01-09 19:44:59.731667,2026-01-09 19:45:00.444790,0 days 00:00:00.713123,7.0,0.3,4.5,0.4,5,12.5,7.5,0.15,0.08,3.0,10,15000000.0,60.0,2.25,300000,True,False,175,21d,2.5,0.25,2.0,0.7,0.35,any,2.0,3.0,False,COMPLETE
376,0.07760038026798902,2026-01-09 19:45:00.447840,2026-01-09 19:45:01.215609,0 days 00:00:00.767769,7.0,0.25,5.5,0.3,5,15.0,15.0,0.15,0.08,3.0,10,15000000.0,40.0,2.25,300000,True,False,175,21d,3.0,0.25,1.5,0.7,0.35,any,2.0,4.0,False,COMPLETE
377,0.31887174134566343,2026-01-09 19:45:01.218240,2026-01-09 19:45:02.136772,0 days 00:00:00.918532,7.0,0.2,4.5,0.4,5,12.5,15.0,0.15,0.08,3.0,15,15000000.0,40.0,2.25,300000,True,False,175,21d,2.5,0.25,1.5,0.7,0.35,any,2.0,3.0,False,COMPLETE
378,0.31982655913290053,2026-01-09 19:45:02.139853,2026-01-09 19:45:03.041418,0 days 00:00:00.901565,7.0,0.3,5.5,0.3,5,12.5,12.5,0.25,0.08,3.0,10,15000000.0,40.0,2.0,300000,True,False,175,21d,2.5,0.25,1.5,0.7,0.35,any,2.0,3.0,False,COMPLETE
379,0.37324134568279843,2026-01-09 19:45:03.043970,2026-01-09 19:45:04.006428,0 days 00:00:00.962458,7.0,0.25,4.5,0.4,5,12.5,15.0,0.15,0.08,3.0,10,15000000.0,40.0,2.25,300000,True,False,175,21d,2.5,0.25,1.5,0.7,0.35,any,2.0,3.0,False,COMPLETE
380,0.37324134568279843,2026-01-09 19:45:04.008928,2026-01-09 19:45:04.940059,0 days 00:00:00.931131,7.0,0.3,5.5,0.3,5,12.5,7.5,0.15,0.08,3.0,10,15000000.0,40.0,2.25,300000,True,False,175,21d,2.5,0.25,1.5,0.7,0.35,any,2.0,3.0,False,COMPLETE
381,0.22966722060731973,2026-01-09 19:45:04.943050,2026-01-09 19:45:06.151290,0 days 00:00:01.208240,7.0,0.25,4.5,0.4,5,12.5,15.0,0.15,0.08,3.0,10,15000000.0,40.0,2.25,300000,True,False,175,21d,2.5,0.35,1.5,0.55,0.35,any,2.0,3.5,False,COMPLETE
382,0.10669088878104407,2026-01-09 19:45:06.163528,2026-01-09 19:45:20.098944,0 days 00:00:13.935416,7.0,0.3,5.5,0.35,5,20.0,15.0,0.15,0.08,3.0,10,10000000.0,40.0,2.25,300000,True,False,175,21d,2.5,0.25,1.5,0.7,0.35,breakout,2.0,3.0,False,COMPLETE
383,-0.14564034928916095,2026-01-09 19:45:20.101721,2026-01-09 19:45:20.884151,0 days 00:00:00.782430,6.5,0.25,4.5,0.4,5,12.5,7.5,0.15,0.06,1.5,10,15000000.0,50.0,1.5,300000,True,False,175,21d,2.5,0.3,1.5,0.7,0.35,any,1.5,3.0,False,COMPLETE
384,0.08860596323247666,2026-01-09 19:45:20.887280,2026-01-09 19:45:35.120414,0 days 00:00:14.233134,6.0,0.3,5.5,0.3,5,12.5,15.0,0.2,0.08,3.0,10,15000000.0,40.0,2.25,300000,True,False,200,21d,2.5,0.25,1.5,0.7,0.4,ath,2.0,3.0,False,COMPLETE
385,0.37324134568279843,2026-01-09 19:45:35.123062,2026-01-09 19:45:35.934654,0 days 00:00:00.811592,7.0,0.25,4.5,0.4,5,12.5,15.0,0.15,0.08,3.0,10,15000000.0,40.0,2.25,300000,True,False,175,21d,2.5,0.25,1.5,0.7,0.5,any,2.0,3.0,False,COMPLETE
386,0.37324134568279843,2026-01-09 19:45:35.937429,2026-01-09 19:45:37.027813,0 days 00:00:01.090384,7.0,0.3,5.5,0.3,5,12.5,15.0,0.15,0.08,3.0,10,15000000.0,40.0,2.25,300000,True,False,175,21d,2.5,0.25,1.5,0.7,0.35,any,2.0,3.0,False,COMPLETE
387,-0.30882188509634206,2026-01-09 19:45:37.030417,2026-01-09 19:45:38.189182,0 days 00:00:01.158765,7.0,0.25,4.5,0.4,5,12.5,7.5,0.15,0.08,2.0,10,15000000.0,40.0,2.25,300000,True,False,175,21d,2.5,0.25,1.5,0.7,0.35,any,2.0,3.0,False,COMPLETE
388,-999.0,2026-01-09 19:45:38.191850,2026-01-09 19:45:39.213670,0 days 00:00:01.021820,7.0,0.3,5.5,0.4,7,10.0,15.0,0.15,0.08,3.0,10,15000000.0,40.0,2.25,300000,False,True,175,21d,2.5,0.25,1.5,0.7,0.35,any,2.0,3.0,False,COMPLETE
389,0.37324134568279843,2026-01-09 19:45:39.216068,2026-01-09 19:45:40.357964,0 days 00:00:01.141896,7.0,0.25,5.5,0.3,5,12.5,15.0,0.15,0.08,3.0,5,15000000.0,40.0,2.25,500000,True,False,175,21d,2.5,0.25,1.5,0.7,0.45,any,2.0,3.0,False,COMPLETE
390,0.26820028963127013,2026-01-09 19:45:40.360349,2026-01-09 19:45:41.482966,0 days 00:00:01.122617,7.0,0.3,4.5,0.4,5,12.5,15.0,0.15,0.08,3.0,10,15000000.0,40.0,2.25,300000,True,False,150,21d,3.5,0.25,1.5,0.7,0.35,any,2.0,3.0,False,COMPLETE
391,0.3140861377041383,2026-01-09 19:45:41.485330,2026-01-09 19:45:42.612262,0 days 00:00:01.126932,7.0,0.3,5.5,0.3,5,12.5,7.5,0.25,0.07,3.0,10,15000000.0,40.0,2.25,300000,True,False,175,63d,2.5,0.25,1.5,0.7,0.35,any,1.25,3.0,False,COMPLETE
392,0.03472090720622946,2026-01-09 19:45:42.615047,2026-01-09 19:45:43.893588,0 days 00:00:01.278541,7.0,0.25,5.0,0.4,5,12.5,10.0,0.15,0.08,3.0,10,15000000.0,40.0,2.5,300000,True,False,250,21d,2.5,0.25,1.5,0.7,0.35,any,2.0,3.0,False,COMPLETE
393,0.37324134568279843,2026-01-09 19:45:43.896082,2026-01-09 19:45:55.736194,0 days 00:00:11.840112,7.0,0.3,4.5,0.4,5,12.5,15.0,0.15,0.08,3.0,10,10000000.0,40.0,2.25,300000,True,False,175,21d,2.5,0.25,1.5,0.7,0.35,vcp,2.0,3.0,False,COMPLETE
394,0.3523758216317183,2026-01-09 19:45:55.740476,2026-01-09 19:45:58.814920,0 days 00:00:03.074444,7.0,0.25,5.5,0.3,5,12.5,15.0,0.15,0.08,3.0,10,15000000.0,40.0,2.25,300000,True,False,175,21d,2.5,0.25,2.0,0.6,0.35,any,2.0,3.0,False,COMPLETE
395,-0.01899533235920463,2026-01-09 19:45:58.817424,2026-01-09 19:45:59.887717,0 days 00:00:01.070293,7.0,0.3,4.5,0.4,5,12.5,15.0,0.15,0.08,2.5,10,15000000.0,40.0,2.25,300000,True,False,175,21d,2.5,0.25,1.5,0.7,0.35,any,2.0,3.0,False,COMPLETE
396,0.37324134568279843,2026-01-09 19:45:59.890772,2026-01-09 19:46:00.860898,0 days 00:00:00.970126,7.0,0.25,5.5,0.3,5,12.5,7.5,0.15,0.08,3.0,10,15000000.0,40.0,2.25,300000,True,False,175,21d,2.5,0.25,1.5,0.7,0.3,any,2.0,3.0,False,COMPLETE
397,0.282388799464135,2026-01-09 19:46:00.863400,2026-01-09 19:46:01.883068,0 days 00:00:01.019668,7.0,0.3,4.5,0.4,5,12.5,15.0,0.15,0.08,3.0,10,15000000.0,40.0,2.25,200000,True,False,175,21d,3.0,0.25,1.5,0.7,0.35,any,2.0,3.0,False,COMPLETE
398,0.3175324100507025,2026-01-09 19:46:01.886819,2026-01-09 19:46:03.124940,0 days 00:00:01.238121,7.0,0.25,5.5,0.4,5,12.5,15.0,0.15,0.08,3.0,10,15000000.0,40.0,2.25,300000,True,False,175,21d,2.5,0.25,1.5,0.7,0.35,any,2.0,4.0,False,COMPLETE
399,0.31887174134566343,2026-01-09 19:46:03.127661,2026-01-09 19:46:04.232526,0 days 00:00:01.104865,7.0,0.3,4.5,0.3,5,12.5,15.0,0.15,0.08,3.0,15,15000000.0,40.0,2.25,300000,True,False,175,21d,2.5,0.25,1.5,0.7,0.35,any,2.0,3.0,False,COMPLETE
400,-0.18984935409837853,2026-01-09 19:46:04.235315,2026-01-09 19:46:05.321177,0 days 00:00:01.085862,7.0,0.25,5.5,0.4,5,17.5,7.5,0.15,0.08,3.0,10,15000000.0,60.0,1.75,300000,True,False,175,21d,2.5,0.25,1.5,0.7,0.35,any,2.0,3.0,False,COMPLETE
401,0.37324134568279843,2026-01-09 19:46:05.323769,2026-01-09 19:46:06.480024,0 days 00:00:01.156255,7.0,0.2,4.5,0.3,5,12.5,15.0,0.15,0.08,3.0,10,15000000.0,40.0,2.25,300000,True,False,175,21d,2.5,0.25,1.5,0.7,0.4,any,2.0,3.0,False,COMPLETE
402,0.0853619114862582,2026-01-09 19:46:06.482507,2026-01-09 19:46:07.472579,0 days 00:00:00.990072,6.5,0.3,5.5,0.4,5,15.0,12.5,0.15,0.08,3.0,10,15000000.0,40.0,2.25,300000,True,False,175,21d,2.5,0.25,1.5,0.7,0.35,any,2.0,3.5,False,COMPLETE
403,0.325069426210528,2026-01-09 19:46:07.475554,2026-01-09 19:46:08.535551,0 days 00:00:01.059997,7.0,0.25,4.5,0.35,5,12.5,15.0,0.25,0.08,3.0,10,15000000.0,40.0,2.25,300000,True,False,175,21d,2.5,0.35,1.5,0.7,0.35,any,2.0,3.0,False,COMPLETE
404,0.33933234060417977,2026-01-09 19:46:08.537927,2026-01-09 19:46:19.895762,0 days 00:00:11.357835,7.0,0.3,5.5,0.3,5,12.5,7.5,0.15,0.08,3.0,10,15000000.0,40.0,2.25,300000,True,False,175,21d,2.5,0.25,1.5,0.55,0.35,breakout,2.0,3.0,False,COMPLETE
405,0.3130451217942922,2026-01-09 19:46:19.898382,2026-01-09 19:46:20.824136,0 days 00:00:00.925754,6.0,0.25,4.5,0.4,5,12.5,15.0,0.15,0.06,3.0,10,10000000.0,40.0,2.0,300000,True,False,175,21d,2.5,0.3,1.5,0.7,0.35,any,2.0,3.0,False,COMPLETE
406,0.37324134568279843,2026-01-09 19:46:20.827173,2026-01-09 19:46:21.817442,0 days 00:00:00.990269,7.0,0.3,5.5,0.4,5,12.5,15.0,0.2,0.08,3.0,10,15000000.0,50.0,2.25,300000,False,False,175,21d,2.5,0.25,1.5,0.7,0.35,any,2.0,3.0,False,COMPLETE
407,-0.12591816615789198,2026-01-09 19:46:21.820142,2026-01-09 19:46:22.836553,0 days 00:00:01.016411,7.0,0.25,4.5,0.3,7,12.5,15.0,0.15,0.08,1.5,10,15000000.0,40.0,2.25,300000,True,True,175,21d,2.5,0.25,1.5,0.7,0.35,any,1.5,3.0,False,COMPLETE
408,-0.012133071336512414,2026-01-09 19:46:22.839404,2026-01-09 19:46:37.530811,0 days 00:00:14.691407,7.0,0.3,5.5,0.4,5,12.5,7.5,0.15,0.08,3.0,10,15000000.0,40.0,1.5,300000,True,False,175,21d,2.5,0.25,1.5,0.7,0.35,ath,2.0,3.0,False,COMPLETE
409,-0.1743558366358599,2026-01-09 19:46:37.533360,2026-01-09 19:46:38.290180,0 days 00:00:00.756820,7.0,0.25,4.5,0.3,5,20.0,15.0,0.15,0.08,3.0,10,15000000.0,40.0,2.25,300000,True,False,200,21d,2.5,0.25,1.5,0.7,0.35,any,2.0,3.0,False,COMPLETE
410,0.37324134568279843,2026-01-09 19:46:38.292831,2026-01-09 19:46:39.092910,0 days 00:00:00.800079,7.0,0.3,5.5,0.4,5,12.5,15.0,0.15,0.08,3.0,10,15000000.0,40.0,2.25,300000,True,False,175,63d,2.5,0.25,1.5,0.7,0.5,any,2.0,3.0,False,COMPLETE
411,-0.34256514135864297,2026-01-09 19:46:39.095465,2026-01-09 19:46:39.874180,0 days 00:00:00.778715,7.0,0.25,4.5,0.4,5,12.5,15.0,0.15,0.08,2.0,5,15000000.0,40.0,2.25,500000,True,False,175,21d,2.5,0.25,1.5,0.7,0.35,any,2.0,3.0,False,COMPLETE
412,0.282388799464135,2026-01-09 19:46:39.876670,2026-01-09 19:46:40.626220,0 days 00:00:00.749550,7.0,0.3,5.5,0.3,5,12.5,7.5,0.15,0.08,3.0,10,15000000.0,40.0,2.25,300000,True,False,175,21d,3.5,0.25,1.5,0.7,0.45,any,2.0,3.0,False,COMPLETE
413,0.37324134568279843,2026-01-09 19:46:40.628574,2026-01-09 19:46:41.350346,0 days 00:00:00.721772,7.0,0.25,5.0,0.4,5,12.5,15.0,0.15,0.07,3.0,10,15000000.0,40.0,2.25,300000,True,False,175,21d,2.5,0.25,2.0,0.7,0.35,any,2.0,3.0,False,COMPLETE
414,-999.0,2026-01-09 19:46:41.353372,2026-01-09 19:46:42.087573,0 days 00:00:00.734201,7.0,0.3,4.5,0.3,5,10.0,10.0,0.15,0.08,3.0,10,15000000.0,40.0,2.25,300000,True,False,175,21d,2.5,0.25,1.5,0.7,0.35,any,1.25,3.0,False,COMPLETE
415,0.37269536795768,2026-01-09 19:46:42.090406,2026-01-09 19:46:42.846038,0 days 00:00:00.755632,7.0,0.25,5.5,0.4,5,12.5,15.0,0.15,0.08,3.0,10,15000000.0,40.0,2.25,300000,True,False,150,21d,2.5,0.25,1.5,0.7,0.4,any,2.0,3.0,False,COMPLETE
416,0.37324134568279843,2026-01-09 19:46:42.848797,2026-01-09 19:46:54.378506,0 days 00:00:11.529709,7.0,0.3,4.5,0.4,5,12.5,15.0,0.25,0.08,3.0,10,10000000.0,40.0,2.25,300000,True,False,175,21d,2.5,0.25,1.5,0.7,0.35,vcp,2.0,3.0,False,COMPLETE
417,0.37177463970522023,2026-01-09 19:46:54.381040,2026-01-09 19:46:55.073116,0 days 00:00:00.692076,7.0,0.25,5.5,0.3,5,12.5,7.5,0.15,0.08,3.0,10,15000000.0,40.0,2.25,300000,True,False,250,21d,2.5,0.25,1.5,0.7,0.35,any,2.0,3.0,False,COMPLETE
418,0.37324134568279843,2026-01-09 19:46:55.075589,2026-01-09 19:46:55.770800,0 days 00:00:00.695211,7.0,0.3,4.5,0.4,5,12.5,15.0,0.15,0.08,3.0,10,15000000.0,40.0,2.25,300000,True,False,175,21d,2.5,0.25,1.5,0.7,0.35,any,2.0,3.0,False,COMPLETE
419,0.07032163436738194,2026-01-09 19:46:55.773371,2026-01-09 19:46:56.473988,0 days 00:00:00.700617,7.0,0.25,5.5,0.3,5,12.5,15.0,0.15,0.08,3.0,10,15000000.0,40.0,2.5,300000,True,False,175,21d,3.0,0.25,1.5,0.6,0.35,any,2.0,3.0,False,COMPLETE
