day_idx,col_idx,exit_type_code,exit_price,shares,pnl,entry_day_idx,initial_risk,context_rvol,context_adr,context_volume,entry_score,stop_loss,tp1_target,tp2_target,exit_date,entry_date,symbol,exit_phase,monetary_risk,adjusted_risk_dollars,base_risk_dollars,context_vol,return_pct,entry_price,context_dollar_vol,signal_type,dist_sma20_pct,rs_percentile,pattern_confidence,pattern_type,pattern_bonus,stop_distance,stop_distance_pct,risk_per_share,r_multiple,outcome,is_big_win,is_big_loss
17.0,14.0,0.0,57.16829299926758,190.0,-1230.6671905517578,15.0,1000.0,0.7514509558677673,2.656637191772461,4969300.0,0.5,58.4014778137207,74.13350677490234,81.99952697753906,2019-01-28,2019-01-24,ABBV,STOP,1000.0,1000.0,1000.0,4969300.0,-10.176991123921837,63.64548873901367,316273527.19078064,MOMENTUM,-2.1219875812530518,,0.0,NONE,0.0,5.2631578947368425,8.269490892463853,5.2631578947368425,-1.2306671905517579,LOSS,False,True
36.0,4.0,0.0,137.60572814941406,86.0,0.0,15.0,1000.0,0.9487376809120178,3.198870897293091,1207800.0,0.5,137.60572814941406,160.75228881835938,178.11221313476562,2019-02-25,2019-01-24,AAP,STOP,1000.0,1000.0,1000.0,1207800.0,0.0,137.60572814941406,166200198.4588623,MOMENTUM,-2.6833484172821045,,0.0,NONE,0.0,11.627906976744185,8.450162019504344,11.627906976744185,0.0,BE,False,False
59.0,77.0,1.0,158.4260711669922,37.0,835.8157501220703,15.0,1000.0,0.9169284105300903,2.2616922855377197,1989400.0,0.5,135.83645629882812,157.3198699951172,173.43243408203125,2019-03-28,2019-01-24,ACN,TP1,1000.0,1000.0,1000.0,1989400.0,16.63000897083837,135.83645629882812,270233046.1608887,MOMENTUM,3.8981869220733643,,0.0,NONE,0.0,27.027027027027028,19.89674036222645,27.027027027027028,0.8358157501220703,WIN,False,False
92.0,0.0,0.0,64.42735290527344,183.0,-765.6856155395508,15.0,1000.0,1.0013724565505981,2.4911038875579834,2050300.0,0.5,68.6114273071289,79.5086441040039,87.68156433105469,2019-05-15,2019-01-24,A,STOP,1000.0,1000.0,1000.0,2050300.0,-6.09821798798337,68.6114273071289,140674009.4078064,MOMENTUM,5.216791152954102,,0.0,NONE,0.0,5.46448087431694,7.964388861721241,5.46448087431694,-0.7656856155395508,LOSS,False,False
97.0,112.0,0.0,32.65781784057617,351.0,-997.7652740478516,15.0,1000.0,0.8111433386802673,1.9504883289337158,2554700.0,0.5,32.65781784057617,41.18572998046875,45.449684143066406,2019-05-22,2019-01-24,ADM,STOP,1000.0,1000.0,1000.0,2554700.0,-8.007323265455156,35.50045394897461,90693009.70344543,MOMENTUM,2.841270923614502,,0.0,NONE,0.0,2.849002849002849,8.0252575167004,2.849002849002849,-0.9977652740478515,LOSS,False,False
101.0,357.0,0.0,296.140380859375,37.0,-979.3753662109375,94.0,1000.0,0.7305527925491333,3.629114866256714,865800.0,0.9908083081245422,296.140380859375,375.5491943359375,415.2535705566406,2019-05-29,2019-05-17,ALGN,STOP,1000.0,1000.0,1000.0,865800.0,-8.204831125528365,322.6099853515625,279315725.3173828,MOMENTUM,1.5864087343215942,37.84764207980653,0.0,NONE,0.0,27.027027027027028,8.377616395715238,27.027027027027028,-0.9793753662109375,LOSS,False,False
103.0,4021.0,0.0,62.67226028442383,183.0,-998.7519035339355,94.0,1000.0,1.055762529373169,1.99844229221344,2979800.0,0.9824120998382568,62.67226028442383,79.04524230957031,87.23173522949219,2019-05-31,2019-05-17,TSN,STOP,1000.0,1000.0,1000.0,2979800.0,-8.010666382976341,68.12992095947266,203013538.47503662,MOMENTUM,7.083278179168701,94.24425634824668,0.0,NONE,0.0,5.46448087431694,8.020676961547494,5.46448087431694,-0.9987519035339355,LOSS,False,False
110.0,15.0,1.0,72.5617904663086,80.0,791.4108276367188,15.0,1000.0,1.3899255990982056,2.547060489654541,10196300.0,0.5,62.66915512084961,72.5617904663086,79.98126983642578,2019-06-11,2019-01-24,ABC,TP1,1000.0,1000.0,1000.0,10196300.0,15.78549340003432,62.66915512084961,638993506.3587189,MOMENTUM,1.8325616121292114,,0.0,NONE,0.0,12.5,19.946016466785483,12.5,0.7914108276367188,WIN,False,False
110.0,29.0,1.0,72.5617904663086,80.0,791.4108276367188,15.0,1000.0,1.3899255990982056,2.547060489654541,10196300.0,0.5,62.66915512084961,72.5617904663086,79.98126983642578,2019-06-11,2019-01-24,ABMD,TP1,1000.0,1000.0,1000.0,10196300.0,15.78549340003432,62.66915512084961,638993506.3587189,MOMENTUM,1.8325616121292114,,0.0,NONE,0.0,12.5,19.946016466785483,12.5,0.7914108276367188,WIN,False,False
110.0,41.0,1.0,72.56180572509766,80.0,791.4111328125,15.0,1000.0,1.3899255990982056,2.547060489654541,10196300.0,0.5,62.669166564941406,72.56180572509766,79.98128509521484,2019-06-11,2019-01-24,ABT,TP1,1000.0,1000.0,1000.0,10196300.0,15.78549660446645,62.669166564941406,638993623.0461121,MOMENTUM,1.8325790166854858,,0.0,NONE,0.0,12.5,19.94601282441945,12.5,0.7914111328125,WIN,False,False
126.0,77.0,2.0,174.19610595703125,46.0,1764.5438842773438,15.0,1000.0,0.9169284105300903,2.2616922855377197,1989400.0,0.5,135.83645629882812,157.3198699951172,173.43243408203125,2019-07-03,2019-01-24,ACN,TP2,1000.0,1000.0,1000.0,1989400.0,28.239583616503737,135.83645629882812,270233046.1608887,MOMENTUM,3.8981869220733643,,0.0,NONE,0.0,21.73913043478261,16.003899856573447,21.73913043478261,1.7645438842773438,WIN,False,False
145.0,4121.0,0.0,48.0417366027832,258.0,0.0,94.0,1000.0,1.2977510690689087,2.129213809967041,2374800.0,0.9776610136032104,48.0417366027832,55.793373107910156,61.60710525512695,2019-07-31,2019-05-17,XRAY,STOP,1000.0,1000.0,1000.0,2374800.0,0.0,48.0417366027832,114089516.08428955,MOMENTUM,2.9253392219543457,94.41354292623943,0.0,NONE,0.0,3.875968992248062,8.067920242549091,3.875968992248062,0.0,BE,False,False
146.0,1287.0,0.0,13.84000015258789,822.0,0.0,146.0,1000.0,1.222784161567688,5.7262492179870605,2575.0,0.9727355241775513,13.84000015258789,16.27199935913086,18.09600067138672,2019-08-01,2019-08-01,BYFC,STOP,1000.0,1000.0,1000.0,2575.0,0.0,13.84000015258789,35638.00039291382,MOMENTUM,-6.889127254486084,81.136638452237,0.0,NONE,0.0,1.2165450121654502,8.790065019890719,1.2165450121654502,0.0,BE,False,False
148.0,77.0,3.0,169.25221252441406,10.0,334.1575622558594,15.0,1000.0,0.9169284105300903,2.2616922855377197,1989400.0,0.5,135.83645629882812,157.3198699951172,173.43243408203125,2019-08-05,2019-01-24,ACN,RUNNER,1000.0,1000.0,1000.0,1989400.0,24.599991148233613,135.83645629882812,270233046.1608887,MOMENTUM,3.8981869220733643,,0.0,NONE,0.0,100.0,73.61793934023785,100.0,0.33415756225585935,WIN,False,False
148.0,1976.0,0.0,108.4267807006836,106.0,-1003.5694274902344,109.0,1000.0,0.8629053235054016,1.7082934379577637,823600.0,0.9814770817756653,108.54280090332031,136.59764099121094,150.62506103515625,2019-08-05,2019-06-10,DFS,STOP,1000.0,1000.0,1000.0,823600.0,-8.030605998696535,117.89441680908203,97097841.68395996,MOMENTUM,6.452917575836182,5.852478839177751,0.0,NONE,0.0,9.433962264150944,8.002043285415528,9.433962264150944,-1.0035694274902345,LOSS,False,True
148.0,2013.0,0.0,108.4267807006836,106.0,-1003.5694274902344,109.0,1000.0,0.8629053235054016,1.7082934379577637,823600.0,0.9814770817756653,108.54280090332031,136.59764099121094,150.62506103515625,2019-08-05,2019-06-10,DISCA,STOP,1000.0,1000.0,1000.0,823600.0,-8.030605998696535,117.89441680908203,97097841.68395996,MOMENTUM,6.452917575836182,5.852478839177751,0.0,NONE,0.0,9.433962264150944,8.002043285415528,9.433962264150944,-1.0035694274902345,LOSS,False,True
148.0,2014.0,0.0,108.4267807006836,106.0,-1003.5694274902344,109.0,1000.0,0.8629053235054016,1.7082934379577637,823600.0,0.9814770817756653,108.54280090332031,136.59764099121094,150.62506103515625,2019-08-05,2019-06-10,DISCK,STOP,1000.0,1000.0,1000.0,823600.0,-8.030605998696535,117.89441680908203,97097841.68395996,MOMENTUM,6.452917575836182,5.852478839177751,0.0,NONE,0.0,9.433962264150944,8.002043285415528,9.433962264150944,-1.0035694274902345,LOSS,False,True
149.0,3040.0,0.0,2.990000009536743,3846.0,-999.9599633216858,146.0,1000.0,0.6025306582450867,5.397148132324219,30000.0,0.9794042110443115,2.990000009536743,3.7699999809265137,4.159999847412109,2019-08-06,2019-08-01,KRMD,STOP,1000.0,1000.0,1000.0,30000.0,-7.9999997065617485,3.25,97500.0,MOMENTUM,2.7830491065979004,1.7896009673518742,0.0,NONE,0.0,0.26001040041601664,8.000320012800511,0.26001040041601664,-0.9999599633216858,LOSS,False,False
152.0,563.0,0.0,5.8684000968933105,2166.0,-999.8252248764038,152.0,1000.0,1.3576558828353882,6.709553241729736,2317600.0,1.0,5.8684000968933105,7.253200054168701,7.9456000328063965,2019-08-09,2019-08-09,APPS,STOP,1000.0,1000.0,1000.0,2317600.0,-7.292256435644459,6.329999923706055,14670407.823181152,MOMENTUM,16.757354736328125,12.889963724304716,0.0,NONE,0.0,0.4616805170821791,7.293531163455004,0.4616805170821791,-0.9998252248764038,LOSS,False,False
155.0,708.0,0.0,37.5,277.0,-1592.75,152.0,1000.0,0.7857012748718262,4.167610168457031,151000.0,1.0,39.64680099487305,50.45640182495117,55.86119842529297,2019-08-14,2019-08-09,ATEX,STOP,1000.0,1000.0,1000.0,151000.0,-13.294797687861271,43.25,6530750.0,MOMENTUM,-2.8842813968658447,42.68440145102781,0.0,NONE,0.0,3.6101083032490973,8.347071221385196,3.6101083032490973,-1.59275,LOSS,False,True
160.0,658.0,1.0,34.5,171.0,849.8698825836182,146.0,1000.0,0.8267106413841248,3.483785629272461,840000.0,0.9644646644592285,29.530000686645508,34.17959976196289,37.66680145263672,2019-08-21,2019-08-01,ARWR,TP1,1000.0,1000.0,1000.0,840000.0,16.83033930846503,29.530000686645508,24805200.576782227,MOMENTUM,4.165934085845947,76.59008464328899,0.0,NONE,0.0,5.847953216374269,19.80343068200102,5.847953216374269,0.8498698825836182,WIN,False,False
172.0,563.0,0.0,6.809999942779541,1698.0,-1120.6797409057617,170.0,1000.0,0.6992016434669495,7.94809627532959,2097500.0,0.9826949238777161,6.881199836730957,8.647600173950195,9.530799865722656,2019-09-09,2019-09-05,APPS,STOP,1000.0,1000.0,1000.0,2097500.0,-8.835339570942297,7.46999979019165,15668324.559926987,MOMENTUM,7.319873332977295,64.03869407496977,0.0,NONE,0.0,0.5889281507656066,7.883911208925174,0.5889281507656066,-1.1206797409057616,LOSS,False,True
172.0,658.0,0.0,28.700000762939453,259.0,-214.96998023986816,146.0,1000.0,0.8267106413841248,3.483785629272461,840000.0,0.9644646644592285,29.530000686645508,34.17959976196289,37.66680145263672,2019-09-09,2019-08-01,ARWR,STOP,1000.0,1000.0,1000.0,840000.0,-2.8107006583356076,29.530000686645508,24805200.576782227,MOMENTUM,4.165934085845947,76.59008464328899,0.0,NONE,0.0,3.861003861003861,13.074851917460133,3.861003861003861,-0.21496998023986816,LOSS,False,False
175.0,2256.0,1.0,32.27000045776367,181.0,796.3999309539795,170.0,1000.0,0.7189542651176453,5.988767623901367,4400.0,0.9813546538352966,27.8700008392334,32.27000045776367,35.56999969482422,2019-09-12,2019-09-05,ENLV,TP1,1000.0,1000.0,1000.0,4400.0,15.787583372930037,27.8700008392334,122628.00369262695,MOMENTUM,2.9800314903259277,71.48730350665055,0.0,NONE,0.0,5.524861878453039,19.823687520940194,5.524861878453039,0.7963999309539795,WIN,False,False
176.0,184.0,0.0,9.192416191101074,1118.0,-1070.7659244537354,170.0,1000.0,0.889643669128418,5.092230319976807,4934800.0,0.9855777621269226,9.25600528717041,11.938491821289062,13.279735565185547,2019-09-13,2019-09-05,AG,STOP,1000.0,1000.0,1000.0,4934800.0,-9.43581746204298,10.150167465209961,50089046.407318115,MOMENTUM,-3.4514904022216797,3.555018137847642,0.0,NONE,0.0,0.8944543828264758,8.812213058476603,0.8944543828264758,-1.0707659244537353,LOSS,False,True
177.0,2256.0,2.0,35.56999969482422,227.0,1747.8997402191162,170.0,1000.0,0.7189542651176453,5.988767623901367,4400.0,0.9813546538352966,27.8700008392334,32.27000045776367,35.56999969482422,2019-09-16,2019-09-05,ENLV,TP2,1000.0,1000.0,1000.0,4400.0,27.628269191694145,27.8700008392334,122628.00369262695,MOMENTUM,2.9800314903259277,71.48730350665055,0.0,NONE,0.0,4.405286343612334,15.806552604802532,4.405286343612334,1.7478997402191163,WIN,False,False
184.0,3150.0,0.0,18.965599060058594,597.0,-999.6169967651367,177.0,1000.0,0.8810810446739197,4.909332752227783,1713500.0,0.9318556189537048,18.965599060058594,23.988800048828125,26.500398635864258,2019-09-25,2019-09-16,LSCC,STOP,1000.0,1000.0,1000.0,1713500.0,-8.112404937519544,20.639999389648438,35366638.9541626,MOMENTUM,4.691855430603027,23.579201934703747,0.0,NONE,0.0,1.6750418760469012,8.115513205329762,1.6750418760469012,-0.9996169967651367,LOSS,False,False
185.0,2256.0,0.0,27.700000762939453,46.0,-7.820003509521484,170.0,1000.0,0.7189542651176453,5.988767623901367,4400.0,0.9813546538352966,27.8700008392334,32.27000045776367,35.56999969482422,2019-09-26,2019-09-05,ENLV,STOP,1000.0,1000.0,1000.0,4400.0,-0.6099751387686768,27.8700008392334,122628.00369262695,MOMENTUM,2.9800314903259277,71.48730350665055,0.0,NONE,0.0,21.73913043478261,78.00190089761251,21.73913043478261,-0.007820003509521485,LOSS,False,False
189.0,3415.0,0.0,62.19742965698242,198.0,-61.11742401123047,177.0,1000.0,0.7640749216079712,3.078603982925415,37790.0,0.9460105299949646,62.506103515625,72.55646514892578,80.09424591064453,2019-10-02,2019-09-16,NCMI,STOP,1000.0,1000.0,1000.0,37790.0,-0.49382994824724147,62.506103515625,2362105.6518554688,MOMENTUM,2.7462360858917236,24.425634824667473,0.0,NONE,0.0,5.05050505050505,8.080019016451006,5.05050505050505,-0.06111742401123047,LOSS,False,False
239.0,101.0,0.0,53.44707107543945,232.0,-101.62744140625,152.0,1000.0,1.3875088691711426,2.057551860809326,391000.0,1.0,53.8851203918457,62.50063705444336,68.96227264404297,2019-12-12,2019-08-09,ADC,STOP,1000.0,1000.0,1000.0,391000.0,-0.8129318691705825,53.8851203918457,21069082.07321167,MOMENTUM,5.958076000213623,35.96130592503023,0.0,NONE,0.0,4.310344827586207,7.999137417234908,4.310344827586207,-0.10162744140625,LOSS,False,False
240.0,1518.0,0.0,4049.60009765625,2.0,-820.7998046875,240.0,1000.0,1.0,12.002434730529785,67.0,0.6241616010665894,4049.60009765625,5280.7998046875,5896.39990234375,2019-12-13,2019-12-13,CHR,STOP,1000.0,1000.0,1000.0,67.0,-9.201791532371075,4460.0,298820.0,MOMENTUM,-11.186339378356934,54.84885126964934,0.0,NONE,0.0,500.0,11.210762331838566,500.0,-0.8207998046875,LOSS,False,False
243.0,2852.0,1.0,44.406707763671875,128.0,795.04931640625,177.0,1000.0,1.0894049406051636,3.0438807010650635,133000.0,0.9621776342391968,38.19538497924805,44.406707763671875,49.06520462036133,2019-12-18,2019-09-16,IMKTA,TP1,1000.0,1000.0,1000.0,133000.0,16.261971931421833,38.19538497924805,5079986.20223999,MOMENTUM,4.383747577667236,79.75816203143894,0.0,NONE,0.0,7.8125,20.454041775582606,7.8125,0.79504931640625,WIN,False,False
252.0,2303.0,0.0,33.15999984741211,358.0,0.0,240.0,1000.0,0.7898935079574585,7.070077419281006,485200.0,0.9552856683731079,33.15999984741211,38.7327995300293,42.91239929199219,2020-01-02,2019-12-13,EVER,STOP,1000.0,1000.0,1000.0,485200.0,0.0,33.15999984741211,16089231.925964355,MOMENTUM,-2.67954158782959,9.528415961305924,0.0,NONE,0.0,2.793296089385475,8.42369150253018,2.793296089385475,0.0,BE,False,False
260.0,1902.0,0.0,84.12999725341797,128.0,-993.2802734375,240.0,1000.0,1.6837234497070312,3.985715389251709,2405300.0,0.9621461033821106,84.12999725341797,107.40999603271484,119.05000305175781,2020-01-14,2019-12-13,CVNA,STOP,1000.0,1000.0,1000.0,2405300.0,-8.444882128386046,91.88999938964844,221023015.5319214,MOMENTUM,1.3908265829086304,95.30834340991535,0.0,NONE,0.0,7.8125,8.502013333215988,7.8125,-0.9932802734375,LOSS,False,False
263.0,15.0,2.0,79.98677062988281,101.0,1749.0791664123535,15.0,1000.0,1.3899255990982056,2.547060489654541,10196300.0,0.5,62.66915512084961,72.5617904663086,79.98126983642578,2020-01-17,2019-01-24,ABC,TP2,1000.0,1000.0,1000.0,10196300.0,27.633395528690873,62.66915512084961,638993506.3587189,MOMENTUM,1.8325616121292114,,0.0,NONE,0.0,9.900990099009901,15.798824924186519,9.900990099009901,1.7490791664123535,WIN,False,False
263.0,29.0,2.0,79.98677062988281,101.0,1749.0791664123535,15.0,1000.0,1.3899255990982056,2.547060489654541,10196300.0,0.5,62.66915512084961,72.5617904663086,79.98126983642578,2020-01-17,2019-01-24,ABMD,TP2,1000.0,1000.0,1000.0,10196300.0,27.633395528690873,62.66915512084961,638993506.3587189,MOMENTUM,1.8325616121292114,,0.0,NONE,0.0,9.900990099009901,15.798824924186519,9.900990099009901,1.7490791664123535,WIN,False,False
263.0,41.0,2.0,79.98676300048828,101.0,1749.0772399902344,15.0,1000.0,1.3899255990982056,2.547060489654541,10196300.0,0.5,62.669166564941406,72.56180572509766,79.98128509521484,2020-01-17,2019-01-24,ABT,TP2,1000.0,1000.0,1000.0,10196300.0,27.633360047323087,62.669166564941406,638993623.0461121,MOMENTUM,1.8325790166854858,,0.0,NONE,0.0,9.900990099009901,15.79882203914412,9.900990099009901,1.7490772399902343,WIN,False,False
268.0,1758.0,0.0,23.42510986328125,522.0,-114.52302932739258,261.0,1000.0,2.1652162075042725,3.1222431659698486,592100.0,0.9670261144638062,23.644502639770508,27.472299575805664,30.34314727783203,2020-01-27,2020-01-15,COHU,STOP,1000.0,1000.0,1000.0,592100.0,-0.9278806995087093,23.644502639770508,13999910.013008118,MOMENTUM,4.267903804779053,17.69587503051013,0.0,NONE,0.0,1.9157088122605364,8.102131990030855,1.9157088122605364,-0.11452302932739258,LOSS,False,False
270.0,1294.0,0.0,2.0999999046325684,5434.0,0.0,269.0,1000.0,1.059154987335205,25.640697479248047,1880.0,0.948154866695404,2.0999999046325684,2.4679999351501465,2.74399995803833,2020-01-29,2020-01-28,BYRN,STOP,1000.0,1000.0,1000.0,1880.0,0.0,2.0999999046325684,3947.9998207092285,MOMENTUM,-8.89371395111084,81.95888754534462,0.0,NONE,0.0,0.1840264998159735,8.763167055865754,0.1840264998159735,0.0,BE,False,False
271.0,2722.0,0.0,2.734133720397949,4633.0,0.0,269.0,1000.0,0.8409839868545532,7.381283283233643,1674500.0,0.9566484689712524,2.734133720397949,3.1657466888427734,3.4894564151763916,2020-01-30,2020-01-28,HIMX,STOP,1000.0,1000.0,1000.0,1674500.0,0.0,2.734133720397949,4578306.914806366,MOMENTUM,4.556891441345215,60.60459492140266,0.0,NONE,0.0,0.2158428663932657,7.894378566160622,0.2158428663932657,0.0,BE,False,False
271.0,3515.0,0.0,4.604799747467041,2408.0,-999.8021621704102,261.0,1000.0,0.9018009901046753,9.527745246887207,34300.0,0.9735822081565857,4.604799747467041,5.850399971008301,6.473199844360352,2020-01-30,2020-01-15,NSYS,STOP,1000.0,1000.0,1000.0,34300.0,-8.270921016673817,5.019999980926514,172185.99934577942,MOMENTUM,1.629718542098999,73.05345374664388,0.0,NONE,0.0,0.4152823920265781,8.272557641522774,0.4152823920265781,-0.9998021621704102,LOSS,False,False
276.0,2852.0,0.0,38.19538497924805,193.0,0.0,177.0,1000.0,1.0894049406051636,3.0438807010650635,133000.0,0.9621776342391968,38.19538497924805,44.406707763671875,49.06520462036133,2020-02-06,2019-09-16,IMKTA,STOP,1000.0,1000.0,1000.0,133000.0,0.0,38.19538497924805,5079986.20223999,MOMENTUM,4.383747577667236,79.75816203143894,0.0,NONE,0.0,5.181347150259067,13.565374856344942,5.181347150259067,0.0,BE,False,False
278.0,1424.0,1.0,97.7699966430664,58.0,803.2999114990234,272.0,1000.0,0.9639022350311279,5.176423072814941,496000.0,0.9823821187019348,83.91999816894531,97.4655990600586,107.62480163574219,2020-02-10,2020-01-31,CDLX,TP1,1000.0,1000.0,1000.0,496000.0,16.5038116972294,83.91999816894531,41624319.091796875,MOMENTUM,5.360290050506592,58.96009673518743,0.0,NONE,0.0,17.24137931034483,20.545018692248995,17.24137931034483,0.8032999114990235,WIN,False,False
280.0,1518.0,0.0,5150.0,2.0,0.0,272.0,1000.0,1.0,1.9636774063110352,34.0,0.6179754137992859,5150.0,5972.39990234375,6589.2001953125,2020-02-12,2020-01-31,CHR,STOP,1000.0,1000.0,1000.0,34.0,0.0,5150.0,175100.0,MOMENTUM,1.3181191682815552,75.28415961305926,0.0,NONE,0.0,500.0,9.70873786407767,500.0,0.0,BE,False,False
285.0,457.0,1.0,23.56999969482422,248.0,868.0,269.0,1000.0,0.6002407073974609,2.2511019706726074,114700.0,0.9539998769760132,20.06999969482422,23.287599563598633,25.7007999420166,2020-02-20,2020-01-28,AMRC,TP1,1000.0,1000.0,1000.0,114700.0,17.438963892473815,20.06999969482422,2302028.964996338,MOMENTUM,4.5366926193237305,14.703748488512696,0.0,NONE,0.0,4.032258064516129,20.090972226352317,4.032258064516129,0.868,WIN,False,False
286.0,805.0,0.0,3.180000066757202,3541.0,-1133.1197636127472,240.0,1000.0,0.774768590927124,4.75544548034668,11300.0,0.9624328017234802,3.217600107192993,4.064799785614014,4.488399982452393,2020-02-21,2019-12-13,AWRE,STOP,1000.0,1000.0,1000.0,11300.0,-9.14285523550851,3.5,39550.0,MOMENTUM,3.1535515785217285,73.63966142684401,0.0,NONE,0.0,0.2824060999717594,8.06874571347884,0.2824060999717594,-1.1331197636127472,LOSS,False,True
287.0,15.0,3.0,76.05933380126953,21.0,281.19375228881836,15.0,1000.0,1.3899255990982056,2.547060489654541,10196300.0,0.5,62.66915512084961,72.5617904663086,79.98126983642578,2020-02-24,2019-01-24,ABC,RUNNER,1000.0,1000.0,1000.0,10196300.0,21.36645795622845,62.66915512084961,638993506.3587189,MOMENTUM,1.8325616121292114,,0.0,NONE,0.0,47.61904761904762,75.98482463537326,47.61904761904762,0.2811937522888184,WIN,False,False
287.0,29.0,3.0,76.05933380126953,21.0,281.19375228881836,15.0,1000.0,1.3899255990982056,2.547060489654541,10196300.0,0.5,62.66915512084961,72.5617904663086,79.98126983642578,2020-02-24,2019-01-24,ABMD,RUNNER,1000.0,1000.0,1000.0,10196300.0,21.36645795622845,62.66915512084961,638993506.3587189,MOMENTUM,1.8325616121292114,,0.0,NONE,0.0,47.61904761904762,75.98482463537326,47.61904761904762,0.2811937522888184,WIN,False,False
287.0,41.0,3.0,76.059326171875,21.0,281.19335174560547,15.0,1000.0,1.3899255990982056,2.547060489654541,10196300.0,0.5,62.669166564941406,72.56180572509766,79.98128509521484,2020-02-24,2019-01-24,ABT,RUNNER,1000.0,1000.0,1000.0,10196300.0,21.366423619273665,62.669166564941406,638993623.0461121,MOMENTUM,1.8325790166854858,,0.0,NONE,0.0,47.61904761904762,75.98481075969316,47.61904761904762,0.28119335174560545,WIN,False,False
287.0,655.0,0.0,48.459999084472656,250.0,0.0,272.0,1000.0,1.11786687374115,4.84358024597168,276700.0,0.9782876968383789,48.459999084472656,56.44879913330078,62.440399169921875,2020-02-24,2020-01-31,ARVN,STOP,1000.0,1000.0,1000.0,276700.0,0.0,48.459999084472656,13408881.746673584,MOMENTUM,0.2337244749069214,74.51027811366384,0.0,NONE,0.0,4.0,8.254230448967679,4.0,0.0,BE,False,False
288.0,1424.0,0.0,83.91999816894531,89.0,0.0,272.0,1000.0,0.9639022350311279,5.176423072814941,496000.0,0.9823821187019348,83.91999816894531,97.4655990600586,107.62480163574219,2020-02-25,2020-01-31,CDLX,STOP,1000.0,1000.0,1000.0,496000.0,0.0,83.91999816894531,41624319.091796875,MOMENTUM,5.360290050506592,58.96009673518743,0.0,NONE,0.0,11.235955056179776,13.388888585960018,11.235955056179776,0.0,BE,False,False
288.0,3093.0,0.0,79.80000305175781,132.0,-1752.9598388671875,287.0,1000.0,1.0492730140686035,2.6454031467437744,230200.0,0.9488428235054016,85.55039978027344,108.13920593261719,119.43360137939453,2020-02-25,2020-02-24,LGIH,STOP,1000.0,1000.0,1000.0,230200.0,-14.2672953567414,93.08000183105469,21427016.42150879,MOMENTUM,5.893664360046387,14.631197097944376,0.0,NONE,0.0,7.575757575757576,8.13897445931296,7.575757575757576,-1.7529598388671874,LOSS,False,True
290.0,1050.0,0.0,26.6299991607666,465.0,-134.85042572021484,287.0,1000.0,0.972067654132843,5.874176025390625,5892300.0,0.9594281315803528,26.920000076293945,31.220800399780273,34.4463996887207,2020-02-27,2020-02-24,BILI,STOP,1000.0,1000.0,1000.0,5892300.0,-1.0772693711198085,26.920000076293945,158620716.4495468,MOMENTUM,6.891144275665283,49.4558645707376,0.0,NONE,0.0,2.150537634408602,7.988624176499871,2.150537634408602,-0.13485042572021486,LOSS,False,False
290.0,3943.0,0.0,43.83700180053711,240.0,-1262.1597290039062,287.0,1000.0,0.774296760559082,4.246191501617432,19258000.0,0.9550462961196899,44.930721282958984,57.42655944824219,63.67448043823242,2020-02-27,2020-02-24,SHOP,STOP,1000.0,1000.0,1000.0,19258000.0,-10.711664491879006,49.09600067138672,945490780.9295654,MOMENTUM,-1.0336865186691284,96.13059250302297,0.0,NONE,0.0,4.166666666666667,8.48677409501302,4.166666666666667,-1.2621597290039062,LOSS,False,True
291.0,1915.0,0.0,4.2620134353637695,2698.0,-999.9051332473755,261.0,1000.0,0.6863905191421509,1.8026748895645142,2900.0,0.9554028511047363,4.2620134353637695,5.373842716217041,5.929757595062256,2020-02-28,2020-01-15,CXDO,STOP,1000.0,1000.0,1000.0,2900.0,-7.999997941394592,4.632623195648193,13434.60726737976,MOMENTUM,3.408267021179199,78.22797168659996,0.0,NONE,0.0,0.37064492216456635,8.000756947224714,0.37064492216456635,-0.9999051332473755,LOSS,False,False
293.0,457.0,2.0,25.7007999420166,310.0,1745.5480766296387,269.0,1000.0,0.6002407073974609,2.2511019706726074,114700.0,0.9539998769760132,20.06999969482422,23.287599563598633,25.7007999420166,2020-03-03,2020-01-28,AMRC,TP2,1000.0,1000.0,1000.0,114700.0,28.055806341863025,20.06999969482422,2302028.964996338,MOMENTUM,4.5366926193237305,14.703748488512696,0.0,NONE,0.0,3.225806451612903,16.072777781081854,3.225806451612903,1.7455480766296387,WIN,False,False
297.0,457.0,0.0,20.06999969482422,63.0,0.0,269.0,1000.0,0.6002407073974609,2.2511019706726074,114700.0,0.9539998769760132,20.06999969482422,23.287599563598633,25.7007999420166,2020-03-09,2020-01-28,AMRC,STOP,1000.0,1000.0,1000.0,114700.0,0.0,20.06999969482422,2302028.964996338,MOMENTUM,4.5366926193237305,14.703748488512696,0.0,NONE,0.0,15.873015873015873,79.08827162119644,15.873015873015873,0.0,BE,False,False
300.0,144.0,0.0,61.32837677001953,197.0,-474.41451263427734,152.0,1000.0,1.6504985094070435,1.7139981985092163,2579300.0,1.0,63.736572265625,73.88522338867188,81.49671173095703,2020-03-12,2019-08-09,AEE,STOP,1000.0,1000.0,1000.0,2579300.0,-3.778357401413441,63.736572265625,164395740.84472656,MOMENTUM,0.6701307892799377,84.64328899637243,0.0,NONE,0.0,5.0761421319796955,7.964253412977164,5.0761421319796955,-0.47441451263427736,LOSS,False,False
333.0,315.0,0.0,93.68440246582031,121.0,-997.7173385620117,332.0,1000.0,1.0248472690582275,3.863013982772827,2227900.0,0.8363996148109436,93.68440246582031,118.42120361328125,130.7895965576172,2020-04-29,2020-04-28,AKAM,STOP,1000.0,1000.0,1000.0,2227900.0,-8.089471023906958,101.93000030517578,227089847.67990112,MOMENTUM,2.51690936088562,80.48367593712213,0.0,NONE,0.0,8.264462809917354,8.107978794441054,8.264462809917354,-0.9977173385620117,LOSS,False,False
334.0,1981.0,0.0,11.111422538757324,1062.0,-999.6144275665283,332.0,1000.0,1.0333994626998901,4.556424617767334,62500.0,0.8205655813217163,11.111422538757324,13.935193061828613,15.347077369689941,2020-04-30,2020-04-28,DGICA,STOP,1000.0,1000.0,1000.0,62500.0,-7.8095211720069795,12.052679061889648,753292.441368103,MOMENTUM,4.649983882904053,30.30229746070133,0.0,NONE,0.0,0.9416195856873822,7.812533469548411,0.9416195856873822,-0.9996144275665283,LOSS,False,False
335.0,793.0,0.0,6492.671875,1.0,-592.1279296875,332.0,1000.0,1.0,11.156844139099121,93.0,0.31598928570747375,6492.671875,8269.0556640625,9157.248046875,2020-05-01,2020-04-28,AVTX,STOP,1000.0,1000.0,1000.0,93.0,-8.357722815198416,7084.7998046875,658886.3818359375,MOMENTUM,-2.2451846599578857,37.09794437726723,0.0,NONE,0.0,1000.0,14.11472486969035,1000.0,-0.5921279296875,LOSS,False,False
342.0,3518.0,0.0,23.459999084472656,473.0,-1333.8607578277588,332.0,1000.0,0.931764543056488,5.683716297149658,489400.0,0.7953304648399353,24.168001174926758,30.503999710083008,33.672000885009766,2020-05-12,2020-04-28,NTCT,STOP,1000.0,1000.0,1000.0,489400.0,-10.730599423484295,26.280000686645508,12861432.336044312,MOMENTUM,2.4901070594787598,52.35792019347038,0.0,NONE,0.0,2.1141649048625792,8.04476731211395,2.1141649048625792,-1.3338607578277588,LOSS,False,True
343.0,1486.0,0.0,13.9399995803833,843.0,0.0,343.0,1000.0,1.1073259115219116,9.071744918823242,1687000.0,0.963402509689331,13.9399995803833,16.311199188232422,18.089599609375,2020-05-13,2020-05-13,CGEN,STOP,1000.0,1000.0,1000.0,1687000.0,0.0,13.9399995803833,23516779.29210663,MOMENTUM,-2.860529899597168,42.46674727932285,0.0,NONE,0.0,1.1862396204033214,8.509610158615974,1.1862396204033214,0.0,BE,False,False
345.0,1050.0,1.0,31.393598556518555,180.0,798.0479049682617,332.0,1000.0,1.0274128913879395,6.032189846038818,5371900.0,0.9153928160667419,26.959999084472656,31.393598556518555,34.71879959106445,2020-05-15,2020-04-28,BILI,TP1,1000.0,1000.0,1000.0,5371900.0,16.445102457734823,26.959999084472656,144826419.08187866,MOMENTUM,-0.06116751581430435,63.70012091898428,0.0,NONE,0.0,5.555555555555555,20.606660772311457,5.555555555555555,0.7980479049682617,WIN,False,False
347.0,1050.0,2.0,35.220001220703125,225.0,1858.5004806518555,332.0,1000.0,1.0274128913879395,6.032189846038818,5371900.0,0.9153928160667419,26.959999084472656,31.393598556518555,34.71879959106445,2020-05-19,2020-04-28,BILI,TP2,1000.0,1000.0,1000.0,5371900.0,30.63799115997647,26.959999084472656,144826419.08187866,MOMENTUM,-0.06116751581430435,63.70012091898428,0.0,NONE,0.0,4.444444444444445,16.485328617849166,4.444444444444445,1.8585004806518555,WIN,False,False
351.0,3012.0,0.0,6.002737045288086,1998.0,-432.84671115875244,343.0,1000.0,0.971711277961731,5.855118751525879,19072700.0,0.9241671562194824,6.219377040863037,7.220254421234131,7.970912933349609,2020-05-26,2020-05-13,KGC,STOP,1000.0,1000.0,1000.0,19072700.0,-3.483306996047452,6.219377040863037,118620312.48726845,MOMENTUM,2.081632375717163,22.68440145102781,0.0,NONE,0.0,0.5005005005005005,8.0474378255583,0.5005005005005005,-0.43284671115875245,LOSS,False,False
352.0,3903.0,0.0,119.88494873046875,103.0,0.0,343.0,1000.0,0.9200484752655029,4.864480972290039,732400.0,0.9252106547355652,119.88494873046875,139.15931701660156,153.61508178710938,2020-05-27,2020-05-13,RGLD,STOP,1000.0,1000.0,1000.0,732400.0,0.0,119.88494873046875,87803736.45019531,MOMENTUM,3.4215779304504395,54.19588875453446,0.0,NONE,0.0,9.70873786407767,8.0983792935553,9.70873786407767,0.0,BE,False,False
352.0,3943.0,0.0,68.85688018798828,162.0,-995.1854095458984,352.0,1000.0,1.663602352142334,5.527989387512207,64651000.0,0.9280680418014526,68.85688018798828,87.28623962402344,96.50092315673828,2020-05-27,2020-05-27,SHOP,STOP,1000.0,1000.0,1000.0,64651000.0,-8.190826416015625,75.0,4848825000.0,MOMENTUM,2.888350248336792,96.9528415961306,0.0,NONE,0.0,6.172839506172839,8.23045267489712,6.172839506172839,-0.9951854095458984,LOSS,False,False
365.0,870.0,1.0,122.36000061035156,46.0,798.5600280761719,352.0,1000.0,0.7168934941291809,6.350797653198242,382900.0,0.9527149200439453,105.0,122.1312026977539,134.97959899902344,2020-06-15,2020-05-27,BAND,TP1,1000.0,1000.0,1000.0,382900.0,16.533333914620535,105.0,40204500.0,MOMENTUM,1.3743469715118408,10.012091898428054,0.0,NONE,0.0,21.73913043478261,20.70393374741201,21.73913043478261,0.7985600280761719,WIN,False,False
365.0,3345.0,0.0,59.241905212402344,187.0,-999.5494689941406,332.0,1000.0,1.060601830482483,3.521583080291748,12786753.0,0.7990347146987915,59.241905212402344,75.27745819091797,83.29522705078125,2020-06-15,2020-04-28,MRK,STOP,1000.0,1000.0,1000.0,12786753.0,-8.275933107311637,64.58708953857422,825859160.9186325,MOMENTUM,0.9789537191390991,30.810157194679565,0.0,NONE,0.0,5.347593582887701,8.279663352369958,5.347593582887701,-0.9995494689941407,LOSS,False,False
366.0,3341.0,0.0,6.929999828338623,1840.0,0.0,366.0,1000.0,0.7456677556037903,9.847160339355469,213000.0,0.8941110968589783,6.929999828338623,8.016399383544922,8.831199645996094,2020-06-16,2020-06-16,MRAM,STOP,1000.0,1000.0,1000.0,213000.0,0.0,6.929999828338623,1476089.9634361267,MOMENTUM,5.922809600830078,48.2950423216445,0.0,NONE,0.0,0.5434782608695652,7.842399341009177,0.5434782608695652,0.0,BE,False,False
368.0,1238.0,0.0,6702.0,1.0,0.0,366.0,1000.0,1.0,4.641150951385498,60.0,0.3575216233730316,6702.0,7745.52001953125,8528.16015625,2020-06-18,2020-06-16,BTCT,STOP,1000.0,1000.0,1000.0,60.0,0.0,6702.0,402120.0,MOMENTUM,6.0174641609191895,9.286577992744862,0.0,NONE,0.0,1000.0,14.920919128618323,1000.0,0.0,BE,False,False
369.0,1615.0,1.0,181.98483276367188,31.0,795.7846069335938,332.0,1000.0,0.8547442555427551,3.081112861633301,1784300.0,0.8302241563796997,156.31436157226562,181.60693359375,200.5763702392578,2020-06-19,2020-04-28,CLX,TP1,1000.0,1000.0,1000.0,1784300.0,16.422336970962547,156.31436157226562,278911715.35339355,MOMENTUM,0.6090899109840393,88.56106408706167,0.0,NONE,0.0,32.25806451612903,20.63666075955268,32.25806451612903,0.7957846069335938,WIN,False,False
369.0,2610.0,1.0,181.98484802246094,31.0,795.7855529785156,332.0,1000.0,0.8547442555427551,3.081112861633301,1784300.0,0.8307472467422485,156.31434631347656,181.60693359375,200.57635498046875,2020-06-19,2020-04-28,GPS,TP1,1000.0,1000.0,1000.0,1784300.0,16.422358097256236,156.31434631347656,278911688.12713623,MOMENTUM,0.6090835928916931,9.504232164449819,0.0,NONE,0.0,32.25806451612903,20.63666277402199,32.25806451612903,0.7957855529785156,WIN,False,False
369.0,3885.0,1.0,169.08912658691406,34.0,797.8358154296875,352.0,1000.0,0.9947147369384766,3.209764003753662,10267500.0,0.9212995767593384,145.6233673095703,169.08912658691406,186.6884307861328,2020-06-19,2020-05-27,PYPL,TP1,1000.0,1000.0,1000.0,10267500.0,16.114006777126345,145.6233673095703,1495187923.8510132,MOMENTUM,4.664968490600586,14.123337363966144,0.0,NONE,0.0,29.41176470588235,20.19714641219495,29.41176470588235,0.7978358154296875,WIN,False,False
371.0,3112.0,1.0,67.79164123535156,86.0,793.091682434082,366.0,1000.0,0.7577522993087769,10.350849151611328,72350.0,0.9237474203109741,58.569644927978516,67.79164123535156,74.70814514160156,2020-06-23,2020-06-16,LITS,TP1,1000.0,1000.0,1000.0,72350.0,15.745351228803047,58.569644927978516,4237513.810539246,MOMENTUM,3.6853694915771484,40.09673518742443,0.0,NONE,0.0,11.627906976744185,19.85312868302805,11.627906976744185,0.793091682434082,WIN,False,False
372.0,4129.0,0.0,59.02000045776367,208.0,-79.04022216796875,366.0,1000.0,0.7502903938293457,5.629961967468262,555500.0,0.8978790640830994,59.400001525878906,69.00320434570312,76.20560455322266,2020-06-24,2020-06-16,ZG,STOP,1000.0,1000.0,1000.0,555500.0,-0.6397324214708624,59.400001525878906,32996700.847625732,MOMENTUM,2.207617998123169,67.11003627569528,0.0,NONE,0.0,4.8076923076923075,8.093757885844045,4.8076923076923075,-0.07904022216796874,LOSS,False,False
374.0,3374.0,0.0,12.717416763305664,933.0,-1094.6753568649292,371.0,1000.0,1.6331361532211304,2.7823562622070312,6900.0,0.8879196047782898,12.819485664367676,16.03313636779785,17.63996124267578,2020-06-26,2020-06-23,MTEX,STOP,1000.0,1000.0,1000.0,6900.0,-8.446552689695903,13.890702247619629,95845.84550857544,MOMENTUM,5.447790622711182,13.567110036275695,0.0,NONE,0.0,1.0718113612004287,7.71603438108465,1.0718113612004287,-1.0946753568649292,LOSS,False,True
378.0,3112.0,0.0,54.21964645385742,130.0,-565.4998016357422,366.0,1000.0,0.7577522993087769,10.350849151611328,72350.0,0.9237474203109741,58.569644927978516,67.79164123535156,74.70814514160156,2020-07-02,2020-06-16,LITS,STOP,1000.0,1000.0,1000.0,72350.0,-7.42705283508235,58.569644927978516,4237513.810539246,MOMENTUM,3.6853694915771484,40.09673518742443,0.0,NONE,0.0,7.6923076923076925,13.133608205695479,7.6923076923076925,-0.5654998016357422,LOSS,False,False
379.0,870.0,2.0,134.97959899902344,58.0,1738.8167419433594,352.0,1000.0,0.7168934941291809,6.350797653198242,382900.0,0.9527149200439453,105.0,122.1312026977539,134.97959899902344,2020-07-06,2020-05-27,BAND,TP2,1000.0,1000.0,1000.0,382900.0,28.551999046688987,105.0,40204500.0,MOMENTUM,1.3743469715118408,10.012091898428054,0.0,NONE,0.0,17.24137931034483,16.420361247947458,17.24137931034483,1.7388167419433593,WIN,False,False
384.0,3189.0,0.0,85.94000244140625,135.0,-997.6499176025391,371.0,1000.0,0.7552165985107422,4.880532741546631,450600.0,0.9057982563972473,85.95960235595703,108.07080078125,119.12640380859375,2020-07-13,2020-06-23,MANH,STOP,1000.0,1000.0,1000.0,450600.0,-7.918139124250488,93.33000183105469,42054498.82507324,MOMENTUM,4.788639068603516,7.762998790810157,0.0,NONE,0.0,7.407407407407407,7.9367912376303655,7.407407407407407,-0.9976499176025391,LOSS,False,False
384.0,3239.0,0.0,981.969970703125,12.0,-167.520263671875,379.0,1000.0,0.6652732491493225,3.5888619422912598,316700.0,0.946171224117279,995.9299926757812,1154.0771484375,1272.6876220703125,2020-07-13,2020-07-06,MELI,STOP,1000.0,1000.0,1000.0,316700.0,-1.401707155655553,995.9299926757812,315411028.6804199,MOMENTUM,5.719608783721924,83.84522370012093,0.0,NONE,0.0,83.33333333333333,8.367388666490534,83.33333333333333,-0.167520263671875,LOSS,False,False
384.0,3341.0,0.0,6.820000171661377,1814.0,-18.13955020904541,379.0,1000.0,0.6985929012298584,8.479290962219238,147700.0,0.9247096180915833,6.829999923706055,7.932399749755859,8.759200096130371,2020-07-13,2020-07-06,MRAM,STOP,1000.0,1000.0,1000.0,147700.0,-0.14640925558388188,6.829999923706055,1008790.9887313843,MOMENTUM,0.2936851382255554,52.285368802902056,0.0,NONE,0.0,0.5512679162072768,8.071272655419753,0.5512679162072768,-0.01813955020904541,LOSS,False,False
385.0,3743.0,0.0,80.2676010131836,141.0,-995.7985153198242,385.0,1000.0,1.1247787475585938,6.99403715133667,12739700.0,0.9482440948486328,80.2676010131836,101.45480346679688,112.04840087890625,2020-07-14,2020-07-14,PDD,STOP,1000.0,1000.0,1000.0,12739700.0,-8.08702698934296,87.33000183105469,1112558024.3270874,MOMENTUM,1.127891182899475,8.174123337363966,0.0,NONE,0.0,7.092198581560283,8.12114786769452,7.092198581560283,-0.9957985153198242,LOSS,False,False
388.0,617.0,1.0,261.7164001464844,22.0,783.3407897949219,371.0,1000.0,0.8204771876335144,4.413079738616943,248100.0,0.9297037124633789,226.11000061035156,261.7164001464844,288.42120361328125,2020-07-17,2020-06-23,ARGX,TP1,1000.0,1000.0,1000.0,248100.0,15.74737934634401,226.11000061035156,56097891.15142822,MOMENTUM,1.59758722782135,73.05925030229746,0.0,NONE,0.0,45.45454545454545,20.102846106694713,45.45454545454545,0.7833407897949218,WIN,False,False
392.0,93.0,0.0,4.0,3026.0,0.0,379.0,1000.0,1.7282915115356445,6.964053630828857,1442700.0,0.9464595913887024,4.0,4.660799980163574,5.156400203704834,2020-07-23,2020-07-06,ACTG,STOP,1000.0,1000.0,1000.0,1442700.0,0.0,4.0,5770800.0,MOMENTUM,0.8827229738235474,49.141475211608224,0.0,NONE,0.0,0.3304692663582287,8.261731658955718,0.3304692663582287,0.0,BE,False,False
392.0,1050.0,3.0,41.0,46.0,645.8400421142578,332.0,1000.0,1.0274128913879395,6.032189846038818,5371900.0,0.9153928160667419,26.959999084472656,31.393598556518555,34.71879959106445,2020-07-23,2020-04-28,BILI,RUNNER,1000.0,1000.0,1000.0,5371900.0,52.07715649965857,26.959999084472656,144826419.08187866,MOMENTUM,-0.06116751581430435,63.70012091898428,0.0,NONE,0.0,21.73913043478261,80.63475954382746,21.73913043478261,0.6458400421142578,WIN,False,False
393.0,3943.0,0.0,89.69100189208984,129.0,-999.75,385.0,1000.0,1.308908224105835,4.896143913269043,39009000.0,0.9419745802879333,89.69100189208984,112.94100189208984,124.56600189208984,2020-07-24,2020-07-14,SHOP,STOP,1000.0,1000.0,1000.0,39009000.0,-7.953530700128337,97.44100189208984,3801076042.8085327,MOMENTUM,3.339189052581787,6.021765417170496,0.0,NONE,0.0,7.751937984496124,7.955519580023343,7.751937984496124,-0.99975,LOSS,False,False
397.0,3885.0,2.0,192.0659942626953,42.0,1950.59033203125,352.0,1000.0,0.9947147369384766,3.209764003753662,10267500.0,0.9212995767593384,145.6233673095703,169.08912658691406,186.6884307861328,2020-07-30,2020-05-27,PYPL,TP2,1000.0,1000.0,1000.0,10267500.0,31.892290235533377,145.6233673095703,1495187923.8510132,MOMENTUM,4.664968490600586,14.123337363966144,0.0,NONE,0.0,23.80952380952381,16.350070905110197,23.80952380952381,1.95059033203125,WIN,False,False
399.0,563.0,1.0,14.880000114440918,408.0,905.7601089477539,385.0,1000.0,1.110990047454834,6.7318501472473145,2855300.0,0.9548239707946777,12.65999984741211,14.618399620056152,16.087200164794922,2020-08-03,2020-07-14,APPS,TP1,1000.0,1000.0,1000.0,2855300.0,17.53554734428065,12.65999984741211,36148097.564315796,MOMENTUM,6.3910231590271,63.313180169286575,0.0,NONE,0.0,2.450980392156863,19.360034926523948,2.450980392156863,0.9057601089477539,WIN,False,False
400.0,1586.0,1.0,2.869999885559082,2222.0,1577.6195549964905,393.0,1000.0,0.780969500541687,10.57938289642334,339300.0,0.9293851852416992,2.1600000858306885,2.5199999809265137,2.7900002002716064,2020-08-04,2020-07-24,CLIR,TP1,1000.0,1000.0,1000.0,339300.0,32.870359792386,2.1600000858306885,732888.0291223526,MOMENTUM,-1.3473355770111084,4.860943168077388,0.0,NONE,0.0,0.45004500450045004,20.835416047095787,0.45004500450045004,1.5776195549964904,WIN,False,False
401.0,563.0,2.0,16.290000915527344,510.0,1851.3005447387695,385.0,1000.0,1.110990047454834,6.7318501472473145,2855300.0,0.9548239707946777,12.65999984741211,14.618399620056152,16.087200164794922,2020-08-05,2020-07-14,APPS,TP2,1000.0,1000.0,1000.0,2855300.0,28.672994564508308,12.65999984741211,36148097.564315796,MOMENTUM,6.3910231590271,63.313180169286575,0.0,NONE,0.0,1.9607843137254901,15.488027941219157,1.9607843137254901,1.8513005447387696,WIN,False,False
401.0,1586.0,2.0,2.7900002002716064,2777.0,1749.5103178024292,393.0,1000.0,0.780969500541687,10.57938289642334,339300.0,0.9293851852416992,2.1600000858306885,2.5199999809265137,2.7900002002716064,2020-08-05,2020-07-24,CLIR,TP2,1000.0,1000.0,1000.0,339300.0,29.166670805877942,2.1600000858306885,732888.0291223526,MOMENTUM,-1.3473355770111084,4.860943168077388,0.0,NONE,0.0,0.3601008282319049,16.671333977906674,0.3601008282319049,1.7495103178024292,WIN,False,False
401.0,1615.0,2.0,200.5763702392578,40.0,1770.4803466796875,332.0,1000.0,0.8547442555427551,3.081112861633301,1784300.0,0.8302241563796997,156.31436157226562,181.60693359375,200.5763702392578,2020-08-05,2020-04-28,CLX,TP2,1000.0,1000.0,1000.0,1784300.0,28.316021779310045,156.31436157226562,278911715.35339355,MOMENTUM,0.6090899109840393,88.56106408706167,0.0,NONE,0.0,25.0,15.993412088653326,25.0,1.7704803466796875,WIN,False,False
401.0,2610.0,2.0,200.57635498046875,40.0,1770.4803466796875,332.0,1000.0,0.8547442555427551,3.081112861633301,1784300.0,0.8307472467422485,156.31434631347656,181.60693359375,200.57635498046875,2020-08-05,2020-04-28,GPS,TP2,1000.0,1000.0,1000.0,1784300.0,28.316024543408247,156.31434631347656,278911688.12713623,MOMENTUM,0.6090835928916931,9.504232164449819,0.0,NONE,0.0,25.0,15.993413649867042,25.0,1.7704803466796875,WIN,False,False
401.0,4124.0,1.0,146.5500030517578,40.0,1005.5999755859375,393.0,1000.0,0.6963022947311401,6.093153953552246,11010200.0,0.9373313784599304,121.41000366210938,141.07879638671875,155.8303985595703,2020-08-05,2020-07-24,XYZ,TP1,1000.0,1000.0,1000.0,11010200.0,20.70669519096171,121.41000366210938,1336748422.3205566,MOMENTUM,0.7869729995727539,76.08222490931075,0.0,NONE,0.0,25.0,20.591383943596902,25.0,1.0055999755859375,WIN,False,False
402.0,2412.0,0.0,3.635999917984009,3246.0,-999.7682847976685,402.0,1000.0,1.5485436916351318,18.49946403503418,31900.0,0.9674729108810425,3.635999917984009,4.559999942779541,5.021999835968018,2020-08-06,2020-08-06,FNGR,STOP,1000.0,1000.0,1000.0,31900.0,-7.809332842068548,3.944000005722046,125813.60018253326,MOMENTUM,2.3963441848754883,64.03869407496977,0.0,NONE,0.0,0.3080714725816389,7.811142802603492,0.3080714725816389,-0.9997682847976684,LOSS,False,False
402.0,4124.0,2.0,155.8303985595703,50.0,1721.0197448730469,393.0,1000.0,0.6963022947311401,6.093153953552246,11010200.0,0.9373313784599304,121.41000366210938,141.07879638671875,155.8303985595703,2020-08-06,2020-07-24,XYZ,TP2,1000.0,1000.0,1000.0,11010200.0,28.350542672953676,121.41000366210938,1336748422.3205566,MOMENTUM,0.7869729995727539,76.08222490931075,0.0,NONE,0.0,20.0,16.47310715487752,20.0,1.7210197448730469,WIN,False,False
404.0,617.0,0.0,226.11000061035156,34.0,0.0,371.0,1000.0,0.8204771876335144,4.413079738616943,248100.0,0.9297037124633789,226.11000061035156,261.7164001464844,288.42120361328125,2020-08-10,2020-06-23,ARGX,STOP,1000.0,1000.0,1000.0,248100.0,0.0,226.11000061035156,56097891.15142822,MOMENTUM,1.59758722782135,73.05925030229746,0.0,NONE,0.0,29.41176470588235,13.007723951390698,29.41176470588235,0.0,BE,False,False
408.0,1615.0,3.0,188.42442321777344,8.0,256.8804931640625,332.0,1000.0,0.8547442555427551,3.081112861633301,1784300.0,0.8302241563796997,156.31436157226562,181.60693359375,200.5763702392578,2020-08-14,2020-04-28,CLX,RUNNER,1000.0,1000.0,1000.0,1784300.0,20.541977923546725,156.31436157226562,278911715.35339355,MOMENTUM,0.6090899109840393,88.56106408706167,0.0,NONE,0.0,125.0,79.96706044326663,125.0,0.2568804931640625,WIN,False,False
408.0,2610.0,3.0,188.42440795898438,8.0,256.8804931640625,332.0,1000.0,0.8547442555427551,3.081112861633301,1784300.0,0.8307472467422485,156.31434631347656,181.60693359375,200.57635498046875,2020-08-14,2020-04-28,GPS,RUNNER,1000.0,1000.0,1000.0,1784300.0,20.541979928773475,156.31434631347656,278911688.12713623,MOMENTUM,0.6090835928916931,9.504232164449819,0.0,NONE,0.0,125.0,79.9670682493352,125.0,0.2568804931640625,WIN,False,False
411.0,2725.0,0.0,5.724473476409912,2128.0,-999.8967437744141,409.0,1000.0,0.6155540347099304,7.097362995147705,9585300.0,0.9404728412628174,5.724473476409912,7.134101867675781,7.838915824890137,2020-08-19,2020-08-17,HL,STOP,1000.0,1000.0,1000.0,9585300.0,-7.585562765015924,6.194349765777588,59374700.80990791,MOMENTUM,10.92728328704834,11.076178960096735,0.0,NONE,0.0,0.4699248120300752,7.586346102480454,0.4699248120300752,-0.9998967437744141,LOSS,False,False
412.0,1586.0,0.0,2.1600000858306885,556.0,0.0,393.0,1000.0,0.780969500541687,10.57938289642334,339300.0,0.9293851852416992,2.1600000858306885,2.5199999809265137,2.7900002002716064,2020-08-20,2020-07-24,CLIR,STOP,1000.0,1000.0,1000.0,339300.0,0.0,2.1600000858306885,732888.0291223526,MOMENTUM,-1.3473355770111084,4.860943168077388,0.0,NONE,0.0,1.7985611510791366,83.26671664864539,1.7985611510791366,0.0,BE,False,False
4.0,551.0,0.0,26.654800415039062,443.0,-999.0533485412598,1.0,1000.0,1.1523090600967407,5.1192755699157715,705000.0,0.800000011920929,26.654800415039062,33.4203987121582,36.803199768066406,2020-08-28,2020-08-25,APLS,STOP,1000.0,1000.0,1000.0,705000.0,-7.800759060103981,28.90999984741211,20381549.892425537,MOMENTUM,2.4795727729797363,,0.7,VCP,0.3,2.2573363431151243,7.80815065731379,2.2573363431151243,-0.9990533485412597,LOSS,False,False
7.0,734.0,0.0,315.0799865722656,38.0,-984.9605102539062,1.0,1000.0,0.8015739321708679,7.578736782073975,25260.0,0.800000011920929,315.0799865722656,392.8399963378906,431.7200012207031,2020-09-02,2020-08-25,ATRA,STOP,1000.0,1000.0,1000.0,25260.0,-7.601176958279876,341.0,8613660.0,MOMENTUM,7.391005039215088,,0.8,POCKET_PIVOT,0.3,26.31578947368421,7.717240314863405,26.31578947368421,-0.9849605102539063,LOSS,False,False
9.0,342.0,0.0,26.25163459777832,437.0,-998.5691051483154,1.0,1000.0,0.6030150651931763,3.638434410095215,7800.0,0.800000011920929,26.25163459777832,33.1068000793457,36.534385681152344,2020-09-04,2020-08-25,ALCO,STOP,1000.0,1000.0,1000.0,7800.0,-8.007428962070772,28.53668975830078,222586.1801147461,MOMENTUM,1.7739542722702026,,0.7,POCKET_PIVOT,0.3,2.288329519450801,8.018903169331928,2.288329519450801,-0.9985691051483154,LOSS,False,False
9.0,2195.0,0.0,97.20999908447266,120.0,-1061.9998168945312,1.0,1000.0,0.6881392002105713,3.1830623149871826,256700.0,0.800000011920929,97.78559875488281,122.60879516601562,135.02040100097656,2020-09-04,2020-08-25,EEFT,STOP,1000.0,1000.0,1000.0,256700.0,-8.344332149575845,106.05999755859375,27225601.373291016,MOMENTUM,5.0400590896606445,,0.0,NONE,0.0,8.333333333333334,7.857187936224035,8.333333333333334,-1.0619998168945313,LOSS,False,True
10.0,708.0,0.0,40.27000045776367,276.0,-1299.9597473144531,1.0,1000.0,1.079189658164978,3.0489251613616943,87900.0,0.800000011920929,41.36000061035156,52.220001220703125,57.64999771118164,2020-09-08,2020-08-25,ATEX,STOP,1000.0,1000.0,1000.0,87900.0,-10.471318658084813,44.97999954223633,3953741.9597625732,MOMENTUM,0.5780215859413147,,0.7,CUP_AND_HANDLE,0.3,3.6231884057971016,8.05510992145502,3.6231884057971016,-1.299959747314453,LOSS,False,True
13.0,623.0,0.0,9.193556785583496,1370.0,-226.03557586669922,10.0,1000.0,1.4148273468017578,4.40772008895874,25000.0,0.800000011920929,9.358546257019043,10.817782402038574,11.912209510803223,2020-09-11,2020-09-08,ARKR,STOP,1000.0,1000.0,1000.0,25000.0,-1.7629818446620642,9.358546257019043,233963.65642547607,MOMENTUM,6.17169189453125,,0.75,POCKET_PIVOT,0.3,0.7299270072992701,7.799576849361774,0.7299270072992701,-0.22603557586669923,LOSS,False,False
19.0,357.0,0.0,309.2200012207031,40.0,0.0,10.0,1000.0,1.4480350017547607,3.160994291305542,837500.0,0.800000011920929,309.2200012207031,358.6600036621094,395.739990234375,2020-09-21,2020-09-08,ALGN,STOP,1000.0,1000.0,1000.0,837500.0,0.0,309.2200012207031,258971751.02233887,MOMENTUM,1.4136985540390015,,0.8,CUP_AND_HANDLE,0.3,25.0,8.084858644753858,25.0,0.0,BE,False,False
22.0,1981.0,0.0,10.761201858520508,1068.0,-999.3881378173828,1.0,1000.0,0.8588113784790039,2.407900810241699,37500.0,0.800000011920929,10.761201858520508,13.568471908569336,14.97210693359375,2020-09-24,2020-08-25,DGICA,STOP,1000.0,1000.0,1000.0,37500.0,-8.0,11.696958541870117,438635.9453201294,MOMENTUM,1.740883469581604,,0.6,CUP_AND_HANDLE,0.2,0.9363295880149812,8.004897894297232,0.9363295880149812,-0.9993881378173828,LOSS,False,False
27.0,148.0,1.0,960.9600219726562,5.0,684.8001098632812,25.0,1000.0,1.1322091817855835,11.588306427001953,799.0,0.909529447555542,824.0,960.9600219726562,1063.6800537109375,2020-10-01,2020-09-29,AEHL,TP1,1000.0,1000.0,1000.0,799.0,16.621361889885467,824.0,658376.0,MOMENTUM,-1.482544183731079,,0.85,POCKET_PIVOT,0.3,200.0,24.271844660194176,200.0,0.6848001098632812,WIN,False,False
31.0,779.0,1.0,38.47520065307617,146.0,793.5391616821289,25.0,1000.0,0.9097768664360046,3.139350414276123,253200.0,0.8855698704719543,33.040000915527344,38.47520065307617,42.55160140991211,2020-10-07,2020-09-29,AVNS,TP1,1000.0,1000.0,1000.0,253200.0,16.450361945948142,33.040000915527344,8365728.231811523,MOMENTUM,0.48509204387664795,,0.75,CUP_AND_HANDLE,0.3,6.8493150684931505,20.73037190890111,6.8493150684931505,0.7935391616821289,WIN,False,False
33.0,562.0,1.0,77.19000244140625,79.0,865.0503616333008,25.0,1000.0,0.788934588432312,4.8110504150390625,504500.0,0.8929558992385864,66.23999786376953,76.24479675292969,83.74839782714844,2020-10-09,2020-09-29,APPN,TP1,1000.0,1000.0,1000.0,504500.0,16.530804545248795,66.23999786376953,33418078.92227173,MOMENTUM,11.929702758789062,,0.7,CUP_AND_HANDLE,0.3,12.658227848101266,19.109644106774315,12.658227848101266,0.8650503616333007,WIN,False,False
36.0,562.0,2.0,83.77999877929688,99.0,1736.460090637207,25.0,1000.0,0.788934588432312,4.8110504150390625,504500.0,0.8929558992385864,66.23999786376953,76.24479675292969,83.74839782714844,2020-10-14,2020-09-29,APPN,TP2,1000.0,1000.0,1000.0,504500.0,26.479470835129632,66.23999786376953,33418078.92227173,MOMENTUM,11.929702758789062,,0.7,CUP_AND_HANDLE,0.3,10.1010101010101,15.249109943789604,10.1010101010101,1.736460090637207,WIN,False,False
38.0,148.0,2.0,1063.6800537109375,7.0,1677.7603759765625,25.0,1000.0,1.1322091817855835,11.588306427001953,799.0,0.909529447555542,824.0,960.9600219726562,1063.6800537109375,2020-10-16,2020-09-29,AEHL,TP2,1000.0,1000.0,1000.0,799.0,29.08738515909436,824.0,658376.0,MOMENTUM,-1.482544183731079,,0.85,POCKET_PIVOT,0.3,142.85714285714286,17.337031900138697,142.85714285714286,1.6777603759765625,WIN,False,False
40.0,792.0,1.0,25.267200469970703,233.0,798.5376739501953,1.0,1000.0,0.9454072117805481,3.9945919513702393,5205100.0,0.800000011920929,21.84000015258789,25.267200469970703,27.837600708007812,2020-10-20,2020-08-25,AVTR,TP1,1000.0,1000.0,1000.0,5205100.0,15.692309035889418,21.84000015258789,113679384.79423523,MOMENTUM,2.18500018119812,,0.9,POCKET_PIVOT,0.3,4.291845493562231,19.65130706765896,4.291845493562231,0.7985376739501953,WIN,False,False
41.0,796.0,1.0,132.16751098632812,43.0,775.3050384521484,25.0,1000.0,0.8675630688667297,3.075770854949951,565200.0,0.8907941579818726,114.13716125488281,132.16751098632812,145.69027709960938,2020-10-21,2020-09-29,AVY,TP1,1000.0,1000.0,1000.0,565200.0,15.79708968859077,114.13716125488281,64510323.541259766,MOMENTUM,2.8933961391448975,,0.0,NONE,0.0,23.25581395348837,20.37532184768042,23.25581395348837,0.7753050384521485,WIN,False,False
46.0,562.0,0.0,64.83999633789062,21.0,-29.40003204345703,25.0,1000.0,0.788934588432312,4.8110504150390625,504500.0,0.8929558992385864,66.23999786376953,76.24479675292969,83.74839782714844,2020-10-28,2020-09-29,APPN,STOP,1000.0,1000.0,1000.0,504500.0,-2.1135289417704644,66.23999786376953,33418078.92227173,MOMENTUM,11.929702758789062,,0.7,CUP_AND_HANDLE,0.3,47.61904761904762,71.88866116357957,47.61904761904762,-0.029400032043457033,LOSS,False,False
46.0,793.0,0.0,5990.39990234375,1.0,-633.60009765625,41.0,1000.0,1.0,5.415301322937012,207.0,0.41216641664505005,6077.9521484375,7716.09619140625,8535.16796875,2020-10-28,2020-10-21,AVTX,STOP,1000.0,1000.0,1000.0,207.0,-9.565218865583484,6624.0,1371168.0,MOMENTUM,-2.2004892826080322,,0.0,NONE,0.0,1000.0,15.096618357487923,1000.0,-0.63360009765625,LOSS,False,False
47.0,148.0,0.0,824.0,2.0,0.0,25.0,1000.0,1.1322091817855835,11.588306427001953,799.0,0.909529447555542,824.0,960.9600219726562,1063.6800537109375,2020-10-29,2020-09-29,AEHL,STOP,1000.0,1000.0,1000.0,799.0,0.0,824.0,658376.0,MOMENTUM,-1.482544183731079,,0.85,POCKET_PIVOT,0.3,500.0,60.679611650485434,500.0,0.0,BE,False,False
54.0,779.0,2.0,42.55160140991211,184.0,1750.1344909667969,25.0,1000.0,0.9097768664360046,3.139350414276123,253200.0,0.8855698704719543,33.040000915527344,38.47520065307617,42.55160140991211,2020-11-09,2020-09-29,AVNS,TP2,1000.0,1000.0,1000.0,253200.0,28.788136291832643,33.040000915527344,8365728.231811523,MOMENTUM,0.48509204387664795,,0.75,CUP_AND_HANDLE,0.3,5.434782608695652,16.449099449454145,5.434782608695652,1.7501344909667969,WIN,False,False
54.0,792.0,2.0,27.837600708007812,291.0,1745.3017616271973,1.0,1000.0,0.9454072117805481,3.9945919513702393,5205100.0,0.800000011920929,21.84000015258789,25.267200469970703,27.837600708007812,2020-11-09,2020-08-25,AVTR,TP2,1000.0,1000.0,1000.0,5205100.0,27.461540812806483,21.84000015258789,113679384.79423523,MOMENTUM,2.18500018119812,,0.9,POCKET_PIVOT,0.3,3.4364261168384878,15.73455170709463,3.4364261168384878,1.7453017616271973,WIN,False,False
54.0,871.0,1.0,47.88308334350586,123.0,798.507625579834,41.0,1000.0,0.8278749585151672,3.0628821849823,61300.0,0.8722067475318909,41.391151428222656,47.88308334350586,52.75203323364258,2020-11-09,2020-10-21,BANF,TP1,1000.0,1000.0,1000.0,61300.0,15.684347236730078,41.391151428222656,2537277.582550049,MOMENTUM,5.843900680541992,,0.8,CUP_AND_HANDLE,0.3,8.130081300813009,19.642075710098496,8.130081300813009,0.798507625579834,WIN,False,False
54.0,2470.0,1.0,10.205470085144043,605.0,830.6887435913086,41.0,1000.0,1.2299437522888184,3.4902069568634033,1198900.0,0.8786730170249939,8.832430839538574,10.153120040893555,11.143637657165527,2020-11-09,2020-10-21,FULT,TP1,1000.0,1000.0,1000.0,1198900.0,15.54542877889321,8.832430839538574,10589201.333522797,MOMENTUM,10.844636917114258,,0.0,NONE,0.0,1.6528925619834711,18.713903250555447,1.6528925619834711,0.8306887435913086,WIN,False,False
55.0,2676.0,0.0,13.495322227478027,927.0,-999.2919187545776,55.0,1000.0,0.7876214385032654,8.499746322631836,20987.0,1.0,13.495322227478027,16.729276657104492,18.346256256103516,2020-11-10,2020-11-10,GYRE,STOP,1000.0,1000.0,1000.0,20987.0,-7.396981392846906,14.573307037353516,305849.99479293823,MOMENTUM,7.133251190185547,,0.0,NONE,0.0,1.0787486515641855,7.402222767963338,1.0787486515641855,-0.9992919187545777,LOSS,False,False
61.0,144.0,0.0,67.82717895507812,180.0,-6.329498291015625,1.0,1000.0,0.7168025970458984,2.143160104751587,837100.0,0.800000011920929,67.86234283447266,78.94538879394531,87.2576675415039,2020-11-18,2020-08-25,AEE,STOP,1000.0,1000.0,1000.0,837100.0,-0.05181648308296944,67.86234283447266,56807567.18673706,MOMENTUM,-1.7241514921188354,,0.7,CUP_AND_HANDLE,0.3,5.555555555555555,8.186507160689196,5.555555555555555,-0.006329498291015625,LOSS,False,False
68.0,2260.0,1.0,90.88301849365234,63.0,795.8695907592773,41.0,1000.0,1.0255047082901,2.862584114074707,1022500.0,0.8995088338851929,78.25016784667969,90.88301849365234,100.35765075683594,2020-11-30,2020-10-21,ENTG,TP1,1000.0,1000.0,1000.0,1022500.0,16.14418344983613,78.25016784667969,80010796.62322998,MOMENTUM,1.8158661127090454,,0.0,NONE,0.0,15.873015873015873,20.284960799211113,15.873015873015873,0.7958695907592773,WIN,False,False
73.0,871.0,2.0,53.340335845947266,154.0,1840.1744003295898,41.0,1000.0,0.8278749585151672,3.0628821849823,61300.0,0.8722067475318909,41.391151428222656,47.88308334350586,52.75203323364258,2020-12-07,2020-10-21,BANF,TP2,1000.0,1000.0,1000.0,61300.0,28.868934555845744,41.391151428222656,2537277.582550049,MOMENTUM,5.843900680541992,,0.8,CUP_AND_HANDLE,0.3,6.4935064935064934,15.6881513788449,6.4935064935064934,1.84017440032959,WIN,False,False
74.0,837.0,0.0,1095.989990234375,10.0,-1056.700439453125,1.0,1000.0,0.8506588339805603,1.6214823722839355,143000.0,0.5,1104.8656005859375,1395.2489013671875,1540.4404296875,2020-12-08,2020-08-25,AZO,STOP,1000.0,1000.0,1000.0,143000.0,-8.793672165143454,1201.6600341796875,171837384.8876953,MOMENTUM,0.4127127230167389,,0.55,VCP,0.2,100.0,8.321821243582002,100.0,-1.056700439453125,LOSS,False,True
74.0,2539.0,1.0,5.97528076171875,960.0,889.9589538574219,55.0,1000.0,0.977754533290863,3.247274160385132,542600.0,1.0,5.0482401847839355,5.880924224853516,6.505437850952148,2020-12-08,2020-11-10,GILT,TP1,1000.0,1000.0,1000.0,542600.0,18.363638476018586,5.0482401847839355,2739175.1242637634,MOMENTUM,2.7987260818481445,,0.7,POCKET_PIVOT,0.3,1.0416666666666667,20.63425329496778,1.0416666666666667,0.8899589538574219,WIN,False,False
79.0,2497.0,1.0,21.159530639648438,264.0,799.774658203125,75.0,1000.0,1.0193887948989868,6.2494587898254395,15244829.0,1.0,18.130081176757812,21.159530639648438,23.431615829467773,2020-12-15,2020-12-09,GBTC,TP1,1000.0,1000.0,1000.0,15244829.0,16.709519573328127,18.130081176757812,276389987.2957916,MOMENTUM,-4.188817024230957,65.80336937389993,0.7,POCKET_PIVOT,0.3,3.787878787878788,20.892784488658155,3.787878787878788,0.799774658203125,WIN,False,False
80.0,2497.0,2.0,23.431615829467773,329.0,1744.2049007415771,75.0,1000.0,1.0193887948989868,6.2494587898254395,15244829.0,1.0,18.130081176757812,21.159530639648438,23.431615829467773,2020-12-16,2020-12-09,GBTC,TP2,1000.0,1000.0,1000.0,15244829.0,29.241648732970702,18.130081176757812,276389987.2957916,MOMENTUM,-4.188817024230957,65.80336937389993,0.7,POCKET_PIVOT,0.3,3.0395136778115504,16.7650307143032,3.0395136778115504,1.7442049007415772,WIN,False,False
82.0,1432.0,1.0,20.056400299072266,276.0,796.6464614868164,75.0,1000.0,0.960856556892395,4.027277946472168,420000.0,1.0,17.170000076293945,20.056400299072266,22.221200942993164,2020-12-18,2020-12-09,CDXS,TP1,1000.0,1000.0,1000.0,420000.0,16.81071758854258,17.170000076293945,7211400.032043457,MOMENTUM,-0.05820605158805847,4.073422177520744,0.0,NONE,0.0,3.6231884057971016,21.10185433720247,3.6231884057971016,0.7966464614868164,WIN,False,False
82.0,3359.0,1.0,420.9151306152344,13.0,790.2463073730469,55.0,1000.0,2.3065245151519775,3.568742036819458,1245800.0,0.9912928342819214,360.126953125,419.36138916015625,463.7872314453125,2020-12-18,2020-11-10,MSCI,TP1,1000.0,1000.0,1000.0,1245800.0,16.879652290045286,360.126953125,448646158.203125,MOMENTUM,3.6079349517822266,,0.6,CUP_AND_HANDLE,0.2,76.92307692307692,21.359988819380852,76.92307692307692,0.7902463073730469,WIN,False,False
84.0,1432.0,2.0,23.40999984741211,346.0,2159.0399208068848,75.0,1000.0,0.960856556892395,4.027277946472168,420000.0,1.0,17.170000076293945,20.056400299072266,22.221200942993164,2020-12-22,2020-12-09,CDXS,TP2,1000.0,1000.0,1000.0,420000.0,36.342456280670184,17.170000076293945,7211400.032043457,MOMENTUM,-0.05820605158805847,4.073422177520744,0.0,NONE,0.0,2.8901734104046244,16.832693055109484,2.8901734104046244,2.159039920806885,WIN,True,False
91.0,2539.0,2.0,6.599426746368408,1200.0,1861.4238739013672,55.0,1000.0,0.977754533290863,3.247274160385132,542600.0,1.0,5.0482401847839355,5.880924224853516,6.505437850952148,2021-01-04,2020-11-10,GILT,TP2,1000.0,1000.0,1000.0,542600.0,30.72727336270478,5.0482401847839355,2739175.1242637634,MOMENTUM,2.7987260818481445,,0.7,POCKET_PIVOT,0.3,0.8333333333333334,16.507402635974223,0.8333333333333334,1.861423873901367,WIN,False,False
93.0,796.0,2.0,145.69027709960938,55.0,1735.421371459961,25.0,1000.0,0.8675630688667297,3.075770854949951,565200.0,0.8907941579818726,114.13716125488281,132.16751098632812,145.69027709960938,2021-01-06,2020-09-29,AVY,TP2,1000.0,1000.0,1000.0,565200.0,27.644910297238283,114.13716125488281,64510323.541259766,MOMENTUM,2.8933961391448975,,0.0,NONE,0.0,18.181818181818183,15.929797080913785,18.181818181818183,1.735421371459961,WIN,False,False
93.0,2470.0,2.0,11.264477729797363,757.0,1841.0594959259033,41.0,1000.0,1.2299437522888184,3.4902069568634033,1198900.0,0.8786730170249939,8.832430839538574,10.153120040893555,11.143637657165527,2021-01-06,2020-10-21,FULT,TP2,1000.0,1000.0,1000.0,1198900.0,27.535419574095922,8.832430839538574,10589201.333522797,MOMENTUM,10.844636917114258,,0.0,NONE,0.0,1.321003963011889,14.956289916229915,1.321003963011889,1.8410594959259032,WIN,False,False
95.0,2260.0,2.0,100.35765075683594,79.0,1746.4911499023438,41.0,1000.0,1.0255047082901,2.862584114074707,1022500.0,0.8995088338851929,78.25016784667969,90.88301849365234,100.35765075683594,2021-01-08,2020-10-21,ENTG,TP2,1000.0,1000.0,1000.0,1022500.0,28.2523137247102,78.25016784667969,80010796.62322998,MOMENTUM,1.8158661127090454,,0.0,NONE,0.0,12.658227848101266,16.176614308231645,12.658227848101266,1.7464911499023437,WIN,False,False
99.0,27.0,1.0,38.39137268066406,145.0,797.978458404541,10.0,1000.0,0.9426904320716858,2.6465396881103516,274700.0,0.800000011920929,32.8880729675293,38.39137268066406,42.51884841918945,2021-01-14,2020-09-08,ABM,TP1,1000.0,1000.0,1000.0,274700.0,16.73342101426321,32.8880729675293,9034353.644180298,MOMENTUM,-3.059007167816162,,0.9,CUP_AND_HANDLE,0.3,6.896551724137931,20.96976533391592,6.896551724137931,0.7979784584045411,WIN,False,False
105.0,126.0,0.0,290.97039794921875,41.0,-993.4141845703125,94.0,1000.0,1.315925121307373,2.5372142791748047,1557700.0,1.0,290.97039794921875,363.6592102050781,400.00360107421875,2021-01-25,2021-01-07,ADSK,STOP,1000.0,1000.0,1000.0,1557700.0,-7.687060063277499,315.20001220703125,490987059.0148926,MOMENTUM,6.198212623596191,61.78960096735187,0.7,POCKET_PIVOT,0.3,24.390243902439025,7.738021242974731,24.390243902439025,-0.9934141845703125,LOSS,False,False
107.0,130.0,1.0,16.992107391357422,343.0,796.7893114089966,94.0,1000.0,1.2600531578063965,3.7966556549072266,386200.0,1.0,14.669106483459473,16.992107391357422,18.734357833862305,2021-01-27,2021-01-07,ADTN,TP1,1000.0,1000.0,1000.0,386200.0,15.836008215751304,14.669106483459473,5665208.923912048,MOMENTUM,4.987051963806152,95.93712212817412,0.7,POCKET_PIVOT,0.3,2.9154518950437316,19.874774911008547,2.9154518950437316,0.7967893114089966,WIN,False,False
107.0,796.0,3.0,136.7646942138672,12.0,271.5303955078125,25.0,1000.0,0.8675630688667297,3.075770854949951,565200.0,0.8907941579818726,114.13716125488281,132.16751098632812,145.69027709960938,2021-01-27,2020-09-29,AVY,RUNNER,1000.0,1000.0,1000.0,565200.0,19.824860466307037,114.13716125488281,64510323.541259766,MOMENTUM,2.8933961391448975,,0.0,NONE,0.0,83.33333333333333,73.01156995418818,83.33333333333333,0.2715303955078125,WIN,False,False
107.0,2244.0,0.0,87.09574890136719,143.0,-230.73194885253906,75.0,1000.0,0.7680585384368896,2.426638603210449,239400.0,1.0,88.70925903320312,102.64830017089844,113.10257720947266,2021-01-27,2020-12-09,EME,STOP,1000.0,1000.0,1000.0,239400.0,-1.818874545251262,88.70925903320312,21236996.612548828,MOMENTUM,5.10646390914917,31.807895398541614,0.0,NONE,0.0,6.993006993006993,7.883063244153093,6.993006993006993,-0.23073194885253906,LOSS,False,False
107.0,2497.0,3.0,28.32971954345703,67.0,683.3757705688477,75.0,1000.0,1.0193887948989868,6.2494587898254395,15244829.0,1.0,18.130081176757812,21.159530639648438,23.431615829467773,2021-01-27,2020-12-09,GBTC,RUNNER,1000.0,1000.0,1000.0,15244829.0,56.25809541203175,18.130081176757812,276389987.2957916,MOMENTUM,-4.188817024230957,65.80336937389993,0.7,POCKET_PIVOT,0.3,14.925373134328359,82.32380753739929,14.925373134328359,0.6833757705688477,WIN,False,False
108.0,133.0,0.0,113.91000366210938,104.0,-996.3193969726562,94.0,1000.0,1.7398771047592163,2.949812412261963,192500.0,1.0,113.91079711914062,142.6483917236328,157.01719665527344,2021-01-28,2021-01-07,ADUS,STOP,1000.0,1000.0,1000.0,192500.0,-7.757708613962825,123.48999786376953,23771824.588775635,MOMENTUM,9.246930122375488,95.93712212817412,0.7,POCKET_PIVOT,0.3,9.615384615384615,7.786367140431907,9.615384615384615,-0.9963193969726563,LOSS,False,False
109.0,102.0,0.0,7.559840679168701,1607.0,-113.54007577896118,75.0,1000.0,0.6485783457756042,3.3161442279815674,1640178.0,1.0,7.630494117736816,8.874924659729004,9.808246612548828,2021-01-29,2020-12-09,ADEA,STOP,1000.0,1000.0,1000.0,1640178.0,-0.9259352995749488,7.630494117736816,12515368.581041336,MOMENTUM,3.3112754821777344,69.92708071410611,0.8,VCP,0.3,0.6222775357809583,8.155140757326528,0.6222775357809583,-0.11354007577896118,LOSS,False,False
109.0,779.0,3.0,45.29999923706055,37.0,453.6199378967285,25.0,1000.0,0.9097768664360046,3.139350414276123,253200.0,0.8855698704719543,33.040000915527344,38.47520065307617,42.55160140991211,2021-01-29,2020-09-29,AVNS,RUNNER,1000.0,1000.0,1000.0,253200.0,37.10653142195145,33.040000915527344,8365728.231811523,MOMENTUM,0.48509204387664795,,0.75,CUP_AND_HANDLE,0.3,27.027027027027028,81.80092699188006,27.027027027027028,0.4536199378967285,WIN,False,False
109.0,871.0,3.0,52.5974235534668,31.0,347.39443588256836,41.0,1000.0,0.8278749585151672,3.0628821849823,61300.0,0.8722067475318909,41.391151428222656,47.88308334350586,52.75203323364258,2021-01-29,2020-10-21,BANF,RUNNER,1000.0,1000.0,1000.0,61300.0,27.074076797977447,41.391151428222656,2537277.582550049,MOMENTUM,5.843900680541992,,0.8,CUP_AND_HANDLE,0.3,32.25806451612903,77.93468749490692,32.25806451612903,0.34739443588256835,WIN,False,False
110.0,626.0,1.0,10.180000305175781,599.0,1060.2302742004395,109.0,1000.0,1.3167513608932495,5.164499282836914,1468000.0,1.0,8.40999984741211,9.744400024414062,10.745200157165527,2021-02-01,2021-01-29,ARLO,TP1,1000.0,1000.0,1000.0,1468000.0,21.046379189986897,8.40999984741211,12345879.776000977,MOMENTUM,2.956477165222168,68.01075268817203,0.7,POCKET_PIVOT,0.3,1.669449081803005,19.850762331663073,1.669449081803005,1.0602302742004395,WIN,False,False
111.0,2260.0,3.0,96.25471496582031,16.0,288.07275390625,41.0,1000.0,1.0255047082901,2.862584114074707,1022500.0,0.8995088338851929,78.25016784667969,90.88301849365234,100.35765075683594,2021-02-02,2020-10-21,ENTG,RUNNER,1000.0,1000.0,1000.0,1022500.0,23.00895654871697,78.25016784667969,80010796.62322998,MOMENTUM,1.8158661127090454,,0.0,NONE,0.0,62.5,79.87203314689376,62.5,0.28807275390625,WIN,False,False
111.0,3024.0,1.0,10.380000114440918,602.0,1197.9798622131348,109.0,1000.0,1.5323444604873657,10.518585205078125,221600.0,1.0,8.390000343322754,9.718000411987305,10.714000701904297,2021-02-02,2021-01-29,KLXE,TP1,1000.0,1000.0,1000.0,221600.0,23.718709054665542,8.390000343322754,1859224.0760803223,MOMENTUM,3.178999185562134,56.47605083088955,0.0,NONE,0.0,1.6611295681063123,19.798921336497145,1.6611295681063123,1.1979798622131348,WIN,False,False
112.0,3024.0,2.0,11.220000267028809,753.0,2130.989942550659,109.0,1000.0,1.5323444604873657,10.518585205078125,221600.0,1.0,8.390000343322754,9.718000411987305,10.714000701904297,2021-02-03,2021-01-29,KLXE,TP2,1000.0,1000.0,1000.0,221600.0,33.73062941479296,8.390000343322754,1859224.0760803223,MOMENTUM,3.178999185562134,56.47605083088955,0.0,NONE,0.0,1.3280212483399734,15.82861971390608,1.3280212483399734,2.1309899425506593,WIN,True,False
113.0,626.0,0.0,8.40999984741211,899.0,0.0,109.0,1000.0,1.3167513608932495,5.164499282836914,1468000.0,1.0,8.40999984741211,9.744400024414062,10.745200157165527,2021-02-04,2021-01-29,ARLO,STOP,1000.0,1000.0,1000.0,1468000.0,0.0,8.40999984741211,12345879.776000977,MOMENTUM,2.956477165222168,68.01075268817203,0.7,POCKET_PIVOT,0.3,1.1123470522803114,13.226481242120332,1.1123470522803114,0.0,BE,False,False
116.0,3675.0,0.0,9.254010200500488,1290.0,-139.99391555786133,109.0,1000.0,0.9861006140708923,6.681620121002197,495200.0,1.0,9.362532615661621,10.912628173828125,12.075200080871582,2021-02-09,2021-01-29,OSW,STOP,1000.0,1000.0,1000.0,495200.0,-1.1591138809983614,9.362532615661621,4636326.151275635,MOMENTUM,1.6331958770751953,14.833822091886608,0.0,NONE,0.0,0.7751937984496124,8.27974470447099,0.7751937984496124,-0.13999391555786134,LOSS,False,False
117.0,3997.0,0.0,11.920000076293945,975.0,0.0,117.0,1000.0,1.4718350172042847,4.114936351776123,12771900.0,0.9971233010292053,11.920000076293945,13.969599723815918,15.506800651550293,2021-02-10,2021-02-10,TEVA,STOP,1000.0,1000.0,1000.0,12771900.0,0.0,11.920000076293945,152241048.97441864,MOMENTUM,-2.2470061779022217,56.44498186215235,0.0,NONE,0.0,1.0256410256410255,8.604370965406137,1.0256410256410255,0.0,BE,False,False
118.0,869.0,1.0,17.59522819519043,318.0,799.6351547241211,109.0,1000.0,1.0809999704360962,4.373772144317627,252100.0,1.0,15.080652236938477,17.59522819519043,19.481159210205078,2021-02-11,2021-01-29,BANC,TP1,1000.0,1000.0,1000.0,252100.0,16.674185696642237,15.080652236938477,3801832.42893219,MOMENTUM,-1.438928246498108,95.63782991202346,0.0,NONE,0.0,3.1446540880503147,20.852241923249277,3.1446540880503147,0.7996351547241211,WIN,False,False
119.0,347.0,0.0,11.65999984741211,1041.0,0.0,117.0,1000.0,0.6898009181022644,10.151162147521973,1125900.0,1.0,11.65999984741211,13.579999923706055,15.019999504089355,2021-02-12,2021-02-10,ALDX,STOP,1000.0,1000.0,1000.0,1125900.0,0.0,11.65999984741211,13127993.828201294,MOMENTUM,-1.7753742933273315,7.218863361547763,0.7,POCKET_PIVOT,0.3,0.9606147934678194,8.238548936868332,0.9606147934678194,0.0,BE,False,False
122.0,130.0,0.0,14.665757179260254,517.0,-1.7315902709960938,94.0,1000.0,1.2600531578063965,3.7966556549072266,386200.0,1.0,14.669106483459473,16.992107391357422,18.734357833862305,2021-02-18,2021-01-07,ADTN,STOP,1000.0,1000.0,1000.0,386200.0,-0.022832366804313158,14.669106483459473,5665208.923912048,MOMENTUM,4.987051963806152,95.93712212817412,0.7,POCKET_PIVOT,0.3,1.9342359767891684,13.185779099566602,1.9342359767891684,-0.0017315902709960937,LOSS,False,False
123.0,792.0,3.0,28.690000534057617,59.0,404.15002250671387,1.0,1000.0,0.9454072117805481,3.9945919513702393,5205100.0,0.800000011920929,21.84000015258789,25.267200469970703,27.837600708007812,2021-02-19,2020-08-25,AVTR,RUNNER,1000.0,1000.0,1000.0,5205100.0,31.364470391993326,21.84000015258789,113679384.79423523,MOMENTUM,2.18500018119812,,0.9,POCKET_PIVOT,0.3,16.949152542372882,77.60600926719555,16.949152542372882,0.4041500225067139,WIN,False,False
124.0,21.0,0.0,2.152942657470703,5131.0,-1126.927661895752,94.0,1000.0,2.0426487922668457,2.8678486347198486,46496100.0,1.0,2.177689552307129,2.7623424530029297,3.05466890335083,2021-02-22,2021-01-07,ABEV,STOP,1000.0,1000.0,1000.0,46496100.0,-9.257085710243167,2.3725738525390625,110315431.1050415,MOMENTUM,-1.711998462677002,95.93712212817412,0.8,POCKET_PIVOT,0.3,0.19489378288832587,8.214445366147654,0.19489378288832587,-1.126927661895752,LOSS,False,True
125.0,490.0,0.0,17.675649642944336,646.0,-999.2652320861816,109.0,1000.0,1.0037680864334106,2.4414258003234863,10208000.0,1.0,17.675649642944336,22.316200256347656,24.636474609375,2021-02-23,2021-01-29,ANET,STOP,1000.0,1000.0,1000.0,10208000.0,-8.047081372072546,19.22249984741211,196223278.4423828,MOMENTUM,0.8504201769828796,5.095307917888563,0.55,POCKET_PIVOT,0.2,1.5479876160990713,8.05299845694874,1.5479876160990713,-0.9992652320861817,LOSS,False,False
125.0,1432.0,3.0,22.170000076293945,70.0,350.0,75.0,1000.0,0.960856556892395,4.027277946472168,420000.0,1.0,17.170000076293945,20.056400299072266,22.221200942993164,2021-02-23,2020-12-09,CDXS,RUNNER,1000.0,1000.0,1000.0,420000.0,29.12055898533941,17.170000076293945,7211400.032043457,MOMENTUM,-0.05820605158805847,4.073422177520744,0.0,NONE,0.0,14.285714285714286,83.20159710096975,14.285714285714286,0.35,WIN,False,False
126.0,258.0,0.0,159.0,76.0,0.0,126.0,1000.0,1.3357869386672974,13.339242935180664,77487.0,1.0,159.0,185.24000549316406,204.9199981689453,2021-02-24,2021-02-24,AIHS,STOP,1000.0,1000.0,1000.0,77487.0,0.0,159.0,12320433.0,MOMENTUM,-2.6033689975738525,91.29383313180169,0.9,POCKET_PIVOT,0.3,13.157894736842104,8.275405494869247,13.157894736842104,0.0,BE,False,False
127.0,685.0,0.0,22.22599983215332,525.0,-999.5996475219727,126.0,1000.0,0.9869750142097473,9.520020484924316,371300.0,1.0,22.22599983215332,27.937999725341797,30.79399871826172,2021-02-25,2021-02-24,ASPN,STOP,1000.0,1000.0,1000.0,371300.0,-7.890590115349146,24.1299991607666,8959468.68839264,MOMENTUM,3.9548468589782715,82.90205562273277,0.7,POCKET_PIVOT,0.3,1.9047619047619047,7.893750397881867,1.9047619047619047,-0.9995996475219726,LOSS,False,False
127.0,2284.0,0.0,123.58612823486328,91.0,-1277.0666122436523,117.0,1000.0,1.156169056892395,1.7274421453475952,40200.0,1.0,126.662109375,159.53526306152344,175.9718475341797,2021-02-25,2021-02-10,ESLT,STOP,1000.0,1000.0,1000.0,40200.0,-10.197439797725991,137.6198272705078,5532317.056274414,MOMENTUM,4.4901604652404785,22.97460701330109,0.0,NONE,0.0,10.989010989010989,7.985049252685666,10.989010989010989,-1.2770666122436523,LOSS,False,True
127.0,2397.0,0.0,27.899999618530273,374.0,-1563.3208274841309,117.0,1000.0,0.7458013892173767,7.543556213378906,1013600.0,1.0,29.41120147705078,37.4176025390625,41.42080307006836,2021-02-25,2021-02-10,FLWS,STOP,1000.0,1000.0,1000.0,1013600.0,-13.029931340209618,32.08000183105469,32516289.85595703,MOMENTUM,0.828192412853241,84.35308343409915,0.75,VCP,0.3,2.6737967914438503,8.334777552461082,2.6737967914438503,-1.5633208274841308,LOSS,False,True
129.0,2909.0,1.0,22.814897537231445,254.0,798.1450805664062,75.0,1000.0,0.9280005693435669,2.660154342651367,3597837.0,1.0,19.67259407043457,22.814897537231445,25.17162322998047,2021-03-01,2020-12-09,IPG,TP1,1000.0,1000.0,1000.0,3597837.0,15.973000080957098,19.67259407043457,70778786.8325901,MOMENTUM,6.275233268737793,34.196630626100074,0.0,NONE,0.0,3.937007874015748,20.012652423569165,3.937007874015748,0.7981450805664062,WIN,False,False
130.0,690.0,0.0,64.19999694824219,210.0,0.0,130.0,1000.0,0.6784923076629639,17.26535987854004,325093.0,1.0,64.19999694824219,73.70399475097656,80.83200073242188,2021-03-02,2021-03-02,ASRT,STOP,1000.0,1000.0,1000.0,325093.0,0.0,64.19999694824219,20870969.607894897,MOMENTUM,7.32196044921875,92.40628778718258,0.55,VCP,0.2,4.761904761904762,7.41729748950579,4.761904761904762,0.0,BE,False,False
131.0,680.0,0.0,518.9417724609375,22.0,-1079.716064453125,126.0,1000.0,1.2912677526474,2.2542366981506348,1004800.0,1.0,524.024658203125,656.010009765625,722.002685546875,2021-03-03,2021-02-24,ASML,STOP,1000.0,1000.0,1000.0,1004800.0,-8.640192658070179,568.019775390625,570746270.3125,MOMENTUM,4.680350303649902,82.53929866989117,0.7,POCKET_PIVOT,0.3,45.45454545454545,8.002282213376558,45.45454545454545,-1.079716064453125,LOSS,False,True
131.0,2539.0,3.0,12.649999618530273,241.0,1832.0240235328674,55.0,1000.0,0.977754533290863,3.247274160385132,542600.0,1.0,5.0482401847839355,5.880924224853516,6.505437850952148,2021-03-03,2020-11-10,GILT,RUNNER,1000.0,1000.0,1000.0,542600.0,150.58236445759945,5.0482401847839355,2739175.1242637634,MOMENTUM,2.7987260818481445,,0.7,POCKET_PIVOT,0.3,4.149377593360996,82.19453594675961,4.149377593360996,1.8320240235328675,WIN,False,False
132.0,447.0,0.0,198.5665740966797,59.0,-992.0716400146484,126.0,1000.0,1.0741480588912964,2.4488160610198975,717300.0,1.0,198.5665740966797,249.01089477539062,274.2330627441406,2021-03-04,2021-02-24,AMP,STOP,1000.0,1000.0,1000.0,717300.0,-7.806977596967587,215.38134765625,154493040.67382812,MOMENTUM,8.94956111907959,8.585247883917775,0.8,POCKET_PIVOT,0.3,16.949152542372882,7.869368785556972,16.949152542372882,-0.9920716400146484,LOSS,False,False
133.0,1964.0,0.0,16.950000762939453,729.0,0.0,117.0,1000.0,0.7027429938316345,4.731061935424805,630072.0,1.0,16.950000762939453,19.690799713134766,21.746400833129883,2021-03-05,2021-02-10,DENN,STOP,1000.0,1000.0,1000.0,630072.0,0.0,16.950000762939453,10679720.880706787,MOMENTUM,4.022834777832031,87.59371221281741,0.0,NONE,0.0,1.3717421124828533,8.092873455688075,1.3717421124828533,0.0,BE,False,False
134.0,27.0,2.0,43.307029724121094,181.0,1885.8311729431152,10.0,1000.0,0.9426904320716858,2.6465396881103516,274700.0,0.800000011920929,32.8880729675293,38.39137268066406,42.51884841918945,2021-03-08,2020-09-08,ABM,TP2,1000.0,1000.0,1000.0,274700.0,31.68004634044242,32.8880729675293,9034353.644180298,MOMENTUM,-3.059007167816162,,0.9,CUP_AND_HANDLE,0.3,5.524861878453039,16.798983278551425,5.524861878453039,1.8858311729431152,WIN,False,False
142.0,2909.0,2.0,25.17162322998047,318.0,1748.6912727355957,75.0,1000.0,0.9280005693435669,2.660154342651367,3597837.0,1.0,19.67259407043457,22.814897537231445,25.17162322998047,2021-03-18,2020-12-09,IPG,TP2,1000.0,1000.0,1000.0,3597837.0,27.952740446214193,19.67259407043457,70778786.8325901,MOMENTUM,6.275233268737793,34.196630626100074,0.0,NONE,0.0,3.1446540880503147,15.984948791152732,3.1446540880503147,1.7486912727355957,WIN,False,False
143.0,634.0,0.0,7.595445156097412,1594.0,-999.5069360733032,126.0,1000.0,1.8005211353302002,4.410182952880859,1461600.0,1.0,7.595445156097412,9.476574897766113,10.417140007019043,2021-03-19,2021-02-24,AROC,STOP,1000.0,1000.0,1000.0,1461600.0,-7.625954777506222,8.222488403320312,12017989.050292969,MOMENTUM,8.989411354064941,89.50423216444982,0.8,POCKET_PIVOT,0.3,0.6273525721455459,7.629716715589595,0.6273525721455459,-0.9995069360733032,LOSS,False,False
145.0,16.0,0.0,48.43699264526367,264.0,0.0,134.0,1000.0,1.4807486534118652,3.433130979537964,538800.0,1.0,48.43699264526367,55.991851806640625,61.657997131347656,2021-03-23,2021-03-08,ABCB,STOP,1000.0,1000.0,1000.0,538800.0,0.0,48.43699264526367,26097851.637268066,MOMENTUM,7.683809757232666,38.737864077669904,0.55,VCP,0.2,3.787878787878788,7.820218764653589,3.787878787878788,0.0,BE,False,False
145.0,23.0,0.0,180.05999755859375,72.0,0.0,134.0,1000.0,1.467551589012146,4.076156139373779,238800.0,1.0,180.05999755859375,207.5240020751953,228.1219940185547,2021-03-23,2021-03-08,ABG,STOP,1000.0,1000.0,1000.0,238800.0,0.0,180.05999755859375,42998327.41699219,MOMENTUM,8.931854248046875,93.26456310679612,0.55,POCKET_PIVOT,0.2,13.88888888888889,7.713478327894164,13.88888888888889,0.0,BE,False,False
145.0,66.0,0.0,55.02000045776367,223.0,-173.93972778320312,130.0,1000.0,1.6177374124526978,3.8495593070983887,1144800.0,1.0,55.79999923706055,64.76640319824219,71.49119567871094,2021-03-23,2021-03-02,ACHC,STOP,1000.0,1000.0,1000.0,1144800.0,-1.397847293837999,55.79999923706055,63879839.126586914,MOMENTUM,4.499271869659424,95.46553808948005,0.7,POCKET_PIVOT,0.3,4.484304932735426,8.036388878222594,4.484304932735426,-0.17393972778320313,LOSS,False,False
145.0,376.0,0.0,37.25868606567383,340.0,0.0,130.0,1000.0,1.1085336208343506,2.9920716285705566,4064200.0,1.0,37.25868606567383,43.14057159423828,47.55198669433594,2021-03-23,2021-03-02,ALLY,STOP,1000.0,1000.0,1000.0,4064200.0,0.0,37.25868606567383,151426751.90811157,MOMENTUM,4.0542802810668945,74.94558645707376,0.55,POCKET_PIVOT,0.2,2.9411764705882355,7.89393502874467,2.9411764705882355,0.0,BE,False,False
157.0,3024.0,3.0,14.510000228881836,151.0,924.1199827194214,109.0,1000.0,1.5323444604873657,10.518585205078125,221600.0,1.0,8.390000343322754,9.718000411987305,10.714000701904297,2021-04-09,2021-01-29,KLXE,RUNNER,1000.0,1000.0,1000.0,221600.0,72.94397658076058,8.390000343322754,1859224.0760803223,MOMENTUM,3.178999185562134,56.47605083088955,0.0,NONE,0.0,6.622516556291391,78.93344797729324,6.622516556291391,0.9241199827194214,WIN,False,False
166.0,2470.0,3.0,13.72705364227295,152.0,743.982666015625,41.0,1000.0,1.2299437522888184,3.4902069568634033,1198900.0,0.8786730170249939,8.832430839538574,10.153120040893555,11.143637657165527,2021-04-22,2020-10-21,FULT,RUNNER,1000.0,1000.0,1000.0,1198900.0,55.416486034891854,8.832430839538574,10589201.333522797,MOMENTUM,10.844636917114258,,0.0,NONE,0.0,6.578947368421052,74.4862596485924,6.578947368421052,0.743982666015625,WIN,False,False
167.0,3359.0,2.0,463.7872314453125,16.0,1658.564453125,55.0,1000.0,2.3065245151519775,3.568742036819458,1245800.0,0.9912928342819214,360.126953125,419.36138916015625,463.7872314453125,2021-04-23,2020-11-10,MSCI,TP2,1000.0,1000.0,1000.0,1245800.0,28.78437101716517,360.126953125,448646158.203125,MOMENTUM,3.6079349517822266,,0.6,CUP_AND_HANDLE,0.2,62.5,17.354990915746942,62.5,1.658564453125,WIN,False,False
169.0,796.0,1.0,189.67141723632812,30.0,788.0561828613281,130.0,1000.0,0.892055094242096,2.7812752723693848,513400.0,1.0,163.4028778076172,189.67141723632812,209.372802734375,2021-04-27,2021-03-02,AVY,TP1,1000.0,1000.0,1000.0,513400.0,16.075934390603738,163.4028778076172,83891037.46643066,MOMENTUM,2.106015682220459,31.535671100362755,0.0,NONE,0.0,33.333333333333336,20.39947752485634,33.333333333333336,0.7880561828613282,WIN,False,False
176.0,200.0,1.0,96.15918731689453,60.0,833.6668395996094,146.0,1000.0,0.8965466022491455,3.516235828399658,60100.0,1.0,82.26473999023438,95.36924743652344,105.1976318359375,2021-05-06,2021-03-24,AGM,TP1,1000.0,1000.0,1000.0,60100.0,16.88991824238375,82.26473999023438,4944110.873413086,MOMENTUM,2.2306177616119385,79.05128205128204,0.85,POCKET_PIVOT,0.3,16.666666666666668,20.259793769049978,16.666666666666668,0.8336668395996094,WIN,False,False
177.0,112.0,1.0,58.71112823486328,98.0,794.9740829467773,134.0,1000.0,2.4547388553619385,1.9361412525177002,6637000.0,1.0,50.59914779663086,58.67118453979492,64.72521209716797,2021-05-07,2021-03-08,ADM,TP1,1000.0,1000.0,1000.0,6637000.0,16.031851901609613,50.59914779663086,335826543.926239,MOMENTUM,2.588693141937256,93.26456310679612,0.9,POCKET_PIVOT,0.3,10.204081632653061,20.166508878105056,10.204081632653061,0.7949740829467773,WIN,False,False
180.0,27.0,3.0,46.024864196777344,37.0,486.06127548217773,10.0,1000.0,0.9426904320716858,2.6465396881103516,274700.0,0.800000011920929,32.8880729675293,38.39137268066406,42.51884841918945,2021-05-12,2020-09-08,ABM,RUNNER,1000.0,1000.0,1000.0,274700.0,39.943937251106576,32.8880729675293,9034353.644180298,MOMENTUM,-3.059007167816162,,0.9,CUP_AND_HANDLE,0.3,27.027027027027028,82.1788100923732,27.027027027027028,0.48606127548217776,WIN,False,False
180.0,85.0,0.0,14.023200035095215,821.0,-998.9925832748413,146.0,1000.0,0.6320587396621704,6.059662818908691,62400.0,1.0,14.023200035095215,17.673599243164062,19.49880027770996,2021-05-12,2021-03-24,ACR,STOP,1000.0,1000.0,1000.0,62400.0,-7.984250356282467,15.239999771118164,950975.9857177734,MOMENTUM,2.244136333465576,78.46153846153847,0.8,POCKET_PIVOT,0.3,1.218026796589525,7.992301934924228,1.218026796589525,-0.9989925832748413,LOSS,False,False
181.0,200.0,0.0,82.26473999023438,92.0,0.0,146.0,1000.0,0.8965466022491455,3.516235828399658,60100.0,1.0,82.26473999023438,95.36924743652344,105.1976318359375,2021-05-13,2021-03-24,AGM,STOP,1000.0,1000.0,1000.0,60100.0,0.0,82.26473999023438,4944110.873413086,MOMENTUM,2.2306177616119385,79.05128205128204,0.85,POCKET_PIVOT,0.3,10.869565217391305,13.212908979815202,10.869565217391305,0.0,BE,False,False
183.0,3359.0,3.0,434.5058898925781,4.0,297.5157470703125,55.0,1000.0,2.3065245151519775,3.568742036819458,1245800.0,0.9912928342819214,360.126953125,419.36138916015625,463.7872314453125,2021-05-17,2020-11-10,MSCI,RUNNER,1000.0,1000.0,1000.0,1245800.0,20.653532350787753,360.126953125,448646158.203125,MOMENTUM,3.6079349517822266,,0.6,CUP_AND_HANDLE,0.2,250.0,69.41996366298777,250.0,0.2975157470703125,WIN,False,False
185.0,1.0,0.0,34.548763275146484,334.0,-1126.175926208496,182.0,1000.0,0.8587343096733093,5.750265121459961,6493500.0,1.0,34.930458068847656,43.90072250366211,48.38585662841797,2021-05-19,2021-05-14,AA,STOP,1000.0,1000.0,1000.0,6493500.0,-8.891707619747775,37.92054748535156,246237075.09613037,MOMENTUM,5.289676189422607,84.52323330106486,0.7,VCP,0.3,2.9940119760479043,7.8954872083649885,2.9940119760479043,-1.126175926208496,LOSS,False,True
200.0,311.0,1.0,151.66172790527344,38.0,788.2477722167969,146.0,1000.0,0.6038721799850464,2.434293270111084,332800.0,1.0,130.91836547851562,151.66172790527344,167.21926879882812,2021-06-10,2021-03-24,AIZ,TP1,1000.0,1000.0,1000.0,332800.0,15.844501534173144,130.91836547851562,43569632.03125,MOMENTUM,5.440564155578613,75.94871794871794,0.75,POCKET_PIVOT,0.3,26.31578947368421,20.10091508360816,26.31578947368421,0.7882477722167969,WIN,False,False
205.0,74.0,0.0,58.87493896484375,215.0,-6.202869415283203,146.0,1000.0,1.066994547843933,3.042560338973999,1084600.0,1.0,58.90378952026367,68.18067932128906,75.13834381103516,2021-06-17,2021-03-24,ACM,STOP,1000.0,1000.0,1000.0,1084600.0,-0.04897911603802147,58.90378952026367,63887050.11367798,MOMENTUM,2.0399680137634277,79.48717948717949,0.65,POCKET_PIVOT,0.2,4.651162790697675,7.896202992334837,4.651162790697675,-0.006202869415283203,LOSS,False,False
206.0,2909.0,3.0,26.640533447265625,64.0,445.9481201171875,75.0,1000.0,0.9280005693435669,2.660154342651367,3597837.0,1.0,19.67259407043457,22.814897537231445,25.17162322998047,2021-06-18,2020-12-09,IPG,RUNNER,1000.0,1000.0,1000.0,3597837.0,35.41952500968334,19.67259407043457,70778786.8325901,MOMENTUM,6.275233268737793,34.196630626100074,0.0,NONE,0.0,15.625,79.42521430604013,15.625,0.4459481201171875,WIN,False,False
216.0,4.0,1.0,188.72889709472656,31.0,838.3736572265625,146.0,1000.0,0.8155300617218018,2.977471113204956,802400.0,1.0,161.68458557128906,187.24095153808594,206.40821838378906,2021-07-02,2021-03-24,AAP,TP1,1000.0,1000.0,1000.0,802400.0,16.726586166442733,161.68458557128906,129735711.46240234,MOMENTUM,4.331157207489014,47.1025641025641,0.8,POCKET_PIVOT,0.3,32.25806451612903,19.951230602564763,32.25806451612903,0.8383736572265625,WIN,False,False
217.0,463.0,0.0,38.77952194213867,305.0,-997.1058082580566,134.0,1000.0,1.581407070159912,3.01405930519104,125200.0,1.0,38.77952194213867,48.587120056152344,53.49091720581055,2021-07-06,2021-03-08,AMSF,STOP,1000.0,1000.0,1000.0,125200.0,-7.774789028578893,42.04872131347656,5264499.908447266,MOMENTUM,7.905591011047363,58.907766990291265,0.8,CUP_AND_HANDLE,0.3,3.278688524590164,7.7973560721318504,3.278688524590164,-0.9971058082580566,LOSS,False,False
217.0,869.0,0.0,15.080652236938477,477.0,0.0,109.0,1000.0,1.0809999704360962,4.373772144317627,252100.0,1.0,15.080652236938477,17.59522819519043,19.481159210205078,2021-07-06,2021-01-29,BANC,STOP,1000.0,1000.0,1000.0,252100.0,0.0,15.080652236938477,3801832.42893219,MOMENTUM,-1.438928246498108,95.63782991202346,0.0,NONE,0.0,2.0964360587002098,13.901494615499516,2.0964360587002098,0.0,BE,False,False
219.0,99.0,0.0,9.724164009094238,1279.0,0.0,146.0,1000.0,0.8597408533096313,3.9549763202667236,953775.0,1.0,9.724164009094238,11.287118911743164,12.459334373474121,2021-07-08,2021-03-24,ADAM,STOP,1000.0,1000.0,1000.0,953775.0,0.0,9.724164009094238,9274664.527773857,MOMENTUM,0.7985849976539612,79.07692307692308,0.8,POCKET_PIVOT,0.3,0.7818608287724785,8.04039121554579,0.7818608287724785,0.0,BE,False,False
226.0,112.0,0.0,50.59914779663086,149.0,0.0,134.0,1000.0,2.4547388553619385,1.9361412525177002,6637000.0,1.0,50.59914779663086,58.67118453979492,64.72521209716797,2021-07-19,2021-03-08,ADM,STOP,1000.0,1000.0,1000.0,6637000.0,0.0,50.59914779663086,335826543.926239,MOMENTUM,2.588693141937256,93.26456310679612,0.9,POCKET_PIVOT,0.3,6.7114093959731544,13.263878322512051,6.7114093959731544,0.0,BE,False,False
226.0,168.0,0.0,11.843936920166016,1039.0,0.0,218.0,1000.0,1.043368935585022,2.0454907417297363,8300.0,1.0,11.843936920166016,13.767074584960938,15.209426879882812,2021-07-19,2021-07-07,AFBI,STOP,1000.0,1000.0,1000.0,8300.0,0.0,11.843936920166016,98304.67643737793,MOMENTUM,-0.8659700155258179,7.496977025392987,0.0,NONE,0.0,0.9624639076034649,8.126216089218872,0.9624639076034649,0.0,BE,False,False
228.0,336.0,1.0,186.5773162841797,31.0,791.7856750488281,218.0,1000.0,0.7978525757789612,2.432846784591675,665800.0,1.0,161.0358428955078,186.5773162841797,205.73342895507812,2021-07-21,2021-07-07,ALB,TP1,1000.0,1000.0,1000.0,665800.0,15.86073816202838,161.0358428955078,107217664.1998291,MOMENTUM,1.8459597826004028,73.92986698911729,0.7,CUP_AND_HANDLE,0.3,32.25806451612903,20.031605347053386,32.25806451612903,0.7917856750488281,WIN,False,False
232.0,457.0,0.0,62.91999816894531,191.0,0.0,218.0,1000.0,0.7366172671318054,3.700087785720825,267300.0,1.0,62.91999816894531,73.3759994506836,81.2179946899414,2021-07-27,2021-07-07,AMRC,STOP,1000.0,1000.0,1000.0,267300.0,0.0,62.91999816894531,16818515.510559082,MOMENTUM,0.722760796546936,21.983071342200724,0.6,VCP,0.2,5.2356020942408374,8.321046164341613,5.2356020942408374,0.0,BE,False,False
235.0,482.0,0.0,166.37950134277344,68.0,-1254.5655517578125,218.0,1000.0,1.9939101934432983,1.720108151435852,134896000.0,1.0,170.12603759765625,214.2349090576172,236.2893524169922,2021-07-30,2021-07-07,AMZN,STOP,1000.0,1000.0,1000.0,134896000.0,-9.981925959755642,184.82899475097656,24932692075.927734,MOMENTUM,6.994908332824707,22.249093107617895,0.55,POCKET_PIVOT,0.2,14.705882352941176,7.956480190110147,14.705882352941176,-1.2545655517578125,LOSS,False,True
236.0,98.0,0.0,19.04791259765625,569.0,-1771.796724319458,182.0,1000.0,0.9043149352073669,2.6703603267669678,129100.0,1.0,20.40736961364746,25.670635223388672,28.30226707458496,2021-08-02,2021-05-14,AD,STOP,1000.0,1000.0,1000.0,129100.0,-14.050661661371247,22.16179084777832,2861087.198448181,MOMENTUM,5.921240329742432,84.52323330106486,0.7,POCKET_PIVOT,0.3,1.757469244288225,7.93017701664849,1.757469244288225,-1.7717967243194581,LOSS,False,True
237.0,2383.0,0.0,114.44815826416016,93.0,-997.7931060791016,236.0,1000.0,0.8208665251731873,1.5920428037643433,1595900.0,1.0,114.44815826416016,146.63502502441406,162.72845458984375,2021-08-03,2021-08-02,FIS,STOP,1000.0,1000.0,1000.0,1595900.0,-8.571021955889528,125.17711639404297,199770160.05325317,MOMENTUM,-4.983076572418213,85.90084643288996,0.8,FLAT_BASE,0.3,10.75268817204301,8.589979128609098,10.75268817204301,-0.9977931060791015,LOSS,False,False
239.0,336.0,2.0,207.0433807373047,39.0,1794.2939758300781,218.0,1000.0,0.7978525757789612,2.432846784591675,665800.0,1.0,161.0358428955078,186.5773162841797,205.73342895507812,2021-08-05,2021-07-07,ALB,TP2,1000.0,1000.0,1000.0,665800.0,28.569750072131477,161.0358428955078,107217664.1998291,MOMENTUM,1.8459597826004028,73.92986698911729,0.7,CUP_AND_HANDLE,0.3,25.641025641025642,15.922558096375768,25.641025641025642,1.7942939758300782,WIN,False,False
246.0,85.0,0.0,16.350000381469727,714.0,-999.5997276306152,236.0,1000.0,2.5030980110168457,3.415236711502075,131300.0,1.0,16.350000381469727,20.549999237060547,22.649999618530273,2021-08-16,2021-08-02,ACR,STOP,1000.0,1000.0,1000.0,131300.0,-7.887321794536752,17.75,2330575.0,MOMENTUM,7.0018391609191895,62.58766626360338,0.7,CUP_AND_HANDLE,0.3,1.4005602240896358,7.890480135716257,1.4005602240896358,-0.9995997276306152,LOSS,False,False
255.0,796.0,2.0,209.40185546875,38.0,1747.9611511230469,130.0,1000.0,0.892055094242096,2.7812752723693848,513400.0,1.0,163.4028778076172,189.67141723632812,209.372802734375,2021-08-27,2021-03-02,AVY,TP2,1000.0,1000.0,1000.0,513400.0,28.15065332893943,163.4028778076172,83891037.46643066,MOMENTUM,2.106015682220459,31.535671100362755,0.0,NONE,0.0,26.31578947368421,16.104850677518158,26.31578947368421,1.7479611511230468,WIN,False,False
257.0,6.0,1.0,31.55426025390625,185.0,796.628303527832,182.0,1000.0,0.9450168609619141,2.3463637828826904,237100.0,1.0,27.24816131591797,31.55426025390625,34.78383255004883,2021-08-31,2021-05-14,AAT,TP1,1000.0,1000.0,1000.0,237100.0,15.803264257220626,27.24816131591797,6460539.04800415,MOMENTUM,1.4549486637115479,84.52323330106486,0.6,CUP_AND_HANDLE,0.2,5.405405405405405,19.83768865258313,5.405405405405405,0.796628303527832,WIN,False,False
259.0,126.0,0.0,287.4700012207031,38.0,-1314.8002319335938,236.0,1000.0,1.2573702335357666,2.2564074993133545,1311500.0,1.0,296.3796081542969,373.4508056640625,411.9864196777344,2021-09-02,2021-08-02,ADSK,STOP,1000.0,1000.0,1000.0,1311500.0,-10.74300782956321,322.07000732421875,422394814.6057129,MOMENTUM,6.290223598480225,49.02055622732769,0.9,CUP_AND_HANDLE,0.3,26.31578947368421,8.170828973587984,26.31578947368421,-1.3148002319335939,LOSS,False,True
266.0,66.0,0.0,60.47999954223633,189.0,-1162.34956741333,258.0,1000.0,0.8271685242652893,2.6946544647216797,299100.0,1.0,61.340396881103516,77.20919799804688,85.14360046386719,2021-09-14,2021-09-01,ACHC,STOP,1000.0,1000.0,1000.0,299100.0,-9.230073487457872,66.62999725341797,19929032.178497314,MOMENTUM,4.919215202331543,48.66323276919303,0.8,CUP_AND_HANDLE,0.3,5.291005291005291,7.940875745321864,5.291005291005291,-1.1623495674133302,LOSS,False,True
269.0,27.0,0.0,40.93231964111328,276.0,-999.0417938232422,258.0,1000.0,1.9895886182785034,1.9036180973052979,731900.0,1.0,40.93231964111328,51.79146957397461,57.22104263305664,2021-09-17,2021-09-01,ABM,STOP,1000.0,1000.0,1000.0,731900.0,-8.12469405685343,44.55203628540039,32607635.357284546,MOMENTUM,1.6225132942199707,46.75006131959774,0.8,CUP_AND_HANDLE,0.3,3.6231884057971016,8.132486655799418,3.6231884057971016,-0.9990417938232422,LOSS,False,False
270.0,14.0,0.0,89.52657318115234,128.0,-998.0517578125,182.0,1000.0,1.0267144441604614,1.7193125486373901,6558200.0,1.0,89.52657318115234,112.91841125488281,124.61432647705078,2021-09-20,2021-05-14,ABBV,STOP,1000.0,1000.0,1000.0,6558200.0,-8.011683831340926,97.3238525390625,638269289.7216797,MOMENTUM,2.93017840385437,84.52323330106486,0.55,FLAT_BASE,0.2,7.8125,8.027323000663507,7.8125,-0.9980517578125,LOSS,False,False
270.0,336.0,3.0,204.41036987304688,8.0,346.9962158203125,218.0,1000.0,0.7978525757789612,2.432846784591675,665800.0,1.0,161.0358428955078,186.5773162841797,205.73342895507812,2021-09-20,2021-07-07,ALB,RUNNER,1000.0,1000.0,1000.0,665800.0,26.93470360240467,161.0358428955078,107217664.1998291,MOMENTUM,1.8459597826004028,73.92986698911729,0.7,CUP_AND_HANDLE,0.3,125.0,77.62247071983187,125.0,0.3469962158203125,WIN,False,False
270.0,796.0,3.0,197.2986297607422,8.0,271.166015625,130.0,1000.0,0.892055094242096,2.7812752723693848,513400.0,1.0,163.4028778076172,189.67141723632812,209.372802734375,2021-09-20,2021-03-02,AVY,RUNNER,1000.0,1000.0,1000.0,513400.0,20.743668904676362,163.4028778076172,83891037.46643066,MOMENTUM,2.106015682220459,31.535671100362755,0.0,NONE,0.0,125.0,76.49804071821127,125.0,0.271166015625,WIN,False,False
293.0,4.0,2.0,210.0107421875,39.0,1884.7201080322266,146.0,1000.0,0.8155300617218018,2.977471113204956,802400.0,1.0,161.68458557128906,187.24095153808594,206.40821838378906,2021-10-21,2021-03-24,AAP,TP2,1000.0,1000.0,1000.0,802400.0,29.889155138356237,161.68458557128906,129735711.46240234,MOMENTUM,4.331157207489014,47.1025641025641,0.8,POCKET_PIVOT,0.3,25.641025641025642,15.858670478961734,25.641025641025642,1.8847201080322267,WIN,False,False
293.0,23.0,1.0,229.64999389648438,25.0,840.4998779296875,274.0,1000.0,1.169970989227295,3.128608465194702,185300.0,1.0,196.02999877929688,226.58999633789062,249.50999450683594,2021-10-21,2021-09-24,ABG,TP1,1000.0,1000.0,1000.0,185300.0,17.15043377367922,196.02999877929688,36324358.77380371,MOMENTUM,8.39879035949707,79.42467089224769,0.6,CUP_AND_HANDLE,0.2,40.0,20.405040171955804,40.0,0.8404998779296875,WIN,False,False
295.0,200.0,1.0,108.13043975830078,54.0,828.7429504394531,274.0,1000.0,0.9892473220825195,1.9355803728103638,32200.0,1.0,92.7833480834961,107.38340759277344,118.33345794677734,2021-10-25,2021-09-24,AGM,TP1,1000.0,1000.0,1000.0,32200.0,16.540782362147333,92.7833480834961,2987623.808288574,MOMENTUM,6.538984775543213,85.95806923451975,0.7,FLAT_BASE,0.3,18.51851851851852,19.958881524574466,18.51851851851852,0.8287429504394531,WIN,False,False
298.0,23.0,0.0,196.02999877929688,40.0,0.0,274.0,1000.0,1.169970989227295,3.128608465194702,185300.0,1.0,196.02999877929688,226.58999633789062,249.50999450683594,2021-10-28,2021-09-24,ABG,STOP,1000.0,1000.0,1000.0,185300.0,0.0,196.02999877929688,36324358.77380371,MOMENTUM,8.39879035949707,79.42467089224769,0.6,CUP_AND_HANDLE,0.2,25.0,12.753150107472377,25.0,0.0,BE,False,False
300.0,35.0,1.0,12.829386711120605,449.0,816.7229738235474,236.0,1000.0,1.079572081565857,2.4824047088623047,1417300.0,1.0,11.010404586791992,12.78664493560791,14.11882495880127,2021-11-01,2021-08-02,ABR,TP1,1000.0,1000.0,1000.0,1417300.0,16.520574788965085,11.010404586791992,15605046.42086029,MOMENTUM,1.5771619081497192,47.27932285368803,0.8,CUP_AND_HANDLE,0.3,2.2271714922048997,20.227880589207412,2.2271714922048997,0.8167229738235474,WIN,False,False
304.0,156.0,1.0,66.71648406982422,86.0,789.6437301635742,274.0,1000.0,1.6192731857299805,3.326902151107788,1159100.0,1.0,57.53458023071289,66.71648406982422,73.60291290283203,2021-11-05,2021-09-24,AER,TP1,1000.0,1000.0,1000.0,1159100.0,15.958930789608644,57.53458023071289,66688331.94541931,MOMENTUM,6.811903953552246,90.39492930277913,0.7,CUP_AND_HANDLE,0.3,11.627906976744185,20.210292540792747,11.627906976744185,0.7896437301635743,WIN,False,False
304.0,234.0,1.0,11.61445426940918,500.0,843.6555862426758,274.0,1000.0,0.6663334965705872,1.891558051109314,140000.0,1.0,9.927143096923828,11.523752212524414,12.721209526062012,2021-11-05,2021-09-24,AHH,TP1,1000.0,1000.0,1000.0,140000.0,16.996946211122985,9.927143096923828,1389800.033569336,MOMENTUM,0.7905887961387634,91.44319843978546,0.7,FLAT_BASE,0.3,2.0,20.146783223259366,2.0,0.8436555862426758,WIN,False,False
305.0,200.0,2.0,119.84223937988281,68.0,1840.0046081542969,274.0,1000.0,0.9892473220825195,1.9355803728103638,32200.0,1.0,92.7833480834961,107.38340759277344,118.33345794677734,2021-11-08,2021-09-24,AGM,TP2,1000.0,1000.0,1000.0,32200.0,29.16352110082977,92.7833480834961,2987623.808288574,MOMENTUM,6.538984775543213,85.95806923451975,0.7,FLAT_BASE,0.3,14.705882352941176,15.849700034220898,14.705882352941176,1.840004608154297,WIN,False,False
318.0,16.0,0.0,47.35297393798828,239.0,-1094.2083435058594,306.0,1000.0,0.6432609558105469,2.6654322147369385,203100.0,1.0,47.75102233886719,60.291709899902344,66.56204986572266,2021-11-26,2021-11-09,ABCB,STOP,1000.0,1000.0,1000.0,203100.0,-8.816035534227654,51.931251525878906,10547237.184906006,MOMENTUM,2.6734395027160645,20.0339558573854,0.7,CUP_AND_HANDLE,0.3,4.184100418410042,8.056999004395221,4.184100418410042,-1.0942083435058594,LOSS,False,True
318.0,156.0,0.0,56.84543228149414,131.0,-90.27838134765625,274.0,1000.0,1.6192731857299805,3.326902151107788,1159100.0,1.0,57.53458023071289,66.71648406982422,73.60291290283203,2021-11-26,2021-09-24,AER,STOP,1000.0,1000.0,1000.0,1159100.0,-1.1977978225534556,57.53458023071289,66688331.94541931,MOMENTUM,6.811903953552246,90.39492930277913,0.7,CUP_AND_HANDLE,0.3,7.633587786259542,13.267825637466995,7.633587786259542,-0.09027838134765626,LOSS,False,False
319.0,200.0,3.0,107.55229949951172,14.0,206.76531982421875,274.0,1000.0,0.9892473220825195,1.9355803728103638,32200.0,1.0,92.7833480834961,107.38340759277344,118.33345794677734,2021-11-29,2021-09-24,AGM,RUNNER,1000.0,1000.0,1000.0,32200.0,15.917674583940416,92.7833480834961,2987623.808288574,MOMENTUM,6.538984775543213,85.95806923451975,0.7,FLAT_BASE,0.3,71.42857142857143,76.98425730907294,71.42857142857143,0.20676531982421875,WIN,False,False
320.0,4.0,3.0,198.3380126953125,8.0,293.2274169921875,146.0,1000.0,0.8155300617218018,2.977471113204956,802400.0,1.0,161.68458557128906,187.24095153808594,206.40821838378906,2021-11-30,2021-03-24,AAP,RUNNER,1000.0,1000.0,1000.0,802400.0,22.669710284696503,161.68458557128906,129735711.46240234,MOMENTUM,4.331157207489014,47.1025641025641,0.8,POCKET_PIVOT,0.3,125.0,77.31101858493845,125.0,0.2932274169921875,WIN,False,False
320.0,6.0,0.0,27.201873779296875,279.0,-12.914222717285156,182.0,1000.0,0.9450168609619141,2.3463637828826904,237100.0,1.0,27.24816131591797,31.55426025390625,34.78383255004883,2021-11-30,2021-05-14,AAT,STOP,1000.0,1000.0,1000.0,237100.0,-0.16987398189709507,27.24816131591797,6460539.04800415,MOMENTUM,1.4549486637115479,84.52323330106486,0.6,CUP_AND_HANDLE,0.2,3.5842293906810037,13.154022941676988,3.5842293906810037,-0.012914222717285156,LOSS,False,False
320.0,88.0,0.0,8.399994850158691,1370.0,-999.3259048461914,306.0,1000.0,1.2603882551193237,1.6327800750732422,411000.0,1.0,8.399994850158691,10.588299751281738,11.682453155517578,2021-11-30,2021-11-09,ACRE,STOP,1000.0,1000.0,1000.0,411000.0,-7.989929071657588,9.129429817199707,3752195.6548690796,MOMENTUM,1.0975117683410645,2.473926752364783,0.75,FLAT_BASE,0.3,0.7299270072992701,7.995318677231065,0.7299270072992701,-0.9993259048461914,LOSS,False,False
321.0,35.0,0.0,10.935195922851562,676.0,-50.84105682373047,236.0,1000.0,1.079572081565857,2.4824047088623047,1417300.0,1.0,11.010404586791992,12.78664493560791,14.11882495880127,2021-12-01,2021-08-02,ABR,STOP,1000.0,1000.0,1000.0,1417300.0,-0.6830690311839176,11.010404586791992,15605046.42086029,MOMENTUM,1.5771619081497192,47.27932285368803,0.8,CUP_AND_HANDLE,0.3,1.4792899408284024,13.435382225671786,1.4792899408284024,-0.05084105682373047,LOSS,False,False
332.0,74.0,1.0,73.0884017944336,79.0,796.9355239868164,258.0,1000.0,0.9717483520507812,2.105073928833008,680700.0,1.0,63.0006103515625,73.0884017944336,80.65424346923828,2021-12-16,2021-09-01,ACM,TP1,1000.0,1000.0,1000.0,680700.0,16.01221224140236,63.0006103515625,42884515.466308594,MOMENTUM,2.382578134536743,42.89919058130979,0.6,CUP_AND_HANDLE,0.2,12.658227848101266,20.092230499775347,12.658227848101266,0.7969355239868164,WIN,False,False
333.0,106.0,0.0,158.00173950195312,73.0,-999.7867736816406,306.0,1000.0,0.8093500137329102,1.9320882558822632,2582300.0,1.0,158.00173950195312,199.08885192871094,219.6324005126953,2021-12-17,2021-11-09,ADI,STOP,1000.0,1000.0,1000.0,2582300.0,-7.976652728262257,171.69744873046875,443374321.85668945,MOMENTUM,4.768082618713379,5.942275042444821,0.75,FLAT_BASE,0.3,13.698630136986301,7.978353923295889,13.698630136986301,-0.9997867736816406,LOSS,False,False
334.0,101.0,0.0,54.43357467651367,212.0,-998.7777862548828,218.0,1000.0,0.643514096736908,1.5137420892715454,592300.0,1.0,54.43357467651367,68.56722259521484,75.63404846191406,2021-12-20,2021-07-07,ADC,STOP,1000.0,1000.0,1000.0,592300.0,-7.965563697446385,59.14479064941406,35031459.50164795,MOMENTUM,1.5415654182434082,3.3615477629987907,0.7,FLAT_BASE,0.3,4.716981132075472,7.9753112324562805,4.716981132075472,-0.9987777862548828,LOSS,False,False
345.0,14.0,1.0,117.66867065429688,49.0,783.8299026489258,323.0,1000.0,0.9952803254127502,1.511332392692566,4919800.0,1.0,101.6721420288086,117.66867065429688,129.66607666015625,2022-01-05,2021-12-03,ABBV,TP1,1000.0,1000.0,1000.0,4919800.0,15.733443110656307,101.6721420288086,500206604.3533325,MOMENTUM,1.7281335592269897,79.00846432889963,0.8,CUP_AND_HANDLE,0.3,20.408163265306122,20.072522185598796,20.408163265306122,0.7838299026489258,WIN,False,False
347.0,79.0,1.0,29.47480583190918,198.0,847.9337310791016,258.0,1000.0,1.0336931943893433,1.6086578369140625,15800.0,1.0,25.192312240600586,29.2119197845459,32.226627349853516,2022-01-07,2021-09-01,ACNB,TP1,1000.0,1000.0,1000.0,15800.0,16.999208133054243,25.192312240600586,398038.53340148926,MOMENTUM,1.5188734531402588,41.1822418444935,0.9,FLAT_BASE,0.3,5.05050505050505,20.047802687859374,5.05050505050505,0.8479337310791015,WIN,False,False
348.0,3.0,0.0,47.83042907714844,241.0,-999.2089614868164,323.0,1000.0,1.035863995552063,2.3275654315948486,331650.0,1.0,47.83042907714844,60.268714904785156,66.48785400390625,2022-01-10,2021-12-03,AAON,STOP,1000.0,1000.0,1000.0,331650.0,-7.976861337857846,51.976524353027344,17238014.30168152,MOMENTUM,3.0809786319732666,74.80048367593713,0.55,POCKET_PIVOT,0.2,4.149377593360996,7.9831763377985805,4.149377593360996,-0.9992089614868164,LOSS,False,False
348.0,77.0,0.0,346.26513671875,36.0,0.0,306.0,1000.0,0.9755410552024841,1.4499844312667847,1731600.0,1.0,346.26513671875,401.5861511230469,443.076904296875,2022-01-10,2021-11-09,ACN,STOP,1000.0,1000.0,1000.0,1731600.0,0.0,346.26513671875,599592710.7421875,MOMENTUM,3.7876360416412354,3.4926024739267523,0.65,POCKET_PIVOT,0.2,27.77777777777778,8.022112200206852,27.77777777777778,0.0,BE,False,False
349.0,70.0,0.0,19.500869750976562,578.0,0.0,349.0,1000.0,2.2016382217407227,3.485297203063965,4571900.0,1.0,19.500869750976562,22.958057403564453,25.550949096679688,2022-01-11,2022-01-11,ACI,STOP,1000.0,1000.0,1000.0,4571900.0,0.0,19.500869750976562,89156026.41448975,MOMENTUM,-4.548765659332275,58.86336154776299,0.55,POCKET_PIVOT,0.2,1.7301038062283738,8.871931500089804,1.7301038062283738,0.0,BE,False,False
349.0,804.0,0.0,88.02470397949219,141.0,0.0,323.0,1000.0,0.9449082016944885,1.911954641342163,141500.0,1.0,88.02470397949219,102.1115951538086,112.67676544189453,2022-01-11,2021-12-03,AWR,STOP,1000.0,1000.0,1000.0,141500.0,0.0,88.02470397949219,12455495.613098145,MOMENTUM,1.8306864500045776,76.83192261185006,0.55,FLAT_BASE,0.2,7.092198581560283,8.057054736830025,7.092198581560283,0.0,BE,False,False
356.0,80.0,0.0,15.960000038146973,767.0,-360.4902048110962,349.0,1000.0,0.9213323593139648,3.942058801651001,39000.0,1.0,16.43000030517578,19.036399841308594,20.991201400756836,2022-01-21,2022-01-11,ACNT,STOP,1000.0,1000.0,1000.0,39000.0,-2.8606223876986117,16.43000030517578,640770.0119018555,MOMENTUM,7.011431694030762,55.79201934703748,0.55,VCP,0.2,1.303780964797914,7.93536786720081,1.303780964797914,-0.36049020481109617,LOSS,False,False
360.0,200.0,0.0,103.707763671875,111.0,-994.2761993408203,349.0,1000.0,0.7259470820426941,2.2804250717163086,22900.0,1.0,103.707763671875,130.58009338378906,144.01626586914062,2022-01-27,2022-01-11,AGM,STOP,1000.0,1000.0,1000.0,22900.0,-7.950496415921335,112.66520690917969,2580033.238220215,MOMENTUM,3.9810357093811035,32.52720677146312,0.6,CUP_AND_HANDLE,0.2,9.00900900900901,7.996265445348397,9.00900900900901,-0.9942761993408203,LOSS,False,False
361.0,74.0,0.0,63.0006103515625,119.0,0.0,258.0,1000.0,0.9717483520507812,2.105073928833008,680700.0,1.0,63.0006103515625,73.0884017944336,80.65424346923828,2022-01-28,2021-09-01,ACM,STOP,1000.0,1000.0,1000.0,680700.0,0.0,63.0006103515625,42884515.466308594,MOMENTUM,2.382578134536743,42.89919058130979,0.6,CUP_AND_HANDLE,0.2,8.403361344537815,13.338539575481114,8.403361344537815,0.0,BE,False,False
361.0,234.0,0.0,9.927143096923828,752.0,0.0,274.0,1000.0,0.6663334965705872,1.891558051109314,140000.0,1.0,9.927143096923828,11.523752212524414,12.721209526062012,2022-01-28,2021-09-24,AHH,STOP,1000.0,1000.0,1000.0,140000.0,0.0,9.927143096923828,1389800.033569336,MOMENTUM,0.7905887961387634,91.44319843978546,0.7,FLAT_BASE,0.3,1.3297872340425532,13.395467568656494,1.3297872340425532,0.0,BE,False,False
369.0,1629.0,1.0,219.1813507080078,25.0,759.5260620117188,323.0,1000.0,1.0507584810256958,1.976281762123108,1370000.0,1.0,188.80030822753906,219.1813507080078,241.96713256835938,2022-02-09,2021-12-03,CME,TP1,1000.0,1000.0,1000.0,1370000.0,16.09162758561496,188.80030822753906,258656422.27172852,MOMENTUM,0.520756721496582,18.621523579201934,0.0,NONE,0.0,40.0,21.18640608986329,40.0,0.7595260620117188,WIN,False,False
380.0,14.0,2.0,129.66607666015625,63.0,1763.6178817749023,323.0,1000.0,0.9952803254127502,1.511332392692566,4919800.0,1.0,101.6721420288086,117.66867065429688,129.66607666015625,2022-02-25,2021-12-03,ABBV,TP2,1000.0,1000.0,1000.0,4919800.0,27.533534823546486,101.6721420288086,500206604.3533325,MOMENTUM,1.7281335592269897,79.00846432889963,0.8,CUP_AND_HANDLE,0.3,15.873015873015873,15.611961699910173,15.873015873015873,1.7636178817749024,WIN,False,False
396.0,311.0,2.0,167.21926879882812,48.0,1742.443359375,146.0,1000.0,0.6038721799850464,2.434293270111084,332800.0,1.0,130.91836547851562,151.66172790527344,167.21926879882812,2022-03-21,2021-03-24,AIZ,TP2,1000.0,1000.0,1000.0,332800.0,27.727892253795105,130.91836547851562,43569632.03125,MOMENTUM,5.440564155578613,75.94871794871794,0.75,POCKET_PIVOT,0.3,20.833333333333332,15.913224441189797,20.833333333333332,1.742443359375,WIN,False,False
403.0,80.0,0.0,15.710000038146973,692.0,-1861.4797096252441,396.0,1000.0,1.4293628931045532,4.685520172119141,64500.0,1.0,16.9552001953125,21.289600372314453,23.456798553466797,2022-03-30,2022-03-21,ACNT,STOP,1000.0,1000.0,1000.0,64500.0,-14.619563239959286,18.399999618530273,1186799.9753952026,MOMENTUM,6.352231979370117,53.10761789600967,0.8,POCKET_PIVOT,0.3,1.4450867052023122,7.8537322563147995,1.4450867052023122,-1.8614797096252442,LOSS,False,True
408.0,144.0,1.0,86.70848846435547,68.0,846.2366333007812,236.0,1000.0,1.0020313262939453,1.6719218492507935,939700.0,1.0,74.26383209228516,86.02134704589844,94.83949279785156,2022-04-06,2021-08-02,AEE,TP1,1000.0,1000.0,1000.0,939700.0,16.757358220628525,74.26383209228516,69785723.01712036,MOMENTUM,1.7437105178833008,35.40507859733978,0.9,FLAT_BASE,0.3,14.705882352941176,19.80221318860394,14.705882352941176,0.8462366333007812,WIN,False,False
408.0,155.0,1.0,90.20513916015625,64.0,856.17822265625,349.0,1000.0,1.2030924558639526,1.520359754562378,3206500.0,1.0,76.82735443115234,89.21968841552734,98.51394653320312,2022-04-06,2022-01-11,AEP,TP1,1000.0,1000.0,1000.0,3206500.0,17.41278848927722,76.82735443115234,246346911.98349,MOMENTUM,1.8649252653121948,21.01571946795647,0.55,FLAT_BASE,0.2,15.625,20.33780821387271,15.625,0.85617822265625,WIN,False,False
5.0,964.0,0.0,2.7200000286102295,3810.0,-1371.599600315094,3.0,1000.0,1.2781544923782349,8.006004333496094,340200.0,0.800000011920929,2.8176000118255615,3.60479998588562,3.9983999729156494,2022-04-22,2022-04-20,BDTX,STOP,1000.0,1000.0,1000.0,340200.0,-11.688308571860292,3.0799999237060547,1047815.9740447998,MOMENTUM,-0.24291706085205078,,0.0,NONE,0.0,0.26246719160104987,8.521662276057215,0.26246719160104987,-1.371599600315094,LOSS,False,True
6.0,177.0,0.0,56.34365463256836,207.0,-995.5147247314453,3.0,1000.0,1.1366280317306519,1.7425825595855713,2393500.0,0.800000011920929,56.34365463256836,70.77140808105469,77.98528289794922,2022-04-25,2022-04-20,AFL,STOP,1000.0,1000.0,1000.0,2393500.0,-7.864303284407511,61.15290451049805,146369476.94587708,MOMENTUM,2.4718127250671387,,0.75,FLAT_BASE,0.3,4.830917874396135,7.899735773902313,4.830917874396135,-0.9955147247314453,LOSS,False,False
6.0,659.0,0.0,20.547887802124023,554.0,-1117.432903289795,3.0,1000.0,1.0795310735702515,2.1160731315612793,64000.0,0.800000011920929,20.762901306152344,26.168941497802734,28.871963500976562,2022-04-25,2022-04-20,ASA,STOP,1000.0,1000.0,1000.0,64000.0,-8.938774764984853,22.56491470336914,1444154.541015625,MOMENTUM,0.38455116748809814,,0.85,POCKET_PIVOT,0.3,1.8050541516245486,7.999383890225999,1.8050541516245486,-1.117432903289795,LOSS,False,True
6.0,747.0,0.0,30.299379348754883,385.0,-999.2965030670166,3.0,1000.0,1.8038218021392822,2.697617530822754,468200.0,0.800000011920929,30.299379348754883,38.08610534667969,41.979469299316406,2022-04-25,2022-04-20,AUB,STOP,1000.0,1000.0,1000.0,468200.0,-7.890496757879746,32.894954681396484,15401417.781829834,MOMENTUM,3.181837797164917,,0.7,CUP_AND_HANDLE,0.3,2.5974025974025974,7.896051605967223,2.5974025974025974,-0.9992965030670166,LOSS,False,False
7.0,330.0,0.0,21.868799209594727,517.0,-998.4304141998291,3.0,1000.0,0.9574365615844727,4.010162830352783,2480.0,0.800000011920929,21.868799209594727,27.662399291992188,30.5591983795166,2022-04-26,2022-04-20,AKTX,STOP,1000.0,1000.0,1000.0,2480.0,-8.114286089802142,23.799999237060547,59023.998107910156,MOMENTUM,0.6810749173164368,,0.9,POCKET_PIVOT,0.3,1.9342359767891684,8.127042179804956,1.9342359767891684,-0.9984304141998291,LOSS,False,False
7.0,801.0,0.0,83.76714324951172,140.0,-1025.0904846191406,3.0,1000.0,1.0367430448532104,2.487309455871582,352700.0,0.800000011920929,83.96406555175781,105.33951568603516,116.02723693847656,2022-04-26,2022-04-20,AWIN,STOP,1000.0,1000.0,1000.0,352700.0,-8.038355185913751,91.08921813964844,32127167.237854004,MOMENTUM,3.1442084312438965,,0.0,NONE,0.0,7.142857142857143,7.841605503635418,7.142857142857143,-1.0250904846191407,LOSS,False,True
11.0,101.0,0.0,55.97970199584961,207.0,-998.5011520385742,3.0,1000.0,0.6244191527366638,1.75897216796875,503900.0,0.800000011920929,55.97970199584961,70.45072937011719,77.68624877929688,2022-05-02,2022-04-20,ADC,STOP,1000.0,1000.0,1000.0,503900.0,-7.933238477290104,60.80337905883789,30638822.707748413,MOMENTUM,6.312774181365967,,0.7,CUP_AND_HANDLE,0.3,4.830917874396135,7.9451470447413435,4.830917874396135,-0.9985011520385743,LOSS,False,False
11.0,324.0,0.0,16.992891311645508,684.0,-998.596321105957,3.0,1000.0,0.604157567024231,2.2684473991394043,395400.0,0.800000011920929,16.992891311645508,21.37270164489746,23.562606811523438,2022-05-02,2022-04-20,AKR,STOP,1000.0,1000.0,1000.0,395400.0,-7.911720551431811,18.45282745361328,7296247.975158691,MOMENTUM,1.9526045322418213,,0.7,CUP_AND_HANDLE,0.3,1.4619883040935673,7.922841677074766,1.4619883040935673,-0.9985963211059571,LOSS,False,False
16.0,623.0,0.0,15.142328262329102,752.0,-1488.8635559082031,3.0,1000.0,1.4240705966949463,3.2601888179779053,11300.0,0.800000011920929,15.792755126953125,19.781089782714844,21.775257110595703,2022-05-09,2022-04-20,ARKR,STOP,1000.0,1000.0,1000.0,11300.0,-11.563185504587075,17.12220001220703,193480.86013793945,MOMENTUM,4.081364154815674,,0.7,CUP_AND_HANDLE,0.3,1.3297872340425532,7.766450766224551,1.3297872340425532,-1.488863555908203,LOSS,False,True
16.0,629.0,0.0,23.688793182373047,484.0,-1301.4386749267578,3.0,1000.0,1.118652105331421,2.134279251098633,2038582.0,0.800000011920929,24.315608978271484,30.501930236816406,33.5950927734375,2022-05-09,2022-04-20,ARMK,STOP,1000.0,1000.0,1000.0,2038582.0,-10.193918516333177,26.377716064453125,53773137.17010498,MOMENTUM,3.369795799255371,,0.9,CUP_AND_HANDLE,0.3,2.0661157024793386,7.832807425141924,2.0661157024793386,-1.301438674926758,LOSS,False,True
42.0,420.0,0.0,51.39558792114258,248.0,0.0,3.0,1000.0,0.7348526120185852,1.7663618326187134,821480.0,0.800000011920929,51.39558792114258,59.44770431518555,65.4867935180664,2022-06-15,2022-04-20,AMCR,STOP,1000.0,1000.0,1000.0,821480.0,0.0,51.39558792114258,42220447.565460205,MOMENTUM,4.014197826385498,,0.7,CUP_AND_HANDLE,0.3,4.032258064516129,7.845533493464292,4.032258064516129,0.0,BE,False,False
50.0,871.0,1.0,93.01544952392578,62.0,788.4764099121094,3.0,1000.0,0.865878701210022,1.758722186088562,101100.0,0.800000011920929,80.29808807373047,93.01544952392578,102.553466796875,2022-06-28,2022-04-20,BANF,TP1,1000.0,1000.0,1000.0,101100.0,15.837688985219811,80.29808807373047,8118136.70425415,MOMENTUM,3.284372091293335,,0.0,NONE,0.0,16.129032258064516,20.08644619689411,16.129032258064516,0.7884764099121093,WIN,False,False
73.0,871.0,2.0,102.72225952148438,79.0,1771.5095443725586,3.0,1000.0,0.865878701210022,1.758722186088562,101100.0,0.800000011920929,80.29808807373047,93.01544952392578,102.553466796875,2022-08-01,2022-04-20,BANF,TP2,1000.0,1000.0,1000.0,101100.0,27.926158624304755,80.29808807373047,8118136.70425415,MOMENTUM,3.284372091293335,,0.0,NONE,0.0,12.658227848101266,15.764046382372593,12.658227848101266,1.7715095443725586,WIN,False,False
76.0,172.0,1.0,21.115623474121094,274.0,831.8836669921875,65.0,1000.0,0.7249070405960083,2.1508164405822754,3900.0,1.0,18.079551696777344,20.994956970214844,23.1815128326416,2022-08-04,2022-07-20,AFGC,TP1,1000.0,1000.0,1000.0,3900.0,16.79284878443599,18.079551696777344,70510.25161743164,MOMENTUM,0.5405519008636475,40.85631349782293,0.7,CUP_AND_HANDLE,0.3,3.6496350364963503,20.186535029775616,3.6496350364963503,0.8318836669921875,WIN,False,False
77.0,405.0,0.0,71.86018371582031,171.0,-215.6377944946289,65.0,1000.0,1.2644610404968262,3.0623862743377686,826300.0,1.0,73.12122344970703,84.7986831665039,93.5567855834961,2022-08-05,2022-07-20,ALV,STOP,1000.0,1000.0,1000.0,826300.0,-1.724587847950965,73.12122344970703,60420066.93649292,MOMENTUM,6.807278156280518,86.066763425254,0.65,POCKET_PIVOT,0.2,5.847953216374269,7.99761401749043,5.847953216374269,-0.21563779449462891,LOSS,False,False
78.0,119.0,1.0,232.87940979003906,24.0,779.8150634765625,65.0,1000.0,1.1712665557861328,2.270381212234497,1702600.0,1.0,200.38711547851562,232.87940979003906,257.2486267089844,2022-08-08,2022-07-20,ADP,TP1,1000.0,1000.0,1000.0,1702600.0,16.214762228566077,200.38711547851562,341179102.8137207,MOMENTUM,1.004683017730713,50.96758587324624,0.9,CUP_AND_HANDLE,0.3,41.666666666666664,20.793086704785633,41.666666666666664,0.7798150634765625,WIN,False,False
80.0,622.0,0.0,8.481440544128418,1456.0,0.0,65.0,1000.0,0.7793103456497192,3.7079904079437256,169500.0,1.0,8.481440544128418,9.854947090148926,10.885076522827148,2022-08-10,2022-07-20,ARKO,STOP,1000.0,1000.0,1000.0,169500.0,0.0,8.481440544128418,1437604.1722297668,MOMENTUM,5.232611179351807,43.49298500241897,0.8,CUP_AND_HANDLE,0.3,0.6868131868131868,8.097836484730863,0.6868131868131868,0.0,BE,False,False
81.0,283.0,1.0,90.97557830810547,63.0,790.7953491210938,65.0,1000.0,1.3537205457687378,2.6409971714019775,135900.0,1.0,78.42327117919922,90.97557830810547,100.38980865478516,2022-08-11,2022-07-20,AIN,TP1,1000.0,1000.0,1000.0,135900.0,16.00584487253012,78.42327117919922,10657722.553253174,MOMENTUM,3.6387956142425537,63.243831640058055,1.0,CUP_AND_HANDLE,0.3,15.873015873015873,20.240185896792827,15.873015873015873,0.7907953491210937,WIN,False,False
82.0,539.0,1.0,38.528385162353516,152.0,797.1024169921875,65.0,1000.0,0.8045963048934937,2.285677194595337,3347000.0,1.0,33.2842903137207,38.528385162353516,42.461456298828125,2022-08-12,2022-07-20,APH,TP1,1000.0,1000.0,1000.0,3347000.0,15.755465413877404,33.2842903137207,111402519.6800232,MOMENTUM,5.478898525238037,38.75181422351234,0.7,CUP_AND_HANDLE,0.3,6.578947368421052,19.765923522512445,6.578947368421052,0.7971024169921875,WIN,False,False
83.0,736.0,0.0,10.996399879455566,1071.0,-999.8860559463501,83.0,1000.0,1.166516900062561,4.336161136627197,77900.0,1.0,10.996399879455566,13.797200202941895,15.197600364685059,2022-08-15,2022-08-15,ATRO,STOP,1000.0,1000.0,1000.0,77900.0,-7.825652991099892,11.930000305175781,929347.0237731934,MOMENTUM,8.484134674072266,85.10194055514616,0.7,POCKET_PIVOT,0.3,0.9337068160597572,7.826544779338122,0.9337068160597572,-0.99988605594635,LOSS,False,False
88.0,99.0,0.0,7.262415885925293,1721.0,-43.70301008224487,65.0,1000.0,1.1017526388168335,4.338135719299316,1110075.0,1.0,7.2878098487854,8.449796676635742,9.32128620147705,2022-08-22,2022-07-20,ADAM,STOP,1000.0,1000.0,1000.0,1110075.0,-0.34844436651073746,7.2878098487854,8090015.517890453,MOMENTUM,3.716806650161743,77.67295597484278,0.7,POCKET_PIVOT,0.3,0.5810575246949448,7.973006112279189,0.5810575246949448,-0.04370301008224487,LOSS,False,False
88.0,2996.0,0.0,6626.8798828125,1.0,0.0,83.0,1000.0,1.0,9.137359619140625,17.0,0.4115781784057617,6626.8798828125,7726.1181640625,8550.546875,2022-08-22,2022-08-15,JZXN,STOP,1000.0,1000.0,1000.0,17.0,0.0,6626.8798828125,112656.9580078125,MOMENTUM,-1.2965312004089355,85.10194055514616,0.0,NONE,0.0,1000.0,15.090057729786285,1000.0,0.0,BE,False,False
90.0,389.0,0.0,68.33000183105469,185.0,-149.84954833984375,65.0,1000.0,1.2029070854187012,2.894857406616211,234200.0,1.0,69.13999938964844,79.9448013305664,88.04840087890625,2022-08-24,2022-07-20,ALRM,STOP,1000.0,1000.0,1000.0,234200.0,-1.171532493121517,69.13999938964844,16192587.857055664,MOMENTUM,8.1038818359375,73.77842283502662,0.7,POCKET_PIVOT,0.3,5.405405405405405,7.818058219732493,5.405405405405405,-0.14984954833984376,LOSS,False,False
92.0,234.0,0.0,10.382335662841797,1129.0,-1005.2130727767944,83.0,1000.0,0.8385671377182007,2.020646572113037,216300.0,1.0,10.387600898742676,13.042877197265625,14.370515823364258,2022-08-26,2022-08-15,AHH,STOP,1000.0,1000.0,1000.0,216300.0,-7.89835261869965,11.272692680358887,2438283.426761627,MOMENTUM,5.717913627624512,42.00442151805453,0.7,CUP_AND_HANDLE,0.3,0.8857395925597874,7.857391465156027,0.8857395925597874,-1.0052130727767945,LOSS,False,True
93.0,636.0,0.0,27.41105842590332,424.0,-999.5290832519531,83.0,1000.0,1.6694397926330566,2.6129772663116455,31003.0,1.0,27.41105842590332,34.48319625854492,38.01926803588867,2022-08-29,2022-08-15,AROW,STOP,1000.0,1000.0,1000.0,31003.0,-7.919058052243079,29.7684383392334,922910.893831253,MOMENTUM,5.8534770011901855,85.10194055514616,0.9,FLAT_BASE,0.3,2.358490566037736,7.922789026286798,2.358490566037736,-0.9995290832519531,LOSS,False,False
94.0,149.0,0.0,14.267600059509277,744.0,-998.7453002929688,93.0,1000.0,0.9424248933792114,10.870915412902832,1523100.0,1.0,14.267600059509277,18.2947998046875,20.308399200439453,2022-08-30,2022-08-29,AEHR,STOP,1000.0,1000.0,1000.0,1523100.0,-8.599613239541306,15.609999656677246,23775590.477085114,MOMENTUM,-5.7338714599609375,,0.7,POCKET_PIVOT,0.3,1.3440860215053763,8.610416726885946,1.3440860215053763,-0.9987453002929687,LOSS,False,False
95.0,172.0,0.0,17.92249298095703,412.0,-64.70819091796875,65.0,1000.0,0.7249070405960083,2.1508164405822754,3900.0,1.0,18.079551696777344,20.994956970214844,23.1815128326416,2022-08-31,2022-07-20,AFGC,STOP,1000.0,1000.0,1000.0,3900.0,-0.8687091276068976,18.079551696777344,70510.25161743164,MOMENTUM,0.5405519008636475,40.85631349782293,0.7,CUP_AND_HANDLE,0.3,2.4271844660194173,13.425025723685724,2.4271844660194173,-0.06470819091796876,LOSS,False,False
95.0,871.0,3.0,101.36892700195312,16.0,337.1334228515625,3.0,1000.0,0.865878701210022,1.758722186088562,101100.0,0.800000011920929,80.29808807373047,93.01544952392578,102.553466796875,2022-08-31,2022-04-20,BANF,RUNNER,1000.0,1000.0,1000.0,101100.0,26.24077289222031,80.29808807373047,8118136.70425415,MOMENTUM,3.284372091293335,,0.0,NONE,0.0,62.5,77.83497901296468,62.5,0.3371334228515625,WIN,False,False
96.0,3550.0,0.0,4085.537109375,2.0,-713.326171875,65.0,1000.0,0.6709895730018616,3.6206858158111572,11900.0,1.0,4085.537109375,5155.5263671875,5690.521484375,2022-09-01,2022-07-20,NVRI,STOP,1000.0,1000.0,1000.0,11900.0,-8.028973712482795,4442.2001953125,52862182.32421875,MOMENTUM,5.110754013061523,39.24770198355104,0.0,NONE,0.0,500.0,11.255683625596392,500.0,-0.713326171875,LOSS,False,False
98.0,728.0,0.0,39.27975845336914,298.0,-999.6761856079102,83.0,1000.0,1.1979373693466187,3.8218469619750977,60400.0,1.0,39.27975845336914,49.34361267089844,54.37553787231445,2022-09-06,2022-08-15,ATNI,STOP,1000.0,1000.0,1000.0,60400.0,-7.868340869189268,42.634376525878906,2575116.342163086,MOMENTUM,4.989211559295654,85.10194055514616,0.7,POCKET_PIVOT,0.3,3.3557046979865772,7.870889576512694,3.3557046979865772,-0.9996761856079102,LOSS,False,False
100.0,5.0,0.0,150.30702209472656,84.0,0.0,65.0,1000.0,1.107576847076416,2.6754095554351807,82982400.0,1.0,150.30702209472656,174.03558349609375,191.83200073242188,2022-09-08,2022-07-20,AAPL,STOP,1000.0,1000.0,1000.0,82982400.0,0.0,150.30702209472656,12472837430.273438,MOMENTUM,6.532996654510498,82.17223028543783,0.7,CUP_AND_HANDLE,0.3,11.904761904761905,7.920296562897295,11.904761904761905,0.0,BE,False,False
105.0,466.0,0.0,218.2302703857422,54.0,-225.05218505859375,65.0,1000.0,0.8698338866233826,2.7169747352600098,1506300.0,1.0,222.3979034423828,259.0387878417969,286.51947021484375,2022-09-15,2022-07-20,AMT,STOP,1000.0,1000.0,1000.0,1506300.0,-1.8739533926048653,222.3979034423828,334997961.95526123,MOMENTUM,-2.3881144523620605,44.9685534591195,0.7,CUP_AND_HANDLE,0.3,18.51851851851852,8.326750491744702,18.51851851851852,-0.22505218505859376,LOSS,False,False
106.0,283.0,0.0,78.42327117919922,96.0,0.0,65.0,1000.0,1.3537205457687378,2.6409971714019775,135900.0,1.0,78.42327117919922,90.97557830810547,100.38980865478516,2022-09-16,2022-07-20,AIN,STOP,1000.0,1000.0,1000.0,135900.0,0.0,78.42327117919922,10657722.553253174,MOMENTUM,3.6387956142425537,63.243831640058055,1.0,CUP_AND_HANDLE,0.3,10.416666666666666,13.282621994770292,10.416666666666666,0.0,BE,False,False
108.0,70.0,0.0,18.271434783935547,613.0,-1164.6038913726807,102.0,1000.0,2.4136765003204346,2.618863821029663,5920000.0,1.0,18.541114807128906,23.431604385375977,25.876848220825195,2022-09-20,2022-09-12,ACI,STOP,1000.0,1000.0,1000.0,5920000.0,-9.418556503727132,20.17127799987793,119413965.75927734,MOMENTUM,3.5490376949310303,4.039671020803096,0.8,POCKET_PIVOT,0.3,1.6313213703099512,8.08734761535597,1.6313213703099512,-1.1646038913726806,LOSS,False,True
109.0,35.0,0.0,9.508718490600586,1218.0,-1035.6895923614502,102.0,1000.0,0.9388281106948853,2.2994539737701416,1594900.0,1.0,9.538414001464844,12.000288009643555,13.23122501373291,2022-09-21,2022-09-12,ABR,STOP,1000.0,1000.0,1000.0,1594900.0,-8.208482615784831,10.359038352966309,16521630.269145966,MOMENTUM,1.133223056793213,46.855345911949684,0.8,CUP_AND_HANDLE,0.3,0.8210180623973727,7.925620452619277,0.8210180623973727,-1.0356895923614502,LOSS,False,True
109.0,161.0,0.0,21.860994338989258,529.0,-999.269868850708,102.0,1000.0,0.9198564887046814,2.396423578262329,4636900.0,1.0,21.860994338989258,27.527931213378906,30.361400604248047,2022-09-21,2022-09-12,AES,STOP,1000.0,1000.0,1000.0,4636900.0,-7.953604555669185,23.74997329711914,110126251.18141174,MOMENTUM,6.506597518920898,4.039671020803096,0.7,POCKET_PIVOT,0.3,1.890359168241966,7.959415973201392,1.890359168241966,-0.999269868850708,LOSS,False,False
110.0,11.0,0.0,30.109554290771484,373.0,-1184.1409645080566,102.0,1000.0,0.8230652213096619,2.2155356407165527,170000.0,1.0,30.60562515258789,38.641334533691406,42.6591911315918,2022-09-22,2022-09-12,AB,STOP,1000.0,1000.0,1000.0,170000.0,-9.537982398674561,33.28419494628906,5658313.140869141,MOMENTUM,-0.22136323153972626,42.96081277213353,0.8,CUP_AND_HANDLE,0.3,2.680965147453083,8.05476939363976,2.680965147453083,-1.1841409645080567,LOSS,False,True
111.0,66.0,0.0,77.4988021850586,151.0,-998.2909622192383,93.0,1000.0,1.5609464645385742,2.0785939693450928,783400.0,1.0,77.4988021850586,97.3323974609375,107.24919891357422,2022-09-23,2022-08-29,ACHC,STOP,1000.0,1000.0,1000.0,783400.0,-7.860181164330318,84.11000061035156,65891774.478149414,MOMENTUM,2.3316938877105713,,0.65,POCKET_PIVOT,0.2,6.622516556291391,7.873637508304032,6.622516556291391,-0.9982909622192383,LOSS,False,False
111.0,74.0,0.0,66.18962097167969,170.0,-1110.4188537597656,93.0,1000.0,0.6272314786911011,1.8278398513793945,357500.0,1.0,66.86042785644531,84.44364166259766,93.23524475097656,2022-09-23,2022-08-29,ACM,STOP,1000.0,1000.0,1000.0,357500.0,-8.982042335973492,72.72149658203125,25997935.028076172,MOMENTUM,0.4269896447658539,,0.7,CUP_AND_HANDLE,0.3,5.882352941176471,8.088877728940938,5.882352941176471,-1.1104188537597657,LOSS,False,True
111.0,112.0,0.0,73.13130950927734,151.0,-998.9441680908203,102.0,1000.0,1.5491505861282349,2.3986289501190186,3674500.0,1.0,73.13130950927734,92.9778823852539,102.90116882324219,2022-09-23,2022-09-12,ADM,STOP,1000.0,1000.0,1000.0,3674500.0,-8.295657616298833,79.74683380126953,293029740.8027649,MOMENTUM,0.15212614834308624,51.69327527818094,0.7,CUP_AND_HANDLE,0.3,6.622516556291391,8.304425693933899,6.622516556291391,-0.9989441680908203,LOSS,False,False
111.0,539.0,0.0,33.2842903137207,229.0,0.0,65.0,1000.0,0.8045963048934937,2.285677194595337,3347000.0,1.0,33.2842903137207,38.528385162353516,42.461456298828125,2022-09-23,2022-07-20,APH,STOP,1000.0,1000.0,1000.0,3347000.0,0.0,33.2842903137207,111402519.6800232,MOMENTUM,5.478898525238037,38.75181422351234,0.7,CUP_AND_HANDLE,0.3,4.366812227074236,13.119739630663286,4.366812227074236,0.0,BE,False,False
112.0,144.0,0.0,78.39762878417969,146.0,-1047.4891815185547,93.0,1000.0,0.8499539494514465,1.4967085123062134,1098200.0,1.0,78.7594985961914,99.19764709472656,109.41671752929688,2022-09-26,2022-08-29,AEE,STOP,1000.0,1000.0,1000.0,1098200.0,-8.384244428176194,85.57221221923828,93975403.45916748,MOMENTUM,0.7110603451728821,,0.7,CUP_AND_HANDLE,0.3,6.8493150684931505,8.004134626022081,6.8493150684931505,-1.0474891815185547,LOSS,False,True
143.0,617.0,0.0,356.810791015625,32.0,-995.814453125,137.0,1000.0,1.2483429908752441,3.463728904724121,334300.0,1.0,356.810791015625,450.16839599609375,496.8471984863281,2022-11-08,2022-10-31,ARGX,STOP,1000.0,1000.0,1000.0,334300.0,-8.021860193255185,387.92999267578125,129684996.55151367,MOMENTUM,5.6188178062438965,,0.5,CUP_AND_HANDLE,0.2,31.25,8.055577189185701,31.25,-0.995814453125,LOSS,False,False
144.0,80.0,0.0,10.649999618530273,857.0,-3342.3004903793335,137.0,1000.0,0.8607292175292969,5.1460418701171875,7200.0,1.0,13.383600234985352,16.882801055908203,18.632400512695312,2022-11-09,2022-10-31,ACNT,STOP,1000.0,1000.0,1000.0,7200.0,-26.8041272926445,14.550000190734863,104760.00137329102,MOMENTUM,1.8016453981399536,87.02387720295623,0.85,POCKET_PIVOT,0.3,1.1668611435239207,8.019664111530071,1.1668611435239207,-3.3423004903793334,LOSS,False,True
144.0,627.0,0.0,15.162239074707031,747.0,-1189.6322078704834,137.0,1000.0,1.8858952522277832,3.695409059524536,824900.0,1.0,15.416610717773438,19.431135177612305,21.438396453857422,2022-11-09,2022-10-31,ARLP,STOP,1000.0,1000.0,1000.0,824900.0,-9.505024456609283,16.754785537719727,13821022.590065002,MOMENTUM,3.493107795715332,,0.7,CUP_AND_HANDLE,0.3,1.3386880856760375,7.989884935633911,1.3386880856760375,-1.1896322078704833,LOSS,False,True
146.0,532.0,1.0,268.0433654785156,21.0,787.1763610839844,137.0,1000.0,0.9332630634307861,2.4683046340942383,921000.0,1.0,230.55877685546875,268.0433654785156,296.15679931640625,2022-11-11,2022-10-31,APD,TP1,1000.0,1000.0,1000.0,921000.0,16.258148631029986,230.55877685546875,212344633.48388672,MOMENTUM,3.754481077194214,,0.7,CUP_AND_HANDLE,0.3,47.61904761904762,20.65375617814747,47.61904761904762,0.7871763610839844,WIN,False,False
153.0,183.0,0.0,14.402679443359375,874.0,-129.41680717468262,137.0,1000.0,0.653607189655304,5.023515224456787,206200.0,1.0,14.550753593444824,16.83780860900879,18.553098678588867,2022-11-22,2022-10-31,AFYA,STOP,1000.0,1000.0,1000.0,206200.0,-1.0176390462151546,14.550753593444824,3000365.3909683228,MOMENTUM,6.222750186920166,87.02387720295623,0.55,POCKET_PIVOT,0.2,1.1441647597254005,7.86326805946911,1.1441647597254005,-0.12941680717468262,LOSS,False,False
167.0,119.0,2.0,257.2486267089844,30.0,1705.8453369140625,65.0,1000.0,1.1712665557861328,2.270381212234497,1702600.0,1.0,200.38711547851562,232.87940979003906,257.2486267089844,2022-12-13,2022-07-20,ADP,TP2,1000.0,1000.0,1000.0,1702600.0,28.37583199632669,200.38711547851562,341179102.8137207,MOMENTUM,1.004683017730713,50.96758587324624,0.9,CUP_AND_HANDLE,0.3,33.333333333333336,16.634469363828508,33.333333333333336,1.7058453369140625,WIN,False,False
167.0,532.0,2.0,299.477783203125,26.0,1791.8941650390625,137.0,1000.0,0.9332630634307861,2.4683046340942383,921000.0,1.0,230.55877685546875,268.0433654785156,296.15679931640625,2022-12-13,2022-10-31,APD,TP2,1000.0,1000.0,1000.0,921000.0,29.892163416038493,230.55877685546875,212344633.48388672,MOMENTUM,3.754481077194214,,0.7,CUP_AND_HANDLE,0.3,38.46153846153846,16.681879990042187,38.46153846153846,1.7918941650390625,WIN,False,False
170.0,119.0,3.0,231.24493408203125,7.0,216.00473022460938,65.0,1000.0,1.1712665557861328,2.270381212234497,1702600.0,1.0,200.38711547851562,232.87940979003906,257.2486267089844,2022-12-16,2022-07-20,ADP,RUNNER,1000.0,1000.0,1000.0,1702600.0,15.39910314584274,200.38711547851562,341179102.8137207,MOMENTUM,1.004683017730713,50.96758587324624,0.9,CUP_AND_HANDLE,0.3,142.85714285714286,71.29058298783646,142.85714285714286,0.21600473022460936,WIN,False,False
173.0,497.0,0.0,27.986801147460938,405.0,-997.5958442687988,154.0,1000.0,1.251442313194275,4.8822479248046875,141000.0,1.0,27.986801147460938,35.376399993896484,39.07120132446289,2022-12-21,2022-11-23,ANIK,STOP,1000.0,1000.0,1000.0,141000.0,-8.089325299710547,30.450000762939453,4293450.107574463,MOMENTUM,1.8956968784332275,,0.55,VCP,0.2,2.4691358024691357,8.108820166186364,2.4691358024691357,-0.9975958442687989,LOSS,False,False
177.0,66.0,0.0,81.30000305175781,150.0,0.0,137.0,1000.0,1.615624189376831,2.993926763534546,944300.0,1.0,81.30000305175781,94.58800506591797,104.55400085449219,2022-12-28,2022-10-31,ACHC,STOP,1000.0,1000.0,1000.0,944300.0,0.0,81.30000305175781,76771592.8817749,MOMENTUM,0.19781070947647095,87.02387720295623,0.7,POCKET_PIVOT,0.3,6.666666666666667,8.200081693013571,6.666666666666667,0.0,BE,False,False
182.0,532.0,3.0,279.35760498046875,6.0,292.79296875,137.0,1000.0,0.9332630634307861,2.4683046340942383,921000.0,1.0,230.55877685546875,268.0433654785156,296.15679931640625,2023-01-05,2022-10-31,APD,RUNNER,1000.0,1000.0,1000.0,921000.0,21.165461055334582,230.55877685546875,212344633.48388672,MOMENTUM,3.754481077194214,,0.7,CUP_AND_HANDLE,0.3,166.66666666666666,72.28814662351614,166.66666666666666,0.29279296875,WIN,False,False
188.0,74.0,1.0,84.73332977294922,68.0,797.6506042480469,137.0,1000.0,0.6447237730026245,2.546618700027466,389800.0,1.0,73.003173828125,84.73332977294922,93.53095245361328,2023-01-13,2022-10-31,ACM,TP1,1000.0,1000.0,1000.0,389800.0,16.068008183371738,73.003173828125,28456637.158203125,MOMENTUM,4.393889904022217,87.02387720295623,0.8,CUP_AND_HANDLE,0.3,14.705882352941176,20.144168509117105,14.705882352941176,0.7976506042480469,WIN,False,False
197.0,538.0,1.0,14.489067077636719,395.0,798.8479614257812,154.0,1000.0,1.0465842485427856,3.181748867034912,1696950.0,1.0,12.466667175292969,14.489067077636719,16.00586700439453,2023-01-27,2022-11-23,APG,TP1,1000.0,1000.0,1000.0,1696950.0,16.222458447850745,12.466667175292969,21155310.863113403,MOMENTUM,4.662230968475342,,0.65,POCKET_PIVOT,0.2,2.5316455696202533,20.307316574854813,2.5316455696202533,0.7988479614257813,WIN,False,False
199.0,14.0,0.0,130.11968994140625,95.0,0.0,137.0,1000.0,2.0411758422851562,2.490889072418213,10812200.0,1.0,130.11968994140625,151.11090087890625,166.8543243408203,2023-01-31,2022-10-31,ABBV,STOP,1000.0,1000.0,1000.0,10812200.0,0.0,130.11968994140625,1406880111.5844727,MOMENTUM,1.5617130994796753,87.02387720295623,0.75,FLAT_BASE,0.3,10.526315789473685,8.089717854548956,10.526315789473685,0.0,BE,False,False
213.0,156.0,0.0,57.829933166503906,199.0,-1032.4817848205566,189.0,1000.0,0.7298285365104675,2.3445348739624023,524900.0,1.0,58.01777648925781,73.01930236816406,80.52005767822266,2023-02-21,2023-01-17,AER,STOP,1000.0,1000.0,1000.0,524900.0,-8.233087861190148,63.01828384399414,33078297.189712524,MOMENTUM,8.075702667236328,71.76707839677337,0.65,POCKET_PIVOT,0.2,5.025125628140704,7.974075651727884,5.025125628140704,-1.0324817848205567,LOSS,False,True
213.0,208.0,0.0,7.103359222412109,1745.0,0.0,189.0,1000.0,0.91526859998703,2.398677349090576,10224200.0,1.0,7.103359222412109,8.249021530151367,9.108268737792969,2023-02-21,2023-01-17,AGNC,STOP,1000.0,1000.0,1000.0,10224200.0,0.0,7.103359222412109,72626165.36178589,MOMENTUM,5.309979438781738,66.0196622132594,0.0,NONE,0.0,0.5730659025787965,8.067533748971782,0.5730659025787965,0.0,BE,False,False
213.0,314.0,0.0,181.42127990722656,68.0,-3.36285400390625,137.0,1000.0,1.3053665161132812,2.5661778450012207,1292600.0,1.0,181.47073364257812,210.7388458251953,232.68994140625,2023-02-21,2022-10-31,AJG,STOP,1000.0,1000.0,1000.0,1292600.0,-0.027251631356142416,181.47073364257812,234569070.30639648,MOMENTUM,5.28153133392334,87.02387720295623,0.5,CUP_AND_HANDLE,0.2,14.705882352941176,8.103721221464639,14.705882352941176,-0.00336285400390625,LOSS,False,False
214.0,548.0,0.0,13.195996284484863,934.0,0.0,154.0,1000.0,1.0221514701843262,2.757528305053711,1532200.0,1.0,13.195996284484863,15.336591720581055,16.94203758239746,2023-02-22,2022-11-23,APLE,STOP,1000.0,1000.0,1000.0,1532200.0,0.0,13.195996284484863,20218905.507087708,MOMENTUM,1.477735161781311,,0.7,CUP_AND_HANDLE,0.3,1.0706638115631693,8.113550416970014,1.0706638115631693,0.0,BE,False,False
216.0,69.0,0.0,4.787199974060059,2310.0,-999.767575263977,214.0,1000.0,0.666888952255249,8.142134666442871,60000.0,1.0,4.787199974060059,6.085599899291992,6.734799861907959,2023-02-24,2023-02-22,ACHV,STOP,1000.0,1000.0,1000.0,60000.0,-8.291184550329296,5.21999979019165,313199.987411499,MOMENTUM,0.52960604429245,30.60391730141458,0.0,NONE,0.0,0.4329004329004329,8.29311207471407,0.4329004329004329,-0.9997675752639771,LOSS,False,False
217.0,538.0,2.0,16.00586700439453,494.0,1748.3647155761719,154.0,1000.0,1.0465842485427856,3.181748867034912,1696950.0,1.0,12.466667175292969,14.489067077636719,16.00586700439453,2023-02-27,2022-11-23,APG,TP2,1000.0,1000.0,1000.0,1696950.0,28.389302283738804,12.466667175292969,21155310.863113403,MOMENTUM,4.662230968475342,,0.65,POCKET_PIVOT,0.2,2.0242914979757085,16.237631674226012,2.0242914979757085,1.748364715576172,WIN,False,False
219.0,0.0,0.0,134.49465942382812,92.0,-57.04937744140625,137.0,1000.0,0.701772153377533,3.02765154838562,901900.0,1.0,135.11476135253906,156.7987518310547,173.06173706054688,2023-03-01,2022-10-31,A,STOP,1000.0,1000.0,1000.0,901900.0,-0.45894462048671236,135.11476135253906,121860003.26385498,MOMENTUM,5.599013805389404,87.02387720295623,0.6,CUP_AND_HANDLE,0.2,10.869565217391305,8.044691126701268,10.869565217391305,-0.05704937744140625,LOSS,False,False
223.0,694.0,0.0,7.906207084655762,1570.0,-999.5571041107178,221.0,1000.0,0.9465060234069824,4.3251800537109375,1379400.0,1.0,7.906207084655762,9.81618881225586,10.77117919921875,2023-03-07,2023-03-03,ASTL,STOP,1000.0,1000.0,1000.0,1379400.0,-7.452539371630189,8.542867660522461,11784031.650924683,MOMENTUM,12.677031517028809,34.78313544947904,0.7,POCKET_PIVOT,0.3,0.6369426751592356,7.455841533196381,0.6369426751592356,-0.9995571041107177,LOSS,False,False
224.0,744.0,0.0,13.579999923706055,870.0,-226.20019912719727,221.0,1000.0,3.9500584602355957,6.823876857757568,1061373.0,1.0,13.84000015258789,16.13759994506836,17.86079978942871,2023-03-08,2023-03-03,ATXS,STOP,1000.0,1000.0,1000.0,1061373.0,-1.8786143498215169,13.84000015258789,14689402.481952667,MOMENTUM,0.9629414677619934,30.63968984734674,0.65,POCKET_PIVOT,0.2,1.1494252873563218,8.305095915345023,1.1494252873563218,-0.22620019912719727,LOSS,False,False
225.0,35.0,0.0,9.791775703430176,1259.0,-113.58034420013428,189.0,1000.0,0.7750338912010193,2.0564627647399902,1066900.0,1.0,9.881990432739258,11.469771385192871,12.66060733795166,2023-03-09,2023-01-17,ABR,STOP,1000.0,1000.0,1000.0,1066900.0,-0.9129206299390717,9.881990432739258,10543095.592689514,MOMENTUM,4.032720565795898,44.54247542223342,0.9,CUP_AND_HANDLE,0.3,0.7942811755361397,8.037663878975922,0.7942811755361397,-0.11358034420013428,LOSS,False,False
225.0,170.0,0.0,105.47637939453125,106.0,-1113.3687744140625,189.0,1000.0,0.6861986517906189,1.6735936403274536,204000.0,1.0,106.54792022705078,134.84373474121094,148.9916534423828,2023-03-09,2023-01-17,AFG,STOP,1000.0,1000.0,1000.0,204000.0,-9.056295764582305,115.9798583984375,23659891.11328125,MOMENTUM,2.326265573501587,52.65944038316108,0.9,CUP_AND_HANDLE,0.3,9.433962264150944,8.1341384568185,9.433962264150944,-1.1133687744140626,LOSS,False,True
226.0,781.0,0.0,34.18000030517578,344.0,-997.6005249023438,221.0,1000.0,0.6763640642166138,3.75262713432312,55100.0,1.0,34.18000030517578,42.880001068115234,47.230003356933594,2023-03-10,2023-03-03,AVNW,STOP,1000.0,1000.0,1000.0,55100.0,-7.820931452732941,37.08000183105469,2043108.1008911133,MOMENTUM,3.245211124420166,15.980130845650594,0.7,POCKET_PIVOT,0.3,2.9069767441860463,7.8397427201620005,2.9069767441860463,-0.9976005249023437,LOSS,False,False
227.0,27.0,0.0,41.5129280090332,276.0,-1031.2339324951172,214.0,1000.0,1.0205843448638916,2.028122663497925,254100.0,1.0,41.633094787597656,52.481658935546875,57.90593719482422,2023-03-13,2023-02-22,ABM,STOP,1000.0,1000.0,1000.0,254100.0,-8.257268609863505,45.24928283691406,11497842.768859863,MOMENTUM,1.5731213092803955,19.314472252448315,1.0,CUP_AND_HANDLE,0.3,3.6231884057971016,8.007173105606281,3.6231884057971016,-1.0312339324951172,LOSS,False,True
227.0,538.0,3.0,14.333333015441895,99.0,184.79991817474365,154.0,1000.0,1.0465842485427856,3.181748867034912,1696950.0,1.0,12.466667175292969,14.489067077636719,16.00586700439453,2023-03-13,2022-11-23,APG,RUNNER,1000.0,1000.0,1000.0,1696950.0,14.973254791371767,12.466667175292969,21155310.863113403,MOMENTUM,4.662230968475342,,0.65,POCKET_PIVOT,0.2,10.1010101010101,81.02414188957222,10.1010101010101,0.18479991817474364,WIN,False,False
229.0,65.0,0.0,59.46539306640625,194.0,-996.8993835449219,214.0,1000.0,1.0617315769195557,2.0800609588623047,2137600.0,1.0,59.46539306640625,74.88136291503906,82.58934783935547,2023-03-15,2023-02-22,ACGL,STOP,1000.0,1000.0,1000.0,2137600.0,-7.954078175371071,64.60404968261719,138097616.6015625,MOMENTUM,4.791510105133057,17.35582154515778,0.0,NONE,0.0,5.154639175257732,7.978817427980332,5.154639175257732,-0.9968993835449219,LOSS,False,False
240.0,2656.0,1.0,0.00012399999832268804,33333331.0,799.9999722966822,240.0,1000.0,5.991608142852783,92.5,42968296.0,0.6907737851142883,9.999999747378752e-05,0.00012399999832268804,0.00014200000441633165,2023-03-30,2023-03-30,GTLL,TP1,1000.0,1000.0,1000.0,42968296.0,24.000001455191562,9.999999747378752e-05,4296.829491452954,MOMENTUM,-29.824562072753906,37.89896959034934,0.0,NONE,0.0,3.0000002100000147e-05,30.000002857863965,3.0000002100000147e-05,0.7999999722966823,WIN,False,False
241.0,2656.0,2.0,0.00019999999494757503,41666663.0,4166.666194741156,240.0,1000.0,5.991608142852783,92.5,42968296.0,0.6907737851142883,9.999999747378752e-05,0.00012399999832268804,0.00014200000441633165,2023-03-31,2023-03-30,GTLL,TP2,1000.0,1000.0,1000.0,42968296.0,100.0,9.999999747378752e-05,4296.829491452954,MOMENTUM,-29.824562072753906,37.89896959034934,0.0,NONE,0.0,2.4000002112000184e-05,24.00000271829125,2.4000002112000184e-05,4.166666194741156,WIN,True,False
242.0,2656.0,0.0,9.999999747378752e-05,8333333.0,0.0,240.0,1000.0,5.991608142852783,92.5,42968296.0,0.6907737851142883,9.999999747378752e-05,0.00012399999832268804,0.00014200000441633165,2023-04-03,2023-03-30,GTLL,STOP,1000.0,1000.0,1000.0,42968296.0,0.0,9.999999747378752e-05,4296.829491452954,MOMENTUM,-29.824562072753906,37.89896959034934,0.0,NONE,0.0,0.00012000000480000019,120.00000783145536,0.00012000000480000019,0.0,BE,False,False
257.0,106.0,0.0,172.7543487548828,70.0,-118.08120727539062,214.0,1000.0,1.368708610534668,2.2508959770202637,5117800.0,1.0,174.44122314453125,202.68748474121094,223.8721923828125,2023-04-25,2023-02-22,ADI,STOP,1000.0,1000.0,1000.0,5117800.0,-0.9670159147249255,174.44122314453125,892755291.809082,MOMENTUM,2.262725830078125,24.83677910772579,0.55,VCP,0.2,14.285714285714286,8.189414192468728,14.285714285714286,-0.11808120727539062,LOSS,False,False
294.0,77.0,1.0,314.04364013671875,18.0,773.2177734375,240.0,1000.0,0.7750566601753235,2.4149487018585205,2431500.0,1.0,271.08709716796875,314.04364013671875,346.2610778808594,2023-06-16,2023-03-30,ACN,TP1,1000.0,1000.0,1000.0,2431500.0,15.846030083140999,271.08709716796875,659148276.763916,MOMENTUM,7.6607279777526855,89.01734104046243,0.7,CUP_AND_HANDLE,0.3,55.55555555555556,20.49361852184823,55.55555555555556,0.7732177734375,WIN,False,False
295.0,323.0,0.0,10.111440658569336,1236.0,0.0,240.0,1000.0,1.0465116500854492,1.5607273578643799,1800.0,1.0,10.111440658569336,11.729270935058594,12.942644119262695,2023-06-20,2023-03-30,AKO-A,STOP,1000.0,1000.0,1000.0,1800.0,0.0,10.111440658569336,18200.593185424805,MOMENTUM,1.696289300918579,89.01734104046243,0.8,CUP_AND_HANDLE,0.3,0.8090614886731392,8.001446242850353,0.8090614886731392,0.0,BE,False,False
299.0,5.0,1.0,185.57081604003906,31.0,786.7673797607422,240.0,1000.0,0.7620397210121155,2.14326548576355,51305700.0,1.0,160.19122314453125,185.57081604003906,204.6055145263672,2023-06-26,2023-03-30,AAPL,TP1,1000.0,1000.0,1000.0,51305700.0,15.843310511843258,160.19122314453125,8218722837.286377,MOMENTUM,4.47641658782959,43.151545614476,0.7,CUP_AND_HANDLE,0.3,32.25806451612903,20.13722342766835,32.25806451612903,0.7867673797607422,WIN,False,False
316.0,2.0,0.0,17.350000381469727,760.0,0.0,300.0,1000.0,0.9341568946838379,2.357715129852295,19715400.0,1.0,17.350000381469727,19.98040008544922,21.953201293945312,2023-07-20,2023-06-27,AAL,STOP,1000.0,1000.0,1000.0,19715400.0,0.0,17.350000381469727,342062197.52082825,MOMENTUM,9.87271499633789,79.53950811093668,0.5,CUP_AND_HANDLE,0.2,1.3157894736842106,7.583800834318769,1.3157894736842106,0.0,BE,False,False
323.0,135.0,1.0,13.170702934265137,443.0,804.0663604736328,240.0,1000.0,2.38836669921875,1.4451885223388672,510800.0,1.0,11.3556547164917,13.158318519592285,14.510315895080566,2023-07-31,2023-03-30,ADX,TP1,1000.0,1000.0,1000.0,510800.0,15.983650992288995,11.3556547164917,5800468.42918396,MOMENTUM,1.5117416381835938,89.01734104046243,0.8,FLAT_BASE,0.3,2.2573363431151243,19.87852219420531,2.2573363431151243,0.8040663604736328,WIN,False,False
332.0,156.0,0.0,61.41353988647461,208.0,0.0,300.0,1000.0,0.7696950435638428,2.216177463531494,797000.0,1.0,61.41353988647461,71.00342559814453,78.19583892822266,2023-08-11,2023-06-27,AER,STOP,1000.0,1000.0,1000.0,797000.0,0.0,61.41353988647461,48946591.28952026,MOMENTUM,3.906920909881592,80.27210884353741,0.7,CUP_AND_HANDLE,0.3,4.8076923076923075,7.828391453382298,4.8076923076923075,0.0,BE,False,False
337.0,173.0,0.0,18.536813735961914,613.0,-999.9319305419922,300.0,1000.0,0.9225092530250549,1.7480548620224,5000.0,1.0,18.536813735961914,23.430442810058594,25.87725830078125,2023-08-18,2023-06-27,AFGD,STOP,1000.0,1000.0,1000.0,5000.0,-8.088101848966502,20.16802406311035,100840.12031555176,MOMENTUM,1.9284952878952026,72.37048665620094,0.8,CUP_AND_HANDLE,0.3,1.6313213703099512,8.08865243915405,1.6313213703099512,-0.9999319305419921,LOSS,False,False
361.0,41.0,0.0,93.4468765258789,121.0,-1051.276123046875,300.0,1000.0,1.1255958080291748,1.5146921873092651,6134700.0,1.0,93.90972137451172,118.58588409423828,130.92396545410156,2023-09-22,2023-06-27,ABT,STOP,1000.0,1000.0,1000.0,6134700.0,-8.506607092688734,102.1351089477539,626568252.8617859,MOMENTUM,3.4194836616516113,78.41444270015698,0.8,CUP_AND_HANDLE,0.3,8.264462809917354,8.091696278646895,8.264462809917354,-1.051276123046875,LOSS,False,True
368.0,146.0,0.0,16.271638870239258,704.0,-1145.1077880859375,240.0,1000.0,0.7916370630264282,2.9576833248138428,39000.0,1.0,16.478519439697266,20.737600326538086,22.867141723632812,2023-10-03,2023-03-30,AEFC,STOP,1000.0,1000.0,1000.0,39000.0,-9.087910699035296,17.898212432861328,698030.2848815918,MOMENTUM,5.202795028686523,76.878612716763,0.7,CUP_AND_HANDLE,0.3,1.4204545454545454,7.936292804562842,1.4204545454545454,-1.1451077880859375,LOSS,False,True
368.0,147.0,0.0,16.271636962890625,704.0,-1145.1077880859375,240.0,1000.0,0.7916370630264282,2.9576833248138428,39000.0,1.0,16.478515625,20.737598419189453,22.86713981628418,2023-10-03,2023-03-30,AEG,STOP,1000.0,1000.0,1000.0,39000.0,-9.087911667501615,17.898210525512695,698030.2104949951,MOMENTUM,5.202791690826416,75.99899472229204,0.7,CUP_AND_HANDLE,0.3,1.4204545454545454,7.936293650305336,1.4204545454545454,-1.1451077880859375,LOSS,False,True
384.0,3550.0,0.0,5247.10009765625,2.0,0.0,221.0,1000.0,0.8433283567428589,2.3456459045410156,22500.0,0.9702374339103699,5247.10009765625,6081.8857421875,6707.97509765625,2023-10-25,2023-03-03,NVRI,STOP,1000.0,1000.0,1000.0,22500.0,0.0,5247.10009765625,118059752.19726562,MOMENTUM,2.1628646850585938,12.96341167918585,0.0,NONE,0.0,500.0,9.529073024990273,500.0,0.0,BE,False,False
386.0,74.0,0.0,73.003173828125,102.0,0.0,137.0,1000.0,0.6447237730026245,2.546618700027466,389800.0,1.0,73.003173828125,84.73332977294922,93.53095245361328,2023-10-27,2022-10-31,ACM,STOP,1000.0,1000.0,1000.0,389800.0,0.0,73.003173828125,28456637.158203125,MOMENTUM,4.393889904022217,87.02387720295623,0.8,CUP_AND_HANDLE,0.3,9.803921568627452,13.42944567274474,9.803921568627452,0.0,BE,False,False
386.0,516.0,0.0,297.6445007324219,42.0,0.0,154.0,1000.0,1.06211256980896,2.3945822715759277,834300.0,1.0,297.6445007324219,345.19720458984375,380.8616943359375,2023-10-27,2022-11-23,AON,STOP,1000.0,1000.0,1000.0,834300.0,0.0,297.6445007324219,248324806.96105957,MOMENTUM,4.919674396514893,,0.6,CUP_AND_HANDLE,0.2,23.80952380952381,7.999315878820227,23.80952380952381,0.0,BE,False,False
392.0,1198.0,1.0,6.600000051548705e-05,49999999.0,800.0000729296626,392.0,1000.0,1.0074559450149536,5.0,3000001.0,0.4480792284011841,4.999999873689376e-05,6.600000051548705e-05,7.79999973019585e-05,2023-11-06,2023-11-06,BRBR,TP1,1000.0,1000.0,1000.0,3000001.0,32.00000436557468,4.999999873689376e-05,150.00004621068,MOMENTUM,-47.3684196472168,44.93349455864571,0.0,NONE,0.0,2.0000000400000008e-05,40.00000181048505,2.0000000400000008e-05,0.8000000729296626,WIN,False,False
393.0,1198.0,2.0,9.999999747378752e-05,62499999.0,3124.999871055861,392.0,1000.0,1.0074559450149536,5.0,3000001.0,0.4480792284011841,4.999999873689376e-05,6.600000051548705e-05,7.79999973019585e-05,2023-11-07,2023-11-06,BRBR,TP2,1000.0,1000.0,1000.0,3000001.0,100.0,4.999999873689376e-05,150.00004621068,MOMENTUM,-47.3684196472168,44.93349455864571,0.0,NONE,0.0,1.6000000256000004e-05,32.00000132038803,1.6000000256000004e-05,3.124999871055861,WIN,True,False
394.0,1198.0,0.0,4.999999873689376e-05,12500001.0,0.0,392.0,1000.0,1.0074559450149536,5.0,3000001.0,0.4480792284011841,4.999999873689376e-05,6.600000051548705e-05,7.79999973019585e-05,2023-11-08,2023-11-06,BRBR,STOP,1000.0,1000.0,1000.0,3000001.0,0.0,4.999999873689376e-05,150.00004621068,MOMENTUM,-47.3684196472168,44.93349455864571,0.0,NONE,0.0,7.999999360000051e-05,159.99999124194076,7.999999360000051e-05,0.0,BE,False,False
398.0,183.0,0.0,15.589247703552246,740.0,-999.3227958679199,392.0,1000.0,1.1371122598648071,3.4520747661590576,198500.0,1.0,15.589247703552246,19.64055633544922,21.66621208190918,2023-11-14,2023-11-06,AFYA,STOP,1000.0,1000.0,1000.0,198500.0,-7.972027208261699,16.93968391418457,3362527.256965637,MOMENTUM,7.350643634796143,91.94679564691657,0.6,CUP_AND_HANDLE,0.2,1.3513513513513513,7.977429556520751,1.3513513513513513,-0.9993227958679199,LOSS,False,False
412.0,98.0,0.0,24.60427474975586,479.0,-55.44851112365723,392.0,1000.0,2.3873507976531982,4.0094380378723145,633400.0,1.0,24.720033645629883,28.890085220336914,32.01762390136719,2023-12-05,2023-11-06,AD,STOP,1000.0,1000.0,1000.0,633400.0,-0.46827968575393836,24.720033645629883,15657669.311141968,MOMENTUM,0.35362014174461365,91.94679564691657,0.65,POCKET_PIVOT,0.2,2.0876826722338206,8.445306758726401,2.0876826722338206,-0.05544851112365723,LOSS,False,False
4.0,27.0,1.0,49.883018493652344,119.0,979.5097618103027,1.0,1000.0,1.0130231380462646,1.7853881120681763,386600.0,0.800000011920929,41.6518440246582,48.305458068847656,53.2956657409668,2023-12-13,2023-12-08,ABM,TP1,1000.0,1000.0,1000.0,386600.0,19.761848873056433,41.6518440246582,16102602.899932861,MOMENTUM,5.149100303649902,,0.9,CUP_AND_HANDLE,0.3,8.403361344537815,20.175244437108145,8.403361344537815,0.9795097618103027,WIN,False,False
11.0,125.0,0.0,6.389999866485596,1785.0,-999.5998978614807,1.0,1000.0,0.6622077822685242,5.57511568069458,50000.0,0.800000011920929,6.389999866485596,8.069999694824219,8.90999984741211,2023-12-22,2023-12-08,ADSE,STOP,1000.0,1000.0,1000.0,50000.0,-8.057553354648984,6.949999809265137,347499.99046325684,MOMENTUM,4.980927467346191,,0.9,POCKET_PIVOT,0.3,0.5602240896358543,8.060778489360708,0.5602240896358543,-0.9995998978614807,LOSS,False,False
17.0,27.0,0.0,41.60444641113281,181.0,-8.578968048095703,1.0,1000.0,1.0130231380462646,1.7853881120681763,386600.0,0.800000011920929,41.6518440246582,48.305458068847656,53.2956657409668,2024-01-03,2023-12-08,ABM,STOP,1000.0,1000.0,1000.0,386600.0,-0.11379475419463034,41.6518440246582,16102602.899932861,MOMENTUM,5.149100303649902,,0.9,CUP_AND_HANDLE,0.3,5.524861878453039,13.264387226607013,5.524861878453039,-0.008578968048095704,LOSS,False,False
18.0,106.0,0.0,178.84666442871094,70.0,0.0,1.0,1000.0,1.132118582725525,1.7982078790664673,3717600.0,0.800000011920929,178.84666442871094,207.38473510742188,228.78829956054688,2024-01-04,2023-12-08,ADI,STOP,1000.0,1000.0,1000.0,3717600.0,0.0,178.84666442871094,664880359.6801758,MOMENTUM,2.3411519527435303,,0.7,CUP_AND_HANDLE,0.3,14.285714285714286,7.987688409703965,14.285714285714286,0.0,BE,False,False
25.0,283.0,0.0,84.90691375732422,146.0,-205.13204956054688,1.0,1000.0,1.1251780986785889,2.099104166030884,138200.0,0.800000011920929,86.31192779541016,99.96844482421875,110.2108383178711,2024-01-16,2023-12-08,AIN,STOP,1000.0,1000.0,1000.0,138200.0,-1.6278329936232203,86.31192779541016,11928308.421325684,MOMENTUM,3.704644203186035,,0.7,CUP_AND_HANDLE,0.3,6.8493150684931505,7.935537119189892,6.8493150684931505,-0.20513204956054687,LOSS,False,False
26.0,88.0,0.0,7.456030368804932,1696.0,0.0,1.0,1000.0,0.975174069404602,2.1802825927734375,371200.0,0.800000011920929,7.456030368804932,8.634849548339844,9.518963813781738,2024-01-17,2023-12-08,ACRE,STOP,1000.0,1000.0,1000.0,371200.0,0.0,7.456030368804932,2767678.4729003906,MOMENTUM,1.4027971029281616,,0.8,CUP_AND_HANDLE,0.3,0.589622641509434,7.907996780382481,0.589622641509434,0.0,BE,False,False
26.0,3491.0,0.0,3.5,3229.0,0.0,26.0,1000.0,0.8465902805328369,8.807579040527344,197700.0,0.9080227613449097,3.5,4.119199752807617,4.583600044250488,2024-01-17,2024-01-17,NOTV,STOP,1000.0,1000.0,1000.0,197700.0,0.0,3.5,691950.0,MOMENTUM,-7.333862781524658,,0.0,NONE,0.0,0.3096934035305048,8.848382958014422,0.3096934035305048,0.0,BE,False,False
33.0,2311.0,0.0,0.6715999841690063,17123.0,-999.9827770590782,26.0,1000.0,2.5491623878479004,2.018578290939331,35000.0,0.9020833373069763,0.6715999841690063,0.8467999696731567,0.9343999624252319,2024-01-26,2024-01-17,EVRC,STOP,1000.0,1000.0,1000.0,35000.0,-7.999997060592697,0.7299999594688416,25549.998581409454,MOMENTUM,6.540083408355713,,0.0,NONE,0.0,0.05840098113648309,8.000134846442524,0.05840098113648309,-0.9999827770590782,LOSS,False,False
38.0,14.0,1.0,159.931884765625,36.0,788.1295166015625,1.0,1000.0,1.3267568349838257,1.636027455329895,7225100.0,0.800000011920929,138.03939819335938,159.931884765625,176.3512420654297,2024-02-02,2023-12-08,ABBV,TP1,1000.0,1000.0,1000.0,7225100.0,15.859592883474916,138.03939819335938,997348455.8868408,MOMENTUM,5.967413902282715,,0.7,FLAT_BASE,0.3,27.77777777777778,20.12307945509,27.77777777777778,0.7881295166015625,WIN,False,False
41.0,11.0,1.0,29.13899803161621,202.0,797.1473083496094,1.0,1000.0,1.213876724243164,2.8214523792266846,536400.0,0.800000011920929,25.192724227905273,29.13899803161621,32.09870147705078,2024-02-07,2023-12-08,AB,TP1,1000.0,1000.0,1000.0,536400.0,15.664339306901,25.192724227905273,13513377.275848389,MOMENTUM,6.440288066864014,,0.7,POCKET_PIVOT,0.3,4.9504950495049505,19.650495137883603,4.9504950495049505,0.7971473083496093,WIN,False,False
48.0,3458.0,1.0,5.134524822235107,1108.0,799.1894435882568,26.0,1000.0,1.0812145471572876,1.6999996900558472,21900.0,0.8851931691169739,4.413234710693359,5.134524822235107,5.675492763519287,2024-02-16,2024-01-17,NHWK1,TP1,1000.0,1000.0,1000.0,21900.0,16.343796757377238,4.413234710693359,96649.84016418457,MOMENTUM,2.594552993774414,,0.0,NONE,0.0,0.9025270758122743,20.450466267416786,0.9025270758122743,0.7991894435882568,WIN,False,False
49.0,752.0,0.0,10.449000358581543,1250.0,0.0,49.0,1000.0,1.7801047563552856,9.88638973236084,42500.0,0.8963295817375183,10.449000358581543,12.04900074005127,13.249000549316406,2024-02-20,2024-02-20,AUID,STOP,1000.0,1000.0,1000.0,42500.0,0.0,10.449000358581543,444082.5152397156,MOMENTUM,4.427868843078613,,0.0,NONE,0.0,0.8,7.656234783674565,0.8,0.0,BE,False,False
53.0,3458.0,0.0,4.413234710693359,1664.0,0.0,26.0,1000.0,1.0812145471572876,1.6999996900558472,21900.0,0.8851931691169739,4.413234710693359,5.134524822235107,5.675492763519287,2024-02-26,2024-01-17,NHWK1,STOP,1000.0,1000.0,1000.0,21900.0,0.0,4.413234710693359,96649.84016418457,MOMENTUM,2.594552993774414,,0.0,NONE,0.0,0.6009615384615384,13.617257586717429,0.6009615384615384,0.0,BE,False,False
55.0,1100.0,0.0,16.729999542236328,713.0,0.0,26.0,1000.0,1.336896300315857,6.660987377166748,677900.0,0.9033207297325134,16.729999542236328,19.533199310302734,21.63559913635254,2024-02-28,2024-01-17,BLFR,STOP,1000.0,1000.0,1000.0,677900.0,0.0,16.729999542236328,11341266.689682007,MOMENTUM,2.289747476577759,,0.0,NONE,0.0,1.402524544179523,8.383290989570733,1.402524544179523,0.0,BE,False,False
55.0,2244.0,1.0,304.0796813964844,19.0,1026.8822174072266,49.0,1000.0,0.855516791343689,2.063645362854004,256300.0,0.8886578679084778,250.0332489013672,290.31890869140625,320.53314208984375,2024-02-28,2024-02-20,EME,TP1,1000.0,1000.0,1000.0,256300.0,21.615698205176447,250.0332489013672,64083521.69342041,MOMENTUM,6.278502464294434,,0.0,NONE,0.0,52.63157894736842,21.04983204378969,52.63157894736842,1.0268822174072265,WIN,False,False
58.0,2244.0,2.0,322.31744384765625,24.0,1734.8206787109375,49.0,1000.0,0.855516791343689,2.063645362854004,256300.0,0.8886578679084778,250.0332489013672,290.31890869140625,320.53314208984375,2024-03-04,2024-02-20,EME,TP2,1000.0,1000.0,1000.0,256300.0,28.909833097758785,250.0332489013672,64083521.69342041,MOMENTUM,6.278502464294434,,0.0,NONE,0.0,41.666666666666664,16.664450368000168,41.666666666666664,1.7348206787109375,WIN,False,False
59.0,200.0,1.0,186.7142333984375,30.0,775.4576110839844,1.0,1000.0,1.6851551532745361,2.3462607860565186,67600.0,0.800000011920929,160.8656463623047,186.67144775390625,206.0258026123047,2024-03-05,2023-12-08,AGM,TP1,1000.0,1000.0,1000.0,67600.0,16.068432024272063,160.8656463623047,10874517.694091797,MOMENTUM,3.857853889465332,,0.7,POCKET_PIVOT,0.3,33.333333333333336,20.72122549910959,33.333333333333336,0.7754576110839844,WIN,False,False
64.0,252.0,0.0,29.959199905395508,399.0,-997.8188724517822,60.0,1000.0,0.9075515270233154,6.841014862060547,11402500.0,1.0,29.959199905395508,37.46159744262695,41.212799072265625,2024-03-12,2024-03-06,AI,STOP,1000.0,1000.0,1000.0,11402500.0,-7.704249074589203,32.459999084472656,370125139.56069946,MOMENTUM,9.219378471374512,34.183796856106405,0.75,POCKET_PIVOT,0.3,2.506265664160401,7.721089756158622,2.506265664160401,-0.9978188724517822,LOSS,False,False
80.0,214.0,0.0,81.73799133300781,140.0,-1090.3630065917969,60.0,1000.0,0.8767217993736267,2.1999194622039795,305200.0,1.0,82.39871978759766,103.78144836425781,114.47281646728516,2024-04-04,2024-03-06,AGO,STOP,1000.0,1000.0,1000.0,305200.0,-8.699462971704284,89.52629852294922,27323426.3092041,MOMENTUM,6.180887222290039,34.183796856106405,0.0,NONE,0.0,7.142857142857143,7.978501580768627,7.142857142857143,-1.0903630065917969,LOSS,False,True
86.0,3268.0,0.0,113.16999816894531,108.0,-97.20016479492188,49.0,1000.0,0.7717597484588623,3.290154457092285,710100.0,0.8884413242340088,114.06999969482422,132.53720092773438,146.38760375976562,2024-04-12,2024-02-20,MHI1,STOP,1000.0,1000.0,1000.0,710100.0,-0.788990556927075,114.06999969482422,81001106.78329468,MOMENTUM,5.460714817047119,,0.0,NONE,0.0,9.25925925925926,8.11717303763558,9.25925925925926,-0.09720016479492187,LOSS,False,False
89.0,340.0,0.0,78.41764068603516,148.0,-999.6142578125,60.0,1000.0,0.7437017560005188,1.3925049304962158,753500.0,1.0,78.41764068603516,98.68008422851562,108.81130981445312,2024-04-17,2024-03-06,ALC,STOP,1000.0,1000.0,1000.0,753500.0,-7.930032121252241,85.17179107666016,64176944.57626343,MOMENTUM,6.576687812805176,34.183796856106405,0.0,NONE,0.0,6.756756756756757,7.933092249610245,6.756756756756757,-0.9996142578125,LOSS,False,False
91.0,2244.0,3.0,327.3882751464844,6.0,464.1301574707031,49.0,1000.0,0.855516791343689,2.063645362854004,256300.0,0.8886578679084778,250.0332489013672,290.31890869140625,320.53314208984375,2024-04-19,2024-02-20,EME,RUNNER,1000.0,1000.0,1000.0,256300.0,30.93789589385054,250.0332489013672,64083521.69342041,MOMENTUM,6.278502464294434,,0.0,NONE,0.0,166.66666666666666,66.65780147200067,166.66666666666666,0.46413015747070313,WIN,False,False
93.0,133.0,0.0,91.7300033569336,139.0,0.0,1.0,1000.0,1.2932648658752441,2.318258762359619,79400.0,0.800000011920929,91.7300033569336,106.0260009765625,116.74800109863281,2024-04-23,2023-12-08,ADUS,STOP,1000.0,1000.0,1000.0,79400.0,0.0,91.7300033569336,7283362.266540527,MOMENTUM,4.2570037841796875,,0.7,CUP_AND_HANDLE,0.3,7.194244604316546,7.842847858974547,7.194244604316546,0.0,BE,False,False
98.0,1901.0,1.0,107.32479858398438,53.0,795.2543411254883,49.0,1000.0,1.448289155960083,2.771591901779175,561900.0,0.8956490159034729,92.31999969482422,107.32479858398438,118.57839965820312,2024-04-30,2024-02-20,CVLL,TP1,1000.0,1000.0,1000.0,561900.0,16.253031779419924,92.31999969482422,51874607.82852173,MOMENTUM,2.634225606918335,,0.0,NONE,0.0,18.867924528301888,20.437526636343446,18.867924528301888,0.7952543411254883,WIN,False,False
112.0,82.0,1.0,5.22660493850708,1109.0,799.490327835083,1.0,1000.0,1.2026829719543457,1.478674054145813,387300.0,0.800000011920929,4.5056939125061035,5.22660493850708,5.7672882080078125,2024-05-20,2023-12-08,ACP,TP1,1000.0,1000.0,1000.0,387300.0,16.0,4.5056939125061035,1745055.252313614,MOMENTUM,5.209792613983154,,0.7,CUP_AND_HANDLE,0.3,0.9017132551848512,20.012749926976532,0.9017132551848512,0.799490327835083,WIN,False,False
113.0,74.0,0.0,87.19013977050781,134.0,-997.9744873046875,102.0,1000.0,1.1330851316452026,1.7736239433288574,654300.0,1.0,87.19013977050781,109.53285217285156,120.70421600341797,2024-05-21,2024-05-06,ACM,STOP,1000.0,1000.0,1000.0,654300.0,-7.869559349886339,94.63771057128906,61921454.02679443,MOMENTUM,2.578638792037964,38.06529625151149,0.75,FLAT_BASE,0.3,7.462686567164179,7.885531594239758,7.462686567164179,-0.9979744873046875,LOSS,False,False
114.0,106.0,1.0,233.41737365722656,25.0,895.1416015625,102.0,1000.0,0.7070996165275574,2.4400930404663086,2372800.0,1.0,197.61170959472656,228.65576171875,251.93878173828125,2024-05-22,2024-05-06,ADI,TP1,1000.0,1000.0,1000.0,2372800.0,18.119201608008105,197.61170959472656,468893064.5263672,MOMENTUM,4.16678524017334,38.06529625151149,0.7,FLAT_BASE,0.3,40.0,20.241715474267338,40.0,0.8951416015625,WIN,False,False
119.0,925.0,0.0,26.5523681640625,433.0,-509.13062477111816,102.0,1000.0,0.9452335238456726,2.3708338737487793,152400.0,1.0,27.72818946838379,32.34666442871094,35.81052017211914,2024-05-30,2024-05-06,BCAS,STOP,1000.0,1000.0,1000.0,152400.0,-4.2405267955269235,27.72818946838379,4225776.074981689,MOMENTUM,-0.29803040623664856,38.06529625151149,0.0,NONE,0.0,2.3094688221709005,8.328956439093151,2.3094688221709005,-0.5091306247711181,LOSS,False,False
124.0,1901.0,2.0,118.57839965820312,66.0,1733.0543975830078,49.0,1000.0,1.448289155960083,2.771591901779175,561900.0,0.8956490159034729,92.31999969482422,107.32479858398438,118.57839965820312,2024-06-06,2024-02-20,CVLL,TP2,1000.0,1000.0,1000.0,561900.0,28.442807680003757,92.31999969482422,51874607.82852173,MOMENTUM,2.634225606918335,,0.0,NONE,0.0,15.151515151515152,16.41195320797277,15.151515151515152,1.7330543975830077,WIN,False,False
127.0,200.0,0.0,160.8656463623047,47.0,0.0,1.0,1000.0,1.6851551532745361,2.3462607860565186,67600.0,0.800000011920929,160.8656463623047,186.67144775390625,206.0258026123047,2024-06-11,2023-12-08,AGM,STOP,1000.0,1000.0,1000.0,67600.0,0.0,160.8656463623047,10874517.694091797,MOMENTUM,3.857853889465332,,0.7,POCKET_PIVOT,0.3,21.27659574468085,13.226314148367821,21.27659574468085,0.0,BE,False,False
139.0,125.0,1.0,12.687199592590332,457.0,798.4704055786133,102.0,1000.0,1.4003453254699707,3.920541763305664,36500.0,1.0,10.9399995803833,12.687199592590332,13.997599601745605,2024-06-28,2024-05-06,ADSE,TP1,1000.0,1000.0,1000.0,36500.0,15.970750267120351,10.9399995803833,399309.9846839905,MOMENTUM,1.8527106046676636,38.06529625151149,0.8,CUP_AND_HANDLE,0.3,2.1881838074398248,20.00168090832009,2.1881838074398248,0.7984704055786133,WIN,False,False
139.0,324.0,1.0,16.942018508911133,345.0,850.0062131881714,1.0,1000.0,0.8785525560379028,2.216787338256836,564000.0,0.800000011920929,14.478232383728027,16.788888931274414,18.521881103515625,2024-06-28,2023-12-08,AKR,TP1,1000.0,1000.0,1000.0,564000.0,17.017174886294377,14.478232383728027,8165723.064422607,MOMENTUM,4.383994102478027,,0.8,CUP_AND_HANDLE,0.3,2.898550724637681,20.02005940929184,2.898550724637681,0.8500062131881714,WIN,False,False
148.0,35.0,0.0,10.732020378112793,1046.0,-1132.1478424072266,140.0,1000.0,1.2514879703521729,2.0874671936035156,3006900.0,1.0,11.814379692077637,13.725995063781738,15.159706115722656,2024-07-12,2024-07-01,ABR,STOP,1000.0,1000.0,1000.0,3006900.0,-9.161372346028806,11.814379692077637,35524658.296108246,MOMENTUM,1.6075282096862793,25.01813784764208,0.8,CUP_AND_HANDLE,0.3,0.9560229445506692,8.092028269514218,0.9560229445506692,-1.1321478424072267,LOSS,False,True
149.0,113.0,1.0,13.390000343322754,447.0,822.4800682067871,140.0,1000.0,3.0583624839782715,3.0229437351226807,10330200.0,1.0,11.550000190734863,13.338800430297852,14.680399894714355,2024-07-15,2024-07-01,ADMA,TP1,1000.0,1000.0,1000.0,10330200.0,15.93073698876555,11.550000190734863,119313811.97032928,MOMENTUM,7.984294891357422,25.01813784764208,0.0,NONE,0.0,2.237136465324385,19.3691465660664,2.237136465324385,0.8224800682067871,WIN,False,False
150.0,16.0,1.0,57.91233825683594,102.0,936.2682037353516,102.0,1000.0,1.0618846416473389,2.183974027633667,317100.0,1.0,48.733238220214844,56.541526794433594,62.397743225097656,2024-07-16,2024-05-06,ABCB,TP1,1000.0,1000.0,1000.0,317100.0,18.835399353399723,48.733238220214844,15453309.839630127,MOMENTUM,5.949126720428467,38.06529625151149,0.9,CUP_AND_HANDLE,0.3,9.803921568627452,20.11752538242108,9.803921568627452,0.9362682037353516,WIN,False,False
150.0,324.0,2.0,18.7950496673584,433.0,1869.1818838119507,1.0,1000.0,0.8785525560379028,2.216787338256836,564000.0,0.800000011920929,14.478232383728027,16.788888931274414,18.521881103515625,2024-07-16,2023-12-08,AKR,TP2,1000.0,1000.0,1000.0,564000.0,29.815913774681558,14.478232383728027,8165723.064422607,MOMENTUM,4.383994102478027,,0.8,CUP_AND_HANDLE,0.3,2.3094688221709005,15.951317543200194,2.3094688221709005,1.8691818838119507,WIN,False,False
157.0,14.0,2.0,176.3512420654297,45.0,1724.032974243164,1.0,1000.0,1.3267568349838257,1.636027455329895,7225100.0,0.800000011920929,138.03939819335938,159.931884765625,176.3512420654297,2024-07-25,2023-12-08,ABBV,TP2,1000.0,1000.0,1000.0,7225100.0,27.75428201911226,138.03939819335938,997348455.8868408,MOMENTUM,5.967413902282715,,0.7,FLAT_BASE,0.3,22.22222222222222,16.098463564072,22.22222222222222,1.7240329742431642,WIN,False,False
157.0,155.0,1.0,90.72974395751953,63.0,789.4629821777344,60.0,1000.0,0.8662437200546265,1.89005446434021,4356500.0,1.0,78.1985855102539,90.72974395751953,100.12811279296875,2024-07-25,2024-03-06,AEP,TP1,1000.0,1000.0,1000.0,4356500.0,16.024789151234017,78.1985855102539,340672137.77542114,MOMENTUM,3.2175452709198,34.183796856106405,0.55,FLAT_BASE,0.2,15.873015873015873,20.298341420682732,15.873015873015873,0.7894629821777344,WIN,False,False
158.0,16.0,2.0,62.397743225097656,128.0,1749.056640625,102.0,1000.0,1.0618846416473389,2.183974027633667,317100.0,1.0,48.733238220214844,56.541526794433594,62.397743225097656,2024-07-26,2024-05-06,ABCB,TP2,1000.0,1000.0,1000.0,317100.0,28.03939467994288,48.733238220214844,15453309.839630127,MOMENTUM,5.949126720428467,38.06529625151149,0.9,CUP_AND_HANDLE,0.3,7.8125,16.031153039116795,7.8125,1.749056640625,WIN,False,False
160.0,519.0,1.0,9.869999885559082,555.0,799.1997671127319,140.0,1000.0,2.974527597427368,4.188634395599365,90500.0,1.0,8.430000305175781,9.869999885559082,10.950000762939453,2024-07-30,2024-07-01,AOUT,TP1,1000.0,1000.0,1000.0,90500.0,17.081844937765684,8.430000305175781,762915.0276184082,MOMENTUM,0.2676214873790741,25.01813784764208,0.8,CUP_AND_HANDLE,0.3,1.8018018018018018,21.373686080361665,1.8018018018018018,0.7991997671127319,WIN,False,False
161.0,6.0,1.0,24.214210510253906,244.0,917.8761291503906,140.0,1000.0,2.3804526329040527,2.2767064571380615,873400.0,1.0,20.452423095703125,23.72188949584961,26.173988342285156,2024-07-31,2024-07-01,AAT,TP1,1000.0,1000.0,1000.0,873400.0,18.3928691331498,20.452423095703125,17863146.33178711,MOMENTUM,3.788806438446045,68.1378476420798,0.6,CUP_AND_HANDLE,0.2,4.098360655737705,20.038509063499347,4.098360655737705,0.9178761291503906,WIN,False,False
162.0,148.0,0.0,153.15199279785156,75.0,-993.6000823974609,162.0,1000.0,1.6939067840576172,31.746849060058594,38720.0,1.0,153.15199279785156,192.89599609375,212.7679901123047,2024-08-01,2024-08-01,AEHL,STOP,1000.0,1000.0,1000.0,38720.0,-7.961539413802051,166.39999389648438,6443007.763671875,MOMENTUM,0.012017740868031979,50.012091898428054,0.55,VCP,0.2,13.333333333333334,8.01282080672903,13.333333333333334,-0.9936000823974609,LOSS,False,False
163.0,101.0,1.0,67.13314056396484,85.0,800.1139259338379,140.0,1000.0,1.483817458152771,1.4127535820007324,1108100.0,1.0,57.720035552978516,66.99567413330078,73.95240020751953,2024-08-02,2024-07-01,ADC,TP1,1000.0,1000.0,1000.0,1108100.0,16.308210694614836,57.720035552978516,63959571.39625549,MOMENTUM,1.0970474481582642,25.01813784764208,0.8,CUP_AND_HANDLE,0.3,11.764705882352942,20.382360768913024,11.764705882352942,0.8001139259338379,WIN,False,False
163.0,113.0,0.0,11.550000190734863,671.0,0.0,140.0,1000.0,3.0583624839782715,3.0229437351226807,10330200.0,1.0,11.550000190734863,13.338800430297852,14.680399894714355,2024-08-02,2024-07-01,ADMA,STOP,1000.0,1000.0,1000.0,10330200.0,0.0,11.550000190734863,119313811.97032928,MOMENTUM,7.984294891357422,25.01813784764208,0.0,NONE,0.0,1.4903129657228018,12.903142347290137,1.4903129657228018,0.0,BE,False,False
164.0,3.0,0.0,79.34539031982422,142.0,-999.6259613037109,162.0,1000.0,1.058232307434082,3.214475393295288,520100.0,1.0,79.34539031982422,100.46424865722656,111.02367401123047,2024-08-05,2024-08-01,AAON,STOP,1000.0,1000.0,1000.0,520100.0,-8.149121548866272,86.385009765625,44928843.57910156,MOMENTUM,-0.9854780435562134,50.012091898428054,0.7,CUP_AND_HANDLE,0.3,7.042253521126761,8.152170776195328,7.042253521126761,-0.999625961303711,LOSS,False,False
164.0,102.0,0.0,9.70516586303711,1088.0,-1244.1387329101562,162.0,1000.0,1.1782664060592651,2.7629380226135254,525539.0,1.0,9.929959297180176,12.686108589172363,14.064183235168457,2024-08-05,2024-08-01,ADEA,STOP,1000.0,1000.0,1000.0,525539.0,-10.54054792947856,10.848675727844238,5701402.193335533,MOMENTUM,-3.213142156600952,50.012091898428054,0.7,CUP_AND_HANDLE,0.3,0.9191176470588235,8.472164438465184,0.9191176470588235,-1.2441387329101563,LOSS,False,True
164.0,106.0,0.0,195.7045440673828,39.0,-74.37945556640625,102.0,1000.0,0.7070996165275574,2.4400930404663086,2372800.0,1.0,197.61170959472656,228.65576171875,251.93878173828125,2024-08-05,2024-05-06,ADI,STOP,1000.0,1000.0,1000.0,2372800.0,-0.9651075491705803,197.61170959472656,468893064.5263672,MOMENTUM,4.16678524017334,38.06529625151149,0.7,FLAT_BASE,0.3,25.641025641025642,12.97545863735086,25.641025641025642,-0.07437945556640625,LOSS,False,False
164.0,151.0,0.0,68.37015533447266,165.0,-996.1154937744141,162.0,1000.0,1.5029996633529663,2.238894462585449,2896100.0,1.0,68.37015533447266,86.48135375976562,95.53694915771484,2024-08-05,2024-08-01,AEM,STOP,1000.0,1000.0,1000.0,2896100.0,-8.1135455473216,74.40721893310547,215490746.75216675,MOMENTUM,2.617701292037964,50.012091898428054,0.55,POCKET_PIVOT,0.2,6.0606060606060606,8.145185571382186,6.0606060606060606,-0.9961154937744141,LOSS,False,False
164.0,519.0,0.0,8.430000305175781,833.0,0.0,140.0,1000.0,2.974527597427368,4.188634395599365,90500.0,1.0,8.430000305175781,9.869999885559082,10.950000762939453,2024-08-05,2024-07-01,AOUT,STOP,1000.0,1000.0,1000.0,90500.0,0.0,8.430000305175781,762915.0276184082,MOMENTUM,0.2676214873790741,25.01813784764208,0.8,CUP_AND_HANDLE,0.3,1.2004801920768307,14.24057115798406,1.2004801920768307,0.0,BE,False,False
169.0,16.0,3.0,54.68953323364258,26.0,154.8636703491211,102.0,1000.0,1.0618846416473389,2.183974027633667,317100.0,1.0,48.733238220214844,56.541526794433594,62.397743225097656,2024-08-12,2024-05-06,ABCB,RUNNER,1000.0,1000.0,1000.0,317100.0,12.222243444017696,48.733238220214844,15453309.839630127,MOMENTUM,5.949126720428467,38.06529625151149,0.9,CUP_AND_HANDLE,0.3,38.46153846153846,78.92259957719038,38.46153846153846,0.1548636703491211,WIN,False,False
177.0,125.0,0.0,10.9399995803833,687.0,0.0,102.0,1000.0,1.4003453254699707,3.920541763305664,36500.0,1.0,10.9399995803833,12.687199592590332,13.997599601745605,2024-08-22,2024-05-06,ADSE,STOP,1000.0,1000.0,1000.0,36500.0,0.0,10.9399995803833,399309.9846839905,MOMENTUM,1.8527106046676636,38.06529625151149,0.8,CUP_AND_HANDLE,0.3,1.455604075691412,13.305339410629232,1.455604075691412,0.0,BE,False,False
186.0,126.0,0.0,250.2100067138672,50.0,0.0,172.0,1000.0,0.6149898171424866,2.346156597137451,790800.0,1.0,250.2100067138672,289.6051940917969,319.151611328125,2024-09-05,2024-08-15,ADSK,STOP,1000.0,1000.0,1000.0,790800.0,0.0,250.2100067138672,197866073.30932617,MOMENTUM,3.909320592880249,69.54050785973398,0.7,CUP_AND_HANDLE,0.3,20.0,7.993285425579087,20.0,0.0,BE,False,False
189.0,80.0,0.0,9.32080078125,1220.0,-999.4234657287598,172.0,1000.0,1.8154081106185913,3.734165668487549,11900.0,1.0,9.32080078125,11.778400421142578,13.007200241088867,2024-09-10,2024-08-15,ACNT,STOP,1000.0,1000.0,1000.0,11900.0,-8.078890871164528,10.140000343322754,120666.00408554077,MOMENTUM,0.5503531694412231,69.54050785973398,0.8,CUP_AND_HANDLE,0.3,0.819672131147541,8.083551315531261,0.819672131147541,-0.9994234657287597,LOSS,False,False
189.0,144.0,1.0,81.27738189697266,71.0,797.7213363647461,102.0,1000.0,2.0423319339752197,1.8521902561187744,2662200.0,1.0,70.0418701171875,81.27738189697266,89.70401000976562,2024-09-10,2024-05-06,AEE,TP1,1000.0,1000.0,1000.0,2662200.0,16.04113619608807,70.0418701171875,186465466.62597656,MOMENTUM,0.6949139833450317,38.06529625151149,0.9,FLAT_BASE,0.3,14.084507042253522,20.108696439270744,14.084507042253522,0.7977213363647461,WIN,False,False
189.0,1901.0,3.0,143.38999938964844,14.0,714.9799957275391,49.0,1000.0,1.448289155960083,2.771591901779175,561900.0,0.8956490159034729,92.31999969482422,107.32479858398438,118.57839965820312,2024-09-10,2024-02-20,CVLL,RUNNER,1000.0,1000.0,1000.0,561900.0,55.31845739129414,92.31999969482422,51874607.82852173,MOMENTUM,2.634225606918335,,0.0,NONE,0.0,71.42857142857143,77.37063655187161,71.42857142857143,0.714979995727539,WIN,False,False
200.0,14.0,3.0,181.87109375,10.0,438.31695556640625,1.0,1000.0,1.3267568349838257,1.636027455329895,7225100.0,0.800000011920929,138.03939819335938,159.931884765625,176.3512420654297,2024-09-25,2023-12-08,ABBV,RUNNER,1000.0,1000.0,1000.0,7225100.0,31.753032924153406,138.03939819335938,997348455.8868408,MOMENTUM,5.967413902282715,,0.7,FLAT_BASE,0.3,100.0,72.443086038324,100.0,0.43831695556640626,WIN,False,False
211.0,11.0,2.0,32.09870147705078,253.0,1747.2122440338135,1.0,1000.0,1.213876724243164,2.8214523792266846,536400.0,0.800000011920929,25.192724227905273,29.13899803161621,32.09870147705078,2024-10-10,2023-12-08,AB,TP2,1000.0,1000.0,1000.0,536400.0,27.412586216047053,25.192724227905273,13513377.275848389,MOMENTUM,6.440288066864014,,0.7,POCKET_PIVOT,0.3,3.952569169960474,15.6893281338043,3.952569169960474,1.7472122440338134,WIN,False,False
215.0,6.0,2.0,26.173988342285156,305.0,1745.0774002075195,140.0,1000.0,2.3804526329040527,2.2767064571380615,873400.0,1.0,20.452423095703125,23.72188949584961,26.173988342285156,2024-10-16,2024-07-01,AAT,TP2,1000.0,1000.0,1000.0,873400.0,27.974999440453008,20.452423095703125,17863146.33178711,MOMENTUM,3.788806438446045,68.1378476420798,0.6,CUP_AND_HANDLE,0.2,3.278688524590164,16.03080725079948,3.278688524590164,1.7450774002075196,WIN,False,False
220.0,98.0,0.0,33.98064041137695,361.0,0.0,216.0,1000.0,0.9445506930351257,2.339317560195923,123500.0,1.0,33.98064041137695,39.50644302368164,43.65079879760742,2024-10-23,2024-10-17,AD,STOP,1000.0,1000.0,1000.0,123500.0,0.0,33.98064041137695,4196609.090805054,MOMENTUM,4.56572961807251,43.772672309552604,1.0,CUP_AND_HANDLE,0.3,2.770083102493075,8.151944957357637,2.770083102493075,0.0,BE,False,False
225.0,77.0,0.0,340.5077209472656,34.0,-998.2944946289062,216.0,1000.0,0.8036001324653625,1.7773014307022095,2110700.0,1.0,340.5077209472656,428.592529296875,472.6349182128906,2024-10-30,2024-10-17,ACN,STOP,1000.0,1000.0,1000.0,2110700.0,-7.93837198691274,369.86932373046875,780683181.5979004,MOMENTUM,5.562849521636963,43.772672309552604,0.7,CUP_AND_HANDLE,0.3,29.41176470588235,7.951934053150972,29.41176470588235,-0.9982944946289063,LOSS,False,False
230.0,46.0,0.0,3.7839999198913574,2976.0,-999.9358978271484,216.0,1000.0,2.614691972732544,3.557690143585205,3353800.0,1.0,3.7839999198913574,4.791999816894531,5.296000003814697,2024-11-06,2024-10-17,ABUS,STOP,1000.0,1000.0,1000.0,3353800.0,-8.155339199047807,4.119999885559082,13817655.61618805,MOMENTUM,5.276604175567627,43.772672309552604,0.85,POCKET_PIVOT,0.3,0.33602150537634407,8.155862007523966,0.33602150537634407,-0.9999358978271484,LOSS,False,False
230.0,74.0,1.0,112.69230651855469,52.0,918.9902648925781,172.0,1000.0,1.0252341032028198,2.9288125038146973,1085200.0,1.0,95.01941680908203,110.06643676757812,121.3517074584961,2024-11-06,2024-08-15,ACM,TP1,1000.0,1000.0,1000.0,1085200.0,18.599240347877473,95.01941680908203,103115071.12121582,MOMENTUM,5.392019748687744,69.54050785973398,0.5,CUP_AND_HANDLE,0.2,19.23076923076923,20.238778427159467,19.23076923076923,0.9189902648925782,WIN,False,False
230.0,119.0,1.0,297.0234375,19.0,835.735595703125,162.0,1000.0,1.939507007598877,1.6455481052398682,3046500.0,1.0,253.037353515625,293.72784423828125,324.2457275390625,2024-11-06,2024-08-01,ADP,TP1,1000.0,1000.0,1000.0,3046500.0,17.383237444292536,253.037353515625,770878297.4853516,MOMENTUM,6.086896896362305,50.012091898428054,0.7,FLAT_BASE,0.3,52.63157894736842,20.799924681522732,52.63157894736842,0.835735595703125,WIN,False,False
233.0,311.0,1.0,209.06092834472656,27.0,785.5629730224609,172.0,1000.0,1.192291259765625,2.454481601715088,391000.0,1.0,179.96600341796875,209.06092834472656,230.88214111328125,2024-11-11,2024-08-15,AIZ,TP1,1000.0,1000.0,1000.0,391000.0,16.166900622438796,179.96600341796875,70366707.33642578,MOMENTUM,5.616199493408203,69.54050785973398,0.7,CUP_AND_HANDLE,0.3,37.03703703703704,20.580018633307642,37.03703703703704,0.7855629730224609,WIN,False,False
238.0,6.0,3.0,25.030441284179688,62.0,283.8371276855469,140.0,1000.0,2.3804526329040527,2.2767064571380615,873400.0,1.0,20.452423095703125,23.72188949584961,26.173988342285156,2024-11-18,2024-07-01,AAT,RUNNER,1000.0,1000.0,1000.0,873400.0,22.383744786887203,20.452423095703125,17863146.33178711,MOMENTUM,3.788806438446045,68.1378476420798,0.6,CUP_AND_HANDLE,0.2,16.129032258064516,78.8612292176426,16.129032258064516,0.28383712768554686,WIN,False,False
240.0,312.0,0.0,19.689638137817383,635.0,-4.907646179199219,172.0,1000.0,0.8850512504577637,1.5134083032608032,8200.0,1.0,19.69736671447754,22.846038818359375,25.207544326782227,2024-11-20,2024-08-15,AIZN,STOP,1000.0,1000.0,1000.0,8200.0,-0.03923659833411009,19.69736671447754,161518.40705871582,MOMENTUM,0.890766978263855,69.54050785973398,0.9,FLAT_BASE,0.3,1.5748031496062993,7.994993302575927,1.5748031496062993,-0.004907646179199219,LOSS,False,False
241.0,144.0,2.0,90.62197875976562,89.0,1831.6296691894531,102.0,1000.0,2.0423319339752197,1.8521902561187744,2662200.0,1.0,70.0418701171875,81.27738189697266,89.70401000976562,2024-11-21,2024-05-06,AEE,TP2,1000.0,1000.0,1000.0,2662200.0,29.38258017403792,70.0418701171875,186465466.62597656,MOMENTUM,0.6949139833450317,38.06529625151149,0.9,FLAT_BASE,0.3,11.235955056179776,16.04176906953059,11.235955056179776,1.8316296691894531,WIN,False,False
241.0,843.0,0.0,87.68871307373047,143.0,-994.7932815551758,241.0,1000.0,1.0858154296875,2.703054666519165,174800.0,1.0,87.68871307373047,108.5584945678711,118.99339294433594,2024-11-21,2024-11-21,AZX,STOP,1000.0,1000.0,1000.0,174800.0,-7.3501755291063935,94.64530944824219,16544000.091552734,MOMENTUM,15.50708293914795,4.800483675937122,0.0,NONE,0.0,6.993006993006993,7.3886461291895245,6.993006993006993,-0.9947932815551758,LOSS,False,False
242.0,11.0,3.0,32.56434631347656,51.0,375.95272636413574,1.0,1000.0,1.213876724243164,2.8214523792266846,536400.0,0.800000011920929,25.192724227905273,29.13899803161621,32.09870147705078,2024-11-22,2023-12-08,AB,RUNNER,1000.0,1000.0,1000.0,536400.0,29.260916838068468,25.192724227905273,13513377.275848389,MOMENTUM,6.440288066864014,,0.7,POCKET_PIVOT,0.3,19.607843137254903,77.8313728990684,19.607843137254903,0.37595272636413574,WIN,False,False
245.0,101.0,2.0,73.95240020751953,108.0,1753.0953826904297,140.0,1000.0,1.483817458152771,1.4127535820007324,1108100.0,1.0,57.720035552978516,66.99567413330078,73.95240020751953,2024-11-27,2024-07-01,ADC,TP2,1000.0,1000.0,1000.0,1108100.0,28.122582564319607,57.720035552978516,63959571.39625549,MOMENTUM,1.0970474481582642,25.01813784764208,0.8,CUP_AND_HANDLE,0.3,9.25925925925926,16.04167282738525,9.25925925925926,1.7530953826904296,WIN,False,False
248.0,749.0,0.0,20.479581832885742,580.0,-998.6063003540039,241.0,1000.0,0.9756097793579102,3.496476888656616,3600.0,1.0,20.479581832885742,25.644786834716797,28.227388381958008,2024-12-03,2024-11-21,AUBN,STOP,1000.0,1000.0,1000.0,3600.0,-7.755103057728066,22.201316833496094,79924.74060058594,MOMENTUM,6.913948059082031,4.800483675937122,0.8,CUP_AND_HANDLE,0.3,1.7241379310344827,7.765926426639706,1.7241379310344827,-0.9986063003540039,LOSS,False,False
251.0,101.0,3.0,71.13449096679688,22.0,295.1180191040039,140.0,1000.0,1.483817458152771,1.4127535820007324,1108100.0,1.0,57.720035552978516,66.99567413330078,73.95240020751953,2024-12-06,2024-07-01,ADC,RUNNER,1000.0,1000.0,1000.0,1108100.0,23.24055292985026,57.720035552978516,63959571.39625549,MOMENTUM,1.0970474481582642,25.01813784764208,0.8,CUP_AND_HANDLE,0.3,45.45454545454545,78.75003024352758,45.45454545454545,0.2951180191040039,WIN,False,False
255.0,144.0,3.0,87.2314682006836,18.0,309.4127655029297,102.0,1000.0,2.0423319339752197,1.8521902561187744,2662200.0,1.0,70.0418701171875,81.27738189697266,89.70401000976562,2024-12-12,2024-05-06,AEE,RUNNER,1000.0,1000.0,1000.0,2662200.0,24.54188909396061,70.0418701171875,186465466.62597656,MOMENTUM,0.6949139833450317,38.06529625151149,0.9,FLAT_BASE,0.3,55.55555555555556,79.31763595490126,55.55555555555556,0.3094127655029297,WIN,False,False
259.0,324.0,3.0,22.973217010498047,87.0,739.0636625289917,1.0,1000.0,0.8785525560379028,2.216787338256836,564000.0,0.800000011920929,14.478232383728027,16.788888931274414,18.521881103515625,2024-12-18,2023-12-08,AKR,RUNNER,1000.0,1000.0,1000.0,564000.0,58.674183433590045,14.478232383728027,8165723.064422607,MOMENTUM,4.383994102478027,,0.8,CUP_AND_HANDLE,0.3,11.494252873563218,79.38989076098487,11.494252873563218,0.7390636625289917,WIN,False,False
259.0,394.0,0.0,105.61637878417969,109.0,-1213.1697006225586,241.0,1000.0,0.8700660467147827,2.055720806121826,536300.0,1.0,107.635986328125,134.96714782714844,148.6327362060547,2024-12-18,2024-11-21,ALSN,STOP,1000.0,1000.0,1000.0,536300.0,-9.533484148436095,116.74637603759766,62611081.46896362,MOMENTUM,5.202591419219971,64.71584038694076,0.55,VCP,0.2,9.174311926605505,7.858326945969576,9.174311926605505,-1.2131697006225586,LOSS,False,True
260.0,314.0,0.0,275.8039245605469,42.0,-983.580322265625,241.0,1000.0,0.9095616936683655,1.6195991039276123,772800.0,1.0,275.8039245605469,346.0596618652344,381.18756103515625,2024-12-19,2024-11-21,AJG,STOP,1000.0,1000.0,1000.0,772800.0,-7.826476556725637,299.2225036621094,231239150.83007812,MOMENTUM,4.272395610809326,64.71584038694076,0.7,FLAT_BASE,0.3,23.80952380952381,7.957130068134918,23.80952380952381,-0.983580322265625,LOSS,False,False
268.0,558.0,0.0,317.5408020019531,36.0,-982.0513916015625,262.0,1000.0,1.2987608909606934,7.854651927947998,8922500.0,1.0,317.5408020019531,399.37841796875,440.2972106933594,2025-01-02,2024-12-23,APP,STOP,1000.0,1000.0,1000.0,8922500.0,-7.911143420577743,344.82000732421875,3076656515.350342,MOMENTUM,1.0011682510375977,79.68561064087062,0.55,VCP,0.2,27.77777777777778,8.05573261056734,27.77777777777778,-0.9820513916015625,LOSS,False,False
270.0,1432.0,0.0,4.929999828338623,2367.0,0.0,262.0,1000.0,3.7129149436950684,6.804282188415527,3250100.0,1.0,4.929999828338623,5.774799823760986,6.408400058746338,2025-01-06,2024-12-23,CDXS,STOP,1000.0,1000.0,1000.0,3250100.0,0.0,4.929999828338623,16022992.442083359,MOMENTUM,-3.209977149963379,93.76058041112455,0.0,NONE,0.0,0.4224757076468103,8.569487268910956,0.4224757076468103,0.0,BE,False,False
274.0,5.0,0.0,230.8507843017578,54.0,0.0,216.0,1000.0,0.6076655387878418,1.6479227542877197,34082200.0,1.0,230.8507843017578,267.72802734375,295.385986328125,2025-01-13,2024-10-17,AAPL,STOP,1000.0,1000.0,1000.0,34082200.0,0.0,230.8507843017578,7867902600.72937,MOMENTUM,1.7119947671890259,43.772672309552604,0.7,CUP_AND_HANDLE,0.3,18.51851851851852,8.021856444859178,18.51851851851852,0.0,BE,False,False
283.0,41.0,1.0,127.04613494873047,46.0,884.3987121582031,172.0,1000.0,0.710930347442627,2.6063170433044434,5822900.0,1.0,107.82007598876953,124.90801239013672,137.72396850585938,2025-01-27,2024-08-15,ABT,TP1,1000.0,1000.0,1000.0,5822900.0,17.831613253512742,107.82007598876953,627825520.4750061,MOMENTUM,3.246581792831421,69.54050785973398,0.7,FLAT_BASE,0.3,21.73913043478261,20.162414314238607,21.73913043478261,0.8843987121582031,WIN,False,False
290.0,1231.0,1.0,105.92720031738281,55.0,793.4960174560547,241.0,1000.0,0.7065512537956238,2.038447380065918,4786800.0,1.0,91.5,105.92720031738281,116.74759674072266,2025-02-05,2024-11-21,BSX,TP1,1000.0,1000.0,1000.0,4786800.0,15.767432040855534,91.5,437992200.0,MOMENTUM,5.141596794128418,24.02660217654172,0.0,NONE,0.0,18.181818181818183,19.870839542970693,18.181818181818183,0.7934960174560547,WIN,False,False
292.0,133.0,0.0,116.0999984741211,95.0,-1212.2002029418945,262.0,1000.0,2.7588818073272705,2.6845948696136475,473700.0,1.0,118.3479995727539,149.88400268554688,165.65199279785156,2025-02-07,2024-12-23,ADUS,STOP,1000.0,1000.0,1000.0,473700.0,-9.902221073872504,128.86000061035156,61040982.289123535,MOMENTUM,3.3476102352142334,36.11850060459492,0.7,CUP_AND_HANDLE,0.3,10.526315789473685,8.168800046263609,10.526315789473685,-1.2122002029418946,LOSS,False,True
293.0,125.0,0.0,14.119999885559082,894.0,0.0,262.0,1000.0,1.375103235244751,4.187026500701904,108200.0,1.0,14.119999885559082,16.356800079345703,18.034399032592773,2025-02-10,2024-12-23,ADSE,STOP,1000.0,1000.0,1000.0,108200.0,0.0,14.119999885559082,1527783.9876174927,MOMENTUM,1.989959716796875,36.11850060459492,0.8,CUP_AND_HANDLE,0.3,1.1185682326621924,7.921871400340332,1.1185682326621924,0.0,BE,False,False
295.0,122.0,0.0,7.185600280761719,1627.0,-999.6286535263062,294.0,1000.0,1.2968697547912598,8.381271362304688,1897100.0,1.0,7.185600280761719,9.028800010681152,9.950400352478027,2025-02-12,2025-02-11,ADPT,STOP,1000.0,1000.0,1000.0,1897100.0,-7.876921730116777,7.800000190734863,14797380.36184311,MOMENTUM,2.7261977195739746,15.417170495767834,0.8,POCKET_PIVOT,0.3,0.6146281499692686,7.879847883841687,0.6146281499692686,-0.9996286535263061,LOSS,False,False
300.0,99.0,0.0,5.018543243408203,2295.0,-999.7650218009949,294.0,1000.0,0.9260516166687012,2.3139235973358154,470800.0,1.0,5.018543243408203,6.32542610168457,6.978867530822754,2025-02-20,2025-02-11,ADAM,STOP,1000.0,1000.0,1000.0,470800.0,-7.987052186855916,5.4541707038879395,2567823.567390442,MOMENTUM,2.8885421752929688,55.296251511487306,0.8,CUP_AND_HANDLE,0.3,0.4357298474945534,7.988929411100915,0.4357298474945534,-0.9997650218009949,LOSS,False,False
300.0,155.0,2.0,100.98069763183594,80.0,1822.5689697265625,60.0,1000.0,0.8662437200546265,1.89005446434021,4356500.0,1.0,78.1985855102539,90.72974395751953,100.12811279296875,2025-02-20,2024-03-06,AEP,TP2,1000.0,1000.0,1000.0,4356500.0,29.13366267807324,78.1985855102539,340672137.77542114,MOMENTUM,3.2175452709198,34.183796856106405,0.55,FLAT_BASE,0.2,12.5,15.984943868787651,12.5,1.8225689697265626,WIN,False,False
302.0,74.0,0.0,94.72343444824219,80.0,-23.6785888671875,172.0,1000.0,1.0252341032028198,2.9288125038146973,1085200.0,1.0,95.01941680908203,110.06643676757812,121.3517074584961,2025-02-24,2024-08-15,ACM,STOP,1000.0,1000.0,1000.0,1085200.0,-0.31149671380802824,95.01941680908203,103115071.12121582,MOMENTUM,5.392019748687744,69.54050785973398,0.5,CUP_AND_HANDLE,0.2,12.5,13.155205977653653,12.5,-0.0236785888671875,LOSS,False,False
304.0,77.0,0.0,353.7198791503906,34.0,0.0,262.0,1000.0,2.6619322299957275,1.985504388809204,7013100.0,1.0,353.7198791503906,411.5139465332031,454.8594970703125,2025-02-26,2024-12-23,ACN,STOP,1000.0,1000.0,1000.0,7013100.0,0.0,353.7198791503906,2480672884.4696045,MOMENTUM,-0.45434847474098206,36.11850060459492,0.75,POCKET_PIVOT,0.3,29.41176470588235,8.31498777409041,29.41176470588235,0.0,BE,False,False
307.0,41.0,2.0,137.72396850585938,59.0,1764.3296585083008,172.0,1000.0,0.710930347442627,2.6063170433044434,5822900.0,1.0,107.82007598876953,124.90801239013672,137.72396850585938,2025-03-03,2024-08-15,ABT,TP2,1000.0,1000.0,1000.0,5822900.0,27.73499484474915,107.82007598876953,627825520.4750061,MOMENTUM,3.246581792831421,69.54050785973398,0.7,FLAT_BASE,0.3,16.949152542372882,15.71984844838942,16.949152542372882,1.7643296585083008,WIN,False,False
313.0,1083.0,0.0,4330.15380859375,2.0,-2.4013671875,216.0,1000.0,0.6375812888145447,1.7172307968139648,124000.0,1.0,4331.3544921875,5019.0595703125,5534.83837890625,2025-03-11,2024-10-17,BKNG,STOP,1000.0,1000.0,1000.0,124000.0,-0.027720741766015296,4331.3544921875,537087957.03125,MOMENTUM,3.642975330352783,43.772672309552604,0.0,NONE,0.0,500.0,11.543733049369525,500.0,-0.0024013671875,LOSS,False,False
316.0,41.0,3.0,124.3762435913086,12.0,198.67401123046875,172.0,1000.0,0.710930347442627,2.6063170433044434,5822900.0,1.0,107.82007598876953,124.90801239013672,137.72396850585938,2025-03-14,2024-08-15,ABT,RUNNER,1000.0,1000.0,1000.0,5822900.0,15.355366290284882,107.82007598876953,627825520.4750061,MOMENTUM,3.246581792831421,69.54050785973398,0.7,FLAT_BASE,0.3,83.33333333333333,77.28925487124798,83.33333333333333,0.19867401123046874,WIN,False,False
329.0,70.0,1.0,21.898635864257812,266.0,799.5692481994629,262.0,1000.0,1.448772668838501,3.2893753051757812,9898500.0,1.0,18.892736434936523,21.898635864257812,24.153059005737305,2025-04-02,2024-12-23,ACI,TP1,1000.0,1000.0,1000.0,9898500.0,15.910344378502883,18.892736434936523,187009751.60121918,MOMENTUM,1.7757583856582642,93.76058041112455,0.0,NONE,0.0,3.7593984962406015,19.898644694416564,3.7593984962406015,0.7995692481994628,WIN,False,False
331.0,208.0,0.0,7.952563762664795,1426.0,-1207.1836824417114,294.0,1000.0,0.772845447063446,1.4919178485870361,15229800.0,1.0,8.097952842712402,10.20144271850586,11.253188133239746,2025-04-04,2025-02-11,AGNC,STOP,1000.0,1000.0,1000.0,15229800.0,-9.620879631827394,8.799116134643555,134008778.90739441,MOMENTUM,4.213797092437744,15.417170495767834,0.6,CUP_AND_HANDLE,0.2,0.7012622720897616,7.969689925204847,0.7012622720897616,-1.2071836824417115,LOSS,False,True
331.0,314.0,0.0,317.0856628417969,38.0,-80.5458984375,294.0,1000.0,0.9287373423576355,1.7971028089523315,1573100.0,1.0,319.2052917480469,370.641357421875,409.2184143066406,2025-04-04,2025-02-11,AJG,STOP,1000.0,1000.0,1000.0,1573100.0,-0.6640331351157712,319.2052917480469,502141844.44885254,MOMENTUM,6.4784836769104,15.417170495767834,0.55,FLAT_BASE,0.2,26.31578947368421,8.244158274937254,26.31578947368421,-0.0805458984375,LOSS,False,False
331.0,1231.0,0.0,89.69999694824219,83.0,-149.40025329589844,241.0,1000.0,0.7065512537956238,2.038447380065918,4786800.0,1.0,91.5,105.92720031738281,116.74759674072266,2025-04-04,2024-11-21,BSX,STOP,1000.0,1000.0,1000.0,4786800.0,-1.967216450008538,91.5,437992200.0,MOMENTUM,5.141596794128418,24.02660217654172,0.0,NONE,0.0,12.048192771084338,13.167423793534796,12.048192771084338,-0.14940025329589843,LOSS,False,False
332.0,82.0,0.0,4.504639625549316,1665.0,-1.755387783050537,1.0,1000.0,1.2026829719543457,1.478674054145813,387300.0,0.800000011920929,4.5056939125061035,5.22660493850708,5.7672882080078125,2025-04-07,2023-12-08,ACP,STOP,1000.0,1000.0,1000.0,387300.0,-0.023398991970155967,4.5056939125061035,1745055.252313614,MOMENTUM,5.209792613983154,,0.7,CUP_AND_HANDLE,0.3,0.6006006006006006,13.32981361502521,0.6006006006006006,-0.0017553877830505371,LOSS,False,False
332.0,311.0,0.0,179.33193969726562,41.0,-25.996612548828125,172.0,1000.0,1.192291259765625,2.454481601715088,391000.0,1.0,179.96600341796875,209.06092834472656,230.88214111328125,2025-04-07,2024-08-15,AIZ,STOP,1000.0,1000.0,1000.0,391000.0,-0.3523241660429165,179.96600341796875,70366707.33642578,MOMENTUM,5.616199493408203,69.54050785973398,0.7,CUP_AND_HANDLE,0.3,24.390243902439025,13.552695197544057,24.390243902439025,-0.025996612548828124,LOSS,False,False
333.0,155.0,3.0,98.00981903076172,16.0,316.979736328125,60.0,1000.0,0.8662437200546265,1.89005446434021,4356500.0,1.0,78.1985855102539,90.72974395751953,100.12811279296875,2025-04-08,2024-03-06,AEP,RUNNER,1000.0,1000.0,1000.0,4356500.0,25.33451646374094,78.1985855102539,340672137.77542114,MOMENTUM,3.2175452709198,34.183796856106405,0.55,FLAT_BASE,0.2,62.5,79.92471934393825,62.5,0.316979736328125,WIN,False,False
354.0,1807.0,0.0,22.760000228881836,515.0,-1071.1999607086182,350.0,1000.0,0.8945536017417908,4.847012519836426,1061200.0,1.0,22.898399353027344,28.72319984436035,31.635601043701172,2025-05-08,2025-05-02,CPS,STOP,1000.0,1000.0,1000.0,1061200.0,-8.373590623707607,24.84000015258789,26360208.16192627,MOMENTUM,8.247085571289062,50.012091898428054,0.0,NONE,0.0,1.941747572815534,7.817019166214612,1.941747572815534,-1.0711999607086182,LOSS,False,True
357.0,80.0,0.0,11.899999618530273,953.0,-1143.6007270812988,350.0,1000.0,1.1755017042160034,2.6814427375793457,78500.0,1.0,12.051200866699219,15.197600364685059,16.77079963684082,2025-05-13,2025-05-02,ACNT,STOP,1000.0,1000.0,1000.0,78500.0,-9.160310900730078,13.100000381469727,1028350.0299453735,MOMENTUM,2.2798285484313965,50.012091898428054,0.0,NONE,0.0,1.0493179433368311,8.010060402907447,1.0493179433368311,-1.143600727081299,LOSS,False,True
374.0,119.0,2.0,324.2457275390625,24.0,1709.0009765625,162.0,1000.0,1.939507007598877,1.6455481052398682,3046500.0,1.0,253.037353515625,293.72784423828125,324.2457275390625,2025-06-06,2024-08-01,ADP,TP2,1000.0,1000.0,1000.0,3046500.0,28.141447511242802,253.037353515625,770878297.4853516,MOMENTUM,6.086896896362305,50.012091898428054,0.7,FLAT_BASE,0.3,41.666666666666664,16.46660703953883,41.666666666666664,1.7090009765625,WIN,False,False
375.0,92.0,0.0,33.81842803955078,347.0,-998.1836013793945,350.0,1000.0,0.8390215039253235,3.399793863296509,711700.0,1.0,33.81842803955078,42.4482536315918,46.76316452026367,2025-06-09,2025-05-02,ACT,STOP,1000.0,1000.0,1000.0,711700.0,-7.839233780458291,36.695037841796875,26115858.432006836,MOMENTUM,7.035299777984619,50.012091898428054,0.0,NONE,0.0,2.881844380403458,7.853498864963537,2.881844380403458,-0.9981836013793945,LOSS,False,False
378.0,119.0,3.0,304.64813232421875,6.0,309.6646728515625,162.0,1000.0,1.939507007598877,1.6455481052398682,3046500.0,1.0,253.037353515625,293.72784423828125,324.2457275390625,2025-06-12,2024-08-01,ADP,RUNNER,1000.0,1000.0,1000.0,3046500.0,20.396505927496115,253.037353515625,770878297.4853516,MOMENTUM,6.086896896362305,50.012091898428054,0.7,FLAT_BASE,0.3,166.66666666666666,65.86642815815532,166.66666666666666,0.3096646728515625,WIN,False,False
380.0,2515.0,1.0,2.225600004196167,2617.0,799.7553232908249,350.0,1000.0,0.7260963320732117,3.1017541885375977,10100.0,1.0,1.9199999570846558,2.225600004196167,2.4547998905181885,2025-06-16,2025-05-02,GEF-B,TP1,1000.0,1000.0,1000.0,10100.0,15.916669476156498,1.9199999570846558,19391.999566555023,MOMENTUM,0.9198411107063293,50.012091898428054,0.0,NONE,0.0,0.38211692777990064,19.901923766712486,0.38211692777990064,0.7997553232908249,WIN,False,False
404.0,572.0,1.0,1.840000033378601,3048.0,883.9202470779419,350.0,1000.0,1.3987138271331787,4.4701409339904785,8700.0,1.0,1.5499999523162842,1.812399983406067,2.009199857711792,2025-07-22,2025-05-02,APWC,TP1,1000.0,1000.0,1000.0,8700.0,18.709683224760585,1.5499999523162842,13484.999585151672,MOMENTUM,-0.8317368626594543,50.012091898428054,0.5,CUP_AND_HANDLE,0.2,0.32808398950131235,21.166709651250713,0.32808398950131235,0.8839202470779419,WIN,False,False
404.0,2696.0,0.0,346.1598815917969,36.0,0.0,350.0,1000.0,0.6479012370109558,3.946131467819214,1148000.0,1.0,346.1598815917969,400.7607727050781,441.71142578125,2025-07-22,2025-05-02,HCA,STOP,1000.0,1000.0,1000.0,1148000.0,0.0,346.1598815917969,397391544.0673828,MOMENTUM,3.8908658027648926,50.012091898428054,0.5,CUP_AND_HANDLE,0.2,27.77777777777778,8.024551444275755,27.77777777777778,0.0,BE,False,False
405.0,2504.0,1.0,314.26922607421875,18.0,808.5888061523438,350.0,1000.0,0.7269873023033142,3.2914164066314697,1319900.0,1.0,269.3476257324219,312.2033386230469,344.3450927734375,2025-07-23,2025-05-02,GD,TP1,1000.0,1000.0,1000.0,1319900.0,16.67792697991827,269.3476257324219,355511931.20422363,MOMENTUM,1.279188632965088,50.012091898428054,0.0,NONE,0.0,55.55555555555556,20.625968171980894,55.55555555555556,0.8085888061523437,WIN,False,False
409.0,399.0,0.0,4.035599708557129,2821.0,-999.7628455162048,405.0,1000.0,0.9731975793838501,4.288363933563232,166300.0,1.0,4.035599708557129,5.098799705505371,5.630399703979492,2025-07-29,2025-07-23,ALTI,STOP,1000.0,1000.0,1000.0,166300.0,-8.072896781479427,4.389999866485596,730056.9777965546,MOMENTUM,4.623446941375732,20.278113663845225,0.55,VCP,0.2,0.3544842254519674,8.074811759293945,0.3544842254519674,-0.9997628455162049,LOSS,False,False
