date,ticker,index_member
2019-01-01,AAL,SP500
2019-01-01,AAPL,SP500
2019-01-01,ADBE,SP500
2019-01-01,ADI,SP500
2019-01-01,ADP,SP500
2019-01-01,ADSK,SP500
2019-01-01,ALGN,SP500
2019-01-01,ALXN,SP500
2019-01-01,AMAT,SP500
2019-01-01,AMD,SP500
2019-01-01,AMGN,SP500
2019-01-01,AMZN,SP500
2019-01-01,ASML,SP500
2019-01-01,ATVI,SP500
2019-01-01,AVGO,SP500
2019-01-01,BIDU,SP500
2019-01-01,BIIB,SP500
2019-01-01,BKNG,SP500
2019-01-01,BMRN,SP500
2019-01-01,CDNS,SP500
2019-01-01,CELG,SP500
2019-01-01,CERN,SP500
2019-01-01,CHKP,SP500
2019-01-01,CHTR,SP500
2019-01-01,CMCSA,SP500
2019-01-01,COST,SP500
2019-01-01,CSCO,SP500
2019-01-01,CSX,SP500
2019-01-01,CTAS,SP500
2019-01-01,CTRP,SP500
2019-01-01,CTSH,SP500
2019-01-01,CTXS,SP500
2019-01-01,DLTR,SP500
2019-01-01,EA,SP500
2019-01-01,EBAY,SP500
2019-01-01,EXPE,SP500
2019-01-01,FAST,SP500
2019-01-01,FB,SP500
2019-01-01,FISV,SP500
2019-01-01,FOX,SP500
2019-01-01,FOXA,SP500
2019-01-01,GILD,SP500
2019-01-01,GOOG,SP500
2019-01-01,GOOGL,SP500
2019-01-01,HAS,SP500
2019-01-01,HSIC,SP500
2019-01-01,IDXX,SP500
2019-01-01,ILMN,SP500
2019-01-01,INCY,SP500
2019-01-01,INTC,SP500
2019-01-01,INTU,SP500
2019-01-01,ISRG,SP500
2019-01-01,JBHT,SP500
2019-01-01,JD,SP500
2019-01-01,KHC,SP500
2019-01-01,KLAC,SP500
2019-01-01,LBTYA,SP500
2019-01-01,LBTYK,SP500
2019-01-01,LRCX,SP500
2019-01-01,LULU,SP500
2019-01-01,MAR,SP500
2019-01-01,MCHP,SP500
2019-01-01,MDLZ,SP500
2019-01-01,MELI,SP500
2019-01-01,MNST,SP500
2019-01-01,MSFT,SP500
2019-01-01,MU,SP500
2019-01-01,MXIM,SP500
2019-01-01,MYL,SP500
2019-01-01,NFLX,SP500
2019-01-01,NTAP,SP500
2019-01-01,NTES,SP500
2019-01-01,NVDA,SP500
2019-01-01,NXPI,SP500
2019-01-01,ORLY,SP500
2019-01-01,PAYX,SP500
2019-01-01,PCAR,SP500
2019-01-01,PEP,SP500
2019-01-01,PYPL,SP500
2019-01-01,QCOM,SP500
2019-01-01,REGN,SP500
2019-01-01,ROST,SP500
2019-01-01,SBUX,SP500
2019-01-01,SIRI,SP500
2019-01-01,SNPS,SP500
2019-01-01,SWKS,SP500
2019-01-01,SYMC,SP500
2019-01-01,TMUS,SP500
2019-01-01,TSLA,SP500
2019-01-01,TTWO,SP500
2019-01-01,TXN,SP500
2019-01-01,UAL,SP500
2019-01-01,ULTA,SP500
2019-01-01,VRSK,SP500
2019-01-01,VRSN,SP500
2019-01-01,VRTX,SP500
2019-01-01,WBA,SP500
2019-01-01,WDAY,SP500
2019-01-01,WDC,SP500
2019-01-01,WLTW,SP500
2019-01-01,WYNN,SP500
2019-01-01,XEL,SP500
2019-01-01,XLNX,SP500
2019-02-01,AAL,SP500
2019-02-01,AAPL,SP500
2019-02-01,ADBE,SP500
2019-02-01,ADI,SP500
2019-02-01,ADP,SP500
2019-02-01,ADSK,SP500
2019-02-01,ALGN,SP500
2019-02-01,ALXN,SP500
2019-02-01,AMAT,SP500
2019-02-01,AMD,SP500
2019-02-01,AMGN,SP500
2019-02-01,AMZN,SP500
2019-02-01,ASML,SP500
2019-02-01,ATVI,SP500
2019-02-01,AVGO,SP500
2019-02-01,BIDU,SP500
2019-02-01,BIIB,SP500
2019-02-01,BKNG,SP500
2019-02-01,BMRN,SP500
2019-02-01,CDNS,SP500
2019-02-01,CELG,SP500
2019-02-01,CERN,SP500
2019-02-01,CHKP,SP500
2019-02-01,CHTR,SP500
2019-02-01,CMCSA,SP500
2019-02-01,COST,SP500
2019-02-01,CSCO,SP500
2019-02-01,CSX,SP500
2019-02-01,CTAS,SP500
2019-02-01,CTRP,SP500
2019-02-01,CTSH,SP500
2019-02-01,CTXS,SP500
2019-02-01,DLTR,SP500
2019-02-01,EA,SP500
2019-02-01,EBAY,SP500
2019-02-01,EXPE,SP500
2019-02-01,FAST,SP500
2019-02-01,FB,SP500
2019-02-01,FISV,SP500
2019-02-01,FOX,SP500
2019-02-01,FOXA,SP500
2019-02-01,GILD,SP500
2019-02-01,GOOG,SP500
2019-02-01,GOOGL,SP500
2019-02-01,HAS,SP500
2019-02-01,HSIC,SP500
2019-02-01,IDXX,SP500
2019-02-01,ILMN,SP500
2019-02-01,INCY,SP500
2019-02-01,INTC,SP500
2019-02-01,INTU,SP500
2019-02-01,ISRG,SP500
2019-02-01,JBHT,SP500
2019-02-01,JD,SP500
2019-02-01,KHC,SP500
2019-02-01,KLAC,SP500
2019-02-01,LBTYA,SP500
2019-02-01,LBTYK,SP500
2019-02-01,LRCX,SP500
2019-02-01,LULU,SP500
2019-02-01,MAR,SP500
2019-02-01,MCHP,SP500
2019-02-01,MDLZ,SP500
2019-02-01,MELI,SP500
2019-02-01,MNST,SP500
2019-02-01,MSFT,SP500
2019-02-01,MU,SP500
2019-02-01,MXIM,SP500
2019-02-01,MYL,SP500
2019-02-01,NFLX,SP500
2019-02-01,NTAP,SP500
2019-02-01,NTES,SP500
2019-02-01,NVDA,SP500
2019-02-01,NXPI,SP500
2019-02-01,ORLY,SP500
2019-02-01,PAYX,SP500
2019-02-01,PCAR,SP500
2019-02-01,PEP,SP500
2019-02-01,PYPL,SP500
2019-02-01,QCOM,SP500
2019-02-01,REGN,SP500
2019-02-01,ROST,SP500
2019-02-01,SBUX,SP500
2019-02-01,SIRI,SP500
2019-02-01,SNPS,SP500
2019-02-01,SWKS,SP500
2019-02-01,SYMC,SP500
2019-02-01,TMUS,SP500
2019-02-01,TSLA,SP500
2019-02-01,TTWO,SP500
2019-02-01,TXN,SP500
2019-02-01,UAL,SP500
2019-02-01,ULTA,SP500
2019-02-01,VRSK,SP500
2019-02-01,VRSN,SP500
2019-02-01,VRTX,SP500
2019-02-01,WBA,SP500
2019-02-01,WDAY,SP500
2019-02-01,WDC,SP500
2019-02-01,WLTW,SP500
2019-02-01,WYNN,SP500
2019-02-01,XEL,SP500
2019-02-01,XLNX,SP500
2019-03-01,AAL,SP500
2019-03-01,AAPL,SP500
2019-03-01,ADBE,SP500
2019-03-01,ADI,SP500
2019-03-01,ADP,SP500
2019-03-01,ADSK,SP500
2019-03-01,ALGN,SP500
2019-03-01,ALXN,SP500
2019-03-01,AMAT,SP500
2019-03-01,AMD,SP500
2019-03-01,AMGN,SP500
2019-03-01,AMZN,SP500
2019-03-01,ASML,SP500
2019-03-01,ATVI,SP500
2019-03-01,AVGO,SP500
2019-03-01,BIDU,SP500
2019-03-01,BIIB,SP500
2019-03-01,BKNG,SP500
2019-03-01,BMRN,SP500
2019-03-01,CDNS,SP500
2019-03-01,CELG,SP500
2019-03-01,CERN,SP500
2019-03-01,CHKP,SP500
2019-03-01,CHTR,SP500
2019-03-01,CMCSA,SP500
2019-03-01,COST,SP500
2019-03-01,CSCO,SP500
2019-03-01,CSX,SP500
2019-03-01,CTAS,SP500
2019-03-01,CTRP,SP500
2019-03-01,CTSH,SP500
2019-03-01,CTXS,SP500
2019-03-01,DLTR,SP500
2019-03-01,EA,SP500
2019-03-01,EBAY,SP500
2019-03-01,EXPE,SP500
2019-03-01,FAST,SP500
2019-03-01,FB,SP500
2019-03-01,FISV,SP500
2019-03-01,FOX,SP500
2019-03-01,FOXA,SP500
2019-03-01,GILD,SP500
2019-03-01,GOOG,SP500
2019-03-01,GOOGL,SP500
2019-03-01,HAS,SP500
2019-03-01,HSIC,SP500
2019-03-01,IDXX,SP500
2019-03-01,ILMN,SP500
2019-03-01,INCY,SP500
2019-03-01,INTC,SP500
2019-03-01,INTU,SP500
2019-03-01,ISRG,SP500
2019-03-01,JBHT,SP500
2019-03-01,JD,SP500
2019-03-01,KHC,SP500
2019-03-01,KLAC,SP500
2019-03-01,LBTYA,SP500
2019-03-01,LBTYK,SP500
2019-03-01,LRCX,SP500
2019-03-01,LULU,SP500
2019-03-01,MAR,SP500
2019-03-01,MCHP,SP500
2019-03-01,MDLZ,SP500
2019-03-01,MELI,SP500
2019-03-01,MNST,SP500
2019-03-01,MSFT,SP500
2019-03-01,MU,SP500
2019-03-01,MXIM,SP500
2019-03-01,MYL,SP500
2019-03-01,NFLX,SP500
2019-03-01,NTAP,SP500
2019-03-01,NTES,SP500
2019-03-01,NVDA,SP500
2019-03-01,NXPI,SP500
2019-03-01,ORLY,SP500
2019-03-01,PAYX,SP500
2019-03-01,PCAR,SP500
2019-03-01,PEP,SP500
2019-03-01,PYPL,SP500
2019-03-01,QCOM,SP500
2019-03-01,REGN,SP500
2019-03-01,ROST,SP500
2019-03-01,SBUX,SP500
2019-03-01,SIRI,SP500
2019-03-01,SNPS,SP500
2019-03-01,SWKS,SP500
2019-03-01,SYMC,SP500
2019-03-01,TMUS,SP500
2019-03-01,TSLA,SP500
2019-03-01,TTWO,SP500
2019-03-01,TXN,SP500
2019-03-01,UAL,SP500
2019-03-01,ULTA,SP500
2019-03-01,VRSK,SP500
2019-03-01,VRSN,SP500
2019-03-01,VRTX,SP500
2019-03-01,WBA,SP500
2019-03-01,WDAY,SP500
2019-03-01,WDC,SP500
2019-03-01,WLTW,SP500
2019-03-01,WYNN,SP500
2019-03-01,XEL,SP500
2019-03-01,XLNX,SP500
2019-04-02,AAL,SP500
2019-04-02,AAPL,SP500
2019-04-02,ADBE,SP500
2019-04-02,ADI,SP500
2019-04-02,ADP,SP500
2019-04-02,ADSK,SP500
2019-04-02,ALGN,SP500
2019-04-02,ALXN,SP500
2019-04-02,AMAT,SP500
2019-04-02,AMD,SP500
2019-04-02,AMGN,SP500
2019-04-02,AMZN,SP500
2019-04-02,ASML,SP500
2019-04-02,ATVI,SP500
2019-04-02,AVGO,SP500
2019-04-02,BIDU,SP500
2019-04-02,BIIB,SP500
2019-04-02,BKNG,SP500
2019-04-02,BMRN,SP500
2019-04-02,CDNS,SP500
2019-04-02,CELG,SP500
2019-04-02,CERN,SP500
2019-04-02,CHKP,SP500
2019-04-02,CHTR,SP500
2019-04-02,CMCSA,SP500
2019-04-02,COST,SP500
2019-04-02,CSCO,SP500
2019-04-02,CSX,SP500
2019-04-02,CTAS,SP500
2019-04-02,CTRP,SP500
2019-04-02,CTSH,SP500
2019-04-02,CTXS,SP500
2019-04-02,DIS,SP500
2019-04-02,DLTR,SP500
2019-04-02,EA,SP500
2019-04-02,EBAY,SP500
2019-04-02,EXPE,SP500
2019-04-02,FAST,SP500
2019-04-02,FB,SP500
2019-04-02,FISV,SP500
2019-04-02,FOX,SP500
2019-04-02,FOXA,SP500
2019-04-02,GILD,SP500
2019-04-02,GOOG,SP500
2019-04-02,GOOGL,SP500
2019-04-02,HAS,SP500
2019-04-02,HSIC,SP500
2019-04-02,IDXX,SP500
2019-04-02,ILMN,SP500
2019-04-02,INCY,SP500
2019-04-02,INTC,SP500
2019-04-02,INTU,SP500
2019-04-02,ISRG,SP500
2019-04-02,JBHT,SP500
2019-04-02,JD,SP500
2019-04-02,KHC,SP500
2019-04-02,KLAC,SP500
2019-04-02,LBTYA,SP500
2019-04-02,LBTYK,SP500
2019-04-02,LRCX,SP500
2019-04-02,LULU,SP500
2019-04-02,MAR,SP500
2019-04-02,MCHP,SP500
2019-04-02,MDLZ,SP500
2019-04-02,MELI,SP500
2019-04-02,MNST,SP500
2019-04-02,MSFT,SP500
2019-04-02,MU,SP500
2019-04-02,MXIM,SP500
2019-04-02,MYL,SP500
2019-04-02,NFLX,SP500
2019-04-02,NTAP,SP500
2019-04-02,NTES,SP500
2019-04-02,NVDA,SP500
2019-04-02,NXPI,SP500
2019-04-02,ORLY,SP500
2019-04-02,PAYX,SP500
2019-04-02,PCAR,SP500
2019-04-02,PEP,SP500
2019-04-02,PYPL,SP500
2019-04-02,QCOM,SP500
2019-04-02,REGN,SP500
2019-04-02,ROST,SP500
2019-04-02,SBUX,SP500
2019-04-02,SIRI,SP500
2019-04-02,SNPS,SP500
2019-04-02,SWKS,SP500
2019-04-02,SYMC,SP500
2019-04-02,TMUS,SP500
2019-04-02,TSLA,SP500
2019-04-02,TTWO,SP500
2019-04-02,TXN,SP500
2019-04-02,UAL,SP500
2019-04-02,ULTA,SP500
2019-04-02,VRSK,SP500
2019-04-02,VRSN,SP500
2019-04-02,VRTX,SP500
2019-04-02,WBA,SP500
2019-04-02,WDAY,SP500
2019-04-02,WDC,SP500
2019-04-02,WLTW,SP500
2019-04-02,WYNN,SP500
2019-04-02,XEL,SP500
2019-04-02,XLNX,SP500
2019-05-01,AAL,SP500
2019-05-01,AAPL,SP500
2019-05-01,ADBE,SP500
2019-05-01,ADI,SP500
2019-05-01,ADP,SP500
2019-05-01,ADSK,SP500
2019-05-01,ALGN,SP500
2019-05-01,ALXN,SP500
2019-05-01,AMAT,SP500
2019-05-01,AMD,SP500
2019-05-01,AMGN,SP500
2019-05-01,AMZN,SP500
2019-05-01,ASML,SP500
2019-05-01,ATVI,SP500
2019-05-01,AVGO,SP500
2019-05-01,BIDU,SP500
2019-05-01,BIIB,SP500
2019-05-01,BKNG,SP500
2019-05-01,BMRN,SP500
2019-05-01,CDNS,SP500
2019-05-01,CELG,SP500
2019-05-01,CERN,SP500
2019-05-01,CHKP,SP500
2019-05-01,CHTR,SP500
2019-05-01,CMCSA,SP500
2019-05-01,COST,SP500
2019-05-01,CSCO,SP500
2019-05-01,CSX,SP500
2019-05-01,CTAS,SP500
2019-05-01,CTRP,SP500
2019-05-01,CTSH,SP500
2019-05-01,CTXS,SP500
2019-05-01,DIS,SP500
2019-05-01,DLTR,SP500
2019-05-01,EA,SP500
2019-05-01,EBAY,SP500
2019-05-01,EXPE,SP500
2019-05-01,FAST,SP500
2019-05-01,FB,SP500
2019-05-01,FISV,SP500
2019-05-01,FOX,SP500
2019-05-01,FOXA,SP500
2019-05-01,GILD,SP500
2019-05-01,GOOG,SP500
2019-05-01,GOOGL,SP500
2019-05-01,HAS,SP500
2019-05-01,HSIC,SP500
2019-05-01,IDXX,SP500
2019-05-01,ILMN,SP500
2019-05-01,INCY,SP500
2019-05-01,INTC,SP500
2019-05-01,INTU,SP500
2019-05-01,ISRG,SP500
2019-05-01,JBHT,SP500
2019-05-01,JD,SP500
2019-05-01,KHC,SP500
2019-05-01,KLAC,SP500
2019-05-01,LBTYA,SP500
2019-05-01,LBTYK,SP500
2019-05-01,LRCX,SP500
2019-05-01,LULU,SP500
2019-05-01,MAR,SP500
2019-05-01,MCHP,SP500
2019-05-01,MDLZ,SP500
2019-05-01,MELI,SP500
2019-05-01,MNST,SP500
2019-05-01,MSFT,SP500
2019-05-01,MU,SP500
2019-05-01,MXIM,SP500
2019-05-01,MYL,SP500
2019-05-01,NFLX,SP500
2019-05-01,NTAP,SP500
2019-05-01,NTES,SP500
2019-05-01,NVDA,SP500
2019-05-01,NXPI,SP500
2019-05-01,ORLY,SP500
2019-05-01,PAYX,SP500
2019-05-01,PCAR,SP500
2019-05-01,PEP,SP500
2019-05-01,PYPL,SP500
2019-05-01,QCOM,SP500
2019-05-01,REGN,SP500
2019-05-01,ROST,SP500
2019-05-01,SBUX,SP500
2019-05-01,SIRI,SP500
2019-05-01,SNPS,SP500
2019-05-01,SWKS,SP500
2019-05-01,SYMC,SP500
2019-05-01,TMUS,SP500
2019-05-01,TSLA,SP500
2019-05-01,TTWO,SP500
2019-05-01,TXN,SP500
2019-05-01,UAL,SP500
2019-05-01,ULTA,SP500
2019-05-01,VRSK,SP500
2019-05-01,VRSN,SP500
2019-05-01,VRTX,SP500
2019-05-01,WBA,SP500
2019-05-01,WDAY,SP500
2019-05-01,WDC,SP500
2019-05-01,WLTW,SP500
2019-05-01,WYNN,SP500
2019-05-01,XEL,SP500
2019-05-01,XLNX,SP500
2019-06-07,AAL,SP500
2019-06-07,AAPL,SP500
2019-06-07,ADBE,SP500
2019-06-07,ADI,SP500
2019-06-07,ADP,SP500
2019-06-07,ADSK,SP500
2019-06-07,ALGN,SP500
2019-06-07,ALXN,SP500
2019-06-07,AMAT,SP500
2019-06-07,AMD,SP500
2019-06-07,AMGN,SP500
2019-06-07,AMZN,SP500
2019-06-07,ASML,SP500
2019-06-07,ATVI,SP500
2019-06-07,AVGO,SP500
2019-06-07,BIDU,SP500
2019-06-07,BIIB,SP500
2019-06-07,BKNG,SP500
2019-06-07,BMRN,SP500
2019-06-07,CDNS,SP500
2019-06-07,CELG,SP500
2019-06-07,CERN,SP500
2019-06-07,CHKP,SP500
2019-06-07,CHTR,SP500
2019-06-07,CMCSA,SP500
2019-06-07,COST,SP500
2019-06-07,CSCO,SP500
2019-06-07,CSX,SP500
2019-06-07,CTAS,SP500
2019-06-07,CTRP,SP500
2019-06-07,CTSH,SP500
2019-06-07,CTXS,SP500
2019-06-07,DLTR,SP500
2019-06-07,EA,SP500
2019-06-07,EBAY,SP500
2019-06-07,EXPE,SP500
2019-06-07,FAST,SP500
2019-06-07,FB,SP500
2019-06-07,FISV,SP500
2019-06-07,FOX,SP500
2019-06-07,FOXA,SP500
2019-06-07,GILD,SP500
2019-06-07,GOOG,SP500
2019-06-07,GOOGL,SP500
2019-06-07,HAS,SP500
2019-06-07,HSIC,SP500
2019-06-07,IDXX,SP500
2019-06-07,ILMN,SP500
2019-06-07,INCY,SP500
2019-06-07,INTC,SP500
2019-06-07,INTU,SP500
2019-06-07,ISRG,SP500
2019-06-07,JBHT,SP500
2019-06-07,JD,SP500
2019-06-07,KHC,SP500
2019-06-07,KLAC,SP500
2019-06-07,LBTYA,SP500
2019-06-07,LBTYK,SP500
2019-06-07,LRCX,SP500
2019-06-07,LULU,SP500
2019-06-07,MAR,SP500
2019-06-07,MCHP,SP500
2019-06-07,MDLZ,SP500
2019-06-07,MELI,SP500
2019-06-07,MNST,SP500
2019-06-07,MSFT,SP500
2019-06-07,MU,SP500
2019-06-07,MXIM,SP500
2019-06-07,MYL,SP500
2019-06-07,NFLX,SP500
2019-06-07,NTAP,SP500
2019-06-07,NTES,SP500
2019-06-07,NVDA,SP500
2019-06-07,NXPI,SP500
2019-06-07,ORLY,SP500
2019-06-07,PAYX,SP500
2019-06-07,PCAR,SP500
2019-06-07,PEP,SP500
2019-06-07,PYPL,SP500
2019-06-07,QCOM,SP500
2019-06-07,REGN,SP500
2019-06-07,ROST,SP500
2019-06-07,SBUX,SP500
2019-06-07,SIRI,SP500
2019-06-07,SNPS,SP500
2019-06-07,SWKS,SP500
2019-06-07,SYMC,SP500
2019-06-07,TMUS,SP500
2019-06-07,TSLA,SP500
2019-06-07,TTWO,SP500
2019-06-07,TXN,SP500
2019-06-07,UAL,SP500
2019-06-07,ULTA,SP500
2019-06-07,VRSK,SP500
2019-06-07,VRSN,SP500
2019-06-07,VRTX,SP500
2019-06-07,WBA,SP500
2019-06-07,WDAY,SP500
2019-06-07,WDC,SP500
2019-06-07,WLTW,SP500
2019-06-07,WYNN,SP500
2019-06-07,XEL,SP500
2019-06-07,XLNX,SP500
2019-07-02,AAL,SP500
2019-07-02,AAPL,SP500
2019-07-02,ADBE,SP500
2019-07-02,ADI,SP500
2019-07-02,ADP,SP500
2019-07-02,ADSK,SP500
2019-07-02,ALGN,SP500
2019-07-02,ALXN,SP500
2019-07-02,AMAT,SP500
2019-07-02,AMD,SP500
2019-07-02,AMGN,SP500
2019-07-02,AMZN,SP500
2019-07-02,ASML,SP500
2019-07-02,ATVI,SP500
2019-07-02,AVGO,SP500
2019-07-02,BIDU,SP500
2019-07-02,BIIB,SP500
2019-07-02,BKNG,SP500
2019-07-02,BMRN,SP500
2019-07-02,CDNS,SP500
2019-07-02,CELG,SP500
2019-07-02,CERN,SP500
2019-07-02,CHKP,SP500
2019-07-02,CHTR,SP500
2019-07-02,CMCSA,SP500
2019-07-02,COST,SP500
2019-07-02,CSCO,SP500
2019-07-02,CSX,SP500
2019-07-02,CTAS,SP500
2019-07-02,CTRP,SP500
2019-07-02,CTSH,SP500
2019-07-02,CTXS,SP500
2019-07-02,DLTR,SP500
2019-07-02,EA,SP500
2019-07-02,EBAY,SP500
2019-07-02,EXPE,SP500
2019-07-02,FAST,SP500
2019-07-02,FB,SP500
2019-07-02,FISV,SP500
2019-07-02,FOX,SP500
2019-07-02,FOXA,SP500
2019-07-02,GILD,SP500
2019-07-02,GOOG,SP500
2019-07-02,GOOGL,SP500
2019-07-02,HAS,SP500
2019-07-02,HSIC,SP500
2019-07-02,IDXX,SP500
2019-07-02,ILMN,SP500
2019-07-02,INCY,SP500
2019-07-02,INTC,SP500
2019-07-02,INTU,SP500
2019-07-02,ISRG,SP500
2019-07-02,JBHT,SP500
2019-07-02,JD,SP500
2019-07-02,KHC,SP500
2019-07-02,KLAC,SP500
2019-07-02,LBTYA,SP500
2019-07-02,LBTYK,SP500
2019-07-02,LRCX,SP500
2019-07-02,LULU,SP500
2019-07-02,MAR,SP500
2019-07-02,MCHP,SP500
2019-07-02,MDLZ,SP500
2019-07-02,MELI,SP500
2019-07-02,MNST,SP500
2019-07-02,MSFT,SP500
2019-07-02,MU,SP500
2019-07-02,MXIM,SP500
2019-07-02,MYL,SP500
2019-07-02,NFLX,SP500
2019-07-02,NTAP,SP500
2019-07-02,NTES,SP500
2019-07-02,NVDA,SP500
2019-07-02,NXPI,SP500
2019-07-02,ORLY,SP500
2019-07-02,PAYX,SP500
2019-07-02,PCAR,SP500
2019-07-02,PEP,SP500
2019-07-02,PYPL,SP500
2019-07-02,QCOM,SP500
2019-07-02,REGN,SP500
2019-07-02,ROST,SP500
2019-07-02,SBUX,SP500
2019-07-02,SIRI,SP500
2019-07-02,SNPS,SP500
2019-07-02,SWKS,SP500
2019-07-02,SYMC,SP500
2019-07-02,TMUS,SP500
2019-07-02,TSLA,SP500
2019-07-02,TTWO,SP500
2019-07-02,TXN,SP500
2019-07-02,UAL,SP500
2019-07-02,ULTA,SP500
2019-07-02,VRSK,SP500
2019-07-02,VRSN,SP500
2019-07-02,VRTX,SP500
2019-07-02,WBA,SP500
2019-07-02,WDAY,SP500
2019-07-02,WDC,SP500
2019-07-02,WLTW,SP500
2019-07-02,WYNN,SP500
2019-07-02,XEL,SP500
2019-07-02,XLNX,SP500
2019-08-01,AAL,SP500
2019-08-01,AAPL,SP500
2019-08-01,ADBE,SP500
2019-08-01,ADI,SP500
2019-08-01,ADP,SP500
2019-08-01,ADSK,SP500
2019-08-01,ALGN,SP500
2019-08-01,ALXN,SP500
2019-08-01,AMAT,SP500
2019-08-01,AMD,SP500
2019-08-01,AMGN,SP500
2019-08-01,AMZN,SP500
2019-08-01,ASML,SP500
2019-08-01,ATVI,SP500
2019-08-01,AVGO,SP500
2019-08-01,BIDU,SP500
2019-08-01,BIIB,SP500
2019-08-01,BKNG,SP500
2019-08-01,BMRN,SP500
2019-08-01,CDNS,SP500
2019-08-01,CELG,SP500
2019-08-01,CERN,SP500
2019-08-01,CHKP,SP500
2019-08-01,CHTR,SP500
2019-08-01,CMCSA,SP500
2019-08-01,COST,SP500
2019-08-01,CSCO,SP500
2019-08-01,CSX,SP500
2019-08-01,CTAS,SP500
2019-08-01,CTRP,SP500
2019-08-01,CTSH,SP500
2019-08-01,CTXS,SP500
2019-08-01,DLTR,SP500
2019-08-01,EA,SP500
2019-08-01,EBAY,SP500
2019-08-01,EXPE,SP500
2019-08-01,FAST,SP500
2019-08-01,FB,SP500
2019-08-01,FISV,SP500
2019-08-01,FOX,SP500
2019-08-01,FOXA,SP500
2019-08-01,GILD,SP500
2019-08-01,GOOG,SP500
2019-08-01,GOOGL,SP500
2019-08-01,HAS,SP500
2019-08-01,HSIC,SP500
2019-08-01,IDXX,SP500
2019-08-01,ILMN,SP500
2019-08-01,INCY,SP500
2019-08-01,INTC,SP500
2019-08-01,INTU,SP500
2019-08-01,ISRG,SP500
2019-08-01,JBHT,SP500
2019-08-01,JD,SP500
2019-08-01,KHC,SP500
2019-08-01,KLAC,SP500
2019-08-01,LBTYA,SP500
2019-08-01,LBTYK,SP500
2019-08-01,LRCX,SP500
2019-08-01,LULU,SP500
2019-08-01,MAR,SP500
2019-08-01,MCHP,SP500
2019-08-01,MDLZ,SP500
2019-08-01,MELI,SP500
2019-08-01,MNST,SP500
2019-08-01,MSFT,SP500
2019-08-01,MU,SP500
2019-08-01,MXIM,SP500
2019-08-01,MYL,SP500
2019-08-01,NFLX,SP500
2019-08-01,NTAP,SP500
2019-08-01,NTES,SP500
2019-08-01,NVDA,SP500
2019-08-01,NXPI,SP500
2019-08-01,ORLY,SP500
2019-08-01,PAYX,SP500
2019-08-01,PCAR,SP500
2019-08-01,PEP,SP500
2019-08-01,PYPL,SP500
2019-08-01,QCOM,SP500
2019-08-01,REGN,SP500
2019-08-01,ROST,SP500
2019-08-01,SBUX,SP500
2019-08-01,SIRI,SP500
2019-08-01,SNPS,SP500
2019-08-01,SWKS,SP500
2019-08-01,SYMC,SP500
2019-08-01,TMUS,SP500
2019-08-01,TSLA,SP500
2019-08-01,TTWO,SP500
2019-08-01,TXN,SP500
2019-08-01,UAL,SP500
2019-08-01,ULTA,SP500
2019-08-01,VRSK,SP500
2019-08-01,VRSN,SP500
2019-08-01,VRTX,SP500
2019-08-01,WBA,SP500
2019-08-01,WDAY,SP500
2019-08-01,WDC,SP500
2019-08-01,WLTW,SP500
2019-08-01,WYNN,SP500
2019-08-01,XEL,SP500
2019-08-01,XLNX,SP500
2019-09-04,AAL,SP500
2019-09-04,AAPL,SP500
2019-09-04,ADBE,SP500
2019-09-04,ADI,SP500
2019-09-04,ADP,SP500
2019-09-04,ADSK,SP500
2019-09-04,ALGN,SP500
2019-09-04,ALXN,SP500
2019-09-04,AMAT,SP500
2019-09-04,AMD,SP500
2019-09-04,AMGN,SP500
2019-09-04,AMZN,SP500
2019-09-04,ASML,SP500
2019-09-04,ATVI,SP500
2019-09-04,AVGO,SP500
2019-09-04,BIDU,SP500
2019-09-04,BIIB,SP500
2019-09-04,BKNG,SP500
2019-09-04,BMRN,SP500
2019-09-04,CDNS,SP500
2019-09-04,CELG,SP500
2019-09-04,CERN,SP500
2019-09-04,CHKP,SP500
2019-09-04,CHTR,SP500
2019-09-04,CMCSA,SP500
2019-09-04,COST,SP500
2019-09-04,CSCO,SP500
2019-09-04,CSX,SP500
2019-09-04,CTAS,SP500
2019-09-04,CTRP,SP500
2019-09-04,CTSH,SP500
2019-09-04,CTXS,SP500
2019-09-04,DLTR,SP500
2019-09-04,EA,SP500
2019-09-04,EBAY,SP500
2019-09-04,EXPE,SP500
2019-09-04,FAST,SP500
2019-09-04,FB,SP500
2019-09-04,FISV,SP500
2019-09-04,FOX,SP500
2019-09-04,FOXA,SP500
2019-09-04,GILD,SP500
2019-09-04,GOOG,SP500
2019-09-04,GOOGL,SP500
2019-09-04,HAS,SP500
2019-09-04,HSIC,SP500
2019-09-04,IDXX,SP500
2019-09-04,ILMN,SP500
2019-09-04,INCY,SP500
2019-09-04,INTC,SP500
2019-09-04,INTU,SP500
2019-09-04,ISRG,SP500
2019-09-04,JBHT,SP500
2019-09-04,JD,SP500
2019-09-04,KHC,SP500
2019-09-04,KLAC,SP500
2019-09-04,LBTYA,SP500
2019-09-04,LBTYK,SP500
2019-09-04,LRCX,SP500
2019-09-04,LULU,SP500
2019-09-04,MAR,SP500
2019-09-04,MCHP,SP500
2019-09-04,MDLZ,SP500
2019-09-04,MELI,SP500
2019-09-04,MNST,SP500
2019-09-04,MSFT,SP500
2019-09-04,MU,SP500
2019-09-04,MXIM,SP500
2019-09-04,MYL,SP500
2019-09-04,NFLX,SP500
2019-09-04,NTAP,SP500
2019-09-04,NTES,SP500
2019-09-04,NVDA,SP500
2019-09-04,NXPI,SP500
2019-09-04,ORLY,SP500
2019-09-04,PAYX,SP500
2019-09-04,PCAR,SP500
2019-09-04,PEP,SP500
2019-09-04,PYPL,SP500
2019-09-04,QCOM,SP500
2019-09-04,REGN,SP500
2019-09-04,ROST,SP500
2019-09-04,SBUX,SP500
2019-09-04,SIRI,SP500
2019-09-04,SNPS,SP500
2019-09-04,SWKS,SP500
2019-09-04,SYMC,SP500
2019-09-04,TMUS,SP500
2019-09-04,TSLA,SP500
2019-09-04,TTWO,SP500
2019-09-04,TXN,SP500
2019-09-04,UAL,SP500
2019-09-04,ULTA,SP500
2019-09-04,VRSK,SP500
2019-09-04,VRSN,SP500
2019-09-04,VRTX,SP500
2019-09-04,WBA,SP500
2019-09-04,WDAY,SP500
2019-09-04,WDC,SP500
2019-09-04,WLTW,SP500
2019-09-04,WYNN,SP500
2019-09-04,XEL,SP500
2019-09-04,XLNX,SP500
2019-10-01,AAL,SP500
2019-10-01,AAPL,SP500
2019-10-01,ADBE,SP500
2019-10-01,ADI,SP500
2019-10-01,ADP,SP500
2019-10-01,ADSK,SP500
2019-10-01,ALGN,SP500
2019-10-01,ALXN,SP500
2019-10-01,AMAT,SP500
2019-10-01,AMD,SP500
2019-10-01,AMGN,SP500
2019-10-01,AMZN,SP500
2019-10-01,ASML,SP500
2019-10-01,ATVI,SP500
2019-10-01,AVGO,SP500
2019-10-01,BIDU,SP500
2019-10-01,BIIB,SP500
2019-10-01,BKNG,SP500
2019-10-01,BMRN,SP500
2019-10-01,CDNS,SP500
2019-10-01,CELG,SP500
2019-10-01,CERN,SP500
2019-10-01,CHKP,SP500
2019-10-01,CHTR,SP500
2019-10-01,CMCSA,SP500
2019-10-01,COST,SP500
2019-10-01,CSCO,SP500
2019-10-01,CSX,SP500
2019-10-01,CTAS,SP500
2019-10-01,CTRP,SP500
2019-10-01,CTSH,SP500
2019-10-01,CTXS,SP500
2019-10-01,DLTR,SP500
2019-10-01,EA,SP500
2019-10-01,EBAY,SP500
2019-10-01,EXPE,SP500
2019-10-01,FAST,SP500
2019-10-01,FB,SP500
2019-10-01,FISV,SP500
2019-10-01,FOX,SP500
2019-10-01,FOXA,SP500
2019-10-01,GILD,SP500
2019-10-01,GOOG,SP500
2019-10-01,GOOGL,SP500
2019-10-01,HAS,SP500
2019-10-01,HSIC,SP500
2019-10-01,IDXX,SP500
2019-10-01,ILMN,SP500
2019-10-01,INCY,SP500
2019-10-01,INTC,SP500
2019-10-01,INTU,SP500
2019-10-01,ISRG,SP500
2019-10-01,JBHT,SP500
2019-10-01,JD,SP500
2019-10-01,KHC,SP500
2019-10-01,KLAC,SP500
2019-10-01,LBTYA,SP500
2019-10-01,LBTYK,SP500
2019-10-01,LRCX,SP500
2019-10-01,LULU,SP500
2019-10-01,MAR,SP500
2019-10-01,MCHP,SP500
2019-10-01,MDLZ,SP500
2019-10-01,MELI,SP500
2019-10-01,MNST,SP500
2019-10-01,MSFT,SP500
2019-10-01,MU,SP500
2019-10-01,MXIM,SP500
2019-10-01,MYL,SP500
2019-10-01,NFLX,SP500
2019-10-01,NTAP,SP500
2019-10-01,NTES,SP500
2019-10-01,NVDA,SP500
2019-10-01,NXPI,SP500
2019-10-01,ORLY,SP500
2019-10-01,PAYX,SP500
2019-10-01,PCAR,SP500
2019-10-01,PEP,SP500
2019-10-01,PYPL,SP500
2019-10-01,QCOM,SP500
2019-10-01,REGN,SP500
2019-10-01,ROST,SP500
2019-10-01,SBUX,SP500
2019-10-01,SIRI,SP500
2019-10-01,SNPS,SP500
2019-10-01,SWKS,SP500
2019-10-01,SYMC,SP500
2019-10-01,TMUS,SP500
2019-10-01,TSLA,SP500
2019-10-01,TTWO,SP500
2019-10-01,TXN,SP500
2019-10-01,UAL,SP500
2019-10-01,ULTA,SP500
2019-10-01,VRSK,SP500
2019-10-01,VRSN,SP500
2019-10-01,VRTX,SP500
2019-10-01,WBA,SP500
2019-10-01,WDAY,SP500
2019-10-01,WDC,SP500
2019-10-01,WLTW,SP500
2019-10-01,WYNN,SP500
2019-10-01,XEL,SP500
2019-10-01,XLNX,SP500
2019-11-01,AAL,SP500
2019-11-01,AAPL,SP500
2019-11-01,ADBE,SP500
2019-11-01,ADI,SP500
2019-11-01,ADP,SP500
2019-11-01,ADSK,SP500
2019-11-01,ALGN,SP500
2019-11-01,ALXN,SP500
2019-11-01,AMAT,SP500
2019-11-01,AMD,SP500
2019-11-01,AMGN,SP500
2019-11-01,AMZN,SP500
2019-11-01,ASML,SP500
2019-11-01,ATVI,SP500
2019-11-01,AVGO,SP500
2019-11-01,BIDU,SP500
2019-11-01,BIIB,SP500
2019-11-01,BKNG,SP500
2019-11-01,BMRN,SP500
2019-11-01,CDNS,SP500
2019-11-01,CELG,SP500
2019-11-01,CERN,SP500
2019-11-01,CHKP,SP500
2019-11-01,CHTR,SP500
2019-11-01,CMCSA,SP500
2019-11-01,COST,SP500
2019-11-01,CSCO,SP500
2019-11-01,CSX,SP500
2019-11-01,CTAS,SP500
2019-11-01,CTRP,SP500
2019-11-01,CTSH,SP500
2019-11-01,CTXS,SP500
2019-11-01,DLTR,SP500
2019-11-01,EA,SP500
2019-11-01,EBAY,SP500
2019-11-01,EXPE,SP500
2019-11-01,FAST,SP500
2019-11-01,FB,SP500
2019-11-01,FISV,SP500
2019-11-01,FOX,SP500
2019-11-01,FOXA,SP500
2019-11-01,GILD,SP500
2019-11-01,GOOG,SP500
2019-11-01,GOOGL,SP500
2019-11-01,HAS,SP500
2019-11-01,HSIC,SP500
2019-11-01,IDXX,SP500
2019-11-01,ILMN,SP500
2019-11-01,INCY,SP500
2019-11-01,INTC,SP500
2019-11-01,INTU,SP500
2019-11-01,ISRG,SP500
2019-11-01,JBHT,SP500
2019-11-01,JD,SP500
2019-11-01,KHC,SP500
2019-11-01,KLAC,SP500
2019-11-01,LBTYA,SP500
2019-11-01,LBTYK,SP500
2019-11-01,LRCX,SP500
2019-11-01,LULU,SP500
2019-11-01,MAR,SP500
2019-11-01,MCHP,SP500
2019-11-01,MDLZ,SP500
2019-11-01,MELI,SP500
2019-11-01,MNST,SP500
2019-11-01,MSFT,SP500
2019-11-01,MU,SP500
2019-11-01,MXIM,SP500
2019-11-01,MYL,SP500
2019-11-01,NFLX,SP500
2019-11-01,NTAP,SP500
2019-11-01,NTES,SP500
2019-11-01,NVDA,SP500
2019-11-01,NXPI,SP500
2019-11-01,ORLY,SP500
2019-11-01,PAYX,SP500
2019-11-01,PCAR,SP500
2019-11-01,PEP,SP500
2019-11-01,PYPL,SP500
2019-11-01,QCOM,SP500
2019-11-01,REGN,SP500
2019-11-01,ROST,SP500
2019-11-01,SBUX,SP500
2019-11-01,SIRI,SP500
2019-11-01,SNPS,SP500
2019-11-01,SWKS,SP500
2019-11-01,SYMC,SP500
2019-11-01,TMUS,SP500
2019-11-01,TSLA,SP500
2019-11-01,TTWO,SP500
2019-11-01,TXN,SP500
2019-11-01,UAL,SP500
2019-11-01,ULTA,SP500
2019-11-01,VRSK,SP500
2019-11-01,VRSN,SP500
2019-11-01,VRTX,SP500
2019-11-01,WBA,SP500
2019-11-01,WDAY,SP500
2019-11-01,WDC,SP500
2019-11-01,WLTW,SP500
2019-11-01,WYNN,SP500
2019-11-01,XEL,SP500
2019-11-01,XLNX,SP500
2019-12-03,AAL,SP500
2019-12-03,AAPL,SP500
2019-12-03,ADBE,SP500
2019-12-03,ADI,SP500
2019-12-03,ADP,SP500
2019-12-03,ADSK,SP500
2019-12-03,ALGN,SP500
2019-12-03,ALXN,SP500
2019-12-03,AMAT,SP500
2019-12-03,AMD,SP500
2019-12-03,AMGN,SP500
2019-12-03,AMZN,SP500
2019-12-03,ASML,SP500
2019-12-03,ATVI,SP500
2019-12-03,AVGO,SP500
2019-12-03,BIDU,SP500
2019-12-03,BIIB,SP500
2019-12-03,BKNG,SP500
2019-12-03,BMRN,SP500
2019-12-03,CDNS,SP500
2019-12-03,CERN,SP500
2019-12-03,CHKP,SP500
2019-12-03,CHTR,SP500
2019-12-03,CMCSA,SP500
2019-12-03,COST,SP500
2019-12-03,CSCO,SP500
2019-12-03,CSX,SP500
2019-12-03,CTAS,SP500
2019-12-03,CTSH,SP500
2019-12-03,CTXS,SP500
2019-12-03,DLTR,SP500
2019-12-03,EA,SP500
2019-12-03,EBAY,SP500
2019-12-03,EXC,SP500
2019-12-03,EXPE,SP500
2019-12-03,FAST,SP500
2019-12-03,FB,SP500
2019-12-03,FISV,SP500
2019-12-03,FOX,SP500
2019-12-03,FOXA,SP500
2019-12-03,GILD,SP500
2019-12-03,GOOG,SP500
2019-12-03,GOOGL,SP500
2019-12-03,HAS,SP500
2019-12-03,HSIC,SP500
2019-12-03,IDXX,SP500
2019-12-03,ILMN,SP500
2019-12-03,INCY,SP500
2019-12-03,INTC,SP500
2019-12-03,INTU,SP500
2019-12-03,ISRG,SP500
2019-12-03,JBHT,SP500
2019-12-03,JD,SP500
2019-12-03,KHC,SP500
2019-12-03,KLAC,SP500
2019-12-03,LBTYA,SP500
2019-12-03,LBTYK,SP500
2019-12-03,LRCX,SP500
2019-12-03,LULU,SP500
2019-12-03,MAR,SP500
2019-12-03,MCHP,SP500
2019-12-03,MDLZ,SP500
2019-12-03,MELI,SP500
2019-12-03,MNST,SP500
2019-12-03,MSFT,SP500
2019-12-03,MU,SP500
2019-12-03,MXIM,SP500
2019-12-03,MYL,SP500
2019-12-03,NFLX,SP500
2019-12-03,NLOK,SP500
2019-12-03,NTAP,SP500
2019-12-03,NTES,SP500
2019-12-03,NVDA,SP500
2019-12-03,NXPI,SP500
2019-12-03,ORLY,SP500
2019-12-03,PAYX,SP500
2019-12-03,PCAR,SP500
2019-12-03,PEP,SP500
2019-12-03,PYPL,SP500
2019-12-03,QCOM,SP500
2019-12-03,REGN,SP500
2019-12-03,ROST,SP500
2019-12-03,SBUX,SP500
2019-12-03,SIRI,SP500
2019-12-03,SNPS,SP500
2019-12-03,SWKS,SP500
2019-12-03,TCOM,SP500
2019-12-03,TMUS,SP500
2019-12-03,TSLA,SP500
2019-12-03,TTWO,SP500
2019-12-03,TXN,SP500
2019-12-03,UAL,SP500
2019-12-03,ULTA,SP500
2019-12-03,VRSK,SP500
2019-12-03,VRSN,SP500
2019-12-03,VRTX,SP500
2019-12-03,WBA,SP500
2019-12-03,WDAY,SP500
2019-12-03,WDC,SP500
2019-12-03,WLTW,SP500
2019-12-03,WYNN,SP500
2019-12-03,XEL,SP500
2019-12-03,XLNX,SP500
2020-01-01,AAL,SP500
2020-01-01,AAPL,SP500
2020-01-01,ADBE,SP500
2020-01-01,ADI,SP500
2020-01-01,ADP,SP500
2020-01-01,ADSK,SP500
2020-01-01,ALGN,SP500
2020-01-01,ALXN,SP500
2020-01-01,AMAT,SP500
2020-01-01,AMD,SP500
2020-01-01,AMGN,SP500
2020-01-01,AMZN,SP500
2020-01-01,ANSS,SP500
2020-01-01,ASML,SP500
2020-01-01,ATVI,SP500
2020-01-01,AVGO,SP500
2020-01-01,BIDU,SP500
2020-01-01,BIIB,SP500
2020-01-01,BKNG,SP500
2020-01-01,BMRN,SP500
2020-01-01,CDNS,SP500
2020-01-01,CDW,SP500
2020-01-01,CERN,SP500
2020-01-01,CHKP,SP500
2020-01-01,CHTR,SP500
2020-01-01,CMCSA,SP500
2020-01-01,COST,SP500
2020-01-01,CPRT,SP500
2020-01-01,CSCO,SP500
2020-01-01,CSGP,SP500
2020-01-01,CSX,SP500
2020-01-01,CTAS,SP500
2020-01-01,CTSH,SP500
2020-01-01,CTXS,SP500
2020-01-01,DLTR,SP500
2020-01-01,EA,SP500
2020-01-01,EBAY,SP500
2020-01-01,EXC,SP500
2020-01-01,EXPE,SP500
2020-01-01,FAST,SP500
2020-01-01,FB,SP500
2020-01-01,FISV,SP500
2020-01-01,FOX,SP500
2020-01-01,FOXA,SP500
2020-01-01,GILD,SP500
2020-01-01,GOOG,SP500
2020-01-01,GOOGL,SP500
2020-01-01,IDXX,SP500
2020-01-01,ILMN,SP500
2020-01-01,INCY,SP500
2020-01-01,INTC,SP500
2020-01-01,INTU,SP500
2020-01-01,ISRG,SP500
2020-01-01,JD,SP500
2020-01-01,KHC,SP500
2020-01-01,KLAC,SP500
2020-01-01,LBTYA,SP500
2020-01-01,LBTYK,SP500
2020-01-01,LRCX,SP500
2020-01-01,LULU,SP500
2020-01-01,MAR,SP500
2020-01-01,MCHP,SP500
2020-01-01,MDLZ,SP500
2020-01-01,MELI,SP500
2020-01-01,MNST,SP500
2020-01-01,MSFT,SP500
2020-01-01,MU,SP500
2020-01-01,MXIM,SP500
2020-01-01,NFLX,SP500
2020-01-01,NTAP,SP500
2020-01-01,NTES,SP500
2020-01-01,NVDA,SP500
2020-01-01,NXPI,SP500
2020-01-01,ORLY,SP500
2020-01-01,PAYX,SP500
2020-01-01,PCAR,SP500
2020-01-01,PEP,SP500
2020-01-01,PYPL,SP500
2020-01-01,QCOM,SP500
2020-01-01,REGN,SP500
2020-01-01,ROST,SP500
2020-01-01,SBUX,SP500
2020-01-01,SGEN,SP500
2020-01-01,SIRI,SP500
2020-01-01,SNPS,SP500
2020-01-01,SPLK,SP500
2020-01-01,SWKS,SP500
2020-01-01,TCOM,SP500
2020-01-01,TMUS,SP500
2020-01-01,TSLA,SP500
2020-01-01,TTWO,SP500
2020-01-01,TXN,SP500
2020-01-01,UAL,SP500
2020-01-01,ULTA,SP500
2020-01-01,VRSK,SP500
2020-01-01,VRSN,SP500
2020-01-01,VRTX,SP500
2020-01-01,WBA,SP500
2020-01-01,WDAY,SP500
2020-01-01,WDC,SP500
2020-01-01,WLTW,SP500
2020-01-01,XEL,SP500
2020-01-01,XLNX,SP500
2020-02-12,AAL,SP500
2020-02-12,AAPL,SP500
2020-02-12,ADBE,SP500
2020-02-12,ADI,SP500
2020-02-12,ADP,SP500
2020-02-12,ADSK,SP500
2020-02-12,ALGN,SP500
2020-02-12,ALXN,SP500
2020-02-12,AMAT,SP500
2020-02-12,AMD,SP500
2020-02-12,AMGN,SP500
2020-02-12,AMZN,SP500
2020-02-12,ANSS,SP500
2020-02-12,ASML,SP500
2020-02-12,ATVI,SP500
2020-02-12,AVGO,SP500
2020-02-12,BIDU,SP500
2020-02-12,BIIB,SP500
2020-02-12,BKNG,SP500
2020-02-12,BMRN,SP500
2020-02-12,CDNS,SP500
2020-02-12,CDW,SP500
2020-02-12,CERN,SP500
2020-02-12,CHKP,SP500
2020-02-12,CHTR,SP500
2020-02-12,CMCSA,SP500
2020-02-12,COST,SP500
2020-02-12,CPRT,SP500
2020-02-12,CSCO,SP500
2020-02-12,CSGP,SP500
2020-02-12,CSX,SP500
2020-02-12,CTAS,SP500
2020-02-12,CTSH,SP500
2020-02-12,CTXS,SP500
2020-02-12,DLTR,SP500
2020-02-12,EA,SP500
2020-02-12,EBAY,SP500
2020-02-12,EXC,SP500
2020-02-12,EXPE,SP500
2020-02-12,FAST,SP500
2020-02-12,FB,SP500
2020-02-12,FISV,SP500
2020-02-12,FOX,SP500
2020-02-12,FOXA,SP500
2020-02-12,GILD,SP500
2020-02-12,GOOG,SP500
2020-02-12,GOOGL,SP500
2020-02-12,IDXX,SP500
2020-02-12,ILMN,SP500
2020-02-12,INCY,SP500
2020-02-12,INTC,SP500
2020-02-12,INTU,SP500
2020-02-12,ISRG,SP500
2020-02-12,JD,SP500
2020-02-12,KHC,SP500
2020-02-12,KLAC,SP500
2020-02-12,LBTYA,SP500
2020-02-12,LBTYK,SP500
2020-02-12,LRCX,SP500
2020-02-12,LULU,SP500
2020-02-12,MAR,SP500
2020-02-12,MCHP,SP500
2020-02-12,MDLZ,SP500
2020-02-12,MELI,SP500
2020-02-12,MNST,SP500
2020-02-12,MSFT,SP500
2020-02-12,MU,SP500
2020-02-12,MXIM,SP500
2020-02-12,NFLX,SP500
2020-02-12,NTAP,SP500
2020-02-12,NTES,SP500
2020-02-12,NVDA,SP500
2020-02-12,NXPI,SP500
2020-02-12,ORLY,SP500
2020-02-12,PAYX,SP500
2020-02-12,PCAR,SP500
2020-02-12,PEP,SP500
2020-02-12,PYPL,SP500
2020-02-12,QCOM,SP500
2020-02-12,REGN,SP500
2020-02-12,ROST,SP500
2020-02-12,SBUX,SP500
2020-02-12,SGEN,SP500
2020-02-12,SIRI,SP500
2020-02-12,SNPS,SP500
2020-02-12,SPLK,SP500
2020-02-12,SWKS,SP500
2020-02-12,TCOM,SP500
2020-02-12,TMUS,SP500
2020-02-12,TSLA,SP500
2020-02-12,TTWO,SP500
2020-02-12,TXN,SP500
2020-02-12,UAL,SP500
2020-02-12,ULTA,SP500
2020-02-12,VRSK,SP500
2020-02-12,VRSN,SP500
2020-02-12,VRTX,SP500
2020-02-12,WBA,SP500
2020-02-12,WDAY,SP500
2020-02-12,WDC,SP500
2020-02-12,WLTW,SP500
2020-02-12,XEL,SP500
2020-02-12,XLNX,SP500
2020-03-03,AAL,SP500
2020-03-03,AAPL,SP500
2020-03-03,ADBE,SP500
2020-03-03,ADI,SP500
2020-03-03,ADP,SP500
2020-03-03,ADSK,SP500
2020-03-03,ALGN,SP500
2020-03-03,ALXN,SP500
2020-03-03,AMAT,SP500
2020-03-03,AMD,SP500
2020-03-03,AMGN,SP500
2020-03-03,AMZN,SP500
2020-03-03,ANSS,SP500
2020-03-03,ASML,SP500
2020-03-03,ATVI,SP500
2020-03-03,AVGO,SP500
2020-03-03,BIDU,SP500
2020-03-03,BIIB,SP500
2020-03-03,BKNG,SP500
2020-03-03,BMRN,SP500
2020-03-03,CDNS,SP500
2020-03-03,CDW,SP500
2020-03-03,CERN,SP500
2020-03-03,CHKP,SP500
2020-03-03,CHTR,SP500
2020-03-03,CMCSA,SP500
2020-03-03,COST,SP500
2020-03-03,CPRT,SP500
2020-03-03,CSCO,SP500
2020-03-03,CSGP,SP500
2020-03-03,CSX,SP500
2020-03-03,CTAS,SP500
2020-03-03,CTSH,SP500
2020-03-03,CTXS,SP500
2020-03-03,DLTR,SP500
2020-03-03,EA,SP500
2020-03-03,EBAY,SP500
2020-03-03,EXC,SP500
2020-03-03,EXPE,SP500
2020-03-03,FAST,SP500
2020-03-03,FB,SP500
2020-03-03,FISV,SP500
2020-03-03,FOX,SP500
2020-03-03,FOXA,SP500
2020-03-03,GILD,SP500
2020-03-03,GOOG,SP500
2020-03-03,GOOGL,SP500
2020-03-03,IDXX,SP500
2020-03-03,ILMN,SP500
2020-03-03,INCY,SP500
2020-03-03,INTC,SP500
2020-03-03,INTU,SP500
2020-03-03,ISRG,SP500
2020-03-03,JD,SP500
2020-03-03,KHC,SP500
2020-03-03,KLAC,SP500
2020-03-03,LBTYA,SP500
2020-03-03,LBTYK,SP500
2020-03-03,LRCX,SP500
2020-03-03,LULU,SP500
2020-03-03,MAR,SP500
2020-03-03,MCHP,SP500
2020-03-03,MDLZ,SP500
2020-03-03,MELI,SP500
2020-03-03,MNST,SP500
2020-03-03,MSFT,SP500
2020-03-03,MU,SP500
2020-03-03,MXIM,SP500
2020-03-03,NFLX,SP500
2020-03-03,NTAP,SP500
2020-03-03,NTES,SP500
2020-03-03,NVDA,SP500
2020-03-03,NXPI,SP500
2020-03-03,ORLY,SP500
2020-03-03,PAYX,SP500
2020-03-03,PCAR,SP500
2020-03-03,PEP,SP500
2020-03-03,PYPL,SP500
2020-03-03,QCOM,SP500
2020-03-03,REGN,SP500
2020-03-03,ROST,SP500
2020-03-03,SBUX,SP500
2020-03-03,SGEN,SP500
2020-03-03,SIRI,SP500
2020-03-03,SNPS,SP500
2020-03-03,SPLK,SP500
2020-03-03,SWKS,SP500
2020-03-03,TCOM,SP500
2020-03-03,TMUS,SP500
2020-03-03,TSLA,SP500
2020-03-03,TTWO,SP500
2020-03-03,TXN,SP500
2020-03-03,UAL,SP500
2020-03-03,ULTA,SP500
2020-03-03,VRSK,SP500
2020-03-03,VRSN,SP500
2020-03-03,VRTX,SP500
2020-03-03,WBA,SP500
2020-03-03,WDAY,SP500
2020-03-03,WDC,SP500
2020-03-03,WLTW,SP500
2020-03-03,XEL,SP500
2020-03-03,XLNX,SP500
2020-04-01,AAL,SP500
2020-04-01,AAPL,SP500
2020-04-01,ADBE,SP500
2020-04-01,ADI,SP500
2020-04-01,ADP,SP500
2020-04-01,ADSK,SP500
2020-04-01,ALGN,SP500
2020-04-01,ALXN,SP500
2020-04-01,AMAT,SP500
2020-04-01,AMD,SP500
2020-04-01,AMGN,SP500
2020-04-01,AMZN,SP500
2020-04-01,ANSS,SP500
2020-04-01,ASML,SP500
2020-04-01,ATVI,SP500
2020-04-01,AVGO,SP500
2020-04-01,BIDU,SP500
2020-04-01,BIIB,SP500
2020-04-01,BKNG,SP500
2020-04-01,BMRN,SP500
2020-04-01,CDNS,SP500
2020-04-01,CDW,SP500
2020-04-01,CERN,SP500
2020-04-01,CHKP,SP500
2020-04-01,CHTR,SP500
2020-04-01,CMCSA,SP500
2020-04-01,COST,SP500
2020-04-01,CPRT,SP500
2020-04-01,CSCO,SP500
2020-04-01,CSGP,SP500
2020-04-01,CSX,SP500
2020-04-01,CTAS,SP500
2020-04-01,CTSH,SP500
2020-04-01,CTXS,SP500
2020-04-01,DLTR,SP500
2020-04-01,EA,SP500
2020-04-01,EBAY,SP500
2020-04-01,EXC,SP500
2020-04-01,EXPE,SP500
2020-04-01,FAST,SP500
2020-04-01,FB,SP500
2020-04-01,FISV,SP500
2020-04-01,FOX,SP500
2020-04-01,FOXA,SP500
2020-04-01,GILD,SP500
2020-04-01,GOOG,SP500
2020-04-01,GOOGL,SP500
2020-04-01,IDXX,SP500
2020-04-01,ILMN,SP500
2020-04-01,INCY,SP500
2020-04-01,INTC,SP500
2020-04-01,INTU,SP500
2020-04-01,ISRG,SP500
2020-04-01,JD,SP500
2020-04-01,KHC,SP500
2020-04-01,KLAC,SP500
2020-04-01,LBTYA,SP500
2020-04-01,LBTYK,SP500
2020-04-01,LRCX,SP500
2020-04-01,LULU,SP500
2020-04-01,MAR,SP500
2020-04-01,MCHP,SP500
2020-04-01,MDLZ,SP500
2020-04-01,MELI,SP500
2020-04-01,MNST,SP500
2020-04-01,MSFT,SP500
2020-04-01,MU,SP500
2020-04-01,MXIM,SP500
2020-04-01,NFLX,SP500
2020-04-01,NTAP,SP500
2020-04-01,NTES,SP500
2020-04-01,NVDA,SP500
2020-04-01,NXPI,SP500
2020-04-01,ORLY,SP500
2020-04-01,PAYX,SP500
2020-04-01,PCAR,SP500
2020-04-01,PEP,SP500
2020-04-01,PYPL,SP500
2020-04-01,QCOM,SP500
2020-04-01,REGN,SP500
2020-04-01,ROST,SP500
2020-04-01,SBUX,SP500
2020-04-01,SGEN,SP500
2020-04-01,SIRI,SP500
2020-04-01,SNPS,SP500
2020-04-01,SPLK,SP500
2020-04-01,SWKS,SP500
2020-04-01,TCOM,SP500
2020-04-01,TMUS,SP500
2020-04-01,TSLA,SP500
2020-04-01,TTWO,SP500
2020-04-01,TXN,SP500
2020-04-01,UAL,SP500
2020-04-01,ULTA,SP500
2020-04-01,VRSK,SP500
2020-04-01,VRSN,SP500
2020-04-01,VRTX,SP500
2020-04-01,WBA,SP500
2020-04-01,WDAY,SP500
2020-04-01,WDC,SP500
2020-04-01,WLTW,SP500
2020-04-01,XEL,SP500
2020-04-01,XLNX,SP500
2020-05-01,AAPL,SP500
2020-05-01,ADBE,SP500
2020-05-01,ADI,SP500
2020-05-01,ADP,SP500
2020-05-01,ADSK,SP500
2020-05-01,ALGN,SP500
2020-05-01,ALXN,SP500
2020-05-01,AMAT,SP500
2020-05-01,AMD,SP500
2020-05-01,AMGN,SP500
2020-05-01,AMZN,SP500
2020-05-01,ANSS,SP500
2020-05-01,ASML,SP500
2020-05-01,ATVI,SP500
2020-05-01,AVGO,SP500
2020-05-01,BIDU,SP500
2020-05-01,BIIB,SP500
2020-05-01,BKNG,SP500
2020-05-01,BMRN,SP500
2020-05-01,CDNS,SP500
2020-05-01,CDW,SP500
2020-05-01,CERN,SP500
2020-05-01,CHKP,SP500
2020-05-01,CHTR,SP500
2020-05-01,CMCSA,SP500
2020-05-01,COST,SP500
2020-05-01,CPRT,SP500
2020-05-01,CSCO,SP500
2020-05-01,CSGP,SP500
2020-05-01,CSX,SP500
2020-05-01,CTAS,SP500
2020-05-01,CTSH,SP500
2020-05-01,CTXS,SP500
2020-05-01,DLTR,SP500
2020-05-01,DXCM,SP500
2020-05-01,EA,SP500
2020-05-01,EBAY,SP500
2020-05-01,EXC,SP500
2020-05-01,EXPE,SP500
2020-05-01,FAST,SP500
2020-05-01,FB,SP500
2020-05-01,FISV,SP500
2020-05-01,FOX,SP500
2020-05-01,FOXA,SP500
2020-05-01,GILD,SP500
2020-05-01,GOOG,SP500
2020-05-01,GOOGL,SP500
2020-05-01,IDXX,SP500
2020-05-01,ILMN,SP500
2020-05-01,INCY,SP500
2020-05-01,INTC,SP500
2020-05-01,INTU,SP500
2020-05-01,ISRG,SP500
2020-05-01,JD,SP500
2020-05-01,KHC,SP500
2020-05-01,KLAC,SP500
2020-05-01,LBTYA,SP500
2020-05-01,LBTYK,SP500
2020-05-01,LRCX,SP500
2020-05-01,LULU,SP500
2020-05-01,MAR,SP500
2020-05-01,MCHP,SP500
2020-05-01,MDLZ,SP500
2020-05-01,MELI,SP500
2020-05-01,MNST,SP500
2020-05-01,MSFT,SP500
2020-05-01,MU,SP500
2020-05-01,MXIM,SP500
2020-05-01,NFLX,SP500
2020-05-01,NTAP,SP500
2020-05-01,NTES,SP500
2020-05-01,NVDA,SP500
2020-05-01,NXPI,SP500
2020-05-01,ORLY,SP500
2020-05-01,PAYX,SP500
2020-05-01,PCAR,SP500
2020-05-01,PEP,SP500
2020-05-01,PYPL,SP500
2020-05-01,QCOM,SP500
2020-05-01,REGN,SP500
2020-05-01,ROST,SP500
2020-05-01,SBUX,SP500
2020-05-01,SGEN,SP500
2020-05-01,SIRI,SP500
2020-05-01,SNPS,SP500
2020-05-01,SPLK,SP500
2020-05-01,SWKS,SP500
2020-05-01,TCOM,SP500
2020-05-01,TMUS,SP500
2020-05-01,TSLA,SP500
2020-05-01,TTWO,SP500
2020-05-01,TXN,SP500
2020-05-01,UAL,SP500
2020-05-01,ULTA,SP500
2020-05-01,VRSK,SP500
2020-05-01,VRSN,SP500
2020-05-01,VRTX,SP500
2020-05-01,WBA,SP500
2020-05-01,WDAY,SP500
2020-05-01,WDC,SP500
2020-05-01,WLTW,SP500
2020-05-01,XEL,SP500
2020-05-01,XLNX,SP500
2020-06-03,AAPL,SP500
2020-06-03,ADBE,SP500
2020-06-03,ADI,SP500
2020-06-03,ADP,SP500
2020-06-03,ADSK,SP500
2020-06-03,ALGN,SP500
2020-06-03,ALXN,SP500
2020-06-03,AMAT,SP500
2020-06-03,AMD,SP500
2020-06-03,AMGN,SP500
2020-06-03,AMZN,SP500
2020-06-03,ANSS,SP500
2020-06-03,ASML,SP500
2020-06-03,ATVI,SP500
2020-06-03,AVGO,SP500
2020-06-03,BIDU,SP500
2020-06-03,BIIB,SP500
2020-06-03,BKNG,SP500
2020-06-03,BMRN,SP500
2020-06-03,CDNS,SP500
2020-06-03,CDW,SP500
2020-06-03,CERN,SP500
2020-06-03,CHKP,SP500
2020-06-03,CHTR,SP500
2020-06-03,CMCSA,SP500
2020-06-03,COST,SP500
2020-06-03,CPRT,SP500
2020-06-03,CSCO,SP500
2020-06-03,CSGP,SP500
2020-06-03,CSX,SP500
2020-06-03,CTAS,SP500
2020-06-03,CTSH,SP500
2020-06-03,CTXS,SP500
2020-06-03,DLTR,SP500
2020-06-03,DXCM,SP500
2020-06-03,EA,SP500
2020-06-03,EBAY,SP500
2020-06-03,EXC,SP500
2020-06-03,EXPE,SP500
2020-06-03,FAST,SP500
2020-06-03,FB,SP500
2020-06-03,FISV,SP500
2020-06-03,FOX,SP500
2020-06-03,FOXA,SP500
2020-06-03,GILD,SP500
2020-06-03,GOOG,SP500
2020-06-03,GOOGL,SP500
2020-06-03,IDXX,SP500
2020-06-03,ILMN,SP500
2020-06-03,INCY,SP500
2020-06-03,INTC,SP500
2020-06-03,INTU,SP500
2020-06-03,ISRG,SP500
2020-06-03,JD,SP500
2020-06-03,KHC,SP500
2020-06-03,KLAC,SP500
2020-06-03,LBTYA,SP500
2020-06-03,LBTYK,SP500
2020-06-03,LRCX,SP500
2020-06-03,LULU,SP500
2020-06-03,MAR,SP500
2020-06-03,MCHP,SP500
2020-06-03,MDLZ,SP500
2020-06-03,MELI,SP500
2020-06-03,MNST,SP500
2020-06-03,MSFT,SP500
2020-06-03,MU,SP500
2020-06-03,MXIM,SP500
2020-06-03,NFLX,SP500
2020-06-03,NTAP,SP500
2020-06-03,NTES,SP500
2020-06-03,NVDA,SP500
2020-06-03,NXPI,SP500
2020-06-03,ORLY,SP500
2020-06-03,PAYX,SP500
2020-06-03,PCAR,SP500
2020-06-03,PEP,SP500
2020-06-03,PYPL,SP500
2020-06-03,QCOM,SP500
2020-06-03,REGN,SP500
2020-06-03,ROST,SP500
2020-06-03,SBUX,SP500
2020-06-03,SGEN,SP500
2020-06-03,SIRI,SP500
2020-06-03,SNPS,SP500
2020-06-03,SPLK,SP500
2020-06-03,SWKS,SP500
2020-06-03,TCOM,SP500
2020-06-03,TMUS,SP500
2020-06-03,TSLA,SP500
2020-06-03,TTWO,SP500
2020-06-03,TXN,SP500
2020-06-03,UAL,SP500
2020-06-03,ULTA,SP500
2020-06-03,VRSK,SP500
2020-06-03,VRSN,SP500
2020-06-03,VRTX,SP500
2020-06-03,WBA,SP500
2020-06-03,WDAY,SP500
2020-06-03,WDC,SP500
2020-06-03,XEL,SP500
2020-06-03,XLNX,SP500
2020-06-03,ZM,SP500
2020-07-01,AAPL,SP500
2020-07-01,ADBE,SP500
2020-07-01,ADI,SP500
2020-07-01,ADP,SP500
2020-07-01,ADSK,SP500
2020-07-01,ALGN,SP500
2020-07-01,ALXN,SP500
2020-07-01,AMAT,SP500
2020-07-01,AMD,SP500
2020-07-01,AMGN,SP500
2020-07-01,AMZN,SP500
2020-07-01,ANSS,SP500
2020-07-01,ASML,SP500
2020-07-01,ATVI,SP500
2020-07-01,AVGO,SP500
2020-07-01,BIDU,SP500
2020-07-01,BIIB,SP500
2020-07-01,BKNG,SP500
2020-07-01,BMRN,SP500
2020-07-01,CDNS,SP500
2020-07-01,CDW,SP500
2020-07-01,CERN,SP500
2020-07-01,CHKP,SP500
2020-07-01,CHTR,SP500
2020-07-01,CMCSA,SP500
2020-07-01,COST,SP500
2020-07-01,CPRT,SP500
2020-07-01,CSCO,SP500
2020-07-01,CSGP,SP500
2020-07-01,CSX,SP500
2020-07-01,CTAS,SP500
2020-07-01,CTSH,SP500
2020-07-01,CTXS,SP500
2020-07-01,DLTR,SP500
2020-07-01,DOCU,SP500
2020-07-01,DXCM,SP500
2020-07-01,EA,SP500
2020-07-01,EBAY,SP500
2020-07-01,EXC,SP500
2020-07-01,EXPE,SP500
2020-07-01,FAST,SP500
2020-07-01,FB,SP500
2020-07-01,FISV,SP500
2020-07-01,FOX,SP500
2020-07-01,FOXA,SP500
2020-07-01,GILD,SP500
2020-07-01,GOOG,SP500
2020-07-01,GOOGL,SP500
2020-07-01,IDXX,SP500
2020-07-01,ILMN,SP500
2020-07-01,INCY,SP500
2020-07-01,INTC,SP500
2020-07-01,INTU,SP500
2020-07-01,ISRG,SP500
2020-07-01,JD,SP500
2020-07-01,KHC,SP500
2020-07-01,KLAC,SP500
2020-07-01,LBTYA,SP500
2020-07-01,LBTYK,SP500
2020-07-01,LRCX,SP500
2020-07-01,LULU,SP500
2020-07-01,MAR,SP500
2020-07-01,MCHP,SP500
2020-07-01,MDLZ,SP500
2020-07-01,MELI,SP500
2020-07-01,MNST,SP500
2020-07-01,MSFT,SP500
2020-07-01,MU,SP500
2020-07-01,MXIM,SP500
2020-07-01,NFLX,SP500
2020-07-01,NTAP,SP500
2020-07-01,NTES,SP500
2020-07-01,NVDA,SP500
2020-07-01,NXPI,SP500
2020-07-01,ORLY,SP500
2020-07-01,PAYX,SP500
2020-07-01,PCAR,SP500
2020-07-01,PEP,SP500
2020-07-01,PYPL,SP500
2020-07-01,QCOM,SP500
2020-07-01,REGN,SP500
2020-07-01,ROST,SP500
2020-07-01,SBUX,SP500
2020-07-01,SGEN,SP500
2020-07-01,SIRI,SP500
2020-07-01,SNPS,SP500
2020-07-01,SPLK,SP500
2020-07-01,SWKS,SP500
2020-07-01,TCOM,SP500
2020-07-01,TMUS,SP500
2020-07-01,TSLA,SP500
2020-07-01,TTWO,SP500
2020-07-01,TXN,SP500
2020-07-01,ULTA,SP500
2020-07-01,VRSK,SP500
2020-07-01,VRSN,SP500
2020-07-01,VRTX,SP500
2020-07-01,WBA,SP500
2020-07-01,WDAY,SP500
2020-07-01,WDC,SP500
2020-07-01,XEL,SP500
2020-07-01,XLNX,SP500
2020-07-01,ZM,SP500
2020-08-01,AAPL,SP500
2020-08-01,ADBE,SP500
2020-08-01,ADI,SP500
2020-08-01,ADP,SP500
2020-08-01,ADSK,SP500
2020-08-01,ALGN,SP500
2020-08-01,ALXN,SP500
2020-08-01,AMAT,SP500
2020-08-01,AMD,SP500
2020-08-01,AMGN,SP500
2020-08-01,AMZN,SP500
2020-08-01,ANSS,SP500
2020-08-01,ASML,SP500
2020-08-01,ATVI,SP500
2020-08-01,AVGO,SP500
2020-08-01,BIDU,SP500
2020-08-01,BIIB,SP500
2020-08-01,BKNG,SP500
2020-08-01,BMRN,SP500
2020-08-01,CDNS,SP500
2020-08-01,CDW,SP500
2020-08-01,CERN,SP500
2020-08-01,CHKP,SP500
2020-08-01,CHTR,SP500
2020-08-01,CMCSA,SP500
2020-08-01,COST,SP500
2020-08-01,CPRT,SP500
2020-08-01,CSCO,SP500
2020-08-01,CSX,SP500
2020-08-01,CTAS,SP500
2020-08-01,CTSH,SP500
2020-08-01,CTXS,SP500
2020-08-01,DLTR,SP500
2020-08-01,DOCU,SP500
2020-08-01,DXCM,SP500
2020-08-01,EA,SP500
2020-08-01,EBAY,SP500
2020-08-01,EXC,SP500
2020-08-01,EXPE,SP500
2020-08-01,FAST,SP500
2020-08-01,FB,SP500
2020-08-01,FISV,SP500
2020-08-01,FOX,SP500
2020-08-01,FOXA,SP500
2020-08-01,GILD,SP500
2020-08-01,GOOG,SP500
2020-08-01,GOOGL,SP500
2020-08-01,IDXX,SP500
2020-08-01,ILMN,SP500
2020-08-01,INCY,SP500
2020-08-01,INTC,SP500
2020-08-01,INTU,SP500
2020-08-01,ISRG,SP500
2020-08-01,JD,SP500
2020-08-01,KHC,SP500
2020-08-01,KLAC,SP500
2020-08-01,LBTYA,SP500
2020-08-01,LBTYK,SP500
2020-08-01,LRCX,SP500
2020-08-01,LULU,SP500
2020-08-01,MAR,SP500
2020-08-01,MCHP,SP500
2020-08-01,MDLZ,SP500
2020-08-01,MELI,SP500
2020-08-01,MNST,SP500
2020-08-01,MRNA,SP500
2020-08-01,MSFT,SP500
2020-08-01,MU,SP500
2020-08-01,MXIM,SP500
2020-08-01,NFLX,SP500
2020-08-01,NTAP,SP500
2020-08-01,NTES,SP500
2020-08-01,NVDA,SP500
2020-08-01,NXPI,SP500
2020-08-01,ORLY,SP500
2020-08-01,PAYX,SP500
2020-08-01,PCAR,SP500
2020-08-01,PEP,SP500
2020-08-01,PYPL,SP500
2020-08-01,QCOM,SP500
2020-08-01,REGN,SP500
2020-08-01,ROST,SP500
2020-08-01,SBUX,SP500
2020-08-01,SGEN,SP500
2020-08-01,SIRI,SP500
2020-08-01,SNPS,SP500
2020-08-01,SPLK,SP500
2020-08-01,SWKS,SP500
2020-08-01,TCOM,SP500
2020-08-01,TMUS,SP500
2020-08-01,TSLA,SP500
2020-08-01,TTWO,SP500
2020-08-01,TXN,SP500
2020-08-01,ULTA,SP500
2020-08-01,VRSK,SP500
2020-08-01,VRSN,SP500
2020-08-01,VRTX,SP500
2020-08-01,WBA,SP500
2020-08-01,WDAY,SP500
2020-08-01,WDC,SP500
2020-08-01,XEL,SP500
2020-08-01,XLNX,SP500
2020-08-01,ZM,SP500
2020-09-01,AAPL,SP500
2020-09-01,ADBE,SP500
2020-09-01,ADI,SP500
2020-09-01,ADP,SP500
2020-09-01,ADSK,SP500
2020-09-01,ALGN,SP500
2020-09-01,ALXN,SP500
2020-09-01,AMAT,SP500
2020-09-01,AMD,SP500
2020-09-01,AMGN,SP500
2020-09-01,AMZN,SP500
2020-09-01,ANSS,SP500
2020-09-01,ASML,SP500
2020-09-01,ATVI,SP500
2020-09-01,AVGO,SP500
2020-09-01,BIDU,SP500
2020-09-01,BIIB,SP500
2020-09-01,BKNG,SP500
2020-09-01,BMRN,SP500
2020-09-01,CDNS,SP500
2020-09-01,CDW,SP500
2020-09-01,CERN,SP500
2020-09-01,CHKP,SP500
2020-09-01,CHTR,SP500
2020-09-01,CMCSA,SP500
2020-09-01,COST,SP500
2020-09-01,CPRT,SP500
2020-09-01,CSCO,SP500
2020-09-01,CSX,SP500
2020-09-01,CTAS,SP500
2020-09-01,CTSH,SP500
2020-09-01,CTXS,SP500
2020-09-01,DLTR,SP500
2020-09-01,DOCU,SP500
2020-09-01,DXCM,SP500
2020-09-01,EA,SP500
2020-09-01,EBAY,SP500
2020-09-01,EXC,SP500
2020-09-01,EXPE,SP500
2020-09-01,FAST,SP500
2020-09-01,FB,SP500
2020-09-01,FISV,SP500
2020-09-01,FOX,SP500
2020-09-01,FOXA,SP500
2020-09-01,GILD,SP500
2020-09-01,GOOG,SP500
2020-09-01,GOOGL,SP500
2020-09-01,IDXX,SP500
2020-09-01,ILMN,SP500
2020-09-01,INCY,SP500
2020-09-01,INTC,SP500
2020-09-01,INTU,SP500
2020-09-01,ISRG,SP500
2020-09-01,JD,SP500
2020-09-01,KHC,SP500
2020-09-01,KLAC,SP500
2020-09-01,LBTYA,SP500
2020-09-01,LBTYK,SP500
2020-09-01,LRCX,SP500
2020-09-01,LULU,SP500
2020-09-01,MAR,SP500
2020-09-01,MCHP,SP500
2020-09-01,MDLZ,SP500
2020-09-01,MELI,SP500
2020-09-01,MNST,SP500
2020-09-01,MRNA,SP500
2020-09-01,MSFT,SP500
2020-09-01,MU,SP500
2020-09-01,MXIM,SP500
2020-09-01,NFLX,SP500
2020-09-01,NTES,SP500
2020-09-01,NVDA,SP500
2020-09-01,NXPI,SP500
2020-09-01,ORLY,SP500
2020-09-01,PAYX,SP500
2020-09-01,PCAR,SP500
2020-09-01,PDD,SP500
2020-09-01,PEP,SP500
2020-09-01,PYPL,SP500
2020-09-01,QCOM,SP500
2020-09-01,REGN,SP500
2020-09-01,ROST,SP500
2020-09-01,SBUX,SP500
2020-09-01,SGEN,SP500
2020-09-01,SIRI,SP500
2020-09-01,SNPS,SP500
2020-09-01,SPLK,SP500
2020-09-01,SWKS,SP500
2020-09-01,TCOM,SP500
2020-09-01,TMUS,SP500
2020-09-01,TSLA,SP500
2020-09-01,TTWO,SP500
2020-09-01,TXN,SP500
2020-09-01,ULTA,SP500
2020-09-01,VRSK,SP500
2020-09-01,VRSN,SP500
2020-09-01,VRTX,SP500
2020-09-01,WBA,SP500
2020-09-01,WDAY,SP500
2020-09-01,WDC,SP500
2020-09-01,XEL,SP500
2020-09-01,XLNX,SP500
2020-09-01,ZM,SP500
2020-10-01,AAPL,SP500
2020-10-01,ADBE,SP500
2020-10-01,ADI,SP500
2020-10-01,ADP,SP500
2020-10-01,ADSK,SP500
2020-10-01,ALGN,SP500
2020-10-01,ALXN,SP500
2020-10-01,AMAT,SP500
2020-10-01,AMD,SP500
2020-10-01,AMGN,SP500
2020-10-01,AMZN,SP500
2020-10-01,ANSS,SP500
2020-10-01,ASML,SP500
2020-10-01,ATVI,SP500
2020-10-01,AVGO,SP500
2020-10-01,BIDU,SP500
2020-10-01,BIIB,SP500
2020-10-01,BKNG,SP500
2020-10-01,BMRN,SP500
2020-10-01,CDNS,SP500
2020-10-01,CDW,SP500
2020-10-01,CERN,SP500
2020-10-01,CHKP,SP500
2020-10-01,CHTR,SP500
2020-10-01,CMCSA,SP500
2020-10-01,COST,SP500
2020-10-01,CPRT,SP500
2020-10-01,CSCO,SP500
2020-10-01,CSX,SP500
2020-10-01,CTAS,SP500
2020-10-01,CTSH,SP500
2020-10-01,CTXS,SP500
2020-10-01,DLTR,SP500
2020-10-01,DOCU,SP500
2020-10-01,DXCM,SP500
2020-10-01,EA,SP500
2020-10-01,EBAY,SP500
2020-10-01,EXC,SP500
2020-10-01,EXPE,SP500
2020-10-01,FAST,SP500
2020-10-01,FB,SP500
2020-10-01,FISV,SP500
2020-10-01,FOX,SP500
2020-10-01,FOXA,SP500
2020-10-01,GILD,SP500
2020-10-01,GOOG,SP500
2020-10-01,GOOGL,SP500
2020-10-01,IDXX,SP500
2020-10-01,ILMN,SP500
2020-10-01,INCY,SP500
2020-10-01,INTC,SP500
2020-10-01,INTU,SP500
2020-10-01,ISRG,SP500
2020-10-01,JD,SP500
2020-10-01,KHC,SP500
2020-10-01,KLAC,SP500
2020-10-01,LBTYA,SP500
2020-10-01,LBTYK,SP500
2020-10-01,LRCX,SP500
2020-10-01,LULU,SP500
2020-10-01,MAR,SP500
2020-10-01,MCHP,SP500
2020-10-01,MDLZ,SP500
2020-10-01,MELI,SP500
2020-10-01,MNST,SP500
2020-10-01,MRNA,SP500
2020-10-01,MSFT,SP500
2020-10-01,MU,SP500
2020-10-01,MXIM,SP500
2020-10-01,NFLX,SP500
2020-10-01,NTES,SP500
2020-10-01,NVDA,SP500
2020-10-01,NXPI,SP500
2020-10-01,ORLY,SP500
2020-10-01,PAYX,SP500
2020-10-01,PCAR,SP500
2020-10-01,PDD,SP500
2020-10-01,PEP,SP500
2020-10-01,PYPL,SP500
2020-10-01,QCOM,SP500
2020-10-01,REGN,SP500
2020-10-01,ROST,SP500
2020-10-01,SBUX,SP500
2020-10-01,SGEN,SP500
2020-10-01,SIRI,SP500
2020-10-01,SNPS,SP500
2020-10-01,SPLK,SP500
2020-10-01,SWKS,SP500
2020-10-01,TCOM,SP500
2020-10-01,TMUS,SP500
2020-10-01,TSLA,SP500
2020-10-01,TTWO,SP500
2020-10-01,TXN,SP500
2020-10-01,ULTA,SP500
2020-10-01,VRSK,SP500
2020-10-01,VRSN,SP500
2020-10-01,VRTX,SP500
2020-10-01,WBA,SP500
2020-10-01,WDAY,SP500
2020-10-01,WDC,SP500
2020-10-01,XEL,SP500
2020-10-01,XLNX,SP500
2020-10-01,ZM,SP500
2020-11-03,AAPL,SP500
2020-11-03,ADBE,SP500
2020-11-03,ADI,SP500
2020-11-03,ADP,SP500
2020-11-03,ADSK,SP500
2020-11-03,ALGN,SP500
2020-11-03,ALXN,SP500
2020-11-03,AMAT,SP500
2020-11-03,AMD,SP500
2020-11-03,AMGN,SP500
2020-11-03,AMZN,SP500
2020-11-03,ANSS,SP500
2020-11-03,ASML,SP500
2020-11-03,ATVI,SP500
2020-11-03,AVGO,SP500
2020-11-03,BIDU,SP500
2020-11-03,BIIB,SP500
2020-11-03,BKNG,SP500
2020-11-03,BMRN,SP500
2020-11-03,CDNS,SP500
2020-11-03,CDW,SP500
2020-11-03,CERN,SP500
2020-11-03,CHKP,SP500
2020-11-03,CHTR,SP500
2020-11-03,CMCSA,SP500
2020-11-03,COST,SP500
2020-11-03,CPRT,SP500
2020-11-03,CSCO,SP500
2020-11-03,CSX,SP500
2020-11-03,CTAS,SP500
2020-11-03,CTSH,SP500
2020-11-03,CTXS,SP500
2020-11-03,DLTR,SP500
2020-11-03,DOCU,SP500
2020-11-03,DXCM,SP500
2020-11-03,EA,SP500
2020-11-03,EBAY,SP500
2020-11-03,EXC,SP500
2020-11-03,EXPE,SP500
2020-11-03,FAST,SP500
2020-11-03,FB,SP500
2020-11-03,FISV,SP500
2020-11-03,FOX,SP500
2020-11-03,FOXA,SP500
2020-11-03,GILD,SP500
2020-11-03,GOOG,SP500
2020-11-03,GOOGL,SP500
2020-11-03,IDXX,SP500
2020-11-03,ILMN,SP500
2020-11-03,INCY,SP500
2020-11-03,INTC,SP500
2020-11-03,INTU,SP500
2020-11-03,ISRG,SP500
2020-11-03,JD,SP500
2020-11-03,KDP,SP500
2020-11-03,KHC,SP500
2020-11-03,KLAC,SP500
2020-11-03,LBTYA,SP500
2020-11-03,LBTYK,SP500
2020-11-03,LRCX,SP500
2020-11-03,LULU,SP500
2020-11-03,MAR,SP500
2020-11-03,MCHP,SP500
2020-11-03,MDLZ,SP500
2020-11-03,MELI,SP500
2020-11-03,MNST,SP500
2020-11-03,MRNA,SP500
2020-11-03,MSFT,SP500
2020-11-03,MU,SP500
2020-11-03,MXIM,SP500
2020-11-03,NFLX,SP500
2020-11-03,NTES,SP500
2020-11-03,NVDA,SP500
2020-11-03,NXPI,SP500
2020-11-03,ORLY,SP500
2020-11-03,PAYX,SP500
2020-11-03,PCAR,SP500
2020-11-03,PDD,SP500
2020-11-03,PEP,SP500
2020-11-03,PYPL,SP500
2020-11-03,QCOM,SP500
2020-11-03,REGN,SP500
2020-11-03,ROST,SP500
2020-11-03,SBUX,SP500
2020-11-03,SGEN,SP500
2020-11-03,SIRI,SP500
2020-11-03,SNPS,SP500
2020-11-03,SPLK,SP500
2020-11-03,SWKS,SP500
2020-11-03,TCOM,SP500
2020-11-03,TMUS,SP500
2020-11-03,TSLA,SP500
2020-11-03,TTWO,SP500
2020-11-03,TXN,SP500
2020-11-03,ULTA,SP500
2020-11-03,VRSK,SP500
2020-11-03,VRSN,SP500
2020-11-03,VRTX,SP500
2020-11-03,WBA,SP500
2020-11-03,WDAY,SP500
2020-11-03,XEL,SP500
2020-11-03,XLNX,SP500
2020-11-03,ZM,SP500
2020-12-01,AAPL,SP500
2020-12-01,ADBE,SP500
2020-12-01,ADI,SP500
2020-12-01,ADP,SP500
2020-12-01,ADSK,SP500
2020-12-01,ALGN,SP500
2020-12-01,ALXN,SP500
2020-12-01,AMAT,SP500
2020-12-01,AMD,SP500
2020-12-01,AMGN,SP500
2020-12-01,AMZN,SP500
2020-12-01,ANSS,SP500
2020-12-01,ASML,SP500
2020-12-01,ATVI,SP500
2020-12-01,AVGO,SP500
2020-12-01,BIDU,SP500
2020-12-01,BIIB,SP500
2020-12-01,BKNG,SP500
2020-12-01,BMRN,SP500
2020-12-01,CDNS,SP500
2020-12-01,CDW,SP500
2020-12-01,CERN,SP500
2020-12-01,CHKP,SP500
2020-12-01,CHTR,SP500
2020-12-01,CMCSA,SP500
2020-12-01,COST,SP500
2020-12-01,CPRT,SP500
2020-12-01,CSCO,SP500
2020-12-01,CSX,SP500
2020-12-01,CTAS,SP500
2020-12-01,CTSH,SP500
2020-12-01,CTXS,SP500
2020-12-01,DLTR,SP500
2020-12-01,DOCU,SP500
2020-12-01,DXCM,SP500
2020-12-01,EA,SP500
2020-12-01,EBAY,SP500
2020-12-01,EXC,SP500
2020-12-01,EXPE,SP500
2020-12-01,FAST,SP500
2020-12-01,FB,SP500
2020-12-01,FISV,SP500
2020-12-01,FOX,SP500
2020-12-01,FOXA,SP500
2020-12-01,GILD,SP500
2020-12-01,GOOG,SP500
2020-12-01,GOOGL,SP500
2020-12-01,IDXX,SP500
2020-12-01,ILMN,SP500
2020-12-01,INCY,SP500
2020-12-01,INTC,SP500
2020-12-01,INTU,SP500
2020-12-01,ISRG,SP500
2020-12-01,JD,SP500
2020-12-01,KDP,SP500
2020-12-01,KHC,SP500
2020-12-01,KLAC,SP500
2020-12-01,LBTYA,SP500
2020-12-01,LBTYK,SP500
2020-12-01,LRCX,SP500
2020-12-01,LULU,SP500
2020-12-01,MAR,SP500
2020-12-01,MCHP,SP500
2020-12-01,MDLZ,SP500
2020-12-01,MELI,SP500
2020-12-01,MNST,SP500
2020-12-01,MRNA,SP500
2020-12-01,MSFT,SP500
2020-12-01,MU,SP500
2020-12-01,MXIM,SP500
2020-12-01,NFLX,SP500
2020-12-01,NTES,SP500
2020-12-01,NVDA,SP500
2020-12-01,NXPI,SP500
2020-12-01,ORLY,SP500
2020-12-01,PAYX,SP500
2020-12-01,PCAR,SP500
2020-12-01,PDD,SP500
2020-12-01,PEP,SP500
2020-12-01,PYPL,SP500
2020-12-01,QCOM,SP500
2020-12-01,REGN,SP500
2020-12-01,ROST,SP500
2020-12-01,SBUX,SP500
2020-12-01,SGEN,SP500
2020-12-01,SIRI,SP500
2020-12-01,SNPS,SP500
2020-12-01,SPLK,SP500
2020-12-01,SWKS,SP500
2020-12-01,TCOM,SP500
2020-12-01,TMUS,SP500
2020-12-01,TSLA,SP500
2020-12-01,TTWO,SP500
2020-12-01,TXN,SP500
2020-12-01,ULTA,SP500
2020-12-01,VRSK,SP500
2020-12-01,VRSN,SP500
2020-12-01,VRTX,SP500
2020-12-01,WBA,SP500
2020-12-01,WDAY,SP500
2020-12-01,XEL,SP500
2020-12-01,XLNX,SP500
2020-12-01,ZM,SP500
2021-01-01,AAPL,SP500
2021-01-01,ADBE,SP500
2021-01-01,ADI,SP500
2021-01-01,ADP,SP500
2021-01-01,ADSK,SP500
2021-01-01,AEP,SP500
2021-01-01,ALGN,SP500
2021-01-01,ALXN,SP500
2021-01-01,AMAT,SP500
2021-01-01,AMD,SP500
2021-01-01,AMGN,SP500
2021-01-01,AMZN,SP500
2021-01-01,ANSS,SP500
2021-01-01,ASML,SP500
2021-01-01,ATVI,SP500
2021-01-01,AVGO,SP500
2021-01-01,BIDU,SP500
2021-01-01,BIIB,SP500
2021-01-01,BKNG,SP500
2021-01-01,CDNS,SP500
2021-01-01,CDW,SP500
2021-01-01,CERN,SP500
2021-01-01,CHKP,SP500
2021-01-01,CHTR,SP500
2021-01-01,CMCSA,SP500
2021-01-01,COST,SP500
2021-01-01,CPRT,SP500
2021-01-01,CSCO,SP500
2021-01-01,CSX,SP500
2021-01-01,CTAS,SP500
2021-01-01,CTSH,SP500
2021-01-01,DLTR,SP500
2021-01-01,DOCU,SP500
2021-01-01,DXCM,SP500
2021-01-01,EA,SP500
2021-01-01,EBAY,SP500
2021-01-01,EXC,SP500
2021-01-01,FAST,SP500
2021-01-01,FB,SP500
2021-01-01,FISV,SP500
2021-01-01,FOX,SP500
2021-01-01,FOXA,SP500
2021-01-01,GILD,SP500
2021-01-01,GOOG,SP500
2021-01-01,GOOGL,SP500
2021-01-01,IDXX,SP500
2021-01-01,ILMN,SP500
2021-01-01,INCY,SP500
2021-01-01,INTC,SP500
2021-01-01,INTU,SP500
2021-01-01,ISRG,SP500
2021-01-01,JD,SP500
2021-01-01,KDP,SP500
2021-01-01,KHC,SP500
2021-01-01,KLAC,SP500
2021-01-01,LRCX,SP500
2021-01-01,LULU,SP500
2021-01-01,MAR,SP500
2021-01-01,MCHP,SP500
2021-01-01,MDLZ,SP500
2021-01-01,MELI,SP500
2021-01-01,MNST,SP500
2021-01-01,MRNA,SP500
2021-01-01,MRVL,SP500
2021-01-01,MSFT,SP500
2021-01-01,MTCH,SP500
2021-01-01,MU,SP500
2021-01-01,MXIM,SP500
2021-01-01,NFLX,SP500
2021-01-01,NTES,SP500
2021-01-01,NVDA,SP500
2021-01-01,NXPI,SP500
2021-01-01,OKTA,SP500
2021-01-01,ORLY,SP500
2021-01-01,PAYX,SP500
2021-01-01,PCAR,SP500
2021-01-01,PDD,SP500
2021-01-01,PEP,SP500
2021-01-01,PTON,SP500
2021-01-01,PYPL,SP500
2021-01-01,QCOM,SP500
2021-01-01,REGN,SP500
2021-01-01,ROST,SP500
2021-01-01,SBUX,SP500
2021-01-01,SGEN,SP500
2021-01-01,SIRI,SP500
2021-01-01,SNPS,SP500
2021-01-01,SPLK,SP500
2021-01-01,SWKS,SP500
2021-01-01,TCOM,SP500
2021-01-01,TEAM,SP500
2021-01-01,TMUS,SP500
2021-01-01,TSLA,SP500
2021-01-01,TXN,SP500
2021-01-01,VRSK,SP500
2021-01-01,VRSN,SP500
2021-01-01,VRTX,SP500
2021-01-01,WBA,SP500
2021-01-01,WDAY,SP500
2021-01-01,XEL,SP500
2021-01-01,XLNX,SP500
2021-01-01,ZM,SP500
2021-02-02,AAPL,SP500
2021-02-02,ADBE,SP500
2021-02-02,ADI,SP500
2021-02-02,ADP,SP500
2021-02-02,ADSK,SP500
2021-02-02,AEP,SP500
2021-02-02,ALGN,SP500
2021-02-02,ALXN,SP500
2021-02-02,AMAT,SP500
2021-02-02,AMD,SP500
2021-02-02,AMGN,SP500
2021-02-02,AMZN,SP500
2021-02-02,ANSS,SP500
2021-02-02,ASML,SP500
2021-02-02,ATVI,SP500
2021-02-02,AVGO,SP500
2021-02-02,BIDU,SP500
2021-02-02,BIIB,SP500
2021-02-02,BKNG,SP500
2021-02-02,CDNS,SP500
2021-02-02,CDW,SP500
2021-02-02,CERN,SP500
2021-02-02,CHKP,SP500
2021-02-02,CHTR,SP500
2021-02-02,CMCSA,SP500
2021-02-02,COST,SP500
2021-02-02,CPRT,SP500
2021-02-02,CSCO,SP500
2021-02-02,CSX,SP500
2021-02-02,CTAS,SP500
2021-02-02,CTSH,SP500
2021-02-02,DLTR,SP500
2021-02-02,DOCU,SP500
2021-02-02,DXCM,SP500
2021-02-02,EA,SP500
2021-02-02,EBAY,SP500
2021-02-02,EXC,SP500
2021-02-02,FAST,SP500
2021-02-02,FB,SP500
2021-02-02,FISV,SP500
2021-02-02,FOX,SP500
2021-02-02,FOXA,SP500
2021-02-02,GILD,SP500
2021-02-02,GOOG,SP500
2021-02-02,GOOGL,SP500
2021-02-02,IDXX,SP500
2021-02-02,ILMN,SP500
2021-02-02,INCY,SP500
2021-02-02,INTC,SP500
2021-02-02,INTU,SP500
2021-02-02,ISRG,SP500
2021-02-02,JD,SP500
2021-02-02,KDP,SP500
2021-02-02,KHC,SP500
2021-02-02,KLAC,SP500
2021-02-02,LRCX,SP500
2021-02-02,LULU,SP500
2021-02-02,MAR,SP500
2021-02-02,MCHP,SP500
2021-02-02,MDLZ,SP500
2021-02-02,MELI,SP500
2021-02-02,MNST,SP500
2021-02-02,MRNA,SP500
2021-02-02,MRVL,SP500
2021-02-02,MSFT,SP500
2021-02-02,MTCH,SP500
2021-02-02,MU,SP500
2021-02-02,MXIM,SP500
2021-02-02,NFLX,SP500
2021-02-02,NTES,SP500
2021-02-02,NVDA,SP500
2021-02-02,NXPI,SP500
2021-02-02,OKTA,SP500
2021-02-02,ORLY,SP500
2021-02-02,PAYX,SP500
2021-02-02,PCAR,SP500
2021-02-02,PDD,SP500
2021-02-02,PEP,SP500
2021-02-02,PTON,SP500
2021-02-02,PYPL,SP500
2021-02-02,QCOM,SP500
2021-02-02,REGN,SP500
2021-02-02,ROST,SP500
2021-02-02,SBUX,SP500
2021-02-02,SGEN,SP500
2021-02-02,SIRI,SP500
2021-02-02,SNPS,SP500
2021-02-02,SPLK,SP500
2021-02-02,SWKS,SP500
2021-02-02,TCOM,SP500
2021-02-02,TEAM,SP500
2021-02-02,TMUS,SP500
2021-02-02,TSLA,SP500
2021-02-02,TXN,SP500
2021-02-02,VRSK,SP500
2021-02-02,VRSN,SP500
2021-02-02,VRTX,SP500
2021-02-02,WBA,SP500
2021-02-02,WDAY,SP500
2021-02-02,XEL,SP500
2021-02-02,XLNX,SP500
2021-02-02,ZM,SP500
2021-03-02,AAPL,SP500
2021-03-02,ADBE,SP500
2021-03-02,ADI,SP500
2021-03-02,ADP,SP500
2021-03-02,ADSK,SP500
2021-03-02,AEP,SP500
2021-03-02,ALGN,SP500
2021-03-02,ALXN,SP500
2021-03-02,AMAT,SP500
2021-03-02,AMD,SP500
2021-03-02,AMGN,SP500
2021-03-02,AMZN,SP500
2021-03-02,ANSS,SP500
2021-03-02,ASML,SP500
2021-03-02,ATVI,SP500
2021-03-02,AVGO,SP500
2021-03-02,BIDU,SP500
2021-03-02,BIIB,SP500
2021-03-02,BKNG,SP500
2021-03-02,CDNS,SP500
2021-03-02,CDW,SP500
2021-03-02,CERN,SP500
2021-03-02,CHKP,SP500
2021-03-02,CHTR,SP500
2021-03-02,CMCSA,SP500
2021-03-02,COST,SP500
2021-03-02,CPRT,SP500
2021-03-02,CSCO,SP500
2021-03-02,CSX,SP500
2021-03-02,CTAS,SP500
2021-03-02,CTSH,SP500
2021-03-02,DLTR,SP500
2021-03-02,DOCU,SP500
2021-03-02,DXCM,SP500
2021-03-02,EA,SP500
2021-03-02,EBAY,SP500
2021-03-02,EXC,SP500
2021-03-02,FAST,SP500
2021-03-02,FB,SP500
2021-03-02,FISV,SP500
2021-03-02,FOX,SP500
2021-03-02,FOXA,SP500
2021-03-02,GILD,SP500
2021-03-02,GOOG,SP500
2021-03-02,GOOGL,SP500
2021-03-02,IDXX,SP500
2021-03-02,ILMN,SP500
2021-03-02,INCY,SP500
2021-03-02,INTC,SP500
2021-03-02,INTU,SP500
2021-03-02,ISRG,SP500
2021-03-02,JD,SP500
2021-03-02,KDP,SP500
2021-03-02,KHC,SP500
2021-03-02,KLAC,SP500
2021-03-02,LRCX,SP500
2021-03-02,LULU,SP500
2021-03-02,MAR,SP500
2021-03-02,MCHP,SP500
2021-03-02,MDLZ,SP500
2021-03-02,MELI,SP500
2021-03-02,MNST,SP500
2021-03-02,MRNA,SP500
2021-03-02,MRVL,SP500
2021-03-02,MSFT,SP500
2021-03-02,MTCH,SP500
2021-03-02,MU,SP500
2021-03-02,MXIM,SP500
2021-03-02,NFLX,SP500
2021-03-02,NTES,SP500
2021-03-02,NVDA,SP500
2021-03-02,NXPI,SP500
2021-03-02,OKTA,SP500
2021-03-02,ORLY,SP500
2021-03-02,PAYX,SP500
2021-03-02,PCAR,SP500
2021-03-02,PDD,SP500
2021-03-02,PEP,SP500
2021-03-02,PTON,SP500
2021-03-02,PYPL,SP500
2021-03-02,QCOM,SP500
2021-03-02,REGN,SP500
2021-03-02,ROST,SP500
2021-03-02,SBUX,SP500
2021-03-02,SGEN,SP500
2021-03-02,SIRI,SP500
2021-03-02,SNPS,SP500
2021-03-02,SPLK,SP500
2021-03-02,SWKS,SP500
2021-03-02,TCOM,SP500
2021-03-02,TEAM,SP500
2021-03-02,TMUS,SP500
2021-03-02,TSLA,SP500
2021-03-02,TXN,SP500
2021-03-02,VRSK,SP500
2021-03-02,VRSN,SP500
2021-03-02,VRTX,SP500
2021-03-02,WBA,SP500
2021-03-02,WDAY,SP500
2021-03-02,XEL,SP500
2021-03-02,XLNX,SP500
2021-03-02,ZM,SP500
2021-04-01,AAPL,SP500
2021-04-01,ADBE,SP500
2021-04-01,ADI,SP500
2021-04-01,ADP,SP500
2021-04-01,ADSK,SP500
2021-04-01,AEP,SP500
2021-04-01,ALGN,SP500
2021-04-01,ALXN,SP500
2021-04-01,AMAT,SP500
2021-04-01,AMD,SP500
2021-04-01,AMGN,SP500
2021-04-01,AMZN,SP500
2021-04-01,ANSS,SP500
2021-04-01,ASML,SP500
2021-04-01,ATVI,SP500
2021-04-01,AVGO,SP500
2021-04-01,BIDU,SP500
2021-04-01,BIIB,SP500
2021-04-01,BKNG,SP500
2021-04-01,CDNS,SP500
2021-04-01,CDW,SP500
2021-04-01,CERN,SP500
2021-04-01,CHKP,SP500
2021-04-01,CHTR,SP500
2021-04-01,CMCSA,SP500
2021-04-01,COST,SP500
2021-04-01,CPRT,SP500
2021-04-01,CSCO,SP500
2021-04-01,CSX,SP500
2021-04-01,CTAS,SP500
2021-04-01,CTSH,SP500
2021-04-01,DLTR,SP500
2021-04-01,DOCU,SP500
2021-04-01,DXCM,SP500
2021-04-01,EA,SP500
2021-04-01,EBAY,SP500
2021-04-01,EXC,SP500
2021-04-01,FAST,SP500
2021-04-01,FB,SP500
2021-04-01,FISV,SP500
2021-04-01,FOX,SP500
2021-04-01,FOXA,SP500
2021-04-01,GILD,SP500
2021-04-01,GOOG,SP500
2021-04-01,GOOGL,SP500
2021-04-01,IDXX,SP500
2021-04-01,ILMN,SP500
2021-04-01,INCY,SP500
2021-04-01,INTC,SP500
2021-04-01,INTU,SP500
2021-04-01,ISRG,SP500
2021-04-01,JD,SP500
2021-04-01,KDP,SP500
2021-04-01,KHC,SP500
2021-04-01,KLAC,SP500
2021-04-01,LRCX,SP500
2021-04-01,LULU,SP500
2021-04-01,MAR,SP500
2021-04-01,MCHP,SP500
2021-04-01,MDLZ,SP500
2021-04-01,MELI,SP500
2021-04-01,MNST,SP500
2021-04-01,MRNA,SP500
2021-04-01,MRVL,SP500
2021-04-01,MSFT,SP500
2021-04-01,MTCH,SP500
2021-04-01,MU,SP500
2021-04-01,MXIM,SP500
2021-04-01,NFLX,SP500
2021-04-01,NTES,SP500
2021-04-01,NVDA,SP500
2021-04-01,NXPI,SP500
2021-04-01,OKTA,SP500
2021-04-01,ORLY,SP500
2021-04-01,PAYX,SP500
2021-04-01,PCAR,SP500
2021-04-01,PDD,SP500
2021-04-01,PEP,SP500
2021-04-01,PTON,SP500
2021-04-01,PYPL,SP500
2021-04-01,QCOM,SP500
2021-04-01,REGN,SP500
2021-04-01,ROST,SP500
2021-04-01,SBUX,SP500
2021-04-01,SGEN,SP500
2021-04-01,SIRI,SP500
2021-04-01,SNPS,SP500
2021-04-01,SPLK,SP500
2021-04-01,SWKS,SP500
2021-04-01,TCOM,SP500
2021-04-01,TEAM,SP500
2021-04-01,TMUS,SP500
2021-04-01,TSLA,SP500
2021-04-01,TXN,SP500
2021-04-01,VRSK,SP500
2021-04-01,VRSN,SP500
2021-04-01,VRTX,SP500
2021-04-01,WBA,SP500
2021-04-01,WDAY,SP500
2021-04-01,XEL,SP500
2021-04-01,XLNX,SP500
2021-04-01,ZM,SP500
2021-05-01,AAPL,SP500
2021-05-01,ADBE,SP500
2021-05-01,ADI,SP500
2021-05-01,ADP,SP500
2021-05-01,ADSK,SP500
2021-05-01,AEP,SP500
2021-05-01,ALGN,SP500
2021-05-01,ALXN,SP500
2021-05-01,AMAT,SP500
2021-05-01,AMD,SP500
2021-05-01,AMGN,SP500
2021-05-01,AMZN,SP500
2021-05-01,ANSS,SP500
2021-05-01,ASML,SP500
2021-05-01,ATVI,SP500
2021-05-01,AVGO,SP500
2021-05-01,BIDU,SP500
2021-05-01,BIIB,SP500
2021-05-01,BKNG,SP500
2021-05-01,CDNS,SP500
2021-05-01,CDW,SP500
2021-05-01,CERN,SP500
2021-05-01,CHKP,SP500
2021-05-01,CHTR,SP500
2021-05-01,CMCSA,SP500
2021-05-01,COST,SP500
2021-05-01,CPRT,SP500
2021-05-01,CSCO,SP500
2021-05-01,CSX,SP500
2021-05-01,CTAS,SP500
2021-05-01,CTSH,SP500
2021-05-01,DLTR,SP500
2021-05-01,DOCU,SP500
2021-05-01,DXCM,SP500
2021-05-01,EA,SP500
2021-05-01,EBAY,SP500
2021-05-01,EXC,SP500
2021-05-01,FAST,SP500
2021-05-01,FB,SP500
2021-05-01,FISV,SP500
2021-05-01,FOX,SP500
2021-05-01,FOXA,SP500
2021-05-01,GILD,SP500
2021-05-01,GOOG,SP500
2021-05-01,GOOGL,SP500
2021-05-01,IDXX,SP500
2021-05-01,ILMN,SP500
2021-05-01,INCY,SP500
2021-05-01,INTC,SP500
2021-05-01,INTU,SP500
2021-05-01,ISRG,SP500
2021-05-01,JD,SP500
2021-05-01,KDP,SP500
2021-05-01,KHC,SP500
2021-05-01,KLAC,SP500
2021-05-01,LRCX,SP500
2021-05-01,LULU,SP500
2021-05-01,MAR,SP500
2021-05-01,MCHP,SP500
2021-05-01,MDLZ,SP500
2021-05-01,MELI,SP500
2021-05-01,MNST,SP500
2021-05-01,MRNA,SP500
2021-05-01,MRVL,SP500
2021-05-01,MSFT,SP500
2021-05-01,MTCH,SP500
2021-05-01,MU,SP500
2021-05-01,MXIM,SP500
2021-05-01,NFLX,SP500
2021-05-01,NTES,SP500
2021-05-01,NVDA,SP500
2021-05-01,NXPI,SP500
2021-05-01,OKTA,SP500
2021-05-01,ORLY,SP500
2021-05-01,PAYX,SP500
2021-05-01,PCAR,SP500
2021-05-01,PDD,SP500
2021-05-01,PEP,SP500
2021-05-01,PTON,SP500
2021-05-01,PYPL,SP500
2021-05-01,QCOM,SP500
2021-05-01,REGN,SP500
2021-05-01,ROST,SP500
2021-05-01,SBUX,SP500
2021-05-01,SGEN,SP500
2021-05-01,SIRI,SP500
2021-05-01,SNPS,SP500
2021-05-01,SPLK,SP500
2021-05-01,SWKS,SP500
2021-05-01,TCOM,SP500
2021-05-01,TEAM,SP500
2021-05-01,TMUS,SP500
2021-05-01,TSLA,SP500
2021-05-01,TXN,SP500
2021-05-01,VRSK,SP500
2021-05-01,VRSN,SP500
2021-05-01,VRTX,SP500
2021-05-01,WBA,SP500
2021-05-01,WDAY,SP500
2021-05-01,XEL,SP500
2021-05-01,XLNX,SP500
2021-05-01,ZM,SP500
2021-06-02,AAPL,SP500
2021-06-02,ADBE,SP500
2021-06-02,ADI,SP500
2021-06-02,ADP,SP500
2021-06-02,ADSK,SP500
2021-06-02,AEP,SP500
2021-06-02,ALGN,SP500
2021-06-02,ALXN,SP500
2021-06-02,AMAT,SP500
2021-06-02,AMD,SP500
2021-06-02,AMGN,SP500
2021-06-02,AMZN,SP500
2021-06-02,ANSS,SP500
2021-06-02,ASML,SP500
2021-06-02,ATVI,SP500
2021-06-02,AVGO,SP500
2021-06-02,BIDU,SP500
2021-06-02,BIIB,SP500
2021-06-02,BKNG,SP500
2021-06-02,CDNS,SP500
2021-06-02,CDW,SP500
2021-06-02,CERN,SP500
2021-06-02,CHKP,SP500
2021-06-02,CHTR,SP500
2021-06-02,CMCSA,SP500
2021-06-02,COST,SP500
2021-06-02,CPRT,SP500
2021-06-02,CSCO,SP500
2021-06-02,CSX,SP500
2021-06-02,CTAS,SP500
2021-06-02,CTSH,SP500
2021-06-02,DLTR,SP500
2021-06-02,DOCU,SP500
2021-06-02,DXCM,SP500
2021-06-02,EA,SP500
2021-06-02,EBAY,SP500
2021-06-02,EXC,SP500
2021-06-02,FAST,SP500
2021-06-02,FB,SP500
2021-06-02,FISV,SP500
2021-06-02,FOX,SP500
2021-06-02,FOXA,SP500
2021-06-02,GILD,SP500
2021-06-02,GOOG,SP500
2021-06-02,GOOGL,SP500
2021-06-02,IDXX,SP500
2021-06-02,ILMN,SP500
2021-06-02,INCY,SP500
2021-06-02,INTC,SP500
2021-06-02,INTU,SP500
2021-06-02,ISRG,SP500
2021-06-02,JD,SP500
2021-06-02,KDP,SP500
2021-06-02,KHC,SP500
2021-06-02,KLAC,SP500
2021-06-02,LRCX,SP500
2021-06-02,LULU,SP500
2021-06-02,MAR,SP500
2021-06-02,MCHP,SP500
2021-06-02,MDLZ,SP500
2021-06-02,MELI,SP500
2021-06-02,MNST,SP500
2021-06-02,MRNA,SP500
2021-06-02,MRVL,SP500
2021-06-02,MSFT,SP500
2021-06-02,MTCH,SP500
2021-06-02,MU,SP500
2021-06-02,MXIM,SP500
2021-06-02,NFLX,SP500
2021-06-02,NTES,SP500
2021-06-02,NVDA,SP500
2021-06-02,NXPI,SP500
2021-06-02,OKTA,SP500
2021-06-02,ORLY,SP500
2021-06-02,PAYX,SP500
2021-06-02,PCAR,SP500
2021-06-02,PDD,SP500
2021-06-02,PEP,SP500
2021-06-02,PTON,SP500
2021-06-02,PYPL,SP500
2021-06-02,QCOM,SP500
2021-06-02,REGN,SP500
2021-06-02,ROST,SP500
2021-06-02,SBUX,SP500
2021-06-02,SGEN,SP500
2021-06-02,SIRI,SP500
2021-06-02,SNPS,SP500
2021-06-02,SPLK,SP500
2021-06-02,SWKS,SP500
2021-06-02,TCOM,SP500
2021-06-02,TEAM,SP500
2021-06-02,TMUS,SP500
2021-06-02,TSLA,SP500
2021-06-02,TXN,SP500
2021-06-02,VRSK,SP500
2021-06-02,VRSN,SP500
2021-06-02,VRTX,SP500
2021-06-02,WBA,SP500
2021-06-02,WDAY,SP500
2021-06-02,XEL,SP500
2021-06-02,XLNX,SP500
2021-06-02,ZM,SP500
2021-07-01,AAPL,SP500
2021-07-01,ADBE,SP500
2021-07-01,ADI,SP500
2021-07-01,ADP,SP500
2021-07-01,ADSK,SP500
2021-07-01,AEP,SP500
2021-07-01,ALGN,SP500
2021-07-01,ALXN,SP500
2021-07-01,AMAT,SP500
2021-07-01,AMD,SP500
2021-07-01,AMGN,SP500
2021-07-01,AMZN,SP500
2021-07-01,ANSS,SP500
2021-07-01,ASML,SP500
2021-07-01,ATVI,SP500
2021-07-01,AVGO,SP500
2021-07-01,BIDU,SP500
2021-07-01,BIIB,SP500
2021-07-01,BKNG,SP500
2021-07-01,CDNS,SP500
2021-07-01,CDW,SP500
2021-07-01,CERN,SP500
2021-07-01,CHKP,SP500
2021-07-01,CHTR,SP500
2021-07-01,CMCSA,SP500
2021-07-01,COST,SP500
2021-07-01,CPRT,SP500
2021-07-01,CSCO,SP500
2021-07-01,CSX,SP500
2021-07-01,CTAS,SP500
2021-07-01,CTSH,SP500
2021-07-01,DLTR,SP500
2021-07-01,DOCU,SP500
2021-07-01,DXCM,SP500
2021-07-01,EA,SP500
2021-07-01,EBAY,SP500
2021-07-01,EXC,SP500
2021-07-01,FAST,SP500
2021-07-01,FB,SP500
2021-07-01,FISV,SP500
2021-07-01,FOX,SP500
2021-07-01,FOXA,SP500
2021-07-01,GILD,SP500
2021-07-01,GOOG,SP500
2021-07-01,GOOGL,SP500
2021-07-01,IDXX,SP500
2021-07-01,ILMN,SP500
2021-07-01,INCY,SP500
2021-07-01,INTC,SP500
2021-07-01,INTU,SP500
2021-07-01,ISRG,SP500
2021-07-01,JD,SP500
2021-07-01,KDP,SP500
2021-07-01,KHC,SP500
2021-07-01,KLAC,SP500
2021-07-01,LRCX,SP500
2021-07-01,LULU,SP500
2021-07-01,MAR,SP500
2021-07-01,MCHP,SP500
2021-07-01,MDLZ,SP500
2021-07-01,MELI,SP500
2021-07-01,MNST,SP500
2021-07-01,MRNA,SP500
2021-07-01,MRVL,SP500
2021-07-01,MSFT,SP500
2021-07-01,MTCH,SP500
2021-07-01,MU,SP500
2021-07-01,MXIM,SP500
2021-07-01,NFLX,SP500
2021-07-01,NTES,SP500
2021-07-01,NVDA,SP500
2021-07-01,NXPI,SP500
2021-07-01,OKTA,SP500
2021-07-01,ORLY,SP500
2021-07-01,PAYX,SP500
2021-07-01,PCAR,SP500
2021-07-01,PDD,SP500
2021-07-01,PEP,SP500
2021-07-01,PTON,SP500
2021-07-01,PYPL,SP500
2021-07-01,QCOM,SP500
2021-07-01,REGN,SP500
2021-07-01,ROST,SP500
2021-07-01,SBUX,SP500
2021-07-01,SGEN,SP500
2021-07-01,SIRI,SP500
2021-07-01,SNPS,SP500
2021-07-01,SPLK,SP500
2021-07-01,SWKS,SP500
2021-07-01,TCOM,SP500
2021-07-01,TEAM,SP500
2021-07-01,TMUS,SP500
2021-07-01,TSLA,SP500
2021-07-01,TXN,SP500
2021-07-01,VRSK,SP500
2021-07-01,VRSN,SP500
2021-07-01,VRTX,SP500
2021-07-01,WBA,SP500
2021-07-01,WDAY,SP500
2021-07-01,XEL,SP500
2021-07-01,XLNX,SP500
2021-07-01,ZM,SP500
2021-08-03,AAPL,SP500
2021-08-03,ADBE,SP500
2021-08-03,ADI,SP500
2021-08-03,ADP,SP500
2021-08-03,ADSK,SP500
2021-08-03,AEP,SP500
2021-08-03,ALGN,SP500
2021-08-03,AMAT,SP500
2021-08-03,AMD,SP500
2021-08-03,AMGN,SP500
2021-08-03,AMZN,SP500
2021-08-03,ANSS,SP500
2021-08-03,ASML,SP500
2021-08-03,ATVI,SP500
2021-08-03,AVGO,SP500
2021-08-03,BIDU,SP500
2021-08-03,BIIB,SP500
2021-08-03,BKNG,SP500
2021-08-03,CDNS,SP500
2021-08-03,CDW,SP500
2021-08-03,CERN,SP500
2021-08-03,CHKP,SP500
2021-08-03,CHTR,SP500
2021-08-03,CMCSA,SP500
2021-08-03,COST,SP500
2021-08-03,CPRT,SP500
2021-08-03,CSCO,SP500
2021-08-03,CSX,SP500
2021-08-03,CTAS,SP500
2021-08-03,CTSH,SP500
2021-08-03,DLTR,SP500
2021-08-03,DOCU,SP500
2021-08-03,DXCM,SP500
2021-08-03,EA,SP500
2021-08-03,EBAY,SP500
2021-08-03,EXC,SP500
2021-08-03,FAST,SP500
2021-08-03,FB,SP500
2021-08-03,FISV,SP500
2021-08-03,FOX,SP500
2021-08-03,FOXA,SP500
2021-08-03,GILD,SP500
2021-08-03,GOOG,SP500
2021-08-03,GOOGL,SP500
2021-08-03,HON,SP500
2021-08-03,IDXX,SP500
2021-08-03,ILMN,SP500
2021-08-03,INCY,SP500
2021-08-03,INTC,SP500
2021-08-03,INTU,SP500
2021-08-03,ISRG,SP500
2021-08-03,JD,SP500
2021-08-03,KDP,SP500
2021-08-03,KHC,SP500
2021-08-03,KLAC,SP500
2021-08-03,LRCX,SP500
2021-08-03,LULU,SP500
2021-08-03,MAR,SP500
2021-08-03,MCHP,SP500
2021-08-03,MDLZ,SP500
2021-08-03,MELI,SP500
2021-08-03,MNST,SP500
2021-08-03,MRNA,SP500
2021-08-03,MRVL,SP500
2021-08-03,MSFT,SP500
2021-08-03,MTCH,SP500
2021-08-03,MU,SP500
2021-08-03,MXIM,SP500
2021-08-03,NFLX,SP500
2021-08-03,NTES,SP500
2021-08-03,NVDA,SP500
2021-08-03,NXPI,SP500
2021-08-03,OKTA,SP500
2021-08-03,ORLY,SP500
2021-08-03,PAYX,SP500
2021-08-03,PCAR,SP500
2021-08-03,PDD,SP500
2021-08-03,PEP,SP500
2021-08-03,PTON,SP500
2021-08-03,PYPL,SP500
2021-08-03,QCOM,SP500
2021-08-03,REGN,SP500
2021-08-03,ROST,SP500
2021-08-03,SBUX,SP500
2021-08-03,SGEN,SP500
2021-08-03,SIRI,SP500
2021-08-03,SNPS,SP500
2021-08-03,SPLK,SP500
2021-08-03,SWKS,SP500
2021-08-03,TCOM,SP500
2021-08-03,TEAM,SP500
2021-08-03,TMUS,SP500
2021-08-03,TSLA,SP500
2021-08-03,TXN,SP500
2021-08-03,VRSK,SP500
2021-08-03,VRSN,SP500
2021-08-03,VRTX,SP500
2021-08-03,WBA,SP500
2021-08-03,WDAY,SP500
2021-08-03,XEL,SP500
2021-08-03,XLNX,SP500
2021-08-03,ZM,SP500
2021-09-01,AAPL,SP500
2021-09-01,ADBE,SP500
2021-09-01,ADI,SP500
2021-09-01,ADP,SP500
2021-09-01,ADSK,SP500
2021-09-01,AEP,SP500
2021-09-01,ALGN,SP500
2021-09-01,AMAT,SP500
2021-09-01,AMD,SP500
2021-09-01,AMGN,SP500
2021-09-01,AMZN,SP500
2021-09-01,ANSS,SP500
2021-09-01,ASML,SP500
2021-09-01,ATVI,SP500
2021-09-01,AVGO,SP500
2021-09-01,BIDU,SP500
2021-09-01,BIIB,SP500
2021-09-01,BKNG,SP500
2021-09-01,CDNS,SP500
2021-09-01,CDW,SP500
2021-09-01,CERN,SP500
2021-09-01,CHKP,SP500
2021-09-01,CHTR,SP500
2021-09-01,CMCSA,SP500
2021-09-01,COST,SP500
2021-09-01,CPRT,SP500
2021-09-01,CRWD,SP500
2021-09-01,CSCO,SP500
2021-09-01,CSX,SP500
2021-09-01,CTAS,SP500
2021-09-01,CTSH,SP500
2021-09-01,DLTR,SP500
2021-09-01,DOCU,SP500
2021-09-01,DXCM,SP500
2021-09-01,EA,SP500
2021-09-01,EBAY,SP500
2021-09-01,EXC,SP500
2021-09-01,FAST,SP500
2021-09-01,FB,SP500
2021-09-01,FISV,SP500
2021-09-01,FOX,SP500
2021-09-01,FOXA,SP500
2021-09-01,GILD,SP500
2021-09-01,GOOG,SP500
2021-09-01,GOOGL,SP500
2021-09-01,HON,SP500
2021-09-01,IDXX,SP500
2021-09-01,ILMN,SP500
2021-09-01,INCY,SP500
2021-09-01,INTC,SP500
2021-09-01,INTU,SP500
2021-09-01,ISRG,SP500
2021-09-01,JD,SP500
2021-09-01,KDP,SP500
2021-09-01,KHC,SP500
2021-09-01,KLAC,SP500
2021-09-01,LRCX,SP500
2021-09-01,LULU,SP500
2021-09-01,MAR,SP500
2021-09-01,MCHP,SP500
2021-09-01,MDLZ,SP500
2021-09-01,MELI,SP500
2021-09-01,MNST,SP500
2021-09-01,MRNA,SP500
2021-09-01,MRVL,SP500
2021-09-01,MSFT,SP500
2021-09-01,MTCH,SP500
2021-09-01,MU,SP500
2021-09-01,NFLX,SP500
2021-09-01,NTES,SP500
2021-09-01,NVDA,SP500
2021-09-01,NXPI,SP500
2021-09-01,OKTA,SP500
2021-09-01,ORLY,SP500
2021-09-01,PAYX,SP500
2021-09-01,PCAR,SP500
2021-09-01,PDD,SP500
2021-09-01,PEP,SP500
2021-09-01,PTON,SP500
2021-09-01,PYPL,SP500
2021-09-01,QCOM,SP500
2021-09-01,REGN,SP500
2021-09-01,ROST,SP500
2021-09-01,SBUX,SP500
2021-09-01,SGEN,SP500
2021-09-01,SIRI,SP500
2021-09-01,SNPS,SP500
2021-09-01,SPLK,SP500
2021-09-01,SWKS,SP500
2021-09-01,TCOM,SP500
2021-09-01,TEAM,SP500
2021-09-01,TMUS,SP500
2021-09-01,TSLA,SP500
2021-09-01,TXN,SP500
2021-09-01,VRSK,SP500
2021-09-01,VRSN,SP500
2021-09-01,VRTX,SP500
2021-09-01,WBA,SP500
2021-09-01,WDAY,SP500
2021-09-01,XEL,SP500
2021-09-01,XLNX,SP500
2021-09-01,ZM,SP500
2021-10-01,AAPL,SP500
2021-10-01,ADBE,SP500
2021-10-01,ADI,SP500
2021-10-01,ADP,SP500
2021-10-01,ADSK,SP500
2021-10-01,AEP,SP500
2021-10-01,ALGN,SP500
2021-10-01,AMAT,SP500
2021-10-01,AMD,SP500
2021-10-01,AMGN,SP500
2021-10-01,AMZN,SP500
2021-10-01,ANSS,SP500
2021-10-01,ASML,SP500
2021-10-01,ATVI,SP500
2021-10-01,AVGO,SP500
2021-10-01,BIDU,SP500
2021-10-01,BIIB,SP500
2021-10-01,BKNG,SP500
2021-10-01,CDNS,SP500
2021-10-01,CDW,SP500
2021-10-01,CERN,SP500
2021-10-01,CHKP,SP500
2021-10-01,CHTR,SP500
2021-10-01,CMCSA,SP500
2021-10-01,COST,SP500
2021-10-01,CPRT,SP500
2021-10-01,CRWD,SP500
2021-10-01,CSCO,SP500
2021-10-01,CSX,SP500
2021-10-01,CTAS,SP500
2021-10-01,CTSH,SP500
2021-10-01,DLTR,SP500
2021-10-01,DOCU,SP500
2021-10-01,DXCM,SP500
2021-10-01,EA,SP500
2021-10-01,EBAY,SP500
2021-10-01,EXC,SP500
2021-10-01,FAST,SP500
2021-10-01,FB,SP500
2021-10-01,FISV,SP500
2021-10-01,FOX,SP500
2021-10-01,FOXA,SP500
2021-10-01,GILD,SP500
2021-10-01,GOOG,SP500
2021-10-01,GOOGL,SP500
2021-10-01,HON,SP500
2021-10-01,IDXX,SP500
2021-10-01,ILMN,SP500
2021-10-01,INCY,SP500
2021-10-01,INTC,SP500
2021-10-01,INTU,SP500
2021-10-01,ISRG,SP500
2021-10-01,JD,SP500
2021-10-01,KDP,SP500
2021-10-01,KHC,SP500
2021-10-01,KLAC,SP500
2021-10-01,LRCX,SP500
2021-10-01,LULU,SP500
2021-10-01,MAR,SP500
2021-10-01,MCHP,SP500
2021-10-01,MDLZ,SP500
2021-10-01,MELI,SP500
2021-10-01,MNST,SP500
2021-10-01,MRNA,SP500
2021-10-01,MRVL,SP500
2021-10-01,MSFT,SP500
2021-10-01,MTCH,SP500
2021-10-01,MU,SP500
2021-10-01,NFLX,SP500
2021-10-01,NTES,SP500
2021-10-01,NVDA,SP500
2021-10-01,NXPI,SP500
2021-10-01,OKTA,SP500
2021-10-01,ORLY,SP500
2021-10-01,PAYX,SP500
2021-10-01,PCAR,SP500
2021-10-01,PDD,SP500
2021-10-01,PEP,SP500
2021-10-01,PTON,SP500
2021-10-01,PYPL,SP500
2021-10-01,QCOM,SP500
2021-10-01,REGN,SP500
2021-10-01,ROST,SP500
2021-10-01,SBUX,SP500
2021-10-01,SGEN,SP500
2021-10-01,SIRI,SP500
2021-10-01,SNPS,SP500
2021-10-01,SPLK,SP500
2021-10-01,SWKS,SP500
2021-10-01,TCOM,SP500
2021-10-01,TEAM,SP500
2021-10-01,TMUS,SP500
2021-10-01,TSLA,SP500
2021-10-01,TXN,SP500
2021-10-01,VRSK,SP500
2021-10-01,VRSN,SP500
2021-10-01,VRTX,SP500
2021-10-01,WBA,SP500
2021-10-01,WDAY,SP500
2021-10-01,XEL,SP500
2021-10-01,XLNX,SP500
2021-10-01,ZM,SP500
2021-11-02,AAPL,SP500
2021-11-02,ADBE,SP500
2021-11-02,ADI,SP500
2021-11-02,ADP,SP500
2021-11-02,ADSK,SP500
2021-11-02,AEP,SP500
2021-11-02,ALGN,SP500
2021-11-02,AMAT,SP500
2021-11-02,AMD,SP500
2021-11-02,AMGN,SP500
2021-11-02,AMZN,SP500
2021-11-02,ANSS,SP500
2021-11-02,ASML,SP500
2021-11-02,ATVI,SP500
2021-11-02,AVGO,SP500
2021-11-02,BIDU,SP500
2021-11-02,BIIB,SP500
2021-11-02,BKNG,SP500
2021-11-02,CDNS,SP500
2021-11-02,CDW,SP500
2021-11-02,CERN,SP500
2021-11-02,CHKP,SP500
2021-11-02,CHTR,SP500
2021-11-02,CMCSA,SP500
2021-11-02,COST,SP500
2021-11-02,CPRT,SP500
2021-11-02,CRWD,SP500
2021-11-02,CSCO,SP500
2021-11-02,CSX,SP500
2021-11-02,CTAS,SP500
2021-11-02,CTSH,SP500
2021-11-02,DLTR,SP500
2021-11-02,DOCU,SP500
2021-11-02,DXCM,SP500
2021-11-02,EA,SP500
2021-11-02,EBAY,SP500
2021-11-02,EXC,SP500
2021-11-02,FAST,SP500
2021-11-02,FB,SP500
2021-11-02,FISV,SP500
2021-11-02,FOX,SP500
2021-11-02,FOXA,SP500
2021-11-02,GILD,SP500
2021-11-02,GOOG,SP500
2021-11-02,GOOGL,SP500
2021-11-02,HON,SP500
2021-11-02,IDXX,SP500
2021-11-02,ILMN,SP500
2021-11-02,INCY,SP500
2021-11-02,INTC,SP500
2021-11-02,INTU,SP500
2021-11-02,ISRG,SP500
2021-11-02,JD,SP500
2021-11-02,KDP,SP500
2021-11-02,KHC,SP500
2021-11-02,KLAC,SP500
2021-11-02,LRCX,SP500
2021-11-02,LULU,SP500
2021-11-02,MAR,SP500
2021-11-02,MCHP,SP500
2021-11-02,MDLZ,SP500
2021-11-02,MELI,SP500
2021-11-02,MNST,SP500
2021-11-02,MRNA,SP500
2021-11-02,MRVL,SP500
2021-11-02,MSFT,SP500
2021-11-02,MTCH,SP500
2021-11-02,MU,SP500
2021-11-02,NFLX,SP500
2021-11-02,NTES,SP500
2021-11-02,NVDA,SP500
2021-11-02,NXPI,SP500
2021-11-02,OKTA,SP500
2021-11-02,ORLY,SP500
2021-11-02,PAYX,SP500
2021-11-02,PCAR,SP500
2021-11-02,PDD,SP500
2021-11-02,PEP,SP500
2021-11-02,PTON,SP500
2021-11-02,PYPL,SP500
2021-11-02,QCOM,SP500
2021-11-02,REGN,SP500
2021-11-02,ROST,SP500
2021-11-02,SBUX,SP500
2021-11-02,SGEN,SP500
2021-11-02,SIRI,SP500
2021-11-02,SNPS,SP500
2021-11-02,SPLK,SP500
2021-11-02,SWKS,SP500
2021-11-02,TCOM,SP500
2021-11-02,TEAM,SP500
2021-11-02,TMUS,SP500
2021-11-02,TSLA,SP500
2021-11-02,TXN,SP500
2021-11-02,VRSK,SP500
2021-11-02,VRSN,SP500
2021-11-02,VRTX,SP500
2021-11-02,WBA,SP500
2021-11-02,WDAY,SP500
2021-11-02,XEL,SP500
2021-11-02,XLNX,SP500
2021-11-02,ZM,SP500
2021-12-01,AAPL,SP500
2021-12-01,ADBE,SP500
2021-12-01,ADI,SP500
2021-12-01,ADP,SP500
2021-12-01,ADSK,SP500
2021-12-01,AEP,SP500
2021-12-01,ALGN,SP500
2021-12-01,AMAT,SP500
2021-12-01,AMD,SP500
2021-12-01,AMGN,SP500
2021-12-01,AMZN,SP500
2021-12-01,ANSS,SP500
2021-12-01,ASML,SP500
2021-12-01,ATVI,SP500
2021-12-01,AVGO,SP500
2021-12-01,AZN,SP500
2021-12-01,BIDU,SP500
2021-12-01,BIIB,SP500
2021-12-01,BKNG,SP500
2021-12-01,CDNS,SP500
2021-12-01,CDW,SP500
2021-12-01,CERN,SP500
2021-12-01,CHKP,SP500
2021-12-01,CHTR,SP500
2021-12-01,CMCSA,SP500
2021-12-01,COST,SP500
2021-12-01,CPRT,SP500
2021-12-01,CRWD,SP500
2021-12-01,CSCO,SP500
2021-12-01,CSX,SP500
2021-12-01,CTAS,SP500
2021-12-01,CTSH,SP500
2021-12-01,DLTR,SP500
2021-12-01,DOCU,SP500
2021-12-01,DXCM,SP500
2021-12-01,EA,SP500
2021-12-01,EBAY,SP500
2021-12-01,EXC,SP500
2021-12-01,FAST,SP500
2021-12-01,FB,SP500
2021-12-01,FISV,SP500
2021-12-01,FOX,SP500
2021-12-01,FOXA,SP500
2021-12-01,GILD,SP500
2021-12-01,GOOG,SP500
2021-12-01,GOOGL,SP500
2021-12-01,HON,SP500
2021-12-01,IDXX,SP500
2021-12-01,ILMN,SP500
2021-12-01,INCY,SP500
2021-12-01,INTC,SP500
2021-12-01,INTU,SP500
2021-12-01,ISRG,SP500
2021-12-01,JD,SP500
2021-12-01,KDP,SP500
2021-12-01,KHC,SP500
2021-12-01,KLAC,SP500
2021-12-01,LRCX,SP500
2021-12-01,LULU,SP500
2021-12-01,MAR,SP500
2021-12-01,MCHP,SP500
2021-12-01,MDLZ,SP500
2021-12-01,MELI,SP500
2021-12-01,MNST,SP500
2021-12-01,MRNA,SP500
2021-12-01,MRVL,SP500
2021-12-01,MSFT,SP500
2021-12-01,MTCH,SP500
2021-12-01,MU,SP500
2021-12-01,NFLX,SP500
2021-12-01,NTES,SP500
2021-12-01,NVDA,SP500
2021-12-01,NXPI,SP500
2021-12-01,OKTA,SP500
2021-12-01,ORLY,SP500
2021-12-01,PAYX,SP500
2021-12-01,PCAR,SP500
2021-12-01,PDD,SP500
2021-12-01,PEP,SP500
2021-12-01,PTON,SP500
2021-12-01,PYPL,SP500
2021-12-01,QCOM,SP500
2021-12-01,REGN,SP500
2021-12-01,ROST,SP500
2021-12-01,SBUX,SP500
2021-12-01,SGEN,SP500
2021-12-01,SIRI,SP500
2021-12-01,SNPS,SP500
2021-12-01,SPLK,SP500
2021-12-01,SWKS,SP500
2021-12-01,TCOM,SP500
2021-12-01,TEAM,SP500
2021-12-01,TMUS,SP500
2021-12-01,TSLA,SP500
2021-12-01,TXN,SP500
2021-12-01,VRSK,SP500
2021-12-01,VRSN,SP500
2021-12-01,VRTX,SP500
2021-12-01,WBA,SP500
2021-12-01,WDAY,SP500
2021-12-01,XEL,SP500
2021-12-01,XLNX,SP500
2021-12-01,ZM,SP500
2022-01-01,AAPL,SP500
2022-01-01,ABNB,SP500
2022-01-01,ADBE,SP500
2022-01-01,ADI,SP500
2022-01-01,ADP,SP500
2022-01-01,ADSK,SP500
2022-01-01,AEP,SP500
2022-01-01,ALGN,SP500
2022-01-01,AMAT,SP500
2022-01-01,AMD,SP500
2022-01-01,AMGN,SP500
2022-01-01,AMZN,SP500
2022-01-01,ANSS,SP500
2022-01-01,ASML,SP500
2022-01-01,ATVI,SP500
2022-01-01,AVGO,SP500
2022-01-01,BIDU,SP500
2022-01-01,BIIB,SP500
2022-01-01,BKNG,SP500
2022-01-01,CDNS,SP500
2022-01-01,CHTR,SP500
2022-01-01,CMCSA,SP500
2022-01-01,COST,SP500
2022-01-01,CPRT,SP500
2022-01-01,CRWD,SP500
2022-01-01,CSCO,SP500
2022-01-01,CSX,SP500
2022-01-01,CTAS,SP500
2022-01-01,CTSH,SP500
2022-01-01,DDOG,SP500
2022-01-01,DLTR,SP500
2022-01-01,DOCU,SP500
2022-01-01,DXCM,SP500
2022-01-01,EA,SP500
2022-01-01,EBAY,SP500
2022-01-01,EXC,SP500
2022-01-01,FAST,SP500
2022-01-01,FB,SP500
2022-01-01,FISV,SP500
2022-01-01,FTNT,SP500
2022-01-01,GILD,SP500
2022-01-01,GOOG,SP500
2022-01-01,GOOGL,SP500
2022-01-01,HON,SP500
2022-01-01,IDXX,SP500
2022-01-01,ILMN,SP500
2022-01-01,INTC,SP500
2022-01-01,INTU,SP500
2022-01-01,ISRG,SP500
2022-01-01,JD,SP500
2022-01-01,KDP,SP500
2022-01-01,KHC,SP500
2022-01-01,KLAC,SP500
2022-01-01,LCID,SP500
2022-01-01,LRCX,SP500
2022-01-01,LULU,SP500
2022-01-01,MAR,SP500
2022-01-01,MCHP,SP500
2022-01-01,MDLZ,SP500
2022-01-01,MELI,SP500
2022-01-01,MNST,SP500
2022-01-01,MRNA,SP500
2022-01-01,MRVL,SP500
2022-01-01,MSFT,SP500
2022-01-01,MTCH,SP500
2022-01-01,MU,SP500
2022-01-01,NFLX,SP500
2022-01-01,NTES,SP500
2022-01-01,NVDA,SP500
2022-01-01,NXPI,SP500
2022-01-01,OKTA,SP500
2022-01-01,ORLY,SP500
2022-01-01,PANW,SP500
2022-01-01,PAYX,SP500
2022-01-01,PCAR,SP500
2022-01-01,PDD,SP500
2022-01-01,PEP,SP500
2022-01-01,PTON,SP500
2022-01-01,PYPL,SP500
2022-01-01,QCOM,SP500
2022-01-01,REGN,SP500
2022-01-01,ROST,SP500
2022-01-01,SBUX,SP500
2022-01-01,SGEN,SP500
2022-01-01,SIRI,SP500
2022-01-01,SNPS,SP500
2022-01-01,SPLK,SP500
2022-01-01,SWKS,SP500
2022-01-01,TEAM,SP500
2022-01-01,TMUS,SP500
2022-01-01,TSLA,SP500
2022-01-01,TXN,SP500
2022-01-01,VRSK,SP500
2022-01-01,VRSN,SP500
2022-01-01,VRTX,SP500
2022-01-01,WBA,SP500
2022-01-01,WDAY,SP500
2022-01-01,XEL,SP500
2022-01-01,XLNX,SP500
2022-01-01,ZM,SP500
2022-01-01,ZS,SP500
2022-02-01,AAPL,SP500
2022-02-01,ABNB,SP500
2022-02-01,ADBE,SP500
2022-02-01,ADI,SP500
2022-02-01,ADP,SP500
2022-02-01,ADSK,SP500
2022-02-01,AEP,SP500
2022-02-01,ALGN,SP500
2022-02-01,AMAT,SP500
2022-02-01,AMD,SP500
2022-02-01,AMGN,SP500
2022-02-01,AMZN,SP500
2022-02-01,ANSS,SP500
2022-02-01,ASML,SP500
2022-02-01,ATVI,SP500
2022-02-01,AVGO,SP500
2022-02-01,BIDU,SP500
2022-02-01,BIIB,SP500
2022-02-01,BKNG,SP500
2022-02-01,CDNS,SP500
2022-02-01,CHTR,SP500
2022-02-01,CMCSA,SP500
2022-02-01,COST,SP500
2022-02-01,CPRT,SP500
2022-02-01,CRWD,SP500
2022-02-01,CSCO,SP500
2022-02-01,CSX,SP500
2022-02-01,CTAS,SP500
2022-02-01,CTSH,SP500
2022-02-01,DDOG,SP500
2022-02-01,DLTR,SP500
2022-02-01,DOCU,SP500
2022-02-01,DXCM,SP500
2022-02-01,EA,SP500
2022-02-01,EBAY,SP500
2022-02-01,EXC,SP500
2022-02-01,FAST,SP500
2022-02-01,FB,SP500
2022-02-01,FISV,SP500
2022-02-01,FTNT,SP500
2022-02-01,GILD,SP500
2022-02-01,GOOG,SP500
2022-02-01,GOOGL,SP500
2022-02-01,HON,SP500
2022-02-01,IDXX,SP500
2022-02-01,ILMN,SP500
2022-02-01,INTC,SP500
2022-02-01,INTU,SP500
2022-02-01,ISRG,SP500
2022-02-01,JD,SP500
2022-02-01,KDP,SP500
2022-02-01,KHC,SP500
2022-02-01,KLAC,SP500
2022-02-01,LCID,SP500
2022-02-01,LRCX,SP500
2022-02-01,LULU,SP500
2022-02-01,MAR,SP500
2022-02-01,MCHP,SP500
2022-02-01,MDLZ,SP500
2022-02-01,MELI,SP500
2022-02-01,MNST,SP500
2022-02-01,MRNA,SP500
2022-02-01,MRVL,SP500
2022-02-01,MSFT,SP500
2022-02-01,MTCH,SP500
2022-02-01,MU,SP500
2022-02-01,NFLX,SP500
2022-02-01,NTES,SP500
2022-02-01,NVDA,SP500
2022-02-01,NXPI,SP500
2022-02-01,ODFL,SP500
2022-02-01,OKTA,SP500
2022-02-01,ORLY,SP500
2022-02-01,PANW,SP500
2022-02-01,PAYX,SP500
2022-02-01,PCAR,SP500
2022-02-01,PDD,SP500
2022-02-01,PEP,SP500
2022-02-01,PYPL,SP500
2022-02-01,QCOM,SP500
2022-02-01,REGN,SP500
2022-02-01,ROST,SP500
2022-02-01,SBUX,SP500
2022-02-01,SGEN,SP500
2022-02-01,SIRI,SP500
2022-02-01,SNPS,SP500
2022-02-01,SPLK,SP500
2022-02-01,SWKS,SP500
2022-02-01,TEAM,SP500
2022-02-01,TMUS,SP500
2022-02-01,TSLA,SP500
2022-02-01,TXN,SP500
2022-02-01,VRSK,SP500
2022-02-01,VRSN,SP500
2022-02-01,VRTX,SP500
2022-02-01,WBA,SP500
2022-02-01,WDAY,SP500
2022-02-01,XEL,SP500
2022-02-01,XLNX,SP500
2022-02-01,ZM,SP500
2022-02-01,ZS,SP500
2022-03-01,AAPL,SP500
2022-03-01,ABNB,SP500
2022-03-01,ADBE,SP500
2022-03-01,ADI,SP500
2022-03-01,ADP,SP500
2022-03-01,ADSK,SP500
2022-03-01,AEP,SP500
2022-03-01,ALGN,SP500
2022-03-01,AMAT,SP500
2022-03-01,AMD,SP500
2022-03-01,AMGN,SP500
2022-03-01,AMZN,SP500
2022-03-01,ANSS,SP500
2022-03-01,ASML,SP500
2022-03-01,ATVI,SP500
2022-03-01,AVGO,SP500
2022-03-01,AZN,SP500
2022-03-01,BIDU,SP500
2022-03-01,BIIB,SP500
2022-03-01,BKNG,SP500
2022-03-01,CDNS,SP500
2022-03-01,CEG,SP500
2022-03-01,CHTR,SP500
2022-03-01,CMCSA,SP500
2022-03-01,COST,SP500
2022-03-01,CPRT,SP500
2022-03-01,CRWD,SP500
2022-03-01,CSCO,SP500
2022-03-01,CSX,SP500
2022-03-01,CTAS,SP500
2022-03-01,CTSH,SP500
2022-03-01,DDOG,SP500
2022-03-01,DLTR,SP500
2022-03-01,DOCU,SP500
2022-03-01,DXCM,SP500
2022-03-01,EA,SP500
2022-03-01,EBAY,SP500
2022-03-01,EXC,SP500
2022-03-01,FAST,SP500
2022-03-01,FB,SP500
2022-03-01,FISV,SP500
2022-03-01,FTNT,SP500
2022-03-01,GILD,SP500
2022-03-01,GOOG,SP500
2022-03-01,GOOGL,SP500
2022-03-01,HON,SP500
2022-03-01,IDXX,SP500
2022-03-01,ILMN,SP500
2022-03-01,INTC,SP500
2022-03-01,INTU,SP500
2022-03-01,ISRG,SP500
2022-03-01,JD,SP500
2022-03-01,KDP,SP500
2022-03-01,KHC,SP500
2022-03-01,KLAC,SP500
2022-03-01,LCID,SP500
2022-03-01,LRCX,SP500
2022-03-01,LULU,SP500
2022-03-01,MAR,SP500
2022-03-01,MCHP,SP500
2022-03-01,MDLZ,SP500
2022-03-01,MELI,SP500
2022-03-01,MNST,SP500
2022-03-01,MRNA,SP500
2022-03-01,MRVL,SP500
2022-03-01,MSFT,SP500
2022-03-01,MTCH,SP500
2022-03-01,MU,SP500
2022-03-01,NFLX,SP500
2022-03-01,NTES,SP500
2022-03-01,NVDA,SP500
2022-03-01,NXPI,SP500
2022-03-01,ODFL,SP500
2022-03-01,OKTA,SP500
2022-03-01,ORLY,SP500
2022-03-01,PANW,SP500
2022-03-01,PAYX,SP500
2022-03-01,PCAR,SP500
2022-03-01,PDD,SP500
2022-03-01,PEP,SP500
2022-03-01,PYPL,SP500
2022-03-01,QCOM,SP500
2022-03-01,REGN,SP500
2022-03-01,ROST,SP500
2022-03-01,SBUX,SP500
2022-03-01,SGEN,SP500
2022-03-01,SIRI,SP500
2022-03-01,SNPS,SP500
2022-03-01,SPLK,SP500
2022-03-01,SWKS,SP500
2022-03-01,TEAM,SP500
2022-03-01,TMUS,SP500
2022-03-01,TSLA,SP500
2022-03-01,TXN,SP500
2022-03-01,VRSK,SP500
2022-03-01,VRSN,SP500
2022-03-01,VRTX,SP500
2022-03-01,WBA,SP500
2022-03-01,WDAY,SP500
2022-03-01,XEL,SP500
2022-03-01,ZM,SP500
2022-03-01,ZS,SP500
2022-04-01,AAPL,SP500
2022-04-01,ABNB,SP500
2022-04-01,ADBE,SP500
2022-04-01,ADI,SP500
2022-04-01,ADP,SP500
2022-04-01,ADSK,SP500
2022-04-01,AEP,SP500
2022-04-01,ALGN,SP500
2022-04-01,AMAT,SP500
2022-04-01,AMD,SP500
2022-04-01,AMGN,SP500
2022-04-01,AMZN,SP500
2022-04-01,ANSS,SP500
2022-04-01,ASML,SP500
2022-04-01,ATVI,SP500
2022-04-01,AVGO,SP500
2022-04-01,AZN,SP500
2022-04-01,BIDU,SP500
2022-04-01,BIIB,SP500
2022-04-01,BKNG,SP500
2022-04-01,CDNS,SP500
2022-04-01,CEG,SP500
2022-04-01,CHTR,SP500
2022-04-01,CMCSA,SP500
2022-04-01,COST,SP500
2022-04-01,CPRT,SP500
2022-04-01,CRWD,SP500
2022-04-01,CSCO,SP500
2022-04-01,CSX,SP500
2022-04-01,CTAS,SP500
2022-04-01,CTSH,SP500
2022-04-01,DDOG,SP500
2022-04-01,DLTR,SP500
2022-04-01,DOCU,SP500
2022-04-01,DXCM,SP500
2022-04-01,EA,SP500
2022-04-01,EBAY,SP500
2022-04-01,EXC,SP500
2022-04-01,FAST,SP500
2022-04-01,FB,SP500
2022-04-01,FISV,SP500
2022-04-01,FTNT,SP500
2022-04-01,GILD,SP500
2022-04-01,GOOG,SP500
2022-04-01,GOOGL,SP500
2022-04-01,HON,SP500
2022-04-01,IDXX,SP500
2022-04-01,ILMN,SP500
2022-04-01,INTC,SP500
2022-04-01,INTU,SP500
2022-04-01,ISRG,SP500
2022-04-01,JP,SP500
2022-04-01,KDP,SP500
2022-04-01,KHC,SP500
2022-04-01,KLAC,SP500
2022-04-01,LCID,SP500
2022-04-01,LRCX,SP500
2022-04-01,LULU,SP500
2022-04-01,MAR,SP500
2022-04-01,MCHP,SP500
2022-04-01,MDLZ,SP500
2022-04-01,MELI,SP500
2022-04-01,MNST,SP500
2022-04-01,MRNA,SP500
2022-04-01,MRVL,SP500
2022-04-01,MSFT,SP500
2022-04-01,MTCH,SP500
2022-04-01,MU,SP500
2022-04-01,NFLX,SP500
2022-04-01,NTES,SP500
2022-04-01,NVDA,SP500
2022-04-01,NXPI,SP500
2022-04-01,ODFL,SP500
2022-04-01,OKTA,SP500
2022-04-01,ORLY,SP500
2022-04-01,PANW,SP500
2022-04-01,PAYX,SP500
2022-04-01,PCAR,SP500
2022-04-01,PDD,SP500
2022-04-01,PEP,SP500
2022-04-01,PYPL,SP500
2022-04-01,QCOM,SP500
2022-04-01,REGN,SP500
2022-04-01,ROST,SP500
2022-04-01,SBUX,SP500
2022-04-01,SGEN,SP500
2022-04-01,SIRI,SP500
2022-04-01,SNPS,SP500
2022-04-01,SPLK,SP500
2022-04-01,SWKS,SP500
2022-04-01,TEAM,SP500
2022-04-01,TMUS,SP500
2022-04-01,TSLA,SP500
2022-04-01,TXN,SP500
2022-04-01,VRSK,SP500
2022-04-01,VRSN,SP500
2022-04-01,VRTX,SP500
2022-04-01,WBA,SP500
2022-04-01,WDAY,SP500
2022-04-01,XEL,SP500
2022-04-01,ZM,SP500
2022-04-01,ZS,SP500
2022-05-03,AAPL,SP500
2022-05-03,ABNB,SP500
2022-05-03,ADBE,SP500
2022-05-03,ADI,SP500
2022-05-03,ADP,SP500
2022-05-03,ADSK,SP500
2022-05-03,AEP,SP500
2022-05-03,ALGN,SP500
2022-05-03,AMAT,SP500
2022-05-03,AMD,SP500
2022-05-03,AMGN,SP500
2022-05-03,AMZN,SP500
2022-05-03,ANSS,SP500
2022-05-03,ASML,SP500
2022-05-03,ATVI,SP500
2022-05-03,AVGO,SP500
2022-05-03,AZN,SP500
2022-05-03,BIDU,SP500
2022-05-03,BIIB,SP500
2022-05-03,BKNG,SP500
2022-05-03,CDNS,SP500
2022-05-03,CEG,SP500
2022-05-03,CHTR,SP500
2022-05-03,CMCSA,SP500
2022-05-03,COST,SP500
2022-05-03,CPRT,SP500
2022-05-03,CRWD,SP500
2022-05-03,CSCO,SP500
2022-05-03,CSX,SP500
2022-05-03,CTAS,SP500
2022-05-03,CTSH,SP500
2022-05-03,DDOG,SP500
2022-05-03,DLTR,SP500
2022-05-03,DXCM,SP500
2022-05-03,EA,SP500
2022-05-03,EBAY,SP500
2022-05-03,EXC,SP500
2022-05-03,FAST,SP500
2022-05-03,FB,SP500
2022-05-03,FISV,SP500
2022-05-03,FTNT,SP500
2022-05-03,GILD,SP500
2022-05-03,GOOG,SP500
2022-05-03,GOOGL,SP500
2022-05-03,HON,SP500
2022-05-03,IDXX,SP500
2022-05-03,ILMN,SP500
2022-05-03,INTC,SP500
2022-05-03,INTU,SP500
2022-05-03,ISRG,SP500
2022-05-03,JP,SP500
2022-05-03,KDP,SP500
2022-05-03,KHC,SP500
2022-05-03,KLAC,SP500
2022-05-03,LCID,SP500
2022-05-03,LRCX,SP500
2022-05-03,LULU,SP500
2022-05-03,MAR,SP500
2022-05-03,MCHP,SP500
2022-05-03,MDLZ,SP500
2022-05-03,MELI,SP500
2022-05-03,MNST,SP500
2022-05-03,MRNA,SP500
2022-05-03,MRVL,SP500
2022-05-03,MSFT,SP500
2022-05-03,MTCH,SP500
2022-05-03,MU,SP500
2022-05-03,NFLX,SP500
2022-05-03,NVDA,SP500
2022-05-03,NXPI,SP500
2022-05-03,ODFL,SP500
2022-05-03,OKTA,SP500
2022-05-03,ORLY,SP500
2022-05-03,PANW,SP500
2022-05-03,PAYX,SP500
2022-05-03,PCAR,SP500
2022-05-03,PEP,SP500
2022-05-03,PYPL,SP500
2022-05-03,QCOM,SP500
2022-05-03,REGN,SP500
2022-05-03,ROST,SP500
2022-05-03,SBUX,SP500
2022-05-03,SGEN,SP500
2022-05-03,SIRI,SP500
2022-05-03,SNPS,SP500
2022-05-03,SPLK,SP500
2022-05-03,SWKS,SP500
2022-05-03,TEAM,SP500
2022-05-03,TMUS,SP500
2022-05-03,TSLA,SP500
2022-05-03,TXN,SP500
2022-05-03,VRSK,SP500
2022-05-03,VRSN,SP500
2022-05-03,VRTX,SP500
2022-05-03,WBA,SP500
2022-05-03,WDAY,SP500
2022-05-03,XEL,SP500
2022-05-03,ZM,SP500
2022-05-03,ZS,SP500
2022-06-01,AAPL,SP500
2022-06-01,ABNB,SP500
2022-06-01,ADBE,SP500
2022-06-01,ADI,SP500
2022-06-01,ADP,SP500
2022-06-01,ADSK,SP500
2022-06-01,AEP,SP500
2022-06-01,ALGN,SP500
2022-06-01,AMAT,SP500
2022-06-01,AMD,SP500
2022-06-01,AMGN,SP500
2022-06-01,AMZN,SP500
2022-06-01,ANSS,SP500
2022-06-01,ASML,SP500
2022-06-01,ATVI,SP500
2022-06-01,AVGO,SP500
2022-06-01,AZN,SP500
2022-06-01,BIDU,SP500
2022-06-01,BIIB,SP500
2022-06-01,BKNG,SP500
2022-06-01,CDNS,SP500
2022-06-01,CEG,SP500
2022-06-01,CHTR,SP500
2022-06-01,CMCSA,SP500
2022-06-01,COST,SP500
2022-06-01,CPRT,SP500
2022-06-01,CRWD,SP500
2022-06-01,CSCO,SP500
2022-06-01,CSX,SP500
2022-06-01,CTAS,SP500
2022-06-01,CTSH,SP500
2022-06-01,DDOG,SP500
2022-06-01,DLTR,SP500
2022-06-01,DOCU,SP500
2022-06-01,DXCM,SP500
2022-06-01,EA,SP500
2022-06-01,EBAY,SP500
2022-06-01,EXC,SP500
2022-06-01,FAST,SP500
2022-06-01,FB,SP500
2022-06-01,FISV,SP500
2022-06-01,FTNT,SP500
2022-06-01,GILD,SP500
2022-06-01,GOOG,SP500
2022-06-01,GOOGL,SP500
2022-06-01,HON,SP500
2022-06-01,IDXX,SP500
2022-06-01,ILMN,SP500
2022-06-01,INTC,SP500
2022-06-01,INTU,SP500
2022-06-01,ISRG,SP500
2022-06-01,JP,SP500
2022-06-01,KDP,SP500
2022-06-01,KHC,SP500
2022-06-01,KLAC,SP500
2022-06-01,LCID,SP500
2022-06-01,LRCX,SP500
2022-06-01,LULU,SP500
2022-06-01,MAR,SP500
2022-06-01,MCHP,SP500
2022-06-01,MDLZ,SP500
2022-06-01,MELI,SP500
2022-06-01,MNST,SP500
2022-06-01,MRNA,SP500
2022-06-01,MRVL,SP500
2022-06-01,MSFT,SP500
2022-06-01,MTCH,SP500
2022-06-01,MU,SP500
2022-06-01,NFLX,SP500
2022-06-01,NTES,SP500
2022-06-01,NVDA,SP500
2022-06-01,NXPI,SP500
2022-06-01,ODFL,SP500
2022-06-01,ORLY,SP500
2022-06-01,PANW,SP500
2022-06-01,PAYX,SP500
2022-06-01,PCAR,SP500
2022-06-01,PDD,SP500
2022-06-01,PEP,SP500
2022-06-01,PYPL,SP500
2022-06-01,QCOM,SP500
2022-06-01,REGN,SP500
2022-06-01,ROST,SP500
2022-06-01,SBUX,SP500
2022-06-01,SGEN,SP500
2022-06-01,SIRI,SP500
2022-06-01,SNPS,SP500
2022-06-01,SPLK,SP500
2022-06-01,SWKS,SP500
2022-06-01,TEAM,SP500
2022-06-01,TMUS,SP500
2022-06-01,TSLA,SP500
2022-06-01,TXN,SP500
2022-06-01,VRSK,SP500
2022-06-01,VRSN,SP500
2022-06-01,VRTX,SP500
2022-06-01,WBA,SP500
2022-06-01,WDAY,SP500
2022-06-01,XEL,SP500
2022-06-01,ZM,SP500
2022-06-01,ZS,SP500
2022-07-01,AAPL,SP500
2022-07-01,ABNB,SP500
2022-07-01,ADBE,SP500
2022-07-01,ADI,SP500
2022-07-01,ADP,SP500
2022-07-01,ADSK,SP500
2022-07-01,AEP,SP500
2022-07-01,ALGN,SP500
2022-07-01,AMAT,SP500
2022-07-01,AMD,SP500
2022-07-01,AMGN,SP500
2022-07-01,AMZN,SP500
2022-07-01,ANSS,SP500
2022-07-01,ASML,SP500
2022-07-01,ATVI,SP500
2022-07-01,AVGO,SP500
2022-07-01,AZN,SP500
2022-07-01,BIDU,SP500
2022-07-01,BIIB,SP500
2022-07-01,BKNG,SP500
2022-07-01,CDNS,SP500
2022-07-01,CEG,SP500
2022-07-01,CHTR,SP500
2022-07-01,CMCSA,SP500
2022-07-01,COST,SP500
2022-07-01,CPRT,SP500
2022-07-01,CRWD,SP500
2022-07-01,CSCO,SP500
2022-07-01,CSX,SP500
2022-07-01,CTAS,SP500
2022-07-01,CTSH,SP500
2022-07-01,DDOG,SP500
2022-07-01,DLTR,SP500
2022-07-01,DXCM,SP500
2022-07-01,EA,SP500
2022-07-01,EBAY,SP500
2022-07-01,EXC,SP500
2022-07-01,FAST,SP500
2022-07-01,FISV,SP500
2022-07-01,FTNT,SP500
2022-07-01,GILD,SP500
2022-07-01,GOOG,SP500
2022-07-01,GOOGL,SP500
2022-07-01,HON,SP500
2022-07-01,IDXX,SP500
2022-07-01,ILMN,SP500
2022-07-01,INTC,SP500
2022-07-01,INTU,SP500
2022-07-01,ISRG,SP500
2022-07-01,JD,SP500
2022-07-01,KDP,SP500
2022-07-01,KHC,SP500
2022-07-01,KLAC,SP500
2022-07-01,LCID,SP500
2022-07-01,LRCX,SP500
2022-07-01,LULU,SP500
2022-07-01,MAR,SP500
2022-07-01,MCHP,SP500
2022-07-01,MDLZ,SP500
2022-07-01,MELI,SP500
2022-07-01,META,SP500
2022-07-01,MNST,SP500
2022-07-01,MRNA,SP500
2022-07-01,MRVL,SP500
2022-07-01,MSFT,SP500
2022-07-01,MTCH,SP500
2022-07-01,MU,SP500
2022-07-01,NFLX,SP500
2022-07-01,NTES,SP500
2022-07-01,NVDA,SP500
2022-07-01,NXPI,SP500
2022-07-01,ODFL,SP500
2022-07-01,OKTA,SP500
2022-07-01,ORLY,SP500
2022-07-01,PANW,SP500
2022-07-01,PAYX,SP500
2022-07-01,PCAR,SP500
2022-07-01,PDD,SP500
2022-07-01,PEP,SP500
2022-07-01,PYPL,SP500
2022-07-01,QCOM,SP500
2022-07-01,REGN,SP500
2022-07-01,ROST,SP500
2022-07-01,SBUX,SP500
2022-07-01,SGEN,SP500
2022-07-01,SIRI,SP500
2022-07-01,SNPS,SP500
2022-07-01,SPLK,SP500
2022-07-01,SWKS,SP500
2022-07-01,TEAM,SP500
2022-07-01,TMUS,SP500
2022-07-01,TSLA,SP500
2022-07-01,TXN,SP500
2022-07-01,VRSK,SP500
2022-07-01,VRSN,SP500
2022-07-01,VRTX,SP500
2022-07-01,WBA,SP500
2022-07-01,WDAY,SP500
2022-07-01,XEL,SP500
2022-07-01,ZM,SP500
2022-07-01,ZS,SP500
2022-08-02,AAPL,SP500
2022-08-02,ABNB,SP500
2022-08-02,ADBE,SP500
2022-08-02,ADI,SP500
2022-08-02,ADP,SP500
2022-08-02,ADSK,SP500
2022-08-02,AEP,SP500
2022-08-02,ALGN,SP500
2022-08-02,AMAT,SP500
2022-08-02,AMD,SP500
2022-08-02,AMGN,SP500
2022-08-02,AMZN,SP500
2022-08-02,ANSS,SP500
2022-08-02,ASML,SP500
2022-08-02,ATVI,SP500
2022-08-02,AVGO,SP500
2022-08-02,AZN,SP500
2022-08-02,BIDU,SP500
2022-08-02,BIIB,SP500
2022-08-02,BKNG,SP500
2022-08-02,CDNS,SP500
2022-08-02,CEG,SP500
2022-08-02,CHTR,SP500
2022-08-02,CMCSA,SP500
2022-08-02,COST,SP500
2022-08-02,CPRT,SP500
2022-08-02,CRWD,SP500
2022-08-02,CSCO,SP500
2022-08-02,CSX,SP500
2022-08-02,CTAS,SP500
2022-08-02,CTSH,SP500
2022-08-02,DDOG,SP500
2022-08-02,DLTR,SP500
2022-08-02,DXCM,SP500
2022-08-02,EA,SP500
2022-08-02,EBAY,SP500
2022-08-02,EXC,SP500
2022-08-02,FAST,SP500
2022-08-02,FISV,SP500
2022-08-02,FTNT,SP500
2022-08-02,GILD,SP500
2022-08-02,GOOG,SP500
2022-08-02,GOOGL,SP500
2022-08-02,HON,SP500
2022-08-02,IDXX,SP500
2022-08-02,ILMN,SP500
2022-08-02,INTC,SP500
2022-08-02,INTU,SP500
2022-08-02,ISRG,SP500
2022-08-02,JD,SP500
2022-08-02,KDP,SP500
2022-08-02,KHC,SP500
2022-08-02,KLAC,SP500
2022-08-02,LCID,SP500
2022-08-02,LRCX,SP500
2022-08-02,LULU,SP500
2022-08-02,MAR,SP500
2022-08-02,MCHP,SP500
2022-08-02,MDLZ,SP500
2022-08-02,MELI,SP500
2022-08-02,META,SP500
2022-08-02,MNST,SP500
2022-08-02,MRNA,SP500
2022-08-02,MRVL,SP500
2022-08-02,MSFT,SP500
2022-08-02,MTCH,SP500
2022-08-02,MU,SP500
2022-08-02,NFLX,SP500
2022-08-02,NTES,SP500
2022-08-02,NVDA,SP500
2022-08-02,NXPI,SP500
2022-08-02,ODFL,SP500
2022-08-02,OKTA,SP500
2022-08-02,ORLY,SP500
2022-08-02,PANW,SP500
2022-08-02,PAYX,SP500
2022-08-02,PCAR,SP500
2022-08-02,PDD,SP500
2022-08-02,PEP,SP500
2022-08-02,PYPL,SP500
2022-08-02,QCOM,SP500
2022-08-02,REGN,SP500
2022-08-02,ROST,SP500
2022-08-02,SBUX,SP500
2022-08-02,SGEN,SP500
2022-08-02,SIRI,SP500
2022-08-02,SNPS,SP500
2022-08-02,SPLK,SP500
2022-08-02,SWKS,SP500
2022-08-02,TEAM,SP500
2022-08-02,TMUS,SP500
2022-08-02,TSLA,SP500
2022-08-02,TXN,SP500
2022-08-02,VRSK,SP500
2022-08-02,VRSN,SP500
2022-08-02,VRTX,SP500
2022-08-02,WBA,SP500
2022-08-02,WDAY,SP500
2022-08-02,XEL,SP500
2022-08-02,ZM,SP500
2022-08-02,ZS,SP500
2022-09-01,AAPL,SP500
2022-09-01,ABNB,SP500
2022-09-01,ADBE,SP500
2022-09-01,ADI,SP500
2022-09-01,ADP,SP500
2022-09-01,ADSK,SP500
2022-09-01,AEP,SP500
2022-09-01,ALGN,SP500
2022-09-01,AMAT,SP500
2022-09-01,AMD,SP500
2022-09-01,AMGN,SP500
2022-09-01,AMZN,SP500
2022-09-01,ANSS,SP500
2022-09-01,ASML,SP500
2022-09-01,ATVI,SP500
2022-09-01,AVGO,SP500
2022-09-01,AZN,SP500
2022-09-01,BIDU,SP500
2022-09-01,BIIB,SP500
2022-09-01,BKNG,SP500
2022-09-01,CDNS,SP500
2022-09-01,CEG,SP500
2022-09-01,CHTR,SP500
2022-09-01,CMCSA,SP500
2022-09-01,COST,SP500
2022-09-01,CPRT,SP500
2022-09-01,CRWD,SP500
2022-09-01,CSCO,SP500
2022-09-01,CSX,SP500
2022-09-01,CTAS,SP500
2022-09-01,CTSH,SP500
2022-09-01,DDOG,SP500
2022-09-01,DLTR,SP500
2022-09-01,DOCU,SP500
2022-09-01,DXCM,SP500
2022-09-01,EA,SP500
2022-09-01,EBAY,SP500
2022-09-01,EXC,SP500
2022-09-01,FAST,SP500
2022-09-01,FISV,SP500
2022-09-01,FTNT,SP500
2022-09-01,GILD,SP500
2022-09-01,GOOG,SP500
2022-09-01,GOOGL,SP500
2022-09-01,HON,SP500
2022-09-01,IDXX,SP500
2022-09-01,ILMN,SP500
2022-09-01,INTC,SP500
2022-09-01,INTU,SP500
2022-09-01,ISRG,SP500
2022-09-01,JD,SP500
2022-09-01,KDP,SP500
2022-09-01,KHC,SP500
2022-09-01,KLAC,SP500
2022-09-01,LCID,SP500
2022-09-01,LRCX,SP500
2022-09-01,LULU,SP500
2022-09-01,MAR,SP500
2022-09-01,MCHP,SP500
2022-09-01,MDLZ,SP500
2022-09-01,MELI,SP500
2022-09-01,META,SP500
2022-09-01,MNST,SP500
2022-09-01,MRNA,SP500
2022-09-01,MRVL,SP500
2022-09-01,MSFT,SP500
2022-09-01,MTCH,SP500
2022-09-01,MU,SP500
2022-09-01,NFLX,SP500
2022-09-01,NTES,SP500
2022-09-01,NVDA,SP500
2022-09-01,NXPI,SP500
2022-09-01,ODFL,SP500
2022-09-01,OKTA,SP500
2022-09-01,ORLY,SP500
2022-09-01,PANW,SP500
2022-09-01,PAYX,SP500
2022-09-01,PCAR,SP500
2022-09-01,PDD,SP500
2022-09-01,PEP,SP500
2022-09-01,PYPL,SP500
2022-09-01,QCOM,SP500
2022-09-01,REGN,SP500
2022-09-01,ROST,SP500
2022-09-01,SBUX,SP500
2022-09-01,SGEN,SP500
2022-09-01,SIRI,SP500
2022-09-01,SNPS,SP500
2022-09-01,SPLK,SP500
2022-09-01,SWKS,SP500
2022-09-01,TEAM,SP500
2022-09-01,TMUS,SP500
2022-09-01,TSLA,SP500
2022-09-01,TXN,SP500
2022-09-01,VRSK,SP500
2022-09-01,VRSN,SP500
2022-09-01,VRTX,SP500
2022-09-01,WBA,SP500
2022-09-01,WDAY,SP500
2022-09-01,XEL,SP500
2022-09-01,ZM,SP500
2022-09-01,ZS,SP500
2022-10-01,AAPL,SP500
2022-10-01,ABNB,SP500
2022-10-01,ADBE,SP500
2022-10-01,ADI,SP500
2022-10-01,ADP,SP500
2022-10-01,ADSK,SP500
2022-10-01,AEP,SP500
2022-10-01,ALGN,SP500
2022-10-01,AMAT,SP500
2022-10-01,AMD,SP500
2022-10-01,AMGN,SP500
2022-10-01,AMZN,SP500
2022-10-01,ANSS,SP500
2022-10-01,ASML,SP500
2022-10-01,ATVI,SP500
2022-10-01,AVGO,SP500
2022-10-01,AZN,SP500
2022-10-01,BIDU,SP500
2022-10-01,BIIB,SP500
2022-10-01,BKNG,SP500
2022-10-01,CDNS,SP500
2022-10-01,CEG,SP500
2022-10-01,CHTR,SP500
2022-10-01,CMCSA,SP500
2022-10-01,COST,SP500
2022-10-01,CPRT,SP500
2022-10-01,CRWD,SP500
2022-10-01,CSCO,SP500
2022-10-01,CSX,SP500
2022-10-01,CTAS,SP500
2022-10-01,CTSH,SP500
2022-10-01,DDOG,SP500
2022-10-01,DLTR,SP500
2022-10-01,DXCM,SP500
2022-10-01,EA,SP500
2022-10-01,EBAY,SP500
2022-10-01,EXC,SP500
2022-10-01,FAST,SP500
2022-10-01,FISV,SP500
2022-10-01,FTNT,SP500
2022-10-01,GILD,SP500
2022-10-01,GOOG,SP500
2022-10-01,GOOGL,SP500
2022-10-01,HON,SP500
2022-10-01,IDXX,SP500
2022-10-01,ILMN,SP500
2022-10-01,INTC,SP500
2022-10-01,INTU,SP500
2022-10-01,ISRG,SP500
2022-10-01,JD,SP500
2022-10-01,KDP,SP500
2022-10-01,KHC,SP500
2022-10-01,KLAC,SP500
2022-10-01,LCID,SP500
2022-10-01,LRCX,SP500
2022-10-01,LULU,SP500
2022-10-01,MAR,SP500
2022-10-01,MCHP,SP500
2022-10-01,MDLZ,SP500
2022-10-01,MELI,SP500
2022-10-01,META,SP500
2022-10-01,MNST,SP500
2022-10-01,MRNA,SP500
2022-10-01,MRVL,SP500
2022-10-01,MSFT,SP500
2022-10-01,MTCH,SP500
2022-10-01,MU,SP500
2022-10-01,NFLX,SP500
2022-10-01,NTES,SP500
2022-10-01,NVDA,SP500
2022-10-01,NXPI,SP500
2022-10-01,ODFL,SP500
2022-10-01,ORLY,SP500
2022-10-01,PANW,SP500
2022-10-01,PAYX,SP500
2022-10-01,PCAR,SP500
2022-10-01,PDD,SP500
2022-10-01,PEP,SP500
2022-10-01,PYPL,SP500
2022-10-01,QCOM,SP500
2022-10-01,REGN,SP500
2022-10-01,ROST,SP500
2022-10-01,SBUX,SP500
2022-10-01,SGEN,SP500
2022-10-01,SIRI,SP500
2022-10-01,SNPS,SP500
2022-10-01,SPLK,SP500
2022-10-01,SWKS,SP500
2022-10-01,TEAM,SP500
2022-10-01,TMUS,SP500
2022-10-01,TSLA,SP500
2022-10-01,TXN,SP500
2022-10-01,VRSK,SP500
2022-10-01,VRSN,SP500
2022-10-01,VRTX,SP500
2022-10-01,WBA,SP500
2022-10-01,WDAY,SP500
2022-10-01,XEL,SP500
2022-10-01,ZM,SP500
2022-10-01,ZS,SP500
2022-11-01,AAPL,SP500
2022-11-01,ABNB,SP500
2022-11-01,ADBE,SP500
2022-11-01,ADI,SP500
2022-11-01,ADP,SP500
2022-11-01,ADSK,SP500
2022-11-01,AEP,SP500
2022-11-01,ALGN,SP500
2022-11-01,AMAT,SP500
2022-11-01,AMD,SP500
2022-11-01,AMGN,SP500
2022-11-01,AMZN,SP500
2022-11-01,ANSS,SP500
2022-11-01,ASML,SP500
2022-11-01,ATVI,SP500
2022-11-01,AVGO,SP500
2022-11-01,AZN,SP500
2022-11-01,BIDU,SP500
2022-11-01,BIIB,SP500
2022-11-01,BKNG,SP500
2022-11-01,CDNS,SP500
2022-11-01,CEG,SP500
2022-11-01,CHTR,SP500
2022-11-01,CMCSA,SP500
2022-11-01,COST,SP500
2022-11-01,CPRT,SP500
2022-11-01,CRWD,SP500
2022-11-01,CSCO,SP500
2022-11-01,CSX,SP500
2022-11-01,CTAS,SP500
2022-11-01,CTSH,SP500
2022-11-01,DDOG,SP500
2022-11-01,DLTR,SP500
2022-11-01,DOCU,SP500
2022-11-01,DXCM,SP500
2022-11-01,EA,SP500
2022-11-01,EBAY,SP500
2022-11-01,EXC,SP500
2022-11-01,FAST,SP500
2022-11-01,FISV,SP500
2022-11-01,FTNT,SP500
2022-11-01,GILD,SP500
2022-11-01,GOOG,SP500
2022-11-01,GOOGL,SP500
2022-11-01,HON,SP500
2022-11-01,IDXX,SP500
2022-11-01,ILMN,SP500
2022-11-01,INTC,SP500
2022-11-01,INTU,SP500
2022-11-01,ISRG,SP500
2022-11-01,JD,SP500
2022-11-01,KDP,SP500
2022-11-01,KHC,SP500
2022-11-01,KLAC,SP500
2022-11-01,LCID,SP500
2022-11-01,LRCX,SP500
2022-11-01,LULU,SP500
2022-11-01,MAR,SP500
2022-11-01,MCHP,SP500
2022-11-01,MDLZ,SP500
2022-11-01,MELI,SP500
2022-11-01,META,SP500
2022-11-01,MNST,SP500
2022-11-01,MRNA,SP500
2022-11-01,MRVL,SP500
2022-11-01,MSFT,SP500
2022-11-01,MTCH,SP500
2022-11-01,MU,SP500
2022-11-01,NFLX,SP500
2022-11-01,NTES,SP500
2022-11-01,NVDA,SP500
2022-11-01,NXPI,SP500
2022-11-01,ODFL,SP500
2022-11-01,ORLY,SP500
2022-11-01,PANW,SP500
2022-11-01,PAYX,SP500
2022-11-01,PCAR,SP500
2022-11-01,PDD,SP500
2022-11-01,PEP,SP500
2022-11-01,PYPL,SP500
2022-11-01,QCOM,SP500
2022-11-01,REGN,SP500
2022-11-01,ROST,SP500
2022-11-01,SBUX,SP500
2022-11-01,SGEN,SP500
2022-11-01,SIRI,SP500
2022-11-01,SNPS,SP500
2022-11-01,SPLK,SP500
2022-11-01,SWKS,SP500
2022-11-01,TEAM,SP500
2022-11-01,TMUS,SP500
2022-11-01,TSLA,SP500
2022-11-01,TXN,SP500
2022-11-01,VRSK,SP500
2022-11-01,VRSN,SP500
2022-11-01,VRTX,SP500
2022-11-01,WBA,SP500
2022-11-01,WDAY,SP500
2022-11-01,XEL,SP500
2022-11-01,ZM,SP500
2022-11-01,ZS,SP500
2022-12-01,AAPL,SP500
2022-12-01,ABNB,SP500
2022-12-01,ADBE,SP500
2022-12-01,ADI,SP500
2022-12-01,ADP,SP500
2022-12-01,ADSK,SP500
2022-12-01,AEP,SP500
2022-12-01,ALGN,SP500
2022-12-01,AMAT,SP500
2022-12-01,AMD,SP500
2022-12-01,AMGN,SP500
2022-12-01,AMZN,SP500
2022-12-01,ANSS,SP500
2022-12-01,ASML,SP500
2022-12-01,ATVI,SP500
2022-12-01,AVGO,SP500
2022-12-01,AZN,SP500
2022-12-01,BIDU,SP500
2022-12-01,BIIB,SP500
2022-12-01,BKNG,SP500
2022-12-01,CDNS,SP500
2022-12-01,CEG,SP500
2022-12-01,CHTR,SP500
2022-12-01,CMCSA,SP500
2022-12-01,COST,SP500
2022-12-01,CPRT,SP500
2022-12-01,CRWD,SP500
2022-12-01,CSCO,SP500
2022-12-01,CSX,SP500
2022-12-01,CTAS,SP500
2022-12-01,CTSH,SP500
2022-12-01,DDOG,SP500
2022-12-01,DLTR,SP500
2022-12-01,DXCM,SP500
2022-12-01,EA,SP500
2022-12-01,EBAY,SP500
2022-12-01,ENPH,SP500
2022-12-01,EXC,SP500
2022-12-01,FAST,SP500
2022-12-01,FISV,SP500
2022-12-01,FTNT,SP500
2022-12-01,GILD,SP500
2022-12-01,GOOG,SP500
2022-12-01,GOOGL,SP500
2022-12-01,HON,SP500
2022-12-01,IDXX,SP500
2022-12-01,ILMN,SP500
2022-12-01,INTC,SP500
2022-12-01,INTU,SP500
2022-12-01,ISRG,SP500
2022-12-01,JD,SP500
2022-12-01,KDP,SP500
2022-12-01,KHC,SP500
2022-12-01,KLAC,SP500
2022-12-01,LCID,SP500
2022-12-01,LRCX,SP500
2022-12-01,LULU,SP500
2022-12-01,MAR,SP500
2022-12-01,MCHP,SP500
2022-12-01,MDLZ,SP500
2022-12-01,MELI,SP500
2022-12-01,META,SP500
2022-12-01,MNST,SP500
2022-12-01,MRNA,SP500
2022-12-01,MRVL,SP500
2022-12-01,MSFT,SP500
2022-12-01,MTCH,SP500
2022-12-01,MU,SP500
2022-12-01,NFLX,SP500
2022-12-01,NVDA,SP500
2022-12-01,NXPI,SP500
2022-12-01,ODFL,SP500
2022-12-01,ORLY,SP500
2022-12-01,PANW,SP500
2022-12-01,PAYX,SP500
2022-12-01,PCAR,SP500
2022-12-01,PDD,SP500
2022-12-01,PEP,SP500
2022-12-01,PYPL,SP500
2022-12-01,QCOM,SP500
2022-12-01,REGN,SP500
2022-12-01,ROST,SP500
2022-12-01,SBUX,SP500
2022-12-01,SGEN,SP500
2022-12-01,SIRI,SP500
2022-12-01,SNPS,SP500
2022-12-01,SPLK,SP500
2022-12-01,SWKS,SP500
2022-12-01,TEAM,SP500
2022-12-01,TMUS,SP500
2022-12-01,TSLA,SP500
2022-12-01,TXN,SP500
2022-12-01,VRSK,SP500
2022-12-01,VRSN,SP500
2022-12-01,VRTX,SP500
2022-12-01,WBA,SP500
2022-12-01,WDAY,SP500
2022-12-01,XEL,SP500
2022-12-01,ZM,SP500
2022-12-01,ZS,SP500
2023-01-04,AAPL,SP500
2023-01-04,ABNB,SP500
2023-01-04,ADBE,SP500
2023-01-04,ADI,SP500
2023-01-04,ADP,SP500
2023-01-04,ADSK,SP500
2023-01-04,AEP,SP500
2023-01-04,AMAT,SP500
2023-01-04,AMD,SP500
2023-01-04,AMGN,SP500
2023-01-04,AMZN,SP500
2023-01-04,ANSS,SP500
2023-01-04,ASML,SP500
2023-01-04,ATVI,SP500
2023-01-04,AVGO,SP500
2023-01-04,AZN,SP500
2023-01-04,BIIB,SP500
2023-01-04,BKNG,SP500
2023-01-04,BKR,SP500
2023-01-04,CDNS,SP500
2023-01-04,CEG,SP500
2023-01-04,CHTR,SP500
2023-01-04,CMCSA,SP500
2023-01-04,COST,SP500
2023-01-04,CPRT,SP500
2023-01-04,CRWD,SP500
2023-01-04,CSCO,SP500
2023-01-04,CSGP,SP500
2023-01-04,CSX,SP500
2023-01-04,CTAS,SP500
2023-01-04,CTSH,SP500
2023-01-04,DDOG,SP500
2023-01-04,DLTR,SP500
2023-01-04,DXCM,SP500
2023-01-04,EA,SP500
2023-01-04,EBAY,SP500
2023-01-04,ENPH,SP500
2023-01-04,EXC,SP500
2023-01-04,FANG,SP500
2023-01-04,FAST,SP500
2023-01-04,FISV,SP500
2023-01-04,FTNT,SP500
2023-01-04,GFS,SP500
2023-01-04,GILD,SP500
2023-01-04,GOOG,SP500
2023-01-04,GOOGL,SP500
2023-01-04,HON,SP500
2023-01-04,IDXX,SP500
2023-01-04,ILMN,SP500
2023-01-04,INTC,SP500
2023-01-04,INTU,SP500
2023-01-04,ISRG,SP500
2023-01-04,JD,SP500
2023-01-04,KDP,SP500
2023-01-04,KHC,SP500
2023-01-04,KLAC,SP500
2023-01-04,LRCX,SP500
2023-01-04,LULU,SP500
2023-01-04,MAR,SP500
2023-01-04,MCHP,SP500
2023-01-04,MDLZ,SP500
2023-01-04,MELI,SP500
2023-01-04,META,SP500
2023-01-04,MNST,SP500
2023-01-04,MRNA,SP500
2023-01-04,MRVL,SP500
2023-01-04,MSFT,SP500
2023-01-04,MU,SP500
2023-01-04,NFLX,SP500
2023-01-04,NVDA,SP500
2023-01-04,NXPI,SP500
2023-01-04,ODFL,SP500
2023-01-04,ORLY,SP500
2023-01-04,PANW,SP500
2023-01-04,PAYX,SP500
2023-01-04,PCAR,SP500
2023-01-04,PDD,SP500
2023-01-04,PEP,SP500
2023-01-04,PYPL,SP500
2023-01-04,QCOM,SP500
2023-01-04,REGN,SP500
2023-01-04,RIVN,SP500
2023-01-04,ROST,SP500
2023-01-04,SBUX,SP500
2023-01-04,SGEN,SP500
2023-01-04,SIRI,SP500
2023-01-04,SNPS,SP500
2023-01-04,TEAM,SP500
2023-01-04,TMUS,SP500
2023-01-04,TSLA,SP500
2023-01-04,TXN,SP500
2023-01-04,VRSK,SP500
2023-01-04,VRTX,SP500
2023-01-04,WBA,SP500
2023-01-04,WBD,SP500
2023-01-04,WDAY,SP500
2023-01-04,XEL,SP500
2023-02-01,AAPL,SP500
2023-02-01,ABNB,SP500
2023-02-01,ADBE,SP500
2023-02-01,ADI,SP500
2023-02-01,ADP,SP500
2023-02-01,ADSK,SP500
2023-02-01,AEP,SP500
2023-02-01,ALGN,SP500
2023-02-01,AMAT,SP500
2023-02-01,AMD,SP500
2023-02-01,AMGN,SP500
2023-02-01,AMZN,SP500
2023-02-01,ANSS,SP500
2023-02-01,ASML,SP500
2023-02-01,ATVI,SP500
2023-02-01,AVGO,SP500
2023-02-01,AZN,SP500
2023-02-01,BIIB,SP500
2023-02-01,BKNG,SP500
2023-02-01,BKR,SP500
2023-02-01,CDNS,SP500
2023-02-01,CEG,SP500
2023-02-01,CHTR,SP500
2023-02-01,CMCSA,SP500
2023-02-01,COST,SP500
2023-02-01,CPRT,SP500
2023-02-01,CRWD,SP500
2023-02-01,CSCO,SP500
2023-02-01,CSGP,SP500
2023-02-01,CSX,SP500
2023-02-01,CTAS,SP500
2023-02-01,CTSH,SP500
2023-02-01,DDOG,SP500
2023-02-01,DLTR,SP500
2023-02-01,DXCM,SP500
2023-02-01,EA,SP500
2023-02-01,EBAY,SP500
2023-02-01,ENPH,SP500
2023-02-01,EXC,SP500
2023-02-01,FANG,SP500
2023-02-01,FAST,SP500
2023-02-01,FISV,SP500
2023-02-01,FTNT,SP500
2023-02-01,GFS,SP500
2023-02-01,GILD,SP500
2023-02-01,GOOG,SP500
2023-02-01,GOOGL,SP500
2023-02-01,HON,SP500
2023-02-01,IDXX,SP500
2023-02-01,ILMN,SP500
2023-02-01,INTC,SP500
2023-02-01,INTU,SP500
2023-02-01,ISRG,SP500
2023-02-01,JD,SP500
2023-02-01,KDP,SP500
2023-02-01,KHC,SP500
2023-02-01,KLAC,SP500
2023-02-01,LCID,SP500
2023-02-01,LRCX,SP500
2023-02-01,LULU,SP500
2023-02-01,MAR,SP500
2023-02-01,MCHP,SP500
2023-02-01,MDLZ,SP500
2023-02-01,MELI,SP500
2023-02-01,META,SP500
2023-02-01,MNST,SP500
2023-02-01,MRNA,SP500
2023-02-01,MRVL,SP500
2023-02-01,MSFT,SP500
2023-02-01,MU,SP500
2023-02-01,NFLX,SP500
2023-02-01,NVDA,SP500
2023-02-01,NXPI,SP500
2023-02-01,ODFL,SP500
2023-02-01,ORLY,SP500
2023-02-01,PANW,SP500
2023-02-01,PAYX,SP500
2023-02-01,PCAR,SP500
2023-02-01,PDD,SP500
2023-02-01,PEP,SP500
2023-02-01,PYPL,SP500
2023-02-01,QCOM,SP500
2023-02-01,REGN,SP500
2023-02-01,ROST,SP500
2023-02-01,SBUX,SP500
2023-02-01,SGEN,SP500
2023-02-01,SIRI,SP500
2023-02-01,SNPS,SP500
2023-02-01,TEAM,SP500
2023-02-01,TMUS,SP500
2023-02-01,TSLA,SP500
2023-02-01,TXN,SP500
2023-02-01,VRSK,SP500
2023-02-01,VRTX,SP500
2023-02-01,WBA,SP500
2023-02-01,WBD,SP500
2023-02-01,WDAY,SP500
2023-02-01,XEL,SP500
2023-02-01,ZS,SP500
2023-03-01,AAPL,SP500
2023-03-01,ABNB,SP500
2023-03-01,ADBE,SP500
2023-03-01,ADI,SP500
2023-03-01,ADP,SP500
2023-03-01,ADSK,SP500
2023-03-01,AEP,SP500
2023-03-01,ALGN,SP500
2023-03-01,AMAT,SP500
2023-03-01,AMD,SP500
2023-03-01,AMGN,SP500
2023-03-01,AMZN,SP500
2023-03-01,ANSS,SP500
2023-03-01,ASML,SP500
2023-03-01,ATVI,SP500
2023-03-01,AVGO,SP500
2023-03-01,AZN,SP500
2023-03-01,BIIB,SP500
2023-03-01,BKNG,SP500
2023-03-01,BKR,SP500
2023-03-01,CDNS,SP500
2023-03-01,CEG,SP500
2023-03-01,CHTR,SP500
2023-03-01,CMCSA,SP500
2023-03-01,COST,SP500
2023-03-01,CPRT,SP500
2023-03-01,CRWD,SP500
2023-03-01,CSCO,SP500
2023-03-01,CSGP,SP500
2023-03-01,CSX,SP500
2023-03-01,CTAS,SP500
2023-03-01,CTSH,SP500
2023-03-01,DDOG,SP500
2023-03-01,DLTR,SP500
2023-03-01,DXCM,SP500
2023-03-01,EA,SP500
2023-03-01,EBAY,SP500
2023-03-01,ENPH,SP500
2023-03-01,EXC,SP500
2023-03-01,FANG,SP500
2023-03-01,FAST,SP500
2023-03-01,FISV,SP500
2023-03-01,FTNT,SP500
2023-03-01,GFS,SP500
2023-03-01,GILD,SP500
2023-03-01,GOOG,SP500
2023-03-01,GOOGL,SP500
2023-03-01,HON,SP500
2023-03-01,IDXX,SP500
2023-03-01,ILMN,SP500
2023-03-01,INTC,SP500
2023-03-01,INTU,SP500
2023-03-01,ISRG,SP500
2023-03-01,JD,SP500
2023-03-01,KDP,SP500
2023-03-01,KHC,SP500
2023-03-01,KLAC,SP500
2023-03-01,LRCX,SP500
2023-03-01,LULU,SP500
2023-03-01,MAR,SP500
2023-03-01,MCHP,SP500
2023-03-01,MDLZ,SP500
2023-03-01,MELI,SP500
2023-03-01,META,SP500
2023-03-01,MNST,SP500
2023-03-01,MRNA,SP500
2023-03-01,MRVL,SP500
2023-03-01,MSFT,SP500
2023-03-01,MU,SP500
2023-03-01,NFLX,SP500
2023-03-01,NVDA,SP500
2023-03-01,NXPI,SP500
2023-03-01,ODFL,SP500
2023-03-01,ORLY,SP500
2023-03-01,PANW,SP500
2023-03-01,PAYX,SP500
2023-03-01,PCAR,SP500
2023-03-01,PDD,SP500
2023-03-01,PEP,SP500
2023-03-01,PYPL,SP500
2023-03-01,QCOM,SP500
2023-03-01,REGN,SP500
2023-03-01,RIVN,SP500
2023-03-01,ROST,SP500
2023-03-01,SBUX,SP500
2023-03-01,SGEN,SP500
2023-03-01,SIRI,SP500
2023-03-01,SNPS,SP500
2023-03-01,TEAM,SP500
2023-03-01,TMUS,SP500
2023-03-01,TSLA,SP500
2023-03-01,TXN,SP500
2023-03-01,VRSK,SP500
2023-03-01,VRTX,SP500
2023-03-01,WBA,SP500
2023-03-01,WBD,SP500
2023-03-01,WDAY,SP500
2023-03-01,XEL,SP500
2023-03-01,ZM,SP500
2023-03-01,ZS,SP500
2023-04-01,AAPL,SP500
2023-04-01,ABNB,SP500
2023-04-01,ADBE,SP500
2023-04-01,ADI,SP500
2023-04-01,ADP,SP500
2023-04-01,ADSK,SP500
2023-04-01,AEP,SP500
2023-04-01,ALGN,SP500
2023-04-01,AMAT,SP500
2023-04-01,AMD,SP500
2023-04-01,AMGN,SP500
2023-04-01,AMZN,SP500
2023-04-01,ANSS,SP500
2023-04-01,ASML,SP500
2023-04-01,ATVI,SP500
2023-04-01,AVGO,SP500
2023-04-01,AZN,SP500
2023-04-01,BIIB,SP500
2023-04-01,BKNG,SP500
2023-04-01,BKR,SP500
2023-04-01,CDNS,SP500
2023-04-01,CEG,SP500
2023-04-01,CHTR,SP500
2023-04-01,CMCSA,SP500
2023-04-01,COST,SP500
2023-04-01,CPRT,SP500
2023-04-01,CRWD,SP500
2023-04-01,CSCO,SP500
2023-04-01,CSGP,SP500
2023-04-01,CSX,SP500
2023-04-01,CTAS,SP500
2023-04-01,CTSH,SP500
2023-04-01,DDOG,SP500
2023-04-01,DLTR,SP500
2023-04-01,DXCM,SP500
2023-04-01,EA,SP500
2023-04-01,EBAY,SP500
2023-04-01,ENPH,SP500
2023-04-01,EXC,SP500
2023-04-01,FANG,SP500
2023-04-01,FAST,SP500
2023-04-01,FISV,SP500
2023-04-01,FTNT,SP500
2023-04-01,GFS,SP500
2023-04-01,GILD,SP500
2023-04-01,GOOG,SP500
2023-04-01,GOOGL,SP500
2023-04-01,HON,SP500
2023-04-01,IDXX,SP500
2023-04-01,ILMN,SP500
2023-04-01,INTC,SP500
2023-04-01,INTU,SP500
2023-04-01,ISRG,SP500
2023-04-01,JD,SP500
2023-04-01,KDP,SP500
2023-04-01,KHC,SP500
2023-04-01,KLAC,SP500
2023-04-01,LCID,SP500
2023-04-01,LRCX,SP500
2023-04-01,LULU,SP500
2023-04-01,MAR,SP500
2023-04-01,MCHP,SP500
2023-04-01,MDLZ,SP500
2023-04-01,MELI,SP500
2023-04-01,META,SP500
2023-04-01,MNST,SP500
2023-04-01,MRNA,SP500
2023-04-01,MRVL,SP500
2023-04-01,MSFT,SP500
2023-04-01,MU,SP500
2023-04-01,NFLX,SP500
2023-04-01,NVDA,SP500
2023-04-01,NXPI,SP500
2023-04-01,ODFL,SP500
2023-04-01,ORLY,SP500
2023-04-01,PANW,SP500
2023-04-01,PAYX,SP500
2023-04-01,PCAR,SP500
2023-04-01,PDD,SP500
2023-04-01,PEP,SP500
2023-04-01,PYPL,SP500
2023-04-01,QCOM,SP500
2023-04-01,REGN,SP500
2023-04-01,ROST,SP500
2023-04-01,SBUX,SP500
2023-04-01,SGEN,SP500
2023-04-01,SIRI,SP500
2023-04-01,SNPS,SP500
2023-04-01,TEAM,SP500
2023-04-01,TMUS,SP500
2023-04-01,TSLA,SP500
2023-04-01,TXN,SP500
2023-04-01,VRSK,SP500
2023-04-01,VRTX,SP500
2023-04-01,WBA,SP500
2023-04-01,WBD,SP500
2023-04-01,WDAY,SP500
2023-04-01,XEL,SP500
2023-04-01,ZM,SP500
2023-04-01,ZS,SP500
2023-05-02,AAPL,SP500
2023-05-02,ABNB,SP500
2023-05-02,ADBE,SP500
2023-05-02,ADI,SP500
2023-05-02,ADP,SP500
2023-05-02,ADSK,SP500
2023-05-02,AEP,SP500
2023-05-02,ALGN,SP500
2023-05-02,AMAT,SP500
2023-05-02,AMD,SP500
2023-05-02,AMGN,SP500
2023-05-02,AMZN,SP500
2023-05-02,ANSS,SP500
2023-05-02,ASML,SP500
2023-05-02,ATVI,SP500
2023-05-02,AVGO,SP500
2023-05-02,AZN,SP500
2023-05-02,BIIB,SP500
2023-05-02,BKNG,SP500
2023-05-02,BKR,SP500
2023-05-02,CDNS,SP500
2023-05-02,CEG,SP500
2023-05-02,CHTR,SP500
2023-05-02,CMCSA,SP500
2023-05-02,COST,SP500
2023-05-02,CPRT,SP500
2023-05-02,CRWD,SP500
2023-05-02,CSCO,SP500
2023-05-02,CSGP,SP500
2023-05-02,CSX,SP500
2023-05-02,CTAS,SP500
2023-05-02,CTSH,SP500
2023-05-02,DDOG,SP500
2023-05-02,DLTR,SP500
2023-05-02,DXCM,SP500
2023-05-02,EA,SP500
2023-05-02,EBAY,SP500
2023-05-02,ENPH,SP500
2023-05-02,EXC,SP500
2023-05-02,FANG,SP500
2023-05-02,FAST,SP500
2023-05-02,FISV,SP500
2023-05-02,FTNT,SP500
2023-05-02,GFS,SP500
2023-05-02,GILD,SP500
2023-05-02,GOOGL,SP500
2023-05-02,HON,SP500
2023-05-02,IDXX,SP500
2023-05-02,ILMN,SP500
2023-05-02,INTC,SP500
2023-05-02,INTU,SP500
2023-05-02,ISRG,SP500
2023-05-02,JD,SP500
2023-05-02,KDP,SP500
2023-05-02,KHC,SP500
2023-05-02,KLAC,SP500
2023-05-02,LCID,SP500
2023-05-02,LRCX,SP500
2023-05-02,LULU,SP500
2023-05-02,MAR,SP500
2023-05-02,MCHP,SP500
2023-05-02,MDLZ,SP500
2023-05-02,MELI,SP500
2023-05-02,META,SP500
2023-05-02,MNST,SP500
2023-05-02,MRNA,SP500
2023-05-02,MRVL,SP500
2023-05-02,MSFT,SP500
2023-05-02,MU,SP500
2023-05-02,NFLX,SP500
2023-05-02,NVDA,SP500
2023-05-02,NXPI,SP500
2023-05-02,ODFL,SP500
2023-05-02,ORLY,SP500
2023-05-02,PANW,SP500
2023-05-02,PAYX,SP500
2023-05-02,PCAR,SP500
2023-05-02,PDD,SP500
2023-05-02,PEP,SP500
2023-05-02,PYPL,SP500
2023-05-02,QCOM,SP500
2023-05-02,REGN,SP500
2023-05-02,RIVN,SP500
2023-05-02,ROST,SP500
2023-05-02,SBUX,SP500
2023-05-02,SGEN,SP500
2023-05-02,SIRI,SP500
2023-05-02,SNPS,SP500
2023-05-02,TEAM,SP500
2023-05-02,TMUS,SP500
2023-05-02,TSLA,SP500
2023-05-02,TXN,SP500
2023-05-02,VRSK,SP500
2023-05-02,VRTX,SP500
2023-05-02,WBA,SP500
2023-05-02,WBD,SP500
2023-05-02,WDAY,SP500
2023-05-02,XEL,SP500
2023-05-02,ZM,SP500
2023-05-02,ZS,SP500
2023-06-01,AAPL,SP500
2023-06-01,ABNB,SP500
2023-06-01,ADBE,SP500
2023-06-01,ADI,SP500
2023-06-01,ADP,SP500
2023-06-01,ADSK,SP500
2023-06-01,AEP,SP500
2023-06-01,ALGN,SP500
2023-06-01,AMAT,SP500
2023-06-01,AMD,SP500
2023-06-01,AMGN,SP500
2023-06-01,AMZN,SP500
2023-06-01,ANSS,SP500
2023-06-01,ASML,SP500
2023-06-01,ATVI,SP500
2023-06-01,AVGO,SP500
2023-06-01,AZN,SP500
2023-06-01,BIIB,SP500
2023-06-01,BKNG,SP500
2023-06-01,BKR,SP500
2023-06-01,CDNS,SP500
2023-06-01,CEG,SP500
2023-06-01,CHTR,SP500
2023-06-01,CMCSA,SP500
2023-06-01,COST,SP500
2023-06-01,CPRT,SP500
2023-06-01,CRWD,SP500
2023-06-01,CSCO,SP500
2023-06-01,CSGP,SP500
2023-06-01,CSX,SP500
2023-06-01,CTAS,SP500
2023-06-01,CTSH,SP500
2023-06-01,DDOG,SP500
2023-06-01,DLTR,SP500
2023-06-01,DXCM,SP500
2023-06-01,EA,SP500
2023-06-01,EBAY,SP500
2023-06-01,ENPH,SP500
2023-06-01,EXC,SP500
2023-06-01,FANG,SP500
2023-06-01,FAST,SP500
2023-06-01,FISV,SP500
2023-06-01,FTNT,SP500
2023-06-01,GFS,SP500
2023-06-01,GILD,SP500
2023-06-01,GOOGL,SP500
2023-06-01,HON,SP500
2023-06-01,IDXX,SP500
2023-06-01,ILMN,SP500
2023-06-01,INTC,SP500
2023-06-01,INTU,SP500
2023-06-01,ISRG,SP500
2023-06-01,JD,SP500
2023-06-01,KDP,SP500
2023-06-01,KHC,SP500
2023-06-01,KLAC,SP500
2023-06-01,LCID,SP500
2023-06-01,LRCX,SP500
2023-06-01,LULU,SP500
2023-06-01,MAR,SP500
2023-06-01,MCHP,SP500
2023-06-01,MDLZ,SP500
2023-06-01,MELI,SP500
2023-06-01,META,SP500
2023-06-01,MNST,SP500
2023-06-01,MRNA,SP500
2023-06-01,MRVL,SP500
2023-06-01,MSFT,SP500
2023-06-01,MU,SP500
2023-06-01,NFLX,SP500
2023-06-01,NVDA,SP500
2023-06-01,NXPI,SP500
2023-06-01,ODFL,SP500
2023-06-01,ORLY,SP500
2023-06-01,PANW,SP500
2023-06-01,PAYX,SP500
2023-06-01,PCAR,SP500
2023-06-01,PDD,SP500
2023-06-01,PEP,SP500
2023-06-01,PYPL,SP500
2023-06-01,QCOM,SP500
2023-06-01,REGN,SP500
2023-06-01,RIVN,SP500
2023-06-01,ROST,SP500
2023-06-01,SBUX,SP500
2023-06-01,SGEN,SP500
2023-06-01,SIRI,SP500
2023-06-01,SNPS,SP500
2023-06-01,TEAM,SP500
2023-06-01,TMUS,SP500
2023-06-01,TSLA,SP500
2023-06-01,TXN,SP500
2023-06-01,VRSK,SP500
2023-06-01,VRTX,SP500
2023-06-01,WBA,SP500
2023-06-01,WBD,SP500
2023-06-01,WDAY,SP500
2023-06-01,XEL,SP500
2023-06-01,ZM,SP500
2023-06-01,ZS,SP500
2023-07-01,AAPL,SP500
2023-07-01,ABNB,SP500
2023-07-01,ADBE,SP500
2023-07-01,ADI,SP500
2023-07-01,ADP,SP500
2023-07-01,ADSK,SP500
2023-07-01,AEP,SP500
2023-07-01,ALGN,SP500
2023-07-01,AMAT,SP500
2023-07-01,AMD,SP500
2023-07-01,AMGN,SP500
2023-07-01,AMZN,SP500
2023-07-01,ANSS,SP500
2023-07-01,ASML,SP500
2023-07-01,ATVI,SP500
2023-07-01,AVGO,SP500
2023-07-01,AZN,SP500
2023-07-01,BIIB,SP500
2023-07-01,BKNG,SP500
2023-07-01,BKR,SP500
2023-07-01,CDNS,SP500
2023-07-01,CEG,SP500
2023-07-01,CHTR,SP500
2023-07-01,CMCSA,SP500
2023-07-01,COST,SP500
2023-07-01,CPRT,SP500
2023-07-01,CRWD,SP500
2023-07-01,CSCO,SP500
2023-07-01,CSGP,SP500
2023-07-01,CSX,SP500
2023-07-01,CTAS,SP500
2023-07-01,CTSH,SP500
2023-07-01,DDOG,SP500
2023-07-01,DLTR,SP500
2023-07-01,DXCM,SP500
2023-07-01,EA,SP500
2023-07-01,EBAY,SP500
2023-07-01,ENPH,SP500
2023-07-01,EXC,SP500
2023-07-01,FANG,SP500
2023-07-01,FAST,SP500
2023-07-01,FTNT,SP500
2023-07-01,GEHC,SP500
2023-07-01,GFS,SP500
2023-07-01,GILD,SP500
2023-07-01,GOOGL,SP500
2023-07-01,HON,SP500
2023-07-01,IDXX,SP500
2023-07-01,ILMN,SP500
2023-07-01,INTC,SP500
2023-07-01,INTU,SP500
2023-07-01,ISRG,SP500
2023-07-01,JD,SP500
2023-07-01,KDP,SP500
2023-07-01,KHC,SP500
2023-07-01,KLAC,SP500
2023-07-01,LCID,SP500
2023-07-01,LRCX,SP500
2023-07-01,LULU,SP500
2023-07-01,MAR,SP500
2023-07-01,MCHP,SP500
2023-07-01,MDLZ,SP500
2023-07-01,MELI,SP500
2023-07-01,META,SP500
2023-07-01,MNST,SP500
2023-07-01,MRNA,SP500
2023-07-01,MRVL,SP500
2023-07-01,MSFT,SP500
2023-07-01,MU,SP500
2023-07-01,NFLX,SP500
2023-07-01,NVDA,SP500
2023-07-01,NXPI,SP500
2023-07-01,ODFL,SP500
2023-07-01,ON,SP500
2023-07-01,ORLY,SP500
2023-07-01,PANW,SP500
2023-07-01,PAYX,SP500
2023-07-01,PCAR,SP500
2023-07-01,PDD,SP500
2023-07-01,PEP,SP500
2023-07-01,PYPL,SP500
2023-07-01,QCOM,SP500
2023-07-01,REGN,SP500
2023-07-01,ROST,SP500
2023-07-01,SBUX,SP500
2023-07-01,SGEN,SP500
2023-07-01,SIRI,SP500
2023-07-01,SNPS,SP500
2023-07-01,TEAM,SP500
2023-07-01,TMUS,SP500
2023-07-01,TSLA,SP500
2023-07-01,TXN,SP500
2023-07-01,VRSK,SP500
2023-07-01,VRTX,SP500
2023-07-01,WBA,SP500
2023-07-01,WBD,SP500
2023-07-01,WDAY,SP500
2023-07-01,XEL,SP500
2023-07-01,ZM,SP500
2023-07-01,ZS,SP500
2023-08-01,AAPL,SP500
2023-08-01,ABNB,SP500
2023-08-01,ADBE,SP500
2023-08-01,ADI,SP500
2023-08-01,ADP,SP500
2023-08-01,ADSK,SP500
2023-08-01,AEP,SP500
2023-08-01,ALGN,SP500
2023-08-01,AMAT,SP500
2023-08-01,AMD,SP500
2023-08-01,AMGN,SP500
2023-08-01,AMZN,SP500
2023-08-01,ANSS,SP500
2023-08-01,ASML,SP500
2023-08-01,AVGO,SP500
2023-08-01,AZN,SP500
2023-08-01,BIIB,SP500
2023-08-01,BKNG,SP500
2023-08-01,BKR,SP500
2023-08-01,CDNS,SP500
2023-08-01,CEG,SP500
2023-08-01,CHTR,SP500
2023-08-01,CMCSA,SP500
2023-08-01,COST,SP500
2023-08-01,CPRT,SP500
2023-08-01,CRWD,SP500
2023-08-01,CSCO,SP500
2023-08-01,CSGP,SP500
2023-08-01,CSX,SP500
2023-08-01,CTAS,SP500
2023-08-01,CTSH,SP500
2023-08-01,DDOG,SP500
2023-08-01,DLTR,SP500
2023-08-01,DXCM,SP500
2023-08-01,EA,SP500
2023-08-01,EBAY,SP500
2023-08-01,ENPH,SP500
2023-08-01,EXC,SP500
2023-08-01,FANG,SP500
2023-08-01,FAST,SP500
2023-08-01,FTNT,SP500
2023-08-01,GEHC,SP500
2023-08-01,GFS,SP500
2023-08-01,GILD,SP500
2023-08-01,GOOGL,SP500
2023-08-01,HON,SP500
2023-08-01,IDXX,SP500
2023-08-01,ILMN,SP500
2023-08-01,INTC,SP500
2023-08-01,INTU,SP500
2023-08-01,ISRG,SP500
2023-08-01,JD,SP500
2023-08-01,KDP,SP500
2023-08-01,KHC,SP500
2023-08-01,KLAC,SP500
2023-08-01,LCID,SP500
2023-08-01,LRCX,SP500
2023-08-01,LULU,SP500
2023-08-01,MAR,SP500
2023-08-01,MCHP,SP500
2023-08-01,MDLZ,SP500
2023-08-01,MELI,SP500
2023-08-01,META,SP500
2023-08-01,MNST,SP500
2023-08-01,MRNA,SP500
2023-08-01,MRVL,SP500
2023-08-01,MSFT,SP500
2023-08-01,MU,SP500
2023-08-01,NFLX,SP500
2023-08-01,NVDA,SP500
2023-08-01,NXPI,SP500
2023-08-01,ODFL,SP500
2023-08-01,ON,SP500
2023-08-01,ORLY,SP500
2023-08-01,PANW,SP500
2023-08-01,PAYX,SP500
2023-08-01,PCAR,SP500
2023-08-01,PDD,SP500
2023-08-01,PEP,SP500
2023-08-01,PYPL,SP500
2023-08-01,QCOM,SP500
2023-08-01,REGN,SP500
2023-08-01,ROST,SP500
2023-08-01,SBUX,SP500
2023-08-01,SGEN,SP500
2023-08-01,SIRI,SP500
2023-08-01,SNPS,SP500
2023-08-01,TEAM,SP500
2023-08-01,TMUS,SP500
2023-08-01,TSLA,SP500
2023-08-01,TTD,SP500
2023-08-01,TXN,SP500
2023-08-01,VRSK,SP500
2023-08-01,VRTX,SP500
2023-08-01,WBA,SP500
2023-08-01,WBD,SP500
2023-08-01,WDAY,SP500
2023-08-01,XEL,SP500
2023-08-01,ZM,SP500
2023-08-01,ZS,SP500
2023-09-01,AAPL,SP500
2023-09-01,ABNB,SP500
2023-09-01,ADBE,SP500
2023-09-01,ADI,SP500
2023-09-01,ADP,SP500
2023-09-01,ADSK,SP500
2023-09-01,AEP,SP500
2023-09-01,ALGN,SP500
2023-09-01,AMAT,SP500
2023-09-01,AMD,SP500
2023-09-01,AMGN,SP500
2023-09-01,AMZN,SP500
2023-09-01,ANSS,SP500
2023-09-01,ASML,SP500
2023-09-01,AVGO,SP500
2023-09-01,AZN,SP500
2023-09-01,BIIB,SP500
2023-09-01,BKNG,SP500
2023-09-01,BKR,SP500
2023-09-01,CDNS,SP500
2023-09-01,CEG,SP500
2023-09-01,CHTR,SP500
2023-09-01,CMCSA,SP500
2023-09-01,COST,SP500
2023-09-01,CPRT,SP500
2023-09-01,CRWD,SP500
2023-09-01,CSCO,SP500
2023-09-01,CSGP,SP500
2023-09-01,CSX,SP500
2023-09-01,CTAS,SP500
2023-09-01,CTSH,SP500
2023-09-01,DDOG,SP500
2023-09-01,DLTR,SP500
2023-09-01,DXCM,SP500
2023-09-01,EA,SP500
2023-09-01,EBAY,SP500
2023-09-01,ENPH,SP500
2023-09-01,EXC,SP500
2023-09-01,FANG,SP500
2023-09-01,FAST,SP500
2023-09-01,FTNT,SP500
2023-09-01,GEHC,SP500
2023-09-01,GFS,SP500
2023-09-01,GILD,SP500
2023-09-01,GOOGL,SP500
2023-09-01,HON,SP500
2023-09-01,IDXX,SP500
2023-09-01,ILMN,SP500
2023-09-01,INTC,SP500
2023-09-01,INTU,SP500
2023-09-01,ISRG,SP500
2023-09-01,JD,SP500
2023-09-01,KDP,SP500
2023-09-01,KHC,SP500
2023-09-01,KLAC,SP500
2023-09-01,LCID,SP500
2023-09-01,LRCX,SP500
2023-09-01,LULU,SP500
2023-09-01,MAR,SP500
2023-09-01,MCHP,SP500
2023-09-01,MDLZ,SP500
2023-09-01,MELI,SP500
2023-09-01,META,SP500
2023-09-01,MNST,SP500
2023-09-01,MRNA,SP500
2023-09-01,MRVL,SP500
2023-09-01,MSFT,SP500
2023-09-01,MU,SP500
2023-09-01,NFLX,SP500
2023-09-01,NVDA,SP500
2023-09-01,NXPI,SP500
2023-09-01,ODFL,SP500
2023-09-01,ON,SP500
2023-09-01,ORLY,SP500
2023-09-01,PANW,SP500
2023-09-01,PAYX,SP500
2023-09-01,PCAR,SP500
2023-09-01,PDD,SP500
2023-09-01,PEP,SP500
2023-09-01,PYPL,SP500
2023-09-01,QCOM,SP500
2023-09-01,REGN,SP500
2023-09-01,ROST,SP500
2023-09-01,SBUX,SP500
2023-09-01,SGEN,SP500
2023-09-01,SIRI,SP500
2023-09-01,SNPS,SP500
2023-09-01,TEAM,SP500
2023-09-01,TMUS,SP500
2023-09-01,TSLA,SP500
2023-09-01,TTD,SP500
2023-09-01,TXN,SP500
2023-09-01,VRSK,SP500
2023-09-01,VRTX,SP500
2023-09-01,WBA,SP500
2023-09-01,WBD,SP500
2023-09-01,WDAY,SP500
2023-09-01,XEL,SP500
2023-09-01,ZM,SP500
2023-09-01,ZS,SP500
2023-10-03,AAPL,SP500
2023-10-03,ABNB,SP500
2023-10-03,ADBE,SP500
2023-10-03,ADI,SP500
2023-10-03,ADP,SP500
2023-10-03,ADSK,SP500
2023-10-03,AEP,SP500
2023-10-03,ALGN,SP500
2023-10-03,AMAT,SP500
2023-10-03,AMD,SP500
2023-10-03,AMGN,SP500
2023-10-03,AMZN,SP500
2023-10-03,ANSS,SP500
2023-10-03,ASML,SP500
2023-10-03,AVGO,SP500
2023-10-03,AZN,SP500
2023-10-03,BIIB,SP500
2023-10-03,BKNG,SP500
2023-10-03,BKR,SP500
2023-10-03,CDNS,SP500
2023-10-03,CEG,SP500
2023-10-03,CHTR,SP500
2023-10-03,CMCSA,SP500
2023-10-03,COST,SP500
2023-10-03,CPRT,SP500
2023-10-03,CRWD,SP500
2023-10-03,CSCO,SP500
2023-10-03,CSGP,SP500
2023-10-03,CSX,SP500
2023-10-03,CTAS,SP500
2023-10-03,CTSH,SP500
2023-10-03,DDOG,SP500
2023-10-03,DLTR,SP500
2023-10-03,DXCM,SP500
2023-10-03,EA,SP500
2023-10-03,EBAY,SP500
2023-10-03,ENPH,SP500
2023-10-03,EXC,SP500
2023-10-03,FANG,SP500
2023-10-03,FAST,SP500
2023-10-03,FTNT,SP500
2023-10-03,GEHC,SP500
2023-10-03,GFS,SP500
2023-10-03,GILD,SP500
2023-10-03,GOOGL,SP500
2023-10-03,HON,SP500
2023-10-03,IDXX,SP500
2023-10-03,ILMN,SP500
2023-10-03,INTC,SP500
2023-10-03,INTU,SP500
2023-10-03,ISRG,SP500
2023-10-03,JD,SP500
2023-10-03,KDP,SP500
2023-10-03,KHC,SP500
2023-10-03,KLAC,SP500
2023-10-03,LCID,SP500
2023-10-03,LRCX,SP500
2023-10-03,LULU,SP500
2023-10-03,MAR,SP500
2023-10-03,MCHP,SP500
2023-10-03,MDLZ,SP500
2023-10-03,MELI,SP500
2023-10-03,META,SP500
2023-10-03,MNST,SP500
2023-10-03,MRNA,SP500
2023-10-03,MRVL,SP500
2023-10-03,MSFT,SP500
2023-10-03,MU,SP500
2023-10-03,NFLX,SP500
2023-10-03,NVDA,SP500
2023-10-03,NXPI,SP500
2023-10-03,ODFL,SP500
2023-10-03,ON,SP500
2023-10-03,ORLY,SP500
2023-10-03,PANW,SP500
2023-10-03,PAYX,SP500
2023-10-03,PCAR,SP500
2023-10-03,PDD,SP500
2023-10-03,PEP,SP500
2023-10-03,PYPL,SP500
2023-10-03,QCOM,SP500
2023-10-03,REGN,SP500
2023-10-03,ROST,SP500
2023-10-03,SBUX,SP500
2023-10-03,SGEN,SP500
2023-10-03,SIRI,SP500
2023-10-03,SNPS,SP500
2023-10-03,TEAM,SP500
2023-10-03,TMUS,SP500
2023-10-03,TSLA,SP500
2023-10-03,TTD,SP500
2023-10-03,TXN,SP500
2023-10-03,VRSK,SP500
2023-10-03,VRTX,SP500
2023-10-03,WBA,SP500
2023-10-03,WBD,SP500
2023-10-03,WDAY,SP500
2023-10-03,XEL,SP500
2023-10-03,ZM,SP500
2023-10-03,ZS,SP500
2023-11-01,AAPL,SP500
2023-11-01,ABNB,SP500
2023-11-01,ADBE,SP500
2023-11-01,ADI,SP500
2023-11-01,ADP,SP500
2023-11-01,ADSK,SP500
2023-11-01,AEP,SP500
2023-11-01,ALGN,SP500
2023-11-01,AMAT,SP500
2023-11-01,AMD,SP500
2023-11-01,AMGN,SP500
2023-11-01,AMZN,SP500
2023-11-01,ANSS,SP500
2023-11-01,ASML,SP500
2023-11-01,AVGO,SP500
2023-11-01,AZN,SP500
2023-11-01,BIIB,SP500
2023-11-01,BKNG,SP500
2023-11-01,BKR,SP500
2023-11-01,CDNS,SP500
2023-11-01,CEG,SP500
2023-11-01,CHTR,SP500
2023-11-01,CMCSA,SP500
2023-11-01,COST,SP500
2023-11-01,CPRT,SP500
2023-11-01,CRWD,SP500
2023-11-01,CSCO,SP500
2023-11-01,CSGP,SP500
2023-11-01,CSX,SP500
2023-11-01,CTAS,SP500
2023-11-01,CTSH,SP500
2023-11-01,DDOG,SP500
2023-11-01,DLTR,SP500
2023-11-01,DXCM,SP500
2023-11-01,EA,SP500
2023-11-01,EBAY,SP500
2023-11-01,ENPH,SP500
2023-11-01,EXC,SP500
2023-11-01,FANG,SP500
2023-11-01,FAST,SP500
2023-11-01,FTNT,SP500
2023-11-01,GEHC,SP500
2023-11-01,GFS,SP500
2023-11-01,GILD,SP500
2023-11-01,GOOGL,SP500
2023-11-01,HON,SP500
2023-11-01,IDXX,SP500
2023-11-01,ILMN,SP500
2023-11-01,INTC,SP500
2023-11-01,INTU,SP500
2023-11-01,ISRG,SP500
2023-11-01,JD,SP500
2023-11-01,KDP,SP500
2023-11-01,KHC,SP500
2023-11-01,KLAC,SP500
2023-11-01,LCID,SP500
2023-11-01,LRCX,SP500
2023-11-01,LULU,SP500
2023-11-01,MAR,SP500
2023-11-01,MCHP,SP500
2023-11-01,MDLZ,SP500
2023-11-01,MELI,SP500
2023-11-01,META,SP500
2023-11-01,MNST,SP500
2023-11-01,MRNA,SP500
2023-11-01,MRVL,SP500
2023-11-01,MSFT,SP500
2023-11-01,MU,SP500
2023-11-01,NFLX,SP500
2023-11-01,NVDA,SP500
2023-11-01,NXPI,SP500
2023-11-01,ODFL,SP500
2023-11-01,ON,SP500
2023-11-01,ORLY,SP500
2023-11-01,PANW,SP500
2023-11-01,PAYX,SP500
2023-11-01,PCAR,SP500
2023-11-01,PDD,SP500
2023-11-01,PEP,SP500
2023-11-01,PYPL,SP500
2023-11-01,QCOM,SP500
2023-11-01,REGN,SP500
2023-11-01,ROST,SP500
2023-11-01,SBUX,SP500
2023-11-01,SGEN,SP500
2023-11-01,SIRI,SP500
2023-11-01,SNPS,SP500
2023-11-01,TEAM,SP500
2023-11-01,TMUS,SP500
2023-11-01,TSLA,SP500
2023-11-01,TTD,SP500
2023-11-01,TXN,SP500
2023-11-01,VRSK,SP500
2023-11-01,VRTX,SP500
2023-11-01,WBA,SP500
2023-11-01,WBD,SP500
2023-11-01,WDAY,SP500
2023-11-01,XEL,SP500
2023-11-01,ZM,SP500
2023-11-01,ZS,SP500
2023-12-01,AAPL,SP500
2023-12-01,ABNB,SP500
2023-12-01,ADBE,SP500
2023-12-01,ADI,SP500
2023-12-01,ADP,SP500
2023-12-01,ADSK,SP500
2023-12-01,AEP,SP500
2023-12-01,ALGN,SP500
2023-12-01,AMAT,SP500
2023-12-01,AMD,SP500
2023-12-01,AMGN,SP500
2023-12-01,AMZN,SP500
2023-12-01,ANSS,SP500
2023-12-01,ASML,SP500
2023-12-01,AVGO,SP500
2023-12-01,AZN,SP500
2023-12-01,BIIB,SP500
2023-12-01,BKNG,SP500
2023-12-01,BKR,SP500
2023-12-01,CDNS,SP500
2023-12-01,CEG,SP500
2023-12-01,CHTR,SP500
2023-12-01,CMCSA,SP500
2023-12-01,COST,SP500
2023-12-01,CPRT,SP500
2023-12-01,CRWD,SP500
2023-12-01,CSCO,SP500
2023-12-01,CSGP,SP500
2023-12-01,CSX,SP500
2023-12-01,CTAS,SP500
2023-12-01,CTSH,SP500
2023-12-01,DDOG,SP500
2023-12-01,DLTR,SP500
2023-12-01,DXCM,SP500
2023-12-01,EA,SP500
2023-12-01,EBAY,SP500
2023-12-01,ENPH,SP500
2023-12-01,EXC,SP500
2023-12-01,FANG,SP500
2023-12-01,FAST,SP500
2023-12-01,FTNT,SP500
2023-12-01,GEHC,SP500
2023-12-01,GFS,SP500
2023-12-01,GILD,SP500
2023-12-01,GOOGL,SP500
2023-12-01,HON,SP500
2023-12-01,IDXX,SP500
2023-12-01,ILMN,SP500
2023-12-01,INTC,SP500
2023-12-01,INTU,SP500
2023-12-01,ISRG,SP500
2023-12-01,JD,SP500
2023-12-01,KDP,SP500
2023-12-01,KHC,SP500
2023-12-01,KLAC,SP500
2023-12-01,LCID,SP500
2023-12-01,LRCX,SP500
2023-12-01,LULU,SP500
2023-12-01,MAR,SP500
2023-12-01,MCHP,SP500
2023-12-01,MDLZ,SP500
2023-12-01,MELI,SP500
2023-12-01,META,SP500
2023-12-01,MNST,SP500
2023-12-01,MRNA,SP500
2023-12-01,MRVL,SP500
2023-12-01,MSFT,SP500
2023-12-01,MU,SP500
2023-12-01,NFLX,SP500
2023-12-01,NVDA,SP500
2023-12-01,NXPI,SP500
2023-12-01,ODFL,SP500
2023-12-01,ON,SP500
2023-12-01,ORLY,SP500
2023-12-01,PANW,SP500
2023-12-01,PAYX,SP500
2023-12-01,PCAR,SP500
2023-12-01,PDD,SP500
2023-12-01,PEP,SP500
2023-12-01,PYPL,SP500
2023-12-01,QCOM,SP500
2023-12-01,REGN,SP500
2023-12-01,ROST,SP500
2023-12-01,SBUX,SP500
2023-12-01,SGEN,SP500
2023-12-01,SIRI,SP500
2023-12-01,SNPS,SP500
2023-12-01,TEAM,SP500
2023-12-01,TMUS,SP500
2023-12-01,TSLA,SP500
2023-12-01,TTD,SP500
2023-12-01,TXN,SP500
2023-12-01,VRSK,SP500
2023-12-01,VRTX,SP500
2023-12-01,WBA,SP500
2023-12-01,WBD,SP500
2023-12-01,WDAY,SP500
2023-12-01,XEL,SP500
2023-12-01,ZM,SP500
2023-12-01,ZS,SP500
2024-01-03,AAPL,SP500
2024-01-03,ABNB,SP500
2024-01-03,ADBE,SP500
2024-01-03,ADI,SP500
2024-01-03,ADP,SP500
2024-01-03,ADSK,SP500
2024-01-03,AEP,SP500
2024-01-03,AMAT,SP500
2024-01-03,AMD,SP500
2024-01-03,AMGN,SP500
2024-01-03,AMZN,SP500
2024-01-03,ANSS,SP500
2024-01-03,ASML,SP500
2024-01-03,AVGO,SP500
2024-01-03,AZN,SP500
2024-01-03,BIIB,SP500
2024-01-03,BKNG,SP500
2024-01-03,BKR,SP500
2024-01-03,CCEP,SP500
2024-01-03,CDNS,SP500
2024-01-03,CDW,SP500
2024-01-03,CEG,SP500
2024-01-03,CHTR,SP500
2024-01-03,CMCSA,SP500
2024-01-03,COST,SP500
2024-01-03,CPRT,SP500
2024-01-03,CRWD,SP500
2024-01-03,CSCO,SP500
2024-01-03,CSGP,SP500
2024-01-03,CSX,SP500
2024-01-03,CTAS,SP500
2024-01-03,CTSH,SP500
2024-01-03,DASH,SP500
2024-01-03,DDOG,SP500
2024-01-03,DLTR,SP500
2024-01-03,DXCM,SP500
2024-01-03,EA,SP500
2024-01-03,EXC,SP500
2024-01-03,FANG,SP500
2024-01-03,FAST,SP500
2024-01-03,FTNT,SP500
2024-01-03,GEHC,SP500
2024-01-03,GFS,SP500
2024-01-03,GILD,SP500
2024-01-03,GOOGL,SP500
2024-01-03,HON,SP500
2024-01-03,IDXX,SP500
2024-01-03,ILMN,SP500
2024-01-03,INTC,SP500
2024-01-03,INTU,SP500
2024-01-03,ISRG,SP500
2024-01-03,KDP,SP500
2024-01-03,KHC,SP500
2024-01-03,KLAC,SP500
2024-01-03,LRCX,SP500
2024-01-03,LULU,SP500
2024-01-03,MAR,SP500
2024-01-03,MCHP,SP500
2024-01-03,MDB,SP500
2024-01-03,MDLZ,SP500
2024-01-03,MELI,SP500
2024-01-03,META,SP500
2024-01-03,MNST,SP500
2024-01-03,MRNA,SP500
2024-01-03,MRVL,SP500
2024-01-03,MSFT,SP500
2024-01-03,MU,SP500
2024-01-03,NFLX,SP500
2024-01-03,NVDA,SP500
2024-01-03,NXPI,SP500
2024-01-03,ODFL,SP500
2024-01-03,ON,SP500
2024-01-03,ORLY,SP500
2024-01-03,PANW,SP500
2024-01-03,PAYX,SP500
2024-01-03,PCAR,SP500
2024-01-03,PDD,SP500
2024-01-03,PEP,SP500
2024-01-03,PYPL,SP500
2024-01-03,QCOM,SP500
2024-01-03,REGN,SP500
2024-01-03,ROP,SP500
2024-01-03,ROST,SP500
2024-01-03,SBUX,SP500
2024-01-03,SIRI,SP500
2024-01-03,SNPS,SP500
2024-01-03,SPLK,SP500
2024-01-03,TEAM,SP500
2024-01-03,TMUS,SP500
2024-01-03,TSLA,SP500
2024-01-03,TTD,SP500
2024-01-03,TTWO,SP500
2024-01-03,TXN,SP500
2024-01-03,VRSK,SP500
2024-01-03,VRTX,SP500
2024-01-03,WBA,SP500
2024-01-03,WBD,SP500
2024-01-03,WDAY,SP500
2024-01-03,XEL,SP500
2024-01-03,ZS,SP500
2024-02-01,AAPL,SP500
2024-02-01,ABNB,SP500
2024-02-01,ADBE,SP500
2024-02-01,ADI,SP500
2024-02-01,ADP,SP500
2024-02-01,ADSK,SP500
2024-02-01,AEP,SP500
2024-02-01,AMAT,SP500
2024-02-01,AMD,SP500
2024-02-01,AMGN,SP500
2024-02-01,AMZN,SP500
2024-02-01,ANSS,SP500
2024-02-01,ASML,SP500
2024-02-01,AVGO,SP500
2024-02-01,AZN,SP500
2024-02-01,BIIB,SP500
2024-02-01,BKNG,SP500
2024-02-01,BKR,SP500
2024-02-01,CCEP,SP500
2024-02-01,CDNS,SP500
2024-02-01,CDW,SP500
2024-02-01,CEG,SP500
2024-02-01,CHTR,SP500
2024-02-01,CMCSA,SP500
2024-02-01,COST,SP500
2024-02-01,CPRT,SP500
2024-02-01,CRWD,SP500
2024-02-01,CSCO,SP500
2024-02-01,CSGP,SP500
2024-02-01,CSX,SP500
2024-02-01,CTAS,SP500
2024-02-01,CTSH,SP500
2024-02-01,DASH,SP500
2024-02-01,DDOG,SP500
2024-02-01,DLTR,SP500
2024-02-01,DXCM,SP500
2024-02-01,EA,SP500
2024-02-01,EXC,SP500
2024-02-01,FANG,SP500
2024-02-01,FAST,SP500
2024-02-01,FTNT,SP500
2024-02-01,GEHC,SP500
2024-02-01,GFS,SP500
2024-02-01,GILD,SP500
2024-02-01,GOOGL,SP500
2024-02-01,HON,SP500
2024-02-01,IDXX,SP500
2024-02-01,ILMN,SP500
2024-02-01,INTC,SP500
2024-02-01,INTU,SP500
2024-02-01,ISRG,SP500
2024-02-01,KDP,SP500
2024-02-01,KHC,SP500
2024-02-01,KLAC,SP500
2024-02-01,LRCX,SP500
2024-02-01,LULU,SP500
2024-02-01,MAR,SP500
2024-02-01,MCHP,SP500
2024-02-01,MDB,SP500
2024-02-01,MDLZ,SP500
2024-02-01,MELI,SP500
2024-02-01,META,SP500
2024-02-01,MNST,SP500
2024-02-01,MRNA,SP500
2024-02-01,MRVL,SP500
2024-02-01,MSFT,SP500
2024-02-01,MU,SP500
2024-02-01,NFLX,SP500
2024-02-01,NVDA,SP500
2024-02-01,NXPI,SP500
2024-02-01,ODFL,SP500
2024-02-01,ON,SP500
2024-02-01,ORLY,SP500
2024-02-01,PANW,SP500
2024-02-01,PAYX,SP500
2024-02-01,PCAR,SP500
2024-02-01,PDD,SP500
2024-02-01,PEP,SP500
2024-02-01,PYPL,SP500
2024-02-01,QCOM,SP500
2024-02-01,REGN,SP500
2024-02-01,ROP,SP500
2024-02-01,ROST,SP500
2024-02-01,SBUX,SP500
2024-02-01,SIRI,SP500
2024-02-01,SNPS,SP500
2024-02-01,SPLK,SP500
2024-02-01,TEAM,SP500
2024-02-01,TMUS,SP500
2024-02-01,TSLA,SP500
2024-02-01,TTD,SP500
2024-02-01,TTWO,SP500
2024-02-01,TXN,SP500
2024-02-01,VRSK,SP500
2024-02-01,VRTX,SP500
2024-02-01,WBA,SP500
2024-02-01,WBD,SP500
2024-02-01,WDAY,SP500
2024-02-01,XEL,SP500
2024-02-01,ZS,SP500
2024-03-01,AAPL,SP500
2024-03-01,ABNB,SP500
2024-03-01,ADBE,SP500
2024-03-01,ADI,SP500
2024-03-01,ADP,SP500
2024-03-01,ADSK,SP500
2024-03-01,AEP,SP500
2024-03-01,AMAT,SP500
2024-03-01,AMD,SP500
2024-03-01,AMGN,SP500
2024-03-01,AMZN,SP500
2024-03-01,ANSS,SP500
2024-03-01,ASML,SP500
2024-03-01,AVGO,SP500
2024-03-01,AZN,SP500
2024-03-01,BIIB,SP500
2024-03-01,BKNG,SP500
2024-03-01,BKR,SP500
2024-03-01,CCEP,SP500
2024-03-01,CDNS,SP500
2024-03-01,CDW,SP500
2024-03-01,CEG,SP500
2024-03-01,CHTR,SP500
2024-03-01,CMCSA,SP500
2024-03-01,COST,SP500
2024-03-01,CPRT,SP500
2024-03-01,CRWD,SP500
2024-03-01,CSCO,SP500
2024-03-01,CSGP,SP500
2024-03-01,CSX,SP500
2024-03-01,CTAS,SP500
2024-03-01,CTSH,SP500
2024-03-01,DASH,SP500
2024-03-01,DDOG,SP500
2024-03-01,DLTR,SP500
2024-03-01,DXCM,SP500
2024-03-01,EA,SP500
2024-03-01,EXC,SP500
2024-03-01,FANG,SP500
2024-03-01,FAST,SP500
2024-03-01,FTNT,SP500
2024-03-01,GEHC,SP500
2024-03-01,GFS,SP500
2024-03-01,GILD,SP500
2024-03-01,GOOGL,SP500
2024-03-01,HON,SP500
2024-03-01,IDXX,SP500
2024-03-01,ILMN,SP500
2024-03-01,INTC,SP500
2024-03-01,INTU,SP500
2024-03-01,ISRG,SP500
2024-03-01,KDP,SP500
2024-03-01,KHC,SP500
2024-03-01,KLAC,SP500
2024-03-01,LRCX,SP500
2024-03-01,LULU,SP500
2024-03-01,MAR,SP500
2024-03-01,MCHP,SP500
2024-03-01,MDB,SP500
2024-03-01,MDLZ,SP500
2024-03-01,MELI,SP500
2024-03-01,META,SP500
2024-03-01,MNST,SP500
2024-03-01,MRNA,SP500
2024-03-01,MRVL,SP500
2024-03-01,MSFT,SP500
2024-03-01,MU,SP500
2024-03-01,NFLX,SP500
2024-03-01,NVDA,SP500
2024-03-01,NXPI,SP500
2024-03-01,ODFL,SP500
2024-03-01,ON,SP500
2024-03-01,ORLY,SP500
2024-03-01,PANW,SP500
2024-03-01,PAYX,SP500
2024-03-01,PCAR,SP500
2024-03-01,PDD,SP500
2024-03-01,PEP,SP500
2024-03-01,PYPL,SP500
2024-03-01,QCOM,SP500
2024-03-01,REGN,SP500
2024-03-01,ROP,SP500
2024-03-01,ROST,SP500
2024-03-01,SBUX,SP500
2024-03-01,SIRI,SP500
2024-03-01,SNPS,SP500
2024-03-01,SPLK,SP500
2024-03-01,TEAM,SP500
2024-03-01,TMUS,SP500
2024-03-01,TSLA,SP500
2024-03-01,TTD,SP500
2024-03-01,TTWO,SP500
2024-03-01,TXN,SP500
2024-03-01,VRSK,SP500
2024-03-01,VRTX,SP500
2024-03-01,WBA,SP500
2024-03-01,WBD,SP500
2024-03-01,WDAY,SP500
2024-03-01,XEL,SP500
2024-03-01,ZS,SP500
2024-04-02,AAPL,SP500
2024-04-02,ABNB,SP500
2024-04-02,ADBE,SP500
2024-04-02,ADI,SP500
2024-04-02,ADP,SP500
2024-04-02,ADSK,SP500
2024-04-02,AEP,SP500
2024-04-02,AMAT,SP500
2024-04-02,AMD,SP500
2024-04-02,AMGN,SP500
2024-04-02,AMZN,SP500
2024-04-02,ANSS,SP500
2024-04-02,ASML,SP500
2024-04-02,AVGO,SP500
2024-04-02,AZN,SP500
2024-04-02,BIIB,SP500
2024-04-02,BKNG,SP500
2024-04-02,BKR,SP500
2024-04-02,CCEP,SP500
2024-04-02,CDNS,SP500
2024-04-02,CDW,SP500
2024-04-02,CEG,SP500
2024-04-02,CHTR,SP500
2024-04-02,CMCSA,SP500
2024-04-02,COST,SP500
2024-04-02,CPRT,SP500
2024-04-02,CRWD,SP500
2024-04-02,CSCO,SP500
2024-04-02,CSGP,SP500
2024-04-02,CSX,SP500
2024-04-02,CTAS,SP500
2024-04-02,CTSH,SP500
2024-04-02,DASH,SP500
2024-04-02,DDOG,SP500
2024-04-02,DLTR,SP500
2024-04-02,DXCM,SP500
2024-04-02,EA,SP500
2024-04-02,EXC,SP500
2024-04-02,FANG,SP500
2024-04-02,FAST,SP500
2024-04-02,FTNT,SP500
2024-04-02,GEHC,SP500
2024-04-02,GFS,SP500
2024-04-02,GILD,SP500
2024-04-02,GOOG,SP500
2024-04-02,GOOGL,SP500
2024-04-02,HON,SP500
2024-04-02,IDXX,SP500
2024-04-02,ILMN,SP500
2024-04-02,INTC,SP500
2024-04-02,INTU,SP500
2024-04-02,ISRG,SP500
2024-04-02,KDP,SP500
2024-04-02,KHC,SP500
2024-04-02,KLAC,SP500
2024-04-02,LIN,SP500
2024-04-02,LRCX,SP500
2024-04-02,LULU,SP500
2024-04-02,MAR,SP500
2024-04-02,MCHP,SP500
2024-04-02,MDB,SP500
2024-04-02,MDLZ,SP500
2024-04-02,MELI,SP500
2024-04-02,META,SP500
2024-04-02,MNST,SP500
2024-04-02,MRNA,SP500
2024-04-02,MRVL,SP500
2024-04-02,MSFT,SP500
2024-04-02,MU,SP500
2024-04-02,NFLX,SP500
2024-04-02,NVDA,SP500
2024-04-02,NXPI,SP500
2024-04-02,ODFL,SP500
2024-04-02,ON,SP500
2024-04-02,ORLY,SP500
2024-04-02,PANW,SP500
2024-04-02,PAYX,SP500
2024-04-02,PCAR,SP500
2024-04-02,PDD,SP500
2024-04-02,PEP,SP500
2024-04-02,PYPL,SP500
2024-04-02,QCOM,SP500
2024-04-02,REGN,SP500
2024-04-02,ROP,SP500
2024-04-02,ROST,SP500
2024-04-02,SBUX,SP500
2024-04-02,SIRI,SP500
2024-04-02,SNPS,SP500
2024-04-02,TEAM,SP500
2024-04-02,TMUS,SP500
2024-04-02,TSLA,SP500
2024-04-02,TTD,SP500
2024-04-02,TTWO,SP500
2024-04-02,TXN,SP500
2024-04-02,VRSK,SP500
2024-04-02,VRTX,SP500
2024-04-02,WBA,SP500
2024-04-02,WBD,SP500
2024-04-02,WDAY,SP500
2024-04-02,XEL,SP500
2024-04-02,ZS,SP500
2024-05-01,AAPL,SP500
2024-05-01,ABNB,SP500
2024-05-01,ADBE,SP500
2024-05-01,ADI,SP500
2024-05-01,ADP,SP500
2024-05-01,ADSK,SP500
2024-05-01,AEP,SP500
2024-05-01,AMAT,SP500
2024-05-01,AMD,SP500
2024-05-01,AMGN,SP500
2024-05-01,AMZN,SP500
2024-05-01,ANSS,SP500
2024-05-01,ASML,SP500
2024-05-01,AVGO,SP500
2024-05-01,AZN,SP500
2024-05-01,BIIB,SP500
2024-05-01,BKNG,SP500
2024-05-01,BKR,SP500
2024-05-01,CCEP,SP500
2024-05-01,CDNS,SP500
2024-05-01,CDW,SP500
2024-05-01,CEG,SP500
2024-05-01,CHTR,SP500
2024-05-01,CMCSA,SP500
2024-05-01,COST,SP500
2024-05-01,CPRT,SP500
2024-05-01,CRWD,SP500
2024-05-01,CSCO,SP500
2024-05-01,CSGP,SP500
2024-05-01,CSX,SP500
2024-05-01,CTAS,SP500
2024-05-01,CTSH,SP500
2024-05-01,DASH,SP500
2024-05-01,DDOG,SP500
2024-05-01,DLTR,SP500
2024-05-01,DXCM,SP500
2024-05-01,EA,SP500
2024-05-01,EXC,SP500
2024-05-01,FANG,SP500
2024-05-01,FAST,SP500
2024-05-01,FTNT,SP500
2024-05-01,GEHC,SP500
2024-05-01,GFS,SP500
2024-05-01,GILD,SP500
2024-05-01,GOOG,SP500
2024-05-01,GOOGL,SP500
2024-05-01,HON,SP500
2024-05-01,IDXX,SP500
2024-05-01,ILMN,SP500
2024-05-01,INTC,SP500
2024-05-01,INTU,SP500
2024-05-01,ISRG,SP500
2024-05-01,KDP,SP500
2024-05-01,KHC,SP500
2024-05-01,KLAC,SP500
2024-05-01,LIN,SP500
2024-05-01,LRCX,SP500
2024-05-01,LULU,SP500
2024-05-01,MAR,SP500
2024-05-01,MCHP,SP500
2024-05-01,MDB,SP500
2024-05-01,MDLZ,SP500
2024-05-01,MELI,SP500
2024-05-01,META,SP500
2024-05-01,MNST,SP500
2024-05-01,MRNA,SP500
2024-05-01,MRVL,SP500
2024-05-01,MSFT,SP500
2024-05-01,MU,SP500
2024-05-01,NFLX,SP500
2024-05-01,NVDA,SP500
2024-05-01,NXPI,SP500
2024-05-01,ODFL,SP500
2024-05-01,ON,SP500
2024-05-01,ORLY,SP500
2024-05-01,PANW,SP500
2024-05-01,PAYX,SP500
2024-05-01,PCAR,SP500
2024-05-01,PDD,SP500
2024-05-01,PEP,SP500
2024-05-01,PYPL,SP500
2024-05-01,QCOM,SP500
2024-05-01,REGN,SP500
2024-05-01,ROP,SP500
2024-05-01,ROST,SP500
2024-05-01,SBUX,SP500
2024-05-01,SIRI,SP500
2024-05-01,SNPS,SP500
2024-05-01,TEAM,SP500
2024-05-01,TMUS,SP500
2024-05-01,TSLA,SP500
2024-05-01,TTD,SP500
2024-05-01,TTWO,SP500
2024-05-01,TXN,SP500
2024-05-01,VRSK,SP500
2024-05-01,VRTX,SP500
2024-05-01,WBA,SP500
2024-05-01,WBD,SP500
2024-05-01,WDAY,SP500
2024-05-01,XEL,SP500
2024-05-01,ZS,SP500
2024-06-01,AAPL,SP500
2024-06-01,ABNB,SP500
2024-06-01,ADBE,SP500
2024-06-01,ADI,SP500
2024-06-01,ADP,SP500
2024-06-01,ADSK,SP500
2024-06-01,AEP,SP500
2024-06-01,AMAT,SP500
2024-06-01,AMD,SP500
2024-06-01,AMGN,SP500
2024-06-01,AMZN,SP500
2024-06-01,ANSS,SP500
2024-06-01,ASML,SP500
2024-06-01,AVGO,SP500
2024-06-01,AZN,SP500
2024-06-01,BIIB,SP500
2024-06-01,BKNG,SP500
2024-06-01,BKR,SP500
2024-06-01,CCEP,SP500
2024-06-01,CDNS,SP500
2024-06-01,CDW,SP500
2024-06-01,CEG,SP500
2024-06-01,CHTR,SP500
2024-06-01,CMCSA,SP500
2024-06-01,COST,SP500
2024-06-01,CPRT,SP500
2024-06-01,CRWD,SP500
2024-06-01,CSCO,SP500
2024-06-01,CSGP,SP500
2024-06-01,CSX,SP500
2024-06-01,CTAS,SP500
2024-06-01,CTSH,SP500
2024-06-01,DASH,SP500
2024-06-01,DDOG,SP500
2024-06-01,DLTR,SP500
2024-06-01,DXCM,SP500
2024-06-01,EA,SP500
2024-06-01,EXC,SP500
2024-06-01,FANG,SP500
2024-06-01,FAST,SP500
2024-06-01,FTNT,SP500
2024-06-01,GEHC,SP500
2024-06-01,GFS,SP500
2024-06-01,GILD,SP500
2024-06-01,GOOGL,SP500
2024-06-01,HON,SP500
2024-06-01,IDXX,SP500
2024-06-01,ILMN,SP500
2024-06-01,INTC,SP500
2024-06-01,INTU,SP500
2024-06-01,ISRG,SP500
2024-06-01,KDP,SP500
2024-06-01,KHC,SP500
2024-06-01,KLAC,SP500
2024-06-01,LIN,SP500
2024-06-01,LRCX,SP500
2024-06-01,LULU,SP500
2024-06-01,MAR,SP500
2024-06-01,MCHP,SP500
2024-06-01,MDB,SP500
2024-06-01,MDLZ,SP500
2024-06-01,MELI,SP500
2024-06-01,META,SP500
2024-06-01,MNST,SP500
2024-06-01,MRNA,SP500
2024-06-01,MRVL,SP500
2024-06-01,MSFT,SP500
2024-06-01,MU,SP500
2024-06-01,NFLX,SP500
2024-06-01,NVDA,SP500
2024-06-01,NXPI,SP500
2024-06-01,ODFL,SP500
2024-06-01,ON,SP500
2024-06-01,ORLY,SP500
2024-06-01,PANW,SP500
2024-06-01,PAYX,SP500
2024-06-01,PCAR,SP500
2024-06-01,PDD,SP500
2024-06-01,PEP,SP500
2024-06-01,PYPL,SP500
2024-06-01,QCOM,SP500
2024-06-01,REGN,SP500
2024-06-01,ROP,SP500
2024-06-01,ROST,SP500
2024-06-01,SBUX,SP500
2024-06-01,SIRI,SP500
2024-06-01,SNPS,SP500
2024-06-01,TEAM,SP500
2024-06-01,TMUS,SP500
2024-06-01,TSLA,SP500
2024-06-01,TTD,SP500
2024-06-01,TTWO,SP500
2024-06-01,TXN,SP500
2024-06-01,VRSK,SP500
2024-06-01,VRTX,SP500
2024-06-01,WBA,SP500
2024-06-01,WBD,SP500
2024-06-01,WDAY,SP500
2024-06-01,XEL,SP500
2024-06-01,ZS,SP500
2024-07-02,AAPL,SP500
2024-07-02,ABNB,SP500
2024-07-02,ADBE,SP500
2024-07-02,ADI,SP500
2024-07-02,ADP,SP500
2024-07-02,ADSK,SP500
2024-07-02,AEP,SP500
2024-07-02,AMAT,SP500
2024-07-02,AMD,SP500
2024-07-02,AMGN,SP500
2024-07-02,AMZN,SP500
2024-07-02,ANSS,SP500
2024-07-02,ARM,SP500
2024-07-02,ASML,SP500
2024-07-02,AVGO,SP500
2024-07-02,AZN,SP500
2024-07-02,BIIB,SP500
2024-07-02,BKNG,SP500
2024-07-02,BKR,SP500
2024-07-02,CCEP,SP500
2024-07-02,CDNS,SP500
2024-07-02,CDW,SP500
2024-07-02,CEG,SP500
2024-07-02,CHTR,SP500
2024-07-02,CMCSA,SP500
2024-07-02,COST,SP500
2024-07-02,CPRT,SP500
2024-07-02,CRWD,SP500
2024-07-02,CSCO,SP500
2024-07-02,CSGP,SP500
2024-07-02,CSX,SP500
2024-07-02,CTAS,SP500
2024-07-02,CTSH,SP500
2024-07-02,DASH,SP500
2024-07-02,DDOG,SP500
2024-07-02,DLTR,SP500
2024-07-02,DXCM,SP500
2024-07-02,EA,SP500
2024-07-02,EXC,SP500
2024-07-02,FANG,SP500
2024-07-02,FAST,SP500
2024-07-02,FTNT,SP500
2024-07-02,GEHC,SP500
2024-07-02,GFS,SP500
2024-07-02,GILD,SP500
2024-07-02,GOOGL,SP500
2024-07-02,GRAL,SP500
2024-07-02,HON,SP500
2024-07-02,IDXX,SP500
2024-07-02,ILMN,SP500
2024-07-02,INTC,SP500
2024-07-02,INTU,SP500
2024-07-02,ISRG,SP500
2024-07-02,KDP,SP500
2024-07-02,KHC,SP500
2024-07-02,KLAC,SP500
2024-07-02,LIN,SP500
2024-07-02,LRCX,SP500
2024-07-02,LULU,SP500
2024-07-02,MAR,SP500
2024-07-02,MCHP,SP500
2024-07-02,MDB,SP500
2024-07-02,MDLZ,SP500
2024-07-02,MELI,SP500
2024-07-02,META,SP500
2024-07-02,MNST,SP500
2024-07-02,MRNA,SP500
2024-07-02,MRVL,SP500
2024-07-02,MSFT,SP500
2024-07-02,MU,SP500
2024-07-02,NFLX,SP500
2024-07-02,NVDA,SP500
2024-07-02,NXPI,SP500
2024-07-02,ODFL,SP500
2024-07-02,ON,SP500
2024-07-02,ORLY,SP500
2024-07-02,PANW,SP500
2024-07-02,PAYX,SP500
2024-07-02,PCAR,SP500
2024-07-02,PDD,SP500
2024-07-02,PEP,SP500
2024-07-02,PYPL,SP500
2024-07-02,QCOM,SP500
2024-07-02,REGN,SP500
2024-07-02,ROP,SP500
2024-07-02,ROST,SP500
2024-07-02,SBUX,SP500
2024-07-02,SNPS,SP500
2024-07-02,TEAM,SP500
2024-07-02,TMUS,SP500
2024-07-02,TSLA,SP500
2024-07-02,TTD,SP500
2024-07-02,TTWO,SP500
2024-07-02,TXN,SP500
2024-07-02,VRSK,SP500
2024-07-02,VRTX,SP500
2024-07-02,WBA,SP500
2024-07-02,WBD,SP500
2024-07-02,WDAY,SP500
2024-07-02,XEL,SP500
2024-07-02,ZS,SP500
2024-08-01,AAPL,SP500
2024-08-01,ABNB,SP500
2024-08-01,ADBE,SP500
2024-08-01,ADI,SP500
2024-08-01,ADP,SP500
2024-08-01,ADSK,SP500
2024-08-01,AEP,SP500
2024-08-01,AMAT,SP500
2024-08-01,AMD,SP500
2024-08-01,AMGN,SP500
2024-08-01,AMZN,SP500
2024-08-01,ANSS,SP500
2024-08-01,ARM,SP500
2024-08-01,ASML,SP500
2024-08-01,AVGO,SP500
2024-08-01,AZN,SP500
2024-08-01,BIIB,SP500
2024-08-01,BKNG,SP500
2024-08-01,BKR,SP500
2024-08-01,CCEP,SP500
2024-08-01,CDNS,SP500
2024-08-01,CDW,SP500
2024-08-01,CEG,SP500
2024-08-01,CHTR,SP500
2024-08-01,CMCSA,SP500
2024-08-01,COST,SP500
2024-08-01,CPRT,SP500
2024-08-01,CRWD,SP500
2024-08-01,CSCO,SP500
2024-08-01,CSGP,SP500
2024-08-01,CSX,SP500
2024-08-01,CTAS,SP500
2024-08-01,CTSH,SP500
2024-08-01,DASH,SP500
2024-08-01,DDOG,SP500
2024-08-01,DLTR,SP500
2024-08-01,DXCM,SP500
2024-08-01,EA,SP500
2024-08-01,EXC,SP500
2024-08-01,FANG,SP500
2024-08-01,FAST,SP500
2024-08-01,FTNT,SP500
2024-08-01,GEHC,SP500
2024-08-01,GFS,SP500
2024-08-01,GILD,SP500
2024-08-01,GOOGL,SP500
2024-08-01,GRAL,SP500
2024-08-01,HON,SP500
2024-08-01,IDXX,SP500
2024-08-01,ILMN,SP500
2024-08-01,INTC,SP500
2024-08-01,INTU,SP500
2024-08-01,ISRG,SP500
2024-08-01,KDP,SP500
2024-08-01,KHC,SP500
2024-08-01,KLAC,SP500
2024-08-01,LIN,SP500
2024-08-01,LRCX,SP500
2024-08-01,LULU,SP500
2024-08-01,MAR,SP500
2024-08-01,MCHP,SP500
2024-08-01,MDB,SP500
2024-08-01,MDLZ,SP500
2024-08-01,MELI,SP500
2024-08-01,META,SP500
2024-08-01,MNST,SP500
2024-08-01,MRNA,SP500
2024-08-01,MRVL,SP500
2024-08-01,MSFT,SP500
2024-08-01,MU,SP500
2024-08-01,NFLX,SP500
2024-08-01,NVDA,SP500
2024-08-01,NXPI,SP500
2024-08-01,ODFL,SP500
2024-08-01,ON,SP500
2024-08-01,ORLY,SP500
2024-08-01,PANW,SP500
2024-08-01,PAYX,SP500
2024-08-01,PCAR,SP500
2024-08-01,PDD,SP500
2024-08-01,PEP,SP500
2024-08-01,PYPL,SP500
2024-08-01,QCOM,SP500
2024-08-01,REGN,SP500
2024-08-01,ROP,SP500
2024-08-01,ROST,SP500
2024-08-01,SBUX,SP500
2024-08-01,SNPS,SP500
2024-08-01,TEAM,SP500
2024-08-01,TMUS,SP500
2024-08-01,TSLA,SP500
2024-08-01,TTD,SP500
2024-08-01,TTWO,SP500
2024-08-01,TXN,SP500
2024-08-01,VRSK,SP500
2024-08-01,VRTX,SP500
2024-08-01,WBA,SP500
2024-08-01,WBD,SP500
2024-08-01,WDAY,SP500
2024-08-01,XEL,SP500
2024-08-01,ZS,SP500
2024-09-04,AAPL,SP500
2024-09-04,ABNB,SP500
2024-09-04,ADBE,SP500
2024-09-04,ADI,SP500
2024-09-04,ADP,SP500
2024-09-04,ADSK,SP500
2024-09-04,AEP,SP500
2024-09-04,AMAT,SP500
2024-09-04,AMD,SP500
2024-09-04,AMGN,SP500
2024-09-04,AMZN,SP500
2024-09-04,ANSS,SP500
2024-09-04,ARM,SP500
2024-09-04,ASML,SP500
2024-09-04,AVGO,SP500
2024-09-04,AZN,SP500
2024-09-04,BIIB,SP500
2024-09-04,BKNG,SP500
2024-09-04,BKR,SP500
2024-09-04,CCEP,SP500
2024-09-04,CDNS,SP500
2024-09-04,CDW,SP500
2024-09-04,CEG,SP500
2024-09-04,CHTR,SP500
2024-09-04,CMCSA,SP500
2024-09-04,COST,SP500
2024-09-04,CPRT,SP500
2024-09-04,CRWD,SP500
2024-09-04,CSCO,SP500
2024-09-04,CSGP,SP500
2024-09-04,CSX,SP500
2024-09-04,CTAS,SP500
2024-09-04,CTSH,SP500
2024-09-04,DASH,SP500
2024-09-04,DDOG,SP500
2024-09-04,DLTR,SP500
2024-09-04,DXCM,SP500
2024-09-04,EA,SP500
2024-09-04,EXC,SP500
2024-09-04,FANG,SP500
2024-09-04,FAST,SP500
2024-09-04,FTNT,SP500
2024-09-04,GEHC,SP500
2024-09-04,GFS,SP500
2024-09-04,GILD,SP500
2024-09-04,GOOGL,SP500
2024-09-04,GRAL,SP500
2024-09-04,HON,SP500
2024-09-04,IDXX,SP500
2024-09-04,ILMN,SP500
2024-09-04,INTC,SP500
2024-09-04,INTU,SP500
2024-09-04,ISRG,SP500
2024-09-04,KDP,SP500
2024-09-04,KHC,SP500
2024-09-04,KLAC,SP500
2024-09-04,LIN,SP500
2024-09-04,LRCX,SP500
2024-09-04,LULU,SP500
2024-09-04,MAR,SP500
2024-09-04,MCHP,SP500
2024-09-04,MDB,SP500
2024-09-04,MDLZ,SP500
2024-09-04,MELI,SP500
2024-09-04,META,SP500
2024-09-04,MNST,SP500
2024-09-04,MRNA,SP500
2024-09-04,MRVL,SP500
2024-09-04,MSFT,SP500
2024-09-04,MU,SP500
2024-09-04,NFLX,SP500
2024-09-04,NVDA,SP500
2024-09-04,NXPI,SP500
2024-09-04,ODFL,SP500
2024-09-04,ON,SP500
2024-09-04,ORLY,SP500
2024-09-04,PANW,SP500
2024-09-04,PAYX,SP500
2024-09-04,PCAR,SP500
2024-09-04,PDD,SP500
2024-09-04,PEP,SP500
2024-09-04,PYPL,SP500
2024-09-04,QCOM,SP500
2024-09-04,REGN,SP500
2024-09-04,ROP,SP500
2024-09-04,ROST,SP500
2024-09-04,SBUX,SP500
2024-09-04,SNPS,SP500
2024-09-04,TEAM,SP500
2024-09-04,TMUS,SP500
2024-09-04,TSLA,SP500
2024-09-04,TTD,SP500
2024-09-04,TTWO,SP500
2024-09-04,TXN,SP500
2024-09-04,VRSK,SP500
2024-09-04,VRTX,SP500
2024-09-04,WBA,SP500
2024-09-04,WBD,SP500
2024-09-04,WDAY,SP500
2024-09-04,XEL,SP500
2024-09-04,ZS,SP500
2024-10-01,AAPL,SP500
2024-10-01,ABNB,SP500
2024-10-01,ADBE,SP500
2024-10-01,ADI,SP500
2024-10-01,ADP,SP500
2024-10-01,ADSK,SP500
2024-10-01,AEP,SP500
2024-10-01,AMAT,SP500
2024-10-01,AMD,SP500
2024-10-01,AMGN,SP500
2024-10-01,AMZN,SP500
2024-10-01,ANSS,SP500
2024-10-01,ARM,SP500
2024-10-01,ASML,SP500
2024-10-01,AVGO,SP500
2024-10-01,AZN,SP500
2024-10-01,BIIB,SP500
2024-10-01,BKNG,SP500
2024-10-01,BKR,SP500
2024-10-01,CCEP,SP500
2024-10-01,CDNS,SP500
2024-10-01,CDW,SP500
2024-10-01,CEG,SP500
2024-10-01,CHTR,SP500
2024-10-01,CMCSA,SP500
2024-10-01,COST,SP500
2024-10-01,CPRT,SP500
2024-10-01,CRWD,SP500
2024-10-01,CSCO,SP500
2024-10-01,CSGP,SP500
2024-10-01,CSX,SP500
2024-10-01,CTAS,SP500
2024-10-01,CTSH,SP500
2024-10-01,DASH,SP500
2024-10-01,DDOG,SP500
2024-10-01,DXCM,SP500
2024-10-01,EA,SP500
2024-10-01,EXC,SP500
2024-10-01,FANG,SP500
2024-10-01,FAST,SP500
2024-10-01,FTNT,SP500
2024-10-01,GEHC,SP500
2024-10-01,GFS,SP500
2024-10-01,GILD,SP500
2024-10-01,GOOGL,SP500
2024-10-01,HON,SP500
2024-10-01,IDXX,SP500
2024-10-01,ILMN,SP500
2024-10-01,INTC,SP500
2024-10-01,INTU,SP500
2024-10-01,ISRG,SP500
2024-10-01,KDP,SP500
2024-10-01,KHC,SP500
2024-10-01,KLAC,SP500
2024-10-01,LIN,SP500
2024-10-01,LRCX,SP500
2024-10-01,LULU,SP500
2024-10-01,MAR,SP500
2024-10-01,MCHP,SP500
2024-10-01,MDB,SP500
2024-10-01,MDLZ,SP500
2024-10-01,MELI,SP500
2024-10-01,META,SP500
2024-10-01,MNST,SP500
2024-10-01,MRNA,SP500
2024-10-01,MRVL,SP500
2024-10-01,MSFT,SP500
2024-10-01,MU,SP500
2024-10-01,NFLX,SP500
2024-10-01,NVDA,SP500
2024-10-01,NXPI,SP500
2024-10-01,ODFL,SP500
2024-10-01,ON,SP500
2024-10-01,ORLY,SP500
2024-10-01,PANW,SP500
2024-10-01,PAYX,SP500
2024-10-01,PCAR,SP500
2024-10-01,PDD,SP500
2024-10-01,PEP,SP500
2024-10-01,PYPL,SP500
2024-10-01,QCOM,SP500
2024-10-01,REGN,SP500
2024-10-01,ROP,SP500
2024-10-01,ROST,SP500
2024-10-01,SBUX,SP500
2024-10-01,SMCI,SP500
2024-10-01,SNPS,SP500
2024-10-01,TEAM,SP500
2024-10-01,TMUS,SP500
2024-10-01,TSLA,SP500
2024-10-01,TTD,SP500
2024-10-01,TTWO,SP500
2024-10-01,TXN,SP500
2024-10-01,VRSK,SP500
2024-10-01,VRTX,SP500
2024-10-01,WBD,SP500
2024-10-01,WDAY,SP500
2024-10-01,XEL,SP500
2024-10-01,ZS,SP500
2024-11-01,AAPL,SP500
2024-11-01,ABNB,SP500
2024-11-01,ADBE,SP500
2024-11-01,ADI,SP500
2024-11-01,ADP,SP500
2024-11-01,ADSK,SP500
2024-11-01,AEP,SP500
2024-11-01,AMAT,SP500
2024-11-01,AMD,SP500
2024-11-01,AMGN,SP500
2024-11-01,AMZN,SP500
2024-11-01,ANSS,SP500
2024-11-01,ARM,SP500
2024-11-01,ASML,SP500
2024-11-01,AVGO,SP500
2024-11-01,AZN,SP500
2024-11-01,BIIB,SP500
2024-11-01,BKNG,SP500
2024-11-01,BKR,SP500
2024-11-01,CCEP,SP500
2024-11-01,CDNS,SP500
2024-11-01,CDW,SP500
2024-11-01,CEG,SP500
2024-11-01,CHTR,SP500
2024-11-01,CMCSA,SP500
2024-11-01,COST,SP500
2024-11-01,CPRT,SP500
2024-11-01,CRWD,SP500
2024-11-01,CSCO,SP500
2024-11-01,CSGP,SP500
2024-11-01,CSX,SP500
2024-11-01,CTAS,SP500
2024-11-01,CTSH,SP500
2024-11-01,DASH,SP500
2024-11-01,DDOG,SP500
2024-11-01,DLTR,SP500
2024-11-01,DXCM,SP500
2024-11-01,EA,SP500
2024-11-01,EXC,SP500
2024-11-01,FANG,SP500
2024-11-01,FAST,SP500
2024-11-01,FTNT,SP500
2024-11-01,GEHC,SP500
2024-11-01,GFS,SP500
2024-11-01,GILD,SP500
2024-11-01,GOOG,SP500
2024-11-01,GOOGL,SP500
2024-11-01,HON,SP500
2024-11-01,IDXX,SP500
2024-11-01,ILMN,SP500
2024-11-01,INTC,SP500
2024-11-01,INTU,SP500
2024-11-01,ISRG,SP500
2024-11-01,KDP,SP500
2024-11-01,KHC,SP500
2024-11-01,KLAC,SP500
2024-11-01,LIN,SP500
2024-11-01,LRCX,SP500
2024-11-01,LULU,SP500
2024-11-01,MAR,SP500
2024-11-01,MCHP,SP500
2024-11-01,MDB,SP500
2024-11-01,MDLZ,SP500
2024-11-01,MELI,SP500
2024-11-01,META,SP500
2024-11-01,MNST,SP500
2024-11-01,MRNA,SP500
2024-11-01,MRVL,SP500
2024-11-01,MSFT,SP500
2024-11-01,MU,SP500
2024-11-01,NFLX,SP500
2024-11-01,NVDA,SP500
2024-11-01,NXPI,SP500
2024-11-01,ODFL,SP500
2024-11-01,ON,SP500
2024-11-01,ORLY,SP500
2024-11-01,PANW,SP500
2024-11-01,PAYX,SP500
2024-11-01,PCAR,SP500
2024-11-01,PDD,SP500
2024-11-01,PEP,SP500
2024-11-01,PYPL,SP500
2024-11-01,QCOM,SP500
2024-11-01,REGN,SP500
2024-11-01,ROP,SP500
2024-11-01,ROST,SP500
2024-11-01,SBUX,SP500
2024-11-01,SMCI,SP500
2024-11-01,SNPS,SP500
2024-11-01,TEAM,SP500
2024-11-01,TMUS,SP500
2024-11-01,TSLA,SP500
2024-11-01,TTD,SP500
2024-11-01,TTWO,SP500
2024-11-01,TXN,SP500
2024-11-01,VRSK,SP500
2024-11-01,VRTX,SP500
2024-11-01,WBD,SP500
2024-11-01,WDAY,SP500
2024-11-01,XEL,SP500
2024-11-01,ZS,SP500
2024-12-03,AAPL,SP500
2024-12-03,ABNB,SP500
2024-12-03,ADBE,SP500
2024-12-03,ADI,SP500
2024-12-03,ADP,SP500
2024-12-03,ADSK,SP500
2024-12-03,AEP,SP500
2024-12-03,AMAT,SP500
2024-12-03,AMD,SP500
2024-12-03,AMGN,SP500
2024-12-03,AMZN,SP500
2024-12-03,ANSS,SP500
2024-12-03,APP,SP500
2024-12-03,ARM,SP500
2024-12-03,ASML,SP500
2024-12-03,AVGO,SP500
2024-12-03,AZN,SP500
2024-12-03,BIIB,SP500
2024-12-03,BKNG,SP500
2024-12-03,BKR,SP500
2024-12-03,CCEP,SP500
2024-12-03,CDNS,SP500
2024-12-03,CDW,SP500
2024-12-03,CEG,SP500
2024-12-03,CHTR,SP500
2024-12-03,CMCSA,SP500
2024-12-03,COST,SP500
2024-12-03,CPRT,SP500
2024-12-03,CRWD,SP500
2024-12-03,CSCO,SP500
2024-12-03,CSGP,SP500
2024-12-03,CSX,SP500
2024-12-03,CTAS,SP500
2024-12-03,CTSH,SP500
2024-12-03,DASH,SP500
2024-12-03,DDOG,SP500
2024-12-03,DXCM,SP500
2024-12-03,EA,SP500
2024-12-03,EXC,SP500
2024-12-03,FANG,SP500
2024-12-03,FAST,SP500
2024-12-03,FTNT,SP500
2024-12-03,GEHC,SP500
2024-12-03,GFS,SP500
2024-12-03,GILD,SP500
2024-12-03,GOOG,SP500
2024-12-03,GOOGL,SP500
2024-12-03,HON,SP500
2024-12-03,IDXX,SP500
2024-12-03,ILMN,SP500
2024-12-03,INTC,SP500
2024-12-03,INTU,SP500
2024-12-03,ISRG,SP500
2024-12-03,KDP,SP500
2024-12-03,KHC,SP500
2024-12-03,KLAC,SP500
2024-12-03,LIN,SP500
2024-12-03,LRCX,SP500
2024-12-03,LULU,SP500
2024-12-03,MAR,SP500
2024-12-03,MCHP,SP500
2024-12-03,MDB,SP500
2024-12-03,MDLZ,SP500
2024-12-03,MELI,SP500
2024-12-03,META,SP500
2024-12-03,MNST,SP500
2024-12-03,MRNA,SP500
2024-12-03,MRVL,SP500
2024-12-03,MSFT,SP500
2024-12-03,MU,SP500
2024-12-03,NFLX,SP500
2024-12-03,NVDA,SP500
2024-12-03,NXPI,SP500
2024-12-03,ODFL,SP500
2024-12-03,ON,SP500
2024-12-03,ORLY,SP500
2024-12-03,PANW,SP500
2024-12-03,PAYX,SP500
2024-12-03,PCAR,SP500
2024-12-03,PDD,SP500
2024-12-03,PEP,SP500
2024-12-03,PYPL,SP500
2024-12-03,QCOM,SP500
2024-12-03,REGN,SP500
2024-12-03,ROP,SP500
2024-12-03,ROST,SP500
2024-12-03,SBUX,SP500
2024-12-03,SMCI,SP500
2024-12-03,SNPS,SP500
2024-12-03,TEAM,SP500
2024-12-03,TMUS,SP500
2024-12-03,TSLA,SP500
2024-12-03,TTD,SP500
2024-12-03,TTWO,SP500
2024-12-03,TXN,SP500
2024-12-03,VRSK,SP500
2024-12-03,VRTX,SP500
2024-12-03,WBD,SP500
2024-12-03,WDAY,SP500
2024-12-03,XEL,SP500
2024-12-03,ZS,SP500