date,ticker,index_member
2019-01-01,A,SP500
2019-01-01,AAPL,SP500
2019-01-01,ABBV,SP500
2019-01-01,ABMD,SP500
2019-01-01,ACN,SP500
2019-01-01,ADBE,SP500
2019-01-01,ADI,SP500
2019-01-01,ADP,SP500
2019-01-01,ADSK,SP500
2019-01-01,AJG,SP500
2019-01-01,AKAM,SP500
2019-01-01,ALB,SP500
2019-01-01,ALGN,SP500
2019-01-01,ALKS,SP500
2019-01-01,ALNY,SP500
2019-01-01,ALXN,SP500
2019-01-01,AMAT,SP500
2019-01-01,AMD,SP500
2019-01-01,AME,SP500
2019-01-01,AMT,SP500
2019-01-01,AMTD,SP500
2019-01-01,AMZN,SP500
2019-01-01,ANET,SP500
2019-01-01,ANSS,SP500
2019-01-01,AON,SP500
2019-01-01,AOS,SP500
2019-01-01,APA,SP500
2019-01-01,APC,SP500
2019-01-01,APH,SP500
2019-01-01,AR,SP500
2019-01-01,ARE,SP500
2019-01-01,ATVI,SP500
2019-01-01,AVB,SP500
2019-01-01,AVGO,SP500
2019-01-01,AXTA,SP500
2019-01-01,AYI,SP500
2019-01-01,AZO,SP500
2019-01-01,BA,SP500
2019-01-01,BAX,SP500
2019-01-01,BDX,SP500
2019-01-01,BF.B,SP500
2019-01-01,BIIB,SP500
2019-01-01,BKI,SP500
2019-01-01,BKNG,SP500
2019-01-01,BLK,SP500
2019-01-01,BMRN,SP500
2019-01-01,BMY,SP500
2019-01-01,BR,SP500
2019-01-01,BSX,SP500
2019-01-01,BXP,SP500
2019-01-01,CBOE,SP500
2019-01-01,CBRE,SP500
2019-01-01,CCI,SP500
2019-01-01,CDK,SP500
2019-01-01,CDNS,SP500
2019-01-01,CELG,SP500
2019-01-01,CERN,SP500
2019-01-01,CF,SP500
2019-01-01,CGNX,SP500
2019-01-01,CHD,SP500
2019-01-01,CHRW,SP500
2019-01-01,CHTR,SP500
2019-01-01,CL,SP500
2019-01-01,CLR,SP500
2019-01-01,CLX,SP500
2019-01-01,CMA,SP500
2019-01-01,CMCSA,SP500
2019-01-01,CMG,SP500
2019-01-01,CNC,SP500
2019-01-01,COG,SP500
2019-01-01,COO,SP500
2019-01-01,COST,SP500
2019-01-01,COTY,SP500
2019-01-01,CPRT,SP500
2019-01-01,CPT,SP500
2019-01-01,CRM,SP500
2019-01-01,CSGP,SP500
2019-01-01,CTAS,SP500
2019-01-01,CTSH,SP500
2019-01-01,CTXS,SP500
2019-01-01,CVNA,SP500
2019-01-01,CXO,SP500
2019-01-01,DBX,SP500
2019-01-01,DG,SP500
2019-01-01,DHI,SP500
2019-01-01,DHR,SP500
2019-01-01,DIS,SP500
2019-01-01,DLR,SP500
2019-01-01,DLTR,SP500
2019-01-01,DPZ,SP500
2019-01-01,DXCM,SP500
2019-01-01,EA,SP500
2019-01-01,ECL,SP500
2019-01-01,EFX,SP500
2019-01-01,EL,SP500
2019-01-01,EOG,SP500
2019-01-01,EQIX,SP500
2019-01-01,ESS,SP500
2019-01-01,ETFC,SP500
2019-01-01,EW,SP500
2019-01-01,EXPD,SP500
2019-01-01,EXPE,SP500
2019-01-01,EXR,SP500
2019-01-01,FANG,SP500
2019-01-01,FAST,SP500
2019-01-01,FB,SP500
2019-01-01,FBHS,SP500
2019-01-01,FDS,SP500
2019-01-01,FDX,SP500
2019-01-01,FFIV,SP500
2019-01-01,FIS,SP500
2019-01-01,FISV,SP500
2019-01-01,FLIR,SP500
2019-01-01,FLT,SP500
2019-01-01,FMC,SP500
2019-01-01,FRC,SP500
2019-01-01,FRT,SP500
2019-01-01,FTNT,SP500
2019-01-01,FTV,SP500
2019-01-01,GDDY,SP500
2019-01-01,GOOG,SP500
2019-01-01,GOOGL,SP500
2019-01-01,GPN,SP500
2019-01-01,GRUB,SP500
2019-01-01,H,SP500
2019-01-01,HAL,SP500
2019-01-01,HD,SP500
2019-01-01,HES,SP500
2019-01-01,HII,SP500
2019-01-01,HLT,SP500
2019-01-01,HP,SP500
2019-01-01,HRL,SP500
2019-01-01,HRS,SP500
2019-01-01,HSIC,SP500
2019-01-01,HSY,SP500
2019-01-01,HUBB,SP500
2019-01-01,IAC,SP500
2019-01-01,IBKR,SP500
2019-01-01,ICE,SP500
2019-01-01,IDXX,SP500
2019-01-01,IFF,SP500
2019-01-01,ILMN,SP500
2019-01-01,INCY,SP500
2019-01-01,INFO,SP500
2019-01-01,INTU,SP500
2019-01-01,INVH,SP500
2019-01-01,IPGP,SP500
2019-01-01,IQV,SP500
2019-01-01,IRM,SP500
2019-01-01,ISRG,SP500
2019-01-01,IT,SP500
2019-01-01,ITW,SP500
2019-01-01,JAZZ,SP500
2019-01-01,JBHT,SP500
2019-01-01,JKHY,SP500
2019-01-01,KEYS,SP500
2019-01-01,KHC,SP500
2019-01-01,KLAC,SP500
2019-01-01,KMX,SP500
2019-01-01,KSU,SP500
2019-01-01,LEN,SP500
2019-01-01,LEN.B,SP500
2019-01-01,LH,SP500
2019-01-01,LIN,SP500
2019-01-01,LKQ,SP500
2019-01-01,LMT,SP500
2019-01-01,LNG,SP500
2019-01-01,LOGM,SP500
2019-01-01,LOW,SP500
2019-01-01,LRCX,SP500
2019-01-01,LULU,SP500
2019-01-01,LUV,SP500
2019-01-01,LW,SP500
2019-01-01,MA,SP500
2019-01-01,MAA,SP500
2019-01-01,MAR,SP500
2019-01-01,MAS,SP500
2019-01-01,MCD,SP500
2019-01-01,MCHP,SP500
2019-01-01,MCO,SP500
2019-01-01,MDT,SP500
2019-01-01,MGM,SP500
2019-01-01,MHK,SP500
2019-01-01,MKC,SP500
2019-01-01,MKL,SP500
2019-01-01,MLM,SP500
2019-01-01,MMC,SP500
2019-01-01,MMM,SP500
2019-01-01,MNST,SP500
2019-01-01,MO,SP500
2019-01-01,MSCI,SP500
2019-01-01,MTCH,SP500
2019-01-01,MTD,SP500
2019-01-01,MTN,SP500
2019-01-01,MU,SP500
2019-01-01,MXIM,SP500
2019-01-01,NBL,SP500
2019-01-01,NCLH,SP500
2019-01-01,NFLX,SP500
2019-01-01,NKE,SP500
2019-01-01,NKTR,SP500
2019-01-01,NOW,SP500
2019-01-01,NVDA,SP500
2019-01-01,NVR,SP500
2019-01-01,NWL,SP500
2019-01-01,O,SP500
2019-01-01,OC,SP500
2019-01-01,ODFL,SP500
2019-01-01,OKE,SP500
2019-01-01,ORLY,SP500
2019-01-01,OXY,SP500
2019-01-01,PANW,SP500
2019-01-01,PAYX,SP500
2019-01-01,PII,SP500
2019-01-01,PKG,SP500
2019-01-01,PLD,SP500
2019-01-01,PM,SP500
2019-01-01,PSA,SP500
2019-01-01,PXD,SP500
2019-01-01,PYPL,SP500
2019-01-01,QRVO,SP500
2019-01-01,RCL,SP500
2019-01-01,REG,SP500
2019-01-01,REGN,SP500
2019-01-01,RHI,SP500
2019-01-01,RHT,SP500
2019-01-01,RJF,SP500
2019-01-01,RMD,SP500
2019-01-01,ROK,SP500
2019-01-01,ROL,SP500
2019-01-01,ROP,SP500
2019-01-01,ROST,SP500
2019-01-01,SBAC,SP500
2019-01-01,SBUX,SP500
2019-01-01,SCHW,SP500
2019-01-01,SEE,SP500
2019-01-01,SEIC,SP500
2019-01-01,SGEN,SP500
2019-01-01,SHW,SP500
2019-01-01,SIRI,SP500
2019-01-01,SIVB,SP500
2019-01-01,SLB,SP500
2019-01-01,SLG,SP500
2019-01-01,SNA,SP500
2019-01-01,SNAP,SP500
2019-01-01,SPG,SP500
2019-01-01,SPGI,SP500
2019-01-01,SPLK,SP500
2019-01-01,SQ,SP500
2019-01-01,SSNC,SP500
2019-01-01,ST,SP500
2019-01-01,STLD,SP500
2019-01-01,STZ,SP500
2019-01-01,SWKS,SP500
2019-01-01,SYK,SP500
2019-01-01,TDG,SP500
2019-01-01,TFX,SP500
2019-01-01,TIF,SP500
2019-01-01,TJX,SP500
2019-01-01,TMO,SP500
2019-01-01,TMUS,SP500
2019-01-01,TPR,SP500
2019-01-01,TRGP,SP500
2019-01-01,TRIP,SP500
2019-01-01,TRMB,SP500
2019-01-01,TROW,SP500
2019-01-01,TRU,SP500
2019-01-01,TSCO,SP500
2019-01-01,TSLA,SP500
2019-01-01,TSS,SP500
2019-01-01,TTWO,SP500
2019-01-01,TWTR,SP500
2019-01-01,TXN,SP500
2019-01-01,UA,SP500
2019-01-01,UAA,SP500
2019-01-01,UDR,SP500
2019-01-01,UHS,SP500
2019-01-01,ULTA,SP500
2019-01-01,UNP,SP500
2019-01-01,UPS,SP500
2019-01-01,URI,SP500
2019-01-01,V,SP500
2019-01-01,VAR,SP500
2019-01-01,VEEV,SP500
2019-01-01,VMC,SP500
2019-01-01,VMW,SP500
2019-01-01,VNO,SP500
2019-01-01,VRSK,SP500
2019-01-01,VRSN,SP500
2019-01-01,VRTX,SP500
2019-01-01,W,SP500
2019-01-01,WAB,SP500
2019-01-01,WAT,SP500
2019-01-01,WBC,SP500
2019-01-01,WCG,SP500
2019-01-01,WCN,SP500
2019-01-01,WDAY,SP500
2019-01-01,WELL,SP500
2019-01-01,WH,SP500
2019-01-01,WP,SP500
2019-01-01,WY,SP500
2019-01-01,WYNN,SP500
2019-01-01,XEC,SP500
2019-01-01,XLNX,SP500
2019-01-01,XPO,SP500
2019-01-01,XYL,SP500
2019-01-01,YUM,SP500
2019-01-01,ZAYO,SP500
2019-01-01,ZTS,SP500
2019-02-01,A,SP500
2019-02-01,AAPL,SP500
2019-02-01,ABBV,SP500
2019-02-01,ABMD,SP500
2019-02-01,ACN,SP500
2019-02-01,ADBE,SP500
2019-02-01,ADI,SP500
2019-02-01,ADP,SP500
2019-02-01,ADSK,SP500
2019-02-01,AJG,SP500
2019-02-01,AKAM,SP500
2019-02-01,ALB,SP500
2019-02-01,ALGN,SP500
2019-02-01,ALKS,SP500
2019-02-01,ALNY,SP500
2019-02-01,ALXN,SP500
2019-02-01,AMAT,SP500
2019-02-01,AMD,SP500
2019-02-01,AME,SP500
2019-02-01,AMT,SP500
2019-02-01,AMTD,SP500
2019-02-01,AMZN,SP500
2019-02-01,ANET,SP500
2019-02-01,ANSS,SP500
2019-02-01,AON,SP500
2019-02-01,AOS,SP500
2019-02-01,APA,SP500
2019-02-01,APC,SP500
2019-02-01,APH,SP500
2019-02-01,AR,SP500
2019-02-01,ARE,SP500
2019-02-01,ATVI,SP500
2019-02-01,AVB,SP500
2019-02-01,AVGO,SP500
2019-02-01,AXTA,SP500
2019-02-01,AYI,SP500
2019-02-01,AZO,SP500
2019-02-01,BA,SP500
2019-02-01,BAX,SP500
2019-02-01,BDX,SP500
2019-02-01,BF.B,SP500
2019-02-01,BIIB,SP500
2019-02-01,BKI,SP500
2019-02-01,BKNG,SP500
2019-02-01,BLK,SP500
2019-02-01,BMRN,SP500
2019-02-01,BMY,SP500
2019-02-01,BR,SP500
2019-02-01,BSX,SP500
2019-02-01,BXP,SP500
2019-02-01,CBOE,SP500
2019-02-01,CBRE,SP500
2019-02-01,CCI,SP500
2019-02-01,CDK,SP500
2019-02-01,CDNS,SP500
2019-02-01,CELG,SP500
2019-02-01,CERN,SP500
2019-02-01,CF,SP500
2019-02-01,CGNX,SP500
2019-02-01,CHD,SP500
2019-02-01,CHRW,SP500
2019-02-01,CHTR,SP500
2019-02-01,CL,SP500
2019-02-01,CLR,SP500
2019-02-01,CLX,SP500
2019-02-01,CMA,SP500
2019-02-01,CMCSA,SP500
2019-02-01,CMG,SP500
2019-02-01,CNC,SP500
2019-02-01,COG,SP500
2019-02-01,COO,SP500
2019-02-01,COST,SP500
2019-02-01,COTY,SP500
2019-02-01,CPRT,SP500
2019-02-01,CPT,SP500
2019-02-01,CRM,SP500
2019-02-01,CSGP,SP500
2019-02-01,CTAS,SP500
2019-02-01,CTSH,SP500
2019-02-01,CTXS,SP500
2019-02-01,CVNA,SP500
2019-02-01,CXO,SP500
2019-02-01,DBX,SP500
2019-02-01,DG,SP500
2019-02-01,DHI,SP500
2019-02-01,DHR,SP500
2019-02-01,DIS,SP500
2019-02-01,DLR,SP500
2019-02-01,DLTR,SP500
2019-02-01,DPZ,SP500
2019-02-01,DXCM,SP500
2019-02-01,EA,SP500
2019-02-01,ECL,SP500
2019-02-01,EFX,SP500
2019-02-01,EL,SP500
2019-02-01,EOG,SP500
2019-02-01,EQIX,SP500
2019-02-01,ESS,SP500
2019-02-01,ETFC,SP500
2019-02-01,EW,SP500
2019-02-01,EXPD,SP500
2019-02-01,EXPE,SP500
2019-02-01,EXR,SP500
2019-02-01,FANG,SP500
2019-02-01,FAST,SP500
2019-02-01,FB,SP500
2019-02-01,FBHS,SP500
2019-02-01,FDS,SP500
2019-02-01,FDX,SP500
2019-02-01,FFIV,SP500
2019-02-01,FIS,SP500
2019-02-01,FISV,SP500
2019-02-01,FLIR,SP500
2019-02-01,FLT,SP500
2019-02-01,FMC,SP500
2019-02-01,FRC,SP500
2019-02-01,FRT,SP500
2019-02-01,FTNT,SP500
2019-02-01,FTV,SP500
2019-02-01,GDDY,SP500
2019-02-01,GOOG,SP500
2019-02-01,GOOGL,SP500
2019-02-01,GPN,SP500
2019-02-01,GRUB,SP500
2019-02-01,H,SP500
2019-02-01,HAL,SP500
2019-02-01,HD,SP500
2019-02-01,HES,SP500
2019-02-01,HII,SP500
2019-02-01,HLT,SP500
2019-02-01,HP,SP500
2019-02-01,HRL,SP500
2019-02-01,HRS,SP500
2019-02-01,HSIC,SP500
2019-02-01,HSY,SP500
2019-02-01,HUBB,SP500
2019-02-01,IAC,SP500
2019-02-01,IBKR,SP500
2019-02-01,ICE,SP500
2019-02-01,IDXX,SP500
2019-02-01,IFF,SP500
2019-02-01,ILMN,SP500
2019-02-01,INCY,SP500
2019-02-01,INFO,SP500
2019-02-01,INTU,SP500
2019-02-01,INVH,SP500
2019-02-01,IPGP,SP500
2019-02-01,IQV,SP500
2019-02-01,IRM,SP500
2019-02-01,ISRG,SP500
2019-02-01,IT,SP500
2019-02-01,ITW,SP500
2019-02-01,JAZZ,SP500
2019-02-01,JBHT,SP500
2019-02-01,JKHY,SP500
2019-02-01,KEYS,SP500
2019-02-01,KHC,SP500
2019-02-01,KLAC,SP500
2019-02-01,KMX,SP500
2019-02-01,KSU,SP500
2019-02-01,LEN,SP500
2019-02-01,LEN.B,SP500
2019-02-01,LH,SP500
2019-02-01,LIN,SP500
2019-02-01,LKQ,SP500
2019-02-01,LMT,SP500
2019-02-01,LNG,SP500
2019-02-01,LOGM,SP500
2019-02-01,LOW,SP500
2019-02-01,LRCX,SP500
2019-02-01,LULU,SP500
2019-02-01,LUV,SP500
2019-02-01,LW,SP500
2019-02-01,MA,SP500
2019-02-01,MAA,SP500
2019-02-01,MAR,SP500
2019-02-01,MAS,SP500
2019-02-01,MCD,SP500
2019-02-01,MCHP,SP500
2019-02-01,MCO,SP500
2019-02-01,MDT,SP500
2019-02-01,MGM,SP500
2019-02-01,MHK,SP500
2019-02-01,MKC,SP500
2019-02-01,MKL,SP500
2019-02-01,MLM,SP500
2019-02-01,MMC,SP500
2019-02-01,MMM,SP500
2019-02-01,MNST,SP500
2019-02-01,MO,SP500
2019-02-01,MSCI,SP500
2019-02-01,MTCH,SP500
2019-02-01,MTD,SP500
2019-02-01,MTN,SP500
2019-02-01,MU,SP500
2019-02-01,MXIM,SP500
2019-02-01,NBL,SP500
2019-02-01,NCLH,SP500
2019-02-01,NFLX,SP500
2019-02-01,NKE,SP500
2019-02-01,NKTR,SP500
2019-02-01,NOW,SP500
2019-02-01,NVDA,SP500
2019-02-01,NVR,SP500
2019-02-01,NWL,SP500
2019-02-01,O,SP500
2019-02-01,OC,SP500
2019-02-01,ODFL,SP500
2019-02-01,OKE,SP500
2019-02-01,ORLY,SP500
2019-02-01,OXY,SP500
2019-02-01,PANW,SP500
2019-02-01,PAYX,SP500
2019-02-01,PII,SP500
2019-02-01,PKG,SP500
2019-02-01,PLD,SP500
2019-02-01,PM,SP500
2019-02-01,PSA,SP500
2019-02-01,PXD,SP500
2019-02-01,PYPL,SP500
2019-02-01,QRVO,SP500
2019-02-01,RCL,SP500
2019-02-01,REG,SP500
2019-02-01,REGN,SP500
2019-02-01,RHI,SP500
2019-02-01,RHT,SP500
2019-02-01,RJF,SP500
2019-02-01,RMD,SP500
2019-02-01,ROK,SP500
2019-02-01,ROL,SP500
2019-02-01,ROP,SP500
2019-02-01,ROST,SP500
2019-02-01,SBAC,SP500
2019-02-01,SBUX,SP500
2019-02-01,SCHW,SP500
2019-02-01,SEE,SP500
2019-02-01,SEIC,SP500
2019-02-01,SGEN,SP500
2019-02-01,SHW,SP500
2019-02-01,SIRI,SP500
2019-02-01,SIVB,SP500
2019-02-01,SLB,SP500
2019-02-01,SLG,SP500
2019-02-01,SNA,SP500
2019-02-01,SNAP,SP500
2019-02-01,SPG,SP500
2019-02-01,SPGI,SP500
2019-02-01,SPLK,SP500
2019-02-01,SQ,SP500
2019-02-01,SSNC,SP500
2019-02-01,ST,SP500
2019-02-01,STLD,SP500
2019-02-01,STZ,SP500
2019-02-01,SWKS,SP500
2019-02-01,SYK,SP500
2019-02-01,TDG,SP500
2019-02-01,TFX,SP500
2019-02-01,TIF,SP500
2019-02-01,TJX,SP500
2019-02-01,TMO,SP500
2019-02-01,TMUS,SP500
2019-02-01,TPR,SP500
2019-02-01,TRGP,SP500
2019-02-01,TRIP,SP500
2019-02-01,TRMB,SP500
2019-02-01,TROW,SP500
2019-02-01,TRU,SP500
2019-02-01,TSCO,SP500
2019-02-01,TSLA,SP500
2019-02-01,TSS,SP500
2019-02-01,TTWO,SP500
2019-02-01,TWTR,SP500
2019-02-01,TXN,SP500
2019-02-01,UA,SP500
2019-02-01,UAA,SP500
2019-02-01,UDR,SP500
2019-02-01,UHS,SP500
2019-02-01,ULTA,SP500
2019-02-01,UNP,SP500
2019-02-01,UPS,SP500
2019-02-01,URI,SP500
2019-02-01,V,SP500
2019-02-01,VAR,SP500
2019-02-01,VEEV,SP500
2019-02-01,VMC,SP500
2019-02-01,VMW,SP500
2019-02-01,VNO,SP500
2019-02-01,VRSK,SP500
2019-02-01,VRSN,SP500
2019-02-01,VRTX,SP500
2019-02-01,W,SP500
2019-02-01,WAB,SP500
2019-02-01,WAT,SP500
2019-02-01,WBC,SP500
2019-02-01,WCG,SP500
2019-02-01,WCN,SP500
2019-02-01,WDAY,SP500
2019-02-01,WELL,SP500
2019-02-01,WH,SP500
2019-02-01,WP,SP500
2019-02-01,WY,SP500
2019-02-01,WYNN,SP500
2019-02-01,XEC,SP500
2019-02-01,XLNX,SP500
2019-02-01,XPO,SP500
2019-02-01,XYL,SP500
2019-02-01,YUM,SP500
2019-02-01,ZAYO,SP500
2019-02-01,ZTS,SP500
2019-03-01,A,SP500
2019-03-01,AAPL,SP500
2019-03-01,ABBV,SP500
2019-03-01,ABMD,SP500
2019-03-01,ACN,SP500
2019-03-01,ADBE,SP500
2019-03-01,ADI,SP500
2019-03-01,ADP,SP500
2019-03-01,ADSK,SP500
2019-03-01,AJG,SP500
2019-03-01,AKAM,SP500
2019-03-01,ALB,SP500
2019-03-01,ALGN,SP500
2019-03-01,ALKS,SP500
2019-03-01,ALNY,SP500
2019-03-01,ALXN,SP500
2019-03-01,AMAT,SP500
2019-03-01,AMD,SP500
2019-03-01,AME,SP500
2019-03-01,AMT,SP500
2019-03-01,AMTD,SP500
2019-03-01,AMZN,SP500
2019-03-01,ANET,SP500
2019-03-01,ANSS,SP500
2019-03-01,AON,SP500
2019-03-01,AOS,SP500
2019-03-01,APA,SP500
2019-03-01,APC,SP500
2019-03-01,APH,SP500
2019-03-01,ARE,SP500
2019-03-01,ATVI,SP500
2019-03-01,AVB,SP500
2019-03-01,AVGO,SP500
2019-03-01,AXTA,SP500
2019-03-01,AZO,SP500
2019-03-01,BA,SP500
2019-03-01,BAX,SP500
2019-03-01,BDX,SP500
2019-03-01,BF.B,SP500
2019-03-01,BIIB,SP500
2019-03-01,BKI,SP500
2019-03-01,BKNG,SP500
2019-03-01,BLK,SP500
2019-03-01,BMRN,SP500
2019-03-01,BMY,SP500
2019-03-01,BR,SP500
2019-03-01,BSX,SP500
2019-03-01,BXP,SP500
2019-03-01,CBOE,SP500
2019-03-01,CBRE,SP500
2019-03-01,CCI,SP500
2019-03-01,CDK,SP500
2019-03-01,CDNS,SP500
2019-03-01,CELG,SP500
2019-03-01,CERN,SP500
2019-03-01,CF,SP500
2019-03-01,CGNX,SP500
2019-03-01,CHD,SP500
2019-03-01,CHRW,SP500
2019-03-01,CHTR,SP500
2019-03-01,CL,SP500
2019-03-01,CLR,SP500
2019-03-01,CLX,SP500
2019-03-01,CMA,SP500
2019-03-01,CMCSA,SP500
2019-03-01,CMG,SP500
2019-03-01,CNC,SP500
2019-03-01,COG,SP500
2019-03-01,COO,SP500
2019-03-01,COST,SP500
2019-03-01,CPRT,SP500
2019-03-01,CPT,SP500
2019-03-01,CRM,SP500
2019-03-01,CSGP,SP500
2019-03-01,CTAS,SP500
2019-03-01,CTSH,SP500
2019-03-01,CTXS,SP500
2019-03-01,CVNA,SP500
2019-03-01,CXO,SP500
2019-03-01,DBX,SP500
2019-03-01,DG,SP500
2019-03-01,DHI,SP500
2019-03-01,DHR,SP500
2019-03-01,DIS,SP500
2019-03-01,DLR,SP500
2019-03-01,DLTR,SP500
2019-03-01,DPZ,SP500
2019-03-01,DXCM,SP500
2019-03-01,EA,SP500
2019-03-01,ECL,SP500
2019-03-01,EFX,SP500
2019-03-01,EL,SP500
2019-03-01,EOG,SP500
2019-03-01,EQIX,SP500
2019-03-01,ESS,SP500
2019-03-01,ETFC,SP500
2019-03-01,EW,SP500
2019-03-01,EXPD,SP500
2019-03-01,EXPE,SP500
2019-03-01,EXR,SP500
2019-03-01,FANG,SP500
2019-03-01,FAST,SP500
2019-03-01,FB,SP500
2019-03-01,FBHS,SP500
2019-03-01,FDS,SP500
2019-03-01,FDX,SP500
2019-03-01,FFIV,SP500
2019-03-01,FIS,SP500
2019-03-01,FISV,SP500
2019-03-01,FLIR,SP500
2019-03-01,FLT,SP500
2019-03-01,FMC,SP500
2019-03-01,FRC,SP500
2019-03-01,FRT,SP500
2019-03-01,FTNT,SP500
2019-03-01,FTV,SP500
2019-03-01,GDDY,SP500
2019-03-01,GOOG,SP500
2019-03-01,GOOGL,SP500
2019-03-01,GPN,SP500
2019-03-01,GRUB,SP500
2019-03-01,H,SP500
2019-03-01,HAL,SP500
2019-03-01,HD,SP500
2019-03-01,HII,SP500
2019-03-01,HLT,SP500
2019-03-01,HP,SP500
2019-03-01,HRL,SP500
2019-03-01,HRS,SP500
2019-03-01,HSIC,SP500
2019-03-01,HSY,SP500
2019-03-01,HUBB,SP500
2019-03-01,IAC,SP500
2019-03-01,IBKR,SP500
2019-03-01,ICE,SP500
2019-03-01,IDXX,SP500
2019-03-01,IFF,SP500
2019-03-01,ILMN,SP500
2019-03-01,INCY,SP500
2019-03-01,INFO,SP500
2019-03-01,INTU,SP500
2019-03-01,INVH,SP500
2019-03-01,IPGP,SP500
2019-03-01,IQV,SP500
2019-03-01,IRM,SP500
2019-03-01,ISRG,SP500
2019-03-01,IT,SP500
2019-03-01,ITW,SP500
2019-03-01,JAZZ,SP500
2019-03-01,JBHT,SP500
2019-03-01,JKHY,SP500
2019-03-01,KEYS,SP500
2019-03-01,KHC,SP500
2019-03-01,KLAC,SP500
2019-03-01,KMX,SP500
2019-03-01,KSU,SP500
2019-03-01,LEN,SP500
2019-03-01,LEN.B,SP500
2019-03-01,LH,SP500
2019-03-01,LIN,SP500
2019-03-01,LKQ,SP500
2019-03-01,LMT,SP500
2019-03-01,LNG,SP500
2019-03-01,LOW,SP500
2019-03-01,LRCX,SP500
2019-03-01,LULU,SP500
2019-03-01,LUV,SP500
2019-03-01,LW,SP500
2019-03-01,LYV,SP500
2019-03-01,MA,SP500
2019-03-01,MAA,SP500
2019-03-01,MAR,SP500
2019-03-01,MAS,SP500
2019-03-01,MCD,SP500
2019-03-01,MCHP,SP500
2019-03-01,MCO,SP500
2019-03-01,MDT,SP500
2019-03-01,MGM,SP500
2019-03-01,MHK,SP500
2019-03-01,MKC,SP500
2019-03-01,MKL,SP500
2019-03-01,MLM,SP500
2019-03-01,MMC,SP500
2019-03-01,MMM,SP500
2019-03-01,MNST,SP500
2019-03-01,MO,SP500
2019-03-01,MSCI,SP500
2019-03-01,MSFT,SP500
2019-03-01,MTCH,SP500
2019-03-01,MTD,SP500
2019-03-01,MTN,SP500
2019-03-01,MU,SP500
2019-03-01,MXIM,SP500
2019-03-01,NBL,SP500
2019-03-01,NCLH,SP500
2019-03-01,NFLX,SP500
2019-03-01,NKE,SP500
2019-03-01,NKTR,SP500
2019-03-01,NOW,SP500
2019-03-01,NVDA,SP500
2019-03-01,NVR,SP500
2019-03-01,NWL,SP500
2019-03-01,O,SP500
2019-03-01,OC,SP500
2019-03-01,ODFL,SP500
2019-03-01,OKE,SP500
2019-03-01,ORLY,SP500
2019-03-01,OXY,SP500
2019-03-01,PANW,SP500
2019-03-01,PAYX,SP500
2019-03-01,PII,SP500
2019-03-01,PKG,SP500
2019-03-01,PLD,SP500
2019-03-01,PM,SP500
2019-03-01,PSA,SP500
2019-03-01,PXD,SP500
2019-03-01,PYPL,SP500
2019-03-01,RCL,SP500
2019-03-01,REG,SP500
2019-03-01,REGN,SP500
2019-03-01,RHI,SP500
2019-03-01,RHT,SP500
2019-03-01,RJF,SP500
2019-03-01,RMD,SP500
2019-03-01,ROK,SP500
2019-03-01,ROL,SP500
2019-03-01,ROP,SP500
2019-03-01,ROST,SP500
2019-03-01,SBAC,SP500
2019-03-01,SBUX,SP500
2019-03-01,SCHW,SP500
2019-03-01,SEIC,SP500
2019-03-01,SGEN,SP500
2019-03-01,SHW,SP500
2019-03-01,SIRI,SP500
2019-03-01,SIVB,SP500
2019-03-01,SLB,SP500
2019-03-01,SNA,SP500
2019-03-01,SNAP,SP500
2019-03-01,SPG,SP500
2019-03-01,SPGI,SP500
2019-03-01,SPLK,SP500
2019-03-01,SQ,SP500
2019-03-01,SSNC,SP500
2019-03-01,ST,SP500
2019-03-01,STLD,SP500
2019-03-01,STZ,SP500
2019-03-01,SWKS,SP500
2019-03-01,SYK,SP500
2019-03-01,TDG,SP500
2019-03-01,TFX,SP500
2019-03-01,TIF,SP500
2019-03-01,TJX,SP500
2019-03-01,TMO,SP500
2019-03-01,TMUS,SP500
2019-03-01,TRGP,SP500
2019-03-01,TRIP,SP500
2019-03-01,TRMB,SP500
2019-03-01,TROW,SP500
2019-03-01,TRU,SP500
2019-03-01,TSCO,SP500
2019-03-01,TSLA,SP500
2019-03-01,TSS,SP500
2019-03-01,TTWO,SP500
2019-03-01,TWLO,SP500
2019-03-01,TWTR,SP500
2019-03-01,TXN,SP500
2019-03-01,UA,SP500
2019-03-01,UAA,SP500
2019-03-01,UDR,SP500
2019-03-01,UHS,SP500
2019-03-01,ULTA,SP500
2019-03-01,UNP,SP500
2019-03-01,UPS,SP500
2019-03-01,URI,SP500
2019-03-01,V,SP500
2019-03-01,VAR,SP500
2019-03-01,VEEV,SP500
2019-03-01,VMC,SP500
2019-03-01,VMW,SP500
2019-03-01,VNO,SP500
2019-03-01,VRSK,SP500
2019-03-01,VRSN,SP500
2019-03-01,VRTX,SP500
2019-03-01,W,SP500
2019-03-01,WAB,SP500
2019-03-01,WAT,SP500
2019-03-01,WBC,SP500
2019-03-01,WCG,SP500
2019-03-01,WCN,SP500
2019-03-01,WDAY,SP500
2019-03-01,WELL,SP500
2019-03-01,WP,SP500
2019-03-01,WYNN,SP500
2019-03-01,XEC,SP500
2019-03-01,XLNX,SP500
2019-03-01,XPO,SP500
2019-03-01,XYL,SP500
2019-03-01,YUM,SP500
2019-03-01,ZAYO,SP500
2019-03-01,ZTS,SP500
2019-04-02,A,SP500
2019-04-02,AAPL,SP500
2019-04-02,ABBV,SP500
2019-04-02,ABMD,SP500
2019-04-02,ACN,SP500
2019-04-02,ADBE,SP500
2019-04-02,ADI,SP500
2019-04-02,ADP,SP500
2019-04-02,ADSK,SP500
2019-04-02,AJG,SP500
2019-04-02,AKAM,SP500
2019-04-02,ALB,SP500
2019-04-02,ALGN,SP500
2019-04-02,ALKS,SP500
2019-04-02,ALNY,SP500
2019-04-02,ALXN,SP500
2019-04-02,AMAT,SP500
2019-04-02,AMD,SP500
2019-04-02,AME,SP500
2019-04-02,AMT,SP500
2019-04-02,AMTD,SP500
2019-04-02,AMZN,SP500
2019-04-02,ANET,SP500
2019-04-02,ANSS,SP500
2019-04-02,AON,SP500
2019-04-02,AOS,SP500
2019-04-02,APA,SP500
2019-04-02,APC,SP500
2019-04-02,APH,SP500
2019-04-02,ARE,SP500
2019-04-02,ATVI,SP500
2019-04-02,AVB,SP500
2019-04-02,AVGO,SP500
2019-04-02,AXTA,SP500
2019-04-02,AZO,SP500
2019-04-02,BA,SP500
2019-04-02,BAX,SP500
2019-04-02,BDX,SP500
2019-04-02,BF.B,SP500
2019-04-02,BIIB,SP500
2019-04-02,BKI,SP500
2019-04-02,BKNG,SP500
2019-04-02,BLK,SP500
2019-04-02,BMRN,SP500
2019-04-02,BMY,SP500
2019-04-02,BR,SP500
2019-04-02,BSX,SP500
2019-04-02,BXP,SP500
2019-04-02,CBOE,SP500
2019-04-02,CBRE,SP500
2019-04-02,CCI,SP500
2019-04-02,CDK,SP500
2019-04-02,CDNS,SP500
2019-04-02,CELG,SP500
2019-04-02,CERN,SP500
2019-04-02,CF,SP500
2019-04-02,CGNX,SP500
2019-04-02,CHD,SP500
2019-04-02,CHRW,SP500
2019-04-02,CHTR,SP500
2019-04-02,CL,SP500
2019-04-02,CLR,SP500
2019-04-02,CLX,SP500
2019-04-02,CMA,SP500
2019-04-02,CMCSA,SP500
2019-04-02,CMG,SP500
2019-04-02,CNC,SP500
2019-04-02,COG,SP500
2019-04-02,COO,SP500
2019-04-02,COST,SP500
2019-04-02,CPRT,SP500
2019-04-02,CPT,SP500
2019-04-02,CRM,SP500
2019-04-02,CSGP,SP500
2019-04-02,CTAS,SP500
2019-04-02,CTSH,SP500
2019-04-02,CTXS,SP500
2019-04-02,CVET,SP500
2019-04-02,CVNA,SP500
2019-04-02,CXO,SP500
2019-04-02,DBX,SP500
2019-04-02,DG,SP500
2019-04-02,DHI,SP500
2019-04-02,DHR,SP500
2019-04-02,DIS,SP500
2019-04-02,DLR,SP500
2019-04-02,DLTR,SP500
2019-04-02,DPZ,SP500
2019-04-02,DXCM,SP500
2019-04-02,EA,SP500
2019-04-02,ECL,SP500
2019-04-02,EFX,SP500
2019-04-02,EL,SP500
2019-04-02,EOG,SP500
2019-04-02,EQIX,SP500
2019-04-02,ESS,SP500
2019-04-02,ETFC,SP500
2019-04-02,EW,SP500
2019-04-02,EXPD,SP500
2019-04-02,EXPE,SP500
2019-04-02,EXR,SP500
2019-04-02,FANG,SP500
2019-04-02,FAST,SP500
2019-04-02,FB,SP500
2019-04-02,FBHS,SP500
2019-04-02,FDS,SP500
2019-04-02,FDX,SP500
2019-04-02,FFIV,SP500
2019-04-02,FIS,SP500
2019-04-02,FISV,SP500
2019-04-02,FLIR,SP500
2019-04-02,FLT,SP500
2019-04-02,FMC,SP500
2019-04-02,FRC,SP500
2019-04-02,FRT,SP500
2019-04-02,FTNT,SP500
2019-04-02,FTV,SP500
2019-04-02,GDDY,SP500
2019-04-02,GOOG,SP500
2019-04-02,GOOGL,SP500
2019-04-02,GPN,SP500
2019-04-02,GRUB,SP500
2019-04-02,H,SP500
2019-04-02,HAL,SP500
2019-04-02,HD,SP500
2019-04-02,HII,SP500
2019-04-02,HLT,SP500
2019-04-02,HP,SP500
2019-04-02,HRL,SP500
2019-04-02,HRS,SP500
2019-04-02,HSIC,SP500
2019-04-02,HSY,SP500
2019-04-02,HUBB,SP500
2019-04-02,IAC,SP500
2019-04-02,IBKR,SP500
2019-04-02,ICE,SP500
2019-04-02,IDXX,SP500
2019-04-02,IFF,SP500
2019-04-02,ILMN,SP500
2019-04-02,INCY,SP500
2019-04-02,INFO,SP500
2019-04-02,INTU,SP500
2019-04-02,INVH,SP500
2019-04-02,IPGP,SP500
2019-04-02,IQV,SP500
2019-04-02,IRM,SP500
2019-04-02,ISRG,SP500
2019-04-02,IT,SP500
2019-04-02,ITW,SP500
2019-04-02,JAZZ,SP500
2019-04-02,JBHT,SP500
2019-04-02,JKHY,SP500
2019-04-02,KEYS,SP500
2019-04-02,KHC,SP500
2019-04-02,KLAC,SP500
2019-04-02,KMX,SP500
2019-04-02,KSU,SP500
2019-04-02,LEN,SP500
2019-04-02,LEN.B,SP500
2019-04-02,LH,SP500
2019-04-02,LIN,SP500
2019-04-02,LKQ,SP500
2019-04-02,LMT,SP500
2019-04-02,LNG,SP500
2019-04-02,LOW,SP500
2019-04-02,LRCX,SP500
2019-04-02,LULU,SP500
2019-04-02,LUV,SP500
2019-04-02,LW,SP500
2019-04-02,LYV,SP500
2019-04-02,MA,SP500
2019-04-02,MAA,SP500
2019-04-02,MAR,SP500
2019-04-02,MAS,SP500
2019-04-02,MCD,SP500
2019-04-02,MCHP,SP500
2019-04-02,MCO,SP500
2019-04-02,MDT,SP500
2019-04-02,MGM,SP500
2019-04-02,MHK,SP500
2019-04-02,MKC,SP500
2019-04-02,MKL,SP500
2019-04-02,MLM,SP500
2019-04-02,MMC,SP500
2019-04-02,MMM,SP500
2019-04-02,MNST,SP500
2019-04-02,MO,SP500
2019-04-02,MSCI,SP500
2019-04-02,MSFT,SP500
2019-04-02,MTCH,SP500
2019-04-02,MTD,SP500
2019-04-02,MTN,SP500
2019-04-02,MU,SP500
2019-04-02,MXIM,SP500
2019-04-02,NBL,SP500
2019-04-02,NCLH,SP500
2019-04-02,NFLX,SP500
2019-04-02,NKE,SP500
2019-04-02,NKTR,SP500
2019-04-02,NOW,SP500
2019-04-02,NVDA,SP500
2019-04-02,NVR,SP500
2019-04-02,NWL,SP500
2019-04-02,O,SP500
2019-04-02,OC,SP500
2019-04-02,ODFL,SP500
2019-04-02,OKE,SP500
2019-04-02,ORLY,SP500
2019-04-02,OXY,SP500
2019-04-02,PANW,SP500
2019-04-02,PAYX,SP500
2019-04-02,PII,SP500
2019-04-02,PKG,SP500
2019-04-02,PLD,SP500
2019-04-02,PM,SP500
2019-04-02,PSA,SP500
2019-04-02,PXD,SP500
2019-04-02,PYPL,SP500
2019-04-02,RCL,SP500
2019-04-02,REG,SP500
2019-04-02,REGN,SP500
2019-04-02,RHI,SP500
2019-04-02,RHT,SP500
2019-04-02,RJF,SP500
2019-04-02,RMD,SP500
2019-04-02,ROK,SP500
2019-04-02,ROL,SP500
2019-04-02,ROP,SP500
2019-04-02,ROST,SP500
2019-04-02,SBAC,SP500
2019-04-02,SBUX,SP500
2019-04-02,SCHW,SP500
2019-04-02,SEIC,SP500
2019-04-02,SGEN,SP500
2019-04-02,SHW,SP500
2019-04-02,SIRI,SP500
2019-04-02,SIVB,SP500
2019-04-02,SLB,SP500
2019-04-02,SNA,SP500
2019-04-02,SNAP,SP500
2019-04-02,SPG,SP500
2019-04-02,SPGI,SP500
2019-04-02,SPLK,SP500
2019-04-02,SQ,SP500
2019-04-02,SSNC,SP500
2019-04-02,ST,SP500
2019-04-02,STLD,SP500
2019-04-02,STZ,SP500
2019-04-02,SWKS,SP500
2019-04-02,SYK,SP500
2019-04-02,TDG,SP500
2019-04-02,TFX,SP500
2019-04-02,TIF,SP500
2019-04-02,TJX,SP500
2019-04-02,TMO,SP500
2019-04-02,TMUS,SP500
2019-04-02,TRGP,SP500
2019-04-02,TRIP,SP500
2019-04-02,TRMB,SP500
2019-04-02,TROW,SP500
2019-04-02,TRU,SP500
2019-04-02,TSCO,SP500
2019-04-02,TSLA,SP500
2019-04-02,TSS,SP500
2019-04-02,TTWO,SP500
2019-04-02,TWLO,SP500
2019-04-02,TWTR,SP500
2019-04-02,TXN,SP500
2019-04-02,UA,SP500
2019-04-02,UAA,SP500
2019-04-02,UDR,SP500
2019-04-02,UHS,SP500
2019-04-02,ULTA,SP500
2019-04-02,UNP,SP500
2019-04-02,UPS,SP500
2019-04-02,URI,SP500
2019-04-02,V,SP500
2019-04-02,VAR,SP500
2019-04-02,VEEV,SP500
2019-04-02,VMC,SP500
2019-04-02,VMW,SP500
2019-04-02,VNO,SP500
2019-04-02,VRSK,SP500
2019-04-02,VRSN,SP500
2019-04-02,VRTX,SP500
2019-04-02,W,SP500
2019-04-02,WAB,SP500
2019-04-02,WAT,SP500
2019-04-02,WBC,SP500
2019-04-02,WCG,SP500
2019-04-02,WCN,SP500
2019-04-02,WDAY,SP500
2019-04-02,WELL,SP500
2019-04-02,WP,SP500
2019-04-02,WYNN,SP500
2019-04-02,XEC,SP500
2019-04-02,XLNX,SP500
2019-04-02,XPO,SP500
2019-04-02,XYL,SP500
2019-04-02,YUM,SP500
2019-04-02,ZAYO,SP500
2019-04-02,ZTS,SP500
2019-05-01,A,SP500
2019-05-01,AAPL,SP500
2019-05-01,ABBV,SP500
2019-05-01,ABMD,SP500
2019-05-01,ACN,SP500
2019-05-01,ADBE,SP500
2019-05-01,ADI,SP500
2019-05-01,ADP,SP500
2019-05-01,ADSK,SP500
2019-05-01,AJG,SP500
2019-05-01,AKAM,SP500
2019-05-01,ALB,SP500
2019-05-01,ALGN,SP500
2019-05-01,ALKS,SP500
2019-05-01,ALNY,SP500
2019-05-01,ALXN,SP500
2019-05-01,AMAT,SP500
2019-05-01,AMD,SP500
2019-05-01,AME,SP500
2019-05-01,AMT,SP500
2019-05-01,AMTD,SP500
2019-05-01,AMZN,SP500
2019-05-01,ANET,SP500
2019-05-01,ANSS,SP500
2019-05-01,AON,SP500
2019-05-01,AOS,SP500
2019-05-01,APA,SP500
2019-05-01,APC,SP500
2019-05-01,APH,SP500
2019-05-01,ARE,SP500
2019-05-01,ATUS,SP500
2019-05-01,ATVI,SP500
2019-05-01,AVB,SP500
2019-05-01,AVGO,SP500
2019-05-01,AXTA,SP500
2019-05-01,AZO,SP500
2019-05-01,BA,SP500
2019-05-01,BAX,SP500
2019-05-01,BDX,SP500
2019-05-01,BF.B,SP500
2019-05-01,BIIB,SP500
2019-05-01,BKI,SP500
2019-05-01,BKNG,SP500
2019-05-01,BMRN,SP500
2019-05-01,BMY,SP500
2019-05-01,BR,SP500
2019-05-01,BSX,SP500
2019-05-01,BXP,SP500
2019-05-01,CBOE,SP500
2019-05-01,CBRE,SP500
2019-05-01,CCI,SP500
2019-05-01,CDK,SP500
2019-05-01,CDNS,SP500
2019-05-01,CELG,SP500
2019-05-01,CERN,SP500
2019-05-01,CF,SP500
2019-05-01,CGNX,SP500
2019-05-01,CHD,SP500
2019-05-01,CHRW,SP500
2019-05-01,CHTR,SP500
2019-05-01,CL,SP500
2019-05-01,CLR,SP500
2019-05-01,CLX,SP500
2019-05-01,CMA,SP500
2019-05-01,CMCSA,SP500
2019-05-01,CMG,SP500
2019-05-01,CNC,SP500
2019-05-01,COG,SP500
2019-05-01,COO,SP500
2019-05-01,COST,SP500
2019-05-01,CPRT,SP500
2019-05-01,CPT,SP500
2019-05-01,CRM,SP500
2019-05-01,CSGP,SP500
2019-05-01,CTAS,SP500
2019-05-01,CTSH,SP500
2019-05-01,CTXS,SP500
2019-05-01,CVET,SP500
2019-05-01,CVNA,SP500
2019-05-01,CXO,SP500
2019-05-01,DBX,SP500
2019-05-01,DG,SP500
2019-05-01,DHI,SP500
2019-05-01,DHR,SP500
2019-05-01,DIS,SP500
2019-05-01,DLR,SP500
2019-05-01,DLTR,SP500
2019-05-01,DPZ,SP500
2019-05-01,DXCM,SP500
2019-05-01,EA,SP500
2019-05-01,ECL,SP500
2019-05-01,EFX,SP500
2019-05-01,EL,SP500
2019-05-01,EOG,SP500
2019-05-01,EQIX,SP500
2019-05-01,ESS,SP500
2019-05-01,ETFC,SP500
2019-05-01,EW,SP500
2019-05-01,EXPD,SP500
2019-05-01,EXPE,SP500
2019-05-01,EXR,SP500
2019-05-01,FANG,SP500
2019-05-01,FAST,SP500
2019-05-01,FB,SP500
2019-05-01,FBHS,SP500
2019-05-01,FDS,SP500
2019-05-01,FDX,SP500
2019-05-01,FFIV,SP500
2019-05-01,FIS,SP500
2019-05-01,FISV,SP500
2019-05-01,FLIR,SP500
2019-05-01,FLT,SP500
2019-05-01,FMC,SP500
2019-05-01,FRC,SP500
2019-05-01,FRT,SP500
2019-05-01,FTNT,SP500
2019-05-01,FTV,SP500
2019-05-01,GDDY,SP500
2019-05-01,GOOG,SP500
2019-05-01,GOOGL,SP500
2019-05-01,GPN,SP500
2019-05-01,GRUB,SP500
2019-05-01,H,SP500
2019-05-01,HAL,SP500
2019-05-01,HD,SP500
2019-05-01,HLT,SP500
2019-05-01,HP,SP500
2019-05-01,HRL,SP500
2019-05-01,HRS,SP500
2019-05-01,HSIC,SP500
2019-05-01,HSY,SP500
2019-05-01,HUBB,SP500
2019-05-01,IAC,SP500
2019-05-01,IBKR,SP500
2019-05-01,ICE,SP500
2019-05-01,IDXX,SP500
2019-05-01,IFF,SP500
2019-05-01,ILMN,SP500
2019-05-01,INCY,SP500
2019-05-01,INFO,SP500
2019-05-01,INTU,SP500
2019-05-01,INVH,SP500
2019-05-01,IPGP,SP500
2019-05-01,IQV,SP500
2019-05-01,IRM,SP500
2019-05-01,ISRG,SP500
2019-05-01,IT,SP500
2019-05-01,ITW,SP500
2019-05-01,JAZZ,SP500
2019-05-01,JBHT,SP500
2019-05-01,JKHY,SP500
2019-05-01,KEYS,SP500
2019-05-01,KLAC,SP500
2019-05-01,KSU,SP500
2019-05-01,LEN,SP500
2019-05-01,LEN.B,SP500
2019-05-01,LIN,SP500
2019-05-01,LKQ,SP500
2019-05-01,LMT,SP500
2019-05-01,LNG,SP500
2019-05-01,LOW,SP500
2019-05-01,LRCX,SP500
2019-05-01,LULU,SP500
2019-05-01,LUV,SP500
2019-05-01,LW,SP500
2019-05-01,LYFT,SP500
2019-05-01,LYV,SP500
2019-05-01,MA,SP500
2019-05-01,MAA,SP500
2019-05-01,MAR,SP500
2019-05-01,MAS,SP500
2019-05-01,MCD,SP500
2019-05-01,MCHP,SP500
2019-05-01,MCO,SP500
2019-05-01,MDT,SP500
2019-05-01,MGM,SP500
2019-05-01,MKC,SP500
2019-05-01,MKL,SP500
2019-05-01,MLM,SP500
2019-05-01,MMC,SP500
2019-05-01,MMM,SP500
2019-05-01,MNST,SP500
2019-05-01,MSCI,SP500
2019-05-01,MSFT,SP500
2019-05-01,MTCH,SP500
2019-05-01,MTD,SP500
2019-05-01,MTN,SP500
2019-05-01,MU,SP500
2019-05-01,MXIM,SP500
2019-05-01,NBL,SP500
2019-05-01,NCLH,SP500
2019-05-01,NFLX,SP500
2019-05-01,NKE,SP500
2019-05-01,NKTR,SP500
2019-05-01,NOW,SP500
2019-05-01,NRG,SP500
2019-05-01,NVDA,SP500
2019-05-01,NVR,SP500
2019-05-01,NWL,SP500
2019-05-01,O,SP500
2019-05-01,OC,SP500
2019-05-01,ODFL,SP500
2019-05-01,OKE,SP500
2019-05-01,ORLY,SP500
2019-05-01,OXY,SP500
2019-05-01,PANW,SP500
2019-05-01,PAYX,SP500
2019-05-01,PII,SP500
2019-05-01,PKG,SP500
2019-05-01,PLD,SP500
2019-05-01,PM,SP500
2019-05-01,PSA,SP500
2019-05-01,PXD,SP500
2019-05-01,PYPL,SP500
2019-05-01,RCL,SP500
2019-05-01,REG,SP500
2019-05-01,REGN,SP500
2019-05-01,RHI,SP500
2019-05-01,RHT,SP500
2019-05-01,RJF,SP500
2019-05-01,RMD,SP500
2019-05-01,ROK,SP500
2019-05-01,ROL,SP500
2019-05-01,ROP,SP500
2019-05-01,ROST,SP500
2019-05-01,SBAC,SP500
2019-05-01,SBUX,SP500
2019-05-01,SCHW,SP500
2019-05-01,SEIC,SP500
2019-05-01,SGEN,SP500
2019-05-01,SHW,SP500
2019-05-01,SIRI,SP500
2019-05-01,SIVB,SP500
2019-05-01,SNA,SP500
2019-05-01,SNAP,SP500
2019-05-01,SNPS,SP500
2019-05-01,SPG,SP500
2019-05-01,SPGI,SP500
2019-05-01,SPLK,SP500
2019-05-01,SQ,SP500
2019-05-01,SSNC,SP500
2019-05-01,ST,SP500
2019-05-01,STLD,SP500
2019-05-01,STZ,SP500
2019-05-01,SWKS,SP500
2019-05-01,SYK,SP500
2019-05-01,TDG,SP500
2019-05-01,TFX,SP500
2019-05-01,TIF,SP500
2019-05-01,TJX,SP500
2019-05-01,TMO,SP500
2019-05-01,TMUS,SP500
2019-05-01,TRGP,SP500
2019-05-01,TRIP,SP500
2019-05-01,TRMB,SP500
2019-05-01,TROW,SP500
2019-05-01,TRU,SP500
2019-05-01,TSCO,SP500
2019-05-01,TSLA,SP500
2019-05-01,TSS,SP500
2019-05-01,TTWO,SP500
2019-05-01,TWLO,SP500
2019-05-01,TWTR,SP500
2019-05-01,TXN,SP500
2019-05-01,UA,SP500
2019-05-01,UAA,SP500
2019-05-01,UDR,SP500
2019-05-01,UHS,SP500
2019-05-01,ULTA,SP500
2019-05-01,UNP,SP500
2019-05-01,UPS,SP500
2019-05-01,URI,SP500
2019-05-01,V,SP500
2019-05-01,VAR,SP500
2019-05-01,VEEV,SP500
2019-05-01,VMC,SP500
2019-05-01,VMW,SP500
2019-05-01,VNO,SP500
2019-05-01,VRSK,SP500
2019-05-01,VRSN,SP500
2019-05-01,VRTX,SP500
2019-05-01,W,SP500
2019-05-01,WAB,SP500
2019-05-01,WAT,SP500
2019-05-01,WBC,SP500
2019-05-01,WCG,SP500
2019-05-01,WCN,SP500
2019-05-01,WDAY,SP500
2019-05-01,WELL,SP500
2019-05-01,WP,SP500
2019-05-01,WYNN,SP500
2019-05-01,XEC,SP500
2019-05-01,XLNX,SP500
2019-05-01,XPO,SP500
2019-05-01,XYL,SP500
2019-05-01,YUM,SP500
2019-05-01,ZAYO,SP500
2019-05-01,ZTS,SP500
2019-06-07,A,SP500
2019-06-07,AAPL,SP500
2019-06-07,ABBV,SP500
2019-06-07,ABMD,SP500
2019-06-07,ACN,SP500
2019-06-07,ADBE,SP500
2019-06-07,ADI,SP500
2019-06-07,ADP,SP500
2019-06-07,ADSK,SP500
2019-06-07,AJG,SP500
2019-06-07,AKAM,SP500
2019-06-07,ALB,SP500
2019-06-07,ALGN,SP500
2019-06-07,ALKS,SP500
2019-06-07,ALNY,SP500
2019-06-07,ALXN,SP500
2019-06-07,AMAT,SP500
2019-06-07,AMD,SP500
2019-06-07,AME,SP500
2019-06-07,AMT,SP500
2019-06-07,AMTD,SP500
2019-06-07,AMZN,SP500
2019-06-07,ANET,SP500
2019-06-07,ANSS,SP500
2019-06-07,AON,SP500
2019-06-07,AOS,SP500
2019-06-07,APA,SP500
2019-06-07,APC,SP500
2019-06-07,APH,SP500
2019-06-07,ARE,SP500
2019-06-07,ATUS,SP500
2019-06-07,ATVI,SP500
2019-06-07,AVB,SP500
2019-06-07,AVGO,SP500
2019-06-07,AXTA,SP500
2019-06-07,AZO,SP500
2019-06-07,BA,SP500
2019-06-07,BAX,SP500
2019-06-07,BDX,SP500
2019-06-07,BF.B,SP500
2019-06-07,BIIB,SP500
2019-06-07,BKI,SP500
2019-06-07,BKNG,SP500
2019-06-07,BMRN,SP500
2019-06-07,BMY,SP500
2019-06-07,BR,SP500
2019-06-07,BSX,SP500
2019-06-07,BXP,SP500
2019-06-07,CBOE,SP500
2019-06-07,CBRE,SP500
2019-06-07,CCI,SP500
2019-06-07,CDK,SP500
2019-06-07,CDNS,SP500
2019-06-07,CELG,SP500
2019-06-07,CERN,SP500
2019-06-07,CF,SP500
2019-06-07,CGNX,SP500
2019-06-07,CHD,SP500
2019-06-07,CHRW,SP500
2019-06-07,CHTR,SP500
2019-06-07,CL,SP500
2019-06-07,CLR,SP500
2019-06-07,CLX,SP500
2019-06-07,CMA,SP500
2019-06-07,CMCSA,SP500
2019-06-07,CMG,SP500
2019-06-07,CNC,SP500
2019-06-07,COG,SP500
2019-06-07,COO,SP500
2019-06-07,COST,SP500
2019-06-07,CPRT,SP500
2019-06-07,CPT,SP500
2019-06-07,CRM,SP500
2019-06-07,CSGP,SP500
2019-06-07,CTAS,SP500
2019-06-07,CTSH,SP500
2019-06-07,CTXS,SP500
2019-06-07,CVET,SP500
2019-06-07,CVNA,SP500
2019-06-07,CXO,SP500
2019-06-07,DBX,SP500
2019-06-07,DG,SP500
2019-06-07,DHI,SP500
2019-06-07,DHR,SP500
2019-06-07,DIS,SP500
2019-06-07,DLR,SP500
2019-06-07,DLTR,SP500
2019-06-07,DPZ,SP500
2019-06-07,DXCM,SP500
2019-06-07,EA,SP500
2019-06-07,ECL,SP500
2019-06-07,EFX,SP500
2019-06-07,EL,SP500
2019-06-07,EOG,SP500
2019-06-07,EQIX,SP500
2019-06-07,ESS,SP500
2019-06-07,ETFC,SP500
2019-06-07,EW,SP500
2019-06-07,EXPD,SP500
2019-06-07,EXPE,SP500
2019-06-07,EXR,SP500
2019-06-07,FANG,SP500
2019-06-07,FAST,SP500
2019-06-07,FB,SP500
2019-06-07,FBHS,SP500
2019-06-07,FDS,SP500
2019-06-07,FDX,SP500
2019-06-07,FFIV,SP500
2019-06-07,FIS,SP500
2019-06-07,FISV,SP500
2019-06-07,FLIR,SP500
2019-06-07,FLT,SP500
2019-06-07,FMC,SP500
2019-06-07,FRC,SP500
2019-06-07,FRT,SP500
2019-06-07,FTNT,SP500
2019-06-07,FTV,SP500
2019-06-07,GDDY,SP500
2019-06-07,GOOG,SP500
2019-06-07,GOOGL,SP500
2019-06-07,GPN,SP500
2019-06-07,GRUB,SP500
2019-06-07,H,SP500
2019-06-07,HAL,SP500
2019-06-07,HD,SP500
2019-06-07,HLT,SP500
2019-06-07,HP,SP500
2019-06-07,HRL,SP500
2019-06-07,HRS,SP500
2019-06-07,HSIC,SP500
2019-06-07,HSY,SP500
2019-06-07,HUBB,SP500
2019-06-07,IAC,SP500
2019-06-07,IBKR,SP500
2019-06-07,ICE,SP500
2019-06-07,IDXX,SP500
2019-06-07,IFF,SP500
2019-06-07,ILMN,SP500
2019-06-07,INCY,SP500
2019-06-07,INFO,SP500
2019-06-07,INTU,SP500
2019-06-07,INVH,SP500
2019-06-07,IPGP,SP500
2019-06-07,IQV,SP500
2019-06-07,IRM,SP500
2019-06-07,ISRG,SP500
2019-06-07,IT,SP500
2019-06-07,ITW,SP500
2019-06-07,JAZZ,SP500
2019-06-07,JBHT,SP500
2019-06-07,JKHY,SP500
2019-06-07,KEYS,SP500
2019-06-07,KLAC,SP500
2019-06-07,KSU,SP500
2019-06-07,LEN,SP500
2019-06-07,LEN.B,SP500
2019-06-07,LIN,SP500
2019-06-07,LKQ,SP500
2019-06-07,LMT,SP500
2019-06-07,LNG,SP500
2019-06-07,LOW,SP500
2019-06-07,LRCX,SP500
2019-06-07,LULU,SP500
2019-06-07,LUV,SP500
2019-06-07,LW,SP500
2019-06-07,LYFT,SP500
2019-06-07,LYV,SP500
2019-06-07,MA,SP500
2019-06-07,MAA,SP500
2019-06-07,MAR,SP500
2019-06-07,MAS,SP500
2019-06-07,MCD,SP500
2019-06-07,MCHP,SP500
2019-06-07,MCO,SP500
2019-06-07,MDT,SP500
2019-06-07,MGM,SP500
2019-06-07,MKC,SP500
2019-06-07,MKL,SP500
2019-06-07,MLM,SP500
2019-06-07,MMC,SP500
2019-06-07,MMM,SP500
2019-06-07,MNST,SP500
2019-06-07,MSCI,SP500
2019-06-07,MSFT,SP500
2019-06-07,MTCH,SP500
2019-06-07,MTD,SP500
2019-06-07,MTN,SP500
2019-06-07,MU,SP500
2019-06-07,MXIM,SP500
2019-06-07,NBL,SP500
2019-06-07,NCLH,SP500
2019-06-07,NFLX,SP500
2019-06-07,NKE,SP500
2019-06-07,NKTR,SP500
2019-06-07,NOW,SP500
2019-06-07,NRG,SP500
2019-06-07,NVDA,SP500
2019-06-07,NVR,SP500
2019-06-07,NWL,SP500
2019-06-07,O,SP500
2019-06-07,OC,SP500
2019-06-07,ODFL,SP500
2019-06-07,OKE,SP500
2019-06-07,ORLY,SP500
2019-06-07,OXY,SP500
2019-06-07,PANW,SP500
2019-06-07,PAYX,SP500
2019-06-07,PII,SP500
2019-06-07,PINS,SP500
2019-06-07,PKG,SP500
2019-06-07,PLD,SP500
2019-06-07,PM,SP500
2019-06-07,PSA,SP500
2019-06-07,PXD,SP500
2019-06-07,PYPL,SP500
2019-06-07,RCL,SP500
2019-06-07,REG,SP500
2019-06-07,REGN,SP500
2019-06-07,RHI,SP500
2019-06-07,RHT,SP500
2019-06-07,RJF,SP500
2019-06-07,RMD,SP500
2019-06-07,ROK,SP500
2019-06-07,ROL,SP500
2019-06-07,ROP,SP500
2019-06-07,ROST,SP500
2019-06-07,SBAC,SP500
2019-06-07,SBUX,SP500
2019-06-07,SCHW,SP500
2019-06-07,SEIC,SP500
2019-06-07,SGEN,SP500
2019-06-07,SHW,SP500
2019-06-07,SIRI,SP500
2019-06-07,SIVB,SP500
2019-06-07,SNA,SP500
2019-06-07,SNAP,SP500
2019-06-07,SNPS,SP500
2019-06-07,SPG,SP500
2019-06-07,SPGI,SP500
2019-06-07,SPLK,SP500
2019-06-07,SQ,SP500
2019-06-07,SSNC,SP500
2019-06-07,ST,SP500
2019-06-07,STLD,SP500
2019-06-07,STZ,SP500
2019-06-07,SWKS,SP500
2019-06-07,SYK,SP500
2019-06-07,TDG,SP500
2019-06-07,TFX,SP500
2019-06-07,TIF,SP500
2019-06-07,TJX,SP500
2019-06-07,TMO,SP500
2019-06-07,TMUS,SP500
2019-06-07,TRGP,SP500
2019-06-07,TRIP,SP500
2019-06-07,TRMB,SP500
2019-06-07,TROW,SP500
2019-06-07,TRU,SP500
2019-06-07,TSCO,SP500
2019-06-07,TSLA,SP500
2019-06-07,TSS,SP500
2019-06-07,TTWO,SP500
2019-06-07,TWLO,SP500
2019-06-07,TWTR,SP500
2019-06-07,TXN,SP500
2019-06-07,UA,SP500
2019-06-07,UAA,SP500
2019-06-07,UDR,SP500
2019-06-07,UHS,SP500
2019-06-07,ULTA,SP500
2019-06-07,UNP,SP500
2019-06-07,UPS,SP500
2019-06-07,URI,SP500
2019-06-07,V,SP500
2019-06-07,VAR,SP500
2019-06-07,VEEV,SP500
2019-06-07,VMC,SP500
2019-06-07,VMW,SP500
2019-06-07,VNO,SP500
2019-06-07,VRSK,SP500
2019-06-07,VRSN,SP500
2019-06-07,VRTX,SP500
2019-06-07,W,SP500
2019-06-07,WAB,SP500
2019-06-07,WAT,SP500
2019-06-07,WBC,SP500
2019-06-07,WCG,SP500
2019-06-07,WCN,SP500
2019-06-07,WDAY,SP500
2019-06-07,WELL,SP500
2019-06-07,WP,SP500
2019-06-07,WYNN,SP500
2019-06-07,XEC,SP500
2019-06-07,XLNX,SP500
2019-06-07,XPO,SP500
2019-06-07,XYL,SP500
2019-06-07,YUM,SP500
2019-06-07,ZAYO,SP500
2019-06-07,ZM,SP500
2019-06-07,ZTS,SP500
2019-07-02,A,SP500
2019-07-02,AAPL,SP500
2019-07-02,ABBV,SP500
2019-07-02,ABMD,SP500
2019-07-02,ACN,SP500
2019-07-02,ADBE,SP500
2019-07-02,ADI,SP500
2019-07-02,ADP,SP500
2019-07-02,ADSK,SP500
2019-07-02,AJG,SP500
2019-07-02,AKAM,SP500
2019-07-02,ALB,SP500
2019-07-02,ALGN,SP500
2019-07-02,ALKS,SP500
2019-07-02,ALNY,SP500
2019-07-02,ALXN,SP500
2019-07-02,AMAT,SP500
2019-07-02,AMD,SP500
2019-07-02,AME,SP500
2019-07-02,AMT,SP500
2019-07-02,AMTD,SP500
2019-07-02,AMZN,SP500
2019-07-02,ANET,SP500
2019-07-02,ANSS,SP500
2019-07-02,AON,SP500
2019-07-02,AOS,SP500
2019-07-02,APA,SP500
2019-07-02,APC,SP500
2019-07-02,APH,SP500
2019-07-02,ARE,SP500
2019-07-02,ATUS,SP500
2019-07-02,ATVI,SP500
2019-07-02,AVB,SP500
2019-07-02,AVGO,SP500
2019-07-02,AXTA,SP500
2019-07-02,AZO,SP500
2019-07-02,BA,SP500
2019-07-02,BAX,SP500
2019-07-02,BDX,SP500
2019-07-02,BF.B,SP500
2019-07-02,BIIB,SP500
2019-07-02,BKI,SP500
2019-07-02,BKNG,SP500
2019-07-02,BMRN,SP500
2019-07-02,BMY,SP500
2019-07-02,BR,SP500
2019-07-02,BSX,SP500
2019-07-02,BXP,SP500
2019-07-02,CBOE,SP500
2019-07-02,CBRE,SP500
2019-07-02,CCI,SP500
2019-07-02,CDK,SP500
2019-07-02,CDNS,SP500
2019-07-02,CELG,SP500
2019-07-02,CERN,SP500
2019-07-02,CF,SP500
2019-07-02,CGNX,SP500
2019-07-02,CHD,SP500
2019-07-02,CHRW,SP500
2019-07-02,CHTR,SP500
2019-07-02,CL,SP500
2019-07-02,CLR,SP500
2019-07-02,CLX,SP500
2019-07-02,CMA,SP500
2019-07-02,CMCSA,SP500
2019-07-02,CMG,SP500
2019-07-02,CNC,SP500
2019-07-02,COG,SP500
2019-07-02,COO,SP500
2019-07-02,COST,SP500
2019-07-02,CPRT,SP500
2019-07-02,CPT,SP500
2019-07-02,CRM,SP500
2019-07-02,CSGP,SP500
2019-07-02,CTAS,SP500
2019-07-02,CTSH,SP500
2019-07-02,CTXS,SP500
2019-07-02,CVET,SP500
2019-07-02,CVNA,SP500
2019-07-02,CXO,SP500
2019-07-02,DBX,SP500
2019-07-02,DG,SP500
2019-07-02,DHI,SP500
2019-07-02,DHR,SP500
2019-07-02,DIS,SP500
2019-07-02,DLR,SP500
2019-07-02,DLTR,SP500
2019-07-02,DPZ,SP500
2019-07-02,DXCM,SP500
2019-07-02,EA,SP500
2019-07-02,ECL,SP500
2019-07-02,EFX,SP500
2019-07-02,EL,SP500
2019-07-02,EOG,SP500
2019-07-02,EQIX,SP500
2019-07-02,ESS,SP500
2019-07-02,ETFC,SP500
2019-07-02,EW,SP500
2019-07-02,EXPD,SP500
2019-07-02,EXPE,SP500
2019-07-02,EXR,SP500
2019-07-02,FANG,SP500
2019-07-02,FAST,SP500
2019-07-02,FB,SP500
2019-07-02,FBHS,SP500
2019-07-02,FDS,SP500
2019-07-02,FDX,SP500
2019-07-02,FFIV,SP500
2019-07-02,FIS,SP500
2019-07-02,FISV,SP500
2019-07-02,FLIR,SP500
2019-07-02,FLT,SP500
2019-07-02,FMC,SP500
2019-07-02,FRC,SP500
2019-07-02,FRT,SP500
2019-07-02,FTNT,SP500
2019-07-02,FTV,SP500
2019-07-02,GDDY,SP500
2019-07-02,GOOG,SP500
2019-07-02,GOOGL,SP500
2019-07-02,GPN,SP500
2019-07-02,GRUB,SP500
2019-07-02,H,SP500
2019-07-02,HAL,SP500
2019-07-02,HD,SP500
2019-07-02,HLT,SP500
2019-07-02,HP,SP500
2019-07-02,HRL,SP500
2019-07-02,HSIC,SP500
2019-07-02,HSY,SP500
2019-07-02,HUBB,SP500
2019-07-02,IAC,SP500
2019-07-02,IBKR,SP500
2019-07-02,ICE,SP500
2019-07-02,IDXX,SP500
2019-07-02,IFF,SP500
2019-07-02,ILMN,SP500
2019-07-02,INCY,SP500
2019-07-02,INFO,SP500
2019-07-02,INTU,SP500
2019-07-02,INVH,SP500
2019-07-02,IPGP,SP500
2019-07-02,IQV,SP500
2019-07-02,IRM,SP500
2019-07-02,ISRG,SP500
2019-07-02,IT,SP500
2019-07-02,ITW,SP500
2019-07-02,JAZZ,SP500
2019-07-02,JBHT,SP500
2019-07-02,JKHY,SP500
2019-07-02,KEYS,SP500
2019-07-02,KLAC,SP500
2019-07-02,KSU,SP500
2019-07-02,LEN,SP500
2019-07-02,LEN.B,SP500
2019-07-02,LHX,SP500
2019-07-02,LIN,SP500
2019-07-02,LKQ,SP500
2019-07-02,LMT,SP500
2019-07-02,LNG,SP500
2019-07-02,LOW,SP500
2019-07-02,LRCX,SP500
2019-07-02,LULU,SP500
2019-07-02,LUV,SP500
2019-07-02,LW,SP500
2019-07-02,LYFT,SP500
2019-07-02,LYV,SP500
2019-07-02,MA,SP500
2019-07-02,MAA,SP500
2019-07-02,MAR,SP500
2019-07-02,MAS,SP500
2019-07-02,MCD,SP500
2019-07-02,MCHP,SP500
2019-07-02,MCO,SP500
2019-07-02,MDT,SP500
2019-07-02,MGM,SP500
2019-07-02,MKC,SP500
2019-07-02,MKL,SP500
2019-07-02,MLM,SP500
2019-07-02,MMC,SP500
2019-07-02,MMM,SP500
2019-07-02,MNST,SP500
2019-07-02,MSCI,SP500
2019-07-02,MSFT,SP500
2019-07-02,MTCH,SP500
2019-07-02,MTD,SP500
2019-07-02,MTN,SP500
2019-07-02,MU,SP500
2019-07-02,MXIM,SP500
2019-07-02,NBL,SP500
2019-07-02,NCLH,SP500
2019-07-02,NFLX,SP500
2019-07-02,NKE,SP500
2019-07-02,NKTR,SP500
2019-07-02,NOW,SP500
2019-07-02,NRG,SP500
2019-07-02,NVDA,SP500
2019-07-02,NVR,SP500
2019-07-02,NWL,SP500
2019-07-02,O,SP500
2019-07-02,OC,SP500
2019-07-02,ODFL,SP500
2019-07-02,OKE,SP500
2019-07-02,ORLY,SP500
2019-07-02,OXY,SP500
2019-07-02,PANW,SP500
2019-07-02,PAYX,SP500
2019-07-02,PII,SP500
2019-07-02,PINS,SP500
2019-07-02,PKG,SP500
2019-07-02,PLD,SP500
2019-07-02,PM,SP500
2019-07-02,PSA,SP500
2019-07-02,PXD,SP500
2019-07-02,PYPL,SP500
2019-07-02,RCL,SP500
2019-07-02,REG,SP500
2019-07-02,REGN,SP500
2019-07-02,RHI,SP500
2019-07-02,RHT,SP500
2019-07-02,RJF,SP500
2019-07-02,RMD,SP500
2019-07-02,ROK,SP500
2019-07-02,ROL,SP500
2019-07-02,ROP,SP500
2019-07-02,ROST,SP500
2019-07-02,SBAC,SP500
2019-07-02,SBUX,SP500
2019-07-02,SCHW,SP500
2019-07-02,SEIC,SP500
2019-07-02,SGEN,SP500
2019-07-02,SHW,SP500
2019-07-02,SIRI,SP500
2019-07-02,SIVB,SP500
2019-07-02,SNA,SP500
2019-07-02,SNAP,SP500
2019-07-02,SNPS,SP500
2019-07-02,SPG,SP500
2019-07-02,SPGI,SP500
2019-07-02,SPLK,SP500
2019-07-02,SQ,SP500
2019-07-02,SSNC,SP500
2019-07-02,ST,SP500
2019-07-02,STLD,SP500
2019-07-02,STZ,SP500
2019-07-02,SWKS,SP500
2019-07-02,SYK,SP500
2019-07-02,TDG,SP500
2019-07-02,TFX,SP500
2019-07-02,TIF,SP500
2019-07-02,TJX,SP500
2019-07-02,TMO,SP500
2019-07-02,TMUS,SP500
2019-07-02,TRGP,SP500
2019-07-02,TRIP,SP500
2019-07-02,TRMB,SP500
2019-07-02,TROW,SP500
2019-07-02,TRU,SP500
2019-07-02,TSCO,SP500
2019-07-02,TSLA,SP500
2019-07-02,TSS,SP500
2019-07-02,TTWO,SP500
2019-07-02,TWLO,SP500
2019-07-02,TWTR,SP500
2019-07-02,TXN,SP500
2019-07-02,UA,SP500
2019-07-02,UAA,SP500
2019-07-02,UBER,SP500
2019-07-02,UDR,SP500
2019-07-02,UHS,SP500
2019-07-02,ULTA,SP500
2019-07-02,UNP,SP500
2019-07-02,UPS,SP500
2019-07-02,URI,SP500
2019-07-02,V,SP500
2019-07-02,VAR,SP500
2019-07-02,VEEV,SP500
2019-07-02,VMC,SP500
2019-07-02,VMW,SP500
2019-07-02,VNO,SP500
2019-07-02,VRSK,SP500
2019-07-02,VRSN,SP500
2019-07-02,VRTX,SP500
2019-07-02,W,SP500
2019-07-02,WAB,SP500
2019-07-02,WAT,SP500
2019-07-02,WBC,SP500
2019-07-02,WCG,SP500
2019-07-02,WCN,SP500
2019-07-02,WDAY,SP500
2019-07-02,WELL,SP500
2019-07-02,WP,SP500
2019-07-02,WYNN,SP500
2019-07-02,XEC,SP500
2019-07-02,XLNX,SP500
2019-07-02,XPO,SP500
2019-07-02,XYL,SP500
2019-07-02,YUM,SP500
2019-07-02,ZAYO,SP500
2019-07-02,ZM,SP500
2019-07-02,ZTS,SP500
2019-08-01,A,SP500
2019-08-01,AAPL,SP500
2019-08-01,ABBV,SP500
2019-08-01,ABMD,SP500
2019-08-01,ACN,SP500
2019-08-01,ADBE,SP500
2019-08-01,ADI,SP500
2019-08-01,ADP,SP500
2019-08-01,ADSK,SP500
2019-08-01,AJG,SP500
2019-08-01,AKAM,SP500
2019-08-01,ALB,SP500
2019-08-01,ALGN,SP500
2019-08-01,ALKS,SP500
2019-08-01,ALNY,SP500
2019-08-01,ALXN,SP500
2019-08-01,AMAT,SP500
2019-08-01,AMD,SP500
2019-08-01,AME,SP500
2019-08-01,AMT,SP500
2019-08-01,AMTD,SP500
2019-08-01,AMZN,SP500
2019-08-01,ANET,SP500
2019-08-01,ANSS,SP500
2019-08-01,AON,SP500
2019-08-01,AOS,SP500
2019-08-01,APA,SP500
2019-08-01,APC,SP500
2019-08-01,APH,SP500
2019-08-01,ARE,SP500
2019-08-01,ATUS,SP500
2019-08-01,ATVI,SP500
2019-08-01,AVB,SP500
2019-08-01,AVGO,SP500
2019-08-01,AXTA,SP500
2019-08-01,AZO,SP500
2019-08-01,BA,SP500
2019-08-01,BAX,SP500
2019-08-01,BDX,SP500
2019-08-01,BF.B,SP500
2019-08-01,BIIB,SP500
2019-08-01,BKI,SP500
2019-08-01,BKNG,SP500
2019-08-01,BMRN,SP500
2019-08-01,BMY,SP500
2019-08-01,BR,SP500
2019-08-01,BSX,SP500
2019-08-01,BXP,SP500
2019-08-01,CBOE,SP500
2019-08-01,CBRE,SP500
2019-08-01,CCI,SP500
2019-08-01,CDK,SP500
2019-08-01,CDNS,SP500
2019-08-01,CELG,SP500
2019-08-01,CERN,SP500
2019-08-01,CF,SP500
2019-08-01,CGNX,SP500
2019-08-01,CHD,SP500
2019-08-01,CHRW,SP500
2019-08-01,CHTR,SP500
2019-08-01,CHWY,SP500
2019-08-01,CL,SP500
2019-08-01,CLR,SP500
2019-08-01,CLX,SP500
2019-08-01,CMA,SP500
2019-08-01,CMCSA,SP500
2019-08-01,CMG,SP500
2019-08-01,CNC,SP500
2019-08-01,COG,SP500
2019-08-01,COO,SP500
2019-08-01,COST,SP500
2019-08-01,CPRT,SP500
2019-08-01,CPT,SP500
2019-08-01,CRM,SP500
2019-08-01,CRWD,SP500
2019-08-01,CSGP,SP500
2019-08-01,CTAS,SP500
2019-08-01,CTSH,SP500
2019-08-01,CTXS,SP500
2019-08-01,CVET,SP500
2019-08-01,CVNA,SP500
2019-08-01,CXO,SP500
2019-08-01,DBX,SP500
2019-08-01,DG,SP500
2019-08-01,DHI,SP500
2019-08-01,DHR,SP500
2019-08-01,DIS,SP500
2019-08-01,DLR,SP500
2019-08-01,DLTR,SP500
2019-08-01,DPZ,SP500
2019-08-01,DXCM,SP500
2019-08-01,EA,SP500
2019-08-01,ECL,SP500
2019-08-01,EFX,SP500
2019-08-01,EL,SP500
2019-08-01,EOG,SP500
2019-08-01,EQIX,SP500
2019-08-01,ESS,SP500
2019-08-01,ETFC,SP500
2019-08-01,EW,SP500
2019-08-01,EXAS,SP500
2019-08-01,EXPD,SP500
2019-08-01,EXPE,SP500
2019-08-01,EXR,SP500
2019-08-01,FANG,SP500
2019-08-01,FAST,SP500
2019-08-01,FB,SP500
2019-08-01,FBHS,SP500
2019-08-01,FDS,SP500
2019-08-01,FDX,SP500
2019-08-01,FFIV,SP500
2019-08-01,FIS,SP500
2019-08-01,FISV,SP500
2019-08-01,FLIR,SP500
2019-08-01,FLT,SP500
2019-08-01,FMC,SP500
2019-08-01,FRC,SP500
2019-08-01,FRT,SP500
2019-08-01,FTNT,SP500
2019-08-01,FTV,SP500
2019-08-01,GDDY,SP500
2019-08-01,GOOG,SP500
2019-08-01,GOOGL,SP500
2019-08-01,GPN,SP500
2019-08-01,GRUB,SP500
2019-08-01,H,SP500
2019-08-01,HAL,SP500
2019-08-01,HD,SP500
2019-08-01,HEI,SP500
2019-08-01,HEI.A,SP500
2019-08-01,HLT,SP500
2019-08-01,HP,SP500
2019-08-01,HRL,SP500
2019-08-01,HSIC,SP500
2019-08-01,HSY,SP500
2019-08-01,HUBB,SP500
2019-08-01,IAC,SP500
2019-08-01,IBKR,SP500
2019-08-01,ICE,SP500
2019-08-01,IDXX,SP500
2019-08-01,IFF,SP500
2019-08-01,ILMN,SP500
2019-08-01,INCY,SP500
2019-08-01,INFO,SP500
2019-08-01,INTU,SP500
2019-08-01,INVH,SP500
2019-08-01,IPGP,SP500
2019-08-01,IQV,SP500
2019-08-01,IRM,SP500
2019-08-01,ISRG,SP500
2019-08-01,IT,SP500
2019-08-01,ITW,SP500
2019-08-01,JAZZ,SP500
2019-08-01,JBHT,SP500
2019-08-01,JKHY,SP500
2019-08-01,KEYS,SP500
2019-08-01,KLAC,SP500
2019-08-01,KSU,SP500
2019-08-01,LEN,SP500
2019-08-01,LEN.B,SP500
2019-08-01,LHX,SP500
2019-08-01,LIN,SP500
2019-08-01,LKQ,SP500
2019-08-01,LMT,SP500
2019-08-01,LNG,SP500
2019-08-01,LOW,SP500
2019-08-01,LRCX,SP500
2019-08-01,LULU,SP500
2019-08-01,LUV,SP500
2019-08-01,LW,SP500
2019-08-01,LYFT,SP500
2019-08-01,LYV,SP500
2019-08-01,MA,SP500
2019-08-01,MAA,SP500
2019-08-01,MAR,SP500
2019-08-01,MAS,SP500
2019-08-01,MCD,SP500
2019-08-01,MCHP,SP500
2019-08-01,MCO,SP500
2019-08-01,MDT,SP500
2019-08-01,MGM,SP500
2019-08-01,MKC,SP500
2019-08-01,MKL,SP500
2019-08-01,MLM,SP500
2019-08-01,MMC,SP500
2019-08-01,MMM,SP500
2019-08-01,MNST,SP500
2019-08-01,MSCI,SP500
2019-08-01,MSFT,SP500
2019-08-01,MSI,SP500
2019-08-01,MTCH,SP500
2019-08-01,MTD,SP500
2019-08-01,MTN,SP500
2019-08-01,MU,SP500
2019-08-01,MXIM,SP500
2019-08-01,NBL,SP500
2019-08-01,NCLH,SP500
2019-08-01,NFLX,SP500
2019-08-01,NKE,SP500
2019-08-01,NKTR,SP500
2019-08-01,NOW,SP500
2019-08-01,NRG,SP500
2019-08-01,NVDA,SP500
2019-08-01,NVR,SP500
2019-08-01,NWL,SP500
2019-08-01,O,SP500
2019-08-01,OC,SP500
2019-08-01,ODFL,SP500
2019-08-01,OKE,SP500
2019-08-01,OKTA,SP500
2019-08-01,ORLY,SP500
2019-08-01,OXY,SP500
2019-08-01,PANW,SP500
2019-08-01,PAYC,SP500
2019-08-01,PAYX,SP500
2019-08-01,PII,SP500
2019-08-01,PINS,SP500
2019-08-01,PKG,SP500
2019-08-01,PLD,SP500
2019-08-01,PM,SP500
2019-08-01,PSA,SP500
2019-08-01,PXD,SP500
2019-08-01,PYPL,SP500
2019-08-01,RCL,SP500
2019-08-01,REG,SP500
2019-08-01,REGN,SP500
2019-08-01,RHI,SP500
2019-08-01,RJF,SP500
2019-08-01,RMD,SP500
2019-08-01,ROK,SP500
2019-08-01,ROL,SP500
2019-08-01,ROP,SP500
2019-08-01,ROST,SP500
2019-08-01,SBAC,SP500
2019-08-01,SBUX,SP500
2019-08-01,SCHW,SP500
2019-08-01,SEIC,SP500
2019-08-01,SGEN,SP500
2019-08-01,SHW,SP500
2019-08-01,SIRI,SP500
2019-08-01,SIVB,SP500
2019-08-01,SNA,SP500
2019-08-01,SNAP,SP500
2019-08-01,SNPS,SP500
2019-08-01,SPG,SP500
2019-08-01,SPGI,SP500
2019-08-01,SPLK,SP500
2019-08-01,SQ,SP500
2019-08-01,SSNC,SP500
2019-08-01,ST,SP500
2019-08-01,STLD,SP500
2019-08-01,STZ,SP500
2019-08-01,SWKS,SP500
2019-08-01,SYK,SP500
2019-08-01,TDG,SP500
2019-08-01,TFX,SP500
2019-08-01,TIF,SP500
2019-08-01,TJX,SP500
2019-08-01,TMO,SP500
2019-08-01,TMUS,SP500
2019-08-01,TRGP,SP500
2019-08-01,TRIP,SP500
2019-08-01,TRMB,SP500
2019-08-01,TROW,SP500
2019-08-01,TRU,SP500
2019-08-01,TSCO,SP500
2019-08-01,TSLA,SP500
2019-08-01,TSS,SP500
2019-08-01,TTWO,SP500
2019-08-01,TWLO,SP500
2019-08-01,TWTR,SP500
2019-08-01,TXN,SP500
2019-08-01,UA,SP500
2019-08-01,UAA,SP500
2019-08-01,UBER,SP500
2019-08-01,UDR,SP500
2019-08-01,UHS,SP500
2019-08-01,ULTA,SP500
2019-08-01,UNP,SP500
2019-08-01,UPS,SP500
2019-08-01,URI,SP500
2019-08-01,V,SP500
2019-08-01,VAR,SP500
2019-08-01,VEEV,SP500
2019-08-01,VMC,SP500
2019-08-01,VMW,SP500
2019-08-01,VNO,SP500
2019-08-01,VRSK,SP500
2019-08-01,VRSN,SP500
2019-08-01,VRTX,SP500
2019-08-01,W,SP500
2019-08-01,WAB,SP500
2019-08-01,WAT,SP500
2019-08-01,WBC,SP500
2019-08-01,WCG,SP500
2019-08-01,WCN,SP500
2019-08-01,WDAY,SP500
2019-08-01,WELL,SP500
2019-08-01,WORK,SP500
2019-08-01,WP,SP500
2019-08-01,WYNN,SP500
2019-08-01,XEC,SP500
2019-08-01,XLNX,SP500
2019-08-01,XPO,SP500
2019-08-01,XYL,SP500
2019-08-01,YUM,SP500
2019-08-01,ZAYO,SP500
2019-08-01,ZM,SP500
2019-08-01,ZTS,SP500
2019-09-04,A,SP500
2019-09-04,AAPL,SP500
2019-09-04,ABBV,SP500
2019-09-04,ABMD,SP500
2019-09-04,ACN,SP500
2019-09-04,ADBE,SP500
2019-09-04,ADI,SP500
2019-09-04,ADP,SP500
2019-09-04,ADSK,SP500
2019-09-04,AJG,SP500
2019-09-04,AKAM,SP500
2019-09-04,ALB,SP500
2019-09-04,ALGN,SP500
2019-09-04,ALKS,SP500
2019-09-04,ALNY,SP500
2019-09-04,ALXN,SP500
2019-09-04,AMAT,SP500
2019-09-04,AMD,SP500
2019-09-04,AME,SP500
2019-09-04,AMT,SP500
2019-09-04,AMTD,SP500
2019-09-04,AMZN,SP500
2019-09-04,ANET,SP500
2019-09-04,ANSS,SP500
2019-09-04,AON,SP500
2019-09-04,AOS,SP500
2019-09-04,APA,SP500
2019-09-04,APH,SP500
2019-09-04,ARE,SP500
2019-09-04,ATUS,SP500
2019-09-04,ATVI,SP500
2019-09-04,AVB,SP500
2019-09-04,AVGO,SP500
2019-09-04,AXTA,SP500
2019-09-04,AZO,SP500
2019-09-04,BA,SP500
2019-09-04,BAX,SP500
2019-09-04,BDX,SP500
2019-09-04,BF.B,SP500
2019-09-04,BIIB,SP500
2019-09-04,BKI,SP500
2019-09-04,BKNG,SP500
2019-09-04,BMRN,SP500
2019-09-04,BMY,SP500
2019-09-04,BR,SP500
2019-09-04,BSX,SP500
2019-09-04,BXP,SP500
2019-09-04,CBOE,SP500
2019-09-04,CBRE,SP500
2019-09-04,CCI,SP500
2019-09-04,CDK,SP500
2019-09-04,CDNS,SP500
2019-09-04,CELG,SP500
2019-09-04,CERN,SP500
2019-09-04,CF,SP500
2019-09-04,CGNX,SP500
2019-09-04,CHD,SP500
2019-09-04,CHRW,SP500
2019-09-04,CHTR,SP500
2019-09-04,CHWY,SP500
2019-09-04,CL,SP500
2019-09-04,CLR,SP500
2019-09-04,CLX,SP500
2019-09-04,CMCSA,SP500
2019-09-04,CMG,SP500
2019-09-04,CNC,SP500
2019-09-04,COG,SP500
2019-09-04,COO,SP500
2019-09-04,COST,SP500
2019-09-04,CPRT,SP500
2019-09-04,CPT,SP500
2019-09-04,CRM,SP500
2019-09-04,CRWD,SP500
2019-09-04,CSGP,SP500
2019-09-04,CTAS,SP500
2019-09-04,CTSH,SP500
2019-09-04,CTXS,SP500
2019-09-04,CVNA,SP500
2019-09-04,CXO,SP500
2019-09-04,DBX,SP500
2019-09-04,DG,SP500
2019-09-04,DHI,SP500
2019-09-04,DHR,SP500
2019-09-04,DIS,SP500
2019-09-04,DLR,SP500
2019-09-04,DLTR,SP500
2019-09-04,DPZ,SP500
2019-09-04,DXCM,SP500
2019-09-04,EA,SP500
2019-09-04,ECL,SP500
2019-09-04,EFX,SP500
2019-09-04,EL,SP500
2019-09-04,EOG,SP500
2019-09-04,EQIX,SP500
2019-09-04,ESS,SP500
2019-09-04,ETFC,SP500
2019-09-04,EW,SP500
2019-09-04,EXAS,SP500
2019-09-04,EXPD,SP500
2019-09-04,EXPE,SP500
2019-09-04,EXR,SP500
2019-09-04,FANG,SP500
2019-09-04,FAST,SP500
2019-09-04,FB,SP500
2019-09-04,FBHS,SP500
2019-09-04,FDS,SP500
2019-09-04,FFIV,SP500
2019-09-04,FIS,SP500
2019-09-04,FISV,SP500
2019-09-04,FLIR,SP500
2019-09-04,FLT,SP500
2019-09-04,FMC,SP500
2019-09-04,FRC,SP500
2019-09-04,FRT,SP500
2019-09-04,FTNT,SP500
2019-09-04,FTV,SP500
2019-09-04,GDDY,SP500
2019-09-04,GOOG,SP500
2019-09-04,GOOGL,SP500
2019-09-04,GPN,SP500
2019-09-04,H,SP500
2019-09-04,HD,SP500
2019-09-04,HEI,SP500
2019-09-04,HEI.A,SP500
2019-09-04,HLT,SP500
2019-09-04,HRL,SP500
2019-09-04,HSY,SP500
2019-09-04,HUBB,SP500
2019-09-04,IAC,SP500
2019-09-04,IBKR,SP500
2019-09-04,ICE,SP500
2019-09-04,IDXX,SP500
2019-09-04,IFF,SP500
2019-09-04,ILMN,SP500
2019-09-04,INCY,SP500
2019-09-04,INFO,SP500
2019-09-04,INTU,SP500
2019-09-04,INVH,SP500
2019-09-04,IPGP,SP500
2019-09-04,IQV,SP500
2019-09-04,IRM,SP500
2019-09-04,ISRG,SP500
2019-09-04,IT,SP500
2019-09-04,ITW,SP500
2019-09-04,JAZZ,SP500
2019-09-04,JBHT,SP500
2019-09-04,JKHY,SP500
2019-09-04,KEYS,SP500
2019-09-04,KLAC,SP500
2019-09-04,KSU,SP500
2019-09-04,LEN,SP500
2019-09-04,LEN.B,SP500
2019-09-04,LHX,SP500
2019-09-04,LIN,SP500
2019-09-04,LKQ,SP500
2019-09-04,LMT,SP500
2019-09-04,LNG,SP500
2019-09-04,LOW,SP500
2019-09-04,LRCX,SP500
2019-09-04,LULU,SP500
2019-09-04,LUV,SP500
2019-09-04,LW,SP500
2019-09-04,LYFT,SP500
2019-09-04,LYV,SP500
2019-09-04,MA,SP500
2019-09-04,MAA,SP500
2019-09-04,MAR,SP500
2019-09-04,MAS,SP500
2019-09-04,MCD,SP500
2019-09-04,MCHP,SP500
2019-09-04,MCO,SP500
2019-09-04,MGM,SP500
2019-09-04,MKC,SP500
2019-09-04,MKL,SP500
2019-09-04,MLM,SP500
2019-09-04,MMC,SP500
2019-09-04,MMM,SP500
2019-09-04,MNST,SP500
2019-09-04,MSCI,SP500
2019-09-04,MSFT,SP500
2019-09-04,MSI,SP500
2019-09-04,MTCH,SP500
2019-09-04,MTD,SP500
2019-09-04,MTN,SP500
2019-09-04,MU,SP500
2019-09-04,MXIM,SP500
2019-09-04,NBL,SP500
2019-09-04,NFLX,SP500
2019-09-04,NKE,SP500
2019-09-04,NKTR,SP500
2019-09-04,NOW,SP500
2019-09-04,NRG,SP500
2019-09-04,NVDA,SP500
2019-09-04,NVR,SP500
2019-09-04,NWL,SP500
2019-09-04,O,SP500
2019-09-04,ODFL,SP500
2019-09-04,OKE,SP500
2019-09-04,OKTA,SP500
2019-09-04,ORLY,SP500
2019-09-04,OXY,SP500
2019-09-04,PANW,SP500
2019-09-04,PAYC,SP500
2019-09-04,PAYX,SP500
2019-09-04,PII,SP500
2019-09-04,PINS,SP500
2019-09-04,PKG,SP500
2019-09-04,PLD,SP500
2019-09-04,PM,SP500
2019-09-04,PSA,SP500
2019-09-04,PXD,SP500
2019-09-04,PYPL,SP500
2019-09-04,RCL,SP500
2019-09-04,REG,SP500
2019-09-04,REGN,SP500
2019-09-04,RHI,SP500
2019-09-04,RJF,SP500
2019-09-04,RMD,SP500
2019-09-04,ROK,SP500
2019-09-04,ROL,SP500
2019-09-04,ROP,SP500
2019-09-04,ROST,SP500
2019-09-04,SBAC,SP500
2019-09-04,SBUX,SP500
2019-09-04,SCHW,SP500
2019-09-04,SEIC,SP500
2019-09-04,SGEN,SP500
2019-09-04,SHW,SP500
2019-09-04,SIRI,SP500
2019-09-04,SIVB,SP500
2019-09-04,SNAP,SP500
2019-09-04,SNPS,SP500
2019-09-04,SPG,SP500
2019-09-04,SPGI,SP500
2019-09-04,SPLK,SP500
2019-09-04,SQ,SP500
2019-09-04,SSNC,SP500
2019-09-04,ST,SP500
2019-09-04,STZ,SP500
2019-09-04,SWKS,SP500
2019-09-04,SYK,SP500
2019-09-04,TDG,SP500
2019-09-04,TFX,SP500
2019-09-04,TIF,SP500
2019-09-04,TJX,SP500
2019-09-04,TMO,SP500
2019-09-04,TMUS,SP500
2019-09-04,TRGP,SP500
2019-09-04,TRIP,SP500
2019-09-04,TRMB,SP500
2019-09-04,TROW,SP500
2019-09-04,TRU,SP500
2019-09-04,TSCO,SP500
2019-09-04,TSLA,SP500
2019-09-04,TSS,SP500
2019-09-04,TTWO,SP500
2019-09-04,TWLO,SP500
2019-09-04,TWTR,SP500
2019-09-04,TXN,SP500
2019-09-04,UA,SP500
2019-09-04,UAA,SP500
2019-09-04,UBER,SP500
2019-09-04,UDR,SP500
2019-09-04,ULTA,SP500
2019-09-04,UNP,SP500
2019-09-04,UPS,SP500
2019-09-04,URI,SP500
2019-09-04,V,SP500
2019-09-04,VAR,SP500
2019-09-04,VEEV,SP500
2019-09-04,VMC,SP500
2019-09-04,VMW,SP500
2019-09-04,VNO,SP500
2019-09-04,VRSK,SP500
2019-09-04,VRSN,SP500
2019-09-04,VRTX,SP500
2019-09-04,W,SP500
2019-09-04,WAB,SP500
2019-09-04,WAT,SP500
2019-09-04,WBC,SP500
2019-09-04,WCG,SP500
2019-09-04,WCN,SP500
2019-09-04,WDAY,SP500
2019-09-04,WELL,SP500
2019-09-04,WORK,SP500
2019-09-04,WYNN,SP500
2019-09-04,XEC,SP500
2019-09-04,XLNX,SP500
2019-09-04,XPO,SP500
2019-09-04,XYL,SP500
2019-09-04,YUM,SP500
2019-09-04,ZAYO,SP500
2019-09-04,ZM,SP500
2019-09-04,ZTS,SP500
2019-10-01,A,SP500
2019-10-01,AAPL,SP500
2019-10-01,ABBV,SP500
2019-10-01,ABMD,SP500
2019-10-01,ACN,SP500
2019-10-01,ADBE,SP500
2019-10-01,ADI,SP500
2019-10-01,ADP,SP500
2019-10-01,ADSK,SP500
2019-10-01,AJG,SP500
2019-10-01,AKAM,SP500
2019-10-01,ALB,SP500
2019-10-01,ALGN,SP500
2019-10-01,ALKS,SP500
2019-10-01,ALNY,SP500
2019-10-01,ALXN,SP500
2019-10-01,AMAT,SP500
2019-10-01,AMD,SP500
2019-10-01,AME,SP500
2019-10-01,AMT,SP500
2019-10-01,AMTD,SP500
2019-10-01,AMZN,SP500
2019-10-01,ANET,SP500
2019-10-01,ANSS,SP500
2019-10-01,AON,SP500
2019-10-01,AOS,SP500
2019-10-01,APA,SP500
2019-10-01,APH,SP500
2019-10-01,ARE,SP500
2019-10-01,ATUS,SP500
2019-10-01,ATVI,SP500
2019-10-01,AVB,SP500
2019-10-01,AVGO,SP500
2019-10-01,AXTA,SP500
2019-10-01,AZO,SP500
2019-10-01,BA,SP500
2019-10-01,BAX,SP500
2019-10-01,BDX,SP500
2019-10-01,BF.B,SP500
2019-10-01,BIIB,SP500
2019-10-01,BKI,SP500
2019-10-01,BKNG,SP500
2019-10-01,BMRN,SP500
2019-10-01,BMY,SP500
2019-10-01,BR,SP500
2019-10-01,BSX,SP500
2019-10-01,BXP,SP500
2019-10-01,CBOE,SP500
2019-10-01,CBRE,SP500
2019-10-01,CCI,SP500
2019-10-01,CDK,SP500
2019-10-01,CDNS,SP500
2019-10-01,CELG,SP500
2019-10-01,CERN,SP500
2019-10-01,CF,SP500
2019-10-01,CGNX,SP500
2019-10-01,CHD,SP500
2019-10-01,CHRW,SP500
2019-10-01,CHTR,SP500
2019-10-01,CHWY,SP500
2019-10-01,CL,SP500
2019-10-01,CLR,SP500
2019-10-01,CLX,SP500
2019-10-01,CMCSA,SP500
2019-10-01,CMG,SP500
2019-10-01,CNC,SP500
2019-10-01,COG,SP500
2019-10-01,COO,SP500
2019-10-01,COST,SP500
2019-10-01,CPRT,SP500
2019-10-01,CPT,SP500
2019-10-01,CRM,SP500
2019-10-01,CRWD,SP500
2019-10-01,CSGP,SP500
2019-10-01,CTAS,SP500
2019-10-01,CTSH,SP500
2019-10-01,CTXS,SP500
2019-10-01,CVNA,SP500
2019-10-01,CXO,SP500
2019-10-01,DBX,SP500
2019-10-01,DG,SP500
2019-10-01,DHI,SP500
2019-10-01,DHR,SP500
2019-10-01,DIS,SP500
2019-10-01,DLR,SP500
2019-10-01,DLTR,SP500
2019-10-01,DPZ,SP500
2019-10-01,DXCM,SP500
2019-10-01,EA,SP500
2019-10-01,ECL,SP500
2019-10-01,EFX,SP500
2019-10-01,EL,SP500
2019-10-01,EOG,SP500
2019-10-01,EQIX,SP500
2019-10-01,ESS,SP500
2019-10-01,ETFC,SP500
2019-10-01,EW,SP500
2019-10-01,EXAS,SP500
2019-10-01,EXPD,SP500
2019-10-01,EXPE,SP500
2019-10-01,EXR,SP500
2019-10-01,FANG,SP500
2019-10-01,FAST,SP500
2019-10-01,FB,SP500
2019-10-01,FBHS,SP500
2019-10-01,FDS,SP500
2019-10-01,FFIV,SP500
2019-10-01,FIS,SP500
2019-10-01,FISV,SP500
2019-10-01,FLIR,SP500
2019-10-01,FLT,SP500
2019-10-01,FMC,SP500
2019-10-01,FRC,SP500
2019-10-01,FRT,SP500
2019-10-01,FTNT,SP500
2019-10-01,FTV,SP500
2019-10-01,GDDY,SP500
2019-10-01,GOOG,SP500
2019-10-01,GOOGL,SP500
2019-10-01,GPN,SP500
2019-10-01,H,SP500
2019-10-01,HD,SP500
2019-10-01,HEI,SP500
2019-10-01,HEI.A,SP500
2019-10-01,HLT,SP500
2019-10-01,HRL,SP500
2019-10-01,HSY,SP500
2019-10-01,HUBB,SP500
2019-10-01,IAC,SP500
2019-10-01,IBKR,SP500
2019-10-01,ICE,SP500
2019-10-01,IDXX,SP500
2019-10-01,IFF,SP500
2019-10-01,ILMN,SP500
2019-10-01,INCY,SP500
2019-10-01,INFO,SP500
2019-10-01,INTU,SP500
2019-10-01,INVH,SP500
2019-10-01,IPGP,SP500
2019-10-01,IQV,SP500
2019-10-01,IRM,SP500
2019-10-01,ISRG,SP500
2019-10-01,IT,SP500
2019-10-01,ITW,SP500
2019-10-01,JAZZ,SP500
2019-10-01,JBHT,SP500
2019-10-01,JKHY,SP500
2019-10-01,KEYS,SP500
2019-10-01,KLAC,SP500
2019-10-01,KSU,SP500
2019-10-01,LEN,SP500
2019-10-01,LEN.B,SP500
2019-10-01,LHX,SP500
2019-10-01,LIN,SP500
2019-10-01,LKQ,SP500
2019-10-01,LMT,SP500
2019-10-01,LNG,SP500
2019-10-01,LOW,SP500
2019-10-01,LRCX,SP500
2019-10-01,LULU,SP500
2019-10-01,LUV,SP500
2019-10-01,LW,SP500
2019-10-01,LYFT,SP500
2019-10-01,LYV,SP500
2019-10-01,MA,SP500
2019-10-01,MAA,SP500
2019-10-01,MAR,SP500
2019-10-01,MAS,SP500
2019-10-01,MCD,SP500
2019-10-01,MCHP,SP500
2019-10-01,MCO,SP500
2019-10-01,MGM,SP500
2019-10-01,MKC,SP500
2019-10-01,MKL,SP500
2019-10-01,MLM,SP500
2019-10-01,MMC,SP500
2019-10-01,MMM,SP500
2019-10-01,MNST,SP500
2019-10-01,MSCI,SP500
2019-10-01,MSFT,SP500
2019-10-01,MSI,SP500
2019-10-01,MTCH,SP500
2019-10-01,MTD,SP500
2019-10-01,MTN,SP500
2019-10-01,MU,SP500
2019-10-01,MXIM,SP500
2019-10-01,NBL,SP500
2019-10-01,NFLX,SP500
2019-10-01,NKE,SP500
2019-10-01,NKTR,SP500
2019-10-01,NOW,SP500
2019-10-01,NRG,SP500
2019-10-01,NVDA,SP500
2019-10-01,NVR,SP500
2019-10-01,NWL,SP500
2019-10-01,O,SP500
2019-10-01,ODFL,SP500
2019-10-01,OKE,SP500
2019-10-01,OKTA,SP500
2019-10-01,ORLY,SP500
2019-10-01,OXY,SP500
2019-10-01,PANW,SP500
2019-10-01,PAYC,SP500
2019-10-01,PAYX,SP500
2019-10-01,PII,SP500
2019-10-01,PINS,SP500
2019-10-01,PKG,SP500
2019-10-01,PLD,SP500
2019-10-01,PM,SP500
2019-10-01,PSA,SP500
2019-10-01,PXD,SP500
2019-10-01,PYPL,SP500
2019-10-01,RCL,SP500
2019-10-01,REG,SP500
2019-10-01,REGN,SP500
2019-10-01,RHI,SP500
2019-10-01,RJF,SP500
2019-10-01,RMD,SP500
2019-10-01,ROK,SP500
2019-10-01,ROL,SP500
2019-10-01,ROP,SP500
2019-10-01,ROST,SP500
2019-10-01,SBAC,SP500
2019-10-01,SBUX,SP500
2019-10-01,SCHW,SP500
2019-10-01,SEIC,SP500
2019-10-01,SGEN,SP500
2019-10-01,SHW,SP500
2019-10-01,SIRI,SP500
2019-10-01,SIVB,SP500
2019-10-01,SNAP,SP500
2019-10-01,SNPS,SP500
2019-10-01,SPG,SP500
2019-10-01,SPGI,SP500
2019-10-01,SPLK,SP500
2019-10-01,SQ,SP500
2019-10-01,SSNC,SP500
2019-10-01,ST,SP500
2019-10-01,STZ,SP500
2019-10-01,SWKS,SP500
2019-10-01,SYK,SP500
2019-10-01,TDG,SP500
2019-10-01,TFX,SP500
2019-10-01,TIF,SP500
2019-10-01,TJX,SP500
2019-10-01,TMO,SP500
2019-10-01,TMUS,SP500
2019-10-01,TRGP,SP500
2019-10-01,TRIP,SP500
2019-10-01,TRMB,SP500
2019-10-01,TROW,SP500
2019-10-01,TRU,SP500
2019-10-01,TSCO,SP500
2019-10-01,TSLA,SP500
2019-10-01,TTWO,SP500
2019-10-01,TWLO,SP500
2019-10-01,TWTR,SP500
2019-10-01,TXN,SP500
2019-10-01,UA,SP500
2019-10-01,UAA,SP500
2019-10-01,UBER,SP500
2019-10-01,UDR,SP500
2019-10-01,ULTA,SP500
2019-10-01,UNP,SP500
2019-10-01,UPS,SP500
2019-10-01,URI,SP500
2019-10-01,V,SP500
2019-10-01,VAR,SP500
2019-10-01,VEEV,SP500
2019-10-01,VMC,SP500
2019-10-01,VMW,SP500
2019-10-01,VNO,SP500
2019-10-01,VRSK,SP500
2019-10-01,VRSN,SP500
2019-10-01,VRTX,SP500
2019-10-01,W,SP500
2019-10-01,WAB,SP500
2019-10-01,WAT,SP500
2019-10-01,WBC,SP500
2019-10-01,WCG,SP500
2019-10-01,WCN,SP500
2019-10-01,WDAY,SP500
2019-10-01,WELL,SP500
2019-10-01,WORK,SP500
2019-10-01,WYNN,SP500
2019-10-01,XEC,SP500
2019-10-01,XLNX,SP500
2019-10-01,XPO,SP500
2019-10-01,XYL,SP500
2019-10-01,YUM,SP500
2019-10-01,ZAYO,SP500
2019-10-01,ZM,SP500
2019-10-01,ZTS,SP500
2019-11-01,A,SP500
2019-11-01,AAPL,SP500
2019-11-01,ABMD,SP500
2019-11-01,ACN,SP500
2019-11-01,ADBE,SP500
2019-11-01,ADI,SP500
2019-11-01,ADP,SP500
2019-11-01,ADSK,SP500
2019-11-01,AJG,SP500
2019-11-01,AKAM,SP500
2019-11-01,ALB,SP500
2019-11-01,ALGN,SP500
2019-11-01,ALNY,SP500
2019-11-01,ALXN,SP500
2019-11-01,AMAT,SP500
2019-11-01,AMD,SP500
2019-11-01,AME,SP500
2019-11-01,AMT,SP500
2019-11-01,AMTD,SP500
2019-11-01,AMZN,SP500
2019-11-01,ANET,SP500
2019-11-01,ANSS,SP500
2019-11-01,AON,SP500
2019-11-01,AOS,SP500
2019-11-01,APA,SP500
2019-11-01,APH,SP500
2019-11-01,ARE,SP500
2019-11-01,ATUS,SP500
2019-11-01,ATVI,SP500
2019-11-01,AVB,SP500
2019-11-01,AVGO,SP500
2019-11-01,AXTA,SP500
2019-11-01,AZO,SP500
2019-11-01,BA,SP500
2019-11-01,BAX,SP500
2019-11-01,BDX,SP500
2019-11-01,BF.B,SP500
2019-11-01,BKI,SP500
2019-11-01,BKNG,SP500
2019-11-01,BLL,SP500
2019-11-01,BMRN,SP500
2019-11-01,BMY,SP500
2019-11-01,BR,SP500
2019-11-01,BSX,SP500
2019-11-01,BX,SP500
2019-11-01,BXP,SP500
2019-11-01,CBOE,SP500
2019-11-01,CBRE,SP500
2019-11-01,CCI,SP500
2019-11-01,CDNS,SP500
2019-11-01,CELG,SP500
2019-11-01,CERN,SP500
2019-11-01,CF,SP500
2019-11-01,CGNX,SP500
2019-11-01,CHD,SP500
2019-11-01,CHTR,SP500
2019-11-01,CHWY,SP500
2019-11-01,CL,SP500
2019-11-01,CLR,SP500
2019-11-01,CLX,SP500
2019-11-01,CMCSA,SP500
2019-11-01,CMG,SP500
2019-11-01,CNC,SP500
2019-11-01,COG,SP500
2019-11-01,COO,SP500
2019-11-01,COST,SP500
2019-11-01,CPRT,SP500
2019-11-01,CPT,SP500
2019-11-01,CRM,SP500
2019-11-01,CRWD,SP500
2019-11-01,CSGP,SP500
2019-11-01,CTAS,SP500
2019-11-01,CTXS,SP500
2019-11-01,CVNA,SP500
2019-11-01,CXO,SP500
2019-11-01,DBX,SP500
2019-11-01,DDOG,SP500
2019-11-01,DG,SP500
2019-11-01,DHI,SP500
2019-11-01,DHR,SP500
2019-11-01,DLR,SP500
2019-11-01,DLTR,SP500
2019-11-01,DPZ,SP500
2019-11-01,DXCM,SP500
2019-11-01,EA,SP500
2019-11-01,ECL,SP500
2019-11-01,EFX,SP500
2019-11-01,EL,SP500
2019-11-01,EOG,SP500
2019-11-01,EQIX,SP500
2019-11-01,ESS,SP500
2019-11-01,ETFC,SP500
2019-11-01,EW,SP500
2019-11-01,EXAS,SP500
2019-11-01,EXPD,SP500
2019-11-01,EXPE,SP500
2019-11-01,EXR,SP500
2019-11-01,FANG,SP500
2019-11-01,FAST,SP500
2019-11-01,FB,SP500
2019-11-01,FBHS,SP500
2019-11-01,FDS,SP500
2019-11-01,FFIV,SP500
2019-11-01,FIS,SP500
2019-11-01,FISV,SP500
2019-11-01,FLIR,SP500
2019-11-01,FLT,SP500
2019-11-01,FMC,SP500
2019-11-01,FRC,SP500
2019-11-01,FRT,SP500
2019-11-01,FTNT,SP500
2019-11-01,FTV,SP500
2019-11-01,GDDY,SP500
2019-11-01,GOOG,SP500
2019-11-01,GOOGL,SP500
2019-11-01,GPN,SP500
2019-11-01,HD,SP500
2019-11-01,HEI,SP500
2019-11-01,HEI.A,SP500
2019-11-01,HES,SP500
2019-11-01,HLT,SP500
2019-11-01,HRL,SP500
2019-11-01,HSY,SP500
2019-11-01,HUBB,SP500
2019-11-01,IAC,SP500
2019-11-01,IBKR,SP500
2019-11-01,ICE,SP500
2019-11-01,IDXX,SP500
2019-11-01,IFF,SP500
2019-11-01,ILMN,SP500
2019-11-01,INCY,SP500
2019-11-01,INFO,SP500
2019-11-01,INTU,SP500
2019-11-01,INVH,SP500
2019-11-01,IPGP,SP500
2019-11-01,IQV,SP500
2019-11-01,IRM,SP500
2019-11-01,ISRG,SP500
2019-11-01,IT,SP500
2019-11-01,ITW,SP500
2019-11-01,JAZZ,SP500
2019-11-01,JBHT,SP500
2019-11-01,JKHY,SP500
2019-11-01,KEYS,SP500
2019-11-01,KLAC,SP500
2019-11-01,KSU,SP500
2019-11-01,LEN,SP500
2019-11-01,LEN.B,SP500
2019-11-01,LHX,SP500
2019-11-01,LIN,SP500
2019-11-01,LKQ,SP500
2019-11-01,LMT,SP500
2019-11-01,LNG,SP500
2019-11-01,LOW,SP500
2019-11-01,LRCX,SP500
2019-11-01,LULU,SP500
2019-11-01,LW,SP500
2019-11-01,LYFT,SP500
2019-11-01,LYV,SP500
2019-11-01,MA,SP500
2019-11-01,MAA,SP500
2019-11-01,MAR,SP500
2019-11-01,MAS,SP500
2019-11-01,MCD,SP500
2019-11-01,MCHP,SP500
2019-11-01,MCO,SP500
2019-11-01,MGM,SP500
2019-11-01,MKC,SP500
2019-11-01,MKL,SP500
2019-11-01,MKTX,SP500
2019-11-01,MLM,SP500
2019-11-01,MMC,SP500
2019-11-01,MNST,SP500
2019-11-01,MSCI,SP500
2019-11-01,MSFT,SP500
2019-11-01,MSI,SP500
2019-11-01,MTCH,SP500
2019-11-01,MTD,SP500
2019-11-01,MTN,SP500
2019-11-01,MU,SP500
2019-11-01,MXIM,SP500
2019-11-01,NBL,SP500
2019-11-01,NFLX,SP500
2019-11-01,NKE,SP500
2019-11-01,NOW,SP500
2019-11-01,NRG,SP500
2019-11-01,NVDA,SP500
2019-11-01,NVR,SP500
2019-11-01,NWL,SP500
2019-11-01,O,SP500
2019-11-01,ODFL,SP500
2019-11-01,OKE,SP500
2019-11-01,OKTA,SP500
2019-11-01,ORLY,SP500
2019-11-01,OXY,SP500
2019-11-01,PANW,SP500
2019-11-01,PAYC,SP500
2019-11-01,PAYX,SP500
2019-11-01,PINS,SP500
2019-11-01,PLD,SP500
2019-11-01,PSA,SP500
2019-11-01,PXD,SP500
2019-11-01,PYPL,SP500
2019-11-01,REG,SP500
2019-11-01,REGN,SP500
2019-11-01,RHI,SP500
2019-11-01,RMD,SP500
2019-11-01,ROK,SP500
2019-11-01,ROKU,SP500
2019-11-01,ROL,SP500
2019-11-01,ROP,SP500
2019-11-01,ROST,SP500
2019-11-01,SBAC,SP500
2019-11-01,SBUX,SP500
2019-11-01,SCHW,SP500
2019-11-01,SEIC,SP500
2019-11-01,SGEN,SP500
2019-11-01,SHW,SP500
2019-11-01,SIRI,SP500
2019-11-01,SIVB,SP500
2019-11-01,SNAP,SP500
2019-11-01,SNPS,SP500
2019-11-01,SPG,SP500
2019-11-01,SPGI,SP500
2019-11-01,SPLK,SP500
2019-11-01,SQ,SP500
2019-11-01,SSNC,SP500
2019-11-01,STZ,SP500
2019-11-01,SUI,SP500
2019-11-01,SWKS,SP500
2019-11-01,SYK,SP500
2019-11-01,TDG,SP500
2019-11-01,TFX,SP500
2019-11-01,TIF,SP500
2019-11-01,TJX,SP500
2019-11-01,TMO,SP500
2019-11-01,TMUS,SP500
2019-11-01,TRGP,SP500
2019-11-01,TRMB,SP500
2019-11-01,TROW,SP500
2019-11-01,TRU,SP500
2019-11-01,TSCO,SP500
2019-11-01,TSLA,SP500
2019-11-01,TTWO,SP500
2019-11-01,TWLO,SP500
2019-11-01,TWTR,SP500
2019-11-01,TXN,SP500
2019-11-01,UA,SP500
2019-11-01,UAA,SP500
2019-11-01,UBER,SP500
2019-11-01,UDR,SP500
2019-11-01,ULTA,SP500
2019-11-01,UNP,SP500
2019-11-01,UPS,SP500
2019-11-01,V,SP500
2019-11-01,VAR,SP500
2019-11-01,VEEV,SP500
2019-11-01,VMC,SP500
2019-11-01,VMW,SP500
2019-11-01,VNO,SP500
2019-11-01,VRSK,SP500
2019-11-01,VRSN,SP500
2019-11-01,VRTX,SP500
2019-11-01,W,SP500
2019-11-01,WAB,SP500
2019-11-01,WAT,SP500
2019-11-01,WBC,SP500
2019-11-01,WCG,SP500
2019-11-01,WCN,SP500
2019-11-01,WDAY,SP500
2019-11-01,WELL,SP500
2019-11-01,WORK,SP500
2019-11-01,WYNN,SP500
2019-11-01,XLNX,SP500
2019-11-01,XPO,SP500
2019-11-01,XYL,SP500
2019-11-01,YUM,SP500
2019-11-01,ZAYO,SP500
2019-11-01,ZM,SP500
2019-11-01,ZTS,SP500
2019-12-03,A,SP500
2019-12-03,AAPL,SP500
2019-12-03,ABMD,SP500
2019-12-03,ACN,SP500
2019-12-03,ADBE,SP500
2019-12-03,ADI,SP500
2019-12-03,ADP,SP500
2019-12-03,ADSK,SP500
2019-12-03,AJG,SP500
2019-12-03,AKAM,SP500
2019-12-03,ALB,SP500
2019-12-03,ALGN,SP500
2019-12-03,ALNY,SP500
2019-12-03,ALXN,SP500
2019-12-03,AMAT,SP500
2019-12-03,AMD,SP500
2019-12-03,AME,SP500
2019-12-03,AMT,SP500
2019-12-03,AMTD,SP500
2019-12-03,AMZN,SP500
2019-12-03,ANET,SP500
2019-12-03,ANSS,SP500
2019-12-03,AON,SP500
2019-12-03,AOS,SP500
2019-12-03,APA,SP500
2019-12-03,APH,SP500
2019-12-03,ARE,SP500
2019-12-03,ATUS,SP500
2019-12-03,ATVI,SP500
2019-12-03,AVB,SP500
2019-12-03,AVGO,SP500
2019-12-03,AXTA,SP500
2019-12-03,AZO,SP500
2019-12-03,BA,SP500
2019-12-03,BAX,SP500
2019-12-03,BDX,SP500
2019-12-03,BF.B,SP500
2019-12-03,BKI,SP500
2019-12-03,BKNG,SP500
2019-12-03,BLL,SP500
2019-12-03,BMRN,SP500
2019-12-03,BMY,SP500
2019-12-03,BR,SP500
2019-12-03,BSX,SP500
2019-12-03,BX,SP500
2019-12-03,BXP,SP500
2019-12-03,CBOE,SP500
2019-12-03,CBRE,SP500
2019-12-03,CCI,SP500
2019-12-03,CDNS,SP500
2019-12-03,CERN,SP500
2019-12-03,CF,SP500
2019-12-03,CGNX,SP500
2019-12-03,CHD,SP500
2019-12-03,CHTR,SP500
2019-12-03,CHWY,SP500
2019-12-03,CL,SP500
2019-12-03,CLR,SP500
2019-12-03,CLX,SP500
2019-12-03,CMCSA,SP500
2019-12-03,CMG,SP500
2019-12-03,CNC,SP500
2019-12-03,COG,SP500
2019-12-03,COO,SP500
2019-12-03,COST,SP500
2019-12-03,CPRT,SP500
2019-12-03,CPT,SP500
2019-12-03,CRM,SP500
2019-12-03,CRWD,SP500
2019-12-03,CSGP,SP500
2019-12-03,CTAS,SP500
2019-12-03,CTXS,SP500
2019-12-03,CVNA,SP500
2019-12-03,CXO,SP500
2019-12-03,DBX,SP500
2019-12-03,DDOG,SP500
2019-12-03,DG,SP500
2019-12-03,DHI,SP500
2019-12-03,DHR,SP500
2019-12-03,DLR,SP500
2019-12-03,DLTR,SP500
2019-12-03,DPZ,SP500
2019-12-03,DXCM,SP500
2019-12-03,EA,SP500
2019-12-03,ECL,SP500
2019-12-03,EFX,SP500
2019-12-03,EL,SP500
2019-12-03,EOG,SP500
2019-12-03,EQIX,SP500
2019-12-03,ESS,SP500
2019-12-03,ETFC,SP500
2019-12-03,EW,SP500
2019-12-03,EXAS,SP500
2019-12-03,EXPD,SP500
2019-12-03,EXPE,SP500
2019-12-03,EXR,SP500
2019-12-03,FANG,SP500
2019-12-03,FAST,SP500
2019-12-03,FB,SP500
2019-12-03,FBHS,SP500
2019-12-03,FDS,SP500
2019-12-03,FFIV,SP500
2019-12-03,FIS,SP500
2019-12-03,FISV,SP500
2019-12-03,FLIR,SP500
2019-12-03,FLT,SP500
2019-12-03,FMC,SP500
2019-12-03,FRC,SP500
2019-12-03,FRT,SP500
2019-12-03,FTNT,SP500
2019-12-03,FTV,SP500
2019-12-03,GDDY,SP500
2019-12-03,GOOG,SP500
2019-12-03,GOOGL,SP500
2019-12-03,GPN,SP500
2019-12-03,HD,SP500
2019-12-03,HEI,SP500
2019-12-03,HEI.A,SP500
2019-12-03,HES,SP500
2019-12-03,HLT,SP500
2019-12-03,HRL,SP500
2019-12-03,HSY,SP500
2019-12-03,HUBB,SP500
2019-12-03,IAC,SP500
2019-12-03,IBKR,SP500
2019-12-03,ICE,SP500
2019-12-03,IDXX,SP500
2019-12-03,IFF,SP500
2019-12-03,ILMN,SP500
2019-12-03,INCY,SP500
2019-12-03,INFO,SP500
2019-12-03,INTU,SP500
2019-12-03,INVH,SP500
2019-12-03,IPGP,SP500
2019-12-03,IQV,SP500
2019-12-03,IRM,SP500
2019-12-03,ISRG,SP500
2019-12-03,IT,SP500
2019-12-03,ITW,SP500
2019-12-03,JAZZ,SP500
2019-12-03,JBHT,SP500
2019-12-03,JKHY,SP500
2019-12-03,KEYS,SP500
2019-12-03,KLAC,SP500
2019-12-03,KSU,SP500
2019-12-03,LEN,SP500
2019-12-03,LEN.B,SP500
2019-12-03,LHX,SP500
2019-12-03,LIN,SP500
2019-12-03,LKQ,SP500
2019-12-03,LMT,SP500
2019-12-03,LNG,SP500
2019-12-03,LOW,SP500
2019-12-03,LRCX,SP500
2019-12-03,LULU,SP500
2019-12-03,LW,SP500
2019-12-03,LYFT,SP500
2019-12-03,LYV,SP500
2019-12-03,MA,SP500
2019-12-03,MAA,SP500
2019-12-03,MAR,SP500
2019-12-03,MAS,SP500
2019-12-03,MCD,SP500
2019-12-03,MCHP,SP500
2019-12-03,MCO,SP500
2019-12-03,MGM,SP500
2019-12-03,MKC,SP500
2019-12-03,MKL,SP500
2019-12-03,MKTX,SP500
2019-12-03,MLM,SP500
2019-12-03,MMC,SP500
2019-12-03,MNST,SP500
2019-12-03,MSCI,SP500
2019-12-03,MSFT,SP500
2019-12-03,MSI,SP500
2019-12-03,MTCH,SP500
2019-12-03,MTD,SP500
2019-12-03,MTN,SP500
2019-12-03,MU,SP500
2019-12-03,MXIM,SP500
2019-12-03,NBL,SP500
2019-12-03,NFLX,SP500
2019-12-03,NKE,SP500
2019-12-03,NOW,SP500
2019-12-03,NRG,SP500
2019-12-03,NVDA,SP500
2019-12-03,NVR,SP500
2019-12-03,NWL,SP500
2019-12-03,O,SP500
2019-12-03,ODFL,SP500
2019-12-03,OKE,SP500
2019-12-03,OKTA,SP500
2019-12-03,ORLY,SP500
2019-12-03,PANW,SP500
2019-12-03,PAYC,SP500
2019-12-03,PAYX,SP500
2019-12-03,PINS,SP500
2019-12-03,PLD,SP500
2019-12-03,PSA,SP500
2019-12-03,PXD,SP500
2019-12-03,PYPL,SP500
2019-12-03,REG,SP500
2019-12-03,REGN,SP500
2019-12-03,RHI,SP500
2019-12-03,RMD,SP500
2019-12-03,ROK,SP500
2019-12-03,ROKU,SP500
2019-12-03,ROL,SP500
2019-12-03,ROP,SP500
2019-12-03,ROST,SP500
2019-12-03,SBAC,SP500
2019-12-03,SBUX,SP500
2019-12-03,SCHW,SP500
2019-12-03,SEIC,SP500
2019-12-03,SGEN,SP500
2019-12-03,SHW,SP500
2019-12-03,SIRI,SP500
2019-12-03,SIVB,SP500
2019-12-03,SNAP,SP500
2019-12-03,SNPS,SP500
2019-12-03,SPG,SP500
2019-12-03,SPGI,SP500
2019-12-03,SPLK,SP500
2019-12-03,SQ,SP500
2019-12-03,SSNC,SP500
2019-12-03,STZ,SP500
2019-12-03,SUI,SP500
2019-12-03,SWKS,SP500
2019-12-03,SYK,SP500
2019-12-03,TDG,SP500
2019-12-03,TFX,SP500
2019-12-03,TIF,SP500
2019-12-03,TJX,SP500
2019-12-03,TMO,SP500
2019-12-03,TMUS,SP500
2019-12-03,TRGP,SP500
2019-12-03,TRMB,SP500
2019-12-03,TROW,SP500
2019-12-03,TRU,SP500
2019-12-03,TSCO,SP500
2019-12-03,TSLA,SP500
2019-12-03,TTWO,SP500
2019-12-03,TWLO,SP500
2019-12-03,TWTR,SP500
2019-12-03,TXN,SP500
2019-12-03,UA,SP500
2019-12-03,UAA,SP500
2019-12-03,UBER,SP500
2019-12-03,UDR,SP500
2019-12-03,ULTA,SP500
2019-12-03,UNP,SP500
2019-12-03,UPS,SP500
2019-12-03,V,SP500
2019-12-03,VAR,SP500
2019-12-03,VEEV,SP500
2019-12-03,VMC,SP500
2019-12-03,VMW,SP500
2019-12-03,VNO,SP500
2019-12-03,VRSK,SP500
2019-12-03,VRSN,SP500
2019-12-03,VRTX,SP500
2019-12-03,W,SP500
2019-12-03,WAB,SP500
2019-12-03,WAT,SP500
2019-12-03,WBC,SP500
2019-12-03,WCG,SP500
2019-12-03,WCN,SP500
2019-12-03,WDAY,SP500
2019-12-03,WELL,SP500
2019-12-03,WORK,SP500
2019-12-03,WYNN,SP500
2019-12-03,XLNX,SP500
2019-12-03,XPO,SP500
2019-12-03,XYL,SP500
2019-12-03,YUM,SP500
2019-12-03,ZAYO,SP500
2019-12-03,ZM,SP500
2019-12-03,ZTS,SP500
2020-01-01,A,SP500
2020-01-01,AAPL,SP500
2020-01-01,ABMD,SP500
2020-01-01,ACN,SP500
2020-01-01,ADBE,SP500
2020-01-01,ADI,SP500
2020-01-01,ADP,SP500
2020-01-01,ADSK,SP500
2020-01-01,AJG,SP500
2020-01-01,AKAM,SP500
2020-01-01,ALB,SP500
2020-01-01,ALGN,SP500
2020-01-01,ALNY,SP500
2020-01-01,ALXN,SP500
2020-01-01,AMAT,SP500
2020-01-01,AMD,SP500
2020-01-01,AME,SP500
2020-01-01,AMT,SP500
2020-01-01,AMTD,SP500
2020-01-01,AMZN,SP500
2020-01-01,ANET,SP500
2020-01-01,ANSS,SP500
2020-01-01,AON,SP500
2020-01-01,AOS,SP500
2020-01-01,APA,SP500
2020-01-01,APH,SP500
2020-01-01,ARE,SP500
2020-01-01,ATUS,SP500
2020-01-01,ATVI,SP500
2020-01-01,AVB,SP500
2020-01-01,AVGO,SP500
2020-01-01,AXTA,SP500
2020-01-01,AZO,SP500
2020-01-01,BA,SP500
2020-01-01,BAX,SP500
2020-01-01,BDX,SP500
2020-01-01,BF.B,SP500
2020-01-01,BKI,SP500
2020-01-01,BKNG,SP500
2020-01-01,BLL,SP500
2020-01-01,BMRN,SP500
2020-01-01,BMY,SP500
2020-01-01,BR,SP500
2020-01-01,BSX,SP500
2020-01-01,BX,SP500
2020-01-01,BXP,SP500
2020-01-01,CBOE,SP500
2020-01-01,CBRE,SP500
2020-01-01,CCI,SP500
2020-01-01,CDNS,SP500
2020-01-01,CERN,SP500
2020-01-01,CF,SP500
2020-01-01,CGNX,SP500
2020-01-01,CHD,SP500
2020-01-01,CHTR,SP500
2020-01-01,CHWY,SP500
2020-01-01,CL,SP500
2020-01-01,CLR,SP500
2020-01-01,CLX,SP500
2020-01-01,CMCSA,SP500
2020-01-01,CMG,SP500
2020-01-01,CNC,SP500
2020-01-01,COG,SP500
2020-01-01,COO,SP500
2020-01-01,COST,SP500
2020-01-01,CPRT,SP500
2020-01-01,CPT,SP500
2020-01-01,CRM,SP500
2020-01-01,CRWD,SP500
2020-01-01,CSGP,SP500
2020-01-01,CTAS,SP500
2020-01-01,CTXS,SP500
2020-01-01,CVNA,SP500
2020-01-01,CXO,SP500
2020-01-01,DBX,SP500
2020-01-01,DDOG,SP500
2020-01-01,DG,SP500
2020-01-01,DHI,SP500
2020-01-01,DHR,SP500
2020-01-01,DLR,SP500
2020-01-01,DLTR,SP500
2020-01-01,DPZ,SP500
2020-01-01,DXCM,SP500
2020-01-01,EA,SP500
2020-01-01,ECL,SP500
2020-01-01,EFX,SP500
2020-01-01,EL,SP500
2020-01-01,EOG,SP500
2020-01-01,EQIX,SP500
2020-01-01,ESS,SP500
2020-01-01,ETFC,SP500
2020-01-01,EW,SP500
2020-01-01,EXAS,SP500
2020-01-01,EXPD,SP500
2020-01-01,EXPE,SP500
2020-01-01,EXR,SP500
2020-01-01,FANG,SP500
2020-01-01,FAST,SP500
2020-01-01,FB,SP500
2020-01-01,FBHS,SP500
2020-01-01,FDS,SP500
2020-01-01,FFIV,SP500
2020-01-01,FIS,SP500
2020-01-01,FISV,SP500
2020-01-01,FLIR,SP500
2020-01-01,FLT,SP500
2020-01-01,FMC,SP500
2020-01-01,FRC,SP500
2020-01-01,FRT,SP500
2020-01-01,FTNT,SP500
2020-01-01,FTV,SP500
2020-01-01,GDDY,SP500
2020-01-01,GOOG,SP500
2020-01-01,GOOGL,SP500
2020-01-01,GPN,SP500
2020-01-01,HD,SP500
2020-01-01,HEI,SP500
2020-01-01,HEI.A,SP500
2020-01-01,HES,SP500
2020-01-01,HLT,SP500
2020-01-01,HRL,SP500
2020-01-01,HSY,SP500
2020-01-01,HUBB,SP500
2020-01-01,IAC,SP500
2020-01-01,IBKR,SP500
2020-01-01,ICE,SP500
2020-01-01,IDXX,SP500
2020-01-01,IFF,SP500
2020-01-01,ILMN,SP500
2020-01-01,INCY,SP500
2020-01-01,INFO,SP500
2020-01-01,INTU,SP500
2020-01-01,INVH,SP500
2020-01-01,IPGP,SP500
2020-01-01,IQV,SP500
2020-01-01,IRM,SP500
2020-01-01,ISRG,SP500
2020-01-01,IT,SP500
2020-01-01,ITW,SP500
2020-01-01,JAZZ,SP500
2020-01-01,JBHT,SP500
2020-01-01,JKHY,SP500
2020-01-01,KEYS,SP500
2020-01-01,KLAC,SP500
2020-01-01,KSU,SP500
2020-01-01,LEN,SP500
2020-01-01,LEN.B,SP500
2020-01-01,LHX,SP500
2020-01-01,LIN,SP500
2020-01-01,LKQ,SP500
2020-01-01,LMT,SP500
2020-01-01,LNG,SP500
2020-01-01,LOW,SP500
2020-01-01,LRCX,SP500
2020-01-01,LULU,SP500
2020-01-01,LW,SP500
2020-01-01,LYFT,SP500
2020-01-01,LYV,SP500
2020-01-01,MA,SP500
2020-01-01,MAA,SP500
2020-01-01,MAR,SP500
2020-01-01,MAS,SP500
2020-01-01,MCD,SP500
2020-01-01,MCHP,SP500
2020-01-01,MCO,SP500
2020-01-01,MGM,SP500
2020-01-01,MKC,SP500
2020-01-01,MKL,SP500
2020-01-01,MKTX,SP500
2020-01-01,MLM,SP500
2020-01-01,MMC,SP500
2020-01-01,MNST,SP500
2020-01-01,MSCI,SP500
2020-01-01,MSFT,SP500
2020-01-01,MSI,SP500
2020-01-01,MTCH,SP500
2020-01-01,MTD,SP500
2020-01-01,MTN,SP500
2020-01-01,MU,SP500
2020-01-01,MXIM,SP500
2020-01-01,NBL,SP500
2020-01-01,NFLX,SP500
2020-01-01,NKE,SP500
2020-01-01,NOW,SP500
2020-01-01,NRG,SP500
2020-01-01,NVDA,SP500
2020-01-01,NVR,SP500
2020-01-01,NWL,SP500
2020-01-01,O,SP500
2020-01-01,ODFL,SP500
2020-01-01,OKE,SP500
2020-01-01,OKTA,SP500
2020-01-01,ORLY,SP500
2020-01-01,PANW,SP500
2020-01-01,PAYC,SP500
2020-01-01,PAYX,SP500
2020-01-01,PINS,SP500
2020-01-01,PLD,SP500
2020-01-01,PSA,SP500
2020-01-01,PXD,SP500
2020-01-01,PYPL,SP500
2020-01-01,REG,SP500
2020-01-01,REGN,SP500
2020-01-01,RHI,SP500
2020-01-01,RMD,SP500
2020-01-01,ROK,SP500
2020-01-01,ROKU,SP500
2020-01-01,ROL,SP500
2020-01-01,ROP,SP500
2020-01-01,ROST,SP500
2020-01-01,SBAC,SP500
2020-01-01,SBUX,SP500
2020-01-01,SCHW,SP500
2020-01-01,SEIC,SP500
2020-01-01,SGEN,SP500
2020-01-01,SHW,SP500
2020-01-01,SIRI,SP500
2020-01-01,SIVB,SP500
2020-01-01,SNAP,SP500
2020-01-01,SNPS,SP500
2020-01-01,SPG,SP500
2020-01-01,SPGI,SP500
2020-01-01,SPLK,SP500
2020-01-01,SQ,SP500
2020-01-01,SSNC,SP500
2020-01-01,STZ,SP500
2020-01-01,SUI,SP500
2020-01-01,SWKS,SP500
2020-01-01,SYK,SP500
2020-01-01,TDG,SP500
2020-01-01,TFX,SP500
2020-01-01,TIF,SP500
2020-01-01,TJX,SP500
2020-01-01,TMO,SP500
2020-01-01,TMUS,SP500
2020-01-01,TRGP,SP500
2020-01-01,TRMB,SP500
2020-01-01,TROW,SP500
2020-01-01,TRU,SP500
2020-01-01,TSCO,SP500
2020-01-01,TSLA,SP500
2020-01-01,TTWO,SP500
2020-01-01,TWLO,SP500
2020-01-01,TWTR,SP500
2020-01-01,TXN,SP500
2020-01-01,UA,SP500
2020-01-01,UAA,SP500
2020-01-01,UBER,SP500
2020-01-01,UDR,SP500
2020-01-01,ULTA,SP500
2020-01-01,UNP,SP500
2020-01-01,UPS,SP500
2020-01-01,V,SP500
2020-01-01,VAR,SP500
2020-01-01,VEEV,SP500
2020-01-01,VMC,SP500
2020-01-01,VMW,SP500
2020-01-01,VNO,SP500
2020-01-01,VRSK,SP500
2020-01-01,VRSN,SP500
2020-01-01,VRTX,SP500
2020-01-01,W,SP500
2020-01-01,WAB,SP500
2020-01-01,WAT,SP500
2020-01-01,WBC,SP500
2020-01-01,WCG,SP500
2020-01-01,WCN,SP500
2020-01-01,WDAY,SP500
2020-01-01,WELL,SP500
2020-01-01,WORK,SP500
2020-01-01,WYNN,SP500
2020-01-01,XLNX,SP500
2020-01-01,XPO,SP500
2020-01-01,XYL,SP500
2020-01-01,YUM,SP500
2020-01-01,ZAYO,SP500
2020-01-01,ZM,SP500
2020-01-01,ZTS,SP500
2020-02-04,A,SP500
2020-02-04,AAPL,SP500
2020-02-04,ABMD,SP500
2020-02-04,ACN,SP500
2020-02-04,ADBE,SP500
2020-02-04,ADI,SP500
2020-02-04,ADP,SP500
2020-02-04,ADSK,SP500
2020-02-04,AJG,SP500
2020-02-04,AKAM,SP500
2020-02-04,ALB,SP500
2020-02-04,ALGN,SP500
2020-02-04,ALNY,SP500
2020-02-04,ALXN,SP500
2020-02-04,AMAT,SP500
2020-02-04,AMD,SP500
2020-02-04,AME,SP500
2020-02-04,AMT,SP500
2020-02-04,AMTD,SP500
2020-02-04,AMZN,SP500
2020-02-04,ANET,SP500
2020-02-04,ANSS,SP500
2020-02-04,AON,SP500
2020-02-04,AOS,SP500
2020-02-04,APA,SP500
2020-02-04,APH,SP500
2020-02-04,ARE,SP500
2020-02-04,ATUS,SP500
2020-02-04,ATVI,SP500
2020-02-04,AVB,SP500
2020-02-04,AVGO,SP500
2020-02-04,AXTA,SP500
2020-02-04,AZO,SP500
2020-02-04,BA,SP500
2020-02-04,BAX,SP500
2020-02-04,BDX,SP500
2020-02-04,BF.B,SP500
2020-02-04,BKI,SP500
2020-02-04,BKNG,SP500
2020-02-04,BLL,SP500
2020-02-04,BMRN,SP500
2020-02-04,BMY,SP500
2020-02-04,BR,SP500
2020-02-04,BSX,SP500
2020-02-04,BURL,SP500
2020-02-04,BX,SP500
2020-02-04,BXP,SP500
2020-02-04,CBOE,SP500
2020-02-04,CBRE,SP500
2020-02-04,CCI,SP500
2020-02-04,CDNS,SP500
2020-02-04,CERN,SP500
2020-02-04,CF,SP500
2020-02-04,CGNX,SP500
2020-02-04,CHD,SP500
2020-02-04,CHTR,SP500
2020-02-04,CHWY,SP500
2020-02-04,CL,SP500
2020-02-04,CLR,SP500
2020-02-04,CLX,SP500
2020-02-04,CMCSA,SP500
2020-02-04,CMG,SP500
2020-02-04,CNC,SP500
2020-02-04,COG,SP500
2020-02-04,COO,SP500
2020-02-04,COST,SP500
2020-02-04,CPRT,SP500
2020-02-04,CPT,SP500
2020-02-04,CRM,SP500
2020-02-04,CRWD,SP500
2020-02-04,CSGP,SP500
2020-02-04,CTAS,SP500
2020-02-04,CTXS,SP500
2020-02-04,CVNA,SP500
2020-02-04,CXO,SP500
2020-02-04,DBX,SP500
2020-02-04,DDOG,SP500
2020-02-04,DG,SP500
2020-02-04,DHI,SP500
2020-02-04,DHR,SP500
2020-02-04,DLR,SP500
2020-02-04,DLTR,SP500
2020-02-04,DPZ,SP500
2020-02-04,DXCM,SP500
2020-02-04,EA,SP500
2020-02-04,ECL,SP500
2020-02-04,EFX,SP500
2020-02-04,EL,SP500
2020-02-04,EOG,SP500
2020-02-04,EQIX,SP500
2020-02-04,ESS,SP500
2020-02-04,ETFC,SP500
2020-02-04,EW,SP500
2020-02-04,EXAS,SP500
2020-02-04,EXPD,SP500
2020-02-04,EXPE,SP500
2020-02-04,EXR,SP500
2020-02-04,FANG,SP500
2020-02-04,FAST,SP500
2020-02-04,FB,SP500
2020-02-04,FBHS,SP500
2020-02-04,FDS,SP500
2020-02-04,FFIV,SP500
2020-02-04,FISV,SP500
2020-02-04,FLIR,SP500
2020-02-04,FLT,SP500
2020-02-04,FMC,SP500
2020-02-04,FRC,SP500
2020-02-04,FRT,SP500
2020-02-04,FTNT,SP500
2020-02-04,FTV,SP500
2020-02-04,GDDY,SP500
2020-02-04,GOOG,SP500
2020-02-04,GOOGL,SP500
2020-02-04,GPN,SP500
2020-02-04,HD,SP500
2020-02-04,HEI,SP500
2020-02-04,HEI.A,SP500
2020-02-04,HES,SP500
2020-02-04,HLT,SP500
2020-02-04,HRL,SP500
2020-02-04,HSY,SP500
2020-02-04,HUBB,SP500
2020-02-04,IAC,SP500
2020-02-04,IBKR,SP500
2020-02-04,ICE,SP500
2020-02-04,IDXX,SP500
2020-02-04,IFF,SP500
2020-02-04,ILMN,SP500
2020-02-04,INCY,SP500
2020-02-04,INFO,SP500
2020-02-04,INTU,SP500
2020-02-04,INVH,SP500
2020-02-04,IPGP,SP500
2020-02-04,IQV,SP500
2020-02-04,IRM,SP500
2020-02-04,ISRG,SP500
2020-02-04,IT,SP500
2020-02-04,ITW,SP500
2020-02-04,JAZZ,SP500
2020-02-04,JBHT,SP500
2020-02-04,JKHY,SP500
2020-02-04,KEYS,SP500
2020-02-04,KLAC,SP500
2020-02-04,KSU,SP500
2020-02-04,LEN,SP500
2020-02-04,LEN.B,SP500
2020-02-04,LHX,SP500
2020-02-04,LIN,SP500
2020-02-04,LKQ,SP500
2020-02-04,LMT,SP500
2020-02-04,LNG,SP500
2020-02-04,LOW,SP500
2020-02-04,LRCX,SP500
2020-02-04,LULU,SP500
2020-02-04,LW,SP500
2020-02-04,LYFT,SP500
2020-02-04,LYV,SP500
2020-02-04,MA,SP500
2020-02-04,MAA,SP500
2020-02-04,MAR,SP500
2020-02-04,MAS,SP500
2020-02-04,MCD,SP500
2020-02-04,MCHP,SP500
2020-02-04,MCO,SP500
2020-02-04,MGM,SP500
2020-02-04,MKC,SP500
2020-02-04,MKL,SP500
2020-02-04,MKTX,SP500
2020-02-04,MLM,SP500
2020-02-04,MMC,SP500
2020-02-04,MNST,SP500
2020-02-04,MSCI,SP500
2020-02-04,MSFT,SP500
2020-02-04,MSI,SP500
2020-02-04,MTCH,SP500
2020-02-04,MTD,SP500
2020-02-04,MTN,SP500
2020-02-04,MU,SP500
2020-02-04,MXIM,SP500
2020-02-04,NBL,SP500
2020-02-04,NFLX,SP500
2020-02-04,NKE,SP500
2020-02-04,NOW,SP500
2020-02-04,NRG,SP500
2020-02-04,NVDA,SP500
2020-02-04,NVR,SP500
2020-02-04,NWL,SP500
2020-02-04,O,SP500
2020-02-04,ODFL,SP500
2020-02-04,OKE,SP500
2020-02-04,OKTA,SP500
2020-02-04,ORLY,SP500
2020-02-04,PANW,SP500
2020-02-04,PAYC,SP500
2020-02-04,PAYX,SP500
2020-02-04,PINS,SP500
2020-02-04,PLD,SP500
2020-02-04,PSA,SP500
2020-02-04,PXD,SP500
2020-02-04,PYPL,SP500
2020-02-04,REG,SP500
2020-02-04,REGN,SP500
2020-02-04,RHI,SP500
2020-02-04,RMD,SP500
2020-02-04,RNG,SP500
2020-02-04,ROK,SP500
2020-02-04,ROKU,SP500
2020-02-04,ROL,SP500
2020-02-04,ROP,SP500
2020-02-04,ROST,SP500
2020-02-04,SBAC,SP500
2020-02-04,SBUX,SP500
2020-02-04,SCHW,SP500
2020-02-04,SEIC,SP500
2020-02-04,SGEN,SP500
2020-02-04,SHW,SP500
2020-02-04,SIRI,SP500
2020-02-04,SIVB,SP500
2020-02-04,SNAP,SP500
2020-02-04,SNPS,SP500
2020-02-04,SPG,SP500
2020-02-04,SPGI,SP500
2020-02-04,SPLK,SP500
2020-02-04,SQ,SP500
2020-02-04,SSNC,SP500
2020-02-04,STZ,SP500
2020-02-04,SUI,SP500
2020-02-04,SWKS,SP500
2020-02-04,SYK,SP500
2020-02-04,TDG,SP500
2020-02-04,TFX,SP500
2020-02-04,TIF,SP500
2020-02-04,TJX,SP500
2020-02-04,TMO,SP500
2020-02-04,TMUS,SP500
2020-02-04,TRGP,SP500
2020-02-04,TRMB,SP500
2020-02-04,TROW,SP500
2020-02-04,TRU,SP500
2020-02-04,TSCO,SP500
2020-02-04,TSLA,SP500
2020-02-04,TTWO,SP500
2020-02-04,TWLO,SP500
2020-02-04,TWTR,SP500
2020-02-04,TXN,SP500
2020-02-04,UA,SP500
2020-02-04,UAA,SP500
2020-02-04,UBER,SP500
2020-02-04,UDR,SP500
2020-02-04,ULTA,SP500
2020-02-04,UNP,SP500
2020-02-04,UPS,SP500
2020-02-04,V,SP500
2020-02-04,VAR,SP500
2020-02-04,VEEV,SP500
2020-02-04,VMC,SP500
2020-02-04,VMW,SP500
2020-02-04,VNO,SP500
2020-02-04,VRSK,SP500
2020-02-04,VRSN,SP500
2020-02-04,VRTX,SP500
2020-02-04,W,SP500
2020-02-04,WAB,SP500
2020-02-04,WAT,SP500
2020-02-04,WBC,SP500
2020-02-04,WCN,SP500
2020-02-04,WDAY,SP500
2020-02-04,WELL,SP500
2020-02-04,WORK,SP500
2020-02-04,WYNN,SP500
2020-02-04,XLNX,SP500
2020-02-04,XPO,SP500
2020-02-04,XYL,SP500
2020-02-04,YUM,SP500
2020-02-04,ZAYO,SP500
2020-02-04,ZM,SP500
2020-02-04,ZTS,SP500
2020-03-03,A,SP500
2020-03-03,AAPL,SP500
2020-03-03,ABMD,SP500
2020-03-03,ACN,SP500
2020-03-03,ADBE,SP500
2020-03-03,ADI,SP500
2020-03-03,ADP,SP500
2020-03-03,ADSK,SP500
2020-03-03,AJG,SP500
2020-03-03,AKAM,SP500
2020-03-03,ALB,SP500
2020-03-03,ALGN,SP500
2020-03-03,ALNY,SP500
2020-03-03,ALXN,SP500
2020-03-03,AMAT,SP500
2020-03-03,AMD,SP500
2020-03-03,AME,SP500
2020-03-03,AMT,SP500
2020-03-03,AMTD,SP500
2020-03-03,AMZN,SP500
2020-03-03,ANET,SP500
2020-03-03,ANSS,SP500
2020-03-03,AON,SP500
2020-03-03,AOS,SP500
2020-03-03,APA,SP500
2020-03-03,APH,SP500
2020-03-03,ARE,SP500
2020-03-03,ATUS,SP500
2020-03-03,ATVI,SP500
2020-03-03,AVB,SP500
2020-03-03,AVGO,SP500
2020-03-03,AXTA,SP500
2020-03-03,AZO,SP500
2020-03-03,BA,SP500
2020-03-03,BAX,SP500
2020-03-03,BDX,SP500
2020-03-03,BF.B,SP500
2020-03-03,BKI,SP500
2020-03-03,BKNG,SP500
2020-03-03,BLL,SP500
2020-03-03,BMRN,SP500
2020-03-03,BMY,SP500
2020-03-03,BR,SP500
2020-03-03,BSX,SP500
2020-03-03,BURL,SP500
2020-03-03,BX,SP500
2020-03-03,BXP,SP500
2020-03-03,CBOE,SP500
2020-03-03,CBRE,SP500
2020-03-03,CCI,SP500
2020-03-03,CDNS,SP500
2020-03-03,CERN,SP500
2020-03-03,CF,SP500
2020-03-03,CGNX,SP500
2020-03-03,CHD,SP500
2020-03-03,CHTR,SP500
2020-03-03,CHWY,SP500
2020-03-03,CL,SP500
2020-03-03,CLR,SP500
2020-03-03,CLX,SP500
2020-03-03,CMCSA,SP500
2020-03-03,CMG,SP500
2020-03-03,CNC,SP500
2020-03-03,COG,SP500
2020-03-03,COO,SP500
2020-03-03,COST,SP500
2020-03-03,CPRT,SP500
2020-03-03,CPT,SP500
2020-03-03,CRM,SP500
2020-03-03,CRWD,SP500
2020-03-03,CSGP,SP500
2020-03-03,CTAS,SP500
2020-03-03,CTXS,SP500
2020-03-03,CVNA,SP500
2020-03-03,CXO,SP500
2020-03-03,DBX,SP500
2020-03-03,DDOG,SP500
2020-03-03,DG,SP500
2020-03-03,DHI,SP500
2020-03-03,DHR,SP500
2020-03-03,DLR,SP500
2020-03-03,DLTR,SP500
2020-03-03,DPZ,SP500
2020-03-03,DXCM,SP500
2020-03-03,EA,SP500
2020-03-03,ECL,SP500
2020-03-03,EFX,SP500
2020-03-03,EL,SP500
2020-03-03,EOG,SP500
2020-03-03,EQIX,SP500
2020-03-03,ESS,SP500
2020-03-03,ETFC,SP500
2020-03-03,EW,SP500
2020-03-03,EXAS,SP500
2020-03-03,EXPD,SP500
2020-03-03,EXPE,SP500
2020-03-03,EXR,SP500
2020-03-03,FANG,SP500
2020-03-03,FAST,SP500
2020-03-03,FB,SP500
2020-03-03,FBHS,SP500
2020-03-03,FDS,SP500
2020-03-03,FFIV,SP500
2020-03-03,FIS,SP500
2020-03-03,FISV,SP500
2020-03-03,FLIR,SP500
2020-03-03,FLT,SP500
2020-03-03,FMC,SP500
2020-03-03,FRC,SP500
2020-03-03,FRT,SP500
2020-03-03,FTNT,SP500
2020-03-03,FTV,SP500
2020-03-03,GDDY,SP500
2020-03-03,GOOG,SP500
2020-03-03,GOOGL,SP500
2020-03-03,GPN,SP500
2020-03-03,HD,SP500
2020-03-03,HEI,SP500
2020-03-03,HEI.A,SP500
2020-03-03,HES,SP500
2020-03-03,HLT,SP500
2020-03-03,HRL,SP500
2020-03-03,HSY,SP500
2020-03-03,HUBB,SP500
2020-03-03,IAC,SP500
2020-03-03,IBKR,SP500
2020-03-03,ICE,SP500
2020-03-03,IDXX,SP500
2020-03-03,IFF,SP500
2020-03-03,ILMN,SP500
2020-03-03,INCY,SP500
2020-03-03,INFO,SP500
2020-03-03,INTU,SP500
2020-03-03,INVH,SP500
2020-03-03,IPGP,SP500
2020-03-03,IQV,SP500
2020-03-03,IRM,SP500
2020-03-03,ISRG,SP500
2020-03-03,IT,SP500
2020-03-03,ITW,SP500
2020-03-03,JAZZ,SP500
2020-03-03,JBHT,SP500
2020-03-03,JKHY,SP500
2020-03-03,KEYS,SP500
2020-03-03,KLAC,SP500
2020-03-03,KSU,SP500
2020-03-03,LEN,SP500
2020-03-03,LEN.B,SP500
2020-03-03,LHX,SP500
2020-03-03,LIN,SP500
2020-03-03,LKQ,SP500
2020-03-03,LMT,SP500
2020-03-03,LNG,SP500
2020-03-03,LOW,SP500
2020-03-03,LRCX,SP500
2020-03-03,LULU,SP500
2020-03-03,LW,SP500
2020-03-03,LYFT,SP500
2020-03-03,LYV,SP500
2020-03-03,MA,SP500
2020-03-03,MAA,SP500
2020-03-03,MAR,SP500
2020-03-03,MAS,SP500
2020-03-03,MCD,SP500
2020-03-03,MCHP,SP500
2020-03-03,MCO,SP500
2020-03-03,MGM,SP500
2020-03-03,MKC,SP500
2020-03-03,MKL,SP500
2020-03-03,MKTX,SP500
2020-03-03,MLM,SP500
2020-03-03,MMC,SP500
2020-03-03,MNST,SP500
2020-03-03,MSCI,SP500
2020-03-03,MSFT,SP500
2020-03-03,MSI,SP500
2020-03-03,MTCH,SP500
2020-03-03,MTD,SP500
2020-03-03,MTN,SP500
2020-03-03,MU,SP500
2020-03-03,MXIM,SP500
2020-03-03,NBL,SP500
2020-03-03,NFLX,SP500
2020-03-03,NKE,SP500
2020-03-03,NOW,SP500
2020-03-03,NRG,SP500
2020-03-03,NVDA,SP500
2020-03-03,NVR,SP500
2020-03-03,NWL,SP500
2020-03-03,O,SP500
2020-03-03,ODFL,SP500
2020-03-03,OKE,SP500
2020-03-03,OKTA,SP500
2020-03-03,ORLY,SP500
2020-03-03,PANW,SP500
2020-03-03,PAYC,SP500
2020-03-03,PAYX,SP500
2020-03-03,PINS,SP500
2020-03-03,PLD,SP500
2020-03-03,PSA,SP500
2020-03-03,PXD,SP500
2020-03-03,PYPL,SP500
2020-03-03,REG,SP500
2020-03-03,REGN,SP500
2020-03-03,RHI,SP500
2020-03-03,RMD,SP500
2020-03-03,RNG,SP500
2020-03-03,ROK,SP500
2020-03-03,ROKU,SP500
2020-03-03,ROL,SP500
2020-03-03,ROP,SP500
2020-03-03,ROST,SP500
2020-03-03,SBAC,SP500
2020-03-03,SBUX,SP500
2020-03-03,SCHW,SP500
2020-03-03,SEIC,SP500
2020-03-03,SGEN,SP500
2020-03-03,SHW,SP500
2020-03-03,SIRI,SP500
2020-03-03,SIVB,SP500
2020-03-03,SNAP,SP500
2020-03-03,SNPS,SP500
2020-03-03,SPG,SP500
2020-03-03,SPGI,SP500
2020-03-03,SPLK,SP500
2020-03-03,SQ,SP500
2020-03-03,SSNC,SP500
2020-03-03,STZ,SP500
2020-03-03,SUI,SP500
2020-03-03,SWKS,SP500
2020-03-03,SYK,SP500
2020-03-03,TDG,SP500
2020-03-03,TFX,SP500
2020-03-03,TIF,SP500
2020-03-03,TJX,SP500
2020-03-03,TMO,SP500
2020-03-03,TMUS,SP500
2020-03-03,TRGP,SP500
2020-03-03,TRMB,SP500
2020-03-03,TROW,SP500
2020-03-03,TRU,SP500
2020-03-03,TSCO,SP500
2020-03-03,TSLA,SP500
2020-03-03,TTWO,SP500
2020-03-03,TWLO,SP500
2020-03-03,TWTR,SP500
2020-03-03,TXN,SP500
2020-03-03,UA,SP500
2020-03-03,UAA,SP500
2020-03-03,UBER,SP500
2020-03-03,UDR,SP500
2020-03-03,ULTA,SP500
2020-03-03,UNP,SP500
2020-03-03,UPS,SP500
2020-03-03,V,SP500
2020-03-03,VAR,SP500
2020-03-03,VEEV,SP500
2020-03-03,VMC,SP500
2020-03-03,VMW,SP500
2020-03-03,VNO,SP500
2020-03-03,VRSK,SP500
2020-03-03,VRSN,SP500
2020-03-03,VRTX,SP500
2020-03-03,W,SP500
2020-03-03,WAB,SP500
2020-03-03,WAT,SP500
2020-03-03,WBC,SP500
2020-03-03,WCN,SP500
2020-03-03,WDAY,SP500
2020-03-03,WELL,SP500
2020-03-03,WORK,SP500
2020-03-03,WYNN,SP500
2020-03-03,XLNX,SP500
2020-03-03,XPO,SP500
2020-03-03,XYL,SP500
2020-03-03,YUM,SP500
2020-03-03,ZAYO,SP500
2020-03-03,ZM,SP500
2020-03-03,ZTS,SP500
2020-04-01,A,SP500
2020-04-01,AAPL,SP500
2020-04-01,ABMD,SP500
2020-04-01,ACN,SP500
2020-04-01,ADBE,SP500
2020-04-01,ADI,SP500
2020-04-01,ADP,SP500
2020-04-01,ADSK,SP500
2020-04-01,AJG,SP500
2020-04-01,AKAM,SP500
2020-04-01,ALB,SP500
2020-04-01,ALGN,SP500
2020-04-01,ALNY,SP500
2020-04-01,ALXN,SP500
2020-04-01,AMAT,SP500
2020-04-01,AMD,SP500
2020-04-01,AME,SP500
2020-04-01,AMT,SP500
2020-04-01,AMTD,SP500
2020-04-01,AMZN,SP500
2020-04-01,ANET,SP500
2020-04-01,ANSS,SP500
2020-04-01,AON,SP500
2020-04-01,AOS,SP500
2020-04-01,APA,SP500
2020-04-01,APH,SP500
2020-04-01,ARE,SP500
2020-04-01,ATUS,SP500
2020-04-01,ATVI,SP500
2020-04-01,AVB,SP500
2020-04-01,AVGO,SP500
2020-04-01,AXTA,SP500
2020-04-01,AZO,SP500
2020-04-01,BA,SP500
2020-04-01,BAX,SP500
2020-04-01,BDX,SP500
2020-04-01,BF.B,SP500
2020-04-01,BKI,SP500
2020-04-01,BKNG,SP500
2020-04-01,BLL,SP500
2020-04-01,BMRN,SP500
2020-04-01,BMY,SP500
2020-04-01,BR,SP500
2020-04-01,BSX,SP500
2020-04-01,BURL,SP500
2020-04-01,BX,SP500
2020-04-01,BXP,SP500
2020-04-01,CBOE,SP500
2020-04-01,CBRE,SP500
2020-04-01,CCI,SP500
2020-04-01,CDNS,SP500
2020-04-01,CERN,SP500
2020-04-01,CF,SP500
2020-04-01,CGNX,SP500
2020-04-01,CHD,SP500
2020-04-01,CHTR,SP500
2020-04-01,CHWY,SP500
2020-04-01,CL,SP500
2020-04-01,CLR,SP500
2020-04-01,CLX,SP500
2020-04-01,CMCSA,SP500
2020-04-01,CMG,SP500
2020-04-01,CNC,SP500
2020-04-01,COG,SP500
2020-04-01,COO,SP500
2020-04-01,COST,SP500
2020-04-01,CPRT,SP500
2020-04-01,CPT,SP500
2020-04-01,CRM,SP500
2020-04-01,CRWD,SP500
2020-04-01,CSGP,SP500
2020-04-01,CTAS,SP500
2020-04-01,CTXS,SP500
2020-04-01,CVNA,SP500
2020-04-01,CXO,SP500
2020-04-01,DBX,SP500
2020-04-01,DDOG,SP500
2020-04-01,DG,SP500
2020-04-01,DHI,SP500
2020-04-01,DHR,SP500
2020-04-01,DLR,SP500
2020-04-01,DLTR,SP500
2020-04-01,DPZ,SP500
2020-04-01,DXCM,SP500
2020-04-01,EA,SP500
2020-04-01,ECL,SP500
2020-04-01,EFX,SP500
2020-04-01,EL,SP500
2020-04-01,EOG,SP500
2020-04-01,EQIX,SP500
2020-04-01,ESS,SP500
2020-04-01,ETFC,SP500
2020-04-01,EW,SP500
2020-04-01,EXAS,SP500
2020-04-01,EXPD,SP500
2020-04-01,EXPE,SP500
2020-04-01,EXR,SP500
2020-04-01,FANG,SP500
2020-04-01,FAST,SP500
2020-04-01,FB,SP500
2020-04-01,FBHS,SP500
2020-04-01,FDS,SP500
2020-04-01,FFIV,SP500
2020-04-01,FIS,SP500
2020-04-01,FISV,SP500
2020-04-01,FLIR,SP500
2020-04-01,FLT,SP500
2020-04-01,FMC,SP500
2020-04-01,FRC,SP500
2020-04-01,FRT,SP500
2020-04-01,FTNT,SP500
2020-04-01,FTV,SP500
2020-04-01,GDDY,SP500
2020-04-01,GOOG,SP500
2020-04-01,GOOGL,SP500
2020-04-01,GPN,SP500
2020-04-01,HD,SP500
2020-04-01,HEI,SP500
2020-04-01,HEI.A,SP500
2020-04-01,HES,SP500
2020-04-01,HLT,SP500
2020-04-01,HRL,SP500
2020-04-01,HSY,SP500
2020-04-01,HUBB,SP500
2020-04-01,IAC,SP500
2020-04-01,IBKR,SP500
2020-04-01,ICE,SP500
2020-04-01,IDXX,SP500
2020-04-01,IFF,SP500
2020-04-01,ILMN,SP500
2020-04-01,INCY,SP500
2020-04-01,INFO,SP500
2020-04-01,INTU,SP500
2020-04-01,INVH,SP500
2020-04-01,IPGP,SP500
2020-04-01,IQV,SP500
2020-04-01,IRM,SP500
2020-04-01,ISRG,SP500
2020-04-01,IT,SP500
2020-04-01,ITW,SP500
2020-04-01,JAZZ,SP500
2020-04-01,JBHT,SP500
2020-04-01,JKHY,SP500
2020-04-01,KLAC,SP500
2020-04-01,KSU,SP500
2020-04-01,LEN,SP500
2020-04-01,LEN.B,SP500
2020-04-01,LHX,SP500
2020-04-01,LIN,SP500
2020-04-01,LKQ,SP500
2020-04-01,LMT,SP500
2020-04-01,LNG,SP500
2020-04-01,LOW,SP500
2020-04-01,LRCX,SP500
2020-04-01,LULU,SP500
2020-04-01,LW,SP500
2020-04-01,LYFT,SP500
2020-04-01,LYV,SP500
2020-04-01,MA,SP500
2020-04-01,MAA,SP500
2020-04-01,MAR,SP500
2020-04-01,MAS,SP500
2020-04-01,MCD,SP500
2020-04-01,MCHP,SP500
2020-04-01,MCO,SP500
2020-04-01,MGM,SP500
2020-04-01,MKC,SP500
2020-04-01,MKL,SP500
2020-04-01,MKTX,SP500
2020-04-01,MLM,SP500
2020-04-01,MMC,SP500
2020-04-01,MNST,SP500
2020-04-01,MSCI,SP500
2020-04-01,MSFT,SP500
2020-04-01,MSI,SP500
2020-04-01,MTCH,SP500
2020-04-01,MTD,SP500
2020-04-01,MTN,SP500
2020-04-01,MU,SP500
2020-04-01,MXIM,SP500
2020-04-01,NBL,SP500
2020-04-01,NFLX,SP500
2020-04-01,NKE,SP500
2020-04-01,NOW,SP500
2020-04-01,NRG,SP500
2020-04-01,NVDA,SP500
2020-04-01,NVR,SP500
2020-04-01,NWL,SP500
2020-04-01,O,SP500
2020-04-01,ODFL,SP500
2020-04-01,OKE,SP500
2020-04-01,OKTA,SP500
2020-04-01,ORLY,SP500
2020-04-01,PANW,SP500
2020-04-01,PAYC,SP500
2020-04-01,PAYX,SP500
2020-04-01,PINS,SP500
2020-04-01,PLD,SP500
2020-04-01,PPD,SP500
2020-04-01,PSA,SP500
2020-04-01,PXD,SP500
2020-04-01,PYPL,SP500
2020-04-01,REG,SP500
2020-04-01,REGN,SP500
2020-04-01,RHI,SP500
2020-04-01,RMD,SP500
2020-04-01,RNG,SP500
2020-04-01,ROK,SP500
2020-04-01,ROKU,SP500
2020-04-01,ROL,SP500
2020-04-01,ROP,SP500
2020-04-01,ROST,SP500
2020-04-01,SBAC,SP500
2020-04-01,SBUX,SP500
2020-04-01,SCHW,SP500
2020-04-01,SEIC,SP500
2020-04-01,SGEN,SP500
2020-04-01,SHW,SP500
2020-04-01,SIRI,SP500
2020-04-01,SIVB,SP500
2020-04-01,SNAP,SP500
2020-04-01,SNPS,SP500
2020-04-01,SPG,SP500
2020-04-01,SPGI,SP500
2020-04-01,SPLK,SP500
2020-04-01,SQ,SP500
2020-04-01,SSNC,SP500
2020-04-01,STZ,SP500
2020-04-01,SUI,SP500
2020-04-01,SWKS,SP500
2020-04-01,SYK,SP500
2020-04-01,TDG,SP500
2020-04-01,TFX,SP500
2020-04-01,TIF,SP500
2020-04-01,TJX,SP500
2020-04-01,TMO,SP500
2020-04-01,TMUS,SP500
2020-04-01,TRGP,SP500
2020-04-01,TRMB,SP500
2020-04-01,TROW,SP500
2020-04-01,TRU,SP500
2020-04-01,TSCO,SP500
2020-04-01,TSLA,SP500
2020-04-01,TTWO,SP500
2020-04-01,TWLO,SP500
2020-04-01,TWTR,SP500
2020-04-01,TXN,SP500
2020-04-01,UA,SP500
2020-04-01,UAA,SP500
2020-04-01,UBER,SP500
2020-04-01,UDR,SP500
2020-04-01,ULTA,SP500
2020-04-01,UNP,SP500
2020-04-01,UPS,SP500
2020-04-01,V,SP500
2020-04-01,VAR,SP500
2020-04-01,VEEV,SP500
2020-04-01,VMC,SP500
2020-04-01,VMW,SP500
2020-04-01,VNO,SP500
2020-04-01,VRSK,SP500
2020-04-01,VRSN,SP500
2020-04-01,VRTX,SP500
2020-04-01,W,SP500
2020-04-01,WAB,SP500
2020-04-01,WAT,SP500
2020-04-01,WBC,SP500
2020-04-01,WCN,SP500
2020-04-01,WDAY,SP500
2020-04-01,WORK,SP500
2020-04-01,WYNN,SP500
2020-04-01,XLNX,SP500
2020-04-01,XPO,SP500
2020-04-01,XYL,SP500
2020-04-01,YUM,SP500
2020-04-01,ZM,SP500
2020-04-01,ZTS,SP500
2020-05-01,A,SP500
2020-05-01,AAPL,SP500
2020-05-01,ABMD,SP500
2020-05-01,ACN,SP500
2020-05-01,ADBE,SP500
2020-05-01,ADI,SP500
2020-05-01,ADP,SP500
2020-05-01,ADSK,SP500
2020-05-01,AJG,SP500
2020-05-01,AKAM,SP500
2020-05-01,ALB,SP500
2020-05-01,ALGN,SP500
2020-05-01,ALNY,SP500
2020-05-01,ALXN,SP500
2020-05-01,AMAT,SP500
2020-05-01,AMD,SP500
2020-05-01,AME,SP500
2020-05-01,AMT,SP500
2020-05-01,AMTD,SP500
2020-05-01,AMZN,SP500
2020-05-01,ANET,SP500
2020-05-01,ANSS,SP500
2020-05-01,AON,SP500
2020-05-01,AOS,SP500
2020-05-01,APA,SP500
2020-05-01,APH,SP500
2020-05-01,ARE,SP500
2020-05-01,ATUS,SP500
2020-05-01,ATVI,SP500
2020-05-01,AVB,SP500
2020-05-01,AVGO,SP500
2020-05-01,AXTA,SP500
2020-05-01,AZO,SP500
2020-05-01,BA,SP500
2020-05-01,BAX,SP500
2020-05-01,BDX,SP500
2020-05-01,BF.B,SP500
2020-05-01,BKI,SP500
2020-05-01,BKNG,SP500
2020-05-01,BLL,SP500
2020-05-01,BMRN,SP500
2020-05-01,BMY,SP500
2020-05-01,BR,SP500
2020-05-01,BSX,SP500
2020-05-01,BURL,SP500
2020-05-01,BX,SP500
2020-05-01,BXP,SP500
2020-05-01,CBOE,SP500
2020-05-01,CBRE,SP500
2020-05-01,CCI,SP500
2020-05-01,CDNS,SP500
2020-05-01,CERN,SP500
2020-05-01,CF,SP500
2020-05-01,CGNX,SP500
2020-05-01,CHD,SP500
2020-05-01,CHTR,SP500
2020-05-01,CHWY,SP500
2020-05-01,CL,SP500
2020-05-01,CLR,SP500
2020-05-01,CLX,SP500
2020-05-01,CMCSA,SP500
2020-05-01,CMG,SP500
2020-05-01,CNC,SP500
2020-05-01,COG,SP500
2020-05-01,COO,SP500
2020-05-01,COST,SP500
2020-05-01,CPRT,SP500
2020-05-01,CPT,SP500
2020-05-01,CRM,SP500
2020-05-01,CRWD,SP500
2020-05-01,CSGP,SP500
2020-05-01,CTAS,SP500
2020-05-01,CTXS,SP500
2020-05-01,CVNA,SP500
2020-05-01,CXO,SP500
2020-05-01,DBX,SP500
2020-05-01,DDOG,SP500
2020-05-01,DG,SP500
2020-05-01,DHI,SP500
2020-05-01,DHR,SP500
2020-05-01,DLR,SP500
2020-05-01,DLTR,SP500
2020-05-01,DPZ,SP500
2020-05-01,DXCM,SP500
2020-05-01,EA,SP500
2020-05-01,ECL,SP500
2020-05-01,EFX,SP500
2020-05-01,EL,SP500
2020-05-01,EOG,SP500
2020-05-01,EQIX,SP500
2020-05-01,ESS,SP500
2020-05-01,ETFC,SP500
2020-05-01,EW,SP500
2020-05-01,EXAS,SP500
2020-05-01,EXPD,SP500
2020-05-01,EXPE,SP500
2020-05-01,EXR,SP500
2020-05-01,FANG,SP500
2020-05-01,FAST,SP500
2020-05-01,FB,SP500
2020-05-01,FBHS,SP500
2020-05-01,FDS,SP500
2020-05-01,FFIV,SP500
2020-05-01,FIS,SP500
2020-05-01,FISV,SP500
2020-05-01,FLIR,SP500
2020-05-01,FLT,SP500
2020-05-01,FMC,SP500
2020-05-01,FRC,SP500
2020-05-01,FRT,SP500
2020-05-01,FTNT,SP500
2020-05-01,FTV,SP500
2020-05-01,GDDY,SP500
2020-05-01,GOOG,SP500
2020-05-01,GOOGL,SP500
2020-05-01,GPN,SP500
2020-05-01,HD,SP500
2020-05-01,HEI,SP500
2020-05-01,HEI.A,SP500
2020-05-01,HES,SP500
2020-05-01,HLT,SP500
2020-05-01,HSY,SP500
2020-05-01,HUBB,SP500
2020-05-01,IAC,SP500
2020-05-01,IBKR,SP500
2020-05-01,ICE,SP500
2020-05-01,IDXX,SP500
2020-05-01,IFF,SP500
2020-05-01,ILMN,SP500
2020-05-01,INCY,SP500
2020-05-01,INFO,SP500
2020-05-01,INTU,SP500
2020-05-01,INVH,SP500
2020-05-01,IPGP,SP500
2020-05-01,IQV,SP500
2020-05-01,IRM,SP500
2020-05-01,ISRG,SP500
2020-05-01,IT,SP500
2020-05-01,ITW,SP500
2020-05-01,JAZZ,SP500
2020-05-01,JBHT,SP500
2020-05-01,JKHY,SP500
2020-05-01,KEYS,SP500
2020-05-01,KLAC,SP500
2020-05-01,KSU,SP500
2020-05-01,LEN,SP500
2020-05-01,LEN.B,SP500
2020-05-01,LHX,SP500
2020-05-01,LIN,SP500
2020-05-01,LKQ,SP500
2020-05-01,LMT,SP500
2020-05-01,LNG,SP500
2020-05-01,LOW,SP500
2020-05-01,LRCX,SP500
2020-05-01,LULU,SP500
2020-05-01,LW,SP500
2020-05-01,LYFT,SP500
2020-05-01,LYV,SP500
2020-05-01,MA,SP500
2020-05-01,MAA,SP500
2020-05-01,MAR,SP500
2020-05-01,MAS,SP500
2020-05-01,MCD,SP500
2020-05-01,MCHP,SP500
2020-05-01,MCO,SP500
2020-05-01,MGM,SP500
2020-05-01,MKC,SP500
2020-05-01,MKL,SP500
2020-05-01,MKTX,SP500
2020-05-01,MLM,SP500
2020-05-01,MMC,SP500
2020-05-01,MNST,SP500
2020-05-01,MSCI,SP500
2020-05-01,MSFT,SP500
2020-05-01,MSI,SP500
2020-05-01,MTCH,SP500
2020-05-01,MTD,SP500
2020-05-01,MTN,SP500
2020-05-01,MU,SP500
2020-05-01,MXIM,SP500
2020-05-01,NBL,SP500
2020-05-01,NFLX,SP500
2020-05-01,NKE,SP500
2020-05-01,NOW,SP500
2020-05-01,NRG,SP500
2020-05-01,NVDA,SP500
2020-05-01,NVR,SP500
2020-05-01,NWL,SP500
2020-05-01,O,SP500
2020-05-01,ODFL,SP500
2020-05-01,OKE,SP500
2020-05-01,OKTA,SP500
2020-05-01,ORLY,SP500
2020-05-01,PANW,SP500
2020-05-01,PAYC,SP500
2020-05-01,PAYX,SP500
2020-05-01,PINS,SP500
2020-05-01,PLD,SP500
2020-05-01,PPD,SP500
2020-05-01,PSA,SP500
2020-05-01,PXD,SP500
2020-05-01,PYPL,SP500
2020-05-01,REG,SP500
2020-05-01,REGN,SP500
2020-05-01,RHI,SP500
2020-05-01,RMD,SP500
2020-05-01,RNG,SP500
2020-05-01,ROK,SP500
2020-05-01,ROKU,SP500
2020-05-01,ROL,SP500
2020-05-01,ROP,SP500
2020-05-01,ROST,SP500
2020-05-01,SBAC,SP500
2020-05-01,SBUX,SP500
2020-05-01,SCHW,SP500
2020-05-01,SEIC,SP500
2020-05-01,SGEN,SP500
2020-05-01,SHW,SP500
2020-05-01,SIRI,SP500
2020-05-01,SIVB,SP500
2020-05-01,SNAP,SP500
2020-05-01,SNPS,SP500
2020-05-01,SPG,SP500
2020-05-01,SPGI,SP500
2020-05-01,SPLK,SP500
2020-05-01,SQ,SP500
2020-05-01,SSNC,SP500
2020-05-01,STZ,SP500
2020-05-01,SUI,SP500
2020-05-01,SWKS,SP500
2020-05-01,SYK,SP500
2020-05-01,TDG,SP500
2020-05-01,TFX,SP500
2020-05-01,TIF,SP500
2020-05-01,TJX,SP500
2020-05-01,TMO,SP500
2020-05-01,TMUS,SP500
2020-05-01,TRGP,SP500
2020-05-01,TRMB,SP500
2020-05-01,TROW,SP500
2020-05-01,TRU,SP500
2020-05-01,TSCO,SP500
2020-05-01,TSLA,SP500
2020-05-01,TTWO,SP500
2020-05-01,TWLO,SP500
2020-05-01,TWTR,SP500
2020-05-01,TXN,SP500
2020-05-01,UA,SP500
2020-05-01,UAA,SP500
2020-05-01,UBER,SP500
2020-05-01,UDR,SP500
2020-05-01,ULTA,SP500
2020-05-01,UNP,SP500
2020-05-01,UPS,SP500
2020-05-01,V,SP500
2020-05-01,VAR,SP500
2020-05-01,VEEV,SP500
2020-05-01,VMC,SP500
2020-05-01,VMW,SP500
2020-05-01,VNO,SP500
2020-05-01,VRSK,SP500
2020-05-01,VRSN,SP500
2020-05-01,VRTX,SP500
2020-05-01,W,SP500
2020-05-01,WAB,SP500
2020-05-01,WAT,SP500
2020-05-01,WBC,SP500
2020-05-01,WCN,SP500
2020-05-01,WDAY,SP500
2020-05-01,WORK,SP500
2020-05-01,WYNN,SP500
2020-05-01,XLNX,SP500
2020-05-01,XPO,SP500
2020-05-01,XYL,SP500
2020-05-01,YUM,SP500
2020-05-01,ZM,SP500
2020-05-01,ZTS,SP500
2020-06-02,A,SP500
2020-06-02,AAPL,SP500
2020-06-02,ABMD,SP500
2020-06-02,ACN,SP500
2020-06-02,ADBE,SP500
2020-06-02,ADI,SP500
2020-06-02,ADP,SP500
2020-06-02,ADSK,SP500
2020-06-02,AJG,SP500
2020-06-02,AKAM,SP500
2020-06-02,ALB,SP500
2020-06-02,ALGN,SP500
2020-06-02,ALNY,SP500
2020-06-02,ALXN,SP500
2020-06-02,AMAT,SP500
2020-06-02,AMD,SP500
2020-06-02,AME,SP500
2020-06-02,AMT,SP500
2020-06-02,AMTD,SP500
2020-06-02,AMZN,SP500
2020-06-02,ANET,SP500
2020-06-02,ANSS,SP500
2020-06-02,AON,SP500
2020-06-02,AOS,SP500
2020-06-02,APA,SP500
2020-06-02,APH,SP500
2020-06-02,ARE,SP500
2020-06-02,ATUS,SP500
2020-06-02,ATVI,SP500
2020-06-02,AVB,SP500
2020-06-02,AVGO,SP500
2020-06-02,AXTA,SP500
2020-06-02,AZO,SP500
2020-06-02,BA,SP500
2020-06-02,BAX,SP500
2020-06-02,BDX,SP500
2020-06-02,BF.B,SP500
2020-06-02,BKI,SP500
2020-06-02,BKNG,SP500
2020-06-02,BLL,SP500
2020-06-02,BMRN,SP500
2020-06-02,BMY,SP500
2020-06-02,BR,SP500
2020-06-02,BSX,SP500
2020-06-02,BURL,SP500
2020-06-02,BX,SP500
2020-06-02,BXP,SP500
2020-06-02,CBOE,SP500
2020-06-02,CBRE,SP500
2020-06-02,CCI,SP500
2020-06-02,CDNS,SP500
2020-06-02,CERN,SP500
2020-06-02,CF,SP500
2020-06-02,CGNX,SP500
2020-06-02,CHD,SP500
2020-06-02,CHTR,SP500
2020-06-02,CHWY,SP500
2020-06-02,CL,SP500
2020-06-02,CLR,SP500
2020-06-02,CLX,SP500
2020-06-02,CMCSA,SP500
2020-06-02,CMG,SP500
2020-06-02,CNC,SP500
2020-06-02,COG,SP500
2020-06-02,COO,SP500
2020-06-02,COST,SP500
2020-06-02,CPRT,SP500
2020-06-02,CPT,SP500
2020-06-02,CRM,SP500
2020-06-02,CRWD,SP500
2020-06-02,CSGP,SP500
2020-06-02,CTAS,SP500
2020-06-02,CTXS,SP500
2020-06-02,CVNA,SP500
2020-06-02,CXO,SP500
2020-06-02,DBX,SP500
2020-06-02,DDOG,SP500
2020-06-02,DG,SP500
2020-06-02,DHI,SP500
2020-06-02,DHR,SP500
2020-06-02,DLR,SP500
2020-06-02,DLTR,SP500
2020-06-02,DPZ,SP500
2020-06-02,DXCM,SP500
2020-06-02,EA,SP500
2020-06-02,ECL,SP500
2020-06-02,EFX,SP500
2020-06-02,EL,SP500
2020-06-02,EOG,SP500
2020-06-02,EQIX,SP500
2020-06-02,ESS,SP500
2020-06-02,ETFC,SP500
2020-06-02,EW,SP500
2020-06-02,EXAS,SP500
2020-06-02,EXPD,SP500
2020-06-02,EXPE,SP500
2020-06-02,EXR,SP500
2020-06-02,FANG,SP500
2020-06-02,FAST,SP500
2020-06-02,FB,SP500
2020-06-02,FBHS,SP500
2020-06-02,FDS,SP500
2020-06-02,FFIV,SP500
2020-06-02,FIS,SP500
2020-06-02,FISV,SP500
2020-06-02,FLIR,SP500
2020-06-02,FLT,SP500
2020-06-02,FMC,SP500
2020-06-02,FRC,SP500
2020-06-02,FRT,SP500
2020-06-02,FTNT,SP500
2020-06-02,FTV,SP500
2020-06-02,GDDY,SP500
2020-06-02,GOOG,SP500
2020-06-02,GOOGL,SP500
2020-06-02,GPN,SP500
2020-06-02,HD,SP500
2020-06-02,HEI,SP500
2020-06-02,HEI.A,SP500
2020-06-02,HES,SP500
2020-06-02,HLT,SP500
2020-06-02,HSY,SP500
2020-06-02,HUBB,SP500
2020-06-02,IAC,SP500
2020-06-02,IBKR,SP500
2020-06-02,ICE,SP500
2020-06-02,IDXX,SP500
2020-06-02,IFF,SP500
2020-06-02,ILMN,SP500
2020-06-02,INCY,SP500
2020-06-02,INFO,SP500
2020-06-02,INTU,SP500
2020-06-02,INVH,SP500
2020-06-02,IPGP,SP500
2020-06-02,IQV,SP500
2020-06-02,IRM,SP500
2020-06-02,ISRG,SP500
2020-06-02,IT,SP500
2020-06-02,ITW,SP500
2020-06-02,JAZZ,SP500
2020-06-02,JBHT,SP500
2020-06-02,JKHY,SP500
2020-06-02,KEYS,SP500
2020-06-02,KLAC,SP500
2020-06-02,KSU,SP500
2020-06-02,LEN,SP500
2020-06-02,LEN.B,SP500
2020-06-02,LHX,SP500
2020-06-02,LIN,SP500
2020-06-02,LKQ,SP500
2020-06-02,LMT,SP500
2020-06-02,LNG,SP500
2020-06-02,LOW,SP500
2020-06-02,LRCX,SP500
2020-06-02,LULU,SP500
2020-06-02,LW,SP500
2020-06-02,LYFT,SP500
2020-06-02,LYV,SP500
2020-06-02,MA,SP500
2020-06-02,MAA,SP500
2020-06-02,MAR,SP500
2020-06-02,MAS,SP500
2020-06-02,MCD,SP500
2020-06-02,MCHP,SP500
2020-06-02,MCO,SP500
2020-06-02,MGM,SP500
2020-06-02,MKC,SP500
2020-06-02,MKL,SP500
2020-06-02,MKTX,SP500
2020-06-02,MLM,SP500
2020-06-02,MMC,SP500
2020-06-02,MNST,SP500
2020-06-02,MSCI,SP500
2020-06-02,MSFT,SP500
2020-06-02,MSI,SP500
2020-06-02,MTCH,SP500
2020-06-02,MTD,SP500
2020-06-02,MTN,SP500
2020-06-02,MU,SP500
2020-06-02,MXIM,SP500
2020-06-02,NBL,SP500
2020-06-02,NFLX,SP500
2020-06-02,NKE,SP500
2020-06-02,NOW,SP500
2020-06-02,NRG,SP500
2020-06-02,NVDA,SP500
2020-06-02,NVR,SP500
2020-06-02,NWL,SP500
2020-06-02,O,SP500
2020-06-02,ODFL,SP500
2020-06-02,OKE,SP500
2020-06-02,OKTA,SP500
2020-06-02,ORLY,SP500
2020-06-02,PANW,SP500
2020-06-02,PAYC,SP500
2020-06-02,PAYX,SP500
2020-06-02,PINS,SP500
2020-06-02,PLD,SP500
2020-06-02,PPD,SP500
2020-06-02,PSA,SP500
2020-06-02,PXD,SP500
2020-06-02,PYPL,SP500
2020-06-02,REG,SP500
2020-06-02,REGN,SP500
2020-06-02,RHI,SP500
2020-06-02,RMD,SP500
2020-06-02,RNG,SP500
2020-06-02,ROK,SP500
2020-06-02,ROKU,SP500
2020-06-02,ROL,SP500
2020-06-02,ROP,SP500
2020-06-02,ROST,SP500
2020-06-02,SBAC,SP500
2020-06-02,SBUX,SP500
2020-06-02,SCHW,SP500
2020-06-02,SEIC,SP500
2020-06-02,SGEN,SP500
2020-06-02,SHW,SP500
2020-06-02,SIRI,SP500
2020-06-02,SIVB,SP500
2020-06-02,SNAP,SP500
2020-06-02,SNPS,SP500
2020-06-02,SPG,SP500
2020-06-02,SPGI,SP500
2020-06-02,SPLK,SP500
2020-06-02,SQ,SP500
2020-06-02,SSNC,SP500
2020-06-02,STZ,SP500
2020-06-02,SUI,SP500
2020-06-02,SWKS,SP500
2020-06-02,SYK,SP500
2020-06-02,TDG,SP500
2020-06-02,TFX,SP500
2020-06-02,TIF,SP500
2020-06-02,TJX,SP500
2020-06-02,TMO,SP500
2020-06-02,TMUS,SP500
2020-06-02,TRGP,SP500
2020-06-02,TRMB,SP500
2020-06-02,TROW,SP500
2020-06-02,TRU,SP500
2020-06-02,TSCO,SP500
2020-06-02,TSLA,SP500
2020-06-02,TTWO,SP500
2020-06-02,TWLO,SP500
2020-06-02,TWTR,SP500
2020-06-02,TXN,SP500
2020-06-02,UA,SP500
2020-06-02,UAA,SP500
2020-06-02,UBER,SP500
2020-06-02,UDR,SP500
2020-06-02,ULTA,SP500
2020-06-02,UNP,SP500
2020-06-02,UPS,SP500
2020-06-02,V,SP500
2020-06-02,VAR,SP500
2020-06-02,VEEV,SP500
2020-06-02,VMC,SP500
2020-06-02,VMW,SP500
2020-06-02,VNO,SP500
2020-06-02,VRSK,SP500
2020-06-02,VRSN,SP500
2020-06-02,VRTX,SP500
2020-06-02,W,SP500
2020-06-02,WAB,SP500
2020-06-02,WAT,SP500
2020-06-02,WCN,SP500
2020-06-02,WDAY,SP500
2020-06-02,WORK,SP500
2020-06-02,WYNN,SP500
2020-06-02,XLNX,SP500
2020-06-02,XPO,SP500
2020-06-02,XYL,SP500
2020-06-02,YUM,SP500
2020-06-02,ZM,SP500
2020-06-02,ZTS,SP500
2020-07-01,A,SP500
2020-07-01,AAPL,SP500
2020-07-01,ABMD,SP500
2020-07-01,ACN,SP500
2020-07-01,ADBE,SP500
2020-07-01,ADI,SP500
2020-07-01,ADP,SP500
2020-07-01,ADSK,SP500
2020-07-01,AJG,SP500
2020-07-01,AKAM,SP500
2020-07-01,ALB,SP500
2020-07-01,ALGN,SP500
2020-07-01,ALNY,SP500
2020-07-01,ALXN,SP500
2020-07-01,AMAT,SP500
2020-07-01,AMD,SP500
2020-07-01,AME,SP500
2020-07-01,AMT,SP500
2020-07-01,AMTD,SP500
2020-07-01,AMZN,SP500
2020-07-01,ANET,SP500
2020-07-01,ANSS,SP500
2020-07-01,AON,SP500
2020-07-01,AOS,SP500
2020-07-01,APA,SP500
2020-07-01,APH,SP500
2020-07-01,ARE,SP500
2020-07-01,ATUS,SP500
2020-07-01,ATVI,SP500
2020-07-01,AVB,SP500
2020-07-01,AVGO,SP500
2020-07-01,AXTA,SP500
2020-07-01,AZO,SP500
2020-07-01,BA,SP500
2020-07-01,BAX,SP500
2020-07-01,BDX,SP500
2020-07-01,BF.B,SP500
2020-07-01,BKI,SP500
2020-07-01,BKNG,SP500
2020-07-01,BLL,SP500
2020-07-01,BMRN,SP500
2020-07-01,BMY,SP500
2020-07-01,BR,SP500
2020-07-01,BSX,SP500
2020-07-01,BURL,SP500
2020-07-01,BX,SP500
2020-07-01,BXP,SP500
2020-07-01,CBOE,SP500
2020-07-01,CBRE,SP500
2020-07-01,CCI,SP500
2020-07-01,CDNS,SP500
2020-07-01,CERN,SP500
2020-07-01,CF,SP500
2020-07-01,CGNX,SP500
2020-07-01,CHD,SP500
2020-07-01,CHTR,SP500
2020-07-01,CHWY,SP500
2020-07-01,CL,SP500
2020-07-01,CLR,SP500
2020-07-01,CLX,SP500
2020-07-01,CMCSA,SP500
2020-07-01,CMG,SP500
2020-07-01,CNC,SP500
2020-07-01,COG,SP500
2020-07-01,COO,SP500
2020-07-01,COST,SP500
2020-07-01,CPRT,SP500
2020-07-01,CPT,SP500
2020-07-01,CRM,SP500
2020-07-01,CRWD,SP500
2020-07-01,CSGP,SP500
2020-07-01,CTAS,SP500
2020-07-01,CTXS,SP500
2020-07-01,CVNA,SP500
2020-07-01,CXO,SP500
2020-07-01,DBX,SP500
2020-07-01,DDOG,SP500
2020-07-01,DG,SP500
2020-07-01,DHI,SP500
2020-07-01,DHR,SP500
2020-07-01,DLR,SP500
2020-07-01,DLTR,SP500
2020-07-01,DPZ,SP500
2020-07-01,DXCM,SP500
2020-07-01,EA,SP500
2020-07-01,ECL,SP500
2020-07-01,EFX,SP500
2020-07-01,EL,SP500
2020-07-01,EOG,SP500
2020-07-01,EQIX,SP500
2020-07-01,ESS,SP500
2020-07-01,ETFC,SP500
2020-07-01,EW,SP500
2020-07-01,EXAS,SP500
2020-07-01,EXPD,SP500
2020-07-01,EXPE,SP500
2020-07-01,EXR,SP500
2020-07-01,FANG,SP500
2020-07-01,FAST,SP500
2020-07-01,FB,SP500
2020-07-01,FBHS,SP500
2020-07-01,FDS,SP500
2020-07-01,FFIV,SP500
2020-07-01,FIS,SP500
2020-07-01,FISV,SP500
2020-07-01,FLIR,SP500
2020-07-01,FLT,SP500
2020-07-01,FMC,SP500
2020-07-01,FRC,SP500
2020-07-01,FRT,SP500
2020-07-01,FTNT,SP500
2020-07-01,FTV,SP500
2020-07-01,GDDY,SP500
2020-07-01,GOOG,SP500
2020-07-01,GOOGL,SP500
2020-07-01,GPN,SP500
2020-07-01,HD,SP500
2020-07-01,HEI,SP500
2020-07-01,HEI.A,SP500
2020-07-01,HES,SP500
2020-07-01,HLT,SP500
2020-07-01,HSY,SP500
2020-07-01,HUBB,SP500
2020-07-01,IAC,SP500
2020-07-01,IBKR,SP500
2020-07-01,ICE,SP500
2020-07-01,IDXX,SP500
2020-07-01,IFF,SP500
2020-07-01,ILMN,SP500
2020-07-01,INCY,SP500
2020-07-01,INFO,SP500
2020-07-01,INTU,SP500
2020-07-01,INVH,SP500
2020-07-01,IPGP,SP500
2020-07-01,IQV,SP500
2020-07-01,IRM,SP500
2020-07-01,ISRG,SP500
2020-07-01,IT,SP500
2020-07-01,ITW,SP500
2020-07-01,JAZZ,SP500
2020-07-01,JBHT,SP500
2020-07-01,JKHY,SP500
2020-07-01,KEYS,SP500
2020-07-01,KLAC,SP500
2020-07-01,KSU,SP500
2020-07-01,LEN,SP500
2020-07-01,LEN.B,SP500
2020-07-01,LHX,SP500
2020-07-01,LIN,SP500
2020-07-01,LKQ,SP500
2020-07-01,LMT,SP500
2020-07-01,LNG,SP500
2020-07-01,LOW,SP500
2020-07-01,LRCX,SP500
2020-07-01,LULU,SP500
2020-07-01,LW,SP500
2020-07-01,LYFT,SP500
2020-07-01,LYV,SP500
2020-07-01,MA,SP500
2020-07-01,MAA,SP500
2020-07-01,MAR,SP500
2020-07-01,MAS,SP500
2020-07-01,MCD,SP500
2020-07-01,MCHP,SP500
2020-07-01,MCO,SP500
2020-07-01,MGM,SP500
2020-07-01,MKC,SP500
2020-07-01,MKL,SP500
2020-07-01,MKTX,SP500
2020-07-01,MLM,SP500
2020-07-01,MMC,SP500
2020-07-01,MNST,SP500
2020-07-01,MSCI,SP500
2020-07-01,MSFT,SP500
2020-07-01,MSI,SP500
2020-07-01,MTCH,SP500
2020-07-01,MTD,SP500
2020-07-01,MTN,SP500
2020-07-01,MU,SP500
2020-07-01,MXIM,SP500
2020-07-01,NBL,SP500
2020-07-01,NFLX,SP500
2020-07-01,NKE,SP500
2020-07-01,NOW,SP500
2020-07-01,NRG,SP500
2020-07-01,NVDA,SP500
2020-07-01,NVR,SP500
2020-07-01,NWL,SP500
2020-07-01,O,SP500
2020-07-01,ODFL,SP500
2020-07-01,OKE,SP500
2020-07-01,OKTA,SP500
2020-07-01,ORLY,SP500
2020-07-01,PANW,SP500
2020-07-01,PAYC,SP500
2020-07-01,PAYX,SP500
2020-07-01,PINS,SP500
2020-07-01,PLD,SP500
2020-07-01,PPD,SP500
2020-07-01,PSA,SP500
2020-07-01,PXD,SP500
2020-07-01,PYPL,SP500
2020-07-01,REG,SP500
2020-07-01,REGN,SP500
2020-07-01,RHI,SP500
2020-07-01,RMD,SP500
2020-07-01,RNG,SP500
2020-07-01,ROK,SP500
2020-07-01,ROKU,SP500
2020-07-01,ROL,SP500
2020-07-01,ROP,SP500
2020-07-01,ROST,SP500
2020-07-01,SBAC,SP500
2020-07-01,SBUX,SP500
2020-07-01,SCHW,SP500
2020-07-01,SEIC,SP500
2020-07-01,SGEN,SP500
2020-07-01,SHW,SP500
2020-07-01,SIRI,SP500
2020-07-01,SIVB,SP500
2020-07-01,SNAP,SP500
2020-07-01,SNPS,SP500
2020-07-01,SPG,SP500
2020-07-01,SPGI,SP500
2020-07-01,SPLK,SP500
2020-07-01,SQ,SP500
2020-07-01,SSNC,SP500
2020-07-01,STZ,SP500
2020-07-01,SUI,SP500
2020-07-01,SWKS,SP500
2020-07-01,SYK,SP500
2020-07-01,TDG,SP500
2020-07-01,TFX,SP500
2020-07-01,TIF,SP500
2020-07-01,TJX,SP500
2020-07-01,TMO,SP500
2020-07-01,TMUS,SP500
2020-07-01,TRGP,SP500
2020-07-01,TRMB,SP500
2020-07-01,TROW,SP500
2020-07-01,TRU,SP500
2020-07-01,TSCO,SP500
2020-07-01,TSLA,SP500
2020-07-01,TTWO,SP500
2020-07-01,TWLO,SP500
2020-07-01,TWTR,SP500
2020-07-01,TXN,SP500
2020-07-01,UA,SP500
2020-07-01,UAA,SP500
2020-07-01,UBER,SP500
2020-07-01,UDR,SP500
2020-07-01,ULTA,SP500
2020-07-01,UNP,SP500
2020-07-01,UPS,SP500
2020-07-01,V,SP500
2020-07-01,VAR,SP500
2020-07-01,VEEV,SP500
2020-07-01,VMC,SP500
2020-07-01,VMW,SP500
2020-07-01,VNO,SP500
2020-07-01,VRSK,SP500
2020-07-01,VRSN,SP500
2020-07-01,VRTX,SP500
2020-07-01,W,SP500
2020-07-01,WAB,SP500
2020-07-01,WAT,SP500
2020-07-01,WCN,SP500
2020-07-01,WDAY,SP500
2020-07-01,WORK,SP500
2020-07-01,WYNN,SP500
2020-07-01,XLNX,SP500
2020-07-01,XPO,SP500
2020-07-01,XYL,SP500
2020-07-01,YUM,SP500
2020-07-01,ZM,SP500
2020-07-01,ZTS,SP500
2020-08-01,A,SP500
2020-08-01,AAPL,SP500
2020-08-01,ABMD,SP500
2020-08-01,ACN,SP500
2020-08-01,ADBE,SP500
2020-08-01,ADI,SP500
2020-08-01,ADP,SP500
2020-08-01,ADSK,SP500
2020-08-01,AJG,SP500
2020-08-01,AKAM,SP500
2020-08-01,ALB,SP500
2020-08-01,ALGN,SP500
2020-08-01,ALNY,SP500
2020-08-01,ALXN,SP500
2020-08-01,AMAT,SP500
2020-08-01,AMD,SP500
2020-08-01,AME,SP500
2020-08-01,AMT,SP500
2020-08-01,AMZN,SP500
2020-08-01,ANET,SP500
2020-08-01,ANSS,SP500
2020-08-01,AON,SP500
2020-08-01,AOS,SP500
2020-08-01,APH,SP500
2020-08-01,ARE,SP500
2020-08-01,ATUS,SP500
2020-08-01,ATVI,SP500
2020-08-01,AVB,SP500
2020-08-01,AVGO,SP500
2020-08-01,AZO,SP500
2020-08-01,BA,SP500
2020-08-01,BAX,SP500
2020-08-01,BDX,SP500
2020-08-01,BF.B,SP500
2020-08-01,BKI,SP500
2020-08-01,BKNG,SP500
2020-08-01,BLL,SP500
2020-08-01,BMRN,SP500
2020-08-01,BMY,SP500
2020-08-01,BR,SP500
2020-08-01,BSX,SP500
2020-08-01,BURL,SP500
2020-08-01,BX,SP500
2020-08-01,BXP,SP500
2020-08-01,CBOE,SP500
2020-08-01,CBRE,SP500
2020-08-01,CCI,SP500
2020-08-01,CDNS,SP500
2020-08-01,CERN,SP500
2020-08-01,CF,SP500
2020-08-01,CGNX,SP500
2020-08-01,CHD,SP500
2020-08-01,CHTR,SP500
2020-08-01,CHWY,SP500
2020-08-01,CL,SP500
2020-08-01,CLR,SP500
2020-08-01,CLX,SP500
2020-08-01,CMCSA,SP500
2020-08-01,CMG,SP500
2020-08-01,CNC,SP500
2020-08-01,COG,SP500
2020-08-01,COO,SP500
2020-08-01,COST,SP500
2020-08-01,CPRT,SP500
2020-08-01,CPT,SP500
2020-08-01,CRM,SP500
2020-08-01,CRWD,SP500
2020-08-01,CSGP,SP500
2020-08-01,CTAS,SP500
2020-08-01,CTXS,SP500
2020-08-01,CVNA,SP500
2020-08-01,CXO,SP500
2020-08-01,DBX,SP500
2020-08-01,DDOG,SP500
2020-08-01,DG,SP500
2020-08-01,DHR,SP500
2020-08-01,DKNG,SP500
2020-08-01,DLR,SP500
2020-08-01,DLTR,SP500
2020-08-01,DOCU,SP500
2020-08-01,DPZ,SP500
2020-08-01,DXCM,SP500
2020-08-01,EA,SP500
2020-08-01,ECL,SP500
2020-08-01,EFX,SP500
2020-08-01,EL,SP500
2020-08-01,EOG,SP500
2020-08-01,EQIX,SP500
2020-08-01,ESS,SP500
2020-08-01,EW,SP500
2020-08-01,EXAS,SP500
2020-08-01,EXPD,SP500
2020-08-01,EXPE,SP500
2020-08-01,EXR,SP500
2020-08-01,FANG,SP500
2020-08-01,FAST,SP500
2020-08-01,FB,SP500
2020-08-01,FDS,SP500
2020-08-01,FIS,SP500
2020-08-01,FISV,SP500
2020-08-01,FLT,SP500
2020-08-01,FMC,SP500
2020-08-01,FRC,SP500
2020-08-01,FRT,SP500
2020-08-01,FTNT,SP500
2020-08-01,FTV,SP500
2020-08-01,GDDY,SP500
2020-08-01,GOOG,SP500
2020-08-01,GOOGL,SP500
2020-08-01,GPN,SP500
2020-08-01,HD,SP500
2020-08-01,HEI,SP500
2020-08-01,HEI.A,SP500
2020-08-01,HES,SP500
2020-08-01,HLT,SP500
2020-08-01,HSY,SP500
2020-08-01,IAC,SP500
2020-08-01,IBKR,SP500
2020-08-01,ICE,SP500
2020-08-01,IDXX,SP500
2020-08-01,IFF,SP500
2020-08-01,ILMN,SP500
2020-08-01,INCY,SP500
2020-08-01,INFO,SP500
2020-08-01,INTU,SP500
2020-08-01,INVH,SP500
2020-08-01,IPGP,SP500
2020-08-01,IQV,SP500
2020-08-01,IRM,SP500
2020-08-01,ISRG,SP500
2020-08-01,IT,SP500
2020-08-01,ITW,SP500
2020-08-01,JAZZ,SP500
2020-08-01,JBHT,SP500
2020-08-01,JKHY,SP500
2020-08-01,KEYS,SP500
2020-08-01,KLAC,SP500
2020-08-01,KSU,SP500
2020-08-01,LHX,SP500
2020-08-01,LIN,SP500
2020-08-01,LKQ,SP500
2020-08-01,LMT,SP500
2020-08-01,LNG,SP500
2020-08-01,LOW,SP500
2020-08-01,LRCX,SP500
2020-08-01,LULU,SP500
2020-08-01,LW,SP500
2020-08-01,LYFT,SP500
2020-08-01,LYV,SP500
2020-08-01,MA,SP500
2020-08-01,MAA,SP500
2020-08-01,MAR,SP500
2020-08-01,MAS,SP500
2020-08-01,MCD,SP500
2020-08-01,MCHP,SP500
2020-08-01,MCO,SP500
2020-08-01,MKC,SP500
2020-08-01,MKL,SP500
2020-08-01,MKTX,SP500
2020-08-01,MLM,SP500
2020-08-01,MMC,SP500
2020-08-01,MNST,SP500
2020-08-01,MRNA,SP500
2020-08-01,MRVL,SP500
2020-08-01,MSCI,SP500
2020-08-01,MSFT,SP500
2020-08-01,MSI,SP500
2020-08-01,MTD,SP500
2020-08-01,MTN,SP500
2020-08-01,MU,SP500
2020-08-01,MXIM,SP500
2020-08-01,NFLX,SP500
2020-08-01,NKE,SP500
2020-08-01,NOW,SP500
2020-08-01,NRG,SP500
2020-08-01,NVDA,SP500
2020-08-01,NVR,SP500
2020-08-01,NWL,SP500
2020-08-01,O,SP500
2020-08-01,ODFL,SP500
2020-08-01,OKE,SP500
2020-08-01,OKTA,SP500
2020-08-01,ORLY,SP500
2020-08-01,PANW,SP500
2020-08-01,PAYC,SP500
2020-08-01,PAYX,SP500
2020-08-01,PINS,SP500
2020-08-01,PLD,SP500
2020-08-01,PPD,SP500
2020-08-01,PSA,SP500
2020-08-01,PXD,SP500
2020-08-01,PYPL,SP500
2020-08-01,REG,SP500
2020-08-01,REGN,SP500
2020-08-01,RMD,SP500
2020-08-01,RNG,SP500
2020-08-01,ROK,SP500
2020-08-01,ROKU,SP500
2020-08-01,ROL,SP500
2020-08-01,ROP,SP500
2020-08-01,ROST,SP500
2020-08-01,SBAC,SP500
2020-08-01,SBUX,SP500
2020-08-01,SCHW,SP500
2020-08-01,SEIC,SP500
2020-08-01,SGEN,SP500
2020-08-01,SHW,SP500
2020-08-01,SIRI,SP500
2020-08-01,SIVB,SP500
2020-08-01,SNAP,SP500
2020-08-01,SNPS,SP500
2020-08-01,SPG,SP500
2020-08-01,SPGI,SP500
2020-08-01,SPLK,SP500
2020-08-01,SQ,SP500
2020-08-01,SSNC,SP500
2020-08-01,SUI,SP500
2020-08-01,SWKS,SP500
2020-08-01,SYK,SP500
2020-08-01,TDG,SP500
2020-08-01,TFX,SP500
2020-08-01,TIF,SP500
2020-08-01,TJX,SP500
2020-08-01,TMO,SP500
2020-08-01,TMUS,SP500
2020-08-01,TRGP,SP500
2020-08-01,TRMB,SP500
2020-08-01,TROW,SP500
2020-08-01,TRU,SP500
2020-08-01,TSCO,SP500
2020-08-01,TSLA,SP500
2020-08-01,TTD,SP500
2020-08-01,TTWO,SP500
2020-08-01,TWLO,SP500
2020-08-01,TWTR,SP500
2020-08-01,TXN,SP500
2020-08-01,TYL,SP500
2020-08-01,UA,SP500
2020-08-01,UAA,SP500
2020-08-01,UBER,SP500
2020-08-01,UDR,SP500
2020-08-01,ULTA,SP500
2020-08-01,UNP,SP500
2020-08-01,UPS,SP500
2020-08-01,V,SP500
2020-08-01,VAR,SP500
2020-08-01,VEEV,SP500
2020-08-01,VMC,SP500
2020-08-01,VMW,SP500
2020-08-01,VRSK,SP500
2020-08-01,VRSN,SP500
2020-08-01,VRTX,SP500
2020-08-01,W,SP500
2020-08-01,WAB,SP500
2020-08-01,WAT,SP500
2020-08-01,WCN,SP500
2020-08-01,WDAY,SP500
2020-08-01,WMG,SP500
2020-08-01,WORK,SP500
2020-08-01,WST,SP500
2020-08-01,WYNN,SP500
2020-08-01,XLNX,SP500
2020-08-01,XPO,SP500
2020-08-01,XYL,SP500
2020-08-01,YUM,SP500
2020-08-01,ZM,SP500
2020-08-01,ZTS,SP500
2020-09-01,A,SP500
2020-09-01,AAPL,SP500
2020-09-01,ABMD,SP500
2020-09-01,ACN,SP500
2020-09-01,ADBE,SP500
2020-09-01,ADI,SP500
2020-09-01,ADP,SP500
2020-09-01,ADSK,SP500
2020-09-01,AJG,SP500
2020-09-01,AKAM,SP500
2020-09-01,ALB,SP500
2020-09-01,ALGN,SP500
2020-09-01,ALNY,SP500
2020-09-01,ALXN,SP500
2020-09-01,AMAT,SP500
2020-09-01,AMD,SP500
2020-09-01,AME,SP500
2020-09-01,AMT,SP500
2020-09-01,AMZN,SP500
2020-09-01,ANET,SP500
2020-09-01,ANSS,SP500
2020-09-01,AON,SP500
2020-09-01,AOS,SP500
2020-09-01,APH,SP500
2020-09-01,ARE,SP500
2020-09-01,ATUS,SP500
2020-09-01,ATVI,SP500
2020-09-01,AVB,SP500
2020-09-01,AVGO,SP500
2020-09-01,AZO,SP500
2020-09-01,BA,SP500
2020-09-01,BAX,SP500
2020-09-01,BDX,SP500
2020-09-01,BF.B,SP500
2020-09-01,BKI,SP500
2020-09-01,BKNG,SP500
2020-09-01,BLL,SP500
2020-09-01,BMRN,SP500
2020-09-01,BMY,SP500
2020-09-01,BR,SP500
2020-09-01,BSX,SP500
2020-09-01,BURL,SP500
2020-09-01,BX,SP500
2020-09-01,BXP,SP500
2020-09-01,CBOE,SP500
2020-09-01,CBRE,SP500
2020-09-01,CCI,SP500
2020-09-01,CDNS,SP500
2020-09-01,CERN,SP500
2020-09-01,CF,SP500
2020-09-01,CGNX,SP500
2020-09-01,CHD,SP500
2020-09-01,CHTR,SP500
2020-09-01,CHWY,SP500
2020-09-01,CL,SP500
2020-09-01,CLR,SP500
2020-09-01,CLX,SP500
2020-09-01,CMCSA,SP500
2020-09-01,CMG,SP500
2020-09-01,CNC,SP500
2020-09-01,COG,SP500
2020-09-01,COO,SP500
2020-09-01,COST,SP500
2020-09-01,CPRT,SP500
2020-09-01,CPT,SP500
2020-09-01,CRM,SP500
2020-09-01,CRWD,SP500
2020-09-01,CSGP,SP500
2020-09-01,CTAS,SP500
2020-09-01,CTXS,SP500
2020-09-01,CVNA,SP500
2020-09-01,CXO,SP500
2020-09-01,DBX,SP500
2020-09-01,DDOG,SP500
2020-09-01,DG,SP500
2020-09-01,DHR,SP500
2020-09-01,DKNG,SP500
2020-09-01,DLR,SP500
2020-09-01,DLTR,SP500
2020-09-01,DOCU,SP500
2020-09-01,DPZ,SP500
2020-09-01,DXCM,SP500
2020-09-01,EA,SP500
2020-09-01,ECL,SP500
2020-09-01,EFX,SP500
2020-09-01,EL,SP500
2020-09-01,EOG,SP500
2020-09-01,EQIX,SP500
2020-09-01,ESS,SP500
2020-09-01,EW,SP500
2020-09-01,EXAS,SP500
2020-09-01,EXPD,SP500
2020-09-01,EXPE,SP500
2020-09-01,EXR,SP500
2020-09-01,FANG,SP500
2020-09-01,FAST,SP500
2020-09-01,FB,SP500
2020-09-01,FDS,SP500
2020-09-01,FIS,SP500
2020-09-01,FISV,SP500
2020-09-01,FLT,SP500
2020-09-01,FMC,SP500
2020-09-01,FRC,SP500
2020-09-01,FRT,SP500
2020-09-01,FTNT,SP500
2020-09-01,FTV,SP500
2020-09-01,GDDY,SP500
2020-09-01,GOOG,SP500
2020-09-01,GOOGL,SP500
2020-09-01,GPN,SP500
2020-09-01,HD,SP500
2020-09-01,HEI,SP500
2020-09-01,HEI.A,SP500
2020-09-01,HES,SP500
2020-09-01,HLT,SP500
2020-09-01,HSY,SP500
2020-09-01,IAC,SP500
2020-09-01,IBKR,SP500
2020-09-01,ICE,SP500
2020-09-01,IDXX,SP500
2020-09-01,IFF,SP500
2020-09-01,ILMN,SP500
2020-09-01,INCY,SP500
2020-09-01,INFO,SP500
2020-09-01,INTU,SP500
2020-09-01,INVH,SP500
2020-09-01,IPGP,SP500
2020-09-01,IQV,SP500
2020-09-01,IRM,SP500
2020-09-01,ISRG,SP500
2020-09-01,IT,SP500
2020-09-01,ITW,SP500
2020-09-01,JAZZ,SP500
2020-09-01,JBHT,SP500
2020-09-01,JKHY,SP500
2020-09-01,KEYS,SP500
2020-09-01,KLAC,SP500
2020-09-01,KSU,SP500
2020-09-01,LHX,SP500
2020-09-01,LIN,SP500
2020-09-01,LKQ,SP500
2020-09-01,LMT,SP500
2020-09-01,LNG,SP500
2020-09-01,LOW,SP500
2020-09-01,LRCX,SP500
2020-09-01,LULU,SP500
2020-09-01,LW,SP500
2020-09-01,LYFT,SP500
2020-09-01,LYV,SP500
2020-09-01,MA,SP500
2020-09-01,MAA,SP500
2020-09-01,MAR,SP500
2020-09-01,MAS,SP500
2020-09-01,MCD,SP500
2020-09-01,MCHP,SP500
2020-09-01,MCO,SP500
2020-09-01,MKC,SP500
2020-09-01,MKL,SP500
2020-09-01,MKTX,SP500
2020-09-01,MLM,SP500
2020-09-01,MMC,SP500
2020-09-01,MNST,SP500
2020-09-01,MRNA,SP500
2020-09-01,MRVL,SP500
2020-09-01,MSCI,SP500
2020-09-01,MSFT,SP500
2020-09-01,MSI,SP500
2020-09-01,MTCH,SP500
2020-09-01,MTD,SP500
2020-09-01,MTN,SP500
2020-09-01,MU,SP500
2020-09-01,MXIM,SP500
2020-09-01,NFLX,SP500
2020-09-01,NKE,SP500
2020-09-01,NOW,SP500
2020-09-01,NRG,SP500
2020-09-01,NVDA,SP500
2020-09-01,NVR,SP500
2020-09-01,NWL,SP500
2020-09-01,O,SP500
2020-09-01,ODFL,SP500
2020-09-01,OKE,SP500
2020-09-01,OKTA,SP500
2020-09-01,ORLY,SP500
2020-09-01,PANW,SP500
2020-09-01,PAYC,SP500
2020-09-01,PAYX,SP500
2020-09-01,PINS,SP500
2020-09-01,PLD,SP500
2020-09-01,PPD,SP500
2020-09-01,PSA,SP500
2020-09-01,PXD,SP500
2020-09-01,PYPL,SP500
2020-09-01,REG,SP500
2020-09-01,REGN,SP500
2020-09-01,RMD,SP500
2020-09-01,RNG,SP500
2020-09-01,ROK,SP500
2020-09-01,ROKU,SP500
2020-09-01,ROL,SP500
2020-09-01,ROP,SP500
2020-09-01,ROST,SP500
2020-09-01,SBAC,SP500
2020-09-01,SBUX,SP500
2020-09-01,SCHW,SP500
2020-09-01,SEIC,SP500
2020-09-01,SGEN,SP500
2020-09-01,SHW,SP500
2020-09-01,SIRI,SP500
2020-09-01,SIVB,SP500
2020-09-01,SNAP,SP500
2020-09-01,SNPS,SP500
2020-09-01,SPG,SP500
2020-09-01,SPGI,SP500
2020-09-01,SPLK,SP500
2020-09-01,SQ,SP500
2020-09-01,SSNC,SP500
2020-09-01,SUI,SP500
2020-09-01,SWKS,SP500
2020-09-01,SYK,SP500
2020-09-01,TDG,SP500
2020-09-01,TFX,SP500
2020-09-01,TIF,SP500
2020-09-01,TJX,SP500
2020-09-01,TMO,SP500
2020-09-01,TMUS,SP500
2020-09-01,TRGP,SP500
2020-09-01,TRMB,SP500
2020-09-01,TROW,SP500
2020-09-01,TRU,SP500
2020-09-01,TSCO,SP500
2020-09-01,TSLA,SP500
2020-09-01,TTD,SP500
2020-09-01,TTWO,SP500
2020-09-01,TWLO,SP500
2020-09-01,TWTR,SP500
2020-09-01,TXN,SP500
2020-09-01,TYL,SP500
2020-09-01,UA,SP500
2020-09-01,UAA,SP500
2020-09-01,UBER,SP500
2020-09-01,UDR,SP500
2020-09-01,ULTA,SP500
2020-09-01,UNP,SP500
2020-09-01,UPS,SP500
2020-09-01,V,SP500
2020-09-01,VAR,SP500
2020-09-01,VEEV,SP500
2020-09-01,VMC,SP500
2020-09-01,VMW,SP500
2020-09-01,VRSK,SP500
2020-09-01,VRSN,SP500
2020-09-01,VRTX,SP500
2020-09-01,W,SP500
2020-09-01,WAB,SP500
2020-09-01,WAT,SP500
2020-09-01,WCN,SP500
2020-09-01,WDAY,SP500
2020-09-01,WMG,SP500
2020-09-01,WORK,SP500
2020-09-01,WST,SP500
2020-09-01,WYNN,SP500
2020-09-01,XLNX,SP500
2020-09-01,XPO,SP500
2020-09-01,XYL,SP500
2020-09-01,YUM,SP500
2020-09-01,ZM,SP500
2020-09-01,ZTS,SP500
2020-10-01,A,SP500
2020-10-01,AAPL,SP500
2020-10-01,ABMD,SP500
2020-10-01,ACN,SP500
2020-10-01,ADBE,SP500
2020-10-01,ADI,SP500
2020-10-01,ADP,SP500
2020-10-01,ADSK,SP500
2020-10-01,AJG,SP500
2020-10-01,AKAM,SP500
2020-10-01,ALB,SP500
2020-10-01,ALGN,SP500
2020-10-01,ALNY,SP500
2020-10-01,ALXN,SP500
2020-10-01,AMAT,SP500
2020-10-01,AMD,SP500
2020-10-01,AME,SP500
2020-10-01,AMT,SP500
2020-10-01,AMZN,SP500
2020-10-01,ANET,SP500
2020-10-01,ANSS,SP500
2020-10-01,AON,SP500
2020-10-01,AOS,SP500
2020-10-01,APH,SP500
2020-10-01,ARE,SP500
2020-10-01,ATUS,SP500
2020-10-01,ATVI,SP500
2020-10-01,AVB,SP500
2020-10-01,AVGO,SP500
2020-10-01,AZO,SP500
2020-10-01,BA,SP500
2020-10-01,BAX,SP500
2020-10-01,BDX,SP500
2020-10-01,BF.B,SP500
2020-10-01,BKI,SP500
2020-10-01,BKNG,SP500
2020-10-01,BLL,SP500
2020-10-01,BMRN,SP500
2020-10-01,BMY,SP500
2020-10-01,BR,SP500
2020-10-01,BSX,SP500
2020-10-01,BURL,SP500
2020-10-01,BX,SP500
2020-10-01,BXP,SP500
2020-10-01,CBOE,SP500
2020-10-01,CBRE,SP500
2020-10-01,CCI,SP500
2020-10-01,CDNS,SP500
2020-10-01,CERN,SP500
2020-10-01,CF,SP500
2020-10-01,CGNX,SP500
2020-10-01,CHD,SP500
2020-10-01,CHTR,SP500
2020-10-01,CHWY,SP500
2020-10-01,CL,SP500
2020-10-01,CLR,SP500
2020-10-01,CLX,SP500
2020-10-01,CMCSA,SP500
2020-10-01,CMG,SP500
2020-10-01,CNC,SP500
2020-10-01,COG,SP500
2020-10-01,COO,SP500
2020-10-01,COST,SP500
2020-10-01,CPRT,SP500
2020-10-01,CPT,SP500
2020-10-01,CRM,SP500
2020-10-01,CRWD,SP500
2020-10-01,CSGP,SP500
2020-10-01,CTAS,SP500
2020-10-01,CTXS,SP500
2020-10-01,CVNA,SP500
2020-10-01,CXO,SP500
2020-10-01,DBX,SP500
2020-10-01,DDOG,SP500
2020-10-01,DG,SP500
2020-10-01,DHR,SP500
2020-10-01,DKNG,SP500
2020-10-01,DLR,SP500
2020-10-01,DLTR,SP500
2020-10-01,DOCU,SP500
2020-10-01,DPZ,SP500
2020-10-01,DXCM,SP500
2020-10-01,EA,SP500
2020-10-01,ECL,SP500
2020-10-01,EFX,SP500
2020-10-01,EL,SP500
2020-10-01,EOG,SP500
2020-10-01,EQIX,SP500
2020-10-01,ESS,SP500
2020-10-01,EW,SP500
2020-10-01,EXAS,SP500
2020-10-01,EXPD,SP500
2020-10-01,EXPE,SP500
2020-10-01,EXR,SP500
2020-10-01,FANG,SP500
2020-10-01,FAST,SP500
2020-10-01,FB,SP500
2020-10-01,FDS,SP500
2020-10-01,FIS,SP500
2020-10-01,FISV,SP500
2020-10-01,FLT,SP500
2020-10-01,FMC,SP500
2020-10-01,FRC,SP500
2020-10-01,FRT,SP500
2020-10-01,FTNT,SP500
2020-10-01,FTV,SP500
2020-10-01,GDDY,SP500
2020-10-01,GOOG,SP500
2020-10-01,GOOGL,SP500
2020-10-01,GPN,SP500
2020-10-01,HD,SP500
2020-10-01,HEI,SP500
2020-10-01,HEI.A,SP500
2020-10-01,HES,SP500
2020-10-01,HLT,SP500
2020-10-01,HSY,SP500
2020-10-01,IAC,SP500
2020-10-01,IBKR,SP500
2020-10-01,ICE,SP500
2020-10-01,IDXX,SP500
2020-10-01,IFF,SP500
2020-10-01,ILMN,SP500
2020-10-01,INCY,SP500
2020-10-01,INFO,SP500
2020-10-01,INTU,SP500
2020-10-01,INVH,SP500
2020-10-01,IPGP,SP500
2020-10-01,IQV,SP500
2020-10-01,IRM,SP500
2020-10-01,ISRG,SP500
2020-10-01,IT,SP500
2020-10-01,ITW,SP500
2020-10-01,JAZZ,SP500
2020-10-01,JBHT,SP500
2020-10-01,JKHY,SP500
2020-10-01,KEYS,SP500
2020-10-01,KLAC,SP500
2020-10-01,KSU,SP500
2020-10-01,LHX,SP500
2020-10-01,LIN,SP500
2020-10-01,LKQ,SP500
2020-10-01,LMT,SP500
2020-10-01,LNG,SP500
2020-10-01,LOW,SP500
2020-10-01,LRCX,SP500
2020-10-01,LULU,SP500
2020-10-01,LW,SP500
2020-10-01,LYFT,SP500
2020-10-01,LYV,SP500
2020-10-01,MA,SP500
2020-10-01,MAA,SP500
2020-10-01,MAR,SP500
2020-10-01,MAS,SP500
2020-10-01,MCD,SP500
2020-10-01,MCHP,SP500
2020-10-01,MCO,SP500
2020-10-01,MKC,SP500
2020-10-01,MKL,SP500
2020-10-01,MKTX,SP500
2020-10-01,MLM,SP500
2020-10-01,MMC,SP500
2020-10-01,MNST,SP500
2020-10-01,MRNA,SP500
2020-10-01,MRVL,SP500
2020-10-01,MSCI,SP500
2020-10-01,MSFT,SP500
2020-10-01,MSI,SP500
2020-10-01,MTCH,SP500
2020-10-01,MTD,SP500
2020-10-01,MTN,SP500
2020-10-01,MU,SP500
2020-10-01,MXIM,SP500
2020-10-01,NFLX,SP500
2020-10-01,NKE,SP500
2020-10-01,NOW,SP500
2020-10-01,NRG,SP500
2020-10-01,NVDA,SP500
2020-10-01,NVR,SP500
2020-10-01,NWL,SP500
2020-10-01,O,SP500
2020-10-01,ODFL,SP500
2020-10-01,OKE,SP500
2020-10-01,OKTA,SP500
2020-10-01,ORLY,SP500
2020-10-01,PANW,SP500
2020-10-01,PAYC,SP500
2020-10-01,PAYX,SP500
2020-10-01,PINS,SP500
2020-10-01,PLD,SP500
2020-10-01,PPD,SP500
2020-10-01,PSA,SP500
2020-10-01,PXD,SP500
2020-10-01,PYPL,SP500
2020-10-01,REG,SP500
2020-10-01,REGN,SP500
2020-10-01,RMD,SP500
2020-10-01,RNG,SP500
2020-10-01,ROK,SP500
2020-10-01,ROKU,SP500
2020-10-01,ROL,SP500
2020-10-01,ROP,SP500
2020-10-01,ROST,SP500
2020-10-01,SBAC,SP500
2020-10-01,SBUX,SP500
2020-10-01,SCHW,SP500
2020-10-01,SEIC,SP500
2020-10-01,SGEN,SP500
2020-10-01,SHW,SP500
2020-10-01,SIRI,SP500
2020-10-01,SIVB,SP500
2020-10-01,SNAP,SP500
2020-10-01,SNPS,SP500
2020-10-01,SPG,SP500
2020-10-01,SPGI,SP500
2020-10-01,SPLK,SP500
2020-10-01,SQ,SP500
2020-10-01,SSNC,SP500
2020-10-01,SUI,SP500
2020-10-01,SWKS,SP500
2020-10-01,SYK,SP500
2020-10-01,TDG,SP500
2020-10-01,TFX,SP500
2020-10-01,TIF,SP500
2020-10-01,TJX,SP500
2020-10-01,TMO,SP500
2020-10-01,TMUS,SP500
2020-10-01,TRGP,SP500
2020-10-01,TRMB,SP500
2020-10-01,TROW,SP500
2020-10-01,TRU,SP500
2020-10-01,TSCO,SP500
2020-10-01,TSLA,SP500
2020-10-01,TTD,SP500
2020-10-01,TTWO,SP500
2020-10-01,TWLO,SP500
2020-10-01,TWTR,SP500
2020-10-01,TXN,SP500
2020-10-01,TYL,SP500
2020-10-01,UA,SP500
2020-10-01,UAA,SP500
2020-10-01,UBER,SP500
2020-10-01,UDR,SP500
2020-10-01,ULTA,SP500
2020-10-01,UNP,SP500
2020-10-01,UPS,SP500
2020-10-01,V,SP500
2020-10-01,VAR,SP500
2020-10-01,VEEV,SP500
2020-10-01,VMC,SP500
2020-10-01,VMW,SP500
2020-10-01,VRSK,SP500
2020-10-01,VRSN,SP500
2020-10-01,VRTX,SP500
2020-10-01,W,SP500
2020-10-01,WAB,SP500
2020-10-01,WAT,SP500
2020-10-01,WCN,SP500
2020-10-01,WDAY,SP500
2020-10-01,WMG,SP500
2020-10-01,WORK,SP500
2020-10-01,WST,SP500
2020-10-01,WYNN,SP500
2020-10-01,XLNX,SP500
2020-10-01,XPO,SP500
2020-10-01,XYL,SP500
2020-10-01,YUM,SP500
2020-10-01,ZM,SP500
2020-10-01,ZTS,SP500
2020-11-03,A,SP500
2020-11-03,AAPL,SP500
2020-11-03,ABMD,SP500
2020-11-03,ACN,SP500
2020-11-03,ADBE,SP500
2020-11-03,ADI,SP500
2020-11-03,ADP,SP500
2020-11-03,ADSK,SP500
2020-11-03,AJG,SP500
2020-11-03,AKAM,SP500
2020-11-03,ALB,SP500
2020-11-03,ALGN,SP500
2020-11-03,ALNY,SP500
2020-11-03,ALXN,SP500
2020-11-03,AMAT,SP500
2020-11-03,AMD,SP500
2020-11-03,AME,SP500
2020-11-03,AMT,SP500
2020-11-03,AMZN,SP500
2020-11-03,ANET,SP500
2020-11-03,ANSS,SP500
2020-11-03,AON,SP500
2020-11-03,APH,SP500
2020-11-03,ARE,SP500
2020-11-03,ATUS,SP500
2020-11-03,ATVI,SP500
2020-11-03,AVGO,SP500
2020-11-03,AZO,SP500
2020-11-03,BA,SP500
2020-11-03,BAX,SP500
2020-11-03,BDX,SP500
2020-11-03,BF.B,SP500
2020-11-03,BKI,SP500
2020-11-03,BKNG,SP500
2020-11-03,BLL,SP500
2020-11-03,BMRN,SP500
2020-11-03,BMY,SP500
2020-11-03,BR,SP500
2020-11-03,BSX,SP500
2020-11-03,BURL,SP500
2020-11-03,BX,SP500
2020-11-03,CBOE,SP500
2020-11-03,CBRE,SP500
2020-11-03,CCI,SP500
2020-11-03,CDNS,SP500
2020-11-03,CERN,SP500
2020-11-03,CGNX,SP500
2020-11-03,CHD,SP500
2020-11-03,CHTR,SP500
2020-11-03,CHWY,SP500
2020-11-03,CL,SP500
2020-11-03,CLX,SP500
2020-11-03,CMG,SP500
2020-11-03,CNC,SP500
2020-11-03,COO,SP500
2020-11-03,COST,SP500
2020-11-03,COUP,SP500
2020-11-03,CPRT,SP500
2020-11-03,CRM,SP500
2020-11-03,CRWD,SP500
2020-11-03,CSGP,SP500
2020-11-03,CTAS,SP500
2020-11-03,CTXS,SP500
2020-11-03,CVNA,SP500
2020-11-03,CXO,SP500
2020-11-03,DBX,SP500
2020-11-03,DDOG,SP500
2020-11-03,DG,SP500
2020-11-03,DHR,SP500
2020-11-03,DKNG,SP500
2020-11-03,DLR,SP500
2020-11-03,DLTR,SP500
2020-11-03,DOCU,SP500
2020-11-03,DPZ,SP500
2020-11-03,DXCM,SP500
2020-11-03,EA,SP500
2020-11-03,ECL,SP500
2020-11-03,EFX,SP500
2020-11-03,EL,SP500
2020-11-03,EOG,SP500
2020-11-03,EPAM,SP500
2020-11-03,EQIX,SP500
2020-11-03,EW,SP500
2020-11-03,EXAS,SP500
2020-11-03,EXPD,SP500
2020-11-03,EXPE,SP500
2020-11-03,EXR,SP500
2020-11-03,FANG,SP500
2020-11-03,FAST,SP500
2020-11-03,FB,SP500
2020-11-03,FDS,SP500
2020-11-03,FIS,SP500
2020-11-03,FISV,SP500
2020-11-03,FLT,SP500
2020-11-03,FMC,SP500
2020-11-03,FRC,SP500
2020-11-03,FRT,SP500
2020-11-03,FTNT,SP500
2020-11-03,GDDY,SP500
2020-11-03,GDRX,SP500
2020-11-03,GOOG,SP500
2020-11-03,GOOGL,SP500
2020-11-03,GPN,SP500
2020-11-03,HD,SP500
2020-11-03,HEI,SP500
2020-11-03,HEI.A,SP500
2020-11-03,HES,SP500
2020-11-03,HLT,SP500
2020-11-03,HSY,SP500
2020-11-03,IAC,SP500
2020-11-03,IBKR,SP500
2020-11-03,ICE,SP500
2020-11-03,IDXX,SP500
2020-11-03,IFF,SP500
2020-11-03,ILMN,SP500
2020-11-03,INCY,SP500
2020-11-03,INFO,SP500
2020-11-03,INTU,SP500
2020-11-03,INVH,SP500
2020-11-03,IPGP,SP500
2020-11-03,IQV,SP500
2020-11-03,IRM,SP500
2020-11-03,ISRG,SP500
2020-11-03,IT,SP500
2020-11-03,JBHT,SP500
2020-11-03,JKHY,SP500
2020-11-03,KEYS,SP500
2020-11-03,KLAC,SP500
2020-11-03,KSU,SP500
2020-11-03,LHX,SP500
2020-11-03,LIN,SP500
2020-11-03,LKQ,SP500
2020-11-03,LMT,SP500
2020-11-03,LNG,SP500
2020-11-03,LOW,SP500
2020-11-03,LRCX,SP500
2020-11-03,LULU,SP500
2020-11-03,LW,SP500
2020-11-03,LYFT,SP500
2020-11-03,LYV,SP500
2020-11-03,MA,SP500
2020-11-03,MAA,SP500
2020-11-03,MAS,SP500
2020-11-03,MCD,SP500
2020-11-03,MCHP,SP500
2020-11-03,MCO,SP500
2020-11-03,MKC,SP500
2020-11-03,MKL,SP500
2020-11-03,MKTX,SP500
2020-11-03,MLM,SP500
2020-11-03,MMC,SP500
2020-11-03,MNST,SP500
2020-11-03,MRNA,SP500
2020-11-03,MRVL,SP500
2020-11-03,MSCI,SP500
2020-11-03,MSFT,SP500
2020-11-03,MSI,SP500
2020-11-03,MTCH,SP500
2020-11-03,MTD,SP500
2020-11-03,MTN,SP500
2020-11-03,MU,SP500
2020-11-03,MXIM,SP500
2020-11-03,NFLX,SP500
2020-11-03,NKE,SP500
2020-11-03,NKLA,SP500
2020-11-03,NOW,SP500
2020-11-03,NVDA,SP500
2020-11-03,NVR,SP500
2020-11-03,NWL,SP500
2020-11-03,O,SP500
2020-11-03,ODFL,SP500
2020-11-03,OKTA,SP500
2020-11-03,ORLY,SP500
2020-11-03,PANW,SP500
2020-11-03,PAYC,SP500
2020-11-03,PAYX,SP500
2020-11-03,PINS,SP500
2020-11-03,PLD,SP500
2020-11-03,PLTR,SP500
2020-11-03,PPD,SP500
2020-11-03,PSA,SP500
2020-11-03,PTON,SP500
2020-11-03,PXD,SP500
2020-11-03,PYPL,SP500
2020-11-03,REG,SP500
2020-11-03,REGN,SP500
2020-11-03,RMD,SP500
2020-11-03,RNG,SP500
2020-11-03,ROK,SP500
2020-11-03,ROKU,SP500
2020-11-03,ROL,SP500
2020-11-03,ROP,SP500
2020-11-03,ROST,SP500
2020-11-03,SBAC,SP500
2020-11-03,SBUX,SP500
2020-11-03,SEIC,SP500
2020-11-03,SGEN,SP500
2020-11-03,SHW,SP500
2020-11-03,SIRI,SP500
2020-11-03,SIVB,SP500
2020-11-03,SNAP,SP500
2020-11-03,SNOW,SP500
2020-11-03,SNPS,SP500
2020-11-03,SPGI,SP500
2020-11-03,SPLK,SP500
2020-11-03,SQ,SP500
2020-11-03,SSNC,SP500
2020-11-03,SUI,SP500
2020-11-03,SWKS,SP500
2020-11-03,SYK,SP500
2020-11-03,TDG,SP500
2020-11-03,TDOC,SP500
2020-11-03,TFX,SP500
2020-11-03,TIF,SP500
2020-11-03,TJX,SP500
2020-11-03,TMO,SP500
2020-11-03,TMUS,SP500
2020-11-03,TRMB,SP500
2020-11-03,TRU,SP500
2020-11-03,TSCO,SP500
2020-11-03,TSLA,SP500
2020-11-03,TTD,SP500
2020-11-03,TTWO,SP500
2020-11-03,TWLO,SP500
2020-11-03,TWTR,SP500
2020-11-03,TXN,SP500
2020-11-03,TYL,SP500
2020-11-03,U,SP500
2020-11-03,UBER,SP500
2020-11-03,UDR,SP500
2020-11-03,ULTA,SP500
2020-11-03,UNP,SP500
2020-11-03,UPS,SP500
2020-11-03,V,SP500
2020-11-03,VAR,SP500
2020-11-03,VEEV,SP500
2020-11-03,VMC,SP500
2020-11-03,VMW,SP500
2020-11-03,VRSK,SP500
2020-11-03,VRSN,SP500
2020-11-03,VRTX,SP500
2020-11-03,W,SP500
2020-11-03,WAB,SP500
2020-11-03,WAT,SP500
2020-11-03,WCN,SP500
2020-11-03,WDAY,SP500
2020-11-03,WMG,SP500
2020-11-03,WORK,SP500
2020-11-03,WST,SP500
2020-11-03,WYNN,SP500
2020-11-03,XLNX,SP500
2020-11-03,XYL,SP500
2020-11-03,YUM,SP500
2020-11-03,Z,SP500
2020-11-03,ZG,SP500
2020-11-03,ZM,SP500
2020-11-03,ZS,SP500
2020-11-03,ZTS,SP500
2020-12-01,A,SP500
2020-12-01,AAPL,SP500
2020-12-01,ABMD,SP500
2020-12-01,ACN,SP500
2020-12-01,ADBE,SP500
2020-12-01,ADI,SP500
2020-12-01,ADP,SP500
2020-12-01,ADSK,SP500
2020-12-01,AJG,SP500
2020-12-01,AKAM,SP500
2020-12-01,ALB,SP500
2020-12-01,ALGN,SP500
2020-12-01,ALNY,SP500
2020-12-01,ALXN,SP500
2020-12-01,AMAT,SP500
2020-12-01,AMD,SP500
2020-12-01,AME,SP500
2020-12-01,AMT,SP500
2020-12-01,AMZN,SP500
2020-12-01,ANET,SP500
2020-12-01,ANSS,SP500
2020-12-01,AON,SP500
2020-12-01,APH,SP500
2020-12-01,ARE,SP500
2020-12-01,ATUS,SP500
2020-12-01,ATVI,SP500
2020-12-01,AVGO,SP500
2020-12-01,AZO,SP500
2020-12-01,BA,SP500
2020-12-01,BAX,SP500
2020-12-01,BDX,SP500
2020-12-01,BF.B,SP500
2020-12-01,BKI,SP500
2020-12-01,BKNG,SP500
2020-12-01,BLL,SP500
2020-12-01,BMRN,SP500
2020-12-01,BMY,SP500
2020-12-01,BR,SP500
2020-12-01,BSX,SP500
2020-12-01,BURL,SP500
2020-12-01,BX,SP500
2020-12-01,CBOE,SP500
2020-12-01,CBRE,SP500
2020-12-01,CCI,SP500
2020-12-01,CDNS,SP500
2020-12-01,CERN,SP500
2020-12-01,CGNX,SP500
2020-12-01,CHD,SP500
2020-12-01,CHTR,SP500
2020-12-01,CHWY,SP500
2020-12-01,CL,SP500
2020-12-01,CLX,SP500
2020-12-01,CMG,SP500
2020-12-01,CNC,SP500
2020-12-01,COO,SP500
2020-12-01,COST,SP500
2020-12-01,COUP,SP500
2020-12-01,CPRT,SP500
2020-12-01,CRM,SP500
2020-12-01,CRWD,SP500
2020-12-01,CSGP,SP500
2020-12-01,CTAS,SP500
2020-12-01,CTXS,SP500
2020-12-01,CVNA,SP500
2020-12-01,CXO,SP500
2020-12-01,DBX,SP500
2020-12-01,DDOG,SP500
2020-12-01,DG,SP500
2020-12-01,DHR,SP500
2020-12-01,DKNG,SP500
2020-12-01,DLR,SP500
2020-12-01,DLTR,SP500
2020-12-01,DOCU,SP500
2020-12-01,DPZ,SP500
2020-12-01,DXCM,SP500
2020-12-01,EA,SP500
2020-12-01,ECL,SP500
2020-12-01,EFX,SP500
2020-12-01,EL,SP500
2020-12-01,EOG,SP500
2020-12-01,EPAM,SP500
2020-12-01,EQIX,SP500
2020-12-01,EW,SP500
2020-12-01,EXAS,SP500
2020-12-01,EXPD,SP500
2020-12-01,EXPE,SP500
2020-12-01,EXR,SP500
2020-12-01,FANG,SP500
2020-12-01,FAST,SP500
2020-12-01,FB,SP500
2020-12-01,FDS,SP500
2020-12-01,FIS,SP500
2020-12-01,FISV,SP500
2020-12-01,FLT,SP500
2020-12-01,FMC,SP500
2020-12-01,FRC,SP500
2020-12-01,FTNT,SP500
2020-12-01,GDDY,SP500
2020-12-01,GDRX,SP500
2020-12-01,GOOG,SP500
2020-12-01,GOOGL,SP500
2020-12-01,GPN,SP500
2020-12-01,HD,SP500
2020-12-01,HEI,SP500
2020-12-01,HEI.A,SP500
2020-12-01,HES,SP500
2020-12-01,HLT,SP500
2020-12-01,HSY,SP500
2020-12-01,IAC,SP500
2020-12-01,IBKR,SP500
2020-12-01,ICE,SP500
2020-12-01,IDXX,SP500
2020-12-01,IFF,SP500
2020-12-01,ILMN,SP500
2020-12-01,INCY,SP500
2020-12-01,INFO,SP500
2020-12-01,INTU,SP500
2020-12-01,INVH,SP500
2020-12-01,IPGP,SP500
2020-12-01,IQV,SP500
2020-12-01,ISRG,SP500
2020-12-01,IT,SP500
2020-12-01,JBHT,SP500
2020-12-01,JKHY,SP500
2020-12-01,KEYS,SP500
2020-12-01,KLAC,SP500
2020-12-01,KSU,SP500
2020-12-01,LHX,SP500
2020-12-01,LIN,SP500
2020-12-01,LKQ,SP500
2020-12-01,LMT,SP500
2020-12-01,LNG,SP500
2020-12-01,LOW,SP500
2020-12-01,LRCX,SP500
2020-12-01,LULU,SP500
2020-12-01,LW,SP500
2020-12-01,LYFT,SP500
2020-12-01,LYV,SP500
2020-12-01,MA,SP500
2020-12-01,MAA,SP500
2020-12-01,MAS,SP500
2020-12-01,MCD,SP500
2020-12-01,MCHP,SP500
2020-12-01,MCO,SP500
2020-12-01,MKC,SP500
2020-12-01,MKL,SP500
2020-12-01,MKTX,SP500
2020-12-01,MLM,SP500
2020-12-01,MMC,SP500
2020-12-01,MNST,SP500
2020-12-01,MRNA,SP500
2020-12-01,MRVL,SP500
2020-12-01,MSCI,SP500
2020-12-01,MSFT,SP500
2020-12-01,MSI,SP500
2020-12-01,MTCH,SP500
2020-12-01,MTD,SP500
2020-12-01,MTN,SP500
2020-12-01,MU,SP500
2020-12-01,MXIM,SP500
2020-12-01,NFLX,SP500
2020-12-01,NKE,SP500
2020-12-01,NKLA,SP500
2020-12-01,NOW,SP500
2020-12-01,NVDA,SP500
2020-12-01,NVR,SP500
2020-12-01,NWL,SP500
2020-12-01,O,SP500
2020-12-01,ODFL,SP500
2020-12-01,OKTA,SP500
2020-12-01,ORLY,SP500
2020-12-01,PANW,SP500
2020-12-01,PAYC,SP500
2020-12-01,PAYX,SP500
2020-12-01,PINS,SP500
2020-12-01,PLD,SP500
2020-12-01,PLTR,SP500
2020-12-01,PPD,SP500
2020-12-01,PSA,SP500
2020-12-01,PTON,SP500
2020-12-01,PXD,SP500
2020-12-01,PYPL,SP500
2020-12-01,REG,SP500
2020-12-01,REGN,SP500
2020-12-01,RMD,SP500
2020-12-01,RNG,SP500
2020-12-01,ROK,SP500
2020-12-01,ROKU,SP500
2020-12-01,ROL,SP500
2020-12-01,ROP,SP500
2020-12-01,ROST,SP500
2020-12-01,SBAC,SP500
2020-12-01,SBUX,SP500
2020-12-01,SEIC,SP500
2020-12-01,SGEN,SP500
2020-12-01,SHW,SP500
2020-12-01,SIRI,SP500
2020-12-01,SIVB,SP500
2020-12-01,SNAP,SP500
2020-12-01,SNOW,SP500
2020-12-01,SNPS,SP500
2020-12-01,SPGI,SP500
2020-12-01,SPLK,SP500
2020-12-01,SQ,SP500
2020-12-01,SSNC,SP500
2020-12-01,SUI,SP500
2020-12-01,SWKS,SP500
2020-12-01,SYK,SP500
2020-12-01,TDG,SP500
2020-12-01,TDOC,SP500
2020-12-01,TFX,SP500
2020-12-01,TIF,SP500
2020-12-01,TJX,SP500
2020-12-01,TMO,SP500
2020-12-01,TMUS,SP500
2020-12-01,TRMB,SP500
2020-12-01,TRU,SP500
2020-12-01,TSCO,SP500
2020-12-01,TSLA,SP500
2020-12-01,TTD,SP500
2020-12-01,TTWO,SP500
2020-12-01,TWLO,SP500
2020-12-01,TWTR,SP500
2020-12-01,TXN,SP500
2020-12-01,TYL,SP500
2020-12-01,U,SP500
2020-12-01,UBER,SP500
2020-12-01,UDR,SP500
2020-12-01,ULTA,SP500
2020-12-01,UNP,SP500
2020-12-01,UPS,SP500
2020-12-01,V,SP500
2020-12-01,VAR,SP500
2020-12-01,VEEV,SP500
2020-12-01,VMC,SP500
2020-12-01,VMW,SP500
2020-12-01,VRSK,SP500
2020-12-01,VRSN,SP500
2020-12-01,VRTX,SP500
2020-12-01,W,SP500
2020-12-01,WAB,SP500
2020-12-01,WAT,SP500
2020-12-01,WCN,SP500
2020-12-01,WDAY,SP500
2020-12-01,WMG,SP500
2020-12-01,WORK,SP500
2020-12-01,WST,SP500
2020-12-01,WYNN,SP500
2020-12-01,XLNX,SP500
2020-12-01,XYL,SP500
2020-12-01,YUM,SP500
2020-12-01,Z,SP500
2020-12-01,ZG,SP500
2020-12-01,ZM,SP500
2020-12-01,ZS,SP500
2020-12-01,ZTS,SP500
2021-01-01,A,SP500
2021-01-01,AAPL,SP500
2021-01-01,ABMD,SP500
2021-01-01,ACN,SP500
2021-01-01,ADBE,SP500
2021-01-01,ADI,SP500
2021-01-01,ADP,SP500
2021-01-01,ADSK,SP500
2021-01-01,AJG,SP500
2021-01-01,AKAM,SP500
2021-01-01,ALB,SP500
2021-01-01,ALGN,SP500
2021-01-01,ALNY,SP500
2021-01-01,ALXN,SP500
2021-01-01,AMAT,SP500
2021-01-01,AMD,SP500
2021-01-01,AME,SP500
2021-01-01,AMT,SP500
2021-01-01,AMZN,SP500
2021-01-01,ANET,SP500
2021-01-01,ANSS,SP500
2021-01-01,AON,SP500
2021-01-01,APH,SP500
2021-01-01,ARE,SP500
2021-01-01,ATUS,SP500
2021-01-01,ATVI,SP500
2021-01-01,AVGO,SP500
2021-01-01,AZO,SP500
2021-01-01,BA,SP500
2021-01-01,BAX,SP500
2021-01-01,BDX,SP500
2021-01-01,BF.B,SP500
2021-01-01,BKI,SP500
2021-01-01,BKNG,SP500
2021-01-01,BLL,SP500
2021-01-01,BMRN,SP500
2021-01-01,BMY,SP500
2021-01-01,BR,SP500
2021-01-01,BSX,SP500
2021-01-01,BURL,SP500
2021-01-01,BX,SP500
2021-01-01,CBOE,SP500
2021-01-01,CBRE,SP500
2021-01-01,CCI,SP500
2021-01-01,CDNS,SP500
2021-01-01,CERN,SP500
2021-01-01,CGNX,SP500
2021-01-01,CHD,SP500
2021-01-01,CHTR,SP500
2021-01-01,CHWY,SP500
2021-01-01,CL,SP500
2021-01-01,CLX,SP500
2021-01-01,CMG,SP500
2021-01-01,CNC,SP500
2021-01-01,COO,SP500
2021-01-01,COST,SP500
2021-01-01,COUP,SP500
2021-01-01,CPRT,SP500
2021-01-01,CRM,SP500
2021-01-01,CRWD,SP500
2021-01-01,CSGP,SP500
2021-01-01,CTAS,SP500
2021-01-01,CTXS,SP500
2021-01-01,CVNA,SP500
2021-01-01,CXO,SP500
2021-01-01,DBX,SP500
2021-01-01,DDOG,SP500
2021-01-01,DG,SP500
2021-01-01,DHR,SP500
2021-01-01,DKNG,SP500
2021-01-01,DLR,SP500
2021-01-01,DLTR,SP500
2021-01-01,DOCU,SP500
2021-01-01,DPZ,SP500
2021-01-01,DXCM,SP500
2021-01-01,EA,SP500
2021-01-01,ECL,SP500
2021-01-01,EFX,SP500
2021-01-01,EL,SP500
2021-01-01,EOG,SP500
2021-01-01,EPAM,SP500
2021-01-01,EQIX,SP500
2021-01-01,EW,SP500
2021-01-01,EXAS,SP500
2021-01-01,EXPD,SP500
2021-01-01,EXPE,SP500
2021-01-01,EXR,SP500
2021-01-01,FANG,SP500
2021-01-01,FAST,SP500
2021-01-01,FB,SP500
2021-01-01,FDS,SP500
2021-01-01,FIS,SP500
2021-01-01,FISV,SP500
2021-01-01,FLT,SP500
2021-01-01,FMC,SP500
2021-01-01,FRC,SP500
2021-01-01,FTNT,SP500
2021-01-01,GDDY,SP500
2021-01-01,GDRX,SP500
2021-01-01,GOOG,SP500
2021-01-01,GOOGL,SP500
2021-01-01,GPN,SP500
2021-01-01,HD,SP500
2021-01-01,HEI,SP500
2021-01-01,HEI.A,SP500
2021-01-01,HES,SP500
2021-01-01,HLT,SP500
2021-01-01,HSY,SP500
2021-01-01,IAC,SP500
2021-01-01,IBKR,SP500
2021-01-01,ICE,SP500
2021-01-01,IDXX,SP500
2021-01-01,IFF,SP500
2021-01-01,ILMN,SP500
2021-01-01,INCY,SP500
2021-01-01,INFO,SP500
2021-01-01,INTU,SP500
2021-01-01,INVH,SP500
2021-01-01,IPGP,SP500
2021-01-01,IQV,SP500
2021-01-01,ISRG,SP500
2021-01-01,IT,SP500
2021-01-01,JBHT,SP500
2021-01-01,JKHY,SP500
2021-01-01,KEYS,SP500
2021-01-01,KLAC,SP500
2021-01-01,KSU,SP500
2021-01-01,LHX,SP500
2021-01-01,LIN,SP500
2021-01-01,LKQ,SP500
2021-01-01,LMT,SP500
2021-01-01,LNG,SP500
2021-01-01,LOW,SP500
2021-01-01,LRCX,SP500
2021-01-01,LULU,SP500
2021-01-01,LW,SP500
2021-01-01,LYFT,SP500
2021-01-01,LYV,SP500
2021-01-01,MA,SP500
2021-01-01,MAA,SP500
2021-01-01,MAS,SP500
2021-01-01,MCD,SP500
2021-01-01,MCHP,SP500
2021-01-01,MCO,SP500
2021-01-01,MKC,SP500
2021-01-01,MKL,SP500
2021-01-01,MKTX,SP500
2021-01-01,MLM,SP500
2021-01-01,MMC,SP500
2021-01-01,MNST,SP500
2021-01-01,MRNA,SP500
2021-01-01,MRVL,SP500
2021-01-01,MSCI,SP500
2021-01-01,MSFT,SP500
2021-01-01,MSI,SP500
2021-01-01,MTCH,SP500
2021-01-01,MTD,SP500
2021-01-01,MTN,SP500
2021-01-01,MU,SP500
2021-01-01,MXIM,SP500
2021-01-01,NFLX,SP500
2021-01-01,NKE,SP500
2021-01-01,NKLA,SP500
2021-01-01,NOW,SP500
2021-01-01,NVDA,SP500
2021-01-01,NVR,SP500
2021-01-01,NWL,SP500
2021-01-01,O,SP500
2021-01-01,ODFL,SP500
2021-01-01,OKTA,SP500
2021-01-01,ORLY,SP500
2021-01-01,PANW,SP500
2021-01-01,PAYC,SP500
2021-01-01,PAYX,SP500
2021-01-01,PINS,SP500
2021-01-01,PLD,SP500
2021-01-01,PLTR,SP500
2021-01-01,PPD,SP500
2021-01-01,PSA,SP500
2021-01-01,PTON,SP500
2021-01-01,PXD,SP500
2021-01-01,PYPL,SP500
2021-01-01,REG,SP500
2021-01-01,REGN,SP500
2021-01-01,RMD,SP500
2021-01-01,RNG,SP500
2021-01-01,ROK,SP500
2021-01-01,ROKU,SP500
2021-01-01,ROL,SP500
2021-01-01,ROP,SP500
2021-01-01,ROST,SP500
2021-01-01,SBAC,SP500
2021-01-01,SBUX,SP500
2021-01-01,SEIC,SP500
2021-01-01,SGEN,SP500
2021-01-01,SHW,SP500
2021-01-01,SIRI,SP500
2021-01-01,SIVB,SP500
2021-01-01,SNAP,SP500
2021-01-01,SNOW,SP500
2021-01-01,SNPS,SP500
2021-01-01,SPGI,SP500
2021-01-01,SPLK,SP500
2021-01-01,SQ,SP500
2021-01-01,SSNC,SP500
2021-01-01,SUI,SP500
2021-01-01,SWKS,SP500
2021-01-01,SYK,SP500
2021-01-01,TDG,SP500
2021-01-01,TDOC,SP500
2021-01-01,TFX,SP500
2021-01-01,TIF,SP500
2021-01-01,TJX,SP500
2021-01-01,TMO,SP500
2021-01-01,TMUS,SP500
2021-01-01,TRMB,SP500
2021-01-01,TRU,SP500
2021-01-01,TSCO,SP500
2021-01-01,TSLA,SP500
2021-01-01,TTD,SP500
2021-01-01,TTWO,SP500
2021-01-01,TWLO,SP500
2021-01-01,TWTR,SP500
2021-01-01,TXN,SP500
2021-01-01,TYL,SP500
2021-01-01,U,SP500
2021-01-01,UBER,SP500
2021-01-01,UDR,SP500
2021-01-01,ULTA,SP500
2021-01-01,UNP,SP500
2021-01-01,UPS,SP500
2021-01-01,V,SP500
2021-01-01,VAR,SP500
2021-01-01,VEEV,SP500
2021-01-01,VMC,SP500
2021-01-01,VMW,SP500
2021-01-01,VRSK,SP500
2021-01-01,VRSN,SP500
2021-01-01,VRTX,SP500
2021-01-01,W,SP500
2021-01-01,WAB,SP500
2021-01-01,WAT,SP500
2021-01-01,WCN,SP500
2021-01-01,WDAY,SP500
2021-01-01,WMG,SP500
2021-01-01,WORK,SP500
2021-01-01,WST,SP500
2021-01-01,WYNN,SP500
2021-01-01,XLNX,SP500
2021-01-01,XYL,SP500
2021-01-01,YUM,SP500
2021-01-01,Z,SP500
2021-01-01,ZG,SP500
2021-01-01,ZM,SP500
2021-01-01,ZS,SP500
2021-01-01,ZTS,SP500
2021-02-02,A,SP500
2021-02-02,AAPL,SP500
2021-02-02,ABMD,SP500
2021-02-02,ABNB,SP500
2021-02-02,ACN,SP500
2021-02-02,ADBE,SP500
2021-02-02,ADI,SP500
2021-02-02,ADP,SP500
2021-02-02,ADSK,SP500
2021-02-02,AJG,SP500
2021-02-02,AKAM,SP500
2021-02-02,ALB,SP500
2021-02-02,ALGN,SP500
2021-02-02,ALNY,SP500
2021-02-02,ALXN,SP500
2021-02-02,AMAT,SP500
2021-02-02,AMD,SP500
2021-02-02,AME,SP500
2021-02-02,AMT,SP500
2021-02-02,AMZN,SP500
2021-02-02,ANET,SP500
2021-02-02,ANSS,SP500
2021-02-02,AON,SP500
2021-02-02,APH,SP500
2021-02-02,ARE,SP500
2021-02-02,ATUS,SP500
2021-02-02,ATVI,SP500
2021-02-02,AVGO,SP500
2021-02-02,AZO,SP500
2021-02-02,BA,SP500
2021-02-02,BAX,SP500
2021-02-02,BDX,SP500
2021-02-02,BF.A,SP500
2021-02-02,BF.B,SP500
2021-02-02,BKI,SP500
2021-02-02,BKNG,SP500
2021-02-02,BLL,SP500
2021-02-02,BMRN,SP500
2021-02-02,BMY,SP500
2021-02-02,BR,SP500
2021-02-02,BSX,SP500
2021-02-02,BURL,SP500
2021-02-02,CBOE,SP500
2021-02-02,CCI,SP500
2021-02-02,CDNS,SP500
2021-02-02,CERN,SP500
2021-02-02,CGNX,SP500
2021-02-02,CHD,SP500
2021-02-02,CHTR,SP500
2021-02-02,CHWY,SP500
2021-02-02,CL,SP500
2021-02-02,CLX,SP500
2021-02-02,CMG,SP500
2021-02-02,CNC,SP500
2021-02-02,COO,SP500
2021-02-02,COST,SP500
2021-02-02,COUP,SP500
2021-02-02,CPRT,SP500
2021-02-02,CRM,SP500
2021-02-02,CRWD,SP500
2021-02-02,CSGP,SP500
2021-02-02,CTAS,SP500
2021-02-02,CTXS,SP500
2021-02-02,CVNA,SP500
2021-02-02,DASH,SP500
2021-02-02,DBX,SP500
2021-02-02,DDOG,SP500
2021-02-02,DG,SP500
2021-02-02,DHR,SP500
2021-02-02,DKNG,SP500
2021-02-02,DLR,SP500
2021-02-02,DOCU,SP500
2021-02-02,DPZ,SP500
2021-02-02,DXCM,SP500
2021-02-02,EA,SP500
2021-02-02,ECL,SP500
2021-02-02,EFX,SP500
2021-02-02,EL,SP500
2021-02-02,EPAM,SP500
2021-02-02,EQIX,SP500
2021-02-02,ETSY,SP500
2021-02-02,EW,SP500
2021-02-02,EXAS,SP500
2021-02-02,EXPD,SP500
2021-02-02,EXPE,SP500
2021-02-02,EXR,SP500
2021-02-02,FAST,SP500
2021-02-02,FB,SP500
2021-02-02,FDS,SP500
2021-02-02,FIS,SP500
2021-02-02,FISV,SP500
2021-02-02,FLT,SP500
2021-02-02,FMC,SP500
2021-02-02,FRC,SP500
2021-02-02,FTNT,SP500
2021-02-02,GDDY,SP500
2021-02-02,GDRX,SP500
2021-02-02,GOOG,SP500
2021-02-02,GOOGL,SP500
2021-02-02,GPN,SP500
2021-02-02,HD,SP500
2021-02-02,HEI,SP500
2021-02-02,HEI.A,SP500
2021-02-02,HES,SP500
2021-02-02,HLT,SP500
2021-02-02,HSY,SP500
2021-02-02,HUBS,SP500
2021-02-02,IAC,SP500
2021-02-02,IBKR,SP500
2021-02-02,ICE,SP500
2021-02-02,IDXX,SP500
2021-02-02,ILMN,SP500
2021-02-02,INCY,SP500
2021-02-02,INFO,SP500
2021-02-02,INTU,SP500
2021-02-02,INVH,SP500
2021-02-02,IPGP,SP500
2021-02-02,IQV,SP500
2021-02-02,ISRG,SP500
2021-02-02,IT,SP500
2021-02-02,JBHT,SP500
2021-02-02,JKHY,SP500
2021-02-02,KEYS,SP500
2021-02-02,KLAC,SP500
2021-02-02,KSU,SP500
2021-02-02,LBRDA,SP500
2021-02-02,LBRDK,SP500
2021-02-02,LHX,SP500
2021-02-02,LIN,SP500
2021-02-02,LKQ,SP500
2021-02-02,LMT,SP500
2021-02-02,LNG,SP500
2021-02-02,LOW,SP500
2021-02-02,LRCX,SP500
2021-02-02,LULU,SP500
2021-02-02,LW,SP500
2021-02-02,LYFT,SP500
2021-02-02,LYV,SP500
2021-02-02,MA,SP500
2021-02-02,MAS,SP500
2021-02-02,MCD,SP500
2021-02-02,MCHP,SP500
2021-02-02,MCO,SP500
2021-02-02,MKC,SP500
2021-02-02,MKL,SP500
2021-02-02,MKTX,SP500
2021-02-02,MLM,SP500
2021-02-02,MMC,SP500
2021-02-02,MNST,SP500
2021-02-02,MRNA,SP500
2021-02-02,MRVL,SP500
2021-02-02,MSCI,SP500
2021-02-02,MSFT,SP500
2021-02-02,MSI,SP500
2021-02-02,MTCH,SP500
2021-02-02,MTD,SP500
2021-02-02,MTN,SP500
2021-02-02,MU,SP500
2021-02-02,MXIM,SP500
2021-02-02,NET,SP500
2021-02-02,NFLX,SP500
2021-02-02,NKE,SP500
2021-02-02,NKLA,SP500
2021-02-02,NOW,SP500
2021-02-02,NVDA,SP500
2021-02-02,NVR,SP500
2021-02-02,O,SP500
2021-02-02,ODFL,SP500
2021-02-02,OKTA,SP500
2021-02-02,ORLY,SP500
2021-02-02,PANW,SP500
2021-02-02,PAYC,SP500
2021-02-02,PAYX,SP500
2021-02-02,PINS,SP500
2021-02-02,PLTR,SP500
2021-02-02,PODD,SP500
2021-02-02,PPD,SP500
2021-02-02,PSA,SP500
2021-02-02,PTON,SP500
2021-02-02,PXD,SP500
2021-02-02,PYPL,SP500
2021-02-02,QCOM,SP500
2021-02-02,REG,SP500
2021-02-02,REGN,SP500
2021-02-02,RMD,SP500
2021-02-02,RNG,SP500
2021-02-02,ROK,SP500
2021-02-02,ROKU,SP500
2021-02-02,ROL,SP500
2021-02-02,ROP,SP500
2021-02-02,ROST,SP500
2021-02-02,SBAC,SP500
2021-02-02,SBUX,SP500
2021-02-02,SEIC,SP500
2021-02-02,SGEN,SP500
2021-02-02,SHW,SP500
2021-02-02,SIRI,SP500
2021-02-02,SIVB,SP500
2021-02-02,SNAP,SP500
2021-02-02,SNOW,SP500
2021-02-02,SNPS,SP500
2021-02-02,SPGI,SP500
2021-02-02,SPLK,SP500
2021-02-02,SQ,SP500
2021-02-02,SSNC,SP500
2021-02-02,SUI,SP500
2021-02-02,SWKS,SP500
2021-02-02,SYK,SP500
2021-02-02,TDOC,SP500
2021-02-02,TER,SP500
2021-02-02,TFX,SP500
2021-02-02,TJX,SP500
2021-02-02,TMO,SP500
2021-02-02,TRMB,SP500
2021-02-02,TRU,SP500
2021-02-02,TSCO,SP500
2021-02-02,TSLA,SP500
2021-02-02,TTD,SP500
2021-02-02,TTWO,SP500
2021-02-02,TWLO,SP500
2021-02-02,TWTR,SP500
2021-02-02,TXN,SP500
2021-02-02,TYL,SP500
2021-02-02,U,SP500
2021-02-02,UBER,SP500
2021-02-02,UDR,SP500
2021-02-02,ULTA,SP500
2021-02-02,UNP,SP500
2021-02-02,UPS,SP500
2021-02-02,V,SP500
2021-02-02,VAR,SP500
2021-02-02,VEEV,SP500
2021-02-02,VMC,SP500
2021-02-02,VMW,SP500
2021-02-02,VRSK,SP500
2021-02-02,VRSN,SP500
2021-02-02,VRTX,SP500
2021-02-02,W,SP500
2021-02-02,WAB,SP500
2021-02-02,WAT,SP500
2021-02-02,WCN,SP500
2021-02-02,WDAY,SP500
2021-02-02,WMG,SP500
2021-02-02,WORK,SP500
2021-02-02,WST,SP500
2021-02-02,WYNN,SP500
2021-02-02,XLNX,SP500
2021-02-02,YUM,SP500
2021-02-02,Z,SP500
2021-02-02,ZBRA,SP500
2021-02-02,ZG,SP500
2021-02-02,ZM,SP500
2021-02-02,ZS,SP500
2021-02-02,ZTS,SP500
2021-03-02,A,SP500
2021-03-02,AAPL,SP500
2021-03-02,ABMD,SP500
2021-03-02,ABNB,SP500
2021-03-02,ACN,SP500
2021-03-02,ADBE,SP500
2021-03-02,ADI,SP500
2021-03-02,ADP,SP500
2021-03-02,ADSK,SP500
2021-03-02,AFRM,SP500
2021-03-02,AJG,SP500
2021-03-02,AKAM,SP500
2021-03-02,ALB,SP500
2021-03-02,ALGN,SP500
2021-03-02,ALNY,SP500
2021-03-02,ALXN,SP500
2021-03-02,AMAT,SP500
2021-03-02,AMD,SP500
2021-03-02,AME,SP500
2021-03-02,AMT,SP500
2021-03-02,AMZN,SP500
2021-03-02,ANET,SP500
2021-03-02,ANSS,SP500
2021-03-02,AON,SP500
2021-03-02,APH,SP500
2021-03-02,ARE,SP500
2021-03-02,ATUS,SP500
2021-03-02,ATVI,SP500
2021-03-02,AVGO,SP500
2021-03-02,AZO,SP500
2021-03-02,BA,SP500
2021-03-02,BAX,SP500
2021-03-02,BDX,SP500
2021-03-02,BF.A,SP500
2021-03-02,BF.B,SP500
2021-03-02,BKI,SP500
2021-03-02,BKNG,SP500
2021-03-02,BLL,SP500
2021-03-02,BMRN,SP500
2021-03-02,BMY,SP500
2021-03-02,BR,SP500
2021-03-02,BSX,SP500
2021-03-02,BURL,SP500
2021-03-02,CBOE,SP500
2021-03-02,CCI,SP500
2021-03-02,CDNS,SP500
2021-03-02,CERN,SP500
2021-03-02,CGNX,SP500
2021-03-02,CHD,SP500
2021-03-02,CHTR,SP500
2021-03-02,CHWY,SP500
2021-03-02,CL,SP500
2021-03-02,CLX,SP500
2021-03-02,CMG,SP500
2021-03-02,CNC,SP500
2021-03-02,COO,SP500
2021-03-02,COST,SP500
2021-03-02,COUP,SP500
2021-03-02,CPRT,SP500
2021-03-02,CRM,SP500
2021-03-02,CRWD,SP500
2021-03-02,CSGP,SP500
2021-03-02,CTAS,SP500
2021-03-02,CTXS,SP500
2021-03-02,CVNA,SP500
2021-03-02,DASH,SP500
2021-03-02,DBX,SP500
2021-03-02,DDOG,SP500
2021-03-02,DG,SP500
2021-03-02,DHR,SP500
2021-03-02,DKNG,SP500
2021-03-02,DLR,SP500
2021-03-02,DOCU,SP500
2021-03-02,DPZ,SP500
2021-03-02,DXCM,SP500
2021-03-02,EA,SP500
2021-03-02,ECL,SP500
2021-03-02,EFX,SP500
2021-03-02,EL,SP500
2021-03-02,EPAM,SP500
2021-03-02,EQIX,SP500
2021-03-02,ETSY,SP500
2021-03-02,EW,SP500
2021-03-02,EXAS,SP500
2021-03-02,EXPD,SP500
2021-03-02,EXPE,SP500
2021-03-02,EXR,SP500
2021-03-02,FAST,SP500
2021-03-02,FB,SP500
2021-03-02,FDS,SP500
2021-03-02,FIS,SP500
2021-03-02,FISV,SP500
2021-03-02,FLT,SP500
2021-03-02,FMC,SP500
2021-03-02,FRC,SP500
2021-03-02,FTNT,SP500
2021-03-02,GDDY,SP500
2021-03-02,GDRX,SP500
2021-03-02,GOOG,SP500
2021-03-02,GOOGL,SP500
2021-03-02,GPN,SP500
2021-03-02,HD,SP500
2021-03-02,HEI,SP500
2021-03-02,HEI.A,SP500
2021-03-02,HES,SP500
2021-03-02,HLT,SP500
2021-03-02,HSY,SP500
2021-03-02,HUBS,SP500
2021-03-02,IAC,SP500
2021-03-02,IBKR,SP500
2021-03-02,ICE,SP500
2021-03-02,IDXX,SP500
2021-03-02,ILMN,SP500
2021-03-02,INCY,SP500
2021-03-02,INFO,SP500
2021-03-02,INTU,SP500
2021-03-02,INVH,SP500
2021-03-02,IPGP,SP500
2021-03-02,IQV,SP500
2021-03-02,ISRG,SP500
2021-03-02,IT,SP500
2021-03-02,JBHT,SP500
2021-03-02,JKHY,SP500
2021-03-02,KEYS,SP500
2021-03-02,KLAC,SP500
2021-03-02,KSU,SP500
2021-03-02,LBRDA,SP500
2021-03-02,LBRDK,SP500
2021-03-02,LHX,SP500
2021-03-02,LIN,SP500
2021-03-02,LKQ,SP500
2021-03-02,LMT,SP500
2021-03-02,LNG,SP500
2021-03-02,LOW,SP500
2021-03-02,LRCX,SP500
2021-03-02,LULU,SP500
2021-03-02,LW,SP500
2021-03-02,LYFT,SP500
2021-03-02,LYV,SP500
2021-03-02,MA,SP500
2021-03-02,MAS,SP500
2021-03-02,MCD,SP500
2021-03-02,MCHP,SP500
2021-03-02,MCO,SP500
2021-03-02,MKC,SP500
2021-03-02,MKL,SP500
2021-03-02,MKTX,SP500
2021-03-02,MLM,SP500
2021-03-02,MMC,SP500
2021-03-02,MNST,SP500
2021-03-02,MRNA,SP500
2021-03-02,MRVL,SP500
2021-03-02,MSCI,SP500
2021-03-02,MSFT,SP500
2021-03-02,MSI,SP500
2021-03-02,MTCH,SP500
2021-03-02,MTD,SP500
2021-03-02,MTN,SP500
2021-03-02,MU,SP500
2021-03-02,MXIM,SP500
2021-03-02,NET,SP500
2021-03-02,NFLX,SP500
2021-03-02,NKE,SP500
2021-03-02,NKLA,SP500
2021-03-02,NOW,SP500
2021-03-02,NVDA,SP500
2021-03-02,NVR,SP500
2021-03-02,O,SP500
2021-03-02,ODFL,SP500
2021-03-02,OKTA,SP500
2021-03-02,ORLY,SP500
2021-03-02,PANW,SP500
2021-03-02,PAYC,SP500
2021-03-02,PAYX,SP500
2021-03-02,PINS,SP500
2021-03-02,PLTR,SP500
2021-03-02,PODD,SP500
2021-03-02,PPD,SP500
2021-03-02,PSA,SP500
2021-03-02,PTON,SP500
2021-03-02,PXD,SP500
2021-03-02,PYPL,SP500
2021-03-02,QCOM,SP500
2021-03-02,REG,SP500
2021-03-02,REGN,SP500
2021-03-02,RMD,SP500
2021-03-02,RNG,SP500
2021-03-02,ROK,SP500
2021-03-02,ROKU,SP500
2021-03-02,ROL,SP500
2021-03-02,ROP,SP500
2021-03-02,ROST,SP500
2021-03-02,SBAC,SP500
2021-03-02,SBUX,SP500
2021-03-02,SEIC,SP500
2021-03-02,SGEN,SP500
2021-03-02,SHW,SP500
2021-03-02,SIRI,SP500
2021-03-02,SIVB,SP500
2021-03-02,SNAP,SP500
2021-03-02,SNOW,SP500
2021-03-02,SNPS,SP500
2021-03-02,SPGI,SP500
2021-03-02,SPLK,SP500
2021-03-02,SQ,SP500
2021-03-02,SSNC,SP500
2021-03-02,SUI,SP500
2021-03-02,SWKS,SP500
2021-03-02,SYK,SP500
2021-03-02,TDOC,SP500
2021-03-02,TER,SP500
2021-03-02,TFX,SP500
2021-03-02,TJX,SP500
2021-03-02,TMO,SP500
2021-03-02,TRMB,SP500
2021-03-02,TRU,SP500
2021-03-02,TSCO,SP500
2021-03-02,TSLA,SP500
2021-03-02,TTD,SP500
2021-03-02,TTWO,SP500
2021-03-02,TWLO,SP500
2021-03-02,TWTR,SP500
2021-03-02,TXN,SP500
2021-03-02,TYL,SP500
2021-03-02,U,SP500
2021-03-02,UBER,SP500
2021-03-02,UDR,SP500
2021-03-02,ULTA,SP500
2021-03-02,UNP,SP500
2021-03-02,UPS,SP500
2021-03-02,V,SP500
2021-03-02,VAR,SP500
2021-03-02,VEEV,SP500
2021-03-02,VMC,SP500
2021-03-02,VMW,SP500
2021-03-02,VRSK,SP500
2021-03-02,VRSN,SP500
2021-03-02,VRTX,SP500
2021-03-02,W,SP500
2021-03-02,WAB,SP500
2021-03-02,WAT,SP500
2021-03-02,WCN,SP500
2021-03-02,WDAY,SP500
2021-03-02,WMG,SP500
2021-03-02,WORK,SP500
2021-03-02,WST,SP500
2021-03-02,WYNN,SP500
2021-03-02,XLNX,SP500
2021-03-02,XM,SP500
2021-03-02,YUM,SP500
2021-03-02,Z,SP500
2021-03-02,ZBRA,SP500
2021-03-02,ZG,SP500
2021-03-02,ZM,SP500
2021-03-02,ZS,SP500
2021-03-02,ZTS,SP500
2021-04-01,A,SP500
2021-04-01,AAPL,SP500
2021-04-01,ABMD,SP500
2021-04-01,ABNB,SP500
2021-04-01,ACN,SP500
2021-04-01,ADBE,SP500
2021-04-01,ADI,SP500
2021-04-01,ADP,SP500
2021-04-01,ADSK,SP500
2021-04-01,AFRM,SP500
2021-04-01,AJG,SP500
2021-04-01,AKAM,SP500
2021-04-01,ALB,SP500
2021-04-01,ALGN,SP500
2021-04-01,ALNY,SP500
2021-04-01,ALXN,SP500
2021-04-01,AMAT,SP500
2021-04-01,AMD,SP500
2021-04-01,AME,SP500
2021-04-01,AMT,SP500
2021-04-01,AMZN,SP500
2021-04-01,ANET,SP500
2021-04-01,ANSS,SP500
2021-04-01,AON,SP500
2021-04-01,APH,SP500
2021-04-01,ARE,SP500
2021-04-01,ATUS,SP500
2021-04-01,ATVI,SP500
2021-04-01,AVGO,SP500
2021-04-01,AZO,SP500
2021-04-01,BA,SP500
2021-04-01,BAX,SP500
2021-04-01,BDX,SP500
2021-04-01,BF.A,SP500
2021-04-01,BF.B,SP500
2021-04-01,BKI,SP500
2021-04-01,BKNG,SP500
2021-04-01,BLL,SP500
2021-04-01,BMBL,SP500
2021-04-01,BMRN,SP500
2021-04-01,BMY,SP500
2021-04-01,BR,SP500
2021-04-01,BSX,SP500
2021-04-01,BURL,SP500
2021-04-01,CBOE,SP500
2021-04-01,CCI,SP500
2021-04-01,CDNS,SP500
2021-04-01,CERN,SP500
2021-04-01,CGNX,SP500
2021-04-01,CHD,SP500
2021-04-01,CHTR,SP500
2021-04-01,CHWY,SP500
2021-04-01,CL,SP500
2021-04-01,CLX,SP500
2021-04-01,CMG,SP500
2021-04-01,CNC,SP500
2021-04-01,COO,SP500
2021-04-01,COST,SP500
2021-04-01,COUP,SP500
2021-04-01,CPRT,SP500
2021-04-01,CRM,SP500
2021-04-01,CRWD,SP500
2021-04-01,CSGP,SP500
2021-04-01,CTAS,SP500
2021-04-01,CTXS,SP500
2021-04-01,CVNA,SP500
2021-04-01,DASH,SP500
2021-04-01,DBX,SP500
2021-04-01,DDOG,SP500
2021-04-01,DG,SP500
2021-04-01,DHR,SP500
2021-04-01,DKNG,SP500
2021-04-01,DLR,SP500
2021-04-01,DOCU,SP500
2021-04-01,DPZ,SP500
2021-04-01,DXCM,SP500
2021-04-01,EA,SP500
2021-04-01,ECL,SP500
2021-04-01,EFX,SP500
2021-04-01,EL,SP500
2021-04-01,EPAM,SP500
2021-04-01,EQIX,SP500
2021-04-01,ETSY,SP500
2021-04-01,EW,SP500
2021-04-01,EXAS,SP500
2021-04-01,EXPD,SP500
2021-04-01,EXPE,SP500
2021-04-01,EXR,SP500
2021-04-01,FAST,SP500
2021-04-01,FB,SP500
2021-04-01,FDS,SP500
2021-04-01,FIS,SP500
2021-04-01,FISV,SP500
2021-04-01,FLT,SP500
2021-04-01,FMC,SP500
2021-04-01,FRC,SP500
2021-04-01,FTNT,SP500
2021-04-01,GDDY,SP500
2021-04-01,GDRX,SP500
2021-04-01,GOOG,SP500
2021-04-01,GOOGL,SP500
2021-04-01,GPN,SP500
2021-04-01,HD,SP500
2021-04-01,HEI,SP500
2021-04-01,HEI.A,SP500
2021-04-01,HES,SP500
2021-04-01,HLT,SP500
2021-04-01,HSY,SP500
2021-04-01,HUBS,SP500
2021-04-01,IAC,SP500
2021-04-01,IBKR,SP500
2021-04-01,ICE,SP500
2021-04-01,IDXX,SP500
2021-04-01,ILMN,SP500
2021-04-01,INCY,SP500
2021-04-01,INFO,SP500
2021-04-01,INTU,SP500
2021-04-01,INVH,SP500
2021-04-01,IPGP,SP500
2021-04-01,IQV,SP500
2021-04-01,ISRG,SP500
2021-04-01,IT,SP500
2021-04-01,JBHT,SP500
2021-04-01,JKHY,SP500
2021-04-01,KEYS,SP500
2021-04-01,KLAC,SP500
2021-04-01,KSU,SP500
2021-04-01,LBRDA,SP500
2021-04-01,LBRDK,SP500
2021-04-01,LHX,SP500
2021-04-01,LIN,SP500
2021-04-01,LKQ,SP500
2021-04-01,LMT,SP500
2021-04-01,LNG,SP500
2021-04-01,LOW,SP500
2021-04-01,LRCX,SP500
2021-04-01,LULU,SP500
2021-04-01,LW,SP500
2021-04-01,LYFT,SP500
2021-04-01,LYV,SP500
2021-04-01,MA,SP500
2021-04-01,MAS,SP500
2021-04-01,MCD,SP500
2021-04-01,MCHP,SP500
2021-04-01,MCO,SP500
2021-04-01,MKC,SP500
2021-04-01,MKL,SP500
2021-04-01,MKTX,SP500
2021-04-01,MLM,SP500
2021-04-01,MMC,SP500
2021-04-01,MNST,SP500
2021-04-01,MRNA,SP500
2021-04-01,MRVL,SP500
2021-04-01,MSCI,SP500
2021-04-01,MSFT,SP500
2021-04-01,MSI,SP500
2021-04-01,MTCH,SP500
2021-04-01,MTD,SP500
2021-04-01,MTN,SP500
2021-04-01,MU,SP500
2021-04-01,MXIM,SP500
2021-04-01,NET,SP500
2021-04-01,NFLX,SP500
2021-04-01,NKE,SP500
2021-04-01,NKLA,SP500
2021-04-01,NOW,SP500
2021-04-01,NVDA,SP500
2021-04-01,NVR,SP500
2021-04-01,O,SP500
2021-04-01,ODFL,SP500
2021-04-01,OKTA,SP500
2021-04-01,ORLY,SP500
2021-04-01,PANW,SP500
2021-04-01,PAYC,SP500
2021-04-01,PAYX,SP500
2021-04-01,PINS,SP500
2021-04-01,PLTR,SP500
2021-04-01,PODD,SP500
2021-04-01,PPD,SP500
2021-04-01,PSA,SP500
2021-04-01,PTON,SP500
2021-04-01,PXD,SP500
2021-04-01,PYPL,SP500
2021-04-01,QCOM,SP500
2021-04-01,REG,SP500
2021-04-01,REGN,SP500
2021-04-01,RMD,SP500
2021-04-01,RNG,SP500
2021-04-01,ROK,SP500
2021-04-01,ROKU,SP500
2021-04-01,ROL,SP500
2021-04-01,ROP,SP500
2021-04-01,ROST,SP500
2021-04-01,SBAC,SP500
2021-04-01,SBUX,SP500
2021-04-01,SEIC,SP500
2021-04-01,SGEN,SP500
2021-04-01,SHW,SP500
2021-04-01,SIRI,SP500
2021-04-01,SIVB,SP500
2021-04-01,SNAP,SP500
2021-04-01,SNOW,SP500
2021-04-01,SNPS,SP500
2021-04-01,SPGI,SP500
2021-04-01,SPLK,SP500
2021-04-01,SQ,SP500
2021-04-01,SSNC,SP500
2021-04-01,SUI,SP500
2021-04-01,SWKS,SP500
2021-04-01,SYK,SP500
2021-04-01,TDOC,SP500
2021-04-01,TER,SP500
2021-04-01,TFX,SP500
2021-04-01,TJX,SP500
2021-04-01,TMO,SP500
2021-04-01,TRMB,SP500
2021-04-01,TRU,SP500
2021-04-01,TSCO,SP500
2021-04-01,TSLA,SP500
2021-04-01,TTD,SP500
2021-04-01,TTWO,SP500
2021-04-01,TWLO,SP500
2021-04-01,TWTR,SP500
2021-04-01,TXN,SP500
2021-04-01,TYL,SP500
2021-04-01,U,SP500
2021-04-01,UBER,SP500
2021-04-01,UDR,SP500
2021-04-01,ULTA,SP500
2021-04-01,UNP,SP500
2021-04-01,UPS,SP500
2021-04-01,V,SP500
2021-04-01,VAR,SP500
2021-04-01,VEEV,SP500
2021-04-01,VMC,SP500
2021-04-01,VMW,SP500
2021-04-01,VRSK,SP500
2021-04-01,VRSN,SP500
2021-04-01,VRTX,SP500
2021-04-01,W,SP500
2021-04-01,WAB,SP500
2021-04-01,WAT,SP500
2021-04-01,WCN,SP500
2021-04-01,WDAY,SP500
2021-04-01,WMG,SP500
2021-04-01,WORK,SP500
2021-04-01,WST,SP500
2021-04-01,WYNN,SP500
2021-04-01,XLNX,SP500
2021-04-01,XM,SP500
2021-04-01,YUM,SP500
2021-04-01,Z,SP500
2021-04-01,ZBRA,SP500
2021-04-01,ZG,SP500
2021-04-01,ZM,SP500
2021-04-01,ZS,SP500
2021-04-01,ZTS,SP500
2021-05-01,A,SP500
2021-05-01,AAPL,SP500
2021-05-01,ABMD,SP500
2021-05-01,ABNB,SP500
2021-05-01,ACN,SP500
2021-05-01,ADBE,SP500
2021-05-01,ADI,SP500
2021-05-01,ADP,SP500
2021-05-01,ADSK,SP500
2021-05-01,AFRM,SP500
2021-05-01,AJG,SP500
2021-05-01,AKAM,SP500
2021-05-01,ALB,SP500
2021-05-01,ALGN,SP500
2021-05-01,ALNY,SP500
2021-05-01,ALXN,SP500
2021-05-01,AMAT,SP500
2021-05-01,AMD,SP500
2021-05-01,AME,SP500
2021-05-01,AMT,SP500
2021-05-01,AMZN,SP500
2021-05-01,ANET,SP500
2021-05-01,ANSS,SP500
2021-05-01,AON,SP500
2021-05-01,APH,SP500
2021-05-01,APTV,SP500
2021-05-01,ARE,SP500
2021-05-01,ATUS,SP500
2021-05-01,ATVI,SP500
2021-05-01,AVGO,SP500
2021-05-01,AZO,SP500
2021-05-01,BA,SP500
2021-05-01,BAX,SP500
2021-05-01,BDX,SP500
2021-05-01,BF.A,SP500
2021-05-01,BF.B,SP500
2021-05-01,BIO,SP500
2021-05-01,BKI,SP500
2021-05-01,BKNG,SP500
2021-05-01,BLL,SP500
2021-05-01,BMBL,SP500
2021-05-01,BMRN,SP500
2021-05-01,BMY,SP500
2021-05-01,BR,SP500
2021-05-01,BSX,SP500
2021-05-01,BURL,SP500
2021-05-01,CBOE,SP500
2021-05-01,CCI,SP500
2021-05-01,CDNS,SP500
2021-05-01,CERN,SP500
2021-05-01,CGNX,SP500
2021-05-01,CHD,SP500
2021-05-01,CHTR,SP500
2021-05-01,CHWY,SP500
2021-05-01,CL,SP500
2021-05-01,CLX,SP500
2021-05-01,CMG,SP500
2021-05-01,CNC,SP500
2021-05-01,COO,SP500
2021-05-01,COP,SP500
2021-05-01,COST,SP500
2021-05-01,COUP,SP500
2021-05-01,CPRT,SP500
2021-05-01,CRM,SP500
2021-05-01,CRWD,SP500
2021-05-01,CSGP,SP500
2021-05-01,CTAS,SP500
2021-05-01,CTLT,SP500
2021-05-01,CTXS,SP500
2021-05-01,CVNA,SP500
2021-05-01,CZR,SP500
2021-05-01,DASH,SP500
2021-05-01,DBX,SP500
2021-05-01,DDOG,SP500
2021-05-01,DG,SP500
2021-05-01,DHR,SP500
2021-05-01,DIS,SP500
2021-05-01,DKNG,SP500
2021-05-01,DLR,SP500
2021-05-01,DOCU,SP500
2021-05-01,DPZ,SP500
2021-05-01,DXCM,SP500
2021-05-01,EA,SP500
2021-05-01,ECL,SP500
2021-05-01,EFX,SP500
2021-05-01,EL,SP500
2021-05-01,ENPH,SP500
2021-05-01,EPAM,SP500
2021-05-01,EQIX,SP500
2021-05-01,ETSY,SP500
2021-05-01,EW,SP500
2021-05-01,EXAS,SP500
2021-05-01,EXPD,SP500
2021-05-01,EXPE,SP500
2021-05-01,FAST,SP500
2021-05-01,FB,SP500
2021-05-01,FDS,SP500
2021-05-01,FIS,SP500
2021-05-01,FISV,SP500
2021-05-01,FLT,SP500
2021-05-01,FMC,SP500
2021-05-01,FRC,SP500
2021-05-01,FTNT,SP500
2021-05-01,GDDY,SP500
2021-05-01,GDRX,SP500
2021-05-01,GNRC,SP500
2021-05-01,GOOG,SP500
2021-05-01,GOOGL,SP500
2021-05-01,GPN,SP500
2021-05-01,HD,SP500
2021-05-01,HEI,SP500
2021-05-01,HEI.A,SP500
2021-05-01,HES,SP500
2021-05-01,HLT,SP500
2021-05-01,HSY,SP500
2021-05-01,HUBS,SP500
2021-05-01,HZNP,SP500
2021-05-01,IAC,SP500
2021-05-01,IBKR,SP500
2021-05-01,ICE,SP500
2021-05-01,IDXX,SP500
2021-05-01,ILMN,SP500
2021-05-01,INCY,SP500
2021-05-01,INFO,SP500
2021-05-01,INTU,SP500
2021-05-01,INVH,SP500
2021-05-01,IPGP,SP500
2021-05-01,IQV,SP500
2021-05-01,ISRG,SP500
2021-05-01,IT,SP500
2021-05-01,JBHT,SP500
2021-05-01,JKHY,SP500
2021-05-01,KEYS,SP500
2021-05-01,KLAC,SP500
2021-05-01,KSU,SP500
2021-05-01,LBRDA,SP500
2021-05-01,LBRDK,SP500
2021-05-01,LHX,SP500
2021-05-01,LIN,SP500
2021-05-01,LKQ,SP500
2021-05-01,LMT,SP500
2021-05-01,LNG,SP500
2021-05-01,LOW,SP500
2021-05-01,LRCX,SP500
2021-05-01,LULU,SP500
2021-05-01,LW,SP500
2021-05-01,LYFT,SP500
2021-05-01,LYV,SP500
2021-05-01,MA,SP500
2021-05-01,MAS,SP500
2021-05-01,MCD,SP500
2021-05-01,MCHP,SP500
2021-05-01,MCO,SP500
2021-05-01,MDB,SP500
2021-05-01,MKC,SP500
2021-05-01,MKL,SP500
2021-05-01,MKTX,SP500
2021-05-01,MLM,SP500
2021-05-01,MNST,SP500
2021-05-01,MPWR,SP500
2021-05-01,MRNA,SP500
2021-05-01,MRVL,SP500
2021-05-01,MSCI,SP500
2021-05-01,MSFT,SP500
2021-05-01,MSI,SP500
2021-05-01,MTCH,SP500
2021-05-01,MTD,SP500
2021-05-01,MTN,SP500
2021-05-01,MU,SP500
2021-05-01,MXIM,SP500
2021-05-01,NET,SP500
2021-05-01,NFLX,SP500
2021-05-01,NKE,SP500
2021-05-01,NOW,SP500
2021-05-01,NVDA,SP500
2021-05-01,NVR,SP500
2021-05-01,O,SP500
2021-05-01,ODFL,SP500
2021-05-01,OKTA,SP500
2021-05-01,OPEN,SP500
2021-05-01,ORLY,SP500
2021-05-01,OSH,SP500
2021-05-01,PANW,SP500
2021-05-01,PAYC,SP500
2021-05-01,PAYX,SP500
2021-05-01,PENN,SP500
2021-05-01,PINS,SP500
2021-05-01,PLTR,SP500
2021-05-01,PLUG,SP500
2021-05-01,PODD,SP500
2021-05-01,PPD,SP500
2021-05-01,PSA,SP500
2021-05-01,PTON,SP500
2021-05-01,PXD,SP500
2021-05-01,PYPL,SP500
2021-05-01,QCOM,SP500
2021-05-01,QS,SP500
2021-05-01,RBLX,SP500
2021-05-01,REG,SP500
2021-05-01,REGN,SP500
2021-05-01,RMD,SP500
2021-05-01,RNG,SP500
2021-05-01,ROK,SP500
2021-05-01,ROKU,SP500
2021-05-01,ROL,SP500
2021-05-01,ROP,SP500
2021-05-01,ROST,SP500
2021-05-01,SBAC,SP500
2021-05-01,SBUX,SP500
2021-05-01,SEIC,SP500
2021-05-01,SGEN,SP500
2021-05-01,SHW,SP500
2021-05-01,SIRI,SP500
2021-05-01,SIVB,SP500
2021-05-01,SNAP,SP500
2021-05-01,SNOW,SP500
2021-05-01,SNPS,SP500
2021-05-01,SPGI,SP500
2021-05-01,SPLK,SP500
2021-05-01,SQ,SP500
2021-05-01,SSNC,SP500
2021-05-01,SUI,SP500
2021-05-01,SWKS,SP500
2021-05-01,SYK,SP500
2021-05-01,TDOC,SP500
2021-05-01,TER,SP500
2021-05-01,TFX,SP500
2021-05-01,TJX,SP500
2021-05-01,TMO,SP500
2021-05-01,TRMB,SP500
2021-05-01,TRU,SP500
2021-05-01,TSCO,SP500
2021-05-01,TSLA,SP500
2021-05-01,TTD,SP500
2021-05-01,TTWO,SP500
2021-05-01,TW,SP500
2021-05-01,TWLO,SP500
2021-05-01,TWTR,SP500
2021-05-01,TXG,SP500
2021-05-01,TXN,SP500
2021-05-01,TYL,SP500
2021-05-01,U,SP500
2021-05-01,UBER,SP500
2021-05-01,UDR,SP500
2021-05-01,UI,SP500
2021-05-01,ULTA,SP500
2021-05-01,UNP,SP500
2021-05-01,UPS,SP500
2021-05-01,V,SP500
2021-05-01,VEEV,SP500
2021-05-01,VMC,SP500
2021-05-01,VMW,SP500
2021-05-01,VRSK,SP500
2021-05-01,VRSN,SP500
2021-05-01,VRTX,SP500
2021-05-01,W,SP500
2021-05-01,WAB,SP500
2021-05-01,WAT,SP500
2021-05-01,WCN,SP500
2021-05-01,WDAY,SP500
2021-05-01,WMG,SP500
2021-05-01,WORK,SP500
2021-05-01,WST,SP500
2021-05-01,WYNN,SP500
2021-05-01,XLNX,SP500
2021-05-01,XM,SP500
2021-05-01,YUM,SP500
2021-05-01,Z,SP500
2021-05-01,ZBRA,SP500
2021-05-01,ZEN,SP500
2021-05-01,ZG,SP500
2021-05-01,ZM,SP500
2021-05-01,ZS,SP500
2021-05-01,ZTS,SP500
2021-06-02,A,SP500
2021-06-02,AAPL,SP500
2021-06-02,ABMD,SP500
2021-06-02,ABNB,SP500
2021-06-02,ACN,SP500
2021-06-02,ADBE,SP500
2021-06-02,ADI,SP500
2021-06-02,ADP,SP500
2021-06-02,ADSK,SP500
2021-06-02,AFRM,SP500
2021-06-02,AJG,SP500
2021-06-02,AKAM,SP500
2021-06-02,ALB,SP500
2021-06-02,ALGN,SP500
2021-06-02,ALNY,SP500
2021-06-02,ALXN,SP500
2021-06-02,AMAT,SP500
2021-06-02,AMD,SP500
2021-06-02,AME,SP500
2021-06-02,AMT,SP500
2021-06-02,AMZN,SP500
2021-06-02,ANET,SP500
2021-06-02,ANSS,SP500
2021-06-02,AON,SP500
2021-06-02,APH,SP500
2021-06-02,APP,SP500
2021-06-02,APTV,SP500
2021-06-02,ARE,SP500
2021-06-02,ATUS,SP500
2021-06-02,ATVI,SP500
2021-06-02,AVGO,SP500
2021-06-02,AZO,SP500
2021-06-02,BA,SP500
2021-06-02,BAX,SP500
2021-06-02,BDX,SP500
2021-06-02,BF.A,SP500
2021-06-02,BF.B,SP500
2021-06-02,BIO,SP500
2021-06-02,BKI,SP500
2021-06-02,BKNG,SP500
2021-06-02,BLL,SP500
2021-06-02,BMBL,SP500
2021-06-02,BMRN,SP500
2021-06-02,BMY,SP500
2021-06-02,BR,SP500
2021-06-02,BSX,SP500
2021-06-02,BURL,SP500
2021-06-02,CBOE,SP500
2021-06-02,CCI,SP500
2021-06-02,CDNS,SP500
2021-06-02,CERN,SP500
2021-06-02,CGNX,SP500
2021-06-02,CHD,SP500
2021-06-02,CHTR,SP500
2021-06-02,CHWY,SP500
2021-06-02,CL,SP500
2021-06-02,CLX,SP500
2021-06-02,CMG,SP500
2021-06-02,CNC,SP500
2021-06-02,COIN,SP500
2021-06-02,COO,SP500
2021-06-02,COST,SP500
2021-06-02,COUP,SP500
2021-06-02,CPRT,SP500
2021-06-02,CRM,SP500
2021-06-02,CRWD,SP500
2021-06-02,CSGP,SP500
2021-06-02,CTAS,SP500
2021-06-02,CTLT,SP500
2021-06-02,CTXS,SP500
2021-06-02,CVNA,SP500
2021-06-02,CZR,SP500
2021-06-02,DASH,SP500
2021-06-02,DBX,SP500
2021-06-02,DDOG,SP500
2021-06-02,DG,SP500
2021-06-02,DHR,SP500
2021-06-02,DIS,SP500
2021-06-02,DKNG,SP500
2021-06-02,DLR,SP500
2021-06-02,DOCU,SP500
2021-06-02,DPZ,SP500
2021-06-02,DXCM,SP500
2021-06-02,EA,SP500
2021-06-02,ECL,SP500
2021-06-02,EDR,SP500
2021-06-02,EFX,SP500
2021-06-02,EL,SP500
2021-06-02,ENPH,SP500
2021-06-02,EPAM,SP500
2021-06-02,EQIX,SP500
2021-06-02,ETSY,SP500
2021-06-02,EW,SP500
2021-06-02,EXAS,SP500
2021-06-02,EXPD,SP500
2021-06-02,EXPE,SP500
2021-06-02,FAST,SP500
2021-06-02,FB,SP500
2021-06-02,FDS,SP500
2021-06-02,FIS,SP500
2021-06-02,FISV,SP500
2021-06-02,FLT,SP500
2021-06-02,FMC,SP500
2021-06-02,FRC,SP500
2021-06-02,FTNT,SP500
2021-06-02,GDDY,SP500
2021-06-02,GDRX,SP500
2021-06-02,GNRC,SP500
2021-06-02,GOOG,SP500
2021-06-02,GOOGL,SP500
2021-06-02,GPN,SP500
2021-06-02,HD,SP500
2021-06-02,HEI,SP500
2021-06-02,HEI.A,SP500
2021-06-02,HES,SP500
2021-06-02,HLT,SP500
2021-06-02,HSY,SP500
2021-06-02,HUBS,SP500
2021-06-02,HZNP,SP500
2021-06-02,IAC,SP500
2021-06-02,IBKR,SP500
2021-06-02,ICE,SP500
2021-06-02,IDXX,SP500
2021-06-02,ILMN,SP500
2021-06-02,INCY,SP500
2021-06-02,INFO,SP500
2021-06-02,INTU,SP500
2021-06-02,INVH,SP500
2021-06-02,IPGP,SP500
2021-06-02,IQV,SP500
2021-06-02,ISRG,SP500
2021-06-02,IT,SP500
2021-06-02,JBHT,SP500
2021-06-02,JKHY,SP500
2021-06-02,KEYS,SP500
2021-06-02,KLAC,SP500
2021-06-02,KSU,SP500
2021-06-02,LBRDA,SP500
2021-06-02,LBRDK,SP500
2021-06-02,LHX,SP500
2021-06-02,LIN,SP500
2021-06-02,LKQ,SP500
2021-06-02,LMT,SP500
2021-06-02,LNG,SP500
2021-06-02,LOW,SP500
2021-06-02,LRCX,SP500
2021-06-02,LULU,SP500
2021-06-02,LW,SP500
2021-06-02,LYFT,SP500
2021-06-02,LYV,SP500
2021-06-02,MA,SP500
2021-06-02,MAS,SP500
2021-06-02,MCD,SP500
2021-06-02,MCHP,SP500
2021-06-02,MCO,SP500
2021-06-02,MDB,SP500
2021-06-02,MKC,SP500
2021-06-02,MKL,SP500
2021-06-02,MKTX,SP500
2021-06-02,MLM,SP500
2021-06-02,MNST,SP500
2021-06-02,MPWR,SP500
2021-06-02,MRNA,SP500
2021-06-02,MRVL,SP500
2021-06-02,MSCI,SP500
2021-06-02,MSFT,SP500
2021-06-02,MSI,SP500
2021-06-02,MTCH,SP500
2021-06-02,MTD,SP500
2021-06-02,MTN,SP500
2021-06-02,MU,SP500
2021-06-02,MXIM,SP500
2021-06-02,NET,SP500
2021-06-02,NFLX,SP500
2021-06-02,NKE,SP500
2021-06-02,NOW,SP500
2021-06-02,NVDA,SP500
2021-06-02,NVR,SP500
2021-06-02,O,SP500
2021-06-02,ODFL,SP500
2021-06-02,OKTA,SP500
2021-06-02,OPEN,SP500
2021-06-02,ORLY,SP500
2021-06-02,OSH,SP500
2021-06-02,PANW,SP500
2021-06-02,PATH,SP500
2021-06-02,PAYC,SP500
2021-06-02,PAYX,SP500
2021-06-02,PENN,SP500
2021-06-02,PINS,SP500
2021-06-02,PLTR,SP500
2021-06-02,PLUG,SP500
2021-06-02,PODD,SP500
2021-06-02,PPD,SP500
2021-06-02,PSA,SP500
2021-06-02,PTON,SP500
2021-06-02,PXD,SP500
2021-06-02,PYPL,SP500
2021-06-02,QCOM,SP500
2021-06-02,QS,SP500
2021-06-02,RBLX,SP500
2021-06-02,REG,SP500
2021-06-02,REGN,SP500
2021-06-02,RMD,SP500
2021-06-02,RNG,SP500
2021-06-02,ROK,SP500
2021-06-02,ROKU,SP500
2021-06-02,ROL,SP500
2021-06-02,ROP,SP500
2021-06-02,ROST,SP500
2021-06-02,SBAC,SP500
2021-06-02,SBUX,SP500
2021-06-02,SEIC,SP500
2021-06-02,SGEN,SP500
2021-06-02,SHW,SP500
2021-06-02,SIRI,SP500
2021-06-02,SIVB,SP500
2021-06-02,SNAP,SP500
2021-06-02,SNOW,SP500
2021-06-02,SNPS,SP500
2021-06-02,SPGI,SP500
2021-06-02,SPLK,SP500
2021-06-02,SQ,SP500
2021-06-02,SSNC,SP500
2021-06-02,SUI,SP500
2021-06-02,SWKS,SP500
2021-06-02,SYK,SP500
2021-06-02,TDOC,SP500
2021-06-02,TER,SP500
2021-06-02,TFX,SP500
2021-06-02,TJX,SP500
2021-06-02,TMO,SP500
2021-06-02,TRMB,SP500
2021-06-02,TRU,SP500
2021-06-02,TSCO,SP500
2021-06-02,TSLA,SP500
2021-06-02,TTD,SP500
2021-06-02,TTWO,SP500
2021-06-02,TW,SP500
2021-06-02,TWLO,SP500
2021-06-02,TWTR,SP500
2021-06-02,TXG,SP500
2021-06-02,TXN,SP500
2021-06-02,TYL,SP500
2021-06-02,U,SP500
2021-06-02,UBER,SP500
2021-06-02,UDR,SP500
2021-06-02,UI,SP500
2021-06-02,ULTA,SP500
2021-06-02,UNP,SP500
2021-06-02,UPS,SP500
2021-06-02,V,SP500
2021-06-02,VEEV,SP500
2021-06-02,VMC,SP500
2021-06-02,VMW,SP500
2021-06-02,VRSK,SP500
2021-06-02,VRSN,SP500
2021-06-02,VRTX,SP500
2021-06-02,W,SP500
2021-06-02,WAB,SP500
2021-06-02,WAT,SP500
2021-06-02,WCN,SP500
2021-06-02,WDAY,SP500
2021-06-02,WMG,SP500
2021-06-02,WORK,SP500
2021-06-02,WST,SP500
2021-06-02,WYNN,SP500
2021-06-02,XLNX,SP500
2021-06-02,XM,SP500
2021-06-02,YUM,SP500
2021-06-02,Z,SP500
2021-06-02,ZBRA,SP500
2021-06-02,ZEN,SP500
2021-06-02,ZG,SP500
2021-06-02,ZM,SP500
2021-06-02,ZS,SP500
2021-06-02,ZTS,SP500
2021-07-01,A,SP500
2021-07-01,AAPL,SP500
2021-07-01,ABMD,SP500
2021-07-01,ABNB,SP500
2021-07-01,ACN,SP500
2021-07-01,ADBE,SP500
2021-07-01,ADI,SP500
2021-07-01,ADP,SP500
2021-07-01,ADSK,SP500
2021-07-01,AFRM,SP500
2021-07-01,AJG,SP500
2021-07-01,AKAM,SP500
2021-07-01,ALB,SP500
2021-07-01,ALGN,SP500
2021-07-01,ALNY,SP500
2021-07-01,ALXN,SP500
2021-07-01,AMAT,SP500
2021-07-01,AMD,SP500
2021-07-01,AME,SP500
2021-07-01,AMT,SP500
2021-07-01,AMZN,SP500
2021-07-01,ANET,SP500
2021-07-01,ANSS,SP500
2021-07-01,AON,SP500
2021-07-01,APH,SP500
2021-07-01,APP,SP500
2021-07-01,APTV,SP500
2021-07-01,ARE,SP500
2021-07-01,ATUS,SP500
2021-07-01,ATVI,SP500
2021-07-01,AVGO,SP500
2021-07-01,AZO,SP500
2021-07-01,BA,SP500
2021-07-01,BAX,SP500
2021-07-01,BDX,SP500
2021-07-01,BF.A,SP500
2021-07-01,BF.B,SP500
2021-07-01,BIO,SP500
2021-07-01,BKI,SP500
2021-07-01,BKNG,SP500
2021-07-01,BLL,SP500
2021-07-01,BMBL,SP500
2021-07-01,BMRN,SP500
2021-07-01,BMY,SP500
2021-07-01,BR,SP500
2021-07-01,BSX,SP500
2021-07-01,BURL,SP500
2021-07-01,CBOE,SP500
2021-07-01,CCI,SP500
2021-07-01,CDNS,SP500
2021-07-01,CERN,SP500
2021-07-01,CGNX,SP500
2021-07-01,CHD,SP500
2021-07-01,CHTR,SP500
2021-07-01,CHWY,SP500
2021-07-01,CL,SP500
2021-07-01,CLX,SP500
2021-07-01,CMG,SP500
2021-07-01,CNC,SP500
2021-07-01,COIN,SP500
2021-07-01,COO,SP500
2021-07-01,COST,SP500
2021-07-01,COUP,SP500
2021-07-01,CPRT,SP500
2021-07-01,CRM,SP500
2021-07-01,CRWD,SP500
2021-07-01,CSGP,SP500
2021-07-01,CTAS,SP500
2021-07-01,CTLT,SP500
2021-07-01,CTXS,SP500
2021-07-01,CVNA,SP500
2021-07-01,CZR,SP500
2021-07-01,DASH,SP500
2021-07-01,DBX,SP500
2021-07-01,DDOG,SP500
2021-07-01,DG,SP500
2021-07-01,DHR,SP500
2021-07-01,DIS,SP500
2021-07-01,DKNG,SP500
2021-07-01,DLR,SP500
2021-07-01,DOCU,SP500
2021-07-01,DPZ,SP500
2021-07-01,DXCM,SP500
2021-07-01,EA,SP500
2021-07-01,ECL,SP500
2021-07-01,EDR,SP500
2021-07-01,EFX,SP500
2021-07-01,EL,SP500
2021-07-01,ENPH,SP500
2021-07-01,EPAM,SP500
2021-07-01,EQIX,SP500
2021-07-01,ETSY,SP500
2021-07-01,EW,SP500
2021-07-01,EXAS,SP500
2021-07-01,EXPD,SP500
2021-07-01,EXPE,SP500
2021-07-01,FAST,SP500
2021-07-01,FB,SP500
2021-07-01,FDS,SP500
2021-07-01,FIS,SP500
2021-07-01,FISV,SP500
2021-07-01,FLT,SP500
2021-07-01,FMC,SP500
2021-07-01,FRC,SP500
2021-07-01,FTNT,SP500
2021-07-01,GDDY,SP500
2021-07-01,GDRX,SP500
2021-07-01,GNRC,SP500
2021-07-01,GOOG,SP500
2021-07-01,GOOGL,SP500
2021-07-01,GPN,SP500
2021-07-01,HD,SP500
2021-07-01,HEI,SP500
2021-07-01,HEI.A,SP500
2021-07-01,HES,SP500
2021-07-01,HLT,SP500
2021-07-01,HSY,SP500
2021-07-01,HUBS,SP500
2021-07-01,HZNP,SP500
2021-07-01,IAC,SP500
2021-07-01,IBKR,SP500
2021-07-01,ICE,SP500
2021-07-01,IDXX,SP500
2021-07-01,ILMN,SP500
2021-07-01,INCY,SP500
2021-07-01,INFO,SP500
2021-07-01,INTU,SP500
2021-07-01,INVH,SP500
2021-07-01,IPGP,SP500
2021-07-01,IQV,SP500
2021-07-01,ISRG,SP500
2021-07-01,IT,SP500
2021-07-01,JBHT,SP500
2021-07-01,JKHY,SP500
2021-07-01,KEYS,SP500
2021-07-01,KLAC,SP500
2021-07-01,KSU,SP500
2021-07-01,LBRDA,SP500
2021-07-01,LBRDK,SP500
2021-07-01,LHX,SP500
2021-07-01,LIN,SP500
2021-07-01,LKQ,SP500
2021-07-01,LMT,SP500
2021-07-01,LNG,SP500
2021-07-01,LOW,SP500
2021-07-01,LRCX,SP500
2021-07-01,LULU,SP500
2021-07-01,LW,SP500
2021-07-01,LYFT,SP500
2021-07-01,LYV,SP500
2021-07-01,MA,SP500
2021-07-01,MAS,SP500
2021-07-01,MCD,SP500
2021-07-01,MCHP,SP500
2021-07-01,MCO,SP500
2021-07-01,MDB,SP500
2021-07-01,MKC,SP500
2021-07-01,MKL,SP500
2021-07-01,MKTX,SP500
2021-07-01,MLM,SP500
2021-07-01,MNST,SP500
2021-07-01,MPWR,SP500
2021-07-01,MRNA,SP500
2021-07-01,MRVL,SP500
2021-07-01,MSCI,SP500
2021-07-01,MSFT,SP500
2021-07-01,MSI,SP500
2021-07-01,MTCH,SP500
2021-07-01,MTD,SP500
2021-07-01,MTN,SP500
2021-07-01,MU,SP500
2021-07-01,MXIM,SP500
2021-07-01,NET,SP500
2021-07-01,NFLX,SP500
2021-07-01,NKE,SP500
2021-07-01,NOW,SP500
2021-07-01,NVDA,SP500
2021-07-01,NVR,SP500
2021-07-01,O,SP500
2021-07-01,ODFL,SP500
2021-07-01,OKTA,SP500
2021-07-01,OPEN,SP500
2021-07-01,ORLY,SP500
2021-07-01,OSH,SP500
2021-07-01,PANW,SP500
2021-07-01,PATH,SP500
2021-07-01,PAYC,SP500
2021-07-01,PAYX,SP500
2021-07-01,PENN,SP500
2021-07-01,PINS,SP500
2021-07-01,PLTR,SP500
2021-07-01,PLUG,SP500
2021-07-01,PODD,SP500
2021-07-01,PPD,SP500
2021-07-01,PSA,SP500
2021-07-01,PTON,SP500
2021-07-01,PXD,SP500
2021-07-01,PYPL,SP500
2021-07-01,QCOM,SP500
2021-07-01,QS,SP500
2021-07-01,RBLX,SP500
2021-07-01,REG,SP500
2021-07-01,REGN,SP500
2021-07-01,RMD,SP500
2021-07-01,RNG,SP500
2021-07-01,ROK,SP500
2021-07-01,ROKU,SP500
2021-07-01,ROL,SP500
2021-07-01,ROP,SP500
2021-07-01,ROST,SP500
2021-07-01,SBAC,SP500
2021-07-01,SBUX,SP500
2021-07-01,SEIC,SP500
2021-07-01,SGEN,SP500
2021-07-01,SHW,SP500
2021-07-01,SIRI,SP500
2021-07-01,SIVB,SP500
2021-07-01,SNAP,SP500
2021-07-01,SNOW,SP500
2021-07-01,SNPS,SP500
2021-07-01,SPGI,SP500
2021-07-01,SPLK,SP500
2021-07-01,SQ,SP500
2021-07-01,SSNC,SP500
2021-07-01,SUI,SP500
2021-07-01,SWKS,SP500
2021-07-01,SYK,SP500
2021-07-01,TDOC,SP500
2021-07-01,TDY,SP500
2021-07-01,TER,SP500
2021-07-01,TFX,SP500
2021-07-01,TJX,SP500
2021-07-01,TMO,SP500
2021-07-01,TRMB,SP500
2021-07-01,TRU,SP500
2021-07-01,TSCO,SP500
2021-07-01,TSLA,SP500
2021-07-01,TTD,SP500
2021-07-01,TTWO,SP500
2021-07-01,TW,SP500
2021-07-01,TWLO,SP500
2021-07-01,TWTR,SP500
2021-07-01,TXG,SP500
2021-07-01,TXN,SP500
2021-07-01,TYL,SP500
2021-07-01,U,SP500
2021-07-01,UBER,SP500
2021-07-01,UDR,SP500
2021-07-01,UI,SP500
2021-07-01,ULTA,SP500
2021-07-01,UNP,SP500
2021-07-01,UPS,SP500
2021-07-01,V,SP500
2021-07-01,VEEV,SP500
2021-07-01,VMC,SP500
2021-07-01,VMEO,SP500
2021-07-01,VMW,SP500
2021-07-01,VRSK,SP500
2021-07-01,VRSN,SP500
2021-07-01,VRTX,SP500
2021-07-01,W,SP500
2021-07-01,WAB,SP500
2021-07-01,WAT,SP500
2021-07-01,WCN,SP500
2021-07-01,WDAY,SP500
2021-07-01,WMG,SP500
2021-07-01,WORK,SP500
2021-07-01,WST,SP500
2021-07-01,WYNN,SP500
2021-07-01,XLNX,SP500
2021-07-01,XM,SP500
2021-07-01,YUM,SP500
2021-07-01,Z,SP500
2021-07-01,ZBRA,SP500
2021-07-01,ZEN,SP500
2021-07-01,ZG,SP500
2021-07-01,ZM,SP500
2021-07-01,ZS,SP500
2021-07-01,ZTS,SP500
2021-08-03,A,SP500
2021-08-03,AAPL,SP500
2021-08-03,ABMD,SP500
2021-08-03,ABNB,SP500
2021-08-03,ACN,SP500
2021-08-03,ADBE,SP500
2021-08-03,ADI,SP500
2021-08-03,ADP,SP500
2021-08-03,ADSK,SP500
2021-08-03,AFRM,SP500
2021-08-03,AJG,SP500
2021-08-03,AKAM,SP500
2021-08-03,ALB,SP500
2021-08-03,ALGN,SP500
2021-08-03,ALNY,SP500
2021-08-03,AMAT,SP500
2021-08-03,AMC,SP500
2021-08-03,AMD,SP500
2021-08-03,AME,SP500
2021-08-03,AMT,SP500
2021-08-03,AMZN,SP500
2021-08-03,ANET,SP500
2021-08-03,ANSS,SP500
2021-08-03,AON,SP500
2021-08-03,APH,SP500
2021-08-03,APP,SP500
2021-08-03,APTV,SP500
2021-08-03,ARE,SP500
2021-08-03,ATUS,SP500
2021-08-03,ATVI,SP500
2021-08-03,AVGO,SP500
2021-08-03,AZO,SP500
2021-08-03,BA,SP500
2021-08-03,BAX,SP500
2021-08-03,BDX,SP500
2021-08-03,BF.A,SP500
2021-08-03,BF.B,SP500
2021-08-03,BIO,SP500
2021-08-03,BKI,SP500
2021-08-03,BKNG,SP500
2021-08-03,BLL,SP500
2021-08-03,BMBL,SP500
2021-08-03,BMRN,SP500
2021-08-03,BMY,SP500
2021-08-03,BR,SP500
2021-08-03,BSX,SP500
2021-08-03,BSY,SP500
2021-08-03,BURL,SP500
2021-08-03,CBOE,SP500
2021-08-03,CCI,SP500
2021-08-03,CDNS,SP500
2021-08-03,CERN,SP500
2021-08-03,CGNX,SP500
2021-08-03,CHD,SP500
2021-08-03,CHTR,SP500
2021-08-03,CHWY,SP500
2021-08-03,CL,SP500
2021-08-03,CLX,SP500
2021-08-03,CMG,SP500
2021-08-03,CNC,SP500
2021-08-03,COIN,SP500
2021-08-03,COO,SP500
2021-08-03,COST,SP500
2021-08-03,COUP,SP500
2021-08-03,CPRT,SP500
2021-08-03,CRM,SP500
2021-08-03,CRWD,SP500
2021-08-03,CSGP,SP500
2021-08-03,CTAS,SP500
2021-08-03,CTLT,SP500
2021-08-03,CTXS,SP500
2021-08-03,CVNA,SP500
2021-08-03,CZR,SP500
2021-08-03,DASH,SP500
2021-08-03,DBX,SP500
2021-08-03,DDOG,SP500
2021-08-03,DG,SP500
2021-08-03,DHR,SP500
2021-08-03,DIS,SP500
2021-08-03,DKNG,SP500
2021-08-03,DLR,SP500
2021-08-03,DOCU,SP500
2021-08-03,DPZ,SP500
2021-08-03,DXCM,SP500
2021-08-03,EA,SP500
2021-08-03,ECL,SP500
2021-08-03,EDR,SP500
2021-08-03,EFX,SP500
2021-08-03,EL,SP500
2021-08-03,ENPH,SP500
2021-08-03,EPAM,SP500
2021-08-03,EQIX,SP500
2021-08-03,ETSY,SP500
2021-08-03,EW,SP500
2021-08-03,EXAS,SP500
2021-08-03,EXPD,SP500
2021-08-03,EXPE,SP500
2021-08-03,FAST,SP500
2021-08-03,FB,SP500
2021-08-03,FDS,SP500
2021-08-03,FIS,SP500
2021-08-03,FISV,SP500
2021-08-03,FLT,SP500
2021-08-03,FMC,SP500
2021-08-03,FRC,SP500
2021-08-03,FTNT,SP500
2021-08-03,GDDY,SP500
2021-08-03,GDRX,SP500
2021-08-03,GNRC,SP500
2021-08-03,GOOG,SP500
2021-08-03,GOOGL,SP500
2021-08-03,GPN,SP500
2021-08-03,HD,SP500
2021-08-03,HEI,SP500
2021-08-03,HEI.A,SP500
2021-08-03,HES,SP500
2021-08-03,HLT,SP500
2021-08-03,HSY,SP500
2021-08-03,HUBS,SP500
2021-08-03,HZNP,SP500
2021-08-03,IAC,SP500
2021-08-03,IBKR,SP500
2021-08-03,ICE,SP500
2021-08-03,IDXX,SP500
2021-08-03,ILMN,SP500
2021-08-03,INCY,SP500
2021-08-03,INFO,SP500
2021-08-03,INTU,SP500
2021-08-03,INVH,SP500
2021-08-03,IPGP,SP500
2021-08-03,IQV,SP500
2021-08-03,ISRG,SP500
2021-08-03,IT,SP500
2021-08-03,JBHT,SP500
2021-08-03,JKHY,SP500
2021-08-03,KEYS,SP500
2021-08-03,KLAC,SP500
2021-08-03,KSU,SP500
2021-08-03,LBRDA,SP500
2021-08-03,LBRDK,SP500
2021-08-03,LHX,SP500
2021-08-03,LIN,SP500
2021-08-03,LKQ,SP500
2021-08-03,LMT,SP500
2021-08-03,LNG,SP500
2021-08-03,LOW,SP500
2021-08-03,LRCX,SP500
2021-08-03,LULU,SP500
2021-08-03,LW,SP500
2021-08-03,LYFT,SP500
2021-08-03,LYV,SP500
2021-08-03,MA,SP500
2021-08-03,MAR,SP500
2021-08-03,MAS,SP500
2021-08-03,MCD,SP500
2021-08-03,MCHP,SP500
2021-08-03,MCO,SP500
2021-08-03,MDB,SP500
2021-08-03,MGM,SP500
2021-08-03,MKC,SP500
2021-08-03,MKL,SP500
2021-08-03,MKTX,SP500
2021-08-03,MLM,SP500
2021-08-03,MNST,SP500
2021-08-03,MPWR,SP500
2021-08-03,MQ,SP500
2021-08-03,MRNA,SP500
2021-08-03,MRVL,SP500
2021-08-03,MSCI,SP500
2021-08-03,MSFT,SP500
2021-08-03,MSI,SP500
2021-08-03,MTCH,SP500
2021-08-03,MTD,SP500
2021-08-03,MTN,SP500
2021-08-03,MU,SP500
2021-08-03,MXIM,SP500
2021-08-03,NET,SP500
2021-08-03,NFLX,SP500
2021-08-03,NKE,SP500
2021-08-03,NOW,SP500
2021-08-03,NVCR,SP500
2021-08-03,NVDA,SP500
2021-08-03,NVR,SP500
2021-08-03,O,SP500
2021-08-03,ODFL,SP500
2021-08-03,OKTA,SP500
2021-08-03,OPEN,SP500
2021-08-03,ORLY,SP500
2021-08-03,OSH,SP500
2021-08-03,PANW,SP500
2021-08-03,PATH,SP500
2021-08-03,PAYC,SP500
2021-08-03,PAYX,SP500
2021-08-03,PENN,SP500
2021-08-03,PINS,SP500
2021-08-03,PLTR,SP500
2021-08-03,PLUG,SP500
2021-08-03,PODD,SP500
2021-08-03,PPD,SP500
2021-08-03,PSA,SP500
2021-08-03,PTON,SP500
2021-08-03,PXD,SP500
2021-08-03,PYPL,SP500
2021-08-03,QCOM,SP500
2021-08-03,QS,SP500
2021-08-03,RBLX,SP500
2021-08-03,RCL,SP500
2021-08-03,REG,SP500
2021-08-03,REGN,SP500
2021-08-03,RMD,SP500
2021-08-03,RNG,SP500
2021-08-03,ROK,SP500
2021-08-03,ROKU,SP500
2021-08-03,ROL,SP500
2021-08-03,ROP,SP500
2021-08-03,ROST,SP500
2021-08-03,SBAC,SP500
2021-08-03,SBUX,SP500
2021-08-03,SEIC,SP500
2021-08-03,SGEN,SP500
2021-08-03,SHW,SP500
2021-08-03,SIRI,SP500
2021-08-03,SIVB,SP500
2021-08-03,SNAP,SP500
2021-08-03,SNOW,SP500
2021-08-03,SNPS,SP500
2021-08-03,SPGI,SP500
2021-08-03,SPLK,SP500
2021-08-03,SQ,SP500
2021-08-03,SSNC,SP500
2021-08-03,STE,SP500
2021-08-03,SUI,SP500
2021-08-03,SWKS,SP500
2021-08-03,SYK,SP500
2021-08-03,TDOC,SP500
2021-08-03,TDY,SP500
2021-08-03,TER,SP500
2021-08-03,TFX,SP500
2021-08-03,TJX,SP500
2021-08-03,TMO,SP500
2021-08-03,TRMB,SP500
2021-08-03,TRU,SP500
2021-08-03,TSCO,SP500
2021-08-03,TSLA,SP500
2021-08-03,TTD,SP500
2021-08-03,TTWO,SP500
2021-08-03,TW,SP500
2021-08-03,TWLO,SP500
2021-08-03,TWTR,SP500
2021-08-03,TXG,SP500
2021-08-03,TXN,SP500
2021-08-03,TYL,SP500
2021-08-03,U,SP500
2021-08-03,UBER,SP500
2021-08-03,UDR,SP500
2021-08-03,UI,SP500
2021-08-03,ULTA,SP500
2021-08-03,UNP,SP500
2021-08-03,UPS,SP500
2021-08-03,V,SP500
2021-08-03,VEEV,SP500
2021-08-03,VMC,SP500
2021-08-03,VMEO,SP500
2021-08-03,VMW,SP500
2021-08-03,VRSK,SP500
2021-08-03,VRSN,SP500
2021-08-03,VRTX,SP500
2021-08-03,W,SP500
2021-08-03,WAB,SP500
2021-08-03,WAT,SP500
2021-08-03,WCN,SP500
2021-08-03,WDAY,SP500
2021-08-03,WMG,SP500
2021-08-03,WST,SP500
2021-08-03,WYNN,SP500
2021-08-03,XLNX,SP500
2021-08-03,XM,SP500
2021-08-03,YUM,SP500
2021-08-03,Z,SP500
2021-08-03,ZBRA,SP500
2021-08-03,ZEN,SP500
2021-08-03,ZG,SP500
2021-08-03,ZM,SP500
2021-08-03,ZS,SP500
2021-08-03,ZTS,SP500
2021-09-01,A,SP500
2021-09-01,AAPL,SP500
2021-09-01,ABMD,SP500
2021-09-01,ABNB,SP500
2021-09-01,ACN,SP500
2021-09-01,ADBE,SP500
2021-09-01,ADI,SP500
2021-09-01,ADP,SP500
2021-09-01,ADSK,SP500
2021-09-01,AFRM,SP500
2021-09-01,AJG,SP500
2021-09-01,AKAM,SP500
2021-09-01,ALB,SP500
2021-09-01,ALGN,SP500
2021-09-01,ALNY,SP500
2021-09-01,AMAT,SP500
2021-09-01,AMC,SP500
2021-09-01,AMD,SP500
2021-09-01,AME,SP500
2021-09-01,AMT,SP500
2021-09-01,AMZN,SP500
2021-09-01,ANET,SP500
2021-09-01,ANSS,SP500
2021-09-01,AON,SP500
2021-09-01,APH,SP500
2021-09-01,APP,SP500
2021-09-01,APTV,SP500
2021-09-01,ARE,SP500
2021-09-01,ATUS,SP500
2021-09-01,ATVI,SP500
2021-09-01,AVGO,SP500
2021-09-01,AZO,SP500
2021-09-01,BA,SP500
2021-09-01,BAX,SP500
2021-09-01,BDX,SP500
2021-09-01,BF.A,SP500
2021-09-01,BF.B,SP500
2021-09-01,BIO,SP500
2021-09-01,BKI,SP500
2021-09-01,BKNG,SP500
2021-09-01,BLL,SP500
2021-09-01,BMBL,SP500
2021-09-01,BMRN,SP500
2021-09-01,BMY,SP500
2021-09-01,BR,SP500
2021-09-01,BSX,SP500
2021-09-01,BSY,SP500
2021-09-01,BURL,SP500
2021-09-01,CBOE,SP500
2021-09-01,CCI,SP500
2021-09-01,CDNS,SP500
2021-09-01,CERN,SP500
2021-09-01,CGNX,SP500
2021-09-01,CHD,SP500
2021-09-01,CHTR,SP500
2021-09-01,CHWY,SP500
2021-09-01,CL,SP500
2021-09-01,CLX,SP500
2021-09-01,CMG,SP500
2021-09-01,CNC,SP500
2021-09-01,COIN,SP500
2021-09-01,COO,SP500
2021-09-01,COST,SP500
2021-09-01,COUP,SP500
2021-09-01,CPRT,SP500
2021-09-01,CRM,SP500
2021-09-01,CRWD,SP500
2021-09-01,CSGP,SP500
2021-09-01,CTAS,SP500
2021-09-01,CTLT,SP500
2021-09-01,CTXS,SP500
2021-09-01,CVNA,SP500
2021-09-01,CZR,SP500
2021-09-01,DASH,SP500
2021-09-01,DBX,SP500
2021-09-01,DDOG,SP500
2021-09-01,DG,SP500
2021-09-01,DHR,SP500
2021-09-01,DIS,SP500
2021-09-01,DKNG,SP500
2021-09-01,DLR,SP500
2021-09-01,DOCU,SP500
2021-09-01,DPZ,SP500
2021-09-01,DXCM,SP500
2021-09-01,EA,SP500
2021-09-01,ECL,SP500
2021-09-01,EDR,SP500
2021-09-01,EFX,SP500
2021-09-01,EL,SP500
2021-09-01,ENPH,SP500
2021-09-01,EPAM,SP500
2021-09-01,EQIX,SP500
2021-09-01,ETSY,SP500
2021-09-01,EW,SP500
2021-09-01,EXAS,SP500
2021-09-01,EXPD,SP500
2021-09-01,EXPE,SP500
2021-09-01,FAST,SP500
2021-09-01,FB,SP500
2021-09-01,FDS,SP500
2021-09-01,FIS,SP500
2021-09-01,FISV,SP500
2021-09-01,FLT,SP500
2021-09-01,FMC,SP500
2021-09-01,FRC,SP500
2021-09-01,FTNT,SP500
2021-09-01,GDDY,SP500
2021-09-01,GDRX,SP500
2021-09-01,GNRC,SP500
2021-09-01,GOOG,SP500
2021-09-01,GOOGL,SP500
2021-09-01,GPN,SP500
2021-09-01,HD,SP500
2021-09-01,HEI,SP500
2021-09-01,HEI.A,SP500
2021-09-01,HES,SP500
2021-09-01,HLT,SP500
2021-09-01,HOOD,SP500
2021-09-01,HSY,SP500
2021-09-01,HUBS,SP500
2021-09-01,HZNP,SP500
2021-09-01,IAC,SP500
2021-09-01,IBKR,SP500
2021-09-01,ICE,SP500
2021-09-01,IDXX,SP500
2021-09-01,ILMN,SP500
2021-09-01,INCY,SP500
2021-09-01,INFO,SP500
2021-09-01,INTU,SP500
2021-09-01,INVH,SP500
2021-09-01,IPGP,SP500
2021-09-01,IQV,SP500
2021-09-01,ISRG,SP500
2021-09-01,IT,SP500
2021-09-01,JBHT,SP500
2021-09-01,JKHY,SP500
2021-09-01,KEYS,SP500
2021-09-01,KLAC,SP500
2021-09-01,KSU,SP500
2021-09-01,LBRDA,SP500
2021-09-01,LBRDK,SP500
2021-09-01,LHX,SP500
2021-09-01,LIN,SP500
2021-09-01,LKQ,SP500
2021-09-01,LMT,SP500
2021-09-01,LNG,SP500
2021-09-01,LOW,SP500
2021-09-01,LRCX,SP500
2021-09-01,LULU,SP500
2021-09-01,LW,SP500
2021-09-01,LYFT,SP500
2021-09-01,LYV,SP500
2021-09-01,MA,SP500
2021-09-01,MAR,SP500
2021-09-01,MAS,SP500
2021-09-01,MCD,SP500
2021-09-01,MCHP,SP500
2021-09-01,MCO,SP500
2021-09-01,MDB,SP500
2021-09-01,MGM,SP500
2021-09-01,MKC,SP500
2021-09-01,MKL,SP500
2021-09-01,MKTX,SP500
2021-09-01,MLM,SP500
2021-09-01,MNST,SP500
2021-09-01,MPWR,SP500
2021-09-01,MQ,SP500
2021-09-01,MRNA,SP500
2021-09-01,MRVL,SP500
2021-09-01,MSCI,SP500
2021-09-01,MSFT,SP500
2021-09-01,MSI,SP500
2021-09-01,MTCH,SP500
2021-09-01,MTD,SP500
2021-09-01,MTN,SP500
2021-09-01,MU,SP500
2021-09-01,NET,SP500
2021-09-01,NFLX,SP500
2021-09-01,NKE,SP500
2021-09-01,NOW,SP500
2021-09-01,NVCR,SP500
2021-09-01,NVDA,SP500
2021-09-01,NVR,SP500
2021-09-01,O,SP500
2021-09-01,ODFL,SP500
2021-09-01,OKTA,SP500
2021-09-01,OPEN,SP500
2021-09-01,ORLY,SP500
2021-09-01,OSH,SP500
2021-09-01,PANW,SP500
2021-09-01,PATH,SP500
2021-09-01,PAYC,SP500
2021-09-01,PAYX,SP500
2021-09-01,PENN,SP500
2021-09-01,PINS,SP500
2021-09-01,PLTR,SP500
2021-09-01,PLUG,SP500
2021-09-01,PODD,SP500
2021-09-01,PPD,SP500
2021-09-01,PSA,SP500
2021-09-01,PTON,SP500
2021-09-01,PXD,SP500
2021-09-01,PYPL,SP500
2021-09-01,QCOM,SP500
2021-09-01,QS,SP500
2021-09-01,RBLX,SP500
2021-09-01,RCL,SP500
2021-09-01,REG,SP500
2021-09-01,REGN,SP500
2021-09-01,RMD,SP500
2021-09-01,RNG,SP500
2021-09-01,ROK,SP500
2021-09-01,ROKU,SP500
2021-09-01,ROL,SP500
2021-09-01,ROP,SP500
2021-09-01,ROST,SP500
2021-09-01,SBAC,SP500
2021-09-01,SBUX,SP500
2021-09-01,SEIC,SP500
2021-09-01,SGEN,SP500
2021-09-01,SHW,SP500
2021-09-01,SIRI,SP500
2021-09-01,SIVB,SP500
2021-09-01,SNAP,SP500
2021-09-01,SNOW,SP500
2021-09-01,SNPS,SP500
2021-09-01,SPGI,SP500
2021-09-01,SPLK,SP500
2021-09-01,SQ,SP500
2021-09-01,SSNC,SP500
2021-09-01,STE,SP500
2021-09-01,SUI,SP500
2021-09-01,SWKS,SP500
2021-09-01,SYK,SP500
2021-09-01,TDOC,SP500
2021-09-01,TDY,SP500
2021-09-01,TER,SP500
2021-09-01,TFX,SP500
2021-09-01,TJX,SP500
2021-09-01,TMO,SP500
2021-09-01,TRMB,SP500
2021-09-01,TRU,SP500
2021-09-01,TSCO,SP500
2021-09-01,TSLA,SP500
2021-09-01,TTD,SP500
2021-09-01,TTWO,SP500
2021-09-01,TW,SP500
2021-09-01,TWLO,SP500
2021-09-01,TWTR,SP500
2021-09-01,TXG,SP500
2021-09-01,TXN,SP500
2021-09-01,TYL,SP500
2021-09-01,U,SP500
2021-09-01,UBER,SP500
2021-09-01,UDR,SP500
2021-09-01,UI,SP500
2021-09-01,ULTA,SP500
2021-09-01,UNP,SP500
2021-09-01,UPS,SP500
2021-09-01,V,SP500
2021-09-01,VEEV,SP500
2021-09-01,VMC,SP500
2021-09-01,VMEO,SP500
2021-09-01,VMW,SP500
2021-09-01,VRSK,SP500
2021-09-01,VRSN,SP500
2021-09-01,VRTX,SP500
2021-09-01,W,SP500
2021-09-01,WAB,SP500
2021-09-01,WAT,SP500
2021-09-01,WCN,SP500
2021-09-01,WDAY,SP500
2021-09-01,WMG,SP500
2021-09-01,WST,SP500
2021-09-01,WYNN,SP500
2021-09-01,XLNX,SP500
2021-09-01,XM,SP500
2021-09-01,YUM,SP500
2021-09-01,Z,SP500
2021-09-01,ZBRA,SP500
2021-09-01,ZEN,SP500
2021-09-01,ZG,SP500
2021-09-01,ZM,SP500
2021-09-01,ZS,SP500
2021-09-01,ZTS,SP500
2021-10-01,A,SP500
2021-10-01,AAPL,SP500
2021-10-01,ABMD,SP500
2021-10-01,ABNB,SP500
2021-10-01,ACN,SP500
2021-10-01,ADBE,SP500
2021-10-01,ADI,SP500
2021-10-01,ADP,SP500
2021-10-01,ADSK,SP500
2021-10-01,AFRM,SP500
2021-10-01,AJG,SP500
2021-10-01,AKAM,SP500
2021-10-01,ALB,SP500
2021-10-01,ALGN,SP500
2021-10-01,ALNY,SP500
2021-10-01,AMAT,SP500
2021-10-01,AMC,SP500
2021-10-01,AMD,SP500
2021-10-01,AME,SP500
2021-10-01,AMT,SP500
2021-10-01,AMZN,SP500
2021-10-01,ANET,SP500
2021-10-01,ANSS,SP500
2021-10-01,AON,SP500
2021-10-01,APH,SP500
2021-10-01,APP,SP500
2021-10-01,APTV,SP500
2021-10-01,ARE,SP500
2021-10-01,ATUS,SP500
2021-10-01,ATVI,SP500
2021-10-01,AVGO,SP500
2021-10-01,AZO,SP500
2021-10-01,BA,SP500
2021-10-01,BAX,SP500
2021-10-01,BDX,SP500
2021-10-01,BF.A,SP500
2021-10-01,BF.B,SP500
2021-10-01,BIO,SP500
2021-10-01,BKI,SP500
2021-10-01,BKNG,SP500
2021-10-01,BLL,SP500
2021-10-01,BMBL,SP500
2021-10-01,BMRN,SP500
2021-10-01,BMY,SP500
2021-10-01,BR,SP500
2021-10-01,BSX,SP500
2021-10-01,BSY,SP500
2021-10-01,BURL,SP500
2021-10-01,CBOE,SP500
2021-10-01,CCI,SP500
2021-10-01,CDNS,SP500
2021-10-01,CERN,SP500
2021-10-01,CGNX,SP500
2021-10-01,CHD,SP500
2021-10-01,CHTR,SP500
2021-10-01,CHWY,SP500
2021-10-01,CL,SP500
2021-10-01,CLX,SP500
2021-10-01,CMG,SP500
2021-10-01,CNC,SP500
2021-10-01,COIN,SP500
2021-10-01,COO,SP500
2021-10-01,COST,SP500
2021-10-01,COUP,SP500
2021-10-01,CPRT,SP500
2021-10-01,CRM,SP500
2021-10-01,CRWD,SP500
2021-10-01,CSGP,SP500
2021-10-01,CTAS,SP500
2021-10-01,CTLT,SP500
2021-10-01,CTXS,SP500
2021-10-01,CVNA,SP500
2021-10-01,CZR,SP500
2021-10-01,DASH,SP500
2021-10-01,DBX,SP500
2021-10-01,DDOG,SP500
2021-10-01,DG,SP500
2021-10-01,DHR,SP500
2021-10-01,DIS,SP500
2021-10-01,DKNG,SP500
2021-10-01,DLR,SP500
2021-10-01,DOCU,SP500
2021-10-01,DPZ,SP500
2021-10-01,DXCM,SP500
2021-10-01,EA,SP500
2021-10-01,ECL,SP500
2021-10-01,EDR,SP500
2021-10-01,EFX,SP500
2021-10-01,EL,SP500
2021-10-01,ENPH,SP500
2021-10-01,EPAM,SP500
2021-10-01,EQIX,SP500
2021-10-01,ETSY,SP500
2021-10-01,EW,SP500
2021-10-01,EXAS,SP500
2021-10-01,EXPD,SP500
2021-10-01,EXPE,SP500
2021-10-01,FAST,SP500
2021-10-01,FB,SP500
2021-10-01,FDS,SP500
2021-10-01,FIS,SP500
2021-10-01,FISV,SP500
2021-10-01,FLT,SP500
2021-10-01,FMC,SP500
2021-10-01,FRC,SP500
2021-10-01,FTNT,SP500
2021-10-01,GDDY,SP500
2021-10-01,GDRX,SP500
2021-10-01,GNRC,SP500
2021-10-01,GOOG,SP500
2021-10-01,GOOGL,SP500
2021-10-01,GPN,SP500
2021-10-01,HD,SP500
2021-10-01,HEI,SP500
2021-10-01,HEI.A,SP500
2021-10-01,HES,SP500
2021-10-01,HLT,SP500
2021-10-01,HSY,SP500
2021-10-01,HUBS,SP500
2021-10-01,HZNP,SP500
2021-10-01,IAC,SP500
2021-10-01,IBKR,SP500
2021-10-01,ICE,SP500
2021-10-01,IDXX,SP500
2021-10-01,ILMN,SP500
2021-10-01,INCY,SP500
2021-10-01,INFO,SP500
2021-10-01,INTU,SP500
2021-10-01,INVH,SP500
2021-10-01,IPGP,SP500
2021-10-01,IQV,SP500
2021-10-01,ISRG,SP500
2021-10-01,IT,SP500
2021-10-01,JBHT,SP500
2021-10-01,JKHY,SP500
2021-10-01,KEYS,SP500
2021-10-01,KLAC,SP500
2021-10-01,KSU,SP500
2021-10-01,LBRDA,SP500
2021-10-01,LBRDK,SP500
2021-10-01,LHX,SP500
2021-10-01,LIN,SP500
2021-10-01,LKQ,SP500
2021-10-01,LMT,SP500
2021-10-01,LNG,SP500
2021-10-01,LOW,SP500
2021-10-01,LRCX,SP500
2021-10-01,LULU,SP500
2021-10-01,LW,SP500
2021-10-01,LYFT,SP500
2021-10-01,LYV,SP500
2021-10-01,MA,SP500
2021-10-01,MAR,SP500
2021-10-01,MAS,SP500
2021-10-01,MCD,SP500
2021-10-01,MCHP,SP500
2021-10-01,MCO,SP500
2021-10-01,MDB,SP500
2021-10-01,MGM,SP500
2021-10-01,MKC,SP500
2021-10-01,MKL,SP500
2021-10-01,MKTX,SP500
2021-10-01,MLM,SP500
2021-10-01,MNST,SP500
2021-10-01,MPWR,SP500
2021-10-01,MQ,SP500
2021-10-01,MRNA,SP500
2021-10-01,MRVL,SP500
2021-10-01,MSCI,SP500
2021-10-01,MSFT,SP500
2021-10-01,MSI,SP500
2021-10-01,MTCH,SP500
2021-10-01,MTD,SP500
2021-10-01,MTN,SP500
2021-10-01,MU,SP500
2021-10-01,NET,SP500
2021-10-01,NFLX,SP500
2021-10-01,NKE,SP500
2021-10-01,NOW,SP500
2021-10-01,NVCR,SP500
2021-10-01,NVDA,SP500
2021-10-01,NVR,SP500
2021-10-01,O,SP500
2021-10-01,ODFL,SP500
2021-10-01,OKTA,SP500
2021-10-01,OPEN,SP500
2021-10-01,ORLY,SP500
2021-10-01,OSH,SP500
2021-10-01,PANW,SP500
2021-10-01,PATH,SP500
2021-10-01,PAYC,SP500
2021-10-01,PAYX,SP500
2021-10-01,PENN,SP500
2021-10-01,PINS,SP500
2021-10-01,PLTR,SP500
2021-10-01,PLUG,SP500
2021-10-01,PODD,SP500
2021-10-01,PPD,SP500
2021-10-01,PSA,SP500
2021-10-01,PTON,SP500
2021-10-01,PXD,SP500
2021-10-01,PYPL,SP500
2021-10-01,QCOM,SP500
2021-10-01,QS,SP500
2021-10-01,RBLX,SP500
2021-10-01,RCL,SP500
2021-10-01,REG,SP500
2021-10-01,REGN,SP500
2021-10-01,RMD,SP500
2021-10-01,RNG,SP500
2021-10-01,ROK,SP500
2021-10-01,ROKU,SP500
2021-10-01,ROL,SP500
2021-10-01,ROP,SP500
2021-10-01,ROST,SP500
2021-10-01,SBAC,SP500
2021-10-01,SBUX,SP500
2021-10-01,SEIC,SP500
2021-10-01,SGEN,SP500
2021-10-01,SHW,SP500
2021-10-01,SIRI,SP500
2021-10-01,SIVB,SP500
2021-10-01,SNAP,SP500
2021-10-01,SNOW,SP500
2021-10-01,SNPS,SP500
2021-10-01,SPGI,SP500
2021-10-01,SPLK,SP500
2021-10-01,SQ,SP500
2021-10-01,SSNC,SP500
2021-10-01,STE,SP500
2021-10-01,SUI,SP500
2021-10-01,SWKS,SP500
2021-10-01,SYK,SP500
2021-10-01,TDOC,SP500
2021-10-01,TDY,SP500
2021-10-01,TER,SP500
2021-10-01,TFX,SP500
2021-10-01,TJX,SP500
2021-10-01,TMO,SP500
2021-10-01,TRMB,SP500
2021-10-01,TRU,SP500
2021-10-01,TSCO,SP500
2021-10-01,TSLA,SP500
2021-10-01,TTD,SP500
2021-10-01,TTWO,SP500
2021-10-01,TW,SP500
2021-10-01,TWLO,SP500
2021-10-01,TWTR,SP500
2021-10-01,TXG,SP500
2021-10-01,TXN,SP500
2021-10-01,TYL,SP500
2021-10-01,U,SP500
2021-10-01,UBER,SP500
2021-10-01,UDR,SP500
2021-10-01,UI,SP500
2021-10-01,ULTA,SP500
2021-10-01,UNP,SP500
2021-10-01,UPS,SP500
2021-10-01,V,SP500
2021-10-01,VEEV,SP500
2021-10-01,VMC,SP500
2021-10-01,VMEO,SP500
2021-10-01,VMW,SP500
2021-10-01,VRSK,SP500
2021-10-01,VRSN,SP500
2021-10-01,VRTX,SP500
2021-10-01,W,SP500
2021-10-01,WAB,SP500
2021-10-01,WAT,SP500
2021-10-01,WCN,SP500
2021-10-01,WDAY,SP500
2021-10-01,WMG,SP500
2021-10-01,WST,SP500
2021-10-01,WYNN,SP500
2021-10-01,XLNX,SP500
2021-10-01,XM,SP500
2021-10-01,YUM,SP500
2021-10-01,Z,SP500
2021-10-01,ZBRA,SP500
2021-10-01,ZEN,SP500
2021-10-01,ZG,SP500
2021-10-01,ZM,SP500
2021-10-01,ZS,SP500
2021-10-01,ZTS,SP500
2021-11-02,A,SP500
2021-11-02,AAPL,SP500
2021-11-02,ABMD,SP500
2021-11-02,ABNB,SP500
2021-11-02,ACN,SP500
2021-11-02,ADBE,SP500
2021-11-02,ADI,SP500
2021-11-02,ADP,SP500
2021-11-02,ADSK,SP500
2021-11-02,AFRM,SP500
2021-11-02,AGL,SP500
2021-11-02,AKAM,SP500
2021-11-02,ALB,SP500
2021-11-02,ALGN,SP500
2021-11-02,ALNY,SP500
2021-11-02,AMAT,SP500
2021-11-02,AMC,SP500
2021-11-02,AMD,SP500
2021-11-02,AME,SP500
2021-11-02,AMT,SP500
2021-11-02,AMZN,SP500
2021-11-02,ANET,SP500
2021-11-02,ANSS,SP500
2021-11-02,AON,SP500
2021-11-02,APH,SP500
2021-11-02,APO,SP500
2021-11-02,APP,SP500
2021-11-02,APTV,SP500
2021-11-02,ARE,SP500
2021-11-02,ATUS,SP500
2021-11-02,ATVI,SP500
2021-11-02,AVGO,SP500
2021-11-02,AVTR,SP500
2021-11-02,AZO,SP500
2021-11-02,BA,SP500
2021-11-02,BAX,SP500
2021-11-02,BDX,SP500
2021-11-02,BF.A,SP500
2021-11-02,BF.B,SP500
2021-11-02,BILL,SP500
2021-11-02,BIO,SP500
2021-11-02,BKI,SP500
2021-11-02,BKNG,SP500
2021-11-02,BLL,SP500
2021-11-02,BMBL,SP500
2021-11-02,BMRN,SP500
2021-11-02,BR,SP500
2021-11-02,BSX,SP500
2021-11-02,BSY,SP500
2021-11-02,BURL,SP500
2021-11-02,CCI,SP500
2021-11-02,CDNS,SP500
2021-11-02,CERN,SP500
2021-11-02,CGNX,SP500
2021-11-02,CHD,SP500
2021-11-02,CHTR,SP500
2021-11-02,CHWY,SP500
2021-11-02,CL,SP500
2021-11-02,CLX,SP500
2021-11-02,CMG,SP500
2021-11-02,CNC,SP500
2021-11-02,COIN,SP500
2021-11-02,COO,SP500
2021-11-02,COST,SP500
2021-11-02,COUP,SP500
2021-11-02,CPRT,SP500
2021-11-02,CRL,SP500
2021-11-02,CRM,SP500
2021-11-02,CRWD,SP500
2021-11-02,CSGP,SP500
2021-11-02,CTAS,SP500
2021-11-02,CTLT,SP500
2021-11-02,CTXS,SP500
2021-11-02,CVNA,SP500
2021-11-02,CZR,SP500
2021-11-02,DASH,SP500
2021-11-02,DBX,SP500
2021-11-02,DDOG,SP500
2021-11-02,DG,SP500
2021-11-02,DHR,SP500
2021-11-02,DIS,SP500
2021-11-02,DKNG,SP500
2021-11-02,DLR,SP500
2021-11-02,DOCU,SP500
2021-11-02,DPZ,SP500
2021-11-02,DXCM,SP500
2021-11-02,EA,SP500
2021-11-02,ECL,SP500
2021-11-02,EDR,SP500
2021-11-02,EFX,SP500
2021-11-02,EL,SP500
2021-11-02,ENPH,SP500
2021-11-02,EPAM,SP500
2021-11-02,EQIX,SP500
2021-11-02,ETSY,SP500
2021-11-02,EW,SP500
2021-11-02,EXAS,SP500
2021-11-02,EXPD,SP500
2021-11-02,EXPE,SP500
2021-11-02,FAST,SP500
2021-11-02,FB,SP500
2021-11-02,FDS,SP500
2021-11-02,FIS,SP500
2021-11-02,FISV,SP500
2021-11-02,FLT,SP500
2021-11-02,FMC,SP500
2021-11-02,FRC,SP500
2021-11-02,FTNT,SP500
2021-11-02,GDDY,SP500
2021-11-02,GDRX,SP500
2021-11-02,GNRC,SP500
2021-11-02,GOOG,SP500
2021-11-02,GOOGL,SP500
2021-11-02,GPN,SP500
2021-11-02,HD,SP500
2021-11-02,HEI,SP500
2021-11-02,HEI.A,SP500
2021-11-02,HES,SP500
2021-11-02,HLT,SP500
2021-11-02,HSY,SP500
2021-11-02,HUBS,SP500
2021-11-02,HZNP,SP500
2021-11-02,IAC,SP500
2021-11-02,IBKR,SP500
2021-11-02,ICE,SP500
2021-11-02,IDXX,SP500
2021-11-02,ILMN,SP500
2021-11-02,INCY,SP500
2021-11-02,INFO,SP500
2021-11-02,INTU,SP500
2021-11-02,INVH,SP500
2021-11-02,IPGP,SP500
2021-11-02,IQV,SP500
2021-11-02,ISRG,SP500
2021-11-02,IT,SP500
2021-11-02,JBHT,SP500
2021-11-02,JKHY,SP500
2021-11-02,KEYS,SP500
2021-11-02,KLAC,SP500
2021-11-02,KSU,SP500
2021-11-02,LBRDA,SP500
2021-11-02,LBRDK,SP500
2021-11-02,LCID,SP500
2021-11-02,LHX,SP500
2021-11-02,LIN,SP500
2021-11-02,LMT,SP500
2021-11-02,LNG,SP500
2021-11-02,LOW,SP500
2021-11-02,LRCX,SP500
2021-11-02,LULU,SP500
2021-11-02,LW,SP500
2021-11-02,LYFT,SP500
2021-11-02,LYV,SP500
2021-11-02,MA,SP500
2021-11-02,MAR,SP500
2021-11-02,MAS,SP500
2021-11-02,MCD,SP500
2021-11-02,MCHP,SP500
2021-11-02,MCO,SP500
2021-11-02,MDB,SP500
2021-11-02,MGM,SP500
2021-11-02,MKC,SP500
2021-11-02,MKL,SP500
2021-11-02,MKTX,SP500
2021-11-02,MLM,SP500
2021-11-02,MNST,SP500
2021-11-02,MPWR,SP500
2021-11-02,MRNA,SP500
2021-11-02,MRVL,SP500
2021-11-02,MSCI,SP500
2021-11-02,MSFT,SP500
2021-11-02,MSI,SP500
2021-11-02,MTCH,SP500
2021-11-02,MTD,SP500
2021-11-02,MTN,SP500
2021-11-02,MU,SP500
2021-11-02,NET,SP500
2021-11-02,NFLX,SP500
2021-11-02,NKE,SP500
2021-11-02,NOW,SP500
2021-11-02,NVCR,SP500
2021-11-02,NVDA,SP500
2021-11-02,NVR,SP500
2021-11-02,O,SP500
2021-11-02,ODFL,SP500
2021-11-02,OKTA,SP500
2021-11-02,OLPX,SP500
2021-11-02,OPEN,SP500
2021-11-02,ORLY,SP500
2021-11-02,OSH,SP500
2021-11-02,PANW,SP500
2021-11-02,PAYC,SP500
2021-11-02,PAYX,SP500
2021-11-02,PENN,SP500
2021-11-02,PINS,SP500
2021-11-02,PKI,SP500
2021-11-02,PLTR,SP500
2021-11-02,PLUG,SP500
2021-11-02,PODD,SP500
2021-11-02,PPD,SP500
2021-11-02,PSA,SP500
2021-11-02,PTON,SP500
2021-11-02,PXD,SP500
2021-11-02,PYPL,SP500
2021-11-02,QCOM,SP500
2021-11-02,QS,SP500
2021-11-02,RBLX,SP500
2021-11-02,RCL,SP500
2021-11-02,REG,SP500
2021-11-02,REGN,SP500
2021-11-02,RMD,SP500
2021-11-02,RNG,SP500
2021-11-02,ROK,SP500
2021-11-02,ROKU,SP500
2021-11-02,ROL,SP500
2021-11-02,ROP,SP500
2021-11-02,ROST,SP500
2021-11-02,SBAC,SP500
2021-11-02,SBUX,SP500
2021-11-02,SEIC,SP500
2021-11-02,SGEN,SP500
2021-11-02,SHW,SP500
2021-11-02,SIRI,SP500
2021-11-02,SIVB,SP500
2021-11-02,SNAP,SP500
2021-11-02,SNOW,SP500
2021-11-02,SNPS,SP500
2021-11-02,SPGI,SP500
2021-11-02,SPLK,SP500
2021-11-02,SQ,SP500
2021-11-02,SSNC,SP500
2021-11-02,STE,SP500
2021-11-02,SUI,SP500
2021-11-02,SWKS,SP500
2021-11-02,SYK,SP500
2021-11-02,TDOC,SP500
2021-11-02,TDY,SP500
2021-11-02,TER,SP500
2021-11-02,TFX,SP500
2021-11-02,TJX,SP500
2021-11-02,TMO,SP500
2021-11-02,TOST,SP500
2021-11-02,TRMB,SP500
2021-11-02,TRU,SP500
2021-11-02,TSCO,SP500
2021-11-02,TSLA,SP500
2021-11-02,TTD,SP500
2021-11-02,TTWO,SP500
2021-11-02,TW,SP500
2021-11-02,TWLO,SP500
2021-11-02,TWTR,SP500
2021-11-02,TXG,SP500
2021-11-02,TXN,SP500
2021-11-02,TYL,SP500
2021-11-02,U,SP500
2021-11-02,UBER,SP500
2021-11-02,UDR,SP500
2021-11-02,UI,SP500
2021-11-02,ULTA,SP500
2021-11-02,UNP,SP500
2021-11-02,UPS,SP500
2021-11-02,V,SP500
2021-11-02,VEEV,SP500
2021-11-02,VMC,SP500
2021-11-02,VMEO,SP500
2021-11-02,VMW,SP500
2021-11-02,VRSK,SP500
2021-11-02,VRSN,SP500
2021-11-02,VRTX,SP500
2021-11-02,W,SP500
2021-11-02,WAT,SP500
2021-11-02,WCN,SP500
2021-11-02,WDAY,SP500
2021-11-02,WMG,SP500
2021-11-02,WST,SP500
2021-11-02,WYNN,SP500
2021-11-02,XLNX,SP500
2021-11-02,XM,SP500
2021-11-02,YUM,SP500
2021-11-02,Z,SP500
2021-11-02,ZBRA,SP500
2021-11-02,ZEN,SP500
2021-11-02,ZG,SP500
2021-11-02,ZM,SP500
2021-11-02,ZS,SP500
2021-11-02,ZTS,SP500
2021-12-01,A,SP500
2021-12-01,AAPL,SP500
2021-12-01,ABMD,SP500
2021-12-01,ABNB,SP500
2021-12-01,ACN,SP500
2021-12-01,ADBE,SP500
2021-12-01,ADI,SP500
2021-12-01,ADP,SP500
2021-12-01,ADSK,SP500
2021-12-01,AFRM,SP500
2021-12-01,AGL,SP500
2021-12-01,AKAM,SP500
2021-12-01,ALB,SP500
2021-12-01,ALGN,SP500
2021-12-01,ALNY,SP500
2021-12-01,AMAT,SP500
2021-12-01,AMC,SP500
2021-12-01,AMD,SP500
2021-12-01,AMT,SP500
2021-12-01,AMZN,SP500
2021-12-01,ANET,SP500
2021-12-01,ANSS,SP500
2021-12-01,AON,SP500
2021-12-01,APH,SP500
2021-12-01,APO,SP500
2021-12-01,APP,SP500
2021-12-01,APTV,SP500
2021-12-01,ARE,SP500
2021-12-01,ATUS,SP500
2021-12-01,ATVI,SP500
2021-12-01,AVTR,SP500
2021-12-01,AZO,SP500
2021-12-01,BA,SP500
2021-12-01,BAX,SP500
2021-12-01,BF.A,SP500
2021-12-01,BF.B,SP500
2021-12-01,BILL,SP500
2021-12-01,BIO,SP500
2021-12-01,BKI,SP500
2021-12-01,BKNG,SP500
2021-12-01,BLL,SP500
2021-12-01,BMBL,SP500
2021-12-01,BMRN,SP500
2021-12-01,BR,SP500
2021-12-01,BSX,SP500
2021-12-01,BSY,SP500
2021-12-01,BURL,SP500
2021-12-01,CCI,SP500
2021-12-01,CDNS,SP500
2021-12-01,CERN,SP500
2021-12-01,CGNX,SP500
2021-12-01,CHD,SP500
2021-12-01,CHTR,SP500
2021-12-01,CHWY,SP500
2021-12-01,CL,SP500
2021-12-01,CMG,SP500
2021-12-01,COIN,SP500
2021-12-01,COO,SP500
2021-12-01,COST,SP500
2021-12-01,COUP,SP500
2021-12-01,CPRT,SP500
2021-12-01,CRL,SP500
2021-12-01,CRM,SP500
2021-12-01,CRWD,SP500
2021-12-01,CSGP,SP500
2021-12-01,CTAS,SP500
2021-12-01,CTLT,SP500
2021-12-01,CVNA,SP500
2021-12-01,CZR,SP500
2021-12-01,DASH,SP500
2021-12-01,DBX,SP500
2021-12-01,DDOG,SP500
2021-12-01,DG,SP500
2021-12-01,DHR,SP500
2021-12-01,DIS,SP500
2021-12-01,DKNG,SP500
2021-12-01,DLR,SP500
2021-12-01,DOCU,SP500
2021-12-01,DPZ,SP500
2021-12-01,DXCM,SP500
2021-12-01,EA,SP500
2021-12-01,ECL,SP500
2021-12-01,EDR,SP500
2021-12-01,EFX,SP500
2021-12-01,EL,SP500
2021-12-01,ENPH,SP500
2021-12-01,EPAM,SP500
2021-12-01,EQIX,SP500
2021-12-01,ETSY,SP500
2021-12-01,EW,SP500
2021-12-01,EXAS,SP500
2021-12-01,EXPD,SP500
2021-12-01,EXPE,SP500
2021-12-01,FAST,SP500
2021-12-01,FB,SP500
2021-12-01,FDS,SP500
2021-12-01,FIS,SP500
2021-12-01,FISV,SP500
2021-12-01,FLT,SP500
2021-12-01,FMC,SP500
2021-12-01,FRC,SP500
2021-12-01,FTNT,SP500
2021-12-01,GDDY,SP500
2021-12-01,GDRX,SP500
2021-12-01,GNRC,SP500
2021-12-01,GOOG,SP500
2021-12-01,GOOGL,SP500
2021-12-01,GPN,SP500
2021-12-01,GTLB,SP500
2021-12-01,HD,SP500
2021-12-01,HEI,SP500
2021-12-01,HEI.A,SP500
2021-12-01,HLT,SP500
2021-12-01,HSY,SP500
2021-12-01,HUBS,SP500
2021-12-01,HZNP,SP500
2021-12-01,IAC,SP500
2021-12-01,IBKR,SP500
2021-12-01,IDXX,SP500
2021-12-01,ILMN,SP500
2021-12-01,INCY,SP500
2021-12-01,INFO,SP500
2021-12-01,INTU,SP500
2021-12-01,INVH,SP500
2021-12-01,IPGP,SP500
2021-12-01,IQV,SP500
2021-12-01,ISRG,SP500
2021-12-01,IT,SP500
2021-12-01,JBHT,SP500
2021-12-01,JKHY,SP500
2021-12-01,KEYS,SP500
2021-12-01,KLAC,SP500
2021-12-01,KSU,SP500
2021-12-01,LBRDA,SP500
2021-12-01,LBRDK,SP500
2021-12-01,LCID,SP500
2021-12-01,LIN,SP500
2021-12-01,LNG,SP500
2021-12-01,LOW,SP500
2021-12-01,LRCX,SP500
2021-12-01,LULU,SP500
2021-12-01,LW,SP500
2021-12-01,LYFT,SP500
2021-12-01,LYV,SP500
2021-12-01,MA,SP500
2021-12-01,MAR,SP500
2021-12-01,MCD,SP500
2021-12-01,MCHP,SP500
2021-12-01,MCO,SP500
2021-12-01,MDB,SP500
2021-12-01,MGM,SP500
2021-12-01,MKC,SP500
2021-12-01,MKL,SP500
2021-12-01,MKTX,SP500
2021-12-01,MLM,SP500
2021-12-01,MNST,SP500
2021-12-01,MPWR,SP500
2021-12-01,MRNA,SP500
2021-12-01,MRVL,SP500
2021-12-01,MSCI,SP500
2021-12-01,MSFT,SP500
2021-12-01,MSI,SP500
2021-12-01,MTCH,SP500
2021-12-01,MTD,SP500
2021-12-01,MTN,SP500
2021-12-01,MU,SP500
2021-12-01,NET,SP500
2021-12-01,NFLX,SP500
2021-12-01,NKE,SP500
2021-12-01,NOW,SP500
2021-12-01,NVCR,SP500
2021-12-01,NVDA,SP500
2021-12-01,NVR,SP500
2021-12-01,O,SP500
2021-12-01,ODFL,SP500
2021-12-01,OKTA,SP500
2021-12-01,OLPX,SP500
2021-12-01,OPEN,SP500
2021-12-01,ORLY,SP500
2021-12-01,OSH,SP500
2021-12-01,PANW,SP500
2021-12-01,PAYC,SP500
2021-12-01,PAYX,SP500
2021-12-01,PENN,SP500
2021-12-01,PINS,SP500
2021-12-01,PKI,SP500
2021-12-01,PLTR,SP500
2021-12-01,PLUG,SP500
2021-12-01,PODD,SP500
2021-12-01,PPD,SP500
2021-12-01,PSA,SP500
2021-12-01,PTON,SP500
2021-12-01,PXD,SP500
2021-12-01,PYPL,SP500
2021-12-01,QCOM,SP500
2021-12-01,QS,SP500
2021-12-01,RBLX,SP500
2021-12-01,RCL,SP500
2021-12-01,REGN,SP500
2021-12-01,RMD,SP500
2021-12-01,RNG,SP500
2021-12-01,ROK,SP500
2021-12-01,ROKU,SP500
2021-12-01,ROL,SP500
2021-12-01,ROP,SP500
2021-12-01,ROST,SP500
2021-12-01,SBAC,SP500
2021-12-01,SBUX,SP500
2021-12-01,SEIC,SP500
2021-12-01,SGEN,SP500
2021-12-01,SHW,SP500
2021-12-01,SIRI,SP500
2021-12-01,SIVB,SP500
2021-12-01,SNAP,SP500
2021-12-01,SNOW,SP500
2021-12-01,SNPS,SP500
2021-12-01,SPGI,SP500
2021-12-01,SPLK,SP500
2021-12-01,SQ,SP500
2021-12-01,SSNC,SP500
2021-12-01,STE,SP500
2021-12-01,SUI,SP500
2021-12-01,SWKS,SP500
2021-12-01,SYK,SP500
2021-12-01,TDOC,SP500
2021-12-01,TDY,SP500
2021-12-01,TER,SP500
2021-12-01,TFX,SP500
2021-12-01,TJX,SP500
2021-12-01,TMO,SP500
2021-12-01,TOST,SP500
2021-12-01,TRMB,SP500
2021-12-01,TRU,SP500
2021-12-01,TSCO,SP500
2021-12-01,TSLA,SP500
2021-12-01,TTD,SP500
2021-12-01,TTWO,SP500
2021-12-01,TW,SP500
2021-12-01,TWLO,SP500
2021-12-01,TWTR,SP500
2021-12-01,TXG,SP500
2021-12-01,TXN,SP500
2021-12-01,TYL,SP500
2021-12-01,U,SP500
2021-12-01,UBER,SP500
2021-12-01,UDR,SP500
2021-12-01,UI,SP500
2021-12-01,ULTA,SP500
2021-12-01,UNP,SP500
2021-12-01,UPS,SP500
2021-12-01,V,SP500
2021-12-01,VEEV,SP500
2021-12-01,VMC,SP500
2021-12-01,VMW,SP500
2021-12-01,VRSK,SP500
2021-12-01,VRSN,SP500
2021-12-01,VRTX,SP500
2021-12-01,W,SP500
2021-12-01,WAT,SP500
2021-12-01,WCN,SP500
2021-12-01,WDAY,SP500
2021-12-01,WMG,SP500
2021-12-01,WST,SP500
2021-12-01,WYNN,SP500
2021-12-01,XLNX,SP500
2021-12-01,XM,SP500
2021-12-01,YUM,SP500
2021-12-01,Z,SP500
2021-12-01,ZBRA,SP500
2021-12-01,ZEN,SP500
2021-12-01,ZG,SP500
2021-12-01,ZM,SP500
2021-12-01,ZS,SP500
2021-12-01,ZTS,SP500
2022-01-01,A,SP500
2022-01-01,AAPL,SP500
2022-01-01,ABMD,SP500
2022-01-01,ABNB,SP500
2022-01-01,ACN,SP500
2022-01-01,ADBE,SP500
2022-01-01,ADI,SP500
2022-01-01,ADP,SP500
2022-01-01,ADSK,SP500
2022-01-01,AFRM,SP500
2022-01-01,AGL,SP500
2022-01-01,AKAM,SP500
2022-01-01,ALB,SP500
2022-01-01,ALGN,SP500
2022-01-01,ALNY,SP500
2022-01-01,AMAT,SP500
2022-01-01,AMC,SP500
2022-01-01,AMD,SP500
2022-01-01,AMT,SP500
2022-01-01,AMZN,SP500
2022-01-01,ANET,SP500
2022-01-01,ANSS,SP500
2022-01-01,AON,SP500
2022-01-01,APH,SP500
2022-01-01,APO,SP500
2022-01-01,APP,SP500
2022-01-01,APTV,SP500
2022-01-01,ARE,SP500
2022-01-01,ATUS,SP500
2022-01-01,ATVI,SP500
2022-01-01,AVTR,SP500
2022-01-01,AZO,SP500
2022-01-01,BA,SP500
2022-01-01,BAX,SP500
2022-01-01,BF.A,SP500
2022-01-01,BF.B,SP500
2022-01-01,BILL,SP500
2022-01-01,BIO,SP500
2022-01-01,BKI,SP500
2022-01-01,BKNG,SP500
2022-01-01,BLL,SP500
2022-01-01,BMBL,SP500
2022-01-01,BMRN,SP500
2022-01-01,BR,SP500
2022-01-01,BSX,SP500
2022-01-01,BSY,SP500
2022-01-01,BURL,SP500
2022-01-01,CCI,SP500
2022-01-01,CDNS,SP500
2022-01-01,CERN,SP500
2022-01-01,CFLT,SP500
2022-01-01,CGNX,SP500
2022-01-01,CHD,SP500
2022-01-01,CHTR,SP500
2022-01-01,CHWY,SP500
2022-01-01,CL,SP500
2022-01-01,CMG,SP500
2022-01-01,COIN,SP500
2022-01-01,COO,SP500
2022-01-01,COST,SP500
2022-01-01,COUP,SP500
2022-01-01,CPRT,SP500
2022-01-01,CRL,SP500
2022-01-01,CRM,SP500
2022-01-01,CRWD,SP500
2022-01-01,CSGP,SP500
2022-01-01,CTAS,SP500
2022-01-01,CTLT,SP500
2022-01-01,CVNA,SP500
2022-01-01,CZR,SP500
2022-01-01,DASH,SP500
2022-01-01,DBX,SP500
2022-01-01,DDOG,SP500
2022-01-01,DG,SP500
2022-01-01,DHR,SP500
2022-01-01,DIS,SP500
2022-01-01,DKNG,SP500
2022-01-01,DLR,SP500
2022-01-01,DOCU,SP500
2022-01-01,DPZ,SP500
2022-01-01,DXCM,SP500
2022-01-01,EA,SP500
2022-01-01,ECL,SP500
2022-01-01,EDR,SP500
2022-01-01,EFX,SP500
2022-01-01,EL,SP500
2022-01-01,ENPH,SP500
2022-01-01,EPAM,SP500
2022-01-01,EQIX,SP500
2022-01-01,ETSY,SP500
2022-01-01,EW,SP500
2022-01-01,EXAS,SP500
2022-01-01,EXPD,SP500
2022-01-01,EXPE,SP500
2022-01-01,FAST,SP500
2022-01-01,FB,SP500
2022-01-01,FDS,SP500
2022-01-01,FIS,SP500
2022-01-01,FISV,SP500
2022-01-01,FLT,SP500
2022-01-01,FMC,SP500
2022-01-01,FRC,SP500
2022-01-01,FTNT,SP500
2022-01-01,GDDY,SP500
2022-01-01,GDRX,SP500
2022-01-01,GNRC,SP500
2022-01-01,GOOG,SP500
2022-01-01,GOOGL,SP500
2022-01-01,GPN,SP500
2022-01-01,GTLB,SP500
2022-01-01,HD,SP500
2022-01-01,HEI,SP500
2022-01-01,HEI.A,SP500
2022-01-01,HLT,SP500
2022-01-01,HSY,SP500
2022-01-01,HUBS,SP500
2022-01-01,HZNP,SP500
2022-01-01,IAC,SP500
2022-01-01,IBKR,SP500
2022-01-01,IDXX,SP500
2022-01-01,ILMN,SP500
2022-01-01,INCY,SP500
2022-01-01,INFO,SP500
2022-01-01,INTU,SP500
2022-01-01,INVH,SP500
2022-01-01,IPGP,SP500
2022-01-01,IQV,SP500
2022-01-01,ISRG,SP500
2022-01-01,IT,SP500
2022-01-01,JBHT,SP500
2022-01-01,JKHY,SP500
2022-01-01,KEYS,SP500
2022-01-01,KLAC,SP500
2022-01-01,LBRDA,SP500
2022-01-01,LBRDK,SP500
2022-01-01,LCID,SP500
2022-01-01,LIN,SP500
2022-01-01,LNG,SP500
2022-01-01,LOW,SP500
2022-01-01,LRCX,SP500
2022-01-01,LULU,SP500
2022-01-01,LW,SP500
2022-01-01,LYFT,SP500
2022-01-01,LYV,SP500
2022-01-01,MA,SP500
2022-01-01,MAR,SP500
2022-01-01,MCD,SP500
2022-01-01,MCHP,SP500
2022-01-01,MCO,SP500
2022-01-01,MDB,SP500
2022-01-01,MGM,SP500
2022-01-01,MKC,SP500
2022-01-01,MKL,SP500
2022-01-01,MKTX,SP500
2022-01-01,MLM,SP500
2022-01-01,MNST,SP500
2022-01-01,MPWR,SP500
2022-01-01,MRNA,SP500
2022-01-01,MRVL,SP500
2022-01-01,MSCI,SP500
2022-01-01,MSFT,SP500
2022-01-01,MSI,SP500
2022-01-01,MTCH,SP500
2022-01-01,MTD,SP500
2022-01-01,MTN,SP500
2022-01-01,MU,SP500
2022-01-01,NET,SP500
2022-01-01,NFLX,SP500
2022-01-01,NKE,SP500
2022-01-01,NOW,SP500
2022-01-01,NVCR,SP500
2022-01-01,NVDA,SP500
2022-01-01,NVR,SP500
2022-01-01,O,SP500
2022-01-01,ODFL,SP500
2022-01-01,OKTA,SP500
2022-01-01,OLPX,SP500
2022-01-01,ONL,SP500
2022-01-01,OPEN,SP500
2022-01-01,ORLY,SP500
2022-01-01,OSH,SP500
2022-01-01,PANW,SP500
2022-01-01,PAYC,SP500
2022-01-01,PAYX,SP500
2022-01-01,PENN,SP500
2022-01-01,PINS,SP500
2022-01-01,PKI,SP500
2022-01-01,PLTR,SP500
2022-01-01,PLUG,SP500
2022-01-01,PODD,SP500
2022-01-01,PSA,SP500
2022-01-01,PTON,SP500
2022-01-01,PXD,SP500
2022-01-01,PYPL,SP500
2022-01-01,QCOM,SP500
2022-01-01,QS,SP500
2022-01-01,RBLX,SP500
2022-01-01,RCL,SP500
2022-01-01,REGN,SP500
2022-01-01,RIVN,SP500
2022-01-01,RMD,SP500
2022-01-01,RNG,SP500
2022-01-01,ROK,SP500
2022-01-01,ROKU,SP500
2022-01-01,ROL,SP500
2022-01-01,ROP,SP500
2022-01-01,ROST,SP500
2022-01-01,SBAC,SP500
2022-01-01,SBUX,SP500
2022-01-01,SEIC,SP500
2022-01-01,SGEN,SP500
2022-01-01,SHW,SP500
2022-01-01,SIRI,SP500
2022-01-01,SIVB,SP500
2022-01-01,SNAP,SP500
2022-01-01,SNOW,SP500
2022-01-01,SNPS,SP500
2022-01-01,SPGI,SP500
2022-01-01,SPLK,SP500
2022-01-01,SQ,SP500
2022-01-01,SSNC,SP500
2022-01-01,STE,SP500
2022-01-01,SUI,SP500
2022-01-01,SWKS,SP500
2022-01-01,SYK,SP500
2022-01-01,TDOC,SP500
2022-01-01,TDY,SP500
2022-01-01,TER,SP500
2022-01-01,TFX,SP500
2022-01-01,TJX,SP500
2022-01-01,TMO,SP500
2022-01-01,TOST,SP500
2022-01-01,TRMB,SP500
2022-01-01,TRU,SP500
2022-01-01,TSCO,SP500
2022-01-01,TSLA,SP500
2022-01-01,TTD,SP500
2022-01-01,TTWO,SP500
2022-01-01,TW,SP500
2022-01-01,TWLO,SP500
2022-01-01,TWTR,SP500
2022-01-01,TXG,SP500
2022-01-01,TXN,SP500
2022-01-01,TYL,SP500
2022-01-01,U,SP500
2022-01-01,UBER,SP500
2022-01-01,UDR,SP500
2022-01-01,UI,SP500
2022-01-01,ULTA,SP500
2022-01-01,UNP,SP500
2022-01-01,UPS,SP500
2022-01-01,V,SP500
2022-01-01,VEEV,SP500
2022-01-01,VMC,SP500
2022-01-01,VMW,SP500
2022-01-01,VRSK,SP500
2022-01-01,VRSN,SP500
2022-01-01,VRTX,SP500
2022-01-01,W,SP500
2022-01-01,WAT,SP500
2022-01-01,WCN,SP500
2022-01-01,WDAY,SP500
2022-01-01,WMG,SP500
2022-01-01,WST,SP500
2022-01-01,WYNN,SP500
2022-01-01,XLNX,SP500
2022-01-01,XM,SP500
2022-01-01,YUM,SP500
2022-01-01,Z,SP500
2022-01-01,ZBRA,SP500
2022-01-01,ZEN,SP500
2022-01-01,ZG,SP500
2022-01-01,ZM,SP500
2022-01-01,ZS,SP500
2022-01-01,ZTS,SP500
2022-02-01,A,SP500
2022-02-01,AAPL,SP500
2022-02-01,ABMD,SP500
2022-02-01,ABNB,SP500
2022-02-01,ACN,SP500
2022-02-01,ADBE,SP500
2022-02-01,ADP,SP500
2022-02-01,ADSK,SP500
2022-02-01,AFRM,SP500
2022-02-01,AGL,SP500
2022-02-01,AKAM,SP500
2022-02-01,ALB,SP500
2022-02-01,ALGN,SP500
2022-02-01,ALNY,SP500
2022-02-01,AMAT,SP500
2022-02-01,AMC,SP500
2022-02-01,AMD,SP500
2022-02-01,AMT,SP500
2022-02-01,AMZN,SP500
2022-02-01,ANET,SP500
2022-02-01,ANSS,SP500
2022-02-01,AON,SP500
2022-02-01,APH,SP500
2022-02-01,APO,SP500
2022-02-01,APP,SP500
2022-02-01,APTV,SP500
2022-02-01,ARE,SP500
2022-02-01,ATH,SP500
2022-02-01,ATUS,SP500
2022-02-01,ATVI,SP500
2022-02-01,AUR,SP500
2022-02-01,AVTR,SP500
2022-02-01,AZO,SP500
2022-02-01,BA,SP500
2022-02-01,BAX,SP500
2022-02-01,BF.A,SP500
2022-02-01,BF.B,SP500
2022-02-01,BILL,SP500
2022-02-01,BIO,SP500
2022-02-01,BKI,SP500
2022-02-01,BKNG,SP500
2022-02-01,BLL,SP500
2022-02-01,BMBL,SP500
2022-02-01,BMRN,SP500
2022-02-01,BR,SP500
2022-02-01,BSX,SP500
2022-02-01,BSY,SP500
2022-02-01,BURL,SP500
2022-02-01,CCI,SP500
2022-02-01,CDNS,SP500
2022-02-01,CERN,SP500
2022-02-01,CGNX,SP500
2022-02-01,CHD,SP500
2022-02-01,CHTR,SP500
2022-02-01,CHWY,SP500
2022-02-01,CL,SP500
2022-02-01,CMG,SP500
2022-02-01,COIN,SP500
2022-02-01,COO,SP500
2022-02-01,COST,SP500
2022-02-01,COUP,SP500
2022-02-01,CPRT,SP500
2022-02-01,CRL,SP500
2022-02-01,CRM,SP500
2022-02-01,CRWD,SP500
2022-02-01,CSGP,SP500
2022-02-01,CTAS,SP500
2022-02-01,CTLT,SP500
2022-02-01,CVNA,SP500
2022-02-01,CZR,SP500
2022-02-01,DASH,SP500
2022-02-01,DBX,SP500
2022-02-01,DDOG,SP500
2022-02-01,DG,SP500
2022-02-01,DHR,SP500
2022-02-01,DIS,SP500
2022-02-01,DKNG,SP500
2022-02-01,DLR,SP500
2022-02-01,DNA,SP500
2022-02-01,DOCU,SP500
2022-02-01,DPZ,SP500
2022-02-01,DXCM,SP500
2022-02-01,EA,SP500
2022-02-01,ECL,SP500
2022-02-01,EDR,SP500
2022-02-01,EFX,SP500
2022-02-01,EL,SP500
2022-02-01,ENPH,SP500
2022-02-01,EPAM,SP500
2022-02-01,EQIX,SP500
2022-02-01,ETSY,SP500
2022-02-01,EW,SP500
2022-02-01,EXAS,SP500
2022-02-01,EXPD,SP500
2022-02-01,EXPE,SP500
2022-02-01,FAST,SP500
2022-02-01,FB,SP500
2022-02-01,FDS,SP500
2022-02-01,FIS,SP500
2022-02-01,FISV,SP500
2022-02-01,FLT,SP500
2022-02-01,FMC,SP500
2022-02-01,FRC,SP500
2022-02-01,FTNT,SP500
2022-02-01,GDDY,SP500
2022-02-01,GDRX,SP500
2022-02-01,GNRC,SP500
2022-02-01,GOOG,SP500
2022-02-01,GOOGL,SP500
2022-02-01,GPN,SP500
2022-02-01,GTLB,SP500
2022-02-01,HCP,SP500
2022-02-01,HD,SP500
2022-02-01,HEI,SP500
2022-02-01,HEI.A,SP500
2022-02-01,HLT,SP500
2022-02-01,HSY,SP500
2022-02-01,HUBS,SP500
2022-02-01,HZNP,SP500
2022-02-01,IAC,SP500
2022-02-01,IBKR,SP500
2022-02-01,IDXX,SP500
2022-02-01,ILMN,SP500
2022-02-01,INCY,SP500
2022-02-01,INFO,SP500
2022-02-01,INTU,SP500
2022-02-01,INVH,SP500
2022-02-01,IPGP,SP500
2022-02-01,IQV,SP500
2022-02-01,ISRG,SP500
2022-02-01,IT,SP500
2022-02-01,JBHT,SP500
2022-02-01,JKHY,SP500
2022-02-01,KEYS,SP500
2022-02-01,KLAC,SP500
2022-02-01,LBRDA,SP500
2022-02-01,LBRDK,SP500
2022-02-01,LCID,SP500
2022-02-01,LIN,SP500
2022-02-01,LNG,SP500
2022-02-01,LOW,SP500
2022-02-01,LRCX,SP500
2022-02-01,LULU,SP500
2022-02-01,LVS,SP500
2022-02-01,LW,SP500
2022-02-01,LYFT,SP500
2022-02-01,LYV,SP500
2022-02-01,MA,SP500
2022-02-01,MAR,SP500
2022-02-01,MCD,SP500
2022-02-01,MCHP,SP500
2022-02-01,MCO,SP500
2022-02-01,MDB,SP500
2022-02-01,MGM,SP500
2022-02-01,MKC,SP500
2022-02-01,MKL,SP500
2022-02-01,MKTX,SP500
2022-02-01,MLM,SP500
2022-02-01,MNST,SP500
2022-02-01,MPWR,SP500
2022-02-01,MRNA,SP500
2022-02-01,MRVL,SP500
2022-02-01,MSCI,SP500
2022-02-01,MSFT,SP500
2022-02-01,MSI,SP500
2022-02-01,MTCH,SP500
2022-02-01,MTD,SP500
2022-02-01,MTN,SP500
2022-02-01,MU,SP500
2022-02-01,NET,SP500
2022-02-01,NFLX,SP500
2022-02-01,NKE,SP500
2022-02-01,NOW,SP500
2022-02-01,NVCR,SP500
2022-02-01,NVDA,SP500
2022-02-01,NVR,SP500
2022-02-01,O,SP500
2022-02-01,ODFL,SP500
2022-02-01,OKTA,SP500
2022-02-01,OLPX,SP500
2022-02-01,OPEN,SP500
2022-02-01,ORLY,SP500
2022-02-01,OSH,SP500
2022-02-01,PANW,SP500
2022-02-01,PAYC,SP500
2022-02-01,PAYX,SP500
2022-02-01,PENN,SP500
2022-02-01,PINS,SP500
2022-02-01,PKI,SP500
2022-02-01,PLTR,SP500
2022-02-01,PLUG,SP500
2022-02-01,PODD,SP500
2022-02-01,POOL,SP500
2022-02-01,PSA,SP500
2022-02-01,PTON,SP500
2022-02-01,PXD,SP500
2022-02-01,PYPL,SP500
2022-02-01,QCOM,SP500
2022-02-01,QS,SP500
2022-02-01,RBLX,SP500
2022-02-01,RCL,SP500
2022-02-01,REGN,SP500
2022-02-01,RIVN,SP500
2022-02-01,RMD,SP500
2022-02-01,RNG,SP500
2022-02-01,ROK,SP500
2022-02-01,ROKU,SP500
2022-02-01,ROL,SP500
2022-02-01,ROP,SP500
2022-02-01,ROST,SP500
2022-02-01,SBAC,SP500
2022-02-01,SBUX,SP500
2022-02-01,SEIC,SP500
2022-02-01,SGEN,SP500
2022-02-01,SHW,SP500
2022-02-01,SIRI,SP500
2022-02-01,SIVB,SP500
2022-02-01,SNAP,SP500
2022-02-01,SNOW,SP500
2022-02-01,SNPS,SP500
2022-02-01,SPGI,SP500
2022-02-01,SPLK,SP500
2022-02-01,SQ,SP500
2022-02-01,SSNC,SP500
2022-02-01,STE,SP500
2022-02-01,SUI,SP500
2022-02-01,SWKS,SP500
2022-02-01,SYK,SP500
2022-02-01,TDOC,SP500
2022-02-01,TDY,SP500
2022-02-01,TER,SP500
2022-02-01,TFX,SP500
2022-02-01,TJX,SP500
2022-02-01,TMO,SP500
2022-02-01,TOST,SP500
2022-02-01,TRMB,SP500
2022-02-01,TRU,SP500
2022-02-01,TSCO,SP500
2022-02-01,TSLA,SP500
2022-02-01,TTD,SP500
2022-02-01,TTWO,SP500
2022-02-01,TW,SP500
2022-02-01,TWLO,SP500
2022-02-01,TWTR,SP500
2022-02-01,TXG,SP500
2022-02-01,TXN,SP500
2022-02-01,TYL,SP500
2022-02-01,U,SP500
2022-02-01,UBER,SP500
2022-02-01,UDR,SP500
2022-02-01,UI,SP500
2022-02-01,ULTA,SP500
2022-02-01,UNP,SP500
2022-02-01,UPS,SP500
2022-02-01,V,SP500
2022-02-01,VEEV,SP500
2022-02-01,VMC,SP500
2022-02-01,VMW,SP500
2022-02-01,VRSK,SP500
2022-02-01,VRSN,SP500
2022-02-01,VRTX,SP500
2022-02-01,W,SP500
2022-02-01,WAT,SP500
2022-02-01,WCN,SP500
2022-02-01,WDAY,SP500
2022-02-01,WMG,SP500
2022-02-01,WST,SP500
2022-02-01,WYNN,SP500
2022-02-01,XLNX,SP500
2022-02-01,XM,SP500
2022-02-01,YUM,SP500
2022-02-01,Z,SP500
2022-02-01,ZBRA,SP500
2022-02-01,ZEN,SP500
2022-02-01,ZG,SP500
2022-02-01,ZM,SP500
2022-02-01,ZS,SP500
2022-02-01,ZTS,SP500
2022-03-01,A,SP500
2022-03-01,AAPL,SP500
2022-03-01,ABMD,SP500
2022-03-01,ABNB,SP500
2022-03-01,ACN,SP500
2022-03-01,ADBE,SP500
2022-03-01,ADP,SP500
2022-03-01,ADSK,SP500
2022-03-01,AFRM,SP500
2022-03-01,AGL,SP500
2022-03-01,AKAM,SP500
2022-03-01,ALB,SP500
2022-03-01,ALGN,SP500
2022-03-01,ALNY,SP500
2022-03-01,AMAT,SP500
2022-03-01,AMC,SP500
2022-03-01,AMD,SP500
2022-03-01,AMT,SP500
2022-03-01,AMZN,SP500
2022-03-01,ANET,SP500
2022-03-01,ANSS,SP500
2022-03-01,AON,SP500
2022-03-01,APH,SP500
2022-03-01,APO,SP500
2022-03-01,APP,SP500
2022-03-01,APTV,SP500
2022-03-01,ATUS,SP500
2022-03-01,ATVI,SP500
2022-03-01,AUR,SP500
2022-03-01,AVTR,SP500
2022-03-01,AZO,SP500
2022-03-01,BA,SP500
2022-03-01,BF.A,SP500
2022-03-01,BF.B,SP500
2022-03-01,BILL,SP500
2022-03-01,BIO,SP500
2022-03-01,BKI,SP500
2022-03-01,BKNG,SP500
2022-03-01,BLL,SP500
2022-03-01,BMBL,SP500
2022-03-01,BMRN,SP500
2022-03-01,BR,SP500
2022-03-01,BSX,SP500
2022-03-01,BSY,SP500
2022-03-01,BURL,SP500
2022-03-01,CCI,SP500
2022-03-01,CDNS,SP500
2022-03-01,CGNX,SP500
2022-03-01,CHD,SP500
2022-03-01,CHTR,SP500
2022-03-01,CHWY,SP500
2022-03-01,CL,SP500
2022-03-01,CMG,SP500
2022-03-01,COIN,SP500
2022-03-01,COO,SP500
2022-03-01,COST,SP500
2022-03-01,COUP,SP500
2022-03-01,CPRT,SP500
2022-03-01,CRL,SP500
2022-03-01,CRM,SP500
2022-03-01,CRWD,SP500
2022-03-01,CSGP,SP500
2022-03-01,CTAS,SP500
2022-03-01,CTLT,SP500
2022-03-01,CVNA,SP500
2022-03-01,CZR,SP500
2022-03-01,DASH,SP500
2022-03-01,DBX,SP500
2022-03-01,DDOG,SP500
2022-03-01,DG,SP500
2022-03-01,DHR,SP500
2022-03-01,DIS,SP500
2022-03-01,DKNG,SP500
2022-03-01,DLR,SP500
2022-03-01,DNA,SP500
2022-03-01,DOCU,SP500
2022-03-01,DPZ,SP500
2022-03-01,DXCM,SP500
2022-03-01,EA,SP500
2022-03-01,ECL,SP500
2022-03-01,EDR,SP500
2022-03-01,EFX,SP500
2022-03-01,EL,SP500
2022-03-01,ENPH,SP500
2022-03-01,EPAM,SP500
2022-03-01,EQIX,SP500
2022-03-01,ETSY,SP500
2022-03-01,EW,SP500
2022-03-01,EXAS,SP500
2022-03-01,EXPD,SP500
2022-03-01,EXPE,SP500
2022-03-01,FAST,SP500
2022-03-01,FB,SP500
2022-03-01,FDS,SP500
2022-03-01,FISV,SP500
2022-03-01,FLT,SP500
2022-03-01,FRC,SP500
2022-03-01,FTNT,SP500
2022-03-01,GDDY,SP500
2022-03-01,GDRX,SP500
2022-03-01,GNRC,SP500
2022-03-01,GOOG,SP500
2022-03-01,GOOGL,SP500
2022-03-01,GPN,SP500
2022-03-01,GTLB,SP500
2022-03-01,HCP,SP500
2022-03-01,HD,SP500
2022-03-01,HEI,SP500
2022-03-01,HEI.A,SP500
2022-03-01,HLT,SP500
2022-03-01,HSY,SP500
2022-03-01,HUBS,SP500
2022-03-01,HZNP,SP500
2022-03-01,IAC,SP500
2022-03-01,IBKR,SP500
2022-03-01,IDXX,SP500
2022-03-01,ILMN,SP500
2022-03-01,INCY,SP500
2022-03-01,INFO,SP500
2022-03-01,INTU,SP500
2022-03-01,INVH,SP500
2022-03-01,IPGP,SP500
2022-03-01,IQV,SP500
2022-03-01,ISRG,SP500
2022-03-01,IT,SP500
2022-03-01,JBHT,SP500
2022-03-01,JKHY,SP500
2022-03-01,KEYS,SP500
2022-03-01,KLAC,SP500
2022-03-01,LBRDA,SP500
2022-03-01,LBRDK,SP500
2022-03-01,LCID,SP500
2022-03-01,LIN,SP500
2022-03-01,LNG,SP500
2022-03-01,LOW,SP500
2022-03-01,LRCX,SP500
2022-03-01,LULU,SP500
2022-03-01,LVS,SP500
2022-03-01,LW,SP500
2022-03-01,LYFT,SP500
2022-03-01,LYV,SP500
2022-03-01,MA,SP500
2022-03-01,MAR,SP500
2022-03-01,MCD,SP500
2022-03-01,MCHP,SP500
2022-03-01,MCO,SP500
2022-03-01,MDB,SP500
2022-03-01,MKL,SP500
2022-03-01,MKTX,SP500
2022-03-01,MLM,SP500
2022-03-01,MNST,SP500
2022-03-01,MPWR,SP500
2022-03-01,MRNA,SP500
2022-03-01,MRVL,SP500
2022-03-01,MSCI,SP500
2022-03-01,MSFT,SP500
2022-03-01,MSI,SP500
2022-03-01,MTCH,SP500
2022-03-01,MTD,SP500
2022-03-01,MTN,SP500
2022-03-01,MU,SP500
2022-03-01,NET,SP500
2022-03-01,NFLX,SP500
2022-03-01,NKE,SP500
2022-03-01,NOW,SP500
2022-03-01,NVCR,SP500
2022-03-01,NVDA,SP500
2022-03-01,NVR,SP500
2022-03-01,O,SP500
2022-03-01,ODFL,SP500
2022-03-01,OKTA,SP500
2022-03-01,OLPX,SP500
2022-03-01,OPEN,SP500
2022-03-01,ORLY,SP500
2022-03-01,OSH,SP500
2022-03-01,PANW,SP500
2022-03-01,PAYC,SP500
2022-03-01,PAYX,SP500
2022-03-01,PINS,SP500
2022-03-01,PKI,SP500
2022-03-01,PLTR,SP500
2022-03-01,PLUG,SP500
2022-03-01,PODD,SP500
2022-03-01,POOL,SP500
2022-03-01,PSA,SP500
2022-03-01,PTON,SP500
2022-03-01,PXD,SP500
2022-03-01,PYPL,SP500
2022-03-01,QCOM,SP500
2022-03-01,QS,SP500
2022-03-01,RBLX,SP500
2022-03-01,RCL,SP500
2022-03-01,REGN,SP500
2022-03-01,RIVN,SP500
2022-03-01,RMD,SP500
2022-03-01,RNG,SP500
2022-03-01,ROK,SP500
2022-03-01,ROKU,SP500
2022-03-01,ROL,SP500
2022-03-01,ROP,SP500
2022-03-01,ROST,SP500
2022-03-01,SBAC,SP500
2022-03-01,SBUX,SP500
2022-03-01,SGEN,SP500
2022-03-01,SHW,SP500
2022-03-01,SIRI,SP500
2022-03-01,SIVB,SP500
2022-03-01,SNAP,SP500
2022-03-01,SNOW,SP500
2022-03-01,SNPS,SP500
2022-03-01,SPGI,SP500
2022-03-01,SPLK,SP500
2022-03-01,SQ,SP500
2022-03-01,SSNC,SP500
2022-03-01,STE,SP500
2022-03-01,SUI,SP500
2022-03-01,SWKS,SP500
2022-03-01,SYK,SP500
2022-03-01,TDOC,SP500
2022-03-01,TDY,SP500
2022-03-01,TER,SP500
2022-03-01,TFX,SP500
2022-03-01,TJX,SP500
2022-03-01,TMO,SP500
2022-03-01,TOST,SP500
2022-03-01,TRMB,SP500
2022-03-01,TRU,SP500
2022-03-01,TSCO,SP500
2022-03-01,TSLA,SP500
2022-03-01,TTD,SP500
2022-03-01,TTWO,SP500
2022-03-01,TW,SP500
2022-03-01,TWLO,SP500
2022-03-01,TWTR,SP500
2022-03-01,TXG,SP500
2022-03-01,TXN,SP500
2022-03-01,TYL,SP500
2022-03-01,U,SP500
2022-03-01,UBER,SP500
2022-03-01,UDR,SP500
2022-03-01,ULTA,SP500
2022-03-01,UNP,SP500
2022-03-01,UPS,SP500
2022-03-01,V,SP500
2022-03-01,VEEV,SP500
2022-03-01,VMC,SP500
2022-03-01,VRSK,SP500
2022-03-01,VRSN,SP500
2022-03-01,VRTX,SP500
2022-03-01,W,SP500
2022-03-01,WAT,SP500
2022-03-01,WCN,SP500
2022-03-01,WDAY,SP500
2022-03-01,WMG,SP500
2022-03-01,WST,SP500
2022-03-01,WYNN,SP500
2022-03-01,XM,SP500
2022-03-01,YUM,SP500
2022-03-01,Z,SP500
2022-03-01,ZBRA,SP500
2022-03-01,ZEN,SP500
2022-03-01,ZG,SP500
2022-03-01,ZM,SP500
2022-03-01,ZS,SP500
2022-03-01,ZTS,SP500
2022-04-01,A,SP500
2022-04-01,AAPL,SP500
2022-04-01,ABMD,SP500
2022-04-01,ABNB,SP500
2022-04-01,ACN,SP500
2022-04-01,ADBE,SP500
2022-04-01,ADP,SP500
2022-04-01,ADSK,SP500
2022-04-01,AFRM,SP500
2022-04-01,AGL,SP500
2022-04-01,AKAM,SP500
2022-04-01,ALB,SP500
2022-04-01,ALGN,SP500
2022-04-01,ALNY,SP500
2022-04-01,AMAT,SP500
2022-04-01,AMC,SP500
2022-04-01,AMD,SP500
2022-04-01,AMT,SP500
2022-04-01,AMZN,SP500
2022-04-01,ANET,SP500
2022-04-01,ANSS,SP500
2022-04-01,AON,SP500
2022-04-01,APH,SP500
2022-04-01,APO,SP500
2022-04-01,APP,SP500
2022-04-01,APTV,SP500
2022-04-01,ATUS,SP500
2022-04-01,ATVI,SP500
2022-04-01,AUR,SP500
2022-04-01,AVTR,SP500
2022-04-01,AZO,SP500
2022-04-01,BA,SP500
2022-04-01,BF.A,SP500
2022-04-01,BF.B,SP500
2022-04-01,BILL,SP500
2022-04-01,BIO,SP500
2022-04-01,BKI,SP500
2022-04-01,BKNG,SP500
2022-04-01,BLL,SP500
2022-04-01,BMBL,SP500
2022-04-01,BMRN,SP500
2022-04-01,BR,SP500
2022-04-01,BSX,SP500
2022-04-01,BSY,SP500
2022-04-01,BURL,SP500
2022-04-01,CCI,SP500
2022-04-01,CDNS,SP500
2022-04-01,CGNX,SP500
2022-04-01,CHD,SP500
2022-04-01,CHTR,SP500
2022-04-01,CHWY,SP500
2022-04-01,CL,SP500
2022-04-01,CMG,SP500
2022-04-01,COIN,SP500
2022-04-01,COO,SP500
2022-04-01,COST,SP500
2022-04-01,COUP,SP500
2022-04-01,CPRT,SP500
2022-04-01,CRL,SP500
2022-04-01,CRM,SP500
2022-04-01,CRWD,SP500
2022-04-01,CSGP,SP500
2022-04-01,CTAS,SP500
2022-04-01,CTLT,SP500
2022-04-01,CVNA,SP500
2022-04-01,CZR,SP500
2022-04-01,DASH,SP500
2022-04-01,DBX,SP500
2022-04-01,DDOG,SP500
2022-04-01,DG,SP500
2022-04-01,DHR,SP500
2022-04-01,DIS,SP500
2022-04-01,DKNG,SP500
2022-04-01,DLR,SP500
2022-04-01,DNA,SP500
2022-04-01,DOCU,SP500
2022-04-01,DPZ,SP500
2022-04-01,DXCM,SP500
2022-04-01,EA,SP500
2022-04-01,ECL,SP500
2022-04-01,EDR,SP500
2022-04-01,EFX,SP500
2022-04-01,EL,SP500
2022-04-01,ENPH,SP500
2022-04-01,EPAM,SP500
2022-04-01,EQIX,SP500
2022-04-01,ETSY,SP500
2022-04-01,EW,SP500
2022-04-01,EXAS,SP500
2022-04-01,EXPD,SP500
2022-04-01,EXPE,SP500
2022-04-01,FAST,SP500
2022-04-01,FB,SP500
2022-04-01,FDS,SP500
2022-04-01,FISV,SP500
2022-04-01,FLT,SP500
2022-04-01,FRC,SP500
2022-04-01,FTNT,SP500
2022-04-01,GDDY,SP500
2022-04-01,GDRX,SP500
2022-04-01,GNRC,SP500
2022-04-01,GOOG,SP500
2022-04-01,GOOGL,SP500
2022-04-01,GPN,SP500
2022-04-01,GTLB,SP500
2022-04-01,HCP,SP500
2022-04-01,HD,SP500
2022-04-01,HEI,SP500
2022-04-01,HEI.A,SP500
2022-04-01,HLT,SP500
2022-04-01,HSY,SP500
2022-04-01,HUBS,SP500
2022-04-01,HZNP,SP500
2022-04-01,IAC,SP500
2022-04-01,IBKR,SP500
2022-04-01,IDXX,SP500
2022-04-01,ILMN,SP500
2022-04-01,INCY,SP500
2022-04-01,INTU,SP500
2022-04-01,INVH,SP500
2022-04-01,IPGP,SP500
2022-04-01,IQV,SP500
2022-04-01,ISRG,SP500
2022-04-01,IT,SP500
2022-04-01,JBHT,SP500
2022-04-01,JKHY,SP500
2022-04-01,KEYS,SP500
2022-04-01,KLAC,SP500
2022-04-01,LBRDA,SP500
2022-04-01,LBRDK,SP500
2022-04-01,LCID,SP500
2022-04-01,LIN,SP500
2022-04-01,LNG,SP500
2022-04-01,LOW,SP500
2022-04-01,LRCX,SP500
2022-04-01,LULU,SP500
2022-04-01,LVS,SP500
2022-04-01,LW,SP500
2022-04-01,LYFT,SP500
2022-04-01,LYV,SP500
2022-04-01,MA,SP500
2022-04-01,MAR,SP500
2022-04-01,MCD,SP500
2022-04-01,MCHP,SP500
2022-04-01,MCO,SP500
2022-04-01,MDB,SP500
2022-04-01,MKL,SP500
2022-04-01,MKTX,SP500
2022-04-01,MLM,SP500
2022-04-01,MNST,SP500
2022-04-01,MPWR,SP500
2022-04-01,MRNA,SP500
2022-04-01,MRVL,SP500
2022-04-01,MSCI,SP500
2022-04-01,MSFT,SP500
2022-04-01,MSI,SP500
2022-04-01,MTCH,SP500
2022-04-01,MTD,SP500
2022-04-01,MTN,SP500
2022-04-01,MU,SP500
2022-04-01,NET,SP500
2022-04-01,NFLX,SP500
2022-04-01,NKE,SP500
2022-04-01,NOW,SP500
2022-04-01,NVCR,SP500
2022-04-01,NVDA,SP500
2022-04-01,NVR,SP500
2022-04-01,O,SP500
2022-04-01,ODFL,SP500
2022-04-01,OKTA,SP500
2022-04-01,OLPX,SP500
2022-04-01,OPEN,SP500
2022-04-01,ORLY,SP500
2022-04-01,OSH,SP500
2022-04-01,PANW,SP500
2022-04-01,PAYC,SP500
2022-04-01,PAYX,SP500
2022-04-01,PINS,SP500
2022-04-01,PKI,SP500
2022-04-01,PLTR,SP500
2022-04-01,PLUG,SP500
2022-04-01,PODD,SP500
2022-04-01,POOL,SP500
2022-04-01,PSA,SP500
2022-04-01,PTON,SP500
2022-04-01,PXD,SP500
2022-04-01,PYPL,SP500
2022-04-01,QCOM,SP500
2022-04-01,QS,SP500
2022-04-01,RBLX,SP500
2022-04-01,RCL,SP500
2022-04-01,REGN,SP500
2022-04-01,RIVN,SP500
2022-04-01,RMD,SP500
2022-04-01,RNG,SP500
2022-04-01,ROK,SP500
2022-04-01,ROKU,SP500
2022-04-01,ROL,SP500
2022-04-01,ROP,SP500
2022-04-01,ROST,SP500
2022-04-01,SBAC,SP500
2022-04-01,SBUX,SP500
2022-04-01,SGEN,SP500
2022-04-01,SHW,SP500
2022-04-01,SIRI,SP500
2022-04-01,SIVB,SP500
2022-04-01,SNAP,SP500
2022-04-01,SNOW,SP500
2022-04-01,SNPS,SP500
2022-04-01,SPGI,SP500
2022-04-01,SPLK,SP500
2022-04-01,SQ,SP500
2022-04-01,SSNC,SP500
2022-04-01,STE,SP500
2022-04-01,SUI,SP500
2022-04-01,SWKS,SP500
2022-04-01,SYK,SP500
2022-04-01,TDOC,SP500
2022-04-01,TDY,SP500
2022-04-01,TER,SP500
2022-04-01,TFX,SP500
2022-04-01,TJX,SP500
2022-04-01,TMO,SP500
2022-04-01,TOST,SP500
2022-04-01,TRMB,SP500
2022-04-01,TRU,SP500
2022-04-01,TSCO,SP500
2022-04-01,TSLA,SP500
2022-04-01,TTD,SP500
2022-04-01,TTWO,SP500
2022-04-01,TW,SP500
2022-04-01,TWLO,SP500
2022-04-01,TWTR,SP500
2022-04-01,TXG,SP500
2022-04-01,TXN,SP500
2022-04-01,TYL,SP500
2022-04-01,U,SP500
2022-04-01,UBER,SP500
2022-04-01,UDR,SP500
2022-04-01,ULTA,SP500
2022-04-01,UNP,SP500
2022-04-01,UPS,SP500
2022-04-01,V,SP500
2022-04-01,VEEV,SP500
2022-04-01,VMC,SP500
2022-04-01,VRSK,SP500
2022-04-01,VRSN,SP500
2022-04-01,VRTX,SP500
2022-04-01,W,SP500
2022-04-01,WAT,SP500
2022-04-01,WCN,SP500
2022-04-01,WDAY,SP500
2022-04-01,WMG,SP500
2022-04-01,WST,SP500
2022-04-01,WYNN,SP500
2022-04-01,XM,SP500
2022-04-01,YUM,SP500
2022-04-01,Z,SP500
2022-04-01,ZBRA,SP500
2022-04-01,ZEN,SP500
2022-04-01,ZG,SP500
2022-04-01,ZM,SP500
2022-04-01,ZS,SP500
2022-04-01,ZTS,SP500
2022-05-03,A,SP500
2022-05-03,AAPL,SP500
2022-05-03,ABMD,SP500
2022-05-03,ABNB,SP500
2022-05-03,ACN,SP500
2022-05-03,ADBE,SP500
2022-05-03,ADP,SP500
2022-05-03,ADSK,SP500
2022-05-03,AFRM,SP500
2022-05-03,AGL,SP500
2022-05-03,AKAM,SP500
2022-05-03,ALB,SP500
2022-05-03,ALGN,SP500
2022-05-03,ALNY,SP500
2022-05-03,AMAT,SP500
2022-05-03,AMC,SP500
2022-05-03,AMD,SP500
2022-05-03,AMT,SP500
2022-05-03,AMZN,SP500
2022-05-03,ANET,SP500
2022-05-03,ANSS,SP500
2022-05-03,AON,SP500
2022-05-03,APH,SP500
2022-05-03,APO,SP500
2022-05-03,APP,SP500
2022-05-03,APTV,SP500
2022-05-03,ARES,SP500
2022-05-03,ATVI,SP500
2022-05-03,AVTR,SP500
2022-05-03,AZO,SP500
2022-05-03,BA,SP500
2022-05-03,BF.A,SP500
2022-05-03,BF.B,SP500
2022-05-03,BILL,SP500
2022-05-03,BIO,SP500
2022-05-03,BKI,SP500
2022-05-03,BKNG,SP500
2022-05-03,BLL,SP500
2022-05-03,BMRN,SP500
2022-05-03,BR,SP500
2022-05-03,BSX,SP500
2022-05-03,BSY,SP500
2022-05-03,BURL,SP500
2022-05-03,BX,SP500
2022-05-03,CCI,SP500
2022-05-03,CDNS,SP500
2022-05-03,CGNX,SP500
2022-05-03,CHD,SP500
2022-05-03,CHTR,SP500
2022-05-03,CHWY,SP500
2022-05-03,CL,SP500
2022-05-03,CMG,SP500
2022-05-03,COIN,SP500
2022-05-03,COO,SP500
2022-05-03,COST,SP500
2022-05-03,COUP,SP500
2022-05-03,CPRT,SP500
2022-05-03,CRL,SP500
2022-05-03,CRM,SP500
2022-05-03,CRWD,SP500
2022-05-03,CSGP,SP500
2022-05-03,CTAS,SP500
2022-05-03,CTLT,SP500
2022-05-03,CTRA,SP500
2022-05-03,CVNA,SP500
2022-05-03,CZR,SP500
2022-05-03,DASH,SP500
2022-05-03,DBX,SP500
2022-05-03,DDOG,SP500
2022-05-03,DG,SP500
2022-05-03,DHR,SP500
2022-05-03,DIS,SP500
2022-05-03,DKNG,SP500
2022-05-03,DLR,SP500
2022-05-03,DNA,SP500
2022-05-03,DOCU,SP500
2022-05-03,DPZ,SP500
2022-05-03,DXCM,SP500
2022-05-03,EA,SP500
2022-05-03,ECL,SP500
2022-05-03,EDR,SP500
2022-05-03,EFX,SP500
2022-05-03,EL,SP500
2022-05-03,ENPH,SP500
2022-05-03,EPAM,SP500
2022-05-03,EQIX,SP500
2022-05-03,ETSY,SP500
2022-05-03,EW,SP500
2022-05-03,EXAS,SP500
2022-05-03,EXPD,SP500
2022-05-03,EXPE,SP500
2022-05-03,FANG,SP500
2022-05-03,FAST,SP500
2022-05-03,FB,SP500
2022-05-03,FDS,SP500
2022-05-03,FISV,SP500
2022-05-03,FLT,SP500
2022-05-03,FRC,SP500
2022-05-03,FTNT,SP500
2022-05-03,GDDY,SP500
2022-05-03,GDRX,SP500
2022-05-03,GNRC,SP500
2022-05-03,GOOG,SP500
2022-05-03,GOOGL,SP500
2022-05-03,GPN,SP500
2022-05-03,GTLB,SP500
2022-05-03,HCP,SP500
2022-05-03,HD,SP500
2022-05-03,HEI,SP500
2022-05-03,HEI.A,SP500
2022-05-03,HLT,SP500
2022-05-03,HSY,SP500
2022-05-03,HUBS,SP500
2022-05-03,HZNP,SP500
2022-05-03,IAC,SP500
2022-05-03,IBKR,SP500
2022-05-03,IDXX,SP500
2022-05-03,ILMN,SP500
2022-05-03,INCY,SP500
2022-05-03,INTU,SP500
2022-05-03,INVH,SP500
2022-05-03,IQV,SP500
2022-05-03,ISRG,SP500
2022-05-03,IT,SP500
2022-05-03,JBHT,SP500
2022-05-03,JKHY,SP500
2022-05-03,KEYS,SP500
2022-05-03,KLAC,SP500
2022-05-03,LBRDA,SP500
2022-05-03,LBRDK,SP500
2022-05-03,LCID,SP500
2022-05-03,LIN,SP500
2022-05-03,LNG,SP500
2022-05-03,LOW,SP500
2022-05-03,LRCX,SP500
2022-05-03,LULU,SP500
2022-05-03,LVS,SP500
2022-05-03,LW,SP500
2022-05-03,LYFT,SP500
2022-05-03,LYV,SP500
2022-05-03,MA,SP500
2022-05-03,MAR,SP500
2022-05-03,MCD,SP500
2022-05-03,MCHP,SP500
2022-05-03,MCO,SP500
2022-05-03,MDB,SP500
2022-05-03,MKL,SP500
2022-05-03,MKTX,SP500
2022-05-03,MLM,SP500
2022-05-03,MNST,SP500
2022-05-03,MPWR,SP500
2022-05-03,MRNA,SP500
2022-05-03,MRVL,SP500
2022-05-03,MSCI,SP500
2022-05-03,MSFT,SP500
2022-05-03,MSI,SP500
2022-05-03,MTCH,SP500
2022-05-03,MTD,SP500
2022-05-03,MTN,SP500
2022-05-03,MU,SP500
2022-05-03,NET,SP500
2022-05-03,NFLX,SP500
2022-05-03,NKE,SP500
2022-05-03,NOW,SP500
2022-05-03,NVDA,SP500
2022-05-03,NVR,SP500
2022-05-03,O,SP500
2022-05-03,ODFL,SP500
2022-05-03,OKTA,SP500
2022-05-03,OLPX,SP500
2022-05-03,OPEN,SP500
2022-05-03,ORLY,SP500
2022-05-03,PANW,SP500
2022-05-03,PAYC,SP500
2022-05-03,PAYX,SP500
2022-05-03,PINS,SP500
2022-05-03,PKI,SP500
2022-05-03,PLTR,SP500
2022-05-03,PLUG,SP500
2022-05-03,PODD,SP500
2022-05-03,POOL,SP500
2022-05-03,PSA,SP500
2022-05-03,PTON,SP500
2022-05-03,PXD,SP500
2022-05-03,PYPL,SP500
2022-05-03,QCOM,SP500
2022-05-03,QS,SP500
2022-05-03,RBLX,SP500
2022-05-03,RCL,SP500
2022-05-03,REGN,SP500
2022-05-03,RIVN,SP500
2022-05-03,RMD,SP500
2022-05-03,RNG,SP500
2022-05-03,ROK,SP500
2022-05-03,ROKU,SP500
2022-05-03,ROL,SP500
2022-05-03,ROP,SP500
2022-05-03,ROST,SP500
2022-05-03,SBAC,SP500
2022-05-03,SBUX,SP500
2022-05-03,SGEN,SP500
2022-05-03,SHW,SP500
2022-05-03,SIRI,SP500
2022-05-03,SIVB,SP500
2022-05-03,SNAP,SP500
2022-05-03,SNOW,SP500
2022-05-03,SNPS,SP500
2022-05-03,SPGI,SP500
2022-05-03,SPLK,SP500
2022-05-03,SQ,SP500
2022-05-03,SSNC,SP500
2022-05-03,STE,SP500
2022-05-03,SUI,SP500
2022-05-03,SWKS,SP500
2022-05-03,SYK,SP500
2022-05-03,TDG,SP500
2022-05-03,TDOC,SP500
2022-05-03,TDY,SP500
2022-05-03,TER,SP500
2022-05-03,TFX,SP500
2022-05-03,TJX,SP500
2022-05-03,TMO,SP500
2022-05-03,TMUS,SP500
2022-05-03,TOST,SP500
2022-05-03,TRMB,SP500
2022-05-03,TRU,SP500
2022-05-03,TSCO,SP500
2022-05-03,TSLA,SP500
2022-05-03,TTD,SP500
2022-05-03,TTWO,SP500
2022-05-03,TW,SP500
2022-05-03,TWLO,SP500
2022-05-03,TWTR,SP500
2022-05-03,TXG,SP500
2022-05-03,TXN,SP500
2022-05-03,TYL,SP500
2022-05-03,U,SP500
2022-05-03,UBER,SP500
2022-05-03,UDR,SP500
2022-05-03,ULTA,SP500
2022-05-03,UNP,SP500
2022-05-03,UPS,SP500
2022-05-03,V,SP500
2022-05-03,VEEV,SP500
2022-05-03,VMC,SP500
2022-05-03,VRSK,SP500
2022-05-03,VRSN,SP500
2022-05-03,VRTX,SP500
2022-05-03,W,SP500
2022-05-03,WAT,SP500
2022-05-03,WCN,SP500
2022-05-03,WDAY,SP500
2022-05-03,WMG,SP500
2022-05-03,WST,SP500
2022-05-03,WYNN,SP500
2022-05-03,XM,SP500
2022-05-03,YUM,SP500
2022-05-03,Z,SP500
2022-05-03,ZBRA,SP500
2022-05-03,ZEN,SP500
2022-05-03,ZG,SP500
2022-05-03,ZM,SP500
2022-05-03,ZS,SP500
2022-05-03,ZTS,SP500
2022-06-02,A,SP500
2022-06-02,AAPL,SP500
2022-06-02,ABMD,SP500
2022-06-02,ABNB,SP500
2022-06-02,ACN,SP500
2022-06-02,ADBE,SP500
2022-06-02,ADP,SP500
2022-06-02,ADSK,SP500
2022-06-02,AFRM,SP500
2022-06-02,AGL,SP500
2022-06-02,AKAM,SP500
2022-06-02,ALB,SP500
2022-06-02,ALGN,SP500
2022-06-02,ALNY,SP500
2022-06-02,AMAT,SP500
2022-06-02,AMC,SP500
2022-06-02,AMD,SP500
2022-06-02,AMT,SP500
2022-06-02,AMZN,SP500
2022-06-02,ANET,SP500
2022-06-02,ANSS,SP500
2022-06-02,AON,SP500
2022-06-02,APH,SP500
2022-06-02,APO,SP500
2022-06-02,APP,SP500
2022-06-02,APTV,SP500
2022-06-02,ARES,SP500
2022-06-02,ATVI,SP500
2022-06-02,AUR,SP500
2022-06-02,AVTR,SP500
2022-06-02,AZO,SP500
2022-06-02,BA,SP500
2022-06-02,BALL,SP500
2022-06-02,BF.A,SP500
2022-06-02,BF.B,SP500
2022-06-02,BILL,SP500
2022-06-02,BIO,SP500
2022-06-02,BKI,SP500
2022-06-02,BKNG,SP500
2022-06-02,BMRN,SP500
2022-06-02,BR,SP500
2022-06-02,BSX,SP500
2022-06-02,BSY,SP500
2022-06-02,BURL,SP500
2022-06-02,BX,SP500
2022-06-02,CCI,SP500
2022-06-02,CDNS,SP500
2022-06-02,CGNX,SP500
2022-06-02,CHD,SP500
2022-06-02,CHTR,SP500
2022-06-02,CHWY,SP500
2022-06-02,CL,SP500
2022-06-02,CMG,SP500
2022-06-02,COIN,SP500
2022-06-02,COO,SP500
2022-06-02,COST,SP500
2022-06-02,COUP,SP500
2022-06-02,CPRT,SP500
2022-06-02,CRL,SP500
2022-06-02,CRM,SP500
2022-06-02,CRWD,SP500
2022-06-02,CSGP,SP500
2022-06-02,CTAS,SP500
2022-06-02,CTLT,SP500
2022-06-02,CTRA,SP500
2022-06-02,CVNA,SP500
2022-06-02,CZR,SP500
2022-06-02,DASH,SP500
2022-06-02,DBX,SP500
2022-06-02,DDOG,SP500
2022-06-02,DG,SP500
2022-06-02,DHR,SP500
2022-06-02,DIS,SP500
2022-06-02,DKNG,SP500
2022-06-02,DLR,SP500
2022-06-02,DNA,SP500
2022-06-02,DOCU,SP500
2022-06-02,DPZ,SP500
2022-06-02,DXCM,SP500
2022-06-02,EA,SP500
2022-06-02,ECL,SP500
2022-06-02,EDR,SP500
2022-06-02,EFX,SP500
2022-06-02,EL,SP500
2022-06-02,ENPH,SP500
2022-06-02,EPAM,SP500
2022-06-02,EQIX,SP500
2022-06-02,ETSY,SP500
2022-06-02,EW,SP500
2022-06-02,EXAS,SP500
2022-06-02,EXPD,SP500
2022-06-02,EXPE,SP500
2022-06-02,FANG,SP500
2022-06-02,FAST,SP500
2022-06-02,FB,SP500
2022-06-02,FDS,SP500
2022-06-02,FISV,SP500
2022-06-02,FLT,SP500
2022-06-02,FRC,SP500
2022-06-02,FTNT,SP500
2022-06-02,GDDY,SP500
2022-06-02,GDRX,SP500
2022-06-02,GNRC,SP500
2022-06-02,GOOG,SP500
2022-06-02,GOOGL,SP500
2022-06-02,GPN,SP500
2022-06-02,GTLB,SP500
2022-06-02,HCP,SP500
2022-06-02,HD,SP500
2022-06-02,HEI,SP500
2022-06-02,HEI.A,SP500
2022-06-02,HLT,SP500
2022-06-02,HSY,SP500
2022-06-02,HUBS,SP500
2022-06-02,HZNP,SP500
2022-06-02,IAC,SP500
2022-06-02,IBKR,SP500
2022-06-02,IDXX,SP500
2022-06-02,ILMN,SP500
2022-06-02,INCY,SP500
2022-06-02,INTU,SP500
2022-06-02,INVH,SP500
2022-06-02,IQV,SP500
2022-06-02,ISRG,SP500
2022-06-02,IT,SP500
2022-06-02,JBHT,SP500
2022-06-02,JKHY,SP500
2022-06-02,KEYS,SP500
2022-06-02,KLAC,SP500
2022-06-02,LBRDA,SP500
2022-06-02,LBRDK,SP500
2022-06-02,LCID,SP500
2022-06-02,LIN,SP500
2022-06-02,LNG,SP500
2022-06-02,LOW,SP500
2022-06-02,LRCX,SP500
2022-06-02,LULU,SP500
2022-06-02,LVS,SP500
2022-06-02,LW,SP500
2022-06-02,LYFT,SP500
2022-06-02,LYV,SP500
2022-06-02,MA,SP500
2022-06-02,MAR,SP500
2022-06-02,MCD,SP500
2022-06-02,MCHP,SP500
2022-06-02,MCO,SP500
2022-06-02,MDB,SP500
2022-06-02,MKL,SP500
2022-06-02,MKTX,SP500
2022-06-02,MLM,SP500
2022-06-02,MNST,SP500
2022-06-02,MPWR,SP500
2022-06-02,MRNA,SP500
2022-06-02,MRVL,SP500
2022-06-02,MSCI,SP500
2022-06-02,MSFT,SP500
2022-06-02,MSI,SP500
2022-06-02,MTCH,SP500
2022-06-02,MTD,SP500
2022-06-02,MTN,SP500
2022-06-02,MU,SP500
2022-06-02,NET,SP500
2022-06-02,NFLX,SP500
2022-06-02,NKE,SP500
2022-06-02,NOW,SP500
2022-06-02,NVDA,SP500
2022-06-02,NVR,SP500
2022-06-02,O,SP500
2022-06-02,ODFL,SP500
2022-06-02,OKTA,SP500
2022-06-02,OLPX,SP500
2022-06-02,OPEN,SP500
2022-06-02,ORLY,SP500
2022-06-02,PANW,SP500
2022-06-02,PAYC,SP500
2022-06-02,PAYX,SP500
2022-06-02,PINS,SP500
2022-06-02,PKI,SP500
2022-06-02,PLTR,SP500
2022-06-02,PLUG,SP500
2022-06-02,PODD,SP500
2022-06-02,POOL,SP500
2022-06-02,PSA,SP500
2022-06-02,PTON,SP500
2022-06-02,PXD,SP500
2022-06-02,PYPL,SP500
2022-06-02,QCOM,SP500
2022-06-02,QS,SP500
2022-06-02,RBLX,SP500
2022-06-02,RCL,SP500
2022-06-02,REGN,SP500
2022-06-02,RIVN,SP500
2022-06-02,RMD,SP500
2022-06-02,RNG,SP500
2022-06-02,ROK,SP500
2022-06-02,ROKU,SP500
2022-06-02,ROL,SP500
2022-06-02,ROP,SP500
2022-06-02,ROST,SP500
2022-06-02,SBAC,SP500
2022-06-02,SBUX,SP500
2022-06-02,SGEN,SP500
2022-06-02,SHW,SP500
2022-06-02,SIRI,SP500
2022-06-02,SIVB,SP500
2022-06-02,SNAP,SP500
2022-06-02,SNOW,SP500
2022-06-02,SNPS,SP500
2022-06-02,SPGI,SP500
2022-06-02,SPLK,SP500
2022-06-02,SQ,SP500
2022-06-02,SSNC,SP500
2022-06-02,STE,SP500
2022-06-02,SUI,SP500
2022-06-02,SWKS,SP500
2022-06-02,SYK,SP500
2022-06-02,TDG,SP500
2022-06-02,TDOC,SP500
2022-06-02,TDY,SP500
2022-06-02,TER,SP500
2022-06-02,TFX,SP500
2022-06-02,TJX,SP500
2022-06-02,TMO,SP500
2022-06-02,TMUS,SP500
2022-06-02,TOST,SP500
2022-06-02,TRMB,SP500
2022-06-02,TRU,SP500
2022-06-02,TSCO,SP500
2022-06-02,TSLA,SP500
2022-06-02,TTD,SP500
2022-06-02,TTWO,SP500
2022-06-02,TW,SP500
2022-06-02,TWLO,SP500
2022-06-02,TWTR,SP500
2022-06-02,TXG,SP500
2022-06-02,TXN,SP500
2022-06-02,TYL,SP500
2022-06-02,U,SP500
2022-06-02,UBER,SP500
2022-06-02,UDR,SP500
2022-06-02,ULTA,SP500
2022-06-02,UNP,SP500
2022-06-02,UPS,SP500
2022-06-02,V,SP500
2022-06-02,VEEV,SP500
2022-06-02,VMC,SP500
2022-06-02,VRSK,SP500
2022-06-02,VRSN,SP500
2022-06-02,VRTX,SP500
2022-06-02,W,SP500
2022-06-02,WAT,SP500
2022-06-02,WCN,SP500
2022-06-02,WDAY,SP500
2022-06-02,WMG,SP500
2022-06-02,WST,SP500
2022-06-02,WYNN,SP500
2022-06-02,XM,SP500
2022-06-02,YUM,SP500
2022-06-02,Z,SP500
2022-06-02,ZBRA,SP500
2022-06-02,ZEN,SP500
2022-06-02,ZG,SP500
2022-06-02,ZM,SP500
2022-06-02,ZS,SP500
2022-06-02,ZTS,SP500
2022-07-01,A,SP500
2022-07-01,AAPL,SP500
2022-07-01,ABMD,SP500
2022-07-01,ABNB,SP500
2022-07-01,ACN,SP500
2022-07-01,ADBE,SP500
2022-07-01,ADP,SP500
2022-07-01,ADSK,SP500
2022-07-01,AFRM,SP500
2022-07-01,AGL,SP500
2022-07-01,AKAM,SP500
2022-07-01,ALB,SP500
2022-07-01,ALGN,SP500
2022-07-01,ALNY,SP500
2022-07-01,AMAT,SP500
2022-07-01,AMC,SP500
2022-07-01,AMD,SP500
2022-07-01,AMT,SP500
2022-07-01,AMZN,SP500
2022-07-01,ANET,SP500
2022-07-01,ANSS,SP500
2022-07-01,AON,SP500
2022-07-01,APH,SP500
2022-07-01,APO,SP500
2022-07-01,APP,SP500
2022-07-01,APTV,SP500
2022-07-01,ARES,SP500
2022-07-01,ATVI,SP500
2022-07-01,AUR,SP500
2022-07-01,AVTR,SP500
2022-07-01,AZO,SP500
2022-07-01,BA,SP500
2022-07-01,BALL,SP500
2022-07-01,BF.A,SP500
2022-07-01,BF.B,SP500
2022-07-01,BILL,SP500
2022-07-01,BIO,SP500
2022-07-01,BKI,SP500
2022-07-01,BKNG,SP500
2022-07-01,BMRN,SP500
2022-07-01,BR,SP500
2022-07-01,BSX,SP500
2022-07-01,BSY,SP500
2022-07-01,BURL,SP500
2022-07-01,BX,SP500
2022-07-01,CCI,SP500
2022-07-01,CDNS,SP500
2022-07-01,CGNX,SP500
2022-07-01,CHD,SP500
2022-07-01,CHTR,SP500
2022-07-01,CHWY,SP500
2022-07-01,CL,SP500
2022-07-01,CMG,SP500
2022-07-01,COIN,SP500
2022-07-01,COO,SP500
2022-07-01,COST,SP500
2022-07-01,COUP,SP500
2022-07-01,CPRT,SP500
2022-07-01,CRL,SP500
2022-07-01,CRM,SP500
2022-07-01,CRWD,SP500
2022-07-01,CSGP,SP500
2022-07-01,CTAS,SP500
2022-07-01,CTLT,SP500
2022-07-01,CTRA,SP500
2022-07-01,CVNA,SP500
2022-07-01,CZR,SP500
2022-07-01,DASH,SP500
2022-07-01,DBX,SP500
2022-07-01,DDOG,SP500
2022-07-01,DG,SP500
2022-07-01,DHR,SP500
2022-07-01,DIS,SP500
2022-07-01,DKNG,SP500
2022-07-01,DLR,SP500
2022-07-01,DNA,SP500
2022-07-01,DOCU,SP500
2022-07-01,DPZ,SP500
2022-07-01,DXCM,SP500
2022-07-01,EA,SP500
2022-07-01,ECL,SP500
2022-07-01,EDR,SP500
2022-07-01,EFX,SP500
2022-07-01,EL,SP500
2022-07-01,ENPH,SP500
2022-07-01,EPAM,SP500
2022-07-01,EQIX,SP500
2022-07-01,ETSY,SP500
2022-07-01,EW,SP500
2022-07-01,EXAS,SP500
2022-07-01,EXPD,SP500
2022-07-01,EXPE,SP500
2022-07-01,FANG,SP500
2022-07-01,FAST,SP500
2022-07-01,FDS,SP500
2022-07-01,FISV,SP500
2022-07-01,FLT,SP500
2022-07-01,FRC,SP500
2022-07-01,FTNT,SP500
2022-07-01,GDDY,SP500
2022-07-01,GDRX,SP500
2022-07-01,GNRC,SP500
2022-07-01,GOOG,SP500
2022-07-01,GOOGL,SP500
2022-07-01,GPN,SP500
2022-07-01,GTLB,SP500
2022-07-01,HCP,SP500
2022-07-01,HD,SP500
2022-07-01,HEI,SP500
2022-07-01,HEI.A,SP500
2022-07-01,HLT,SP500
2022-07-01,HSY,SP500
2022-07-01,HUBS,SP500
2022-07-01,HZNP,SP500
2022-07-01,IAC,SP500
2022-07-01,IBKR,SP500
2022-07-01,IDXX,SP500
2022-07-01,ILMN,SP500
2022-07-01,INCY,SP500
2022-07-01,INTU,SP500
2022-07-01,INVH,SP500
2022-07-01,IQV,SP500
2022-07-01,ISRG,SP500
2022-07-01,IT,SP500
2022-07-01,JBHT,SP500
2022-07-01,JKHY,SP500
2022-07-01,KEYS,SP500
2022-07-01,KLAC,SP500
2022-07-01,LBRDA,SP500
2022-07-01,LBRDK,SP500
2022-07-01,LCID,SP500
2022-07-01,LIN,SP500
2022-07-01,LNG,SP500
2022-07-01,LOW,SP500
2022-07-01,LRCX,SP500
2022-07-01,LULU,SP500
2022-07-01,LVS,SP500
2022-07-01,LW,SP500
2022-07-01,LYFT,SP500
2022-07-01,LYV,SP500
2022-07-01,MA,SP500
2022-07-01,MAR,SP500
2022-07-01,MCD,SP500
2022-07-01,MCHP,SP500
2022-07-01,MCO,SP500
2022-07-01,MDB,SP500
2022-07-01,META,SP500
2022-07-01,MKL,SP500
2022-07-01,MKTX,SP500
2022-07-01,MLM,SP500
2022-07-01,MNST,SP500
2022-07-01,MPWR,SP500
2022-07-01,MRNA,SP500
2022-07-01,MRVL,SP500
2022-07-01,MSCI,SP500
2022-07-01,MSFT,SP500
2022-07-01,MSI,SP500
2022-07-01,MTCH,SP500
2022-07-01,MTD,SP500
2022-07-01,MTN,SP500
2022-07-01,MU,SP500
2022-07-01,NET,SP500
2022-07-01,NFLX,SP500
2022-07-01,NKE,SP500
2022-07-01,NOW,SP500
2022-07-01,NVDA,SP500
2022-07-01,NVR,SP500
2022-07-01,O,SP500
2022-07-01,ODFL,SP500
2022-07-01,OKTA,SP500
2022-07-01,OLPX,SP500
2022-07-01,OPEN,SP500
2022-07-01,ORLY,SP500
2022-07-01,PANW,SP500
2022-07-01,PAYC,SP500
2022-07-01,PAYX,SP500
2022-07-01,PINS,SP500
2022-07-01,PKI,SP500
2022-07-01,PLTR,SP500
2022-07-01,PLUG,SP500
2022-07-01,PODD,SP500
2022-07-01,POOL,SP500
2022-07-01,PSA,SP500
2022-07-01,PTON,SP500
2022-07-01,PXD,SP500
2022-07-01,PYPL,SP500
2022-07-01,QCOM,SP500
2022-07-01,QS,SP500
2022-07-01,RBLX,SP500
2022-07-01,RCL,SP500
2022-07-01,REGN,SP500
2022-07-01,RIVN,SP500
2022-07-01,RMD,SP500
2022-07-01,RNG,SP500
2022-07-01,ROK,SP500
2022-07-01,ROKU,SP500
2022-07-01,ROL,SP500
2022-07-01,ROP,SP500
2022-07-01,ROST,SP500
2022-07-01,SBAC,SP500
2022-07-01,SBUX,SP500
2022-07-01,SGEN,SP500
2022-07-01,SHW,SP500
2022-07-01,SIRI,SP500
2022-07-01,SIVB,SP500
2022-07-01,SNAP,SP500
2022-07-01,SNOW,SP500
2022-07-01,SNPS,SP500
2022-07-01,SPGI,SP500
2022-07-01,SPLK,SP500
2022-07-01,SQ,SP500
2022-07-01,SSNC,SP500
2022-07-01,STE,SP500
2022-07-01,SUI,SP500
2022-07-01,SWKS,SP500
2022-07-01,SYK,SP500
2022-07-01,TDG,SP500
2022-07-01,TDOC,SP500
2022-07-01,TDY,SP500
2022-07-01,TER,SP500
2022-07-01,TFX,SP500
2022-07-01,TJX,SP500
2022-07-01,TMO,SP500
2022-07-01,TMUS,SP500
2022-07-01,TOST,SP500
2022-07-01,TRMB,SP500
2022-07-01,TRU,SP500
2022-07-01,TSCO,SP500
2022-07-01,TSLA,SP500
2022-07-01,TTD,SP500
2022-07-01,TTWO,SP500
2022-07-01,TW,SP500
2022-07-01,TWLO,SP500
2022-07-01,TWTR,SP500
2022-07-01,TXG,SP500
2022-07-01,TXN,SP500
2022-07-01,TYL,SP500
2022-07-01,U,SP500
2022-07-01,UBER,SP500
2022-07-01,UDR,SP500
2022-07-01,ULTA,SP500
2022-07-01,UNP,SP500
2022-07-01,UPS,SP500
2022-07-01,V,SP500
2022-07-01,VEEV,SP500
2022-07-01,VMC,SP500
2022-07-01,VRSK,SP500
2022-07-01,VRSN,SP500
2022-07-01,VRTX,SP500
2022-07-01,W,SP500
2022-07-01,WAT,SP500
2022-07-01,WCN,SP500
2022-07-01,WDAY,SP500
2022-07-01,WMG,SP500
2022-07-01,WST,SP500
2022-07-01,WYNN,SP500
2022-07-01,XM,SP500
2022-07-01,YUM,SP500
2022-07-01,Z,SP500
2022-07-01,ZBRA,SP500
2022-07-01,ZEN,SP500
2022-07-01,ZG,SP500
2022-07-01,ZM,SP500
2022-07-01,ZS,SP500
2022-07-01,ZTS,SP500
2022-08-02,A,SP500
2022-08-02,AAPL,SP500
2022-08-02,ABMD,SP500
2022-08-02,ABNB,SP500
2022-08-02,ACN,SP500
2022-08-02,ADBE,SP500
2022-08-02,ADP,SP500
2022-08-02,ADSK,SP500
2022-08-02,AFRM,SP500
2022-08-02,AGL,SP500
2022-08-02,AKAM,SP500
2022-08-02,ALB,SP500
2022-08-02,ALGN,SP500
2022-08-02,ALNY,SP500
2022-08-02,AMAT,SP500
2022-08-02,AMC,SP500
2022-08-02,AMD,SP500
2022-08-02,AMT,SP500
2022-08-02,AMZN,SP500
2022-08-02,ANET,SP500
2022-08-02,ANSS,SP500
2022-08-02,AON,SP500
2022-08-02,APH,SP500
2022-08-02,APO,SP500
2022-08-02,APP,SP500
2022-08-02,APTV,SP500
2022-08-02,ARES,SP500
2022-08-02,ATVI,SP500
2022-08-02,AVTR,SP500
2022-08-02,AZO,SP500
2022-08-02,BA,SP500
2022-08-02,BALL,SP500
2022-08-02,BF.A,SP500
2022-08-02,BF.B,SP500
2022-08-02,BILL,SP500
2022-08-02,BIO,SP500
2022-08-02,BKI,SP500
2022-08-02,BKNG,SP500
2022-08-02,BKR,SP500
2022-08-02,BMRN,SP500
2022-08-02,BR,SP500
2022-08-02,BSX,SP500
2022-08-02,BSY,SP500
2022-08-02,BURL,SP500
2022-08-02,BX,SP500
2022-08-02,CCI,SP500
2022-08-02,CDNS,SP500
2022-08-02,CGNX,SP500
2022-08-02,CHD,SP500
2022-08-02,CHTR,SP500
2022-08-02,CHWY,SP500
2022-08-02,CL,SP500
2022-08-02,CMG,SP500
2022-08-02,COIN,SP500
2022-08-02,COO,SP500
2022-08-02,COST,SP500
2022-08-02,COUP,SP500
2022-08-02,CPRT,SP500
2022-08-02,CPT,SP500
2022-08-02,CRL,SP500
2022-08-02,CRM,SP500
2022-08-02,CRWD,SP500
2022-08-02,CSGP,SP500
2022-08-02,CTAS,SP500
2022-08-02,CTLT,SP500
2022-08-02,CTRA,SP500
2022-08-02,CVNA,SP500
2022-08-02,CZR,SP500
2022-08-02,DASH,SP500
2022-08-02,DBX,SP500
2022-08-02,DDOG,SP500
2022-08-02,DG,SP500
2022-08-02,DHR,SP500
2022-08-02,DIS,SP500
2022-08-02,DLR,SP500
2022-08-02,DOCU,SP500
2022-08-02,DPZ,SP500
2022-08-02,DXCM,SP500
2022-08-02,EA,SP500
2022-08-02,ECL,SP500
2022-08-02,EDR,SP500
2022-08-02,EFX,SP500
2022-08-02,EL,SP500
2022-08-02,ENPH,SP500
2022-08-02,EPAM,SP500
2022-08-02,EQIX,SP500
2022-08-02,ETSY,SP500
2022-08-02,EW,SP500
2022-08-02,EXAS,SP500
2022-08-02,EXPD,SP500
2022-08-02,EXPE,SP500
2022-08-02,FANG,SP500
2022-08-02,FAST,SP500
2022-08-02,FDS,SP500
2022-08-02,FISV,SP500
2022-08-02,FLT,SP500
2022-08-02,FRC,SP500
2022-08-02,FTNT,SP500
2022-08-02,GDDY,SP500
2022-08-02,GNRC,SP500
2022-08-02,GOOG,SP500
2022-08-02,GOOGL,SP500
2022-08-02,GPN,SP500
2022-08-02,HAL,SP500
2022-08-02,HD,SP500
2022-08-02,HEI,SP500
2022-08-02,HEI.A,SP500
2022-08-02,HES,SP500
2022-08-02,HLT,SP500
2022-08-02,HSY,SP500
2022-08-02,HUBS,SP500
2022-08-02,HZNP,SP500
2022-08-02,IAC,SP500
2022-08-02,IBKR,SP500
2022-08-02,IDXX,SP500
2022-08-02,ILMN,SP500
2022-08-02,INCY,SP500
2022-08-02,INTU,SP500
2022-08-02,INVH,SP500
2022-08-02,IQV,SP500
2022-08-02,ISRG,SP500
2022-08-02,IT,SP500
2022-08-02,JBHT,SP500
2022-08-02,JKHY,SP500
2022-08-02,KEYS,SP500
2022-08-02,KLAC,SP500
2022-08-02,LBRDA,SP500
2022-08-02,LBRDK,SP500
2022-08-02,LIN,SP500
2022-08-02,LNG,SP500
2022-08-02,LOW,SP500
2022-08-02,LRCX,SP500
2022-08-02,LULU,SP500
2022-08-02,LVS,SP500
2022-08-02,LW,SP500
2022-08-02,LYFT,SP500
2022-08-02,LYV,SP500
2022-08-02,MA,SP500
2022-08-02,MAR,SP500
2022-08-02,MCD,SP500
2022-08-02,MCHP,SP500
2022-08-02,MCO,SP500
2022-08-02,MDB,SP500
2022-08-02,META,SP500
2022-08-02,MKL,SP500
2022-08-02,MKTX,SP500
2022-08-02,MLM,SP500
2022-08-02,MNST,SP500
2022-08-02,MPWR,SP500
2022-08-02,MRNA,SP500
2022-08-02,MRO,SP500
2022-08-02,MRVL,SP500
2022-08-02,MSCI,SP500
2022-08-02,MSFT,SP500
2022-08-02,MSI,SP500
2022-08-02,MTCH,SP500
2022-08-02,MTD,SP500
2022-08-02,MTN,SP500
2022-08-02,MU,SP500
2022-08-02,NET,SP500
2022-08-02,NFLX,SP500
2022-08-02,NKE,SP500
2022-08-02,NOW,SP500
2022-08-02,NVDA,SP500
2022-08-02,NVR,SP500
2022-08-02,O,SP500
2022-08-02,ODFL,SP500
2022-08-02,OKTA,SP500
2022-08-02,OLPX,SP500
2022-08-02,ORLY,SP500
2022-08-02,PANW,SP500
2022-08-02,PAYC,SP500
2022-08-02,PAYX,SP500
2022-08-02,PINS,SP500
2022-08-02,PKI,SP500
2022-08-02,PLTR,SP500
2022-08-02,PLUG,SP500
2022-08-02,PODD,SP500
2022-08-02,POOL,SP500
2022-08-02,PSA,SP500
2022-08-02,PXD,SP500
2022-08-02,PYPL,SP500
2022-08-02,QCOM,SP500
2022-08-02,RBLX,SP500
2022-08-02,RCL,SP500
2022-08-02,REGN,SP500
2022-08-02,RIVN,SP500
2022-08-02,RMD,SP500
2022-08-02,RNG,SP500
2022-08-02,ROK,SP500
2022-08-02,ROKU,SP500
2022-08-02,ROL,SP500
2022-08-02,ROP,SP500
2022-08-02,ROST,SP500
2022-08-02,SBAC,SP500
2022-08-02,SBUX,SP500
2022-08-02,SGEN,SP500
2022-08-02,SHW,SP500
2022-08-02,SIRI,SP500
2022-08-02,SIVB,SP500
2022-08-02,SNAP,SP500
2022-08-02,SNOW,SP500
2022-08-02,SNPS,SP500
2022-08-02,SPGI,SP500
2022-08-02,SPLK,SP500
2022-08-02,SQ,SP500
2022-08-02,SSNC,SP500
2022-08-02,STE,SP500
2022-08-02,SUI,SP500
2022-08-02,SWKS,SP500
2022-08-02,SYK,SP500
2022-08-02,TDG,SP500
2022-08-02,TDOC,SP500
2022-08-02,TDY,SP500
2022-08-02,TER,SP500
2022-08-02,TFX,SP500
2022-08-02,TJX,SP500
2022-08-02,TMO,SP500
2022-08-02,TMUS,SP500
2022-08-02,TOST,SP500
2022-08-02,TRMB,SP500
2022-08-02,TRU,SP500
2022-08-02,TSCO,SP500
2022-08-02,TSLA,SP500
2022-08-02,TTD,SP500
2022-08-02,TTWO,SP500
2022-08-02,TW,SP500
2022-08-02,TWLO,SP500
2022-08-02,TWTR,SP500
2022-08-02,TXN,SP500
2022-08-02,TYL,SP500
2022-08-02,U,SP500
2022-08-02,UBER,SP500
2022-08-02,UDR,SP500
2022-08-02,ULTA,SP500
2022-08-02,UNP,SP500
2022-08-02,UPS,SP500
2022-08-02,V,SP500
2022-08-02,VEEV,SP500
2022-08-02,VMC,SP500
2022-08-02,VRSK,SP500
2022-08-02,VRSN,SP500
2022-08-02,VRTX,SP500
2022-08-02,W,SP500
2022-08-02,WAT,SP500
2022-08-02,WCN,SP500
2022-08-02,WDAY,SP500
2022-08-02,WMG,SP500
2022-08-02,WST,SP500
2022-08-02,WYNN,SP500
2022-08-02,XM,SP500
2022-08-02,YUM,SP500
2022-08-02,Z,SP500
2022-08-02,ZBRA,SP500
2022-08-02,ZEN,SP500
2022-08-02,ZG,SP500
2022-08-02,ZI,SP500
2022-08-02,ZM,SP500
2022-08-02,ZS,SP500
2022-08-02,ZTS,SP500
2022-09-01,A,SP500
2022-09-01,AAPL,SP500
2022-09-01,ABMD,SP500
2022-09-01,ABNB,SP500
2022-09-01,ACN,SP500
2022-09-01,ADBE,SP500
2022-09-01,ADP,SP500
2022-09-01,ADSK,SP500
2022-09-01,AFRM,SP500
2022-09-01,AGL,SP500
2022-09-01,AKAM,SP500
2022-09-01,ALB,SP500
2022-09-01,ALGN,SP500
2022-09-01,ALNY,SP500
2022-09-01,AMAT,SP500
2022-09-01,AMC,SP500
2022-09-01,AMD,SP500
2022-09-01,AMT,SP500
2022-09-01,AMZN,SP500
2022-09-01,ANET,SP500
2022-09-01,ANSS,SP500
2022-09-01,AON,SP500
2022-09-01,APH,SP500
2022-09-01,APO,SP500
2022-09-01,APP,SP500
2022-09-01,APTV,SP500
2022-09-01,ARES,SP500
2022-09-01,ATVI,SP500
2022-09-01,AVTR,SP500
2022-09-01,AZO,SP500
2022-09-01,BA,SP500
2022-09-01,BALL,SP500
2022-09-01,BF.A,SP500
2022-09-01,BF.B,SP500
2022-09-01,BILL,SP500
2022-09-01,BIO,SP500
2022-09-01,BKI,SP500
2022-09-01,BKNG,SP500
2022-09-01,BKR,SP500
2022-09-01,BMRN,SP500
2022-09-01,BR,SP500
2022-09-01,BSX,SP500
2022-09-01,BSY,SP500
2022-09-01,BURL,SP500
2022-09-01,BX,SP500
2022-09-01,CCI,SP500
2022-09-01,CDNS,SP500
2022-09-01,CGNX,SP500
2022-09-01,CHD,SP500
2022-09-01,CHTR,SP500
2022-09-01,CHWY,SP500
2022-09-01,CL,SP500
2022-09-01,CMG,SP500
2022-09-01,COIN,SP500
2022-09-01,COO,SP500
2022-09-01,COST,SP500
2022-09-01,COUP,SP500
2022-09-01,CPRT,SP500
2022-09-01,CPT,SP500
2022-09-01,CRL,SP500
2022-09-01,CRM,SP500
2022-09-01,CRWD,SP500
2022-09-01,CSGP,SP500
2022-09-01,CTAS,SP500
2022-09-01,CTLT,SP500
2022-09-01,CTRA,SP500
2022-09-01,CVNA,SP500
2022-09-01,CZR,SP500
2022-09-01,DASH,SP500
2022-09-01,DBX,SP500
2022-09-01,DDOG,SP500
2022-09-01,DG,SP500
2022-09-01,DHR,SP500
2022-09-01,DIS,SP500
2022-09-01,DLR,SP500
2022-09-01,DOCU,SP500
2022-09-01,DPZ,SP500
2022-09-01,DXCM,SP500
2022-09-01,EA,SP500
2022-09-01,ECL,SP500
2022-09-01,EDR,SP500
2022-09-01,EFX,SP500
2022-09-01,EL,SP500
2022-09-01,ENPH,SP500
2022-09-01,EPAM,SP500
2022-09-01,EQIX,SP500
2022-09-01,ETSY,SP500
2022-09-01,EW,SP500
2022-09-01,EXAS,SP500
2022-09-01,EXPD,SP500
2022-09-01,EXPE,SP500
2022-09-01,FANG,SP500
2022-09-01,FAST,SP500
2022-09-01,FDS,SP500
2022-09-01,FISV,SP500
2022-09-01,FLT,SP500
2022-09-01,FRC,SP500
2022-09-01,FTNT,SP500
2022-09-01,GDDY,SP500
2022-09-01,GNRC,SP500
2022-09-01,GOOG,SP500
2022-09-01,GOOGL,SP500
2022-09-01,GPN,SP500
2022-09-01,HAL,SP500
2022-09-01,HD,SP500
2022-09-01,HEI,SP500
2022-09-01,HEI.A,SP500
2022-09-01,HES,SP500
2022-09-01,HLT,SP500
2022-09-01,HSY,SP500
2022-09-01,HUBS,SP500
2022-09-01,HZNP,SP500
2022-09-01,IAC,SP500
2022-09-01,IBKR,SP500
2022-09-01,IDXX,SP500
2022-09-01,ILMN,SP500
2022-09-01,INCY,SP500
2022-09-01,INTU,SP500
2022-09-01,INVH,SP500
2022-09-01,IQV,SP500
2022-09-01,ISRG,SP500
2022-09-01,IT,SP500
2022-09-01,JBHT,SP500
2022-09-01,JKHY,SP500
2022-09-01,KEYS,SP500
2022-09-01,KLAC,SP500
2022-09-01,LBRDA,SP500
2022-09-01,LBRDK,SP500
2022-09-01,LIN,SP500
2022-09-01,LNG,SP500
2022-09-01,LOW,SP500
2022-09-01,LRCX,SP500
2022-09-01,LULU,SP500
2022-09-01,LVS,SP500
2022-09-01,LW,SP500
2022-09-01,LYFT,SP500
2022-09-01,LYV,SP500
2022-09-01,MA,SP500
2022-09-01,MAR,SP500
2022-09-01,MCD,SP500
2022-09-01,MCHP,SP500
2022-09-01,MCO,SP500
2022-09-01,MDB,SP500
2022-09-01,META,SP500
2022-09-01,MKL,SP500
2022-09-01,MKTX,SP500
2022-09-01,MLM,SP500
2022-09-01,MNST,SP500
2022-09-01,MPWR,SP500
2022-09-01,MRNA,SP500
2022-09-01,MRO,SP500
2022-09-01,MRVL,SP500
2022-09-01,MSCI,SP500
2022-09-01,MSFT,SP500
2022-09-01,MSI,SP500
2022-09-01,MTCH,SP500
2022-09-01,MTD,SP500
2022-09-01,MTN,SP500
2022-09-01,MU,SP500
2022-09-01,NET,SP500
2022-09-01,NFLX,SP500
2022-09-01,NKE,SP500
2022-09-01,NOW,SP500
2022-09-01,NVDA,SP500
2022-09-01,NVR,SP500
2022-09-01,O,SP500
2022-09-01,ODFL,SP500
2022-09-01,OKTA,SP500
2022-09-01,OLPX,SP500
2022-09-01,ORLY,SP500
2022-09-01,PANW,SP500
2022-09-01,PAYC,SP500
2022-09-01,PAYX,SP500
2022-09-01,PINS,SP500
2022-09-01,PKI,SP500
2022-09-01,PLTR,SP500
2022-09-01,PLUG,SP500
2022-09-01,PODD,SP500
2022-09-01,POOL,SP500
2022-09-01,PSA,SP500
2022-09-01,PXD,SP500
2022-09-01,PYPL,SP500
2022-09-01,QCOM,SP500
2022-09-01,RBLX,SP500
2022-09-01,RCL,SP500
2022-09-01,REGN,SP500
2022-09-01,RIVN,SP500
2022-09-01,RMD,SP500
2022-09-01,RNG,SP500
2022-09-01,ROK,SP500
2022-09-01,ROKU,SP500
2022-09-01,ROL,SP500
2022-09-01,ROP,SP500
2022-09-01,ROST,SP500
2022-09-01,SBAC,SP500
2022-09-01,SBUX,SP500
2022-09-01,SGEN,SP500
2022-09-01,SHW,SP500
2022-09-01,SIRI,SP500
2022-09-01,SIVB,SP500
2022-09-01,SNAP,SP500
2022-09-01,SNOW,SP500
2022-09-01,SNPS,SP500
2022-09-01,SPGI,SP500
2022-09-01,SPLK,SP500
2022-09-01,SQ,SP500
2022-09-01,SSNC,SP500
2022-09-01,STE,SP500
2022-09-01,SUI,SP500
2022-09-01,SWKS,SP500
2022-09-01,SYK,SP500
2022-09-01,TDG,SP500
2022-09-01,TDOC,SP500
2022-09-01,TDY,SP500
2022-09-01,TER,SP500
2022-09-01,TFX,SP500
2022-09-01,TJX,SP500
2022-09-01,TMO,SP500
2022-09-01,TMUS,SP500
2022-09-01,TOST,SP500
2022-09-01,TRMB,SP500
2022-09-01,TRU,SP500
2022-09-01,TSCO,SP500
2022-09-01,TSLA,SP500
2022-09-01,TTD,SP500
2022-09-01,TTWO,SP500
2022-09-01,TW,SP500
2022-09-01,TWLO,SP500
2022-09-01,TWTR,SP500
2022-09-01,TXN,SP500
2022-09-01,TYL,SP500
2022-09-01,U,SP500
2022-09-01,UBER,SP500
2022-09-01,UDR,SP500
2022-09-01,ULTA,SP500
2022-09-01,UNP,SP500
2022-09-01,UPS,SP500
2022-09-01,V,SP500
2022-09-01,VEEV,SP500
2022-09-01,VMC,SP500
2022-09-01,VRSK,SP500
2022-09-01,VRSN,SP500
2022-09-01,VRTX,SP500
2022-09-01,W,SP500
2022-09-01,WAT,SP500
2022-09-01,WCN,SP500
2022-09-01,WDAY,SP500
2022-09-01,WMG,SP500
2022-09-01,WST,SP500
2022-09-01,WYNN,SP500
2022-09-01,XM,SP500
2022-09-01,YUM,SP500
2022-09-01,Z,SP500
2022-09-01,ZBRA,SP500
2022-09-01,ZEN,SP500
2022-09-01,ZG,SP500
2022-09-01,ZI,SP500
2022-09-01,ZM,SP500
2022-09-01,ZS,SP500
2022-09-01,ZTS,SP500
2022-10-01,A,SP500
2022-10-01,AAPL,SP500
2022-10-01,ABMD,SP500
2022-10-01,ABNB,SP500
2022-10-01,ACN,SP500
2022-10-01,ADBE,SP500
2022-10-01,ADP,SP500
2022-10-01,ADSK,SP500
2022-10-01,AFRM,SP500
2022-10-01,AGL,SP500
2022-10-01,AKAM,SP500
2022-10-01,ALB,SP500
2022-10-01,ALGN,SP500
2022-10-01,ALNY,SP500
2022-10-01,AMAT,SP500
2022-10-01,AMD,SP500
2022-10-01,AMT,SP500
2022-10-01,AMZN,SP500
2022-10-01,ANET,SP500
2022-10-01,ANSS,SP500
2022-10-01,AON,SP500
2022-10-01,APH,SP500
2022-10-01,APO,SP500
2022-10-01,APP,SP500
2022-10-01,APTV,SP500
2022-10-01,ARES,SP500
2022-10-01,ATVI,SP500
2022-10-01,AVTR,SP500
2022-10-01,AZO,SP500
2022-10-01,BA,SP500
2022-10-01,BALL,SP500
2022-10-01,BF.A,SP500
2022-10-01,BF.B,SP500
2022-10-01,BILL,SP500
2022-10-01,BIO,SP500
2022-10-01,BKI,SP500
2022-10-01,BKNG,SP500
2022-10-01,BKR,SP500
2022-10-01,BMRN,SP500
2022-10-01,BR,SP500
2022-10-01,BSX,SP500
2022-10-01,BSY,SP500
2022-10-01,BURL,SP500
2022-10-01,BX,SP500
2022-10-01,CCI,SP500
2022-10-01,CDNS,SP500
2022-10-01,CGNX,SP500
2022-10-01,CHD,SP500
2022-10-01,CHTR,SP500
2022-10-01,CHWY,SP500
2022-10-01,CL,SP500
2022-10-01,CMG,SP500
2022-10-01,COIN,SP500
2022-10-01,COO,SP500
2022-10-01,COST,SP500
2022-10-01,COUP,SP500
2022-10-01,CPRT,SP500
2022-10-01,CPT,SP500
2022-10-01,CRL,SP500
2022-10-01,CRM,SP500
2022-10-01,CRWD,SP500
2022-10-01,CSGP,SP500
2022-10-01,CTAS,SP500
2022-10-01,CTLT,SP500
2022-10-01,CTRA,SP500
2022-10-01,CVNA,SP500
2022-10-01,CZR,SP500
2022-10-01,DASH,SP500
2022-10-01,DBX,SP500
2022-10-01,DDOG,SP500
2022-10-01,DG,SP500
2022-10-01,DHR,SP500
2022-10-01,DIS,SP500
2022-10-01,DLR,SP500
2022-10-01,DOCU,SP500
2022-10-01,DPZ,SP500
2022-10-01,DXCM,SP500
2022-10-01,EA,SP500
2022-10-01,ECL,SP500
2022-10-01,EDR,SP500
2022-10-01,EFX,SP500
2022-10-01,EL,SP500
2022-10-01,ENPH,SP500
2022-10-01,EPAM,SP500
2022-10-01,EQIX,SP500
2022-10-01,ETSY,SP500
2022-10-01,EW,SP500
2022-10-01,EXAS,SP500
2022-10-01,EXPD,SP500
2022-10-01,EXPE,SP500
2022-10-01,FANG,SP500
2022-10-01,FAST,SP500
2022-10-01,FDS,SP500
2022-10-01,FISV,SP500
2022-10-01,FLT,SP500
2022-10-01,FRC,SP500
2022-10-01,FTNT,SP500
2022-10-01,GDDY,SP500
2022-10-01,GNRC,SP500
2022-10-01,GOOG,SP500
2022-10-01,GOOGL,SP500
2022-10-01,GPN,SP500
2022-10-01,HAL,SP500
2022-10-01,HD,SP500
2022-10-01,HEI,SP500
2022-10-01,HEI.A,SP500
2022-10-01,HES,SP500
2022-10-01,HLT,SP500
2022-10-01,HSY,SP500
2022-10-01,HUBS,SP500
2022-10-01,HZNP,SP500
2022-10-01,IAC,SP500
2022-10-01,IBKR,SP500
2022-10-01,IDXX,SP500
2022-10-01,ILMN,SP500
2022-10-01,INCY,SP500
2022-10-01,INTU,SP500
2022-10-01,INVH,SP500
2022-10-01,IQV,SP500
2022-10-01,ISRG,SP500
2022-10-01,IT,SP500
2022-10-01,JBHT,SP500
2022-10-01,JKHY,SP500
2022-10-01,KEYS,SP500
2022-10-01,KLAC,SP500
2022-10-01,LBRDA,SP500
2022-10-01,LBRDK,SP500
2022-10-01,LIN,SP500
2022-10-01,LNG,SP500
2022-10-01,LOW,SP500
2022-10-01,LRCX,SP500
2022-10-01,LULU,SP500
2022-10-01,LVS,SP500
2022-10-01,LW,SP500
2022-10-01,LYFT,SP500
2022-10-01,LYV,SP500
2022-10-01,MA,SP500
2022-10-01,MAR,SP500
2022-10-01,MCD,SP500
2022-10-01,MCHP,SP500
2022-10-01,MCO,SP500
2022-10-01,MDB,SP500
2022-10-01,META,SP500
2022-10-01,MKL,SP500
2022-10-01,MKTX,SP500
2022-10-01,MLM,SP500
2022-10-01,MNST,SP500
2022-10-01,MPWR,SP500
2022-10-01,MRNA,SP500
2022-10-01,MRO,SP500
2022-10-01,MRVL,SP500
2022-10-01,MSCI,SP500
2022-10-01,MSFT,SP500
2022-10-01,MSI,SP500
2022-10-01,MTCH,SP500
2022-10-01,MTD,SP500
2022-10-01,MTN,SP500
2022-10-01,MU,SP500
2022-10-01,NET,SP500
2022-10-01,NFLX,SP500
2022-10-01,NKE,SP500
2022-10-01,NOW,SP500
2022-10-01,NVDA,SP500
2022-10-01,NVR,SP500
2022-10-01,O,SP500
2022-10-01,ODFL,SP500
2022-10-01,OKTA,SP500
2022-10-01,OLPX,SP500
2022-10-01,ORLY,SP500
2022-10-01,PANW,SP500
2022-10-01,PAYC,SP500
2022-10-01,PAYX,SP500
2022-10-01,PINS,SP500
2022-10-01,PKI,SP500
2022-10-01,PLTR,SP500
2022-10-01,PLUG,SP500
2022-10-01,PODD,SP500
2022-10-01,POOL,SP500
2022-10-01,PSA,SP500
2022-10-01,PXD,SP500
2022-10-01,PYPL,SP500
2022-10-01,QCOM,SP500
2022-10-01,RBLX,SP500
2022-10-01,RCL,SP500
2022-10-01,REGN,SP500
2022-10-01,RIVN,SP500
2022-10-01,RMD,SP500
2022-10-01,RNG,SP500
2022-10-01,ROK,SP500
2022-10-01,ROKU,SP500
2022-10-01,ROL,SP500
2022-10-01,ROP,SP500
2022-10-01,ROST,SP500
2022-10-01,SBAC,SP500
2022-10-01,SBUX,SP500
2022-10-01,SGEN,SP500
2022-10-01,SHW,SP500
2022-10-01,SIRI,SP500
2022-10-01,SIVB,SP500
2022-10-01,SNAP,SP500
2022-10-01,SNOW,SP500
2022-10-01,SNPS,SP500
2022-10-01,SPGI,SP500
2022-10-01,SPLK,SP500
2022-10-01,SQ,SP500
2022-10-01,SSNC,SP500
2022-10-01,STE,SP500
2022-10-01,SUI,SP500
2022-10-01,SWKS,SP500
2022-10-01,SYK,SP500
2022-10-01,TDG,SP500
2022-10-01,TDOC,SP500
2022-10-01,TDY,SP500
2022-10-01,TER,SP500
2022-10-01,TFX,SP500
2022-10-01,TJX,SP500
2022-10-01,TMO,SP500
2022-10-01,TMUS,SP500
2022-10-01,TOST,SP500
2022-10-01,TRMB,SP500
2022-10-01,TRU,SP500
2022-10-01,TSCO,SP500
2022-10-01,TSLA,SP500
2022-10-01,TTD,SP500
2022-10-01,TTWO,SP500
2022-10-01,TW,SP500
2022-10-01,TWLO,SP500
2022-10-01,TWTR,SP500
2022-10-01,TXN,SP500
2022-10-01,TYL,SP500
2022-10-01,U,SP500
2022-10-01,UBER,SP500
2022-10-01,UDR,SP500
2022-10-01,ULTA,SP500
2022-10-01,UNP,SP500
2022-10-01,UPS,SP500
2022-10-01,V,SP500
2022-10-01,VEEV,SP500
2022-10-01,VMC,SP500
2022-10-01,VRSK,SP500
2022-10-01,VRSN,SP500
2022-10-01,VRTX,SP500
2022-10-01,W,SP500
2022-10-01,WAT,SP500
2022-10-01,WCN,SP500
2022-10-01,WDAY,SP500
2022-10-01,WMG,SP500
2022-10-01,WST,SP500
2022-10-01,WYNN,SP500
2022-10-01,XM,SP500
2022-10-01,YUM,SP500
2022-10-01,Z,SP500
2022-10-01,ZBRA,SP500
2022-10-01,ZEN,SP500
2022-10-01,ZG,SP500
2022-10-01,ZI,SP500
2022-10-01,ZM,SP500
2022-10-01,ZS,SP500
2022-10-01,ZTS,SP500
2022-11-01,A,SP500
2022-11-01,AAPL,SP500
2022-11-01,ABMD,SP500
2022-11-01,ABNB,SP500
2022-11-01,ACN,SP500
2022-11-01,ADBE,SP500
2022-11-01,ADP,SP500
2022-11-01,ADSK,SP500
2022-11-01,AGL,SP500
2022-11-01,ALB,SP500
2022-11-01,ALGN,SP500
2022-11-01,ALNY,SP500
2022-11-01,AMAT,SP500
2022-11-01,AMD,SP500
2022-11-01,AMT,SP500
2022-11-01,AMZN,SP500
2022-11-01,ANET,SP500
2022-11-01,ANSS,SP500
2022-11-01,AON,SP500
2022-11-01,APH,SP500
2022-11-01,APO,SP500
2022-11-01,APP,SP500
2022-11-01,APTV,SP500
2022-11-01,ARES,SP500
2022-11-01,ATVI,SP500
2022-11-01,AVTR,SP500
2022-11-01,AZO,SP500
2022-11-01,BA,SP500
2022-11-01,BALL,SP500
2022-11-01,BF.A,SP500
2022-11-01,BF.B,SP500
2022-11-01,BILL,SP500
2022-11-01,BIO,SP500
2022-11-01,BKI,SP500
2022-11-01,BKNG,SP500
2022-11-01,BKR,SP500
2022-11-01,BMRN,SP500
2022-11-01,BR,SP500
2022-11-01,BRO,SP500
2022-11-01,BSX,SP500
2022-11-01,BSY,SP500
2022-11-01,BURL,SP500
2022-11-01,BX,SP500
2022-11-01,CCI,SP500
2022-11-01,CDNS,SP500
2022-11-01,CHD,SP500
2022-11-01,CHTR,SP500
2022-11-01,CHWY,SP500
2022-11-01,CL,SP500
2022-11-01,CMG,SP500
2022-11-01,COIN,SP500
2022-11-01,COO,SP500
2022-11-01,COST,SP500
2022-11-01,CPRT,SP500
2022-11-01,CPT,SP500
2022-11-01,CRBG,SP500
2022-11-01,CRL,SP500
2022-11-01,CRM,SP500
2022-11-01,CRWD,SP500
2022-11-01,CSGP,SP500
2022-11-01,CTAS,SP500
2022-11-01,CTLT,SP500
2022-11-01,CTRA,SP500
2022-11-01,CZR,SP500
2022-11-01,DASH,SP500
2022-11-01,DBX,SP500
2022-11-01,DDOG,SP500
2022-11-01,DG,SP500
2022-11-01,DHR,SP500
2022-11-01,DIS,SP500
2022-11-01,DLR,SP500
2022-11-01,DOCU,SP500
2022-11-01,DPZ,SP500
2022-11-01,DXCM,SP500
2022-11-01,EA,SP500
2022-11-01,ECL,SP500
2022-11-01,EDR,SP500
2022-11-01,EFX,SP500
2022-11-01,EL,SP500
2022-11-01,ENPH,SP500
2022-11-01,EPAM,SP500
2022-11-01,EQIX,SP500
2022-11-01,EQT,SP500
2022-11-01,ETSY,SP500
2022-11-01,EW,SP500
2022-11-01,EXAS,SP500
2022-11-01,EXPE,SP500
2022-11-01,FANG,SP500
2022-11-01,FAST,SP500
2022-11-01,FDS,SP500
2022-11-01,FISV,SP500
2022-11-01,FLT,SP500
2022-11-01,FRC,SP500
2022-11-01,FTNT,SP500
2022-11-01,GDDY,SP500
2022-11-01,GNRC,SP500
2022-11-01,GOOG,SP500
2022-11-01,GOOGL,SP500
2022-11-01,GPN,SP500
2022-11-01,HAL,SP500
2022-11-01,HD,SP500
2022-11-01,HEI,SP500
2022-11-01,HEI.A,SP500
2022-11-01,HES,SP500
2022-11-01,HLT,SP500
2022-11-01,HSY,SP500
2022-11-01,HUBS,SP500
2022-11-01,HZNP,SP500
2022-11-01,IBKR,SP500
2022-11-01,IDXX,SP500
2022-11-01,ILMN,SP500
2022-11-01,INCY,SP500
2022-11-01,INTU,SP500
2022-11-01,INVH,SP500
2022-11-01,IQV,SP500
2022-11-01,ISRG,SP500
2022-11-01,IT,SP500
2022-11-01,JBHT,SP500
2022-11-01,JKHY,SP500
2022-11-01,KEYS,SP500
2022-11-01,KLAC,SP500
2022-11-01,LBRDA,SP500
2022-11-01,LBRDK,SP500
2022-11-01,LIN,SP500
2022-11-01,LNG,SP500
2022-11-01,LOW,SP500
2022-11-01,LPLA,SP500
2022-11-01,LRCX,SP500
2022-11-01,LULU,SP500
2022-11-01,LVS,SP500
2022-11-01,LW,SP500
2022-11-01,LYV,SP500
2022-11-01,MA,SP500
2022-11-01,MAR,SP500
2022-11-01,MCD,SP500
2022-11-01,MCHP,SP500
2022-11-01,MCO,SP500
2022-11-01,MDB,SP500
2022-11-01,META,SP500
2022-11-01,MKTX,SP500
2022-11-01,MLM,SP500
2022-11-01,MNST,SP500
2022-11-01,MPWR,SP500
2022-11-01,MRNA,SP500
2022-11-01,MRO,SP500
2022-11-01,MRVL,SP500
2022-11-01,MSCI,SP500
2022-11-01,MSFT,SP500
2022-11-01,MSI,SP500
2022-11-01,MTCH,SP500
2022-11-01,MTD,SP500
2022-11-01,MTN,SP500
2022-11-01,MU,SP500
2022-11-01,NET,SP500
2022-11-01,NFLX,SP500
2022-11-01,NKE,SP500
2022-11-01,NOW,SP500
2022-11-01,NVDA,SP500
2022-11-01,NVR,SP500
2022-11-01,O,SP500
2022-11-01,ODFL,SP500
2022-11-01,OKTA,SP500
2022-11-01,OLPX,SP500
2022-11-01,ORLY,SP500
2022-11-01,PANW,SP500
2022-11-01,PATH,SP500
2022-11-01,PAYC,SP500
2022-11-01,PAYX,SP500
2022-11-01,PINS,SP500
2022-11-01,PKI,SP500
2022-11-01,PLTR,SP500
2022-11-01,PLUG,SP500
2022-11-01,PODD,SP500
2022-11-01,POOL,SP500
2022-11-01,PSA,SP500
2022-11-01,PWR,SP500
2022-11-01,PXD,SP500
2022-11-01,PYPL,SP500
2022-11-01,QCOM,SP500
2022-11-01,RBLX,SP500
2022-11-01,RCL,SP500
2022-11-01,REGN,SP500
2022-11-01,RIVN,SP500
2022-11-01,RMD,SP500
2022-11-01,ROK,SP500
2022-11-01,ROKU,SP500
2022-11-01,ROL,SP500
2022-11-01,ROP,SP500
2022-11-01,ROST,SP500
2022-11-01,SBAC,SP500
2022-11-01,SBUX,SP500
2022-11-01,SGEN,SP500
2022-11-01,SHW,SP500
2022-11-01,SIRI,SP500
2022-11-01,SIVB,SP500
2022-11-01,SNAP,SP500
2022-11-01,SNOW,SP500
2022-11-01,SNPS,SP500
2022-11-01,SPGI,SP500
2022-11-01,SPLK,SP500
2022-11-01,SQ,SP500
2022-11-01,STE,SP500
2022-11-01,SUI,SP500
2022-11-01,SWKS,SP500
2022-11-01,SYK,SP500
2022-11-01,TDG,SP500
2022-11-01,TDY,SP500
2022-11-01,TER,SP500
2022-11-01,TJX,SP500
2022-11-01,TMO,SP500
2022-11-01,TMUS,SP500
2022-11-01,TOST,SP500
2022-11-01,TRMB,SP500
2022-11-01,TRU,SP500
2022-11-01,TSCO,SP500
2022-11-01,TSLA,SP500
2022-11-01,TTD,SP500
2022-11-01,TTWO,SP500
2022-11-01,TW,SP500
2022-11-01,TWLO,SP500
2022-11-01,TXN,SP500
2022-11-01,TYL,SP500
2022-11-01,U,SP500
2022-11-01,UBER,SP500
2022-11-01,UDR,SP500
2022-11-01,ULTA,SP500
2022-11-01,UNP,SP500
2022-11-01,UPS,SP500
2022-11-01,V,SP500
2022-11-01,VEEV,SP500
2022-11-01,VMC,SP500
2022-11-01,VRSK,SP500
2022-11-01,VRSN,SP500
2022-11-01,VRTX,SP500
2022-11-01,WAT,SP500
2022-11-01,WCN,SP500
2022-11-01,WDAY,SP500
2022-11-01,WMG,SP500
2022-11-01,WST,SP500
2022-11-01,XM,SP500
2022-11-01,YUM,SP500
2022-11-01,Z,SP500
2022-11-01,ZBRA,SP500
2022-11-01,ZEN,SP500
2022-11-01,ZG,SP500
2022-11-01,ZI,SP500
2022-11-01,ZM,SP500
2022-11-01,ZS,SP500
2022-11-01,ZTS,SP500
2022-12-01,A,SP500
2022-12-01,AAPL,SP500
2022-12-01,ABMD,SP500
2022-12-01,ABNB,SP500
2022-12-01,ACN,SP500
2022-12-01,ADBE,SP500
2022-12-01,ADP,SP500
2022-12-01,ADSK,SP500
2022-12-01,AGL,SP500
2022-12-01,ALB,SP500
2022-12-01,ALGN,SP500
2022-12-01,ALNY,SP500
2022-12-01,AMAT,SP500
2022-12-01,AMD,SP500
2022-12-01,AMT,SP500
2022-12-01,AMZN,SP500
2022-12-01,ANET,SP500
2022-12-01,ANSS,SP500
2022-12-01,AON,SP500
2022-12-01,APH,SP500
2022-12-01,APO,SP500
2022-12-01,APP,SP500
2022-12-01,APTV,SP500
2022-12-01,ARES,SP500
2022-12-01,ATVI,SP500
2022-12-01,AVTR,SP500
2022-12-01,AZO,SP500
2022-12-01,BA,SP500
2022-12-01,BALL,SP500
2022-12-01,BF.A,SP500
2022-12-01,BF.B,SP500
2022-12-01,BILL,SP500
2022-12-01,BIO,SP500
2022-12-01,BKI,SP500
2022-12-01,BKNG,SP500
2022-12-01,BKR,SP500
2022-12-01,BMRN,SP500
2022-12-01,BR,SP500
2022-12-01,BRO,SP500
2022-12-01,BSX,SP500
2022-12-01,BSY,SP500
2022-12-01,BURL,SP500
2022-12-01,BX,SP500
2022-12-01,CCI,SP500
2022-12-01,CDNS,SP500
2022-12-01,CHD,SP500
2022-12-01,CHTR,SP500
2022-12-01,CHWY,SP500
2022-12-01,CL,SP500
2022-12-01,CMG,SP500
2022-12-01,COIN,SP500
2022-12-01,COO,SP500
2022-12-01,COST,SP500
2022-12-01,CPRT,SP500
2022-12-01,CPT,SP500
2022-12-01,CRBG,SP500
2022-12-01,CRL,SP500
2022-12-01,CRM,SP500
2022-12-01,CRWD,SP500
2022-12-01,CSGP,SP500
2022-12-01,CTAS,SP500
2022-12-01,CTLT,SP500
2022-12-01,CTRA,SP500
2022-12-01,CZR,SP500
2022-12-01,DASH,SP500
2022-12-01,DBX,SP500
2022-12-01,DDOG,SP500
2022-12-01,DG,SP500
2022-12-01,DHR,SP500
2022-12-01,DIS,SP500
2022-12-01,DLR,SP500
2022-12-01,DOCU,SP500
2022-12-01,DPZ,SP500
2022-12-01,DXCM,SP500
2022-12-01,EA,SP500
2022-12-01,ECL,SP500
2022-12-01,EDR,SP500
2022-12-01,EFX,SP500
2022-12-01,EL,SP500
2022-12-01,ENPH,SP500
2022-12-01,EPAM,SP500
2022-12-01,EQIX,SP500
2022-12-01,EQT,SP500
2022-12-01,ETSY,SP500
2022-12-01,EW,SP500
2022-12-01,EXAS,SP500
2022-12-01,EXPE,SP500
2022-12-01,FANG,SP500
2022-12-01,FAST,SP500
2022-12-01,FDS,SP500
2022-12-01,FISV,SP500
2022-12-01,FLT,SP500
2022-12-01,FRC,SP500
2022-12-01,FTNT,SP500
2022-12-01,GDDY,SP500
2022-12-01,GNRC,SP500
2022-12-01,GOOG,SP500
2022-12-01,GOOGL,SP500
2022-12-01,GPN,SP500
2022-12-01,HAL,SP500
2022-12-01,HD,SP500
2022-12-01,HEI,SP500
2022-12-01,HEI.A,SP500
2022-12-01,HES,SP500
2022-12-01,HLT,SP500
2022-12-01,HSY,SP500
2022-12-01,HUBS,SP500
2022-12-01,HZNP,SP500
2022-12-01,IBKR,SP500
2022-12-01,IDXX,SP500
2022-12-01,ILMN,SP500
2022-12-01,INCY,SP500
2022-12-01,INTU,SP500
2022-12-01,INVH,SP500
2022-12-01,IQV,SP500
2022-12-01,ISRG,SP500
2022-12-01,IT,SP500
2022-12-01,JBHT,SP500
2022-12-01,JKHY,SP500
2022-12-01,KEYS,SP500
2022-12-01,KLAC,SP500
2022-12-01,LBRDA,SP500
2022-12-01,LBRDK,SP500
2022-12-01,LIN,SP500
2022-12-01,LNG,SP500
2022-12-01,LOW,SP500
2022-12-01,LPLA,SP500
2022-12-01,LRCX,SP500
2022-12-01,LULU,SP500
2022-12-01,LVS,SP500
2022-12-01,LW,SP500
2022-12-01,LYV,SP500
2022-12-01,MA,SP500
2022-12-01,MAR,SP500
2022-12-01,MCD,SP500
2022-12-01,MCHP,SP500
2022-12-01,MCO,SP500
2022-12-01,MDB,SP500
2022-12-01,META,SP500
2022-12-01,MKTX,SP500
2022-12-01,MLM,SP500
2022-12-01,MNST,SP500
2022-12-01,MPWR,SP500
2022-12-01,MRNA,SP500
2022-12-01,MRO,SP500
2022-12-01,MRVL,SP500
2022-12-01,MSCI,SP500
2022-12-01,MSFT,SP500
2022-12-01,MSI,SP500
2022-12-01,MTCH,SP500
2022-12-01,MTD,SP500
2022-12-01,MTN,SP500
2022-12-01,MU,SP500
2022-12-01,NET,SP500
2022-12-01,NFLX,SP500
2022-12-01,NKE,SP500
2022-12-01,NOW,SP500
2022-12-01,NVDA,SP500
2022-12-01,NVR,SP500
2022-12-01,O,SP500
2022-12-01,ODFL,SP500
2022-12-01,OKTA,SP500
2022-12-01,OLPX,SP500
2022-12-01,ORLY,SP500
2022-12-01,PANW,SP500
2022-12-01,PATH,SP500
2022-12-01,PAYC,SP500
2022-12-01,PAYX,SP500
2022-12-01,PINS,SP500
2022-12-01,PKI,SP500
2022-12-01,PLTR,SP500
2022-12-01,PLUG,SP500
2022-12-01,PODD,SP500
2022-12-01,POOL,SP500
2022-12-01,PSA,SP500
2022-12-01,PWR,SP500
2022-12-01,PXD,SP500
2022-12-01,PYPL,SP500
2022-12-01,QCOM,SP500
2022-12-01,RBLX,SP500
2022-12-01,RCL,SP500
2022-12-01,REGN,SP500
2022-12-01,RIVN,SP500
2022-12-01,RMD,SP500
2022-12-01,ROK,SP500
2022-12-01,ROKU,SP500
2022-12-01,ROL,SP500
2022-12-01,ROP,SP500
2022-12-01,ROST,SP500
2022-12-01,SBAC,SP500
2022-12-01,SBUX,SP500
2022-12-01,SGEN,SP500
2022-12-01,SHW,SP500
2022-12-01,SIRI,SP500
2022-12-01,SIVB,SP500
2022-12-01,SNAP,SP500
2022-12-01,SNOW,SP500
2022-12-01,SNPS,SP500
2022-12-01,SPGI,SP500
2022-12-01,SPLK,SP500
2022-12-01,SQ,SP500
2022-12-01,STE,SP500
2022-12-01,SUI,SP500
2022-12-01,SWKS,SP500
2022-12-01,SYK,SP500
2022-12-01,TDG,SP500
2022-12-01,TDY,SP500
2022-12-01,TER,SP500
2022-12-01,TJX,SP500
2022-12-01,TMO,SP500
2022-12-01,TMUS,SP500
2022-12-01,TOST,SP500
2022-12-01,TRMB,SP500
2022-12-01,TRU,SP500
2022-12-01,TSCO,SP500
2022-12-01,TSLA,SP500
2022-12-01,TTD,SP500
2022-12-01,TTWO,SP500
2022-12-01,TW,SP500
2022-12-01,TWLO,SP500
2022-12-01,TXN,SP500
2022-12-01,TYL,SP500
2022-12-01,U,SP500
2022-12-01,UBER,SP500
2022-12-01,UDR,SP500
2022-12-01,ULTA,SP500
2022-12-01,UNP,SP500
2022-12-01,UPS,SP500
2022-12-01,V,SP500
2022-12-01,VEEV,SP500
2022-12-01,VMC,SP500
2022-12-01,VRSK,SP500
2022-12-01,VRSN,SP500
2022-12-01,VRTX,SP500
2022-12-01,WAT,SP500
2022-12-01,WCN,SP500
2022-12-01,WDAY,SP500
2022-12-01,WMG,SP500
2022-12-01,WST,SP500
2022-12-01,XM,SP500
2022-12-01,YUM,SP500
2022-12-01,Z,SP500
2022-12-01,ZBRA,SP500
2022-12-01,ZG,SP500
2022-12-01,ZI,SP500
2022-12-01,ZM,SP500
2022-12-01,ZS,SP500
2022-12-01,ZTS,SP500
2023-01-04,A,SP500
2023-01-04,AAPL,SP500
2023-01-04,ABNB,SP500
2023-01-04,ACN,SP500
2023-01-04,ADBE,SP500
2023-01-04,ADP,SP500
2023-01-04,ADSK,SP500
2023-01-04,AGL,SP500
2023-01-04,ALB,SP500
2023-01-04,ALGN,SP500
2023-01-04,ALNY,SP500
2023-01-04,AMAT,SP500
2023-01-04,AMD,SP500
2023-01-04,AMT,SP500
2023-01-04,AMZN,SP500
2023-01-04,ANET,SP500
2023-01-04,ANSS,SP500
2023-01-04,AON,SP500
2023-01-04,APH,SP500
2023-01-04,APO,SP500
2023-01-04,APP,SP500
2023-01-04,APTV,SP500
2023-01-04,ARES,SP500
2023-01-04,ATVI,SP500
2023-01-04,AVTR,SP500
2023-01-04,AZO,SP500
2023-01-04,BA,SP500
2023-01-04,BALL,SP500
2023-01-04,BF.A,SP500
2023-01-04,BF.B,SP500
2023-01-04,BILL,SP500
2023-01-04,BIO,SP500
2023-01-04,BKI,SP500
2023-01-04,BKNG,SP500
2023-01-04,BKR,SP500
2023-01-04,BMRN,SP500
2023-01-04,BR,SP500
2023-01-04,BRO,SP500
2023-01-04,BSX,SP500
2023-01-04,BSY,SP500
2023-01-04,BURL,SP500
2023-01-04,BX,SP500
2023-01-04,CCI,SP500
2023-01-04,CDNS,SP500
2023-01-04,CHD,SP500
2023-01-04,CHTR,SP500
2023-01-04,CHWY,SP500
2023-01-04,CL,SP500
2023-01-04,CMG,SP500
2023-01-04,COIN,SP500
2023-01-04,COO,SP500
2023-01-04,COST,SP500
2023-01-04,CPRT,SP500
2023-01-04,CPT,SP500
2023-01-04,CRL,SP500
2023-01-04,CRM,SP500
2023-01-04,CRWD,SP500
2023-01-04,CSGP,SP500
2023-01-04,CTAS,SP500
2023-01-04,CTLT,SP500
2023-01-04,CTRA,SP500
2023-01-04,CZR,SP500
2023-01-04,DASH,SP500
2023-01-04,DBX,SP500
2023-01-04,DDOG,SP500
2023-01-04,DG,SP500
2023-01-04,DHR,SP500
2023-01-04,DIS,SP500
2023-01-04,DLR,SP500
2023-01-04,DOCU,SP500
2023-01-04,DPZ,SP500
2023-01-04,DXCM,SP500
2023-01-04,EA,SP500
2023-01-04,ECL,SP500
2023-01-04,EDR,SP500
2023-01-04,EFX,SP500
2023-01-04,EL,SP500
2023-01-04,ENPH,SP500
2023-01-04,EPAM,SP500
2023-01-04,EQIX,SP500
2023-01-04,EQT,SP500
2023-01-04,ETSY,SP500
2023-01-04,EW,SP500
2023-01-04,EXAS,SP500
2023-01-04,EXPE,SP500
2023-01-04,FANG,SP500
2023-01-04,FAST,SP500
2023-01-04,FDS,SP500
2023-01-04,FISV,SP500
2023-01-04,FLT,SP500
2023-01-04,FRC,SP500
2023-01-04,FTNT,SP500
2023-01-04,GDDY,SP500
2023-01-04,GNRC,SP500
2023-01-04,GOOG,SP500
2023-01-04,GOOGL,SP500
2023-01-04,GPN,SP500
2023-01-04,HAL,SP500
2023-01-04,HD,SP500
2023-01-04,HEI,SP500
2023-01-04,HEI.A,SP500
2023-01-04,HES,SP500
2023-01-04,HLT,SP500
2023-01-04,HSY,SP500
2023-01-04,HUBS,SP500
2023-01-04,HZNP,SP500
2023-01-04,IBKR,SP500
2023-01-04,IDXX,SP500
2023-01-04,ILMN,SP500
2023-01-04,INCY,SP500
2023-01-04,INTU,SP500
2023-01-04,INVH,SP500
2023-01-04,IQV,SP500
2023-01-04,ISRG,SP500
2023-01-04,IT,SP500
2023-01-04,JBHT,SP500
2023-01-04,JKHY,SP500
2023-01-04,KEYS,SP500
2023-01-04,KLAC,SP500
2023-01-04,LBRDA,SP500
2023-01-04,LBRDK,SP500
2023-01-04,LIN,SP500
2023-01-04,LNG,SP500
2023-01-04,LOW,SP500
2023-01-04,LPLA,SP500
2023-01-04,LRCX,SP500
2023-01-04,LULU,SP500
2023-01-04,LVS,SP500
2023-01-04,LW,SP500
2023-01-04,LYV,SP500
2023-01-04,MA,SP500
2023-01-04,MAR,SP500
2023-01-04,MCD,SP500
2023-01-04,MCHP,SP500
2023-01-04,MCO,SP500
2023-01-04,MDB,SP500
2023-01-04,META,SP500
2023-01-04,MKTX,SP500
2023-01-04,MLM,SP500
2023-01-04,MNST,SP500
2023-01-04,MPWR,SP500
2023-01-04,MRNA,SP500
2023-01-04,MRO,SP500
2023-01-04,MRVL,SP500
2023-01-04,MSCI,SP500
2023-01-04,MSFT,SP500
2023-01-04,MSI,SP500
2023-01-04,MTCH,SP500
2023-01-04,MTD,SP500
2023-01-04,MTN,SP500
2023-01-04,MU,SP500
2023-01-04,NET,SP500
2023-01-04,NFLX,SP500
2023-01-04,NKE,SP500
2023-01-04,NOW,SP500
2023-01-04,NVDA,SP500
2023-01-04,NVR,SP500
2023-01-04,O,SP500
2023-01-04,ODFL,SP500
2023-01-04,OKTA,SP500
2023-01-04,OLPX,SP500
2023-01-04,ORLY,SP500
2023-01-04,PANW,SP500
2023-01-04,PATH,SP500
2023-01-04,PAYC,SP500
2023-01-04,PAYX,SP500
2023-01-04,PINS,SP500
2023-01-04,PKI,SP500
2023-01-04,PLTR,SP500
2023-01-04,PLUG,SP500
2023-01-04,PODD,SP500
2023-01-04,POOL,SP500
2023-01-04,PSA,SP500
2023-01-04,PWR,SP500
2023-01-04,PXD,SP500
2023-01-04,PYPL,SP500
2023-01-04,QCOM,SP500
2023-01-04,RBLX,SP500
2023-01-04,RCL,SP500
2023-01-04,REGN,SP500
2023-01-04,RIVN,SP500
2023-01-04,RMD,SP500
2023-01-04,ROK,SP500
2023-01-04,ROKU,SP500
2023-01-04,ROL,SP500
2023-01-04,ROP,SP500
2023-01-04,ROST,SP500
2023-01-04,SBAC,SP500
2023-01-04,SBUX,SP500
2023-01-04,SGEN,SP500
2023-01-04,SHW,SP500
2023-01-04,SIRI,SP500
2023-01-04,SIVB,SP500
2023-01-04,SNAP,SP500
2023-01-04,SNOW,SP500
2023-01-04,SNPS,SP500
2023-01-04,SPGI,SP500
2023-01-04,SPLK,SP500
2023-01-04,SQ,SP500
2023-01-04,STE,SP500
2023-01-04,SUI,SP500
2023-01-04,SWKS,SP500
2023-01-04,SYK,SP500
2023-01-04,TDG,SP500
2023-01-04,TDY,SP500
2023-01-04,TER,SP500
2023-01-04,TJX,SP500
2023-01-04,TMO,SP500
2023-01-04,TMUS,SP500
2023-01-04,TOST,SP500
2023-01-04,TRMB,SP500
2023-01-04,TRU,SP500
2023-01-04,TSCO,SP500
2023-01-04,TSLA,SP500
2023-01-04,TTD,SP500
2023-01-04,TTWO,SP500
2023-01-04,TW,SP500
2023-01-04,TWLO,SP500
2023-01-04,TXN,SP500
2023-01-04,TYL,SP500
2023-01-04,U,SP500
2023-01-04,UBER,SP500
2023-01-04,UDR,SP500
2023-01-04,ULTA,SP500
2023-01-04,UNP,SP500
2023-01-04,UPS,SP500
2023-01-04,V,SP500
2023-01-04,VEEV,SP500
2023-01-04,VMC,SP500
2023-01-04,VRSK,SP500
2023-01-04,VRSN,SP500
2023-01-04,VRTX,SP500
2023-01-04,WAT,SP500
2023-01-04,WCN,SP500
2023-01-04,WDAY,SP500
2023-01-04,WMG,SP500
2023-01-04,WST,SP500
2023-01-04,XM,SP500
2023-01-04,YUM,SP500
2023-01-04,Z,SP500
2023-01-04,ZBRA,SP500
2023-01-04,ZG,SP500
2023-01-04,ZI,SP500
2023-01-04,ZM,SP500
2023-01-04,ZS,SP500
2023-01-04,ZTS,SP500
2023-02-01,A,SP500
2023-02-01,AAPL,SP500
2023-02-01,ABNB,SP500
2023-02-01,ACN,SP500
2023-02-01,ADBE,SP500
2023-02-01,ADP,SP500
2023-02-01,ADSK,SP500
2023-02-01,AGL,SP500
2023-02-01,ALB,SP500
2023-02-01,ALGN,SP500
2023-02-01,ALNY,SP500
2023-02-01,AMAT,SP500
2023-02-01,AMD,SP500
2023-02-01,AMT,SP500
2023-02-01,AMZN,SP500
2023-02-01,ANET,SP500
2023-02-01,ANSS,SP500
2023-02-01,AON,SP500
2023-02-01,APH,SP500
2023-02-01,APO,SP500
2023-02-01,APP,SP500
2023-02-01,APTV,SP500
2023-02-01,ARES,SP500
2023-02-01,ATVI,SP500
2023-02-01,AVTR,SP500
2023-02-01,AZO,SP500
2023-02-01,BA,SP500
2023-02-01,BALL,SP500
2023-02-01,BF.A,SP500
2023-02-01,BF.B,SP500
2023-02-01,BILL,SP500
2023-02-01,BIO,SP500
2023-02-01,BKI,SP500
2023-02-01,BKNG,SP500
2023-02-01,BKR,SP500
2023-02-01,BMRN,SP500
2023-02-01,BR,SP500
2023-02-01,BRO,SP500
2023-02-01,BSX,SP500
2023-02-01,BSY,SP500
2023-02-01,BURL,SP500
2023-02-01,BX,SP500
2023-02-01,CCI,SP500
2023-02-01,CDNS,SP500
2023-02-01,CHD,SP500
2023-02-01,CHTR,SP500
2023-02-01,CHWY,SP500
2023-02-01,CL,SP500
2023-02-01,CMG,SP500
2023-02-01,COIN,SP500
2023-02-01,COO,SP500
2023-02-01,COST,SP500
2023-02-01,CPRT,SP500
2023-02-01,CPT,SP500
2023-02-01,CRL,SP500
2023-02-01,CRM,SP500
2023-02-01,CRWD,SP500
2023-02-01,CSGP,SP500
2023-02-01,CTAS,SP500
2023-02-01,CTLT,SP500
2023-02-01,CTRA,SP500
2023-02-01,CZR,SP500
2023-02-01,DASH,SP500
2023-02-01,DBX,SP500
2023-02-01,DDOG,SP500
2023-02-01,DG,SP500
2023-02-01,DHR,SP500
2023-02-01,DIS,SP500
2023-02-01,DLR,SP500
2023-02-01,DOCU,SP500
2023-02-01,DPZ,SP500
2023-02-01,DXCM,SP500
2023-02-01,EA,SP500
2023-02-01,ECL,SP500
2023-02-01,EDR,SP500
2023-02-01,EFX,SP500
2023-02-01,EL,SP500
2023-02-01,ENPH,SP500
2023-02-01,EPAM,SP500
2023-02-01,EQIX,SP500
2023-02-01,EQT,SP500
2023-02-01,ETSY,SP500
2023-02-01,EW,SP500
2023-02-01,EXAS,SP500
2023-02-01,EXPE,SP500
2023-02-01,FANG,SP500
2023-02-01,FAST,SP500
2023-02-01,FDS,SP500
2023-02-01,FISV,SP500
2023-02-01,FLT,SP500
2023-02-01,FRC,SP500
2023-02-01,FTNT,SP500
2023-02-01,GDDY,SP500
2023-02-01,GNRC,SP500
2023-02-01,GOOG,SP500
2023-02-01,GOOGL,SP500
2023-02-01,GPN,SP500
2023-02-01,GWW,SP500
2023-02-01,HAL,SP500
2023-02-01,HD,SP500
2023-02-01,HEI,SP500
2023-02-01,HEI.A,SP500
2023-02-01,HES,SP500
2023-02-01,HLT,SP500
2023-02-01,HSY,SP500
2023-02-01,HUBS,SP500
2023-02-01,HZNP,SP500
2023-02-01,IBKR,SP500
2023-02-01,IDXX,SP500
2023-02-01,ILMN,SP500
2023-02-01,INCY,SP500
2023-02-01,INTU,SP500
2023-02-01,INVH,SP500
2023-02-01,IQV,SP500
2023-02-01,ISRG,SP500
2023-02-01,IT,SP500
2023-02-01,JBHT,SP500
2023-02-01,JKHY,SP500
2023-02-01,KEYS,SP500
2023-02-01,KLAC,SP500
2023-02-01,LBRDA,SP500
2023-02-01,LBRDK,SP500
2023-02-01,LIN,SP500
2023-02-01,LLY,SP500
2023-02-01,LNG,SP500
2023-02-01,LOW,SP500
2023-02-01,LPLA,SP500
2023-02-01,LRCX,SP500
2023-02-01,LULU,SP500
2023-02-01,LVS,SP500
2023-02-01,LW,SP500
2023-02-01,LYV,SP500
2023-02-01,MA,SP500
2023-02-01,MAR,SP500
2023-02-01,MCD,SP500
2023-02-01,MCHP,SP500
2023-02-01,MCO,SP500
2023-02-01,MDB,SP500
2023-02-01,META,SP500
2023-02-01,MGM,SP500
2023-02-01,MKTX,SP500
2023-02-01,MLM,SP500
2023-02-01,MNST,SP500
2023-02-01,MPWR,SP500
2023-02-01,MRNA,SP500
2023-02-01,MRO,SP500
2023-02-01,MRVL,SP500
2023-02-01,MSCI,SP500
2023-02-01,MSFT,SP500
2023-02-01,MSI,SP500
2023-02-01,MTCH,SP500
2023-02-01,MTD,SP500
2023-02-01,MTN,SP500
2023-02-01,MU,SP500
2023-02-01,NET,SP500
2023-02-01,NFLX,SP500
2023-02-01,NKE,SP500
2023-02-01,NOW,SP500
2023-02-01,NVDA,SP500
2023-02-01,NVR,SP500
2023-02-01,O,SP500
2023-02-01,ODFL,SP500
2023-02-01,OKTA,SP500
2023-02-01,OLPX,SP500
2023-02-01,ORLY,SP500
2023-02-01,PANW,SP500
2023-02-01,PATH,SP500
2023-02-01,PAYC,SP500
2023-02-01,PAYX,SP500
2023-02-01,PINS,SP500
2023-02-01,PKI,SP500
2023-02-01,PLTR,SP500
2023-02-01,PLUG,SP500
2023-02-01,PODD,SP500
2023-02-01,POOL,SP500
2023-02-01,PSA,SP500
2023-02-01,PWR,SP500
2023-02-01,PXD,SP500
2023-02-01,PYPL,SP500
2023-02-01,QCOM,SP500
2023-02-01,RBLX,SP500
2023-02-01,RCL,SP500
2023-02-01,REGN,SP500
2023-02-01,RIVN,SP500
2023-02-01,RMD,SP500
2023-02-01,ROK,SP500
2023-02-01,ROKU,SP500
2023-02-01,ROL,SP500
2023-02-01,ROP,SP500
2023-02-01,ROST,SP500
2023-02-01,SBAC,SP500
2023-02-01,SBUX,SP500
2023-02-01,SGEN,SP500
2023-02-01,SHW,SP500
2023-02-01,SIRI,SP500
2023-02-01,SIVB,SP500
2023-02-01,SLB,SP500
2023-02-01,SNAP,SP500
2023-02-01,SNOW,SP500
2023-02-01,SNPS,SP500
2023-02-01,SPGI,SP500
2023-02-01,SPLK,SP500
2023-02-01,SQ,SP500
2023-02-01,STE,SP500
2023-02-01,SUI,SP500
2023-02-01,SWKS,SP500
2023-02-01,SYK,SP500
2023-02-01,TDG,SP500
2023-02-01,TDY,SP500
2023-02-01,TEAM,SP500
2023-02-01,TER,SP500
2023-02-01,TJX,SP500
2023-02-01,TMO,SP500
2023-02-01,TMUS,SP500
2023-02-01,TOST,SP500
2023-02-01,TPL,SP500
2023-02-01,TRMB,SP500
2023-02-01,TRU,SP500
2023-02-01,TSCO,SP500
2023-02-01,TSLA,SP500
2023-02-01,TTD,SP500
2023-02-01,TTWO,SP500
2023-02-01,TW,SP500
2023-02-01,TWLO,SP500
2023-02-01,TXN,SP500
2023-02-01,TYL,SP500
2023-02-01,U,SP500
2023-02-01,UBER,SP500
2023-02-01,UDR,SP500
2023-02-01,ULTA,SP500
2023-02-01,UNP,SP500
2023-02-01,UPS,SP500
2023-02-01,V,SP500
2023-02-01,VEEV,SP500
2023-02-01,VMC,SP500
2023-02-01,VRSK,SP500
2023-02-01,VRSN,SP500
2023-02-01,VRTX,SP500
2023-02-01,WAT,SP500
2023-02-01,WCN,SP500
2023-02-01,WDAY,SP500
2023-02-01,WMG,SP500
2023-02-01,WST,SP500
2023-02-01,XM,SP500
2023-02-01,YUM,SP500
2023-02-01,Z,SP500
2023-02-01,ZBRA,SP500
2023-02-01,ZG,SP500
2023-02-01,ZI,SP500
2023-02-01,ZM,SP500
2023-02-01,ZS,SP500
2023-02-01,ZTS,SP500
2023-03-01,A,SP500
2023-03-01,AAPL,SP500
2023-03-01,ABNB,SP500
2023-03-01,ACN,SP500
2023-03-01,ADBE,SP500
2023-03-01,ADP,SP500
2023-03-01,ADSK,SP500
2023-03-01,AGL,SP500
2023-03-01,ALB,SP500
2023-03-01,ALGN,SP500
2023-03-01,ALNY,SP500
2023-03-01,AMAT,SP500
2023-03-01,AMD,SP500
2023-03-01,AMT,SP500
2023-03-01,AMZN,SP500
2023-03-01,ANET,SP500
2023-03-01,ANSS,SP500
2023-03-01,AON,SP500
2023-03-01,APH,SP500
2023-03-01,APO,SP500
2023-03-01,APP,SP500
2023-03-01,APTV,SP500
2023-03-01,ARES,SP500
2023-03-01,ATVI,SP500
2023-03-01,AVTR,SP500
2023-03-01,AZO,SP500
2023-03-01,BA,SP500
2023-03-01,BALL,SP500
2023-03-01,BF.A,SP500
2023-03-01,BF.B,SP500
2023-03-01,BILL,SP500
2023-03-01,BIO,SP500
2023-03-01,BKI,SP500
2023-03-01,BKNG,SP500
2023-03-01,BKR,SP500
2023-03-01,BMRN,SP500
2023-03-01,BR,SP500
2023-03-01,BRO,SP500
2023-03-01,BSX,SP500
2023-03-01,BSY,SP500
2023-03-01,BURL,SP500
2023-03-01,BX,SP500
2023-03-01,CCI,SP500
2023-03-01,CDNS,SP500
2023-03-01,CHD,SP500
2023-03-01,CHTR,SP500
2023-03-01,CHWY,SP500
2023-03-01,CL,SP500
2023-03-01,CMG,SP500
2023-03-01,COIN,SP500
2023-03-01,COO,SP500
2023-03-01,COST,SP500
2023-03-01,CPRT,SP500
2023-03-01,CPT,SP500
2023-03-01,CRL,SP500
2023-03-01,CRM,SP500
2023-03-01,CRWD,SP500
2023-03-01,CSGP,SP500
2023-03-01,CTAS,SP500
2023-03-01,CTLT,SP500
2023-03-01,CTRA,SP500
2023-03-01,CZR,SP500
2023-03-01,DASH,SP500
2023-03-01,DBX,SP500
2023-03-01,DDOG,SP500
2023-03-01,DG,SP500
2023-03-01,DHR,SP500
2023-03-01,DIS,SP500
2023-03-01,DLR,SP500
2023-03-01,DOCU,SP500
2023-03-01,DPZ,SP500
2023-03-01,DXCM,SP500
2023-03-01,EA,SP500
2023-03-01,ECL,SP500
2023-03-01,EDR,SP500
2023-03-01,EFX,SP500
2023-03-01,EL,SP500
2023-03-01,ENPH,SP500
2023-03-01,EPAM,SP500
2023-03-01,EQIX,SP500
2023-03-01,EQT,SP500
2023-03-01,ETSY,SP500
2023-03-01,EW,SP500
2023-03-01,EXAS,SP500
2023-03-01,EXPE,SP500
2023-03-01,FANG,SP500
2023-03-01,FAST,SP500
2023-03-01,FDS,SP500
2023-03-01,FISV,SP500
2023-03-01,FLT,SP500
2023-03-01,FRC,SP500
2023-03-01,FTNT,SP500
2023-03-01,GDDY,SP500
2023-03-01,GNRC,SP500
2023-03-01,GOOG,SP500
2023-03-01,GOOGL,SP500
2023-03-01,GPN,SP500
2023-03-01,GWW,SP500
2023-03-01,HAL,SP500
2023-03-01,HD,SP500
2023-03-01,HEI,SP500
2023-03-01,HEI.A,SP500
2023-03-01,HES,SP500
2023-03-01,HLT,SP500
2023-03-01,HSY,SP500
2023-03-01,HUBS,SP500
2023-03-01,HZNP,SP500
2023-03-01,IBKR,SP500
2023-03-01,IDXX,SP500
2023-03-01,ILMN,SP500
2023-03-01,INCY,SP500
2023-03-01,INTU,SP500
2023-03-01,INVH,SP500
2023-03-01,IQV,SP500
2023-03-01,ISRG,SP500
2023-03-01,IT,SP500
2023-03-01,JBHT,SP500
2023-03-01,JKHY,SP500
2023-03-01,KEYS,SP500
2023-03-01,KLAC,SP500
2023-03-01,LBRDA,SP500
2023-03-01,LBRDK,SP500
2023-03-01,LIN,SP500
2023-03-01,LLY,SP500
2023-03-01,LNG,SP500
2023-03-01,LOW,SP500
2023-03-01,LPLA,SP500
2023-03-01,LRCX,SP500
2023-03-01,LULU,SP500
2023-03-01,LVS,SP500
2023-03-01,LW,SP500
2023-03-01,LYV,SP500
2023-03-01,MA,SP500
2023-03-01,MAR,SP500
2023-03-01,MCD,SP500
2023-03-01,MCHP,SP500
2023-03-01,MCO,SP500
2023-03-01,MDB,SP500
2023-03-01,META,SP500
2023-03-01,MGM,SP500
2023-03-01,MKTX,SP500
2023-03-01,MLM,SP500
2023-03-01,MNST,SP500
2023-03-01,MPWR,SP500
2023-03-01,MRNA,SP500
2023-03-01,MRO,SP500
2023-03-01,MRVL,SP500
2023-03-01,MSCI,SP500
2023-03-01,MSFT,SP500
2023-03-01,MSI,SP500
2023-03-01,MTCH,SP500
2023-03-01,MTD,SP500
2023-03-01,MTN,SP500
2023-03-01,MU,SP500
2023-03-01,NET,SP500
2023-03-01,NFLX,SP500
2023-03-01,NKE,SP500
2023-03-01,NOW,SP500
2023-03-01,NVDA,SP500
2023-03-01,NVR,SP500
2023-03-01,O,SP500
2023-03-01,ODFL,SP500
2023-03-01,OKTA,SP500
2023-03-01,OLPX,SP500
2023-03-01,ORLY,SP500
2023-03-01,PANW,SP500
2023-03-01,PATH,SP500
2023-03-01,PAYC,SP500
2023-03-01,PAYX,SP500
2023-03-01,PINS,SP500
2023-03-01,PKI,SP500
2023-03-01,PLTR,SP500
2023-03-01,PLUG,SP500
2023-03-01,PODD,SP500
2023-03-01,POOL,SP500
2023-03-01,PSA,SP500
2023-03-01,PWR,SP500
2023-03-01,PXD,SP500
2023-03-01,PYPL,SP500
2023-03-01,QCOM,SP500
2023-03-01,RBLX,SP500
2023-03-01,RCL,SP500
2023-03-01,REGN,SP500
2023-03-01,RIVN,SP500
2023-03-01,RMD,SP500
2023-03-01,ROK,SP500
2023-03-01,ROKU,SP500
2023-03-01,ROL,SP500
2023-03-01,ROP,SP500
2023-03-01,ROST,SP500
2023-03-01,SBAC,SP500
2023-03-01,SBUX,SP500
2023-03-01,SGEN,SP500
2023-03-01,SHW,SP500
2023-03-01,SIRI,SP500
2023-03-01,SIVB,SP500
2023-03-01,SLB,SP500
2023-03-01,SNAP,SP500
2023-03-01,SNOW,SP500
2023-03-01,SNPS,SP500
2023-03-01,SPGI,SP500
2023-03-01,SPLK,SP500
2023-03-01,SQ,SP500
2023-03-01,STE,SP500
2023-03-01,SUI,SP500
2023-03-01,SWKS,SP500
2023-03-01,SYK,SP500
2023-03-01,TDG,SP500
2023-03-01,TDY,SP500
2023-03-01,TEAM,SP500
2023-03-01,TER,SP500
2023-03-01,TJX,SP500
2023-03-01,TMO,SP500
2023-03-01,TMUS,SP500
2023-03-01,TOST,SP500
2023-03-01,TPL,SP500
2023-03-01,TRMB,SP500
2023-03-01,TRU,SP500
2023-03-01,TSCO,SP500
2023-03-01,TSLA,SP500
2023-03-01,TTD,SP500
2023-03-01,TTWO,SP500
2023-03-01,TW,SP500
2023-03-01,TWLO,SP500
2023-03-01,TXN,SP500
2023-03-01,TYL,SP500
2023-03-01,U,SP500
2023-03-01,UBER,SP500
2023-03-01,UDR,SP500
2023-03-01,ULTA,SP500
2023-03-01,UNP,SP500
2023-03-01,UPS,SP500
2023-03-01,V,SP500
2023-03-01,VEEV,SP500
2023-03-01,VMC,SP500
2023-03-01,VRSK,SP500
2023-03-01,VRSN,SP500
2023-03-01,VRTX,SP500
2023-03-01,WAT,SP500
2023-03-01,WCN,SP500
2023-03-01,WDAY,SP500
2023-03-01,WMG,SP500
2023-03-01,WST,SP500
2023-03-01,XM,SP500
2023-03-01,YUM,SP500
2023-03-01,Z,SP500
2023-03-01,ZBRA,SP500
2023-03-01,ZG,SP500
2023-03-01,ZI,SP500
2023-03-01,ZM,SP500
2023-03-01,ZS,SP500
2023-03-01,ZTS,SP500
2023-04-01,A,SP500
2023-04-01,AAPL,SP500
2023-04-01,ABNB,SP500
2023-04-01,ACN,SP500
2023-04-01,ADBE,SP500
2023-04-01,ADP,SP500
2023-04-01,ADSK,SP500
2023-04-01,AGL,SP500
2023-04-01,ALB,SP500
2023-04-01,ALGN,SP500
2023-04-01,ALNY,SP500
2023-04-01,AMAT,SP500
2023-04-01,AMD,SP500
2023-04-01,AMT,SP500
2023-04-01,AMZN,SP500
2023-04-01,ANET,SP500
2023-04-01,ANSS,SP500
2023-04-01,AON,SP500
2023-04-01,APH,SP500
2023-04-01,APO,SP500
2023-04-01,APP,SP500
2023-04-01,APTV,SP500
2023-04-01,ARES,SP500
2023-04-01,ATVI,SP500
2023-04-01,AVTR,SP500
2023-04-01,AZO,SP500
2023-04-01,BA,SP500
2023-04-01,BALL,SP500
2023-04-01,BF.A,SP500
2023-04-01,BF.B,SP500
2023-04-01,BILL,SP500
2023-04-01,BIO,SP500
2023-04-01,BKI,SP500
2023-04-01,BKNG,SP500
2023-04-01,BKR,SP500
2023-04-01,BMRN,SP500
2023-04-01,BR,SP500
2023-04-01,BRO,SP500
2023-04-01,BSX,SP500
2023-04-01,BSY,SP500
2023-04-01,BURL,SP500
2023-04-01,BX,SP500
2023-04-01,CCI,SP500
2023-04-01,CDNS,SP500
2023-04-01,CHD,SP500
2023-04-01,CHTR,SP500
2023-04-01,CHWY,SP500
2023-04-01,CL,SP500
2023-04-01,CMG,SP500
2023-04-01,COIN,SP500
2023-04-01,COO,SP500
2023-04-01,COST,SP500
2023-04-01,CPRT,SP500
2023-04-01,CPT,SP500
2023-04-01,CRL,SP500
2023-04-01,CRM,SP500
2023-04-01,CRWD,SP500
2023-04-01,CSGP,SP500
2023-04-01,CTAS,SP500
2023-04-01,CTLT,SP500
2023-04-01,CTRA,SP500
2023-04-01,CZR,SP500
2023-04-01,DASH,SP500
2023-04-01,DBX,SP500
2023-04-01,DDOG,SP500
2023-04-01,DG,SP500
2023-04-01,DHR,SP500
2023-04-01,DIS,SP500
2023-04-01,DLR,SP500
2023-04-01,DOCU,SP500
2023-04-01,DPZ,SP500
2023-04-01,DXCM,SP500
2023-04-01,EA,SP500
2023-04-01,ECL,SP500
2023-04-01,EDR,SP500
2023-04-01,EFX,SP500
2023-04-01,EL,SP500
2023-04-01,ENPH,SP500
2023-04-01,EPAM,SP500
2023-04-01,EQIX,SP500
2023-04-01,EQT,SP500
2023-04-01,ETSY,SP500
2023-04-01,EW,SP500
2023-04-01,EXAS,SP500
2023-04-01,EXPE,SP500
2023-04-01,FANG,SP500
2023-04-01,FAST,SP500
2023-04-01,FDS,SP500
2023-04-01,FISV,SP500
2023-04-01,FLT,SP500
2023-04-01,FRC,SP500
2023-04-01,FTNT,SP500
2023-04-01,GDDY,SP500
2023-04-01,GNRC,SP500
2023-04-01,GOOG,SP500
2023-04-01,GOOGL,SP500
2023-04-01,GPN,SP500
2023-04-01,GWW,SP500
2023-04-01,HAL,SP500
2023-04-01,HD,SP500
2023-04-01,HEI,SP500
2023-04-01,HEI.A,SP500
2023-04-01,HES,SP500
2023-04-01,HLT,SP500
2023-04-01,HSY,SP500
2023-04-01,HUBS,SP500
2023-04-01,HZNP,SP500
2023-04-01,IBKR,SP500
2023-04-01,IDXX,SP500
2023-04-01,ILMN,SP500
2023-04-01,INCY,SP500
2023-04-01,INTU,SP500
2023-04-01,INVH,SP500
2023-04-01,IQV,SP500
2023-04-01,ISRG,SP500
2023-04-01,IT,SP500
2023-04-01,JBHT,SP500
2023-04-01,JKHY,SP500
2023-04-01,KEYS,SP500
2023-04-01,KLAC,SP500
2023-04-01,LBRDA,SP500
2023-04-01,LBRDK,SP500
2023-04-01,LLY,SP500
2023-04-01,LNG,SP500
2023-04-01,LOW,SP500
2023-04-01,LPLA,SP500
2023-04-01,LRCX,SP500
2023-04-01,LULU,SP500
2023-04-01,LVS,SP500
2023-04-01,LW,SP500
2023-04-01,LYV,SP500
2023-04-01,MA,SP500
2023-04-01,MAR,SP500
2023-04-01,MCD,SP500
2023-04-01,MCHP,SP500
2023-04-01,MCO,SP500
2023-04-01,MDB,SP500
2023-04-01,META,SP500
2023-04-01,MGM,SP500
2023-04-01,MKTX,SP500
2023-04-01,MLM,SP500
2023-04-01,MNST,SP500
2023-04-01,MPWR,SP500
2023-04-01,MRNA,SP500
2023-04-01,MRO,SP500
2023-04-01,MRVL,SP500
2023-04-01,MSCI,SP500
2023-04-01,MSFT,SP500
2023-04-01,MSI,SP500
2023-04-01,MTCH,SP500
2023-04-01,MTD,SP500
2023-04-01,MTN,SP500
2023-04-01,MU,SP500
2023-04-01,NET,SP500
2023-04-01,NFLX,SP500
2023-04-01,NKE,SP500
2023-04-01,NOW,SP500
2023-04-01,NVDA,SP500
2023-04-01,NVR,SP500
2023-04-01,O,SP500
2023-04-01,ODFL,SP500
2023-04-01,OKTA,SP500
2023-04-01,OLPX,SP500
2023-04-01,ORLY,SP500
2023-04-01,PANW,SP500
2023-04-01,PATH,SP500
2023-04-01,PAYC,SP500
2023-04-01,PAYX,SP500
2023-04-01,PINS,SP500
2023-04-01,PKI,SP500
2023-04-01,PLTR,SP500
2023-04-01,PLUG,SP500
2023-04-01,PODD,SP500
2023-04-01,POOL,SP500
2023-04-01,PSA,SP500
2023-04-01,PWR,SP500
2023-04-01,PXD,SP500
2023-04-01,PYPL,SP500
2023-04-01,QCOM,SP500
2023-04-01,RBLX,SP500
2023-04-01,RCL,SP500
2023-04-01,REGN,SP500
2023-04-01,RIVN,SP500
2023-04-01,RMD,SP500
2023-04-01,ROK,SP500
2023-04-01,ROKU,SP500
2023-04-01,ROL,SP500
2023-04-01,ROP,SP500
2023-04-01,ROST,SP500
2023-04-01,SBAC,SP500
2023-04-01,SBUX,SP500
2023-04-01,SGEN,SP500
2023-04-01,SHW,SP500
2023-04-01,SIRI,SP500
2023-04-01,SLB,SP500
2023-04-01,SNAP,SP500
2023-04-01,SNOW,SP500
2023-04-01,SNPS,SP500
2023-04-01,SPGI,SP500
2023-04-01,SPLK,SP500
2023-04-01,SQ,SP500
2023-04-01,STE,SP500
2023-04-01,SUI,SP500
2023-04-01,SWKS,SP500
2023-04-01,SYK,SP500
2023-04-01,TDG,SP500
2023-04-01,TDY,SP500
2023-04-01,TEAM,SP500
2023-04-01,TER,SP500
2023-04-01,TJX,SP500
2023-04-01,TMO,SP500
2023-04-01,TMUS,SP500
2023-04-01,TOST,SP500
2023-04-01,TPL,SP500
2023-04-01,TRMB,SP500
2023-04-01,TRU,SP500
2023-04-01,TSCO,SP500
2023-04-01,TSLA,SP500
2023-04-01,TTD,SP500
2023-04-01,TTWO,SP500
2023-04-01,TW,SP500
2023-04-01,TWLO,SP500
2023-04-01,TXN,SP500
2023-04-01,TYL,SP500
2023-04-01,U,SP500
2023-04-01,UBER,SP500
2023-04-01,UDR,SP500
2023-04-01,ULTA,SP500
2023-04-01,UNP,SP500
2023-04-01,UPS,SP500
2023-04-01,V,SP500
2023-04-01,VEEV,SP500
2023-04-01,VMC,SP500
2023-04-01,VRSK,SP500
2023-04-01,VRSN,SP500
2023-04-01,VRTX,SP500
2023-04-01,WAT,SP500
2023-04-01,WCN,SP500
2023-04-01,WDAY,SP500
2023-04-01,WMG,SP500
2023-04-01,WST,SP500
2023-04-01,XM,SP500
2023-04-01,YUM,SP500
2023-04-01,Z,SP500
2023-04-01,ZBRA,SP500
2023-04-01,ZG,SP500
2023-04-01,ZI,SP500
2023-04-01,ZM,SP500
2023-04-01,ZS,SP500
2023-04-01,ZTS,SP500
2023-05-02,A,SP500
2023-05-02,AAPL,SP500
2023-05-02,ABNB,SP500
2023-05-02,ACN,SP500
2023-05-02,ADBE,SP500
2023-05-02,ADP,SP500
2023-05-02,ADSK,SP500
2023-05-02,ALB,SP500
2023-05-02,ALGN,SP500
2023-05-02,ALNY,SP500
2023-05-02,AMAT,SP500
2023-05-02,AMD,SP500
2023-05-02,AMT,SP500
2023-05-02,AMZN,SP500
2023-05-02,ANET,SP500
2023-05-02,ANSS,SP500
2023-05-02,AON,SP500
2023-05-02,APH,SP500
2023-05-02,APO,SP500
2023-05-02,APTV,SP500
2023-05-02,ARES,SP500
2023-05-02,ATVI,SP500
2023-05-02,AVTR,SP500
2023-05-02,AZO,SP500
2023-05-02,BA,SP500
2023-05-02,BF.A,SP500
2023-05-02,BF.B,SP500
2023-05-02,BILL,SP500
2023-05-02,BIO,SP500
2023-05-02,BKI,SP500
2023-05-02,BKNG,SP500
2023-05-02,BKR,SP500
2023-05-02,BMRN,SP500
2023-05-02,BR,SP500
2023-05-02,BRO,SP500
2023-05-02,BSX,SP500
2023-05-02,BSY,SP500
2023-05-02,BURL,SP500
2023-05-02,BX,SP500
2023-05-02,CCI,SP500
2023-05-02,CDNS,SP500
2023-05-02,CHD,SP500
2023-05-02,CHTR,SP500
2023-05-02,CHWY,SP500
2023-05-02,CL,SP500
2023-05-02,CMG,SP500
2023-05-02,COIN,SP500
2023-05-02,COO,SP500
2023-05-02,COST,SP500
2023-05-02,CPRT,SP500
2023-05-02,CPT,SP500
2023-05-02,CRL,SP500
2023-05-02,CRM,SP500
2023-05-02,CRWD,SP500
2023-05-02,CSGP,SP500
2023-05-02,CTAS,SP500
2023-05-02,CTLT,SP500
2023-05-02,CTRA,SP500
2023-05-02,CZR,SP500
2023-05-02,DASH,SP500
2023-05-02,DDOG,SP500
2023-05-02,DG,SP500
2023-05-02,DHR,SP500
2023-05-02,DIS,SP500
2023-05-02,DOCU,SP500
2023-05-02,DPZ,SP500
2023-05-02,DXCM,SP500
2023-05-02,EA,SP500
2023-05-02,ECL,SP500
2023-05-02,EDR,SP500
2023-05-02,EFX,SP500
2023-05-02,EL,SP500
2023-05-02,ENPH,SP500
2023-05-02,EPAM,SP500
2023-05-02,EQIX,SP500
2023-05-02,EQT,SP500
2023-05-02,ETSY,SP500
2023-05-02,EW,SP500
2023-05-02,EXPE,SP500
2023-05-02,FANG,SP500
2023-05-02,FAST,SP500
2023-05-02,FDS,SP500
2023-05-02,FISV,SP500
2023-05-02,FRC,SP500
2023-05-02,FSLR,SP500
2023-05-02,FTNT,SP500
2023-05-02,GDDY,SP500
2023-05-02,GOOG,SP500
2023-05-02,GOOGL,SP500
2023-05-02,GPN,SP500
2023-05-02,GWW,SP500
2023-05-02,HAL,SP500
2023-05-02,HD,SP500
2023-05-02,HEI,SP500
2023-05-02,HEI.A,SP500
2023-05-02,HES,SP500
2023-05-02,HLT,SP500
2023-05-02,HSY,SP500
2023-05-02,HUBS,SP500
2023-05-02,HZNP,SP500
2023-05-02,IBKR,SP500
2023-05-02,IDXX,SP500
2023-05-02,ILMN,SP500
2023-05-02,INCY,SP500
2023-05-02,INTU,SP500
2023-05-02,INVH,SP500
2023-05-02,IQV,SP500
2023-05-02,ISRG,SP500
2023-05-02,IT,SP500
2023-05-02,JBHT,SP500
2023-05-02,JKHY,SP500
2023-05-02,KEYS,SP500
2023-05-02,KLAC,SP500
2023-05-02,LBRDA,SP500
2023-05-02,LBRDK,SP500
2023-05-02,LIN,SP500
2023-05-02,LLY,SP500
2023-05-02,LNG,SP500
2023-05-02,LOW,SP500
2023-05-02,LPLA,SP500
2023-05-02,LRCX,SP500
2023-05-02,LULU,SP500
2023-05-02,LVS,SP500
2023-05-02,LW,SP500
2023-05-02,LYV,SP500
2023-05-02,MA,SP500
2023-05-02,MAR,SP500
2023-05-02,MCD,SP500
2023-05-02,MCHP,SP500
2023-05-02,MCO,SP500
2023-05-02,MDB,SP500
2023-05-02,META,SP500
2023-05-02,MGM,SP500
2023-05-02,MKTX,SP500
2023-05-02,MLM,SP500
2023-05-02,MNST,SP500
2023-05-02,MPWR,SP500
2023-05-02,MRNA,SP500
2023-05-02,MRO,SP500
2023-05-02,MRVL,SP500
2023-05-02,MSCI,SP500
2023-05-02,MSFT,SP500
2023-05-02,MSI,SP500
2023-05-02,MTCH,SP500
2023-05-02,MTD,SP500
2023-05-02,MTN,SP500
2023-05-02,NET,SP500
2023-05-02,NFLX,SP500
2023-05-02,NKE,SP500
2023-05-02,NOW,SP500
2023-05-02,NVDA,SP500
2023-05-02,O,SP500
2023-05-02,ODFL,SP500
2023-05-02,OKTA,SP500
2023-05-02,ON,SP500
2023-05-02,ORLY,SP500
2023-05-02,PANW,SP500
2023-05-02,PATH,SP500
2023-05-02,PAYC,SP500
2023-05-02,PAYX,SP500
2023-05-02,PINS,SP500
2023-05-02,PLTR,SP500
2023-05-02,PLUG,SP500
2023-05-02,PODD,SP500
2023-05-02,POOL,SP500
2023-05-02,PSA,SP500
2023-05-02,PWR,SP500
2023-05-02,PXD,SP500
2023-05-02,PYPL,SP500
2023-05-02,QCOM,SP500
2023-05-02,RBLX,SP500
2023-05-02,RCL,SP500
2023-05-02,REGN,SP500
2023-05-02,RIVN,SP500
2023-05-02,RMD,SP500
2023-05-02,ROK,SP500
2023-05-02,ROKU,SP500
2023-05-02,ROL,SP500
2023-05-02,ROP,SP500
2023-05-02,ROST,SP500
2023-05-02,SBAC,SP500
2023-05-02,SBUX,SP500
2023-05-02,SGEN,SP500
2023-05-02,SHW,SP500
2023-05-02,SIRI,SP500
2023-05-02,SLB,SP500
2023-05-02,SNAP,SP500
2023-05-02,SNOW,SP500
2023-05-02,SNPS,SP500
2023-05-02,SPGI,SP500
2023-05-02,SPLK,SP500
2023-05-02,SQ,SP500
2023-05-02,STE,SP500
2023-05-02,SUI,SP500
2023-05-02,SWKS,SP500
2023-05-02,SYK,SP500
2023-05-02,TDG,SP500
2023-05-02,TDY,SP500
2023-05-02,TEAM,SP500
2023-05-02,TER,SP500
2023-05-02,TJX,SP500
2023-05-02,TMO,SP500
2023-05-02,TMUS,SP500
2023-05-02,TOST,SP500
2023-05-02,TPL,SP500
2023-05-02,TRMB,SP500
2023-05-02,TSCO,SP500
2023-05-02,TSLA,SP500
2023-05-02,TTD,SP500
2023-05-02,TTWO,SP500
2023-05-02,TW,SP500
2023-05-02,TWLO,SP500
2023-05-02,TXN,SP500
2023-05-02,TYL,SP500
2023-05-02,U,SP500
2023-05-02,UBER,SP500
2023-05-02,UDR,SP500
2023-05-02,ULTA,SP500
2023-05-02,UNP,SP500
2023-05-02,UPS,SP500
2023-05-02,V,SP500
2023-05-02,VEEV,SP500
2023-05-02,VMC,SP500
2023-05-02,VRSK,SP500
2023-05-02,VRSN,SP500
2023-05-02,VRTX,SP500
2023-05-02,WAT,SP500
2023-05-02,WCN,SP500
2023-05-02,WDAY,SP500
2023-05-02,WELL,SP500
2023-05-02,WMG,SP500
2023-05-02,WST,SP500
2023-05-02,YUM,SP500
2023-05-02,Z,SP500
2023-05-02,ZBRA,SP500
2023-05-02,ZG,SP500
2023-05-02,ZI,SP500
2023-05-02,ZM,SP500
2023-05-02,ZS,SP500
2023-05-02,ZTS,SP500
2023-06-01,A,SP500
2023-06-01,AAPL,SP500
2023-06-01,ABNB,SP500
2023-06-01,ACN,SP500
2023-06-01,ADBE,SP500
2023-06-01,ADP,SP500
2023-06-01,ADSK,SP500
2023-06-01,ALB,SP500
2023-06-01,ALGN,SP500
2023-06-01,ALNY,SP500
2023-06-01,AMAT,SP500
2023-06-01,AMD,SP500
2023-06-01,AMT,SP500
2023-06-01,AMZN,SP500
2023-06-01,ANET,SP500
2023-06-01,ANSS,SP500
2023-06-01,AON,SP500
2023-06-01,APH,SP500
2023-06-01,APO,SP500
2023-06-01,APTV,SP500
2023-06-01,ARES,SP500
2023-06-01,ATVI,SP500
2023-06-01,AVTR,SP500
2023-06-01,AZO,SP500
2023-06-01,BA,SP500
2023-06-01,BF.A,SP500
2023-06-01,BF.B,SP500
2023-06-01,BILL,SP500
2023-06-01,BIO,SP500
2023-06-01,BKI,SP500
2023-06-01,BKNG,SP500
2023-06-01,BKR,SP500
2023-06-01,BMRN,SP500
2023-06-01,BR,SP500
2023-06-01,BRO,SP500
2023-06-01,BSX,SP500
2023-06-01,BSY,SP500
2023-06-01,BURL,SP500
2023-06-01,BX,SP500
2023-06-01,CCI,SP500
2023-06-01,CDNS,SP500
2023-06-01,CHD,SP500
2023-06-01,CHTR,SP500
2023-06-01,CHWY,SP500
2023-06-01,CL,SP500
2023-06-01,CMG,SP500
2023-06-01,COIN,SP500
2023-06-01,COO,SP500
2023-06-01,COST,SP500
2023-06-01,CPRT,SP500
2023-06-01,CPT,SP500
2023-06-01,CRL,SP500
2023-06-01,CRM,SP500
2023-06-01,CRWD,SP500
2023-06-01,CSGP,SP500
2023-06-01,CTAS,SP500
2023-06-01,CTLT,SP500
2023-06-01,CTRA,SP500
2023-06-01,CZR,SP500
2023-06-01,DASH,SP500
2023-06-01,DDOG,SP500
2023-06-01,DG,SP500
2023-06-01,DHR,SP500
2023-06-01,DIS,SP500
2023-06-01,DOCU,SP500
2023-06-01,DPZ,SP500
2023-06-01,DXCM,SP500
2023-06-01,EA,SP500
2023-06-01,ECL,SP500
2023-06-01,EDR,SP500
2023-06-01,EFX,SP500
2023-06-01,EL,SP500
2023-06-01,ENPH,SP500
2023-06-01,EPAM,SP500
2023-06-01,EQIX,SP500
2023-06-01,EQT,SP500
2023-06-01,ETSY,SP500
2023-06-01,EW,SP500
2023-06-01,EXPE,SP500
2023-06-01,FANG,SP500
2023-06-01,FAST,SP500
2023-06-01,FDS,SP500
2023-06-01,FISV,SP500
2023-06-01,FSLR,SP500
2023-06-01,FTNT,SP500
2023-06-01,GDDY,SP500
2023-06-01,GOOG,SP500
2023-06-01,GOOGL,SP500
2023-06-01,GPN,SP500
2023-06-01,GWW,SP500
2023-06-01,HAL,SP500
2023-06-01,HD,SP500
2023-06-01,HEI,SP500
2023-06-01,HEI.A,SP500
2023-06-01,HES,SP500
2023-06-01,HLT,SP500
2023-06-01,HSY,SP500
2023-06-01,HUBS,SP500
2023-06-01,HZNP,SP500
2023-06-01,IBKR,SP500
2023-06-01,IDXX,SP500
2023-06-01,ILMN,SP500
2023-06-01,INCY,SP500
2023-06-01,INTU,SP500
2023-06-01,INVH,SP500
2023-06-01,IQV,SP500
2023-06-01,ISRG,SP500
2023-06-01,IT,SP500
2023-06-01,JBHT,SP500
2023-06-01,JKHY,SP500
2023-06-01,KEYS,SP500
2023-06-01,KLAC,SP500
2023-06-01,LBRDA,SP500
2023-06-01,LBRDK,SP500
2023-06-01,LIN,SP500
2023-06-01,LLY,SP500
2023-06-01,LNG,SP500
2023-06-01,LOW,SP500
2023-06-01,LPLA,SP500
2023-06-01,LRCX,SP500
2023-06-01,LULU,SP500
2023-06-01,LVS,SP500
2023-06-01,LW,SP500
2023-06-01,LYV,SP500
2023-06-01,MA,SP500
2023-06-01,MAR,SP500
2023-06-01,MCD,SP500
2023-06-01,MCHP,SP500
2023-06-01,MCO,SP500
2023-06-01,MDB,SP500
2023-06-01,META,SP500
2023-06-01,MGM,SP500
2023-06-01,MKTX,SP500
2023-06-01,MLM,SP500
2023-06-01,MNST,SP500
2023-06-01,MPWR,SP500
2023-06-01,MRNA,SP500
2023-06-01,MRO,SP500
2023-06-01,MRVL,SP500
2023-06-01,MSCI,SP500
2023-06-01,MSFT,SP500
2023-06-01,MSI,SP500
2023-06-01,MTCH,SP500
2023-06-01,MTD,SP500
2023-06-01,MTN,SP500
2023-06-01,NET,SP500
2023-06-01,NFLX,SP500
2023-06-01,NKE,SP500
2023-06-01,NOW,SP500
2023-06-01,NVDA,SP500
2023-06-01,O,SP500
2023-06-01,ODFL,SP500
2023-06-01,OKTA,SP500
2023-06-01,ON,SP500
2023-06-01,ORLY,SP500
2023-06-01,PANW,SP500
2023-06-01,PATH,SP500
2023-06-01,PAYC,SP500
2023-06-01,PAYX,SP500
2023-06-01,PINS,SP500
2023-06-01,PLTR,SP500
2023-06-01,PLUG,SP500
2023-06-01,PODD,SP500
2023-06-01,POOL,SP500
2023-06-01,PSA,SP500
2023-06-01,PWR,SP500
2023-06-01,PXD,SP500
2023-06-01,PYPL,SP500
2023-06-01,QCOM,SP500
2023-06-01,RBLX,SP500
2023-06-01,RCL,SP500
2023-06-01,REGN,SP500
2023-06-01,RIVN,SP500
2023-06-01,RMD,SP500
2023-06-01,ROK,SP500
2023-06-01,ROKU,SP500
2023-06-01,ROL,SP500
2023-06-01,ROP,SP500
2023-06-01,ROST,SP500
2023-06-01,SBAC,SP500
2023-06-01,SBUX,SP500
2023-06-01,SGEN,SP500
2023-06-01,SHW,SP500
2023-06-01,SIRI,SP500
2023-06-01,SLB,SP500
2023-06-01,SNAP,SP500
2023-06-01,SNOW,SP500
2023-06-01,SNPS,SP500
2023-06-01,SPGI,SP500
2023-06-01,SPLK,SP500
2023-06-01,SQ,SP500
2023-06-01,STE,SP500
2023-06-01,SUI,SP500
2023-06-01,SWKS,SP500
2023-06-01,SYK,SP500
2023-06-01,TDG,SP500
2023-06-01,TDY,SP500
2023-06-01,TEAM,SP500
2023-06-01,TER,SP500
2023-06-01,TJX,SP500
2023-06-01,TMO,SP500
2023-06-01,TMUS,SP500
2023-06-01,TOST,SP500
2023-06-01,TPL,SP500
2023-06-01,TRMB,SP500
2023-06-01,TSCO,SP500
2023-06-01,TSLA,SP500
2023-06-01,TTD,SP500
2023-06-01,TTWO,SP500
2023-06-01,TW,SP500
2023-06-01,TWLO,SP500
2023-06-01,TXN,SP500
2023-06-01,TYL,SP500
2023-06-01,U,SP500
2023-06-01,UBER,SP500
2023-06-01,UDR,SP500
2023-06-01,ULTA,SP500
2023-06-01,UNP,SP500
2023-06-01,UPS,SP500
2023-06-01,V,SP500
2023-06-01,VEEV,SP500
2023-06-01,VMC,SP500
2023-06-01,VRSK,SP500
2023-06-01,VRSN,SP500
2023-06-01,VRTX,SP500
2023-06-01,WAT,SP500
2023-06-01,WCN,SP500
2023-06-01,WDAY,SP500
2023-06-01,WELL,SP500
2023-06-01,WMG,SP500
2023-06-01,WST,SP500
2023-06-01,YUM,SP500
2023-06-01,Z,SP500
2023-06-01,ZBRA,SP500
2023-06-01,ZG,SP500
2023-06-01,ZI,SP500
2023-06-01,ZM,SP500
2023-06-01,ZS,SP500
2023-06-01,ZTS,SP500
2023-07-01,A,SP500
2023-07-01,AAPL,SP500
2023-07-01,ABNB,SP500
2023-07-01,ACN,SP500
2023-07-01,ADBE,SP500
2023-07-01,ADP,SP500
2023-07-01,ADSK,SP500
2023-07-01,ALB,SP500
2023-07-01,ALGN,SP500
2023-07-01,ALNY,SP500
2023-07-01,AMAT,SP500
2023-07-01,AMD,SP500
2023-07-01,AMT,SP500
2023-07-01,AMZN,SP500
2023-07-01,ANET,SP500
2023-07-01,ANSS,SP500
2023-07-01,AON,SP500
2023-07-01,APH,SP500
2023-07-01,APO,SP500
2023-07-01,APTV,SP500
2023-07-01,ARES,SP500
2023-07-01,ATVI,SP500
2023-07-01,AVTR,SP500
2023-07-01,AZO,SP500
2023-07-01,BA,SP500
2023-07-01,BF.A,SP500
2023-07-01,BF.B,SP500
2023-07-01,BILL,SP500
2023-07-01,BIO,SP500
2023-07-01,BKI,SP500
2023-07-01,BKNG,SP500
2023-07-01,BKR,SP500
2023-07-01,BMRN,SP500
2023-07-01,BR,SP500
2023-07-01,BRO,SP500
2023-07-01,BSX,SP500
2023-07-01,BSY,SP500
2023-07-01,BURL,SP500
2023-07-01,BX,SP500
2023-07-01,CCI,SP500
2023-07-01,CDNS,SP500
2023-07-01,CHD,SP500
2023-07-01,CHTR,SP500
2023-07-01,CHWY,SP500
2023-07-01,CL,SP500
2023-07-01,CMG,SP500
2023-07-01,COIN,SP500
2023-07-01,COO,SP500
2023-07-01,COST,SP500
2023-07-01,CPRT,SP500
2023-07-01,CPT,SP500
2023-07-01,CRL,SP500
2023-07-01,CRM,SP500
2023-07-01,CRWD,SP500
2023-07-01,CSGP,SP500
2023-07-01,CTAS,SP500
2023-07-01,CTLT,SP500
2023-07-01,CTRA,SP500
2023-07-01,CZR,SP500
2023-07-01,DASH,SP500
2023-07-01,DDOG,SP500
2023-07-01,DG,SP500
2023-07-01,DHR,SP500
2023-07-01,DIS,SP500
2023-07-01,DOCU,SP500
2023-07-01,DPZ,SP500
2023-07-01,DXCM,SP500
2023-07-01,EA,SP500
2023-07-01,ECL,SP500
2023-07-01,EDR,SP500
2023-07-01,EFX,SP500
2023-07-01,EL,SP500
2023-07-01,ENPH,SP500
2023-07-01,EPAM,SP500
2023-07-01,EQIX,SP500
2023-07-01,EQT,SP500
2023-07-01,ETSY,SP500
2023-07-01,EW,SP500
2023-07-01,EXPE,SP500
2023-07-01,FANG,SP500
2023-07-01,FAST,SP500
2023-07-01,FDS,SP500
2023-07-01,FI,SP500
2023-07-01,FSLR,SP500
2023-07-01,FTNT,SP500
2023-07-01,GDDY,SP500
2023-07-01,GOOG,SP500
2023-07-01,GOOGL,SP500
2023-07-01,GPN,SP500
2023-07-01,GWW,SP500
2023-07-01,HAL,SP500
2023-07-01,HD,SP500
2023-07-01,HEI,SP500
2023-07-01,HEI.A,SP500
2023-07-01,HES,SP500
2023-07-01,HLT,SP500
2023-07-01,HSY,SP500
2023-07-01,HUBS,SP500
2023-07-01,HZNP,SP500
2023-07-01,IBKR,SP500
2023-07-01,IDXX,SP500
2023-07-01,ILMN,SP500
2023-07-01,INCY,SP500
2023-07-01,INTU,SP500
2023-07-01,INVH,SP500
2023-07-01,IQV,SP500
2023-07-01,ISRG,SP500
2023-07-01,IT,SP500
2023-07-01,JBHT,SP500
2023-07-01,JKHY,SP500
2023-07-01,KEYS,SP500
2023-07-01,KLAC,SP500
2023-07-01,LBRDA,SP500
2023-07-01,LBRDK,SP500
2023-07-01,LIN,SP500
2023-07-01,LLY,SP500
2023-07-01,LNG,SP500
2023-07-01,LOW,SP500
2023-07-01,LPLA,SP500
2023-07-01,LRCX,SP500
2023-07-01,LULU,SP500
2023-07-01,LVS,SP500
2023-07-01,LW,SP500
2023-07-01,LYV,SP500
2023-07-01,MA,SP500
2023-07-01,MAR,SP500
2023-07-01,MCD,SP500
2023-07-01,MCHP,SP500
2023-07-01,MCO,SP500
2023-07-01,MDB,SP500
2023-07-01,META,SP500
2023-07-01,MGM,SP500
2023-07-01,MKTX,SP500
2023-07-01,MLM,SP500
2023-07-01,MNST,SP500
2023-07-01,MPWR,SP500
2023-07-01,MRNA,SP500
2023-07-01,MRO,SP500
2023-07-01,MRVL,SP500
2023-07-01,MSCI,SP500
2023-07-01,MSFT,SP500
2023-07-01,MSI,SP500
2023-07-01,MTCH,SP500
2023-07-01,MTD,SP500
2023-07-01,MTN,SP500
2023-07-01,NET,SP500
2023-07-01,NFLX,SP500
2023-07-01,NKE,SP500
2023-07-01,NOW,SP500
2023-07-01,NVDA,SP500
2023-07-01,O,SP500
2023-07-01,ODFL,SP500
2023-07-01,OKTA,SP500
2023-07-01,ON,SP500
2023-07-01,ORLY,SP500
2023-07-01,PANW,SP500
2023-07-01,PATH,SP500
2023-07-01,PAYC,SP500
2023-07-01,PAYX,SP500
2023-07-01,PINS,SP500
2023-07-01,PLTR,SP500
2023-07-01,PLUG,SP500
2023-07-01,PODD,SP500
2023-07-01,POOL,SP500
2023-07-01,PSA,SP500
2023-07-01,PWR,SP500
2023-07-01,PXD,SP500
2023-07-01,PYPL,SP500
2023-07-01,QCOM,SP500
2023-07-01,RBLX,SP500
2023-07-01,RCL,SP500
2023-07-01,REGN,SP500
2023-07-01,RIVN,SP500
2023-07-01,RMD,SP500
2023-07-01,ROK,SP500
2023-07-01,ROKU,SP500
2023-07-01,ROL,SP500
2023-07-01,ROP,SP500
2023-07-01,ROST,SP500
2023-07-01,SBAC,SP500
2023-07-01,SBUX,SP500
2023-07-01,SGEN,SP500
2023-07-01,SHW,SP500
2023-07-01,SIRI,SP500
2023-07-01,SLB,SP500
2023-07-01,SNAP,SP500
2023-07-01,SNOW,SP500
2023-07-01,SNPS,SP500
2023-07-01,SPGI,SP500
2023-07-01,SPLK,SP500
2023-07-01,SQ,SP500
2023-07-01,STE,SP500
2023-07-01,SUI,SP500
2023-07-01,SWKS,SP500
2023-07-01,SYK,SP500
2023-07-01,TDG,SP500
2023-07-01,TDY,SP500
2023-07-01,TEAM,SP500
2023-07-01,TER,SP500
2023-07-01,TJX,SP500
2023-07-01,TMO,SP500
2023-07-01,TMUS,SP500
2023-07-01,TOST,SP500
2023-07-01,TPL,SP500
2023-07-01,TRMB,SP500
2023-07-01,TSCO,SP500
2023-07-01,TSLA,SP500
2023-07-01,TTD,SP500
2023-07-01,TTWO,SP500
2023-07-01,TW,SP500
2023-07-01,TWLO,SP500
2023-07-01,TXN,SP500
2023-07-01,TYL,SP500
2023-07-01,U,SP500
2023-07-01,UBER,SP500
2023-07-01,UDR,SP500
2023-07-01,ULTA,SP500
2023-07-01,UNP,SP500
2023-07-01,UPS,SP500
2023-07-01,V,SP500
2023-07-01,VEEV,SP500
2023-07-01,VMC,SP500
2023-07-01,VRSK,SP500
2023-07-01,VRSN,SP500
2023-07-01,VRTX,SP500
2023-07-01,WAT,SP500
2023-07-01,WCN,SP500
2023-07-01,WDAY,SP500
2023-07-01,WELL,SP500
2023-07-01,WMG,SP500
2023-07-01,WST,SP500
2023-07-01,YUM,SP500
2023-07-01,Z,SP500
2023-07-01,ZBRA,SP500
2023-07-01,ZG,SP500
2023-07-01,ZI,SP500
2023-07-01,ZM,SP500
2023-07-01,ZS,SP500
2023-07-01,ZTS,SP500
2023-08-01,A,SP500
2023-08-01,AAPL,SP500
2023-08-01,ABNB,SP500
2023-08-01,ACN,SP500
2023-08-01,ADBE,SP500
2023-08-01,ADP,SP500
2023-08-01,ADSK,SP500
2023-08-01,ALB,SP500
2023-08-01,ALGN,SP500
2023-08-01,ALNY,SP500
2023-08-01,AMAT,SP500
2023-08-01,AMD,SP500
2023-08-01,AMT,SP500
2023-08-01,AMZN,SP500
2023-08-01,ANET,SP500
2023-08-01,ANSS,SP500
2023-08-01,AON,SP500
2023-08-01,APH,SP500
2023-08-01,APO,SP500
2023-08-01,APTV,SP500
2023-08-01,ARES,SP500
2023-08-01,ATVI,SP500
2023-08-01,AVTR,SP500
2023-08-01,AZO,SP500
2023-08-01,BA,SP500
2023-08-01,BF.A,SP500
2023-08-01,BF.B,SP500
2023-08-01,BILL,SP500
2023-08-01,BIO,SP500
2023-08-01,BKI,SP500
2023-08-01,BKNG,SP500
2023-08-01,BKR,SP500
2023-08-01,BMRN,SP500
2023-08-01,BR,SP500
2023-08-01,BRO,SP500
2023-08-01,BSX,SP500
2023-08-01,BSY,SP500
2023-08-01,BURL,SP500
2023-08-01,BX,SP500
2023-08-01,CCI,SP500
2023-08-01,CDNS,SP500
2023-08-01,CHD,SP500
2023-08-01,CHTR,SP500
2023-08-01,CHWY,SP500
2023-08-01,CL,SP500
2023-08-01,CMG,SP500
2023-08-01,COIN,SP500
2023-08-01,COO,SP500
2023-08-01,COST,SP500
2023-08-01,CPRT,SP500
2023-08-01,CPT,SP500
2023-08-01,CRL,SP500
2023-08-01,CRM,SP500
2023-08-01,CRWD,SP500
2023-08-01,CSGP,SP500
2023-08-01,CTAS,SP500
2023-08-01,CTLT,SP500
2023-08-01,CTRA,SP500
2023-08-01,CZR,SP500
2023-08-01,DASH,SP500
2023-08-01,DDOG,SP500
2023-08-01,DG,SP500
2023-08-01,DHR,SP500
2023-08-01,DIS,SP500
2023-08-01,DOCU,SP500
2023-08-01,DPZ,SP500
2023-08-01,DXCM,SP500
2023-08-01,EA,SP500
2023-08-01,ECL,SP500
2023-08-01,EDR,SP500
2023-08-01,EFX,SP500
2023-08-01,EL,SP500
2023-08-01,ENPH,SP500
2023-08-01,EPAM,SP500
2023-08-01,EQIX,SP500
2023-08-01,EQT,SP500
2023-08-01,ETSY,SP500
2023-08-01,EW,SP500
2023-08-01,EXPE,SP500
2023-08-01,FANG,SP500
2023-08-01,FAST,SP500
2023-08-01,FDS,SP500
2023-08-01,FI,SP500
2023-08-01,FSLR,SP500
2023-08-01,FTNT,SP500
2023-08-01,GDDY,SP500
2023-08-01,GOOG,SP500
2023-08-01,GOOGL,SP500
2023-08-01,GWW,SP500
2023-08-01,HAL,SP500
2023-08-01,HD,SP500
2023-08-01,HEI,SP500
2023-08-01,HEI.A,SP500
2023-08-01,HES,SP500
2023-08-01,HLT,SP500
2023-08-01,HSY,SP500
2023-08-01,HUBS,SP500
2023-08-01,HZNP,SP500
2023-08-01,IBKR,SP500
2023-08-01,IDXX,SP500
2023-08-01,ILMN,SP500
2023-08-01,INCY,SP500
2023-08-01,INTU,SP500
2023-08-01,INVH,SP500
2023-08-01,IQV,SP500
2023-08-01,ISRG,SP500
2023-08-01,IT,SP500
2023-08-01,JBHT,SP500
2023-08-01,JKHY,SP500
2023-08-01,KEYS,SP500
2023-08-01,KLAC,SP500
2023-08-01,LBRDA,SP500
2023-08-01,LBRDK,SP500
2023-08-01,LIN,SP500
2023-08-01,LLY,SP500
2023-08-01,LNG,SP500
2023-08-01,LOW,SP500
2023-08-01,LPLA,SP500
2023-08-01,LRCX,SP500
2023-08-01,LULU,SP500
2023-08-01,LVS,SP500
2023-08-01,LW,SP500
2023-08-01,LYV,SP500
2023-08-01,MA,SP500
2023-08-01,MAR,SP500
2023-08-01,MCD,SP500
2023-08-01,MCHP,SP500
2023-08-01,MCO,SP500
2023-08-01,MDB,SP500
2023-08-01,META,SP500
2023-08-01,MGM,SP500
2023-08-01,MKTX,SP500
2023-08-01,MLM,SP500
2023-08-01,MNST,SP500
2023-08-01,MPWR,SP500
2023-08-01,MRNA,SP500
2023-08-01,MRO,SP500
2023-08-01,MRVL,SP500
2023-08-01,MSCI,SP500
2023-08-01,MSFT,SP500
2023-08-01,MSI,SP500
2023-08-01,MTCH,SP500
2023-08-01,MTD,SP500
2023-08-01,MTN,SP500
2023-08-01,NET,SP500
2023-08-01,NFLX,SP500
2023-08-01,NKE,SP500
2023-08-01,NOW,SP500
2023-08-01,NVDA,SP500
2023-08-01,O,SP500
2023-08-01,ODFL,SP500
2023-08-01,OKTA,SP500
2023-08-01,ON,SP500
2023-08-01,ORLY,SP500
2023-08-01,PANW,SP500
2023-08-01,PAYC,SP500
2023-08-01,PAYX,SP500
2023-08-01,PINS,SP500
2023-08-01,PLTR,SP500
2023-08-01,PLUG,SP500
2023-08-01,PODD,SP500
2023-08-01,POOL,SP500
2023-08-01,PSA,SP500
2023-08-01,PWR,SP500
2023-08-01,PXD,SP500
2023-08-01,PYPL,SP500
2023-08-01,QCOM,SP500
2023-08-01,RBLX,SP500
2023-08-01,RCL,SP500
2023-08-01,REGN,SP500
2023-08-01,RMD,SP500
2023-08-01,ROK,SP500
2023-08-01,ROKU,SP500
2023-08-01,ROL,SP500
2023-08-01,ROST,SP500
2023-08-01,SBAC,SP500
2023-08-01,SBUX,SP500
2023-08-01,SGEN,SP500
2023-08-01,SHW,SP500
2023-08-01,SLB,SP500
2023-08-01,SNAP,SP500
2023-08-01,SNOW,SP500
2023-08-01,SNPS,SP500
2023-08-01,SPGI,SP500
2023-08-01,SPLK,SP500
2023-08-01,SQ,SP500
2023-08-01,STE,SP500
2023-08-01,SUI,SP500
2023-08-01,SWKS,SP500
2023-08-01,SYK,SP500
2023-08-01,TDG,SP500
2023-08-01,TDY,SP500
2023-08-01,TEAM,SP500
2023-08-01,TER,SP500
2023-08-01,TJX,SP500
2023-08-01,TMO,SP500
2023-08-01,TMUS,SP500
2023-08-01,TOST,SP500
2023-08-01,TPL,SP500
2023-08-01,TRMB,SP500
2023-08-01,TSCO,SP500
2023-08-01,TSLA,SP500
2023-08-01,TTD,SP500
2023-08-01,TTWO,SP500
2023-08-01,TW,SP500
2023-08-01,TWLO,SP500
2023-08-01,TXN,SP500
2023-08-01,TYL,SP500
2023-08-01,U,SP500
2023-08-01,UBER,SP500
2023-08-01,UDR,SP500
2023-08-01,ULTA,SP500
2023-08-01,UNP,SP500
2023-08-01,V,SP500
2023-08-01,VEEV,SP500
2023-08-01,VMC,SP500
2023-08-01,VRSK,SP500
2023-08-01,VRSN,SP500
2023-08-01,VRTX,SP500
2023-08-01,WAT,SP500
2023-08-01,WCN,SP500
2023-08-01,WDAY,SP500
2023-08-01,WELL,SP500
2023-08-01,WMG,SP500
2023-08-01,WST,SP500
2023-08-01,YUM,SP500
2023-08-01,Z,SP500
2023-08-01,ZBRA,SP500
2023-08-01,ZG,SP500
2023-08-01,ZI,SP500
2023-08-01,ZM,SP500
2023-08-01,ZS,SP500
2023-08-01,ZTS,SP500
2023-09-01,A,SP500
2023-09-01,AAPL,SP500
2023-09-01,ABNB,SP500
2023-09-01,ACN,SP500
2023-09-01,ADBE,SP500
2023-09-01,ADP,SP500
2023-09-01,ADSK,SP500
2023-09-01,ALB,SP500
2023-09-01,ALGN,SP500
2023-09-01,ALNY,SP500
2023-09-01,AMAT,SP500
2023-09-01,AMD,SP500
2023-09-01,AMT,SP500
2023-09-01,AMZN,SP500
2023-09-01,ANET,SP500
2023-09-01,ANSS,SP500
2023-09-01,AON,SP500
2023-09-01,APH,SP500
2023-09-01,APO,SP500
2023-09-01,APTV,SP500
2023-09-01,ARES,SP500
2023-09-01,ATVI,SP500
2023-09-01,AVTR,SP500
2023-09-01,AZO,SP500
2023-09-01,BA,SP500
2023-09-01,BF.A,SP500
2023-09-01,BF.B,SP500
2023-09-01,BILL,SP500
2023-09-01,BIO,SP500
2023-09-01,BKI,SP500
2023-09-01,BKNG,SP500
2023-09-01,BKR,SP500
2023-09-01,BMRN,SP500
2023-09-01,BR,SP500
2023-09-01,BRO,SP500
2023-09-01,BSX,SP500
2023-09-01,BSY,SP500
2023-09-01,BURL,SP500
2023-09-01,BX,SP500
2023-09-01,CCI,SP500
2023-09-01,CDNS,SP500
2023-09-01,CHD,SP500
2023-09-01,CHTR,SP500
2023-09-01,CHWY,SP500
2023-09-01,CL,SP500
2023-09-01,CMG,SP500
2023-09-01,COIN,SP500
2023-09-01,COO,SP500
2023-09-01,COST,SP500
2023-09-01,CPRT,SP500
2023-09-01,CPT,SP500
2023-09-01,CRL,SP500
2023-09-01,CRM,SP500
2023-09-01,CRWD,SP500
2023-09-01,CSGP,SP500
2023-09-01,CTAS,SP500
2023-09-01,CTLT,SP500
2023-09-01,CTRA,SP500
2023-09-01,CZR,SP500
2023-09-01,DASH,SP500
2023-09-01,DDOG,SP500
2023-09-01,DG,SP500
2023-09-01,DHR,SP500
2023-09-01,DIS,SP500
2023-09-01,DOCU,SP500
2023-09-01,DPZ,SP500
2023-09-01,DXCM,SP500
2023-09-01,EA,SP500
2023-09-01,ECL,SP500
2023-09-01,EDR,SP500
2023-09-01,EFX,SP500
2023-09-01,EL,SP500
2023-09-01,ENPH,SP500
2023-09-01,EPAM,SP500
2023-09-01,EQIX,SP500
2023-09-01,EQT,SP500
2023-09-01,ETSY,SP500
2023-09-01,EW,SP500
2023-09-01,EXPE,SP500
2023-09-01,FANG,SP500
2023-09-01,FAST,SP500
2023-09-01,FDS,SP500
2023-09-01,FI,SP500
2023-09-01,FSLR,SP500
2023-09-01,FTNT,SP500
2023-09-01,GDDY,SP500
2023-09-01,GOOG,SP500
2023-09-01,GOOGL,SP500
2023-09-01,GWW,SP500
2023-09-01,HAL,SP500
2023-09-01,HD,SP500
2023-09-01,HEI,SP500
2023-09-01,HEI.A,SP500
2023-09-01,HES,SP500
2023-09-01,HLT,SP500
2023-09-01,HSY,SP500
2023-09-01,HUBS,SP500
2023-09-01,HZNP,SP500
2023-09-01,IBKR,SP500
2023-09-01,IDXX,SP500
2023-09-01,ILMN,SP500
2023-09-01,INCY,SP500
2023-09-01,INTU,SP500
2023-09-01,INVH,SP500
2023-09-01,IQV,SP500
2023-09-01,ISRG,SP500
2023-09-01,IT,SP500
2023-09-01,JBHT,SP500
2023-09-01,JKHY,SP500
2023-09-01,KEYS,SP500
2023-09-01,KLAC,SP500
2023-09-01,LBRDA,SP500
2023-09-01,LBRDK,SP500
2023-09-01,LIN,SP500
2023-09-01,LLY,SP500
2023-09-01,LNG,SP500
2023-09-01,LOW,SP500
2023-09-01,LPLA,SP500
2023-09-01,LRCX,SP500
2023-09-01,LULU,SP500
2023-09-01,LVS,SP500
2023-09-01,LW,SP500
2023-09-01,LYV,SP500
2023-09-01,MA,SP500
2023-09-01,MAR,SP500
2023-09-01,MCD,SP500
2023-09-01,MCHP,SP500
2023-09-01,MCO,SP500
2023-09-01,MDB,SP500
2023-09-01,META,SP500
2023-09-01,MGM,SP500
2023-09-01,MKTX,SP500
2023-09-01,MLM,SP500
2023-09-01,MNST,SP500
2023-09-01,MPWR,SP500
2023-09-01,MRNA,SP500
2023-09-01,MRO,SP500
2023-09-01,MRVL,SP500
2023-09-01,MSCI,SP500
2023-09-01,MSFT,SP500
2023-09-01,MSI,SP500
2023-09-01,MTCH,SP500
2023-09-01,MTD,SP500
2023-09-01,MTN,SP500
2023-09-01,NET,SP500
2023-09-01,NFLX,SP500
2023-09-01,NKE,SP500
2023-09-01,NOW,SP500
2023-09-01,NVDA,SP500
2023-09-01,O,SP500
2023-09-01,ODFL,SP500
2023-09-01,OKTA,SP500
2023-09-01,ON,SP500
2023-09-01,ORLY,SP500
2023-09-01,PANW,SP500
2023-09-01,PAYC,SP500
2023-09-01,PAYX,SP500
2023-09-01,PINS,SP500
2023-09-01,PLTR,SP500
2023-09-01,PLUG,SP500
2023-09-01,PODD,SP500
2023-09-01,POOL,SP500
2023-09-01,PSA,SP500
2023-09-01,PWR,SP500
2023-09-01,PXD,SP500
2023-09-01,PYPL,SP500
2023-09-01,QCOM,SP500
2023-09-01,RBLX,SP500
2023-09-01,RCL,SP500
2023-09-01,REGN,SP500
2023-09-01,RMD,SP500
2023-09-01,ROK,SP500
2023-09-01,ROKU,SP500
2023-09-01,ROL,SP500
2023-09-01,ROST,SP500
2023-09-01,SBAC,SP500
2023-09-01,SBUX,SP500
2023-09-01,SGEN,SP500
2023-09-01,SHW,SP500
2023-09-01,SLB,SP500
2023-09-01,SNAP,SP500
2023-09-01,SNOW,SP500
2023-09-01,SNPS,SP500
2023-09-01,SPGI,SP500
2023-09-01,SPLK,SP500
2023-09-01,SQ,SP500
2023-09-01,STE,SP500
2023-09-01,SUI,SP500
2023-09-01,SWKS,SP500
2023-09-01,SYK,SP500
2023-09-01,TDG,SP500
2023-09-01,TDY,SP500
2023-09-01,TEAM,SP500
2023-09-01,TER,SP500
2023-09-01,TJX,SP500
2023-09-01,TMO,SP500
2023-09-01,TMUS,SP500
2023-09-01,TOST,SP500
2023-09-01,TPL,SP500
2023-09-01,TRMB,SP500
2023-09-01,TSCO,SP500
2023-09-01,TSLA,SP500
2023-09-01,TTD,SP500
2023-09-01,TTWO,SP500
2023-09-01,TW,SP500
2023-09-01,TWLO,SP500
2023-09-01,TXN,SP500
2023-09-01,TYL,SP500
2023-09-01,U,SP500
2023-09-01,UBER,SP500
2023-09-01,UDR,SP500
2023-09-01,ULTA,SP500
2023-09-01,UNP,SP500
2023-09-01,V,SP500
2023-09-01,VEEV,SP500
2023-09-01,VMC,SP500
2023-09-01,VRSK,SP500
2023-09-01,VRSN,SP500
2023-09-01,VRTX,SP500
2023-09-01,WAT,SP500
2023-09-01,WCN,SP500
2023-09-01,WDAY,SP500
2023-09-01,WELL,SP500
2023-09-01,WMG,SP500
2023-09-01,WST,SP500
2023-09-01,YUM,SP500
2023-09-01,Z,SP500
2023-09-01,ZBRA,SP500
2023-09-01,ZG,SP500
2023-09-01,ZI,SP500
2023-09-01,ZM,SP500
2023-09-01,ZS,SP500
2023-09-01,ZTS,SP500
2023-10-17,A,SP500
2023-10-17,AAPL,SP500
2023-10-17,ABNB,SP500
2023-10-17,ACN,SP500
2023-10-17,ADBE,SP500
2023-10-17,ADP,SP500
2023-10-17,ADSK,SP500
2023-10-17,ALB,SP500
2023-10-17,ALGN,SP500
2023-10-17,ALNY,SP500
2023-10-17,AMAT,SP500
2023-10-17,AMD,SP500
2023-10-17,AMT,SP500
2023-10-17,AMZN,SP500
2023-10-17,ANET,SP500
2023-10-17,ANSS,SP500
2023-10-17,AON,SP500
2023-10-17,APH,SP500
2023-10-17,APO,SP500
2023-10-17,APTV,SP500
2023-10-17,ARES,SP500
2023-10-17,AVTR,SP500
2023-10-17,AZO,SP500
2023-10-17,BA,SP500
2023-10-17,BF.A,SP500
2023-10-17,BF.B,SP500
2023-10-17,BILL,SP500
2023-10-17,BIO,SP500
2023-10-17,BKNG,SP500
2023-10-17,BKR,SP500
2023-10-17,BMRN,SP500
2023-10-17,BR,SP500
2023-10-17,BRO,SP500
2023-10-17,BSX,SP500
2023-10-17,BSY,SP500
2023-10-17,BURL,SP500
2023-10-17,BX,SP500
2023-10-17,CCI,SP500
2023-10-17,CDNS,SP500
2023-10-17,CHD,SP500
2023-10-17,CHTR,SP500
2023-10-17,CHWY,SP500
2023-10-17,CL,SP500
2023-10-17,CMG,SP500
2023-10-17,COIN,SP500
2023-10-17,COO,SP500
2023-10-17,COST,SP500
2023-10-17,CPRT,SP500
2023-10-17,CPT,SP500
2023-10-17,CRL,SP500
2023-10-17,CRM,SP500
2023-10-17,CRWD,SP500
2023-10-17,CSGP,SP500
2023-10-17,CTAS,SP500
2023-10-17,CTLT,SP500
2023-10-17,CTRA,SP500
2023-10-17,CZR,SP500
2023-10-17,DASH,SP500
2023-10-17,DDOG,SP500
2023-10-17,DG,SP500
2023-10-17,DHR,SP500
2023-10-17,DIS,SP500
2023-10-17,DOCU,SP500
2023-10-17,DPZ,SP500
2023-10-17,DXCM,SP500
2023-10-17,EA,SP500
2023-10-17,ECL,SP500
2023-10-17,EDR,SP500
2023-10-17,EFX,SP500
2023-10-17,EL,SP500
2023-10-17,ENPH,SP500
2023-10-17,EPAM,SP500
2023-10-17,EQIX,SP500
2023-10-17,EQT,SP500
2023-10-17,ETSY,SP500
2023-10-17,EW,SP500
2023-10-17,EXPE,SP500
2023-10-17,FANG,SP500
2023-10-17,FAST,SP500
2023-10-17,FDS,SP500
2023-10-17,FI,SP500
2023-10-17,FSLR,SP500
2023-10-17,FTNT,SP500
2023-10-17,GDDY,SP500
2023-10-17,GOOG,SP500
2023-10-17,GOOGL,SP500
2023-10-17,GWW,SP500
2023-10-17,HAL,SP500
2023-10-17,HD,SP500
2023-10-17,HEI,SP500
2023-10-17,HEI.A,SP500
2023-10-17,HES,SP500
2023-10-17,HLT,SP500
2023-10-17,HSY,SP500
2023-10-17,HUBS,SP500
2023-10-17,IBKR,SP500
2023-10-17,IDXX,SP500
2023-10-17,ILMN,SP500
2023-10-17,INCY,SP500
2023-10-17,INTU,SP500
2023-10-17,INVH,SP500
2023-10-17,IQV,SP500
2023-10-17,ISRG,SP500
2023-10-17,IT,SP500
2023-10-17,JBHT,SP500
2023-10-17,JKHY,SP500
2023-10-17,KEYS,SP500
2023-10-17,KLAC,SP500
2023-10-17,LBRDA,SP500
2023-10-17,LBRDK,SP500
2023-10-17,LIN,SP500
2023-10-17,LLY,SP500
2023-10-17,LNG,SP500
2023-10-17,LOW,SP500
2023-10-17,LPLA,SP500
2023-10-17,LRCX,SP500
2023-10-17,LULU,SP500
2023-10-17,LVS,SP500
2023-10-17,LW,SP500
2023-10-17,LYV,SP500
2023-10-17,MA,SP500
2023-10-17,MAR,SP500
2023-10-17,MCD,SP500
2023-10-17,MCHP,SP500
2023-10-17,MCO,SP500
2023-10-17,MDB,SP500
2023-10-17,META,SP500
2023-10-17,MGM,SP500
2023-10-17,MKTX,SP500
2023-10-17,MLM,SP500
2023-10-17,MNST,SP500
2023-10-17,MPWR,SP500
2023-10-17,MRNA,SP500
2023-10-17,MRO,SP500
2023-10-17,MRVL,SP500
2023-10-17,MSCI,SP500
2023-10-17,MSFT,SP500
2023-10-17,MSI,SP500
2023-10-17,MTCH,SP500
2023-10-17,MTD,SP500
2023-10-17,MTN,SP500
2023-10-17,NET,SP500
2023-10-17,NFLX,SP500
2023-10-17,NKE,SP500
2023-10-17,NOW,SP500
2023-10-17,NVDA,SP500
2023-10-17,O,SP500
2023-10-17,ODFL,SP500
2023-10-17,OKTA,SP500
2023-10-17,ON,SP500
2023-10-17,ORLY,SP500
2023-10-17,PANW,SP500
2023-10-17,PAYC,SP500
2023-10-17,PAYX,SP500
2023-10-17,PINS,SP500
2023-10-17,PLTR,SP500
2023-10-17,PLUG,SP500
2023-10-17,PODD,SP500
2023-10-17,POOL,SP500
2023-10-17,PSA,SP500
2023-10-17,PWR,SP500
2023-10-17,PXD,SP500
2023-10-17,PYPL,SP500
2023-10-17,QCOM,SP500
2023-10-17,RBLX,SP500
2023-10-17,RCL,SP500
2023-10-17,REGN,SP500
2023-10-17,RMD,SP500
2023-10-17,ROK,SP500
2023-10-17,ROKU,SP500
2023-10-17,ROL,SP500
2023-10-17,ROST,SP500
2023-10-17,SBAC,SP500
2023-10-17,SBUX,SP500
2023-10-17,SGEN,SP500
2023-10-17,SHW,SP500
2023-10-17,SLB,SP500
2023-10-17,SNAP,SP500
2023-10-17,SNOW,SP500
2023-10-17,SNPS,SP500
2023-10-17,SPGI,SP500
2023-10-17,SPLK,SP500
2023-10-17,SQ,SP500
2023-10-17,STE,SP500
2023-10-17,SUI,SP500
2023-10-17,SWKS,SP500
2023-10-17,SYK,SP500
2023-10-17,TDG,SP500
2023-10-17,TDY,SP500
2023-10-17,TEAM,SP500
2023-10-17,TER,SP500
2023-10-17,TJX,SP500
2023-10-17,TMO,SP500
2023-10-17,TMUS,SP500
2023-10-17,TOST,SP500
2023-10-17,TPL,SP500
2023-10-17,TRMB,SP500
2023-10-17,TSCO,SP500
2023-10-17,TSLA,SP500
2023-10-17,TTD,SP500
2023-10-17,TTWO,SP500
2023-10-17,TW,SP500
2023-10-17,TWLO,SP500
2023-10-17,TXN,SP500
2023-10-17,TYL,SP500
2023-10-17,U,SP500
2023-10-17,UBER,SP500
2023-10-17,UDR,SP500
2023-10-17,ULTA,SP500
2023-10-17,UNP,SP500
2023-10-17,V,SP500
2023-10-17,VEEV,SP500
2023-10-17,VMC,SP500
2023-10-17,VRSK,SP500
2023-10-17,VRSN,SP500
2023-10-17,VRTX,SP500
2023-10-17,WAT,SP500
2023-10-17,WCN,SP500
2023-10-17,WDAY,SP500
2023-10-17,WELL,SP500
2023-10-17,WMG,SP500
2023-10-17,WST,SP500
2023-10-17,YUM,SP500
2023-10-17,Z,SP500
2023-10-17,ZBRA,SP500
2023-10-17,ZG,SP500
2023-10-17,ZI,SP500
2023-10-17,ZM,SP500
2023-10-17,ZS,SP500
2023-10-17,ZTS,SP500
2023-11-01,A,SP500
2023-11-01,AAPL,SP500
2023-11-01,ABNB,SP500
2023-11-01,ACN,SP500
2023-11-01,ADBE,SP500
2023-11-01,ADP,SP500
2023-11-01,ADSK,SP500
2023-11-01,ALB,SP500
2023-11-01,ALGN,SP500
2023-11-01,ALNY,SP500
2023-11-01,AMAT,SP500
2023-11-01,AMD,SP500
2023-11-01,AMT,SP500
2023-11-01,AMZN,SP500
2023-11-01,ANET,SP500
2023-11-01,ANSS,SP500
2023-11-01,AON,SP500
2023-11-01,APH,SP500
2023-11-01,APO,SP500
2023-11-01,APTV,SP500
2023-11-01,ARES,SP500
2023-11-01,AZO,SP500
2023-11-01,BA,SP500
2023-11-01,BF.A,SP500
2023-11-01,BF.B,SP500
2023-11-01,BILL,SP500
2023-11-01,BIO,SP500
2023-11-01,BKNG,SP500
2023-11-01,BKR,SP500
2023-11-01,BMRN,SP500
2023-11-01,BR,SP500
2023-11-01,BRO,SP500
2023-11-01,BSX,SP500
2023-11-01,BSY,SP500
2023-11-01,BURL,SP500
2023-11-01,BX,SP500
2023-11-01,CDNS,SP500
2023-11-01,CHD,SP500
2023-11-01,CHTR,SP500
2023-11-01,CHWY,SP500
2023-11-01,CL,SP500
2023-11-01,CMG,SP500
2023-11-01,COIN,SP500
2023-11-01,COO,SP500
2023-11-01,COST,SP500
2023-11-01,CPRT,SP500
2023-11-01,CPT,SP500
2023-11-01,CRM,SP500
2023-11-01,CRWD,SP500
2023-11-01,CSGP,SP500
2023-11-01,CTAS,SP500
2023-11-01,CTRA,SP500
2023-11-01,CZR,SP500
2023-11-01,DASH,SP500
2023-11-01,DDOG,SP500
2023-11-01,DG,SP500
2023-11-01,DHR,SP500
2023-11-01,DIS,SP500
2023-11-01,DOCU,SP500
2023-11-01,DPZ,SP500
2023-11-01,DXCM,SP500
2023-11-01,EA,SP500
2023-11-01,ECL,SP500
2023-11-01,EFX,SP500
2023-11-01,EL,SP500
2023-11-01,ENPH,SP500
2023-11-01,EPAM,SP500
2023-11-01,EQIX,SP500
2023-11-01,EQT,SP500
2023-11-01,ETSY,SP500
2023-11-01,EW,SP500
2023-11-01,EXPE,SP500
2023-11-01,FANG,SP500
2023-11-01,FAST,SP500
2023-11-01,FDS,SP500
2023-11-01,FI,SP500
2023-11-01,FICO,SP500
2023-11-01,FSLR,SP500
2023-11-01,FTNT,SP500
2023-11-01,GDDY,SP500
2023-11-01,GOOG,SP500
2023-11-01,GOOGL,SP500
2023-11-01,GWW,SP500
2023-11-01,HAL,SP500
2023-11-01,HD,SP500
2023-11-01,HEI,SP500
2023-11-01,HEI.A,SP500
2023-11-01,HES,SP500
2023-11-01,HLT,SP500
2023-11-01,HSY,SP500
2023-11-01,HUBS,SP500
2023-11-01,IBKR,SP500
2023-11-01,IDXX,SP500
2023-11-01,ILMN,SP500
2023-11-01,INCY,SP500
2023-11-01,INTU,SP500
2023-11-01,INVH,SP500
2023-11-01,IQV,SP500
2023-11-01,ISRG,SP500
2023-11-01,IT,SP500
2023-11-01,JBHT,SP500
2023-11-01,JKHY,SP500
2023-11-01,KEYS,SP500
2023-11-01,KLAC,SP500
2023-11-01,LBRDA,SP500
2023-11-01,LBRDK,SP500
2023-11-01,LIN,SP500
2023-11-01,LLY,SP500
2023-11-01,LNG,SP500
2023-11-01,LPLA,SP500
2023-11-01,LRCX,SP500
2023-11-01,LULU,SP500
2023-11-01,LVS,SP500
2023-11-01,LW,SP500
2023-11-01,LYV,SP500
2023-11-01,MA,SP500
2023-11-01,MAR,SP500
2023-11-01,MCD,SP500
2023-11-01,MCHP,SP500
2023-11-01,MCO,SP500
2023-11-01,MDB,SP500
2023-11-01,META,SP500
2023-11-01,MKTX,SP500
2023-11-01,MLM,SP500
2023-11-01,MNST,SP500
2023-11-01,MPWR,SP500
2023-11-01,MRNA,SP500
2023-11-01,MRVL,SP500
2023-11-01,MSCI,SP500
2023-11-01,MSFT,SP500
2023-11-01,MSI,SP500
2023-11-01,MTCH,SP500
2023-11-01,MTD,SP500
2023-11-01,NET,SP500
2023-11-01,NFLX,SP500
2023-11-01,NKE,SP500
2023-11-01,NOW,SP500
2023-11-01,NVDA,SP500
2023-11-01,O,SP500
2023-11-01,ODFL,SP500
2023-11-01,OKTA,SP500
2023-11-01,ON,SP500
2023-11-01,ORLY,SP500
2023-11-01,PANW,SP500
2023-11-01,PAYC,SP500
2023-11-01,PAYX,SP500
2023-11-01,PINS,SP500
2023-11-01,PLTR,SP500
2023-11-01,PODD,SP500
2023-11-01,POOL,SP500
2023-11-01,PSA,SP500
2023-11-01,PWR,SP500
2023-11-01,PXD,SP500
2023-11-01,PYPL,SP500
2023-11-01,RBLX,SP500
2023-11-01,RCL,SP500
2023-11-01,REGN,SP500
2023-11-01,RMD,SP500
2023-11-01,ROK,SP500
2023-11-01,ROKU,SP500
2023-11-01,ROL,SP500
2023-11-01,ROP,SP500
2023-11-01,ROST,SP500
2023-11-01,SBAC,SP500
2023-11-01,SBUX,SP500
2023-11-01,SGEN,SP500
2023-11-01,SHW,SP500
2023-11-01,SLB,SP500
2023-11-01,SNAP,SP500
2023-11-01,SNOW,SP500
2023-11-01,SNPS,SP500
2023-11-01,SPGI,SP500
2023-11-01,SPLK,SP500
2023-11-01,SQ,SP500
2023-11-01,STE,SP500
2023-11-01,STX,SP500
2023-11-01,SUI,SP500
2023-11-01,SWKS,SP500
2023-11-01,SYK,SP500
2023-11-01,SYM,SP500
2023-11-01,TDG,SP500
2023-11-01,TDY,SP500
2023-11-01,TEAM,SP500
2023-11-01,TER,SP500
2023-11-01,TJX,SP500
2023-11-01,TMO,SP500
2023-11-01,TMUS,SP500
2023-11-01,TOST,SP500
2023-11-01,TPL,SP500
2023-11-01,TSCO,SP500
2023-11-01,TSLA,SP500
2023-11-01,TTD,SP500
2023-11-01,TTWO,SP500
2023-11-01,TW,SP500
2023-11-01,TWLO,SP500
2023-11-01,TXN,SP500
2023-11-01,TYL,SP500
2023-11-01,U,SP500
2023-11-01,UBER,SP500
2023-11-01,ULTA,SP500
2023-11-01,V,SP500
2023-11-01,VEEV,SP500
2023-11-01,VMC,SP500
2023-11-01,VRSK,SP500
2023-11-01,VRSN,SP500
2023-11-01,VRTX,SP500
2023-11-01,WAT,SP500
2023-11-01,WCN,SP500
2023-11-01,WDAY,SP500
2023-11-01,WELL,SP500
2023-11-01,WMG,SP500
2023-11-01,WST,SP500
2023-11-01,YUM,SP500
2023-11-01,Z,SP500
2023-11-01,ZG,SP500
2023-11-01,ZI,SP500
2023-11-01,ZM,SP500
2023-11-01,ZS,SP500
2023-11-01,ZTS,SP500
2023-12-01,A,SP500
2023-12-01,AAPL,SP500
2023-12-01,ABNB,SP500
2023-12-01,ACN,SP500
2023-12-01,ADBE,SP500
2023-12-01,ADP,SP500
2023-12-01,ADSK,SP500
2023-12-01,ALB,SP500
2023-12-01,ALGN,SP500
2023-12-01,ALNY,SP500
2023-12-01,AMAT,SP500
2023-12-01,AMD,SP500
2023-12-01,AMT,SP500
2023-12-01,AMZN,SP500
2023-12-01,ANET,SP500
2023-12-01,ANSS,SP500
2023-12-01,AON,SP500
2023-12-01,APH,SP500
2023-12-01,APO,SP500
2023-12-01,APTV,SP500
2023-12-01,ARES,SP500
2023-12-01,AZO,SP500
2023-12-01,BA,SP500
2023-12-01,BF.A,SP500
2023-12-01,BF.B,SP500
2023-12-01,BILL,SP500
2023-12-01,BIO,SP500
2023-12-01,BKNG,SP500
2023-12-01,BKR,SP500
2023-12-01,BMRN,SP500
2023-12-01,BR,SP500
2023-12-01,BRO,SP500
2023-12-01,BSX,SP500
2023-12-01,BSY,SP500
2023-12-01,BURL,SP500
2023-12-01,BX,SP500
2023-12-01,CDNS,SP500
2023-12-01,CHD,SP500
2023-12-01,CHTR,SP500
2023-12-01,CHWY,SP500
2023-12-01,CL,SP500
2023-12-01,CMG,SP500
2023-12-01,COIN,SP500
2023-12-01,COO,SP500
2023-12-01,COST,SP500
2023-12-01,CPRT,SP500
2023-12-01,CPT,SP500
2023-12-01,CRM,SP500
2023-12-01,CRWD,SP500
2023-12-01,CSGP,SP500
2023-12-01,CTAS,SP500
2023-12-01,CTRA,SP500
2023-12-01,CZR,SP500
2023-12-01,DASH,SP500
2023-12-01,DDOG,SP500
2023-12-01,DG,SP500
2023-12-01,DHR,SP500
2023-12-01,DIS,SP500
2023-12-01,DOCU,SP500
2023-12-01,DPZ,SP500
2023-12-01,DXCM,SP500
2023-12-01,EA,SP500
2023-12-01,ECL,SP500
2023-12-01,EFX,SP500
2023-12-01,EL,SP500
2023-12-01,ENPH,SP500
2023-12-01,EPAM,SP500
2023-12-01,EQIX,SP500
2023-12-01,EQT,SP500
2023-12-01,ETSY,SP500
2023-12-01,EW,SP500
2023-12-01,EXPE,SP500
2023-12-01,FANG,SP500
2023-12-01,FAST,SP500
2023-12-01,FDS,SP500
2023-12-01,FI,SP500
2023-12-01,FICO,SP500
2023-12-01,FSLR,SP500
2023-12-01,FTNT,SP500
2023-12-01,GDDY,SP500
2023-12-01,GOOG,SP500
2023-12-01,GOOGL,SP500
2023-12-01,GWW,SP500
2023-12-01,HAL,SP500
2023-12-01,HD,SP500
2023-12-01,HEI,SP500
2023-12-01,HEI.A,SP500
2023-12-01,HES,SP500
2023-12-01,HLT,SP500
2023-12-01,HSY,SP500
2023-12-01,HUBS,SP500
2023-12-01,IBKR,SP500
2023-12-01,IDXX,SP500
2023-12-01,ILMN,SP500
2023-12-01,INCY,SP500
2023-12-01,INTU,SP500
2023-12-01,INVH,SP500
2023-12-01,IQV,SP500
2023-12-01,ISRG,SP500
2023-12-01,IT,SP500
2023-12-01,JBHT,SP500
2023-12-01,JKHY,SP500
2023-12-01,KEYS,SP500
2023-12-01,KLAC,SP500
2023-12-01,LBRDA,SP500
2023-12-01,LBRDK,SP500
2023-12-01,LIN,SP500
2023-12-01,LLY,SP500
2023-12-01,LNG,SP500
2023-12-01,LPLA,SP500
2023-12-01,LRCX,SP500
2023-12-01,LULU,SP500
2023-12-01,LVS,SP500
2023-12-01,LW,SP500
2023-12-01,LYV,SP500
2023-12-01,MA,SP500
2023-12-01,MAR,SP500
2023-12-01,MCD,SP500
2023-12-01,MCHP,SP500
2023-12-01,MCO,SP500
2023-12-01,MDB,SP500
2023-12-01,META,SP500
2023-12-01,MKTX,SP500
2023-12-01,MLM,SP500
2023-12-01,MNST,SP500
2023-12-01,MPWR,SP500
2023-12-01,MRNA,SP500
2023-12-01,MRVL,SP500
2023-12-01,MSCI,SP500
2023-12-01,MSFT,SP500
2023-12-01,MSI,SP500
2023-12-01,MTCH,SP500
2023-12-01,MTD,SP500
2023-12-01,NET,SP500
2023-12-01,NFLX,SP500
2023-12-01,NKE,SP500
2023-12-01,NOW,SP500
2023-12-01,NVDA,SP500
2023-12-01,O,SP500
2023-12-01,ODFL,SP500
2023-12-01,OKTA,SP500
2023-12-01,ON,SP500
2023-12-01,ORLY,SP500
2023-12-01,PANW,SP500
2023-12-01,PAYC,SP500
2023-12-01,PAYX,SP500
2023-12-01,PINS,SP500
2023-12-01,PLTR,SP500
2023-12-01,PODD,SP500
2023-12-01,POOL,SP500
2023-12-01,PSA,SP500
2023-12-01,PWR,SP500
2023-12-01,PXD,SP500
2023-12-01,PYPL,SP500
2023-12-01,RBLX,SP500
2023-12-01,RCL,SP500
2023-12-01,REGN,SP500
2023-12-01,RMD,SP500
2023-12-01,ROK,SP500
2023-12-01,ROKU,SP500
2023-12-01,ROL,SP500
2023-12-01,ROP,SP500
2023-12-01,ROST,SP500
2023-12-01,SBAC,SP500
2023-12-01,SBUX,SP500
2023-12-01,SGEN,SP500
2023-12-01,SHW,SP500
2023-12-01,SLB,SP500
2023-12-01,SNAP,SP500
2023-12-01,SNOW,SP500
2023-12-01,SNPS,SP500
2023-12-01,SPGI,SP500
2023-12-01,SPLK,SP500
2023-12-01,SQ,SP500
2023-12-01,STE,SP500
2023-12-01,STX,SP500
2023-12-01,SUI,SP500
2023-12-01,SWKS,SP500
2023-12-01,SYK,SP500
2023-12-01,SYM,SP500
2023-12-01,TDG,SP500
2023-12-01,TDY,SP500
2023-12-01,TEAM,SP500
2023-12-01,TER,SP500
2023-12-01,TJX,SP500
2023-12-01,TMO,SP500
2023-12-01,TMUS,SP500
2023-12-01,TOST,SP500
2023-12-01,TPL,SP500
2023-12-01,TSCO,SP500
2023-12-01,TSLA,SP500
2023-12-01,TTD,SP500
2023-12-01,TTWO,SP500
2023-12-01,TW,SP500
2023-12-01,TWLO,SP500
2023-12-01,TXN,SP500
2023-12-01,TYL,SP500
2023-12-01,U,SP500
2023-12-01,UBER,SP500
2023-12-01,ULTA,SP500
2023-12-01,V,SP500
2023-12-01,VEEV,SP500
2023-12-01,VLTO,SP500
2023-12-01,VMC,SP500
2023-12-01,VRSK,SP500
2023-12-01,VRSN,SP500
2023-12-01,VRTX,SP500
2023-12-01,WAT,SP500
2023-12-01,WCN,SP500
2023-12-01,WDAY,SP500
2023-12-01,WELL,SP500
2023-12-01,WMG,SP500
2023-12-01,WST,SP500
2023-12-01,YUM,SP500
2023-12-01,Z,SP500
2023-12-01,ZG,SP500
2023-12-01,ZI,SP500
2023-12-01,ZM,SP500
2023-12-01,ZS,SP500
2023-12-01,ZTS,SP500
2024-01-03,A,SP500
2024-01-03,AAPL,SP500
2024-01-03,ABNB,SP500
2024-01-03,ACN,SP500
2024-01-03,ADBE,SP500
2024-01-03,ADP,SP500
2024-01-03,ADSK,SP500
2024-01-03,ALB,SP500
2024-01-03,ALGN,SP500
2024-01-03,ALNY,SP500
2024-01-03,AMAT,SP500
2024-01-03,AMD,SP500
2024-01-03,AMT,SP500
2024-01-03,AMZN,SP500
2024-01-03,ANET,SP500
2024-01-03,ANSS,SP500
2024-01-03,AON,SP500
2024-01-03,APH,SP500
2024-01-03,APO,SP500
2024-01-03,APTV,SP500
2024-01-03,ARES,SP500
2024-01-03,AZO,SP500
2024-01-03,BA,SP500
2024-01-03,BF.A,SP500
2024-01-03,BF.B,SP500
2024-01-03,BILL,SP500
2024-01-03,BIO,SP500
2024-01-03,BKNG,SP500
2024-01-03,BKR,SP500
2024-01-03,BMRN,SP500
2024-01-03,BR,SP500
2024-01-03,BRO,SP500
2024-01-03,BSX,SP500
2024-01-03,BSY,SP500
2024-01-03,BURL,SP500
2024-01-03,BX,SP500
2024-01-03,CDNS,SP500
2024-01-03,CHD,SP500
2024-01-03,CHTR,SP500
2024-01-03,CHWY,SP500
2024-01-03,CL,SP500
2024-01-03,CMG,SP500
2024-01-03,COIN,SP500
2024-01-03,COO,SP500
2024-01-03,COST,SP500
2024-01-03,CPRT,SP500
2024-01-03,CPT,SP500
2024-01-03,CRM,SP500
2024-01-03,CRWD,SP500
2024-01-03,CSGP,SP500
2024-01-03,CTAS,SP500
2024-01-03,CTRA,SP500
2024-01-03,CZR,SP500
2024-01-03,DASH,SP500
2024-01-03,DDOG,SP500
2024-01-03,DG,SP500
2024-01-03,DHR,SP500
2024-01-03,DIS,SP500
2024-01-03,DOCU,SP500
2024-01-03,DPZ,SP500
2024-01-03,DXCM,SP500
2024-01-03,EA,SP500
2024-01-03,ECL,SP500
2024-01-03,EFX,SP500
2024-01-03,EL,SP500
2024-01-03,ENPH,SP500
2024-01-03,EPAM,SP500
2024-01-03,EQIX,SP500
2024-01-03,EQT,SP500
2024-01-03,ETSY,SP500
2024-01-03,EW,SP500
2024-01-03,EXPE,SP500
2024-01-03,FANG,SP500
2024-01-03,FAST,SP500
2024-01-03,FDS,SP500
2024-01-03,FI,SP500
2024-01-03,FICO,SP500
2024-01-03,FSLR,SP500
2024-01-03,FTNT,SP500
2024-01-03,GDDY,SP500
2024-01-03,GOOG,SP500
2024-01-03,GOOGL,SP500
2024-01-03,GWW,SP500
2024-01-03,HAL,SP500
2024-01-03,HD,SP500
2024-01-03,HEI,SP500
2024-01-03,HES,SP500
2024-01-03,HLT,SP500
2024-01-03,HSY,SP500
2024-01-03,HUBS,SP500
2024-01-03,IBKR,SP500
2024-01-03,IDXX,SP500
2024-01-03,ILMN,SP500
2024-01-03,INCY,SP500
2024-01-03,INTU,SP500
2024-01-03,INVH,SP500
2024-01-03,IQV,SP500
2024-01-03,ISRG,SP500
2024-01-03,IT,SP500
2024-01-03,JBHT,SP500
2024-01-03,JKHY,SP500
2024-01-03,KEYS,SP500
2024-01-03,KLAC,SP500
2024-01-03,LBRDK,SP500
2024-01-03,LIN,SP500
2024-01-03,LLY,SP500
2024-01-03,LNG,SP500
2024-01-03,LPLA,SP500
2024-01-03,LRCX,SP500
2024-01-03,LULU,SP500
2024-01-03,LVS,SP500
2024-01-03,LW,SP500
2024-01-03,LYV,SP500
2024-01-03,MA,SP500
2024-01-03,MAR,SP500
2024-01-03,MCD,SP500
2024-01-03,MCHP,SP500
2024-01-03,MCO,SP500
2024-01-03,MDB,SP500
2024-01-03,META,SP500
2024-01-03,MKTX,SP500
2024-01-03,MLM,SP500
2024-01-03,MNST,SP500
2024-01-03,MPWR,SP500
2024-01-03,MRNA,SP500
2024-01-03,MRVL,SP500
2024-01-03,MSCI,SP500
2024-01-03,MSFT,SP500
2024-01-03,MSI,SP500
2024-01-03,MTCH,SP500
2024-01-03,MTD,SP500
2024-01-03,NET,SP500
2024-01-03,NFLX,SP500
2024-01-03,NKE,SP500
2024-01-03,NOW,SP500
2024-01-03,NVDA,SP500
2024-01-03,O,SP500
2024-01-03,ODFL,SP500
2024-01-03,OKTA,SP500
2024-01-03,ON,SP500
2024-01-03,ORLY,SP500
2024-01-03,PANW,SP500
2024-01-03,PAYC,SP500
2024-01-03,PAYX,SP500
2024-01-03,PINS,SP500
2024-01-03,PLTR,SP500
2024-01-03,PODD,SP500
2024-01-03,POOL,SP500
2024-01-03,PSA,SP500
2024-01-03,PWR,SP500
2024-01-03,PXD,SP500
2024-01-03,PYPL,SP500
2024-01-03,RBLX,SP500
2024-01-03,RCL,SP500
2024-01-03,REGN,SP500
2024-01-03,RMD,SP500
2024-01-03,ROK,SP500
2024-01-03,ROKU,SP500
2024-01-03,ROL,SP500
2024-01-03,ROP,SP500
2024-01-03,ROST,SP500
2024-01-03,SBAC,SP500
2024-01-03,SBUX,SP500
2024-01-03,SHW,SP500
2024-01-03,SLB,SP500
2024-01-03,SNAP,SP500
2024-01-03,SNOW,SP500
2024-01-03,SNPS,SP500
2024-01-03,SPGI,SP500
2024-01-03,SPLK,SP500
2024-01-03,SQ,SP500
2024-01-03,STE,SP500
2024-01-03,STX,SP500
2024-01-03,SUI,SP500
2024-01-03,SWKS,SP500
2024-01-03,SYK,SP500
2024-01-03,SYM,SP500
2024-01-03,TDG,SP500
2024-01-03,TDY,SP500
2024-01-03,TEAM,SP500
2024-01-03,TER,SP500
2024-01-03,TJX,SP500
2024-01-03,TMO,SP500
2024-01-03,TMUS,SP500
2024-01-03,TOST,SP500
2024-01-03,TPL,SP500
2024-01-03,TSCO,SP500
2024-01-03,TSLA,SP500
2024-01-03,TTD,SP500
2024-01-03,TTWO,SP500
2024-01-03,TW,SP500
2024-01-03,TWLO,SP500
2024-01-03,TXN,SP500
2024-01-03,TYL,SP500
2024-01-03,U,SP500
2024-01-03,UBER,SP500
2024-01-03,ULTA,SP500
2024-01-03,V,SP500
2024-01-03,VEEV,SP500
2024-01-03,VLTO,SP500
2024-01-03,VMC,SP500
2024-01-03,VRSK,SP500
2024-01-03,VRSN,SP500
2024-01-03,VRTX,SP500
2024-01-03,WAT,SP500
2024-01-03,WCN,SP500
2024-01-03,WDAY,SP500
2024-01-03,WELL,SP500
2024-01-03,WMG,SP500
2024-01-03,WST,SP500
2024-01-03,YUM,SP500
2024-01-03,Z,SP500
2024-01-03,ZI,SP500
2024-01-03,ZM,SP500
2024-01-03,ZS,SP500
2024-01-03,ZTS,SP500
2024-02-01,A,SP500
2024-02-01,AAPL,SP500
2024-02-01,ABNB,SP500
2024-02-01,ACN,SP500
2024-02-01,ADBE,SP500
2024-02-01,ADP,SP500
2024-02-01,ADSK,SP500
2024-02-01,ALB,SP500
2024-02-01,ALGN,SP500
2024-02-01,ALNY,SP500
2024-02-01,AMAT,SP500
2024-02-01,AMD,SP500
2024-02-01,AMT,SP500
2024-02-01,AMZN,SP500
2024-02-01,ANET,SP500
2024-02-01,ANSS,SP500
2024-02-01,AON,SP500
2024-02-01,APH,SP500
2024-02-01,APO,SP500
2024-02-01,APTV,SP500
2024-02-01,ARES,SP500
2024-02-01,AZO,SP500
2024-02-01,BA,SP500
2024-02-01,BF.A,SP500
2024-02-01,BF.B,SP500
2024-02-01,BILL,SP500
2024-02-01,BKNG,SP500
2024-02-01,BKR,SP500
2024-02-01,BMRN,SP500
2024-02-01,BR,SP500
2024-02-01,BRO,SP500
2024-02-01,BSX,SP500
2024-02-01,BSY,SP500
2024-02-01,BURL,SP500
2024-02-01,BX,SP500
2024-02-01,CDNS,SP500
2024-02-01,CHD,SP500
2024-02-01,CHTR,SP500
2024-02-01,CHWY,SP500
2024-02-01,CL,SP500
2024-02-01,CMG,SP500
2024-02-01,COIN,SP500
2024-02-01,COO,SP500
2024-02-01,COST,SP500
2024-02-01,CPRT,SP500
2024-02-01,CPT,SP500
2024-02-01,CRM,SP500
2024-02-01,CRWD,SP500
2024-02-01,CSGP,SP500
2024-02-01,CTAS,SP500
2024-02-01,CTRA,SP500
2024-02-01,DASH,SP500
2024-02-01,DDOG,SP500
2024-02-01,DIS,SP500
2024-02-01,DOCU,SP500
2024-02-01,DPZ,SP500
2024-02-01,DXCM,SP500
2024-02-01,ECL,SP500
2024-02-01,EFX,SP500
2024-02-01,EL,SP500
2024-02-01,ENPH,SP500
2024-02-01,EPAM,SP500
2024-02-01,EQIX,SP500
2024-02-01,EQT,SP500
2024-02-01,EW,SP500
2024-02-01,EXPE,SP500
2024-02-01,FANG,SP500
2024-02-01,FAST,SP500
2024-02-01,FDS,SP500
2024-02-01,FI,SP500
2024-02-01,FICO,SP500
2024-02-01,FSLR,SP500
2024-02-01,FTNT,SP500
2024-02-01,GDDY,SP500
2024-02-01,GOOG,SP500
2024-02-01,GOOGL,SP500
2024-02-01,GWW,SP500
2024-02-01,HAL,SP500
2024-02-01,HD,SP500
2024-02-01,HEI,SP500
2024-02-01,HES,SP500
2024-02-01,HLT,SP500
2024-02-01,HSY,SP500
2024-02-01,HUBS,SP500
2024-02-01,IBKR,SP500
2024-02-01,IDXX,SP500
2024-02-01,ILMN,SP500
2024-02-01,INCY,SP500
2024-02-01,INTU,SP500
2024-02-01,INVH,SP500
2024-02-01,IQV,SP500
2024-02-01,ISRG,SP500
2024-02-01,IT,SP500
2024-02-01,JBHT,SP500
2024-02-01,JKHY,SP500
2024-02-01,KLAC,SP500
2024-02-01,LBRDK,SP500
2024-02-01,LCID,SP500
2024-02-01,LIN,SP500
2024-02-01,LLY,SP500
2024-02-01,LNG,SP500
2024-02-01,LPLA,SP500
2024-02-01,LRCX,SP500
2024-02-01,LULU,SP500
2024-02-01,LVS,SP500
2024-02-01,LW,SP500
2024-02-01,LYV,SP500
2024-02-01,MA,SP500
2024-02-01,MAR,SP500
2024-02-01,MCD,SP500
2024-02-01,MCHP,SP500
2024-02-01,MCO,SP500
2024-02-01,MDB,SP500
2024-02-01,META,SP500
2024-02-01,MLM,SP500
2024-02-01,MNST,SP500
2024-02-01,MPWR,SP500
2024-02-01,MRNA,SP500
2024-02-01,MRVL,SP500
2024-02-01,MSCI,SP500
2024-02-01,MSFT,SP500
2024-02-01,MSI,SP500
2024-02-01,MTCH,SP500
2024-02-01,MTD,SP500
2024-02-01,NET,SP500
2024-02-01,NFLX,SP500
2024-02-01,NKE,SP500
2024-02-01,NOW,SP500
2024-02-01,NVDA,SP500
2024-02-01,O,SP500
2024-02-01,ODFL,SP500
2024-02-01,OKTA,SP500
2024-02-01,ON,SP500
2024-02-01,ORLY,SP500
2024-02-01,PANW,SP500
2024-02-01,PAYC,SP500
2024-02-01,PAYX,SP500
2024-02-01,PINS,SP500
2024-02-01,PLTR,SP500
2024-02-01,PODD,SP500
2024-02-01,POOL,SP500
2024-02-01,PSA,SP500
2024-02-01,PWR,SP500
2024-02-01,PXD,SP500
2024-02-01,RBLX,SP500
2024-02-01,RCL,SP500
2024-02-01,RMD,SP500
2024-02-01,ROK,SP500
2024-02-01,ROKU,SP500
2024-02-01,ROL,SP500
2024-02-01,ROP,SP500
2024-02-01,ROST,SP500
2024-02-01,SBAC,SP500
2024-02-01,SBUX,SP500
2024-02-01,SHW,SP500
2024-02-01,SLB,SP500
2024-02-01,SNAP,SP500
2024-02-01,SNOW,SP500
2024-02-01,SNPS,SP500
2024-02-01,SPGI,SP500
2024-02-01,SPLK,SP500
2024-02-01,SQ,SP500
2024-02-01,STE,SP500
2024-02-01,STX,SP500
2024-02-01,SUI,SP500
2024-02-01,SYK,SP500
2024-02-01,SYM,SP500
2024-02-01,TDG,SP500
2024-02-01,TDY,SP500
2024-02-01,TEAM,SP500
2024-02-01,TER,SP500
2024-02-01,TJX,SP500
2024-02-01,TMO,SP500
2024-02-01,TMUS,SP500
2024-02-01,TPL,SP500
2024-02-01,TSCO,SP500
2024-02-01,TSLA,SP500
2024-02-01,TTD,SP500
2024-02-01,TTWO,SP500
2024-02-01,TW,SP500
2024-02-01,TWLO,SP500
2024-02-01,TXN,SP500
2024-02-01,TYL,SP500
2024-02-01,U,SP500
2024-02-01,UBER,SP500
2024-02-01,ULTA,SP500
2024-02-01,V,SP500
2024-02-01,VEEV,SP500
2024-02-01,VLTO,SP500
2024-02-01,VMC,SP500
2024-02-01,VRSK,SP500
2024-02-01,VRSN,SP500
2024-02-01,VRTX,SP500
2024-02-01,WAT,SP500
2024-02-01,WCN,SP500
2024-02-01,WDAY,SP500
2024-02-01,WELL,SP500
2024-02-01,WMG,SP500
2024-02-01,WST,SP500
2024-02-01,YUM,SP500
2024-02-01,Z,SP500
2024-02-01,ZM,SP500
2024-02-01,ZS,SP500
2024-02-01,ZTS,SP500
2024-03-01,A,SP500
2024-03-01,AAPL,SP500
2024-03-01,ABNB,SP500
2024-03-01,ACN,SP500
2024-03-01,ADBE,SP500
2024-03-01,ADP,SP500
2024-03-01,ADSK,SP500
2024-03-01,ALB,SP500
2024-03-01,ALGN,SP500
2024-03-01,ALNY,SP500
2024-03-01,AMAT,SP500
2024-03-01,AMD,SP500
2024-03-01,AMT,SP500
2024-03-01,AMZN,SP500
2024-03-01,ANET,SP500
2024-03-01,ANSS,SP500
2024-03-01,AON,SP500
2024-03-01,APH,SP500
2024-03-01,APO,SP500
2024-03-01,APTV,SP500
2024-03-01,ARES,SP500
2024-03-01,AZO,SP500
2024-03-01,BA,SP500
2024-03-01,BF.A,SP500
2024-03-01,BF.B,SP500
2024-03-01,BILL,SP500
2024-03-01,BKNG,SP500
2024-03-01,BKR,SP500
2024-03-01,BMRN,SP500
2024-03-01,BR,SP500
2024-03-01,BRO,SP500
2024-03-01,BSX,SP500
2024-03-01,BSY,SP500
2024-03-01,BURL,SP500
2024-03-01,BX,SP500
2024-03-01,CDNS,SP500
2024-03-01,CHD,SP500
2024-03-01,CHTR,SP500
2024-03-01,CHWY,SP500
2024-03-01,CL,SP500
2024-03-01,CMG,SP500
2024-03-01,COIN,SP500
2024-03-01,COO,SP500
2024-03-01,COST,SP500
2024-03-01,CPRT,SP500
2024-03-01,CPT,SP500
2024-03-01,CRM,SP500
2024-03-01,CRWD,SP500
2024-03-01,CSGP,SP500
2024-03-01,CTAS,SP500
2024-03-01,CTRA,SP500
2024-03-01,DASH,SP500
2024-03-01,DDOG,SP500
2024-03-01,DIS,SP500
2024-03-01,DOCU,SP500
2024-03-01,DPZ,SP500
2024-03-01,DXCM,SP500
2024-03-01,ECL,SP500
2024-03-01,EFX,SP500
2024-03-01,EL,SP500
2024-03-01,ENPH,SP500
2024-03-01,EPAM,SP500
2024-03-01,EQIX,SP500
2024-03-01,EQT,SP500
2024-03-01,EW,SP500
2024-03-01,EXPE,SP500
2024-03-01,FANG,SP500
2024-03-01,FAST,SP500
2024-03-01,FDS,SP500
2024-03-01,FI,SP500
2024-03-01,FICO,SP500
2024-03-01,FSLR,SP500
2024-03-01,FTNT,SP500
2024-03-01,GDDY,SP500
2024-03-01,GOOG,SP500
2024-03-01,GOOGL,SP500
2024-03-01,GWW,SP500
2024-03-01,HAL,SP500
2024-03-01,HD,SP500
2024-03-01,HEI,SP500
2024-03-01,HES,SP500
2024-03-01,HLT,SP500
2024-03-01,HSY,SP500
2024-03-01,HUBS,SP500
2024-03-01,IBKR,SP500
2024-03-01,IDXX,SP500
2024-03-01,ILMN,SP500
2024-03-01,INCY,SP500
2024-03-01,INTU,SP500
2024-03-01,INVH,SP500
2024-03-01,IQV,SP500
2024-03-01,ISRG,SP500
2024-03-01,IT,SP500
2024-03-01,JBHT,SP500
2024-03-01,JKHY,SP500
2024-03-01,KLAC,SP500
2024-03-01,LBRDK,SP500
2024-03-01,LCID,SP500
2024-03-01,LIN,SP500
2024-03-01,LLY,SP500
2024-03-01,LNG,SP500
2024-03-01,LPLA,SP500
2024-03-01,LRCX,SP500
2024-03-01,LULU,SP500
2024-03-01,LVS,SP500
2024-03-01,LW,SP500
2024-03-01,LYV,SP500
2024-03-01,MA,SP500
2024-03-01,MAR,SP500
2024-03-01,MCD,SP500
2024-03-01,MCHP,SP500
2024-03-01,MCO,SP500
2024-03-01,MDB,SP500
2024-03-01,META,SP500
2024-03-01,MLM,SP500
2024-03-01,MNST,SP500
2024-03-01,MPWR,SP500
2024-03-01,MRNA,SP500
2024-03-01,MRVL,SP500
2024-03-01,MSCI,SP500
2024-03-01,MSFT,SP500
2024-03-01,MSI,SP500
2024-03-01,MTCH,SP500
2024-03-01,MTD,SP500
2024-03-01,NET,SP500
2024-03-01,NFLX,SP500
2024-03-01,NKE,SP500
2024-03-01,NOW,SP500
2024-03-01,NVDA,SP500
2024-03-01,O,SP500
2024-03-01,ODFL,SP500
2024-03-01,OKTA,SP500
2024-03-01,ON,SP500
2024-03-01,ORLY,SP500
2024-03-01,PANW,SP500
2024-03-01,PAYC,SP500
2024-03-01,PAYX,SP500
2024-03-01,PINS,SP500
2024-03-01,PLTR,SP500
2024-03-01,PODD,SP500
2024-03-01,POOL,SP500
2024-03-01,PSA,SP500
2024-03-01,PWR,SP500
2024-03-01,PXD,SP500
2024-03-01,RBLX,SP500
2024-03-01,RCL,SP500
2024-03-01,RMD,SP500
2024-03-01,ROK,SP500
2024-03-01,ROKU,SP500
2024-03-01,ROL,SP500
2024-03-01,ROP,SP500
2024-03-01,ROST,SP500
2024-03-01,SBAC,SP500
2024-03-01,SBUX,SP500
2024-03-01,SHW,SP500
2024-03-01,SLB,SP500
2024-03-01,SNAP,SP500
2024-03-01,SNOW,SP500
2024-03-01,SNPS,SP500
2024-03-01,SPGI,SP500
2024-03-01,SPLK,SP500
2024-03-01,SQ,SP500
2024-03-01,STE,SP500
2024-03-01,STX,SP500
2024-03-01,SUI,SP500
2024-03-01,SYK,SP500
2024-03-01,SYM,SP500
2024-03-01,TDG,SP500
2024-03-01,TDY,SP500
2024-03-01,TEAM,SP500
2024-03-01,TER,SP500
2024-03-01,TJX,SP500
2024-03-01,TMO,SP500
2024-03-01,TMUS,SP500
2024-03-01,TPL,SP500
2024-03-01,TSCO,SP500
2024-03-01,TSLA,SP500
2024-03-01,TTD,SP500
2024-03-01,TTWO,SP500
2024-03-01,TW,SP500
2024-03-01,TWLO,SP500
2024-03-01,TXN,SP500
2024-03-01,TYL,SP500
2024-03-01,U,SP500
2024-03-01,UBER,SP500
2024-03-01,ULTA,SP500
2024-03-01,V,SP500
2024-03-01,VEEV,SP500
2024-03-01,VLTO,SP500
2024-03-01,VMC,SP500
2024-03-01,VRSK,SP500
2024-03-01,VRSN,SP500
2024-03-01,VRTX,SP500
2024-03-01,WAT,SP500
2024-03-01,WCN,SP500
2024-03-01,WDAY,SP500
2024-03-01,WELL,SP500
2024-03-01,WMG,SP500
2024-03-01,WST,SP500
2024-03-01,YUM,SP500
2024-03-01,Z,SP500
2024-03-01,ZM,SP500
2024-03-01,ZS,SP500
2024-03-01,ZTS,SP500
2024-04-02,A,SP500
2024-04-02,AAPL,SP500
2024-04-02,ABNB,SP500
2024-04-02,ACN,SP500
2024-04-02,ADBE,SP500
2024-04-02,ADP,SP500
2024-04-02,ADSK,SP500
2024-04-02,ALB,SP500
2024-04-02,ALGN,SP500
2024-04-02,ALNY,SP500
2024-04-02,AMAT,SP500
2024-04-02,AMD,SP500
2024-04-02,AMT,SP500
2024-04-02,AMZN,SP500
2024-04-02,ANET,SP500
2024-04-02,ANSS,SP500
2024-04-02,AON,SP500
2024-04-02,APH,SP500
2024-04-02,APO,SP500
2024-04-02,APTV,SP500
2024-04-02,ARES,SP500
2024-04-02,AZO,SP500
2024-04-02,BA,SP500
2024-04-02,BF.A,SP500
2024-04-02,BF.B,SP500
2024-04-02,BILL,SP500
2024-04-02,BKNG,SP500
2024-04-02,BKR,SP500
2024-04-02,BMRN,SP500
2024-04-02,BR,SP500
2024-04-02,BRO,SP500
2024-04-02,BSX,SP500
2024-04-02,BSY,SP500
2024-04-02,BURL,SP500
2024-04-02,BX,SP500
2024-04-02,CDNS,SP500
2024-04-02,CHD,SP500
2024-04-02,CHTR,SP500
2024-04-02,CHWY,SP500
2024-04-02,CL,SP500
2024-04-02,CMG,SP500
2024-04-02,COIN,SP500
2024-04-02,COO,SP500
2024-04-02,COST,SP500
2024-04-02,CPRT,SP500
2024-04-02,CPT,SP500
2024-04-02,CRM,SP500
2024-04-02,CRWD,SP500
2024-04-02,CSGP,SP500
2024-04-02,CTAS,SP500
2024-04-02,CTRA,SP500
2024-04-02,DASH,SP500
2024-04-02,DDOG,SP500
2024-04-02,DIS,SP500
2024-04-02,DOCU,SP500
2024-04-02,DPZ,SP500
2024-04-02,DXCM,SP500
2024-04-02,ECL,SP500
2024-04-02,EFX,SP500
2024-04-02,EL,SP500
2024-04-02,ENPH,SP500
2024-04-02,EPAM,SP500
2024-04-02,EQIX,SP500
2024-04-02,EQT,SP500
2024-04-02,EW,SP500
2024-04-02,EXPE,SP500
2024-04-02,FANG,SP500
2024-04-02,FAST,SP500
2024-04-02,FDS,SP500
2024-04-02,FI,SP500
2024-04-02,FICO,SP500
2024-04-02,FSLR,SP500
2024-04-02,FTNT,SP500
2024-04-02,GDDY,SP500
2024-04-02,GOOG,SP500
2024-04-02,GOOGL,SP500
2024-04-02,GWW,SP500
2024-04-02,HAL,SP500
2024-04-02,HD,SP500
2024-04-02,HEI,SP500
2024-04-02,HES,SP500
2024-04-02,HLT,SP500
2024-04-02,HSY,SP500
2024-04-02,HUBS,SP500
2024-04-02,IBKR,SP500
2024-04-02,IDXX,SP500
2024-04-02,ILMN,SP500
2024-04-02,INCY,SP500
2024-04-02,INTU,SP500
2024-04-02,INVH,SP500
2024-04-02,IQV,SP500
2024-04-02,ISRG,SP500
2024-04-02,IT,SP500
2024-04-02,JBHT,SP500
2024-04-02,JKHY,SP500
2024-04-02,KLAC,SP500
2024-04-02,LBRDK,SP500
2024-04-02,LCID,SP500
2024-04-02,LIN,SP500
2024-04-02,LLY,SP500
2024-04-02,LNG,SP500
2024-04-02,LPLA,SP500
2024-04-02,LRCX,SP500
2024-04-02,LULU,SP500
2024-04-02,LVS,SP500
2024-04-02,LW,SP500
2024-04-02,LYV,SP500
2024-04-02,MA,SP500
2024-04-02,MAR,SP500
2024-04-02,MCD,SP500
2024-04-02,MCHP,SP500
2024-04-02,MCO,SP500
2024-04-02,MDB,SP500
2024-04-02,META,SP500
2024-04-02,MLM,SP500
2024-04-02,MNST,SP500
2024-04-02,MPWR,SP500
2024-04-02,MRNA,SP500
2024-04-02,MRVL,SP500
2024-04-02,MSCI,SP500
2024-04-02,MSFT,SP500
2024-04-02,MSI,SP500
2024-04-02,MTCH,SP500
2024-04-02,MTD,SP500
2024-04-02,NET,SP500
2024-04-02,NFLX,SP500
2024-04-02,NKE,SP500
2024-04-02,NOW,SP500
2024-04-02,NVDA,SP500
2024-04-02,O,SP500
2024-04-02,ODFL,SP500
2024-04-02,OKTA,SP500
2024-04-02,ON,SP500
2024-04-02,ORLY,SP500
2024-04-02,PANW,SP500
2024-04-02,PAYC,SP500
2024-04-02,PAYX,SP500
2024-04-02,PINS,SP500
2024-04-02,PLTR,SP500
2024-04-02,PODD,SP500
2024-04-02,POOL,SP500
2024-04-02,PSA,SP500
2024-04-02,PWR,SP500
2024-04-02,PXD,SP500
2024-04-02,RBLX,SP500
2024-04-02,RCL,SP500
2024-04-02,RMD,SP500
2024-04-02,ROK,SP500
2024-04-02,ROKU,SP500
2024-04-02,ROL,SP500
2024-04-02,ROP,SP500
2024-04-02,ROST,SP500
2024-04-02,SBAC,SP500
2024-04-02,SBUX,SP500
2024-04-02,SHW,SP500
2024-04-02,SLB,SP500
2024-04-02,SNAP,SP500
2024-04-02,SNOW,SP500
2024-04-02,SNPS,SP500
2024-04-02,SPGI,SP500
2024-04-02,SQ,SP500
2024-04-02,STE,SP500
2024-04-02,STX,SP500
2024-04-02,SUI,SP500
2024-04-02,SYK,SP500
2024-04-02,SYM,SP500
2024-04-02,TDG,SP500
2024-04-02,TDY,SP500
2024-04-02,TEAM,SP500
2024-04-02,TER,SP500
2024-04-02,TJX,SP500
2024-04-02,TMO,SP500
2024-04-02,TMUS,SP500
2024-04-02,TPL,SP500
2024-04-02,TSCO,SP500
2024-04-02,TSLA,SP500
2024-04-02,TTD,SP500
2024-04-02,TTWO,SP500
2024-04-02,TW,SP500
2024-04-02,TWLO,SP500
2024-04-02,TXN,SP500
2024-04-02,TYL,SP500
2024-04-02,U,SP500
2024-04-02,UBER,SP500
2024-04-02,ULTA,SP500
2024-04-02,V,SP500
2024-04-02,VEEV,SP500
2024-04-02,VLTO,SP500
2024-04-02,VMC,SP500
2024-04-02,VRSK,SP500
2024-04-02,VRSN,SP500
2024-04-02,VRTX,SP500
2024-04-02,WAT,SP500
2024-04-02,WCN,SP500
2024-04-02,WDAY,SP500
2024-04-02,WELL,SP500
2024-04-02,WMG,SP500
2024-04-02,WST,SP500
2024-04-02,YUM,SP500
2024-04-02,Z,SP500
2024-04-02,ZM,SP500
2024-04-02,ZS,SP500
2024-04-02,ZTS,SP500
2024-05-01,A,SP500
2024-05-01,AAPL,SP500
2024-05-01,ABNB,SP500
2024-05-01,ACN,SP500
2024-05-01,ADBE,SP500
2024-05-01,ADP,SP500
2024-05-01,ADSK,SP500
2024-05-01,ALB,SP500
2024-05-01,ALGN,SP500
2024-05-01,ALNY,SP500
2024-05-01,AMAT,SP500
2024-05-01,AMD,SP500
2024-05-01,AMT,SP500
2024-05-01,AMZN,SP500
2024-05-01,ANET,SP500
2024-05-01,ANSS,SP500
2024-05-01,AON,SP500
2024-05-01,APH,SP500
2024-05-01,APO,SP500
2024-05-01,APTV,SP500
2024-05-01,ARES,SP500
2024-05-01,AZO,SP500
2024-05-01,BA,SP500
2024-05-01,BKNG,SP500
2024-05-01,BKR,SP500
2024-05-01,BMRN,SP500
2024-05-01,BR,SP500
2024-05-01,BRO,SP500
2024-05-01,BSX,SP500
2024-05-01,BSY,SP500
2024-05-01,BURL,SP500
2024-05-01,BX,SP500
2024-05-01,CDNS,SP500
2024-05-01,CHD,SP500
2024-05-01,CL,SP500
2024-05-01,CMG,SP500
2024-05-01,COIN,SP500
2024-05-01,COO,SP500
2024-05-01,COST,SP500
2024-05-01,CPRT,SP500
2024-05-01,CRM,SP500
2024-05-01,CRWD,SP500
2024-05-01,CSGP,SP500
2024-05-01,CTAS,SP500
2024-05-01,CTRA,SP500
2024-05-01,DASH,SP500
2024-05-01,DDOG,SP500
2024-05-01,DIS,SP500
2024-05-01,DPZ,SP500
2024-05-01,DXCM,SP500
2024-05-01,ECL,SP500
2024-05-01,EFX,SP500
2024-05-01,EL,SP500
2024-05-01,ENPH,SP500
2024-05-01,EPAM,SP500
2024-05-01,EQIX,SP500
2024-05-01,EQT,SP500
2024-05-01,EW,SP500
2024-05-01,EXPE,SP500
2024-05-01,FANG,SP500
2024-05-01,FAST,SP500
2024-05-01,FDS,SP500
2024-05-01,FI,SP500
2024-05-01,FICO,SP500
2024-05-01,FSLR,SP500
2024-05-01,FTNT,SP500
2024-05-01,GDDY,SP500
2024-05-01,GE,SP500
2024-05-01,GOOGL,SP500
2024-05-01,GWW,SP500
2024-05-01,HAL,SP500
2024-05-01,HEI,SP500
2024-05-01,HES,SP500
2024-05-01,HLT,SP500
2024-05-01,HSY,SP500
2024-05-01,HUBS,SP500
2024-05-01,IBKR,SP500
2024-05-01,IDXX,SP500
2024-05-01,ILMN,SP500
2024-05-01,INCY,SP500
2024-05-01,INTU,SP500
2024-05-01,IQV,SP500
2024-05-01,ISRG,SP500
2024-05-01,IT,SP500
2024-05-01,JBHT,SP500
2024-05-01,JKHY,SP500
2024-05-01,KLAC,SP500
2024-05-01,LBRDK,SP500
2024-05-01,LIN,SP500
2024-05-01,LLY,SP500
2024-05-01,LNG,SP500
2024-05-01,LPLA,SP500
2024-05-01,LRCX,SP500
2024-05-01,LULU,SP500
2024-05-01,LVS,SP500
2024-05-01,LW,SP500
2024-05-01,LYV,SP500
2024-05-01,MA,SP500
2024-05-01,MAR,SP500
2024-05-01,MCD,SP500
2024-05-01,MCHP,SP500
2024-05-01,MCO,SP500
2024-05-01,MDB,SP500
2024-05-01,META,SP500
2024-05-01,MLM,SP500
2024-05-01,MNST,SP500
2024-05-01,MPWR,SP500
2024-05-01,MRNA,SP500
2024-05-01,MRVL,SP500
2024-05-01,MSCI,SP500
2024-05-01,MSFT,SP500
2024-05-01,MSI,SP500
2024-05-01,MTD,SP500
2024-05-01,NET,SP500
2024-05-01,NFLX,SP500
2024-05-01,NKE,SP500
2024-05-01,NOW,SP500
2024-05-01,NVDA,SP500
2024-05-01,O,SP500
2024-05-01,ODFL,SP500
2024-05-01,OKTA,SP500
2024-05-01,ON,SP500
2024-05-01,ORLY,SP500
2024-05-01,PANW,SP500
2024-05-01,PAYC,SP500
2024-05-01,PAYX,SP500
2024-05-01,PINS,SP500
2024-05-01,PLTR,SP500
2024-05-01,PODD,SP500
2024-05-01,PSA,SP500
2024-05-01,PWR,SP500
2024-05-01,PXD,SP500
2024-05-01,RBLX,SP500
2024-05-01,RCL,SP500
2024-05-01,RMD,SP500
2024-05-01,ROK,SP500
2024-05-01,ROL,SP500
2024-05-01,ROP,SP500
2024-05-01,ROST,SP500
2024-05-01,SBAC,SP500
2024-05-01,SBUX,SP500
2024-05-01,SHW,SP500
2024-05-01,SLB,SP500
2024-05-01,SMCI,SP500
2024-05-01,SNAP,SP500
2024-05-01,SNOW,SP500
2024-05-01,SNPS,SP500
2024-05-01,SPGI,SP500
2024-05-01,SQ,SP500
2024-05-01,STE,SP500
2024-05-01,STX,SP500
2024-05-01,SUI,SP500
2024-05-01,SYK,SP500
2024-05-01,SYM,SP500
2024-05-01,TDG,SP500
2024-05-01,TDY,SP500
2024-05-01,TEAM,SP500
2024-05-01,TER,SP500
2024-05-01,TJX,SP500
2024-05-01,TMO,SP500
2024-05-01,TMUS,SP500
2024-05-01,TPL,SP500
2024-05-01,TSCO,SP500
2024-05-01,TSLA,SP500
2024-05-01,TTD,SP500
2024-05-01,TTWO,SP500
2024-05-01,TW,SP500
2024-05-01,TWLO,SP500
2024-05-01,TXN,SP500
2024-05-01,TYL,SP500
2024-05-01,U,SP500
2024-05-01,UBER,SP500
2024-05-01,ULTA,SP500
2024-05-01,V,SP500
2024-05-01,VEEV,SP500
2024-05-01,VLTO,SP500
2024-05-01,VMC,SP500
2024-05-01,VRSK,SP500
2024-05-01,VRSN,SP500
2024-05-01,VRT,SP500
2024-05-01,VRTX,SP500
2024-05-01,WAT,SP500
2024-05-01,WCN,SP500
2024-05-01,WDAY,SP500
2024-05-01,WELL,SP500
2024-05-01,WMG,SP500
2024-05-01,WST,SP500
2024-05-01,YUM,SP500
2024-05-01,Z,SP500
2024-05-01,ZM,SP500
2024-05-01,ZS,SP500
2024-05-01,ZTS,SP500
2024-06-01,A,SP500
2024-06-01,AAPL,SP500
2024-06-01,ABNB,SP500
2024-06-01,ACN,SP500
2024-06-01,ADBE,SP500
2024-06-01,ADP,SP500
2024-06-01,ADSK,SP500
2024-06-01,ALB,SP500
2024-06-01,ALGN,SP500
2024-06-01,ALNY,SP500
2024-06-01,AMAT,SP500
2024-06-01,AMD,SP500
2024-06-01,AMT,SP500
2024-06-01,AMZN,SP500
2024-06-01,ANET,SP500
2024-06-01,ANSS,SP500
2024-06-01,AON,SP500
2024-06-01,APH,SP500
2024-06-01,APO,SP500
2024-06-01,APTV,SP500
2024-06-01,ARES,SP500
2024-06-01,AZO,SP500
2024-06-01,BA,SP500
2024-06-01,BKNG,SP500
2024-06-01,BKR,SP500
2024-06-01,BMRN,SP500
2024-06-01,BR,SP500
2024-06-01,BRO,SP500
2024-06-01,BSX,SP500
2024-06-01,BSY,SP500
2024-06-01,BURL,SP500
2024-06-01,BX,SP500
2024-06-01,CDNS,SP500
2024-06-01,CHD,SP500
2024-06-01,CL,SP500
2024-06-01,CMG,SP500
2024-06-01,COIN,SP500
2024-06-01,COO,SP500
2024-06-01,COST,SP500
2024-06-01,CPRT,SP500
2024-06-01,CRM,SP500
2024-06-01,CRWD,SP500
2024-06-01,CSGP,SP500
2024-06-01,CTAS,SP500
2024-06-01,CTRA,SP500
2024-06-01,DASH,SP500
2024-06-01,DDOG,SP500
2024-06-01,DIS,SP500
2024-06-01,DPZ,SP500
2024-06-01,DXCM,SP500
2024-06-01,ECL,SP500
2024-06-01,EFX,SP500
2024-06-01,EL,SP500
2024-06-01,ENPH,SP500
2024-06-01,EPAM,SP500
2024-06-01,EQIX,SP500
2024-06-01,EQT,SP500
2024-06-01,EW,SP500
2024-06-01,EXPE,SP500
2024-06-01,FANG,SP500
2024-06-01,FAST,SP500
2024-06-01,FDS,SP500
2024-06-01,FI,SP500
2024-06-01,FICO,SP500
2024-06-01,FSLR,SP500
2024-06-01,FTNT,SP500
2024-06-01,GDDY,SP500
2024-06-01,GE,SP500
2024-06-01,GEV,SP500
2024-06-01,GOOG,SP500
2024-06-01,GOOGL,SP500
2024-06-01,GWW,SP500
2024-06-01,HAL,SP500
2024-06-01,HEI,SP500
2024-06-01,HES,SP500
2024-06-01,HLT,SP500
2024-06-01,HSY,SP500
2024-06-01,HUBS,SP500
2024-06-01,IBKR,SP500
2024-06-01,IDXX,SP500
2024-06-01,ILMN,SP500
2024-06-01,INCY,SP500
2024-06-01,INTU,SP500
2024-06-01,IQV,SP500
2024-06-01,ISRG,SP500
2024-06-01,IT,SP500
2024-06-01,JBHT,SP500
2024-06-01,JKHY,SP500
2024-06-01,KLAC,SP500
2024-06-01,LBRDK,SP500
2024-06-01,LIN,SP500
2024-06-01,LLY,SP500
2024-06-01,LNG,SP500
2024-06-01,LPLA,SP500
2024-06-01,LRCX,SP500
2024-06-01,LULU,SP500
2024-06-01,LVS,SP500
2024-06-01,LW,SP500
2024-06-01,LYV,SP500
2024-06-01,MA,SP500
2024-06-01,MAR,SP500
2024-06-01,MCD,SP500
2024-06-01,MCHP,SP500
2024-06-01,MCO,SP500
2024-06-01,MDB,SP500
2024-06-01,META,SP500
2024-06-01,MLM,SP500
2024-06-01,MNST,SP500
2024-06-01,MPWR,SP500
2024-06-01,MRNA,SP500
2024-06-01,MRVL,SP500
2024-06-01,MSCI,SP500
2024-06-01,MSFT,SP500
2024-06-01,MSI,SP500
2024-06-01,MTD,SP500
2024-06-01,NET,SP500
2024-06-01,NFLX,SP500
2024-06-01,NKE,SP500
2024-06-01,NOW,SP500
2024-06-01,NVDA,SP500
2024-06-01,O,SP500
2024-06-01,ODFL,SP500
2024-06-01,OKTA,SP500
2024-06-01,ON,SP500
2024-06-01,ORLY,SP500
2024-06-01,PANW,SP500
2024-06-01,PAYC,SP500
2024-06-01,PAYX,SP500
2024-06-01,PINS,SP500
2024-06-01,PLTR,SP500
2024-06-01,PODD,SP500
2024-06-01,PSA,SP500
2024-06-01,PWR,SP500
2024-06-01,RBLX,SP500
2024-06-01,RCL,SP500
2024-06-01,RMD,SP500
2024-06-01,ROK,SP500
2024-06-01,ROL,SP500
2024-06-01,ROP,SP500
2024-06-01,ROST,SP500
2024-06-01,SBAC,SP500
2024-06-01,SBUX,SP500
2024-06-01,SHW,SP500
2024-06-01,SLB,SP500
2024-06-01,SMCI,SP500
2024-06-01,SNAP,SP500
2024-06-01,SNOW,SP500
2024-06-01,SNPS,SP500
2024-06-01,SPGI,SP500
2024-06-01,SQ,SP500
2024-06-01,STE,SP500
2024-06-01,STX,SP500
2024-06-01,SUI,SP500
2024-06-01,SYK,SP500
2024-06-01,SYM,SP500
2024-06-01,TDG,SP500
2024-06-01,TDY,SP500
2024-06-01,TEAM,SP500
2024-06-01,TER,SP500
2024-06-01,TJX,SP500
2024-06-01,TMO,SP500
2024-06-01,TMUS,SP500
2024-06-01,TPL,SP500
2024-06-01,TSCO,SP500
2024-06-01,TSLA,SP500
2024-06-01,TTD,SP500
2024-06-01,TTWO,SP500
2024-06-01,TW,SP500
2024-06-01,TWLO,SP500
2024-06-01,TXN,SP500
2024-06-01,TYL,SP500
2024-06-01,U,SP500
2024-06-01,UBER,SP500
2024-06-01,ULTA,SP500
2024-06-01,V,SP500
2024-06-01,VEEV,SP500
2024-06-01,VLTO,SP500
2024-06-01,VMC,SP500
2024-06-01,VRSK,SP500
2024-06-01,VRSN,SP500
2024-06-01,VRT,SP500
2024-06-01,VRTX,SP500
2024-06-01,WAT,SP500
2024-06-01,WCN,SP500
2024-06-01,WDAY,SP500
2024-06-01,WELL,SP500
2024-06-01,WMG,SP500
2024-06-01,WST,SP500
2024-06-01,YUM,SP500
2024-06-01,Z,SP500
2024-06-01,ZM,SP500
2024-06-01,ZS,SP500
2024-06-01,ZTS,SP500
2024-07-02,A,SP500
2024-07-02,AAPL,SP500
2024-07-02,ABNB,SP500
2024-07-02,ACN,SP500
2024-07-02,ADBE,SP500
2024-07-02,ADP,SP500
2024-07-02,ADSK,SP500
2024-07-02,ALB,SP500
2024-07-02,ALGN,SP500
2024-07-02,ALNY,SP500
2024-07-02,AMAT,SP500
2024-07-02,AMD,SP500
2024-07-02,AMT,SP500
2024-07-02,AMZN,SP500
2024-07-02,ANET,SP500
2024-07-02,ANSS,SP500
2024-07-02,AON,SP500
2024-07-02,APH,SP500
2024-07-02,APO,SP500
2024-07-02,APTV,SP500
2024-07-02,ARES,SP500
2024-07-02,AZO,SP500
2024-07-02,BA,SP500
2024-07-02,BKNG,SP500
2024-07-02,BKR,SP500
2024-07-02,BMRN,SP500
2024-07-02,BR,SP500
2024-07-02,BRO,SP500
2024-07-02,BSX,SP500
2024-07-02,BSY,SP500
2024-07-02,BURL,SP500
2024-07-02,BX,SP500
2024-07-02,CDNS,SP500
2024-07-02,CHD,SP500
2024-07-02,CL,SP500
2024-07-02,CMG,SP500
2024-07-02,COIN,SP500
2024-07-02,COO,SP500
2024-07-02,COST,SP500
2024-07-02,CPRT,SP500
2024-07-02,CRM,SP500
2024-07-02,CRWD,SP500
2024-07-02,CSGP,SP500
2024-07-02,CTAS,SP500
2024-07-02,CTRA,SP500
2024-07-02,DASH,SP500
2024-07-02,DDOG,SP500
2024-07-02,DIS,SP500
2024-07-02,DPZ,SP500
2024-07-02,DXCM,SP500
2024-07-02,ECL,SP500
2024-07-02,EFX,SP500
2024-07-02,EL,SP500
2024-07-02,ENPH,SP500
2024-07-02,EPAM,SP500
2024-07-02,EQIX,SP500
2024-07-02,EQT,SP500
2024-07-02,EW,SP500
2024-07-02,EXPE,SP500
2024-07-02,FANG,SP500
2024-07-02,FAST,SP500
2024-07-02,FDS,SP500
2024-07-02,FI,SP500
2024-07-02,FICO,SP500
2024-07-02,FSLR,SP500
2024-07-02,FTNT,SP500
2024-07-02,GDDY,SP500
2024-07-02,GE,SP500
2024-07-02,GEV,SP500
2024-07-02,GOOGL,SP500
2024-07-02,GWW,SP500
2024-07-02,HAL,SP500
2024-07-02,HEI,SP500
2024-07-02,HES,SP500
2024-07-02,HLT,SP500
2024-07-02,HSY,SP500
2024-07-02,HUBS,SP500
2024-07-02,IBKR,SP500
2024-07-02,IDXX,SP500
2024-07-02,ILMN,SP500
2024-07-02,INCY,SP500
2024-07-02,INTU,SP500
2024-07-02,IQV,SP500
2024-07-02,ISRG,SP500
2024-07-02,IT,SP500
2024-07-02,JBHT,SP500
2024-07-02,JKHY,SP500
2024-07-02,KLAC,SP500
2024-07-02,LBRDK,SP500
2024-07-02,LIN,SP500
2024-07-02,LLY,SP500
2024-07-02,LNG,SP500
2024-07-02,LPLA,SP500
2024-07-02,LRCX,SP500
2024-07-02,LULU,SP500
2024-07-02,LVS,SP500
2024-07-02,LW,SP500
2024-07-02,LYV,SP500
2024-07-02,MA,SP500
2024-07-02,MAR,SP500
2024-07-02,MCD,SP500
2024-07-02,MCHP,SP500
2024-07-02,MCO,SP500
2024-07-02,MDB,SP500
2024-07-02,META,SP500
2024-07-02,MLM,SP500
2024-07-02,MNST,SP500
2024-07-02,MPWR,SP500
2024-07-02,MRNA,SP500
2024-07-02,MRVL,SP500
2024-07-02,MSCI,SP500
2024-07-02,MSFT,SP500
2024-07-02,MSI,SP500
2024-07-02,MTD,SP500
2024-07-02,NET,SP500
2024-07-02,NFLX,SP500
2024-07-02,NKE,SP500
2024-07-02,NOW,SP500
2024-07-02,NVDA,SP500
2024-07-02,O,SP500
2024-07-02,ODFL,SP500
2024-07-02,OKTA,SP500
2024-07-02,ON,SP500
2024-07-02,ORLY,SP500
2024-07-02,PANW,SP500
2024-07-02,PAYC,SP500
2024-07-02,PAYX,SP500
2024-07-02,PINS,SP500
2024-07-02,PLTR,SP500
2024-07-02,PODD,SP500
2024-07-02,PSA,SP500
2024-07-02,PWR,SP500
2024-07-02,RBLX,SP500
2024-07-02,RCL,SP500
2024-07-02,RMD,SP500
2024-07-02,ROK,SP500
2024-07-02,ROL,SP500
2024-07-02,ROP,SP500
2024-07-02,ROST,SP500
2024-07-02,SBAC,SP500
2024-07-02,SBUX,SP500
2024-07-02,SHW,SP500
2024-07-02,SLB,SP500
2024-07-02,SMCI,SP500
2024-07-02,SNAP,SP500
2024-07-02,SNOW,SP500
2024-07-02,SNPS,SP500
2024-07-02,SPGI,SP500
2024-07-02,SQ,SP500
2024-07-02,STE,SP500
2024-07-02,STX,SP500
2024-07-02,SUI,SP500
2024-07-02,SYK,SP500
2024-07-02,SYM,SP500
2024-07-02,TDG,SP500
2024-07-02,TDY,SP500
2024-07-02,TEAM,SP500
2024-07-02,TER,SP500
2024-07-02,TJX,SP500
2024-07-02,TMO,SP500
2024-07-02,TMUS,SP500
2024-07-02,TPL,SP500
2024-07-02,TSCO,SP500
2024-07-02,TSLA,SP500
2024-07-02,TTD,SP500
2024-07-02,TTWO,SP500
2024-07-02,TW,SP500
2024-07-02,TWLO,SP500
2024-07-02,TXN,SP500
2024-07-02,TYL,SP500
2024-07-02,U,SP500
2024-07-02,UBER,SP500
2024-07-02,ULTA,SP500
2024-07-02,V,SP500
2024-07-02,VEEV,SP500
2024-07-02,VLTO,SP500
2024-07-02,VMC,SP500
2024-07-02,VRSK,SP500
2024-07-02,VRSN,SP500
2024-07-02,VRT,SP500
2024-07-02,VRTX,SP500
2024-07-02,WAT,SP500
2024-07-02,WCN,SP500
2024-07-02,WDAY,SP500
2024-07-02,WELL,SP500
2024-07-02,WMG,SP500
2024-07-02,WST,SP500
2024-07-02,YUM,SP500
2024-07-02,Z,SP500
2024-07-02,ZM,SP500
2024-07-02,ZS,SP500
2024-07-02,ZTS,SP500
2024-08-01,A,SP500
2024-08-01,AAPL,SP500
2024-08-01,ABNB,SP500
2024-08-01,ACN,SP500
2024-08-01,ADBE,SP500
2024-08-01,ADP,SP500
2024-08-01,ADSK,SP500
2024-08-01,ALB,SP500
2024-08-01,ALGN,SP500
2024-08-01,ALNY,SP500
2024-08-01,AMAT,SP500
2024-08-01,AMD,SP500
2024-08-01,AMT,SP500
2024-08-01,AMZN,SP500
2024-08-01,ANET,SP500
2024-08-01,ANSS,SP500
2024-08-01,AON,SP500
2024-08-01,APH,SP500
2024-08-01,APO,SP500
2024-08-01,APTV,SP500
2024-08-01,ARES,SP500
2024-08-01,AZO,SP500
2024-08-01,BA,SP500
2024-08-01,BKNG,SP500
2024-08-01,BKR,SP500
2024-08-01,BMRN,SP500
2024-08-01,BR,SP500
2024-08-01,BRO,SP500
2024-08-01,BSX,SP500
2024-08-01,BSY,SP500
2024-08-01,BURL,SP500
2024-08-01,BX,SP500
2024-08-01,CDNS,SP500
2024-08-01,CHD,SP500
2024-08-01,CL,SP500
2024-08-01,CMG,SP500
2024-08-01,COIN,SP500
2024-08-01,COO,SP500
2024-08-01,COST,SP500
2024-08-01,CPRT,SP500
2024-08-01,CRM,SP500
2024-08-01,CRWD,SP500
2024-08-01,CSGP,SP500
2024-08-01,CTAS,SP500
2024-08-01,CTRA,SP500
2024-08-01,DASH,SP500
2024-08-01,DDOG,SP500
2024-08-01,DIS,SP500
2024-08-01,DPZ,SP500
2024-08-01,DXCM,SP500
2024-08-01,ECL,SP500
2024-08-01,EFX,SP500
2024-08-01,EL,SP500
2024-08-01,ENPH,SP500
2024-08-01,EPAM,SP500
2024-08-01,EQIX,SP500
2024-08-01,EQT,SP500
2024-08-01,EW,SP500
2024-08-01,EXPE,SP500
2024-08-01,FANG,SP500
2024-08-01,FAST,SP500
2024-08-01,FDS,SP500
2024-08-01,FI,SP500
2024-08-01,FICO,SP500
2024-08-01,FSLR,SP500
2024-08-01,FTNT,SP500
2024-08-01,GDDY,SP500
2024-08-01,GE,SP500
2024-08-01,GEV,SP500
2024-08-01,GOOGL,SP500
2024-08-01,GRAL,SP500
2024-08-01,GWW,SP500
2024-08-01,HAL,SP500
2024-08-01,HEI,SP500
2024-08-01,HES,SP500
2024-08-01,HLT,SP500
2024-08-01,HSY,SP500
2024-08-01,HUBS,SP500
2024-08-01,HWM,SP500
2024-08-01,IBKR,SP500
2024-08-01,IDXX,SP500
2024-08-01,ILMN,SP500
2024-08-01,INCY,SP500
2024-08-01,INTU,SP500
2024-08-01,ISRG,SP500
2024-08-01,IT,SP500
2024-08-01,JBHT,SP500
2024-08-01,KLAC,SP500
2024-08-01,LIN,SP500
2024-08-01,LLY,SP500
2024-08-01,LNG,SP500
2024-08-01,LPLA,SP500
2024-08-01,LRCX,SP500
2024-08-01,LULU,SP500
2024-08-01,LVS,SP500
2024-08-01,LW,SP500
2024-08-01,LYV,SP500
2024-08-01,MA,SP500
2024-08-01,MAR,SP500
2024-08-01,MCD,SP500
2024-08-01,MCO,SP500
2024-08-01,MDB,SP500
2024-08-01,META,SP500
2024-08-01,MLM,SP500
2024-08-01,MNST,SP500
2024-08-01,MPWR,SP500
2024-08-01,MRNA,SP500
2024-08-01,MRVL,SP500
2024-08-01,MSCI,SP500
2024-08-01,MSFT,SP500
2024-08-01,MSI,SP500
2024-08-01,MSTR,SP500
2024-08-01,MTD,SP500
2024-08-01,NET,SP500
2024-08-01,NFLX,SP500
2024-08-01,NKE,SP500
2024-08-01,NOW,SP500
2024-08-01,NVDA,SP500
2024-08-01,O,SP500
2024-08-01,ODFL,SP500
2024-08-01,OKTA,SP500
2024-08-01,ON,SP500
2024-08-01,ORLY,SP500
2024-08-01,PANW,SP500
2024-08-01,PAYX,SP500
2024-08-01,PINS,SP500
2024-08-01,PLTR,SP500
2024-08-01,PODD,SP500
2024-08-01,PWR,SP500
2024-08-01,RBLX,SP500
2024-08-01,RCL,SP500
2024-08-01,RMD,SP500
2024-08-01,ROK,SP500
2024-08-01,ROL,SP500
2024-08-01,ROP,SP500
2024-08-01,ROST,SP500
2024-08-01,SBAC,SP500
2024-08-01,SBUX,SP500
2024-08-01,SHW,SP500
2024-08-01,SLB,SP500
2024-08-01,SMCI,SP500
2024-08-01,SNAP,SP500
2024-08-01,SNOW,SP500
2024-08-01,SNPS,SP500
2024-08-01,SPGI,SP500
2024-08-01,SQ,SP500
2024-08-01,STE,SP500
2024-08-01,STX,SP500
2024-08-01,SUI,SP500
2024-08-01,SYK,SP500
2024-08-01,SYM,SP500
2024-08-01,TDG,SP500
2024-08-01,TEAM,SP500
2024-08-01,TER,SP500
2024-08-01,TJX,SP500
2024-08-01,TMUS,SP500
2024-08-01,TPL,SP500
2024-08-01,TSCO,SP500
2024-08-01,TSLA,SP500
2024-08-01,TTD,SP500
2024-08-01,TTWO,SP500
2024-08-01,TW,SP500
2024-08-01,TXN,SP500
2024-08-01,TYL,SP500
2024-08-01,UBER,SP500
2024-08-01,ULTA,SP500
2024-08-01,V,SP500
2024-08-01,VEEV,SP500
2024-08-01,VLTO,SP500
2024-08-01,VMC,SP500
2024-08-01,VRSK,SP500
2024-08-01,VRSN,SP500
2024-08-01,VRT,SP500
2024-08-01,VRTX,SP500
2024-08-01,WAT,SP500
2024-08-01,WCN,SP500
2024-08-01,WDAY,SP500
2024-08-01,WELL,SP500
2024-08-01,WMG,SP500
2024-08-01,WST,SP500
2024-08-01,YUM,SP500
2024-08-01,ZS,SP500
2024-08-01,ZTS,SP500
2024-09-04,A,SP500
2024-09-04,AAPL,SP500
2024-09-04,ABNB,SP500
2024-09-04,ACN,SP500
2024-09-04,ADBE,SP500
2024-09-04,ADP,SP500
2024-09-04,ADSK,SP500
2024-09-04,ALB,SP500
2024-09-04,ALGN,SP500
2024-09-04,ALNY,SP500
2024-09-04,AMAT,SP500
2024-09-04,AMD,SP500
2024-09-04,AMT,SP500
2024-09-04,AMZN,SP500
2024-09-04,ANET,SP500
2024-09-04,ANSS,SP500
2024-09-04,AON,SP500
2024-09-04,APH,SP500
2024-09-04,APO,SP500
2024-09-04,APTV,SP500
2024-09-04,ARES,SP500
2024-09-04,AZO,SP500
2024-09-04,BA,SP500
2024-09-04,BKNG,SP500
2024-09-04,BKR,SP500
2024-09-04,BMRN,SP500
2024-09-04,BR,SP500
2024-09-04,BRO,SP500
2024-09-04,BSX,SP500
2024-09-04,BSY,SP500
2024-09-04,BURL,SP500
2024-09-04,BX,SP500
2024-09-04,CDNS,SP500
2024-09-04,CHD,SP500
2024-09-04,CL,SP500
2024-09-04,CMG,SP500
2024-09-04,COIN,SP500
2024-09-04,COO,SP500
2024-09-04,COST,SP500
2024-09-04,CPRT,SP500
2024-09-04,CRM,SP500
2024-09-04,CRWD,SP500
2024-09-04,CSGP,SP500
2024-09-04,CTAS,SP500
2024-09-04,CTRA,SP500
2024-09-04,DASH,SP500
2024-09-04,DDOG,SP500
2024-09-04,DIS,SP500
2024-09-04,DPZ,SP500
2024-09-04,DXCM,SP500
2024-09-04,ECL,SP500
2024-09-04,EFX,SP500
2024-09-04,EL,SP500
2024-09-04,ENPH,SP500
2024-09-04,EPAM,SP500
2024-09-04,EQIX,SP500
2024-09-04,EQT,SP500
2024-09-04,EW,SP500
2024-09-04,EXPE,SP500
2024-09-04,FANG,SP500
2024-09-04,FAST,SP500
2024-09-04,FDS,SP500
2024-09-04,FI,SP500
2024-09-04,FICO,SP500
2024-09-04,FSLR,SP500
2024-09-04,FTNT,SP500
2024-09-04,GDDY,SP500
2024-09-04,GE,SP500
2024-09-04,GEV,SP500
2024-09-04,GOOGL,SP500
2024-09-04,GWW,SP500
2024-09-04,HAL,SP500
2024-09-04,HEI,SP500
2024-09-04,HES,SP500
2024-09-04,HLT,SP500
2024-09-04,HSY,SP500
2024-09-04,HUBS,SP500
2024-09-04,HWM,SP500
2024-09-04,IBKR,SP500
2024-09-04,IDXX,SP500
2024-09-04,ILMN,SP500
2024-09-04,INCY,SP500
2024-09-04,INTU,SP500
2024-09-04,ISRG,SP500
2024-09-04,IT,SP500
2024-09-04,JBHT,SP500
2024-09-04,KLAC,SP500
2024-09-04,LIN,SP500
2024-09-04,LINE,SP500
2024-09-04,LLY,SP500
2024-09-04,LNG,SP500
2024-09-04,LPLA,SP500
2024-09-04,LRCX,SP500
2024-09-04,LULU,SP500
2024-09-04,LVS,SP500
2024-09-04,LW,SP500
2024-09-04,LYV,SP500
2024-09-04,MA,SP500
2024-09-04,MAR,SP500
2024-09-04,MCD,SP500
2024-09-04,MCO,SP500
2024-09-04,MDB,SP500
2024-09-04,META,SP500
2024-09-04,MLM,SP500
2024-09-04,MNST,SP500
2024-09-04,MPWR,SP500
2024-09-04,MRNA,SP500
2024-09-04,MRVL,SP500
2024-09-04,MSCI,SP500
2024-09-04,MSFT,SP500
2024-09-04,MSI,SP500
2024-09-04,MSTR,SP500
2024-09-04,MTD,SP500
2024-09-04,NET,SP500
2024-09-04,NFLX,SP500
2024-09-04,NKE,SP500
2024-09-04,NOW,SP500
2024-09-04,NVDA,SP500
2024-09-04,O,SP500
2024-09-04,ODFL,SP500
2024-09-04,OKTA,SP500
2024-09-04,ON,SP500
2024-09-04,ORLY,SP500
2024-09-04,PANW,SP500
2024-09-04,PAYX,SP500
2024-09-04,PINS,SP500
2024-09-04,PLTR,SP500
2024-09-04,PODD,SP500
2024-09-04,PWR,SP500
2024-09-04,RBLX,SP500
2024-09-04,RCL,SP500
2024-09-04,RMD,SP500
2024-09-04,ROK,SP500
2024-09-04,ROL,SP500
2024-09-04,ROP,SP500
2024-09-04,ROST,SP500
2024-09-04,SBAC,SP500
2024-09-04,SBUX,SP500
2024-09-04,SHW,SP500
2024-09-04,SLB,SP500
2024-09-04,SMCI,SP500
2024-09-04,SNAP,SP500
2024-09-04,SNOW,SP500
2024-09-04,SNPS,SP500
2024-09-04,SPGI,SP500
2024-09-04,SQ,SP500
2024-09-04,STE,SP500
2024-09-04,STX,SP500
2024-09-04,SUI,SP500
2024-09-04,SYK,SP500
2024-09-04,SYM,SP500
2024-09-04,TDG,SP500
2024-09-04,TEAM,SP500
2024-09-04,TER,SP500
2024-09-04,TJX,SP500
2024-09-04,TMUS,SP500
2024-09-04,TPL,SP500
2024-09-04,TSCO,SP500
2024-09-04,TSLA,SP500
2024-09-04,TTD,SP500
2024-09-04,TTWO,SP500
2024-09-04,TW,SP500
2024-09-04,TXN,SP500
2024-09-04,TYL,SP500
2024-09-04,UBER,SP500
2024-09-04,ULTA,SP500
2024-09-04,V,SP500
2024-09-04,VEEV,SP500
2024-09-04,VLTO,SP500
2024-09-04,VMC,SP500
2024-09-04,VRSK,SP500
2024-09-04,VRSN,SP500
2024-09-04,VRT,SP500
2024-09-04,VRTX,SP500
2024-09-04,WAT,SP500
2024-09-04,WCN,SP500
2024-09-04,WDAY,SP500
2024-09-04,WELL,SP500
2024-09-04,WMG,SP500
2024-09-04,WST,SP500
2024-09-04,YUM,SP500
2024-09-04,ZS,SP500
2024-09-04,ZTS,SP500
2024-10-01,A,SP500
2024-10-01,AAPL,SP500
2024-10-01,ABNB,SP500
2024-10-01,ACN,SP500
2024-10-01,ADBE,SP500
2024-10-01,ADP,SP500
2024-10-01,ADSK,SP500
2024-10-01,ALB,SP500
2024-10-01,ALGN,SP500
2024-10-01,ALNY,SP500
2024-10-01,AMAT,SP500
2024-10-01,AMD,SP500
2024-10-01,AMT,SP500
2024-10-01,AMZN,SP500
2024-10-01,ANET,SP500
2024-10-01,ANSS,SP500
2024-10-01,AON,SP500
2024-10-01,APH,SP500
2024-10-01,APO,SP500
2024-10-01,APTV,SP500
2024-10-01,ARES,SP500
2024-10-01,AZO,SP500
2024-10-01,BA,SP500
2024-10-01,BKNG,SP500
2024-10-01,BKR,SP500
2024-10-01,BMRN,SP500
2024-10-01,BR,SP500
2024-10-01,BRO,SP500
2024-10-01,BSX,SP500
2024-10-01,BSY,SP500
2024-10-01,BURL,SP500
2024-10-01,BX,SP500
2024-10-01,CDNS,SP500
2024-10-01,CHD,SP500
2024-10-01,CL,SP500
2024-10-01,CMG,SP500
2024-10-01,COIN,SP500
2024-10-01,COO,SP500
2024-10-01,COST,SP500
2024-10-01,CPRT,SP500
2024-10-01,CRM,SP500
2024-10-01,CRWD,SP500
2024-10-01,CSGP,SP500
2024-10-01,CTAS,SP500
2024-10-01,CTRA,SP500
2024-10-01,DASH,SP500
2024-10-01,DDOG,SP500
2024-10-01,DIS,SP500
2024-10-01,DPZ,SP500
2024-10-01,DXCM,SP500
2024-10-01,ECL,SP500
2024-10-01,EFX,SP500
2024-10-01,EL,SP500
2024-10-01,ENPH,SP500
2024-10-01,EPAM,SP500
2024-10-01,EQIX,SP500
2024-10-01,EQT,SP500
2024-10-01,EW,SP500
2024-10-01,EXPE,SP500
2024-10-01,FANG,SP500
2024-10-01,FAST,SP500
2024-10-01,FDS,SP500
2024-10-01,FI,SP500
2024-10-01,FICO,SP500
2024-10-01,FSLR,SP500
2024-10-01,FTNT,SP500
2024-10-01,GDDY,SP500
2024-10-01,GE,SP500
2024-10-01,GEV,SP500
2024-10-01,GOOG,SP500
2024-10-01,GOOGL,SP500
2024-10-01,GWW,SP500
2024-10-01,HAL,SP500
2024-10-01,HEI,SP500
2024-10-01,HES,SP500
2024-10-01,HLT,SP500
2024-10-01,HSY,SP500
2024-10-01,HUBS,SP500
2024-10-01,HWM,SP500
2024-10-01,IBKR,SP500
2024-10-01,IDXX,SP500
2024-10-01,ILMN,SP500
2024-10-01,INCY,SP500
2024-10-01,INTU,SP500
2024-10-01,ISRG,SP500
2024-10-01,IT,SP500
2024-10-01,JBHT,SP500
2024-10-01,KLAC,SP500
2024-10-01,LIN,SP500
2024-10-01,LINE,SP500
2024-10-01,LLY,SP500
2024-10-01,LNG,SP500
2024-10-01,LPLA,SP500
2024-10-01,LRCX,SP500
2024-10-01,LULU,SP500
2024-10-01,LVS,SP500
2024-10-01,LW,SP500
2024-10-01,LYV,SP500
2024-10-01,MA,SP500
2024-10-01,MAR,SP500
2024-10-01,MCD,SP500
2024-10-01,MCO,SP500
2024-10-01,MDB,SP500
2024-10-01,META,SP500
2024-10-01,MLM,SP500
2024-10-01,MNST,SP500
2024-10-01,MPWR,SP500
2024-10-01,MRNA,SP500
2024-10-01,MRVL,SP500
2024-10-01,MSCI,SP500
2024-10-01,MSFT,SP500
2024-10-01,MSI,SP500
2024-10-01,MSTR,SP500
2024-10-01,MTD,SP500
2024-10-01,NET,SP500
2024-10-01,NFLX,SP500
2024-10-01,NKE,SP500
2024-10-01,NOW,SP500
2024-10-01,NVDA,SP500
2024-10-01,O,SP500
2024-10-01,ODFL,SP500
2024-10-01,OKTA,SP500
2024-10-01,ON,SP500
2024-10-01,ORLY,SP500
2024-10-01,PANW,SP500
2024-10-01,PAYX,SP500
2024-10-01,PINS,SP500
2024-10-01,PLTR,SP500
2024-10-01,PODD,SP500
2024-10-01,PWR,SP500
2024-10-01,RBLX,SP500
2024-10-01,RCL,SP500
2024-10-01,RMD,SP500
2024-10-01,ROK,SP500
2024-10-01,ROL,SP500
2024-10-01,ROP,SP500
2024-10-01,ROST,SP500
2024-10-01,SBAC,SP500
2024-10-01,SBUX,SP500
2024-10-01,SHW,SP500
2024-10-01,SLB,SP500
2024-10-01,SMCI,SP500
2024-10-01,SNAP,SP500
2024-10-01,SNOW,SP500
2024-10-01,SNPS,SP500
2024-10-01,SPGI,SP500
2024-10-01,SQ,SP500
2024-10-01,STE,SP500
2024-10-01,STX,SP500
2024-10-01,SUI,SP500
2024-10-01,SYK,SP500
2024-10-01,SYM,SP500
2024-10-01,TDG,SP500
2024-10-01,TEAM,SP500
2024-10-01,TER,SP500
2024-10-01,TJX,SP500
2024-10-01,TMUS,SP500
2024-10-01,TPL,SP500
2024-10-01,TSCO,SP500
2024-10-01,TSLA,SP500
2024-10-01,TTD,SP500
2024-10-01,TTWO,SP500
2024-10-01,TW,SP500
2024-10-01,TXN,SP500
2024-10-01,TYL,SP500
2024-10-01,UBER,SP500
2024-10-01,ULTA,SP500
2024-10-01,V,SP500
2024-10-01,VEEV,SP500
2024-10-01,VLTO,SP500
2024-10-01,VMC,SP500
2024-10-01,VRSK,SP500
2024-10-01,VRSN,SP500
2024-10-01,VRT,SP500
2024-10-01,VRTX,SP500
2024-10-01,WAT,SP500
2024-10-01,WCN,SP500
2024-10-01,WDAY,SP500
2024-10-01,WELL,SP500
2024-10-01,WMG,SP500
2024-10-01,WST,SP500
2024-10-01,YUM,SP500
2024-10-01,ZS,SP500
2024-10-01,ZTS,SP500
2024-11-01,A,SP500
2024-11-01,AAPL,SP500
2024-11-01,ABNB,SP500
2024-11-01,ACN,SP500
2024-11-01,ADBE,SP500
2024-11-01,ADP,SP500
2024-11-01,ADSK,SP500
2024-11-01,ALB,SP500
2024-11-01,ALGN,SP500
2024-11-01,ALNY,SP500
2024-11-01,AMAT,SP500
2024-11-01,AMD,SP500
2024-11-01,AMT,SP500
2024-11-01,AMZN,SP500
2024-11-01,ANET,SP500
2024-11-01,ANSS,SP500
2024-11-01,AON,SP500
2024-11-01,APH,SP500
2024-11-01,APO,SP500
2024-11-01,APTV,SP500
2024-11-01,ARES,SP500
2024-11-01,AZO,SP500
2024-11-01,BA,SP500
2024-11-01,BKNG,SP500
2024-11-01,BKR,SP500
2024-11-01,BMRN,SP500
2024-11-01,BR,SP500
2024-11-01,BRO,SP500
2024-11-01,BSX,SP500
2024-11-01,BSY,SP500
2024-11-01,BURL,SP500
2024-11-01,BX,SP500
2024-11-01,CDNS,SP500
2024-11-01,CHD,SP500
2024-11-01,CL,SP500
2024-11-01,CMG,SP500
2024-11-01,COIN,SP500
2024-11-01,COO,SP500
2024-11-01,COST,SP500
2024-11-01,CPRT,SP500
2024-11-01,CRM,SP500
2024-11-01,CRWD,SP500
2024-11-01,CSGP,SP500
2024-11-01,CTAS,SP500
2024-11-01,CTRA,SP500
2024-11-01,DASH,SP500
2024-11-01,DDOG,SP500
2024-11-01,DIS,SP500
2024-11-01,DPZ,SP500
2024-11-01,DXCM,SP500
2024-11-01,ECL,SP500
2024-11-01,EFX,SP500
2024-11-01,EL,SP500
2024-11-01,ENPH,SP500
2024-11-01,EPAM,SP500
2024-11-01,EQIX,SP500
2024-11-01,EQT,SP500
2024-11-01,EW,SP500
2024-11-01,EXPE,SP500
2024-11-01,FANG,SP500
2024-11-01,FAST,SP500
2024-11-01,FDS,SP500
2024-11-01,FI,SP500
2024-11-01,FICO,SP500
2024-11-01,FSLR,SP500
2024-11-01,FTNT,SP500
2024-11-01,GDDY,SP500
2024-11-01,GE,SP500
2024-11-01,GEV,SP500
2024-11-01,GOOG,SP500
2024-11-01,GOOGL,SP500
2024-11-01,GWW,SP500
2024-11-01,HAL,SP500
2024-11-01,HEI,SP500
2024-11-01,HES,SP500
2024-11-01,HLT,SP500
2024-11-01,HSY,SP500
2024-11-01,HUBS,SP500
2024-11-01,HWM,SP500
2024-11-01,IBKR,SP500
2024-11-01,IDXX,SP500
2024-11-01,ILMN,SP500
2024-11-01,INCY,SP500
2024-11-01,INTU,SP500
2024-11-01,ISRG,SP500
2024-11-01,IT,SP500
2024-11-01,JBHT,SP500
2024-11-01,KLAC,SP500
2024-11-01,LIN,SP500
2024-11-01,LINE,SP500
2024-11-01,LLY,SP500
2024-11-01,LNG,SP500
2024-11-01,LPLA,SP500
2024-11-01,LRCX,SP500
2024-11-01,LULU,SP500
2024-11-01,LVS,SP500
2024-11-01,LW,SP500
2024-11-01,LYV,SP500
2024-11-01,MA,SP500
2024-11-01,MAR,SP500
2024-11-01,MCD,SP500
2024-11-01,MCO,SP500
2024-11-01,MDB,SP500
2024-11-01,META,SP500
2024-11-01,MLM,SP500
2024-11-01,MNST,SP500
2024-11-01,MPWR,SP500
2024-11-01,MRNA,SP500
2024-11-01,MRVL,SP500
2024-11-01,MSCI,SP500
2024-11-01,MSFT,SP500
2024-11-01,MSI,SP500
2024-11-01,MSTR,SP500
2024-11-01,MTD,SP500
2024-11-01,NET,SP500
2024-11-01,NFLX,SP500
2024-11-01,NKE,SP500
2024-11-01,NOW,SP500
2024-11-01,NVDA,SP500
2024-11-01,O,SP500
2024-11-01,ODFL,SP500
2024-11-01,OKTA,SP500
2024-11-01,ON,SP500
2024-11-01,ORLY,SP500
2024-11-01,PANW,SP500
2024-11-01,PAYX,SP500
2024-11-01,PINS,SP500
2024-11-01,PLTR,SP500
2024-11-01,PODD,SP500
2024-11-01,PWR,SP500
2024-11-01,RBLX,SP500
2024-11-01,RCL,SP500
2024-11-01,RMD,SP500
2024-11-01,ROK,SP500
2024-11-01,ROL,SP500
2024-11-01,ROP,SP500
2024-11-01,ROST,SP500
2024-11-01,SBAC,SP500
2024-11-01,SBUX,SP500
2024-11-01,SHW,SP500
2024-11-01,SLB,SP500
2024-11-01,SMCI,SP500
2024-11-01,SNAP,SP500
2024-11-01,SNOW,SP500
2024-11-01,SNPS,SP500
2024-11-01,SPGI,SP500
2024-11-01,SQ,SP500
2024-11-01,STE,SP500
2024-11-01,STX,SP500
2024-11-01,SUI,SP500
2024-11-01,SYK,SP500
2024-11-01,SYM,SP500
2024-11-01,TDG,SP500
2024-11-01,TEAM,SP500
2024-11-01,TER,SP500
2024-11-01,TJX,SP500
2024-11-01,TMUS,SP500
2024-11-01,TPL,SP500
2024-11-01,TSCO,SP500
2024-11-01,TSLA,SP500
2024-11-01,TTD,SP500
2024-11-01,TTWO,SP500
2024-11-01,TW,SP500
2024-11-01,TXN,SP500
2024-11-01,TYL,SP500
2024-11-01,UBER,SP500
2024-11-01,ULTA,SP500
2024-11-01,V,SP500
2024-11-01,VEEV,SP500
2024-11-01,VLTO,SP500
2024-11-01,VMC,SP500
2024-11-01,VRSK,SP500
2024-11-01,VRSN,SP500
2024-11-01,VRT,SP500
2024-11-01,VRTX,SP500
2024-11-01,WAT,SP500
2024-11-01,WCN,SP500
2024-11-01,WDAY,SP500
2024-11-01,WELL,SP500
2024-11-01,WMG,SP500
2024-11-01,WST,SP500
2024-11-01,YUM,SP500
2024-11-01,ZS,SP500
2024-11-01,ZTS,SP500
2024-12-03,AAPL,SP500
2024-12-03,ABNB,SP500
2024-12-03,ACN,SP500
2024-12-03,ADBE,SP500
2024-12-03,ADP,SP500
2024-12-03,ADSK,SP500
2024-12-03,ALGN,SP500
2024-12-03,ALNY,SP500
2024-12-03,AMAT,SP500
2024-12-03,AMD,SP500
2024-12-03,AMT,SP500
2024-12-03,AMZN,SP500
2024-12-03,ANET,SP500
2024-12-03,ANSS,SP500
2024-12-03,AON,SP500
2024-12-03,APH,SP500
2024-12-03,APO,SP500
2024-12-03,APP,SP500
2024-12-03,APTV,SP500
2024-12-03,ARES,SP500
2024-12-03,AVGO,SP500
2024-12-03,AZO,SP500
2024-12-03,BA,SP500
2024-12-03,BKNG,SP500
2024-12-03,BKR,SP500
2024-12-03,BMRN,SP500
2024-12-03,BR,SP500
2024-12-03,BRO,SP500
2024-12-03,BSX,SP500
2024-12-03,BSY,SP500
2024-12-03,BURL,SP500
2024-12-03,BX,SP500
2024-12-03,CDNS,SP500
2024-12-03,CHD,SP500
2024-12-03,CL,SP500
2024-12-03,CMG,SP500
2024-12-03,COIN,SP500
2024-12-03,COO,SP500
2024-12-03,COST,SP500
2024-12-03,CPRT,SP500
2024-12-03,CRM,SP500
2024-12-03,CRWD,SP500
2024-12-03,CSGP,SP500
2024-12-03,CTAS,SP500
2024-12-03,CTRA,SP500
2024-12-03,DASH,SP500
2024-12-03,DDOG,SP500
2024-12-03,DIS,SP500
2024-12-03,DPZ,SP500
2024-12-03,DXCM,SP500
2024-12-03,ECL,SP500
2024-12-03,EFX,SP500
2024-12-03,EL,SP500
2024-12-03,ENPH,SP500
2024-12-03,EQIX,SP500
2024-12-03,EQT,SP500
2024-12-03,EW,SP500
2024-12-03,EXPE,SP500
2024-12-03,FANG,SP500
2024-12-03,FAST,SP500
2024-12-03,FDS,SP500
2024-12-03,FI,SP500
2024-12-03,FICO,SP500
2024-12-03,FSLR,SP500
2024-12-03,FTNT,SP500
2024-12-03,GDDY,SP500
2024-12-03,GE,SP500
2024-12-03,GEV,SP500
2024-12-03,GOOGL,SP500
2024-12-03,GWW,SP500
2024-12-03,HAL,SP500
2024-12-03,HEI,SP500
2024-12-03,HES,SP500
2024-12-03,HLT,SP500
2024-12-03,HSY,SP500
2024-12-03,HUBS,SP500
2024-12-03,HWM,SP500
2024-12-03,IBKR,SP500
2024-12-03,IDXX,SP500
2024-12-03,ILMN,SP500
2024-12-03,INCY,SP500
2024-12-03,INTU,SP500
2024-12-03,ISRG,SP500
2024-12-03,IT,SP500
2024-12-03,JBHT,SP500
2024-12-03,KLAC,SP500
2024-12-03,LIN,SP500
2024-12-03,LINE,SP500
2024-12-03,LLY,SP500
2024-12-03,LPLA,SP500
2024-12-03,LRCX,SP500
2024-12-03,LULU,SP500
2024-12-03,LVS,SP500
2024-12-03,LYV,SP500
2024-12-03,MA,SP500
2024-12-03,MAR,SP500
2024-12-03,MCD,SP500
2024-12-03,MCO,SP500
2024-12-03,MDB,SP500
2024-12-03,META,SP500
2024-12-03,MLM,SP500
2024-12-03,MNST,SP500
2024-12-03,MPWR,SP500
2024-12-03,MRNA,SP500
2024-12-03,MRVL,SP500
2024-12-03,MSCI,SP500
2024-12-03,MSFT,SP500
2024-12-03,MSI,SP500
2024-12-03,MSTR,SP500
2024-12-03,MTD,SP500
2024-12-03,NET,SP500
2024-12-03,NFLX,SP500
2024-12-03,NKE,SP500
2024-12-03,NOW,SP500
2024-12-03,NVDA,SP500
2024-12-03,O,SP500
2024-12-03,ODFL,SP500
2024-12-03,OKTA,SP500
2024-12-03,ORLY,SP500
2024-12-03,PANW,SP500
2024-12-03,PAYX,SP500
2024-12-03,PINS,SP500
2024-12-03,PLTR,SP500
2024-12-03,PODD,SP500
2024-12-03,PWR,SP500
2024-12-03,RBLX,SP500
2024-12-03,RCL,SP500
2024-12-03,RMD,SP500
2024-12-03,ROL,SP500
2024-12-03,ROP,SP500
2024-12-03,ROST,SP500
2024-12-03,SBAC,SP500
2024-12-03,SBUX,SP500
2024-12-03,SHW,SP500
2024-12-03,SLB,SP500
2024-12-03,SMCI,SP500
2024-12-03,SNAP,SP500
2024-12-03,SNOW,SP500
2024-12-03,SNPS,SP500
2024-12-03,SPGI,SP500
2024-12-03,SQ,SP500
2024-12-03,STE,SP500
2024-12-03,STX,SP500
2024-12-03,SUI,SP500
2024-12-03,SYK,SP500
2024-12-03,SYM,SP500
2024-12-03,TDG,SP500
2024-12-03,TEAM,SP500
2024-12-03,TER,SP500
2024-12-03,TJX,SP500
2024-12-03,TMUS,SP500
2024-12-03,TPL,SP500
2024-12-03,TRGP,SP500
2024-12-03,TSCO,SP500
2024-12-03,TSLA,SP500
2024-12-03,TTD,SP500
2024-12-03,TTWO,SP500
2024-12-03,TW,SP500
2024-12-03,TXN,SP500
2024-12-03,TYL,SP500
2024-12-03,UBER,SP500
2024-12-03,ULTA,SP500
2024-12-03,V,SP500
2024-12-03,VEEV,SP500
2024-12-03,VLTO,SP500
2024-12-03,VMC,SP500
2024-12-03,VRSK,SP500
2024-12-03,VRSN,SP500
2024-12-03,VRT,SP500
2024-12-03,VRTX,SP500
2024-12-03,WAT,SP500
2024-12-03,WCN,SP500
2024-12-03,WDAY,SP500
2024-12-03,WELL,SP500
2024-12-03,WMG,SP500
2024-12-03,WST,SP500
2024-12-03,YUM,SP500
2024-12-03,ZS,SP500
2024-12-03,ZTS,SP500