date,ticker,index_member
2019-01-01,AAL,SP500
2019-01-01,ALK,SP500
2019-01-01,ALLE,SP500
2019-01-01,AME,SP500
2019-01-01,AOS,SP500
2019-01-01,ARNC,SP500
2019-01-01,BA,SP500
2019-01-01,CAT,SP500
2019-01-01,CHRW,SP500
2019-01-01,CMI,SP500
2019-01-01,CPRT,SP500
2019-01-01,CSX,SP500
2019-01-01,CTAS,SP500
2019-01-01,DAL,SP500
2019-01-01,DE,SP500
2019-01-01,DOV,SP500
2019-01-01,EFX,SP500
2019-01-01,EMR,SP500
2019-01-01,ETN,SP500
2019-01-01,EXPD,SP500
2019-01-01,FAST,SP500
2019-01-01,FBHS,SP500
2019-01-01,FDX,SP500
2019-01-01,FLR,SP500
2019-01-01,FLS,SP500
2019-01-01,FTV,SP500
2019-01-01,GD,SP500
2019-01-01,GE,SP500
2019-01-01,GWW,SP500
2019-01-01,HII,SP500
2019-01-01,HON,SP500
2019-01-01,HRS,SP500
2019-01-01,INFO,SP500
2019-01-01,IR,SP500
2019-01-01,ITW,SP500
2019-01-01,JBHT,SP500
2019-01-01,JCI,SP500
2019-01-01,JEC,SP500
2019-01-01,KBSF,SP500
2019-01-01,KSU,SP500
2019-01-01,LMT,SP500
2019-01-01,LUV,SP500
2019-01-01,MAS,SP500
2019-01-01,MMM,SP500
2019-01-01,NLSN,SP500
2019-01-01,NOC,SP500
2019-01-01,NSC,SP500
2019-01-01,PCAR,SP500
2019-01-01,PH,SP500
2019-01-01,PNR,SP500
2019-01-01,PWR,SP500
2019-01-01,RHI,SP500
2019-01-01,ROK,SP500
2019-01-01,ROL,SP500
2019-01-01,ROP,SP500
2019-01-01,RSG,SP500
2019-01-01,RTN,SP500
2019-01-01,SNA,SP500
2019-01-01,SWK,SP500
2019-01-01,TDG,SP500
2019-01-01,TXT,SP500
2019-01-01,UAL,SP500
2019-01-01,UNP,SP500
2019-01-01,UPS,SP500
2019-01-01,URI,SP500
2019-01-01,UTX,SP500
2019-01-01,VRSK,SP500
2019-01-01,WM,SP500
2019-01-01,XYL,SP500
2019-02-01,AAL,SP500
2019-02-01,ALK,SP500
2019-02-01,ALLE,SP500
2019-02-01,AME,SP500
2019-02-01,AOS,SP500
2019-02-01,ARNC,SP500
2019-02-01,BA,SP500
2019-02-01,CAT,SP500
2019-02-01,CHRW,SP500
2019-02-01,CMI,SP500
2019-02-01,CPRT,SP500
2019-02-01,CSX,SP500
2019-02-01,CTAS,SP500
2019-02-01,DAL,SP500
2019-02-01,DE,SP500
2019-02-01,DOV,SP500
2019-02-01,EFX,SP500
2019-02-01,EMR,SP500
2019-02-01,ETN,SP500
2019-02-01,EXPD,SP500
2019-02-01,FAST,SP500
2019-02-01,FBHS,SP500
2019-02-01,FDX,SP500
2019-02-01,FLR,SP500
2019-02-01,FLS,SP500
2019-02-01,FTV,SP500
2019-02-01,GD,SP500
2019-02-01,GE,SP500
2019-02-01,GWW,SP500
2019-02-01,HII,SP500
2019-02-01,HON,SP500
2019-02-01,HRS,SP500
2019-02-01,INFO,SP500
2019-02-01,IR,SP500
2019-02-01,ITW,SP500
2019-02-01,JBHT,SP500
2019-02-01,JCI,SP500
2019-02-01,JEC,SP500
2019-02-01,KBSF,SP500
2019-02-01,KSU,SP500
2019-02-01,LMT,SP500
2019-02-01,LUV,SP500
2019-02-01,MAS,SP500
2019-02-01,MMM,SP500
2019-02-01,NLSN,SP500
2019-02-01,NOC,SP500
2019-02-01,NSC,SP500
2019-02-01,PCAR,SP500
2019-02-01,PH,SP500
2019-02-01,PNR,SP500
2019-02-01,PWR,SP500
2019-02-01,RHI,SP500
2019-02-01,ROK,SP500
2019-02-01,ROL,SP500
2019-02-01,ROP,SP500
2019-02-01,RSG,SP500
2019-02-01,RTN,SP500
2019-02-01,SNA,SP500
2019-02-01,SWK,SP500
2019-02-01,TDG,SP500
2019-02-01,TXT,SP500
2019-02-01,UAL,SP500
2019-02-01,UNP,SP500
2019-02-01,UPS,SP500
2019-02-01,URI,SP500
2019-02-01,UTX,SP500
2019-02-01,VRSK,SP500
2019-02-01,WM,SP500
2019-02-01,XYL,SP500
2019-03-01,AAL,SP500
2019-03-01,ALK,SP500
2019-03-01,ALLE,SP500
2019-03-01,AME,SP500
2019-03-01,AOS,SP500
2019-03-01,ARNC,SP500
2019-03-01,BA,SP500
2019-03-01,CAT,SP500
2019-03-01,CHRW,SP500
2019-03-01,CMI,SP500
2019-03-01,CPRT,SP500
2019-03-01,CSX,SP500
2019-03-01,CTAS,SP500
2019-03-01,DAL,SP500
2019-03-01,DE,SP500
2019-03-01,DOV,SP500
2019-03-01,EFX,SP500
2019-03-01,EMR,SP500
2019-03-01,ETN,SP500
2019-03-01,EXPD,SP500
2019-03-01,FAST,SP500
2019-03-01,FBHS,SP500
2019-03-01,FDX,SP500
2019-03-01,FLR,SP500
2019-03-01,FLS,SP500
2019-03-01,FTV,SP500
2019-03-01,GD,SP500
2019-03-01,GE,SP500
2019-03-01,GWW,SP500
2019-03-01,HII,SP500
2019-03-01,HON,SP500
2019-03-01,HRS,SP500
2019-03-01,INFO,SP500
2019-03-01,IR,SP500
2019-03-01,ITW,SP500
2019-03-01,JBHT,SP500
2019-03-01,JCI,SP500
2019-03-01,JEC,SP500
2019-03-01,KBSF,SP500
2019-03-01,KSU,SP500
2019-03-01,LMT,SP500
2019-03-01,LUV,SP500
2019-03-01,MAS,SP500
2019-03-01,MMM,SP500
2019-03-01,NLSN,SP500
2019-03-01,NOC,SP500
2019-03-01,NSC,SP500
2019-03-01,PCAR,SP500
2019-03-01,PH,SP500
2019-03-01,PNR,SP500
2019-03-01,PWR,SP500
2019-03-01,RHI,SP500
2019-03-01,ROK,SP500
2019-03-01,ROL,SP500
2019-03-01,ROP,SP500
2019-03-01,RSG,SP500
2019-03-01,RTN,SP500
2019-03-01,SNA,SP500
2019-03-01,SWK,SP500
2019-03-01,TDG,SP500
2019-03-01,TXT,SP500
2019-03-01,UAL,SP500
2019-03-01,UNP,SP500
2019-03-01,UPS,SP500
2019-03-01,URI,SP500
2019-03-01,UTX,SP500
2019-03-01,VRSK,SP500
2019-03-01,WAB,SP500
2019-03-01,WM,SP500
2019-03-01,XYL,SP500
2019-04-02,AAL,SP500
2019-04-02,ALK,SP500
2019-04-02,ALLE,SP500
2019-04-02,AME,SP500
2019-04-02,AOS,SP500
2019-04-02,ARNC,SP500
2019-04-02,BA,SP500
2019-04-02,CAT,SP500
2019-04-02,CHRW,SP500
2019-04-02,CMI,SP500
2019-04-02,CPRT,SP500
2019-04-02,CSX,SP500
2019-04-02,CTAS,SP500
2019-04-02,DAL,SP500
2019-04-02,DE,SP500
2019-04-02,DOV,SP500
2019-04-02,EFX,SP500
2019-04-02,EMR,SP500
2019-04-02,ETN,SP500
2019-04-02,EXPD,SP500
2019-04-02,FAST,SP500
2019-04-02,FBHS,SP500
2019-04-02,FDX,SP500
2019-04-02,FLR,SP500
2019-04-02,FLS,SP500
2019-04-02,FTV,SP500
2019-04-02,GD,SP500
2019-04-02,GE,SP500
2019-04-02,GWW,SP500
2019-04-02,HII,SP500
2019-04-02,HON,SP500
2019-04-02,HRS,SP500
2019-04-02,INFO,SP500
2019-04-02,IR,SP500
2019-04-02,ITW,SP500
2019-04-02,JBHT,SP500
2019-04-02,JCI,SP500
2019-04-02,JEC,SP500
2019-04-02,KBSF,SP500
2019-04-02,KSU,SP500
2019-04-02,LMT,SP500
2019-04-02,LUV,SP500
2019-04-02,MAS,SP500
2019-04-02,MMM,SP500
2019-04-02,NLSN,SP500
2019-04-02,NOC,SP500
2019-04-02,NSC,SP500
2019-04-02,PCAR,SP500
2019-04-02,PH,SP500
2019-04-02,PNR,SP500
2019-04-02,PWR,SP500
2019-04-02,RHI,SP500
2019-04-02,ROK,SP500
2019-04-02,ROL,SP500
2019-04-02,ROP,SP500
2019-04-02,RSG,SP500
2019-04-02,RTN,SP500
2019-04-02,SNA,SP500
2019-04-02,SWK,SP500
2019-04-02,TDG,SP500
2019-04-02,TXT,SP500
2019-04-02,UAL,SP500
2019-04-02,UNP,SP500
2019-04-02,UPS,SP500
2019-04-02,URI,SP500
2019-04-02,UTX,SP500
2019-04-02,VRSK,SP500
2019-04-02,WAB,SP500
2019-04-02,WM,SP500
2019-04-02,XYL,SP500
2019-05-01,AAL,SP500
2019-05-01,ALK,SP500
2019-05-01,ALLE,SP500
2019-05-01,AME,SP500
2019-05-01,AOS,SP500
2019-05-01,ARNC,SP500
2019-05-01,BA,SP500
2019-05-01,CAT,SP500
2019-05-01,CHRW,SP500
2019-05-01,CMI,SP500
2019-05-01,CPRT,SP500
2019-05-01,CSX,SP500
2019-05-01,CTAS,SP500
2019-05-01,DAL,SP500
2019-05-01,DE,SP500
2019-05-01,DOV,SP500
2019-05-01,EFX,SP500
2019-05-01,EMR,SP500
2019-05-01,ETN,SP500
2019-05-01,EXPD,SP500
2019-05-01,FAST,SP500
2019-05-01,FBHS,SP500
2019-05-01,FDX,SP500
2019-05-01,FLR,SP500
2019-05-01,FLS,SP500
2019-05-01,FTV,SP500
2019-05-01,GD,SP500
2019-05-01,GE,SP500
2019-05-01,GWW,SP500
2019-05-01,HII,SP500
2019-05-01,HON,SP500
2019-05-01,HRS,SP500
2019-05-01,INFO,SP500
2019-05-01,IR,SP500
2019-05-01,ITW,SP500
2019-05-01,JBHT,SP500
2019-05-01,JCI,SP500
2019-05-01,JEC,SP500
2019-05-01,KBSF,SP500
2019-05-01,KSU,SP500
2019-05-01,LMT,SP500
2019-05-01,LUV,SP500
2019-05-01,MAS,SP500
2019-05-01,MMM,SP500
2019-05-01,NLSN,SP500
2019-05-01,NOC,SP500
2019-05-01,NSC,SP500
2019-05-01,PCAR,SP500
2019-05-01,PH,SP500
2019-05-01,PNR,SP500
2019-05-01,PWR,SP500
2019-05-01,RHI,SP500
2019-05-01,ROK,SP500
2019-05-01,ROL,SP500
2019-05-01,ROP,SP500
2019-05-01,RSG,SP500
2019-05-01,RTN,SP500
2019-05-01,SNA,SP500
2019-05-01,SWK,SP500
2019-05-01,TDG,SP500
2019-05-01,TXT,SP500
2019-05-01,UAL,SP500
2019-05-01,UNP,SP500
2019-05-01,UPS,SP500
2019-05-01,URI,SP500
2019-05-01,UTX,SP500
2019-05-01,VRSK,SP500
2019-05-01,WAB,SP500
2019-05-01,WM,SP500
2019-05-01,XYL,SP500
2019-06-07,AAL,SP500
2019-06-07,ALK,SP500
2019-06-07,ALLE,SP500
2019-06-07,AME,SP500
2019-06-07,AOS,SP500
2019-06-07,ARNC,SP500
2019-06-07,BA,SP500
2019-06-07,CAT,SP500
2019-06-07,CHRW,SP500
2019-06-07,CMI,SP500
2019-06-07,CPRT,SP500
2019-06-07,CSX,SP500
2019-06-07,CTAS,SP500
2019-06-07,DAL,SP500
2019-06-07,DE,SP500
2019-06-07,DOV,SP500
2019-06-07,EFX,SP500
2019-06-07,EMR,SP500
2019-06-07,ETN,SP500
2019-06-07,EXPD,SP500
2019-06-07,FAST,SP500
2019-06-07,FBHS,SP500
2019-06-07,FDX,SP500
2019-06-07,FLS,SP500
2019-06-07,FTV,SP500
2019-06-07,GD,SP500
2019-06-07,GE,SP500
2019-06-07,GWW,SP500
2019-06-07,HII,SP500
2019-06-07,HON,SP500
2019-06-07,HRS,SP500
2019-06-07,INFO,SP500
2019-06-07,IR,SP500
2019-06-07,ITW,SP500
2019-06-07,JBHT,SP500
2019-06-07,JCI,SP500
2019-06-07,JEC,SP500
2019-06-07,KBSF,SP500
2019-06-07,KSU,SP500
2019-06-07,LMT,SP500
2019-06-07,LUV,SP500
2019-06-07,MAS,SP500
2019-06-07,MMM,SP500
2019-06-07,NLSN,SP500
2019-06-07,NOC,SP500
2019-06-07,NSC,SP500
2019-06-07,PCAR,SP500
2019-06-07,PH,SP500
2019-06-07,PNR,SP500
2019-06-07,PWR,SP500
2019-06-07,RHI,SP500
2019-06-07,ROK,SP500
2019-06-07,ROL,SP500
2019-06-07,ROP,SP500
2019-06-07,RSG,SP500
2019-06-07,RTN,SP500
2019-06-07,SNA,SP500
2019-06-07,SWK,SP500
2019-06-07,TDG,SP500
2019-06-07,TXT,SP500
2019-06-07,UAL,SP500
2019-06-07,UNP,SP500
2019-06-07,UPS,SP500
2019-06-07,URI,SP500
2019-06-07,UTX,SP500
2019-06-07,VRSK,SP500
2019-06-07,WAB,SP500
2019-06-07,WM,SP500
2019-06-07,XYL,SP500
2019-07-02,AAL,SP500
2019-07-02,ALK,SP500
2019-07-02,ALLE,SP500
2019-07-02,AME,SP500
2019-07-02,AOS,SP500
2019-07-02,ARNC,SP500
2019-07-02,BA,SP500
2019-07-02,CAT,SP500
2019-07-02,CHRW,SP500
2019-07-02,CMI,SP500
2019-07-02,CPRT,SP500
2019-07-02,CSX,SP500
2019-07-02,CTAS,SP500
2019-07-02,DAL,SP500
2019-07-02,DE,SP500
2019-07-02,DOV,SP500
2019-07-02,EFX,SP500
2019-07-02,EMR,SP500
2019-07-02,ETN,SP500
2019-07-02,EXPD,SP500
2019-07-02,FAST,SP500
2019-07-02,FBHS,SP500
2019-07-02,FDX,SP500
2019-07-02,FLS,SP500
2019-07-02,FTV,SP500
2019-07-02,GD,SP500
2019-07-02,GE,SP500
2019-07-02,GWW,SP500
2019-07-02,HII,SP500
2019-07-02,HON,SP500
2019-07-02,INFO,SP500
2019-07-02,IR,SP500
2019-07-02,ITW,SP500
2019-07-02,JBHT,SP500
2019-07-02,JCI,SP500
2019-07-02,JEC,SP500
2019-07-02,KBSF,SP500
2019-07-02,KSU,SP500
2019-07-02,LHX,SP500
2019-07-02,LMT,SP500
2019-07-02,LUV,SP500
2019-07-02,MAS,SP500
2019-07-02,MMM,SP500
2019-07-02,NLSN,SP500
2019-07-02,NOC,SP500
2019-07-02,NSC,SP500
2019-07-02,PCAR,SP500
2019-07-02,PH,SP500
2019-07-02,PNR,SP500
2019-07-02,PWR,SP500
2019-07-02,RHI,SP500
2019-07-02,ROK,SP500
2019-07-02,ROL,SP500
2019-07-02,ROP,SP500
2019-07-02,RSG,SP500
2019-07-02,RTN,SP500
2019-07-02,SNA,SP500
2019-07-02,SWK,SP500
2019-07-02,TDG,SP500
2019-07-02,TXT,SP500
2019-07-02,UAL,SP500
2019-07-02,UNP,SP500
2019-07-02,UPS,SP500
2019-07-02,URI,SP500
2019-07-02,UTX,SP500
2019-07-02,VRSK,SP500
2019-07-02,WAB,SP500
2019-07-02,WM,SP500
2019-07-02,XYL,SP500
2019-08-01,AAL,SP500
2019-08-01,ALK,SP500
2019-08-01,ALLE,SP500
2019-08-01,AME,SP500
2019-08-01,AOS,SP500
2019-08-01,ARNC,SP500
2019-08-01,BA,SP500
2019-08-01,CAT,SP500
2019-08-01,CHRW,SP500
2019-08-01,CMI,SP500
2019-08-01,CPRT,SP500
2019-08-01,CSX,SP500
2019-08-01,CTAS,SP500
2019-08-01,DAL,SP500
2019-08-01,DE,SP500
2019-08-01,DOV,SP500
2019-08-01,EFX,SP500
2019-08-01,EMR,SP500
2019-08-01,ETN,SP500
2019-08-01,EXPD,SP500
2019-08-01,FAST,SP500
2019-08-01,FBHS,SP500
2019-08-01,FDX,SP500
2019-08-01,FLS,SP500
2019-08-01,FTV,SP500
2019-08-01,GD,SP500
2019-08-01,GE,SP500
2019-08-01,GWW,SP500
2019-08-01,HII,SP500
2019-08-01,HON,SP500
2019-08-01,INFO,SP500
2019-08-01,IR,SP500
2019-08-01,ITW,SP500
2019-08-01,JBHT,SP500
2019-08-01,JCI,SP500
2019-08-01,JEC,SP500
2019-08-01,KSU,SP500
2019-08-01,LHX,SP500
2019-08-01,LMT,SP500
2019-08-01,LUV,SP500
2019-08-01,MAS,SP500
2019-08-01,MMM,SP500
2019-08-01,NLSN,SP500
2019-08-01,NOC,SP500
2019-08-01,NSC,SP500
2019-08-01,PCAR,SP500
2019-08-01,PH,SP500
2019-08-01,PNR,SP500
2019-08-01,PWR,SP500
2019-08-01,RHI,SP500
2019-08-01,ROK,SP500
2019-08-01,ROL,SP500
2019-08-01,ROP,SP500
2019-08-01,RSG,SP500
2019-08-01,RTN,SP500
2019-08-01,SNA,SP500
2019-08-01,SWK,SP500
2019-08-01,TDG,SP500
2019-08-01,TXT,SP500
2019-08-01,UAL,SP500
2019-08-01,UNP,SP500
2019-08-01,UPS,SP500
2019-08-01,URI,SP500
2019-08-01,UTX,SP500
2019-08-01,VRSK,SP500
2019-08-01,WAB,SP500
2019-08-01,WM,SP500
2019-08-01,XYL,SP500
2019-09-04,AAL,SP500
2019-09-04,ALK,SP500
2019-09-04,ALLE,SP500
2019-09-04,AME,SP500
2019-09-04,AOS,SP500
2019-09-04,ARNC,SP500
2019-09-04,BA,SP500
2019-09-04,CAT,SP500
2019-09-04,CHRW,SP500
2019-09-04,CMI,SP500
2019-09-04,CPRT,SP500
2019-09-04,CSX,SP500
2019-09-04,CTAS,SP500
2019-09-04,DAL,SP500
2019-09-04,DE,SP500
2019-09-04,DOV,SP500
2019-09-04,EFX,SP500
2019-09-04,EMR,SP500
2019-09-04,ETN,SP500
2019-09-04,EXPD,SP500
2019-09-04,FAST,SP500
2019-09-04,FBHS,SP500
2019-09-04,FDX,SP500
2019-09-04,FLS,SP500
2019-09-04,FTV,SP500
2019-09-04,GD,SP500
2019-09-04,GE,SP500
2019-09-04,GWW,SP500
2019-09-04,HII,SP500
2019-09-04,HON,SP500
2019-09-04,IEX,SP500
2019-09-04,INFO,SP500
2019-09-04,IR,SP500
2019-09-04,ITW,SP500
2019-09-04,JBHT,SP500
2019-09-04,JCI,SP500
2019-09-04,JEC,SP500
2019-09-04,KSU,SP500
2019-09-04,LHX,SP500
2019-09-04,LMT,SP500
2019-09-04,LUV,SP500
2019-09-04,MAS,SP500
2019-09-04,MMM,SP500
2019-09-04,NLSN,SP500
2019-09-04,NOC,SP500
2019-09-04,NSC,SP500
2019-09-04,PCAR,SP500
2019-09-04,PH,SP500
2019-09-04,PNR,SP500
2019-09-04,PWR,SP500
2019-09-04,RHI,SP500
2019-09-04,ROK,SP500
2019-09-04,ROL,SP500
2019-09-04,ROP,SP500
2019-09-04,RSG,SP500
2019-09-04,RTN,SP500
2019-09-04,SNA,SP500
2019-09-04,SWK,SP500
2019-09-04,TDG,SP500
2019-09-04,TXT,SP500
2019-09-04,UAL,SP500
2019-09-04,UNP,SP500
2019-09-04,UPS,SP500
2019-09-04,URI,SP500
2019-09-04,UTX,SP500
2019-09-04,VRSK,SP500
2019-09-04,WAB,SP500
2019-09-04,WM,SP500
2019-09-04,XYL,SP500
2019-10-01,AAL,SP500
2019-10-01,ALK,SP500
2019-10-01,ALLE,SP500
2019-10-01,AME,SP500
2019-10-01,AOS,SP500
2019-10-01,ARNC,SP500
2019-10-01,BA,SP500
2019-10-01,CAT,SP500
2019-10-01,CHRW,SP500
2019-10-01,CMI,SP500
2019-10-01,CPRT,SP500
2019-10-01,CSX,SP500
2019-10-01,CTAS,SP500
2019-10-01,DAL,SP500
2019-10-01,DE,SP500
2019-10-01,DOV,SP500
2019-10-01,EFX,SP500
2019-10-01,EMR,SP500
2019-10-01,ETN,SP500
2019-10-01,EXPD,SP500
2019-10-01,FAST,SP500
2019-10-01,FBHS,SP500
2019-10-01,FDX,SP500
2019-10-01,FLS,SP500
2019-10-01,FTV,SP500
2019-10-01,GD,SP500
2019-10-01,GE,SP500
2019-10-01,GWW,SP500
2019-10-01,HII,SP500
2019-10-01,HON,SP500
2019-10-01,IEX,SP500
2019-10-01,INFO,SP500
2019-10-01,IR,SP500
2019-10-01,ITW,SP500
2019-10-01,JBHT,SP500
2019-10-01,JCI,SP500
2019-10-01,JEC,SP500
2019-10-01,KSU,SP500
2019-10-01,LHX,SP500
2019-10-01,LMT,SP500
2019-10-01,LUV,SP500
2019-10-01,MAS,SP500
2019-10-01,MMM,SP500
2019-10-01,NLSN,SP500
2019-10-01,NOC,SP500
2019-10-01,NSC,SP500
2019-10-01,PCAR,SP500
2019-10-01,PH,SP500
2019-10-01,PNR,SP500
2019-10-01,PWR,SP500
2019-10-01,RHI,SP500
2019-10-01,ROK,SP500
2019-10-01,ROL,SP500
2019-10-01,ROP,SP500
2019-10-01,RSG,SP500
2019-10-01,RTN,SP500
2019-10-01,SNA,SP500
2019-10-01,SWK,SP500
2019-10-01,TDG,SP500
2019-10-01,TXT,SP500
2019-10-01,UAL,SP500
2019-10-01,UNP,SP500
2019-10-01,UPS,SP500
2019-10-01,URI,SP500
2019-10-01,UTX,SP500
2019-10-01,VRSK,SP500
2019-10-01,WAB,SP500
2019-10-01,WM,SP500
2019-10-01,XYL,SP500
2019-11-01,AAL,SP500
2019-11-01,ALK,SP500
2019-11-01,ALLE,SP500
2019-11-01,AME,SP500
2019-11-01,AOS,SP500
2019-11-01,ARNC,SP500
2019-11-01,BA,SP500
2019-11-01,CAT,SP500
2019-11-01,CHRW,SP500
2019-11-01,CMI,SP500
2019-11-01,CPRT,SP500
2019-11-01,CSX,SP500
2019-11-01,CTAS,SP500
2019-11-01,DAL,SP500
2019-11-01,DE,SP500
2019-11-01,DOV,SP500
2019-11-01,EFX,SP500
2019-11-01,EMR,SP500
2019-11-01,ETN,SP500
2019-11-01,EXPD,SP500
2019-11-01,FAST,SP500
2019-11-01,FBHS,SP500
2019-11-01,FDX,SP500
2019-11-01,FLS,SP500
2019-11-01,FTV,SP500
2019-11-01,GD,SP500
2019-11-01,GE,SP500
2019-11-01,GWW,SP500
2019-11-01,HII,SP500
2019-11-01,HON,SP500
2019-11-01,IEX,SP500
2019-11-01,INFO,SP500
2019-11-01,IR,SP500
2019-11-01,ITW,SP500
2019-11-01,JBHT,SP500
2019-11-01,JCI,SP500
2019-11-01,JEC,SP500
2019-11-01,KSU,SP500
2019-11-01,LHX,SP500
2019-11-01,LMT,SP500
2019-11-01,LUV,SP500
2019-11-01,MAS,SP500
2019-11-01,MMM,SP500
2019-11-01,NLSN,SP500
2019-11-01,NOC,SP500
2019-11-01,NSC,SP500
2019-11-01,PCAR,SP500
2019-11-01,PH,SP500
2019-11-01,PNR,SP500
2019-11-01,PWR,SP500
2019-11-01,RHI,SP500
2019-11-01,ROK,SP500
2019-11-01,ROL,SP500
2019-11-01,ROP,SP500
2019-11-01,RSG,SP500
2019-11-01,RTN,SP500
2019-11-01,SNA,SP500
2019-11-01,SWK,SP500
2019-11-01,TDG,SP500
2019-11-01,TXT,SP500
2019-11-01,UAL,SP500
2019-11-01,UNP,SP500
2019-11-01,UPS,SP500
2019-11-01,URI,SP500
2019-11-01,UTX,SP500
2019-11-01,VRSK,SP500
2019-11-01,WAB,SP500
2019-11-01,WM,SP500
2019-11-01,XYL,SP500
2019-12-03,AAL,SP500
2019-12-03,ALK,SP500
2019-12-03,ALLE,SP500
2019-12-03,AME,SP500
2019-12-03,AOS,SP500
2019-12-03,ARNC,SP500
2019-12-03,BA,SP500
2019-12-03,CAT,SP500
2019-12-03,CHRW,SP500
2019-12-03,CMI,SP500
2019-12-03,CPRT,SP500
2019-12-03,CSX,SP500
2019-12-03,CTAS,SP500
2019-12-03,DAL,SP500
2019-12-03,DE,SP500
2019-12-03,DOV,SP500
2019-12-03,EFX,SP500
2019-12-03,EMR,SP500
2019-12-03,ETN,SP500
2019-12-03,EXPD,SP500
2019-12-03,FAST,SP500
2019-12-03,FBHS,SP500
2019-12-03,FDX,SP500
2019-12-03,FLS,SP500
2019-12-03,FTV,SP500
2019-12-03,GD,SP500
2019-12-03,GE,SP500
2019-12-03,GWW,SP500
2019-12-03,HII,SP500
2019-12-03,HON,SP500
2019-12-03,IEX,SP500
2019-12-03,INFO,SP500
2019-12-03,IR,SP500
2019-12-03,ITW,SP500
2019-12-03,JBHT,SP500
2019-12-03,JCI,SP500
2019-12-03,JEC,SP500
2019-12-03,KSU,SP500
2019-12-03,LHX,SP500
2019-12-03,LMT,SP500
2019-12-03,LUV,SP500
2019-12-03,MAS,SP500
2019-12-03,MMM,SP500
2019-12-03,NLSN,SP500
2019-12-03,NOC,SP500
2019-12-03,NSC,SP500
2019-12-03,PCAR,SP500
2019-12-03,PH,SP500
2019-12-03,PNR,SP500
2019-12-03,PWR,SP500
2019-12-03,RHI,SP500
2019-12-03,ROK,SP500
2019-12-03,ROL,SP500
2019-12-03,ROP,SP500
2019-12-03,RSG,SP500
2019-12-03,RTN,SP500
2019-12-03,SNA,SP500
2019-12-03,SWK,SP500
2019-12-03,TDG,SP500
2019-12-03,TXT,SP500
2019-12-03,UAL,SP500
2019-12-03,UNP,SP500
2019-12-03,UPS,SP500
2019-12-03,URI,SP500
2019-12-03,UTX,SP500
2019-12-03,VRSK,SP500
2019-12-03,WAB,SP500
2019-12-03,WM,SP500
2019-12-03,XYL,SP500
2020-01-01,AAL,SP500
2020-01-01,ALK,SP500
2020-01-01,ALLE,SP500
2020-01-01,AME,SP500
2020-01-01,AOS,SP500
2020-01-01,ARNC,SP500
2020-01-01,BA,SP500
2020-01-01,CAT,SP500
2020-01-01,CHRW,SP500
2020-01-01,CMI,SP500
2020-01-01,CPRT,SP500
2020-01-01,CSX,SP500
2020-01-01,CTAS,SP500
2020-01-01,DAL,SP500
2020-01-01,DE,SP500
2020-01-01,DOV,SP500
2020-01-01,EFX,SP500
2020-01-01,EMR,SP500
2020-01-01,ETN,SP500
2020-01-01,EXPD,SP500
2020-01-01,FAST,SP500
2020-01-01,FBHS,SP500
2020-01-01,FDX,SP500
2020-01-01,FLS,SP500
2020-01-01,FTV,SP500
2020-01-01,GD,SP500
2020-01-01,GE,SP500
2020-01-01,GWW,SP500
2020-01-01,HII,SP500
2020-01-01,HON,SP500
2020-01-01,IEX,SP500
2020-01-01,INFO,SP500
2020-01-01,IR,SP500
2020-01-01,ITW,SP500
2020-01-01,J,SP500
2020-01-01,JBHT,SP500
2020-01-01,JCI,SP500
2020-01-01,KSU,SP500
2020-01-01,LHX,SP500
2020-01-01,LMT,SP500
2020-01-01,LUV,SP500
2020-01-01,MAS,SP500
2020-01-01,MMM,SP500
2020-01-01,NLSN,SP500
2020-01-01,NOC,SP500
2020-01-01,NSC,SP500
2020-01-01,ODFL,SP500
2020-01-01,PCAR,SP500
2020-01-01,PH,SP500
2020-01-01,PNR,SP500
2020-01-01,PWR,SP500
2020-01-01,RHI,SP500
2020-01-01,ROK,SP500
2020-01-01,ROL,SP500
2020-01-01,ROP,SP500
2020-01-01,RSG,SP500
2020-01-01,RTN,SP500
2020-01-01,SNA,SP500
2020-01-01,SWK,SP500
2020-01-01,TDG,SP500
2020-01-01,TXT,SP500
2020-01-01,UAL,SP500
2020-01-01,UNP,SP500
2020-01-01,UPS,SP500
2020-01-01,URI,SP500
2020-01-01,UTX,SP500
2020-01-01,VRSK,SP500
2020-01-01,WAB,SP500
2020-01-01,WM,SP500
2020-01-01,XYL,SP500
2020-02-04,AAL,SP500
2020-02-04,ALK,SP500
2020-02-04,ALLE,SP500
2020-02-04,AME,SP500
2020-02-04,AOS,SP500
2020-02-04,ARNC,SP500
2020-02-04,BA,SP500
2020-02-04,CAT,SP500
2020-02-04,CHRW,SP500
2020-02-04,CMI,SP500
2020-02-04,CPRT,SP500
2020-02-04,CSX,SP500
2020-02-04,CTAS,SP500
2020-02-04,DAL,SP500
2020-02-04,DE,SP500
2020-02-04,DOV,SP500
2020-02-04,EFX,SP500
2020-02-04,EMR,SP500
2020-02-04,ETN,SP500
2020-02-04,EXPD,SP500
2020-02-04,FAST,SP500
2020-02-04,FBHS,SP500
2020-02-04,FDX,SP500
2020-02-04,FLS,SP500
2020-02-04,FTV,SP500
2020-02-04,GD,SP500
2020-02-04,GE,SP500
2020-02-04,GWW,SP500
2020-02-04,HII,SP500
2020-02-04,HON,SP500
2020-02-04,IEX,SP500
2020-02-04,INFO,SP500
2020-02-04,IR,SP500
2020-02-04,ITW,SP500
2020-02-04,J,SP500
2020-02-04,JBHT,SP500
2020-02-04,JCI,SP500
2020-02-04,KSU,SP500
2020-02-04,LHX,SP500
2020-02-04,LMT,SP500
2020-02-04,LUV,SP500
2020-02-04,MAS,SP500
2020-02-04,MMM,SP500
2020-02-04,NLSN,SP500
2020-02-04,NOC,SP500
2020-02-04,NSC,SP500
2020-02-04,ODFL,SP500
2020-02-04,PCAR,SP500
2020-02-04,PH,SP500
2020-02-04,PNR,SP500
2020-02-04,PWR,SP500
2020-02-04,RHI,SP500
2020-02-04,ROK,SP500
2020-02-04,ROL,SP500
2020-02-04,ROP,SP500
2020-02-04,RSG,SP500
2020-02-04,RTN,SP500
2020-02-04,SNA,SP500
2020-02-04,SWK,SP500
2020-02-04,TDG,SP500
2020-02-04,TXT,SP500
2020-02-04,UAL,SP500
2020-02-04,UNP,SP500
2020-02-04,UPS,SP500
2020-02-04,URI,SP500
2020-02-04,UTX,SP500
2020-02-04,VRSK,SP500
2020-02-04,WAB,SP500
2020-02-04,WM,SP500
2020-02-04,XYL,SP500
2020-03-03,AAL,SP500
2020-03-03,ALK,SP500
2020-03-03,ALLE,SP500
2020-03-03,AME,SP500
2020-03-03,AOS,SP500
2020-03-03,ARNC,SP500
2020-03-03,BA,SP500
2020-03-03,CAT,SP500
2020-03-03,CHRW,SP500
2020-03-03,CMI,SP500
2020-03-03,CPRT,SP500
2020-03-03,CSX,SP500
2020-03-03,CTAS,SP500
2020-03-03,DAL,SP500
2020-03-03,DE,SP500
2020-03-03,DOV,SP500
2020-03-03,EFX,SP500
2020-03-03,EMR,SP500
2020-03-03,ETN,SP500
2020-03-03,EXPD,SP500
2020-03-03,FAST,SP500
2020-03-03,FBHS,SP500
2020-03-03,FDX,SP500
2020-03-03,FLS,SP500
2020-03-03,FTV,SP500
2020-03-03,GD,SP500
2020-03-03,GE,SP500
2020-03-03,GWW,SP500
2020-03-03,HII,SP500
2020-03-03,HON,SP500
2020-03-03,IEX,SP500
2020-03-03,INFO,SP500
2020-03-03,ITW,SP500
2020-03-03,J,SP500
2020-03-03,JBHT,SP500
2020-03-03,JCI,SP500
2020-03-03,KSU,SP500
2020-03-03,LHX,SP500
2020-03-03,LMT,SP500
2020-03-03,LUV,SP500
2020-03-03,MAS,SP500
2020-03-03,MMM,SP500
2020-03-03,NLSN,SP500
2020-03-03,NOC,SP500
2020-03-03,NSC,SP500
2020-03-03,ODFL,SP500
2020-03-03,PCAR,SP500
2020-03-03,PH,SP500
2020-03-03,PNR,SP500
2020-03-03,PWR,SP500
2020-03-03,RHI,SP500
2020-03-03,ROK,SP500
2020-03-03,ROL,SP500
2020-03-03,ROP,SP500
2020-03-03,RSG,SP500
2020-03-03,RTN,SP500
2020-03-03,SNA,SP500
2020-03-03,SWK,SP500
2020-03-03,TDG,SP500
2020-03-03,TT,SP500
2020-03-03,TXT,SP500
2020-03-03,UAL,SP500
2020-03-03,UNP,SP500
2020-03-03,UPS,SP500
2020-03-03,URI,SP500
2020-03-03,UTX,SP500
2020-03-03,VRSK,SP500
2020-03-03,WAB,SP500
2020-03-03,WM,SP500
2020-03-03,XYL,SP500
2020-04-01,AAL,SP500
2020-04-01,ALK,SP500
2020-04-01,ALLE,SP500
2020-04-01,AME,SP500
2020-04-01,AOS,SP500
2020-04-01,ARNC,SP500
2020-04-01,BA,SP500
2020-04-01,CAT,SP500
2020-04-01,CHRW,SP500
2020-04-01,CMI,SP500
2020-04-01,CPRT,SP500
2020-04-01,CSX,SP500
2020-04-01,CTAS,SP500
2020-04-01,DAL,SP500
2020-04-01,DE,SP500
2020-04-01,DOV,SP500
2020-04-01,EFX,SP500
2020-04-01,EMR,SP500
2020-04-01,ETN,SP500
2020-04-01,EXPD,SP500
2020-04-01,FAST,SP500
2020-04-01,FBHS,SP500
2020-04-01,FDX,SP500
2020-04-01,FLS,SP500
2020-04-01,FTV,SP500
2020-04-01,GD,SP500
2020-04-01,GE,SP500
2020-04-01,GWW,SP500
2020-04-01,HII,SP500
2020-04-01,HON,SP500
2020-04-01,IEX,SP500
2020-04-01,INFO,SP500
2020-04-01,IR,SP500
2020-04-01,ITW,SP500
2020-04-01,J,SP500
2020-04-01,JBHT,SP500
2020-04-01,JCI,SP500
2020-04-01,KSU,SP500
2020-04-01,LHX,SP500
2020-04-01,LMT,SP500
2020-04-01,LUV,SP500
2020-04-01,MAS,SP500
2020-04-01,MMM,SP500
2020-04-01,NLSN,SP500
2020-04-01,NOC,SP500
2020-04-01,NSC,SP500
2020-04-01,ODFL,SP500
2020-04-01,PCAR,SP500
2020-04-01,PH,SP500
2020-04-01,PNR,SP500
2020-04-01,PWR,SP500
2020-04-01,RHI,SP500
2020-04-01,ROK,SP500
2020-04-01,ROL,SP500
2020-04-01,ROP,SP500
2020-04-01,RSG,SP500
2020-04-01,RTN,SP500
2020-04-01,SNA,SP500
2020-04-01,SWK,SP500
2020-04-01,TDG,SP500
2020-04-01,TT,SP500
2020-04-01,TXT,SP500
2020-04-01,UAL,SP500
2020-04-01,UNP,SP500
2020-04-01,UPS,SP500
2020-04-01,URI,SP500
2020-04-01,UTX,SP500
2020-04-01,VRSK,SP500
2020-04-01,WAB,SP500
2020-04-01,WM,SP500
2020-04-01,XYL,SP500
2020-05-01,AAL,SP500
2020-05-01,ALK,SP500
2020-05-01,ALLE,SP500
2020-05-01,AME,SP500
2020-05-01,AOS,SP500
2020-05-01,BA,SP500
2020-05-01,CARR,SP500
2020-05-01,CAT,SP500
2020-05-01,CHRW,SP500
2020-05-01,CMI,SP500
2020-05-01,CPRT,SP500
2020-05-01,CSX,SP500
2020-05-01,CTAS,SP500
2020-05-01,DAL,SP500
2020-05-01,DE,SP500
2020-05-01,DOV,SP500
2020-05-01,EFX,SP500
2020-05-01,EMR,SP500
2020-05-01,ETN,SP500
2020-05-01,EXPD,SP500
2020-05-01,FAST,SP500
2020-05-01,FBHS,SP500
2020-05-01,FDX,SP500
2020-05-01,FLS,SP500
2020-05-01,FTV,SP500
2020-05-01,GD,SP500
2020-05-01,GE,SP500
2020-05-01,GWW,SP500
2020-05-01,HII,SP500
2020-05-01,HON,SP500
2020-05-01,HWM,SP500
2020-05-01,IEX,SP500
2020-05-01,INFO,SP500
2020-05-01,IR,SP500
2020-05-01,ITW,SP500
2020-05-01,J,SP500
2020-05-01,JBHT,SP500
2020-05-01,JCI,SP500
2020-05-01,KSU,SP500
2020-05-01,LHX,SP500
2020-05-01,LMT,SP500
2020-05-01,LUV,SP500
2020-05-01,MAS,SP500
2020-05-01,MMM,SP500
2020-05-01,NLSN,SP500
2020-05-01,NOC,SP500
2020-05-01,NSC,SP500
2020-05-01,ODFL,SP500
2020-05-01,OTIS,SP500
2020-05-01,PCAR,SP500
2020-05-01,PH,SP500
2020-05-01,PNR,SP500
2020-05-01,PWR,SP500
2020-05-01,RHI,SP500
2020-05-01,ROK,SP500
2020-05-01,ROL,SP500
2020-05-01,ROP,SP500
2020-05-01,RSG,SP500
2020-05-01,RTX,SP500
2020-05-01,SNA,SP500
2020-05-01,SWK,SP500
2020-05-01,TDG,SP500
2020-05-01,TT,SP500
2020-05-01,TXT,SP500
2020-05-01,UAL,SP500
2020-05-01,UNP,SP500
2020-05-01,UPS,SP500
2020-05-01,URI,SP500
2020-05-01,VRSK,SP500
2020-05-01,WAB,SP500
2020-05-01,WM,SP500
2020-05-01,XYL,SP500
2020-06-02,AAL,SP500
2020-06-02,ALK,SP500
2020-06-02,ALLE,SP500
2020-06-02,AME,SP500
2020-06-02,AOS,SP500
2020-06-02,BA,SP500
2020-06-02,CARR,SP500
2020-06-02,CAT,SP500
2020-06-02,CHRW,SP500
2020-06-02,CMI,SP500
2020-06-02,CPRT,SP500
2020-06-02,CSX,SP500
2020-06-02,CTAS,SP500
2020-06-02,DAL,SP500
2020-06-02,DE,SP500
2020-06-02,DOV,SP500
2020-06-02,EFX,SP500
2020-06-02,EMR,SP500
2020-06-02,ETN,SP500
2020-06-02,EXPD,SP500
2020-06-02,FAST,SP500
2020-06-02,FBHS,SP500
2020-06-02,FDX,SP500
2020-06-02,FLS,SP500
2020-06-02,FTV,SP500
2020-06-02,GD,SP500
2020-06-02,GE,SP500
2020-06-02,GWW,SP500
2020-06-02,HII,SP500
2020-06-02,HON,SP500
2020-06-02,HWM,SP500
2020-06-02,IEX,SP500
2020-06-02,INFO,SP500
2020-06-02,IR,SP500
2020-06-02,ITW,SP500
2020-06-02,J,SP500
2020-06-02,JBHT,SP500
2020-06-02,JCI,SP500
2020-06-02,KSU,SP500
2020-06-02,LHX,SP500
2020-06-02,LMT,SP500
2020-06-02,LUV,SP500
2020-06-02,MAS,SP500
2020-06-02,MMM,SP500
2020-06-02,NLSN,SP500
2020-06-02,NOC,SP500
2020-06-02,NSC,SP500
2020-06-02,ODFL,SP500
2020-06-02,OTIS,SP500
2020-06-02,PCAR,SP500
2020-06-02,PH,SP500
2020-06-02,PNR,SP500
2020-06-02,PWR,SP500
2020-06-02,RHI,SP500
2020-06-02,ROK,SP500
2020-06-02,ROL,SP500
2020-06-02,ROP,SP500
2020-06-02,RSG,SP500
2020-06-02,RTX,SP500
2020-06-02,SNA,SP500
2020-06-02,SWK,SP500
2020-06-02,TDG,SP500
2020-06-02,TT,SP500
2020-06-02,TXT,SP500
2020-06-02,UAL,SP500
2020-06-02,UNP,SP500
2020-06-02,UPS,SP500
2020-06-02,URI,SP500
2020-06-02,VRSK,SP500
2020-06-02,WAB,SP500
2020-06-02,WM,SP500
2020-06-02,XYL,SP500
2020-07-01,AAL,SP500
2020-07-01,ALK,SP500
2020-07-01,ALLE,SP500
2020-07-01,AME,SP500
2020-07-01,AOS,SP500
2020-07-01,BA,SP500
2020-07-01,CARR,SP500
2020-07-01,CAT,SP500
2020-07-01,CHRW,SP500
2020-07-01,CMI,SP500
2020-07-01,CPRT,SP500
2020-07-01,CSX,SP500
2020-07-01,CTAS,SP500
2020-07-01,DAL,SP500
2020-07-01,DE,SP500
2020-07-01,DOV,SP500
2020-07-01,EFX,SP500
2020-07-01,EMR,SP500
2020-07-01,ETN,SP500
2020-07-01,EXPD,SP500
2020-07-01,FAST,SP500
2020-07-01,FBHS,SP500
2020-07-01,FDX,SP500
2020-07-01,FLS,SP500
2020-07-01,FTV,SP500
2020-07-01,GD,SP500
2020-07-01,GE,SP500
2020-07-01,GWW,SP500
2020-07-01,HII,SP500
2020-07-01,HON,SP500
2020-07-01,HWM,SP500
2020-07-01,IEX,SP500
2020-07-01,INFO,SP500
2020-07-01,IR,SP500
2020-07-01,ITW,SP500
2020-07-01,J,SP500
2020-07-01,JBHT,SP500
2020-07-01,JCI,SP500
2020-07-01,KSU,SP500
2020-07-01,LHX,SP500
2020-07-01,LMT,SP500
2020-07-01,LUV,SP500
2020-07-01,MAS,SP500
2020-07-01,MMM,SP500
2020-07-01,NLSN,SP500
2020-07-01,NOC,SP500
2020-07-01,NSC,SP500
2020-07-01,ODFL,SP500
2020-07-01,OTIS,SP500
2020-07-01,PCAR,SP500
2020-07-01,PH,SP500
2020-07-01,PNR,SP500
2020-07-01,PWR,SP500
2020-07-01,RHI,SP500
2020-07-01,ROK,SP500
2020-07-01,ROL,SP500
2020-07-01,ROP,SP500
2020-07-01,RSG,SP500
2020-07-01,RTX,SP500
2020-07-01,SNA,SP500
2020-07-01,SWK,SP500
2020-07-01,TDG,SP500
2020-07-01,TDY,SP500
2020-07-01,TT,SP500
2020-07-01,TXT,SP500
2020-07-01,UAL,SP500
2020-07-01,UNP,SP500
2020-07-01,UPS,SP500
2020-07-01,URI,SP500
2020-07-01,VRSK,SP500
2020-07-01,WAB,SP500
2020-07-01,WM,SP500
2020-07-01,XYL,SP500
2020-08-01,AAL,SP500
2020-08-01,ALK,SP500
2020-08-01,ALLE,SP500
2020-08-01,AME,SP500
2020-08-01,AOS,SP500
2020-08-01,BA,SP500
2020-08-01,CARR,SP500
2020-08-01,CAT,SP500
2020-08-01,CHRW,SP500
2020-08-01,CMI,SP500
2020-08-01,CPRT,SP500
2020-08-01,CSX,SP500
2020-08-01,CTAS,SP500
2020-08-01,DAL,SP500
2020-08-01,DE,SP500
2020-08-01,DOV,SP500
2020-08-01,EFX,SP500
2020-08-01,EMR,SP500
2020-08-01,ETN,SP500
2020-08-01,EXPD,SP500
2020-08-01,FAST,SP500
2020-08-01,FBHS,SP500
2020-08-01,FDX,SP500
2020-08-01,FLS,SP500
2020-08-01,FTV,SP500
2020-08-01,GD,SP500
2020-08-01,GE,SP500
2020-08-01,GWW,SP500
2020-08-01,HII,SP500
2020-08-01,HON,SP500
2020-08-01,HWM,SP500
2020-08-01,IEX,SP500
2020-08-01,INFO,SP500
2020-08-01,IR,SP500
2020-08-01,ITW,SP500
2020-08-01,J,SP500
2020-08-01,JBHT,SP500
2020-08-01,JCI,SP500
2020-08-01,KSU,SP500
2020-08-01,LHX,SP500
2020-08-01,LMT,SP500
2020-08-01,LUV,SP500
2020-08-01,MAS,SP500
2020-08-01,MMM,SP500
2020-08-01,NLSN,SP500
2020-08-01,NOC,SP500
2020-08-01,NSC,SP500
2020-08-01,ODFL,SP500
2020-08-01,OTIS,SP500
2020-08-01,PCAR,SP500
2020-08-01,PH,SP500
2020-08-01,PNR,SP500
2020-08-01,PWR,SP500
2020-08-01,RHI,SP500
2020-08-01,ROK,SP500
2020-08-01,ROL,SP500
2020-08-01,ROP,SP500
2020-08-01,RSG,SP500
2020-08-01,RTX,SP500
2020-08-01,SNA,SP500
2020-08-01,SWK,SP500
2020-08-01,TDG,SP500
2020-08-01,TDY,SP500
2020-08-01,TT,SP500
2020-08-01,TXT,SP500
2020-08-01,UAL,SP500
2020-08-01,UNP,SP500
2020-08-01,UPS,SP500
2020-08-01,URI,SP500
2020-08-01,VRSK,SP500
2020-08-01,WAB,SP500
2020-08-01,WM,SP500
2020-08-01,XYL,SP500
2020-09-01,AAL,SP500
2020-09-01,ALK,SP500
2020-09-01,ALLE,SP500
2020-09-01,AME,SP500
2020-09-01,AOS,SP500
2020-09-01,BA,SP500
2020-09-01,CARR,SP500
2020-09-01,CAT,SP500
2020-09-01,CHRW,SP500
2020-09-01,CMI,SP500
2020-09-01,CPRT,SP500
2020-09-01,CSX,SP500
2020-09-01,CTAS,SP500
2020-09-01,DAL,SP500
2020-09-01,DE,SP500
2020-09-01,DOV,SP500
2020-09-01,EFX,SP500
2020-09-01,EMR,SP500
2020-09-01,ETN,SP500
2020-09-01,EXPD,SP500
2020-09-01,FAST,SP500
2020-09-01,FBHS,SP500
2020-09-01,FDX,SP500
2020-09-01,FLS,SP500
2020-09-01,FTV,SP500
2020-09-01,GD,SP500
2020-09-01,GE,SP500
2020-09-01,GWW,SP500
2020-09-01,HII,SP500
2020-09-01,HON,SP500
2020-09-01,HWM,SP500
2020-09-01,IEX,SP500
2020-09-01,INFO,SP500
2020-09-01,IR,SP500
2020-09-01,ITW,SP500
2020-09-01,J,SP500
2020-09-01,JBHT,SP500
2020-09-01,JCI,SP500
2020-09-01,KSU,SP500
2020-09-01,LHX,SP500
2020-09-01,LMT,SP500
2020-09-01,LUV,SP500
2020-09-01,MAS,SP500
2020-09-01,MMM,SP500
2020-09-01,NLSN,SP500
2020-09-01,NOC,SP500
2020-09-01,NSC,SP500
2020-09-01,ODFL,SP500
2020-09-01,OTIS,SP500
2020-09-01,PCAR,SP500
2020-09-01,PH,SP500
2020-09-01,PNR,SP500
2020-09-01,PWR,SP500
2020-09-01,RHI,SP500
2020-09-01,ROK,SP500
2020-09-01,ROL,SP500
2020-09-01,ROP,SP500
2020-09-01,RSG,SP500
2020-09-01,RTX,SP500
2020-09-01,SNA,SP500
2020-09-01,SWK,SP500
2020-09-01,TDG,SP500
2020-09-01,TDY,SP500
2020-09-01,TT,SP500
2020-09-01,TXT,SP500
2020-09-01,UAL,SP500
2020-09-01,UNP,SP500
2020-09-01,UPS,SP500
2020-09-01,URI,SP500
2020-09-01,VRSK,SP500
2020-09-01,WAB,SP500
2020-09-01,WM,SP500
2020-09-01,XYL,SP500
2020-10-01,AAL,SP500
2020-10-01,ALK,SP500
2020-10-01,ALLE,SP500
2020-10-01,AME,SP500
2020-10-01,AOS,SP500
2020-10-01,BA,SP500
2020-10-01,CARR,SP500
2020-10-01,CAT,SP500
2020-10-01,CHRW,SP500
2020-10-01,CMI,SP500
2020-10-01,CPRT,SP500
2020-10-01,CSX,SP500
2020-10-01,CTAS,SP500
2020-10-01,DAL,SP500
2020-10-01,DE,SP500
2020-10-01,DOV,SP500
2020-10-01,EFX,SP500
2020-10-01,EMR,SP500
2020-10-01,ETN,SP500
2020-10-01,EXPD,SP500
2020-10-01,FAST,SP500
2020-10-01,FBHS,SP500
2020-10-01,FDX,SP500
2020-10-01,FLS,SP500
2020-10-01,FTV,SP500
2020-10-01,GD,SP500
2020-10-01,GE,SP500
2020-10-01,GWW,SP500
2020-10-01,HII,SP500
2020-10-01,HON,SP500
2020-10-01,HWM,SP500
2020-10-01,IEX,SP500
2020-10-01,INFO,SP500
2020-10-01,IR,SP500
2020-10-01,ITW,SP500
2020-10-01,J,SP500
2020-10-01,JBHT,SP500
2020-10-01,JCI,SP500
2020-10-01,KSU,SP500
2020-10-01,LHX,SP500
2020-10-01,LMT,SP500
2020-10-01,LUV,SP500
2020-10-01,MAS,SP500
2020-10-01,MMM,SP500
2020-10-01,NLSN,SP500
2020-10-01,NOC,SP500
2020-10-01,NSC,SP500
2020-10-01,ODFL,SP500
2020-10-01,OTIS,SP500
2020-10-01,PCAR,SP500
2020-10-01,PH,SP500
2020-10-01,PNR,SP500
2020-10-01,PWR,SP500
2020-10-01,RHI,SP500
2020-10-01,ROK,SP500
2020-10-01,ROL,SP500
2020-10-01,ROP,SP500
2020-10-01,RSG,SP500
2020-10-01,RTX,SP500
2020-10-01,SNA,SP500
2020-10-01,SWK,SP500
2020-10-01,TDG,SP500
2020-10-01,TDY,SP500
2020-10-01,TT,SP500
2020-10-01,TXT,SP500
2020-10-01,UAL,SP500
2020-10-01,UNP,SP500
2020-10-01,UPS,SP500
2020-10-01,URI,SP500
2020-10-01,VRSK,SP500
2020-10-01,WAB,SP500
2020-10-01,WM,SP500
2020-10-01,XYL,SP500
2020-11-03,AAL,SP500
2020-11-03,ALK,SP500
2020-11-03,ALLE,SP500
2020-11-03,AME,SP500
2020-11-03,AOS,SP500
2020-11-03,BA,SP500
2020-11-03,CARR,SP500
2020-11-03,CAT,SP500
2020-11-03,CHRW,SP500
2020-11-03,CMI,SP500
2020-11-03,CPRT,SP500
2020-11-03,CSX,SP500
2020-11-03,CTAS,SP500
2020-11-03,DAL,SP500
2020-11-03,DE,SP500
2020-11-03,DOV,SP500
2020-11-03,EFX,SP500
2020-11-03,EMR,SP500
2020-11-03,ETN,SP500
2020-11-03,EXPD,SP500
2020-11-03,FAST,SP500
2020-11-03,FBHS,SP500
2020-11-03,FDX,SP500
2020-11-03,FLS,SP500
2020-11-03,FTV,SP500
2020-11-03,GD,SP500
2020-11-03,GE,SP500
2020-11-03,GWW,SP500
2020-11-03,HII,SP500
2020-11-03,HON,SP500
2020-11-03,HWM,SP500
2020-11-03,IEX,SP500
2020-11-03,INFO,SP500
2020-11-03,IR,SP500
2020-11-03,ITW,SP500
2020-11-03,J,SP500
2020-11-03,JBHT,SP500
2020-11-03,JCI,SP500
2020-11-03,KSU,SP500
2020-11-03,LHX,SP500
2020-11-03,LMT,SP500
2020-11-03,LUV,SP500
2020-11-03,MAS,SP500
2020-11-03,MMM,SP500
2020-11-03,NLSN,SP500
2020-11-03,NOC,SP500
2020-11-03,NSC,SP500
2020-11-03,ODFL,SP500
2020-11-03,OTIS,SP500
2020-11-03,PCAR,SP500
2020-11-03,PH,SP500
2020-11-03,PNR,SP500
2020-11-03,PWR,SP500
2020-11-03,RHI,SP500
2020-11-03,ROK,SP500
2020-11-03,ROL,SP500
2020-11-03,ROP,SP500
2020-11-03,RSG,SP500
2020-11-03,RTX,SP500
2020-11-03,SNA,SP500
2020-11-03,SWK,SP500
2020-11-03,TDG,SP500
2020-11-03,TDY,SP500
2020-11-03,TT,SP500
2020-11-03,TXT,SP500
2020-11-03,UAL,SP500
2020-11-03,UNP,SP500
2020-11-03,UPS,SP500
2020-11-03,URI,SP500
2020-11-03,VRSK,SP500
2020-11-03,WAB,SP500
2020-11-03,WM,SP500
2020-11-03,XYL,SP500
2020-12-01,AAL,SP500
2020-12-01,ALK,SP500
2020-12-01,ALLE,SP500
2020-12-01,AME,SP500
2020-12-01,AOS,SP500
2020-12-01,BA,SP500
2020-12-01,CARR,SP500
2020-12-01,CAT,SP500
2020-12-01,CHRW,SP500
2020-12-01,CMI,SP500
2020-12-01,CPRT,SP500
2020-12-01,CSX,SP500
2020-12-01,CTAS,SP500
2020-12-01,DAL,SP500
2020-12-01,DE,SP500
2020-12-01,DOV,SP500
2020-12-01,EFX,SP500
2020-12-01,EMR,SP500
2020-12-01,ETN,SP500
2020-12-01,EXPD,SP500
2020-12-01,FAST,SP500
2020-12-01,FBHS,SP500
2020-12-01,FDX,SP500
2020-12-01,FLS,SP500
2020-12-01,FTV,SP500
2020-12-01,GD,SP500
2020-12-01,GE,SP500
2020-12-01,GWW,SP500
2020-12-01,HII,SP500
2020-12-01,HON,SP500
2020-12-01,HWM,SP500
2020-12-01,IEX,SP500
2020-12-01,INFO,SP500
2020-12-01,IR,SP500
2020-12-01,ITW,SP500
2020-12-01,J,SP500
2020-12-01,JBHT,SP500
2020-12-01,JCI,SP500
2020-12-01,KSU,SP500
2020-12-01,LHX,SP500
2020-12-01,LMT,SP500
2020-12-01,LUV,SP500
2020-12-01,MAS,SP500
2020-12-01,MMM,SP500
2020-12-01,NLSN,SP500
2020-12-01,NOC,SP500
2020-12-01,NSC,SP500
2020-12-01,ODFL,SP500
2020-12-01,OTIS,SP500
2020-12-01,PCAR,SP500
2020-12-01,PH,SP500
2020-12-01,PNR,SP500
2020-12-01,PWR,SP500
2020-12-01,RHI,SP500
2020-12-01,ROK,SP500
2020-12-01,ROL,SP500
2020-12-01,ROP,SP500
2020-12-01,RSG,SP500
2020-12-01,RTX,SP500
2020-12-01,SNA,SP500
2020-12-01,SWK,SP500
2020-12-01,TDG,SP500
2020-12-01,TDY,SP500
2020-12-01,TT,SP500
2020-12-01,TXT,SP500
2020-12-01,UAL,SP500
2020-12-01,UNP,SP500
2020-12-01,UPS,SP500
2020-12-01,URI,SP500
2020-12-01,VRSK,SP500
2020-12-01,WAB,SP500
2020-12-01,WM,SP500
2020-12-01,XYL,SP500
2021-01-01,AAL,SP500
2021-01-01,ALK,SP500
2021-01-01,ALLE,SP500
2021-01-01,AME,SP500
2021-01-01,AOS,SP500
2021-01-01,BA,SP500
2021-01-01,CARR,SP500
2021-01-01,CAT,SP500
2021-01-01,CHRW,SP500
2021-01-01,CMI,SP500
2021-01-01,CPRT,SP500
2021-01-01,CSX,SP500
2021-01-01,CTAS,SP500
2021-01-01,DAL,SP500
2021-01-01,DE,SP500
2021-01-01,DOV,SP500
2021-01-01,EFX,SP500
2021-01-01,EMR,SP500
2021-01-01,ETN,SP500
2021-01-01,EXPD,SP500
2021-01-01,FAST,SP500
2021-01-01,FBHS,SP500
2021-01-01,FDX,SP500
2021-01-01,FLS,SP500
2021-01-01,FTV,SP500
2021-01-01,GD,SP500
2021-01-01,GE,SP500
2021-01-01,GWW,SP500
2021-01-01,HII,SP500
2021-01-01,HON,SP500
2021-01-01,HWM,SP500
2021-01-01,IEX,SP500
2021-01-01,INFO,SP500
2021-01-01,IR,SP500
2021-01-01,ITW,SP500
2021-01-01,J,SP500
2021-01-01,JBHT,SP500
2021-01-01,JCI,SP500
2021-01-01,KSU,SP500
2021-01-01,LHX,SP500
2021-01-01,LMT,SP500
2021-01-01,LUV,SP500
2021-01-01,MAS,SP500
2021-01-01,MMM,SP500
2021-01-01,NLSN,SP500
2021-01-01,NOC,SP500
2021-01-01,NSC,SP500
2021-01-01,ODFL,SP500
2021-01-01,OTIS,SP500
2021-01-01,PCAR,SP500
2021-01-01,PH,SP500
2021-01-01,PNR,SP500
2021-01-01,PWR,SP500
2021-01-01,RHI,SP500
2021-01-01,ROK,SP500
2021-01-01,ROL,SP500
2021-01-01,ROP,SP500
2021-01-01,RSG,SP500
2021-01-01,RTX,SP500
2021-01-01,SNA,SP500
2021-01-01,SWK,SP500
2021-01-01,TDG,SP500
2021-01-01,TDY,SP500
2021-01-01,TT,SP500
2021-01-01,TXT,SP500
2021-01-01,UAL,SP500
2021-01-01,UNP,SP500
2021-01-01,UPS,SP500
2021-01-01,URI,SP500
2021-01-01,VRSK,SP500
2021-01-01,WAB,SP500
2021-01-01,WM,SP500
2021-01-01,XYL,SP500
2021-02-02,AAL,SP500
2021-02-02,ALK,SP500
2021-02-02,ALLE,SP500
2021-02-02,AME,SP500
2021-02-02,AOS,SP500
2021-02-02,BA,SP500
2021-02-02,CARR,SP500
2021-02-02,CAT,SP500
2021-02-02,CHRW,SP500
2021-02-02,CMI,SP500
2021-02-02,CPRT,SP500
2021-02-02,CSX,SP500
2021-02-02,CTAS,SP500
2021-02-02,DAL,SP500
2021-02-02,DE,SP500
2021-02-02,DOV,SP500
2021-02-02,EFX,SP500
2021-02-02,EMR,SP500
2021-02-02,ETN,SP500
2021-02-02,EXPD,SP500
2021-02-02,FAST,SP500
2021-02-02,FBHS,SP500
2021-02-02,FDX,SP500
2021-02-02,FLS,SP500
2021-02-02,FTV,SP500
2021-02-02,GD,SP500
2021-02-02,GE,SP500
2021-02-02,GWW,SP500
2021-02-02,HII,SP500
2021-02-02,HON,SP500
2021-02-02,HWM,SP500
2021-02-02,IEX,SP500
2021-02-02,INFO,SP500
2021-02-02,IR,SP500
2021-02-02,ITW,SP500
2021-02-02,J,SP500
2021-02-02,JBHT,SP500
2021-02-02,JCI,SP500
2021-02-02,KSU,SP500
2021-02-02,LHX,SP500
2021-02-02,LMT,SP500
2021-02-02,LUV,SP500
2021-02-02,MAS,SP500
2021-02-02,MMM,SP500
2021-02-02,NLSN,SP500
2021-02-02,NOC,SP500
2021-02-02,NSC,SP500
2021-02-02,ODFL,SP500
2021-02-02,OTIS,SP500
2021-02-02,PCAR,SP500
2021-02-02,PH,SP500
2021-02-02,PNR,SP500
2021-02-02,PWR,SP500
2021-02-02,RHI,SP500
2021-02-02,ROK,SP500
2021-02-02,ROL,SP500
2021-02-02,ROP,SP500
2021-02-02,RSG,SP500
2021-02-02,RTX,SP500
2021-02-02,SNA,SP500
2021-02-02,SWK,SP500
2021-02-02,TDG,SP500
2021-02-02,TDY,SP500
2021-02-02,TT,SP500
2021-02-02,TXT,SP500
2021-02-02,UAL,SP500
2021-02-02,UNP,SP500
2021-02-02,UPS,SP500
2021-02-02,URI,SP500
2021-02-02,VRSK,SP500
2021-02-02,WAB,SP500
2021-02-02,WM,SP500
2021-02-02,XYL,SP500
2021-03-02,AAL,SP500
2021-03-02,ALK,SP500
2021-03-02,ALLE,SP500
2021-03-02,AME,SP500
2021-03-02,AOS,SP500
2021-03-02,BA,SP500
2021-03-02,CARR,SP500
2021-03-02,CAT,SP500
2021-03-02,CHRW,SP500
2021-03-02,CMI,SP500
2021-03-02,CPRT,SP500
2021-03-02,CSX,SP500
2021-03-02,CTAS,SP500
2021-03-02,DAL,SP500
2021-03-02,DE,SP500
2021-03-02,DOV,SP500
2021-03-02,EFX,SP500
2021-03-02,EMR,SP500
2021-03-02,ETN,SP500
2021-03-02,EXPD,SP500
2021-03-02,FAST,SP500
2021-03-02,FBHS,SP500
2021-03-02,FDX,SP500
2021-03-02,FLS,SP500
2021-03-02,FTV,SP500
2021-03-02,GD,SP500
2021-03-02,GE,SP500
2021-03-02,GWW,SP500
2021-03-02,HII,SP500
2021-03-02,HON,SP500
2021-03-02,HWM,SP500
2021-03-02,IEX,SP500
2021-03-02,INFO,SP500
2021-03-02,IR,SP500
2021-03-02,ITW,SP500
2021-03-02,J,SP500
2021-03-02,JBHT,SP500
2021-03-02,JCI,SP500
2021-03-02,KSU,SP500
2021-03-02,LDOS,SP500
2021-03-02,LHX,SP500
2021-03-02,LMT,SP500
2021-03-02,LUV,SP500
2021-03-02,MAS,SP500
2021-03-02,MMM,SP500
2021-03-02,NLSN,SP500
2021-03-02,NOC,SP500
2021-03-02,NSC,SP500
2021-03-02,ODFL,SP500
2021-03-02,OTIS,SP500
2021-03-02,PCAR,SP500
2021-03-02,PH,SP500
2021-03-02,PNR,SP500
2021-03-02,PWR,SP500
2021-03-02,RHI,SP500
2021-03-02,ROK,SP500
2021-03-02,ROL,SP500
2021-03-02,ROP,SP500
2021-03-02,RSG,SP500
2021-03-02,RTX,SP500
2021-03-02,SNA,SP500
2021-03-02,SWK,SP500
2021-03-02,TDG,SP500
2021-03-02,TDY,SP500
2021-03-02,TT,SP500
2021-03-02,TXT,SP500
2021-03-02,UAL,SP500
2021-03-02,UNP,SP500
2021-03-02,UPS,SP500
2021-03-02,URI,SP500
2021-03-02,VRSK,SP500
2021-03-02,WAB,SP500
2021-03-02,WM,SP500
2021-03-02,XYL,SP500
2021-04-01,AAL,SP500
2021-04-01,ALK,SP500
2021-04-01,ALLE,SP500
2021-04-01,AME,SP500
2021-04-01,AOS,SP500
2021-04-01,BA,SP500
2021-04-01,CARR,SP500
2021-04-01,CAT,SP500
2021-04-01,CHRW,SP500
2021-04-01,CMI,SP500
2021-04-01,CPRT,SP500
2021-04-01,CSX,SP500
2021-04-01,CTAS,SP500
2021-04-01,DAL,SP500
2021-04-01,DE,SP500
2021-04-01,DOV,SP500
2021-04-01,EFX,SP500
2021-04-01,EMR,SP500
2021-04-01,ETN,SP500
2021-04-01,EXPD,SP500
2021-04-01,FAST,SP500
2021-04-01,FBHS,SP500
2021-04-01,FDX,SP500
2021-04-01,FTV,SP500
2021-04-01,GD,SP500
2021-04-01,GE,SP500
2021-04-01,GNRC,SP500
2021-04-01,GWW,SP500
2021-04-01,HII,SP500
2021-04-01,HON,SP500
2021-04-01,HWM,SP500
2021-04-01,IEX,SP500
2021-04-01,INFO,SP500
2021-04-01,IR,SP500
2021-04-01,ITW,SP500
2021-04-01,J,SP500
2021-04-01,JBHT,SP500
2021-04-01,JCI,SP500
2021-04-01,KSU,SP500
2021-04-01,LDOS,SP500
2021-04-01,LHX,SP500
2021-04-01,LMT,SP500
2021-04-01,LUV,SP500
2021-04-01,MAS,SP500
2021-04-01,MMM,SP500
2021-04-01,NLSN,SP500
2021-04-01,NOC,SP500
2021-04-01,NSC,SP500
2021-04-01,ODFL,SP500
2021-04-01,OTIS,SP500
2021-04-01,PCAR,SP500
2021-04-01,PH,SP500
2021-04-01,PNR,SP500
2021-04-01,PWR,SP500
2021-04-01,RHI,SP500
2021-04-01,ROK,SP500
2021-04-01,ROL,SP500
2021-04-01,ROP,SP500
2021-04-01,RSG,SP500
2021-04-01,RTX,SP500
2021-04-01,SNA,SP500
2021-04-01,SWK,SP500
2021-04-01,TDG,SP500
2021-04-01,TDY,SP500
2021-04-01,TT,SP500
2021-04-01,TXT,SP500
2021-04-01,UAL,SP500
2021-04-01,UNP,SP500
2021-04-01,UPS,SP500
2021-04-01,URI,SP500
2021-04-01,VRSK,SP500
2021-04-01,WAB,SP500
2021-04-01,WM,SP500
2021-04-01,XYL,SP500
2021-05-01,AAL,SP500
2021-05-01,ALK,SP500
2021-05-01,ALLE,SP500
2021-05-01,AME,SP500
2021-05-01,AOS,SP500
2021-05-01,BA,SP500
2021-05-01,CARR,SP500
2021-05-01,CAT,SP500
2021-05-01,CHRW,SP500
2021-05-01,CMI,SP500
2021-05-01,CPRT,SP500
2021-05-01,CSX,SP500
2021-05-01,CTAS,SP500
2021-05-01,DAL,SP500
2021-05-01,DE,SP500
2021-05-01,DOV,SP500
2021-05-01,EFX,SP500
2021-05-01,EMR,SP500
2021-05-01,ETN,SP500
2021-05-01,EXPD,SP500
2021-05-01,FAST,SP500
2021-05-01,FBHS,SP500
2021-05-01,FDX,SP500
2021-05-01,FTV,SP500
2021-05-01,GD,SP500
2021-05-01,GE,SP500
2021-05-01,GNRC,SP500
2021-05-01,GWW,SP500
2021-05-01,HII,SP500
2021-05-01,HON,SP500
2021-05-01,HWM,SP500
2021-05-01,IEX,SP500
2021-05-01,INFO,SP500
2021-05-01,IR,SP500
2021-05-01,ITW,SP500
2021-05-01,J,SP500
2021-05-01,JBHT,SP500
2021-05-01,JCI,SP500
2021-05-01,KSU,SP500
2021-05-01,LDOS,SP500
2021-05-01,LHX,SP500
2021-05-01,LMT,SP500
2021-05-01,LUV,SP500
2021-05-01,MAS,SP500
2021-05-01,MMM,SP500
2021-05-01,NLSN,SP500
2021-05-01,NOC,SP500
2021-05-01,NSC,SP500
2021-05-01,ODFL,SP500
2021-05-01,OTIS,SP500
2021-05-01,PCAR,SP500
2021-05-01,PH,SP500
2021-05-01,PNR,SP500
2021-05-01,PWR,SP500
2021-05-01,RHI,SP500
2021-05-01,ROK,SP500
2021-05-01,ROL,SP500
2021-05-01,ROP,SP500
2021-05-01,RSG,SP500
2021-05-01,RTX,SP500
2021-05-01,SNA,SP500
2021-05-01,SWK,SP500
2021-05-01,TDG,SP500
2021-05-01,TDY,SP500
2021-05-01,TT,SP500
2021-05-01,TXT,SP500
2021-05-01,UAL,SP500
2021-05-01,UNP,SP500
2021-05-01,UPS,SP500
2021-05-01,URI,SP500
2021-05-01,VRSK,SP500
2021-05-01,WAB,SP500
2021-05-01,WM,SP500
2021-05-01,XYL,SP500
2021-06-02,AAL,SP500
2021-06-02,ALK,SP500
2021-06-02,ALLE,SP500
2021-06-02,AME,SP500
2021-06-02,AOS,SP500
2021-06-02,BA,SP500
2021-06-02,CARR,SP500
2021-06-02,CAT,SP500
2021-06-02,CHRW,SP500
2021-06-02,CMI,SP500
2021-06-02,CPRT,SP500
2021-06-02,CSX,SP500
2021-06-02,CTAS,SP500
2021-06-02,DAL,SP500
2021-06-02,DE,SP500
2021-06-02,DOV,SP500
2021-06-02,EFX,SP500
2021-06-02,EMR,SP500
2021-06-02,ETN,SP500
2021-06-02,EXPD,SP500
2021-06-02,FAST,SP500
2021-06-02,FBHS,SP500
2021-06-02,FDX,SP500
2021-06-02,FTV,SP500
2021-06-02,GD,SP500
2021-06-02,GE,SP500
2021-06-02,GNRC,SP500
2021-06-02,GWW,SP500
2021-06-02,HII,SP500
2021-06-02,HON,SP500
2021-06-02,HWM,SP500
2021-06-02,IEX,SP500
2021-06-02,INFO,SP500
2021-06-02,IR,SP500
2021-06-02,ITW,SP500
2021-06-02,J,SP500
2021-06-02,JBHT,SP500
2021-06-02,JCI,SP500
2021-06-02,KSU,SP500
2021-06-02,LDOS,SP500
2021-06-02,LHX,SP500
2021-06-02,LMT,SP500
2021-06-02,LUV,SP500
2021-06-02,MAS,SP500
2021-06-02,MMM,SP500
2021-06-02,NLSN,SP500
2021-06-02,NOC,SP500
2021-06-02,NSC,SP500
2021-06-02,ODFL,SP500
2021-06-02,OTIS,SP500
2021-06-02,PCAR,SP500
2021-06-02,PH,SP500
2021-06-02,PNR,SP500
2021-06-02,PWR,SP500
2021-06-02,RHI,SP500
2021-06-02,ROK,SP500
2021-06-02,ROL,SP500
2021-06-02,ROP,SP500
2021-06-02,RSG,SP500
2021-06-02,RTX,SP500
2021-06-02,SNA,SP500
2021-06-02,SWK,SP500
2021-06-02,TDG,SP500
2021-06-02,TDY,SP500
2021-06-02,TT,SP500
2021-06-02,TXT,SP500
2021-06-02,UAL,SP500
2021-06-02,UNP,SP500
2021-06-02,UPS,SP500
2021-06-02,URI,SP500
2021-06-02,VRSK,SP500
2021-06-02,WAB,SP500
2021-06-02,WM,SP500
2021-06-02,XYL,SP500
2021-07-01,AAL,SP500
2021-07-01,ALK,SP500
2021-07-01,ALLE,SP500
2021-07-01,AME,SP500
2021-07-01,AOS,SP500
2021-07-01,BA,SP500
2021-07-01,CARR,SP500
2021-07-01,CAT,SP500
2021-07-01,CHRW,SP500
2021-07-01,CMI,SP500
2021-07-01,CPRT,SP500
2021-07-01,CSX,SP500
2021-07-01,CTAS,SP500
2021-07-01,DAL,SP500
2021-07-01,DE,SP500
2021-07-01,DOV,SP500
2021-07-01,EFX,SP500
2021-07-01,EMR,SP500
2021-07-01,ETN,SP500
2021-07-01,EXPD,SP500
2021-07-01,FAST,SP500
2021-07-01,FBHS,SP500
2021-07-01,FDX,SP500
2021-07-01,FTV,SP500
2021-07-01,GD,SP500
2021-07-01,GE,SP500
2021-07-01,GNRC,SP500
2021-07-01,GWW,SP500
2021-07-01,HII,SP500
2021-07-01,HON,SP500
2021-07-01,HWM,SP500
2021-07-01,IEX,SP500
2021-07-01,INFO,SP500
2021-07-01,IR,SP500
2021-07-01,ITW,SP500
2021-07-01,J,SP500
2021-07-01,JBHT,SP500
2021-07-01,JCI,SP500
2021-07-01,KSU,SP500
2021-07-01,LDOS,SP500
2021-07-01,LHX,SP500
2021-07-01,LMT,SP500
2021-07-01,LUV,SP500
2021-07-01,MAS,SP500
2021-07-01,MMM,SP500
2021-07-01,NLSN,SP500
2021-07-01,NOC,SP500
2021-07-01,NSC,SP500
2021-07-01,ODFL,SP500
2021-07-01,OTIS,SP500
2021-07-01,PCAR,SP500
2021-07-01,PH,SP500
2021-07-01,PNR,SP500
2021-07-01,PWR,SP500
2021-07-01,RHI,SP500
2021-07-01,ROK,SP500
2021-07-01,ROL,SP500
2021-07-01,ROP,SP500
2021-07-01,RSG,SP500
2021-07-01,RTX,SP500
2021-07-01,SNA,SP500
2021-07-01,SWK,SP500
2021-07-01,TDG,SP500
2021-07-01,TDY,SP500
2021-07-01,TT,SP500
2021-07-01,TXT,SP500
2021-07-01,UAL,SP500
2021-07-01,UNP,SP500
2021-07-01,UPS,SP500
2021-07-01,URI,SP500
2021-07-01,VRSK,SP500
2021-07-01,WAB,SP500
2021-07-01,WM,SP500
2021-07-01,XYL,SP500
2021-08-03,AAL,SP500
2021-08-03,ALK,SP500
2021-08-03,ALLE,SP500
2021-08-03,AME,SP500
2021-08-03,AOS,SP500
2021-08-03,BA,SP500
2021-08-03,CARR,SP500
2021-08-03,CAT,SP500
2021-08-03,CHRW,SP500
2021-08-03,CMI,SP500
2021-08-03,CPRT,SP500
2021-08-03,CSX,SP500
2021-08-03,CTAS,SP500
2021-08-03,DAL,SP500
2021-08-03,DE,SP500
2021-08-03,DOV,SP500
2021-08-03,EFX,SP500
2021-08-03,EMR,SP500
2021-08-03,ETN,SP500
2021-08-03,EXPD,SP500
2021-08-03,FAST,SP500
2021-08-03,FBHS,SP500
2021-08-03,FDX,SP500
2021-08-03,FTV,SP500
2021-08-03,GD,SP500
2021-08-03,GE,SP500
2021-08-03,GNRC,SP500
2021-08-03,GWW,SP500
2021-08-03,HII,SP500
2021-08-03,HON,SP500
2021-08-03,HWM,SP500
2021-08-03,IEX,SP500
2021-08-03,INFO,SP500
2021-08-03,IR,SP500
2021-08-03,ITW,SP500
2021-08-03,J,SP500
2021-08-03,JBHT,SP500
2021-08-03,JCI,SP500
2021-08-03,KSU,SP500
2021-08-03,LDOS,SP500
2021-08-03,LHX,SP500
2021-08-03,LMT,SP500
2021-08-03,LUV,SP500
2021-08-03,MAS,SP500
2021-08-03,MMM,SP500
2021-08-03,NLSN,SP500
2021-08-03,NOC,SP500
2021-08-03,NSC,SP500
2021-08-03,ODFL,SP500
2021-08-03,OTIS,SP500
2021-08-03,PCAR,SP500
2021-08-03,PH,SP500
2021-08-03,PNR,SP500
2021-08-03,PWR,SP500
2021-08-03,RHI,SP500
2021-08-03,ROK,SP500
2021-08-03,ROL,SP500
2021-08-03,ROP,SP500
2021-08-03,RSG,SP500
2021-08-03,RTX,SP500
2021-08-03,SNA,SP500
2021-08-03,SWK,SP500
2021-08-03,TDG,SP500
2021-08-03,TDY,SP500
2021-08-03,TT,SP500
2021-08-03,TXT,SP500
2021-08-03,UAL,SP500
2021-08-03,UNP,SP500
2021-08-03,UPS,SP500
2021-08-03,URI,SP500
2021-08-03,VRSK,SP500
2021-08-03,WAB,SP500
2021-08-03,WM,SP500
2021-08-03,XYL,SP500
2021-09-01,AAL,SP500
2021-09-01,ALK,SP500
2021-09-01,ALLE,SP500
2021-09-01,AME,SP500
2021-09-01,AOS,SP500
2021-09-01,BA,SP500
2021-09-01,CARR,SP500
2021-09-01,CAT,SP500
2021-09-01,CHRW,SP500
2021-09-01,CMI,SP500
2021-09-01,CPRT,SP500
2021-09-01,CSX,SP500
2021-09-01,CTAS,SP500
2021-09-01,DAL,SP500
2021-09-01,DE,SP500
2021-09-01,DOV,SP500
2021-09-01,EFX,SP500
2021-09-01,EMR,SP500
2021-09-01,ETN,SP500
2021-09-01,EXPD,SP500
2021-09-01,FAST,SP500
2021-09-01,FBHS,SP500
2021-09-01,FDX,SP500
2021-09-01,FTV,SP500
2021-09-01,GD,SP500
2021-09-01,GE,SP500
2021-09-01,GNRC,SP500
2021-09-01,GWW,SP500
2021-09-01,HII,SP500
2021-09-01,HON,SP500
2021-09-01,HWM,SP500
2021-09-01,IEX,SP500
2021-09-01,INFO,SP500
2021-09-01,IR,SP500
2021-09-01,ITW,SP500
2021-09-01,J,SP500
2021-09-01,JBHT,SP500
2021-09-01,JCI,SP500
2021-09-01,KSU,SP500
2021-09-01,LDOS,SP500
2021-09-01,LHX,SP500
2021-09-01,LMT,SP500
2021-09-01,LUV,SP500
2021-09-01,MAS,SP500
2021-09-01,MMM,SP500
2021-09-01,NLSN,SP500
2021-09-01,NOC,SP500
2021-09-01,NSC,SP500
2021-09-01,ODFL,SP500
2021-09-01,OTIS,SP500
2021-09-01,PCAR,SP500
2021-09-01,PH,SP500
2021-09-01,PNR,SP500
2021-09-01,PWR,SP500
2021-09-01,RHI,SP500
2021-09-01,ROK,SP500
2021-09-01,ROL,SP500
2021-09-01,ROP,SP500
2021-09-01,RSG,SP500
2021-09-01,RTX,SP500
2021-09-01,SNA,SP500
2021-09-01,SWK,SP500
2021-09-01,TDG,SP500
2021-09-01,TDY,SP500
2021-09-01,TT,SP500
2021-09-01,TXT,SP500
2021-09-01,UAL,SP500
2021-09-01,UNP,SP500
2021-09-01,UPS,SP500
2021-09-01,URI,SP500
2021-09-01,VRSK,SP500
2021-09-01,WAB,SP500
2021-09-01,WM,SP500
2021-09-01,XYL,SP500
2021-10-01,AAL,SP500
2021-10-01,ALK,SP500
2021-10-01,ALLE,SP500
2021-10-01,AME,SP500
2021-10-01,AOS,SP500
2021-10-01,BA,SP500
2021-10-01,CARR,SP500
2021-10-01,CAT,SP500
2021-10-01,CHRW,SP500
2021-10-01,CMI,SP500
2021-10-01,CPRT,SP500
2021-10-01,CSX,SP500
2021-10-01,CTAS,SP500
2021-10-01,DAL,SP500
2021-10-01,DE,SP500
2021-10-01,DOV,SP500
2021-10-01,EFX,SP500
2021-10-01,EMR,SP500
2021-10-01,ETN,SP500
2021-10-01,EXPD,SP500
2021-10-01,FAST,SP500
2021-10-01,FBHS,SP500
2021-10-01,FDX,SP500
2021-10-01,FTV,SP500
2021-10-01,GD,SP500
2021-10-01,GE,SP500
2021-10-01,GNRC,SP500
2021-10-01,GWW,SP500
2021-10-01,HII,SP500
2021-10-01,HON,SP500
2021-10-01,HWM,SP500
2021-10-01,IEX,SP500
2021-10-01,INFO,SP500
2021-10-01,IR,SP500
2021-10-01,ITW,SP500
2021-10-01,J,SP500
2021-10-01,JBHT,SP500
2021-10-01,JCI,SP500
2021-10-01,KSU,SP500
2021-10-01,LDOS,SP500
2021-10-01,LHX,SP500
2021-10-01,LMT,SP500
2021-10-01,LUV,SP500
2021-10-01,MAS,SP500
2021-10-01,MMM,SP500
2021-10-01,NLSN,SP500
2021-10-01,NOC,SP500
2021-10-01,NSC,SP500
2021-10-01,ODFL,SP500
2021-10-01,OTIS,SP500
2021-10-01,PCAR,SP500
2021-10-01,PH,SP500
2021-10-01,PNR,SP500
2021-10-01,PWR,SP500
2021-10-01,RHI,SP500
2021-10-01,ROK,SP500
2021-10-01,ROL,SP500
2021-10-01,ROP,SP500
2021-10-01,RSG,SP500
2021-10-01,RTX,SP500
2021-10-01,SNA,SP500
2021-10-01,SWK,SP500
2021-10-01,TDG,SP500
2021-10-01,TT,SP500
2021-10-01,TXT,SP500
2021-10-01,UAL,SP500
2021-10-01,UNP,SP500
2021-10-01,UPS,SP500
2021-10-01,URI,SP500
2021-10-01,VRSK,SP500
2021-10-01,WAB,SP500
2021-10-01,WM,SP500
2021-10-01,XYL,SP500
2021-11-02,AAL,SP500
2021-11-02,ALK,SP500
2021-11-02,ALLE,SP500
2021-11-02,AME,SP500
2021-11-02,AOS,SP500
2021-11-02,BA,SP500
2021-11-02,CARR,SP500
2021-11-02,CAT,SP500
2021-11-02,CHRW,SP500
2021-11-02,CMI,SP500
2021-11-02,CPRT,SP500
2021-11-02,CSX,SP500
2021-11-02,CTAS,SP500
2021-11-02,DAL,SP500
2021-11-02,DE,SP500
2021-11-02,DOV,SP500
2021-11-02,EFX,SP500
2021-11-02,EMR,SP500
2021-11-02,ETN,SP500
2021-11-02,EXPD,SP500
2021-11-02,FAST,SP500
2021-11-02,FBHS,SP500
2021-11-02,FDX,SP500
2021-11-02,FTV,SP500
2021-11-02,GD,SP500
2021-11-02,GE,SP500
2021-11-02,GNRC,SP500
2021-11-02,GWW,SP500
2021-11-02,HII,SP500
2021-11-02,HON,SP500
2021-11-02,HWM,SP500
2021-11-02,IEX,SP500
2021-11-02,INFO,SP500
2021-11-02,IR,SP500
2021-11-02,ITW,SP500
2021-11-02,J,SP500
2021-11-02,JBHT,SP500
2021-11-02,JCI,SP500
2021-11-02,KSU,SP500
2021-11-02,LDOS,SP500
2021-11-02,LHX,SP500
2021-11-02,LMT,SP500
2021-11-02,LUV,SP500
2021-11-02,MAS,SP500
2021-11-02,MMM,SP500
2021-11-02,NLSN,SP500
2021-11-02,NOC,SP500
2021-11-02,NSC,SP500
2021-11-02,ODFL,SP500
2021-11-02,OTIS,SP500
2021-11-02,PCAR,SP500
2021-11-02,PH,SP500
2021-11-02,PNR,SP500
2021-11-02,PWR,SP500
2021-11-02,RHI,SP500
2021-11-02,ROK,SP500
2021-11-02,ROL,SP500
2021-11-02,ROP,SP500
2021-11-02,RSG,SP500
2021-11-02,RTX,SP500
2021-11-02,SNA,SP500
2021-11-02,SWK,SP500
2021-11-02,TDG,SP500
2021-11-02,TT,SP500
2021-11-02,TXT,SP500
2021-11-02,UAL,SP500
2021-11-02,UNP,SP500
2021-11-02,UPS,SP500
2021-11-02,URI,SP500
2021-11-02,VRSK,SP500
2021-11-02,WAB,SP500
2021-11-02,WM,SP500
2021-11-02,XYL,SP500
2021-12-01,AAL,SP500
2021-12-01,ALK,SP500
2021-12-01,ALLE,SP500
2021-12-01,AME,SP500
2021-12-01,AOS,SP500
2021-12-01,BA,SP500
2021-12-01,CARR,SP500
2021-12-01,CAT,SP500
2021-12-01,CHRW,SP500
2021-12-01,CMI,SP500
2021-12-01,CPRT,SP500
2021-12-01,CSX,SP500
2021-12-01,CTAS,SP500
2021-12-01,DAL,SP500
2021-12-01,DE,SP500
2021-12-01,DOV,SP500
2021-12-01,EFX,SP500
2021-12-01,EMR,SP500
2021-12-01,ETN,SP500
2021-12-01,EXPD,SP500
2021-12-01,FAST,SP500
2021-12-01,FBHS,SP500
2021-12-01,FDX,SP500
2021-12-01,FTV,SP500
2021-12-01,GD,SP500
2021-12-01,GE,SP500
2021-12-01,GNRC,SP500
2021-12-01,GWW,SP500
2021-12-01,HII,SP500
2021-12-01,HON,SP500
2021-12-01,HWM,SP500
2021-12-01,IEX,SP500
2021-12-01,INFO,SP500
2021-12-01,IR,SP500
2021-12-01,ITW,SP500
2021-12-01,J,SP500
2021-12-01,JBHT,SP500
2021-12-01,JCI,SP500
2021-12-01,KSU,SP500
2021-12-01,LDOS,SP500
2021-12-01,LHX,SP500
2021-12-01,LMT,SP500
2021-12-01,LUV,SP500
2021-12-01,MAS,SP500
2021-12-01,MMM,SP500
2021-12-01,NLSN,SP500
2021-12-01,NOC,SP500
2021-12-01,NSC,SP500
2021-12-01,ODFL,SP500
2021-12-01,OTIS,SP500
2021-12-01,PCAR,SP500
2021-12-01,PH,SP500
2021-12-01,PNR,SP500
2021-12-01,PWR,SP500
2021-12-01,RHI,SP500
2021-12-01,ROK,SP500
2021-12-01,ROL,SP500
2021-12-01,ROP,SP500
2021-12-01,RSG,SP500
2021-12-01,RTX,SP500
2021-12-01,SNA,SP500
2021-12-01,SWK,SP500
2021-12-01,TDG,SP500
2021-12-01,TT,SP500
2021-12-01,TXT,SP500
2021-12-01,UAL,SP500
2021-12-01,UNP,SP500
2021-12-01,UPS,SP500
2021-12-01,URI,SP500
2021-12-01,VRSK,SP500
2021-12-01,WAB,SP500
2021-12-01,WM,SP500
2021-12-01,XYL,SP500
2022-01-01,AAL,SP500
2022-01-01,ALK,SP500
2022-01-01,ALLE,SP500
2022-01-01,AME,SP500
2022-01-01,AOS,SP500
2022-01-01,BA,SP500
2022-01-01,CARR,SP500
2022-01-01,CAT,SP500
2022-01-01,CHRW,SP500
2022-01-01,CMI,SP500
2022-01-01,CPRT,SP500
2022-01-01,CSX,SP500
2022-01-01,CTAS,SP500
2022-01-01,DAL,SP500
2022-01-01,DE,SP500
2022-01-01,DOV,SP500
2022-01-01,EFX,SP500
2022-01-01,EMR,SP500
2022-01-01,ETN,SP500
2022-01-01,EXPD,SP500
2022-01-01,FAST,SP500
2022-01-01,FBHS,SP500
2022-01-01,FDX,SP500
2022-01-01,FTV,SP500
2022-01-01,GD,SP500
2022-01-01,GE,SP500
2022-01-01,GNRC,SP500
2022-01-01,GWW,SP500
2022-01-01,HII,SP500
2022-01-01,HON,SP500
2022-01-01,HWM,SP500
2022-01-01,IEX,SP500
2022-01-01,INFO,SP500
2022-01-01,IR,SP500
2022-01-01,ITW,SP500
2022-01-01,J,SP500
2022-01-01,JBHT,SP500
2022-01-01,JCI,SP500
2022-01-01,LDOS,SP500
2022-01-01,LHX,SP500
2022-01-01,LMT,SP500
2022-01-01,LUV,SP500
2022-01-01,MAS,SP500
2022-01-01,MMM,SP500
2022-01-01,NLSN,SP500
2022-01-01,NOC,SP500
2022-01-01,NSC,SP500
2022-01-01,ODFL,SP500
2022-01-01,OTIS,SP500
2022-01-01,PCAR,SP500
2022-01-01,PH,SP500
2022-01-01,PNR,SP500
2022-01-01,PWR,SP500
2022-01-01,RHI,SP500
2022-01-01,ROK,SP500
2022-01-01,ROL,SP500
2022-01-01,ROP,SP500
2022-01-01,RSG,SP500
2022-01-01,RTX,SP500
2022-01-01,SNA,SP500
2022-01-01,SWK,SP500
2022-01-01,TDG,SP500
2022-01-01,TT,SP500
2022-01-01,TXT,SP500
2022-01-01,UAL,SP500
2022-01-01,UNP,SP500
2022-01-01,UPS,SP500
2022-01-01,URI,SP500
2022-01-01,VRSK,SP500
2022-01-01,WAB,SP500
2022-01-01,WM,SP500
2022-01-01,XYL,SP500
2022-02-01,AAL,SP500
2022-02-01,ALK,SP500
2022-02-01,ALLE,SP500
2022-02-01,AME,SP500
2022-02-01,AOS,SP500
2022-02-01,BA,SP500
2022-02-01,CARR,SP500
2022-02-01,CAT,SP500
2022-02-01,CHRW,SP500
2022-02-01,CMI,SP500
2022-02-01,CPRT,SP500
2022-02-01,CSX,SP500
2022-02-01,CTAS,SP500
2022-02-01,DAL,SP500
2022-02-01,DE,SP500
2022-02-01,DOV,SP500
2022-02-01,EFX,SP500
2022-02-01,EMR,SP500
2022-02-01,ETN,SP500
2022-02-01,EXPD,SP500
2022-02-01,FAST,SP500
2022-02-01,FBHS,SP500
2022-02-01,FDX,SP500
2022-02-01,FTV,SP500
2022-02-01,GD,SP500
2022-02-01,GE,SP500
2022-02-01,GNRC,SP500
2022-02-01,GWW,SP500
2022-02-01,HII,SP500
2022-02-01,HON,SP500
2022-02-01,HWM,SP500
2022-02-01,IEX,SP500
2022-02-01,INFO,SP500
2022-02-01,IR,SP500
2022-02-01,ITW,SP500
2022-02-01,J,SP500
2022-02-01,JBHT,SP500
2022-02-01,JCI,SP500
2022-02-01,LDOS,SP500
2022-02-01,LHX,SP500
2022-02-01,LMT,SP500
2022-02-01,LUV,SP500
2022-02-01,MAS,SP500
2022-02-01,MMM,SP500
2022-02-01,NLSN,SP500
2022-02-01,NOC,SP500
2022-02-01,NSC,SP500
2022-02-01,ODFL,SP500
2022-02-01,OTIS,SP500
2022-02-01,PCAR,SP500
2022-02-01,PH,SP500
2022-02-01,PNR,SP500
2022-02-01,PWR,SP500
2022-02-01,RHI,SP500
2022-02-01,ROK,SP500
2022-02-01,ROL,SP500
2022-02-01,ROP,SP500
2022-02-01,RSG,SP500
2022-02-01,RTX,SP500
2022-02-01,SNA,SP500
2022-02-01,SWK,SP500
2022-02-01,TDG,SP500
2022-02-01,TT,SP500
2022-02-01,TXT,SP500
2022-02-01,UAL,SP500
2022-02-01,UNP,SP500
2022-02-01,UPS,SP500
2022-02-01,URI,SP500
2022-02-01,VRSK,SP500
2022-02-01,WAB,SP500
2022-02-01,WM,SP500
2022-02-01,XYL,SP500
2022-03-01,AAL,SP500
2022-03-01,ALK,SP500
2022-03-01,ALLE,SP500
2022-03-01,AME,SP500
2022-03-01,AOS,SP500
2022-03-01,BA,SP500
2022-03-01,CARR,SP500
2022-03-01,CAT,SP500
2022-03-01,CHRW,SP500
2022-03-01,CMI,SP500
2022-03-01,CPRT,SP500
2022-03-01,CSX,SP500
2022-03-01,CTAS,SP500
2022-03-01,DAL,SP500
2022-03-01,DE,SP500
2022-03-01,DOV,SP500
2022-03-01,EFX,SP500
2022-03-01,EMR,SP500
2022-03-01,ETN,SP500
2022-03-01,EXPD,SP500
2022-03-01,FAST,SP500
2022-03-01,FBHS,SP500
2022-03-01,FDX,SP500
2022-03-01,FTV,SP500
2022-03-01,GD,SP500
2022-03-01,GE,SP500
2022-03-01,GNRC,SP500
2022-03-01,GWW,SP500
2022-03-01,HII,SP500
2022-03-01,HON,SP500
2022-03-01,HWM,SP500
2022-03-01,IEX,SP500
2022-03-01,INFO,SP500
2022-03-01,IR,SP500
2022-03-01,ITW,SP500
2022-03-01,J,SP500
2022-03-01,JBHT,SP500
2022-03-01,JCI,SP500
2022-03-01,LDOS,SP500
2022-03-01,LHX,SP500
2022-03-01,LMT,SP500
2022-03-01,LUV,SP500
2022-03-01,MAS,SP500
2022-03-01,MMM,SP500
2022-03-01,NDSN,SP500
2022-03-01,NLSN,SP500
2022-03-01,NOC,SP500
2022-03-01,NSC,SP500
2022-03-01,ODFL,SP500
2022-03-01,OTIS,SP500
2022-03-01,PCAR,SP500
2022-03-01,PH,SP500
2022-03-01,PNR,SP500
2022-03-01,PWR,SP500
2022-03-01,RHI,SP500
2022-03-01,ROK,SP500
2022-03-01,ROL,SP500
2022-03-01,ROP,SP500
2022-03-01,RSG,SP500
2022-03-01,RTX,SP500
2022-03-01,SNA,SP500
2022-03-01,SWK,SP500
2022-03-01,TDG,SP500
2022-03-01,TT,SP500
2022-03-01,TXT,SP500
2022-03-01,UAL,SP500
2022-03-01,UNP,SP500
2022-03-01,UPS,SP500
2022-03-01,URI,SP500
2022-03-01,VRSK,SP500
2022-03-01,WAB,SP500
2022-03-01,WM,SP500
2022-03-01,XYL,SP500
2022-04-01,AAL,SP500
2022-04-01,ALK,SP500
2022-04-01,ALLE,SP500
2022-04-01,AME,SP500
2022-04-01,AOS,SP500
2022-04-01,BA,SP500
2022-04-01,CARR,SP500
2022-04-01,CAT,SP500
2022-04-01,CHRW,SP500
2022-04-01,CMI,SP500
2022-04-01,CPRT,SP500
2022-04-01,CSX,SP500
2022-04-01,CTAS,SP500
2022-04-01,DAL,SP500
2022-04-01,DE,SP500
2022-04-01,DOV,SP500
2022-04-01,EFX,SP500
2022-04-01,EMR,SP500
2022-04-01,ETN,SP500
2022-04-01,EXPD,SP500
2022-04-01,FAST,SP500
2022-04-01,FBHS,SP500
2022-04-01,FDX,SP500
2022-04-01,FTV,SP500
2022-04-01,GD,SP500
2022-04-01,GE,SP500
2022-04-01,GNRC,SP500
2022-04-01,GWW,SP500
2022-04-01,HII,SP500
2022-04-01,HON,SP500
2022-04-01,HWM,SP500
2022-04-01,IEX,SP500
2022-04-01,IR,SP500
2022-04-01,ITW,SP500
2022-04-01,J,SP500
2022-04-01,JBHT,SP500
2022-04-01,JCI,SP500
2022-04-01,LDOS,SP500
2022-04-01,LHX,SP500
2022-04-01,LMT,SP500
2022-04-01,LUV,SP500
2022-04-01,MAS,SP500
2022-04-01,MMM,SP500
2022-04-01,NDSN,SP500
2022-04-01,NLSN,SP500
2022-04-01,NOC,SP500
2022-04-01,NSC,SP500
2022-04-01,ODFL,SP500
2022-04-01,OTIS,SP500
2022-04-01,PCAR,SP500
2022-04-01,PH,SP500
2022-04-01,PNR,SP500
2022-04-01,PWR,SP500
2022-04-01,RHI,SP500
2022-04-01,ROK,SP500
2022-04-01,ROL,SP500
2022-04-01,ROP,SP500
2022-04-01,RSG,SP500
2022-04-01,RTX,SP500
2022-04-01,SNA,SP500
2022-04-01,SPGI,SP500
2022-04-01,SWK,SP500
2022-04-01,TDG,SP500
2022-04-01,TT,SP500
2022-04-01,TXT,SP500
2022-04-01,UAL,SP500
2022-04-01,UNP,SP500
2022-04-01,UPS,SP500
2022-04-01,URI,SP500
2022-04-01,VRSK,SP500
2022-04-01,WAB,SP500
2022-04-01,WM,SP500
2022-04-01,XYL,SP500
2022-05-03,AAL,SP500
2022-05-03,ALK,SP500
2022-05-03,ALLE,SP500
2022-05-03,AME,SP500
2022-05-03,AOS,SP500
2022-05-03,BA,SP500
2022-05-03,CARR,SP500
2022-05-03,CAT,SP500
2022-05-03,CHRW,SP500
2022-05-03,CMI,SP500
2022-05-03,CPRT,SP500
2022-05-03,CSX,SP500
2022-05-03,CTAS,SP500
2022-05-03,DAL,SP500
2022-05-03,DE,SP500
2022-05-03,DOV,SP500
2022-05-03,EFX,SP500
2022-05-03,EMR,SP500
2022-05-03,ETN,SP500
2022-05-03,EXPD,SP500
2022-05-03,FAST,SP500
2022-05-03,FBHS,SP500
2022-05-03,FDX,SP500
2022-05-03,FTV,SP500
2022-05-03,GD,SP500
2022-05-03,GE,SP500
2022-05-03,GNRC,SP500
2022-05-03,GWW,SP500
2022-05-03,HII,SP500
2022-05-03,HON,SP500
2022-05-03,HWM,SP500
2022-05-03,IEX,SP500
2022-05-03,IR,SP500
2022-05-03,ITW,SP500
2022-05-03,J,SP500
2022-05-03,JBHT,SP500
2022-05-03,JCI,SP500
2022-05-03,LDOS,SP500
2022-05-03,LHX,SP500
2022-05-03,LMT,SP500
2022-05-03,LUV,SP500
2022-05-03,MAS,SP500
2022-05-03,MMM,SP500
2022-05-03,NDSN,SP500
2022-05-03,NLSN,SP500
2022-05-03,NOC,SP500
2022-05-03,NSC,SP500
2022-05-03,ODFL,SP500
2022-05-03,OTIS,SP500
2022-05-03,PCAR,SP500
2022-05-03,PH,SP500
2022-05-03,PNR,SP500
2022-05-03,PWR,SP500
2022-05-03,RHI,SP500
2022-05-03,ROK,SP500
2022-05-03,ROL,SP500
2022-05-03,RSG,SP500
2022-05-03,RTX,SP500
2022-05-03,SNA,SP500
2022-05-03,SPGI,SP500
2022-05-03,SWK,SP500
2022-05-03,TDG,SP500
2022-05-03,TT,SP500
2022-05-03,TXT,SP500
2022-05-03,UAL,SP500
2022-05-03,UNP,SP500
2022-05-03,UPS,SP500
2022-05-03,URI,SP500
2022-05-03,VRSK,SP500
2022-05-03,WAB,SP500
2022-05-03,WM,SP500
2022-05-03,XYL,SP500
2022-06-02,AAL,SP500
2022-06-02,ALK,SP500
2022-06-02,ALLE,SP500
2022-06-02,AME,SP500
2022-06-02,AOS,SP500
2022-06-02,BA,SP500
2022-06-02,CARR,SP500
2022-06-02,CAT,SP500
2022-06-02,CHRW,SP500
2022-06-02,CMI,SP500
2022-06-02,CPRT,SP500
2022-06-02,CSX,SP500
2022-06-02,CTAS,SP500
2022-06-02,DAL,SP500
2022-06-02,DE,SP500
2022-06-02,DOV,SP500
2022-06-02,EFX,SP500
2022-06-02,EMR,SP500
2022-06-02,ETN,SP500
2022-06-02,EXPD,SP500
2022-06-02,FAST,SP500
2022-06-02,FBHS,SP500
2022-06-02,FDX,SP500
2022-06-02,FTV,SP500
2022-06-02,GD,SP500
2022-06-02,GE,SP500
2022-06-02,GNRC,SP500
2022-06-02,GWW,SP500
2022-06-02,HII,SP500
2022-06-02,HON,SP500
2022-06-02,HWM,SP500
2022-06-02,IEX,SP500
2022-06-02,IR,SP500
2022-06-02,ITW,SP500
2022-06-02,J,SP500
2022-06-02,JBHT,SP500
2022-06-02,JCI,SP500
2022-06-02,LDOS,SP500
2022-06-02,LHX,SP500
2022-06-02,LMT,SP500
2022-06-02,LUV,SP500
2022-06-02,MAS,SP500
2022-06-02,MMM,SP500
2022-06-02,NDSN,SP500
2022-06-02,NLSN,SP500
2022-06-02,NOC,SP500
2022-06-02,NSC,SP500
2022-06-02,ODFL,SP500
2022-06-02,OTIS,SP500
2022-06-02,PCAR,SP500
2022-06-02,PH,SP500
2022-06-02,PNR,SP500
2022-06-02,PWR,SP500
2022-06-02,RHI,SP500
2022-06-02,ROK,SP500
2022-06-02,ROL,SP500
2022-06-02,RSG,SP500
2022-06-02,RTX,SP500
2022-06-02,SNA,SP500
2022-06-02,SPGI,SP500
2022-06-02,SWK,SP500
2022-06-02,TDG,SP500
2022-06-02,TT,SP500
2022-06-02,TXT,SP500
2022-06-02,UAL,SP500
2022-06-02,UNP,SP500
2022-06-02,UPS,SP500
2022-06-02,URI,SP500
2022-06-02,VRSK,SP500
2022-06-02,WAB,SP500
2022-06-02,WM,SP500
2022-06-02,XYL,SP500
2022-07-01,AAL,SP500
2022-07-01,ALK,SP500
2022-07-01,ALLE,SP500
2022-07-01,AME,SP500
2022-07-01,AOS,SP500
2022-07-01,BA,SP500
2022-07-01,CARR,SP500
2022-07-01,CAT,SP500
2022-07-01,CHRW,SP500
2022-07-01,CMI,SP500
2022-07-01,CPRT,SP500
2022-07-01,CSX,SP500
2022-07-01,CTAS,SP500
2022-07-01,DAL,SP500
2022-07-01,DE,SP500
2022-07-01,DOV,SP500
2022-07-01,EFX,SP500
2022-07-01,EMR,SP500
2022-07-01,ETN,SP500
2022-07-01,EXPD,SP500
2022-07-01,FAST,SP500
2022-07-01,FBHS,SP500
2022-07-01,FDX,SP500
2022-07-01,FTV,SP500
2022-07-01,GD,SP500
2022-07-01,GE,SP500
2022-07-01,GNRC,SP500
2022-07-01,GWW,SP500
2022-07-01,HII,SP500
2022-07-01,HON,SP500
2022-07-01,HWM,SP500
2022-07-01,IEX,SP500
2022-07-01,IR,SP500
2022-07-01,ITW,SP500
2022-07-01,J,SP500
2022-07-01,JBHT,SP500
2022-07-01,JCI,SP500
2022-07-01,LDOS,SP500
2022-07-01,LHX,SP500
2022-07-01,LMT,SP500
2022-07-01,LUV,SP500
2022-07-01,MAS,SP500
2022-07-01,MMM,SP500
2022-07-01,NDSN,SP500
2022-07-01,NLSN,SP500
2022-07-01,NOC,SP500
2022-07-01,NSC,SP500
2022-07-01,ODFL,SP500
2022-07-01,OTIS,SP500
2022-07-01,PCAR,SP500
2022-07-01,PH,SP500
2022-07-01,PNR,SP500
2022-07-01,PWR,SP500
2022-07-01,RHI,SP500
2022-07-01,ROK,SP500
2022-07-01,ROL,SP500
2022-07-01,RSG,SP500
2022-07-01,RTX,SP500
2022-07-01,SNA,SP500
2022-07-01,SPGI,SP500
2022-07-01,SWK,SP500
2022-07-01,TDG,SP500
2022-07-01,TT,SP500
2022-07-01,TXT,SP500
2022-07-01,UAL,SP500
2022-07-01,UNP,SP500
2022-07-01,UPS,SP500
2022-07-01,URI,SP500
2022-07-01,VRSK,SP500
2022-07-01,WAB,SP500
2022-07-01,WM,SP500
2022-07-01,XYL,SP500
2022-08-02,AAL,SP500
2022-08-02,ALK,SP500
2022-08-02,ALLE,SP500
2022-08-02,AME,SP500
2022-08-02,AOS,SP500
2022-08-02,BA,SP500
2022-08-02,CARR,SP500
2022-08-02,CAT,SP500
2022-08-02,CHRW,SP500
2022-08-02,CMI,SP500
2022-08-02,CPRT,SP500
2022-08-02,CSX,SP500
2022-08-02,CTAS,SP500
2022-08-02,DAL,SP500
2022-08-02,DE,SP500
2022-08-02,DOV,SP500
2022-08-02,EFX,SP500
2022-08-02,EMR,SP500
2022-08-02,ETN,SP500
2022-08-02,EXPD,SP500
2022-08-02,FAST,SP500
2022-08-02,FBHS,SP500
2022-08-02,FDX,SP500
2022-08-02,FTV,SP500
2022-08-02,GD,SP500
2022-08-02,GE,SP500
2022-08-02,GNRC,SP500
2022-08-02,GWW,SP500
2022-08-02,HII,SP500
2022-08-02,HON,SP500
2022-08-02,HWM,SP500
2022-08-02,IEX,SP500
2022-08-02,IR,SP500
2022-08-02,ITW,SP500
2022-08-02,J,SP500
2022-08-02,JBHT,SP500
2022-08-02,JCI,SP500
2022-08-02,LDOS,SP500
2022-08-02,LHX,SP500
2022-08-02,LMT,SP500
2022-08-02,LUV,SP500
2022-08-02,MAS,SP500
2022-08-02,MMM,SP500
2022-08-02,NDSN,SP500
2022-08-02,NLSN,SP500
2022-08-02,NOC,SP500
2022-08-02,NSC,SP500
2022-08-02,ODFL,SP500
2022-08-02,OTIS,SP500
2022-08-02,PCAR,SP500
2022-08-02,PH,SP500
2022-08-02,PNR,SP500
2022-08-02,PWR,SP500
2022-08-02,RHI,SP500
2022-08-02,ROK,SP500
2022-08-02,ROL,SP500
2022-08-02,RSG,SP500
2022-08-02,RTX,SP500
2022-08-02,SNA,SP500
2022-08-02,SPGI,SP500
2022-08-02,SWK,SP500
2022-08-02,TDG,SP500
2022-08-02,TT,SP500
2022-08-02,TXT,SP500
2022-08-02,UAL,SP500
2022-08-02,UNP,SP500
2022-08-02,UPS,SP500
2022-08-02,URI,SP500
2022-08-02,VRSK,SP500
2022-08-02,WAB,SP500
2022-08-02,WM,SP500
2022-08-02,XYL,SP500
2022-09-01,AAL,SP500
2022-09-01,ALK,SP500
2022-09-01,ALLE,SP500
2022-09-01,AME,SP500
2022-09-01,AOS,SP500
2022-09-01,BA,SP500
2022-09-01,CARR,SP500
2022-09-01,CAT,SP500
2022-09-01,CHRW,SP500
2022-09-01,CMI,SP500
2022-09-01,CPRT,SP500
2022-09-01,CSX,SP500
2022-09-01,CTAS,SP500
2022-09-01,DAL,SP500
2022-09-01,DE,SP500
2022-09-01,DOV,SP500
2022-09-01,EFX,SP500
2022-09-01,EMR,SP500
2022-09-01,ETN,SP500
2022-09-01,EXPD,SP500
2022-09-01,FAST,SP500
2022-09-01,FBHS,SP500
2022-09-01,FDX,SP500
2022-09-01,FTV,SP500
2022-09-01,GD,SP500
2022-09-01,GE,SP500
2022-09-01,GNRC,SP500
2022-09-01,GWW,SP500
2022-09-01,HII,SP500
2022-09-01,HON,SP500
2022-09-01,HWM,SP500
2022-09-01,IEX,SP500
2022-09-01,IR,SP500
2022-09-01,ITW,SP500
2022-09-01,J,SP500
2022-09-01,JBHT,SP500
2022-09-01,JCI,SP500
2022-09-01,LDOS,SP500
2022-09-01,LHX,SP500
2022-09-01,LMT,SP500
2022-09-01,LUV,SP500
2022-09-01,MAS,SP500
2022-09-01,MMM,SP500
2022-09-01,NDSN,SP500
2022-09-01,NLSN,SP500
2022-09-01,NOC,SP500
2022-09-01,NSC,SP500
2022-09-01,ODFL,SP500
2022-09-01,OTIS,SP500
2022-09-01,PCAR,SP500
2022-09-01,PH,SP500
2022-09-01,PNR,SP500
2022-09-01,PWR,SP500
2022-09-01,RHI,SP500
2022-09-01,ROK,SP500
2022-09-01,ROL,SP500
2022-09-01,RSG,SP500
2022-09-01,RTX,SP500
2022-09-01,SNA,SP500
2022-09-01,SPGI,SP500
2022-09-01,SWK,SP500
2022-09-01,TDG,SP500
2022-09-01,TT,SP500
2022-09-01,TXT,SP500
2022-09-01,UAL,SP500
2022-09-01,UNP,SP500
2022-09-01,UPS,SP500
2022-09-01,URI,SP500
2022-09-01,VRSK,SP500
2022-09-01,WAB,SP500
2022-09-01,WM,SP500
2022-09-01,XYL,SP500
2022-10-01,AAL,SP500
2022-10-01,ALK,SP500
2022-10-01,ALLE,SP500
2022-10-01,AME,SP500
2022-10-01,AOS,SP500
2022-10-01,BA,SP500
2022-10-01,CARR,SP500
2022-10-01,CAT,SP500
2022-10-01,CHRW,SP500
2022-10-01,CMI,SP500
2022-10-01,CPRT,SP500
2022-10-01,CSGP,SP500
2022-10-01,CSX,SP500
2022-10-01,CTAS,SP500
2022-10-01,DAL,SP500
2022-10-01,DE,SP500
2022-10-01,DOV,SP500
2022-10-01,EFX,SP500
2022-10-01,EMR,SP500
2022-10-01,ETN,SP500
2022-10-01,EXPD,SP500
2022-10-01,FAST,SP500
2022-10-01,FBHS,SP500
2022-10-01,FDX,SP500
2022-10-01,FTV,SP500
2022-10-01,GD,SP500
2022-10-01,GE,SP500
2022-10-01,GNRC,SP500
2022-10-01,GWW,SP500
2022-10-01,HII,SP500
2022-10-01,HON,SP500
2022-10-01,HWM,SP500
2022-10-01,IEX,SP500
2022-10-01,IR,SP500
2022-10-01,ITW,SP500
2022-10-01,J,SP500
2022-10-01,JBHT,SP500
2022-10-01,JCI,SP500
2022-10-01,LDOS,SP500
2022-10-01,LHX,SP500
2022-10-01,LMT,SP500
2022-10-01,LUV,SP500
2022-10-01,MAS,SP500
2022-10-01,MMM,SP500
2022-10-01,NDSN,SP500
2022-10-01,NLSN,SP500
2022-10-01,NOC,SP500
2022-10-01,NSC,SP500
2022-10-01,ODFL,SP500
2022-10-01,OTIS,SP500
2022-10-01,PCAR,SP500
2022-10-01,PH,SP500
2022-10-01,PNR,SP500
2022-10-01,PWR,SP500
2022-10-01,RHI,SP500
2022-10-01,ROK,SP500
2022-10-01,ROL,SP500
2022-10-01,RSG,SP500
2022-10-01,RTX,SP500
2022-10-01,SNA,SP500
2022-10-01,SPGI,SP500
2022-10-01,SWK,SP500
2022-10-01,TDG,SP500
2022-10-01,TT,SP500
2022-10-01,TXT,SP500
2022-10-01,UAL,SP500
2022-10-01,UNP,SP500
2022-10-01,UPS,SP500
2022-10-01,URI,SP500
2022-10-01,VRSK,SP500
2022-10-01,WAB,SP500
2022-10-01,WM,SP500
2022-10-01,XYL,SP500
2022-11-01,AAL,SP500
2022-11-01,ALK,SP500
2022-11-01,ALLE,SP500
2022-11-01,AME,SP500
2022-11-01,AOS,SP500
2022-11-01,BA,SP500
2022-11-01,CARR,SP500
2022-11-01,CAT,SP500
2022-11-01,CHRW,SP500
2022-11-01,CMI,SP500
2022-11-01,CPRT,SP500
2022-11-01,CSGP,SP500
2022-11-01,CSX,SP500
2022-11-01,CTAS,SP500
2022-11-01,DAL,SP500
2022-11-01,DE,SP500
2022-11-01,DOV,SP500
2022-11-01,EFX,SP500
2022-11-01,EMR,SP500
2022-11-01,ETN,SP500
2022-11-01,EXPD,SP500
2022-11-01,FAST,SP500
2022-11-01,FBHS,SP500
2022-11-01,FDX,SP500
2022-11-01,FTV,SP500
2022-11-01,GD,SP500
2022-11-01,GE,SP500
2022-11-01,GNRC,SP500
2022-11-01,GWW,SP500
2022-11-01,HII,SP500
2022-11-01,HON,SP500
2022-11-01,HWM,SP500
2022-11-01,IEX,SP500
2022-11-01,IR,SP500
2022-11-01,ITW,SP500
2022-11-01,J,SP500
2022-11-01,JBHT,SP500
2022-11-01,JCI,SP500
2022-11-01,LDOS,SP500
2022-11-01,LHX,SP500
2022-11-01,LMT,SP500
2022-11-01,LUV,SP500
2022-11-01,MAS,SP500
2022-11-01,MMM,SP500
2022-11-01,NDSN,SP500
2022-11-01,NOC,SP500
2022-11-01,NSC,SP500
2022-11-01,ODFL,SP500
2022-11-01,OTIS,SP500
2022-11-01,PCAR,SP500
2022-11-01,PH,SP500
2022-11-01,PNR,SP500
2022-11-01,PWR,SP500
2022-11-01,RHI,SP500
2022-11-01,ROK,SP500
2022-11-01,ROL,SP500
2022-11-01,RSG,SP500
2022-11-01,RTX,SP500
2022-11-01,SNA,SP500
2022-11-01,SPGI,SP500
2022-11-01,SWK,SP500
2022-11-01,TDG,SP500
2022-11-01,TT,SP500
2022-11-01,TXT,SP500
2022-11-01,UAL,SP500
2022-11-01,UNP,SP500
2022-11-01,UPS,SP500
2022-11-01,URI,SP500
2022-11-01,VRSK,SP500
2022-11-01,WAB,SP500
2022-11-01,WM,SP500
2022-11-01,XYL,SP500
2022-12-01,AAL,SP500
2022-12-01,ALK,SP500
2022-12-01,ALLE,SP500
2022-12-01,AME,SP500
2022-12-01,AOS,SP500
2022-12-01,BA,SP500
2022-12-01,CARR,SP500
2022-12-01,CAT,SP500
2022-12-01,CHRW,SP500
2022-12-01,CMI,SP500
2022-12-01,CPRT,SP500
2022-12-01,CSGP,SP500
2022-12-01,CSX,SP500
2022-12-01,CTAS,SP500
2022-12-01,DAL,SP500
2022-12-01,DE,SP500
2022-12-01,DOV,SP500
2022-12-01,EFX,SP500
2022-12-01,EMR,SP500
2022-12-01,ETN,SP500
2022-12-01,EXPD,SP500
2022-12-01,FAST,SP500
2022-12-01,FBHS,SP500
2022-12-01,FDX,SP500
2022-12-01,FTV,SP500
2022-12-01,GD,SP500
2022-12-01,GE,SP500
2022-12-01,GNRC,SP500
2022-12-01,GWW,SP500
2022-12-01,HII,SP500
2022-12-01,HON,SP500
2022-12-01,HWM,SP500
2022-12-01,IEX,SP500
2022-12-01,IR,SP500
2022-12-01,ITW,SP500
2022-12-01,J,SP500
2022-12-01,JBHT,SP500
2022-12-01,JCI,SP500
2022-12-01,LDOS,SP500
2022-12-01,LHX,SP500
2022-12-01,LMT,SP500
2022-12-01,LUV,SP500
2022-12-01,MAS,SP500
2022-12-01,MMM,SP500
2022-12-01,NDSN,SP500
2022-12-01,NOC,SP500
2022-12-01,NSC,SP500
2022-12-01,ODFL,SP500
2022-12-01,OTIS,SP500
2022-12-01,PCAR,SP500
2022-12-01,PH,SP500
2022-12-01,PNR,SP500
2022-12-01,PWR,SP500
2022-12-01,RHI,SP500
2022-12-01,ROK,SP500
2022-12-01,ROL,SP500
2022-12-01,RSG,SP500
2022-12-01,RTX,SP500
2022-12-01,SNA,SP500
2022-12-01,SPGI,SP500
2022-12-01,SWK,SP500
2022-12-01,TDG,SP500
2022-12-01,TT,SP500
2022-12-01,TXT,SP500
2022-12-01,UAL,SP500
2022-12-01,UNP,SP500
2022-12-01,UPS,SP500
2022-12-01,URI,SP500
2022-12-01,VRSK,SP500
2022-12-01,WAB,SP500
2022-12-01,WM,SP500
2022-12-01,XYL,SP500
2023-01-04,AAL,SP500
2023-01-04,ALK,SP500
2023-01-04,ALLE,SP500
2023-01-04,AME,SP500
2023-01-04,AOS,SP500
2023-01-04,BA,SP500
2023-01-04,CARR,SP500
2023-01-04,CAT,SP500
2023-01-04,CHRW,SP500
2023-01-04,CMI,SP500
2023-01-04,CPRT,SP500
2023-01-04,CSGP,SP500
2023-01-04,CSX,SP500
2023-01-04,CTAS,SP500
2023-01-04,DAL,SP500
2023-01-04,DE,SP500
2023-01-04,DOV,SP500
2023-01-04,EFX,SP500
2023-01-04,EMR,SP500
2023-01-04,ETN,SP500
2023-01-04,EXPD,SP500
2023-01-04,FAST,SP500
2023-01-04,FDX,SP500
2023-01-04,FTV,SP500
2023-01-04,GD,SP500
2023-01-04,GE,SP500
2023-01-04,GNRC,SP500
2023-01-04,GWW,SP500
2023-01-04,HII,SP500
2023-01-04,HON,SP500
2023-01-04,HWM,SP500
2023-01-04,IEX,SP500
2023-01-04,IR,SP500
2023-01-04,ITW,SP500
2023-01-04,J,SP500
2023-01-04,JBHT,SP500
2023-01-04,JCI,SP500
2023-01-04,LDOS,SP500
2023-01-04,LHX,SP500
2023-01-04,LMT,SP500
2023-01-04,LUV,SP500
2023-01-04,MAS,SP500
2023-01-04,MMM,SP500
2023-01-04,NDSN,SP500
2023-01-04,NOC,SP500
2023-01-04,NSC,SP500
2023-01-04,ODFL,SP500
2023-01-04,OTIS,SP500
2023-01-04,PCAR,SP500
2023-01-04,PH,SP500
2023-01-04,PNR,SP500
2023-01-04,PWR,SP500
2023-01-04,RHI,SP500
2023-01-04,ROK,SP500
2023-01-04,ROL,SP500
2023-01-04,RSG,SP500
2023-01-04,RTX,SP500
2023-01-04,SNA,SP500
2023-01-04,SWK,SP500
2023-01-04,TDG,SP500
2023-01-04,TT,SP500
2023-01-04,TXT,SP500
2023-01-04,UAL,SP500
2023-01-04,UNP,SP500
2023-01-04,UPS,SP500
2023-01-04,URI,SP500
2023-01-04,VRSK,SP500
2023-01-04,WAB,SP500
2023-01-04,WM,SP500
2023-01-04,XYL,SP500
2023-02-01,AAL,SP500
2023-02-01,ALK,SP500
2023-02-01,ALLE,SP500
2023-02-01,AME,SP500
2023-02-01,AOS,SP500
2023-02-01,BA,SP500
2023-02-01,CARR,SP500
2023-02-01,CAT,SP500
2023-02-01,CHRW,SP500
2023-02-01,CMI,SP500
2023-02-01,CPRT,SP500
2023-02-01,CSGP,SP500
2023-02-01,CSX,SP500
2023-02-01,CTAS,SP500
2023-02-01,DAL,SP500
2023-02-01,DE,SP500
2023-02-01,DOV,SP500
2023-02-01,EFX,SP500
2023-02-01,EMR,SP500
2023-02-01,ETN,SP500
2023-02-01,EXPD,SP500
2023-02-01,FAST,SP500
2023-02-01,FDX,SP500
2023-02-01,FTV,SP500
2023-02-01,GD,SP500
2023-02-01,GE,SP500
2023-02-01,GNRC,SP500
2023-02-01,GWW,SP500
2023-02-01,HII,SP500
2023-02-01,HON,SP500
2023-02-01,HWM,SP500
2023-02-01,IEX,SP500
2023-02-01,IR,SP500
2023-02-01,ITW,SP500
2023-02-01,J,SP500
2023-02-01,JBHT,SP500
2023-02-01,JCI,SP500
2023-02-01,LDOS,SP500
2023-02-01,LHX,SP500
2023-02-01,LMT,SP500
2023-02-01,LUV,SP500
2023-02-01,MAS,SP500
2023-02-01,MMM,SP500
2023-02-01,NDSN,SP500
2023-02-01,NOC,SP500
2023-02-01,NSC,SP500
2023-02-01,ODFL,SP500
2023-02-01,OTIS,SP500
2023-02-01,PCAR,SP500
2023-02-01,PH,SP500
2023-02-01,PNR,SP500
2023-02-01,PWR,SP500
2023-02-01,RHI,SP500
2023-02-01,ROK,SP500
2023-02-01,ROL,SP500
2023-02-01,RSG,SP500
2023-02-01,RTX,SP500
2023-02-01,SNA,SP500
2023-02-01,SWK,SP500
2023-02-01,TDG,SP500
2023-02-01,TT,SP500
2023-02-01,TXT,SP500
2023-02-01,UAL,SP500
2023-02-01,UNP,SP500
2023-02-01,UPS,SP500
2023-02-01,URI,SP500
2023-02-01,VRSK,SP500
2023-02-01,WAB,SP500
2023-02-01,WM,SP500
2023-02-01,XYL,SP500
2023-03-01,AAL,SP500
2023-03-01,ALK,SP500
2023-03-01,ALLE,SP500
2023-03-01,AME,SP500
2023-03-01,AOS,SP500
2023-03-01,BA,SP500
2023-03-01,CARR,SP500
2023-03-01,CAT,SP500
2023-03-01,CHRW,SP500
2023-03-01,CMI,SP500
2023-03-01,CPRT,SP500
2023-03-01,CSGP,SP500
2023-03-01,CSX,SP500
2023-03-01,CTAS,SP500
2023-03-01,DAL,SP500
2023-03-01,DE,SP500
2023-03-01,DOV,SP500
2023-03-01,EFX,SP500
2023-03-01,EMR,SP500
2023-03-01,ETN,SP500
2023-03-01,EXPD,SP500
2023-03-01,FAST,SP500
2023-03-01,FDX,SP500
2023-03-01,FTV,SP500
2023-03-01,GD,SP500
2023-03-01,GE,SP500
2023-03-01,GNRC,SP500
2023-03-01,GWW,SP500
2023-03-01,HII,SP500
2023-03-01,HON,SP500
2023-03-01,HWM,SP500
2023-03-01,IEX,SP500
2023-03-01,IR,SP500
2023-03-01,ITW,SP500
2023-03-01,J,SP500
2023-03-01,JBHT,SP500
2023-03-01,JCI,SP500
2023-03-01,LDOS,SP500
2023-03-01,LHX,SP500
2023-03-01,LMT,SP500
2023-03-01,LUV,SP500
2023-03-01,MAS,SP500
2023-03-01,MMM,SP500
2023-03-01,NDSN,SP500
2023-03-01,NOC,SP500
2023-03-01,NSC,SP500
2023-03-01,ODFL,SP500
2023-03-01,OTIS,SP500
2023-03-01,PCAR,SP500
2023-03-01,PH,SP500
2023-03-01,PNR,SP500
2023-03-01,PWR,SP500
2023-03-01,RHI,SP500
2023-03-01,ROK,SP500
2023-03-01,ROL,SP500
2023-03-01,RSG,SP500
2023-03-01,RTX,SP500
2023-03-01,SNA,SP500
2023-03-01,SWK,SP500
2023-03-01,TDG,SP500
2023-03-01,TT,SP500
2023-03-01,TXT,SP500
2023-03-01,UAL,SP500
2023-03-01,UNP,SP500
2023-03-01,UPS,SP500
2023-03-01,URI,SP500
2023-03-01,VRSK,SP500
2023-03-01,WAB,SP500
2023-03-01,WM,SP500
2023-03-01,XYL,SP500
2023-04-01,AAL,SP500
2023-04-01,ADP,SP500
2023-04-01,ALK,SP500
2023-04-01,ALLE,SP500
2023-04-01,AME,SP500
2023-04-01,AOS,SP500
2023-04-01,BA,SP500
2023-04-01,BR,SP500
2023-04-01,CARR,SP500
2023-04-01,CAT,SP500
2023-04-01,CHRW,SP500
2023-04-01,CMI,SP500
2023-04-01,CPRT,SP500
2023-04-01,CSGP,SP500
2023-04-01,CSX,SP500
2023-04-01,CTAS,SP500
2023-04-01,DAL,SP500
2023-04-01,DE,SP500
2023-04-01,DOV,SP500
2023-04-01,EFX,SP500
2023-04-01,EMR,SP500
2023-04-01,ETN,SP500
2023-04-01,EXPD,SP500
2023-04-01,FAST,SP500
2023-04-01,FDX,SP500
2023-04-01,FTV,SP500
2023-04-01,GD,SP500
2023-04-01,GE,SP500
2023-04-01,GNRC,SP500
2023-04-01,GWW,SP500
2023-04-01,HII,SP500
2023-04-01,HON,SP500
2023-04-01,HWM,SP500
2023-04-01,IEX,SP500
2023-04-01,IR,SP500
2023-04-01,ITW,SP500
2023-04-01,J,SP500
2023-04-01,JBHT,SP500
2023-04-01,JCI,SP500
2023-04-01,LDOS,SP500
2023-04-01,LHX,SP500
2023-04-01,LMT,SP500
2023-04-01,LUV,SP500
2023-04-01,MAS,SP500
2023-04-01,MMM,SP500
2023-04-01,NDSN,SP500
2023-04-01,NOC,SP500
2023-04-01,NSC,SP500
2023-04-01,ODFL,SP500
2023-04-01,OTIS,SP500
2023-04-01,PAYX,SP500
2023-04-01,PCAR,SP500
2023-04-01,PH,SP500
2023-04-01,PNR,SP500
2023-04-01,PWR,SP500
2023-04-01,RHI,SP500
2023-04-01,ROK,SP500
2023-04-01,ROL,SP500
2023-04-01,RSG,SP500
2023-04-01,RTX,SP500
2023-04-01,SNA,SP500
2023-04-01,SWK,SP500
2023-04-01,TDG,SP500
2023-04-01,TT,SP500
2023-04-01,TXT,SP500
2023-04-01,UAL,SP500
2023-04-01,UNP,SP500
2023-04-01,UPS,SP500
2023-04-01,URI,SP500
2023-04-01,VRSK,SP500
2023-04-01,WAB,SP500
2023-04-01,WM,SP500
2023-04-01,XYL,SP500
2023-05-02,AAL,SP500
2023-05-02,ADP,SP500
2023-05-02,ALK,SP500
2023-05-02,ALLE,SP500
2023-05-02,AME,SP500
2023-05-02,AOS,SP500
2023-05-02,BA,SP500
2023-05-02,BR,SP500
2023-05-02,CARR,SP500
2023-05-02,CAT,SP500
2023-05-02,CDAY,SP500
2023-05-02,CHRW,SP500
2023-05-02,CMI,SP500
2023-05-02,CPRT,SP500
2023-05-02,CSGP,SP500
2023-05-02,CSX,SP500
2023-05-02,CTAS,SP500
2023-05-02,DAL,SP500
2023-05-02,DE,SP500
2023-05-02,DOV,SP500
2023-05-02,EFX,SP500
2023-05-02,EMR,SP500
2023-05-02,ETN,SP500
2023-05-02,EXPD,SP500
2023-05-02,FAST,SP500
2023-05-02,FDX,SP500
2023-05-02,FTV,SP500
2023-05-02,GD,SP500
2023-05-02,GE,SP500
2023-05-02,GNRC,SP500
2023-05-02,GWW,SP500
2023-05-02,HII,SP500
2023-05-02,HON,SP500
2023-05-02,HWM,SP500
2023-05-02,IEX,SP500
2023-05-02,IR,SP500
2023-05-02,ITW,SP500
2023-05-02,J,SP500
2023-05-02,JBHT,SP500
2023-05-02,JCI,SP500
2023-05-02,LDOS,SP500
2023-05-02,LHX,SP500
2023-05-02,LMT,SP500
2023-05-02,LUV,SP500
2023-05-02,MAS,SP500
2023-05-02,MMM,SP500
2023-05-02,NDSN,SP500
2023-05-02,NOC,SP500
2023-05-02,NSC,SP500
2023-05-02,ODFL,SP500
2023-05-02,OTIS,SP500
2023-05-02,PAYC,SP500
2023-05-02,PAYX,SP500
2023-05-02,PCAR,SP500
2023-05-02,PH,SP500
2023-05-02,PNR,SP500
2023-05-02,PWR,SP500
2023-05-02,RHI,SP500
2023-05-02,ROK,SP500
2023-05-02,ROL,SP500
2023-05-02,RSG,SP500
2023-05-02,RTX,SP500
2023-05-02,SNA,SP500
2023-05-02,SWK,SP500
2023-05-02,TDG,SP500
2023-05-02,TT,SP500
2023-05-02,TXT,SP500
2023-05-02,UAL,SP500
2023-05-02,UNP,SP500
2023-05-02,UPS,SP500
2023-05-02,URI,SP500
2023-05-02,VRSK,SP500
2023-05-02,WAB,SP500
2023-05-02,WM,SP500
2023-05-02,XYL,SP500
2023-06-01,AAL,SP500
2023-06-01,ADP,SP500
2023-06-01,ALK,SP500
2023-06-01,ALLE,SP500
2023-06-01,AME,SP500
2023-06-01,AOS,SP500
2023-06-01,AXON,SP500
2023-06-01,BA,SP500
2023-06-01,BR,SP500
2023-06-01,CARR,SP500
2023-06-01,CAT,SP500
2023-06-01,CDAY,SP500
2023-06-01,CHRW,SP500
2023-06-01,CMI,SP500
2023-06-01,CPRT,SP500
2023-06-01,CSGP,SP500
2023-06-01,CSX,SP500
2023-06-01,CTAS,SP500
2023-06-01,DAL,SP500
2023-06-01,DE,SP500
2023-06-01,DOV,SP500
2023-06-01,EFX,SP500
2023-06-01,EMR,SP500
2023-06-01,ETN,SP500
2023-06-01,EXPD,SP500
2023-06-01,FAST,SP500
2023-06-01,FDX,SP500
2023-06-01,FTV,SP500
2023-06-01,GD,SP500
2023-06-01,GE,SP500
2023-06-01,GEHC,SP500
2023-06-01,GNRC,SP500
2023-06-01,GWW,SP500
2023-06-01,HII,SP500
2023-06-01,HON,SP500
2023-06-01,HWM,SP500
2023-06-01,IEX,SP500
2023-06-01,IR,SP500
2023-06-01,ITW,SP500
2023-06-01,J,SP500
2023-06-01,JBHT,SP500
2023-06-01,JCI,SP500
2023-06-01,LDOS,SP500
2023-06-01,LHX,SP500
2023-06-01,LMT,SP500
2023-06-01,LUV,SP500
2023-06-01,MAS,SP500
2023-06-01,MMM,SP500
2023-06-01,NDSN,SP500
2023-06-01,NOC,SP500
2023-06-01,NSC,SP500
2023-06-01,ODFL,SP500
2023-06-01,OTIS,SP500
2023-06-01,PAYC,SP500
2023-06-01,PAYX,SP500
2023-06-01,PCAR,SP500
2023-06-01,PH,SP500
2023-06-01,PNR,SP500
2023-06-01,PWR,SP500
2023-06-01,RHI,SP500
2023-06-01,ROK,SP500
2023-06-01,ROL,SP500
2023-06-01,RSG,SP500
2023-06-01,RTX,SP500
2023-06-01,SNA,SP500
2023-06-01,SWK,SP500
2023-06-01,TDG,SP500
2023-06-01,TT,SP500
2023-06-01,TXT,SP500
2023-06-01,UAL,SP500
2023-06-01,UNP,SP500
2023-06-01,UPS,SP500
2023-06-01,URI,SP500
2023-06-01,VRSK,SP500
2023-06-01,WAB,SP500
2023-06-01,WM,SP500
2023-06-01,XYL,SP500
2023-07-01,AAL,SP500
2023-07-01,ADP,SP500
2023-07-01,ALK,SP500
2023-07-01,ALLE,SP500
2023-07-01,AME,SP500
2023-07-01,AOS,SP500
2023-07-01,AXON,SP500
2023-07-01,BA,SP500
2023-07-01,BR,SP500
2023-07-01,CARR,SP500
2023-07-01,CAT,SP500
2023-07-01,CDAY,SP500
2023-07-01,CHRW,SP500
2023-07-01,CMI,SP500
2023-07-01,CPRT,SP500
2023-07-01,CSX,SP500
2023-07-01,CTAS,SP500
2023-07-01,DAL,SP500
2023-07-01,DE,SP500
2023-07-01,DOV,SP500
2023-07-01,EFX,SP500
2023-07-01,EMR,SP500
2023-07-01,ETN,SP500
2023-07-01,EXPD,SP500
2023-07-01,FAST,SP500
2023-07-01,FDX,SP500
2023-07-01,FTV,SP500
2023-07-01,GD,SP500
2023-07-01,GE,SP500
2023-07-01,GEHC,SP500
2023-07-01,GNRC,SP500
2023-07-01,GWW,SP500
2023-07-01,HII,SP500
2023-07-01,HON,SP500
2023-07-01,HWM,SP500
2023-07-01,IEX,SP500
2023-07-01,IR,SP500
2023-07-01,ITW,SP500
2023-07-01,J,SP500
2023-07-01,JBHT,SP500
2023-07-01,JCI,SP500
2023-07-01,LDOS,SP500
2023-07-01,LHX,SP500
2023-07-01,LMT,SP500
2023-07-01,LUV,SP500
2023-07-01,MAS,SP500
2023-07-01,MMM,SP500
2023-07-01,NDSN,SP500
2023-07-01,NOC,SP500
2023-07-01,NSC,SP500
2023-07-01,ODFL,SP500
2023-07-01,OTIS,SP500
2023-07-01,PAYC,SP500
2023-07-01,PAYX,SP500
2023-07-01,PCAR,SP500
2023-07-01,PH,SP500
2023-07-01,PNR,SP500
2023-07-01,PWR,SP500
2023-07-01,RHI,SP500
2023-07-01,ROK,SP500
2023-07-01,ROL,SP500
2023-07-01,RSG,SP500
2023-07-01,RTX,SP500
2023-07-01,SNA,SP500
2023-07-01,SWK,SP500
2023-07-01,TDG,SP500
2023-07-01,TT,SP500
2023-07-01,TXT,SP500
2023-07-01,UAL,SP500
2023-07-01,UNP,SP500
2023-07-01,UPS,SP500
2023-07-01,URI,SP500
2023-07-01,VRSK,SP500
2023-07-01,WAB,SP500
2023-07-01,WM,SP500
2023-07-01,XYL,SP500
2023-08-01,AAL,SP500
2023-08-01,ADP,SP500
2023-08-01,ALK,SP500
2023-08-01,ALLE,SP500
2023-08-01,AME,SP500
2023-08-01,AOS,SP500
2023-08-01,AXON,SP500
2023-08-01,BA,SP500
2023-08-01,BR,SP500
2023-08-01,CARR,SP500
2023-08-01,CAT,SP500
2023-08-01,CDAY,SP500
2023-08-01,CHRW,SP500
2023-08-01,CMI,SP500
2023-08-01,CPRT,SP500
2023-08-01,CSX,SP500
2023-08-01,CTAS,SP500
2023-08-01,DAL,SP500
2023-08-01,DE,SP500
2023-08-01,DOV,SP500
2023-08-01,EFX,SP500
2023-08-01,EMR,SP500
2023-08-01,ETN,SP500
2023-08-01,EXPD,SP500
2023-08-01,FAST,SP500
2023-08-01,FDX,SP500
2023-08-01,FTV,SP500
2023-08-01,GD,SP500
2023-08-01,GE,SP500
2023-08-01,GEHC,SP500
2023-08-01,GNRC,SP500
2023-08-01,GWW,SP500
2023-08-01,HII,SP500
2023-08-01,HON,SP500
2023-08-01,HWM,SP500
2023-08-01,IEX,SP500
2023-08-01,IR,SP500
2023-08-01,ITW,SP500
2023-08-01,J,SP500
2023-08-01,JBHT,SP500
2023-08-01,JCI,SP500
2023-08-01,LDOS,SP500
2023-08-01,LHX,SP500
2023-08-01,LMT,SP500
2023-08-01,LUV,SP500
2023-08-01,MAS,SP500
2023-08-01,MMM,SP500
2023-08-01,NDSN,SP500
2023-08-01,NOC,SP500
2023-08-01,NSC,SP500
2023-08-01,ODFL,SP500
2023-08-01,OTIS,SP500
2023-08-01,PAYC,SP500
2023-08-01,PAYX,SP500
2023-08-01,PCAR,SP500
2023-08-01,PH,SP500
2023-08-01,PNR,SP500
2023-08-01,PWR,SP500
2023-08-01,RHI,SP500
2023-08-01,ROK,SP500
2023-08-01,ROL,SP500
2023-08-01,RSG,SP500
2023-08-01,RTX,SP500
2023-08-01,SNA,SP500
2023-08-01,SWK,SP500
2023-08-01,TDG,SP500
2023-08-01,TT,SP500
2023-08-01,TXT,SP500
2023-08-01,UAL,SP500
2023-08-01,UNP,SP500
2023-08-01,UPS,SP500
2023-08-01,URI,SP500
2023-08-01,VRSK,SP500
2023-08-01,WAB,SP500
2023-08-01,WM,SP500
2023-08-01,XYL,SP500
2023-09-01,AAL,SP500
2023-09-01,ADP,SP500
2023-09-01,ALK,SP500
2023-09-01,ALLE,SP500
2023-09-01,AME,SP500
2023-09-01,AOS,SP500
2023-09-01,AXON,SP500
2023-09-01,BA,SP500
2023-09-01,BR,SP500
2023-09-01,CARR,SP500
2023-09-01,CAT,SP500
2023-09-01,CDAY,SP500
2023-09-01,CHRW,SP500
2023-09-01,CMI,SP500
2023-09-01,CPRT,SP500
2023-09-01,CSX,SP500
2023-09-01,CTAS,SP500
2023-09-01,DAL,SP500
2023-09-01,DE,SP500
2023-09-01,DOV,SP500
2023-09-01,EFX,SP500
2023-09-01,EMR,SP500
2023-09-01,ETN,SP500
2023-09-01,EXPD,SP500
2023-09-01,FAST,SP500
2023-09-01,FDX,SP500
2023-09-01,FTV,SP500
2023-09-01,GD,SP500
2023-09-01,GE,SP500
2023-09-01,GNRC,SP500
2023-09-01,GWW,SP500
2023-09-01,HII,SP500
2023-09-01,HON,SP500
2023-09-01,HWM,SP500
2023-09-01,IEX,SP500
2023-09-01,IR,SP500
2023-09-01,ITW,SP500
2023-09-01,J,SP500
2023-09-01,JBHT,SP500
2023-09-01,JCI,SP500
2023-09-01,LDOS,SP500
2023-09-01,LHX,SP500
2023-09-01,LMT,SP500
2023-09-01,LUV,SP500
2023-09-01,MAS,SP500
2023-09-01,MMM,SP500
2023-09-01,NDSN,SP500
2023-09-01,NOC,SP500
2023-09-01,NSC,SP500
2023-09-01,ODFL,SP500
2023-09-01,OTIS,SP500
2023-09-01,PAYC,SP500
2023-09-01,PAYX,SP500
2023-09-01,PCAR,SP500
2023-09-01,PH,SP500
2023-09-01,PNR,SP500
2023-09-01,PWR,SP500
2023-09-01,RHI,SP500
2023-09-01,ROK,SP500
2023-09-01,ROL,SP500
2023-09-01,RSG,SP500
2023-09-01,RTX,SP500
2023-09-01,SNA,SP500
2023-09-01,SWK,SP500
2023-09-01,TDG,SP500
2023-09-01,TT,SP500
2023-09-01,TXT,SP500
2023-09-01,UAL,SP500
2023-09-01,UNP,SP500
2023-09-01,UPS,SP500
2023-09-01,URI,SP500
2023-09-01,VRSK,SP500
2023-09-01,WAB,SP500
2023-09-01,WM,SP500
2023-09-01,XYL,SP500
2023-10-03,AAL,SP500
2023-10-03,ADP,SP500
2023-10-03,ALK,SP500
2023-10-03,ALLE,SP500
2023-10-03,AME,SP500
2023-10-03,AOS,SP500
2023-10-03,AXON,SP500
2023-10-03,BA,SP500
2023-10-03,BR,SP500
2023-10-03,CARR,SP500
2023-10-03,CAT,SP500
2023-10-03,CDAY,SP500
2023-10-03,CHRW,SP500
2023-10-03,CMI,SP500
2023-10-03,CPRT,SP500
2023-10-03,CSX,SP500
2023-10-03,CTAS,SP500
2023-10-03,DAL,SP500
2023-10-03,DE,SP500
2023-10-03,DOV,SP500
2023-10-03,EFX,SP500
2023-10-03,EMR,SP500
2023-10-03,ETN,SP500
2023-10-03,EXPD,SP500
2023-10-03,FAST,SP500
2023-10-03,FDX,SP500
2023-10-03,FTV,SP500
2023-10-03,GD,SP500
2023-10-03,GE,SP500
2023-10-03,GNRC,SP500
2023-10-03,GWW,SP500
2023-10-03,HII,SP500
2023-10-03,HON,SP500
2023-10-03,HWM,SP500
2023-10-03,IEX,SP500
2023-10-03,IR,SP500
2023-10-03,ITW,SP500
2023-10-03,J,SP500
2023-10-03,JBHT,SP500
2023-10-03,JCI,SP500
2023-10-03,LDOS,SP500
2023-10-03,LHX,SP500
2023-10-03,LMT,SP500
2023-10-03,LUV,SP500
2023-10-03,MAS,SP500
2023-10-03,MMM,SP500
2023-10-03,NDSN,SP500
2023-10-03,NOC,SP500
2023-10-03,NSC,SP500
2023-10-03,ODFL,SP500
2023-10-03,OTIS,SP500
2023-10-03,PAYC,SP500
2023-10-03,PAYX,SP500
2023-10-03,PCAR,SP500
2023-10-03,PH,SP500
2023-10-03,PNR,SP500
2023-10-03,PWR,SP500
2023-10-03,RHI,SP500
2023-10-03,ROK,SP500
2023-10-03,ROL,SP500
2023-10-03,RSG,SP500
2023-10-03,RTX,SP500
2023-10-03,SNA,SP500
2023-10-03,SWK,SP500
2023-10-03,TDG,SP500
2023-10-03,TT,SP500
2023-10-03,TXT,SP500
2023-10-03,UAL,SP500
2023-10-03,UNP,SP500
2023-10-03,UPS,SP500
2023-10-03,URI,SP500
2023-10-03,VRSK,SP500
2023-10-03,WAB,SP500
2023-10-03,WM,SP500
2023-10-03,XYL,SP500
2023-11-01,AAL,SP500
2023-11-01,ADP,SP500
2023-11-01,ALK,SP500
2023-11-01,ALLE,SP500
2023-11-01,AME,SP500
2023-11-01,AOS,SP500
2023-11-01,AXON,SP500
2023-11-01,BA,SP500
2023-11-01,BR,SP500
2023-11-01,CARR,SP500
2023-11-01,CAT,SP500
2023-11-01,CDAY,SP500
2023-11-01,CHRW,SP500
2023-11-01,CMI,SP500
2023-11-01,CPRT,SP500
2023-11-01,CSX,SP500
2023-11-01,CTAS,SP500
2023-11-01,DAL,SP500
2023-11-01,DE,SP500
2023-11-01,DOV,SP500
2023-11-01,EFX,SP500
2023-11-01,EMR,SP500
2023-11-01,ETN,SP500
2023-11-01,EXPD,SP500
2023-11-01,FAST,SP500
2023-11-01,FDX,SP500
2023-11-01,FTV,SP500
2023-11-01,GD,SP500
2023-11-01,GE,SP500
2023-11-01,GNRC,SP500
2023-11-01,GWW,SP500
2023-11-01,HII,SP500
2023-11-01,HON,SP500
2023-11-01,HUBB,SP500
2023-11-01,HWM,SP500
2023-11-01,IEX,SP500
2023-11-01,IR,SP500
2023-11-01,ITW,SP500
2023-11-01,J,SP500
2023-11-01,JBHT,SP500
2023-11-01,JCI,SP500
2023-11-01,LDOS,SP500
2023-11-01,LHX,SP500
2023-11-01,LMT,SP500
2023-11-01,LUV,SP500
2023-11-01,MAS,SP500
2023-11-01,MMM,SP500
2023-11-01,NDSN,SP500
2023-11-01,NOC,SP500
2023-11-01,NSC,SP500
2023-11-01,ODFL,SP500
2023-11-01,OTIS,SP500
2023-11-01,PAYC,SP500
2023-11-01,PAYX,SP500
2023-11-01,PCAR,SP500
2023-11-01,PH,SP500
2023-11-01,PNR,SP500
2023-11-01,PWR,SP500
2023-11-01,RHI,SP500
2023-11-01,ROK,SP500
2023-11-01,ROL,SP500
2023-11-01,RSG,SP500
2023-11-01,RTX,SP500
2023-11-01,SNA,SP500
2023-11-01,SWK,SP500
2023-11-01,TDG,SP500
2023-11-01,TT,SP500
2023-11-01,TXT,SP500
2023-11-01,UAL,SP500
2023-11-01,UNP,SP500
2023-11-01,UPS,SP500
2023-11-01,URI,SP500
2023-11-01,VLTO,SP500
2023-11-01,VRSK,SP500
2023-11-01,WAB,SP500
2023-11-01,WM,SP500
2023-11-01,XYL,SP500
2023-12-01,AAL,SP500
2023-12-01,ADP,SP500
2023-12-01,ALK,SP500
2023-12-01,ALLE,SP500
2023-12-01,AME,SP500
2023-12-01,AOS,SP500
2023-12-01,AXON,SP500
2023-12-01,BA,SP500
2023-12-01,BR,SP500
2023-12-01,CARR,SP500
2023-12-01,CAT,SP500
2023-12-01,CDAY,SP500
2023-12-01,CHRW,SP500
2023-12-01,CMI,SP500
2023-12-01,CPRT,SP500
2023-12-01,CSX,SP500
2023-12-01,CTAS,SP500
2023-12-01,DAL,SP500
2023-12-01,DE,SP500
2023-12-01,DOV,SP500
2023-12-01,EFX,SP500
2023-12-01,EMR,SP500
2023-12-01,ETN,SP500
2023-12-01,EXPD,SP500
2023-12-01,FAST,SP500
2023-12-01,FDX,SP500
2023-12-01,FTV,SP500
2023-12-01,GD,SP500
2023-12-01,GE,SP500
2023-12-01,GNRC,SP500
2023-12-01,GWW,SP500
2023-12-01,HII,SP500
2023-12-01,HON,SP500
2023-12-01,HUBB,SP500
2023-12-01,HWM,SP500
2023-12-01,IEX,SP500
2023-12-01,IR,SP500
2023-12-01,ITW,SP500
2023-12-01,J,SP500
2023-12-01,JBHT,SP500
2023-12-01,JCI,SP500
2023-12-01,LDOS,SP500
2023-12-01,LHX,SP500
2023-12-01,LMT,SP500
2023-12-01,LUV,SP500
2023-12-01,MAS,SP500
2023-12-01,MMM,SP500
2023-12-01,NDSN,SP500
2023-12-01,NOC,SP500
2023-12-01,NSC,SP500
2023-12-01,ODFL,SP500
2023-12-01,OTIS,SP500
2023-12-01,PAYC,SP500
2023-12-01,PAYX,SP500
2023-12-01,PCAR,SP500
2023-12-01,PH,SP500
2023-12-01,PNR,SP500
2023-12-01,PWR,SP500
2023-12-01,RHI,SP500
2023-12-01,ROK,SP500
2023-12-01,ROL,SP500
2023-12-01,RSG,SP500
2023-12-01,RTX,SP500
2023-12-01,SNA,SP500
2023-12-01,SWK,SP500
2023-12-01,TDG,SP500
2023-12-01,TT,SP500
2023-12-01,TXT,SP500
2023-12-01,UAL,SP500
2023-12-01,UNP,SP500
2023-12-01,UPS,SP500
2023-12-01,URI,SP500
2023-12-01,VLTO,SP500
2023-12-01,VRSK,SP500
2023-12-01,WAB,SP500
2023-12-01,WM,SP500
2023-12-01,XYL,SP500
2024-01-03,AAL,SP500
2024-01-03,ADP,SP500
2024-01-03,ALLE,SP500
2024-01-03,AME,SP500
2024-01-03,AOS,SP500
2024-01-03,AXON,SP500
2024-01-03,BA,SP500
2024-01-03,BLDR,SP500
2024-01-03,BR,SP500
2024-01-03,CARR,SP500
2024-01-03,CAT,SP500
2024-01-03,CDAY,SP500
2024-01-03,CHRW,SP500
2024-01-03,CMI,SP500
2024-01-03,CPRT,SP500
2024-01-03,CSX,SP500
2024-01-03,CTAS,SP500
2024-01-03,DAL,SP500
2024-01-03,DE,SP500
2024-01-03,DOV,SP500
2024-01-03,EFX,SP500
2024-01-03,EMR,SP500
2024-01-03,ETN,SP500
2024-01-03,EXPD,SP500
2024-01-03,FAST,SP500
2024-01-03,FDX,SP500
2024-01-03,FTV,SP500
2024-01-03,GD,SP500
2024-01-03,GE,SP500
2024-01-03,GNRC,SP500
2024-01-03,GWW,SP500
2024-01-03,HII,SP500
2024-01-03,HON,SP500
2024-01-03,HUBB,SP500
2024-01-03,HWM,SP500
2024-01-03,IEX,SP500
2024-01-03,IR,SP500
2024-01-03,ITW,SP500
2024-01-03,J,SP500
2024-01-03,JBHT,SP500
2024-01-03,JCI,SP500
2024-01-03,LDOS,SP500
2024-01-03,LHX,SP500
2024-01-03,LMT,SP500
2024-01-03,LUV,SP500
2024-01-03,MAS,SP500
2024-01-03,MMM,SP500
2024-01-03,NDSN,SP500
2024-01-03,NOC,SP500
2024-01-03,NSC,SP500
2024-01-03,ODFL,SP500
2024-01-03,OTIS,SP500
2024-01-03,PAYC,SP500
2024-01-03,PAYX,SP500
2024-01-03,PCAR,SP500
2024-01-03,PH,SP500
2024-01-03,PNR,SP500
2024-01-03,PWR,SP500
2024-01-03,RHI,SP500
2024-01-03,ROK,SP500
2024-01-03,ROL,SP500
2024-01-03,RSG,SP500
2024-01-03,RTX,SP500
2024-01-03,SNA,SP500
2024-01-03,SWK,SP500
2024-01-03,TDG,SP500
2024-01-03,TT,SP500
2024-01-03,TXT,SP500
2024-01-03,UAL,SP500
2024-01-03,UBER,SP500
2024-01-03,UNP,SP500
2024-01-03,UPS,SP500
2024-01-03,URI,SP500
2024-01-03,VLTO,SP500
2024-01-03,VRSK,SP500
2024-01-03,WAB,SP500
2024-01-03,WM,SP500
2024-01-03,XYL,SP500
2024-02-01,AAL,SP500
2024-02-01,ADP,SP500
2024-02-01,ALLE,SP500
2024-02-01,AME,SP500
2024-02-01,AOS,SP500
2024-02-01,AXON,SP500
2024-02-01,BA,SP500
2024-02-01,BLDR,SP500
2024-02-01,BR,SP500
2024-02-01,CARR,SP500
2024-02-01,CAT,SP500
2024-02-01,CDAY,SP500
2024-02-01,CHRW,SP500
2024-02-01,CMI,SP500
2024-02-01,CPRT,SP500
2024-02-01,CSX,SP500
2024-02-01,CTAS,SP500
2024-02-01,DAL,SP500
2024-02-01,DE,SP500
2024-02-01,DOV,SP500
2024-02-01,EFX,SP500
2024-02-01,EMR,SP500
2024-02-01,ETN,SP500
2024-02-01,EXPD,SP500
2024-02-01,FAST,SP500
2024-02-01,FDX,SP500
2024-02-01,FTV,SP500
2024-02-01,GD,SP500
2024-02-01,GE,SP500
2024-02-01,GNRC,SP500
2024-02-01,GWW,SP500
2024-02-01,HII,SP500
2024-02-01,HON,SP500
2024-02-01,HUBB,SP500
2024-02-01,HWM,SP500
2024-02-01,IEX,SP500
2024-02-01,IR,SP500
2024-02-01,ITW,SP500
2024-02-01,J,SP500
2024-02-01,JBHT,SP500
2024-02-01,JCI,SP500
2024-02-01,LDOS,SP500
2024-02-01,LHX,SP500
2024-02-01,LMT,SP500
2024-02-01,LUV,SP500
2024-02-01,MAS,SP500
2024-02-01,MMM,SP500
2024-02-01,NDSN,SP500
2024-02-01,NOC,SP500
2024-02-01,NSC,SP500
2024-02-01,ODFL,SP500
2024-02-01,OTIS,SP500
2024-02-01,PAYC,SP500
2024-02-01,PAYX,SP500
2024-02-01,PCAR,SP500
2024-02-01,PH,SP500
2024-02-01,PNR,SP500
2024-02-01,PWR,SP500
2024-02-01,RHI,SP500
2024-02-01,ROK,SP500
2024-02-01,ROL,SP500
2024-02-01,RSG,SP500
2024-02-01,RTX,SP500
2024-02-01,SNA,SP500
2024-02-01,SWK,SP500
2024-02-01,TDG,SP500
2024-02-01,TT,SP500
2024-02-01,TXT,SP500
2024-02-01,UAL,SP500
2024-02-01,UBER,SP500
2024-02-01,UNP,SP500
2024-02-01,UPS,SP500
2024-02-01,URI,SP500
2024-02-01,VLTO,SP500
2024-02-01,VRSK,SP500
2024-02-01,WAB,SP500
2024-02-01,WM,SP500
2024-02-01,XYL,SP500
2024-03-01,AAL,SP500
2024-03-01,ADP,SP500
2024-03-01,ALLE,SP500
2024-03-01,AME,SP500
2024-03-01,AOS,SP500
2024-03-01,AXON,SP500
2024-03-01,BA,SP500
2024-03-01,BLDR,SP500
2024-03-01,BR,SP500
2024-03-01,CARR,SP500
2024-03-01,CAT,SP500
2024-03-01,CHRW,SP500
2024-03-01,CMI,SP500
2024-03-01,CPRT,SP500
2024-03-01,CSX,SP500
2024-03-01,CTAS,SP500
2024-03-01,DAL,SP500
2024-03-01,DAY,SP500
2024-03-01,DE,SP500
2024-03-01,DOV,SP500
2024-03-01,EFX,SP500
2024-03-01,EMR,SP500
2024-03-01,ETN,SP500
2024-03-01,EXPD,SP500
2024-03-01,FAST,SP500
2024-03-01,FDX,SP500
2024-03-01,FTV,SP500
2024-03-01,GD,SP500
2024-03-01,GE,SP500
2024-03-01,GNRC,SP500
2024-03-01,GWW,SP500
2024-03-01,HII,SP500
2024-03-01,HON,SP500
2024-03-01,HUBB,SP500
2024-03-01,HWM,SP500
2024-03-01,IEX,SP500
2024-03-01,IR,SP500
2024-03-01,ITW,SP500
2024-03-01,J,SP500
2024-03-01,JBHT,SP500
2024-03-01,JCI,SP500
2024-03-01,LDOS,SP500
2024-03-01,LHX,SP500
2024-03-01,LMT,SP500
2024-03-01,LUV,SP500
2024-03-01,MAS,SP500
2024-03-01,MMM,SP500
2024-03-01,NDSN,SP500
2024-03-01,NOC,SP500
2024-03-01,NSC,SP500
2024-03-01,ODFL,SP500
2024-03-01,OTIS,SP500
2024-03-01,PAYC,SP500
2024-03-01,PAYX,SP500
2024-03-01,PCAR,SP500
2024-03-01,PH,SP500
2024-03-01,PNR,SP500
2024-03-01,PWR,SP500
2024-03-01,RHI,SP500
2024-03-01,ROK,SP500
2024-03-01,ROL,SP500
2024-03-01,RSG,SP500
2024-03-01,RTX,SP500
2024-03-01,SNA,SP500
2024-03-01,SWK,SP500
2024-03-01,TDG,SP500
2024-03-01,TT,SP500
2024-03-01,TXT,SP500
2024-03-01,UAL,SP500
2024-03-01,UBER,SP500
2024-03-01,UNP,SP500
2024-03-01,UPS,SP500
2024-03-01,URI,SP500
2024-03-01,VLTO,SP500
2024-03-01,VRSK,SP500
2024-03-01,WAB,SP500
2024-03-01,WM,SP500
2024-03-01,XYL,SP500
2024-04-02,AAL,SP500
2024-04-02,ADP,SP500
2024-04-02,ALLE,SP500
2024-04-02,AME,SP500
2024-04-02,AOS,SP500
2024-04-02,AXON,SP500
2024-04-02,BA,SP500
2024-04-02,BLDR,SP500
2024-04-02,BR,SP500
2024-04-02,CARR,SP500
2024-04-02,CAT,SP500
2024-04-02,CHRW,SP500
2024-04-02,CMI,SP500
2024-04-02,CPRT,SP500
2024-04-02,CSX,SP500
2024-04-02,CTAS,SP500
2024-04-02,DAL,SP500
2024-04-02,DAY,SP500
2024-04-02,DE,SP500
2024-04-02,DOV,SP500
2024-04-02,EFX,SP500
2024-04-02,EMR,SP500
2024-04-02,ETN,SP500
2024-04-02,EXPD,SP500
2024-04-02,FAST,SP500
2024-04-02,FDX,SP500
2024-04-02,FTV,SP500
2024-04-02,GD,SP500
2024-04-02,GE,SP500
2024-04-02,GNRC,SP500
2024-04-02,GWW,SP500
2024-04-02,HII,SP500
2024-04-02,HON,SP500
2024-04-02,HUBB,SP500
2024-04-02,HWM,SP500
2024-04-02,IEX,SP500
2024-04-02,IR,SP500
2024-04-02,ITW,SP500
2024-04-02,J,SP500
2024-04-02,JBHT,SP500
2024-04-02,JCI,SP500
2024-04-02,LDOS,SP500
2024-04-02,LHX,SP500
2024-04-02,LMT,SP500
2024-04-02,LUV,SP500
2024-04-02,MAS,SP500
2024-04-02,MMM,SP500
2024-04-02,NDSN,SP500
2024-04-02,NOC,SP500
2024-04-02,NSC,SP500
2024-04-02,ODFL,SP500
2024-04-02,OTIS,SP500
2024-04-02,PAYC,SP500
2024-04-02,PAYX,SP500
2024-04-02,PCAR,SP500
2024-04-02,PH,SP500
2024-04-02,PNR,SP500
2024-04-02,PWR,SP500
2024-04-02,RHI,SP500
2024-04-02,ROK,SP500
2024-04-02,ROL,SP500
2024-04-02,RSG,SP500
2024-04-02,RTX,SP500
2024-04-02,SNA,SP500
2024-04-02,SWK,SP500
2024-04-02,TDG,SP500
2024-04-02,TT,SP500
2024-04-02,TXT,SP500
2024-04-02,UAL,SP500
2024-04-02,UBER,SP500
2024-04-02,UNP,SP500
2024-04-02,UPS,SP500
2024-04-02,URI,SP500
2024-04-02,VLTO,SP500
2024-04-02,VRSK,SP500
2024-04-02,WAB,SP500
2024-04-02,WM,SP500
2024-04-02,XYL,SP500
2024-05-01,AAL,SP500
2024-05-01,ADP,SP500
2024-05-01,ALLE,SP500
2024-05-01,AME,SP500
2024-05-01,AOS,SP500
2024-05-01,AXON,SP500
2024-05-01,BA,SP500
2024-05-01,BLDR,SP500
2024-05-01,BR,SP500
2024-05-01,CARR,SP500
2024-05-01,CAT,SP500
2024-05-01,CHRW,SP500
2024-05-01,CMI,SP500
2024-05-01,CPRT,SP500
2024-05-01,CSX,SP500
2024-05-01,CTAS,SP500
2024-05-01,DAL,SP500
2024-05-01,DAY,SP500
2024-05-01,DE,SP500
2024-05-01,DOV,SP500
2024-05-01,EFX,SP500
2024-05-01,EMR,SP500
2024-05-01,ETN,SP500
2024-05-01,EXPD,SP500
2024-05-01,FAST,SP500
2024-05-01,FDX,SP500
2024-05-01,FTV,SP500
2024-05-01,GD,SP500
2024-05-01,GE,SP500
2024-05-01,GEV,SP500
2024-05-01,GNRC,SP500
2024-05-01,GWW,SP500
2024-05-01,HII,SP500
2024-05-01,HON,SP500
2024-05-01,HUBB,SP500
2024-05-01,HWM,SP500
2024-05-01,IEX,SP500
2024-05-01,IR,SP500
2024-05-01,ITW,SP500
2024-05-01,J,SP500
2024-05-01,JBHT,SP500
2024-05-01,JCI,SP500
2024-05-01,LDOS,SP500
2024-05-01,LHX,SP500
2024-05-01,LMT,SP500
2024-05-01,LUV,SP500
2024-05-01,MAS,SP500
2024-05-01,MMM,SP500
2024-05-01,NDSN,SP500
2024-05-01,NOC,SP500
2024-05-01,NSC,SP500
2024-05-01,ODFL,SP500
2024-05-01,OTIS,SP500
2024-05-01,PAYC,SP500
2024-05-01,PAYX,SP500
2024-05-01,PCAR,SP500
2024-05-01,PH,SP500
2024-05-01,PNR,SP500
2024-05-01,PWR,SP500
2024-05-01,RHI,SP500
2024-05-01,ROK,SP500
2024-05-01,ROL,SP500
2024-05-01,RSG,SP500
2024-05-01,RTX,SP500
2024-05-01,SNA,SP500
2024-05-01,SWK,SP500
2024-05-01,TDG,SP500
2024-05-01,TT,SP500
2024-05-01,TXT,SP500
2024-05-01,UAL,SP500
2024-05-01,UBER,SP500
2024-05-01,UNP,SP500
2024-05-01,UPS,SP500
2024-05-01,URI,SP500
2024-05-01,VLTO,SP500
2024-05-01,VRSK,SP500
2024-05-01,WAB,SP500
2024-05-01,WM,SP500
2024-05-01,XYL,SP500
2024-06-01,AAL,SP500
2024-06-01,ADP,SP500
2024-06-01,ALLE,SP500
2024-06-01,AME,SP500
2024-06-01,AOS,SP500
2024-06-01,AXON,SP500
2024-06-01,BA,SP500
2024-06-01,BLDR,SP500
2024-06-01,BR,SP500
2024-06-01,CARR,SP500
2024-06-01,CAT,SP500
2024-06-01,CHRW,SP500
2024-06-01,CMI,SP500
2024-06-01,CPRT,SP500
2024-06-01,CSX,SP500
2024-06-01,CTAS,SP500
2024-06-01,DAL,SP500
2024-06-01,DAY,SP500
2024-06-01,DE,SP500
2024-06-01,DOV,SP500
2024-06-01,EFX,SP500
2024-06-01,EMR,SP500
2024-06-01,ETN,SP500
2024-06-01,EXPD,SP500
2024-06-01,FAST,SP500
2024-06-01,FDX,SP500
2024-06-01,FTV,SP500
2024-06-01,GD,SP500
2024-06-01,GE,SP500
2024-06-01,GEV,SP500
2024-06-01,GNRC,SP500
2024-06-01,GWW,SP500
2024-06-01,HII,SP500
2024-06-01,HON,SP500
2024-06-01,HUBB,SP500
2024-06-01,HWM,SP500
2024-06-01,IEX,SP500
2024-06-01,IR,SP500
2024-06-01,ITW,SP500
2024-06-01,J,SP500
2024-06-01,JBHT,SP500
2024-06-01,JCI,SP500
2024-06-01,LDOS,SP500
2024-06-01,LHX,SP500
2024-06-01,LMT,SP500
2024-06-01,LUV,SP500
2024-06-01,MAS,SP500
2024-06-01,MMM,SP500
2024-06-01,NDSN,SP500
2024-06-01,NOC,SP500
2024-06-01,NSC,SP500
2024-06-01,ODFL,SP500
2024-06-01,OTIS,SP500
2024-06-01,PAYC,SP500
2024-06-01,PAYX,SP500
2024-06-01,PCAR,SP500
2024-06-01,PH,SP500
2024-06-01,PNR,SP500
2024-06-01,PWR,SP500
2024-06-01,RHI,SP500
2024-06-01,ROK,SP500
2024-06-01,ROL,SP500
2024-06-01,RSG,SP500
2024-06-01,RTX,SP500
2024-06-01,SNA,SP500
2024-06-01,SWK,SP500
2024-06-01,TDG,SP500
2024-06-01,TT,SP500
2024-06-01,TXT,SP500
2024-06-01,UAL,SP500
2024-06-01,UBER,SP500
2024-06-01,UNP,SP500
2024-06-01,UPS,SP500
2024-06-01,URI,SP500
2024-06-01,VLTO,SP500
2024-06-01,VRSK,SP500
2024-06-01,WAB,SP500
2024-06-01,WM,SP500
2024-06-01,XYL,SP500
2024-07-02,AAL,SP500
2024-07-02,ADP,SP500
2024-07-02,ALLE,SP500
2024-07-02,AME,SP500
2024-07-02,AOS,SP500
2024-07-02,AXON,SP500
2024-07-02,BA,SP500
2024-07-02,BLDR,SP500
2024-07-02,BR,SP500
2024-07-02,CARR,SP500
2024-07-02,CAT,SP500
2024-07-02,CHRW,SP500
2024-07-02,CMI,SP500
2024-07-02,CPRT,SP500
2024-07-02,CSX,SP500
2024-07-02,CTAS,SP500
2024-07-02,DAL,SP500
2024-07-02,DAY,SP500
2024-07-02,DE,SP500
2024-07-02,DOV,SP500
2024-07-02,EFX,SP500
2024-07-02,EMR,SP500
2024-07-02,ETN,SP500
2024-07-02,EXPD,SP500
2024-07-02,FAST,SP500
2024-07-02,FDX,SP500
2024-07-02,FTV,SP500
2024-07-02,GD,SP500
2024-07-02,GE,SP500
2024-07-02,GEV,SP500
2024-07-02,GNRC,SP500
2024-07-02,GWW,SP500
2024-07-02,HII,SP500
2024-07-02,HON,SP500
2024-07-02,HUBB,SP500
2024-07-02,HWM,SP500
2024-07-02,IEX,SP500
2024-07-02,IR,SP500
2024-07-02,ITW,SP500
2024-07-02,J,SP500
2024-07-02,JBHT,SP500
2024-07-02,JCI,SP500
2024-07-02,LDOS,SP500
2024-07-02,LHX,SP500
2024-07-02,LMT,SP500
2024-07-02,LUV,SP500
2024-07-02,MAS,SP500
2024-07-02,MMM,SP500
2024-07-02,NDSN,SP500
2024-07-02,NOC,SP500
2024-07-02,NSC,SP500
2024-07-02,ODFL,SP500
2024-07-02,OTIS,SP500
2024-07-02,PAYC,SP500
2024-07-02,PAYX,SP500
2024-07-02,PCAR,SP500
2024-07-02,PH,SP500
2024-07-02,PNR,SP500
2024-07-02,PWR,SP500
2024-07-02,ROK,SP500
2024-07-02,ROL,SP500
2024-07-02,RSG,SP500
2024-07-02,RTX,SP500
2024-07-02,SNA,SP500
2024-07-02,SWK,SP500
2024-07-02,TDG,SP500
2024-07-02,TT,SP500
2024-07-02,TXT,SP500
2024-07-02,UAL,SP500
2024-07-02,UBER,SP500
2024-07-02,UNP,SP500
2024-07-02,UPS,SP500
2024-07-02,URI,SP500
2024-07-02,VLTO,SP500
2024-07-02,VRSK,SP500
2024-07-02,WAB,SP500
2024-07-02,WM,SP500
2024-07-02,XYL,SP500
2024-08-01,AAL,SP500
2024-08-01,ADP,SP500
2024-08-01,ALLE,SP500
2024-08-01,AME,SP500
2024-08-01,AOS,SP500
2024-08-01,AXON,SP500
2024-08-01,BA,SP500
2024-08-01,BLDR,SP500
2024-08-01,BR,SP500
2024-08-01,CARR,SP500
2024-08-01,CAT,SP500
2024-08-01,CHRW,SP500
2024-08-01,CMI,SP500
2024-08-01,CPRT,SP500
2024-08-01,CSX,SP500
2024-08-01,CTAS,SP500
2024-08-01,DAL,SP500
2024-08-01,DAY,SP500
2024-08-01,DE,SP500
2024-08-01,DOV,SP500
2024-08-01,EFX,SP500
2024-08-01,EMR,SP500
2024-08-01,ETN,SP500
2024-08-01,EXPD,SP500
2024-08-01,FAST,SP500
2024-08-01,FDX,SP500
2024-08-01,FTV,SP500
2024-08-01,GD,SP500
2024-08-01,GE,SP500
2024-08-01,GEV,SP500
2024-08-01,GNRC,SP500
2024-08-01,GWW,SP500
2024-08-01,HII,SP500
2024-08-01,HON,SP500
2024-08-01,HUBB,SP500
2024-08-01,HWM,SP500
2024-08-01,IEX,SP500
2024-08-01,IR,SP500
2024-08-01,ITW,SP500
2024-08-01,J,SP500
2024-08-01,JBHT,SP500
2024-08-01,JCI,SP500
2024-08-01,LDOS,SP500
2024-08-01,LHX,SP500
2024-08-01,LMT,SP500
2024-08-01,LUV,SP500
2024-08-01,MAS,SP500
2024-08-01,MMM,SP500
2024-08-01,NDSN,SP500
2024-08-01,NOC,SP500
2024-08-01,NSC,SP500
2024-08-01,ODFL,SP500
2024-08-01,OTIS,SP500
2024-08-01,PAYC,SP500
2024-08-01,PAYX,SP500
2024-08-01,PCAR,SP500
2024-08-01,PH,SP500
2024-08-01,PNR,SP500
2024-08-01,PWR,SP500
2024-08-01,ROK,SP500
2024-08-01,ROL,SP500
2024-08-01,RSG,SP500
2024-08-01,RTX,SP500
2024-08-01,SNA,SP500
2024-08-01,SWK,SP500
2024-08-01,TDG,SP500
2024-08-01,TT,SP500
2024-08-01,TXT,SP500
2024-08-01,UAL,SP500
2024-08-01,UBER,SP500
2024-08-01,UNP,SP500
2024-08-01,UPS,SP500
2024-08-01,URI,SP500
2024-08-01,VLTO,SP500
2024-08-01,VRSK,SP500
2024-08-01,WAB,SP500
2024-08-01,WM,SP500
2024-08-01,XYL,SP500
2024-09-04,AAL,SP500
2024-09-04,ADP,SP500
2024-09-04,ALLE,SP500
2024-09-04,AME,SP500
2024-09-04,AOS,SP500
2024-09-04,AXON,SP500
2024-09-04,BA,SP500
2024-09-04,BLDR,SP500
2024-09-04,BR,SP500
2024-09-04,CARR,SP500
2024-09-04,CAT,SP500
2024-09-04,CHRW,SP500
2024-09-04,CMI,SP500
2024-09-04,CPRT,SP500
2024-09-04,CSX,SP500
2024-09-04,CTAS,SP500
2024-09-04,DAL,SP500
2024-09-04,DAY,SP500
2024-09-04,DE,SP500
2024-09-04,DOV,SP500
2024-09-04,EFX,SP500
2024-09-04,EMR,SP500
2024-09-04,ETN,SP500
2024-09-04,EXPD,SP500
2024-09-04,FAST,SP500
2024-09-04,FDX,SP500
2024-09-04,FTV,SP500
2024-09-04,GD,SP500
2024-09-04,GE,SP500
2024-09-04,GEV,SP500
2024-09-04,GNRC,SP500
2024-09-04,GWW,SP500
2024-09-04,HII,SP500
2024-09-04,HON,SP500
2024-09-04,HUBB,SP500
2024-09-04,HWM,SP500
2024-09-04,IEX,SP500
2024-09-04,IR,SP500
2024-09-04,ITW,SP500
2024-09-04,J,SP500
2024-09-04,JBHT,SP500
2024-09-04,JCI,SP500
2024-09-04,LDOS,SP500
2024-09-04,LHX,SP500
2024-09-04,LMT,SP500
2024-09-04,LUV,SP500
2024-09-04,MAS,SP500
2024-09-04,MMM,SP500
2024-09-04,NDSN,SP500
2024-09-04,NOC,SP500
2024-09-04,NSC,SP500
2024-09-04,ODFL,SP500
2024-09-04,OTIS,SP500
2024-09-04,PAYC,SP500
2024-09-04,PAYX,SP500
2024-09-04,PCAR,SP500
2024-09-04,PH,SP500
2024-09-04,PNR,SP500
2024-09-04,PWR,SP500
2024-09-04,ROK,SP500
2024-09-04,ROL,SP500
2024-09-04,RSG,SP500
2024-09-04,RTX,SP500
2024-09-04,SNA,SP500
2024-09-04,SWK,SP500
2024-09-04,TDG,SP500
2024-09-04,TT,SP500
2024-09-04,TXT,SP500
2024-09-04,UAL,SP500
2024-09-04,UBER,SP500
2024-09-04,UNP,SP500
2024-09-04,UPS,SP500
2024-09-04,URI,SP500
2024-09-04,VLTO,SP500
2024-09-04,VRSK,SP500
2024-09-04,WAB,SP500
2024-09-04,WM,SP500
2024-09-04,XYL,SP500
2024-10-01,ADP,SP500
2024-10-01,ALLE,SP500
2024-10-01,AME,SP500
2024-10-01,AOS,SP500
2024-10-01,AXON,SP500
2024-10-01,BA,SP500
2024-10-01,BLDR,SP500
2024-10-01,BR,SP500
2024-10-01,CARR,SP500
2024-10-01,CAT,SP500
2024-10-01,CHRW,SP500
2024-10-01,CMI,SP500
2024-10-01,CPRT,SP500
2024-10-01,CSX,SP500
2024-10-01,CTAS,SP500
2024-10-01,DAL,SP500
2024-10-01,DAY,SP500
2024-10-01,DE,SP500
2024-10-01,DOV,SP500
2024-10-01,EFX,SP500
2024-10-01,EMR,SP500
2024-10-01,ETN,SP500
2024-10-01,EXPD,SP500
2024-10-01,FAST,SP500
2024-10-01,FDX,SP500
2024-10-01,FTV,SP500
2024-10-01,GD,SP500
2024-10-01,GE,SP500
2024-10-01,GEV,SP500
2024-10-01,GNRC,SP500
2024-10-01,GWW,SP500
2024-10-01,HII,SP500
2024-10-01,HON,SP500
2024-10-01,HUBB,SP500
2024-10-01,HWM,SP500
2024-10-01,IEX,SP500
2024-10-01,IR,SP500
2024-10-01,ITW,SP500
2024-10-01,J,SP500
2024-10-01,JBHT,SP500
2024-10-01,JCI,SP500
2024-10-01,LDOS,SP500
2024-10-01,LHX,SP500
2024-10-01,LMT,SP500
2024-10-01,LUV,SP500
2024-10-01,MAS,SP500
2024-10-01,MMM,SP500
2024-10-01,NDSN,SP500
2024-10-01,NOC,SP500
2024-10-01,NSC,SP500
2024-10-01,ODFL,SP500
2024-10-01,OTIS,SP500
2024-10-01,PAYC,SP500
2024-10-01,PAYX,SP500
2024-10-01,PCAR,SP500
2024-10-01,PH,SP500
2024-10-01,PNR,SP500
2024-10-01,PWR,SP500
2024-10-01,ROK,SP500
2024-10-01,ROL,SP500
2024-10-01,RSG,SP500
2024-10-01,RTX,SP500
2024-10-01,SNA,SP500
2024-10-01,SWK,SP500
2024-10-01,TDG,SP500
2024-10-01,TT,SP500
2024-10-01,TXT,SP500
2024-10-01,UAL,SP500
2024-10-01,UBER,SP500
2024-10-01,UNP,SP500
2024-10-01,UPS,SP500
2024-10-01,URI,SP500
2024-10-01,VLTO,SP500
2024-10-01,VRSK,SP500
2024-10-01,WAB,SP500
2024-10-01,WM,SP500
2024-10-01,XYL,SP500
2024-11-01,ADP,SP500
2024-11-01,ALLE,SP500
2024-11-01,AME,SP500
2024-11-01,AMTM,SP500
2024-11-01,AOS,SP500
2024-11-01,AXON,SP500
2024-11-01,BA,SP500
2024-11-01,BLDR,SP500
2024-11-01,BR,SP500
2024-11-01,CARR,SP500
2024-11-01,CAT,SP500
2024-11-01,CHRW,SP500
2024-11-01,CMI,SP500
2024-11-01,CPRT,SP500
2024-11-01,CSX,SP500
2024-11-01,CTAS,SP500
2024-11-01,DAL,SP500
2024-11-01,DAY,SP500
2024-11-01,DE,SP500
2024-11-01,DOV,SP500
2024-11-01,EFX,SP500
2024-11-01,EMR,SP500
2024-11-01,ETN,SP500
2024-11-01,EXPD,SP500
2024-11-01,FAST,SP500
2024-11-01,FDX,SP500
2024-11-01,FTV,SP500
2024-11-01,GD,SP500
2024-11-01,GE,SP500
2024-11-01,GEV,SP500
2024-11-01,GNRC,SP500
2024-11-01,GWW,SP500
2024-11-01,HII,SP500
2024-11-01,HON,SP500
2024-11-01,HUBB,SP500
2024-11-01,HWM,SP500
2024-11-01,IEX,SP500
2024-11-01,IR,SP500
2024-11-01,ITW,SP500
2024-11-01,J,SP500
2024-11-01,JBHT,SP500
2024-11-01,JCI,SP500
2024-11-01,LDOS,SP500
2024-11-01,LHX,SP500
2024-11-01,LMT,SP500
2024-11-01,LUV,SP500
2024-11-01,MAS,SP500
2024-11-01,MMM,SP500
2024-11-01,NDSN,SP500
2024-11-01,NOC,SP500
2024-11-01,NSC,SP500
2024-11-01,ODFL,SP500
2024-11-01,OTIS,SP500
2024-11-01,PAYC,SP500
2024-11-01,PAYX,SP500
2024-11-01,PCAR,SP500
2024-11-01,PH,SP500
2024-11-01,PNR,SP500
2024-11-01,PWR,SP500
2024-11-01,ROK,SP500
2024-11-01,ROL,SP500
2024-11-01,RSG,SP500
2024-11-01,RTX,SP500
2024-11-01,SNA,SP500
2024-11-01,SWK,SP500
2024-11-01,TDG,SP500
2024-11-01,TT,SP500
2024-11-01,TXT,SP500
2024-11-01,UAL,SP500
2024-11-01,UBER,SP500
2024-11-01,UNP,SP500
2024-11-01,UPS,SP500
2024-11-01,URI,SP500
2024-11-01,VLTO,SP500
2024-11-01,VRSK,SP500
2024-11-01,WAB,SP500
2024-11-01,WM,SP500
2024-11-01,XYL,SP500
2024-12-03,ADP,SP500
2024-12-03,ALLE,SP500
2024-12-03,AME,SP500
2024-12-03,AMTM,SP500
2024-12-03,AOS,SP500
2024-12-03,AXON,SP500
2024-12-03,BA,SP500
2024-12-03,BLDR,SP500
2024-12-03,BR,SP500
2024-12-03,CARR,SP500
2024-12-03,CAT,SP500
2024-12-03,CHRW,SP500
2024-12-03,CMI,SP500
2024-12-03,CPRT,SP500
2024-12-03,CSX,SP500
2024-12-03,CTAS,SP500
2024-12-03,DAL,SP500
2024-12-03,DAY,SP500
2024-12-03,DE,SP500
2024-12-03,DOV,SP500
2024-12-03,EFX,SP500
2024-12-03,EMR,SP500
2024-12-03,ETN,SP500
2024-12-03,EXPD,SP500
2024-12-03,FAST,SP500
2024-12-03,FDX,SP500
2024-12-03,FTV,SP500
2024-12-03,GD,SP500
2024-12-03,GE,SP500
2024-12-03,GEV,SP500
2024-12-03,GNRC,SP500
2024-12-03,GWW,SP500
2024-12-03,HII,SP500
2024-12-03,HON,SP500
2024-12-03,HUBB,SP500
2024-12-03,HWM,SP500
2024-12-03,IEX,SP500
2024-12-03,IR,SP500
2024-12-03,ITW,SP500
2024-12-03,J,SP500
2024-12-03,JBHT,SP500
2024-12-03,JCI,SP500
2024-12-03,LDOS,SP500
2024-12-03,LHX,SP500
2024-12-03,LMT,SP500
2024-12-03,LUV,SP500
2024-12-03,MAS,SP500
2024-12-03,MMM,SP500
2024-12-03,NDSN,SP500
2024-12-03,NOC,SP500
2024-12-03,NSC,SP500
2024-12-03,ODFL,SP500
2024-12-03,OTIS,SP500
2024-12-03,PAYC,SP500
2024-12-03,PAYX,SP500
2024-12-03,PCAR,SP500
2024-12-03,PH,SP500
2024-12-03,PNR,SP500
2024-12-03,PWR,SP500
2024-12-03,ROK,SP500
2024-12-03,ROL,SP500
2024-12-03,RSG,SP500
2024-12-03,RTX,SP500
2024-12-03,SNA,SP500
2024-12-03,SWK,SP500
2024-12-03,TDG,SP500
2024-12-03,TT,SP500
2024-12-03,TXT,SP500
2024-12-03,UAL,SP500
2024-12-03,UBER,SP500
2024-12-03,UNP,SP500
2024-12-03,UPS,SP500
2024-12-03,URI,SP500
2024-12-03,VLTO,SP500
2024-12-03,VRSK,SP500
2024-12-03,WAB,SP500
2024-12-03,WM,SP500
2024-12-03,XYL,SP500