#,symbol,phase,exit_date,days_to_exit,exit_price,shares,exit_pct,pnl,return_pct,reason
1,ASND,"EARNINGS_EXIT(<10%,2d)",2022-08-08,3,98.93000030517578,9,100,36.179969787597656,4.235587912711563,UNKNOWN
2,AXGN,PHASE3_EMA10_BREAK,2019-03-22,39,20.40999984741211,22,30,62.920013427734375,16.296300482521186,UNKNOWN
3,AXL,PHASE3_EMA10_BREAK,2019-03-22,39,20.40999984741211,22,30,62.920013427734375,16.296300482521186,UNKNOWN
4,AAOI,PHASE3_EMA10_BREAK_DEF,2017-03-14,29,48.18999862670898,17,30,242.5900077819824,42.06957909221896,UNKNOWN
5,AAON,PHASE3_EMA10_BREAK_DEF,2017-03-14,29,48.18999862670898,17,30,242.5900077819824,42.06957909221896,UNKNOWN
6,AAP,PHASE3_EMA10_BREAK_DEF,2017-03-14,29,48.18999862670898,17,30,242.5900077819824,42.06957909221896,UNKNOWN
7,ADP,PHASE3_EMA10_BREAK_DEF,2019-12-02,19,7.140232086181641,26,30,11.080267906188965,6.347331517999355,UNKNOWN
8,ADPT,PHASE3_EMA10_BREAK_DEF,2019-12-02,19,7.140232086181641,26,30,11.080267906188965,6.347331517999355,UNKNOWN
9,ADT,PHASE3_EMA10_BREAK_DEF,2019-12-02,19,7.140232086181641,26,30,11.080267906188965,6.347331517999355,UNKNOWN
10,ALOT,PHASE3_EMA10_BREAK_DEF,2019-03-01,51,59.310001373291016,11,30,50.38002014160156,8.36835715213226,UNKNOWN
11,ALRM,PHASE3_EMA10_BREAK_DEF,2019-03-01,51,59.310001373291016,11,30,50.38002014160156,8.36835715213226,UNKNOWN
12,ALRS,PHASE3_EMA10_BREAK_DEF,2019-03-01,51,59.310001373291016,11,30,50.38002014160156,8.36835715213226,UNKNOWN
13,AMPY,PHASE3_EMA10_BREAK_DEF,2017-07-10,60,17.6200008392334,36,30,63.00003433227539,11.027101236886152,UNKNOWN
14,AMRC,PHASE3_EMA10_BREAK_DEF,2017-07-10,60,17.6200008392334,36,30,63.00003433227539,11.027101236886152,UNKNOWN
15,ANGO,PHASE3_EMA10_BREAK_DEF,2018-04-24,89,19.76000022888184,22,30,56.31998825073242,14.88371716505019,UNKNOWN
16,ANIK,PHASE3_EMA10_BREAK_DEF,2018-04-24,89,19.76000022888184,22,30,56.31998825073242,14.88371716505019,UNKNOWN
17,ANIP,PHASE3_EMA10_BREAK_DEF,2018-04-24,89,19.76000022888184,22,30,56.31998825073242,14.88371716505019,UNKNOWN
18,ARCB,PHASE3_EMA10_BREAK_DEF,2017-10-25,48,8.732041358947754,47,30,30.47575569152832,8.021409364072092,UNKNOWN
19,ARCO,PHASE3_EMA10_BREAK_DEF,2017-10-25,48,8.732041358947754,47,30,30.47575569152832,8.021409364072092,UNKNOWN
20,AROC,PHASE3_EMA10_BREAK_DEF,2020-01-09,24,7.038280487060547,87,30,36.23621320724487,6.289980681742162,UNKNOWN
21,ASML,PHASE3_EMA10_BREAK_DEF,2018-01-31,42,50.970001220703125,10,30,118.5000228881836,30.29141772077098,UNKNOWN
22,ASND,PHASE3_EMA10_BREAK_DEF,2018-01-31,42,50.970001220703125,10,30,118.5000228881836,30.29141772077098,UNKNOWN
23,ASPN,PHASE3_EMA10_BREAK_DEF,2018-01-31,42,50.970001220703125,10,30,118.5000228881836,30.29141772077098,UNKNOWN
24,ATHM,PHASE3_EMA10_BREAK_DEF,2017-07-27,51,39.95028305053711,16,30,46.2237548828125,7.795152375142261,UNKNOWN
25,ATHM,PHASE3_EMA10_BREAK_DEF,2017-09-14,37,54.79832077026367,10,30,127.2329330444336,30.239536539290768,UNKNOWN
26,ATKR,PHASE3_EMA10_BREAK_DEF,2017-07-27,51,39.95028305053711,16,30,46.2237548828125,7.795152375142261,UNKNOWN
27,ATKR,PHASE3_EMA10_BREAK_DEF,2017-09-14,37,54.79832077026367,10,30,127.2329330444336,30.239536539290768,UNKNOWN
28,ATLC,PHASE3_EMA10_BREAK_DEF,2017-07-27,51,39.95028305053711,16,30,46.2237548828125,7.795152375142261,UNKNOWN
29,ATLC,PHASE3_EMA10_BREAK_DEF,2017-09-14,37,54.79832077026367,10,30,127.2329330444336,30.239536539290768,UNKNOWN
30,AAVM,PHASE3_SMA20_BREAK,2018-07-11,65,27.434045791625977,15,30,36.65390968322754,9.778110444708728,UNKNOWN
31,AAVM,PHASE3_SMA20_BREAK,2018-12-17,49,29.674373626708984,21,30,46.37373161315918,8.039994313946934,UNKNOWN
32,AAVM,PHASE3_SMA20_BREAK,2019-04-09,71,33.45123672485352,20,30,59.17316436767578,9.702879727787009,UNKNOWN
33,AAXJ,PHASE3_SMA20_BREAK,2018-07-11,65,27.434045791625977,15,30,36.65390968322754,9.778110444708728,UNKNOWN
34,AAXJ,PHASE3_SMA20_BREAK,2018-12-17,49,29.674373626708984,21,30,46.37373161315918,8.039994313946934,UNKNOWN
35,AAXJ,PHASE3_SMA20_BREAK,2019-04-09,71,33.45123672485352,20,30,59.17316436767578,9.702879727787009,UNKNOWN
36,AB,PHASE3_SMA20_BREAK,2018-07-11,65,27.434045791625977,15,30,36.65390968322754,9.778110444708728,UNKNOWN
37,AB,PHASE3_SMA20_BREAK,2018-12-17,49,29.674373626708984,21,30,46.37373161315918,8.039994313946934,UNKNOWN
38,AB,PHASE3_SMA20_BREAK,2019-04-09,71,33.45123672485352,20,30,59.17316436767578,9.702879727787009,UNKNOWN
39,ABCB,PHASE3_SMA20_BREAK,2018-02-05,31,46.42104721069336,14,30,18.17440795898437,2.8769709175765943,UNKNOWN
40,ABCB,PHASE3_SMA20_BREAK,2019-11-18,68,39.29793930053711,18,30,90.50434112548828,14.67181394118696,UNKNOWN
41,ABEO,PHASE3_SMA20_BREAK,2018-02-05,31,46.42104721069336,14,30,18.17440795898437,2.8769709175765943,UNKNOWN
42,ABEO,PHASE3_SMA20_BREAK,2019-11-18,68,39.29793930053711,18,30,90.50434112548828,14.67181394118696,UNKNOWN
43,ABR,PHASE3_SMA20_BREAK,2018-06-05,90,4.288904666900635,98,30,47.5213680267334,12.747445926701063,UNKNOWN
44,ABR,PHASE3_SMA20_BREAK,2018-09-17,81,5.648476600646973,36,30,30.40989875793457,17.584556762719536,UNKNOWN
45,ABR,PHASE3_SMA20_BREAK,2019-03-20,48,6.254887580871582,100,30,49.53069686889648,8.599705465382247,UNKNOWN
46,ACA,PHASE3_SMA20_BREAK,2020-01-22,47,44.59547424316406,10,30,49.10045623779297,12.37241424521476,UNKNOWN
47,ACAD,PHASE3_SMA20_BREAK,2020-01-22,47,44.59547424316406,10,30,49.10045623779297,12.37241424521476,UNKNOWN
48,ACN,PHASE3_SMA20_BREAK,2021-01-21,73,240.9084014892578,3,30,51.94212341308594,7.743505297035244,UNKNOWN
49,ACNB,PHASE3_SMA20_BREAK,2021-01-21,73,240.9084014892578,3,30,51.94212341308594,7.743505297035244,UNKNOWN
50,ACNT,PHASE3_SMA20_BREAK,2021-01-21,73,240.9084014892578,3,30,51.94212341308594,7.743505297035244,UNKNOWN
51,ADM,PHASE3_SMA20_BREAK,2017-03-21,12,67.87793731689453,9,30,0.4391098022460937,0.071930696376875,UNKNOWN
52,ADMA,PHASE3_SMA20_BREAK,2017-03-21,12,67.87793731689453,9,30,0.4391098022460937,0.071930696376875,UNKNOWN
53,ADME,PHASE3_SMA20_BREAK,2017-03-21,12,67.87793731689453,9,30,0.4391098022460937,0.071930696376875,UNKNOWN
54,AESR,PHASE3_SMA20_BREAK,2020-12-31,31,72.69999694824219,11,30,191.9499664306641,31.583704883696267,UNKNOWN
55,AEVA,PHASE3_SMA20_BREAK,2020-12-31,31,72.69999694824219,11,30,191.9499664306641,31.583704883696267,UNKNOWN
56,AJG,PHASE3_SMA20_BREAK,2018-01-16,106,64.5,12,30,174,29,UNKNOWN
57,AJG,PHASE3_SMA20_BREAK,2018-06-25,47,77.6500015258789,8,30,2.79998779296875,0.4527793794351405,UNKNOWN
58,AJG,PHASE3_SMA20_BREAK,2020-01-31,24,93.3499984741211,4,30,12.600006103515623,3.492241277664803,UNKNOWN
59,AJG,PHASE3_SMA20_BREAK,2020-09-04,98,108.43000030517578,2,30,5.2599945068359375,2.4858196385224707,UNKNOWN
60,AKAM,PHASE3_SMA20_BREAK,2018-01-16,106,64.5,12,30,174,29,UNKNOWN
61,AKAM,PHASE3_SMA20_BREAK,2018-06-25,47,77.6500015258789,8,30,2.79998779296875,0.4527793794351405,UNKNOWN
62,AKAM,PHASE3_SMA20_BREAK,2020-01-31,24,93.3499984741211,4,30,12.600006103515623,3.492241277664803,UNKNOWN
63,AKAM,PHASE3_SMA20_BREAK,2020-09-04,98,108.43000030517578,2,30,5.2599945068359375,2.4858196385224707,UNKNOWN
64,AKBA,PHASE3_SMA20_BREAK,2018-01-16,106,64.5,12,30,174,29,UNKNOWN
65,AKBA,PHASE3_SMA20_BREAK,2018-06-25,47,77.6500015258789,8,30,2.79998779296875,0.4527793794351405,UNKNOWN
66,AKBA,PHASE3_SMA20_BREAK,2020-01-31,24,93.3499984741211,4,30,12.600006103515623,3.492241277664803,UNKNOWN
67,AKBA,PHASE3_SMA20_BREAK,2020-09-04,98,108.43000030517578,2,30,5.2599945068359375,2.4858196385224707,UNKNOWN
68,ALC,PHASE3_SMA20_BREAK,2020-06-10,28,60.351165771484375,8,30,37.145263671875,8.334812428784293,UNKNOWN
69,ALCO,PHASE3_SMA20_BREAK,2020-06-10,28,60.351165771484375,8,30,37.145263671875,8.334812428784293,UNKNOWN
70,ALDX,PHASE3_SMA20_BREAK,2020-06-10,28,60.351165771484375,8,30,37.145263671875,8.334812428784293,UNKNOWN
71,ALNY,PHASE3_SMA20_BREAK,2017-07-06,59,36.40999984741211,17,30,44.03000259399414,7.65819094015031,UNKNOWN
72,ALOT,PHASE3_SMA20_BREAK,2017-07-06,62,36.40999984741211,18,30,53.27998352050781,8.849025461763677,UNKNOWN
73,ALOT,PHASE3_SMA20_BREAK,2017-09-12,42,43.290000915527344,10,30,45.49999237060547,11.744963964701151,UNKNOWN
74,ALOT,PHASE3_SMA20_BREAK,2018-09-17,41,54.81999969482422,14,30,138.32001495361328,21.9848717624199,UNKNOWN
75,ALOT,PHASE3_SMA20_BREAK,2021-01-14,71,99.79000091552734,9,30,314.9099807739258,53.99690774060908,UNKNOWN
76,ALRM,PHASE3_SMA20_BREAK,2017-07-06,62,36.40999984741211,18,30,53.27998352050781,8.849025461763677,UNKNOWN
77,ALRM,PHASE3_SMA20_BREAK,2017-09-12,42,43.290000915527344,10,30,45.49999237060547,11.744963964701151,UNKNOWN
78,ALRM,PHASE3_SMA20_BREAK,2018-09-17,41,54.81999969482422,14,30,138.32001495361328,21.9848717624199,UNKNOWN
79,ALRM,PHASE3_SMA20_BREAK,2021-01-14,71,99.79000091552734,9,30,314.9099807739258,53.99690774060908,UNKNOWN
80,ALRS,PHASE3_SMA20_BREAK,2017-07-06,62,36.40999984741211,18,30,53.27998352050781,8.849025461763677,UNKNOWN
81,ALRS,PHASE3_SMA20_BREAK,2017-09-12,42,43.290000915527344,10,30,45.49999237060547,11.744963964701151,UNKNOWN
82,ALRS,PHASE3_SMA20_BREAK,2018-09-17,41,54.81999969482422,14,30,138.32001495361328,21.9848717624199,UNKNOWN
83,ALRS,PHASE3_SMA20_BREAK,2021-01-14,71,99.79000091552734,9,30,314.9099807739258,53.99690774060908,UNKNOWN
84,AMAT,PHASE3_SMA20_BREAK,2020-12-29,54,89.33000183105469,10,30,284.1000366210937,46.63493847015857,UNKNOWN
85,AMBA,PHASE3_SMA20_BREAK,2020-12-29,54,89.33000183105469,10,30,284.1000366210937,46.63493847015857,UNKNOWN
86,AMBR,PHASE3_SMA20_BREAK,2020-12-29,54,89.33000183105469,10,30,284.1000366210937,46.63493847015857,UNKNOWN
87,AME,PHASE3_SMA20_BREAK,2017-06-21,120,57.18008041381836,8,30,41.8253173828125,10.063468494442604,UNKNOWN
88,AME,PHASE3_SMA20_BREAK,2018-09-27,58,75.18907165527344,8,30,9.652587890625,1.630890435157802,UNKNOWN
89,AME,PHASE3_SMA20_BREAK,2019-03-08,31,75.05857849121094,6,30,21.417938232421875,4.993300033425128,UNKNOWN
90,AME,PHASE3_SMA20_BREAK,2020-01-16,73,96.23873901367188,7,30,31.659469604492188,4.931291662181607,UNKNOWN
91,AMGN,PHASE3_SMA20_BREAK,2018-09-27,58,75.18907165527344,8,30,9.652587890625,1.630890435157802,UNKNOWN
92,AMGN,PHASE3_SMA20_BREAK,2019-03-08,31,75.05857849121094,6,30,21.417938232421875,4.993300033425128,UNKNOWN
93,AMGN,PHASE3_SMA20_BREAK,2020-01-16,73,96.23873901367188,7,30,31.659469604492188,4.931291662181607,UNKNOWN
94,AMH,PHASE3_SMA20_BREAK,2019-11-21,49,11.481098175048828,65,30,169.00163650512695,29.27602529079257,UNKNOWN
95,AMKR,PHASE3_SMA20_BREAK,2017-03-17,42,129.44154357910156,5,30,8.550491333007812,1.3388232337133117,UNKNOWN
96,AMKR,PHASE3_SMA20_BREAK,2019-09-09,80,167.10523986816406,3,30,40.99488830566406,8.905720862120026,UNKNOWN
97,AMKR,PHASE3_SMA20_BREAK,2020-01-03,66,198.25233459472656,2,30,51.31024169921875,14.864157012114664,UNKNOWN
98,AMLP,PHASE3_SMA20_BREAK,2018-08-28,40,29.405630111694336,14,30,21.850833892822266,5.605250157479516,UNKNOWN
99,AMLP,PHASE3_SMA20_BREAK,2020-01-21,42,25.64551544189453,16,30,21.3712158203125,5.494492733974069,UNKNOWN
100,AMN,PHASE3_SMA20_BREAK,2018-08-28,40,29.405630111694336,14,30,21.850833892822266,5.605250157479516,UNKNOWN
101,AMN,PHASE3_SMA20_BREAK,2020-01-21,42,25.64551544189453,16,30,21.3712158203125,5.494492733974069,UNKNOWN
102,AMOM,PHASE3_SMA20_BREAK,2018-08-28,40,29.405630111694336,14,30,21.850833892822266,5.605250157479516,UNKNOWN
103,AMOM,PHASE3_SMA20_BREAK,2020-01-21,42,25.64551544189453,16,30,21.3712158203125,5.494492733974069,UNKNOWN
104,AMPH,PHASE3_SMA20_BREAK,2017-10-23,32,18.26000022888184,24,30,44.6400146484375,11.341467400096509,UNKNOWN
105,AMPY,PHASE3_SMA20_BREAK,2017-10-23,32,18.26000022888184,24,30,44.6400146484375,11.341467400096509,UNKNOWN
106,AMRC,PHASE3_SMA20_BREAK,2017-10-23,32,18.26000022888184,24,30,44.6400146484375,11.341467400096509,UNKNOWN
107,ANGO,PHASE3_SMA20_BREAK,2020-12-18,91,14.289999961853027,38,30,164.1599884033203,43.329985748452096,UNKNOWN
108,ANIK,PHASE3_SMA20_BREAK,2020-12-18,91,14.289999961853027,38,30,164.1599884033203,43.329985748452096,UNKNOWN
109,ANIP,PHASE3_SMA20_BREAK,2020-12-18,91,14.289999961853027,38,30,164.1599884033203,43.329985748452096,UNKNOWN
110,AOS,PHASE3_SMA20_BREAK,2019-03-04,32,161.74163818359375,5,30,68.24943542480469,9.21718258018961,UNKNOWN
111,APT,PHASE3_SMA20_BREAK,2018-02-05,62,89.7389144897461,7,30,17.736854553222656,2.905606438554055,UNKNOWN
112,APTV,PHASE3_SMA20_BREAK,2018-06-20,49,98.2809600830078,4,30,38.539947509765625,10.869063228736024,UNKNOWN
113,APTV,PHASE3_SMA20_BREAK,2021-01-26,168,135.6999969482422,7,30,328.02000427246094,52.74651344212808,UNKNOWN
114,APVO,PHASE3_SMA20_BREAK,2018-06-20,49,98.2809600830078,4,30,38.539947509765625,10.869063228736024,UNKNOWN
115,APVO,PHASE3_SMA20_BREAK,2021-01-26,168,135.6999969482422,7,30,328.02000427246094,52.74651344212808,UNKNOWN
116,APWC,PHASE3_SMA20_BREAK,2018-06-20,49,98.2809600830078,4,30,38.539947509765625,10.869063228736024,UNKNOWN
117,APWC,PHASE3_SMA20_BREAK,2021-01-26,168,135.6999969482422,7,30,328.02000427246094,52.74651344212808,UNKNOWN
118,ARCB,PHASE3_SMA20_BREAK,2017-08-15,34,7.651342868804932,82,30,49.62560272216797,8.588946509787977,UNKNOWN
119,ARCO,PHASE3_SMA20_BREAK,2017-08-15,34,7.651342868804932,82,30,49.62560272216797,8.588946509787977,UNKNOWN
120,ARES,PHASE3_SMA20_BREAK,2019-05-31,43,20.55844116210937,30,30,29.28915023803711,4.985692062642652,UNKNOWN
121,ARES,PHASE3_SMA20_BREAK,2020-01-27,68,29.742769241333008,7,30,18.17336654663086,9.563620142260495,UNKNOWN
122,ARGX,PHASE3_SMA20_BREAK,2019-05-31,43,20.55844116210937,30,30,29.28915023803711,4.985692062642652,UNKNOWN
123,ARGX,PHASE3_SMA20_BREAK,2020-01-27,68,29.742769241333008,7,30,18.17336654663086,9.563620142260495,UNKNOWN
124,ARI,PHASE3_SMA20_BREAK,2020-09-04,74,38.33205795288086,18,30,122.37190246582033,21.55933653418214,UNKNOWN
125,ARI,PHASE3_SMA20_BREAK,2021-01-27,51,51.43502426147461,12,30,47.1068115234375,8.262707900769204,UNKNOWN
126,ARKF,PHASE3_SMA20_BREAK,2020-09-04,74,38.33205795288086,18,30,122.37190246582033,21.55933653418214,UNKNOWN
127,ARKF,PHASE3_SMA20_BREAK,2021-02-24,64,57.53968811035156,12,30,77.84014892578125,12.705772294302426,UNKNOWN
128,ARLP,PHASE3_SMA20_BREAK,2018-01-30,43,9.648533821105955,41,30,23.15653705596924,6.2176325187464725,UNKNOWN
129,ARLP,PHASE3_SMA20_BREAK,2018-06-19,46,9.401768684387209,66,30,49.7398738861084,8.714416689659036,UNKNOWN
130,ASGN,PHASE3_SMA20_BREAK,2017-06-27,64,53.52000045776367,12,30,54.3599853515625,9.246782249627897,UNKNOWN
131,ASGN,PHASE3_SMA20_BREAK,2017-12-05,69,62.220001220703125,12,30,108.24000549316406,16.954887835353652,UNKNOWN
132,ASH,PHASE3_SMA20_BREAK,2017-06-27,64,53.52000045776367,12,30,54.3599853515625,9.246782249627897,UNKNOWN
133,ASH,PHASE3_SMA20_BREAK,2017-12-05,69,62.220001220703125,12,30,108.24000549316406,16.954887835353652,UNKNOWN
134,ASHR,PHASE3_SMA20_BREAK,2017-06-27,64,53.52000045776367,12,30,54.3599853515625,9.246782249627897,UNKNOWN
135,ASHR,PHASE3_SMA20_BREAK,2017-12-05,69,62.220001220703125,12,30,108.24000549316406,16.954887835353652,UNKNOWN
136,ASTE,PHASE3_SMA20_BREAK,2018-01-31,58,56.93655014038086,8,30,42.33755493164063,10.247381900980171,UNKNOWN
137,ASTH,PHASE3_SMA20_BREAK,2018-01-31,58,56.93655014038086,8,30,42.33755493164063,10.247381900980171,UNKNOWN
138,ASUR,PHASE3_SMA20_BREAK,2018-01-31,58,56.93655014038086,8,30,42.33755493164063,10.247381900980171,UNKNOWN
139,ASX,PHASE3_SMA20_BREAK,2020-12-22,53,4.3069987297058105,105,30,78.50729584693909,21.006557178731164,UNKNOWN
140,ASX,PHASE3_SMA20_BREAK,2021-01-29,32,5.187090396881104,124,30,72.43239212036133,12.690364953114038,UNKNOWN
141,ASYS,PHASE3_SMA20_BREAK,2020-12-22,53,4.3069987297058105,105,30,78.50729584693909,21.006557178731164,UNKNOWN
142,ATEN,PHASE3_SMA20_BREAK,2020-12-22,53,4.3069987297058105,105,30,78.50729584693909,21.006557178731164,UNKNOWN
143,ATOS,PHASE3_SMA20_BREAK,2018-05-31,107,84.01712036132812,2,30,5.295425415039063,3.253941234013152,UNKNOWN
144,ATR,PHASE3_SMA20_BREAK,2018-05-31,107,84.01712036132812,2,30,5.295425415039063,3.253941234013152,UNKNOWN
145,ATRA,PHASE3_SMA20_BREAK,2018-05-31,107,84.01712036132812,2,30,5.295425415039063,3.253941234013152,UNKNOWN
146,AVAL,PHASE3_SMA20_BREAK,2018-05-03,52,37.2249641418457,10,30,7.256927490234375,1.9882390013027715,UNKNOWN
147,AVAV,PHASE3_SMA20_BREAK,2018-05-03,52,37.2249641418457,10,30,7.256927490234375,1.9882390013027715,UNKNOWN
148,AVB,PHASE3_SMA20_BREAK,2018-05-03,52,37.2249641418457,10,30,7.256927490234375,1.9882390013027715,UNKNOWN
149,AVNT,PHASE3_SMA20_BREAK,2017-07-21,43,39.43999862670898,16,30,24.9599609375,4.118261654186826,UNKNOWN
150,AVNT,PHASE3_SMA20_BREAK,2017-09-28,57,45.61000061035156,4,30,15.720001220703123,9.428983388677562,UNKNOWN
151,AVNT,PHASE3_SMA20_BREAK,2020-12-29,56,46.11000061035156,10,30,57.90000915527344,14.360121426961696,UNKNOWN
152,AVNW,PHASE3_SMA20_BREAK,2017-07-21,43,39.43999862670898,16,30,24.9599609375,4.118261654186826,UNKNOWN
153,AVNW,PHASE3_SMA20_BREAK,2017-09-28,57,45.61000061035156,4,30,15.720001220703123,9.428983388677562,UNKNOWN
154,AVNW,PHASE3_SMA20_BREAK,2020-12-29,56,46.11000061035156,10,30,57.90000915527344,14.360121426961696,UNKNOWN
155,AVPT,PHASE3_SMA20_BREAK,2017-07-21,43,39.43999862670898,16,30,24.9599609375,4.118261654186826,UNKNOWN
156,AVPT,PHASE3_SMA20_BREAK,2017-09-28,57,45.61000061035156,4,30,15.720001220703123,9.428983388677562,UNKNOWN
157,AVPT,PHASE3_SMA20_BREAK,2020-12-29,56,46.11000061035156,10,30,57.90000915527344,14.360121426961696,UNKNOWN
158,AXR,PHASE3_SMA20_BREAK,2019-08-28,97,52.60464096069336,12,30,34.538360595703125,5.788060578318159,UNKNOWN
159,AXS,PHASE3_SMA20_BREAK,2019-08-28,97,52.60464096069336,12,30,34.538360595703125,5.788060578318159,UNKNOWN
160,AXSM,PHASE3_SMA20_BREAK,2019-08-28,97,52.60464096069336,12,30,34.538360595703125,5.788060578318159,UNKNOWN
161,AXTA,PHASE3_SMA20_BREAK,2019-07-22,39,29.63999938964844,23,30,79.5799789428711,13.21619191802918,UNKNOWN
162,AXTI,PHASE3_SMA20_BREAK,2019-07-22,39,29.63999938964844,23,30,79.5799789428711,13.21619191802918,UNKNOWN
163,AYI,PHASE3_SMA20_BREAK,2019-07-22,39,29.63999938964844,23,30,79.5799789428711,13.21619191802918,UNKNOWN
164,AZTA,PHASE3_SMA20_BREAK,2022-04-21,28,62.80373764038086,10,30,12.76763916015625,2.075128742290172,UNKNOWN
165,AAVM,STOP,2017-03-09,64,28.21353229522705,61,100,-129.5395515060425,-7.000000000000001,STOP: Stop Loss
166,AAVM,STOP,2022-04-07,9,29.052337703704836,91,100,-198.9928937339784,-7.000000000000004,STOP: Stop Loss
167,AAXJ,STOP,2017-03-09,64,28.21353229522705,61,100,-129.5395515060425,-7.000000000000001,STOP: Stop Loss
168,AAXJ,STOP,2022-04-07,9,29.052337703704836,91,100,-198.9928937339784,-7.000000000000004,STOP: Stop Loss
169,AB,STOP,2017-03-09,64,28.21353229522705,61,100,-129.5395515060425,-7.000000000000001,STOP: Stop Loss
170,AB,STOP,2022-04-07,9,29.052337703704836,91,100,-198.9928937339784,-7.000000000000004,STOP: Stop Loss
171,ABCB,STOP,2017-12-08,9,42.29310733795166,62,100,-197.3678342437744,-6.999999999999999,STOP: Stop Loss
172,ABCB,STOP,2019-08-12,45,33.11307529449463,24,100,-59.8171682739258,-7.000000000000002,STOP: Stop Loss
173,ABEO,STOP,2017-12-08,9,42.29310733795166,62,100,-197.3678342437744,-6.999999999999999,STOP: Stop Loss
174,ABEO,STOP,2019-08-12,45,33.11307529449463,24,100,-59.8171682739258,-7.000000000000002,STOP: Stop Loss
175,ACA,STOP,2019-06-17,10,34.847477188110346,49,100,-128.5234911346438,-7.000000000000013,STOP: Stop Loss
176,ACAD,STOP,2019-06-17,10,34.847477188110346,49,100,-128.5234911346438,-7.000000000000013,STOP: Stop Loss
177,ACH,STOP,2017-08-17,20,49.29,34,100,-126.14000000000004,-7.000000000000002,STOP: Stop Loss
178,ACHC,STOP,2017-08-17,20,49.29,34,100,-126.14000000000004,-7.000000000000002,STOP: Stop Loss
179,ACHV,STOP,2017-08-17,20,49.29,34,100,-126.14000000000004,-7.000000000000002,STOP: Stop Loss
180,ADM,STOP,2017-05-17,19,67.02651168823242,39,100,-196.75524398803725,-7.000000000000004,STOP: Stop Loss
181,ADM,STOP,2018-01-18,14,75.59083168029785,22,100,-125.17191482543942,-6.999999999999998,STOP: Stop Loss
182,ADMA,STOP,2017-05-17,19,67.02651168823242,39,100,-196.75524398803725,-7.000000000000004,STOP: Stop Loss
183,ADMA,STOP,2018-01-18,14,75.59083168029785,22,100,-125.17191482543942,-6.999999999999998,STOP: Stop Loss
184,ADME,STOP,2017-05-17,19,67.02651168823242,39,100,-196.75524398803725,-7.000000000000004,STOP: Stop Loss
185,ADME,STOP,2018-01-18,14,75.59083168029785,22,100,-125.17191482543942,-6.999999999999998,STOP: Stop Loss
186,ADP,STOP,2020-02-26,14,5.698273057937621,466,100,-199.86845930099523,-7.000000000000013,STOP: Stop Loss
187,ADP,STOP,2022-09-23,17,7.144204273223877,111,100,-59.68867441177372,-7.000000000000004,STOP: Stop Loss
188,ADPT,STOP,2020-02-26,14,5.698273057937621,466,100,-199.86845930099523,-7.000000000000013,STOP: Stop Loss
189,ADPT,STOP,2022-09-23,17,7.144204273223877,111,100,-59.68867441177372,-7.000000000000004,STOP: Stop Loss
190,ADT,STOP,2020-02-26,14,5.698273057937621,466,100,-199.86845930099523,-7.000000000000013,STOP: Stop Loss
191,ADT,STOP,2022-09-23,17,7.144204273223877,111,100,-59.68867441177372,-7.000000000000004,STOP: Stop Loss
192,AJG,STOP,2017-02-08,33,64.90470085144042,40,100,-195.4120025634768,-7.000000000000008,STOP: Stop Loss
193,AJG,STOP,2017-05-03,1,58.12499999999999,45,100,-196.8750000000003,-7.000000000000012,STOP: Stop Loss
194,AJG,STOP,2017-07-26,1,49.55039886474609,34,100,-126.8063970947266,-7.000000000000002,STOP: Stop Loss
195,AJG,STOP,2018-08-01,7,74.5208974456787,35,100,-196.31849327087448,-7.000000000000014,STOP: Stop Loss
196,AJG,STOP,2019-05-13,12,75.36720085144043,10,100,-56.72800064086914,-7.000000000000001,STOP: Stop Loss
197,AKAM,STOP,2017-02-08,33,64.90470085144042,40,100,-195.4120025634768,-7.000000000000008,STOP: Stop Loss
198,AKAM,STOP,2017-05-03,1,58.12499999999999,45,100,-196.8750000000003,-7.000000000000012,STOP: Stop Loss
199,AKAM,STOP,2017-07-26,1,49.55039886474609,34,100,-126.8063970947266,-7.000000000000002,STOP: Stop Loss
200,AKAM,STOP,2018-08-01,7,74.5208974456787,35,100,-196.31849327087448,-7.000000000000014,STOP: Stop Loss
201,AKAM,STOP,2019-05-13,12,75.36720085144043,10,100,-56.72800064086914,-7.000000000000001,STOP: Stop Loss
202,AKBA,STOP,2017-02-08,33,64.90470085144042,40,100,-195.4120025634768,-7.000000000000008,STOP: Stop Loss
203,AKBA,STOP,2017-05-03,1,58.12499999999999,45,100,-196.8750000000003,-7.000000000000012,STOP: Stop Loss
204,AKBA,STOP,2017-07-26,1,49.55039886474609,34,100,-126.8063970947266,-7.000000000000002,STOP: Stop Loss
205,AKBA,STOP,2018-08-01,7,74.5208974456787,35,100,-196.31849327087448,-7.000000000000014,STOP: Stop Loss
206,AKBA,STOP,2019-05-13,12,75.36720085144043,10,100,-56.72800064086914,-7.000000000000001,STOP: Stop Loss
207,ALGS,STOP,2019-08-15,21,134.72283737182616,5,100,-50.70214309692389,-7.000000000000009,STOP: Stop Loss
208,ALIT,STOP,2019-08-15,21,134.72283737182616,5,100,-50.70214309692389,-7.000000000000009,STOP: Stop Loss
209,ALK,STOP,2019-08-15,21,134.72283737182616,5,100,-50.70214309692389,-7.000000000000009,STOP: Stop Loss
210,ALL,STOP,2017-02-23,9,53.20529914855957,49,100,-196.2302968597413,-7.000000000000004,STOP: Stop Loss
211,ALL,STOP,2019-04-17,20,33.163799858093256,80,100,-199.69599914550827,-7.000000000000016,STOP: Stop Loss
212,ALL,STOP,2020-01-03,49,19.53,136,100,-199.92000000000036,-7.000000000000012,STOP: Stop Loss
213,ALL,STOP,2022-05-05,8,28.25339921951294,61,100,-129.7225964164734,-7.000000000000001,STOP: Stop Loss
214,ALLE,STOP,2017-02-23,9,53.20529914855957,49,100,-196.2302968597413,-7.000000000000004,STOP: Stop Loss
215,ALLE,STOP,2017-06-16,7,57.343799858093256,46,100,-198.54519950866728,-7.000000000000009,STOP: Stop Loss
216,ALLE,STOP,2019-04-17,20,33.163799858093256,80,100,-199.69599914550827,-7.000000000000016,STOP: Stop Loss
217,ALLE,STOP,2020-01-03,49,19.53,136,100,-199.92000000000036,-7.000000000000012,STOP: Stop Loss
218,ALLE,STOP,2022-05-05,8,28.25339921951294,61,100,-129.7225964164734,-7.000000000000001,STOP: Stop Loss
219,ALNY,STOP,2019-03-01,23,59.89200141906738,44,100,-198.3520046997073,-7.000000000000009,STOP: Stop Loss
220,ALOT,STOP,2019-11-06,1,47.92289886474609,35,100,-126.24849700927754,-7.000000000000011,STOP: Stop Loss
221,ALOT,STOP,2021-07-16,21,80.25900283813476,21,100,-126.86100448608406,-7.000000000000004,STOP: Stop Loss
222,ALRM,STOP,2019-11-06,1,47.92289886474609,35,100,-126.24849700927754,-7.000000000000011,STOP: Stop Loss
223,ALRM,STOP,2021-07-16,21,80.25900283813476,21,100,-126.86100448608406,-7.000000000000004,STOP: Stop Loss
224,ALRS,STOP,2019-11-06,1,47.92289886474609,35,100,-126.24849700927754,-7.000000000000011,STOP: Stop Loss
225,ALRS,STOP,2021-07-16,21,80.25900283813476,21,100,-126.86100448608406,-7.000000000000004,STOP: Stop Loss
226,AMAT,STOP,2019-11-26,14,54.358500709533686,48,100,-196.3920025634768,-7.000000000000009,STOP: Stop Loss
227,AMBA,STOP,2019-11-26,14,54.358500709533686,48,100,-196.3920025634768,-7.000000000000009,STOP: Stop Loss
228,AMBR,STOP,2019-11-26,14,54.358500709533686,48,100,-196.3920025634768,-7.000000000000009,STOP: Stop Loss
229,AME,STOP,2019-08-05,38,80.90565055847168,9,100,-54.807053604126,-7.000000000000002,STOP: Stop Loss
230,AME,STOP,2020-10-28,12,98.73228721618652,26,100,-193.21802444458012,-7.000000000000002,STOP: Stop Loss
231,AMGN,STOP,2020-10-28,12,98.73228721618652,26,100,-193.21802444458012,-7.000000000000002,STOP: Stop Loss
232,AMH,STOP,2017-08-01,11,9.498743047714234,279,100,-199.47360400199884,-6.999999999999998,STOP: Stop Loss
233,AMH,STOP,2017-11-15,15,10.02741216659546,264,100,-199.2543836975097,-6.999999999999998,STOP: Stop Loss
234,AMH,STOP,2019-05-03,9,8.233399686813353,96,100,-59.49295257568372,-7.000000000000014,STOP: Stop Loss
235,AMKR,STOP,2017-11-02,52,135.0132353210449,19,100,-193.0834440612797,-7.000000000000013,STOP: Stop Loss
236,AMKR,STOP,2018-02-05,7,144.32607788085937,18,100,-195.5385571289063,-7.000000000000002,STOP: Stop Loss
237,AMKR,STOP,2018-12-07,7,156.25797958374022,17,100,-199.9430061340334,-7.000000000000006,STOP: Stop Loss
238,AMKR,STOP,2020-10-15,49,199.5091241455078,13,100,-195.21860534667988,-7.000000000000006,STOP: Stop Loss
239,AMKR,STOP,2022-06-13,13,213.80478057861328,7,100,-112.64983062744145,-7.000000000000002,STOP: Stop Loss
240,AMLP,STOP,2018-02-08,28,27.32147283554077,97,100,-199.47612962722783,-7.000000000000002,STOP: Stop Loss
241,AMLP,STOP,2020-10-28,6,13.643157720565794,194,100,-199.2194428443912,-7.000000000000012,STOP: Stop Loss
242,AMLP,STOP,2021-06-28,17,24.78689254760742,107,100,-199.6277690124515,-7.000000000000012,STOP: Stop Loss
243,AMN,STOP,2018-02-08,28,27.32147283554077,97,100,-199.47612962722783,-7.000000000000002,STOP: Stop Loss
244,AMN,STOP,2020-10-28,6,13.643157720565794,194,100,-199.2194428443912,-7.000000000000012,STOP: Stop Loss
245,AMN,STOP,2021-06-28,17,24.78689254760742,107,100,-199.6277690124515,-7.000000000000012,STOP: Stop Loss
246,AMOM,STOP,2018-02-08,28,27.32147283554077,97,100,-199.47612962722783,-7.000000000000002,STOP: Stop Loss
247,AMOM,STOP,2020-10-28,6,13.643157720565794,194,100,-199.2194428443912,-7.000000000000012,STOP: Stop Loss
248,AMOM,STOP,2021-06-28,17,24.78689254760742,107,100,-199.6277690124515,-7.000000000000012,STOP: Stop Loss
249,AMPH,STOP,2017-11-14,11,17.78160078048706,149,100,-199.4216087532043,-6.999999999999998,STOP: Stop Loss
250,AMPH,STOP,2018-01-05,36,18.218700141906737,94,100,-128.90220100402843,-7.000000000000006,STOP: Stop Loss
251,AMPH,STOP,2019-03-13,12,23.51040063858032,73,100,-129.18080350875857,-7.000000000000002,STOP: Stop Loss
252,AMPH,STOP,2021-01-29,31,18.42329950332641,144,100,-199.6847946166993,-7.000000000000004,STOP: Stop Loss
253,AMPY,STOP,2017-08-01,11,17.15850070953369,100,100,-129.15000534057626,-7.000000000000004,STOP: Stop Loss
254,AMPY,STOP,2017-11-14,11,17.78160078048706,149,100,-199.4216087532043,-6.999999999999998,STOP: Stop Loss
255,AMPY,STOP,2018-01-05,36,18.218700141906737,94,100,-128.90220100402843,-7.000000000000006,STOP: Stop Loss
256,AMPY,STOP,2018-12-17,17,20.19959936141968,85,100,-129.2339959144594,-7.000000000000011,STOP: Stop Loss
257,AMPY,STOP,2019-03-13,12,23.51040063858032,73,100,-129.18080350875857,-7.000000000000002,STOP: Stop Loss
258,AMPY,STOP,2021-01-29,31,18.42329950332641,144,100,-199.6847946166993,-7.000000000000004,STOP: Stop Loss
259,AMRC,STOP,2017-08-01,11,17.15850070953369,100,100,-129.15000534057626,-7.000000000000004,STOP: Stop Loss
260,AMRC,STOP,2017-11-14,11,17.78160078048706,149,100,-199.4216087532043,-6.999999999999998,STOP: Stop Loss
261,AMRC,STOP,2018-01-05,36,18.218700141906737,94,100,-128.90220100402843,-7.000000000000006,STOP: Stop Loss
262,AMRC,STOP,2018-12-17,17,20.19959936141968,85,100,-129.2339959144594,-7.000000000000011,STOP: Stop Loss
263,AMRC,STOP,2019-03-13,12,23.51040063858032,73,100,-129.18080350875857,-7.000000000000002,STOP: Stop Loss
264,AMRC,STOP,2021-01-29,31,18.42329950332641,144,100,-199.6847946166993,-7.000000000000004,STOP: Stop Loss
265,AMRX,STOP,2022-04-14,6,4.147800035476684,416,100,-129.8752011108401,-7.000000000000013,STOP: Stop Loss
266,AMSF,STOP,2022-04-14,6,4.147800035476684,416,100,-129.8752011108401,-7.000000000000013,STOP: Stop Loss
267,AMUB,STOP,2019-03-28,8,11.755400762557985,226,100,-199.96821512222303,-7.000000000000004,STOP: Stop Loss
268,AMUB,STOP,2020-09-18,4,10.74885715484619,160,100,-129.44860229492207,-7.000000000000011,STOP: Stop Loss
269,AMUB,STOP,2020-10-28,7,10.59757836341858,250,100,-199.41679716110227,-6.999999999999999,STOP: Stop Loss
270,AMX,STOP,2019-03-28,8,11.755400762557985,226,100,-199.96821512222303,-7.000000000000004,STOP: Stop Loss
271,AMX,STOP,2020-09-18,4,10.74885715484619,160,100,-129.44860229492207,-7.000000000000011,STOP: Stop Loss
272,AMX,STOP,2020-10-28,7,10.59757836341858,250,100,-199.41679716110227,-6.999999999999999,STOP: Stop Loss
273,AMZA,STOP,2019-03-28,8,11.755400762557985,226,100,-199.96821512222303,-7.000000000000004,STOP: Stop Loss
274,AMZA,STOP,2020-09-18,4,10.74885715484619,160,100,-129.44860229492207,-7.000000000000011,STOP: Stop Loss
275,AMZA,STOP,2020-10-28,7,10.59757836341858,250,100,-199.41679716110227,-6.999999999999999,STOP: Stop Loss
276,AMZN,STOP,2017-05-01,74,30.548582839965817,55,100,-126.46456336975112,-7.000000000000009,STOP: Stop Loss
277,ANDE,STOP,2017-05-01,74,30.548582839965817,55,100,-126.46456336975112,-7.000000000000009,STOP: Stop Loss
278,ANGL,STOP,2017-01-23,10,16.563299503326416,104,100,-129.65679611206056,-7.000000000000001,STOP: Stop Loss
279,ANGL,STOP,2018-07-11,5,21.99449964523315,78,100,-129.1289979171755,-7.000000000000012,STOP: Stop Loss
280,ANGO,STOP,2017-01-30,20,16.22850070953369,163,100,-199.10450870513927,-7.000000000000004,STOP: Stop Loss
281,ANGO,STOP,2017-04-07,8,16.34939992904663,48,100,-59.06879974365239,-7.000000000000006,STOP: Stop Loss
282,ANGO,STOP,2019-10-02,12,17.9025,96,100,-129.36,-7.000000000000001,STOP: Stop Loss
283,ANGO,STOP,2020-01-07,1,15.716999645233154,169,100,-199.92699548721328,-7.000000000000004,STOP: Stop Loss
284,ANIK,STOP,2017-01-30,20,16.22850070953369,163,100,-199.10450870513927,-7.000000000000004,STOP: Stop Loss
285,ANIK,STOP,2017-04-07,8,16.34939992904663,48,100,-59.06879974365239,-7.000000000000006,STOP: Stop Loss
286,ANIK,STOP,2019-10-02,12,17.9025,96,100,-129.36,-7.000000000000001,STOP: Stop Loss
287,ANIK,STOP,2020-01-07,1,15.716999645233154,169,100,-199.92699548721328,-7.000000000000004,STOP: Stop Loss
288,ANIP,STOP,2017-01-30,20,16.22850070953369,163,100,-199.10450870513927,-7.000000000000004,STOP: Stop Loss
289,ANIP,STOP,2017-04-07,8,16.34939992904663,48,100,-59.06879974365239,-7.000000000000006,STOP: Stop Loss
290,ANIP,STOP,2019-10-02,12,17.9025,96,100,-129.36,-7.000000000000001,STOP: Stop Loss
291,ANIP,STOP,2020-01-07,1,15.716999645233154,169,100,-199.92699548721328,-7.000000000000004,STOP: Stop Loss
292,APM,STOP,2019-04-11,6,31.5022635269165,84,100,-199.175601654053,-7.000000000000009,STOP: Stop Loss
293,APOG,STOP,2019-04-11,6,31.5022635269165,84,100,-199.175601654053,-7.000000000000009,STOP: Stop Loss
294,APPF,STOP,2019-04-11,6,31.5022635269165,84,100,-199.175601654053,-7.000000000000009,STOP: Stop Loss
295,APT,STOP,2020-01-15,72,88.49692314147948,30,100,-199.83176193237327,-7.000000000000008,STOP: Stop Loss
296,APTV,STOP,2017-04-12,30,60.84202445983886,27,100,-123.64669486999529,-7.000000000000011,STOP: Stop Loss
297,APTV,STOP,2018-03-01,31,86.69199714660644,30,100,-195.7561225891115,-7.000000000000006,STOP: Stop Loss
298,APTV,STOP,2018-08-15,15,90.01530395507812,18,100,-121.95621826171876,-7.000000000000001,STOP: Stop Loss
299,APVO,STOP,2017-04-12,30,60.84202445983886,27,100,-123.64669486999529,-7.000000000000011,STOP: Stop Loss
300,APVO,STOP,2018-03-01,31,86.69199714660644,30,100,-195.7561225891115,-7.000000000000006,STOP: Stop Loss
301,ARES,STOP,2020-09-08,29,33.09738750457763,80,100,-199.29609680175813,-7.000000000000012,STOP: Stop Loss
302,ARGX,STOP,2020-09-08,29,33.09738750457763,80,100,-199.29609680175813,-7.000000000000012,STOP: Stop Loss
303,ARLP,STOP,2017-03-06,38,9.746048355102538,176,100,-129.10894165039088,-7.000000000000013,STOP: Stop Loss
304,ARLP,STOP,2019-04-08,28,10.22465543746948,168,100,-129.29241714477558,-7.000000000000011,STOP: Stop Loss
305,ARMK,STOP,2018-12-11,15,22.882154674530028,75,100,-129.1734538078309,-7.000000000000004,STOP: Stop Loss
306,ARMK,STOP,2022-05-02,11,25.01984664916992,106,100,-199.62071197509775,-7.000000000000004,STOP: Stop Loss
307,ARMP,STOP,2018-12-11,15,22.882154674530028,75,100,-129.1734538078309,-7.000000000000004,STOP: Stop Loss
308,ARMP,STOP,2022-05-02,11,25.01984664916992,106,100,-199.62071197509775,-7.000000000000004,STOP: Stop Loss
309,AROC,STOP,2017-02-23,14,8.99626015663147,295,100,-199.7556690692901,-6.999999999999998,STOP: Stop Loss
310,AROC,STOP,2017-04-19,12,7.592383003234863,349,100,-199.4429212570192,-7.000000000000004,STOP: Stop Loss
311,AROC,STOP,2019-11-07,9,6.529091334342956,263,100,-129.24792630672465,-7.000000000000004,STOP: Stop Loss
312,ARQT,STOP,2022-09-02,2,25.063500709533688,106,100,-199.9690056610111,-7.000000000000012,STOP: Stop Loss
313,ASGN,STOP,2019-03-07,22,62.09609687805175,27,100,-126.19529365539564,-7.000000000000006,STOP: Stop Loss
314,ASGN,STOP,2019-08-05,12,59.79900283813476,44,100,-198.04400939941425,-7.000000000000006,STOP: Stop Loss
315,ASH,STOP,2019-08-05,12,59.79900283813476,44,100,-198.04400939941425,-7.000000000000006,STOP: Stop Loss
316,ASHR,STOP,2019-03-07,22,62.09609687805175,27,100,-126.19529365539564,-7.000000000000006,STOP: Stop Loss
317,ASHR,STOP,2019-08-05,12,59.79900283813476,44,100,-198.04400939941425,-7.000000000000006,STOP: Stop Loss
318,ASIX,STOP,2017-11-07,7,39.31730884552002,43,100,-127.25279529571544,-7.000000000000004,STOP: Stop Loss
319,ASIX,STOP,2018-05-07,19,32.25600471496582,82,100,-199.08544845581065,-7.000000000000004,STOP: Stop Loss
320,ASLE,STOP,2018-05-07,19,32.25600471496582,82,100,-199.08544845581065,-7.000000000000004,STOP: Stop Loss
321,ASMB,STOP,2017-11-07,7,39.31730884552002,43,100,-127.25279529571544,-7.000000000000004,STOP: Stop Loss
322,ASMB,STOP,2018-05-07,19,32.25600471496582,82,100,-199.08544845581065,-7.000000000000004,STOP: Stop Loss
323,ASML,STOP,2019-12-06,16,109.3679985809326,15,100,-123.4799983978273,-7.000000000000009,STOP: Stop Loss
324,ASML,STOP,2020-07-10,18,138.68159545898436,19,100,-198.32959350585963,-7.000000000000009,STOP: Stop Loss
325,ASX,STOP,2018-04-18,40,4.662059412002563,369,100,-129.48494044303914,-7.000000000000012,STOP: Stop Loss
326,ASX,STOP,2020-08-04,5,3.6028001117706294,479,100,-129.89450295448324,-7.000000000000012,STOP: Stop Loss
327,ASYS,STOP,2018-04-18,40,4.662059412002563,369,100,-129.48494044303914,-7.000000000000012,STOP: Stop Loss
328,ASYS,STOP,2020-08-04,5,3.6028001117706294,479,100,-129.89450295448324,-7.000000000000012,STOP: Stop Loss
329,ATEN,STOP,2018-04-18,40,4.662059412002563,369,100,-129.48494044303914,-7.000000000000012,STOP: Stop Loss
330,ATEN,STOP,2020-08-04,5,3.6028001117706294,479,100,-129.89450295448324,-7.000000000000012,STOP: Stop Loss
331,AVT,STOP,2020-06-11,15,17.372400283813477,152,100,-198.7552032470703,-7.000000000000001,STOP: Stop Loss
332,AVT,STOP,2021-03-04,56,27.19319978713989,63,100,-128.94839899063132,-7.000000000000012,STOP: Stop Loss
333,AVTX,STOP,2020-06-11,15,17.372400283813477,152,100,-198.7552032470703,-7.000000000000001,STOP: Stop Loss
334,AVTX,STOP,2021-03-04,56,27.19319978713989,63,100,-128.94839899063132,-7.000000000000012,STOP: Stop Loss
335,AXR,STOP,2018-03-01,38,38.4181558227539,44,100,-127.23432250976578,-7.000000000000008,STOP: Stop Loss
336,AXR,STOP,2018-06-21,56,44.99721828460693,59,100,-199.82635646820088,-7.000000000000008,STOP: Stop Loss
337,AXS,STOP,2018-03-01,38,38.4181558227539,44,100,-127.23432250976578,-7.000000000000008,STOP: Stop Loss
338,AXS,STOP,2018-06-21,56,44.99721828460693,59,100,-199.82635646820088,-7.000000000000008,STOP: Stop Loss
339,AXSM,STOP,2018-03-01,38,38.4181558227539,44,100,-127.23432250976578,-7.000000000000008,STOP: Stop Loss
340,AXSM,STOP,2018-06-21,56,44.99721828460693,59,100,-199.82635646820088,-7.000000000000008,STOP: Stop Loss
341,AXTA,STOP,2018-10-04,36,28.690500354766844,92,100,-198.6740024566652,-7.000000000000006,STOP: Stop Loss
342,AXTA,STOP,2022-06-10,4,26.11439992904663,65,100,-127.76399965286258,-7.000000000000002,STOP: Stop Loss
343,AXTA,STOP,2022-09-02,18,24.91470085144043,106,100,-198.78180679321292,-7.000000000000002,STOP: Stop Loss
344,AXTI,STOP,2018-10-04,36,28.690500354766844,92,100,-198.6740024566652,-7.000000000000006,STOP: Stop Loss
345,AXTI,STOP,2019-05-07,19,26.049300212860107,102,100,-199.99140163421637,-7.000000000000002,STOP: Stop Loss
346,AXTI,STOP,2022-06-10,4,26.11439992904663,65,100,-127.76399965286258,-7.000000000000002,STOP: Stop Loss
347,AXTI,STOP,2022-09-02,18,24.91470085144043,106,100,-198.78180679321292,-7.000000000000002,STOP: Stop Loss
348,AYI,STOP,2018-10-04,36,28.690500354766844,92,100,-198.6740024566652,-7.000000000000006,STOP: Stop Loss
349,AYI,STOP,2022-06-10,4,26.11439992904663,65,100,-127.76399965286258,-7.000000000000002,STOP: Stop Loss
350,AYI,STOP,2022-09-02,18,24.91470085144043,106,100,-198.78180679321292,-7.000000000000002,STOP: Stop Loss
351,AZTA,STOP,2018-12-07,24,32.38744228363037,82,100,-199.89668678283687,-7.000000000000001,STOP: Stop Loss
352,AAVM,STOP_BE,2018-04-20,38,23.51663589477539,61,100,0,0,STOP: Stop Loss (Breakeven)
353,AAVM,STOP_BE,2019-11-07,146,34.94596481323242,12,100,0,0,STOP: Stop Loss (Breakeven)
354,AAXJ,STOP_BE,2018-04-20,38,23.51663589477539,61,100,0,0,STOP: Stop Loss (Breakeven)
355,AAXJ,STOP_BE,2019-11-07,146,34.94596481323242,12,100,0,0,STOP: Stop Loss (Breakeven)
356,AB,STOP_BE,2018-04-20,38,23.51663589477539,61,100,0,0,STOP: Stop Loss (Breakeven)
357,AB,STOP_BE,2019-11-07,146,34.94596481323242,12,100,0,0,STOP: Stop Loss (Breakeven)
358,ABCB,STOP_BE,2018-06-25,38,50.27705764770508,28,100,0,0,STOP: Stop Loss (Breakeven)
359,ABCB,STOP_BE,2022-01-20,17,48.78505706787109,29,100,0,0,STOP: Stop Loss (Breakeven)
360,ABEO,STOP_BE,2018-06-25,38,50.27705764770508,28,100,0,0,STOP: Stop Loss (Breakeven)
361,ABEO,STOP_BE,2022-01-20,17,48.78505706787109,29,100,0,0,STOP: Stop Loss (Breakeven)
362,ABR,STOP_BE,2018-11-20,20,5.676672458648682,252,100,0,0,STOP: Stop Loss (Breakeven)
363,ACH,STOP_BE,2017-03-17,30,41.7599983215332,34,100,0,0,STOP: Stop Loss (Breakeven)
364,ACH,STOP_BE,2017-07-06,13,48.02999877929688,30,100,0,0,STOP: Stop Loss (Breakeven)
365,ACH,STOP_BE,2020-02-25,69,33.33000183105469,43,100,0,0,STOP: Stop Loss (Breakeven)
366,ACHC,STOP_BE,2017-03-17,30,41.7599983215332,34,100,0,0,STOP: Stop Loss (Breakeven)
367,ACHC,STOP_BE,2017-07-06,13,48.02999877929688,30,100,0,0,STOP: Stop Loss (Breakeven)
368,ACHC,STOP_BE,2020-02-25,69,33.33000183105469,43,100,0,0,STOP: Stop Loss (Breakeven)
369,ACHV,STOP_BE,2017-03-17,30,41.7599983215332,34,100,0,0,STOP: Stop Loss (Breakeven)
370,ADM,STOP_BE,2017-02-07,27,60.071388244628906,24,100,0,0,STOP: Stop Loss (Breakeven)
371,ADMA,STOP_BE,2017-02-07,27,60.071388244628906,24,100,0,0,STOP: Stop Loss (Breakeven)
372,ADME,STOP_BE,2017-02-07,27,60.071388244628906,24,100,0,0,STOP: Stop Loss (Breakeven)
373,ADP,STOP_BE,2019-03-07,31,5.99008321762085,238,100,0,0,STOP: Stop Loss (Breakeven)
374,ADPT,STOP_BE,2019-03-07,31,5.99008321762085,238,100,0,0,STOP: Stop Loss (Breakeven)
375,ADT,STOP_BE,2019-03-07,31,5.99008321762085,238,100,0,0,STOP: Stop Loss (Breakeven)
376,AJG,STOP_BE,2019-03-25,41,69.33000183105469,13,100,0,0,STOP: Stop Loss (Breakeven)
377,AJG,STOP_BE,2019-10-29,90,88.12999725341797,5,100,0,0,STOP: Stop Loss (Breakeven)
378,AKAM,STOP_BE,2019-03-25,41,69.33000183105469,13,100,0,0,STOP: Stop Loss (Breakeven)
379,AKAM,STOP_BE,2019-10-29,90,88.12999725341797,5,100,0,0,STOP: Stop Loss (Breakeven)
380,AKAM,STOP_BE,2021-02-10,54,107.08000183105467,13,100,0,0,STOP: Stop Loss (Breakeven)
381,AKBA,STOP_BE,2019-03-25,41,69.33000183105469,13,100,0,0,STOP: Stop Loss (Breakeven)
382,AKBA,STOP_BE,2019-10-29,90,88.12999725341797,5,100,0,0,STOP: Stop Loss (Breakeven)
383,AKBA,STOP_BE,2021-02-10,54,107.08000183105467,13,100,0,0,STOP: Stop Loss (Breakeven)
384,ALGS,STOP_BE,2019-06-03,39,132.74989318847656,7,100,0,0,STOP: Stop Loss (Breakeven)
385,ALIT,STOP_BE,2019-06-03,39,132.74989318847656,7,100,0,0,STOP: Stop Loss (Breakeven)
386,ALK,STOP_BE,2019-06-03,39,132.74989318847656,7,100,0,0,STOP: Stop Loss (Breakeven)
387,ALL,STOP_BE,2017-10-27,46,52.43999862670898,27,100,0,0,STOP: Stop Loss (Breakeven)
388,ALLE,STOP_BE,2017-10-27,46,52.43999862670898,27,100,0,0,STOP: Stop Loss (Breakeven)
389,ALOT,STOP_BE,2020-02-03,19,43.81999969482422,33,100,0,0,STOP: Stop Loss (Breakeven)
390,ALRM,STOP_BE,2020-02-03,19,43.81999969482422,33,100,0,0,STOP: Stop Loss (Breakeven)
391,ALRS,STOP_BE,2020-02-03,19,43.81999969482422,33,100,0,0,STOP: Stop Loss (Breakeven)
392,AMAT,STOP_BE,2018-03-22,20,51.81999969482422,16,100,0,0,STOP: Stop Loss (Breakeven)
393,AMAT,STOP_BE,2019-08-01,13,48.220001220703125,30,100,0,0,STOP: Stop Loss (Breakeven)
394,AMAT,STOP_BE,2020-09-08,15,48.22999954223633,19,100,0,0,STOP: Stop Loss (Breakeven)
395,AMBA,STOP_BE,2018-03-22,20,51.81999969482422,16,100,0,0,STOP: Stop Loss (Breakeven)
396,AMBA,STOP_BE,2019-08-01,13,48.220001220703125,30,100,0,0,STOP: Stop Loss (Breakeven)
397,AMBA,STOP_BE,2020-09-08,15,48.22999954223633,19,100,0,0,STOP: Stop Loss (Breakeven)
398,AMBR,STOP_BE,2018-03-22,20,51.81999969482422,16,100,0,0,STOP: Stop Loss (Breakeven)
399,AMBR,STOP_BE,2019-08-01,13,48.220001220703125,30,100,0,0,STOP: Stop Loss (Breakeven)
400,AMBR,STOP_BE,2020-09-08,15,48.22999954223633,19,100,0,0,STOP: Stop Loss (Breakeven)
401,AME,STOP_BE,2019-10-02,27,84.59158325195312,17,100,0,0,STOP: Stop Loss (Breakeven)
402,AMGN,STOP_BE,2019-10-02,27,84.59158325195312,17,100,0,0,STOP: Stop Loss (Breakeven)
403,AMH,STOP_BE,2017-05-17,47,10.800804138183594,86,100,0,0,STOP: Stop Loss (Breakeven)
404,AMH,STOP_BE,2021-01-29,23,14.977252006530762,95,100,0,0,STOP: Stop Loss (Breakeven)
405,AMKR,STOP_BE,2017-07-27,35,134.40597534179688,11,100,0,0,STOP: Stop Loss (Breakeven)
406,AMKR,STOP_BE,2020-08-10,52,201.20492553710935,7,100,0,0,STOP: Stop Loss (Breakeven)
407,AMKR,STOP_BE,2021-02-22,47,199.27252197265625,7,100,0,0,STOP: Stop Loss (Breakeven)
408,AMP,STOP_BE,2018-08-29,27,29.315906524658203,49,100,0,0,STOP: Stop Loss (Breakeven)
409,AMPH,STOP_BE,2021-07-09,23,20.1299991607666,71,100,0,0,STOP: Stop Loss (Breakeven)
410,AMPY,STOP_BE,2020-07-09,20,21.01000022888184,68,100,0,0,STOP: Stop Loss (Breakeven)
411,AMPY,STOP_BE,2021-07-09,23,20.1299991607666,71,100,0,0,STOP: Stop Loss (Breakeven)
412,AMRC,STOP_BE,2020-07-09,20,21.01000022888184,68,100,0,0,STOP: Stop Loss (Breakeven)
413,AMRC,STOP_BE,2021-07-09,23,20.1299991607666,71,100,0,0,STOP: Stop Loss (Breakeven)
414,AMUB,STOP_BE,2017-05-18,22,12.103559494018556,118,100,0,0,STOP: Stop Loss (Breakeven)
415,AMUB,STOP_BE,2017-10-25,6,14.966501235961914,95,100,0,0,STOP: Stop Loss (Breakeven)
416,AMUB,STOP_BE,2019-10-02,33,12.21882438659668,117,100,0,0,STOP: Stop Loss (Breakeven)
417,AMUB,STOP_BE,2019-11-19,34,13.154874801635742,71,100,0,0,STOP: Stop Loss (Breakeven)
418,AMX,STOP_BE,2017-05-18,22,12.103559494018556,118,100,0,0,STOP: Stop Loss (Breakeven)
419,AMX,STOP_BE,2017-10-25,6,14.966501235961914,95,100,0,0,STOP: Stop Loss (Breakeven)
420,AMX,STOP_BE,2019-10-02,33,12.21882438659668,117,100,0,0,STOP: Stop Loss (Breakeven)
421,AMX,STOP_BE,2019-11-19,34,13.154874801635742,71,100,0,0,STOP: Stop Loss (Breakeven)
422,AMZA,STOP_BE,2017-05-18,22,12.103559494018556,118,100,0,0,STOP: Stop Loss (Breakeven)
423,AMZA,STOP_BE,2017-10-25,6,14.966501235961914,95,100,0,0,STOP: Stop Loss (Breakeven)
424,AMZA,STOP_BE,2019-10-02,33,12.21882438659668,117,100,0,0,STOP: Stop Loss (Breakeven)
425,AMZA,STOP_BE,2019-11-19,34,13.154874801635742,71,100,0,0,STOP: Stop Loss (Breakeven)
426,ANGL,STOP_BE,2017-09-28,27,17.649999618530273,24,100,0,0,STOP: Stop Loss (Breakeven)
427,ANGO,STOP_BE,2017-09-28,66,16.799999237060547,22,100,0,0,STOP: Stop Loss (Breakeven)
428,ANGO,STOP_BE,2018-07-10,18,22.770000457763672,63,100,0,0,STOP: Stop Loss (Breakeven)
429,ANGO,STOP_BE,2019-07-25,15,21.059999465942383,44,100,0,0,STOP: Stop Loss (Breakeven)
430,ANIK,STOP_BE,2017-09-28,66,16.799999237060547,22,100,0,0,STOP: Stop Loss (Breakeven)
431,ANIK,STOP_BE,2018-07-10,18,22.770000457763672,63,100,0,0,STOP: Stop Loss (Breakeven)
432,ANIK,STOP_BE,2019-07-25,15,21.059999465942383,44,100,0,0,STOP: Stop Loss (Breakeven)
433,ANIP,STOP_BE,2017-09-28,66,16.799999237060547,22,100,0,0,STOP: Stop Loss (Breakeven)
434,ANIP,STOP_BE,2018-07-10,18,22.770000457763672,63,100,0,0,STOP: Stop Loss (Breakeven)
435,ANIP,STOP_BE,2019-07-25,15,21.059999465942383,44,100,0,0,STOP: Stop Loss (Breakeven)
436,AOS,STOP_BE,2018-12-10,41,149.66543579101562,6,100,0,0,STOP: Stop Loss (Breakeven)
437,APPN,STOP_BE,2019-06-24,6,36.79999923706055,39,100,0,0,STOP: Stop Loss (Breakeven)
438,APPS,STOP_BE,2019-06-24,6,36.79999923706055,39,100,0,0,STOP: Stop Loss (Breakeven)
439,APRE,STOP_BE,2019-06-24,6,36.79999923706055,39,100,0,0,STOP: Stop Loss (Breakeven)
440,APTV,STOP_BE,2017-12-06,16,84.10676574707031,17,100,0,0,STOP: Stop Loss (Breakeven)
441,APTV,STOP_BE,2019-11-13,14,91.97344207763672,10,100,0,0,STOP: Stop Loss (Breakeven)
442,APVO,STOP_BE,2017-12-06,16,84.10676574707031,17,100,0,0,STOP: Stop Loss (Breakeven)
443,APVO,STOP_BE,2019-11-13,14,91.97344207763672,10,100,0,0,STOP: Stop Loss (Breakeven)
444,APWC,STOP_BE,2017-12-06,16,84.10676574707031,17,100,0,0,STOP: Stop Loss (Breakeven)
445,APWC,STOP_BE,2019-11-13,14,91.97344207763672,10,100,0,0,STOP: Stop Loss (Breakeven)
446,ARCB,STOP_BE,2017-02-23,22,5.230578899383545,177,100,0,0,STOP: Stop Loss (Breakeven)
447,ARCB,STOP_BE,2019-02-04,11,7.695765495300293,186,100,0,0,STOP: Stop Loss (Breakeven)
448,ARCO,STOP_BE,2017-02-23,22,5.230578899383545,177,100,0,0,STOP: Stop Loss (Breakeven)
449,ARCO,STOP_BE,2019-02-04,11,7.695765495300293,186,100,0,0,STOP: Stop Loss (Breakeven)
450,ARES,STOP_BE,2018-10-04,16,17.386919021606445,82,100,0,0,STOP: Stop Loss (Breakeven)
451,ARGX,STOP_BE,2018-10-04,16,17.386919021606445,82,100,0,0,STOP: Stop Loss (Breakeven)
452,ARI,STOP_BE,2021-07-08,21,51.98454284667969,18,100,0,0,STOP: Stop Loss (Breakeven)
453,ARKF,STOP_BE,2021-07-08,21,51.98454284667969,18,100,0,0,STOP: Stop Loss (Breakeven)
454,ARLP,STOP_BE,2018-10-11,62,10.291147232055664,90,100,0,0,STOP: Stop Loss (Breakeven)
455,ARMK,STOP_BE,2018-08-02,86,25.77950859069824,17,100,0,0,STOP: Stop Loss (Breakeven)
456,ARMK,STOP_BE,2019-11-20,44,29.393110275268555,32,100,0,0,STOP: Stop Loss (Breakeven)
457,ARMP,STOP_BE,2018-08-02,86,25.77950859069824,17,100,0,0,STOP: Stop Loss (Breakeven)
458,ARMP,STOP_BE,2019-11-20,44,29.393110275268555,32,100,0,0,STOP: Stop Loss (Breakeven)
459,AROC,STOP_BE,2019-03-06,35,6.5448317527771,218,100,0,0,STOP: Stop Loss (Breakeven)
460,AROC,STOP_BE,2021-01-21,15,7.38784646987915,386,100,0,0,STOP: Stop Loss (Breakeven)
461,ASGN,STOP_BE,2017-03-22,56,46.41999816894531,31,100,0,0,STOP: Stop Loss (Breakeven)
462,ASGN,STOP_BE,2020-01-27,46,69.19999694824219,21,100,0,0,STOP: Stop Loss (Breakeven)
463,ASH,STOP_BE,2017-03-22,56,46.41999816894531,31,100,0,0,STOP: Stop Loss (Breakeven)
464,ASH,STOP_BE,2020-01-27,46,69.19999694824219,21,100,0,0,STOP: Stop Loss (Breakeven)
465,ASHR,STOP_BE,2017-03-22,56,46.41999816894531,31,100,0,0,STOP: Stop Loss (Breakeven)
466,ASHR,STOP_BE,2020-01-27,46,69.19999694824219,21,100,0,0,STOP: Stop Loss (Breakeven)
467,ASML,STOP_BE,2022-08-18,13,94.91000366210938,5,100,0,0,STOP: Stop Loss (Breakeven)
468,ASPN,STOP_BE,2022-08-18,13,94.91000366210938,5,100,0,0,STOP: Stop Loss (Breakeven)
469,ATHM,STOP_BE,2018-06-25,26,92.58114624023438,15,100,0,0,STOP: Stop Loss (Breakeven)
470,ATKR,STOP_BE,2018-06-25,26,92.58114624023438,15,100,0,0,STOP: Stop Loss (Breakeven)
471,ATLC,STOP_BE,2018-06-25,26,92.58114624023438,15,100,0,0,STOP: Stop Loss (Breakeven)
472,AUDC,STOP_BE,2017-09-12,12,6.489999771118164,66,100,0,0,STOP: Stop Loss (Breakeven)
473,AUDC,STOP_BE,2018-12-17,18,5.829999923706055,318,100,0,0,STOP: Stop Loss (Breakeven)
474,AUPH,STOP_BE,2017-09-12,12,6.489999771118164,66,100,0,0,STOP: Stop Loss (Breakeven)
475,AUPH,STOP_BE,2018-12-17,18,5.829999923706055,318,100,0,0,STOP: Stop Loss (Breakeven)
476,AUTL,STOP_BE,2017-09-12,12,6.489999771118164,66,100,0,0,STOP: Stop Loss (Breakeven)
477,AUTL,STOP_BE,2018-12-17,18,5.829999923706055,318,100,0,0,STOP: Stop Loss (Breakeven)
478,AVAL,STOP_BE,2019-12-23,110,36.3093147277832,25,100,0,0,STOP: Stop Loss (Breakeven)
479,AVAV,STOP_BE,2019-12-23,110,36.3093147277832,25,100,0,0,STOP: Stop Loss (Breakeven)
480,AVB,STOP_BE,2019-12-23,110,36.3093147277832,25,100,0,0,STOP: Stop Loss (Breakeven)
481,AVNW,STOP_BE,2018-06-25,19,58.630001068115234,24,100,0,0,STOP: Stop Loss (Breakeven)
482,AVPT,STOP_BE,2018-06-25,19,58.630001068115234,24,100,0,0,STOP: Stop Loss (Breakeven)
483,AXTA,STOP_BE,2017-03-22,12,31.21999931335449,30,100,0,0,STOP: Stop Loss (Breakeven)
484,AXTA,STOP_BE,2022-05-06,10,26.239999771118164,35,100,0,0,STOP: Stop Loss (Breakeven)
485,AXTI,STOP_BE,2017-03-22,12,31.21999931335449,30,100,0,0,STOP: Stop Loss (Breakeven)
486,AXTI,STOP_BE,2019-10-08,33,29.63999938964844,31,100,0,0,STOP: Stop Loss (Breakeven)
487,AXTI,STOP_BE,2020-01-15,40,30.34000015258789,31,100,0,0,STOP: Stop Loss (Breakeven)
488,AXTI,STOP_BE,2022-05-06,10,26.239999771118164,35,100,0,0,STOP: Stop Loss (Breakeven)
489,AYI,STOP_BE,2017-03-22,12,31.21999931335449,30,100,0,0,STOP: Stop Loss (Breakeven)
490,AYI,STOP_BE,2022-05-06,10,26.239999771118164,35,100,0,0,STOP: Stop Loss (Breakeven)
491,AYTU,STOP_BE,2017-06-23,99,32.279998779296875,44,100,0,0,STOP: Stop Loss (Breakeven)
492,AAOI,TP1,2017-02-14,1,36.21606983457293,84,40,96.43500995635982,6.76907956831711,TP1: Take Profit 1 (+1.5R)
493,AAON,TP1,2017-02-14,1,36.21606983457293,84,40,96.43500995635982,6.76907956831711,TP1: Take Profit 1 (+1.5R)
494,AAP,TP1,2017-02-14,1,36.21606983457293,84,40,96.43500995635982,6.76907956831711,TP1: Take Profit 1 (+1.5R)
495,AAVM,TP1,2018-03-28,15,24.261248942154968,121,40,44.67678284277461,3.166324684837277,TP1: Take Profit 1 (+1.5R)
496,AAVM,TP1,2018-05-30,23,25.64431646273192,74,40,24.19299204954791,2.6164578971490875,TP1: Take Profit 1 (+1.5R)
497,AAVM,TP1,2018-11-09,11,28.4651748624284,104,40,51.95185682332768,3.637480910943909,TP1: Take Profit 1 (+1.5R)
498,AAVM,TP1,2019-01-31,3,31.214243335313704,93,40,33.196582126822946,2.366690074081005,TP1: Take Profit 1 (+1.5R)
499,AAVM,TP1,2019-10-23,131,35.54779934464049,24,40,7.222014376896794,1.7221860510206295,TP1: Take Profit 1 (+1.5R)
500,AAXJ,TP1,2018-03-28,15,24.261248942154968,121,40,44.67678284277461,3.166324684837277,TP1: Take Profit 1 (+1.5R)
501,AAXJ,TP1,2018-05-30,23,25.64431646273192,74,40,24.19299204954791,2.6164578971490875,TP1: Take Profit 1 (+1.5R)
502,AAXJ,TP1,2018-11-09,11,28.4651748624284,104,40,51.95185682332768,3.637480910943909,TP1: Take Profit 1 (+1.5R)
503,AAXJ,TP1,2019-01-31,3,31.214243335313704,93,40,33.196582126822946,2.366690074081005,TP1: Take Profit 1 (+1.5R)
504,AAXJ,TP1,2019-10-23,131,35.54779934464049,24,40,7.222014376896794,1.7221860510206295,TP1: Take Profit 1 (+1.5R)
505,AB,TP1,2018-03-28,15,24.261248942154968,121,40,44.67678284277461,3.166324684837277,TP1: Take Profit 1 (+1.5R)
506,AB,TP1,2018-05-30,23,25.64431646273192,74,40,24.19299204954791,2.6164578971490875,TP1: Take Profit 1 (+1.5R)
507,AB,TP1,2018-11-09,11,28.4651748624284,104,40,51.95185682332768,3.637480910943909,TP1: Take Profit 1 (+1.5R)
508,AB,TP1,2019-01-31,3,31.214243335313704,93,40,33.196582126822946,2.366690074081005,TP1: Take Profit 1 (+1.5R)
509,AB,TP1,2019-10-23,131,35.54779934464049,24,40,7.222014376896794,1.7221860510206295,TP1: Take Profit 1 (+1.5R)
510,ABCB,TP1,2018-01-11,6,46.42966259279324,63,40,40.510408754276064,2.896064076111142,TP1: Take Profit 1 (+1.5R)
511,ABCB,TP1,2018-06-06,19,51.47936339087285,56,40,33.66456080869756,2.391360591529464,TP1: Take Profit 1 (+1.5R)
512,ABCB,TP1,2019-09-18,7,35.7758189424696,83,40,61.74184232728869,4.39422846043214,TP1: Take Profit 1 (+1.5R)
513,ABCB,TP1,2022-01-06,3,50.99930153694017,58,40,64.21308960300331,4.538776014935398,TP1: Take Profit 1 (+1.5R)
514,ABEO,TP1,2018-01-11,6,46.42966259279324,63,40,40.510408754276064,2.896064076111142,TP1: Take Profit 1 (+1.5R)
515,ABEO,TP1,2018-06-06,19,51.47936339087285,56,40,33.66456080869756,2.391360591529464,TP1: Take Profit 1 (+1.5R)
516,ABEO,TP1,2019-09-18,7,35.7758189424696,83,40,61.74184232728869,4.39422846043214,TP1: Take Profit 1 (+1.5R)
517,ABEO,TP1,2022-01-06,3,50.99930153694017,58,40,64.21308960300331,4.538776014935398,TP1: Take Profit 1 (+1.5R)
518,ABR,TP1,2018-03-09,2,3.9027419328249753,488,40,24.094801033732445,2.5959351423483543,TP1: Take Profit 1 (+1.5R)
519,ABR,TP1,2018-07-06,8,4.941664337270521,178,40,12.273736044389612,2.8708184258987277,TP1: Take Profit 1 (+1.5R)
520,ABR,TP1,2018-11-13,13,5.863467039963529,503,40,46.885439910026776,3.2905647221244423,TP1: Take Profit 1 (+1.5R)
521,ABR,TP1,2019-02-15,15,5.89631230208386,496,40,33.909459095508254,2.373986911686403,TP1: Take Profit 1 (+1.5R)
522,ACA,TP1,2019-12-13,7,41.12485280568201,46,40,33.106756284836635,3.6270848933055055,TP1: Take Profit 1 (+1.5R)
523,ACAD,TP1,2019-12-13,7,41.12485280568201,46,40,33.106756284836635,3.6270848933055055,TP1: Take Profit 1 (+1.5R)
524,ACH,TP1,2017-02-24,9,43.66606984819685,68,40,64.80643190656393,4.5643477089911535,TP1: Take Profit 1 (+1.5R)
525,ACH,TP1,2017-07-05,12,50.07321344103132,59,40,59.25322519029893,4.254038546041281,TP1: Take Profit 1 (+1.5R)
526,ACH,TP1,2020-02-19,63,34.38000297546387,85,40,44.10004806518555,3.150318292004587,TP1: Take Profit 1 (+1.5R)
527,ACHC,TP1,2017-02-24,9,43.66606984819685,68,40,64.80643190656393,4.5643477089911535,TP1: Take Profit 1 (+1.5R)
528,ACHC,TP1,2017-07-05,12,50.07321344103132,59,40,59.25322519029893,4.254038546041281,TP1: Take Profit 1 (+1.5R)
529,ACHC,TP1,2020-02-19,63,34.38000297546387,85,40,44.10004806518555,3.150318292004587,TP1: Take Profit 1 (+1.5R)
530,ACHV,TP1,2017-02-24,9,43.66606984819685,68,40,64.80643190656393,4.5643477089911535,TP1: Take Profit 1 (+1.5R)
531,ACN,TP1,2020-12-01,22,233.49730803715448,12,40,59.417686113551895,4.42897918803558,TP1: Take Profit 1 (+1.5R)
532,ACNB,TP1,2020-12-01,22,233.49730803715448,12,40,59.417686113551895,4.42897918803558,TP1: Take Profit 1 (+1.5R)
533,ACNT,TP1,2020-12-01,22,233.49730803715448,12,40,59.417686113551895,4.42897918803558,TP1: Take Profit 1 (+1.5R)
534,ADM,TP1,2017-01-18,7,62.80322708514061,47,40,62.83229333176924,4.547653917014253,TP1: Take Profit 1 (+1.5R)
535,ADM,TP1,2017-03-13,4,70.08851478076134,42,40,47.44671627977728,3.3309683676349304,TP1: Take Profit 1 (+1.5R)
536,ADMA,TP1,2017-01-18,7,62.80322708514061,47,40,62.83229333176924,4.547653917014253,TP1: Take Profit 1 (+1.5R)
537,ADMA,TP1,2017-03-13,4,70.08851478076134,42,40,47.44671627977728,3.3309683676349304,TP1: Take Profit 1 (+1.5R)
538,ADME,TP1,2017-01-18,7,62.80322708514061,47,40,62.83229333176924,4.547653917014253,TP1: Take Profit 1 (+1.5R)
539,ADME,TP1,2017-03-13,4,70.08851478076134,42,40,47.44671627977728,3.3309683676349304,TP1: Take Profit 1 (+1.5R)
540,ADP,TP1,2019-02-12,8,6.267884321159306,476,40,66.11666264215258,4.6376835420459095,TP1: Take Profit 1 (+1.5R)
541,ADP,TP1,2019-11-25,12,7.075042835627,127,40,22.741418680054,5.376396293980379,TP1: Take Profit 1 (+1.5R)
542,ADPT,TP1,2019-02-12,8,6.267884321159306,476,40,66.11666264215258,4.6376835420459095,TP1: Take Profit 1 (+1.5R)
543,ADPT,TP1,2019-11-25,12,7.075042835627,127,40,22.741418680054,5.376396293980379,TP1: Take Profit 1 (+1.5R)
544,ADT,TP1,2019-02-12,8,6.267884321159306,476,40,66.11666264215258,4.6376835420459095,TP1: Take Profit 1 (+1.5R)
545,ADT,TP1,2019-11-25,12,7.075042835627,127,40,22.741418680054,5.376396293980379,TP1: Take Profit 1 (+1.5R)
546,AESR,TP1,2020-12-04,4,59.325894355773926,51,40,101.89735889434814,7.377184354341947,TP1: Take Profit 1 (+1.5R)
547,AEVA,TP1,2020-12-04,4,59.325894355773926,51,40,101.89735889434814,7.377184354341947,TP1: Take Profit 1 (+1.5R)
548,AJG,TP1,2017-10-19,17,51.06714194161551,57,40,29.87997436523429,2.1342838832310207,TP1: Take Profit 1 (+1.5R)
549,AJG,TP1,2018-06-12,34,79.38714790344238,36,40,37.568607330322266,2.700057916281166,TP1: Take Profit 1 (+1.5R)
550,AJG,TP1,2019-03-06,22,71.29714230128697,26,40,25.572826113019644,2.8373581685831537,TP1: Take Profit 1 (+1.5R)
551,AJG,TP1,2019-09-05,36,91.08606665475028,9,40,11.824277605329256,3.35421478890114,TP1: Take Profit 1 (+1.5R)
552,AJG,TP1,2020-01-09,2,92.46714101518904,20,40,22.67144066946841,2.5134635738931954,TP1: Take Profit 1 (+1.5R)
553,AJG,TP1,2020-07-02,34,110.43500001089912,8,40,18.539987836565277,4.380904371877814,TP1: Take Profit 1 (+1.5R)
554,AKAM,TP1,2017-10-19,17,51.06714194161551,57,40,29.87997436523429,2.1342838832310207,TP1: Take Profit 1 (+1.5R)
555,AKAM,TP1,2018-06-12,34,79.38714790344238,36,40,37.568607330322266,2.700057916281166,TP1: Take Profit 1 (+1.5R)
556,AKAM,TP1,2019-03-06,22,71.29714230128697,26,40,25.572826113019644,2.8373581685831537,TP1: Take Profit 1 (+1.5R)
557,AKAM,TP1,2019-09-05,36,91.08606665475028,9,40,11.824277605329256,3.35421478890114,TP1: Take Profit 1 (+1.5R)
558,AKAM,TP1,2020-01-09,2,92.46714101518904,20,40,22.67144066946841,2.5134635738931954,TP1: Take Profit 1 (+1.5R)
559,AKAM,TP1,2020-07-02,34,110.43500001089912,8,40,18.539987836565277,4.380904371877814,TP1: Take Profit 1 (+1.5R)
560,AKAM,TP1,2021-01-26,39,113.92821856907436,26,40,89.02681759425575,6.395420826406443,TP1: Take Profit 1 (+1.5R)
561,AKBA,TP1,2017-10-19,17,51.06714194161551,57,40,29.87997436523429,2.1342838832310207,TP1: Take Profit 1 (+1.5R)
562,AKBA,TP1,2018-06-12,34,79.38714790344238,36,40,37.568607330322266,2.700057916281166,TP1: Take Profit 1 (+1.5R)
563,AKBA,TP1,2019-03-06,22,71.29714230128697,26,40,25.572826113019644,2.8373581685831537,TP1: Take Profit 1 (+1.5R)
564,AKBA,TP1,2019-09-05,36,91.08606665475028,9,40,11.824277605329256,3.35421478890114,TP1: Take Profit 1 (+1.5R)
565,AKBA,TP1,2020-01-09,2,92.46714101518904,20,40,22.67144066946841,2.5134635738931954,TP1: Take Profit 1 (+1.5R)
566,AKBA,TP1,2020-07-02,34,110.43500001089912,8,40,18.539987836565277,4.380904371877814,TP1: Take Profit 1 (+1.5R)
567,AKBA,TP1,2021-01-26,39,113.92821856907436,26,40,89.02681759425575,6.395420826406443,TP1: Take Profit 1 (+1.5R)
568,ALC,TP1,2020-05-18,5,58.407397172466816,33,40,43.19022975946905,4.845603829618756,TP1: Take Profit 1 (+1.5R)
569,ALCO,TP1,2020-05-18,5,58.407397172466816,33,40,43.19022975946905,4.845603829618756,TP1: Take Profit 1 (+1.5R)
570,ALDX,TP1,2020-05-18,5,58.407397172466816,33,40,43.19022975946905,4.845603829618756,TP1: Take Profit 1 (+1.5R)
571,ALGS,TP1,2019-04-30,5,138.55785451153628,13,40,34.84776793835829,4.375115628013084,TP1: Take Profit 1 (+1.5R)
572,ALIT,TP1,2019-04-30,5,138.55785451153628,13,40,34.84776793835829,4.375115628013084,TP1: Take Profit 1 (+1.5R)
573,ALK,TP1,2019-04-30,5,138.55785451153628,13,40,34.84776793835829,4.375115628013084,TP1: Take Profit 1 (+1.5R)
574,ALL,TP1,2017-10-26,45,54.95249993460519,54,40,67.83753531319763,4.791192550902413,TP1: Take Profit 1 (+1.5R)
575,ALLE,TP1,2017-10-26,45,54.95249993460519,54,40,67.83753531319763,4.791192550902413,TP1: Take Profit 1 (+1.5R)
576,ALNY,TP1,2017-06-05,28,34.913820675441194,84,40,45.94048118591296,3.234243023320821,TP1: Take Profit 1 (+1.5R)
577,ALOT,TP1,2017-06-05,31,34.54382174355643,85,40,45.94048118591296,3.2700178046897435,TP1: Take Profit 1 (+1.5R)
578,ALOT,TP1,2017-08-09,8,40.838394846235005,47,40,48.26304285866878,5.416605774012076,TP1: Take Profit 1 (+1.5R)
579,ALOT,TP1,2018-08-08,1,47.697962624686106,63,40,85.49688393729076,6.13699172731615,TP1: Take Profit 1 (+1.5R)
580,ALOT,TP1,2019-01-16,7,57.58653559003557,52,40,74.26993724278039,5.219324084946857,TP1: Take Profit 1 (+1.5R)
581,ALOT,TP1,2020-01-17,2,45.32996382032122,65,40,48.31885201590399,3.445833263379389,TP1: Take Profit 1 (+1.5R)
582,ALOT,TP1,2020-11-06,2,70.94178758348737,44,40,135.11925969805023,9.478062102595764,TP1: Take Profit 1 (+1.5R)
583,ALRM,TP1,2017-06-05,31,34.54382174355643,85,40,45.94048118591296,3.2700178046897435,TP1: Take Profit 1 (+1.5R)
584,ALRM,TP1,2017-08-09,8,40.838394846235005,47,40,48.26304285866878,5.416605774012076,TP1: Take Profit 1 (+1.5R)
585,ALRM,TP1,2018-08-08,1,47.697962624686106,63,40,85.49688393729076,6.13699172731615,TP1: Take Profit 1 (+1.5R)
586,ALRM,TP1,2019-01-16,7,57.58653559003557,52,40,74.26993724278039,5.219324084946857,TP1: Take Profit 1 (+1.5R)
587,ALRM,TP1,2020-01-17,2,45.32996382032122,65,40,48.31885201590399,3.445833263379389,TP1: Take Profit 1 (+1.5R)
588,ALRM,TP1,2020-11-06,2,70.94178758348737,44,40,135.11925969805023,9.478062102595764,TP1: Take Profit 1 (+1.5R)
589,ALRS,TP1,2017-06-05,31,34.54382174355643,85,40,45.94048118591296,3.2700178046897435,TP1: Take Profit 1 (+1.5R)
590,ALRS,TP1,2017-08-09,8,40.838394846235005,47,40,48.26304285866878,5.416605774012076,TP1: Take Profit 1 (+1.5R)
591,ALRS,TP1,2018-08-08,1,47.697962624686106,63,40,85.49688393729076,6.13699172731615,TP1: Take Profit 1 (+1.5R)
592,ALRS,TP1,2019-01-16,7,57.58653559003557,52,40,74.26993724278039,5.219324084946857,TP1: Take Profit 1 (+1.5R)
593,ALRS,TP1,2020-01-17,2,45.32996382032122,65,40,48.31885201590399,3.445833263379389,TP1: Take Profit 1 (+1.5R)
594,ALRS,TP1,2020-11-06,2,70.94178758348737,44,40,135.11925969805023,9.478062102595764,TP1: Take Profit 1 (+1.5R)
595,AMAT,TP1,2019-07-30,11,49.97285883767264,59,40,50.83287089211591,3.635125617161804,TP1: Take Profit 1 (+1.5R)
596,AMAT,TP1,2020-09-01,8,53.65678446633475,38,40,103.10891355786998,11.251886741873257,TP1: Take Profit 1 (+1.5R)
597,AMAT,TP1,2020-11-24,19,68.70928369249616,46,40,179.15356704166942,12.78608955625597,TP1: Take Profit 1 (+1.5R)
598,AMBA,TP1,2019-07-30,11,49.97285883767264,59,40,50.83287089211591,3.635125617161804,TP1: Take Profit 1 (+1.5R)
599,AMBA,TP1,2020-09-01,8,53.65678446633475,38,40,103.10891355786998,11.251886741873257,TP1: Take Profit 1 (+1.5R)
600,AMBA,TP1,2020-11-24,19,68.70928369249616,46,40,179.15356704166942,12.78608955625597,TP1: Take Profit 1 (+1.5R)
601,AMBR,TP1,2019-07-30,11,49.97285883767264,59,40,50.83287089211591,3.635125617161804,TP1: Take Profit 1 (+1.5R)
602,AMBR,TP1,2020-09-01,8,53.65678446633475,38,40,103.10891355786998,11.251886741873257,TP1: Take Profit 1 (+1.5R)
603,AMBR,TP1,2020-11-24,19,68.70928369249616,46,40,179.15356704166942,12.78608955625597,TP1: Take Profit 1 (+1.5R)
604,AME,TP1,2017-04-24,62,53.03570703581426,35,40,18.42445201240691,2.086143079403017,TP1: Take Profit 1 (+1.5R)
605,AME,TP1,2018-09-10,41,75.39463468096417,38,40,26.83059372835837,1.9087440232068509,TP1: Take Profit 1 (+1.5R)
606,AME,TP1,2019-02-12,7,73.46873822717025,25,40,23.757793296355487,2.769402656162783,TP1: Take Profit 1 (+1.5R)
607,AME,TP1,2019-09-25,20,86.72991419787667,33,40,34.21329513477667,2.527829440849448,TP1: Take Profit 1 (+1.5R)
608,AME,TP1,2019-11-15,11,93.9152005927082,31,40,32.98864426659961,2.397884738554028,TP1: Take Profit 1 (+1.5R)
609,AMGN,TP1,2018-09-10,41,75.39463468096417,38,40,26.83059372835837,1.9087440232068509,TP1: Take Profit 1 (+1.5R)
610,AMGN,TP1,2019-02-12,7,73.46873822717025,25,40,23.757793296355487,2.769402656162783,TP1: Take Profit 1 (+1.5R)
611,AMGN,TP1,2019-09-25,20,86.72991419787667,33,40,34.21329513477667,2.527829440849448,TP1: Take Profit 1 (+1.5R)
612,AMGN,TP1,2019-11-15,11,93.9152005927082,31,40,32.98864426659961,2.397884738554028,TP1: Take Profit 1 (+1.5R)
613,AMH,TP1,2017-04-27,27,11.2900554832532,171,40,41.58636433091652,4.52976777293811,TP1: Take Profit 1 (+1.5R)
614,AMH,TP1,2019-10-21,18,9.268480161630013,321,40,61.98514617330204,4.362166189472108,TP1: Take Profit 1 (+1.5R)
615,AMH,TP1,2021-01-12,6,16.308666243363408,190,40,126.48435249910142,8.889576247045115,TP1: Take Profit 1 (+1.5R)
616,AMKR,TP1,2017-02-15,12,131.48286296857515,22,40,41.26559421682663,2.9369570248713286,TP1: Take Profit 1 (+1.5R)
617,AMKR,TP1,2017-07-19,27,137.15239565182137,21,40,27.4642031002449,2.043376645301887,TP1: Take Profit 1 (+1.5R)
618,AMKR,TP1,2019-08-09,49,159.45009853542018,11,40,30.049107179054037,3.916717011602755,TP1: Take Profit 1 (+1.5R)
619,AMKR,TP1,2019-11-01,3,177.18694291331778,10,40,22.94864584100296,2.6592139401383794,TP1: Take Profit 1 (+1.5R)
620,AMKR,TP1,2020-07-01,12,210.5839094546925,14,40,65.65288742308189,4.66140870684267,TP1: Take Profit 1 (+1.5R)
621,AMKR,TP1,2021-01-19,13,210.3788152441345,14,40,77.74405290034775,5.573419336260637,TP1: Take Profit 1 (+1.5R)
622,AMLP,TP1,2018-07-26,7,28.573812954382102,66,40,24.055570841777467,2.617922266542512,TP1: Take Profit 1 (+1.5R)
623,AMLP,TP1,2019-12-17,7,25.02536968150904,76,40,27.191098678593548,2.943482887390187,TP1: Take Profit 1 (+1.5R)
624,AMN,TP1,2018-07-26,7,28.573812954382102,66,40,24.055570841777467,2.617922266542512,TP1: Take Profit 1 (+1.5R)
625,AMN,TP1,2019-12-17,7,25.02536968150904,76,40,27.191098678593548,2.943482887390187,TP1: Take Profit 1 (+1.5R)
626,AMOM,TP1,2018-07-26,7,28.573812954382102,66,40,24.055570841777467,2.617922266542512,TP1: Take Profit 1 (+1.5R)
627,AMOM,TP1,2019-12-17,7,25.02536968150904,76,40,27.191098678593548,2.943482887390187,TP1: Take Profit 1 (+1.5R)
628,AMP,TP1,2018-08-20,18,29.98406132493737,97,40,32.071430413400094,2.279154491494814,TP1: Take Profit 1 (+1.5R)
629,AMPH,TP1,2017-09-26,5,17.18964225905282,113,40,44.21998786926267,4.814894261523851,TP1: Take Profit 1 (+1.5R)
630,AMPH,TP1,2021-06-24,8,20.79964222226824,141,40,46.87501430511468,3.3265925952285857,TP1: Take Profit 1 (+1.5R)
631,AMPY,TP1,2017-05-26,15,16.899642501558578,180,40,92.66783543995462,6.487981244010088,TP1: Take Profit 1 (+1.5R)
632,AMPY,TP1,2017-09-26,5,17.18964225905282,113,40,44.21998786926267,4.814894261523851,TP1: Take Profit 1 (+1.5R)
633,AMPY,TP1,2020-06-29,10,22.023571968078613,135,40,67.90930652618408,4.8242347841741084,TP1: Take Profit 1 (+1.5R)
634,AMPY,TP1,2021-06-24,8,20.79964222226824,141,40,46.87501430511468,3.3265925952285857,TP1: Take Profit 1 (+1.5R)
635,AMRC,TP1,2017-05-26,15,16.899642501558578,180,40,92.66783543995462,6.487981244010088,TP1: Take Profit 1 (+1.5R)
636,AMRC,TP1,2017-09-26,5,17.18964225905282,113,40,44.21998786926267,4.814894261523851,TP1: Take Profit 1 (+1.5R)
637,AMRC,TP1,2020-06-29,10,22.023571968078613,135,40,67.90930652618408,4.8242347841741084,TP1: Take Profit 1 (+1.5R)
638,AMRC,TP1,2021-06-24,8,20.79964222226824,141,40,46.87501430511468,3.3265925952285857,TP1: Take Profit 1 (+1.5R)
639,AMUB,TP1,2017-05-15,19,12.503232287940705,236,40,47.161389682813706,3.3021095498366737,TP1: Take Profit 1 (+1.5R)
640,AMUB,TP1,2017-10-20,1,15.423678016418062,190,40,43.43179414333407,3.0546670410692345,TP1: Take Profit 1 (+1.5R)
641,AMUB,TP1,2019-09-20,21,12.66028557780379,233,40,51.20949818002487,3.6129596206601295,TP1: Take Profit 1 (+1.5R)
642,AMUB,TP1,2019-10-23,7,13.588276629327453,141,40,30.338127938419746,3.2946100531326934,TP1: Take Profit 1 (+1.5R)
643,AMX,TP1,2017-05-15,19,12.503232287940705,236,40,47.161389682813706,3.3021095498366737,TP1: Take Profit 1 (+1.5R)
644,AMX,TP1,2017-10-20,1,15.423678016418062,190,40,43.43179414333407,3.0546670410692345,TP1: Take Profit 1 (+1.5R)
645,AMX,TP1,2019-09-20,21,12.66028557780379,233,40,51.20949818002487,3.6129596206601295,TP1: Take Profit 1 (+1.5R)
646,AMX,TP1,2019-10-23,7,13.588276629327453,141,40,30.338127938419746,3.2946100531326934,TP1: Take Profit 1 (+1.5R)
647,AMZA,TP1,2017-05-15,19,12.503232287940705,236,40,47.161389682813706,3.3021095498366737,TP1: Take Profit 1 (+1.5R)
648,AMZA,TP1,2017-10-20,1,15.423678016418062,190,40,43.43179414333407,3.0546670410692345,TP1: Take Profit 1 (+1.5R)
649,AMZA,TP1,2019-09-20,21,12.66028557780379,233,40,51.20949818002487,3.6129596206601295,TP1: Take Profit 1 (+1.5R)
650,AMZA,TP1,2019-10-23,7,13.588276629327453,141,40,30.338127938419746,3.2946100531326934,TP1: Take Profit 1 (+1.5R)
651,ANGL,TP1,2017-09-27,26,18.27785621370588,48,40,15.068558284214587,3.557261239351176,TP1: Take Profit 1 (+1.5R)
652,ANGO,TP1,2017-09-01,39,17.4053567477635,110,40,33.29466308866234,3.603318679726735,TP1: Take Profit 1 (+1.5R)
653,ANGO,TP1,2018-04-03,68,18.17178644452776,107,40,51.50464112418033,5.649916502807361,TP1: Take Profit 1 (+1.5R)
654,ANGO,TP1,2018-07-06,14,23.60357175554548,125,40,51.68142046247216,3.660831273710379,TP1: Take Profit 1 (+1.5R)
655,ANGO,TP1,2019-07-11,1,21.79392828260149,87,40,31.558939116341683,3.484942237752652,TP1: Take Profit 1 (+1.5R)
656,ANGO,TP1,2020-09-29,11,11.398571695600236,185,40,131.42857142857144,14.328700003106038,TP1: Take Profit 1 (+1.5R)
657,ANIK,TP1,2017-09-01,39,17.4053567477635,110,40,33.29466308866234,3.603318679726735,TP1: Take Profit 1 (+1.5R)
658,ANIK,TP1,2018-04-03,68,18.17178644452776,107,40,51.50464112418033,5.649916502807361,TP1: Take Profit 1 (+1.5R)
659,ANIK,TP1,2018-07-06,14,23.60357175554548,125,40,51.68142046247216,3.660831273710379,TP1: Take Profit 1 (+1.5R)
660,ANIK,TP1,2019-07-11,1,21.79392828260149,87,40,31.558939116341683,3.484942237752652,TP1: Take Profit 1 (+1.5R)
661,ANIK,TP1,2020-09-29,11,11.398571695600236,185,40,131.42857142857144,14.328700003106038,TP1: Take Profit 1 (+1.5R)
662,ANIP,TP1,2017-09-01,39,17.4053567477635,110,40,33.29466308866234,3.603318679726735,TP1: Take Profit 1 (+1.5R)
663,ANIP,TP1,2018-04-03,68,18.17178644452776,107,40,51.50464112418033,5.649916502807361,TP1: Take Profit 1 (+1.5R)
664,ANIP,TP1,2018-07-06,14,23.60357175554548,125,40,51.68142046247216,3.660831273710379,TP1: Take Profit 1 (+1.5R)
665,ANIP,TP1,2019-07-11,1,21.79392828260149,87,40,31.558939116341683,3.484942237752652,TP1: Take Profit 1 (+1.5R)
666,ANIP,TP1,2020-09-29,11,11.398571695600236,185,40,131.42857142857144,14.328700003106038,TP1: Take Profit 1 (+1.5R)
667,AOS,TP1,2018-11-08,9,154.3346296419453,12,40,28.01516310557804,3.1197542881239944,TP1: Take Profit 1 (+1.5R)
668,AOS,TP1,2019-02-01,1,152.51283420056066,19,40,39.78974791735064,2.9853675637769297,TP1: Take Profit 1 (+1.5R)
669,APPN,TP1,2019-06-21,3,39.36746406555176,77,40,97.56366348266602,6.976806743804407,TP1: Take Profit 1 (+1.5R)
670,APPS,TP1,2019-06-21,3,39.36746406555176,77,40,97.56366348266602,6.976806743804407,TP1: Take Profit 1 (+1.5R)
671,APRE,TP1,2019-06-21,3,39.36746406555176,77,40,97.56366348266602,6.976806743804407,TP1: Take Profit 1 (+1.5R)
672,APT,TP1,2018-01-05,31,89.49540560011228,32,40,36.64523960179645,2.626369386229224,TP1: Take Profit 1 (+1.5R)
673,APTV,TP1,2017-12-05,15,86.91108173571428,33,40,44.86905581830342,3.3342335348825927,TP1: Take Profit 1 (+1.5R)
674,APTV,TP1,2018-05-08,6,92.21634966530314,20,40,35.70376459736735,4.02768036790253,TP1: Take Profit 1 (+1.5R)
675,APTV,TP1,2019-11-06,7,95.29228902754852,20,40,33.188469499118014,3.608484009014573,TP1: Take Profit 1 (+1.5R)
676,APTV,TP1,2020-10-07,57,98.3560665675572,32,40,152.25712367466508,10.71147075859111,TP1: Take Profit 1 (+1.5R)
677,APVO,TP1,2017-12-05,15,86.91108173571428,33,40,44.86905581830342,3.3342335348825927,TP1: Take Profit 1 (+1.5R)
678,APVO,TP1,2018-05-08,6,92.21634966530314,20,40,35.70376459736735,4.02768036790253,TP1: Take Profit 1 (+1.5R)
679,APVO,TP1,2019-11-06,7,95.29228902754852,20,40,33.188469499118014,3.608484009014573,TP1: Take Profit 1 (+1.5R)
680,APVO,TP1,2020-10-07,57,98.3560665675572,32,40,152.25712367466508,10.71147075859111,TP1: Take Profit 1 (+1.5R)
681,APWC,TP1,2017-12-05,15,86.91108173571428,33,40,44.86905581830342,3.3342335348825927,TP1: Take Profit 1 (+1.5R)
682,APWC,TP1,2018-05-08,6,92.21634966530314,20,40,35.70376459736735,4.02768036790253,TP1: Take Profit 1 (+1.5R)
683,APWC,TP1,2019-11-06,7,95.29228902754852,20,40,33.188469499118014,3.608484009014573,TP1: Take Profit 1 (+1.5R)
684,APWC,TP1,2020-10-07,57,98.3560665675572,32,40,152.25712367466508,10.71147075859111,TP1: Take Profit 1 (+1.5R)
685,ARCB,TP1,2017-02-03,2,5.495504248727143,354,40,46.89178683381691,5.064933622831335,TP1: Take Profit 1 (+1.5R)
686,ARCB,TP1,2017-07-21,9,7.373141187320804,405,40,66.05169631432724,4.6406686678970015,TP1: Take Profit 1 (+1.5R)
687,ARCB,TP1,2017-09-29,22,8.560672321548198,229,40,54.38384779675337,5.901455486128584,TP1: Take Profit 1 (+1.5R)
688,ARCB,TP1,2019-01-31,7,7.9709269389006465,371,40,50.90486706606541,3.575491531913117,TP1: Take Profit 1 (+1.5R)
689,ARCB,TP1,2022-12-29,10,7.69758115320807,390,40,75.22565058205555,5.276021145024832,TP1: Take Profit 1 (+1.5R)
690,ARCO,TP1,2017-02-03,2,5.495504248727143,354,40,46.89178683381691,5.064933622831335,TP1: Take Profit 1 (+1.5R)
691,ARCO,TP1,2017-07-21,9,7.373141187320804,405,40,66.05169631432724,4.6406686678970015,TP1: Take Profit 1 (+1.5R)
692,ARCO,TP1,2017-09-29,22,8.560672321548198,229,40,54.38384779675337,5.901455486128584,TP1: Take Profit 1 (+1.5R)
693,ARCO,TP1,2019-01-31,7,7.9709269389006465,371,40,50.90486706606541,3.575491531913117,TP1: Take Profit 1 (+1.5R)
694,ARCO,TP1,2022-12-29,10,7.69758115320807,390,40,75.22565058205555,5.276021145024832,TP1: Take Profit 1 (+1.5R)
695,ARES,TP1,2018-09-21,3,17.99844974905124,164,40,50.14551965047313,3.5171885639132205,TP1: Take Profit 1 (+1.5R)
696,ARES,TP1,2019-05-09,21,20.224852216884717,145,40,46.27555651511341,3.2821550092883247,TP1: Take Profit 1 (+1.5R)
697,ARES,TP1,2019-12-19,29,28.104344306758257,31,40,14.366554295587726,3.5281442352662133,TP1: Take Profit 1 (+1.5R)
698,ARGX,TP1,2018-09-21,3,17.99844974905124,164,40,50.14551965047313,3.5171885639132205,TP1: Take Profit 1 (+1.5R)
699,ARGX,TP1,2019-05-09,21,20.224852216884717,145,40,46.27555651511341,3.2821550092883247,TP1: Take Profit 1 (+1.5R)
700,ARGX,TP1,2019-12-19,29,28.104344306758257,31,40,14.366554295587726,3.5281442352662133,TP1: Take Profit 1 (+1.5R)
701,ARI,TP1,2020-07-06,14,32.69416030072773,90,40,52.22436181766,3.6803304321408423,TP1: Take Profit 1 (+1.5R)
702,ARI,TP1,2020-12-17,10,49.713332947293736,60,40,66.11628938316755,4.638816077662449,TP1: Take Profit 1 (+1.5R)
703,ARI,TP1,2021-06-24,7,53.5035720565578,35,40,25.82349656792792,2.9220786154804763,TP1: Take Profit 1 (+1.5R)
704,ARKF,TP1,2020-07-06,14,32.69416030072773,90,40,52.22436181766,3.6803304321408423,TP1: Take Profit 1 (+1.5R)
705,ARKF,TP1,2021-01-20,29,54.06037911791931,55,40,81.19899228733702,5.890681355843875,TP1: Take Profit 1 (+1.5R)
706,ARKF,TP1,2021-06-24,7,53.5035720565578,35,40,25.82349656792792,2.9220786154804763,TP1: Take Profit 1 (+1.5R)
707,ARLP,TP1,2018-01-02,15,9.434213884321425,204,40,35.74831229453514,3.858252667994056,TP1: Take Profit 1 (+1.5R)
708,ARLP,TP1,2018-05-18,14,8.941026899038917,330,40,48.32729013280314,3.386772911114384,TP1: Take Profit 1 (+1.5R)
709,ARLP,TP1,2018-10-01,52,10.598677518417125,180,40,27.677725772531296,2.9882993550373045,TP1: Take Profit 1 (+1.5R)
710,ARMK,TP1,2018-07-25,78,26.39413662899545,33,40,9.834048612755396,2.384172825229812,TP1: Take Profit 1 (+1.5R)
711,ARMK,TP1,2019-11-19,43,30.115562506900144,63,40,22.396019180579263,2.4578965099840504,TP1: Take Profit 1 (+1.5R)
712,ARMP,TP1,2018-07-25,78,26.39413662899545,33,40,9.834048612755396,2.384172825229812,TP1: Take Profit 1 (+1.5R)
713,ARMP,TP1,2019-11-19,43,30.115562506900144,63,40,22.396019180579263,2.4578965099840504,TP1: Take Profit 1 (+1.5R)
714,AROC,TP1,2019-02-20,21,6.874489346488266,436,40,71.86535542903431,5.036914716276495,TP1: Take Profit 1 (+1.5R)
715,AROC,TP1,2019-12-23,7,6.916756589653499,431,40,63.42162458113579,4.454763581271122,TP1: Take Profit 1 (+1.5R)
716,ASGN,TP1,2017-02-17,23,48.30785519736154,61,40,56.63571085248684,4.066904573208692,TP1: Take Profit 1 (+1.5R)
717,ASGN,TP1,2017-04-27,3,50.65821552276611,58,40,48.378201484680176,3.4052128743497634,TP1: Take Profit 1 (+1.5R)
718,ASGN,TP1,2017-10-02,5,54.41178662436349,53,40,31.50643239702505,2.277792939935826,TP1: Take Profit 1 (+1.5R)
719,ASGN,TP1,2019-12-26,14,71.05035291399274,41,40,37.00711931501104,2.673924923919458,TP1: Take Profit 1 (+1.5R)
720,ASH,TP1,2017-02-17,23,48.30785519736154,61,40,56.63571085248684,4.066904573208692,TP1: Take Profit 1 (+1.5R)
721,ASH,TP1,2017-04-27,3,50.65821552276611,58,40,48.378201484680176,3.4052128743497634,TP1: Take Profit 1 (+1.5R)
722,ASH,TP1,2017-10-02,5,54.41178662436349,53,40,31.50643239702505,2.277792939935826,TP1: Take Profit 1 (+1.5R)
723,ASH,TP1,2019-12-26,14,71.05035291399274,41,40,37.00711931501104,2.673924923919458,TP1: Take Profit 1 (+1.5R)
724,ASHR,TP1,2017-02-17,23,48.30785519736154,61,40,56.63571085248684,4.066904573208692,TP1: Take Profit 1 (+1.5R)
725,ASHR,TP1,2017-04-27,3,50.65821552276611,58,40,48.378201484680176,3.4052128743497634,TP1: Take Profit 1 (+1.5R)
726,ASHR,TP1,2017-10-02,5,54.41178662436349,53,40,31.50643239702505,2.277792939935826,TP1: Take Profit 1 (+1.5R)
727,ASHR,TP1,2019-12-26,14,71.05035291399274,41,40,37.00711931501104,2.673924923919458,TP1: Take Profit 1 (+1.5R)
728,ASML,TP1,2018-01-09,20,41.99271242959159,47,40,66.07241044725683,7.343337362326492,TP1: Take Profit 1 (+1.5R)
729,ASML,TP1,2022-08-11,6,102.11075292314804,9,40,28.80299704415461,7.586923383412938,TP1: Take Profit 1 (+1.5R)
730,ASND,TP1,2018-01-09,20,41.99271242959159,47,40,66.07241044725683,7.343337362326492,TP1: Take Profit 1 (+1.5R)
731,ASPN,TP1,2018-01-09,20,41.99271242959159,47,40,66.07241044725683,7.343337362326492,TP1: Take Profit 1 (+1.5R)
732,ASPN,TP1,2022-08-11,6,102.11075292314804,9,40,28.80299704415461,7.586923383412938,TP1: Take Profit 1 (+1.5R)
733,ASTE,TP1,2018-01-02,29,53.66607201931221,35,40,34.36917617156929,3.914689640503085,TP1: Take Profit 1 (+1.5R)
734,ASTH,TP1,2018-01-02,29,53.66607201931221,35,40,34.36917617156929,3.914689640503085,TP1: Take Profit 1 (+1.5R)
735,ASUR,TP1,2018-01-02,29,53.66607201931221,35,40,34.36917617156929,3.914689640503085,TP1: Take Profit 1 (+1.5R)
736,ASX,TP1,2020-11-09,10,3.8374678906232527,521,40,72.32100012619364,7.8149325945971455,TP1: Take Profit 1 (+1.5R)
737,ASX,TP1,2021-01-05,8,4.915885662418871,620,40,97.00751261761128,6.798398905647857,TP1: Take Profit 1 (+1.5R)
738,ASYS,TP1,2020-11-09,10,3.8374678906232527,521,40,72.32100012619364,7.8149325945971455,TP1: Take Profit 1 (+1.5R)
739,ATEN,TP1,2020-11-09,10,3.8374678906232527,521,40,72.32100012619364,7.8149325945971455,TP1: Take Profit 1 (+1.5R)
740,ATHM,TP1,2017-07-06,30,38.56217957101383,77,40,57.03348562479502,4.049726444157136,TP1: Take Profit 1 (+1.5R)
741,ATHM,TP1,2017-08-09,1,44.42352667066755,43,40,49.31848330179197,5.581693812927495,TP1: Take Profit 1 (+1.5R)
742,ATHM,TP1,2018-06-05,6,97.7204686892648,30,40,77.08983673545646,5.551154482030984,TP1: Take Profit 1 (+1.5R)
743,ATKR,TP1,2017-07-06,30,38.56217957101383,77,40,57.03348562479502,4.049726444157136,TP1: Take Profit 1 (+1.5R)
744,ATKR,TP1,2017-08-09,1,44.42352667066755,43,40,49.31848330179197,5.581693812927495,TP1: Take Profit 1 (+1.5R)
745,ATKR,TP1,2018-06-05,6,97.7204686892648,30,40,77.08983673545646,5.551154482030984,TP1: Take Profit 1 (+1.5R)
746,ATLC,TP1,2017-07-06,30,38.56217957101383,77,40,57.03348562479502,4.049726444157136,TP1: Take Profit 1 (+1.5R)
747,ATLC,TP1,2017-08-09,1,44.42352667066755,43,40,49.31848330179197,5.581693812927495,TP1: Take Profit 1 (+1.5R)
748,ATLC,TP1,2018-06-05,6,97.7204686892648,30,40,77.08983673545646,5.551154482030984,TP1: Take Profit 1 (+1.5R)
749,ATOS,TP1,2018-04-10,56,84.0484010967279,10,40,13.394967214596534,3.292384103762015,TP1: Take Profit 1 (+1.5R)
750,ATR,TP1,2018-04-10,56,84.0484010967279,10,40,13.394967214596534,3.292384103762015,TP1: Take Profit 1 (+1.5R)
751,ATRA,TP1,2018-04-10,56,84.0484010967279,10,40,13.394967214596534,3.292384103762015,TP1: Take Profit 1 (+1.5R)
752,AUDC,TP1,2017-09-07,7,6.8408925873892645,132,40,23.15892587389263,5.406669162495903,TP1: Take Profit 1 (+1.5R)
753,AUPH,TP1,2017-09-07,7,6.8408925873892645,132,40,23.15892587389263,5.406669162495903,TP1: Take Profit 1 (+1.5R)
754,AUTL,TP1,2017-09-07,7,6.8408925873892645,132,40,23.15892587389263,5.406669162495903,TP1: Take Profit 1 (+1.5R)
755,AVAL,TP1,2018-04-05,24,37.29987409476558,50,40,20.0150675485828,2.193475845933609,TP1: Take Profit 1 (+1.5R)
756,AVAL,TP1,2019-12-17,104,37.02393108072651,50,40,17.86540882358274,1.968135059284109,TP1: Take Profit 1 (+1.5R)
757,AVAV,TP1,2018-04-05,24,37.29987409476558,50,40,20.0150675485828,2.193475845933609,TP1: Take Profit 1 (+1.5R)
758,AVAV,TP1,2019-12-17,104,37.02393108072651,50,40,17.86540882358274,1.968135059284109,TP1: Take Profit 1 (+1.5R)
759,AVB,TP1,2018-04-05,24,37.29987409476558,50,40,20.0150675485828,2.193475845933609,TP1: Take Profit 1 (+1.5R)
760,AVB,TP1,2019-12-17,104,37.02393108072651,50,40,17.86540882358274,1.968135059284109,TP1: Take Profit 1 (+1.5R)
761,AVNT,TP1,2017-06-12,4,38.91457230704172,75,40,38.27913584027983,2.731180595972349,TP1: Take Profit 1 (+1.5R)
762,AVNT,TP1,2017-08-22,20,42.89446367536272,20,40,12.14463370186941,2.913779657617061,TP1: Take Profit 1 (+1.5R)
763,AVNT,TP1,2020-12-04,31,43.80839320591518,45,40,76.74465724400116,8.651769686245208,TP1: Take Profit 1 (+1.5R)
764,AVNW,TP1,2017-06-12,4,38.91457230704172,75,40,38.27913584027983,2.731180595972349,TP1: Take Profit 1 (+1.5R)
765,AVNW,TP1,2017-08-22,20,42.89446367536272,20,40,12.14463370186941,2.913779657617061,TP1: Take Profit 1 (+1.5R)
766,AVNW,TP1,2018-06-14,8,60.30625234331404,48,40,40.23003060477123,2.859033335597869,TP1: Take Profit 1 (+1.5R)
767,AVNW,TP1,2020-12-04,31,43.80839320591518,45,40,76.74465724400116,8.651769686245208,TP1: Take Profit 1 (+1.5R)
768,AVPT,TP1,2017-06-12,4,38.91457230704172,75,40,38.27913584027983,2.731180595972349,TP1: Take Profit 1 (+1.5R)
769,AVPT,TP1,2017-08-22,20,42.89446367536272,20,40,12.14463370186941,2.913779657617061,TP1: Take Profit 1 (+1.5R)
770,AVPT,TP1,2018-06-14,8,60.30625234331404,48,40,40.23003060477123,2.859033335597869,TP1: Take Profit 1 (+1.5R)
771,AVPT,TP1,2020-12-04,31,43.80839320591518,45,40,76.74465724400116,8.651769686245208,TP1: Take Profit 1 (+1.5R)
772,AXGN,TP1,2019-03-04,21,19.34678520475115,105,40,93.43287031991136,10.238097127071711,TP1: Take Profit 1 (+1.5R)
773,AXL,TP1,2019-03-04,21,19.34678520475115,105,40,93.43287031991136,10.238097127071711,TP1: Take Profit 1 (+1.5R)
774,AXR,TP1,2019-07-05,43,50.77047411557771,57,40,29.23283639340252,2.099546603537497,TP1: Take Profit 1 (+1.5R)
775,AXS,TP1,2019-07-05,43,50.77047411557771,57,40,29.23283639340252,2.099546603537497,TP1: Take Profit 1 (+1.5R)
776,AXSM,TP1,2019-07-05,43,50.77047411557771,57,40,29.23283639340252,2.099546603537497,TP1: Take Profit 1 (+1.5R)
777,AXTA,TP1,2017-03-16,6,32.23839248929705,59,40,29.53340210233413,3.2619897448458115,TP1: Take Profit 1 (+1.5R)
778,AXTA,TP1,2019-06-19,6,27.35375029700143,109,40,63.382499558585,4.483384179310335,TP1: Take Profit 1 (+1.5R)
779,AXTA,TP1,2022-05-04,8,27.609499522617885,70,40,47.93249130249022,5.219130196057018,TP1: Take Profit 1 (+1.5R)
780,AXTI,TP1,2017-03-16,6,32.23839248929705,59,40,29.53340210233413,3.2619897448458115,TP1: Take Profit 1 (+1.5R)
781,AXTI,TP1,2019-06-19,6,27.35375029700143,109,40,63.382499558585,4.483384179310335,TP1: Take Profit 1 (+1.5R)
782,AXTI,TP1,2019-09-13,8,30.76982041767665,62,40,35.024451868874635,3.811811913946248,TP1: Take Profit 1 (+1.5R)
783,AXTI,TP1,2020-01-13,38,30.912142821720668,61,40,17.164280073983313,1.8857701590485176,TP1: Take Profit 1 (+1.5R)
784,AXTI,TP1,2022-05-04,8,27.609499522617885,70,40,47.93249130249022,5.219130196057018,TP1: Take Profit 1 (+1.5R)
785,AYI,TP1,2017-03-16,6,32.23839248929705,59,40,29.53340210233413,3.2619897448458115,TP1: Take Profit 1 (+1.5R)
786,AYI,TP1,2019-06-19,6,27.35375029700143,109,40,63.382499558585,4.483384179310335,TP1: Take Profit 1 (+1.5R)
787,AYI,TP1,2022-05-04,8,27.609499522617885,70,40,47.93249130249022,5.219130196057018,TP1: Take Profit 1 (+1.5R)
788,AYTU,TP1,2017-06-06,82,33.053677218300955,88,40,34.0418513161795,2.3967734456678063,TP1: Take Profit 1 (+1.5R)
789,AZTA,TP1,2022-04-06,13,63.237425980750615,46,40,39.34040189686375,2.780003879352229,TP1: Take Profit 1 (+1.5R)
790,AAOI,TP2,2017-02-24,11,42.41799783706665,42,30,212.44999170303345,25.05306641172372,TP2: Take Profit 2 (+3R)
791,AAON,TP2,2017-02-24,11,42.41799783706665,42,30,212.44999170303345,25.05306641172372,TP2: Take Profit 2 (+3R)
792,AAP,TP2,2017-02-24,11,42.41799783706665,42,30,212.44999170303345,25.05306641172372,TP2: Take Profit 2 (+3R)
793,AAVM,TP2,2018-06-06,30,26.530444468230883,37,30,33.879838420708325,6.162324182956176,TP2: Take Profit 2 (+3R)
794,AAVM,TP2,2018-11-28,30,29.22763589800495,52,30,54.607591362933775,6.41348848517463,TP2: Take Profit 2 (+3R)
795,AAVM,TP2,2019-03-06,37,32.31344026844613,47,30,49.16326757336287,5.971491592913546,TP2: Take Profit 2 (+3R)
796,AAXJ,TP2,2018-06-06,30,26.530444468230883,37,30,33.879838420708325,6.162324182956176,TP2: Take Profit 2 (+3R)
797,AAXJ,TP2,2018-11-28,30,29.22763589800495,52,30,54.607591362933775,6.41348848517463,TP2: Take Profit 2 (+3R)
798,AAXJ,TP2,2019-03-06,37,32.31344026844613,47,30,49.16326757336287,5.971491592913546,TP2: Take Profit 2 (+3R)
799,AB,TP2,2018-06-06,30,26.530444468230883,37,30,33.879838420708325,6.162324182956176,TP2: Take Profit 2 (+3R)
800,AB,TP2,2018-11-28,30,29.22763589800495,52,30,54.607591362933775,6.41348848517463,TP2: Take Profit 2 (+3R)
801,AB,TP2,2019-03-06,37,32.31344026844613,47,30,49.16326757336287,5.971491592913546,TP2: Take Profit 2 (+3R)
802,ABCB,TP2,2018-01-19,14,48.068399392103125,32,30,53.0194352126414,6.527784775538405,TP2: Take Profit 2 (+3R)
803,ABCB,TP2,2019-10-15,34,37.128516343941335,42,30,68.6063038756858,8.341414178085635,TP2: Take Profit 2 (+3R)
804,ABEO,TP2,2018-01-19,14,48.068399392103125,32,30,53.0194352126414,6.527784775538405,TP2: Take Profit 2 (+3R)
805,ABEO,TP2,2019-10-15,34,37.128516343941335,42,30,68.6063038756858,8.341414178085635,TP2: Take Profit 2 (+3R)
806,ABR,TP2,2018-05-04,58,3.97629156069604,244,30,25.15562661558913,4.5294201077100205,TP2: Take Profit 2 (+3R)
807,ABR,TP2,2018-07-17,19,5.16001664357,89,30,18.88175100187966,7.416266866173929,TP2: Take Profit 2 (+3R)
808,ABR,TP2,2019-02-19,19,6.112330982574717,248,30,52.207054818030734,6.124584308204054,TP2: Take Profit 2 (+3R)
809,ACA,TP2,2019-12-16,10,43.05878353269824,23,30,43.8536138730752,8.500235554129121,TP2: Take Profit 2 (+3R)
810,ACAD,TP2,2019-12-16,10,43.05878353269824,23,30,43.8536138730752,8.500235554129121,TP2: Take Profit 2 (+3R)
811,ACN,TP2,2021-01-20,72,244.22950686218132,6,30,61.90543953185656,9.22883138831129,TP2: Take Profit 2 (+3R)
812,ACNB,TP2,2021-01-20,72,244.22950686218132,6,30,61.90543953185656,9.22883138831129,TP2: Take Profit 2 (+3R)
813,ACNT,TP2,2021-01-20,72,244.22950686218132,6,30,61.90543953185656,9.22883138831129,TP2: Take Profit 2 (+3R)
814,ADM,TP2,2017-03-15,6,73.34008112539318,21,30,66.13120543831195,8.12472808922978,TP2: Take Profit 2 (+3R)
815,ADMA,TP2,2017-03-15,6,73.34008112539318,21,30,66.13120543831195,8.12472808922978,TP2: Take Profit 2 (+3R)
816,ADME,TP2,2017-03-15,6,73.34008112539318,21,30,66.13120543831195,8.12472808922978,TP2: Take Profit 2 (+3R)
817,ADP,TP2,2019-11-26,13,7.6106179886673715,64,30,34.06890200350318,13.353306241125573,TP2: Take Profit 2 (+3R)
818,ADPT,TP2,2019-11-26,13,7.6106179886673715,64,30,34.06890200350318,13.353306241125573,TP2: Take Profit 2 (+3R)
819,ADT,TP2,2019-11-26,13,7.6106179886673715,64,30,34.06890200350318,13.353306241125573,TP2: Take Profit 2 (+3R)
820,AESR,TP2,2020-12-07,7,66.54464421953473,26,30,169.41966329302096,20.44279496748368,TP2: Take Profit 2 (+3R)
821,AEVA,TP2,2020-12-07,7,66.54464421953473,26,30,169.41966329302096,20.44279496748368,TP2: Take Profit 2 (+3R)
822,AJG,TP2,2017-10-25,23,53.53249645233154,29,30,60.05243968963623,7.064992904663087,TP2: Take Profit 2 (+3R)
823,AJG,TP2,2018-06-18,40,82.15000534057617,18,30,48.5000228881836,6.274258858141235,TP2: Take Profit 2 (+3R)
824,AJG,TP2,2020-01-16,9,95.61249542236328,10,30,32.47499084472656,6.000552835081412,TP2: Take Profit 2 (+3R)
825,AJG,TP2,2020-09-01,95,116.97499792916436,4,30,22.349989754813063,10.562376706113778,TP2: Take Profit 2 (+3R)
826,AKAM,TP2,2017-10-25,23,53.53249645233154,29,30,60.05243968963623,7.064992904663087,TP2: Take Profit 2 (+3R)
827,AKAM,TP2,2018-06-18,40,82.15000534057617,18,30,48.5000228881836,6.274258858141235,TP2: Take Profit 2 (+3R)
828,AKAM,TP2,2020-01-16,9,95.61249542236328,10,30,32.47499084472656,6.000552835081412,TP2: Take Profit 2 (+3R)
829,AKAM,TP2,2020-09-01,95,116.97499792916436,4,30,22.349989754813063,10.562376706113778,TP2: Take Profit 2 (+3R)
830,AKBA,TP2,2017-10-25,23,53.53249645233154,29,30,60.05243968963623,7.064992904663087,TP2: Take Profit 2 (+3R)
831,AKBA,TP2,2018-06-18,40,82.15000534057617,18,30,48.5000228881836,6.274258858141235,TP2: Take Profit 2 (+3R)
832,AKBA,TP2,2020-01-16,9,95.61249542236328,10,30,32.47499084472656,6.000552835081412,TP2: Take Profit 2 (+3R)
833,AKBA,TP2,2020-09-01,95,116.97499792916436,4,30,22.349989754813063,10.562376706113778,TP2: Take Profit 2 (+3R)
834,ALC,TP2,2020-06-01,19,62.68309167808796,17,30,62.77575479029166,12.52079214367968,TP2: Take Profit 2 (+3R)
835,ALCO,TP2,2020-06-01,19,62.68309167808796,17,30,62.77575479029166,12.52079214367968,TP2: Take Profit 2 (+3R)
836,ALDX,TP2,2020-06-01,19,62.68309167808796,17,30,62.77575479029166,12.52079214367968,TP2: Take Profit 2 (+3R)
837,ALNY,TP2,2017-06-21,44,37.66274929046631,42,30,96.06873989105225,11.362358457472666,TP2: Take Profit 2 (+3R)
838,ALOT,TP2,2017-06-21,47,37.29275035858154,43,30,96.06873989105225,11.488040382646629,TP2: Take Profit 2 (+3R)
839,ALOT,TP2,2017-08-22,21,43.89325141906738,24,30,72.1454963684082,13.30214124245886,TP2: Take Profit 2 (+3R)
840,ALOT,TP2,2018-08-16,9,52.22999572753906,32,30,131.2199478149414,16.221622882955426,TP2: Take Profit 2 (+3R)
841,ALOT,TP2,2019-01-25,16,61.40900039672852,26,30,100.1850128173828,12.203546337211016,TP2: Take Profit 2 (+3R)
842,ALOT,TP2,2020-12-04,30,78.1803616115025,22,30,173.94466127668102,20.64870050863636,TP2: Take Profit 2 (+3R)
843,ALRM,TP2,2017-06-21,47,37.29275035858154,43,30,96.06873989105225,11.488040382646629,TP2: Take Profit 2 (+3R)
844,ALRM,TP2,2017-08-22,21,43.89325141906738,24,30,72.1454963684082,13.30214124245886,TP2: Take Profit 2 (+3R)
845,ALRM,TP2,2018-08-16,9,52.22999572753906,32,30,131.2199478149414,16.221622882955426,TP2: Take Profit 2 (+3R)
846,ALRM,TP2,2019-01-25,16,61.40900039672852,26,30,100.1850128173828,12.203546337211016,TP2: Take Profit 2 (+3R)
847,ALRM,TP2,2020-12-04,30,78.1803616115025,22,30,173.94466127668102,20.64870050863636,TP2: Take Profit 2 (+3R)
848,ALRS,TP2,2017-06-21,47,37.29275035858154,43,30,96.06873989105225,11.488040382646629,TP2: Take Profit 2 (+3R)
849,ALRS,TP2,2017-08-22,21,43.89325141906738,24,30,72.1454963684082,13.30214124245886,TP2: Take Profit 2 (+3R)
850,ALRS,TP2,2018-08-16,9,52.22999572753906,32,30,131.2199478149414,16.221622882955426,TP2: Take Profit 2 (+3R)
851,ALRS,TP2,2019-01-25,16,61.40900039672852,26,30,100.1850128173828,12.203546337211016,TP2: Take Profit 2 (+3R)
852,ALRS,TP2,2020-12-04,30,78.1803616115025,22,30,173.94466127668102,20.64870050863636,TP2: Take Profit 2 (+3R)
853,AMAT,TP2,2020-11-27,22,77.68785285949707,23,30,217.98211097717285,27.524384757942048,TP2: Take Profit 2 (+3R)
854,AMBA,TP2,2020-11-27,22,77.68785285949707,23,30,217.98211097717285,27.524384757942048,TP2: Take Profit 2 (+3R)
855,AMBR,TP2,2020-11-27,22,77.68785285949707,23,30,217.98211097717285,27.524384757942048,TP2: Take Profit 2 (+3R)
856,AME,TP2,2017-05-02,70,54.87235589063264,18,30,29.204401496658438,5.6214291773708815,TP2: Take Profit 2 (+3R)
857,AME,TP2,2018-09-18,49,77.57153121080363,19,30,39.47936346044146,4.851192012552014,TP2: Take Profit 2 (+3R)
858,AME,TP2,2019-02-20,15,75.95816105558922,13,30,31.284672555140133,6.251652429449604,TP2: Take Profit 2 (+3R)
859,AME,TP2,2019-12-23,49,95.79289707958289,16,30,36.69245494183178,4.445180034986676,TP2: Take Profit 2 (+3R)
860,AMGN,TP2,2018-09-18,49,77.57153121080363,19,30,39.47936346044146,4.851192012552014,TP2: Take Profit 2 (+3R)
861,AMGN,TP2,2019-02-20,15,75.95816105558922,13,30,31.284672555140133,6.251652429449604,TP2: Take Profit 2 (+3R)
862,AMGN,TP2,2019-12-23,49,95.79289707958289,16,30,36.69245494183178,4.445180034986676,TP2: Take Profit 2 (+3R)
863,AMH,TP2,2019-10-25,22,9.773374477287764,161,30,85.6609420071253,10.047226043937748,TP2: Take Profit 2 (+3R)
864,AMKR,TP2,2017-02-27,24,134.40752539415328,11,30,40.05648048991969,5.226653519280229,TP2: Take Profit 2 (+3R)
865,AMKR,TP2,2019-08-29,69,169.4597939292217,6,30,48.05855048883694,10.440229340313865,TP2: Take Profit 2 (+3R)
866,AMKR,TP2,2019-11-19,21,184.7687238130038,5,30,36.5145302036598,7.051973669668196,TP2: Take Profit 2 (+3R)
867,AMLP,TP2,2018-08-08,20,29.6179961851277,33,30,33.68965853549273,6.3679262921076685,TP2: Take Profit 2 (+3R)
868,AMLP,TP2,2020-01-06,27,25.83845245609145,38,30,33.630036065261805,6.288151667771948,TP2: Take Profit 2 (+3R)
869,AMN,TP2,2018-08-08,20,29.6179961851277,33,30,33.68965853549273,6.3679262921076685,TP2: Take Profit 2 (+3R)
870,AMN,TP2,2020-01-06,27,25.83845245609145,38,30,33.630036065261805,6.288151667771948,TP2: Take Profit 2 (+3R)
871,AMOM,TP2,2018-08-08,20,29.6179961851277,33,30,33.68965853549273,6.3679262921076685,TP2: Take Profit 2 (+3R)
872,AMOM,TP2,2020-01-06,27,25.83845245609145,38,30,33.630036065261805,6.288151667771948,TP2: Take Profit 2 (+3R)
873,AMPH,TP2,2017-10-02,11,18.47499918937683,57,30,68.4749858379364,12.652436701901056,TP2: Take Profit 2 (+3R)
874,AMPY,TP2,2017-06-23,43,17.785000324249268,90,30,103.41002368927002,12.066795541900046,TP2: Take Profit 2 (+3R)
875,AMPY,TP2,2017-10-02,11,18.47499918937683,57,30,68.4749858379364,12.652436701901056,TP2: Take Profit 2 (+3R)
876,AMRC,TP2,2017-06-23,43,17.785000324249268,90,30,103.41002368927002,12.066795541900046,TP2: Take Profit 2 (+3R)
877,AMRC,TP2,2017-10-02,11,18.47499918937683,57,30,68.4749858379364,12.652436701901056,TP2: Take Profit 2 (+3R)
878,ANGO,TP2,2017-09-27,65,18.264997959136963,55,30,48.34495782852173,8.720230884562486,TP2: Take Profit 2 (+3R)
879,ANGO,TP2,2018-04-11,76,19.665000438690186,54,30,78.87998962402344,14.331392827970246,TP2: Take Profit 2 (+3R)
880,ANGO,TP2,2020-11-24,67,13.005714552743092,93,30,166.9642857142857,30.448487506600312,TP2: Take Profit 2 (+3R)
881,ANIK,TP2,2017-09-27,65,18.264997959136963,55,30,48.34495782852173,8.720230884562486,TP2: Take Profit 2 (+3R)
882,ANIK,TP2,2018-04-11,76,19.665000438690186,54,30,78.87998962402344,14.331392827970246,TP2: Take Profit 2 (+3R)
883,ANIK,TP2,2020-11-24,67,13.005714552743092,93,30,166.9642857142857,30.448487506600312,TP2: Take Profit 2 (+3R)
884,ANIP,TP2,2017-09-27,65,18.264997959136963,55,30,48.34495782852173,8.720230884562486,TP2: Take Profit 2 (+3R)
885,ANIP,TP2,2018-04-11,76,19.665000438690186,54,30,78.87998962402344,14.331392827970246,TP2: Take Profit 2 (+3R)
886,ANIP,TP2,2020-11-24,67,13.005714552743092,93,30,166.9642857142857,30.448487506600312,TP2: Take Profit 2 (+3R)
887,AOS,TP2,2019-02-05,5,158.855623246834,10,30,53.81936074100594,7.268380627785392,TP2: Take Profit 2 (+3R)
888,APT,TP2,2018-02-01,58,94.20447002692642,16,30,62.99452711733774,8.026358157598882,TP2: Take Profit 2 (+3R)
889,APTV,TP2,2018-05-16,14,96.03944369629,10,30,44.36082294434152,8.340447087854097,TP2: Take Profit 2 (+3R)
890,APTV,TP2,2020-11-11,92,110.00428009033205,16,30,190.47855377197263,23.82292281051654,TP2: Take Profit 2 (+3R)
891,APVO,TP2,2018-05-16,14,96.03944369629,10,30,44.36082294434152,8.340447087854097,TP2: Take Profit 2 (+3R)
892,APVO,TP2,2020-11-11,92,110.00428009033205,16,30,190.47855377197263,23.82292281051654,TP2: Take Profit 2 (+3R)
893,APWC,TP2,2018-05-16,14,96.03944369629,10,30,44.36082294434152,8.340447087854097,TP2: Take Profit 2 (+3R)
894,APWC,TP2,2020-11-11,92,110.00428009033205,16,30,190.47855377197263,23.82292281051654,TP2: Take Profit 2 (+3R)
895,ARCB,TP2,2017-07-25,13,7.8955826005167395,203,30,102.7810310661815,12.055231528924876,TP2: Take Profit 2 (+3R)
896,ARCB,TP2,2017-10-20,43,9.049765234785417,115,30,65.69780625959767,11.95187412549134,TP2: Take Profit 2 (+3R)
897,ARCO,TP2,2017-07-25,13,7.8955826005167395,203,30,102.7810310661815,12.055231528924876,TP2: Take Profit 2 (+3R)
898,ARCO,TP2,2017-10-20,43,9.049765234785417,115,30,65.69780625959767,11.95187412549134,TP2: Take Profit 2 (+3R)
899,ARES,TP2,2019-05-24,36,21.11261531211149,73,30,65.81060379127763,7.815690514491696,TP2: Take Profit 2 (+3R)
900,ARES,TP2,2019-12-30,40,29.04705767497872,16,30,17.104352891336806,7.000823209462117,TP2: Take Profit 2 (+3R)
901,ARGX,TP2,2019-05-24,36,21.11261531211149,73,30,65.81060379127763,7.815690514491696,TP2: Take Profit 2 (+3R)
902,ARGX,TP2,2019-12-30,40,29.04705767497872,16,30,17.104352891336806,7.000823209462117,TP2: Take Profit 2 (+3R)
903,ARI,TP2,2020-07-08,16,34.37791666966357,45,30,76.79603905186366,9.019890007696103,TP2: Take Profit 2 (+3R)
904,ARI,TP2,2021-01-20,44,53.524196803953856,30,30,108.2653230497827,12.66009042305468,TP2: Take Profit 2 (+3R)
905,ARKF,TP2,2020-07-08,16,34.37791666966357,45,30,76.79603905186366,9.019890007696103,TP2: Take Profit 2 (+3R)
906,ARKF,TP2,2021-02-08,48,58.178923275723655,28,30,114.01462788032848,13.957873154716657,TP2: Take Profit 2 (+3R)
907,ARLP,TP2,2018-01-11,24,9.889746117065014,102,30,49.16635884409087,8.87306177734915,TP2: Take Profit 2 (+3R)
908,ARLP,TP2,2018-05-23,19,9.238859127678326,165,30,58.481764714983406,6.830662895525857,TP2: Take Profit 2 (+3R)
909,AROC,TP2,2020-01-07,22,7.216531854893069,216,30,76.72398396458603,8.981878863158004,TP2: Take Profit 2 (+3R)
910,ASGN,TP2,2017-06-01,38,52.64500141143799,29,30,62.134995460510254,7.46070546590269,TP2: Take Profit 2 (+3R)
911,ASGN,TP2,2017-10-18,21,56.092501640319824,27,30,43.387513160705566,5.4370316464269015,TP2: Take Profit 2 (+3R)
912,ASH,TP2,2017-06-01,38,52.64500141143799,29,30,62.134995460510254,7.46070546590269,TP2: Take Profit 2 (+3R)
913,ASH,TP2,2017-10-18,21,56.092501640319824,27,30,43.387513160705566,5.4370316464269015,TP2: Take Profit 2 (+3R)
914,ASHR,TP2,2017-06-01,38,52.64500141143799,29,30,62.134995460510254,7.46070546590269,TP2: Take Profit 2 (+3R)
915,ASHR,TP2,2017-10-18,21,56.092501640319824,27,30,43.387513160705566,5.4370316464269015,TP2: Take Profit 2 (+3R)
916,ASML,TP2,2018-01-10,21,45.9189977645874,24,30,95.18598365783691,17.379854341358662,TP2: Take Profit 2 (+3R)
917,ASND,TP2,2018-01-10,21,45.9189977645874,24,30,95.18598365783691,17.379854341358662,TP2: Take Profit 2 (+3R)
918,ASPN,TP2,2018-01-10,21,45.9189977645874,24,30,95.18598365783691,17.379854341358662,TP2: Take Profit 2 (+3R)
919,ASTE,TP2,2018-01-04,31,56.45749984213294,18,30,48.13144068207159,9.319787217942643,TP2: Take Profit 2 (+3R)
920,ASTH,TP2,2018-01-04,31,56.45749984213294,18,30,48.13144068207159,9.319787217942643,TP2: Take Profit 2 (+3R)
921,ASUR,TP2,2018-01-04,31,56.45749984213294,18,30,48.13144068207159,9.319787217942643,TP2: Take Profit 2 (+3R)
922,ASX,TP2,2020-11-23,24,4.062775425035681,261,30,78.54057544405495,14.145022468465918,TP2: Take Profit 2 (+3R)
923,ASX,TP2,2021-01-13,16,5.479155904667657,310,30,162.97277262884091,19.03553462327695,TP2: Take Profit 2 (+3R)
924,ASYS,TP2,2020-11-23,24,4.062775425035681,261,30,78.54057544405495,14.145022468465918,TP2: Take Profit 2 (+3R)
925,ATEN,TP2,2020-11-23,24,4.062775425035681,261,30,78.54057544405495,14.145022468465918,TP2: Take Profit 2 (+3R)
926,ATHM,TP2,2017-07-25,49,40.35129550350861,39,30,75.66993406238747,8.877177211304499,TP2: Take Profit 2 (+3R)
927,ATHM,TP2,2017-08-11,3,49.12322488767734,22,30,84.57836906228431,16.751498088937993,TP2: Take Profit 2 (+3R)
928,ATKR,TP2,2017-07-25,49,40.35129550350861,39,30,75.66993406238747,8.877177211304499,TP2: Take Profit 2 (+3R)
929,ATKR,TP2,2017-08-11,3,49.12322488767734,22,30,84.57836906228431,16.751498088937993,TP2: Take Profit 2 (+3R)
930,ATLC,TP2,2017-07-25,49,40.35129550350861,39,30,75.66993406238747,8.877177211304499,TP2: Take Profit 2 (+3R)
931,ATLC,TP2,2017-08-11,3,49.12322488767734,22,30,84.57836906228431,16.751498088937993,TP2: Take Profit 2 (+3R)
932,ATOS,TP2,2018-05-25,101,85.55798522956816,5,30,12.5657327272787,5.14760730910091,TP2: Take Profit 2 (+3R)
933,ATR,TP2,2018-05-25,101,85.55798522956816,5,30,12.5657327272787,5.14760730910091,TP2: Take Profit 2 (+3R)
934,ATRA,TP2,2018-05-25,101,85.55798522956816,5,30,12.5657327272787,5.14760730910091,TP2: Take Profit 2 (+3R)
935,AVAL,TP2,2018-04-27,46,37.45126686031909,25,30,14.279932012452328,2.608258825911894,TP2: Take Profit 2 (+3R)
936,AVAV,TP2,2018-04-27,46,37.45126686031909,25,30,14.279932012452328,2.608258825911894,TP2: Take Profit 2 (+3R)
937,AVB,TP2,2018-04-27,46,37.45126686031909,25,30,14.279932012452328,2.608258825911894,TP2: Take Profit 2 (+3R)
938,AVNT,TP2,2017-07-20,42,40.24075222015381,38,30,51.93652534484863,6.232183435775273,TP2: Take Profit 2 (+3R)
939,AVNT,TP2,2017-08-29,27,44.07999897003174,10,30,14.399991989135742,5.758154144154188,TP2: Take Profit 2 (+3R)
940,AVNT,TP2,2020-12-08,35,47.1289291381836,23,30,88.51608276367188,16.887225929799353,TP2: Take Profit 2 (+3R)
941,AVNW,TP2,2017-07-20,42,40.24075222015381,38,30,51.93652534484863,6.232183435775273,TP2: Take Profit 2 (+3R)
942,AVNW,TP2,2017-08-29,27,44.07999897003174,10,30,14.399991989135742,5.758154144154188,TP2: Take Profit 2 (+3R)
943,AVNW,TP2,2020-12-08,35,47.1289291381836,23,30,88.51608276367188,16.887225929799353,TP2: Take Profit 2 (+3R)
944,AVPT,TP2,2017-07-20,42,40.24075222015381,38,30,51.93652534484863,6.232183435775273,TP2: Take Profit 2 (+3R)
945,AVPT,TP2,2017-08-29,27,44.07999897003174,10,30,14.399991989135742,5.758154144154188,TP2: Take Profit 2 (+3R)
946,AVPT,TP2,2020-12-08,35,47.1289291381836,23,30,88.51608276367188,16.887225929799353,TP2: Take Profit 2 (+3R)
947,AXGN,TP2,2019-03-21,38,21.834999084472656,53,30,132.8349952697754,24.415954607926267,TP2: Take Profit 2 (+3R)
948,AXL,TP2,2019-03-21,38,21.834999084472656,53,30,132.8349952697754,24.415954607926267,TP2: Take Profit 2 (+3R)
949,AXR,TP2,2019-07-31,69,52.49598658926344,29,30,47.08221986293744,5.569556373802891,TP2: Take Profit 2 (+3R)
950,AXS,TP2,2019-07-31,69,52.49598658926344,29,30,47.08221986293744,5.569556373802891,TP2: Take Profit 2 (+3R)
951,AXSM,TP2,2019-07-31,69,52.49598658926344,29,30,47.08221986293744,5.569556373802891,TP2: Take Profit 2 (+3R)
952,AXTA,TP2,2019-06-20,7,28.9662504196167,55,30,89.16000366210938,10.642666470443382,TP2: Take Profit 2 (+3R)
953,AXTI,TP2,2019-06-20,7,28.9662504196167,55,30,89.16000366210938,10.642666470443382,TP2: Take Profit 2 (+3R)
954,AYI,TP2,2019-06-20,7,28.9662504196167,55,30,89.16000366210938,10.642666470443382,TP2: Take Profit 2 (+3R)
955,AZTA,TP2,2022-04-07,14,65.7393627136933,23,30,54.761056861264805,6.846410174826977,TP2: Take Profit 2 (+3R)
