#,symbol,phase,exit_date,days_to_exit,exit_price,shares,exit_pct,pnl,return_pct,reason
1531,XOM,TP2,2022-01-18,13,62.72295343061076,340,30,981.8184068270166,8.310871200471297,TP2: Take Profit 2 (+3R)
1530,XOM,TP2,2021-10-26,29,55.99873523668964,643,30,2015.1762893921127,10.310793926714794,TP2: Take Profit 2 (+3R)
1529,WFC,TP2,2022-02-08,35,53.204915024694685,231,30,766.1279667062064,11.650098172565436,TP2: Take Profit 2 (+3R)
1528,WFC,TP2,2021-05-11,27,40.77765636363899,476,30,922.3491122821316,8.620662865685997,TP2: Take Profit 2 (+3R)
1527,WFC,TP2,2017-02-14,92,44.91742927107506,198,30,412.7720424756264,8.445490375630984,TP2: Take Profit 2 (+3R)
1526,VRTX,TP2,2018-08-30,62,185.21715000697543,54,30,488.2285853794647,8.976902030131201,TP2: Take Profit 2 (+3R)
1525,VRNS,TP2,2017-05-01,46,10.574999400547572,2597,30,1363.2493632180342,9.020614520493734,TP2: Take Profit 2 (+3R)
1524,UPS,TP2,2020-07-29,28,98.6824088218806,217,30,871.126639511857,7.345760048951355,TP2: Take Profit 2 (+3R)
1523,UNIT,TP2,2021-08-06,21,15.798144631945046,5403,30,6939.247090726424,15.67747161326298,TP2: Take Profit 2 (+3R)
1522,UNH,TP2,2019-11-15,31,239.156873285718,44,30,614.3491216884338,10.963218558422724,TP2: Take Profit 2 (+3R)
1521,TSLA,TP2,2021-10-22,25,296.8188214983259,247,30,4888.756626674111,12.52229229422494,TP2: Take Profit 2 (+3R)
1520,TSLA,TP2,2020-01-07,22,30.36333342960903,404,30,1193.0602387019571,19.384015041578262,TP2: Take Profit 2 (+3R)
1519,TSLA,TP2,2017-05-01,34,21.037621361868723,1465,30,2233.4981264386865,13.737358095502673,TP2: Take Profit 2 (+3R)
1518,TSLA,TP2,2017-02-06,33,17.050285952431814,818,30,939.63348865509,12.672051904880169,TP2: Take Profit 2 (+3R)
1517,TSLA,TP2,2015-05-28,36,16.44361925125122,571,30,620.4860544204712,12.401705297019218,TP2: Take Profit 2 (+3R)
1516,THRM,TP2,2018-08-16,51,45.84285926818848,486,30,1845.772047042847,16.05787156503412,TP2: Take Profit 2 (+3R)
1515,TGT,TP2,2020-12-28,40,152.9303663900429,76,30,346.8249836456808,5.307158086729364,TP2: Take Profit 2 (+3R)
1514,TGT,TP2,2018-01-10,42,55.92320584921251,354,30,1393.8685200379346,13.323345018492146,TP2: Take Profit 2 (+3R)
1513,TECH,TP2,2020-05-11,7,67.87869372457621,209,30,1268.0107535053758,17.57019997669808,TP2: Take Profit 2 (+3R)
1512,TAP,TP2,2015-12-04,52,74.28028903581796,95,30,387.4113959667432,10.269940302220167,TP2: Take Profit 2 (+3R)
1511,SWKS,TP2,2019-11-01,22,82.14428234672114,363,30,1946.6547892580188,12.25957017776492,TP2: Take Profit 2 (+3R)
1510,SPSC,TP2,2021-09-08,23,136.8885884966169,313,30,3081.495364052908,13.685395177587733,TP2: Take Profit 2 (+3R)
1509,SNT,TP2,2021-09-28,43,4.049656646237028,6658,30,2212.993719895977,15.850874803565986,TP2: Take Profit 2 (+3R)
1508,SLB,TP2,2022-01-13,10,32.25914849108639,993,30,1944.1618237235032,11.270482726448758,TP2: Take Profit 2 (+3R)
1507,SLB,TP2,2021-06-03,29,32.78689299527482,763,30,2470.171219827531,19.740146922924467,TP2: Take Profit 2 (+3R)
1506,SLB,TP2,2018-01-10,20,59.97079074331295,533,30,1923.501426651742,11.178480930264044,TP2: Take Profit 2 (+3R)
1505,SFM,TP2,2017-05-19,64,23.87642819540841,387,30,695.1715360369,14.350714344242329,TP2: Take Profit 2 (+3R)
1504,SCHW,TP2,2022-01-11,26,88.90324033743245,358,30,2029.568929647068,11.941644084316302,TP2: Take Profit 2 (+3R)
1503,SCHW,TP2,2020-11-09,39,41.3261486233304,624,30,2287.770921185139,17.373440682557888,TP2: Take Profit 2 (+3R)
1502,SCHW,TP2,2016-11-09,96,29.91422913541133,169,30,341.75120708389284,12.753881207706325,TP2: Take Profit 2 (+3R)
1501,SCHW,TP2,2015-12-01,34,29.905968330032017,4,30,5.341992659819894,9.807229946474612,TP2: Take Profit 2 (+3R)
1500,SBUX,TP2,2021-04-16,49,105.61819037622271,243,30,1258.8173683462408,8.955844249513685,TP2: Take Profit 2 (+3R)
1499,SBUX,TP2,2020-08-25,27,73.13607832815785,251,30,698.6675933398885,6.801839908947524,TP2: Take Profit 2 (+3R)
1498,SBUX,TP2,2019-03-05,39,61.62508851960494,111,30,262.25050171775393,6.892250555370909,TP2: Take Profit 2 (+3R)
1497,RDWR,TP2,2017-04-26,125,16.59714194706508,211,30,227.69989013671852,12.21867471178571,TP2: Take Profit 2 (+3R)
1496,QCOM,TP2,2018-08-24,29,55.543999768739695,151,30,262.84559167436555,5.549815105129533,TP2: Take Profit 2 (+3R)
1495,QCOM,TP2,2017-11-21,19,53.37520352728657,672,30,3702.32356296432,20.85286457832848,TP2: Take Profit 2 (+3R)
1494,PSA,TP2,2021-04-22,17,224.24069281574552,89,30,878.7757164268953,7.9845287412609585,TP2: Take Profit 2 (+3R)
1493,PLD,TP2,2019-04-11,70,61.11256993512782,116,30,279.9580909046791,7.111294305114156,TP2: Take Profit 2 (+3R)
1492,PG,TP2,2019-03-12,48,84.4606145937179,103,30,268.14956083446805,5.490426284466573,TP2: Take Profit 2 (+3R)
1491,PFE,TP2,2021-12-16,41,46.73019498015034,310,30,1330.066479931011,18.06726007439593,TP2: Take Profit 2 (+3R)
1490,PFE,TP2,2020-07-22,9,27.99226507169101,637,30,891.4921720588168,9.0954174741284,TP2: Take Profit 2 (+3R)
1489,PFE,TP2,2016-06-01,56,21.782214160159597,564,30,432.25438726309307,6.237316440541002,TP2: Take Profit 2 (+3R)
1488,PCG,TP2,2020-11-18,6,12.505010191548408,1662,30,1526.1057933298216,13.963966891910356,TP2: Take Profit 2 (+3R)
1487,ORCL,TP2,2021-05-21,46,74.08181998076378,533,30,1540.0582383533929,6.971099434649994,TP2: Take Profit 2 (+3R)
1486,ONC,TP2,2020-07-14,18,231.52175903320312,170,30,3647.2872924804688,18.47999319089923,TP2: Take Profit 2 (+3R)
1485,NVDA,TP2,2021-06-18,21,18.0957912176378,1074,30,1217.9668497617702,11.671130839991626,TP2: Take Profit 2 (+3R)
1484,NVDA,TP2,2020-09-02,16,13.92801599169863,582,30,569.8906025719378,13.281107713057024,TP2: Take Profit 2 (+3R)
1483,NVDA,TP2,2020-02-19,9,7.71176539317186,4888,30,3420.918160749254,17.826587220346145,TP2: Take Profit 2 (+3R)
1482,NVDA,TP2,2019-12-12,58,5.543070829503191,3850,30,1522.8836040979272,13.498814464165312,TP2: Take Profit 2 (+3R)
1481,NVDA,TP2,2018-01-29,26,6.017458454372166,1650,30,756.9132195370015,14.554985989211792,TP2: Take Profit 2 (+3R)
1480,NVDA,TP2,2017-02-06,52,2.869563482170037,3474,30,826.8461191003538,16.044907919273324,TP2: Take Profit 2 (+3R)
1479,NFLX,TP2,2020-02-12,56,37.37000465393066,216,30,682.410364151001,16.490032795930357,TP2: Take Profit 2 (+3R)
1478,NFLX,TP2,2018-06-14,22,38.67985916137695,295,30,744.7910499572754,12.206599629861934,TP2: Take Profit 2 (+3R)
1477,NFLX,TP2,2018-01-23,21,23.68342958177839,1566,30,3358.267047745842,17.786985469749016,TP2: Take Profit 2 (+3R)
1476,NFLX,TP2,2017-07-26,9,18.878570011683877,1186,30,1925.7932240622388,16.750587029129527,TP2: Take Profit 2 (+3R)
1475,NFLX,TP2,2017-02-10,36,14.444928509848458,470,30,355.1639798709322,9.58902038843621,TP2: Take Profit 2 (+3R)
1474,NFLX,TP2,2015-08-05,23,12.34657151358468,819,30,1098.787988254002,22.13790386125501,TP2: Take Profit 2 (+3R)
1473,NFLX,TP2,2015-04-17,4,8.063335486820765,925,30,710.3345332826884,18.908202683628296,TP2: Take Profit 2 (+3R)
1472,MS,TP2,2020-07-10,45,41.57398460686035,200,30,582.891824698242,13.229542292889862,TP2: Take Profit 2 (+3R)
1471,MS,TP2,2016-12-06,26,32.7511796251448,346,30,705.2451494307305,11.610408885152486,TP2: Take Profit 2 (+3R)
1470,MS,TP2,2016-08-25,36,23.64186778517089,763,30,782.6276471132585,7.809325603089462,TP2: Take Profit 2 (+3R)
1469,MRNA,TP2,2021-08-04,20,410.5835723876953,292,30,26409.00230407715,58.11440904544936,TP2: Take Profit 2 (+3R)
1468,META,TP2,2021-04-29,41,324.7380573164879,24,30,512.967323915206,12.718096751896388,TP2: Take Profit 2 (+3R)
1467,META,TP2,2020-08-26,26,285.19282589838525,74,30,1464.4300792750448,13.212043579814615,TP2: Take Profit 2 (+3R)
1466,META,TP2,2020-05-19,20,215.15952178317184,69,30,914.9810516793814,11.572430082006049,TP2: Take Profit 2 (+3R)
1465,MELI,TP2,2020-07-08,26,1002.5849609375,35,30,2229.2543334960938,11.841969716436369,TP2: Take Profit 2 (+3R)
1464,MCFT,TP2,2018-09-10,4,36.07571315765381,316,30,1203.1199598312378,21.426167180557293,TP2: Take Profit 2 (+3R)
1463,LOW,TP2,2021-04-12,24,181.49632196581476,55,30,567.9548730408314,10.476120278349535,TP2: Take Profit 2 (+3R)
1462,LOW,TP2,2018-08-22,91,91.41662551013084,112,30,594.0860745621903,10.92188201486946,TP2: Take Profit 2 (+3R)
1461,LLY,TP2,2021-01-11,33,165.83173262517002,131,30,1239.6561201050583,10.599682806207964,TP2: Take Profit 2 (+3R)
1460,LII,TP2,2015-11-25,37,121.14696370984534,58,30,361.6517649140384,9.625194513587209,TP2: Take Profit 2 (+3R)
1459,LH,TP2,2021-05-05,42,225.4983393337525,142,30,1678.395477179742,9.722239854912033,TP2: Take Profit 2 (+3R)
1458,LH,TP2,2015-02-23,52,100.20810627213588,83,30,429.5697964459862,9.58726885886695,TP2: Take Profit 2 (+3R)
1457,LAKE,TP2,2020-07-06,27,22.121528434869003,637,30,2457.2067736112376,41.151690655254654,TP2: Take Profit 2 (+3R)
1456,JOYY,TP2,2021-02-03,21,86.01734401691647,129,30,1011.9698887166304,18.03428899038339,TP2: Take Profit 2 (+3R)
1455,JD,TP2,2020-08-28,10,72.5492828546822,161,30,839.0951677213666,13.698090607965485,TP2: Take Profit 2 (+3R)
1454,JD,TP2,2016-09-06,27,23.872202977199706,236,30,370.8093227117943,12.38023758688255,TP2: Take Profit 2 (+3R)
1453,JBL,TP2,2019-10-21,27,35.65788723191445,220,30,500.72685680020754,11.904737392003794,TP2: Take Profit 2 (+3R)
1452,ILMN,TP2,2019-07-01,24,358.90146092006137,80,30,1529.8179735456188,9.973680072480256,TP2: Take Profit 2 (+3R)
1451,ILMN,TP2,2015-12-31,48,182.2786903381348,40,30,486.2327079772949,13.119521428695208,TP2: Take Profit 2 (+3R)
1450,IBB,TP2,2020-06-19,63,134.11744429128828,254,30,1728.4255679203495,9.264008718150416,TP2: Take Profit 2 (+3R)
1449,IAC,TP2,2016-07-19,76,10.643421922411235,602,30,486.6743496486118,14.54949258628247,TP2: Take Profit 2 (+3R)
1448,HQY,TP2,2015-04-20,45,24.487858363560267,432,30,595.1451778411864,10.355375278048578,TP2: Take Profit 2 (+3R)
1447,HON,TP2,2022-08-15,18,177.6738991610456,100,30,663.4805194869546,6.636827150602104,TP2: Take Profit 2 (+3R)
1446,HON,TP2,2021-04-15,36,195.8122574565081,55,30,441.51518782700896,7.580340414729379,TP2: Take Profit 2 (+3R)
1445,HON,TP2,2020-11-16,11,177.22560651327933,97,30,1273.6568025260606,14.143211732462769,TP2: Take Profit 2 (+3R)
1444,HON,TP2,2019-02-15,28,124.6429426575221,202,30,1090.9356565919122,7.797487967248337,TP2: Take Profit 2 (+3R)
1443,HD,TP2,2021-04-09,21,281.8200258234073,47,30,679.4730521569675,9.422092682747609,TP2: Take Profit 2 (+3R)
1442,HD,TP2,2020-06-09,25,224.69312691514747,46,30,440.2540690429662,7.8247075613555666,TP2: Take Profit 2 (+3R)
1441,HAS,TP2,2015-04-16,66,46.05342288721161,4,30,8.170162119638064,9.733720423409045,TP2: Take Profit 2 (+3R)
1440,HAR,TP2,2017-07-12,6,6587.145106724331,5,30,4029.375261579242,25.612508765997035,TP2: Take Profit 2 (+3R)
1439,GWW,TP2,2021-05-03,59,420.801108779492,63,30,1535.742465270891,10.943092247332816,TP2: Take Profit 2 (+3R)
1438,GWW,TP2,2019-12-12,62,309.4349031593836,61,30,974.8618360034334,9.590570856672924,TP2: Take Profit 2 (+3R)
1437,GS,TP2,2022-08-10,22,311.5706340961618,142,30,1761.1859355272709,7.123870577946158,TP2: Take Profit 2 (+3R)
1436,GS,TP2,2021-01-06,16,251.9344376987364,53,30,735.823006893249,10.401582841125782,TP2: Take Profit 2 (+3R)
1435,GS,TP2,2017-02-15,76,207.03311480959096,25,30,272.5394740334925,10.378802288202856,TP2: Take Profit 2 (+3R)
1434,GOOGL,TP2,2021-02-16,27,104.15080954259774,125,30,813.9186334804751,11.631742568052683,TP2: Take Profit 2 (+3R)
1433,GOOGL,TP2,2020-06-08,40,71.37992197143369,263,30,749.5460344271985,7.16781814741006,TP2: Take Profit 2 (+3R)
1432,GOOGL,TP2,2015-12-31,69,38.26228139455063,44,30,66.70270859230067,7.186888807004707,TP2: Take Profit 2 (+3R)
1431,GOOG,TP2,2021-02-16,27,104.32218450580956,166,30,1057.2719679794432,11.404539047026418,TP2: Take Profit 2 (+3R)
1430,GOOG,TP2,2020-06-08,40,71.28874696604694,353,30,994.6704752533856,7.0808885132628925,TP2: Take Profit 2 (+3R)
1429,GOOG,TP2,2015-12-30,68,38.257429371510575,90,30,184.6114216572742,9.813024295900036,TP2: Take Profit 2 (+3R)
1428,GMAB,TP2,2020-05-11,10,28.175500869750977,857,30,1632.207447052002,12.702003479003906,TP2: Take Profit 2 (+3R)
1427,GIII,TP2,2021-02-08,17,16.18250036239624,612,30,2232.2774930000305,60.22276981381067,TP2: Take Profit 2 (+3R)
1426,GIGM,TP2,2021-02-08,17,16.18250036239624,817,30,2974.342490673065,60.22276981381067,TP2: Take Profit 2 (+3R)
1425,GE,TP2,2022-08-12,17,48.73294522952979,809,30,2402.1512764403565,11.313117620958616,TP2: Take Profit 2 (+3R)
1424,GE,TP2,2019-11-22,23,55.48563224671411,88,30,339.09250695608694,13.31779847680978,TP2: Take Profit 2 (+3R)
1423,FISV,TP2,2022-08-18,23,110.15749931335448,462,30,2190.7494735717773,7.765112500354526,TP2: Take Profit 2 (+3R)
1422,FFIV,TP2,2021-12-28,62,246.1450010027204,114,30,2048.4997776576447,13.945466222777933,TP2: Take Profit 2 (+3R)
1421,FFIV,TP2,2018-05-21,34,172.85214342389787,192,30,1630.9467043195443,8.938139168472159,TP2: Take Profit 2 (+3R)
1420,FFBC,TP2,2016-12-09,21,20.64822054262431,236,30,359.1605406018244,14.072373437443767,TP2: Take Profit 2 (+3R)
1419,FDX,TP2,2020-10-07,26,238.2097100950788,109,30,1769.563468191839,12.903272088570366,TP2: Take Profit 2 (+3R)
1418,FCX,TP2,2021-01-07,8,28.619928839690942,578,30,1311.3411426932223,15.263852873490286,TP2: Take Profit 2 (+3R)
1417,FAST,TP2,2019-02-11,25,12.813270682142996,1110,30,558.7714090358587,7.017930768710004,TP2: Take Profit 2 (+3R)
1416,F,TP2,2021-02-22,39,8.742711211465252,1322,30,812.7590559087025,13.298916498885022,TP2: Take Profit 2 (+3R)
1415,EXLS,TP2,2021-02-09,12,10.34999966621399,2790,30,3264.3000798225403,23.214287336180885,TP2: Take Profit 2 (+3R)
1414,EQR,TP2,2019-03-12,54,57.70372771337213,467,30,1073.3981298613844,7.116304348431739,TP2: Take Profit 2 (+3R)
1413,EQIX,TP2,2019-03-21,35,399.02287128121264,52,30,903.942669198098,8.168099962836818,TP2: Take Profit 2 (+3R)
1412,EQIX,TP2,2016-06-22,29,312.22784241529394,45,30,436.0363295554548,5.676161300176683,TP2: Take Profit 2 (+3R)
1411,EOG,TP2,2022-01-27,23,91.07618586554725,280,30,2086.830881038089,15.902217711094124,TP2: Take Profit 2 (+3R)
1410,EOG,TP2,2020-01-06,21,66.42455812980353,348,30,1579.5955055499153,12.908659041548676,TP2: Take Profit 2 (+3R)
1409,EME,TP2,2022-11-16,19,152.79240503054513,257,30,2150.2856076128573,10.12997801538442,TP2: Take Profit 2 (+3R)
1408,EGHT,TP2,2019-04-25,37,23.63857010432652,1425,30,2503.9282219750557,14.140855380575871,TP2: Take Profit 2 (+3R)
1407,EBAY,TP2,2020-07-06,32,49.79811230578332,186,30,537.1131366877981,10.762760779199294,TP2: Take Profit 2 (+3R)
1406,EBAY,TP2,2019-02-19,28,32.68071912529151,294,30,598.565385631384,11.615318683427285,TP2: Take Profit 2 (+3R)
1405,DUK,TP2,2020-11-24,55,78.87148244063397,135,30,543.5284097038425,9.426126995710485,TP2: Take Profit 2 (+3R)
1404,DPZ,TP2,2019-02-07,21,264.0157041753672,78,30,1165.9670514907195,10.62021162983243,TP2: Take Profit 2 (+3R)
1403,DOMO,TP2,2019-10-08,32,63.4457483291626,145,30,624.2900648117065,12.752350831745684,TP2: Take Profit 2 (+3R)
1402,DOCU,TP2,2019-10-08,32,63.4457483291626,154,30,660.1688041687012,12.752350831745684,TP2: Take Profit 2 (+3R)
1401,DLR,TP2,2015-12-17,71,51.04414240134561,182,30,345.0244619627359,6.611200227376597,TP2: Take Profit 2 (+3R)
1400,DHR,TP2,2022-08-15,25,260.3729426576532,105,30,1053.7645956534045,6.983495296420338,TP2: Take Profit 2 (+3R)
1399,DHIL,TP2,2020-10-20,20,62.34250068664551,491,30,1732.39497756958,10.438440822085155,TP2: Take Profit 2 (+3R)
1398,DHI,TP2,2021-12-13,34,103.35503268563052,356,30,2121.074911563226,10.66212529209298,TP2: Take Profit 2 (+3R)
1397,DG,TP2,2016-06-22,27,81.0131602645883,157,30,343.0255170197371,4.716935347144535,TP2: Take Profit 2 (+3R)
1396,DELL,TP2,2018-09-14,74,25.304529932478932,386,30,365.917745426804,6.678027355271665,TP2: Take Profit 2 (+3R)
1395,DE,TP2,2021-03-12,21,343.0037862128714,36,30,710.8053100308457,10.948479501724256,TP2: Take Profit 2 (+3R)
1394,DD,TP2,2022-11-09,8,26.0549806699028,1611,30,2944.645998909549,13.249569586589685,TP2: Take Profit 2 (+3R)
1393,DD,TP2,2021-01-07,20,29.75367513259381,419,30,663.2702709336331,9.746947901277322,TP2: Take Profit 2 (+3R)
1392,CYBR,TP2,2015-02-17,7,56.70321873256138,2,30,15.803217206682476,38.63867143546,TP2: Take Profit 2 (+3R)
1391,CVX,TP2,2021-03-05,16,88.29792629766476,318,30,1832.5621122789605,12.262826089576748,TP2: Take Profit 2 (+3R)
1390,CVS,TP2,2022-01-05,27,91.1586878150608,480,30,1815.3754305812568,7.428394979026971,TP2: Take Profit 2 (+3R)
1389,CVS,TP2,2020-12-04,28,61.72969298466676,145,30,564.9038257072675,11.755165634945325,TP2: Take Profit 2 (+3R)
1388,CSX,TP2,2021-12-28,74,35.23228535039137,1032,30,1865.622887923704,9.371255266911112,TP2: Take Profit 2 (+3R)
1387,CSGP,TP2,2020-12-04,21,37.81778160615699,448,30,612.4224284578862,6.431155663418651,TP2: Take Profit 2 (+3R)
1386,CSCO,TP2,2020-12-04,21,37.81778160615699,597,30,815.8015185054678,6.431155663418651,TP2: Take Profit 2 (+3R)
1385,COP,TP2,2022-02-11,35,79.92980689487875,525,30,3233.433516603256,14.788491362786846,TP2: Take Profit 2 (+3R)
1384,COP,TP2,2020-01-02,42,52.49207844548216,213,30,526.2878430388804,8.571175507680428,TP2: Take Profit 2 (+3R)
1383,COLL,TP2,2022-12-16,39,22.63500022888184,2482,30,3950.641021728516,13.288292029401807,TP2: Take Profit 2 (+3R)
1382,CMG,TP2,2022-08-16,20,34.20685863494873,660,30,1582.7088594436646,13.267740962862408,TP2: Take Profit 2 (+3R)
1381,CMG,TP2,2021-08-18,28,36.94900131225586,654,30,717.0466918945312,5.208459943007317,TP2: Take Profit 2 (+3R)
1380,CMG,TP2,2019-03-13,34,12.66302844456264,750,30,426.3427938733783,8.086896358011227,TP2: Take Profit 2 (+3R)
1379,CMA,TP2,2022-08-12,23,71.69546415396108,667,30,2144.420670758109,8.10375268871789,TP2: Take Profit 2 (+3R)
1378,CGBD,TP2,2021-01-07,27,82.09136926739117,257,30,1195.775777456561,10.44683688550298,TP2: Take Profit 2 (+3R)
1377,CDW,TP2,2021-04-27,32,173.06229841834556,287,30,2496.075435377312,9.152977140285712,TP2: Take Profit 2 (+3R)
1376,CBOE,TP2,2021-11-01,133,125.04548239552312,431,30,3474.599860266642,12.0699746911761,TP2: Take Profit 2 (+3R)
1375,CAT,TP2,2021-04-26,66,211.6856143200648,78,30,910.697957209307,10.317372084472128,TP2: Take Profit 2 (+3R)
1374,CAT,TP2,2020-10-09,60,141.46041503525345,93,30,720.7678495219475,10.209819908303452,TP2: Take Profit 2 (+3R)
1373,CAT,TP2,2019-12-23,61,129.58934648174008,52,30,313.8077887244698,8.473363376590196,TP2: Take Profit 2 (+3R)
1372,CAG,TP2,2019-04-15,24,22.5963655427154,1349,30,1998.42895661596,12.273831103502284,TP2: Take Profit 2 (+3R)
1371,C,TP2,2021-05-11,71,63.23161852600427,301,30,822.1772508184637,7.786127697627348,TP2: Take Profit 2 (+3R)
1370,C,TP2,2019-12-12,58,61.54550007968867,498,30,1397.3815182540602,8.247458410920938,TP2: Take Profit 2 (+3R)
1369,C,TP2,2016-12-23,39,45.40689890782248,398,30,995.81525243968,10.14995967441445,TP2: Take Profit 2 (+3R)
1368,BRKR,TP2,2017-05-31,30,26.341905475000463,1164,30,1749.7061662646809,10.516992672958922,TP2: Take Profit 2 (+3R)
1367,BLK,TP2,2020-06-09,22,488.7025063138522,30,30,657.4528612417375,8.593604894084399,TP2: Take Profit 2 (+3R)
1366,BLDR,TP2,2017-04-10,41,15.043570109776088,1270,30,1602.9207433973036,16.256341558014768,TP2: Take Profit 2 (+3R)
1365,BKNG,TP2,2020-06-08,21,1762.6606205102232,11,30,1381.8243187644644,15.029403601588523,TP2: Take Profit 2 (+3R)
1364,BEN,TP2,2020-12-30,27,19.42846352890393,1186,30,1132.903043370152,8.934049057456724,TP2: Take Profit 2 (+3R)
1363,BBT,TP2,2022-08-10,21,26.30427969697117,2454,30,2698.6597237071896,7.491856816808129,TP2: Take Profit 2 (+3R)
1362,BAND,TP2,2019-04-26,50,74.19000680106026,142,30,1104.150513240269,21.2254997976848,TP2: Take Profit 2 (+3R)
1361,BAK,TP2,2016-09-28,55,11.206314328727707,877,30,1040.659215328743,21.439818216129265,TP2: Take Profit 2 (+3R)
1360,BAC,TP2,2020-12-23,44,26.501149382232523,386,30,473.9276834279149,8.39131182954818,TP2: Take Profit 2 (+3R)
1359,BAC,TP2,2016-08-23,36,12.353778413786548,1631,30,918.34357626564,8.226193363271483,TP2: Take Profit 2 (+3R)
1358,BA,TP2,2019-02-22,23,412.18633668738784,23,30,460.7203810864325,9.406868394133705,TP2: Take Profit 2 (+3R)
1357,B,TP2,2017-02-06,39,15.896201812041884,1352,30,1744.0532742724806,15.667208150646209,TP2: Take Profit 2 (+3R)
1356,AYI,TP2,2017-02-02,45,29.41857147216797,204,30,245.04573822021484,7.327879007432744,TP2: Take Profit 2 (+3R)
1355,AYI,TP2,2015-05-04,84,166.82701812549786,4,30,28.87937804787072,9.4756493922875,TP2: Take Profit 2 (+3R)
1354,AXP,TP2,2022-08-12,21,158.41289706605343,98,30,689.676270797896,8.115488541123757,TP2: Take Profit 2 (+3R)
1353,AXP,TP2,2018-06-07,90,46.51975550467794,468,30,680.0484480481041,5.508479845712,TP2: Take Profit 2 (+3R)
1352,AXON,TP2,2018-01-05,45,30.92857142857143,1169,30,3349.7788388388512,18.27369743690165,TP2: Take Profit 2 (+3R)
1351,AVGO,TP2,2019-04-12,28,26.26247993021422,366,30,484.39751626171386,9.196689670725178,TP2: Take Profit 2 (+3R)
1350,AVGO,TP2,2017-01-24,46,15.28024220424412,821,30,718.0311038801976,10.559516881558164,TP2: Take Profit 2 (+3R)
1349,AVGO,TP2,2015-02-26,49,9.086695397509809,1066,30,796.7531330070271,15.904382387631186,TP2: Take Profit 2 (+3R)
1348,AVB,TP2,2021-03-15,18,36.45835702035263,762,30,1808.186409125126,12.17364834198308,TP2: Take Profit 2 (+3R)
1347,AUGZ,TP2,2016-10-05,12,3.7007144519260953,2427,30,1892.539388792856,54.19642936970504,TP2: Take Profit 2 (+3R)
1346,ATI,TP2,2022-01-13,8,19.57499861717224,1382,30,1925.098855018616,13.478252853172412,TP2: Take Profit 2 (+3R)
1345,ATHM,TP2,2017-06-07,30,37.75655147884965,906,30,3975.5385302095706,24.055874612589896,TP2: Take Profit 2 (+3R)
1344,ASA,TP2,2016-04-29,21,13.144368354379177,497,30,605.1713732659963,18.345720053015228,TP2: Take Profit 2 (+3R)
1343,ARW,TP2,2015-03-23,45,64.49714660644531,20,30,65.52860260009766,10.17619678468074,TP2: Take Profit 2 (+3R)
1342,ARLP,TP2,2016-10-06,72,9.394364928277277,1436,30,1149.7910669018256,16.57056219591935,TP2: Take Profit 2 (+3R)
1341,ARKO,TP2,2020-12-07,7,91.10049907835072,394,30,2488.296578877489,13.088430119072672,TP2: Take Profit 2 (+3R)
1340,ARHS,TP2,2020-07-07,42,239.90374374389648,46,30,750.1612129211426,13.098128071971535,TP2: Take Profit 2 (+3R)
1339,APD,TP2,2017-12-26,41,19.01773520359178,1219,30,1173.419683611968,9.21880471522304,TP2: Take Profit 2 (+3R)
1338,ANGI,TP2,2018-09-12,34,222.2214366367885,51,30,1209.6432822091238,22.16681918266047,TP2: Take Profit 2 (+3R)
1337,AMZN,TP2,2019-12-17,41,22.127970408771095,1025,30,2156.626691245464,18.86821229248942,TP2: Take Profit 2 (+3R)
1336,AMZN,TP2,2015-11-12,20,32.02212429046631,210,30,260.89866828918457,6.913257618887142,TP2: Take Profit 2 (+3R)
1335,AMD,TP2,2015-12-15,61,2.342500150203705,1497,30,334.1326090693474,18.90863533927266,TP2: Take Profit 2 (+3R)
1334,AMAT,TP2,2020-09-01,8,55.82749843597412,376,30,1709.4372510910034,15.752641438622565,TP2: Take Profit 2 (+3R)
1333,AMAT,TP2,2016-08-30,21,71.86214692252022,164,30,1056.6502189636226,17.652496346166792,TP2: Take Profit 2 (+3R)
1332,AMAL,TP2,2020-08-06,20,43.50875282287598,348,30,2809.820587158203,45.02917607625326,TP2: Take Profit 2 (+3R)
1331,ALEX,TP2,2022-11-18,21,29.43725061416626,1601,30,3914.160003662109,16.077483855226827,TP2: Take Profit 2 (+3R)
1330,ALB,TP2,2017-04-28,59,96.3767014851678,89,30,342.4305031157489,7.185563140882378,TP2: Take Profit 2 (+3R)
1329,AIT,TP2,2016-12-05,24,52.93398905696583,421,30,1185.9321521454276,9.75800124411546,TP2: Take Profit 2 (+3R)
1328,AIG,TP2,2015-04-15,61,44.74118207370455,2,30,3.3039529172104096,7.973392488992248,TP2: Take Profit 2 (+3R)
1327,AGRO,TP2,2015-03-19,23,8.905886750129085,389,30,354.60543102501083,20.61100850371113,TP2: Take Profit 2 (+3R)
1326,AGRH,TP2,2020-07-21,8,37.87499952316284,605,30,2094.1697721481323,18.02742082601212,TP2: Take Profit 2 (+3R)
1325,AGQI,TP2,2020-07-21,8,37.87499952316284,689,30,2389.204740047455,18.02742082601212,TP2: Take Profit 2 (+3R)
1324,AGIO,TP2,2020-01-08,30,49.25214794703892,455,30,1980.7439095633365,17.350837537606814,TP2: Take Profit 2 (+3R)
1323,AFRIW,TP2,2022-11-18,18,66.1620871115127,720,30,2409.346522310207,9.205579911860957,TP2: Take Profit 2 (+3R)
1322,AFRI,TP2,2022-11-18,18,66.1620871115127,820,30,2738.4007927183143,9.205579911860957,TP2: Take Profit 2 (+3R)
1321,AEP,TP2,2022-11-22,12,13.614998745524716,4241,30,7262.223404073866,26.529315971833544,TP2: Take Profit 2 (+3R)
1320,AEP,TP2,2021-02-16,41,21.880002901019004,840,30,1432.4737117150007,14.963424328268474,TP2: Take Profit 2 (+3R)
1319,AEP,TP2,2020-11-09,62,13.518895762584645,2201,30,2791.212624507237,18.54166817731352,TP2: Take Profit 2 (+3R)
1318,AEP,TP2,2017-12-20,33,15.023266736021355,880,30,1556.9446791667026,24.479042568448143,TP2: Take Profit 2 (+3R)
1317,AEO,TP2,2020-11-09,62,13.518895762584645,2934,30,3721.6168326763154,18.54166817731352,TP2: Take Profit 2 (+3R)
1316,AEM,TP2,2015-01-28,26,27.0674817659088,421,30,1212.5648913981784,21.62035753888209,TP2: Take Profit 2 (+3R)
1315,ADSE,TP2,2019-11-27,12,179.77144186837333,115,30,1225.4580470493866,11.14154056777331,TP2: Take Profit 2 (+3R)
1314,ADS-DE,TP2,2022-04-05,18,212.21111229049356,200,30,1669.1875481156053,7.077646547312639,TP2: Take Profit 2 (+3R)
1313,ADPV,TP2,2022-04-05,18,212.21111229049356,227,30,1907.6429121321205,7.077646547312639,TP2: Take Profit 2 (+3R)
1312,ADPT,TP2,2022-04-05,18,212.21111229049356,259,30,2174.151848385872,7.077646547312639,TP2: Take Profit 2 (+3R)
1311,ADEA,TP2,2017-01-04,19,31.904626812499057,1020,30,11689.4465125087,149.17266971361678,TP2: Take Profit 2 (+3R)
1310,ADBE,TP2,2016-05-24,68,98.48856680733816,133,30,673.7568501063759,9.480399966275202,TP2: Take Profit 2 (+3R)
1309,AD,TP2,2021-06-28,20,83.96024703820886,2698,30,118787.9048607913,696.3040598479357,TP2: Take Profit 2 (+3R)
1308,AD,TP2,2020-11-23,13,7.445675144851388,2872,30,1962.4940368317496,18.06019722710602,TP2: Take Profit 2 (+3R)
1307,ACM,TP2,2016-12-05,26,34.42316895004978,178,30,449.9909947648468,14.067208427708763,TP2: Take Profit 2 (+3R)
1306,ACCL,TP2,2020-11-25,21,55.60500144958496,775,30,3004.400177001953,13.179320660898425,TP2: Take Profit 2 (+3R)
1305,ABEO,TP2,2016-12-01,22,39.11021608354534,165,30,460.9719544047777,13.514515950865103,TP2: Take Profit 2 (+3R)
1304,ABCB,TP2,2019-11-07,55,40.17573643496316,36,30,91.5874301610819,12.177511045990157,TP2: Take Profit 2 (+3R)
1303,ABCB,TP2,2016-12-01,22,39.11021608354534,175,30,488.90964861112775,13.514515950865103,TP2: Take Profit 2 (+3R)
1302,ABBV,TP2,2015-05-27,47,43.08363749638227,242,30,461.0785096683008,7.968797282239544,TP2: Take Profit 2 (+3R)
1301,AB,TP2,2015-03-18,33,11.88379842576935,30,30,22.483294225493797,11.745218822091998,TP2: Take Profit 2 (+3R)
1300,AAVM,TP2,2016-05-03,68,27.76925196387337,585,30,807.7451720663726,9.064083545602706,TP2: Take Profit 2 (+3R)
1299,AAT,TP2,2016-05-03,68,27.76925196387337,719,30,994.6804833160188,9.064083545602706,TP2: Take Profit 2 (+3R)
1298,AAPL,TP2,2021-01-27,21,11.963499546051024,2224,30,3179.588496208191,24.87995450236816,TP2: Take Profit 2 (+3R)
1297,AAPL,TP2,2017-02-27,14,46.75499738965716,441,30,3388.4397942679266,37.839032764048426,TP2: Take Profit 2 (+3R)
1296,AAMI,TP2,2015-04-28,70,17.92141472892422,4,30,4.551554433434376,14.545762133000858,TP2: Take Profit 2 (+3R)
1295,XOM,TP1,2022-01-11,6,61.14490360162989,680,40,1099.8270695248664,5.585872736172929,TP1: Take Profit 1 (+1.5R)
1294,XOM,TP1,2021-10-04,7,52.150109672533446,1286,40,890.9398767388107,2.729463032109801,TP1: Take Profit 1 (+1.5R)
1293,WMT,TP1,2022-11-21,6,48.346874040293145,951,40,543.1177158311382,2.4222917471258616,TP1: Take Profit 1 (+1.5R)
1292,WFC,TP1,2022-01-11,7,50.37307975869639,461,40,625.5578333307349,5.707514008856256,TP1: Take Profit 1 (+1.5R)
1291,WFC,TP1,2021-04-29,15,40.45979100070851,952,40,1389.1809203899868,7.773955391483597,TP1: Take Profit 1 (+1.5R)
1290,WFC,TP1,2021-02-24,7,33.85337161493009,1145,40,652.0343712351287,3.4845611855475838,TP1: Take Profit 1 (+1.5R)
1289,WFC,TP1,2016-12-07,23,43.63742270693593,396,40,439.1761953019273,5.355132316749756,TP1: Take Profit 1 (+1.5R)
1288,VRTX,TP1,2018-07-17,18,182.3510834830148,107,40,656.7270687648222,7.290583831294112,TP1: Take Profit 1 (+1.5R)
1287,VRNS,TP1,2017-03-31,15,10.38898743901934,5194,40,1789.3008744716665,7.102965394866338,TP1: Take Profit 1 (+1.5R)
1286,UPS,TP1,2020-07-15,14,94.1636243882948,433,40,482.5732145513657,2.4302704970477063,TP1: Take Profit 1 (+1.5R)
1285,UNIT,TP1,2021-08-03,18,14.499382576256936,10805,40,4550.212887084012,6.167651673682684,TP1: Take Profit 1 (+1.5R)
1284,UNH,TP1,2019-10-30,15,229.35722109695064,87,40,594.6538879061821,6.416408204703082,TP1: Take Profit 1 (+1.5R)
1283,TSLA,TP1,2021-10-15,18,279.82834243774414,494,40,3962.290096282959,6.081300306510059,TP1: Take Profit 1 (+1.5R)
1282,TSLA,TP1,2019-12-23,7,27.390475136893137,807,40,788.7285055433005,7.695187793513998,TP1: Take Profit 1 (+1.5R)
1281,TSLA,TP1,2018-06-14,8,23.4430958202907,860,40,921.5315307889662,10.061486666634766,TP1: Take Profit 1 (+1.5R)
1280,TSLA,TP1,2017-06-23,17,25.533213479178293,1964,40,1973.7030274527424,8.544201274056729,TP1: Take Profit 1 (+1.5R)
1279,TSLA,TP1,2017-04-03,6,19.846667085375103,2930,40,1977.7488623346624,7.298607692548725,TP1: Take Profit 1 (+1.5R)
1278,TSLA,TP1,2017-01-19,15,16.211713995252335,1635,40,881.581731864383,7.130583371806834,TP1: Take Profit 1 (+1.5R)
1277,TSLA,TP1,2015-05-12,20,16.109570469175065,1141,40,843.7356182507098,10.118287505349343,TP1: Take Profit 1 (+1.5R)
1276,TMO,TP1,2020-08-19,28,411.9989889132711,114,40,398.6292577048897,1.7267656531205655,TP1: Take Profit 1 (+1.5R)
1275,TMO,TP1,2016-03-07,5,137.046591740456,101,40,141.42413047983098,2.107377780772428,TP1: Take Profit 1 (+1.5R)
1274,THRM,TP1,2018-07-26,30,42.6196437563215,971,40,1513.0272218159282,7.897832294484814,TP1: Take Profit 1 (+1.5R)
1273,TGT,TP1,2022-08-10,12,149.56995225279024,183,40,381.5545893300841,2.884160690121696,TP1: Take Profit 1 (+1.5R)
1272,TGT,TP1,2022-04-19,11,212.9048771272898,198,40,606.7753557432925,2.964100738773055,TP1: Take Profit 1 (+1.5R)
1271,TGT,TP1,2020-11-20,2,149.2292839211459,152,40,304.4665936320889,2.7586094508743,TP1: Take Profit 1 (+1.5R)
1270,TGT,TP1,2017-12-22,23,52.09002144143657,707,40,967.8084869484468,5.555741703096485,TP1: Take Profit 1 (+1.5R)
1269,TECH,TP1,2020-05-06,2,60.45628031628252,418,40,568.8295775276065,4.714109488809676,TP1: Take Profit 1 (+1.5R)
1268,TAP,TP1,2015-11-11,29,71.28296515972777,189,40,368.54925602026935,5.8203786597835,TP1: Take Profit 1 (+1.5R)
1267,T,TP1,2022-01-13,8,15.73848977225752,5125,40,919.8407487637556,2.334492612078984,TP1: Take Profit 1 (+1.5R)
1266,SWKS,TP1,2019-10-25,15,77.44801968915404,725,40,1547.367819856574,5.841589372294838,TP1: Take Profit 1 (+1.5R)
1265,SPSC,TP1,2021-08-26,10,128.7225069318499,626,40,2601.813523428782,6.903498892888329,TP1: Take Profit 1 (+1.5R)
1264,SNT,TP1,2021-08-19,3,3.656821184611121,13315,40,1073.4018916327304,4.612803070864262,TP1: Take Profit 1 (+1.5R)
1263,SLB,TP1,2022-01-07,4,31.22765005148305,1986,40,2220.34842083092,7.712567075390689,TP1: Take Profit 1 (+1.5R)
1262,SLB,TP1,2021-05-12,7,28.49112942559418,1526,40,846.4913475993319,4.05170212109964,TP1: Take Profit 1 (+1.5R)
1261,SLB,TP1,2020-01-03,23,35.125199461874104,1029,40,918.774779873016,5.36179633756387,TP1: Take Profit 1 (+1.5R)
1260,SLB,TP1,2018-01-04,14,56.91757207465624,1065,40,1583.533307706375,5.51818848919719,TP1: Take Profit 1 (+1.5R)
1259,SFM,TP1,2017-03-29,13,23.46749911989485,774,40,1001.3624841826306,12.39224168164787,TP1: Take Profit 1 (+1.5R)
1258,SCHW,TP1,2022-08-12,1,71.478578317826,621,40,682.1012676618041,3.176071303095481,TP1: Take Profit 1 (+1.5R)
1257,SCHW,TP1,2022-01-04,19,84.87636618514958,715,40,1948.1821327004504,6.871244946824071,TP1: Take Profit 1 (+1.5R)
1256,SCHW,TP1,2020-10-15,14,36.323604841699954,1247,40,694.3277478365907,3.165347371786139,TP1: Take Profit 1 (+1.5R)
1255,SCHW,TP1,2019-12-12,21,46.57773599356683,232,40,277.4611923924245,5.413289455692446,TP1: Take Profit 1 (+1.5R)
1254,SCHW,TP1,2017-07-03,24,38.65706739663039,1248,40,1088.78239436455,4.7270074797281,TP1: Take Profit 1 (+1.5R)
1253,SCHW,TP1,2016-08-29,24,27.526931332170967,337,40,167.3914224228866,3.75558505588136,TP1: Take Profit 1 (+1.5R)
1252,SCHW,TP1,2015-11-06,9,29.158367719236573,7,40,5.770187157343507,7.062227635504385,TP1: Take Profit 1 (+1.5R)
1251,SBUX,TP1,2022-08-15,12,81.94388192930296,468,40,401.39392992857256,2.138090800287129,TP1: Take Profit 1 (+1.5R)
1250,SBUX,TP1,2021-04-12,45,101.86870658723174,485,40,1193.547703338597,5.087872546209932,TP1: Take Profit 1 (+1.5R)
1249,SBUX,TP1,2020-08-11,13,69.88169323895544,501,40,350.8497165992104,2.0494068657166022,TP1: Take Profit 1 (+1.5R)
1248,SBUX,TP1,2019-02-07,13,59.02763974374958,222,40,152.7408478599145,2.386826676504698,TP1: Take Profit 1 (+1.5R)
1247,RPD,TP1,2019-04-25,45,53.40071405683245,776,40,1750.1572908673963,9.22625224687377,TP1: Take Profit 1 (+1.5R)
1246,RDWR,TP1,2017-02-13,53,15.722142696380615,422,40,196.68211698532104,6.302520195617367,TP1: Take Profit 1 (+1.5R)
1245,QCOM,TP1,2019-11-07,10,76.85131894470057,102,40,239.80609827201403,6.517158670555171,TP1: Take Profit 1 (+1.5R)
1244,QCOM,TP1,2018-08-17,22,54.60252118302071,301,40,296.8541982660941,3.7607309365096575,TP1: Take Profit 1 (+1.5R)
1243,QCOM,TP1,2018-06-06,23,48.95797198311857,1214,40,1506.1877699980882,5.338951784080865,TP1: Take Profit 1 (+1.5R)
1242,QCOM,TP1,2017-11-03,1,48.39497362865987,1343,40,2838.0147697355574,9.576560044895016,TP1: Take Profit 1 (+1.5R)
1241,PSA,TP1,2021-04-13,8,216.62585219652,177,40,788.9933282546988,4.317553914428193,TP1: Take Profit 1 (+1.5R)
1240,PLD,TP1,2019-02-08,8,58.1624386387648,232,40,128.438951432654,1.940633312475489,TP1: Take Profit 1 (+1.5R)
1239,PG,TP1,2019-02-01,9,81.61330333759331,206,40,159.50406792982557,1.9341642371444048,TP1: Take Profit 1 (+1.5R)
1238,PFE,TP1,2022-12-14,1,45.588630362845095,1507,40,733.8518986959891,2.1844479669767094,TP1: Take Profit 1 (+1.5R)
1237,PFE,TP1,2021-11-26,21,40.78202054413086,620,40,372.84339138564434,3.038761725444113,TP1: Take Profit 1 (+1.5R)
1236,PFE,TP1,2020-07-17,4,26.280015904068907,1274,40,395.89548336992135,2.422197665618724,TP1: Take Profit 1 (+1.5R)
1235,PFE,TP1,2016-05-24,48,21.172552776074223,1128,40,377.4275309036158,3.263845107166637,TP1: Take Profit 1 (+1.5R)
1234,PCG,TP1,2020-11-16,4,11.349126185350444,3323,40,625.1185559871443,3.4298589947202016,TP1: Take Profit 1 (+1.5R)
1233,ORCL,TP1,2021-04-15,10,72.6814631572382,1065,40,1823.3831567308,4.949041809010632,TP1: Take Profit 1 (+1.5R)
1232,ORCL,TP1,2021-03-08,3,67.2302630290182,544,40,513.8184335413889,2.891036046747836,TP1: Take Profit 1 (+1.5R)
1231,ONC,TP1,2020-07-08,12,202.14264569963728,339,40,1137.8165043422168,3.4453927185680677,TP1: Take Profit 1 (+1.5R)
1230,NVDA,TP1,2021-08-30,10,22.62094593649887,4859,40,4497.039944007465,8.913989875452302,TP1: Take Profit 1 (+1.5R)
1229,NVDA,TP1,2021-06-04,7,17.5343378468761,2147,40,1426.8748651515452,8.206339935144486,TP1: Take Profit 1 (+1.5R)
1228,NVDA,TP1,2021-02-11,3,14.852927293330165,2800,40,636.5340474542229,3.1577924907020147,TP1: Take Profit 1 (+1.5R)
1227,NVDA,TP1,2020-08-26,9,12.726140129416008,1164,40,250.87022722563407,3.5058583814861177,TP1: Take Profit 1 (+1.5R)
1226,NVDA,TP1,2020-05-20,5,8.785441929429009,4646,40,760.5386228231703,3.870811070734802,TP1: Take Profit 1 (+1.5R)
1225,NVDA,TP1,2020-02-14,4,7.051412300277494,9776,40,2475.280019770797,7.737178721867287,TP1: Take Profit 1 (+1.5R)
1224,NVDA,TP1,2019-11-12,28,5.19251898102508,7700,40,1188.514723522484,6.320984623218946,TP1: Take Profit 1 (+1.5R)
1223,NVDA,TP1,2018-01-19,16,5.6753097250171525,3300,40,696.9766291258968,8.04146484158974,TP1: Take Profit 1 (+1.5R)
1222,NVDA,TP1,2016-12-23,7,2.686839724765257,6947,40,743.3450026423766,8.65557440759013,TP1: Take Profit 1 (+1.5R)
1221,NVDA,TP1,2015-03-20,36,0.564414085908223,26,40,0.3813483372582533,5.482266109126583,TP1: Take Profit 1 (+1.5R)
1220,NKE,TP1,2022-11-30,19,103.38066361157512,471,40,724.2797478534565,3.072865224600332,TP1: Take Profit 1 (+1.5R)
1219,NKE,TP1,2020-06-03,1,95.90670300382544,144,40,179.27346100199327,2.665376404690682,TP1: Take Profit 1 (+1.5R)
1218,NFLX,TP1,2020-12-31,17,53.57271494184221,604,40,401.8757373264855,2.5472117209115863,TP1: Take Profit 1 (+1.5R)
1217,NFLX,TP1,2020-10-13,6,55.21257100786482,958,40,836.6077028002063,3.266695502848998,TP1: Take Profit 1 (+1.5R)
1216,NFLX,TP1,2020-07-08,7,50.174784251621794,1094,40,881.0994363512328,3.316829550544101,TP1: Take Profit 1 (+1.5R)
1215,NFLX,TP1,2020-01-23,36,34.68357358660017,432,40,562.3714991978238,8.11587159270397,TP1: Take Profit 1 (+1.5R)
1214,NFLX,TP1,2018-06-05,13,36.39575127192906,590,40,567.5065892083298,5.5806194681088,TP1: Take Profit 1 (+1.5R)
1213,NFLX,TP1,2018-01-11,9,21.314857823508127,3132,40,1891.5048020226632,6.007149010164422,TP1: Take Profit 1 (+1.5R)
1212,NFLX,TP1,2017-07-18,1,17.456785678863525,2371,40,1524.8409390449524,7.957857739630281,TP1: Take Profit 1 (+1.5R)
1211,NFLX,TP1,2017-01-27,22,14.04278550829206,939,40,404.1775178909298,6.5380909520887815,TP1: Take Profit 1 (+1.5R)
1210,NFLX,TP1,2015-12-04,17,12.960357325417656,1111,40,693.9482944352291,10.677688157109037,TP1: Take Profit 1 (+1.5R)
1209,NFLX,TP1,2015-07-16,3,10.997336251395089,1637,40,726.8929168156209,8.790654662705471,TP1: Take Profit 1 (+1.5R)
1208,NFLX,TP1,2015-04-16,3,7.401627029691424,1849,40,573.327069282532,9.150136252383987,TP1: Take Profit 1 (+1.5R)
1207,NEM,TP1,2021-05-17,7,63.30661703826499,430,40,938.9123559149608,7.409340216312711,TP1: Take Profit 1 (+1.5R)
1206,NEM,TP1,2021-01-06,2,55.276275428134056,455,40,306.0079792176808,2.4997166705768006,TP1: Take Profit 1 (+1.5R)
1205,NEM,TP1,2019-07-18,28,32.89501021256526,680,40,540.6597878849816,5.079649450103791,TP1: Take Profit 1 (+1.5R)
1204,NEM,TP1,2017-08-28,34,30.13505386372418,2142,40,1610.6777107841938,5.252672679408616,TP1: Take Profit 1 (+1.5R)
1203,NEM,TP1,2015-05-13,19,21.12948606334185,665,40,532.0283973825218,8.206564861042182,TP1: Take Profit 1 (+1.5R)
1202,MU,TP1,2022-01-13,23,91.45578066706724,707,40,1008.1422844591074,3.223399405438717,TP1: Take Profit 1 (+1.5R)
1201,MSFT,TP1,2020-09-02,6,221.02035182912337,144,40,300.6384274000077,1.925586117381905,TP1: Take Profit 1 (+1.5R)
1200,MSFT,TP1,2015-12-14,49,48.13824752004101,33,40,15.270615105812452,2.022755171988453,TP1: Take Profit 1 (+1.5R)
1199,MS,TP1,2020-05-27,1,38.285675792520536,400,40,313.82461162910715,4.27361214844247,TP1: Take Profit 1 (+1.5R)
1198,MS,TP1,2016-11-30,20,31.43772711588023,692,40,724.3609955772251,7.134387768108515,TP1: Take Profit 1 (+1.5R)
1197,MS,TP1,2016-08-16,27,22.95548355396221,1525,40,781.9254720559746,4.67934358374929,TP1: Take Profit 1 (+1.5R)
1196,MRVL,TP1,2021-12-07,4,86.44550143746845,563,40,1195.5744003275604,5.176630201547797,TP1: Take Profit 1 (+1.5R)
1195,MRNA,TP1,2021-07-19,4,274.98556082589283,584,40,4470.687325613832,5.89605227790778,TP1: Take Profit 1 (+1.5R)
1194,META,TP1,2021-04-08,20,310.7996697405243,47,40,522.149117899246,7.88001730923437,TP1: Take Profit 1 (+1.5R)
1193,META,TP1,2020-08-06,6,259.8080169370194,147,40,576.5315773447971,3.135120749282456,TP1: Take Profit 1 (+1.5R)
1192,META,TP1,2020-04-30,1,200.75620862367123,137,40,538.1042542807372,4.103494303011821,TP1: Take Profit 1 (+1.5R)
1191,META,TP1,2019-07-09,22,197.7341045822467,319,40,1595.6050748662856,5.346464247082024,TP1: Take Profit 1 (+1.5R)
1190,META,TP1,2015-03-20,29,82.80941800332724,28,40,55.16473778876883,4.996049699039342,TP1: Take Profit 1 (+1.5R)
1189,MELI,TP1,2020-06-16,4,930.5728410993304,70,40,1194.99969482422,3.808757928952724,TP1: Take Profit 1 (+1.5R)
1188,MCFT,TP1,2018-09-07,1,32.46785627092634,632,40,871.4828709193641,9.282589267715675,TP1: Take Profit 1 (+1.5R)
1187,LVS,TP1,2020-06-08,4,52.68047916222273,251,40,336.9171760090426,5.392277211754712,TP1: Take Profit 1 (+1.5R)
1186,LRCX,TP1,2021-12-07,8,67.27990000755817,1839,40,2201.570216626133,3.692134444272874,TP1: Take Profit 1 (+1.5R)
1185,LOW,TP1,2021-03-26,7,174.6087445530627,110,40,567.774697366691,6.283678126155643,TP1: Take Profit 1 (+1.5R)
1184,LOW,TP1,2018-06-12,20,87.42462249661824,223,40,556.0324272637849,6.078118806624842,TP1: Take Profit 1 (+1.5R)
1183,LLY,TP1,2022-11-30,30,361.6616822456021,283,40,1276.6464092763715,2.5677931057858974,TP1: Take Profit 1 (+1.5R)
1182,LLY,TP1,2021-11-03,8,253.9353622144921,77,40,584.1536884671061,6.443778851105388,TP1: Take Profit 1 (+1.5R)
1181,LLY,TP1,2021-08-18,14,257.8267381481936,611,40,2013.8680105652452,2.628271490479821,TP1: Take Profit 1 (+1.5R)
1180,LLY,TP1,2020-12-15,6,153.90476044249883,261,40,515.5871497611756,2.645117540804212,TP1: Take Profit 1 (+1.5R)
1179,LII,TP1,2015-11-02,14,118.06130685195173,115,40,430.4161061618336,6.83300127250078,TP1: Take Profit 1 (+1.5R)
1178,LH,TP1,2021-04-16,23,214.67399368018192,283,40,1291.0739566839711,4.455365368906552,TP1: Take Profit 1 (+1.5R)
1177,LH,TP1,2015-01-13,11,93.43799753314732,166,40,165.71960946021113,2.183499301856527,TP1: Take Profit 1 (+1.5R)
1176,LAKE,TP1,2020-06-10,1,16.96420529565466,1273,40,821.7364677556029,8.24415976294449,TP1: Take Profit 1 (+1.5R)
1175,KO,TP1,2020-07-22,1,40.84841848572276,1102,40,484.5838331307996,2.2003639329736013,TP1: Take Profit 1 (+1.5R)
1174,KKR,TP1,2018-07-24,22,24.92804129544124,730,40,463.833453878533,5.371612490178331,TP1: Take Profit 1 (+1.5R)
1173,JOYY,TP1,2021-01-25,12,75.61683085187062,257,40,350.96997403943897,3.762548905850188,TP1: Take Profit 1 (+1.5R)
1172,JD,TP1,2020-08-20,2,66.216766605876,322,40,387.6974048082436,3.7738711270459135,TP1: Take Profit 1 (+1.5R)
1171,JD,TP1,2016-08-19,9,23.239127814793907,471,40,469.2428746876277,9.3999874093238,TP1: Take Profit 1 (+1.5R)
1170,JBL,TP1,2022-01-13,23,67.77886262022972,1262,40,1035.7546946515722,2.4818775338390195,TP1: Take Profit 1 (+1.5R)
1169,JBL,TP1,2019-09-30,6,34.53373719627227,440,40,587.2317534923993,8.376830264204063,TP1: Take Profit 1 (+1.5R)
1168,INVA,TP1,2017-03-30,23,13.436070953096662,1305,40,727.678460393633,9.05902017790892,TP1: Take Profit 1 (+1.5R)
1167,INTC,TP1,2021-01-14,1,53.40851945549837,485,40,465.6761918731824,3.7376134359810687,TP1: Take Profit 1 (+1.5R)
1166,INTC,TP1,2020-12-03,2,45.70494034201609,1062,40,478.6662476359329,2.011992548787405,TP1: Take Profit 1 (+1.5R)
1165,INTC,TP1,2019-11-25,31,51.50241290870106,204,40,201.15472417041835,3.981612931000394,TP1: Take Profit 1 (+1.5R)
1164,INTC,TP1,2015-10-23,9,27.21525765676448,390,40,287.4841141475645,5.727355757063238,TP1: Take Profit 1 (+1.5R)
1163,ILMN,TP1,2019-06-20,13,345.8265042986189,159,40,1538.4745952061264,5.967284855358698,TP1: Take Profit 1 (+1.5R)
1162,ILMN,TP1,2015-11-25,12,174.07414954049247,79,40,504.50445720127664,8.02790195935489,TP1: Take Profit 1 (+1.5R)
1161,IBKR,TP1,2018-05-10,23,18.869949013467828,1717,40,988.7793898469,6.504427113421284,TP1: Take Profit 1 (+1.5R)
1160,IBB,TP1,2020-05-08,21,125.83288929333004,508,40,784.0131242802408,2.5146727588630857,TP1: Take Profit 1 (+1.5R)
1159,IAC,TP1,2016-05-27,23,9.898232562201365,1203,40,364.6169837883536,6.529415611508246,TP1: Take Profit 1 (+1.5R)
1158,HRL,TP1,2021-12-16,2,42.67272333210278,2538,40,1241.8737365023885,2.347152041414905,TP1: Take Profit 1 (+1.5R)
1157,HQY,TP1,2015-03-16,10,24.156072003500803,864,40,849.3428747994564,8.86016864409545,TP1: Take Profit 1 (+1.5R)
1156,HON,TP1,2022-08-08,11,169.68053370518575,200,40,306.46432022560646,1.839346291044297,TP1: Take Profit 1 (+1.5R)
1155,HON,TP1,2021-03-29,19,185.7361277416207,109,40,200.945874854158,2.044458857205726,TP1: Take Profit 1 (+1.5R)
1154,HON,TP1,2020-11-09,4,161.32253805350663,194,40,587.4835636266669,3.900745386248445,TP1: Take Profit 1 (+1.5R)
1153,HON,TP1,2019-02-01,14,117.60772655811842,404,40,400.1177746276152,1.713079121845546,TP1: Take Profit 1 (+1.5R)
1152,HII,TP1,2022-08-17,13,217.27808490839865,190,40,525.0549986709163,2.6100890946628503,TP1: Take Profit 1 (+1.5R)
1151,HD,TP1,2021-03-29,10,262.9544042312488,94,40,253.85983700346,2.097149083216664,TP1: Take Profit 1 (+1.5R)
1150,HD,TP1,2020-05-27,12,214.6260750482965,92,40,286.9781021239834,2.993776867342304,TP1: Take Profit 1 (+1.5R)
1149,HAS,TP1,2015-03-02,21,43.81868899862573,8,40,7.401388684932584,4.4089117908047335,TP1: Take Profit 1 (+1.5R)
1148,HAR,TP1,2017-07-10,4,5819.889814104353,10,40,2879.348972865514,10.981456829460738,TP1: Take Profit 1 (+1.5R)
1147,GWW,TP1,2021-04-21,47,397.3036800844464,125,40,1116.5657140638018,4.748057717004092,TP1: Take Profit 1 (+1.5R)
1146,GWW,TP1,2019-11-05,25,298.2910842141647,122,40,972.0762664585778,5.643836124227768,TP1: Take Profit 1 (+1.5R)
1145,GS,TP1,2022-07-28,9,299.38879119818745,284,40,1212.3948125449615,2.9355228352615224,TP1: Take Profit 1 (+1.5R)
1144,GS,TP1,2020-12-31,10,233.9670321165042,106,40,305.747483668864,2.5279867025981213,TP1: Take Profit 1 (+1.5R)
1143,GS,TP1,2020-05-27,1,177.3606589309891,114,40,359.92308335837106,3.691657202689477,TP1: Take Profit 1 (+1.5R)
1142,GS,TP1,2016-12-08,7,196.96461699320685,49,40,225.5665793213393,5.010826586170948,TP1: Take Profit 1 (+1.5R)
1141,GOOGL,TP1,2021-02-03,14,96.89651745289623,250,40,449.7445445881052,3.856389974755694,TP1: Take Profit 1 (+1.5R)
1140,GOOGL,TP1,2020-10-22,10,79.66673806574113,397,40,400.7292859425247,2.606660123874069,TP1: Take Profit 1 (+1.5R)
1139,GOOGL,TP1,2020-09-02,7,83.2438085143414,293,40,241.45323608700784,2.026950482368149,TP1: Take Profit 1 (+1.5R)
1138,GOOGL,TP1,2020-05-11,12,68.76978617544738,526,40,569.1432477852388,3.2490332762770904,TP1: Take Profit 1 (+1.5R)
1137,GOOGL,TP1,2015-11-11,19,37.68968358697196,88,40,87.68720331504747,5.582829265986058,TP1: Take Profit 1 (+1.5R)
1136,GOOG,TP1,2021-02-03,14,97.1917346923103,332,40,589.1447924196044,3.790008365619888,TP1: Take Profit 1 (+1.5R)
1135,GOOG,TP1,2020-11-27,23,88.44608461260714,616,40,505.3176751849514,1.890021811349408,TP1: Take Profit 1 (+1.5R)
1134,GOOG,TP1,2020-09-02,7,83.69389159438099,388,40,327.8467960921379,2.060793095496005,TP1: Take Profit 1 (+1.5R)
1133,GOOG,TP1,2020-05-08,9,68.78690879125425,706,40,780.9206871628473,3.32294541460252,TP1: Take Profit 1 (+1.5R)
1132,GOOG,TP1,2015-11-12,20,35.4020988453437,180,40,50.705955407104994,1.6171657242762123,TP1: Take Profit 1 (+1.5R)
1131,GMAB,TP1,2020-05-07,6,25.809428896222794,1714,40,693.6805640629346,3.2377155848911774,TP1: Take Profit 1 (+1.5R)
1130,GM,TP1,2015-03-20,38,30.19038148704397,3,40,1.2221788961015925,4.21903600081745,TP1: Take Profit 1 (+1.5R)
1129,GIII,TP1,2021-01-25,3,11.015406431586712,1224,40,560.2285026715949,9.063425896462965,TP1: Take Profit 1 (+1.5R)
1128,GIGM,TP1,2021-01-25,3,11.015406431586712,1633,40,746.9713368954599,9.063425896462965,TP1: Take Profit 1 (+1.5R)
1127,GGAL,TP1,2016-06-22,8,23.64319628577074,915,40,271.4083348909286,2.576612720373008,TP1: Take Profit 1 (+1.5R)
1126,GEVO,TP1,2022-12-27,6,7.789625216177353,14333,40,2426.976308022788,4.545454612316408,TP1: Take Profit 1 (+1.5R)
1125,GEVO,TP1,2021-09-17,23,8.685758427195584,12823,40,4204.038418642366,8.16629586874024,TP1: Take Profit 1 (+1.5R)
1124,GEVO,TP1,2016-06-22,8,23.64319628577074,1043,40,309.41737960213084,2.576612720373008,TP1: Take Profit 1 (+1.5R)
1123,GE,TP1,2022-08-01,6,45.2603250700569,1617,40,1196.0574088032413,3.381149330437805,TP1: Take Profit 1 (+1.5R)
1122,GE,TP1,2021-03-08,5,68.24564817303275,376,40,519.5539573602348,4.220369274545835,TP1: Take Profit 1 (+1.5R)
1121,GE,TP1,2020-10-22,6,36.82066531189957,883,40,588.7976608179729,3.7624979617723215,TP1: Take Profit 1 (+1.5R)
1120,GE,TP1,2019-11-07,8,53.548351440283,176,40,403.3681469597477,9.361307631755873,TP1: Take Profit 1 (+1.5R)
1119,FORM,TP1,2021-04-23,3,154.867853982108,361,40,2215.414156232563,8.633457235053314,TP1: Take Profit 1 (+1.5R)
1118,FISV,TP1,2022-07-28,2,104.81857081821988,923,40,1197.9405844552186,2.542134187521847,TP1: Take Profit 1 (+1.5R)
1117,FFIV,TP1,2021-11-16,20,230.21643011910572,227,40,1604.196120670864,6.571810742462164,TP1: Take Profit 1 (+1.5R)
1116,FFIV,TP1,2018-05-03,16,168.16464614868164,384,40,1822.972412109375,5.983896192919103,TP1: Take Profit 1 (+1.5R)
1115,FFIV,TP1,2015-05-28,35,126.31428555079869,106,40,207.45705332074837,3.1979444249371087,TP1: Take Profit 1 (+1.5R)
1114,FFBC,TP1,2016-12-05,17,19.26015176169585,471,40,272.4047374848533,6.403901473573326,TP1: Take Profit 1 (+1.5R)
1113,FDX,TP1,2020-09-16,5,218.64111437151624,218,40,834.4448820226137,3.628425624558573,TP1: Take Profit 1 (+1.5R)
1112,FCX,TP1,2021-01-05,6,25.75229693240845,1156,40,533.1306664828666,3.714756993211896,TP1: Take Profit 1 (+1.5R)
1111,FAST,TP1,2019-01-18,1,12.302779757863815,2219,40,365.7114185394547,2.7542510457255798,TP1: Take Profit 1 (+1.5R)
1110,F,TP1,2021-01-20,6,7.984772895792429,2643,40,354.38812243988235,3.4766099098139422,TP1: Take Profit 1 (+1.5R)
1109,EXLS,TP1,2021-02-04,7,8.882142509732928,5580,40,1345.1786664554058,5.739796584502866,TP1: Take Profit 1 (+1.5R)
1108,EW,TP1,2022-04-20,19,126.87571552821568,1301,40,2473.715291704449,3.0923180651892954,TP1: Take Profit 1 (+1.5R)
1107,EQR,TP1,2019-01-28,11,54.627519415184246,934,40,353.6854627650661,1.4058922595520018,TP1: Take Profit 1 (+1.5R)
1106,EQIX,TP1,2019-03-11,25,385.55136355041407,103,40,849.6556433660393,4.516210560617084,TP1: Take Profit 1 (+1.5R)
1105,EQIX,TP1,2018-07-06,15,384.0505924015785,107,40,1092.0992439633487,5.669537112266656,TP1: Take Profit 1 (+1.5R)
1104,EQIX,TP1,2016-06-07,14,308.7514459375552,89,40,584.9461896118046,4.499545428629132,TP1: Take Profit 1 (+1.5R)
1103,EOG,TP1,2022-01-13,9,81.18560288992349,559,40,726.9094803975396,3.315606947412273,TP1: Take Profit 1 (+1.5R)
1102,EOG,TP1,2019-12-24,8,62.821622981450126,696,40,1388.963356504605,6.7843792921931305,TP1: Take Profit 1 (+1.5R)
1101,EOG,TP1,2016-09-06,32,69.53194027704885,269,40,435.726423516147,4.905970784333399,TP1: Take Profit 1 (+1.5R)
1100,EME,TP1,2022-11-04,7,143.00141537133229,513,40,1091.370147561065,3.072811294941711,TP1: Take Profit 1 (+1.5R)
1099,EGHT,TP1,2019-04-16,28,22.042141096932543,2850,40,1898.3023677553435,6.432361522693958,TP1: Take Profit 1 (+1.5R)
1098,ECL,TP1,2020-06-03,6,205.4139129085692,98,40,323.57764621617787,3.321571291321709,TP1: Take Profit 1 (+1.5R)
1097,EBAY,TP1,2020-06-26,22,46.2760747689972,372,40,244.92843639138897,2.928917625729078,TP1: Take Profit 1 (+1.5R)
1096,EBAY,TP1,2019-01-28,6,30.10172487297532,587,40,240.83001355996635,2.8072118528701573,TP1: Take Profit 1 (+1.5R)
1095,DUK,TP1,2020-10-02,2,73.89988754945395,269,40,244.21637083581373,2.5285468171843357,TP1: Take Profit 1 (+1.5R)
1094,DSGX,TP1,2020-09-01,5,62.23499952043806,366,40,258.9449680873328,2.326537048197744,TP1: Take Profit 1 (+1.5R)
1093,DPZ,TP1,2019-01-18,1,246.0778573968932,156,40,577.9225168502494,3.104414745643012,TP1: Take Profit 1 (+1.5R)
1092,DOMO,TP1,2019-09-11,5,63.13250119345529,290,40,995.0626066752848,12.19566497221307,TP1: Take Profit 1 (+1.5R)
1091,DOCU,TP1,2019-09-11,5,63.13250119345529,308,40,1056.8251132965092,12.19566497221307,TP1: Take Profit 1 (+1.5R)
1090,DLR,TP1,2015-10-12,5,48.773854460414015,364,40,162.90348536712798,1.869458847114396,TP1: Take Profit 1 (+1.5R)
1089,DIS,TP1,2022-08-11,1,113.33531182569386,354,40,618.092868929064,3.179120914931625,TP1: Take Profit 1 (+1.5R)
1088,DIS,TP1,2021-02-23,15,190.98945483195092,289,40,771.969532910312,2.8879713713752286,TP1: Take Profit 1 (+1.5R)
1087,DIS,TP1,2020-08-12,7,128.17791744566773,164,40,287.320935256668,2.8104606761527964,TP1: Take Profit 1 (+1.5R)
1086,DIS,TP1,2020-05-27,9,118.70667710535268,176,40,399.9696287280673,3.981295552796287,TP1: Take Profit 1 (+1.5R)
1085,DHR,TP1,2022-07-28,7,251.04743447209864,209,40,797.752276895134,3.151778179723688,TP1: Take Profit 1 (+1.5R)
1084,DHR,TP1,2021-04-23,10,222.85945214265297,110,40,662.6453103507961,5.715107954249731,TP1: Take Profit 1 (+1.5R)
1083,DHIL,TP1,2020-10-01,1,58.48714338030134,982,40,1000.2370251246866,3.6087556950031288,TP1: Take Profit 1 (+1.5R)
1082,DHI,TP1,2021-12-02,23,96.03750633510496,711,40,937.4029981688004,2.827257489447164,TP1: Take Profit 1 (+1.5R)
1081,DHI,TP1,2016-07-20,14,30.813540023368077,1248,40,865.1164428433965,4.71131332972784,TP1: Take Profit 1 (+1.5R)
1080,DG,TP1,2016-06-13,18,78.99165341095161,314,40,255.5490215545596,2.1039524465304,TP1: Take Profit 1 (+1.5R)
1079,DG,TP1,2016-04-01,22,76.14262281986682,148,40,236.5710411847928,4.382582144176968,TP1: Take Profit 1 (+1.5R)
1078,DELL,TP1,2018-08-16,45,24.450019357743976,771,40,280.876337771714,3.075609025028659,TP1: Take Profit 1 (+1.5R)
1077,DE,TP1,2022-08-25,2,366.72024630253054,358,40,1684.412674578748,2.6336020606965804,TP1: Take Profit 1 (+1.5R)
1076,DE,TP1,2021-02-24,5,318.3536307311404,72,40,331.1177912819924,2.9751060868843364,TP1: Take Profit 1 (+1.5R)
1075,DD,TP1,2022-11-04,3,23.752212545941973,3222,40,1201.0321715985774,3.240446870274312,TP1: Take Profit 1 (+1.5R)
1074,DD,TP1,2021-05-11,7,31.063772558271904,3012,40,1079.5311005956214,2.3620827210690405,TP1: Take Profit 1 (+1.5R)
1073,DD,TP1,2021-01-05,18,27.758929707080988,837,40,270.7660266785052,2.389294726854758,TP1: Take Profit 1 (+1.5R)
1072,DBX,TP1,2020-12-22,8,24.19928537096296,1806,40,793.9949655532846,3.770521816661501,TP1: Take Profit 1 (+1.5R)
1071,CYBR,TP1,2015-02-13,3,47.77660982949393,4,40,13.753216607230044,16.81322260896236,TP1: Take Profit 1 (+1.5R)
1070,CVX,TP1,2021-02-22,5,80.49054045359111,635,40,582.543895809866,2.336441224401901,TP1: Take Profit 1 (+1.5R)
1069,CVS,TP1,2021-12-16,7,86.78555883159406,960,40,926.5238055713984,2.274764107516373,TP1: Take Profit 1 (+1.5R)
1068,CVS,TP1,2020-11-09,3,57.0279523180096,290,40,259.75397951349214,3.2431549384828444,TP1: Take Profit 1 (+1.5R)
1067,CVS,TP1,2018-01-25,20,63.38518928091583,612,40,796.3256607439358,4.281426121383962,TP1: Take Profit 1 (+1.5R)
1066,CTBI,TP1,2016-12-28,8,34.97295816572793,208,40,190.6844448900017,5.53269309744344,TP1: Take Profit 1 (+1.5R)
1065,CSX,TP1,2021-10-28,13,33.86544325966188,2063,40,1703.1760915927464,5.12818009514758,TP1: Take Profit 1 (+1.5R)
1064,CSGP,TP1,2020-11-24,11,36.49940974160056,895,40,432.15354341146536,2.7208417534130795,TP1: Take Profit 1 (+1.5R)
1063,CSCO,TP1,2022-11-22,5,43.513079983134425,1115,40,591.2639632340484,2.500532547143388,TP1: Take Profit 1 (+1.5R)
1062,CSCO,TP1,2020-11-24,11,36.49940974160056,1193,40,576.2047245486206,2.7208417534130795,TP1: Take Profit 1 (+1.5R)
1061,COST,TP1,2022-11-22,12,504.8055033736956,104,40,640.4653990649815,2.5008976370758607,TP1: Take Profit 1 (+1.5R)
1060,COP,TP1,2022-01-13,6,71.47159034365477,1049,40,963.815427477442,2.6415094638857157,TP1: Take Profit 1 (+1.5R)
1059,COP,TP1,2019-12-20,29,50.876065796523854,425,40,535.9330564070023,5.228720833973672,TP1: Take Profit 1 (+1.5R)
1058,COP,TP1,2016-12-23,23,38.74092810010614,576,40,613.5126590415055,5.818664204100392,TP1: Take Profit 1 (+1.5R)
1057,COLL,TP1,2022-11-15,8,20.96449933733259,4963,40,2442.5439916338264,4.92742651477593,TP1: Take Profit 1 (+1.5R)
1056,CMG,TP1,2022-08-03,7,31.282400948660715,1319,40,713.3017223903117,3.584106484691059,TP1: Take Profit 1 (+1.5R)
1055,CMG,TP1,2021-08-04,14,37.61551414217268,1307,40,1629.7009641783584,7.106286294934848,TP1: Take Profit 1 (+1.5R)
1054,CMG,TP1,2020-07-20,14,23.172728538513184,1483,40,484.8573045730591,2.9057497009815325,TP1: Take Profit 1 (+1.5R)
1053,CMG,TP1,2019-08-27,29,16.521856239863805,3172,40,541.2336451666704,2.109050615076108,TP1: Take Profit 1 (+1.5R)
1052,CMG,TP1,2019-02-11,4,12.06645713533674,1500,40,263.1428412028716,2.9947857659237043,TP1: Take Profit 1 (+1.5R)
1051,CMA,TP1,2022-08-10,21,67.84696615649376,1333,40,1016.309272846917,2.3009159172336835,TP1: Take Profit 1 (+1.5R)
1050,CLX,TP1,2020-05-11,7,172.9464663012101,190,40,425.27432974289,2.657193979808477,TP1: Take Profit 1 (+1.5R)
1049,CGBD,TP1,2020-12-16,5,76.16991930882926,514,40,473.73524900242177,2.4800381399648983,TP1: Take Profit 1 (+1.5R)
1048,CENT,TP1,2020-08-03,4,29.066286087036133,1572,40,680.9002647399902,3.071933690282573,TP1: Take Profit 1 (+1.5R)
1047,CDW,TP1,2021-04-14,19,167.82811043939773,574,40,2662.751131165743,5.851696583887607,TP1: Take Profit 1 (+1.5R)
1046,CCEP,TP1,2020-09-15,12,38.032452018364495,1308,40,660.1848932037391,2.7265677003722706,TP1: Take Profit 1 (+1.5R)
1045,CBOE,TP1,2021-08-12,52,118.85820546703756,861,40,3130.4706878622856,6.524728629511914,TP1: Take Profit 1 (+1.5R)
1044,CBOE,TP1,2021-03-05,15,97.39872362900232,370,40,742.0275356110345,4.294952016344664,TP1: Take Profit 1 (+1.5R)
1043,CAT,TP1,2021-02-22,3,196.5689023205296,156,40,365.1234349563882,2.439482282168,TP1: Take Profit 1 (+1.5R)
1042,CAT,TP1,2021-01-06,33,169.7023551766536,311,40,622.7637492807239,2.4249884844523195,TP1: Take Profit 1 (+1.5R)
1041,CAT,TP1,2020-09-01,22,130.9429562749943,185,40,238.0418332565057,2.015815701739351,TP1: Take Profit 1 (+1.5R)
1040,CAT,TP1,2020-07-27,13,125.65849796968529,247,40,352.76038699003834,2.3356611360634,TP1: Take Profit 1 (+1.5R)
1039,CAT,TP1,2019-11-01,9,127.30636691839612,104,40,407.6723212116765,6.562384746947732,TP1: Take Profit 1 (+1.5R)
1038,CAT,TP1,2016-04-13,40,61.13686197408072,132,40,225.18903347780383,5.910715555315845,TP1: Take Profit 1 (+1.5R)
1037,CAG,TP1,2019-04-10,19,21.58408205066445,2698,40,1966.791327535912,7.244130835972697,TP1: Take Profit 1 (+1.5R)
1036,C,TP1,2022-11-11,1,44.549879115882646,1576,40,893.0816293018535,2.610416827709855,TP1: Take Profit 1 (+1.5R)
1035,C,TP1,2022-08-12,2,48.18937640527748,1099,40,571.7100171028044,2.208717071543757,TP1: Take Profit 1 (+1.5R)
1034,C,TP1,2021-03-08,7,60.65004484654425,601,40,595.8233141927665,3.3855155235031504,TP1: Take Profit 1 (+1.5R)
1033,C,TP1,2021-01-14,8,56.16837734222983,439,40,347.92441211825496,2.9107827402008044,TP1: Take Profit 1 (+1.5R)
1032,C,TP1,2019-11-04,20,59.738673547910274,995,40,1432.5394773714647,5.069575712735214,TP1: Take Profit 1 (+1.5R)
1031,C,TP1,2016-12-06,22,43.26907812964114,795,40,812.3719376945822,4.963944373395232,TP1: Take Profit 1 (+1.5R)
1030,BWA,TP1,2019-11-04,4,35.988088814626025,596,40,792.331593162364,7.977467882192986,TP1: Take Profit 1 (+1.5R)
1029,BSX,TP1,2019-07-11,34,43.05321380070278,934,40,828.0914149965569,4.295579151749449,TP1: Take Profit 1 (+1.5R)
1028,BRKR,TP1,2018-08-23,21,33.71582499056694,1533,40,1078.4826330818903,4.357886034355765,TP1: Take Profit 1 (+1.5R)
1027,BRKR,TP1,2017-05-18,17,25.344396820832813,2328,40,1756.7480318956834,6.331962978410688,TP1: Take Profit 1 (+1.5R)
1026,BLK,TP1,2021-11-03,19,852.2782057220313,162,40,2871.471370027505,4.339991570963839,TP1: Take Profit 1 (+1.5R)
1025,BLK,TP1,2020-10-16,3,576.2434262950633,52,40,321.2981998825826,2.1915116503700105,TP1: Take Profit 1 (+1.5R)
1024,BLK,TP1,2020-05-27,9,466.3910050425589,59,40,474.5036970154565,3.6358108939597527,TP1: Take Profit 1 (+1.5R)
1023,BLDR,TP1,2017-03-01,1,14.182856559753418,2540,40,1578.4283638000488,9.604768312776883,TP1: Take Profit 1 (+1.5R)
1022,BKNG,TP1,2020-05-22,4,1596.542717948602,22,40,706.0476562236856,4.1887216025325165,TP1: Take Profit 1 (+1.5R)
1021,BEN,TP1,2021-06-03,29,28.147317157196525,3130,40,2262.784541549061,5.414944885345292,TP1: Take Profit 1 (+1.5R)
1020,BEN,TP1,2020-12-04,1,18.389918721402346,2371,40,657.496142060872,3.111000269247822,TP1: Take Profit 1 (+1.5R)
1019,BBY,TP1,2020-08-24,3,93.08363497893356,452,40,445.6275489401533,2.1641572536304228,TP1: Take Profit 1 (+1.5R)
1018,BBT,TP1,2022-07-29,9,25.142685385467963,4907,40,1647.7642505223969,2.745027371191376,TP1: Take Profit 1 (+1.5R)
1017,BAND,TP1,2019-04-03,27,68.01911272321429,284,40,968.3138983590272,11.142339665466558,TP1: Take Profit 1 (+1.5R)
1016,BAK,TP1,2016-08-30,26,10.3428536577394,1754,40,977.8364969487824,12.082726861589158,TP1: Take Profit 1 (+1.5R)
1015,BAC,TP1,2022-08-11,1,32.74980626540827,2159,40,790.8644467036454,2.2892966067913645,TP1: Take Profit 1 (+1.5R)
1014,BAC,TP1,2021-10-26,12,42.81214838815297,3882,40,4455.73043186634,5.665793885534425,TP1: Take Profit 1 (+1.5R)
1013,BAC,TP1,2020-11-24,15,25.340326466935387,771,40,342.96264999046105,3.643475546069317,TP1: Take Profit 1 (+1.5R)
1012,BAC,TP1,2018-07-30,14,25.97176710924564,1615,40,888.2049201525645,4.425312277939079,TP1: Take Profit 1 (+1.5R)
1011,BAC,TP1,2016-08-05,18,11.96806481695434,3262,40,902.4127522877928,4.847120749582726,TP1: Take Profit 1 (+1.5R)
1010,BAC,TP1,2016-04-22,8,12.177830650932451,2633,40,1023.1311546935144,6.819558652654371,TP1: Take Profit 1 (+1.5R)
1009,BA,TP1,2022-12-21,19,189.22499520438055,275,40,870.6350119454514,3.475146419247531,TP1: Take Profit 1 (+1.5R)
1008,BA,TP1,2021-03-12,2,258.2199957711356,107,40,682.639969961983,5.249857188188014,TP1: Take Profit 1 (+1.5R)
1007,BA,TP1,2020-11-10,1,187.2435706002372,120,40,473.0141993931369,4.395389140866575,TP1: Take Profit 1 (+1.5R)
1006,BA,TP1,2019-02-07,8,386.18776732720846,46,40,217.1535789457165,2.506052420259779,TP1: Take Profit 1 (+1.5R)
1005,BA,TP1,2015-11-04,14,132.05956079108765,88,40,273.40503760082527,4.937590578262736,TP1: Take Profit 1 (+1.5R)
1004,B,TP1,2017-01-24,26,15.059197616438436,2703,40,1778.1159410510022,9.576826331104348,TP1: Take Profit 1 (+1.5R)
1003,AYI,TP1,2021-05-06,20,33.459640979766846,1541,40,1401.1240243911743,5.751079725727601,TP1: Take Profit 1 (+1.5R)
1002,AYI,TP1,2017-01-18,30,28.396785395486013,408,40,201.3042518070764,3.6000932271696837,TP1: Take Profit 1 (+1.5R)
1001,AYI,TP1,2015-03-18,37,159.77066677388223,7,40,22.150013016959264,4.845112592923613,TP1: Take Profit 1 (+1.5R)
1000,AXP,TP1,2022-08-05,14,150.58966541937968,196,40,398.6383768706935,2.776197819751281,TP1: Take Profit 1 (+1.5R)
999,AXP,TP1,2018-03-22,13,45.17390599152728,935,40,505.7119389245863,2.4560447094323443,TP1: Take Profit 1 (+1.5R)
998,AXON,TP1,2017-12-27,36,28.40000036784581,2338,40,2630.250875949861,8.60420949192348,TP1: Take Profit 1 (+1.5R)
997,AXL,TP1,2020-08-27,16,40.41580030737396,740,40,355.4093385208444,2.4345712078188737,TP1: Take Profit 1 (+1.5R)
996,AXIA,TP1,2020-08-27,16,40.41580030737396,986,40,473.55892943453046,2.4345712078188737,TP1: Take Profit 1 (+1.5R)
995,AVGO,TP1,2019-04-05,21,25.31308355041785,731,40,460.7995151438485,5.249197197256835,TP1: Take Profit 1 (+1.5R)
994,AVGO,TP1,2017-01-20,42,14.515749086218596,1641,40,569.8341496860653,5.028060726713843,TP1: Take Profit 1 (+1.5R)
993,AVGO,TP1,2015-02-19,42,8.359936116804713,2131,40,553.92325439412,6.6342812243758,TP1: Take Profit 1 (+1.5R)
992,AVB,TP1,2021-03-05,8,33.38757590106018,1524,40,675.0276837147916,2.7255889788466834,TP1: Take Profit 1 (+1.5R)
991,AUGZ,TP1,2016-09-30,7,2.8664286647524158,4853,40,1131.5557093279704,19.434522952115763,TP1: Take Profit 1 (+1.5R)
990,ATI,TP1,2022-01-11,6,18.70892773355757,2763,40,2014.7792000429984,8.457552078594585,TP1: Take Profit 1 (+1.5R)
989,ATHM,TP1,2021-01-11,3,93.115432833649,450,40,667.7850935646763,3.292308471469895,TP1: Take Profit 1 (+1.5R)
988,ATHM,TP1,2017-05-16,8,33.19603019280878,1811,40,2498.6257864823,9.071469663794227,TP1: Take Profit 1 (+1.5R)
987,ASC,TP1,2015-07-20,4,11.254584931693342,600,40,280.9615085607371,9.076702218112578,TP1: Take Profit 1 (+1.5R)
986,ASA,TP1,2016-04-11,3,12.185080042818294,993,40,534.8495669605301,9.708738578565674,TP1: Take Profit 1 (+1.5R)
985,ARW,TP1,2015-02-13,7,61.74892970493862,39,40,60.96964699881421,5.481600169500728,TP1: Take Profit 1 (+1.5R)
984,ARLP,TP1,2016-08-23,28,8.905468083369533,2872,40,1215.597989099264,10.50405525246832,TP1: Take Profit 1 (+1.5R)
983,ARLO,TP1,2022-07-20,1,7.304999623979841,22460,40,3537.448347636629,4.5064358108167335,TP1: Take Profit 1 (+1.5R)
982,ARKO,TP1,2021-06-28,18,92.17784032280956,846,40,2290.528885747668,6.241104494891187,TP1: Take Profit 1 (+1.5R)
981,ARKO,TP1,2020-12-03,3,83.10682746648597,787,40,1002.1334781424616,3.165413421922564,TP1: Take Profit 1 (+1.5R)
980,ARKO,TP1,2020-10-07,2,68.6101220248442,812,40,934.231530001785,3.4702089149132584,TP1: Take Profit 1 (+1.5R)
979,ARKO,TP1,2020-04-27,3,41.05640015161451,1574,40,1225.2862074981106,3.9415886181958992,TP1: Take Profit 1 (+1.5R)
978,ARHS,TP1,2021-02-03,1,340.1468484061105,157,40,1211.0945565359946,4.783085922762654,TP1: Take Profit 1 (+1.5R)
977,ARHS,TP1,2020-06-01,6,223.7893502371652,92,40,536.7903355189726,5.501298976332161,TP1: Take Profit 1 (+1.5R)
976,ARE,TP1,2015-10-16,8,64.55991258679967,203,40,125.759041750165,1.966585296333494,TP1: Take Profit 1 (+1.5R)
975,AR,TP1,2015-04-15,8,41.23142637525286,508,40,818.2427256447926,8.475212301955485,TP1: Take Profit 1 (+1.5R)
974,APD,TP1,2021-03-10,22,13.33671406337193,4236,40,1066.1610595158163,3.92244982129222,TP1: Take Profit 1 (+1.5R)
973,APD,TP1,2020-02-12,7,22.76589829407075,1921,40,1243.8139980501091,6.03457833757573,TP1: Take Profit 1 (+1.5R)
972,APD,TP1,2017-11-21,6,18.45689025318816,2438,40,1273.0996283348532,5.997873597090578,TP1: Take Profit 1 (+1.5R)
971,ANGI,TP1,2018-08-22,13,205.4892807006836,102,40,1203.0536270141602,12.968272455041095,TP1: Take Profit 1 (+1.5R)
970,ANET,TP1,2020-07-29,6,15.4200850214277,3254,40,754.6592695372437,3.1012775580618013,TP1: Take Profit 1 (+1.5R)
969,AMZN,TP1,2022-08-03,1,36.038262462598,1198,40,878.4862812888281,4.242166870360639,TP1: Take Profit 1 (+1.5R)
968,AMZN,TP1,2022-03-25,1,50.133586255395656,1868,40,1725.1723487944255,3.825250014136801,TP1: Take Profit 1 (+1.5R)
967,AMZN,TP1,2020-10-15,1,20.43818741879862,1139,40,422.7327283630651,3.7721778463984426,TP1: Take Profit 1 (+1.5R)
966,AMZN,TP1,2019-11-25,19,20.7233173400142,2049,40,2158.354690549538,11.3226219789689,TP1: Take Profit 1 (+1.5R)
965,AMZN,TP1,2015-11-04,12,31.79578617640904,420,40,387.3001098632816,6.157575551149304,TP1: Take Profit 1 (+1.5R)
964,AMSF,TP1,2018-08-20,7,24.196072033473424,1160,40,1604.3216024126327,12.907474049963408,TP1: Take Profit 1 (+1.5R)
963,AMPY,TP1,2021-01-07,9,20.473570823669437,1430,40,474.4535207748413,3.3496788269372324,TP1: Take Profit 1 (+1.5R)
962,AMPH,TP1,2021-01-07,9,20.473570823669437,1906,40,632.3835039138794,3.3496788269372324,TP1: Take Profit 1 (+1.5R)
961,AMN,TP1,2015-06-22,12,30.50071586881365,716,40,612.4359532764976,5.942045498038398,TP1: Take Profit 1 (+1.5R)
960,AMG,TP1,2017-07-26,7,63.08499758584159,624,40,1271.399770464215,6.905608168474362,TP1: Take Profit 1 (+1.5R)
959,AMD,TP1,2015-10-21,6,2.0564286027635847,2993,40,129.29714693341947,4.387237202952113,TP1: Take Profit 1 (+1.5R)
958,AMAT,TP1,2020-08-25,1,49.77785655430385,751,40,580.4463795253216,3.2093241276355884,TP1: Take Profit 1 (+1.5R)
957,AMAT,TP1,2016-08-15,6,65.96214539664132,327,40,795.7894011906209,7.993031138228322,TP1: Take Profit 1 (+1.5R)
956,AMAL,TP1,2020-08-03,17,34.49666397287566,696,40,1564.8390625607294,14.988879909585531,TP1: Take Profit 1 (+1.5R)
955,ALTG,TP1,2019-01-25,7,62.288287026541575,620,40,591.5686471121655,3.160460292595201,TP1: Take Profit 1 (+1.5R)
954,ALNY,TP1,2016-10-19,21,29.841607298169816,1382,40,1079.0701685632969,5.52194686565809,TP1: Take Profit 1 (+1.5R)
953,ALNY,TP1,2016-06-20,4,24.62303536278861,1064,40,1092.214975357056,9.0963034812765,TP1: Take Profit 1 (+1.5R)
952,ALEX,TP1,2022-11-10,13,26.514214651925226,3201,40,1846.7424665178555,4.551317089095523,TP1: Take Profit 1 (+1.5R)
951,ALEX,TP1,2022-08-01,4,25.157428332737517,2438,40,1106.1551376070288,3.741972506134076,TP1: Take Profit 1 (+1.5R)
950,ALB,TP1,2017-04-06,37,93.90466935356788,178,40,355.0139474065064,4.436287101707383,TP1: Take Profit 1 (+1.5R)
949,AL,TP1,2016-12-08,23,31.756954879449864,593,40,426.8376817927458,4.7567945064028,TP1: Take Profit 1 (+1.5R)
948,AJG,TP1,2018-06-13,35,80.74464879717145,800,40,1377.8582981654552,4.456203893170876,TP1: Take Profit 1 (+1.5R)
947,AIZN,TP1,2020-12-07,5,3.019545875798568,7922,40,424.7778138458646,3.68230708170803,TP1: Take Profit 1 (+1.5R)
946,AIXI,TP1,2020-12-07,5,3.019545875798568,8394,40,450.0864642037601,3.68230708170803,TP1: Take Profit 1 (+1.5R)
945,AIT,TP1,2016-11-21,10,51.011794012409766,841,40,1169.2316681955,5.7723525172686845,TP1: Take Profit 1 (+1.5R)
944,AIG,TP1,2015-03-06,21,42.77835578829729,4,40,2.682253263606299,3.236525846692538,TP1: Take Profit 1 (+1.5R)
943,AGRW,TP1,2022-12-16,1,73.87642969403949,698,40,1213.2734306880427,4.938108086379306,TP1: Take Profit 1 (+1.5R)
942,AGRW,TP1,2020-02-05,8,34.67214291436331,1298,40,2324.8106523922493,11.521848646492366,TP1: Take Profit 1 (+1.5R)
941,AGRO,TP1,2015-02-26,2,7.77160207175832,777,40,150.39929259344882,5.249571419793278,TP1: Take Profit 1 (+1.5R)
940,AGRH,TP1,2020-07-20,7,33.524285725184846,1209,40,866.3084858485612,4.469571722583143,TP1: Take Profit 1 (+1.5R)
939,AGQI,TP1,2020-07-20,7,33.524285725184846,1377,40,986.7884739467056,4.469571722583143,TP1: Take Profit 1 (+1.5R)
938,AGIO,TP1,2019-12-18,9,46.99500111171177,909,40,2281.349950517926,11.972837133323448,TP1: Take Profit 1 (+1.5R)
937,AGCO,TP1,2021-01-06,1,90.97968765304674,397,40,438.8889524223949,2.497221762894116,TP1: Take Profit 1 (+1.5R)
936,AFSM,TP1,2021-01-29,1,17.828380069537033,1547,40,913.158634587698,7.096253660234182,TP1: Take Profit 1 (+1.5R)
935,AFSM,TP1,2018-06-13,34,7.632369688700813,5623,40,1387.7470234139362,6.915621667024381,TP1: Take Profit 1 (+1.5R)
934,AFRIW,TP1,2022-11-01,1,62.09629417220686,1440,40,1088.2066208834708,2.494678017395423,TP1: Take Profit 1 (+1.5R)
933,AFRI,TP1,2022-11-01,1,62.09629417220686,1639,40,1237.8350312549485,2.494678017395423,TP1: Take Profit 1 (+1.5R)
932,AES,TP1,2016-09-07,69,9.227386392886798,4218,40,953.8383286236472,5.15401081650904,TP1: Take Profit 1 (+1.5R)
931,AEP,TP1,2022-11-15,5,11.361776264512804,8482,40,2550.643779049418,5.589270028126974,TP1: Take Profit 1 (+1.5R)
930,AEP,TP1,2021-04-23,8,32.919101881624975,1344,40,1952.420766209796,9.680201726336616,TP1: Take Profit 1 (+1.5R)
929,AEP,TP1,2021-01-11,5,19.73454998822144,1679,40,589.3197658624157,3.6906372675876375,TP1: Take Profit 1 (+1.5R)
928,AEP,TP1,2020-09-14,6,11.998008171498412,4401,40,1306.068340455687,5.205626881950449,TP1: Take Profit 1 (+1.5R)
927,AEP,TP1,2018-08-14,20,22.565336158034057,1225,40,933.1071200132296,7.246376613215358,TP1: Take Profit 1 (+1.5R)
926,AEP,TP1,2017-12-08,21,13.47200650294247,1759,40,1233.3196232214411,11.625687037911485,TP1: Take Profit 1 (+1.5R)
925,AEO,TP1,2020-09-14,6,11.998008171498412,5868,40,1741.8202322259024,5.205626881950449,TP1: Take Profit 1 (+1.5R)
924,AEM,TP1,2015-01-06,4,23.4297350353832,842,40,494.2618775544065,5.275133338541001,TP1: Take Profit 1 (+1.5R)
923,AEIS,TP1,2015-05-27,14,27.99619925392709,516,40,512.4053938413147,7.635745295398679,TP1: Take Profit 1 (+1.5R)
922,ADTN,TP1,2017-07-20,1,20.206268574276567,957,40,666.3873102058593,7.410718602564303,TP1: Take Profit 1 (+1.5R)
921,ADTN,TP1,2015-12-17,1,14.444179959603543,1435,40,295.4622128442123,2.9367038830912064,TP1: Take Profit 1 (+1.5R)
920,ADSE,TP1,2021-01-07,20,312.9778616768973,131,40,518.5610089983248,2.615692353081084,TP1: Take Profit 1 (+1.5R)
919,ADSE,TP1,2019-11-26,11,169.31072180611747,229,40,861.9222858973917,4.674325691571852,TP1: Take Profit 1 (+1.5R)
918,ADS-DE,TP1,2022-03-30,12,208.45896423567717,399,40,2044.6529746966264,5.184384790798987,TP1: Take Profit 1 (+1.5R)
917,ADPV,TP1,2022-03-30,12,208.45896423567717,454,40,2332.3428404830865,5.184384790798987,TP1: Take Profit 1 (+1.5R)
916,ADPT,TP1,2022-07-29,2,222.469620113594,244,40,658.4027847178401,2.4861439333462214,TP1: Take Profit 1 (+1.5R)
915,ADPT,TP1,2022-03-30,12,208.45896423567717,517,40,2650.856620460953,5.184384790798987,TP1: Take Profit 1 (+1.5R)
914,ADEA,TP1,2017-01-03,18,22.29567499814694,2040,40,9681.280003542008,74.12749865417581,TP1: Take Profit 1 (+1.5R)
913,ADBE,TP1,2016-04-06,20,95.35999597821916,266,40,718.1995868682869,6.002664460540855,TP1: Take Profit 1 (+1.5R)
912,ADBE,TP1,2015-03-02,17,79.41000584193638,4,40,5.800007411411826,3.790358939661627,TP1: Take Profit 1 (+1.5R)
911,AD,TP1,2021-06-25,17,40.56132638162731,5396,40,80987.4421763396,284.6957341110278,TP1: Take Profit 1 (+1.5R)
910,AD,TP1,2020-11-16,6,6.577867003549641,5744,40,778.8580789943735,4.300048103729581,TP1: Take Profit 1 (+1.5R)
909,ACM,TP1,2016-11-14,5,33.78432675259937,356,40,641.9313442136644,11.95029274819269,TP1: Take Profit 1 (+1.5R)
908,ACDC,TP1,2020-11-24,8,6.231956940976282,6078,40,1005.2462513883042,5.605356858775397,TP1: Take Profit 1 (+1.5R)
907,ACCL,TP1,2020-11-13,9,51.32357243129185,1549,40,1697.824235098701,4.464830684891266,TP1: Take Profit 1 (+1.5R)
906,ACCL,TP1,2018-10-11,21,20.38857242039272,987,40,630.3359023502887,6.690590105730154,TP1: Take Profit 1 (+1.5R)
905,ABSI,TP1,2021-02-24,2,9.84864911808225,3550,40,521.3011248730929,3.0737002090228973,TP1: Take Profit 1 (+1.5R)
904,ABEQ,TP1,2020-11-10,1,2.1513083569571005,15700,40,728.9681762518807,4.511276003258777,TP1: Take Profit 1 (+1.5R)
903,ABEO,TP1,2016-11-11,2,36.8880436501214,330,40,401.6281391596788,7.064824453363962,TP1: Take Profit 1 (+1.5R)
902,ABCB,TP1,2019-10-17,34,37.81267968964609,71,40,69.93873084903889,5.57945342035772,TP1: Take Profit 1 (+1.5R)
901,ABCB,TP1,2016-11-11,2,36.8880436501214,350,40,425.9692385026897,7.064824453363962,TP1: Take Profit 1 (+1.5R)
900,ABBV,TP1,2015-04-24,14,42.21824219259908,484,40,560.0984698619066,5.800092512800897,TP1: Take Profit 1 (+1.5R)
899,AB,TP1,2015-02-26,13,11.274038768756071,60,40,19.17936733209132,6.011553216145697,TP1: Take Profit 1 (+1.5R)
898,AAVM,TP1,2016-03-29,33,26.74381685506973,1169,40,748.9264121351392,5.036674362141428,TP1: Take Profit 1 (+1.5R)
897,AAT,TP1,2021-03-08,5,27.20282308907071,1254,40,624.5803341868118,3.8010949881814833,TP1: Take Profit 1 (+1.5R)
896,AAT,TP1,2020-06-04,1,23.3065417773418,649,40,358.6886154485855,4.986890324523025,TP1: Take Profit 1 (+1.5R)
895,AAT,TP1,2016-03-29,33,26.74381685506973,1438,40,922.0515245293924,5.036674362141428,TP1: Take Profit 1 (+1.5R)
894,AAPL,TP1,2021-01-08,2,10.051142624446324,4448,40,1047.82136644636,4.917982301590736,TP1: Take Profit 1 (+1.5R)
893,AAPL,TP1,2020-01-15,13,14.239464487348284,4773,40,4150.362266813007,13.915715898786274,TP1: Take Profit 1 (+1.5R)
892,AAPL,TP1,2017-02-24,11,39.98999793188913,882,40,2676.869895458223,17.89504743694552,TP1: Take Profit 1 (+1.5R)
891,AAPB,TP1,2021-01-15,7,10.677928039005824,5311,40,1295.450057642799,4.788306955005483,TP1: Take Profit 1 (+1.5R)
890,AAMI,TP1,2015-03-20,31,17.16610409190321,7,40,4.56139973908854,9.71815036945527,TP1: Take Profit 1 (+1.5R)
889,WMT,STOP_BE,2022-12-09,24,47.20346832275391,476,100,0,0,STOP: Stop Loss (Breakeven)
888,WFC,STOP_BE,2021-02-26,9,32.71345138549805,573,100,0,0,STOP: Stop Loss (Breakeven)
887,TSLA,STOP_BE,2018-08-14,12,23.30266761779785,1063,100,0,0,STOP: Stop Loss (Breakeven)
886,TSLA,STOP_BE,2018-07-03,27,21.299999237060547,430,100,0,0,STOP: Stop Loss (Breakeven)
885,TSLA,STOP_BE,2017-07-03,27,23.523332595825195,982,100,0,0,STOP: Stop Loss (Breakeven)
884,TSLA,STOP_BE,2016-04-08,3,17.031333923339844,1972,100,0,0,STOP: Stop Loss (Breakeven)
883,TMO,STOP_BE,2020-09-04,44,405.0054931640625,57,100,0,0,STOP: Stop Loss (Breakeven)
882,TMO,STOP_BE,2016-03-10,8,134.21810913085938,51,100,0,0,STOP: Stop Loss (Breakeven)
881,TGT,STOP_BE,2022-04-27,19,206.7758331298828,99,100,0,0,STOP: Stop Loss (Breakeven)
880,TGT,STOP_BE,2016-12-22,36,58.3564453125,154,100,0,0,STOP: Stop Loss (Breakeven)
879,TGT,STOP_BE,2016-04-29,58,60.77176284790039,298,100,0,0,STOP: Stop Loss (Breakeven)
878,T,STOP_BE,2022-01-26,21,15.379457473754885,2563,100,0,0,STOP: Stop Loss (Breakeven)
877,SLP,STOP_BE,2020-10-02,4,71.2647933959961,1036,100,0,0,STOP: Stop Loss (Breakeven)
876,SLB,STOP_BE,2020-01-15,35,33.33769989013672,515,100,0,0,STOP: Stop Loss (Breakeven)
875,SLB,STOP_BE,2019-09-20,10,32.07439422607422,687,100,0,0,STOP: Stop Loss (Breakeven)
874,SCHW,STOP_BE,2022-08-22,11,69.27825164794922,311,100,0,0,STOP: Stop Loss (Breakeven)
873,SCHW,STOP_BE,2019-12-30,39,44.185829162597656,116,100,0,0,STOP: Stop Loss (Breakeven)
872,SCHW,STOP_BE,2017-08-10,62,36.91222381591797,624,100,0,0,STOP: Stop Loss (Breakeven)
871,SBUX,STOP_BE,2022-08-22,19,80.22852325439453,234,100,0,0,STOP: Stop Loss (Breakeven)
870,RPD,STOP_BE,2019-06-03,84,48.88999938964844,388,100,0,0,STOP: Stop Loss (Breakeven)
869,RARE,STOP_BE,2017-06-27,13,61.72999954223633,922,100,0,0,STOP: Stop Loss (Breakeven)
868,QCOM,STOP_BE,2019-12-02,35,72.14923858642578,51,100,0,0,STOP: Stop Loss (Breakeven)
867,QCOM,STOP_BE,2018-06-27,44,46.47660827636719,607,100,0,0,STOP: Stop Loss (Breakeven)
866,PFE,STOP_BE,2022-12-16,3,44.61405944824219,754,100,0,0,STOP: Stop Loss (Breakeven)
865,ORCL,STOP_BE,2021-03-11,6,65.34122467041016,272,100,0,0,STOP: Stop Loss (Breakeven)
864,NVDA,STOP_BE,2021-09-28,39,20.769550323486328,2430,100,0,0,STOP: Stop Loss (Breakeven)
863,NVDA,STOP_BE,2021-04-20,8,15.171584129333496,1812,100,0,0,STOP: Stop Loss (Breakeven)
862,NVDA,STOP_BE,2021-02-22,14,14.398260116577148,1400,100,0,0,STOP: Stop Loss (Breakeven)
861,NVDA,STOP_BE,2020-05-28,13,8.458046913146973,2323,100,0,0,STOP: Stop Loss (Breakeven)
860,NVDA,STOP_BE,2020-02-25,15,6.545012950897217,1956,100,0,0,STOP: Stop Loss (Breakeven)
859,NVDA,STOP_BE,2019-03-25,6,4.360692024230957,6986,100,0,0,STOP: Stop Loss (Breakeven)
858,NVDA,STOP_BE,2018-09-20,28,6.605271816253662,9510,100,0,0,STOP: Stop Loss (Breakeven)
857,NVDA,STOP_BE,2017-09-22,7,4.449770450592041,9033,100,0,0,STOP: Stop Loss (Breakeven)
856,NVDA,STOP_BE,2015-03-25,41,0.5350795984268188,13,100,0,0,STOP: Stop Loss (Breakeven)
855,NKE,STOP_BE,2020-06-11,9,93.4167938232422,72,100,0,0,STOP: Stop Loss (Breakeven)
854,NFLX,STOP_BE,2021-11-05,15,65.31600189208984,127,100,0,0,STOP: Stop Loss (Breakeven)
853,NFLX,STOP_BE,2021-01-05,22,52.242000579833984,302,100,0,0,STOP: Stop Loss (Breakeven)
852,NFLX,STOP_BE,2020-10-16,9,53.46599960327149,479,100,0,0,STOP: Stop Loss (Breakeven)
851,NFLX,STOP_BE,2020-07-23,22,48.56399917602539,547,100,0,0,STOP: Stop Loss (Breakeven)
850,NFLX,STOP_BE,2017-10-20,15,19.43899917602539,900,100,0,0,STOP: Stop Loss (Breakeven)
849,NFLX,STOP_BE,2015-12-21,34,11.710000038146973,556,100,0,0,STOP: Stop Loss (Breakeven)
848,NEM,STOP_BE,2022-01-06,21,52.25614929199219,1449,100,0,0,STOP: Stop Loss (Breakeven)
847,NEM,STOP_BE,2021-06-17,38,58.93958282470703,215,100,0,0,STOP: Stop Loss (Breakeven)
846,NEM,STOP_BE,2021-01-08,4,53.92822265625,228,100,0,0,STOP: Stop Loss (Breakeven)
845,NEM,STOP_BE,2019-07-26,36,31.304834365844727,340,100,0,0,STOP: Stop Loss (Breakeven)
844,NEM,STOP_BE,2017-10-26,93,28.631153106689453,1071,100,0,0,STOP: Stop Loss (Breakeven)
843,NEM,STOP_BE,2016-05-09,18,25.28403854370117,211,100,0,0,STOP: Stop Loss (Breakeven)
842,NEM,STOP_BE,2015-06-09,46,19.52699089050293,333,100,0,0,STOP: Stop Loss (Breakeven)
841,MU,STOP_BE,2022-01-19,29,88.599853515625,354,100,0,0,STOP: Stop Loss (Breakeven)
840,MSFT,STOP_BE,2020-09-03,7,216.8448181152344,72,100,0,0,STOP: Stop Loss (Breakeven)
839,MSFT,STOP_BE,2016-01-07,73,47.18383407592773,17,100,0,0,STOP: Stop Loss (Breakeven)
838,MRVL,STOP_BE,2021-12-16,13,82.19078826904297,282,100,0,0,STOP: Stop Loss (Breakeven)
837,MRNA,STOP_BE,2020-01-29,7,21.96999931335449,864,100,0,0,STOP: Stop Loss (Breakeven)
836,MPAA,STOP_BE,2015-11-11,2,38.70000076293945,147,100,0,0,STOP: Stop Loss (Breakeven)
835,META,STOP_BE,2019-08-05,49,187.6988525390625,160,100,0,0,STOP: Stop Loss (Breakeven)
834,META,STOP_BE,2019-03-15,43,165.53369140625,97,100,0,0,STOP: Stop Loss (Breakeven)
833,META,STOP_BE,2016-05-23,25,115.9202651977539,105,100,0,0,STOP: Stop Loss (Breakeven)
832,META,STOP_BE,2015-04-30,70,78.86907958984375,14,100,0,0,STOP: Stop Loss (Breakeven)
831,LVS,STOP_BE,2020-06-10,6,49.98514175415039,126,100,0,0,STOP: Stop Loss (Breakeven)
830,LRCX,STOP_BE,2021-12-16,17,64.88428497314453,920,100,0,0,STOP: Stop Loss (Breakeven)
829,LLY,STOP_BE,2022-12-09,39,352.6074523925781,142,100,0,0,STOP: Stop Loss (Breakeven)
828,LLY,STOP_BE,2021-12-03,38,238.5628967285156,39,100,0,0,STOP: Stop Loss (Breakeven)
827,LLY,STOP_BE,2021-08-26,22,251.2238922119141,306,100,0,0,STOP: Stop Loss (Breakeven)
826,LLY,STOP_BE,2021-06-16,9,212.9856719970703,123,100,0,0,STOP: Stop Loss (Breakeven)
825,KRNT,STOP_BE,2017-05-01,14,19.799999237060547,1808,100,0,0,STOP: Stop Loss (Breakeven)
824,KOPN,STOP_BE,2017-04-12,30,3.700000047683716,4119,100,0,0,STOP: Stop Loss (Breakeven)
823,KO,STOP_BE,2020-08-03,13,39.96895599365234,551,100,0,0,STOP: Stop Loss (Breakeven)
822,KKR,STOP_BE,2018-08-10,39,23.657264709472656,365,100,0,0,STOP: Stop Loss (Breakeven)
821,JBL,STOP_BE,2022-01-19,29,66.13741302490234,631,100,0,0,STOP: Stop Loss (Breakeven)
820,IPGP,STOP_BE,2021-04-12,4,231.1699981689453,95,100,0,0,STOP: Stop Loss (Breakeven)
819,INVA,STOP_BE,2017-04-28,52,12.31999969482422,653,100,0,0,STOP: Stop Loss (Breakeven)
818,INTC,STOP_BE,2021-01-22,9,51.48423767089844,243,100,0,0,STOP: Stop Loss (Breakeven)
817,INTC,STOP_BE,2020-12-18,17,44.803497314453125,531,100,0,0,STOP: Stop Loss (Breakeven)
816,INTC,STOP_BE,2019-12-03,39,49.53030776977539,102,100,0,0,STOP: Stop Loss (Breakeven)
815,INTC,STOP_BE,2015-11-12,29,25.74098014831543,195,100,0,0,STOP: Stop Loss (Breakeven)
814,ILMN,STOP_BE,2019-07-12,35,326.3521423339844,33,100,0,0,STOP: Stop Loss (Breakeven)
813,ICLR,STOP_BE,2018-10-08,59,147.5500030517578,120,100,0,0,STOP: Stop Loss (Breakeven)
812,ICLR,STOP_BE,2017-09-14,16,111.98999786376952,548,100,0,0,STOP: Stop Loss (Breakeven)
811,IBKR,STOP_BE,2018-05-29,42,17.717525482177734,859,100,0,0,STOP: Stop Loss (Breakeven)
810,HRL,STOP_BE,2021-12-21,7,41.69409942626953,1269,100,0,0,STOP: Stop Loss (Breakeven)
809,HPE,STOP_BE,2018-03-23,28,14.1620454788208,1264,100,0,0,STOP: Stop Loss (Breakeven)
808,HOTH,STOP_BE,2021-01-05,5,59.25,422,100,0,0,STOP: Stop Loss (Breakeven)
807,HII,STOP_BE,2022-09-01,28,211.75119018554688,95,100,0,0,STOP: Stop Loss (Breakeven)
806,HAR,STOP_BE,2021-12-31,8,14350,3,100,0,0,STOP: Stop Loss (Breakeven)
805,GS,STOP_BE,2021-11-09,25,364.99420166015625,91,100,0,0,STOP: Stop Loss (Breakeven)
804,GS,STOP_BE,2020-06-11,16,171.0462188720703,57,100,0,0,STOP: Stop Loss (Breakeven)
803,GOOGL,STOP_BE,2020-10-28,16,77.64285278320312,199,100,0,0,STOP: Stop Loss (Breakeven)
802,GOOGL,STOP_BE,2020-09-03,8,81.59001922607422,147,100,0,0,STOP: Stop Loss (Breakeven)
801,GOOG,STOP_BE,2020-12-17,43,86.8054428100586,308,100,0,0,STOP: Stop Loss (Breakeven)
800,GOOG,STOP_BE,2020-09-03,8,82.00395965576172,194,100,0,0,STOP: Stop Loss (Breakeven)
799,GM,STOP_BE,2015-04-01,50,28.968202590942383,2,100,0,0,STOP: Stop Loss (Breakeven)
798,GGAL,STOP_BE,2016-06-24,10,23.049304962158203,458,100,0,0,STOP: Stop Loss (Breakeven)
797,GEVO,STOP_BE,2021-09-20,26,8.030004501342773,6412,100,0,0,STOP: Stop Loss (Breakeven)
796,GEVO,STOP_BE,2016-06-24,10,23.049304962158203,522,100,0,0,STOP: Stop Loss (Breakeven)
795,GE,STOP_BE,2021-11-11,16,65.5823974609375,562,100,0,0,STOP: Stop Loss (Breakeven)
794,GE,STOP_BE,2021-03-10,7,65.48206329345703,188,100,0,0,STOP: Stop Loss (Breakeven)
793,GE,STOP_BE,2020-10-27,11,35.48552322387695,442,100,0,0,STOP: Stop Loss (Breakeven)
792,GE,STOP_BE,2020-09-21,5,32.802757263183594,1281,100,0,0,STOP: Stop Loss (Breakeven)
791,GE,STOP_BE,2019-02-07,7,47.16769790649414,487,100,0,0,STOP: Stop Loss (Breakeven)
790,GE,STOP_BE,2018-10-11,6,61.103981018066406,632,100,0,0,STOP: Stop Loss (Breakeven)
789,GDDY,STOP_BE,2018-03-22,27,61.47999954223633,308,100,0,0,STOP: Stop Loss (Breakeven)
788,FORM,STOP_BE,2021-06-18,59,142.55999755859375,181,100,0,0,STOP: Stop Loss (Breakeven)
787,FFIV,STOP_BE,2015-06-29,67,122.4000015258789,53,100,0,0,STOP: Stop Loss (Breakeven)
786,FAST,STOP_BE,2019-10-31,20,15.487581253051758,1091,100,0,0,STOP: Stop Loss (Breakeven)
785,EW,STOP_BE,2022-04-22,21,123.06999969482422,651,100,0,0,STOP: Stop Loss (Breakeven)
784,EQT,STOP_BE,2022-01-13,2,22.10251808166504,2736,100,0,0,STOP: Stop Loss (Breakeven)
783,EQT,STOP_BE,2015-02-26,17,39.95017623901367,16,100,0,0,STOP: Stop Loss (Breakeven)
782,EQIX,STOP_BE,2018-10-09,110,363.4449462890625,54,100,0,0,STOP: Stop Loss (Breakeven)
781,EPAM,STOP_BE,2015-04-27,21,66.06999969482422,77,100,0,0,STOP: Stop Loss (Breakeven)
780,EOG,STOP_BE,2020-01-27,42,58.83034896850586,140,100,0,0,STOP: Stop Loss (Breakeven)
779,EOG,STOP_BE,2016-12-23,23,75.49829864501953,140,100,0,0,STOP: Stop Loss (Breakeven)
778,EOG,STOP_BE,2016-09-14,40,66.2802505493164,135,100,0,0,STOP: Stop Loss (Breakeven)
777,ECL,STOP_BE,2020-06-11,14,198.81028747558597,49,100,0,0,STOP: Stop Loss (Breakeven)
776,DSGX,STOP_BE,2020-09-03,7,60.81999969482422,183,100,0,0,STOP: Stop Loss (Breakeven)
775,DIS,STOP_BE,2022-08-30,20,109.84326171875,177,100,0,0,STOP: Stop Loss (Breakeven)
774,DIS,STOP_BE,2021-02-26,18,185.6285552978516,145,100,0,0,STOP: Stop Loss (Breakeven)
773,DIS,STOP_BE,2020-08-21,16,124.67400360107422,82,100,0,0,STOP: Stop Loss (Breakeven)
772,DIS,STOP_BE,2020-05-28,10,114.16156768798828,88,100,0,0,STOP: Stop Loss (Breakeven)
771,DHR,STOP_BE,2021-06-02,50,210.8113555908203,55,100,0,0,STOP: Stop Loss (Breakeven)
770,DHI,STOP_BE,2016-08-02,27,29.427135467529297,624,100,0,0,STOP: Stop Loss (Breakeven)
769,DG,STOP_BE,2016-04-08,29,72.94571685791016,74,100,0,0,STOP: Stop Loss (Breakeven)
768,DE,STOP_BE,2022-08-30,7,357.31011962890625,179,100,0,0,STOP: Stop Loss (Breakeven)
767,DD,STOP_BE,2021-11-26,24,29.80670928955078,1261,100,0,0,STOP: Stop Loss (Breakeven)
766,DD,STOP_BE,2021-06-17,44,30.34695243835449,1506,100,0,0,STOP: Stop Loss (Breakeven)
765,DD,STOP_BE,2015-03-10,33,21.983789443969727,483,100,0,0,STOP: Stop Loss (Breakeven)
764,DBX,STOP_BE,2021-03-18,6,27.059999465942383,908,100,0,0,STOP: Stop Loss (Breakeven)
763,DBX,STOP_BE,2020-12-29,15,23.31999969482422,903,100,0,0,STOP: Stop Loss (Breakeven)
762,CWST,STOP_BE,2017-10-04,20,18.190000534057617,3385,100,0,0,STOP: Stop Loss (Breakeven)
761,CVX,STOP_BE,2016-04-05,27,61.279109954833984,287,100,0,0,STOP: Stop Loss (Breakeven)
760,CVS,STOP_BE,2018-06-28,15,53.74127578735352,776,100,0,0,STOP: Stop Loss (Breakeven)
759,CVS,STOP_BE,2018-02-02,28,60.78281784057617,306,100,0,0,STOP: Stop Loss (Breakeven)
758,CVAC,STOP_BE,2018-01-24,6,12.920000076293944,3284,100,0,0,STOP: Stop Loss (Breakeven)
757,CTBI,STOP_BE,2017-01-19,30,33.13945388793945,104,100,0,0,STOP: Stop Loss (Breakeven)
756,CSIQ,STOP_BE,2020-09-03,6,32.52000045776367,939,100,0,0,STOP: Stop Loss (Breakeven)
755,COST,STOP_BE,2022-12-01,21,492.4888610839844,52,100,0,0,STOP: Stop Loss (Breakeven)
754,COP,STOP_BE,2020-06-10,5,39.68641662597656,237,100,0,0,STOP: Stop Loss (Breakeven)
753,COP,STOP_BE,2017-01-30,61,36.61067581176758,288,100,0,0,STOP: Stop Loss (Breakeven)
752,COLL,STOP_BE,2017-10-13,8,11.380000114440918,1629,100,0,0,STOP: Stop Loss (Breakeven)
751,CMG,STOP_BE,2020-07-23,17,22.518400192260746,742,100,0,0,STOP: Stop Loss (Breakeven)
750,CMG,STOP_BE,2019-09-10,43,16.180599212646484,1586,100,0,0,STOP: Stop Loss (Breakeven)
749,CMG,STOP_BE,2017-12-20,21,6.03980016708374,6589,100,0,0,STOP: Stop Loss (Breakeven)
748,CLX,STOP_BE,2020-05-22,18,168.4698944091797,95,100,0,0,STOP: Stop Loss (Breakeven)
747,CGBD,STOP_BE,2021-03-08,87,74.32659149169922,103,100,0,0,STOP: Stop Loss (Breakeven)
746,CENT,STOP_BE,2020-09-17,49,28.200000762939453,786,100,0,0,STOP: Stop Loss (Breakeven)
745,CENT,STOP_BE,2019-05-23,16,21.18400001525879,2860,100,0,0,STOP: Stop Loss (Breakeven)
744,CCI,STOP_BE,2022-01-05,19,164.52810668945312,277,100,0,0,STOP: Stop Loss (Breakeven)
743,CCEP,STOP_BE,2020-09-17,14,37.02299499511719,654,100,0,0,STOP: Stop Loss (Breakeven)
742,CBOE,STOP_BE,2021-03-25,35,93.38776397705078,185,100,0,0,STOP: Stop Loss (Breakeven)
741,CAT,STOP_BE,2021-01-27,54,165.6845245361328,156,100,0,0,STOP: Stop Loss (Breakeven)
740,CAT,STOP_BE,2020-07-31,17,122.79052734375,124,100,0,0,STOP: Stop Loss (Breakeven)
739,CAT,STOP_BE,2016-12-16,36,76.16703796386719,303,100,0,0,STOP: Stop Loss (Breakeven)
738,CAT,STOP_BE,2016-05-09,66,57.72490692138672,66,100,0,0,STOP: Stop Loss (Breakeven)
737,C,STOP_BE,2022-11-16,6,43.4165267944336,788,100,0,0,STOP: Stop Loss (Breakeven)
736,C,STOP_BE,2022-08-19,9,47.14801025390625,550,100,0,0,STOP: Stop Loss (Breakeven)
735,C,STOP_BE,2021-06-17,108,58.66396713256836,121,100,0,0,STOP: Stop Loss (Breakeven)
734,C,STOP_BE,2021-01-15,9,54.579681396484375,220,100,0,0,STOP: Stop Loss (Breakeven)
733,C,STOP_BE,2020-02-25,133,56.85630035400391,200,100,0,0,STOP: Stop Loss (Breakeven)
732,C,STOP_BE,2018-12-20,766,41.222801208496094,160,100,0,0,STOP: Stop Loss (Breakeven)
731,BWA,STOP_BE,2020-01-10,71,33.32925796508789,298,100,0,0,STOP: Stop Loss (Breakeven)
730,BSX,STOP_BE,2019-08-23,77,41.27999877929688,467,100,0,0,STOP: Stop Loss (Breakeven)
729,BSX,STOP_BE,2015-08-21,184,16.68000030517578,1,100,0,0,STOP: Stop Loss (Breakeven)
728,BRKR,STOP_BE,2018-09-20,49,32.307884216308594,767,100,0,0,STOP: Stop Loss (Breakeven)
727,BLK,STOP_BE,2021-11-26,42,816.8279418945312,81,100,0,0,STOP: Stop Loss (Breakeven)
726,BLK,STOP_BE,2020-10-19,6,563.8858032226562,26,100,0,0,STOP: Stop Loss (Breakeven)
725,BIDU,STOP_BE,2021-10-26,8,171.0399932861328,97,100,0,0,STOP: Stop Loss (Breakeven)
724,BGMSP,STOP_BE,2016-07-11,6,2.8499999046325684,3638,100,0,0,STOP: Stop Loss (Breakeven)
723,BGMS,STOP_BE,2016-07-11,6,2.8499999046325684,3855,100,0,0,STOP: Stop Loss (Breakeven)
722,BGC,STOP_BE,2015-02-25,13,3.832404375076294,6,100,0,0,STOP: Stop Loss (Breakeven)
721,BG,STOP_BE,2019-08-05,56,46.3614501953125,1282,100,0,0,STOP: Stop Loss (Breakeven)
720,BEN,STOP_BE,2021-06-17,43,26.70144844055176,1565,100,0,0,STOP: Stop Loss (Breakeven)
719,BBY,STOP_BE,2020-08-25,4,91.11183166503906,226,100,0,0,STOP: Stop Loss (Breakeven)
718,BBBY,STOP_BE,2021-09-30,6,81.41000366210938,1911,100,0,0,STOP: Stop Loss (Breakeven)
717,BATRA,STOP_BE,2017-04-10,28,23.13999938964844,697,100,0,0,STOP: Stop Loss (Breakeven)
716,BAND,STOP_BE,2019-10-14,221,61.20000076293945,57,100,0,0,STOP: Stop Loss (Breakeven)
715,BAC,STOP_BE,2022-08-22,12,32.016845703125,1080,100,0,0,STOP: Stop Loss (Breakeven)
714,BAC,STOP_BE,2021-11-30,47,40.516563415527344,1941,100,0,0,STOP: Stop Loss (Breakeven)
713,BAC,STOP_BE,2018-09-28,74,24.87114143371582,808,100,0,0,STOP: Stop Loss (Breakeven)
712,BAC,STOP_BE,2016-05-04,20,11.400375366210938,1317,100,0,0,STOP: Stop Loss (Breakeven)
711,BAC,STOP_BE,2015-11-13,16,13.84022331237793,29,100,0,0,STOP: Stop Loss (Breakeven)
710,BABA,STOP_BE,2018-02-01,8,185.69386291503903,343,100,0,0,STOP: Stop Loss (Breakeven)
709,BA,STOP_BE,2021-03-23,13,245.33999633789065,54,100,0,0,STOP: Stop Loss (Breakeven)
708,BA,STOP_BE,2020-11-12,3,179.36000061035156,60,100,0,0,STOP: Stop Loss (Breakeven)
707,BA,STOP_BE,2015-12-18,58,125.84580993652344,44,100,0,0,STOP: Stop Loss (Breakeven)
706,AYI,STOP_BE,2021-05-20,34,31.63999938964844,771,100,0,0,STOP: Stop Loss (Breakeven)
705,AXL,STOP_BE,2020-09-11,31,39.45523452758789,370,100,0,0,STOP: Stop Loss (Breakeven)
704,AXIA,STOP_BE,2020-09-11,31,39.45523452758789,493,100,0,0,STOP: Stop Loss (Breakeven)
703,AVGO,STOP_BE,2018-09-11,4,18.926284790039062,2164,100,0,0,STOP: Stop Loss (Breakeven)
702,AVGO,STOP_BE,2017-11-29,26,21.51218605041504,849,100,0,0,STOP: Stop Loss (Breakeven)
701,AVGO,STOP_BE,2016-04-19,32,11.695755958557127,1068,100,0,0,STOP: Stop Loss (Breakeven)
700,AVGO,STOP_BE,2015-06-04,8,10.7190580368042,579,100,0,0,STOP: Stop Loss (Breakeven)
699,AUGZ,STOP_BE,2018-10-09,13,6.099999904632568,3055,100,0,0,STOP: Stop Loss (Breakeven)
698,ATI,STOP_BE,2019-09-24,19,77.65034484863281,531,100,0,0,STOP: Stop Loss (Breakeven)
697,ATHM,STOP_BE,2021-01-13,5,90.14749908447266,225,100,0,0,STOP: Stop Loss (Breakeven)
696,ATHM,STOP_BE,2019-09-24,19,77.65035247802734,653,100,0,0,STOP: Stop Loss (Breakeven)
695,ASC,STOP_BE,2015-07-31,15,10.31804656982422,300,100,0,0,STOP: Stop Loss (Breakeven)
694,ARMK,STOP_BE,2015-04-01,82,20.009929656982425,952,100,0,0,STOP: Stop Loss (Breakeven)
693,ARLO,STOP_BE,2022-07-26,7,6.989999771118164,11230,100,0,0,STOP: Stop Loss (Breakeven)
692,ARLO,STOP_BE,2021-12-01,21,7.739999771118164,2824,100,0,0,STOP: Stop Loss (Breakeven)
691,ARKO,STOP_BE,2021-07-13,33,86.76287841796875,423,100,0,0,STOP: Stop Loss (Breakeven)
690,ARKO,STOP_BE,2020-10-30,25,66.3090591430664,406,100,0,0,STOP: Stop Loss (Breakeven)
689,ARKO,STOP_BE,2020-05-01,7,39.49949264526367,787,100,0,0,STOP: Stop Loss (Breakeven)
688,ARHS,STOP_BE,2021-03-03,29,324.6199951171875,79,100,0,0,STOP: Stop Loss (Breakeven)
687,ARE,STOP_BE,2015-10-22,14,63.31477355957031,102,100,0,0,STOP: Stop Loss (Breakeven)
686,ARCO,STOP_BE,2016-07-26,12,4.75507116317749,5077,100,0,0,STOP: Stop Loss (Breakeven)
685,AR,STOP_BE,2015-06-08,62,38.0099983215332,254,100,0,0,STOP: Stop Loss (Breakeven)
684,APO,STOP_BE,2018-07-20,22,41.428035736083984,416,100,0,0,STOP: Stop Loss (Breakeven)
683,APM,STOP_BE,2018-07-20,22,41.428035736083984,441,100,0,0,STOP: Stop Loss (Breakeven)
682,APD,STOP_BE,2021-08-04,8,14.84000015258789,3058,100,0,0,STOP: Stop Loss (Breakeven)
681,APD,STOP_BE,2021-03-23,35,12.833333015441896,2118,100,0,0,STOP: Stop Loss (Breakeven)
680,APD,STOP_BE,2020-02-21,16,21.470258712768555,961,100,0,0,STOP: Stop Loss (Breakeven)
679,APD,STOP_BE,2019-10-01,26,16.489482879638672,2278,100,0,0,STOP: Stop Loss (Breakeven)
678,APD,STOP_BE,2017-02-24,16,13.243300437927246,3967,100,0,0,STOP: Stop Loss (Breakeven)
677,ANIP,STOP_BE,2015-08-04,22,67.19000244140625,303,100,0,0,STOP: Stop Loss (Breakeven)
676,ANGL,STOP_BE,2016-08-02,20,15.9399995803833,699,100,0,0,STOP: Stop Loss (Breakeven)
675,ANET,STOP_BE,2020-08-05,13,14.956250190734863,1627,100,0,0,STOP: Stop Loss (Breakeven)
674,ANET,STOP_BE,2016-12-09,18,5.90500020980835,2537,100,0,0,STOP: Stop Loss (Breakeven)
673,AMZN,STOP_BE,2022-09-02,31,34.57167434692383,599,100,0,0,STOP: Stop Loss (Breakeven)
672,AMZN,STOP_BE,2022-03-29,5,48.28650665283203,934,100,0,0,STOP: Stop Loss (Breakeven)
671,AMZN,STOP_BE,2021-11-17,13,34.37055206298828,845,100,0,0,STOP: Stop Loss (Breakeven)
670,AMZN,STOP_BE,2020-10-30,16,19.695247650146484,570,100,0,0,STOP: Stop Loss (Breakeven)
669,AMZN,STOP_BE,2020-09-21,7,17.23123550415039,1321,100,0,0,STOP: Stop Loss (Breakeven)
668,AMZN,STOP_BE,2018-09-04,27,33.92570877075195,365,100,0,0,STOP: Stop Loss (Breakeven)
667,AMSF,STOP_BE,2018-10-02,50,21.43000030517578,580,100,0,0,STOP: Stop Loss (Breakeven)
666,AMRX,STOP_BE,2021-11-09,7,93.56999969482422,802,100,0,0,STOP: Stop Loss (Breakeven)
665,AMPY,STOP_BE,2021-01-08,10,19.809999465942383,715,100,0,0,STOP: Stop Loss (Breakeven)
664,AMPH,STOP_BE,2021-01-08,10,19.809999465942383,953,100,0,0,STOP: Stop Loss (Breakeven)
663,AMN,STOP_BE,2015-07-29,49,28.790000915527344,358,100,0,0,STOP: Stop Loss (Breakeven)
662,AMH,STOP_BE,2017-04-28,8,11.071057319641112,4967,100,0,0,STOP: Stop Loss (Breakeven)
661,AMG,STOP_BE,2017-09-05,48,59.0099983215332,312,100,0,0,STOP: Stop Loss (Breakeven)
660,AMAT,STOP_BE,2020-09-08,15,48.22999954223633,151,100,0,0,STOP: Stop Loss (Breakeven)
659,AMAT,STOP_BE,2017-11-14,32,54.70000076293945,1127,100,0,0,STOP: Stop Loss (Breakeven)
658,AM,STOP_BE,2018-02-01,29,9.883991241455078,3506,100,0,0,STOP: Stop Loss (Breakeven)
657,ALTG,STOP_BE,2019-03-01,42,60.380001068115234,310,100,0,0,STOP: Stop Loss (Breakeven)
656,ALNY,STOP_BE,2016-11-15,48,28.280000686645508,691,100,0,0,STOP: Stop Loss (Breakeven)
655,ALNY,STOP_BE,2016-06-22,6,22.56999969482422,532,100,0,0,STOP: Stop Loss (Breakeven)
654,ALNY,STOP_BE,2015-06-24,29,127.87000274658205,100,100,0,0,STOP: Stop Loss (Breakeven)
653,ALLE,STOP_BE,2015-11-09,18,57.07415008544922,348,100,0,0,STOP: Stop Loss (Breakeven)
652,ALEX,STOP_BE,2022-08-29,32,24.25,1219,100,0,0,STOP: Stop Loss (Breakeven)
651,AL,STOP_BE,2016-12-15,30,30.3149356842041,297,100,0,0,STOP: Stop Loss (Breakeven)
650,AJG,STOP_BE,2018-06-26,48,77.30000305175781,400,100,0,0,STOP: Stop Loss (Breakeven)
649,AIZN,STOP_BE,2020-12-11,9,2.91230583190918,3961,100,0,0,STOP: Stop Loss (Breakeven)
648,AIXI,STOP_BE,2020-12-11,9,2.91230583190918,4197,100,0,0,STOP: Stop Loss (Breakeven)
647,AGRW,STOP_BE,2020-02-27,30,31.09000015258789,649,100,0,0,STOP: Stop Loss (Breakeven)
646,AGCO,STOP_BE,2021-01-27,22,88.76307678222656,199,100,0,0,STOP: Stop Loss (Breakeven)
645,AFSM,STOP_BE,2021-06-08,22,17.166065216064453,5766,100,0,0,STOP: Stop Loss (Breakeven)
644,AFSM,STOP_BE,2021-02-02,5,16.647062301635742,774,100,0,0,STOP: Stop Loss (Breakeven)
643,AFSM,STOP_BE,2018-07-17,68,7.13868522644043,2812,100,0,0,STOP: Stop Loss (Breakeven)
642,AES,STOP_BE,2016-09-09,71,8.775115966796875,2109,100,0,0,STOP: Stop Loss (Breakeven)
641,AEP,STOP_BE,2021-05-12,27,30.01371383666992,672,100,0,0,STOP: Stop Loss (Breakeven)
640,AEP,STOP_BE,2021-03-22,14,25.732990264892575,1123,100,0,0,STOP: Stop Loss (Breakeven)
639,AEP,STOP_BE,2018-08-29,35,21.040651321411133,613,100,0,0,STOP: Stop Loss (Breakeven)
638,AEP,STOP_BE,2018-03-08,10,16.103736877441406,3407,100,0,0,STOP: Stop Loss (Breakeven)
637,AEO,STOP_BE,2021-03-22,14,25.732990264892575,1497,100,0,0,STOP: Stop Loss (Breakeven)
636,AEIS,STOP_BE,2015-07-16,64,26.0101318359375,258,100,0,0,STOP: Stop Loss (Breakeven)
635,ADTN,STOP_BE,2017-08-10,22,18.812152862548828,479,100,0,0,STOP: Stop Loss (Breakeven)
634,ADTN,STOP_BE,2016-01-06,21,14.032098770141602,718,100,0,0,STOP: Stop Loss (Breakeven)
633,ADSE,STOP_BE,2021-01-22,35,305,66,100,0,0,STOP: Stop Loss (Breakeven)
632,ADSE,STOP_BE,2020-03-09,115,161.75,47,100,0,0,STOP: Stop Loss (Breakeven)
631,ADS-DE,STOP_BE,2022-05-09,52,198.184326171875,81,100,0,0,STOP: Stop Loss (Breakeven)
630,ADPV,STOP_BE,2022-05-09,52,198.184326171875,91,100,0,0,STOP: Stop Loss (Breakeven)
629,ADPT,STOP_BE,2022-05-09,52,198.184326171875,104,100,0,0,STOP: Stop Loss (Breakeven)
628,ADM,STOP_BE,2016-06-13,20,31.742921829223636,1172,100,0,0,STOP: Stop Loss (Breakeven)
627,ADI,STOP_BE,2015-10-29,15,49.7241096496582,117,100,0,0,STOP: Stop Loss (Breakeven)
626,ADI,STOP_BE,2015-03-25,36,46.965938568115234,1,100,0,0,STOP: Stop Loss (Breakeven)
625,ADBE,STOP_BE,2019-06-25,6,291.2099914550781,52,100,0,0,STOP: Stop Loss (Breakeven)
624,ADBE,STOP_BE,2018-06-21,21,249.27999877929688,136,100,0,0,STOP: Stop Loss (Breakeven)
623,ADBE,STOP_BE,2015-03-10,25,76.51000213623047,2,100,0,0,STOP: Stop Loss (Breakeven)
622,ACP,STOP_BE,2022-01-05,20,377.4834289550781,267,100,0,0,STOP: Stop Loss (Breakeven)
621,ACLS,STOP_BE,2015-02-23,17,10.68000030517578,534,100,0,0,STOP: Stop Loss (Breakeven)
620,ACIC,STOP_BE,2016-12-29,13,12.17921257019043,1049,100,0,0,STOP: Stop Loss (Breakeven)
619,ACH,STOP_BE,2020-02-25,69,33.33000183105469,831,100,0,0,STOP: Stop Loss (Breakeven)
618,ACDC,STOP_BE,2020-11-30,14,5.901175022125244,3039,100,0,0,STOP: Stop Loss (Breakeven)
617,ACCL,STOP_BE,2021-12-21,4,25.76000022888184,1809,100,0,0,STOP: Stop Loss (Breakeven)
616,ACCL,STOP_BE,2021-06-21,14,25.399999618530277,2549,100,0,0,STOP: Stop Loss (Breakeven)
615,ACCL,STOP_BE,2019-09-24,15,38.84999847412109,451,100,0,0,STOP: Stop Loss (Breakeven)
614,ACCL,STOP_BE,2018-11-09,50,19.11000061035156,494,100,0,0,STOP: Stop Loss (Breakeven)
613,ABSI,STOP_BE,2021-02-25,3,9.55495834350586,1775,100,0,0,STOP: Stop Loss (Breakeven)
612,ABEQ,STOP_BE,2021-11-26,28,2.3602635860443115,51274,100,0,0,STOP: Stop Loss (Breakeven)
611,ABEQ,STOP_BE,2020-11-30,21,2.058446168899536,7850,100,0,0,STOP: Stop Loss (Breakeven)
610,ABEQ,STOP_BE,2019-08-05,11,3.8934617042541504,9928,100,0,0,STOP: Stop Loss (Breakeven)
609,ABCB,STOP_BE,2019-03-06,19,35.8609733581543,1645,100,0,0,STOP: Stop Loss (Breakeven)
608,ABBV,STOP_BE,2015-11-30,31,39.29092025756836,77,100,0,0,STOP: Stop Loss (Breakeven)
607,AAT,STOP_BE,2021-03-22,19,26.206682205200195,627,100,0,0,STOP: Stop Loss (Breakeven)
606,AAT,STOP_BE,2020-06-11,8,22.199478149414062,325,100,0,0,STOP: Stop Loss (Breakeven)
605,AAT,STOP_BE,2017-03-07,88,29.486745834350582,1457,100,0,0,STOP: Stop Loss (Breakeven)
604,AAPL,STOP_BE,2021-11-05,2,8.369999885559082,6945,100,0,0,STOP: Stop Loss (Breakeven)
603,AAPL,STOP_BE,2020-01-29,27,12.5,2387,100,0,0,STOP: Stop Loss (Breakeven)
602,AAPB,STOP_BE,2021-02-26,49,10.1899995803833,2656,100,0,0,STOP: Stop Loss (Breakeven)
601,XOM,STOP,2021-03-18,13,48.618625488281246,526,100,-1065.558208618166,-4.000000000000007,STOP: Stop Loss
600,WMT,STOP,2020-09-08,7,43.96534057617188,522,100,-956.2461575317378,-3.9999999999999982,STOP: Stop Loss
599,WFC,STOP,2021-03-22,4,35.026911621093745,884,100,-1290.1579113769571,-4.000000000000012,STOP: Stop Loss
598,VRA,STOP,2018-06-29,4,14.428799743652345,2663,100,-1600.9955715560934,-4.000000000000005,STOP: Stop Loss
597,VNOM,STOP,2022-09-01,10,25.150107421875,4016,100,-4208.451308593753,-4.000000000000004,STOP: Stop Loss
596,USB,STOP,2021-07-19,4,46.26101440429687,2561,100,-4936.435745391852,-4.000000000000005,STOP: Stop Loss
595,UNH,STOP,2020-02-24,12,264.19189453125,235,100,-2586.878967285156,-4,STOP: Stop Loss
594,UNH,STOP,2015-01-28,6,91.6191796875,202,100,-771.1280957031263,-4.000000000000006,STOP: Stop Loss
593,TWLO,STOP,2018-07-24,7,62.4,953,100,-2477.800000000001,-4.000000000000002,STOP: Stop Loss
592,TSLA,STOP,2021-08-17,15,227.09440429687496,367,100,-3472.6519323730527,-4.000000000000007,STOP: Stop Loss
591,TSLA,STOP,2021-07-07,13,217.5424072265625,383,100,-3471.6142486572307,-4.000000000000005,STOP: Stop Loss
590,TSLA,STOP,2019-09-24,13,15.814400024414065,622,100,-409.85653396606426,-3.9999999999999982,STOP: Stop Loss
589,TSLA,STOP,2017-09-22,8,24.168960571289062,1987,100,-2000.9885272979736,-4,STOP: Stop Loss
588,TSLA,STOP,2016-06-10,3,14.869759826660156,1715,100,-1062.5682542800914,-4.000000000000004,STOP: Stop Loss
587,TMO,STOP,2022-04-11,4,581.54390625,90,100,-2180.7896484375037,-4.000000000000006,STOP: Stop Loss
586,TGT,STOP,2022-11-16,1,154.8110009765625,375,100,-2418.9218902587904,-4.000000000000002,STOP: Stop Loss
585,TGT,STOP,2018-05-23,7,58.758607177734376,737,100,-1804.378895416259,-3.9999999999999982,STOP: Stop Loss
584,SUPN,STOP,2017-03-07,1,28.56,1262,100,-1501.7800000000016,-4.000000000000004,STOP: Stop Loss
583,SLB,STOP,2022-09-01,9,34.769271240234374,2649,100,-3837.658313140871,-4.000000000000002,STOP: Stop Loss
582,SLB,STOP,2021-01-15,3,22.54181945800781,1132,100,-1063.2224844360362,-4.000000000000004,STOP: Stop Loss
581,SLB,STOP,2019-02-08,21,35.281904296875,953,100,-1400.9856164550797,-4.000000000000005,STOP: Stop Loss
580,SLB,STOP,2018-05-24,7,57.1976953125,190,100,-452.81508789062593,-4.000000000000008,STOP: Stop Loss
579,SLB,STOP,2015-06-19,65,65.22769775390624,237,100,-644.1235153198262,-4.000000000000012,STOP: Stop Loss
578,SLB,STOP,2015-03-06,31,61.38114624023437,200,100,-511.5095520019537,-4.000000000000004,STOP: Stop Loss
577,SKYW,STOP,2015-10-13,1,17.795537109375,694,100,-514.5876147460931,-3.9999999999999942,STOP: Stop Loss
576,SIMO,STOP,2019-10-08,1,31.528883056640623,516,100,-677.8709857177744,-4.000000000000005,STOP: Stop Loss
575,SCHW,STOP,2021-06-18,22,66.8070703125,772,100,-2148.9607617187485,-3.999999999999997,STOP: Stop Loss
574,SCHW,STOP,2021-01-15,3,55.0408447265625,618,100,-1417.301751708986,-4.000000000000005,STOP: Stop Loss
573,SCHW,STOP,2017-03-21,20,36.8218212890625,1068,100,-1638.571047363283,-4.000000000000004,STOP: Stop Loss
572,SCHW,STOP,2015-12-09,5,29.21804626464844,264,100,-321.39850891113326,-4.000000000000005,STOP: Stop Loss
571,SCHW,STOP,2015-03-18,12,26.135126953125,572,100,-622.887192382813,-4.000000000000004,STOP: Stop Loss
570,SAIC,STOP,2020-04-30,6,75.19260498046874,645,100,-2020.8012588501017,-4.000000000000008,STOP: Stop Loss
569,SAIC,STOP,2019-08-05,59,74.56431884765625,545,100,-1693.2314071655258,-3.999999999999997,STOP: Stop Loss
568,SAIC,STOP,2016-06-17,4,48.17100219726562,221,100,-443.5746452331549,-4.000000000000005,STOP: Stop Loss
567,QCOM,STOP,2021-08-17,19,131.4380126953125,565,100,-3094.269882202152,-4.000000000000004,STOP: Stop Loss
566,QCOM,STOP,2021-05-04,5,123.5735009765625,491,100,-2528.107874145508,-4.000000000000001,STOP: Stop Loss
565,QCOM,STOP,2021-01-27,13,138.6495703125,105,100,-606.5918701171871,-3.999999999999997,STOP: Stop Loss
564,QCOM,STOP,2020-10-28,14,111.4729541015625,144,100,-668.837724609376,-4.000000000000005,STOP: Stop Loss
563,QCOM,STOP,2019-08-01,34,62.942248535156246,277,100,-726.4584518432629,-4.000000000000006,STOP: Stop Loss
562,PLD,STOP,2021-02-25,30,88.50220458984374,231,100,-851.8337191772478,-4.000000000000008,STOP: Stop Loss
561,PFE,STOP,2021-08-24,7,39.0679833984375,2864,100,-4662.112685546881,-4.000000000000005,STOP: Stop Loss
560,PFE,STOP,2020-12-14,6,32.0144970703125,1567,100,-2090.2798712158187,-3.999999999999997,STOP: Stop Loss
559,PAHC,STOP,2016-06-24,2,15.7711376953125,2277,100,-1496.2866888427766,-4.000000000000008,STOP: Stop Loss
558,ORCL,STOP,2021-12-17,7,93.0685986328125,483,100,-1873.0055474853536,-4.000000000000005,STOP: Stop Loss
557,NWSA,STOP,2018-10-10,7,11.905874633789065,821,100,-407.28012809753386,-3.999999999999997,STOP: Stop Loss
556,NVDA,STOP,2019-07-08,7,3.96349365234375,7714,100,-1273.9329180908217,-4.000000000000004,STOP: Stop Loss
555,NVDA,STOP,2019-01-28,3,3.811621170043945,4303,100,-683.3919122791291,-4.000000000000001,STOP: Stop Loss
554,NVDA,STOP,2018-10-05,4,6.879976501464843,2706,100,-775.717350540163,-4.000000000000009,STOP: Stop Loss
553,NVDA,STOP,2018-08-17,3,6.212501220703125,4903,100,-1269.162228546144,-4.000000000000004,STOP: Stop Loss
552,NVDA,STOP,2018-05-15,5,6.1777857971191406,5478,100,-1410.0796081924443,-4.000000000000001,STOP: Stop Loss
551,NVDA,STOP,2017-11-29,19,5.126325073242187,7473,100,-1596.20946968079,-4.000000000000009,STOP: Stop Loss
550,NVDA,STOP,2016-09-09,28,1.4854253768920898,3245,100,-200.8418895006183,-4.000000000000005,STOP: Stop Loss
549,NVDA,STOP,2015-11-13,7,0.7360075378417968,7941,100,-243.5264940834048,-4.000000000000004,STOP: Stop Loss
548,NUE,STOP,2018-08-09,20,54.22814575195312,609,100,-1376.0391984558123,-4.000000000000006,STOP: Stop Loss
547,NTNX,STOP,2020-01-27,5,34.895998535156245,1644,100,-2390.375899658211,-4.000000000000013,STOP: Stop Loss
546,NICE,STOP,2020-04-21,4,160.79999999999998,302,100,-2023.400000000005,-4.000000000000011,STOP: Stop Loss
545,NFLX,STOP,2022-12-15,14,30.42719970703125,3174,100,-4023.9971612548848,-4.000000000000002,STOP: Stop Loss
544,NFLX,STOP,2021-09-14,7,58.24416137695312,2715,100,-6588.870755767828,-4.000000000000004,STOP: Stop Loss
543,NFLX,STOP,2021-01-25,5,56.28863891601562,298,100,-698.9172665405284,-4.000000000000006,STOP: Stop Loss
542,NFLX,STOP,2020-09-03,2,53.428798828125,573,100,-1275.6125720214864,-4.000000000000006,STOP: Stop Loss
541,NFLX,STOP,2019-03-26,6,36.021119384765626,405,100,-607.8563896179195,-3.999999999999997,STOP: Stop Loss
540,NFLX,STOP,2018-10-05,9,36.27647827148437,1397,100,-2111.5933393859905,-4.000000000000008,STOP: Stop Loss
539,NFLX,STOP,2018-09-05,9,34.99968017578125,1248,100,-1819.9833691406243,-3.999999999999999,STOP: Stop Loss
538,NFLX,STOP,2015-10-13,5,11.033280029296874,986,100,-453.28392120361445,-4.000000000000011,STOP: Stop Loss
537,NEM,STOP,2020-11-10,5,55.25325073242188,392,100,-902.4697619628904,-3.999999999999999,STOP: Stop Loss
536,NEM,STOP,2020-07-30,3,56.00862670898437,568,100,-1325.537498779298,-4.000000000000004,STOP: Stop Loss
535,NEM,STOP,2020-02-27,6,39.8242236328125,1184,100,-1964.661699218753,-4.000000000000006,STOP: Stop Loss
534,NEM,STOP,2019-03-01,9,27.38864501953125,1665,100,-1900.0872482299808,-4.000000000000001,STOP: Stop Loss
533,NEM,STOP,2017-06-14,8,26.84881896972656,2033,100,-2274.3187068939224,-4.000000000000003,STOP: Stop Loss
532,NEM,STOP,2016-04-13,2,23.45830810546875,1169,100,-1142.615090637208,-4.000000000000004,STOP: Stop Loss
531,NEM,STOP,2015-12-08,4,15.39331787109375,1002,100,-642.6710211181644,-4.000000000000002,STOP: Stop Loss
530,NEM,STOP,2015-03-06,14,19.174769897460937,260,100,-207.72667388916028,-4.000000000000002,STOP: Stop Loss
529,NEE,STOP,2021-01-27,2,73.3857421875,280,100,-856.1669921875,-4,STOP: Stop Loss
528,NEE,STOP,2020-09-16,1,62.158586425781245,781,100,-2022.743999938969,-4.000000000000008,STOP: Stop Loss
527,NEE,STOP,2020-06-19,21,53.15845092773437,263,100,-582.5280247497568,-4.000000000000006,STOP: Stop Loss
526,MYGN,STOP,2021-07-14,2,32.64,4533,100,-6164.879999999997,-3.9999999999999982,STOP: Stop Loss
525,MTSI,STOP,2022-04-01,11,59.308798828125,1946,100,-4808.95510498047,-4.000000000000002,STOP: Stop Loss
524,MSFT,STOP,2022-12-16,3,240.883916015625,356,100,-3573.111420898436,-3.9999999999999982,STOP: Stop Loss
523,MSFT,STOP,2020-08-11,8,198.46696289062496,203,100,-1678.6997277832063,-4.000000000000008,STOP: Stop Loss
522,MS,STOP,2018-08-13,26,38.54253662109375,829,100,-1331.323452453617,-4.000000000000012,STOP: Stop Loss
521,MS,STOP,2016-05-05,15,19.940863037109374,513,100,-426.2359474182136,-4.000000000000007,STOP: Stop Loss
520,MRCY,STOP,2015-03-06,24,16.550399780273438,3,100,-2.06879997253418,-4,STOP: Stop Loss
519,MPC,STOP,2017-01-06,3,38.447860107421874,747,100,-1196.6896458435062,-4.000000000000002,STOP: Stop Loss
518,MOS,STOP,2022-08-30,6,53.137320556640624,1300,100,-2878.271530151368,-4.000000000000002,STOP: Stop Loss
517,META,STOP,2021-08-02,10,352.535859375,273,100,-4010.0954003906327,-4.000000000000008,STOP: Stop Loss
516,META,STOP,2015-11-13,8,103.68533203125,77,100,-332.6571069335938,-4.000000000000001,STOP: Stop Loss
515,META,STOP,2015-08-11,22,93.3415869140625,213,100,-828.4065838623039,-3.999999999999997,STOP: Stop Loss
514,MDRR,STOP,2022-01-03,3,16.037830810546875,2849,100,-1903.8241658020008,-3.999999999999997,STOP: Stop Loss
513,LYV,STOP,2017-11-20,6,44.313599853515626,1325,100,-2446.4799919128404,-3.999999999999997,STOP: Stop Loss
512,LYB,STOP,2019-03-22,16,55.43917602539062,1010,100,-2333.0653244018577,-4.000000000000004,STOP: Stop Loss
511,LSCC,STOP,2018-10-09,7,8.208000183105469,2382,100,-814.6440181732178,-4,STOP: Stop Loss
510,LRCX,STOP,2015-12-18,10,6.702115631103515,1784,100,-498.190595245362,-4.000000000000005,STOP: Stop Loss
509,LPLA,STOP,2018-03-22,27,58.802406005859375,920,100,-2254.092230224609,-4.000000000000001,STOP: Stop Loss
508,LOW,STOP,2022-12-05,19,194.61919921875,311,100,-2521.940456542969,-4.000000000000001,STOP: Stop Loss
507,LOW,STOP,2022-08-26,10,192.6575830078125,285,100,-2287.808798217776,-4.000000000000004,STOP: Stop Loss
506,LMAT,STOP,2021-03-04,6,47.0843701171875,1177,100,-2309.095984497074,-4.000000000000006,STOP: Stop Loss
505,LLY,STOP,2022-04-20,14,284.029833984375,327,100,-3869.906488037113,-4.000000000000004,STOP: Stop Loss
504,LLY,STOP,2021-12-20,5,254.586328125,382,100,-4052.165722656252,-4.000000000000002,STOP: Stop Loss
503,LLY,STOP,2020-06-24,8,147.660849609375,128,100,-787.524531250001,-4.000000000000005,STOP: Stop Loss
502,LLY,STOP,2019-09-25,5,103.150458984375,137,100,-588.8172033691417,-4.000000000000007,STOP: Stop Loss
501,LIN,STOP,2020-06-11,6,196.77619628906248,25,100,-204.97520446777384,-4.000000000000008,STOP: Stop Loss
500,LGIH,STOP,2017-03-13,6,31.40159912109375,464,100,-607.0975830078128,-4.000000000000002,STOP: Stop Loss
499,KR,STOP,2021-12-08,6,39.31595581054688,1134,100,-1857.67891204834,-4.000000000000001,STOP: Stop Loss
498,KKR,STOP,2018-10-08,21,24.34370910644531,2006,100,-2034.728352813726,-4.00000000000001,STOP: Stop Loss
497,JPM,STOP,2020-08-18,7,86.34082763671874,243,100,-874.2008798217792,-4.000000000000008,STOP: Stop Loss
496,JPM,STOP,2020-05-29,2,83.48975830078125,154,100,-535.7259490966801,-4.000000000000004,STOP: Stop Loss
495,ISRG,STOP,2019-10-02,8,173.267197265625,319,100,-2303.00983032227,-4.000000000000008,STOP: Stop Loss
494,IRDM,STOP,2018-10-05,4,20.4889599609375,1817,100,-1551.185010375977,-4.000000000000002,STOP: Stop Loss
493,INTC,STOP,2021-12-13,6,46.806628417968746,2119,100,-4132.635234069833,-4.000000000000008,STOP: Stop Loss
492,INTC,STOP,2019-01-25,1,41.11153930664062,289,100,-495.0514524841315,-4.000000000000005,STOP: Stop Loss
491,INTC,STOP,2018-02-01,6,40.36028686523437,988,100,-1661.4984759521517,-4.000000000000008,STOP: Stop Loss
490,INTC,STOP,2016-04-28,41,25.012597045898435,121,100,-126.10517677307162,-4.000000000000011,STOP: Stop Loss
489,INCY,STOP,2022-12-19,14,80.71680175781249,671,100,-2256.707249145514,-4.000000000000012,STOP: Stop Loss
488,IDXX,STOP,2018-02-05,4,186.19199707031248,341,100,-2645.4779583740296,-4.000000000000009,STOP: Stop Loss
487,ICLR,STOP,2020-06-09,18,159.8495947265625,184,100,-1225.513559570315,-4.000000000000008,STOP: Stop Loss
486,ICCC,STOP,2020-01-22,1,5.683200073242188,3034,100,-718.4512092590327,-3.999999999999997,STOP: Stop Loss
485,HUBB,STOP,2016-01-07,14,78.7549072265625,245,100,-803.9563446044936,-4.000000000000007,STOP: Stop Loss
484,HD,STOP,2022-08-22,6,287.577890625,140,100,-1677.5376953124987,-3.999999999999997,STOP: Stop Loss
483,HAR,STOP,2018-09-17,7,6000,6,100,-1500,-4,STOP: Stop Loss
482,GTX,STOP,2019-12-06,4,11.36807373046875,4476,100,-2120.145750732425,-4.000000000000005,STOP: Stop Loss
481,GS,STOP,2020-07-22,7,182.7938671875,110,100,-837.8052246093768,-4.000000000000008,STOP: Stop Loss
480,GS,STOP,2016-05-13,24,127.804599609375,159,100,-846.7054724121111,-4.000000000000008,STOP: Stop Loss
479,GRFS,STOP,2015-08-20,35,13.471313781738282,1390,100,-780.2135898590084,-3.9999999999999982,STOP: Stop Loss
478,GNRC,STOP,2019-10-11,1,82.70400146484374,195,100,-671.970011901857,-4.000000000000009,STOP: Stop Loss
477,GNRC,STOP,2018-04-20,3,45.926400146484376,311,100,-595.1296018981931,-3.9999999999999982,STOP: Stop Loss
476,GME,STOP,2019-12-09,3,1.6031999588012695,32618,100,-2178.882344007492,-4,STOP: Stop Loss
475,GGAL,STOP,2022-09-13,4,7.5511463928222655,16662,100,-5242.383383216859,-4.000000000000002,STOP: Stop Loss
474,GEVO,STOP,2022-09-13,4,7.5511463928222655,20507,100,-6452.139961566927,-4.000000000000002,STOP: Stop Loss
473,GE,STOP,2021-06-09,13,67.16860107421874,913,100,-2555.2055325317456,-4.000000000000012,STOP: Stop Loss
472,GE,STOP,2021-02-26,2,61.3660546875,399,100,-1020.2106591796888,-4.000000000000005,STOP: Stop Loss
471,GE,STOP,2020-02-03,5,60.218540039062496,298,100,-747.7135388183605,-4.000000000000005,STOP: Stop Loss
470,GE,STOP,2020-01-22,19,55.7044921875,669,100,-1552.7627197265615,-3.999999999999997,STOP: Stop Loss
469,GDDY,STOP,2015-05-21,9,25.69920043945313,231,100,-247.35480422973615,-3.999999999999997,STOP: Stop Loss
468,FWONK,STOP,2022-01-20,17,59.635169677734375,1853,100,-4604.332058868409,-4.000000000000001,STOP: Stop Loss
467,FUTU,STOP,2020-01-21,5,11.264002075195313,1640,100,-769.7068084716793,-3.9999999999999982,STOP: Stop Loss
466,EXPE,STOP,2016-05-18,19,105.82015869140623,220,100,-970.0181213378908,-4.000000000000001,STOP: Stop Loss
465,EXLS,STOP,2017-03-22,14,6.499199981689453,2386,100,-646.1287981796262,-3.999999999999999,STOP: Stop Loss
464,EQIX,STOP,2022-12-19,19,622.8400195312499,89,100,-2309.6984057617246,-4.00000000000001,STOP: Stop Loss
463,EQIX,STOP,2022-08-22,25,635.59083984375,66,100,-1747.8748095703113,-3.999999999999997,STOP: Stop Loss
462,EQIX,STOP,2022-04-18,20,677.06818359375,226,100,-6375.725395507824,-4.000000000000007,STOP: Stop Loss
461,EQIX,STOP,2020-10-22,14,716.24853515625,51,100,-1522.0281372070312,-4,STOP: Stop Loss
460,EQIX,STOP,2019-11-04,42,497.36220703125,14,100,-290.127954101563,-4.000000000000006,STOP: Stop Loss
459,EQIX,STOP,2015-03-25,5,178.4402197265625,31,100,-230.48528381347649,-3.9999999999999982,STOP: Stop Loss
458,EQIX,STOP,2015-02-27,7,174.5129296875,56,100,-407.1968359375005,-4.000000000000005,STOP: Stop Loss
457,EPAM,STOP,2015-10-13,6,77.74080322265625,175,100,-566.8600234985345,-3.999999999999995,STOP: Stop Loss
456,EOG,STOP,2021-09-20,5,57.962490234375,1724,100,-4163.638881835944,-4.000000000000005,STOP: Stop Loss
455,EOG,STOP,2021-05-13,6,62.82361083984375,728,100,-1905.649528808597,-4.000000000000008,STOP: Stop Loss
454,EOG,STOP,2020-11-27,3,40.65856567382812,731,100,-1238.392146148684,-4.000000000000008,STOP: Stop Loss
453,EOG,STOP,2019-09-17,1,61.82243408203125,20,100,-51.51869506835936,-4,STOP: Stop Loss
452,EOG,STOP,2019-04-26,14,75.6169775390625,612,100,-1928.2329272460915,-3.999999999999996,STOP: Stop Loss
451,EOG,STOP,2018-05-24,7,90.08409667968748,240,100,-900.8409667968772,-4.00000000000001,STOP: Stop Loss
450,EOG,STOP,2015-02-20,17,67.12235595703125,273,100,-763.5167990112316,-4.000000000000005,STOP: Stop Loss
449,EMR,STOP,2020-08-18,6,61.26910766601562,298,100,-760.7580868530284,-4.000000000000005,STOP: Stop Loss
448,EHTH,STOP,2018-10-10,5,29.097599487304688,1301,100,-1577.3323722076411,-3.999999999999999,STOP: Stop Loss
447,EG,STOP,2021-10-29,15,246.63694335937495,497,100,-5107.440035400399,-4.000000000000007,STOP: Stop Loss
446,EBAY,STOP,2022-08-04,1,45.29374145507812,1062,100,-2004.2480593872124,-4.000000000000012,STOP: Stop Loss
445,DWSH,STOP,2022-08-31,2,5.568000183105468,16068,100,-3727.77612258912,-4.00000000000001,STOP: Stop Loss
444,DRI,STOP,2021-07-16,10,122.26191650390624,1194,100,-6082.530346069337,-4.000000000000001,STOP: Stop Loss
443,DORM,STOP,2018-02-22,6,73.3056005859375,840,100,-2565.6960205078144,-4.000000000000003,STOP: Stop Loss
442,DORM,STOP,2016-07-05,5,54.91200073242187,525,100,-1201.2000160217294,-4.000000000000003,STOP: Stop Loss
441,DLTH,STOP,2018-06-06,2,18.364799194335937,876,100,-670.315170593262,-4.000000000000002,STOP: Stop Loss
440,DLTH,STOP,2017-08-29,7,19.68960021972656,1952,100,-1601.420817871097,-4.000000000000008,STOP: Stop Loss
439,DIS,STOP,2021-03-18,10,189.3739453125,109,100,-860.0733349609393,-4.000000000000008,STOP: Stop Loss
438,DIS,STOP,2019-12-23,27,141.37803222656248,325,100,-1914.494186401373,-4.000000000000012,STOP: Stop Loss
437,DHR,STOP,2021-01-27,20,199.579248046875,188,100,-1563.370776367189,-4.000000000000003,STOP: Stop Loss
436,DELL,STOP,2022-01-20,10,52.69752319335937,796,100,-1747.8011859130872,-4.000000000000003,STOP: Stop Loss
435,DD,STOP,2020-09-08,6,21.849548950195317,1329,100,-1209.9187731170646,-3.999999999999997,STOP: Stop Loss
434,DD,STOP,2020-06-10,5,20.279344482421877,335,100,-283.0658500671393,-4.000000000000008,STOP: Stop Loss
433,DD,STOP,2019-01-31,1,29.5243212890625,755,100,-928.7859405517588,-4.000000000000004,STOP: Stop Loss
432,DD,STOP,2015-12-11,2,25.83894104003906,223,100,-240.0868271636968,-4.000000000000008,STOP: Stop Loss
431,CYTK,STOP,2019-05-08,2,9.100799560546877,4195,100,-1590.743923187256,-4,STOP: Stop Loss
430,CVX,STOP,2022-08-03,5,136.3082958984375,250,100,-1419.8780822753888,-3.999999999999995,STOP: Stop Loss
429,CVX,STOP,2015-12-21,5,58.47916259765625,131,100,-319.1987625122072,-4.000000000000002,STOP: Stop Loss
428,CVX,STOP,2015-11-06,3,60.67953735351562,65,100,-164.3404136657718,-4.000000000000008,STOP: Stop Loss
427,CVS,STOP,2021-02-16,39,61.11789184570312,478,100,-1217.264679260256,-4.000000000000008,STOP: Stop Loss
426,CVS,STOP,2019-05-13,12,44.623264160156246,855,100,-1589.7037857055695,-4.000000000000008,STOP: Stop Loss
425,CVS,STOP,2017-12-04,4,56.97544921875,362,100,-859.3796923828123,-3.999999999999999,STOP: Stop Loss
424,CVS,STOP,2016-01-08,23,69.48340576171874,221,100,-639.8263613891618,-4.000000000000011,STOP: Stop Loss
423,CVNA,STOP,2021-06-25,3,300.576005859375,307,100,-3844.868074951167,-3.999999999999995,STOP: Stop Loss
422,CVGW,STOP,2016-12-27,7,53.261857910156245,62,100,-137.59313293457063,-4.00000000000001,STOP: Stop Loss
421,CSCO,STOP,2020-06-11,13,38.73580444335937,482,100,-777.944072570803,-4.000000000000012,STOP: Stop Loss
420,CRTO,STOP,2017-02-28,1,47.52959838867187,1096,100,-2170.51832641602,-4.000000000000007,STOP: Stop Loss
419,CROX,STOP,2015-02-23,5,10.540799560546876,1,100,-0.4391999816894536,-4.000000000000004,STOP: Stop Loss
418,CRM,STOP,2016-11-23,5,73.76296142578124,222,100,-682.3073931884783,-4.000000000000011,STOP: Stop Loss
417,CRM,STOP,2015-12-11,22,76.485087890625,75,100,-239.0158996582034,-4.000000000000005,STOP: Stop Loss
416,CRM,STOP,2015-05-04,5,70.80371337890625,62,100,-182.90959289550767,-3.999999999999997,STOP: Stop Loss
415,CPHC,STOP,2021-12-01,1,4.828800201416016,9399,100,-1891.0788788795471,-4,STOP: Stop Loss
414,CPB,STOP,2017-11-21,1,36.091080322265626,1054,100,-1584.9999441528314,-3.999999999999999,STOP: Stop Loss
413,CPAY,STOP,2019-05-29,13,260.2848046875,222,100,-2407.634443359372,-3.999999999999995,STOP: Stop Loss
412,COST,STOP,2022-04-12,5,557.366953125,125,100,-2902.952880859374,-3.999999999999999,STOP: Stop Loss
411,COP,STOP,2019-11-18,11,45.8976708984375,645,100,-1233.49990539551,-4.000000000000007,STOP: Stop Loss
410,COP,STOP,2017-04-20,21,36.41202026367187,433,100,-656.9335322570822,-4.000000000000012,STOP: Stop Loss
409,COHR,STOP,2016-08-03,1,20.476799926757813,457,100,-389.9123986053463,-3.999999999999996,STOP: Stop Loss
408,COGT,STOP,2016-08-03,1,20.476799926757813,484,100,-412.9487985229488,-3.999999999999996,STOP: Stop Loss
407,COFS,STOP,2016-08-03,1,20.476799926757813,513,100,-437.6915984344478,-3.999999999999996,STOP: Stop Loss
406,CNTY,STOP,2015-12-15,7,7.104000091552734,823,100,-243.60800313949585,-4,STOP: Stop Loss
405,CNP,STOP,2020-06-11,3,15.890227661132812,899,100,-595.2214444732671,-4.000000000000004,STOP: Stop Loss
404,CMS,STOP,2018-06-22,16,19.63200073242188,1792,100,-1465.8560546874987,-3.999999999999997,STOP: Stop Loss
403,CMS,STOP,2017-02-28,5,16.56,1677,100,-1157.1300000000022,-4.000000000000008,STOP: Stop Loss
402,CMG,STOP,2022-12-06,6,31.2376318359375,2390,100,-3110.7475036621117,-4.000000000000003,STOP: Stop Loss
401,CMG,STOP,2021-02-17,15,29.242560424804687,1257,100,-1531.579102249147,-4.000000000000003,STOP: Stop Loss
400,CMG,STOP,2021-01-04,19,26.89190368652344,1199,100,-1343.4746883392324,-3.999999999999997,STOP: Stop Loss
399,CMG,STOP,2018-08-16,1,10.097088317871094,1508,100,-634.4337159728998,-3.999999999999996,STOP: Stop Loss
398,CMG,STOP,2018-06-28,17,8.959487915039062,2145,100,-800.7542324066162,-4,STOP: Stop Loss
397,CMG,STOP,2017-02-06,27,7.958016357421875,1241,100,-411.4957624816895,-4,STOP: Stop Loss
396,CMG,STOP,2016-07-29,7,8.495615844726562,1278,100,-452.3915437316907,-4.000000000000012,STOP: Stop Loss
395,CMG,STOP,2015-02-04,27,13.823808288574218,612,100,-352.5071113586428,-4.000000000000002,STOP: Stop Loss
394,CMCSA,STOP,2022-12-05,5,29.611499633789062,3362,100,-4148.077573699951,-4.000000000000001,STOP: Stop Loss
393,CMCSA,STOP,2020-11-30,6,40.47968627929687,980,100,-1652.920523071293,-4.000000000000009,STOP: Stop Loss
392,CMCSA,STOP,2020-09-21,5,36.02102783203125,1493,100,-2240.808106384276,-3.999999999999997,STOP: Stop Loss
391,CMCSA,STOP,2019-11-25,82,34.27274780273437,1080,100,-1542.27365112305,-4.000000000000008,STOP: Stop Loss
390,CMCSA,STOP,2019-01-28,5,27.494529418945312,768,100,-879.8249414062502,-4.000000000000001,STOP: Stop Loss
389,CMCSA,STOP,2018-06-27,13,24.788527221679686,1136,100,-1173.3236218261732,-4.000000000000004,STOP: Stop Loss
388,CMCSA,STOP,2018-02-05,25,31.046883544921872,1709,100,-2210.796832427983,-4.000000000000008,STOP: Stop Loss
387,CMCSA,STOP,2017-12-06,2,29.269291992187497,927,100,-1130.5264031982445,-4.000000000000008,STOP: Stop Loss
386,CHY,STOP,2018-06-25,3,8.270029907226562,5082,100,-1751.1788328552298,-4.000000000000012,STOP: Stop Loss
385,CF,STOP,2020-09-21,4,29.522612915039065,1051,100,-1292.8444239044195,-4.000000000000002,STOP: Stop Loss
384,CENTA,STOP,2020-08-21,15,30.167039794921877,1010,100,-1269.529591369631,-4.000000000000005,STOP: Stop Loss
383,CDW,STOP,2015-03-11,22,31.92574584960937,1,100,-1.3302394104003916,-4.000000000000003,STOP: Stop Loss
382,CDNS,STOP,2021-10-27,1,166.01279296875,426,100,-2946.72707519531,-3.999999999999997,STOP: Stop Loss
381,CCI,STOP,2020-12-04,16,128.85767578125,223,100,-1197.3025708007792,-3.999999999999993,STOP: Stop Loss
380,CCI,STOP,2020-06-11,13,128.1249755859375,194,100,-1035.676885986327,-3.999999999999996,STOP: Stop Loss
379,CCI,STOP,2018-01-10,65,75.98449951171875,505,100,-1598.840510559081,-3.999999999999997,STOP: Stop Loss
378,CBOE,STOP,2016-04-29,52,55.533420410156246,405,100,-937.1264694213884,-4.000000000000006,STOP: Stop Loss
377,CAT,STOP,2021-08-18,7,196.45177734375,499,100,-4084.559870605471,-4.000000000000002,STOP: Stop Loss
376,CAT,STOP,2019-10-01,21,109.54736572265624,335,100,-1529.098646545409,-3.9999999999999982,STOP: Stop Loss
375,CAG,STOP,2019-10-01,5,22.9692333984375,1406,100,-1345.6142565917985,-4.000000000000004,STOP: Stop Loss
374,CAC,STOP,2017-07-06,9,247.190390625,220,100,-2265.9119140625016,-4.000000000000003,STOP: Stop Loss
373,BRKR,STOP,2015-04-23,17,18.574676513671875,649,100,-502.29021072387695,-4,STOP: Stop Loss
372,BLDR,STOP,2017-05-08,6,15.7343994140625,3347,100,-2194.293118286134,-4.000000000000002,STOP: Stop Loss
371,BKNG,STOP,2021-11-11,6,2473.734140625,18,100,-1855.300605468754,-4.000000000000008,STOP: Stop Loss
370,BKNG,STOP,2021-09-30,7,2338.22953125,64,100,-6235.278749999998,-3.999999999999999,STOP: Stop Loss
369,BKNG,STOP,2021-02-25,1,2307.99515625,13,100,-1250.1640429687495,-3.999999999999999,STOP: Stop Loss
368,BKNG,STOP,2015-11-09,10,1373.594765625,1,100,-57.23311523437496,-3.999999999999997,STOP: Stop Loss
367,BKNG,STOP,2015-08-12,7,1276.27828125,3,100,-159.5347851562501,-4.000000000000003,STOP: Stop Loss
366,BILI,STOP,2020-08-27,1,46.771201171875,871,100,-1697.4048425292976,-4.000000000000002,STOP: Stop Loss
365,BIIB,STOP,2018-07-26,2,357.926396484375,138,100,-2058.076779785156,-3.999999999999999,STOP: Stop Loss
364,BHF,STOP,2018-09-26,6,44.39040161132812,833,100,-1540.716855926515,-4.000000000000004,STOP: Stop Loss
363,BG,STOP,2018-10-10,2,54.33568359375,929,100,-2103.243752441408,-4.000000000000004,STOP: Stop Loss
362,BANR,STOP,2016-06-13,20,30.79587890625,612,100,-785.2949121093752,-4.000000000000002,STOP: Stop Loss
361,BAC,STOP,2021-03-23,5,33.294158935546875,1240,100,-1720.198211669922,-4,STOP: Stop Loss
360,BAC,STOP,2020-05-28,1,21.66346801757813,795,100,-717.602378082275,-3.999999999999997,STOP: Stop Loss
359,BAC,STOP,2019-05-13,31,24.56653564453125,2378,100,-2434.134240112305,-4.000000000000001,STOP: Stop Loss
358,BABA,STOP,2021-04-20,8,222.4656591796875,120,100,-1112.3282958984385,-4.000000000000004,STOP: Stop Loss
357,BA,STOP,2022-08-22,21,162.30720703125,326,100,-2204.6728955078165,-4.000000000000008,STOP: Stop Loss
356,BA,STOP,2021-11-19,4,223.76639648437495,91,100,-848.4475866699238,-4.000000000000009,STOP: Stop Loss
355,BA,STOP,2021-02-25,1,220.16639648437496,193,100,-1770.5047717285186,-4.000000000000006,STOP: Stop Loss
354,BA,STOP,2019-10-02,21,363.3277734375,54,100,-817.4874902343743,-3.999999999999997,STOP: Stop Loss
353,BA,STOP,2019-07-01,13,352.607373046875,81,100,-1190.0498840332025,-3.999999999999997,STOP: Stop Loss
352,BA,STOP,2018-06-19,29,336.253212890625,44,100,-616.4642236328134,-4.000000000000005,STOP: Stop Loss
351,BA,STOP,2018-02-05,5,324.20361328125,89,100,-1202.2550659179688,-4,STOP: Stop Loss
350,BA,STOP,2016-03-30,12,116.40148681640623,51,100,-247.3531594848634,-4.000000000000002,STOP: Stop Loss
349,AZN,STOP,2020-06-11,36,45.92128784179688,441,100,-843.8036640930175,-4,STOP: Stop Loss
348,AXP,STOP,2021-10-27,5,170.427451171875,147,100,-1043.8681384277356,-4.000000000000004,STOP: Stop Loss
347,AXP,STOP,2021-01-25,6,114.53720947265624,305,100,-1455.5770370483417,-4.000000000000005,STOP: Stop Loss
346,AXP,STOP,2020-05-29,2,90.36736083984374,254,100,-956.387902221682,-4.00000000000001,STOP: Stop Loss
345,AXON,STOP,2018-02-28,1,29.952000732421872,2009,100,-2507.2320613098195,-4.000000000000008,STOP: Stop Loss
344,AXON,STOP,2015-10-12,5,24.633599853515623,503,100,-516.2791969299327,-4.000000000000008,STOP: Stop Loss
343,AVY,STOP,2015-08-20,10,51.07209594726562,328,100,-697.9853112792974,-4.000000000000003,STOP: Stop Loss
342,AVGO,STOP,2019-09-18,6,24.35182800292969,202,100,-204.96121902465848,-4.000000000000005,STOP: Stop Loss
341,AVGO,STOP,2018-10-10,19,19.527183837890625,2011,100,-1636.2152790832513,-3.999999999999999,STOP: Stop Loss
340,AVGO,STOP,2018-03-19,7,19.96884521484375,1557,100,-1295.4788333129884,-4.000000000000001,STOP: Stop Loss
339,AVGO,STOP,2017-06-09,7,19.05082580566406,856,100,-679.4794537353525,-4.000000000000005,STOP: Stop Loss
338,AVGO,STOP,2016-06-22,19,11.969387512207032,906,100,-451.84437858581504,-3.999999999999997,STOP: Stop Loss
337,AVGO,STOP,2016-03-08,4,10.718988647460938,916,100,-409.1080667114256,-3.9999999999999982,STOP: Stop Loss
336,AVGO,STOP,2016-01-05,33,10.59242431640625,552,100,-243.62575927734375,-4.000000000000001,STOP: Stop Loss
335,AUGZ,STOP,2020-05-01,1,16.550399780273438,2056,100,-1417.8175811767578,-4,STOP: Stop Loss
334,AU,STOP,2021-11-26,15,17.86677978515625,2773,100,-2064.3575143432604,-3.9999999999999982,STOP: Stop Loss
333,ATHM,STOP,2019-11-05,1,72.99608642578124,603,100,-1834.026671447758,-4.000000000000009,STOP: Stop Loss
332,ATHM,STOP,2015-06-29,5,41.55299194335937,310,100,-536.7261459350591,-4.000000000000004,STOP: Stop Loss
331,ASX,STOP,2015-04-30,3,4.197215423583984,2070,100,-362.0098302841199,-4.000000000000013,STOP: Stop Loss
330,ASND,STOP,2019-12-02,12,112.89599853515624,325,100,-1528.7999801635735,-3.9999999999999982,STOP: Stop Loss
329,ARVN,STOP,2021-09-24,15,91.26719970703124,1617,100,-6149.127580261226,-3.999999999999997,STOP: Stop Loss
328,AROC,STOP,2017-02-23,14,9.286462097167968,5040,100,-1950.1570404052768,-4.000000000000006,STOP: Stop Loss
327,ARLO,STOP,2021-12-14,5,8.870399780273438,11766,100,-4348.713492279049,-3.999999999999997,STOP: Stop Loss
326,ARLO,STOP,2021-06-18,1,7.075199890136719,13174,100,-3883.695139694216,-4.000000000000002,STOP: Stop Loss
325,ARKO,STOP,2020-02-24,5,35.61935302734375,1792,100,-2659.578359375002,-4.000000000000003,STOP: Stop Loss
324,ARHS,STOP,2021-01-26,5,302.678408203125,35,100,-441.40601196289055,-4,STOP: Stop Loss
323,ARCO,STOP,2016-08-09,6,4.913458557128906,6325,100,-1294.9010572433488,-4.000000000000005,STOP: Stop Loss
322,ARBK,STOP,2019-07-16,4,7.017769775390625,5413,100,-1582.7994914245608,-4.000000000000001,STOP: Stop Loss
321,ARAY,STOP,2016-09-26,4,5.606400146484375,3820,100,-892.3520233154309,-4.000000000000005,STOP: Stop Loss
320,AQWA,STOP,2021-07-06,11,14.45760040283203,3941,100,-2374.058466148381,-4.000000000000007,STOP: Stop Loss
319,AQST,STOP,2021-07-06,11,14.45760040283203,7577,100,-4564.384927177437,-4.000000000000007,STOP: Stop Loss
318,APRZ,STOP,2020-01-28,1,7.391999816894531,2427,100,-747.5159814834603,-4.000000000000005,STOP: Stop Loss
317,APRZ,STOP,2020-01-22,1,4.655999908447265,3924,100,-761.2559850311287,-4.000000000000004,STOP: Stop Loss
316,APD,STOP,2021-11-18,6,16.390400390625,2511,100,-1714.8456408691395,-3.999999999999997,STOP: Stop Loss
315,APD,STOP,2019-03-22,25,14.198194885253908,1787,100,-1057.1739274978631,-3.999999999999997,STOP: Stop Loss
314,APA,STOP,2015-11-11,2,40.423015136718746,143,100,-240.85379852294977,-4.000000000000009,STOP: Stop Loss
313,ANGI,STOP,2019-11-15,8,75.36,225,100,-706.5000000000001,-4.000000000000001,STOP: Stop Loss
312,ANF,STOP,2019-10-31,3,16.21254821777344,876,100,-591.7580099487298,-3.999999999999995,STOP: Stop Loss
311,AMZN,STOP,2018-03-22,35,28.950406494140623,1644,100,-1983.1028448486368,-4.000000000000008,STOP: Stop Loss
310,AMZN,STOP,2017-03-08,20,31.534020996093748,580,100,-762.0721740722669,-4.000000000000006,STOP: Stop Loss
309,AMRX,STOP,2020-08-28,3,32.832000732421875,651,100,-890.5680198669434,-4,STOP: Stop Loss
308,AMRX,STOP,2020-08-06,2,29.625600585937494,1021,100,-1260.3224249267598,-4.000000000000006,STOP: Stop Loss
307,AMRX,STOP,2019-03-08,3,17.232000732421874,2137,100,-1534.3660652160677,-4.000000000000008,STOP: Stop Loss
306,AMPY,STOP,2021-07-09,14,20.083200073242185,2667,100,-2231.745608139044,-4.000000000000011,STOP: Stop Loss
305,AMPY,STOP,2018-12-04,1,21.609600219726563,1204,100,-1084.0816110229491,-4,STOP: Stop Loss
304,AMPH,STOP,2018-12-04,1,21.609600219726563,1371,100,-1234.4484125518798,-4,STOP: Stop Loss
303,AMKR,STOP,2015-12-08,6,6.19084716796875,3186,100,-821.8349615478522,-4.000000000000004,STOP: Stop Loss
302,AMH,STOP,2017-07-28,7,9.80515411376953,5989,100,-2446.794499473576,-4.000000000000006,STOP: Stop Loss
301,AMG,STOP,2017-03-13,18,57.44640014648437,268,100,-641.484801635743,-4.000000000000005,STOP: Stop Loss
300,AMG,STOP,2016-11-18,8,137.3000830078125,183,100,-1046.9131329345696,-3.999999999999997,STOP: Stop Loss
299,AMD,STOP,2015-06-26,4,2.5151998901367185,7991,100,-837.4567634201069,-4.000000000000009,STOP: Stop Loss
298,AMD,STOP,2015-04-17,1,2.7551998901367187,4014,100,-460.8071816253663,-4.000000000000001,STOP: Stop Loss
297,AMAT,STOP,2015-03-06,15,20.95568664550781,204,100,-178.12333648681675,-4.000000000000008,STOP: Stop Loss
296,ALTG,STOP,2020-11-13,7,70.22400146484375,292,100,-854.392017822265,-3.999999999999997,STOP: Stop Loss
295,ALLPB,STOP,2018-12-07,4,81.6658447265625,687,100,-2337.684805297853,-4.000000000000004,STOP: Stop Loss
294,ALKS,STOP,2018-02-05,3,60.8831982421875,308,100,-781.3343774414072,-4.000000000000005,STOP: Stop Loss
293,ALKS,STOP,2018-01-18,8,56.36159912109375,719,100,-1688.499573669436,-4.000000000000005,STOP: Stop Loss
292,ALKS,STOP,2017-06-13,4,59.19359985351562,919,100,-2266.6215943908724,-4.000000000000005,STOP: Stop Loss
291,ALGN,STOP,2015-01-16,8,58.98239868164063,200,100,-491.51998901367193,-4.000000000000001,STOP: Stop Loss
290,AKAM,STOP,2018-03-22,14,72.0768017578125,477,100,-1432.5264349365216,-3.9999999999999942,STOP: Stop Loss
289,AKAM,STOP,2015-08-20,21,71.96159912109374,178,100,-533.7151934814469,-4.000000000000012,STOP: Stop Loss
288,AJG,STOP,2021-01-28,1,115.62240234375,447,100,-2153.467243652345,-4.000000000000003,STOP: Stop Loss
287,AJG,STOP,2018-03-22,14,72.0768017578125,543,100,-1630.7376397705057,-3.9999999999999942,STOP: Stop Loss
286,AIZ,STOP,2017-02-08,33,66.99840087890625,294,100,-820.7304107666007,-3.999999999999996,STOP: Stop Loss
285,AIXI,STOP,2021-05-05,5,4.4421276855468745,12793,100,-2367.839145050055,-4.00000000000001,STOP: Stop Loss
284,AIRJ,STOP,2021-05-06,6,22.684799194335938,1224,100,-1156.9247589111328,-4,STOP: Stop Loss
283,AIR,STOP,2015-02-24,1,28.836176147460936,263,100,-315.9964302825932,-4.000000000000005,STOP: Stop Loss
282,AGRZ,STOP,2019-09-03,26,26.323200073242187,1224,100,-1342.4832037353517,-4.000000000000001,STOP: Stop Loss
281,AGRW,STOP,2019-09-03,26,26.323200073242187,1394,100,-1528.9392042541506,-4.000000000000001,STOP: Stop Loss
280,AGRH,STOP,2019-09-05,1,38.07359985351562,1197,100,-1898.9207926940928,-4.000000000000002,STOP: Stop Loss
279,AGQI,STOP,2019-09-05,1,38.07359985351562,1473,100,-2336.767191009523,-4.000000000000002,STOP: Stop Loss
278,AGQ,STOP,2015-10-19,5,36.01920043945312,426,100,-639.3408078002941,-4.000000000000007,STOP: Stop Loss
277,AGIO,STOP,2018-06-04,3,92.98560058593748,176,100,-681.8944042968767,-4.00000000000001,STOP: Stop Loss
276,AGIO,STOP,2017-10-20,16,67.44,570,100,-1601.7000000000012,-4.000000000000004,STOP: Stop Loss
275,AFSM,STOP,2022-09-13,1,8.054095458984374,13800,100,-4631.104888916026,-4.000000000000008,STOP: Stop Loss
274,AFSM,STOP,2021-11-18,8,13.223981323242189,3174,100,-1748.871529998781,-4.000000000000004,STOP: Stop Loss
273,AFSM,STOP,2021-01-08,4,13.497745056152343,2329,100,-1309.843676490785,-4.000000000000003,STOP: Stop Loss
272,AFSM,STOP,2020-11-10,5,11.033269958496094,3494,100,-1606.2602181243894,-4,STOP: Stop Loss
271,AFSM,STOP,2020-07-30,3,13.50722442626953,3144,100,-1769.4463998413105,-4.000000000000004,STOP: Stop Loss
270,AFSM,STOP,2019-10-28,3,10.189661865234374,1908,100,-810.0781182861347,-4.000000000000009,STOP: Stop Loss
269,AFSM,STOP,2018-04-23,5,6.492945556640625,8984,100,-2430.525953369141,-4.000000000000002,STOP: Stop Loss
268,AEP,STOP,2022-08-17,1,12.11156524658203,12397,100,-6256.128098411575,-4.00000000000001,STOP: Stop Loss
267,AEP,STOP,2021-11-26,3,24.469852294921875,3814,100,-3888.6673605346687,-4.000000000000001,STOP: Stop Loss
266,AEP,STOP,2019-07-25,9,14.90049591064453,2027,100,-1258.4710504531888,-4.000000000000009,STOP: Stop Loss
265,AEP,STOP,2017-05-11,1,10.967088317871092,4894,100,-2236.372092819216,-4.000000000000003,STOP: Stop Loss
264,AEO,STOP,2021-01-27,6,19.99183959960937,710,100,-591.4252548217778,-4.000000000000004,STOP: Stop Loss
263,AEO,STOP,2019-07-25,9,14.90049591064453,3879,100,-2408.292651557928,-4.000000000000009,STOP: Stop Loss
262,AEIS,STOP,2015-03-06,28,25.63822265625,175,100,-186.94537353515676,-4.00000000000001,STOP: Stop Loss
261,ADUS,STOP,2020-05-06,1,85.10400146484375,204,100,-723.3840124511723,-4.000000000000003,STOP: Stop Loss
260,ADM,STOP,2017-05-02,4,69.1886572265625,767,100,-2211.1541705322284,-4.000000000000003,STOP: Stop Loss
259,ADEA,STOP,2016-11-01,40,10.417748107910157,2340,100,-1015.730440521243,-4.000000000000012,STOP: Stop Loss
258,ADEA,STOP,2015-02-12,1,10.29439910888672,2,100,-0.8578665924072268,-4.000000000000002,STOP: Stop Loss
257,ADBE,STOP,2018-09-21,7,263.70240234375,150,100,-1648.140014648436,-3.999999999999997,STOP: Stop Loss
256,ADBE,STOP,2018-03-23,7,216.5280029296875,71,100,-640.562008666993,-4.000000000000005,STOP: Stop Loss
255,AD,STOP,2021-01-29,4,8.254894409179688,3321,100,-1142.271013870239,-3.9999999999999982,STOP: Stop Loss
254,ACT,STOP,2021-06-10,2,6.259199981689453,4587,100,-1196.2895965003972,-4.000000000000002,STOP: Stop Loss
253,ACM,STOP,2015-05-26,12,31.260457763671877,307,100,-399.87335556030337,-4.000000000000006,STOP: Stop Loss
252,ACKY,STOP,2020-11-06,2,5.33759994506836,3336,100,-741.9263923645013,-3.999999999999997,STOP: Stop Loss
251,ACIC,STOP,2017-06-15,2,13.137030944824218,1248,100,-683.1256091308601,-4.000000000000004,STOP: Stop Loss
250,ACIC,STOP,2017-03-06,5,13.130020751953124,2596,100,-1420.2305780029328,-4.000000000000009,STOP: Stop Loss
249,ACHC,STOP,2015-08-19,14,79.651201171875,161,100,-534.3268078613279,-3.9999999999999982,STOP: Stop Loss
248,ACH,STOP,2020-08-21,16,29.673599853515626,962,100,-1189.4167941284177,-3.9999999999999982,STOP: Stop Loss
247,ACH,STOP,2019-03-06,5,29.193599853515625,582,100,-707.9447964477538,-4,STOP: Stop Loss
246,ACH,STOP,2018-10-10,1,37.14239868164062,1427,100,-2208.425121612554,-4.00000000000001,STOP: Stop Loss
245,ACH,STOP,2017-08-17,20,50.88,748,100,-1585.7600000000034,-4.000000000000008,STOP: Stop Loss
244,ACEI,STOP,2018-02-27,12,9.207657165527344,3827,100,-1468.2376655197131,-3.999999999999997,STOP: Stop Loss
243,ACDC,STOP,2018-02-27,12,9.207657165527344,4358,100,-1671.9570803070055,-3.999999999999997,STOP: Stop Loss
242,ACCO,STOP,2015-08-07,9,5.383969116210937,1089,100,-244.29759864807147,-4.000000000000003,STOP: Stop Loss
241,ACCL,STOP,2021-11-02,1,19.708800659179687,3733,100,-3065.5397025299094,-4.000000000000003,STOP: Stop Loss
240,ABEQ,STOP,2020-09-18,1,1.88696044921875,21938,100,-1724.8390972900402,-4.000000000000003,STOP: Stop Loss
239,ABEQ,STOP,2018-08-02,7,3.76676513671875,12216,100,-1917.283454589844,-4,STOP: Stop Loss
238,ABCB,STOP,2016-06-14,20,27.081611938476563,860,100,-970.42442779541,-3.999999999999999,STOP: Stop Loss
237,AAPL,STOP,2019-09-26,1,11.22719970703125,1483,100,-693.7473818969725,-3.999999999999999,STOP: Stop Loss
236,AAPL,STOP,2017-09-21,3,63.638400878906246,611,100,-1620.1276223754903,-4.000000000000005,STOP: Stop Loss
235,AAPL,STOP,2016-03-08,11,17.491199340820312,1327,100,-967.1175635528566,-4.000000000000001,STOP: Stop Loss
234,AAPL,STOP,2015-11-13,16,25.705982666015625,30,100,-32.13247833251952,-3.999999999999999,STOP: Stop Loss
233,AAPB,STOP,2020-01-16,1,14.976000366210936,1245,100,-776.8800189971939,-4.000000000000008,STOP: Stop Loss
232,AAPB,STOP,2019-09-26,1,11.22719970703125,2965,100,-1387.026963806152,-3.999999999999999,STOP: Stop Loss
231,AAON,STOP,2015-11-13,2,14.75103973388672,1161,100,-713.5815471267698,-3.999999999999999,STOP: Stop Loss
230,AAOI,STOP,2016-03-08,11,17.491199340820312,1769,100,-1289.247151412964,-4.000000000000001,STOP: Stop Loss
229,AA,STOP,2015-05-12,11,30.484573974609376,228,100,-289.60345275878893,-3.9999999999999982,STOP: Stop Loss
228,XOM,RUNNER,2022-02-18,44,67.85905456542969,136,100,1353.0553588867188,17.17996230762694,RUNNER: Trailing Stop Exit
227,XOM,RUNNER,2021-11-18,52,55.18596649169922,258,100,1140.7354888916016,8.709736953557107,RUNNER: Trailing Stop Exit
226,WFC,RUNNER,2022-02-18,45,50.48063659667969,93,100,262.9457359313965,5.933221192382303,RUNNER: Trailing Stop Exit
225,WFC,RUNNER,2021-05-20,36,40.97429275512695,191,100,655.6932716369629,9.144449102846613,RUNNER: Trailing Stop Exit
224,WFC,RUNNER,2017-03-20,126,45.1561279296875,80,100,298.9413452148437,9.021787672811811,RUNNER: Trailing Stop Exit
223,VRTX,RUNNER,2018-09-11,74,178.61000061035156,22,100,190.29986572265625,5.089429015525342,RUNNER: Trailing Stop Exit
222,VRNS,RUNNER,2017-06-09,85,11.616666793823242,1039,100,1991.416996955872,19.75945383759044,RUNNER: Trailing Stop Exit
221,UPS,RUNNER,2020-09-03,64,127.76827239990234,88,100,3153.8129272460938,38.98507823886735,RUNNER: Trailing Stop Exit
220,UNIT,RUNNER,2021-09-09,55,15.990863800048828,2162,100,5045.6783447265625,17.088603528879084,RUNNER: Trailing Stop Exit
219,UNH,RUNNER,2020-01-07,84,262.7855224609375,18,100,850.6343078613281,21.926361397047344,RUNNER: Trailing Stop Exit
218,TSLA,RUNNER,2021-11-12,46,344.47332763671875,99,100,7987.977905273437,30.58783895253016,RUNNER: Trailing Stop Exit
217,TSLA,RUNNER,2020-02-26,72,51.91999816894531,162,100,4290.839847564697,104.14154647182612,RUNNER: Trailing Stop Exit
216,TSLA,RUNNER,2017-05-04,37,19.69733238220215,586,100,703.5894088745117,6.491247662690314,RUNNER: Trailing Stop Exit
215,TSLA,RUNNER,2017-02-23,50,17.06599998474121,328,100,634.1333541870117,12.77589369785296,RUNNER: Trailing Stop Exit
214,TSLA,RUNNER,2015-07-08,77,16.997333526611328,229,100,542.2722253799438,16.186664547583447,RUNNER: Trailing Stop Exit
213,THRM,RUNNER,2018-09-06,72,47.70000076293945,195,100,1599.0001487731934,20.75949560237836,RUNNER: Trailing Stop Exit
212,TGT,RUNNER,2021-01-26,69,163.3705596923828,31,100,562.5698699951172,12.49622793922338,RUNNER: Trailing Stop Exit
211,TGT,RUNNER,2018-02-02,65,58.3651237487793,142,100,1280.3812561035156,18.271671932825075,RUNNER: Trailing Stop Exit
210,TECH,RUNNER,2020-05-26,22,63.672508239746094,84,100,498.7836456298828,10.284820110710555,RUNNER: Trailing Stop Exit
209,TAP,RUNNER,2015-12-11,59,72.43065643310547,39,100,197.66869354248047,7.52413950729061,RUNNER: Trailing Stop Exit
208,SWKS,RUNNER,2019-11-20,41,82.78461456298828,146,100,1403.2193756103516,13.134657491398183,RUNNER: Trailing Stop Exit
207,SPSC,RUNNER,2021-10-29,74,152.72999572753906,126,100,4072.3190002441406,26.841617043817216,RUNNER: Trailing Stop Exit
206,SNT,RUNNER,2021-09-29,44,3.890000104904175,2664,100,1050.742893218994,11.283487590946446,RUNNER: Trailing Stop Exit
205,SLB,RUNNER,2022-02-22,50,36.260719299316406,398,100,2893.089729309082,25.072977098513466,RUNNER: Trailing Stop Exit
204,SLB,RUNNER,2021-06-17,43,29.42140388488769,306,100,624.148063659668,7.449132931347595,RUNNER: Trailing Stop Exit
203,SLB,RUNNER,2018-01-30,40,59.25085067749024,214,100,1136.3068237304688,9.843800465209004,RUNNER: Trailing Stop Exit
202,SFM,RUNNER,2017-06-15,91,22.420000076293945,155,100,238.70014190673828,7.375483608356635,RUNNER: Trailing Stop Exit
201,SCHW,RUNNER,2022-01-21,36,84.44628143310547,144,100,723.88916015625,6.329707944835381,RUNNER: Trailing Stop Exit
200,SCHW,RUNNER,2020-12-11,71,46.30769729614258,250,100,2774.6458053588867,31.521904237313294,RUNNER: Trailing Stop Exit
199,SCHW,RUNNER,2016-12-16,133,34.583518981933594,68,100,547.6016311645508,30.35355092661922,RUNNER: Trailing Stop Exit
198,SCHW,RUNNER,2015-12-03,36,29.086109161376957,2,100,3.7022743225097656,6.796912298079784,RUNNER: Trailing Stop Exit
197,SBUX,RUNNER,2021-04-28,61,100.85794830322266,98,100,384.2831878662109,4.045173161055609,RUNNER: Trailing Stop Exit
196,SBUX,RUNNER,2020-09-21,54,74.60465240478516,101,100,618.7621612548828,8.94642322557845,RUNNER: Trailing Stop Exit
195,SBUX,RUNNER,2019-03-08,42,59.913307189941406,45,100,101.7770004272461,3.923067659541244,RUNNER: Trailing Stop Exit
194,RDWR,RUNNER,2017-06-15,175,17.649999618530273,85,100,243.09997081756592,19.337387857024165,RUNNER: Trailing Stop Exit
193,QCOM,RUNNER,2018-09-26,62,59.9346923828125,61,100,445.9831504821777,13.893412892980342,RUNNER: Trailing Stop Exit
192,QCOM,RUNNER,2017-12-01,29,53.187347412109375,270,100,2435.914077758789,20.427518197473663,RUNNER: Trailing Stop Exit
191,PLD,RUNNER,2019-04-17,76,60.052345275878906,47,100,140.86553192138672,5.2530508107414216,RUNNER: Trailing Stop Exit
190,PG,RUNNER,2019-04-23,90,87.70333099365234,42,100,320.8216552734375,9.540545230370595,RUNNER: Trailing Stop Exit
189,PFE,RUNNER,2022-01-03,59,46.12564086914063,124,100,811.7462768554688,16.539809836194504,RUNNER: Trailing Stop Exit
188,PFE,RUNNER,2020-08-25,43,28.264015197753903,255,100,664.4023132324219,10.15452052904556,RUNNER: Trailing Stop Exit
187,PFE,RUNNER,2016-06-17,72,21.49735641479492,226,100,224.64431381225583,4.84799383943478,RUNNER: Trailing Stop Exit
186,PCG,RUNNER,2020-12-08,26,12.178791046142578,666,100,803.2063808441162,10.990980279579263,RUNNER: Trailing Stop Exit
185,ORCL,RUNNER,2021-05-28,53,73.84918975830078,214,100,983.3596496582032,6.63519096662024,RUNNER: Trailing Stop Exit
184,ONC,RUNNER,2020-07-24,28,224.44000244140625,69,100,2003.0699157714844,14.855943009700626,RUNNER: Trailing Stop Exit
183,NVDA,RUNNER,2021-07-15,48,18.923927307128903,430,100,1169.3372535705566,16.78165032436444,RUNNER: Trailing Stop Exit
182,NVDA,RUNNER,2020-09-03,17,12.975168228149414,233,100,158.45784759521484,5.531285326214687,RUNNER: Trailing Stop Exit
181,NVDA,RUNNER,2020-01-27,104,5.978294849395752,1540,100,1685.500726699829,22.410374825475245,RUNNER: Trailing Stop Exit
180,NVDA,RUNNER,2018-02-05,33,5.283308982849121,660,100,20.070161819458008,0.5789057117976741,RUNNER: Trailing Stop Exit
179,NVDA,RUNNER,2017-02-13,59,2.669081926345825,1390,100,272.82588958740234,7.937450520373096,RUNNER: Trailing Stop Exit
178,NFLX,RUNNER,2020-02-25,69,36.00899887084961,87,100,341.8227424621582,12.247496307782315,RUNNER: Trailing Stop Exit
177,NFLX,RUNNER,2018-07-13,51,39.58000183105469,118,100,602.7442016601562,14.817828065955576,RUNNER: Trailing Stop Exit
176,NFLX,RUNNER,2018-02-08,37,25.01000022888184,627,100,3074.180923461914,24.38454166385644,RUNNER: Trailing Stop Exit
175,NFLX,RUNNER,2017-08-08,22,17.836000442504883,475,100,791.3501739501953,10.303032519173454,RUNNER: Trailing Stop Exit
174,NFLX,RUNNER,2017-02-28,54,14.213000297546388,189,100,195.0481023788452,7.829455737818784,RUNNER: Trailing Stop Exit
173,NFLX,RUNNER,2015-08-20,38,11.24899959564209,328,100,374.0136413574219,11.280222986286004,RUNNER: Trailing Stop Exit
172,NFLX,RUNNER,2015-06-26,74,9.308856964111328,371,100,937.781810760498,37.27562898141127,RUNNER: Trailing Stop Exit
171,MS,RUNNER,2020-07-23,58,42.490013122558594,80,100,461.8768310546875,15.724407544334436,RUNNER: Trailing Stop Exit
170,MS,RUNNER,2016-12-28,48,32.8945198059082,139,100,493.4946994781494,12.098887662643367,RUNNER: Trailing Stop Exit
169,MS,RUNNER,2016-09-26,68,23.806650161743164,306,100,574.4585494995117,8.560750027376024,RUNNER: Trailing Stop Exit
168,MRNA,RUNNER,2021-08-16,32,373.8599853515625,117,100,13359.644714355469,43.972274160509485,RUNNER: Trailing Stop Exit
167,META,RUNNER,2021-05-10,52,303.8475646972656,10,100,157.50030517578125,5.466909171029132,RUNNER: Trailing Stop Exit
166,META,RUNNER,2020-09-04,35,280.7687683105469,30,100,865.7533264160156,11.45584021510437,RUNNER: Trailing Stop Exit
165,META,RUNNER,2020-06-04,36,224.7202606201172,28,100,892.5657958984375,16.530216084581348,RUNNER: Trailing Stop Exit
164,MELI,RUNNER,2020-07-13,31,981.969970703125,14,100,1197.5596923828125,9.542293176962191,RUNNER: Trailing Stop Exit
163,MCFT,RUNNER,2018-10-02,26,34.5099983215332,127,100,609.5999031066895,16.15617430149694,RUNNER: Trailing Stop Exit
162,LOW,RUNNER,2021-04-28,40,179.9812469482422,22,100,345.304931640625,9.553899882590812,RUNNER: Trailing Stop Exit
161,LOW,RUNNER,2018-10-02,132,98.46210479736328,46,100,738.1520385742188,19.47063141220963,RUNNER: Trailing Stop Exit
160,LLY,RUNNER,2021-02-18,71,191.6556396484375,53,100,2210.997512817383,27.82265865273112,RUNNER: Trailing Stop Exit
159,LII,RUNNER,2015-12-02,44,120.02721405029295,24,100,228.40960693359372,8.611939451504496,RUNNER: Trailing Stop Exit
158,LH,RUNNER,2021-05-17,54,219.3953094482422,58,100,804.9163818359375,6.75264765783358,RUNNER: Trailing Stop Exit
157,LH,RUNNER,2015-04-02,90,102.75872039794922,34,100,384.7897186279297,12.376612419573007,RUNNER: Trailing Stop Exit
156,LAKE,RUNNER,2020-07-13,34,22.26582717895508,256,100,1687.97705078125,42.07242322340192,RUNNER: Trailing Stop Exit
155,JOYY,RUNNER,2021-02-19,37,103.69058227539062,52,100,1602.4166259765625,42.28577147729195,RUNNER: Trailing Stop Exit
154,JD,RUNNER,2020-09-08,21,69.16239166259766,65,100,347.9894256591797,8.390208207414688,RUNNER: Trailing Stop Exit
153,JD,RUNNER,2016-09-20,41,23.456417083740234,95,100,210.3364086151123,10.422893409770884,RUNNER: Trailing Stop Exit
152,JBL,RUNNER,2019-11-29,66,37.75157165527344,88,100,518.0621337890625,18.475323137982024,RUNNER: Trailing Stop Exit
151,ILMN,RUNNER,2016-01-04,52,176.3424072265625,17,100,258.4725799560547,9.435549904648036,RUNNER: Trailing Stop Exit
150,IBB,RUNNER,2020-06-26,70,133.23849487304688,102,100,1070.211685180664,8.547938281489252,RUNNER: Trailing Stop Exit
149,IAC,RUNNER,2016-07-28,85,10.265562057495115,242,100,235.71122550964355,10.482787713508152,RUNNER: Trailing Stop Exit
148,HQY,RUNNER,2015-05-13,68,25.40999984741211,173,100,557.0598812103271,14.511037565827808,RUNNER: Trailing Stop Exit
147,HON,RUNNER,2022-08-26,29,169.7515869140625,40,100,125.4278564453125,1.881991208442196,RUNNER: Trailing Stop Exit
146,HON,RUNNER,2021-04-26,47,189.37548828125,23,100,169.29335021972656,4.043943725165106,RUNNER: Trailing Stop Exit
145,HON,RUNNER,2020-12-22,47,176.98268127441406,39,100,846.9503173828125,13.986754279612242,RUNNER: Trailing Stop Exit
144,HON,RUNNER,2019-03-08,49,124.22537231445312,81,100,696.4725723266602,7.436352125356843,RUNNER: Trailing Stop Exit
143,HD,RUNNER,2021-05-12,54,282.4085998535156,19,100,472.25390625,9.650617969000772,RUNNER: Trailing Stop Exit
142,HD,RUNNER,2020-06-11,27,209.75436401367188,19,100,25.971923828125,0.6559625120763325,RUNNER: Trailing Stop Exit
141,HAS,RUNNER,2015-05-13,93,49.87424087524414,2,100,15.811798095703123,18.83776843118308,RUNNER: Trailing Stop Exit
140,HAR,RUNNER,2018-02-06,215,8710,2,100,6931.9599609375,66.09395020537251,RUNNER: Trailing Stop Exit
139,GWW,RUNNER,2021-06-07,94,438.5284729003906,26,100,1540.0818481445312,15.616864611363162,RUNNER: Trailing Stop Exit
138,GWW,RUNNER,2020-01-21,102,310.80908203125,25,100,711.3418579101562,10.07725495562039,RUNNER: Trailing Stop Exit
137,GS,RUNNER,2022-08-23,35,311.0882568359375,57,100,1153.5350646972656,6.958020162216457,RUNNER: Trailing Stop Exit
136,GS,RUNNER,2021-01-26,36,250.2029571533203,22,100,484.1044006347656,9.642821178295332,RUNNER: Trailing Stop Exit
135,GS,RUNNER,2017-03-10,99,206.10430908203125,11,100,203.9212951660156,9.883613565081172,RUNNER: Trailing Stop Exit
134,GOOGL,RUNNER,2021-02-25,36,100.04161071777344,50,100,337.1524810791016,7.227388656755279,RUNNER: Trailing Stop Exit
133,GOOGL,RUNNER,2020-06-11,43,69.56935119628906,106,100,314.1424255371094,4.4494778324491175,RUNNER: Trailing Stop Exit
132,GOOGL,RUNNER,2016-01-04,73,37.6872444152832,18,100,35.82813262939453,5.575996238391913,RUNNER: Trailing Stop Exit
131,GOOG,RUNNER,2021-02-25,36,100.81189727783205,67,100,480.33824920654297,7.655941062733605,RUNNER: Trailing Stop Exit
130,GOOG,RUNNER,2020-06-11,43,69.66947174072266,142,100,439.4620056152344,4.648619224565455,RUNNER: Trailing Stop Exit
129,GOOG,RUNNER,2016-01-04,73,36.81587600708008,36,100,71.17835998535156,5.675231003653224,RUNNER: Trailing Stop Exit
128,GMAB,RUNNER,2020-06-04,34,28.96999931335449,343,100,1361.7097644805908,15.879997253417969,RUNNER: Trailing Stop Exit
127,GIII,RUNNER,2021-02-18,27,15.220000267028809,245,100,1254.399971961975,50.6930662592117,RUNNER: Trailing Stop Exit
126,GIGM,RUNNER,2021-02-18,27,15.220000267028809,328,100,1679.359962463379,50.6930662592117,RUNNER: Trailing Stop Exit
125,GE,RUNNER,2022-08-19,24,47.58196258544922,324,100,1231.8177337646484,8.684106264538723,RUNNER: Trailing Stop Exit
124,GE,RUNNER,2019-11-29,30,54.58272552490234,36,100,202.251708984375,11.473800349678736,RUNNER: Trailing Stop Exit
123,FISV,RUNNER,2022-08-22,27,106.7699966430664,186,100,846.2991485595703,4.451179190009389,RUNNER: Trailing Stop Exit
122,FFIV,RUNNER,2022-01-05,70,232.30999755859372,46,100,749.3396911621094,7.540965171719296,RUNNER: Trailing Stop Exit
121,FFIV,RUNNER,2018-06-22,66,171.47000122070312,77,100,985.6002349853516,8.067059431190573,RUNNER: Trailing Stop Exit
120,FFBC,RUNNER,2016-12-29,41,19.908021926879883,95,100,171.6687297821045,9.983100333314788,RUNNER: Trailing Stop Exit
119,FDX,RUNNER,2020-10-28,47,235.63800048828125,44,100,1084.703125,11.684369511705803,RUNNER: Trailing Stop Exit
118,FCX,RUNNER,2021-01-21,22,28.04511833190918,232,100,745.9247283935547,12.94886200924994,RUNNER: Trailing Stop Exit
117,FAST,RUNNER,2019-03-05,47,13.033244132995604,445,100,471.80288791656494,8.85517467920559,RUNNER: Trailing Stop Exit
116,F,RUNNER,2021-03-23,68,9.264354705810549,530,100,820.3628444671631,20.05902114817366,RUNNER: Trailing Stop Exit
115,EXLS,RUNNER,2021-02-19,22,9.470000267028809,1116,100,1194.1207237243652,12.738103536792188,RUNNER: Trailing Stop Exit
114,EQR,RUNNER,2019-03-19,61,56.63648223876953,187,100,517.3017044067383,5.135160398081257,RUNNER: Trailing Stop Exit
113,EQIX,RUNNER,2019-04-16,61,399.309326171875,22,100,669.1932983398438,8.245752858142092,RUNNER: Trailing Stop Exit
112,EQIX,RUNNER,2016-06-27,34,309.1420288085937,19,100,260.011474609375,4.631741513903467,RUNNER: Trailing Stop Exit
111,EOG,RUNNER,2022-02-15,42,92.06719207763672,113,100,1524.0309448242188,17.16335767490645,RUNNER: Trailing Stop Exit
110,EME,RUNNER,2022-12-05,38,147.73448181152344,104,100,935.6080322265624,6.4843192354011885,RUNNER: Trailing Stop Exit
109,EGHT,RUNNER,2019-05-13,55,23.459999084472656,570,100,1567.5,13.278609954463086,RUNNER: Trailing Stop Exit
108,EBAY,RUNNER,2020-07-23,49,50.2330436706543,75,100,395.5341339111328,11.730150836612774,RUNNER: Trailing Stop Exit
107,EBAY,RUNNER,2019-03-07,44,32.346065521240234,118,100,361.8217582702637,10.472367436805737,RUNNER: Trailing Stop Exit
106,DUK,RUNNER,2020-11-30,61,76.1696548461914,55,100,225.0752639770508,5.677617137378344,RUNNER: Trailing Stop Exit
105,DPZ,RUNNER,2019-02-15,29,259.60076904296875,32,100,669.82958984375,8.770393414649662,RUNNER: Trailing Stop Exit
104,DOMO,RUNNER,2020-02-24,171,86.37000274658203,58,100,1745.8001327514648,53.49209533312774,RUNNER: Trailing Stop Exit
103,DOCU,RUNNER,2020-02-24,171,86.37000274658203,62,100,1866.2001419067385,53.49209533312774,RUNNER: Trailing Stop Exit
102,DLR,RUNNER,2016-01-15,100,53.87093353271485,73,100,437.4271812438965,12.515258580200117,RUNNER: Trailing Stop Exit
101,DHR,RUNNER,2022-08-22,32,249.26007080078125,43,100,252.98324584960935,2.417376167857204,RUNNER: Trailing Stop Exit
100,DHI,RUNNER,2021-12-17,38,98.88084411621094,143,100,784.1990737915039,5.871616274931233,RUNNER: Trailing Stop Exit
99,DG,RUNNER,2016-07-13,48,81.47203063964844,63,100,258.8089141845703,5.310067367188653,RUNNER: Trailing Stop Exit
98,DELL,RUNNER,2018-09-19,79,24.55917739868164,155,100,129.99958038330078,3.5357940001405552,RUNNER: Trailing Stop Exit
97,DE,RUNNER,2021-03-23,32,334.9095153808594,15,100,386.3040161132813,8.330295453663773,RUNNER: Trailing Stop Exit
96,DD,RUNNER,2022-12-07,36,27.4486083984375,645,100,2865.0355052948,19.30705788105636,RUNNER: Trailing Stop Exit
95,DD,RUNNER,2021-01-27,40,29.60829162597656,168,100,419.5174255371094,9.21069831008147,RUNNER: Trailing Stop Exit
94,CYBR,RUNNER,2015-03-10,28,54.70000076293945,1,100,13.799999237060549,33.74082817167816,RUNNER: Trailing Stop Exit
93,CVX,RUNNER,2021-03-18,29,85.37674713134766,128,100,860.6572265625,8.548811021779795,RUNNER: Trailing Stop Exit
92,CVS,RUNNER,2022-01-19,41,90.20943450927734,192,100,1027.99365234375,6.309722019673528,RUNNER: Trailing Stop Exit
91,CVS,RUNNER,2020-12-14,38,59.29316711425781,58,100,235.28404998779297,7.344089877788765,RUNNER: Trailing Stop Exit
90,CSX,RUNNER,2022-01-10,87,34.54819869995117,414,100,966.574333190918,7.247651449392924,RUNNER: Trailing Stop Exit
89,CSGP,RUNNER,2020-12-30,47,38.17611312866211,180,100,475.8281707763672,7.439613495451902,RUNNER: Trailing Stop Exit
88,CSCO,RUNNER,2020-12-30,47,38.17611312866211,240,100,634.4375610351562,7.439613495451902,RUNNER: Trailing Stop Exit
87,COP,RUNNER,2022-02-18,42,77.78435516357422,211,100,1720.094627380371,11.707373353181024,RUNNER: Trailing Stop Exit
86,COP,RUNNER,2020-01-17,57,52.250614166259766,86,100,335.6179656982422,8.071746614509097,RUNNER: Trailing Stop Exit
85,CMG,RUNNER,2022-08-22,26,32.78860092163086,265,100,685.9790420532227,8.571523487734675,RUNNER: Trailing Stop Exit
84,CMG,RUNNER,2021-09-13,54,37.34379959106445,262,100,582.687744140625,6.33260721157841,RUNNER: Trailing Stop Exit
83,CMG,RUNNER,2019-04-17,69,13.764200210571287,300,100,614.5800590515137,17.4860885864747,RUNNER: Trailing Stop Exit
82,CMA,RUNNER,2022-08-22,33,68.99461364746094,268,100,716.5348205566406,4.031360123172875,RUNNER: Trailing Stop Exit
81,CDW,RUNNER,2021-04-30,35,168.39950561523438,115,100,1132.666473388672,6.212084057856085,RUNNER: Trailing Stop Exit
80,CBOE,RUNNER,2021-11-10,142,121.32487487792967,173,100,1686.202247619629,8.735440869205553,RUNNER: Trailing Stop Exit
79,CAT,RUNNER,2021-04-27,67,211.5155792236328,32,100,628.087890625,10.228760371008498,RUNNER: Trailing Stop Exit
78,CAT,RUNNER,2020-10-27,78,143.58837890625,38,100,578.8476867675781,11.8676866333195,RUNNER: Trailing Stop Exit
77,CAT,RUNNER,2020-01-07,76,129.21170043945312,21,100,204.6489028930664,8.157253005754303,RUNNER: Trailing Stop Exit
76,CAG,RUNNER,2019-05-06,45,22.832103729248047,540,100,1461.2314224243164,13.44513581130496,RUNNER: Trailing Stop Exit
75,BRKR,RUNNER,2017-07-19,79,28.06839370727539,466,100,1972.6854553222656,17.760443132431586,RUNNER: Trailing Stop Exit
74,BLK,RUNNER,2020-06-11,24,460.73345947265625,13,100,139.16046142578125,2.3786590268201144,RUNNER: Trailing Stop Exit
73,BLDR,RUNNER,2017-04-13,44,14.779999732971191,508,100,934.7200775146484,14.219476137984444,RUNNER: Trailing Stop Exit
72,BKNG,RUNNER,2020-06-11,24,1562.7987060546875,5,100,152.210693359375,1.986622390627309,RUNNER: Trailing Stop Exit
71,BEN,RUNNER,2021-01-04,32,19.122947692871094,475,100,611.7420673370361,7.221042930095277,RUNNER: Trailing Stop Exit
70,BBT,RUNNER,2022-08-22,33,26.00335693359375,982,100,1504.8225479125977,6.262142604272264,RUNNER: Trailing Stop Exit
69,BAK,RUNNER,2016-11-03,91,12.600746154785156,351,100,1183.8778610229492,36.55090135227645,RUNNER: Trailing Stop Exit
68,BAC,RUNNER,2021-01-20,72,28.660858154296875,155,100,652.7582836151123,17.224651983873105,RUNNER: Trailing Stop Exit
67,BAC,RUNNER,2016-09-16,60,12.589496612548828,653,100,767.0920362472534,10.291220151352702,RUNNER: Trailing Stop Exit
66,BA,RUNNER,2019-03-11,40,390.6411437988281,10,100,138.9483642578125,3.688114827897398,RUNNER: Trailing Stop Exit
65,B,RUNNER,2017-02-27,60,15.88027000427246,542,100,1158.373447418213,15.551281859116244,RUNNER: Trailing Stop Exit
64,AYI,RUNNER,2017-02-23,66,29.46999931335449,82,100,168.9199562072754,7.515503383473662,RUNNER: Trailing Stop Exit
63,AYI,RUNNER,2015-05-29,109,170.7106475830078,2,100,36.64663696289063,12.02417457506146,RUNNER: Trailing Stop Exit
62,AXP,RUNNER,2022-08-22,31,151.0130615234375,40,100,179.6453857421875,3.0651621495781134,RUNNER: Trailing Stop Exit
61,AXP,RUNNER,2018-06-11,94,46.22726821899414,188,100,401.6163482666016,4.8451081544400445,RUNNER: Trailing Stop Exit
60,AXON,RUNNER,2018-01-10,50,27.299999237060547,468,100,538.199821472168,4.397704150310453,RUNNER: Trailing Stop Exit
59,AVGO,RUNNER,2019-05-06,52,26.044252395629883,147,100,293.06409072875977,8.289322033132132,RUNNER: Trailing Stop Exit
58,AVGO,RUNNER,2017-03-21,102,16.84214973449707,329,100,994.0143928527832,21.860629759891363,RUNNER: Trailing Stop Exit
57,AVGO,RUNNER,2015-03-25,76,9.426615715026855,427,100,677.5616059303284,20.24020005723393,RUNNER: Trailing Stop Exit
56,AVB,RUNNER,2021-04-16,50,37.8172721862793,305,100,1621.2456130981443,16.354705427582143,RUNNER: Trailing Stop Exit
55,AUGZ,RUNNER,2016-11-03,41,2.549999952316284,972,100,145.79986095428467,6.2499937911830825,RUNNER: Trailing Stop Exit
54,ATI,RUNNER,2022-01-25,20,19.21999931335449,554,100,1091.379619598389,11.420285874518797,RUNNER: Trailing Stop Exit
53,ATHM,RUNNER,2018-02-05,273,63.92487335205078,363,100,12156.78129386902,110.03655690403951,RUNNER: Trailing Stop Exit
52,ASA,RUNNER,2016-05-04,26,11.998823165893556,200,100,178.4137725830078,8.031769125169282,RUNNER: Trailing Stop Exit
51,ARW,RUNNER,2015-03-25,47,61.34999847412109,9,100,25.28997802734375,4.800132413131577,RUNNER: Trailing Stop Exit
50,ARLP,RUNNER,2016-11-07,104,9.769506454467772,575,100,983.5691690444946,21.22552918356868,RUNNER: Trailing Stop Exit
49,ARKO,RUNNER,2020-12-29,29,93.5401382446289,158,100,2051.356460571289,16.116898307091276,RUNNER: Trailing Stop Exit
48,ARHS,RUNNER,2020-07-23,58,255.3500061035156,19,100,821.3702087402344,20.379979248276587,RUNNER: Trailing Stop Exit
47,APD,RUNNER,2017-12-27,42,18.97147560119629,488,100,760.7752532958984,8.953135936782862,RUNNER: Trailing Stop Exit
46,ANGI,RUNNER,2018-10-01,53,222.6000061035156,21,100,854.7002563476562,22.37493874254488,RUNNER: Trailing Stop Exit
45,AMZN,RUNNER,2020-01-10,65,21.271652221679688,411,100,1091.6583881378174,14.268196557980204,RUNNER: Trailing Stop Exit
44,AMZN,RUNNER,2015-12-09,47,33.239498138427734,84,100,276.1918487548828,10.977741369090603,RUNNER: Trailing Stop Exit
43,AMD,RUNNER,2016-02-05,113,153.7294921875,600,100,91055.69529533386,7703.527408877812,RUNNER: Trailing Stop Exit
42,AMAT,RUNNER,2016-09-09,31,63.5099983215332,66,100,160.37976837158203,3.978383132993033,RUNNER: Trailing Stop Exit
41,AMAL,RUNNER,2020-08-26,40,43.38999938964844,140,100,1874.5999145507808,44.633331298828125,RUNNER: Trailing Stop Exit
40,ALEX,RUNNER,2022-12-15,48,30.6200008392334,641,100,3371.660146713257,20.741325324474893,RUNNER: Trailing Stop Exit
39,ALB,RUNNER,2017-06-12,104,98.79694366455078,36,100,319.7230224609375,9.877240869388212,RUNNER: Trailing Stop Exit
38,AIT,RUNNER,2016-12-16,35,53.05946731567383,169,100,816.5333404541016,10.01817893184953,RUNNER: Trailing Stop Exit
37,AIG,RUNNER,2015-04-30,76,43.32300567626953,1,100,1.8857765197753904,4.550923307766217,RUNNER: Trailing Stop Exit
36,AGRO,RUNNER,2015-04-09,44,9.074281692504885,156,100,263.68783950805664,22.89155443885621,RUNNER: Trailing Stop Exit
35,AGRH,RUNNER,2020-08-11,29,50.93000030517578,243,100,4578.120037078857,58.70987866314654,RUNNER: Trailing Stop Exit
34,AGQI,RUNNER,2020-08-11,29,50.93000030517578,276,100,5199.840042114258,58.70987866314654,RUNNER: Trailing Stop Exit
33,AGIO,RUNNER,2020-02-24,77,49.66999816894531,183,100,1409.0994415283203,18.346430126963885,RUNNER: Trailing Stop Exit
32,AEP,RUNNER,2022-12-13,33,14.142959594726562,1697,100,5740.2864780426025,31.43585517598705,RUNNER: Trailing Stop Exit
31,AEP,RUNNER,2021-02-18,43,21.399194717407227,337,100,797.6965503692627,12.437128720213936,RUNNER: Trailing Stop Exit
30,AEP,RUNNER,2020-11-12,65,12.86444091796875,881,100,1286.348253250122,12.80302129446633,RUNNER: Trailing Stop Exit
29,AEP,RUNNER,2018-01-05,49,14.703407287597656,353,100,929.9766578674316,21.828766926281208,RUNNER: Trailing Stop Exit
28,AEO,RUNNER,2020-11-12,65,12.86444091796875,1174,100,1714.1576042175293,12.80302129446633,RUNNER: Trailing Stop Exit
27,AEM,RUNNER,2015-02-06,35,26.03094291687012,169,100,638.0132942199707,16.96295252007451,RUNNER: Trailing Stop Exit
26,ADEA,RUNNER,2017-03-16,90,70.16844177246094,408,100,23404.600845336918,448.01010740043984,RUNNER: Trailing Stop Exit
25,ADBE,RUNNER,2016-06-09,84,98.06999969482422,54,100,437.9400329589844,9.015118600363982,RUNNER: Trailing Stop Exit
24,AD,RUNNER,2020-12-18,38,7.797443389892578,1149,100,1712.890737533569,23.637908795211874,RUNNER: Trailing Stop Exit
23,ACM,RUNNER,2016-12-20,41,36.4386100769043,72,100,450.7660217285156,20.74572612677023,RUNNER: Trailing Stop Exit
22,ACCL,RUNNER,2020-12-02,28,54.72999954223633,311,100,1741.5995254516602,11.39832760507596,RUNNER: Trailing Stop Exit
21,ABEO,RUNNER,2016-12-19,40,38.39533233642578,66,100,260.13230895996094,11.439618631400815,RUNNER: Trailing Stop Exit
20,ABCB,RUNNER,2019-11-18,66,39.29793930053711,15,100,52.25263595581055,9.726551673966704,RUNNER: Trailing Stop Exit
19,ABCB,RUNNER,2016-12-19,40,38.39533233642578,70,100,275.8979034423828,11.439618631400815,RUNNER: Trailing Stop Exit
18,ABBV,RUNNER,2015-06-16,67,43.33021545410156,97,100,332.36368560791016,8.586728521993802,RUNNER: Trailing Stop Exit
17,AB,RUNNER,2015-04-29,75,12.430733680725098,12,100,21.552085876464844,16.888136730731134,RUNNER: Trailing Stop Exit
16,AAVM,RUNNER,2016-05-18,83,26.68279457092285,235,100,287.0256996154785,4.797008579822282,RUNNER: Trailing Stop Exit
15,AAT,RUNNER,2016-05-18,83,26.68279457092285,288,100,351.7591552734375,4.797008579822282,RUNNER: Trailing Stop Exit
14,AAPL,RUNNER,2021-02-02,27,10.630000114440918,890,100,934.5001697540284,10.960336107483675,RUNNER: Trailing Stop Exit
13,AAPL,RUNNER,2017-03-21,36,48.22999954223633,177,100,2532.8702430725098,42.187506325965,RUNNER: Trailing Stop Exit
12,AAMI,RUNNER,2015-05-11,83,17.556556701660156,2,100,3.82183837890625,12.213750880794654,RUNNER: Trailing Stop Exit
11,NKE,"EARNINGS_EXIT(<10%,4d)",2022-12-16,35,100.47372436523438,236,100,41.324127197265625,0.1745808966920909,UNKNOWN
10,CHTR,"EARNINGS_EXIT(<10%,4d)",2022-07-25,4,478.9800109863281,137,100,-1885.1171569824216,-2.792543637771688,UNKNOWN
9,AFRM,"EARNINGS_EXIT(<10%,4d)",2022-11-04,3,62.511016845703125,1590,100,547.3995208740234,0.5537952061032466,UNKNOWN
8,TMO,"EARNINGS_EXIT(<10%,3d)",2022-07-25,4,561.8046264648438,67,100,-501.48583984375,-1.3147727853869724,UNKNOWN
7,INTC,"EARNINGS_EXIT(<10%,3d)",2022-07-25,6,36.88554000854492,2958,100,-2953.351043701172,-2.6354903884833987,UNKNOWN
6,TGT,"EARNINGS_EXIT(<10%,2d)",2022-11-14,3,155.1346435546875,228,100,-12.25653076171875,-0.0346396468899486,UNKNOWN
5,TGT,"EARNINGS_EXIT(<10%,2d)",2022-08-15,17,154.28404235839844,92,100,819.4437866210938,6.126825387329006,UNKNOWN
4,ADPT,"EARNINGS_EXIT(<10%,2d)",2022-08-01,5,223.8251037597656,122,100,823.7717895507812,3.11058106768354,UNKNOWN
3,DHIL,"EARNINGS_EXIT(<10%,1d)",2020-10-26,26,60.77999877929688,197,100,853.0096092224121,7.67050125391699,UNKNOWN
2,CAT,"EARNINGS_EXIT(<10%,1d)",2022-08-01,3,183.91021728515625,252,100,-806.2838745117188,-1.709979877552768,UNKNOWN
1,ACT,"EARNINGS_EXIT(<10%,1d)",2022-10-31,3,22.19029235839844,6899,100,-656.7950954437256,-0.4271904089150161,UNKNOWN
