#,symbol,phase,exit_date,days_to_exit,exit_price,shares,exit_pct,pnl,return_pct,reason
1,O,"EARNINGS_EXIT(<10%,1d)",2022-11-01,1,52.31077194213867,190,100,-9.587554931640623,-0.0963705641983645,UNKNOWN
2,CF,"EARNINGS_EXIT(<10%,2d)",2023-02-13,3,80.99526977539062,118,100,-400.5672912597656,-4.022564010952203,UNKNOWN
3,ENSG,"EARNINGS_EXIT(<10%,2d)",2023-04-24,25,99.43375396728516,108,100,746.6495361328125,7.472326845650036,UNKNOWN
4,FTAI,"EARNINGS_EXIT(<10%,2d)",2023-02-21,12,22.115772247314453,443,100,-183.2040843963623,-1.8356219239061096,UNKNOWN
5,ULTA,"EARNINGS_EXIT(<10%,2d)",2022-11-29,1,449.8800048828125,21,100,-154.5596923828125,-1.6096547783998227,UNKNOWN
6,ACB,"EARNINGS_EXIT(<10%,3d)",2023-02-06,6,58.01948928833008,169,100,-139.26073455810547,-1.4003717875786643,UNKNOWN
7,ADBE,"EARNINGS_EXIT(<10%,3d)",2023-09-11,11,564.5,17,100,87.71954345703125,0.922510976648658,UNKNOWN
8,ALHC,"EARNINGS_EXIT(<10%,3d)",2022-10-31,3,25.40999984741211,256,100,12.7998046875,0.1971578700993325,UNKNOWN
9,INTC,"EARNINGS_EXIT(<10%,3d)",2022-07-25,6,36.88554000854492,263,100,-262.58665466308594,-2.6354903884833987,UNKNOWN
10,LAUR,"EARNINGS_EXIT(<10%,3d)",2023-10-30,88,13.615716934204102,399,100,427.7993574142456,8.547658823526728,UNKNOWN
11,PCVX,"EARNINGS_EXIT(<10%,3d)",2022-08-05,1,25.93000030517578,253,100,78.42986488342285,1.209990069429126,UNKNOWN
12,TMO,"EARNINGS_EXIT(<10%,3d)",2022-07-25,4,561.8046264648438,17,100,-127.24267578125,-1.3147727853869724,UNKNOWN
13,ABSI,"EARNINGS_EXIT(<10%,4d)",2023-05-11,3,8.699040412902832,744,100,-15.94109344482422,-0.2457001650905635,UNKNOWN
14,ALHC,"EARNINGS_EXIT(<10%,4d)",2023-02-24,22,43.22999954223633,36,100,76.68003845214844,5.182484543050299,UNKNOWN
15,ALLR,"EARNINGS_EXIT(<10%,4d)",2022-11-10,2,9.444705963134766,1115,100,532.3986339569092,5.324812476270392,UNKNOWN
16,ARCT,"EARNINGS_EXIT(<10%,4d)",2023-08-03,1,4,742,100,-29.67997169494629,-0.9900980750178164,UNKNOWN
17,CALM,"EARNINGS_EXIT(<10%,4d)",2022-09-23,11,48.28458023071289,107,100,179.97718048095703,3.609308301448384,UNKNOWN
18,CDNS,"EARNINGS_EXIT(<10%,4d)",2023-02-09,23,186.2700042724609,29,100,385.70008850097656,7.689196368095942,UNKNOWN
19,CHTR,"EARNINGS_EXIT(<10%,4d)",2022-07-25,4,478.9800109863281,20,100,-275.1995849609375,-2.792543637771688,UNKNOWN
20,CINF,"EARNINGS_EXIT(<10%,4d)",2023-02-02,3,106.84247589111328,62,100,223.27606201171875,3.488166637439729,UNKNOWN
21,GOOG,"EARNINGS_EXIT(<10%,4d)",2023-07-21,72,119.41436767578124,45,100,358.6600112915039,7.151764194209063,UNKNOWN
22,GOOGL,"EARNINGS_EXIT(<10%,4d)",2023-07-21,72,119.11994934082033,45,100,369.35863494873047,7.40043563333472,UNKNOWN
23,HQY,"EARNINGS_EXIT(<10%,4d)",2022-09-02,4,63.9900016784668,153,100,-156.0600700378418,-1.568990038834685,UNKNOWN
24,ORCL,"EARNINGS_EXIT(<10%,4d)",2023-09-07,9,121.59416961669922,85,100,366.8523788452149,3.680060026427449,UNKNOWN
25,PSA,"EARNINGS_EXIT(<10%,4d)",2023-10-26,934,217.95166015625,10,100,102.91641235351562,4.956005151512502,UNKNOWN
26,WDAY,"EARNINGS_EXIT(<10%,4d)",2023-11-24,15,236.6100006103516,44,100,491.0401611328125,4.950101491760694,UNKNOWN
27,APOG,PHASE3_EMA10_BREAK,2020-06-11,37,150.22999572753906,12,30,464.7599487304688,34.73542217716508,UNKNOWN
28,APPF,PHASE3_EMA10_BREAK,2020-06-11,37,150.22999572753906,12,30,464.7599487304688,34.73542217716508,UNKNOWN
29,BLFY,PHASE3_EMA10_BREAK,2020-08-11,40,19.81999969482422,34,30,62.56000518798828,10.233593990175564,UNKNOWN
30,ABR,PHASE3_EMA10_BREAK_DEF,2023-10-19,164,10.565936088562012,149,30,274.9749517440796,21.162508344203765,UNKNOWN
31,ABTS,PHASE3_EMA10_BREAK_DEF,2023-10-19,164,10.565936088562012,149,30,274.9749517440796,21.162508344203765,UNKNOWN
32,ALLY,PHASE3_EMA10_BREAK_DEF,2021-01-25,52,33.55427932739258,74,30,457.9953956604004,22.61681896445312,UNKNOWN
33,ALRM,PHASE3_EMA10_BREAK_DEF,2020-07-13,25,67.68000030517578,10,30,48.600006103515625,7.736390693984643,UNKNOWN
34,ALRM,PHASE3_EMA10_BREAK_DEF,2021-01-14,27,99.79000091552734,14,30,87.5,6.681633460367562,UNKNOWN
35,ALSN,PHASE3_EMA10_BREAK_DEF,2020-07-13,25,67.68000030517578,10,30,48.600006103515625,7.736390693984643,UNKNOWN
36,AMBP,PHASE3_EMA10_BREAK_DEF,2020-12-18,29,88.08999633789062,21,30,477.53995513916016,34.79724314419789,UNKNOWN
37,AMCX,PHASE3_EMA10_BREAK_DEF,2021-01-28,14,47.7400016784668,47,30,225.1300430297852,11.152504843866089,UNKNOWN
38,AMR,PHASE3_EMA10_BREAK_DEF,2020-08-21,59,30.57999992370605,24,30,114.48001098632812,18.48121098978685,UNKNOWN
39,AMR,PHASE3_EMA10_BREAK_DEF,2020-12-03,57,44.11000061035156,35,30,240.4499626159668,18.44790177831058,UNKNOWN
40,AMRX,PHASE3_EMA10_BREAK_DEF,2021-02-22,49,5.360000133514404,411,30,197.28000783920288,9.836065733954968,UNKNOWN
41,AMWL,PHASE3_EMA10_BREAK_DEF,2020-10-20,33,656.2000122070312,2,30,389.60003662109375,42.219336993370334,UNKNOWN
42,ASTI,PHASE3_EMA10_BREAK_DEF,2023-02-13,26,7.614569664001465,317,30,412.6947135925293,20.623146812695342,UNKNOWN
43,AVRE,PHASE3_EMA10_BREAK_DEF,2023-10-20,162,7.179999828338623,117,30,236.3399977684021,39.14728760970027,UNKNOWN
44,BLK,PHASE3_EMA10_BREAK_DEF,2020-06-11,24,460.73345947265625,3,30,32.11395263671875,2.3786590268201144,UNKNOWN
45,BSVO,PHASE3_EMA10_BREAK_DEF,2021-07-19,55,57.69184112548828,36,30,81.46279907226562,4.082440812268038,UNKNOWN
46,EOG,PHASE3_EMA10_BREAK_DEF,2022-02-15,42,92.06719207763672,26,30,350.6619873046875,17.16335767490645,UNKNOWN
47,GDDY,PHASE3_EMA10_BREAK_DEF,2020-06-11,36,75.2699966430664,29,30,152.82990264892578,7.52856663295201,UNKNOWN
48,HWC,PHASE3_EMA10_BREAK_DEF,2022-08-22,34,45.51266479492188,49,30,201.287223815918,9.92132861495429,UNKNOWN
49,JEF,PHASE3_EMA10_BREAK_DEF,2022-08-19,31,29.60578155517578,80,30,353.9280700683594,17.568727569035843,UNKNOWN
50,MELI,PHASE3_EMA10_BREAK_DEF,2020-07-13,31,981.969970703125,3,30,256.61993408203125,9.542293176962191,UNKNOWN
51,META,PHASE3_EMA10_BREAK_DEF,2020-09-04,35,280.7687683105469,6,30,173.15066528320312,11.45584021510437,UNKNOWN
52,MMSI,PHASE3_EMA10_BREAK_DEF,2020-02-24,80,38.75,70,30,672.7000427246094,32.97872618955983,UNKNOWN
53,SCHW,PHASE3_EMA10_BREAK_DEF,2020-12-11,71,46.30769729614258,37,30,410.6475791931152,31.521904237313294,UNKNOWN
54,SIMO,PHASE3_EMA10_BREAK_DEF,2021-02-23,21,53.770973205566406,43,30,286.6836166381836,14.153942886982255,UNKNOWN
55,UPS,PHASE3_EMA10_BREAK_DEF,2020-09-03,64,127.76827239990234,22,30,788.4532318115234,38.98507823886735,UNKNOWN
56,ACHR,PHASE3_SMA20_BREAK,2021-02-25,20,12.15999984741211,178,30,149.52002716064453,7.4204962476453,UNKNOWN
57,ACN,PHASE3_SMA20_BREAK,2020-09-04,71,218.87454223632807,11,30,199.3174285888672,9.025820753207595,UNKNOWN
58,ACN,PHASE3_SMA20_BREAK,2021-01-13,65,240.10516357421875,9,30,148.59722900390625,7.384266399517385,UNKNOWN
59,ADP,PHASE3_SMA20_BREAK,2021-06-23,34,9.65821361541748,222,30,131.81461715698242,6.550416953847063,UNKNOWN
60,ADPT,PHASE3_SMA20_BREAK,2021-06-23,34,9.65821361541748,222,30,131.81461715698242,6.550416953847063,UNKNOWN
61,AIZ,PHASE3_SMA20_BREAK,2022-04-26,39,173.28526306152344,12,30,95.260986328125,4.801068569331362,UNKNOWN
62,AJAN,PHASE3_SMA20_BREAK,2022-04-26,39,173.28526306152344,12,30,95.2606201171875,4.80104922651198,UNKNOWN
63,ALBPA,PHASE3_SMA20_BREAK,2021-08-19,41,202.0525054931641,12,30,430.0358276367188,21.560065670664045,UNKNOWN
64,ALC,PHASE3_SMA20_BREAK,2020-06-10,28,60.351165771484375,24,30,111.435791015625,8.334812428784293,UNKNOWN
65,ARMK,PHASE3_SMA20_BREAK,2023-07-26,76,28.712276458740234,77,30,207.32596015930176,10.348088852868964,UNKNOWN
66,AVB,PHASE3_SMA20_BREAK,2021-04-16,50,37.8172721862793,62,30,329.56468200683594,16.354705427582143,UNKNOWN
67,AVGO,PHASE3_SMA20_BREAK,2019-05-06,52,26.044252395629883,25,30,49.8408317565918,8.289322033132132,UNKNOWN
68,BAC,PHASE3_SMA20_BREAK,2021-01-22,32,27.96072578430176,77,30,123.51402854919434,6.086048285794799,UNKNOWN
69,BDX,PHASE3_SMA20_BREAK,2020-08-06,31,232.08206176757807,9,30,73.53726196289062,3.649127369252585,UNKNOWN
70,BLDR,PHASE3_SMA20_BREAK,2019-12-12,58,25.299999237060547,93,30,349.6798439025879,17.455887473165184,UNKNOWN
71,BX,PHASE3_SMA20_BREAK,2019-08-01,52,37.75542449951172,59,30,227.4100875854492,11.369595051079404,UNKNOWN
72,C,PHASE3_SMA20_BREAK,2020-01-21,98,64.24162292480469,36,30,265.8724365234375,12.989498764536853,UNKNOWN
73,CAG,PHASE3_SMA20_BREAK,2020-09-01,63,29.96711158752441,47,30,106.48240280151369,8.178548827393026,UNKNOWN
74,CDW,PHASE3_SMA20_BREAK,2021-04-30,35,168.39950561523438,14,30,137.88983154296875,6.212084057856085,UNKNOWN
75,CLX,PHASE3_SMA20_BREAK,2020-08-11,53,188.85484313964844,11,30,53.397064208984375,2.6381867771222693,UNKNOWN
76,CMCSA,PHASE3_SMA20_BREAK,2020-12-10,31,40.66788101196289,34,30,90.3909683227539,6.994488913796544,UNKNOWN
77,CME,PHASE3_SMA20_BREAK,2021-06-10,107,177.58694458007812,12,30,157.91510009765625,8.003286218677937,UNKNOWN
78,COKE,PHASE3_SMA20_BREAK,2024-01-17,71,86.67186737060547,31,30,659.3878707885742,32.52317528666243,UNKNOWN
79,COP,PHASE3_SMA20_BREAK,2020-01-17,57,52.250614166259766,42,30,163.9064483642578,8.071746614509097,UNKNOWN
80,CSCO,PHASE3_SMA20_BREAK,2023-01-18,62,43.07547378540039,48,30,29.9476318359375,1.4696961105809871,UNKNOWN
81,CSGS,PHASE3_SMA20_BREAK,2023-02-21,96,55.94984436035156,48,30,647.9176025390625,31.79690705474685,UNKNOWN
82,CSX,PHASE3_SMA20_BREAK,2022-08-26,36,31.041719436645508,69,30,107.65180778503418,5.292025747595463,UNKNOWN
83,CVS,PHASE3_SMA20_BREAK,2022-01-19,41,90.20943450927734,16,30,85.6661376953125,6.309722019673528,UNKNOWN
84,DBX,PHASE3_SMA20_BREAK,2023-07-27,73,26.709999084472656,89,30,364.8998641967773,18.133561978958934,UNKNOWN
85,DE,PHASE3_SMA20_BREAK,2021-01-27,83,262.9979553222656,10,30,331.7767333984375,14.436355683516824,UNKNOWN
86,DOV,PHASE3_SMA20_BREAK,2021-05-12,72,137.8268585205078,18,30,322.48045349121094,14.94069705747486,UNKNOWN
87,DOX,PHASE3_SMA20_BREAK,2021-03-23,48,70.86279296875,30,30,101.68350219726562,5.02339135396217,UNKNOWN
88,DPZ,PHASE3_SMA20_BREAK,2019-02-15,29,259.60076904296875,6,30,125.59304809570312,8.770393414649662,UNKNOWN
89,DUK,PHASE3_SMA20_BREAK,2020-11-30,61,76.1696548461914,9,30,36.83049774169922,5.677617137378344,UNKNOWN
90,ED,PHASE3_SMA20_BREAK,2022-12-16,30,85.77822875976562,25,30,86.30104064941406,4.193127054902491,UNKNOWN
91,EGHT,PHASE3_SMA20_BREAK,2019-07-31,110,24.170000076293945,92,30,214.35999298095703,10.668497744630123,UNKNOWN
92,EME,PHASE3_SMA20_BREAK,2021-03-23,26,103.24498748779295,14,30,69.35411071777344,5.03999234973509,UNKNOWN
93,EQR,PHASE3_SMA20_BREAK,2019-03-19,61,56.63648223876953,38,30,105.12013244628906,5.135160398081257,UNKNOWN
94,EW,PHASE3_SMA20_BREAK,2020-09-11,56,81.77999877929688,27,30,207.08995056152344,10.349477945995291,UNKNOWN
95,FDX,PHASE3_SMA20_BREAK,2020-10-28,47,235.63800048828125,10,30,246.5234375,11.684369511705803,UNKNOWN
96,FFIV,PHASE3_SMA20_BREAK,2022-01-05,70,232.30999755859372,4,30,65.15997314453125,7.540965171719296,UNKNOWN
97,FISV,PHASE3_SMA20_BREAK,2019-02-25,34,84.23999786376953,26,30,157.2998809814453,7.737556252024683,UNKNOWN
98,GOLD,PHASE3_SMA20_BREAK,2021-11-08,60,29.01800537109375,28,30,204.16793060302732,33.56169236056882,UNKNOWN
99,GWW,PHASE3_SMA20_BREAK,2020-01-21,102,310.80908203125,5,30,142.26837158203125,10.07725495562039,UNKNOWN
100,HLIT,PHASE3_SMA20_BREAK,2019-08-01,23,7.349999904632568,218,30,298.6599750518799,22.909697009856256,UNKNOWN
101,HLT,PHASE3_SMA20_BREAK,2020-01-07,76,106.7852554321289,14,30,174.8364715576172,13.243611003772912,UNKNOWN
102,HON,PHASE3_SMA20_BREAK,2021-04-26,47,189.37548828125,11,30,80.96638488769531,4.043943725165106,UNKNOWN
103,HRB,PHASE3_SMA20_BREAK,2021-06-16,78,20.25288963317871,108,30,169.46623992919922,8.398373975440169,UNKNOWN
104,HWM,PHASE3_SMA20_BREAK,2019-05-29,58,16.630891799926758,135,30,243.403902053833,12.159455318886195,UNKNOWN
105,LH,PHASE3_SMA20_BREAK,2021-05-17,54,219.3953094482422,7,30,97.14508056640624,6.75264765783358,UNKNOWN
106,LITE,PHASE3_SMA20_BREAK,2020-02-21,71,83.13999938964844,18,30,145.98001098632812,10.809010718775816,UNKNOWN
107,LPLA,PHASE3_SMA20_BREAK,2019-12-31,60,88.69890594482422,17,30,150.2283172607422,11.065294886681986,UNKNOWN
108,LW,PHASE3_SMA20_BREAK,2019-10-22,118,68.26060485839844,36,30,408.34739685058594,19.928772363441094,UNKNOWN
109,NEE,PHASE3_SMA20_BREAK,2021-01-27,21,70.56523895263672,29,30,44.91424560546875,2.244054278698497,UNKNOWN
110,NEE,PHASE3_SMA20_BREAK,2022-08-26,29,79.90592193603516,26,30,83.04559326171875,4.163712432408993,UNKNOWN
111,NEOG,PHASE3_SMA20_BREAK,2019-09-24,63,33.17499923706055,40,30,13.000030517578123,0.989347878343086,UNKNOWN
112,NEWT,PHASE3_SMA20_BREAK,2021-06-17,36,23.827211380004883,32,30,143.76043701171875,23.235499829830477,UNKNOWN
113,NFLX,PHASE3_SMA20_BREAK,2020-02-25,69,36.00899887084961,63,30,247.52681350708008,12.247496307782315,UNKNOWN
114,NSIT,PHASE3_SMA20_BREAK,2022-12-05,27,100.7699966430664,14,30,56.69993591308594,4.187340127427926,UNKNOWN
115,NWBI,PHASE3_SMA20_BREAK,2022-08-24,29,11.638851165771484,184,30,141.6920166015625,7.08510883981992,UNKNOWN
116,NWS,PHASE3_SMA20_BREAK,2023-09-13,124,20.61676406860352,112,30,297.6877746582031,14.800103615243762,UNKNOWN
117,OMC,PHASE3_SMA20_BREAK,2022-01-20,37,65.79195404052734,32,30,114.8592529296875,5.770420394554435,UNKNOWN
118,PCH,PHASE3_SMA20_BREAK,2022-01-14,39,47.62445831298828,45,30,112.42841720581056,5.536512334436478,UNKNOWN
119,PCTY,PHASE3_SMA20_BREAK,2021-09-13,55,257.20001220703125,7,30,383.9500427246094,27.10650083966697,UNKNOWN
120,PFE,PHASE3_SMA20_BREAK,2020-08-25,43,28.264015197753903,79,30,205.83444213867188,10.15452052904556,UNKNOWN
121,PG,PHASE3_SMA20_BREAK,2019-04-23,90,87.70333099365234,16,30,122.2177734375,9.540545230370595,UNKNOWN
122,PGR,PHASE3_SMA20_BREAK,2020-08-13,30,75.78832244873047,18,30,69.5577392578125,5.37278051023085,UNKNOWN
123,PM,PHASE3_SMA20_BREAK,2019-11-22,58,59.86370086669922,24,30,123.82562255859376,9.431435822868032,UNKNOWN
124,POWI,PHASE3_SMA20_BREAK,2023-02-08,93,79.9187240600586,20,30,264.0423583984375,19.788353580503067,UNKNOWN
125,PZZA,PHASE3_SMA20_BREAK,2021-09-27,81,113.8979034423828,22,30,435.1905212402344,21.01797659540663,UNKNOWN
126,SBAC,PHASE3_SMA20_BREAK,2022-04-26,26,330.6549072265625,6,30,40.10760498046875,2.0633375028813026,UNKNOWN
127,SBUX,PHASE3_SMA20_BREAK,2019-03-08,42,59.913307189941406,36,30,81.42160034179688,3.923067659541244,UNKNOWN
128,SBUX,PHASE3_SMA20_BREAK,2020-09-21,54,74.60465240478516,30,30,183.79074096679688,8.94642322557845,UNKNOWN
129,SLB,PHASE3_SMA20_BREAK,2022-02-22,50,36.260719299316406,46,30,334.3772048950196,25.072977098513466,UNKNOWN
130,SMCI,PHASE3_SMA20_BREAK,2019-05-07,43,2.2100000381469727,288,30,34.560035705566406,5.741632961997332,UNKNOWN
131,SNPS,PHASE3_SMA20_BREAK,2020-07-16,56,193.22000122070312,13,30,321.4899444580078,14.677425913279112,UNKNOWN
132,SWKS,PHASE3_SMA20_BREAK,2019-11-20,41,82.78461456298828,28,30,269.1105651855469,13.134657491398183,UNKNOWN
133,TEAM,PHASE3_SMA20_BREAK,2020-02-21,46,145.92999267578125,10,30,182.39990234375,14.284587583702862,UNKNOWN
134,TGT,PHASE3_SMA20_BREAK,2021-01-26,69,163.3705596923828,4,30,72.58966064453125,12.49622793922338,UNKNOWN
135,TSLA,PHASE3_SMA20_BREAK,2021-11-12,46,344.47332763671875,8,30,645.4931640625,30.58783895253016,UNKNOWN
136,UNH,PHASE3_SMA20_BREAK,2020-01-07,53,262.7855224609375,6,30,116.55294799804688,7.982202846940058,UNKNOWN
137,UNIT,PHASE3_SMA20_BREAK,2021-09-09,55,15.990863800048828,147,30,343.0687866210937,17.088603528879084,UNKNOWN
138,UPS,PHASE3_SMA20_BREAK,2019-04-25,84,80.66445922851562,25,30,12.407875061035156,0.6190925425962183,UNKNOWN
139,UTHR,PHASE3_SMA20_BREAK,2020-11-24,41,135.42999267578125,18,30,458.4598846435547,23.162962716780516,UNKNOWN
140,WCLD,PHASE3_SMA20_BREAK,2021-01-04,40,52.63999938964844,42,30,213.3599166870117,10.681240264240769,UNKNOWN
141,WFC,PHASE3_SMA20_BREAK,2021-05-20,36,40.97429275512695,35,30,120.15321731567384,9.144449102846613,UNKNOWN
142,WFC,PHASE3_SMA20_BREAK,2023-02-21,39,43.025875091552734,32,30,68.49267578125,5.235100998956604,UNKNOWN
143,AAPB,STOP,2021-11-17,2,210.857879486084,46,100,-299.9833749389647,-2.9999999999999987,STOP: Stop Loss
144,AAT,STOP,2022-12-01,1,23.34600517272949,415,100,-299.647179794312,-3.000000000000005,STOP: Stop Loss
145,AAUC,STOP,2022-12-01,1,23.346007022857663,415,100,-299.647203540802,-3,STOP: Stop Loss
146,ABBV,STOP,2022-04-05,7,30.301904315948484,320,100,-299.8951354980477,-3.000000000000008,STOP: Stop Loss
147,ABBV,STOP,2022-12-01,1,23.34600517272949,415,100,-299.647179794312,-3.000000000000005,STOP: Stop Loss
148,ABCB,STOP,2021-05-24,3,53.38518573760986,181,100,-298.84696758270337,-3.000000000000007,STOP: Stop Loss
149,ABR,STOP,2021-08-19,8,11.015871286392212,880,100,-299.81340408325195,-3,STOP: Stop Loss
150,ABR,STOP,2022-11-17,7,9.766784076690673,993,100,-299.95102849960426,-3.0000000000000098,STOP: Stop Loss
151,ABSI,STOP,2022-11-17,7,9.766784076690673,993,100,-299.95102849960426,-3.0000000000000098,STOP: Stop Loss
152,ABTS,STOP,2022-11-17,7,9.766784076690673,993,100,-299.95102849960426,-3.0000000000000098,STOP: Stop Loss
153,ACH,STOP,2020-01-21,34,32.330101776123044,300,100,-299.97001647949304,-3.0000000000000084,STOP: Stop Loss
154,ACIU,STOP,2020-07-17,1,8.293500185012817,350,100,-89.77500200271606,-3,STOP: Stop Loss
155,ACIU,STOP,2020-11-06,2,5.393199944496154,539,100,-89.90519907474547,-3.0000000000000098,STOP: Stop Loss
156,ACIU,STOP,2021-01-12,1,6.217699851989746,468,100,-89.99639785766608,-3.000000000000002,STOP: Stop Loss
157,ACKY,STOP,2023-09-05,6,23.78440044403076,407,100,-299.38920558929425,-2.9999999999999982,STOP: Stop Loss
158,ACLC,STOP,2020-07-17,1,8.293500185012817,350,100,-89.77500200271606,-3,STOP: Stop Loss
159,ACLC,STOP,2020-11-06,2,5.393199944496154,539,100,-89.90519907474547,-3.0000000000000098,STOP: Stop Loss
160,ACRS,STOP,2020-07-17,1,8.293500185012817,350,100,-89.77500200271606,-3,STOP: Stop Loss
161,ACRS,STOP,2020-11-06,2,5.393199944496154,539,100,-89.90519907474547,-3.0000000000000098,STOP: Stop Loss
162,ACT,STOP,2021-09-13,3,6.702699851989746,434,100,-89.96819801330558,-2.9999999999999973,STOP: Stop Loss
163,ACTG,STOP,2021-09-13,3,6.702699851989746,434,100,-89.96819801330558,-2.9999999999999973,STOP: Stop Loss
164,AD,STOP,2020-09-21,5,5.508165984153748,1144,100,-194.8868624496457,-2.999999999999996,STOP: Stop Loss
165,AD,STOP,2021-01-27,2,8.340882892608642,1162,100,-299.7558532333383,-3.0000000000000093,STOP: Stop Loss
166,AD,STOP,2022-12-16,3,7.528961081504821,1288,100,-299.9165527725225,-3.0000000000000053,STOP: Stop Loss
167,ADBG,STOP,2023-09-12,12,542.5598260498047,17,100,-285.2634136962896,-3.0000000000000058,STOP: Stop Loss
168,ADC,STOP,2021-09-13,3,6.702699851989746,434,100,-89.96819801330558,-2.9999999999999973,STOP: Stop Loss
169,ADS-DE,STOP,2023-08-08,14,173.91696228027342,35,100,-188.2606292724614,-3.0000000000000075,STOP: Stop Loss
170,ADTN,STOP,2019-03-19,22,13.016317749023438,484,100,-194.84219970703109,-2.9999999999999973,STOP: Stop Loss
171,AEO,STOP,2019-07-22,6,15.055709409713744,644,100,-299.8724802017219,-3.0000000000000067,STOP: Stop Loss
172,AEP,STOP,2019-07-22,6,15.055709409713744,644,100,-299.8724802017219,-3.0000000000000067,STOP: Stop Loss
173,AER,STOP,2019-08-02,2,52.07460304260254,186,100,-299.5631803894041,-2.9999999999999987,STOP: Stop Loss
174,AGCO,STOP,2022-12-15,13,119.4116756439209,81,100,-299.1447132110593,-2.999999999999998,STOP: Stop Loss
175,AGX,STOP,2020-07-02,6,39.037338142395015,161,100,-194.38179714202957,-3.0000000000000115,STOP: Stop Loss
176,AGZD,STOP,2020-07-02,6,39.037338142395015,161,100,-194.38179714202957,-3.0000000000000115,STOP: Stop Loss
177,AIG,STOP,2023-05-25,2,50.93943840026855,190,100,-299.3348442077646,-3.0000000000000093,STOP: Stop Loss
178,ALF,STOP,2021-05-11,11,14.254633512496948,442,100,-194.86230966568,-3.000000000000001,STOP: Stop Loss
179,ALHC,STOP,2021-11-01,4,32.81510177612304,88,100,-89.31120483398468,-3.0000000000000098,STOP: Stop Loss
180,ALHC,STOP,2022-12-15,10,31.56380088806152,92,100,-89.81040252685563,-3.000000000000005,STOP: Stop Loss
181,ALLY,STOP,2020-09-21,5,21.099929218292235,298,100,-194.46738887786896,-3.000000000000005,STOP: Stop Loss
182,ALNY,STOP,2021-07-15,20,83.71100296020508,74,100,-191.5860067749023,-2.999999999999999,STOP: Stop Loss
183,ALRM,STOP,2020-11-10,4,70.95550148010254,88,100,-193.11600402832016,-2.999999999999998,STOP: Stop Loss
184,ALSN,STOP,2020-11-10,4,70.95550148010254,88,100,-193.11600402832016,-2.999999999999998,STOP: Stop Loss
185,AMBP,STOP,2020-08-27,2,50.16840118408203,57,100,-88.44120208740247,-3.0000000000000044,STOP: Stop Loss
186,AMBP,STOP,2020-09-02,1,55.98840118408203,51,100,-88.31160186767588,-3.000000000000004,STOP: Stop Loss
187,AMBP,STOP,2020-11-10,5,59.09239822387695,164,100,-299.7263909912117,-3.000000000000008,STOP: Stop Loss
188,AMBP,STOP,2023-11-10,7,2.807271401882172,2245,100,-194.91724630594257,-3.0000000000000004,STOP: Stop Loss
189,AMCX,STOP,2023-11-07,4,14.55,432,100,-194.4000000000005,-3.000000000000007,STOP: Stop Loss
190,AMPH,STOP,2019-03-06,5,24.52160066604614,256,100,-194.15040527343808,-3.000000000000009,STOP: Stop Loss
191,AMPY,STOP,2019-03-06,5,24.52160066604614,256,100,-194.15040527343808,-3.000000000000009,STOP: Stop Loss
192,AMR,STOP,2020-05-13,8,18.62400074005127,520,100,-299.5200119018558,-3.000000000000004,STOP: Stop Loss
193,AMR,STOP,2020-08-27,2,33.17400074005127,87,100,-89.26200199127197,-3,STOP: Stop Loss
194,AMR,STOP,2023-02-10,8,14.967100296020508,648,100,-299.9592059326171,-2.999999999999999,STOP: Stop Loss
195,AMRX,STOP,2021-06-14,4,5.839399981498718,1661,100,-299.97659904956845,-3.000000000000003,STOP: Stop Loss
196,AMRX,STOP,2022-04-12,4,4.326200037002564,1457,100,-194.94660166740385,-2.9999999999999942,STOP: Stop Loss
197,AMST,STOP,2021-12-21,4,32.35424224853516,194,100,-194.1254534912106,-2.999999999999995,STOP: Stop Loss
198,AMUB,STOP,2019-03-22,2,12.261009397506712,791,100,-299.9523226833347,-3.000000000000004,STOP: Stop Loss
199,AMWD,STOP,2019-03-22,2,12.261009397506712,791,100,-299.9523226833347,-3.000000000000004,STOP: Stop Loss
200,AMWL,STOP,2021-09-20,3,218.25,13,100,-87.75,-3,STOP: Stop Loss
201,AMX,STOP,2020-10-26,5,11.0533881855011,877,100,-299.8089104747769,-2.9999999999999973,STOP: Stop Loss
202,AMZN,STOP,2023-08-16,12,135.38290710449218,46,100,-192.6066101074224,-3.000000000000008,STOP: Stop Loss
203,ANGL,STOP,2019-09-26,6,18.6725,337,100,-194.61750000000015,-3.000000000000003,STOP: Stop Loss
204,AOMR,STOP,2019-03-19,4,29.35220022201538,330,100,-299.5740022659304,-3.000000000000002,STOP: Stop Loss
205,AOMR,STOP,2022-04-11,4,21.825,444,100,-299.7000000000004,-3.000000000000003,STOP: Stop Loss
206,APCB,STOP,2020-06-22,6,8.801132802963256,716,100,-194.8951882553108,-3.000000000000011,STOP: Stop Loss
207,APCB,STOP,2021-11-15,3,16.561133728027343,585,100,-299.6370071411136,-3.000000000000004,STOP: Stop Loss
208,APCB,STOP,2022-03-21,3,14.187867012023926,683,100,-299.70040729522714,-3.000000000000001,STOP: Stop Loss
209,APCB,STOP,2023-01-18,6,13.288999814987182,729,100,-299.61899582862884,-3.000000000000003,STOP: Stop Loss
210,APD,STOP,2021-02-25,9,12.448333024978638,779,100,-299.9149925708771,-3,STOP: Stop Loss
211,APG,STOP,2020-06-22,6,8.801132802963256,716,100,-194.8951882553108,-3.000000000000011,STOP: Stop Loss
212,API,STOP,2020-06-22,6,8.801132802963256,716,100,-194.8951882553108,-3.000000000000011,STOP: Stop Loss
213,APIE,STOP,2020-08-12,1,35.24980014801025,82,100,-89.3964003753664,-3.000000000000006,STOP: Stop Loss
214,APO,STOP,2023-08-08,5,80.15409454345703,121,100,-299.9581063842769,-2.999999999999996,STOP: Stop Loss
215,APOG,STOP,2022-11-04,7,118.81529792785643,52,100,-191.0843966674803,-2.9999999999999973,STOP: Stop Loss
216,APPF,STOP,2022-11-04,7,118.81529792785643,52,100,-191.0843966674803,-2.9999999999999973,STOP: Stop Loss
217,APRW,STOP,2020-01-22,1,4.704499907493592,618,100,-89.91899823188764,-2.999999999999994,STOP: Stop Loss
218,APRW,STOP,2021-07-20,1,9.622400074005126,302,100,-89.87520069122334,-3.0000000000000067,STOP: Stop Loss
219,APRZ,STOP,2020-01-22,1,4.704499907493592,618,100,-89.91899823188764,-2.999999999999994,STOP: Stop Loss
220,APRZ,STOP,2021-07-20,1,9.622400074005126,302,100,-89.87520069122334,-3.0000000000000067,STOP: Stop Loss
221,APT,STOP,2020-01-22,1,4.704499907493592,618,100,-89.91899823188764,-2.999999999999994,STOP: Stop Loss
222,APT,STOP,2020-01-28,1,7.468999814987183,389,100,-89.85899777412408,-2.999999999999998,STOP: Stop Loss
223,APT,STOP,2021-07-20,1,9.622400074005126,302,100,-89.87520069122334,-3.0000000000000067,STOP: Stop Loss
224,APVO,STOP,2020-01-28,1,7.468999814987183,389,100,-89.85899777412408,-2.999999999999998,STOP: Stop Loss
225,ARBK,STOP,2021-05-12,1,5.721548204421997,1101,100,-194.8275641155244,-3.0000000000000018,STOP: Stop Loss
226,ARBK,STOP,2021-11-17,7,4.686053667068482,1344,100,-194.785241088867,-2.9999999999999973,STOP: Stop Loss
227,ARBK,STOP,2022-08-11,3,7.044505944252014,1376,100,-299.79093338012666,-2.9999999999999973,STOP: Stop Loss
228,ARCB,STOP,2021-10-29,1,87.98350395202637,110,100,-299.3253227233886,-3,STOP: Stop Loss
229,ARDC,STOP,2023-08-04,2,3.918799962997437,742,100,-89.9303991508485,-3.000000000000004,STOP: Stop Loss
230,ARES,STOP,2019-11-22,2,26.33217679977417,110,100,-89.58369426727285,-2.9999999999999964,STOP: Stop Loss
231,ARES,STOP,2021-11-23,6,75.9255303955078,127,100,-298.22295959472734,-3.000000000000008,STOP: Stop Loss
232,ARGX,STOP,2019-11-22,2,26.33217679977417,110,100,-89.58369426727285,-2.9999999999999964,STOP: Stop Loss
233,ARGX,STOP,2021-11-23,6,75.9255303955078,127,100,-298.22295959472734,-3.000000000000008,STOP: Stop Loss
234,ARHS,STOP,2020-11-11,1,5.818053202629089,1083,100,-194.8747923231124,-2.9999999999999987,STOP: Stop Loss
235,ARHS,STOP,2022-04-07,13,8.554789161682129,1133,100,-299.7703954696659,-3.000000000000004,STOP: Stop Loss
236,ARKQ,STOP,2021-03-26,1,9.27332621574402,1046,100,-299.99688314437816,-2.9999999999999947,STOP: Stop Loss
237,ARL,STOP,2021-09-20,3,6.43110011100769,452,100,-89.90280155181905,-3.0000000000000067,STOP: Stop Loss
238,ARQ,STOP,2019-10-01,1,13.781634368896484,703,100,-299.64398849487367,-3.000000000000006,STOP: Stop Loss
239,ASML,STOP,2019-11-21,1,114.07199851989746,55,100,-194.03999748229973,-2.9999999999999987,STOP: Stop Loss
240,ASTI,STOP,2021-10-18,4,10.11810399055481,958,100,-299.7879471015932,-3.0000000000000018,STOP: Stop Loss
241,ASTI,STOP,2021-11-12,1,11.437856845855713,254,100,-89.85203006744392,-3.000000000000002,STOP: Stop Loss
242,ASTL,STOP,2021-10-18,4,10.11810399055481,958,100,-299.7879471015932,-3.0000000000000018,STOP: Stop Loss
243,ASX,STOP,2021-12-08,1,6.32612753868103,996,100,-194.8708153152468,-3.000000000000004,STOP: Stop Loss
244,ASYS,STOP,2021-12-08,1,6.32612753868103,996,100,-194.8708153152468,-3.000000000000004,STOP: Stop Loss
245,ATHM,STOP,2021-01-28,1,102.75082000732422,28,100,-88.98009155273428,-2.999999999999997,STOP: Stop Loss
246,AVGO,STOP,2019-09-13,1,24.60549287796021,394,100,-299.8318822860715,-2.9999999999999973,STOP: Stop Loss
247,AVRE,STOP,2021-06-21,7,11.28110011100769,859,100,-299.7051029491424,-3,STOP: Stop Loss
248,AVRE,STOP,2021-11-10,12,9.040399703979492,1072,100,-299.7311901855467,-2.9999999999999987,STOP: Stop Loss
249,AVRE,STOP,2023-11-09,2,7.527200222015381,1288,100,-299.84640884399414,-3,STOP: Stop Loss
250,AVSC,STOP,2023-11-09,2,7.527200222015381,1288,100,-299.84640884399414,-3,STOP: Stop Loss
251,AVT,STOP,2019-05-06,10,39.34637615203857,159,100,-193.48681880950943,-3.0000000000000027,STOP: Stop Loss
252,AVT,STOP,2020-01-09,2,18.3135991859436,529,100,-299.6255866813669,-3.000000000000009,STOP: Stop Loss
253,AXP,STOP,2021-01-25,6,115.73030540466308,83,100,-297.08088706970227,-3.000000000000001,STOP: Stop Loss
254,AZ,STOP,2021-10-26,5,31.83539970397949,304,100,-299.3183972167974,-3.000000000000005,STOP: Stop Loss
255,BA,STOP,2019-07-01,13,356.28036651611325,17,100,-187.32266693115287,-3.0000000000000093,STOP: Stop Loss
256,BA,STOP,2022-12-07,5,177.38389526367186,54,100,-296.24939208984455,-3.000000000000008,STOP: Stop Loss
257,BAC,STOP,2019-05-13,31,24.822437057495115,390,100,-299.40465316772537,-3.000000000000008,STOP: Stop Loss
258,BAC,STOP,2021-03-22,4,33.64097309112549,288,100,-299.6474304199219,-3,STOP: Stop Loss
259,BAC,STOP,2023-01-18,5,31.587190208435057,199,100,-194.4077582931521,-3.000000000000004,STOP: Stop Loss
260,BANC,STOP,2020-01-24,1,14.963758964538574,421,100,-194.83739765167252,-3.0000000000000027,STOP: Stop Loss
261,BATRK,STOP,2022-12-19,32,32.097300148010255,196,100,-194.5692008972165,-2.999999999999996,STOP: Stop Loss
262,BAYN-DE,STOP,2023-02-21,1,54.39392742156982,53,100,-89.16118000030536,-3.0000000000000067,STOP: Stop Loss
263,BEN,STOP,2020-01-31,1,18.93675935745239,332,100,-194.44342597961457,-3.000000000000005,STOP: Stop Loss
264,BIIB,STOP,2022-04-22,3,216.3294041442871,44,100,-294.3864056396484,-3,STOP: Stop Loss
265,BKNG,STOP,2021-09-29,6,2362.5860888671878,4,100,-292.2786914062508,-3.000000000000008,STOP: Stop Loss
266,BKNG,STOP,2021-11-11,6,2499.502204589844,1,100,-77.30419189453141,-3.0000000000000067,STOP: Stop Loss
267,BMRN,STOP,2020-01-23,14,86.89260177612304,72,100,-193.49280395507836,-3.000000000000003,STOP: Stop Loss
268,BMY,STOP,2020-09-01,21,49.44500106811523,127,100,-194.21180831909209,-3.0000000000000044,STOP: Stop Loss
269,BPOP,STOP,2021-10-27,2,72.70394660949707,133,100,-299.06056388855035,-3.0000000000000053,STOP: Stop Loss
270,BSVO,STOP,2023-04-25,25,41.1216703414917,235,100,-298.8739957809445,-2.999999999999997,STOP: Stop Loss
271,BSY,STOP,2021-06-23,2,63.19996398925781,153,100,-299.0596234130863,-3.000000000000004,STOP: Stop Loss
272,BSY,STOP,2023-04-25,25,41.1216703414917,235,100,-298.8739957809445,-2.999999999999997,STOP: Stop Loss
273,BX,STOP,2020-11-12,7,46.44945484161377,208,100,-298.8088641357417,-2.999999999999996,STOP: Stop Loss
274,C,STOP,2022-08-22,12,45.73356994628906,212,100,-299.8613452148445,-3.000000000000008,STOP: Stop Loss
275,CAG,STOP,2019-10-01,5,23.20849624633789,271,100,-194.52069534301756,-3,STOP: Stop Loss
276,CAH,STOP,2019-05-13,4,40.23080032348633,241,100,-299.8646250915528,-3.0000000000000004,STOP: Stop Loss
277,CARY,STOP,2021-09-17,1,91.04526626586916,68,100,-191.4766424560544,-2.999999999999995,STOP: Stop Loss
278,CAT,STOP,2020-08-20,10,124.50487869262696,77,100,-296.5013090515142,-3.0000000000000058,STOP: Stop Loss
279,CAT,STOP,2020-12-22,18,160.7139888000488,39,100,-193.8508937072761,-3.000000000000011,STOP: Stop Loss
280,CAT,STOP,2021-08-17,6,198.4981500244141,31,100,-190.31265930175792,-3.0000000000000018,STOP: Stop Loss
281,CBOE,STOP,2021-05-18,5,103.81846977233886,93,100,-298.61188728332604,-3.0000000000000084,STOP: Stop Loss
282,CBRE,STOP,2020-09-10,8,47.56880088806152,203,100,-298.65360557556136,-2.9999999999999982,STOP: Stop Loss
283,CCI,STOP,2020-11-24,6,130.1999432373047,74,100,-297.9833752441401,-2.999999999999995,STOP: Stop Loss
284,CCOI,STOP,2023-11-10,1,57.77394878387451,167,100,-298.3994674301152,-3.0000000000000044,STOP: Stop Loss
285,CDNS,STOP,2023-05-23,5,210.3347964477539,46,100,-299.2391949462899,-3.000000000000008,STOP: Stop Loss
286,CDW,STOP,2022-08-26,7,174.8077471923828,55,100,-297.35338439941444,-3.000000000000004,STOP: Stop Loss
287,CENTA,STOP,2019-05-06,3,19.663839378356933,493,100,-299.82287052154584,-3.000000000000004,STOP: Stop Loss
288,CF,STOP,2020-09-21,4,29.83014013290405,325,100,-299.8390374183656,-3.0000000000000013,STOP: Stop Loss
289,CHDN,STOP,2019-08-02,1,59.74987827301025,105,100,-194.0331098556519,-3.000000000000001,STOP: Stop Loss
290,CHRD,STOP,2023-09-11,10,140.68407196044922,44,100,-191.44636596679695,-3.0000000000000018,STOP: Stop Loss
291,CIIT,STOP,2021-11-26,37,193.0394282531738,50,100,-298.5145797729501,-3.0000000000000093,STOP: Stop Loss
292,CINF,STOP,2022-01-19,12,103.94827476501465,93,100,-298.9852439117435,-3.000000000000003,STOP: Stop Loss
293,CINF,STOP,2022-11-01,1,92.17885459899902,68,100,-193.8606838989257,-3,STOP: Stop Loss
294,CLRO,STOP,2022-07-26,6,64.3313469696045,97,100,-192.99404090881308,-2.999999999999994,STOP: Stop Loss
295,CLSK,STOP,2022-07-26,6,64.3313469696045,97,100,-192.99404090881308,-2.999999999999994,STOP: Stop Loss
296,CMA,STOP,2022-07-26,6,64.3313469696045,97,100,-192.99404090881308,-2.999999999999994,STOP: Stop Loss
297,CMCSA,STOP,2019-01-25,2,27.780930767059324,349,100,-299.862211475373,-3.0000000000000067,STOP: Stop Loss
298,CMCSA,STOP,2020-09-18,2,36.39624687194824,266,100,-299.4247938537595,-2.999999999999998,STOP: Stop Loss
299,CMG,STOP,2021-01-04,19,27.17202768325805,231,100,-194.12592973709155,-3.0000000000000075,STOP: Stop Loss
300,CMG,STOP,2021-02-17,15,29.54717042922973,328,100,-299.7362443542488,-3.000000000000008,STOP: Stop Loss
301,CNET,STOP,2020-01-27,5,64.75720207214356,96,100,-192.2688061523436,-2.9999999999999973,STOP: Stop Loss
302,CNSP,STOP,2020-01-27,5,64.75720207214356,96,100,-192.2688061523436,-2.9999999999999973,STOP: Stop Loss
303,CNX,STOP,2021-05-18,1,14.171699666976927,684,100,-299.79719295501684,-2.9999999999999973,STOP: Stop Loss
304,COP,STOP,2019-11-13,6,46.37577163696289,209,100,-299.76916305542045,-3.0000000000000053,STOP: Stop Loss
305,CORT,STOP,2023-04-05,2,21.834700222015385,444,100,-299.8332030487056,-2.999999999999996,STOP: Stop Loss
306,CPAY,STOP,2019-05-13,5,258.20430236816406,24,100,-191.65680175781245,-2.999999999999999,STOP: Stop Loss
307,CPB,STOP,2020-05-18,3,42.488944664001465,148,100,-194.4854786682128,-2.9999999999999987,STOP: Stop Loss
308,CRL,STOP,2023-08-16,7,209.32600296020507,46,100,-297.804004211426,-3.0000000000000018,STOP: Stop Loss
309,CRM,STOP,2023-09-15,15,212.23746826171876,13,100,-85.33259033203149,-3.000000000000008,STOP: Stop Loss
310,CRUS,STOP,2023-11-09,3,70.85850296020507,136,100,-298.04401245117265,-3.000000000000008,STOP: Stop Loss
311,CTAS,STOP,2023-04-10,12,110.13598403930663,57,100,-194.15725021362337,-3.000000000000005,STOP: Stop Loss
312,CVX,STOP,2023-01-27,1,160.58656677246094,60,100,-297.99569091796855,-2.999999999999998,STOP: Stop Loss
313,CYTK,STOP,2021-09-07,11,32.28159881591797,300,100,-299.51998901367244,-3.000000000000006,STOP: Stop Loss
314,DAY,STOP,2023-08-17,9,72.23590118408202,134,100,-299.3694049072275,-3.0000000000000093,STOP: Stop Loss
315,DBRG,STOP,2022-04-21,2,28.89868755340576,217,100,-193.94892368316667,-3.000000000000002,STOP: Stop Loss
316,DD,STOP,2019-01-31,1,29.831866302490237,325,100,-299.8563880920413,-3.0000000000000027,STOP: Stop Loss
317,DD,STOP,2020-09-03,1,22.077148418426518,439,100,-299.74849966049175,-2.9999999999999982,STOP: Stop Loss
318,DE,STOP,2020-02-24,3,158.50995330810545,18,100,-88.24265441894562,-3.00000000000001,STOP: Stop Loss
319,DHC,STOP,2019-10-01,7,7.793763914108276,1244,100,-299.8590404891968,-3,STOP: Stop Loss
320,DIS,STOP,2021-03-09,1,191.34659057617188,50,100,-295.89678955078114,-2.9999999999999987,STOP: Stop Loss
321,DIS,STOP,2023-08-14,4,86.95936180114745,72,100,-193.64146545410225,-3.00000000000001,STOP: Stop Loss
322,DLR,STOP,2020-06-19,2,116.77915046691894,83,100,-299.7732831573495,-3.0000000000000084,STOP: Stop Loss
323,DOCU,STOP,2021-08-16,27,292.2318893432617,33,100,-298.2572891235363,-3.0000000000000115,STOP: Stop Loss
324,DRH,STOP,2020-02-25,4,9.218305253982544,683,100,-194.72481923103308,-2.9999999999999964,STOP: Stop Loss
325,DTE,STOP,2020-10-15,7,84.58963623046874,74,100,-193.59689941406316,-3.0000000000000098,STOP: Stop Loss
326,DVA,STOP,2019-05-08,2,56.05630088806152,173,100,-299.93010475158724,-3.000000000000004,STOP: Stop Loss
327,DVA,STOP,2019-08-19,28,57.03599925994873,110,100,-194.03999748229973,-2.9999999999999987,STOP: Stop Loss
328,DVA,STOP,2022-09-13,1,92.4118967437744,104,100,-297.242389526368,-3.000000000000008,STOP: Stop Loss
329,DXCM,STOP,2022-12-09,1,118.98989822387696,52,100,-191.3651971435549,-3.000000000000004,STOP: Stop Loss
330,ECL,STOP,2023-02-03,1,149.64308822631835,64,100,-296.2007519531253,-3.000000000000003,STOP: Stop Loss
331,EEFT,STOP,2021-10-21,6,131.37680236816405,73,100,-296.61360534668063,-3.0000000000000093,STOP: Stop Loss
332,EGHT,STOP,2019-03-28,9,20.088699111938475,482,100,-299.4665867614756,-3.0000000000000098,STOP: Stop Loss
333,EMN,STOP,2022-11-02,1,67.43381950378418,143,100,-298.238232650757,-3.0000000000000018,STOP: Stop Loss
334,EOG,STOP,2019-09-17,1,62.46641777038574,46,100,-88.86974899292007,-3.000000000000005,STOP: Stop Loss
335,EOG,STOP,2020-11-27,3,41.082092399597165,236,100,-299.85692184448305,-3.000000000000006,STOP: Stop Loss
336,EOG,STOP,2021-05-13,6,63.47802345275879,152,100,-298.41215148925755,-2.9999999999999973,STOP: Stop Loss
337,EOG,STOP,2021-09-20,5,58.5662661743164,107,100,-193.8120767211917,-3.0000000000000044,STOP: Stop Loss
338,EQIX,STOP,2019-10-02,9,502.5430633544922,19,100,-295.3088104248049,-3.000000000000002,STOP: Stop Loss
339,EQIX,STOP,2022-04-14,16,684.1209771728516,14,100,-296.2173303222657,-3.0000000000000013,STOP: Stop Loss
340,ERIC,STOP,2021-01-28,1,10.372294950485228,280,100,-89.82193565368682,-3.0000000000000098,STOP: Stop Loss
341,ERII,STOP,2022-04-11,7,20.19539970397949,480,100,-299.80799560546984,-3.000000000000011,STOP: Stop Loss
342,ETN,STOP,2023-05-31,5,171.70777603149415,36,100,-191.1797918701169,-2.999999999999996,STOP: Stop Loss
343,EXLS,STOP,2020-08-28,22,12.935920429229736,749,100,-299.6599299430853,-3.0000000000000053,STOP: Stop Loss
344,EXPO,STOP,2022-04-22,3,102.14399276733398,94,100,-296.9547006225587,-3.0000000000000004,STOP: Stop Loss
345,FAST,STOP,2019-06-25,5,13.646019973754882,710,100,-299.6497169494635,-3.000000000000006,STOP: Stop Loss
346,FAST,STOP,2020-10-13,1,20.198809490203857,480,100,-299.85861511230496,-3.0000000000000027,STOP: Stop Loss
347,FAST,STOP,2020-12-03,3,21.08335947036743,460,100,-299.9488254547126,-3.000000000000007,STOP: Stop Loss
348,FDX,STOP,2023-04-26,21,210.2601252746582,29,100,-188.58382369995104,-2.999999999999998,STOP: Stop Loss
349,FIVE,STOP,2023-03-01,16,200.79969467163085,48,100,-298.0943920898444,-3.0000000000000067,STOP: Stop Loss
350,FLR,STOP,2021-12-20,6,23.69710029602051,265,100,-194.21850242614727,-2.999999999999998,STOP: Stop Loss
351,FLS,STOP,2021-10-28,13,32.89471279144287,294,100,-299.10450187683125,-3.0000000000000018,STOP: Stop Loss
352,FSLR,STOP,2019-09-26,7,65.05789970397949,96,100,-193.16159912109424,-3.0000000000000075,STOP: Stop Loss
353,FSLR,STOP,2021-06-15,5,77.98800148010254,80,100,-192.96000366210933,-2.999999999999999,STOP: Stop Loss
354,FV,STOP,2022-11-09,2,45.83181175231933,211,100,-299.0880086517342,-3.000000000000008,STOP: Stop Loss
355,FWONA,STOP,2021-12-01,8,53.409677734375,117,100,-193.2659472656248,-2.9999999999999964,STOP: Stop Loss
356,FWONK,STOP,2019-08-23,15,38.52656215667725,251,100,-299.07733303070125,-3.0000000000000058,STOP: Stop Loss
357,GBDC,STOP,2020-10-15,14,8.028272285461426,1208,100,-299.94287384033134,-2.9999999999999933,STOP: Stop Loss
358,GCMG,STOP,2020-07-14,4,8.837522974014282,713,100,-194.881047849655,-2.999999999999998,STOP: Stop Loss
359,GE,STOP,2021-10-27,1,63.61492553710937,152,100,-299.0557324218755,-3.000000000000005,STOP: Stop Loss
360,GE,STOP,2021-11-11,2,65.89449066162109,44,100,-89.67085327148448,-3.000000000000004,STOP: Stop Loss
361,GMAB,STOP,2020-08-19,6,36.83090118408203,263,100,-299.5833096313479,-3.000000000000002,STOP: Stop Loss
362,GNW,STOP,2023-01-09,19,5.131299962997437,1890,100,-299.94299783706623,-2.999999999999996,STOP: Stop Loss
363,GOLD,STOP,2023-05-15,5,33.51275550842285,187,100,-193.8211942291265,-3.0000000000000075,STOP: Stop Loss
364,GPN,STOP,2021-09-10,1,160.35750610351562,39,100,-193.4209094238284,-3.000000000000004,STOP: Stop Loss
365,HAIN,STOP,2019-05-09,2,22.989000740051267,421,100,-299.33100963592625,-3.0000000000000098,STOP: Stop Loss
366,HAR,STOP,2020-10-08,3,4200.099999999999,2,100,-259.8000000000011,-3.000000000000013,STOP: Stop Loss
367,HCA,STOP,2022-09-13,4,206.94243103027344,46,100,-294.41294311523427,-2.9999999999999987,STOP: Stop Loss
368,HCAT,STOP,2020-11-11,1,35.71539970397949,271,100,-299.34659751892065,-2.999999999999998,STOP: Stop Loss
369,HD,STOP,2022-08-22,6,290.57349365234376,9,100,-80.88128173828119,-2.999999999999998,STOP: Stop Loss
370,HLT,STOP,2021-11-02,6,141.03515228271485,68,100,-296.6100109863279,-2.999999999999998,STOP: Stop Loss
371,HLT,STOP,2023-02-21,12,144.95857849121094,66,100,-295.89483032226525,-2.999999999999996,STOP: Stop Loss
372,HQY,STOP,2019-03-20,1,81.97470207214356,118,100,-299.1654075622555,-2.999999999999997,STOP: Stop Loss
373,HST,STOP,2020-09-17,2,9.637318582534787,1006,100,-299.84976785659904,-3.0000000000000115,STOP: Stop Loss
374,HUBG,STOP,2019-10-08,4,22.486295013427736,280,100,-194.72667846679656,-2.999999999999995,STOP: Stop Loss
375,IAC,STOP,2021-09-27,3,111.69721099853516,55,100,-190.00041046142584,-3.000000000000001,STOP: Stop Loss
376,IART,STOP,2022-07-29,3,55.45489822387695,113,100,-193.80629379272463,-3.000000000000001,STOP: Stop Loss
377,INTC,STOP,2019-01-25,1,41.53978450775146,233,100,-299.34339557647746,-3.000000000000004,STOP: Stop Loss
378,INTC,STOP,2021-12-09,2,47.294197463989256,133,100,-194.5400493621828,-3.000000000000003,STOP: Stop Loss
379,JAMF,STOP,2020-09-02,1,39.9446002960205,72,100,-88.94880065918,-3.00000000000001,STOP: Stop Loss
380,JBL,STOP,2021-12-14,4,62.62126609802246,100,100,-193.6740188598634,-3.0000000000000018,STOP: Stop Loss
381,JPM,STOP,2020-08-17,6,87.24021125793456,72,100,-194.26686218261784,-3.0000000000000098,STOP: Stop Loss
382,KDP,STOP,2021-01-29,2,28.426662502288817,221,100,-194.29770349502596,-3.0000000000000044,STOP: Stop Loss
383,KR,STOP,2021-12-08,6,39.725497016906736,73,100,-89.68952419281021,-3.000000000000005,STOP: Stop Loss
384,KR,STOP,2022-09-13,4,46.86046451568603,133,100,-192.7559313583377,-3.000000000000005,STOP: Stop Loss
385,KRNT,STOP,2019-06-12,1,28.47920059204101,340,100,-299.4720062255865,-3.0000000000000053,STOP: Stop Loss
386,LASR,STOP,2019-03-22,1,22.41670059204101,432,100,-299.5056079101569,-3.0000000000000067,STOP: Stop Loss
387,LASR,STOP,2020-01-10,2,20.66099925994873,469,100,-299.6909892654415,-2.999999999999996,STOP: Stop Loss
388,LLY,STOP,2019-09-25,5,104.2249429321289,60,100,-193.40711059570367,-3.0000000000000084,STOP: Stop Loss
389,LYB,STOP,2019-03-20,14,56.016667442321776,173,100,-299.7180453872684,-3.000000000000003,STOP: Stop Loss
390,MCRI,STOP,2022-12-09,10,72.80802742004394,39,100,-87.81999183654798,-3.0000000000000044,STOP: Stop Loss
391,META,STOP,2021-07-29,6,356.20810791015623,17,100,-187.2846752929691,-3.0000000000000053,STOP: Stop Loss
392,MSFT,STOP,2020-08-10,7,200.53432708740235,31,100,-192.2648703002929,-2.9999999999999987,STOP: Stop Loss
393,MSFT,STOP,2020-09-03,7,210.33947357177732,46,100,-299.2458489990233,-2.9999999999999987,STOP: Stop Loss
394,MSFT,STOP,2022-12-15,2,243.3931234741211,39,100,-293.57727264404286,-2.9999999999999987,STOP: Stop Loss
395,MSI,STOP,2023-02-24,14,254.68429290771485,24,100,-189.04401123046864,-2.9999999999999982,STOP: Stop Loss
396,MTSI,STOP,2022-03-23,2,59.92659881591797,161,100,-298.3973941040037,-2.9999999999999982,STOP: Stop Loss
397,NEE,STOP,2020-09-16,1,62.8060717010498,154,100,-299.1381971740726,-3.000000000000004,STOP: Stop Loss
398,NFLX,STOP,2019-03-22,2,36.39633937835693,266,100,-299.425554885864,-2.999999999999998,STOP: Stop Loss
399,NMRK,STOP,2021-09-10,2,12.93840977668762,486,100,-194.4763036537176,-3.0000000000000084,STOP: Stop Loss
400,NRG,STOP,2022-11-09,2,40.5568669128418,155,100,-194.42209396362287,-2.9999999999999973,STOP: Stop Loss
401,NSSC,STOP,2023-08-21,10,35.90558177947998,270,100,-299.83011589050284,-2.999999999999999,STOP: Stop Loss
402,OLED,STOP,2023-04-14,15,143.9512503051758,67,100,-298.2907351684564,-2.999999999999994,STOP: Stop Loss
403,OTEX,STOP,2023-02-21,12,31.768343658447264,305,100,-299.67045822143587,-3.000000000000004,STOP: Stop Loss
404,PANW,STOP,2020-08-25,5,44.05739822387695,220,100,-299.7719879150394,-3.000000000000003,STOP: Stop Loss
405,PAYX,STOP,2023-04-03,5,103.46654579162598,60,100,-191.99977569580085,-3.000000000000001,STOP: Stop Loss
406,PECO,STOP,2022-12-19,7,28.692194747924805,338,100,-299.9369636535642,-2.9999999999999973,STOP: Stop Loss
407,PFG,STOP,2021-11-26,3,61.26248016357422,158,100,-299.3651092529299,-3.000000000000002,STOP: Stop Loss
408,PFG,STOP,2023-02-09,10,81.26366081237792,119,100,-299.08378257751565,-3.00000000000001,STOP: Stop Loss
409,PHM,STOP,2019-04-01,5,26.002236042022705,373,100,-299.9639394950866,-3,STOP: Stop Loss
410,PKG,STOP,2022-07-26,1,125.61988433837892,77,100,-299.15663177490205,-2.9999999999999973,STOP: Stop Loss
411,PRAA,STOP,2020-09-03,6,45.29900074005127,64,100,-89.66400146484375,-3,STOP: Stop Loss
412,PRGS,STOP,2019-09-27,1,37.823420944213865,166,100,-194.1862229919437,-3.0000000000000058,STOP: Stop Loss
413,QCOM,STOP,2021-05-03,4,124.86072494506836,50,100,-193.0835952758791,-3.000000000000003,STOP: Stop Loss
414,QCOM,STOP,2021-08-06,8,132.80715866088866,47,100,-193.0495811462408,-3.000000000000008,STOP: Stop Loss
415,QLYS,STOP,2022-09-16,7,155.05450592041015,62,100,-297.3210113525394,-3.000000000000004,STOP: Stop Loss
416,QQQJ,STOP,2022-04-06,15,27.5458904838562,105,100,-89.45314950942992,-3,STOP: Stop Loss
417,RING,STOP,2022-04-21,8,29.77584072113037,211,100,-194.3103832626341,-2.9999999999999973,STOP: Stop Loss
418,RMD,STOP,2020-05-14,3,156.35523483276367,62,100,-299.81519256591804,-3.0000000000000004,STOP: Stop Loss
419,RUSHA,STOP,2020-11-30,6,23.853600788116456,406,100,-299.5225336074826,-2.9999999999999973,STOP: Stop Loss
420,RUSHA,STOP,2022-12-09,4,33.178063621521,189,100,-193.93775333404503,-2.9999999999999942,STOP: Stop Loss
421,SABR,STOP,2019-08-14,12,23.32627170562744,415,100,-299.3938997268678,-3.0000000000000013,STOP: Stop Loss
422,SAIC,STOP,2022-12-09,4,106.01943405151368,27,100,-88.53169235229497,-3.0000000000000018,STOP: Stop Loss
423,SANM,STOP,2023-02-21,8,62.85600296020508,154,100,-299.3760140991216,-3.000000000000005,STOP: Stop Loss
424,SBUX,STOP,2021-03-18,2,96.90959533691408,100,100,-299.7203979492184,-2.9999999999999964,STOP: Stop Loss
425,SEIC,STOP,2022-04-06,15,55.90578556060791,173,100,-299.12477016448975,-3,STOP: Stop Loss
426,SFNC,STOP,2019-12-02,7,20.41124490737915,142,100,-89.64113742828381,-3.000000000000004,STOP: Stop Loss
427,SMPL,STOP,2019-06-17,10,22.97930051803589,422,100,-299.9154067611696,-3.0000000000000018,STOP: Stop Loss
428,SNBR,STOP,2020-09-03,6,47.70460029602051,203,100,-299.50620185852034,-2.9999999999999982,STOP: Stop Loss
429,STLD,STOP,2022-08-30,5,79.85863647460937,78,100,-192.6486694335942,-3.0000000000000067,STOP: Stop Loss
430,SUPN,STOP,2022-12-05,4,35.90940044403076,270,100,-299.8620037078866,-3.0000000000000084,STOP: Stop Loss
431,SWBI,STOP,2020-02-03,5,6.019197750091553,1047,100,-194.910310649872,-3.000000000000003,STOP: Stop Loss
432,SWK,STOP,2021-01-29,1,148.06475128173827,65,100,-297.6559432983408,-3.000000000000009,STOP: Stop Loss
433,TBPH,STOP,2021-04-23,3,21.41759992599487,135,100,-89.42399969100978,-3.000000000000009,STOP: Stop Loss
434,TCOM,STOP,2023-11-21,1,35.39786960601806,274,100,-299.96957542419545,-3.000000000000011,STOP: Stop Loss
435,TMO,STOP,2022-04-11,4,587.6016552734375,16,100,-290.77195312500044,-3.0000000000000044,STOP: Stop Loss
436,TSM,STOP,2021-11-26,8,111.3540714263916,87,100,-299.6228107452395,-3.000000000000002,STOP: Stop Loss
437,TXT,STOP,2022-12-15,9,71.12728958129883,40,100,-87.99252319335949,-3.000000000000004,STOP: Stop Loss
438,UAL,STOP,2019-07-31,14,91.93659881591796,68,100,-193.35119750976617,-3.0000000000000084,STOP: Stop Loss
439,UNH,STOP,2020-02-24,12,266.9438934326172,36,100,-297.21588134765625,-3,STOP: Stop Loss
440,UNH,STOP,2021-01-22,16,321.21803985595704,19,100,-188.75699249267552,-2.999999999999996,STOP: Stop Loss
441,USB,STOP,2021-07-19,4,46.7428999710083,207,100,-299.2509369277957,-3.000000000000004,STOP: Stop Loss
442,VST,STOP,2021-07-08,1,17.19228645324707,366,100,-194.6095930480954,-2.999999999999995,STOP: Stop Loss
443,WFC,STOP,2021-03-22,4,35.39177528381347,274,100,-299.91793075561617,-3.0000000000000093,STOP: Stop Loss
444,WMG,STOP,2020-10-21,6,25.865383911132813,375,100,-299.9851226806638,-2.9999999999999973,STOP: Stop Loss
445,WOOF,STOP,2021-08-23,3,20.893800888061524,139,100,-89.821803817749,-2.999999999999999,STOP: Stop Loss
446,XRAY,STOP,2022-08-22,17,32.43140739440918,194,100,-194.58844436645552,-3.0000000000000067,STOP: Stop Loss
447,YUM,STOP,2020-10-28,13,87.52534561157226,110,100,-297.766639709473,-3.000000000000003,STOP: Stop Loss
448,AAPB,STOP_BE,2021-05-19,28,177.82371520996094,56,100,0,0,STOP: Stop Loss (Breakeven)
449,ABCB,STOP_BE,2019-03-06,19,35.8609733581543,278,100,0,0,STOP: Stop Loss (Breakeven)
450,ABCB,STOP_BE,2020-01-06,76,38.92401123046875,83,100,0,0,STOP: Stop Loss (Breakeven)
451,ABCB,STOP_BE,2022-01-20,17,48.78505706787109,102,100,0,0,STOP: Stop Loss (Breakeven)
452,ABR,STOP_BE,2020-11-12,3,7.569395542144775,661,100,0,0,STOP: Stop Loss (Breakeven)
453,ABR,STOP_BE,2021-02-25,3,9.55495834350586,1046,100,0,0,STOP: Stop Loss (Breakeven)
454,ACH,STOP_BE,2021-03-23,25,55.2400016784668,27,100,0,0,STOP: Stop Loss (Breakeven)
455,ACHC,STOP_BE,2021-03-23,25,55.2400016784668,27,100,0,0,STOP: Stop Loss (Breakeven)
456,ACHV,STOP_BE,2021-03-23,25,55.2400016784668,27,100,0,0,STOP: Stop Loss (Breakeven)
457,ACKY,STOP_BE,2022-08-04,8,27.899999618530277,358,100,0,0,STOP: Stop Loss (Breakeven)
458,ADBE,STOP_BE,2019-06-25,6,291.2099914550781,10,100,0,0,STOP: Stop Loss (Breakeven)
459,AERO,STOP_BE,2021-09-30,7,57.386905670166016,174,100,0,0,STOP: Stop Loss (Breakeven)
460,AISP,STOP_BE,2021-11-26,35,34.959999084472656,143,100,0,0,STOP: Stop Loss (Breakeven)
461,ALHC,STOP_BE,2021-09-28,15,33.290000915527344,45,100,0,0,STOP: Stop Loss (Breakeven)
462,ALHC,STOP_BE,2022-11-16,5,28.530000686645508,350,100,0,0,STOP: Stop Loss (Breakeven)
463,ALKS,STOP_BE,2019-04-12,15,35.65999984741211,280,100,0,0,STOP: Stop Loss (Breakeven)
464,ALL,STOP_BE,2019-04-12,15,35.65999984741211,280,100,0,0,STOP: Stop Loss (Breakeven)
465,ALLY,STOP_BE,2020-09-10,7,20.11894798278809,249,100,0,0,STOP: Stop Loss (Breakeven)
466,ALM,STOP_BE,2020-09-10,7,20.11894798278809,249,100,0,0,STOP: Stop Loss (Breakeven)
467,ALRM,STOP_BE,2019-03-01,42,60.380001068115234,54,100,0,0,STOP: Stop Loss (Breakeven)
468,ALRM,STOP_BE,2020-05-20,13,47.630001068115234,105,100,0,0,STOP: Stop Loss (Breakeven)
469,ALSN,STOP_BE,2019-03-01,42,60.380001068115234,54,100,0,0,STOP: Stop Loss (Breakeven)
470,ALT,STOP_BE,2019-03-01,42,60.380001068115234,54,100,0,0,STOP: Stop Loss (Breakeven)
471,AMPH,STOP_BE,2021-01-08,10,19.809999465942383,252,100,0,0,STOP: Stop Loss (Breakeven)
472,AMPY,STOP_BE,2021-07-09,23,20.1299991607666,496,100,0,0,STOP: Stop Loss (Breakeven)
473,AMRX,STOP_BE,2023-02-09,3,2.539999961853028,3937,100,0,0,STOP: Stop Loss (Breakeven)
474,AMRX,STOP_BE,2023-08-11,7,4.110000133514404,729,100,0,0,STOP: Stop Loss (Breakeven)
475,AMX,STOP_BE,2021-09-28,42,15.547183990478516,322,100,0,0,STOP: Stop Loss (Breakeven)
476,AMX,STOP_BE,2023-05-19,8,20.69111633300781,483,100,0,0,STOP: Stop Loss (Breakeven)
477,ANEB,STOP_BE,2021-04-20,11,38.70000076293945,258,100,0,0,STOP: Stop Loss (Breakeven)
478,AOMR,STOP_BE,2024-01-05,44,16.75,299,100,0,0,STOP: Stop Loss (Breakeven)
479,AOTG,STOP_BE,2020-08-18,6,13.890000343322754,215,100,0,0,STOP: Stop Loss (Breakeven)
480,AOTG,STOP_BE,2020-10-28,23,15.380000114440918,98,100,0,0,STOP: Stop Loss (Breakeven)
481,AOTG,STOP_BE,2022-11-09,719,21.6200008392334,93,100,0,0,STOP: Stop Loss (Breakeven)
482,APD,STOP_BE,2019-10-01,26,16.489482879638672,393,100,0,0,STOP: Stop Loss (Breakeven)
483,APD,STOP_BE,2020-02-21,16,21.470258712768555,151,100,0,0,STOP: Stop Loss (Breakeven)
484,APD,STOP_BE,2021-08-04,8,14.84000015258789,201,100,0,0,STOP: Stop Loss (Breakeven)
485,APRW,STOP_BE,2020-01-28,4,6,250,100,0,0,STOP: Stop Loss (Breakeven)
486,APRZ,STOP_BE,2020-01-28,4,6,250,100,0,0,STOP: Stop Loss (Breakeven)
487,ARBK,STOP_BE,2020-12-09,6,4.686233997344971,2133,100,0,0,STOP: Stop Loss (Breakeven)
488,ARBK,STOP_BE,2023-01-30,19,7.929876327514648,1261,100,0,0,STOP: Stop Loss (Breakeven)
489,ARCC,STOP_BE,2023-01-30,19,7.929876327514648,1261,100,0,0,STOP: Stop Loss (Breakeven)
490,ARCM,STOP_BE,2023-01-30,19,7.929876327514648,1261,100,0,0,STOP: Stop Loss (Breakeven)
491,ARES,STOP_BE,2019-05-31,15,20.8065128326416,480,100,0,0,STOP: Stop Loss (Breakeven)
492,ARGX,STOP_BE,2019-05-31,15,20.8065128326416,480,100,0,0,STOP: Stop Loss (Breakeven)
493,ASAN,STOP_BE,2021-02-26,45,34.97999954223633,143,100,0,0,STOP: Stop Loss (Breakeven)
494,ASML,STOP_BE,2020-06-26,4,149.1199951171875,67,100,0,0,STOP: Stop Loss (Breakeven)
495,ASPN,STOP_BE,2020-06-26,4,149.1199951171875,67,100,0,0,STOP: Stop Loss (Breakeven)
496,ATHM,STOP_BE,2019-05-13,45,89.22830963134766,36,100,0,0,STOP: Stop Loss (Breakeven)
497,ATHM,STOP_BE,2019-09-24,19,77.65035247802734,128,100,0,0,STOP: Stop Loss (Breakeven)
498,ATHM,STOP_BE,2021-01-13,5,90.14749908447266,71,100,0,0,STOP: Stop Loss (Breakeven)
499,ATHM,STOP_BE,2023-05-18,6,27.74795913696289,360,100,0,0,STOP: Stop Loss (Breakeven)
500,AVES,STOP_BE,2021-10-06,9,9.899999618530272,1010,100,0,0,STOP: Stop Loss (Breakeven)
501,AVRE,STOP_BE,2023-11-30,20,8.1899995803833,366,100,0,0,STOP: Stop Loss (Breakeven)
502,AVSC,STOP_BE,2023-06-13,22,6.090000152587891,1642,100,0,0,STOP: Stop Loss (Breakeven)
503,AVSC,STOP_BE,2023-11-30,20,8.1899995803833,366,100,0,0,STOP: Stop Loss (Breakeven)
504,AVT,STOP_BE,2022-01-03,13,40.95000076293945,244,100,0,0,STOP: Stop Loss (Breakeven)
505,AYI,STOP_BE,2021-05-20,34,31.63999938964844,103,100,0,0,STOP: Stop Loss (Breakeven)
506,BAC,STOP_BE,2021-11-30,47,40.516563415527344,123,100,0,0,STOP: Stop Loss (Breakeven)
507,BAC,STOP_BE,2022-08-22,12,32.016845703125,156,100,0,0,STOP: Stop Loss (Breakeven)
508,BBY,STOP_BE,2020-10-27,26,91.65438079833984,55,100,0,0,STOP: Stop Loss (Breakeven)
509,BEN,STOP_BE,2023-02-09,10,26.65194702148437,243,100,0,0,STOP: Stop Loss (Breakeven)
510,BG,STOP_BE,2019-06-25,15,46.3614501953125,215,100,0,0,STOP: Stop Loss (Breakeven)
511,BG,STOP_BE,2020-12-29,20,55.47628402709961,90,100,0,0,STOP: Stop Loss (Breakeven)
512,BIIB,STOP_BE,2022-11-28,14,299.0599975585937,33,100,0,0,STOP: Stop Loss (Breakeven)
513,BKNG,STOP_BE,2023-08-18,14,3013.84521484375,1,100,0,0,STOP: Stop Loss (Breakeven)
514,BLDR,STOP_BE,2019-05-29,27,14.710000038146973,221,100,0,0,STOP: Stop Loss (Breakeven)
515,BLFY,STOP_BE,2020-09-16,2,25.920000076293945,125,100,0,0,STOP: Stop Loss (Breakeven)
516,BLFY,STOP_BE,2021-10-08,115,39.59999847412109,51,100,0,0,STOP: Stop Loss (Breakeven)
517,BLFY,STOP_BE,2021-11-12,17,47.27000045776367,106,100,0,0,STOP: Stop Loss (Breakeven)
518,BLK,STOP_BE,2021-11-26,42,816.8279418945312,6,100,0,0,STOP: Stop Loss (Breakeven)
519,BSVO,STOP_BE,2021-09-16,9,67.6866683959961,44,100,0,0,STOP: Stop Loss (Breakeven)
520,BSVO,STOP_BE,2023-08-17,100,45.66740417480469,14,100,0,0,STOP: Stop Loss (Breakeven)
521,BSY,STOP_BE,2021-09-16,9,67.6866683959961,44,100,0,0,STOP: Stop Loss (Breakeven)
522,BSY,STOP_BE,2023-08-17,100,45.66740417480469,14,100,0,0,STOP: Stop Loss (Breakeven)
523,CALM,STOP_BE,2021-03-24,19,32.05340576171875,156,100,0,0,STOP: Stop Loss (Breakeven)
524,CARY,STOP_BE,2020-10-27,7,34.431888580322266,94,100,0,0,STOP: Stop Loss (Breakeven)
525,CAT,STOP_BE,2020-09-15,13,134.90798950195312,74,100,0,0,STOP: Stop Loss (Breakeven)
526,CB,STOP_BE,2021-02-26,22,151.63636779785156,33,100,0,0,STOP: Stop Loss (Breakeven)
527,CBSH,STOP_BE,2019-03-20,62,41.959468841552734,77,100,0,0,STOP: Stop Loss (Breakeven)
528,CHEF,STOP_BE,2019-10-07,67,37.18000030517578,87,100,0,0,STOP: Stop Loss (Breakeven)
529,CIGI,STOP_BE,2023-08-09,7,108.68902587890624,59,100,0,0,STOP: Stop Loss (Breakeven)
530,CLOU,STOP_BE,2020-09-03,8,23.59502410888672,212,100,0,0,STOP: Stop Loss (Breakeven)
531,CLX,STOP_BE,2020-05-22,18,168.4698944091797,30,100,0,0,STOP: Stop Loss (Breakeven)
532,CMCSA,STOP_BE,2019-09-26,22,35.70077896118164,280,100,0,0,STOP: Stop Loss (Breakeven)
533,CMCT,STOP_BE,2019-09-26,22,35.70077896118164,280,100,0,0,STOP: Stop Loss (Breakeven)
534,CNET,STOP_BE,2022-01-06,27,78.44999694824219,64,100,0,0,STOP: Stop Loss (Breakeven)
535,CPB,STOP_BE,2022-01-20,14,38.92143249511719,128,100,0,0,STOP: Stop Loss (Breakeven)
536,CRVL,STOP_BE,2020-09-18,7,41.9900016784668,154,100,0,0,STOP: Stop Loss (Breakeven)
537,CRVL,STOP_BE,2021-09-30,16,149.3800048828125,19,100,0,0,STOP: Stop Loss (Breakeven)
538,CTSH,STOP_BE,2022-01-21,36,79.37157440185547,63,100,0,0,STOP: Stop Loss (Breakeven)
539,CTVA,STOP_BE,2020-02-25,22,27.965087890625,357,100,0,0,STOP: Stop Loss (Breakeven)
540,CWST,STOP_BE,2021-09-30,17,76.79000091552734,130,100,0,0,STOP: Stop Loss (Breakeven)
541,DD,STOP_BE,2021-06-17,44,30.34695243835449,165,100,0,0,STOP: Stop Loss (Breakeven)
542,DE,STOP_BE,2022-08-30,7,357.31011962890625,14,100,0,0,STOP: Stop Loss (Breakeven)
543,DELL,STOP_BE,2021-10-26,7,51.485984802246094,194,100,0,0,STOP: Stop Loss (Breakeven)
544,DGX,STOP_BE,2020-08-19,37,106.97911071777344,47,100,0,0,STOP: Stop Loss (Breakeven)
545,DHR,STOP_BE,2021-01-19,13,204.9810485839844,24,100,0,0,STOP: Stop Loss (Breakeven)
546,DIOD,STOP_BE,2021-09-20,28,92.41000366210938,70,100,0,0,STOP: Stop Loss (Breakeven)
547,DNUT,STOP_BE,2022-11-29,11,14.724663734436035,340,100,0,0,STOP: Stop Loss (Breakeven)
548,DOMO,STOP_BE,2021-08-27,4,94.88999938964844,105,100,0,0,STOP: Stop Loss (Breakeven)
549,DVN,STOP_BE,2019-04-26,14,24.058496475219727,269,100,0,0,STOP: Stop Loss (Breakeven)
550,EA,STOP_BE,2019-07-03,9,96.2571029663086,103,100,0,0,STOP: Stop Loss (Breakeven)
551,ECL,STOP_BE,2020-06-11,14,198.81028747558597,8,100,0,0,STOP: Stop Loss (Breakeven)
552,EGAN,STOP_BE,2021-05-17,5,10.260000228881836,292,100,0,0,STOP: Stop Loss (Breakeven)
553,EL,STOP_BE,2021-11-26,24,316.7801818847656,20,100,0,0,STOP: Stop Loss (Breakeven)
554,ENSG,STOP_BE,2022-04-04,4,89.29666900634766,72,100,0,0,STOP: Stop Loss (Breakeven)
555,EOG,STOP_BE,2020-01-27,42,58.83034896850586,35,100,0,0,STOP: Stop Loss (Breakeven)
556,ERII,STOP_BE,2022-03-31,9,20.149999618530277,496,100,0,0,STOP: Stop Loss (Breakeven)
557,ETR,STOP_BE,2020-08-11,20,42.12071228027344,237,100,0,0,STOP: Stop Loss (Breakeven)
558,EXE,STOP_BE,2022-09-23,43,82.91622924804688,39,100,0,0,STOP: Stop Loss (Breakeven)
559,EXLS,STOP_BE,2021-11-26,24,25.88800048828125,386,100,0,0,STOP: Stop Loss (Breakeven)
560,FMNB,STOP_BE,2021-05-25,6,14.040350914001465,107,100,0,0,STOP: Stop Loss (Breakeven)
561,FSLR,STOP_BE,2019-07-16,19,65.47000122070312,152,100,0,0,STOP: Stop Loss (Breakeven)
562,FTAI,STOP_BE,2023-09-21,45,33.641143798828125,97,100,0,0,STOP: Stop Loss (Breakeven)
563,FTV,STOP_BE,2020-09-21,12,46.66903305053711,214,100,0,0,STOP: Stop Loss (Breakeven)
564,FWONK,STOP_BE,2021-07-19,26,45.238807678222656,111,100,0,0,STOP: Stop Loss (Breakeven)
565,GDDY,STOP_BE,2020-01-27,17,70.73999786376953,141,100,0,0,STOP: Stop Loss (Breakeven)
566,GLW,STOP_BE,2022-08-26,31,31.6419620513916,158,100,0,0,STOP: Stop Loss (Breakeven)
567,GOOG,STOP_BE,2023-09-20,22,134.48138427734375,74,100,0,0,STOP: Stop Loss (Breakeven)
568,GOOGL,STOP_BE,2020-10-28,16,77.64285278320312,64,100,0,0,STOP: Stop Loss (Breakeven)
569,GOOGL,STOP_BE,2023-09-20,22,133.5608673095703,74,100,0,0,STOP: Stop Loss (Breakeven)
570,GRFS,STOP_BE,2021-03-30,6,16.208919525146484,400,100,0,0,STOP: Stop Loss (Breakeven)
571,HALO,STOP_BE,2019-06-24,7,16.15999984741211,618,100,0,0,STOP: Stop Loss (Breakeven)
572,HCA,STOP_BE,2019-07-09,14,127.94383239746094,50,100,0,0,STOP: Stop Loss (Breakeven)
573,HUBG,STOP_BE,2021-01-28,73,26.772188186645508,187,100,0,0,STOP: Stop Loss (Breakeven)
574,ICLR,STOP_BE,2020-06-04,13,166.50999450683594,60,100,0,0,STOP: Stop Loss (Breakeven)
575,KEYS,STOP_BE,2020-06-04,15,102.91999816894533,63,100,0,0,STOP: Stop Loss (Breakeven)
576,KKR,STOP_BE,2019-07-16,7,24.33311653137207,410,100,0,0,STOP: Stop Loss (Breakeven)
577,KKR,STOP_BE,2020-02-24,24,30.025449752807617,216,100,0,0,STOP: Stop Loss (Breakeven)
578,KO,STOP_BE,2020-08-03,13,39.96895599365234,125,100,0,0,STOP: Stop Loss (Breakeven)
579,KRMA,STOP_BE,2020-05-01,4,18.97115707397461,158,100,0,0,STOP: Stop Loss (Breakeven)
580,KRNT,STOP_BE,2020-09-16,35,57.790000915527344,87,100,0,0,STOP: Stop Loss (Breakeven)
581,KTOS,STOP_BE,2020-09-21,7,20.68000030517578,242,100,0,0,STOP: Stop Loss (Breakeven)
582,LBTYA,STOP_BE,2019-09-19,15,14.054611206054688,711,100,0,0,STOP: Stop Loss (Breakeven)
583,LLY,STOP_BE,2021-12-03,38,238.5628967285156,21,100,0,0,STOP: Stop Loss (Breakeven)
584,LOCO,STOP_BE,2021-07-19,25,15.623929977416992,416,100,0,0,STOP: Stop Loss (Breakeven)
585,LOPE,STOP_BE,2022-01-28,43,80.5,62,100,0,0,STOP: Stop Loss (Breakeven)
586,LSTR,STOP_BE,2020-06-11,24,98.7812042236328,51,100,0,0,STOP: Stop Loss (Breakeven)
587,LULU,STOP_BE,2019-11-01,21,201.6199951171875,49,100,0,0,STOP: Stop Loss (Breakeven)
588,LYV,STOP_BE,2021-06-10,23,87.08999633789062,74,100,0,0,STOP: Stop Loss (Breakeven)
589,MCHP,STOP_BE,2020-09-08,20,48.576114654541016,103,100,0,0,STOP: Stop Loss (Breakeven)
590,MEDP,STOP_BE,2023-01-30,20,223.2899932861328,44,100,0,0,STOP: Stop Loss (Breakeven)
591,META,STOP_BE,2019-08-05,49,187.6988525390625,27,100,0,0,STOP: Stop Loss (Breakeven)
592,MITK,STOP_BE,2019-05-02,51,11.4399995803833,437,100,0,0,STOP: Stop Loss (Breakeven)
593,MMYT,STOP_BE,2019-03-15,11,29.09000015258789,172,100,0,0,STOP: Stop Loss (Breakeven)
594,MOH,STOP_BE,2022-09-14,19,338.510009765625,4,100,0,0,STOP: Stop Loss (Breakeven)
595,MOH,STOP_BE,2023-04-19,14,283.9100036621094,35,100,0,0,STOP: Stop Loss (Breakeven)
596,MRCY,STOP_BE,2020-02-28,31,78,64,100,0,0,STOP: Stop Loss (Breakeven)
597,MU,STOP_BE,2023-12-06,27,72.92012023925781,69,100,0,0,STOP: Stop Loss (Breakeven)
598,NEM,STOP_BE,2019-02-26,6,28.52983856201172,350,100,0,0,STOP: Stop Loss (Breakeven)
599,NEM,STOP_BE,2021-01-08,4,53.92822265625,93,100,0,0,STOP: Stop Loss (Breakeven)
600,NEM,STOP_BE,2021-06-17,38,58.93958282470703,85,100,0,0,STOP: Stop Loss (Breakeven)
601,NEM,STOP_BE,2022-01-06,21,52.25614929199219,191,100,0,0,STOP: Stop Loss (Breakeven)
602,NFLX,STOP_BE,2021-01-05,22,52.242000579833984,96,100,0,0,STOP: Stop Loss (Breakeven)
603,NFLX,STOP_BE,2021-11-05,15,65.31600189208984,153,100,0,0,STOP: Stop Loss (Breakeven)
604,NTES,STOP_BE,2019-12-18,26,54.49054336547852,118,100,0,0,STOP: Stop Loss (Breakeven)
605,NTGR,STOP_BE,2022-12-15,14,20.170000076293945,161,100,0,0,STOP: Stop Loss (Breakeven)
606,NVDA,STOP_BE,2019-12-02,14,5.279504776000977,1894,100,0,0,STOP: Stop Loss (Breakeven)
607,NVDA,STOP_BE,2020-02-25,15,6.545012950897217,306,100,0,0,STOP: Stop Loss (Breakeven)
608,NVDA,STOP_BE,2021-09-28,39,20.769550323486328,156,100,0,0,STOP: Stop Loss (Breakeven)
609,NWBI,STOP_BE,2022-12-05,35,12.189227104187012,410,100,0,0,STOP: Stop Loss (Breakeven)
610,OSBC,STOP_BE,2022-03-30,9,13.970572471618652,715,100,0,0,STOP: Stop Loss (Breakeven)
611,PCRX,STOP_BE,2022-04-11,5,78.98999786376953,126,100,0,0,STOP: Stop Loss (Breakeven)
612,PFE,STOP_BE,2022-12-16,3,44.61405944824219,224,100,0,0,STOP: Stop Loss (Breakeven)
613,PINS,STOP_BE,2021-10-25,6,55.58000183105469,90,100,0,0,STOP: Stop Loss (Breakeven)
614,QCOM,STOP_BE,2021-01-27,13,144.4266357421875,69,100,0,0,STOP: Stop Loss (Breakeven)
615,QQQX,STOP_BE,2022-04-08,16,20.43027114868164,159,100,0,0,STOP: Stop Loss (Breakeven)
616,RDNT,STOP_BE,2020-02-27,31,21.82999992370605,149,100,0,0,STOP: Stop Loss (Breakeven)
617,RPD,STOP_BE,2019-06-03,84,48.88999938964844,66,100,0,0,STOP: Stop Loss (Breakeven)
618,RVTY,STOP_BE,2020-10-13,13,124.01612854003906,40,100,0,0,STOP: Stop Loss (Breakeven)
619,SBUX,STOP_BE,2022-08-22,19,80.22852325439453,40,100,0,0,STOP: Stop Loss (Breakeven)
620,SCHW,STOP_BE,2021-06-09,13,69.5906982421875,92,100,0,0,STOP: Stop Loss (Breakeven)
621,SNAP,STOP_BE,2021-07-07,14,66.3499984741211,150,100,0,0,STOP: Stop Loss (Breakeven)
622,STLD,STOP_BE,2020-01-06,42,29.456527709960938,339,100,0,0,STOP: Stop Loss (Breakeven)
623,STLD,STOP_BE,2021-10-21,2,59.461307525634766,109,100,0,0,STOP: Stop Loss (Breakeven)
624,TBPH,STOP_BE,2022-11-23,15,10.359999656677246,145,100,0,0,STOP: Stop Loss (Breakeven)
625,TCOM,STOP_BE,2022-08-29,5,27.72525978088379,360,100,0,0,STOP: Stop Loss (Breakeven)
626,TGT,STOP_BE,2022-04-27,19,206.7758331298828,24,100,0,0,STOP: Stop Loss (Breakeven)
627,TSEM,STOP_BE,2021-12-09,7,37.56999969482422,266,100,0,0,STOP: Stop Loss (Breakeven)
628,TSN,STOP_BE,2020-06-11,7,54.3332633972168,92,100,0,0,STOP: Stop Loss (Breakeven)
629,TXT,STOP_BE,2020-02-24,26,46.744388580322266,69,100,0,0,STOP: Stop Loss (Breakeven)
630,UNH,STOP_BE,2021-04-06,18,338.1659851074219,9,100,0,0,STOP: Stop Loss (Breakeven)
631,UPBD,STOP_BE,2019-06-19,7,18.47216415405273,541,100,0,0,STOP: Stop Loss (Breakeven)
632,UPS,STOP_BE,2023-02-09,9,159.01870727539062,40,100,0,0,STOP: Stop Loss (Breakeven)
633,VCYT,STOP_BE,2019-06-26,19,25.75,388,100,0,0,STOP: Stop Loss (Breakeven)
634,VNOM,STOP_BE,2023-11-16,6,26.37508583068848,246,100,0,0,STOP: Stop Loss (Breakeven)
635,VRA,STOP_BE,2023-09-06,7,7.050000190734863,425,100,0,0,STOP: Stop Loss (Breakeven)
636,WDAY,STOP_BE,2023-04-05,7,198.25,50,100,0,0,STOP: Stop Loss (Breakeven)
637,WING,STOP_BE,2021-08-11,20,158.97879028320312,40,100,0,0,STOP: Stop Loss (Breakeven)
638,WMT,STOP_BE,2022-12-09,24,47.20346832275391,32,100,0,0,STOP: Stop Loss (Breakeven)
639,WOOF,STOP_BE,2021-11-18,31,23.5,138,100,0,0,STOP: Stop Loss (Breakeven)
640,ABCB,TP1,2019-12-16,55,40.64052291613689,166,40,142.47046991045545,4.409904404519581,TP1: Take Profit 1 (+1.5R)
641,ABCB,TP1,2022-01-13,10,50.46555275902018,204,40,171.41056049720652,3.4446935027894554,TP1: Take Profit 1 (+1.5R)
642,ABR,TP1,2020-11-10,1,8.024531850690263,1321,40,300.3899636400217,6.012848793690139,TP1: Take Profit 1 (+1.5R)
643,ABR,TP1,2023-07-25,78,9.487772865418805,744,40,285.43792561352905,8.798912783379077,TP1: Take Profit 1 (+1.5R)
644,ABTS,TP1,2023-07-25,78,9.487772865418805,744,40,285.43792561352905,8.798912783379077,TP1: Take Profit 1 (+1.5R)
645,ACH,TP1,2021-03-11,13,58.35607256208147,54,40,84.13391385759624,5.640968118995109,TP1: Take Profit 1 (+1.5R)
646,ACHC,TP1,2021-03-11,13,58.35607256208147,54,40,84.13391385759624,5.640968118995109,TP1: Take Profit 1 (+1.5R)
647,ACHR,TP1,2021-02-10,5,12.165088994162424,883,40,372.6843810081479,7.46545337562685,TP1: Take Profit 1 (+1.5R)
648,ACHV,TP1,2021-03-11,13,58.35607256208147,54,40,84.13391385759624,5.640968118995109,TP1: Take Profit 1 (+1.5R)
649,ACN,TP1,2020-07-17,22,205.29194846411224,49,40,108.8921391152562,2.2600570474665096,TP1: Take Profit 1 (+1.5R)
650,ACN,TP1,2020-11-24,15,229.95863342434475,44,40,140.01400760120896,2.8463477624281466,TP1: Take Profit 1 (+1.5R)
651,ADP,TP1,2021-06-04,15,9.805003519037417,1103,40,408.0427416400683,8.16981843512639,TP1: Take Profit 1 (+1.5R)
652,ADPT,TP1,2021-06-04,15,9.805003519037417,1103,40,408.0427416400683,8.16981843512639,TP1: Take Profit 1 (+1.5R)
653,AISP,TP1,2021-11-05,14,37.70821326119559,286,40,392.9946272713793,7.861024738823693,TP1: Take Profit 1 (+1.5R)
654,AIZ,TP1,2022-03-24,6,169.43052092544346,60,40,122.51020173791318,2.4697618685591305,TP1: Take Profit 1 (+1.5R)
655,AJAN,TP1,2022-03-24,6,169.43055530249538,60,40,122.51031752212695,2.469763746890504,TP1: Take Profit 1 (+1.5R)
656,ALBPA,TP1,2021-07-29,20,188.3196007078372,60,40,663.1024255319901,13.297991397055034,TP1: Take Profit 1 (+1.5R)
657,ALC,TP1,2020-05-18,5,57.95749894580568,116,40,130.47048573172913,4.038003191348954,TP1: Take Profit 1 (+1.5R)
658,ALHC,TP1,2021-09-15,2,36.42339324951172,90,40,141.00265502929688,9.412412880177715,TP1: Take Profit 1 (+1.5R)
659,ALHC,TP1,2023-02-13,11,43.38883795057024,72,40,82.39822115216933,5.568952704196162,TP1: Take Profit 1 (+1.5R)
660,ALLY,TP1,2020-09-04,1,21.001623122555564,497,40,218.90343466233463,4.38728277702499,TP1: Take Profit 1 (+1.5R)
661,ALLY,TP1,2020-12-09,5,28.47339709849087,365,40,201.7005425857389,4.049839463500156,TP1: Take Profit 1 (+1.5R)
662,ALM,TP1,2020-09-04,1,21.001623122555564,497,40,218.90343466233463,4.38728277702499,TP1: Take Profit 1 (+1.5R)
663,ALRM,TP1,2019-01-28,10,62.82875163214548,107,40,129.7837798936028,4.055565618933633,TP1: Take Profit 1 (+1.5R)
664,ALRM,TP1,2020-05-11,4,50.25776856286185,209,40,273.28781945364784,5.517042695398363,TP1: Take Profit 1 (+1.5R)
665,ALRM,TP1,2020-07-01,13,65.21999944959369,47,40,55.19999435969776,3.8204389787146167,TP1: Take Profit 1 (+1.5R)
666,ALRM,TP1,2020-12-22,4,97.9179470879691,68,40,148.8501698630196,4.680293061355987,TP1: Take Profit 1 (+1.5R)
667,ALSN,TP1,2019-01-28,10,62.82875163214548,107,40,129.7837798936028,4.055565618933633,TP1: Take Profit 1 (+1.5R)
668,ALSN,TP1,2020-07-01,13,65.21999944959369,47,40,55.19999435969776,3.8204389787146167,TP1: Take Profit 1 (+1.5R)
669,ALT,TP1,2019-01-28,10,62.82875163214548,107,40,129.7837798936028,4.055565618933633,TP1: Take Profit 1 (+1.5R)
670,AMBP,TP1,2020-11-24,5,69.24464123589652,99,40,190.83749532699605,5.959667716469384,TP1: Take Profit 1 (+1.5R)
671,AMCR,TP1,2023-12-14,41,43.84331453677332,240,40,265.01808743037657,5.304414685328618,TP1: Take Profit 1 (+1.5R)
672,AMCX,TP1,2021-01-22,8,45.96160820552281,232,40,349.3464633396691,7.011891476337295,TP1: Take Profit 1 (+1.5R)
673,AMPH,TP1,2021-01-07,9,20.6394636631012,504,40,209.024977684021,4.1870985336715405,TP1: Take Profit 1 (+1.5R)
674,AMR,TP1,2020-06-30,7,27.696606874465942,116,40,109.42322969436646,7.3095987894654355,TP1: Take Profit 1 (+1.5R)
675,AMR,TP1,2020-10-15,8,39.258751903261455,174,40,175.63126955713528,5.420918726655041,TP1: Take Profit 1 (+1.5R)
676,AMRX,TP1,2021-02-05,32,5.1723213876996725,2049,40,299.3369838169647,5.990189885318161,TP1: Take Profit 1 (+1.5R)
677,AMWL,TP1,2020-09-23,6,523.4133815765381,6,40,186.04016304016116,13.440266254959354,TP1: Take Profit 1 (+1.5R)
678,AMX,TP1,2021-08-27,10,16.41349727618573,643,40,278.0865647120158,5.572155615047498,TP1: Take Profit 1 (+1.5R)
679,AOMR,TP1,2023-12-14,22,18.217857020241876,597,40,437.421392032078,8.763325493981329,TP1: Take Profit 1 (+1.5R)
680,AOTG,TP1,2020-10-07,2,16.519285934312002,195,40,110.51072452749514,7.407580048074001,TP1: Take Profit 1 (+1.5R)
681,AOTG,TP1,2020-11-23,3,23.35750084263938,462,40,401.3625007867814,8.036539944313843,TP1: Take Profit 1 (+1.5R)
682,APD,TP1,2020-02-12,7,22.76589829407075,302,40,195.64157677663172,6.03457833757573,TP1: Take Profit 1 (+1.5R)
683,APOG,TP1,2020-05-07,2,120.17330414908272,57,40,242.8525161743163,7.77874811576926,TP1: Take Profit 1 (+1.5R)
684,APPF,TP1,2020-05-07,2,120.17330414908272,57,40,242.8525161743163,7.77874811576926,TP1: Take Profit 1 (+1.5R)
685,APRW,TP1,2020-01-27,3,7.491071241242545,499,40,371.27673906939367,24.851187354042416,TP1: Take Profit 1 (+1.5R)
686,APRZ,TP1,2020-01-27,3,7.491071241242545,499,40,371.27673906939367,24.851187354042416,TP1: Take Profit 1 (+1.5R)
687,ARBK,TP1,2023-12-19,33,11.58122209633376,279,40,116.54335611634492,7.80469633943571,TP1: Take Profit 1 (+1.5R)
688,ARMK,TP1,2023-05-18,7,27.85704784229984,384,40,352.76473357313216,7.061242423534282,TP1: Take Profit 1 (+1.5R)
689,ASAN,TP1,2021-01-15,3,37.428480693272185,285,40,347.6843234470917,6.999660328981587,TP1: Take Profit 1 (+1.5R)
690,ASTI,TP1,2023-01-26,8,7.043577069660423,1584,40,578.8597112291607,11.577996978191448,TP1: Take Profit 1 (+1.5R)
691,ATHM,TP1,2019-05-03,35,98.8700348159656,72,40,347.10210664624583,10.80567952531358,TP1: Take Profit 1 (+1.5R)
692,AVB,TP1,2021-03-05,8,33.60904167655716,307,40,169.4213182551891,3.4069862235583592,TP1: Take Profit 1 (+1.5R)
693,AVGO,TP1,2019-04-05,21,25.31308355041785,124,40,78.27279435320166,5.249197197256835,TP1: Take Profit 1 (+1.5R)
694,AVRE,TP1,2023-05-18,7,5.690535426139832,581,40,153.85531783103943,10.281697566208289,TP1: Take Profit 1 (+1.5R)
695,AYI,TP1,2021-05-06,20,33.459640979766846,205,40,185.60344219207764,5.751079725727601,TP1: Take Profit 1 (+1.5R)
696,BAC,TP1,2021-01-06,16,27.17878931477182,379,40,155.3848046068641,3.119295895213087,TP1: Take Profit 1 (+1.5R)
697,BAC,TP1,2021-10-26,12,42.81214838815297,246,40,282.356951632952,5.665793885534425,TP1: Take Profit 1 (+1.5R)
698,BAC,TP1,2022-08-12,2,32.93875341928059,312,40,143.81760372027162,2.879445791455979,TP1: Take Profit 1 (+1.5R)
699,BBY,TP1,2020-10-12,11,94.666951776379,109,40,162.67883281411412,3.286881599983181,TP1: Take Profit 1 (+1.5R)
700,BDX,TP1,2020-07-09,3,231.098100191693,44,40,158.11059679537084,3.209684708632374,TP1: Take Profit 1 (+1.5R)
701,BG,TP1,2020-12-11,2,57.47552177356266,180,40,179.9313971816747,3.603770118212036,TP1: Take Profit 1 (+1.5R)
702,BLDR,TP1,2019-05-03,1,16.188571078436716,441,40,325.2856288637436,10.051468636678536,TP1: Take Profit 1 (+1.5R)
703,BLDR,TP1,2019-10-21,6,22.97035809925624,464,40,331.8428666251043,6.6404694658012255,TP1: Take Profit 1 (+1.5R)
704,BLFY,TP1,2020-07-15,13,19.66660671574729,166,40,139.98839540140975,9.38046282787159,TP1: Take Profit 1 (+1.5R)
705,BLFY,TP1,2020-09-15,1,27.55482162748064,250,40,204.3526938983371,6.307181891877696,TP1: Take Profit 1 (+1.5R)
706,BLFY,TP1,2021-06-18,3,41.855356318610056,252,40,284.17508840560924,5.695348311598689,TP1: Take Profit 1 (+1.5R)
707,BLFY,TP1,2021-10-29,3,52.04142856597901,211,40,500.99995136260986,10.093987861241215,TP1: Take Profit 1 (+1.5R)
708,BLK,TP1,2020-06-02,15,468.65389644695193,14,40,130.37561497241353,4.138643459604643,TP1: Take Profit 1 (+1.5R)
709,BLK,TP1,2021-11-03,19,852.2782057220313,12,40,212.7015829650004,4.339991570963839,TP1: Take Profit 1 (+1.5R)
710,BSVO,TP1,2021-06-04,10,60.32724816451777,180,40,440.843631193318,8.837005613890144,TP1: Take Profit 1 (+1.5R)
711,BSVO,TP1,2023-07-25,77,48.37207553437586,65,40,86.54948350627751,5.922542365706382,TP1: Take Profit 1 (+1.5R)
712,BSX,TP1,2023-12-14,31,55.74392890930176,186,40,189.15547370910645,3.786873691117047,TP1: Take Profit 1 (+1.5R)
713,BSY,TP1,2023-07-25,77,48.37207553437586,65,40,86.54948350627751,5.922542365706382,TP1: Take Profit 1 (+1.5R)
714,BX,TP1,2019-07-01,21,36.169923830288745,294,40,333.52941645576584,6.692742126624493,TP1: Take Profit 1 (+1.5R)
715,C,TP1,2019-11-04,20,59.73864862595507,175,40,250.7662909317241,5.069574176514677,TP1: Take Profit 1 (+1.5R)
716,CAG,TP1,2020-07-10,10,28.57919157104962,234,40,102.6865735570682,3.168283729530187,TP1: Take Profit 1 (+1.5R)
717,CALM,TP1,2021-03-09,4,33.06752349387266,311,40,157.18824848385654,3.1638376891764493,TP1: Take Profit 1 (+1.5R)
718,CALM,TP1,2022-09-21,9,48.453123765692965,214,40,198.01133872382496,3.970969912557489,TP1: Take Profit 1 (+1.5R)
719,CARY,TP1,2020-10-23,3,36.815639660469685,188,40,224.07260153385744,6.923091292499498,TP1: Take Profit 1 (+1.5R)
720,CB,TP1,2021-02-22,18,156.00930367176528,65,40,139.933947965239,2.883830533149763,TP1: Take Profit 1 (+1.5R)
721,CBSH,TP1,2019-02-20,34,43.624664867945214,154,40,128.2200940322209,3.968582235110242,TP1: Take Profit 1 (+1.5R)
722,CDNS,TP1,2023-01-26,9,185.3485766819545,57,40,346.60011291503884,7.156486890149695,TP1: Take Profit 1 (+1.5R)
723,CDW,TP1,2021-04-14,19,167.82811043939773,63,40,287.6142336799235,5.851696583887607,TP1: Take Profit 1 (+1.5R)
724,CHEF,TP1,2019-09-11,41,39.79250185830252,174,40,227.28763512202644,7.026631338577633,TP1: Take Profit 1 (+1.5R)
725,CLOU,TP1,2020-09-01,6,24.351452656809418,423,40,159.60642361168945,3.205881648740512,TP1: Take Profit 1 (+1.5R)
726,CLX,TP1,2020-05-13,9,173.9742745356722,59,40,159.6270236682831,3.267278195784632,TP1: Take Profit 1 (+1.5R)
727,CLX,TP1,2020-07-07,18,188.3711705159801,54,40,118.00636040119034,2.375322027340137,TP1: Take Profit 1 (+1.5R)
728,CMCSA,TP1,2020-11-16,7,39.57021995601993,170,40,132.6762310517334,4.1066157136500285,TP1: Take Profit 1 (+1.5R)
729,CME,TP1,2021-03-01,6,170.5701116475619,60,40,184.28276226865395,3.735849683007003,TP1: Take Profit 1 (+1.5R)
730,CNET,TP1,2021-12-14,4,81.47053282601493,127,40,190.29376029968287,3.85026895509704,TP1: Take Profit 1 (+1.5R)
731,COKE,TP1,2023-11-20,13,68.9287400231576,152,40,268.08613384982146,5.393546643206312,TP1: Take Profit 1 (+1.5R)
732,COP,TP1,2019-12-20,29,50.876065796523854,206,40,260.38256985811904,5.228720833973672,TP1: Take Profit 1 (+1.5R)
733,CPB,TP1,2022-01-18,12,39.88019314504285,256,40,122.72136319048514,2.4633231319169573,TP1: Take Profit 1 (+1.5R)
734,CSCO,TP1,2022-11-22,5,43.77845878171344,235,40,155.24659716872435,3.125665683929231,TP1: Take Profit 1 (+1.5R)
735,CSGS,TP1,2022-11-22,5,43.77845771065672,235,40,155.24691817466874,3.125672427792514,TP1: Take Profit 1 (+1.5R)
736,CSX,TP1,2022-07-29,8,30.313957398169787,339,40,140.67713601457098,2.823491765458911,TP1: Take Profit 1 (+1.5R)
737,CTSH,TP1,2021-12-28,12,83.05052094681922,125,40,228.09468578775247,4.635093322374298,TP1: Take Profit 1 (+1.5R)
738,CVS,TP1,2021-12-16,7,87.2681233136625,76,40,91.68725159300313,2.84345513439547,TP1: Take Profit 1 (+1.5R)
739,DBX,TP1,2023-07-25,71,23.96089424405779,442,40,298.5474930490764,5.974761597696494,TP1: Take Profit 1 (+1.5R)
740,DD,TP1,2021-05-11,7,31.242977588251254,329,40,146.94812458306887,2.952603401336292,TP1: Take Profit 1 (+1.5R)
741,DE,TP1,2020-11-16,11,239.3519761916449,43,40,200.1655783936834,4.14745562358681,TP1: Take Profit 1 (+1.5R)
742,DE,TP1,2022-08-25,2,369.0727779709366,27,40,152.91455844639472,3.292002575870725,TP1: Take Profit 1 (+1.5R)
743,DGX,TP1,2020-07-16,3,110.59058257301132,93,40,166.1277053409425,3.375866401400057,TP1: Take Profit 1 (+1.5R)
744,DHR,TP1,2021-01-08,2,210.9113593119636,48,40,142.32745747150125,2.893101956959433,TP1: Take Profit 1 (+1.5R)
745,DNUT,TP1,2022-11-23,5,15.270226442377282,679,40,184.94575799208283,3.70509451204213,TP1: Take Profit 1 (+1.5R)
746,DOV,TP1,2021-03-08,7,123.50776742803856,83,40,147.4560759387412,2.999292246648364,TP1: Take Profit 1 (+1.5R)
747,DOX,TP1,2021-02-09,6,69.38811404745358,148,40,141.6930652439871,2.83781871443819,TP1: Take Profit 1 (+1.5R)
748,DPZ,TP1,2019-01-23,6,248.0001076402846,26,40,121.30967263912945,3.909820353592034,TP1: Take Profit 1 (+1.5R)
749,DUK,TP1,2020-10-02,2,74.35551510698346,41,40,45.56275575295047,3.160683521480429,TP1: Take Profit 1 (+1.5R)
750,ECL,TP1,2020-06-03,6,207.06481926681496,15,40,57.78172253860319,4.151964114152136,TP1: Take Profit 1 (+1.5R)
751,ED,TP1,2022-11-21,5,84.79918383812004,121,40,148.37980225985888,3.0039004482402314,TP1: Take Profit 1 (+1.5R)
752,EGHT,TP1,2019-04-25,13,23.304285662514825,457,40,333.8570962633403,6.704603936339365,TP1: Take Profit 1 (+1.5R)
753,EME,TP1,2021-03-05,8,102.44216184255056,65,40,132.83326099286796,4.2232088749498935,TP1: Take Profit 1 (+1.5R)
754,EOG,TP1,2019-12-24,8,62.821622981450126,169,40,335.26701708731844,6.7843792921931305,TP1: Take Profit 1 (+1.5R)
755,EOG,TP1,2022-01-13,9,81.83695547092486,127,40,205.17606301543435,4.144508684265336,TP1: Take Profit 1 (+1.5R)
756,EQR,TP1,2019-01-28,11,54.81685852801351,185,40,87.09599190146184,1.7573653244400058,TP1: Take Profit 1 (+1.5R)
757,EW,TP1,2020-07-22,5,76.66535799843925,134,40,171.20894500187492,3.44806013634111,TP1: Take Profit 1 (+1.5R)
758,EXE,TP1,2022-08-18,7,87.32548557239521,78,40,171.960996649585,5.317724122690005,TP1: Take Profit 1 (+1.5R)
759,FDX,TP1,2020-09-16,5,220.55497877982495,47,40,220.09440695550572,4.535532030698213,TP1: Take Profit 1 (+1.5R)
760,FFIV,TP1,2021-11-16,20,230.21643011910572,13,40,85.17855507986889,6.571810742462164,TP1: Take Profit 1 (+1.5R)
761,FISV,TP1,2019-01-24,2,81.06857299804688,127,40,181.34994506835935,3.6815071834762487,TP1: Take Profit 1 (+1.5R)
762,FMNB,TP1,2021-05-21,2,14.439715929034952,213,40,42.3326915935498,2.8444090712521275,TP1: Take Profit 1 (+1.5R)
763,FTAI,TP1,2023-09-01,25,36.03951310816178,193,40,230.24345369603063,7.129273973785633,TP1: Take Profit 1 (+1.5R)
764,FWONK,TP1,2021-07-02,9,48.20150593348912,221,40,325.89680807931063,6.54901932062339,TP1: Take Profit 1 (+1.5R)
765,GDDY,TP1,2020-05-08,2,73.41125011444092,142,40,242.1987581253052,4.873214449201312,TP1: Take Profit 1 (+1.5R)
766,GLW,TP1,2022-07-28,2,32.765886737256565,316,40,177.58010036666423,3.552006933196906,TP1: Take Profit 1 (+1.5R)
767,GOLD,TP1,2021-09-10,1,22.808231405018564,138,40,74.65371104112953,4.979854653977279,TP1: Take Profit 1 (+1.5R)
768,GOOG,TP1,2023-05-16,6,119.0488922007452,89,40,334.60886791677257,6.823819218390435,TP1: Take Profit 1 (+1.5R)
769,GOOGL,TP1,2020-10-23,11,80.16544162261079,128,40,161.44568572209027,3.2489646490080863,TP1: Take Profit 1 (+1.5R)
770,GOOGL,TP1,2023-05-17,7,118.37346121932624,90,40,335.76666948149744,6.727390103285131,TP1: Take Profit 1 (+1.5R)
771,GWW,TP1,2019-11-05,25,298.2910842141647,22,40,175.29244149253043,5.643836124227768,TP1: Take Profit 1 (+1.5R)
772,HLIT,TP1,2019-07-10,1,6.662142736571176,1086,40,370.4034956012454,11.40706881809304,TP1: Take Profit 1 (+1.5R)
773,HLT,TP1,2019-11-18,26,98.3703171445547,68,40,138.49495771954744,4.319738562745874,TP1: Take Profit 1 (+1.5R)
774,HON,TP1,2021-03-29,19,186.66643271779736,54,40,125.59117178384912,2.555573571507166,TP1: Take Profit 1 (+1.5R)
775,HRB,TP1,2021-05-04,35,19.42483683017348,535,40,197.86810586701137,3.9664346799962766,TP1: Take Profit 1 (+1.5R)
776,HUBG,TP1,2020-12-08,22,27.69863180688338,373,40,172.3185133642443,3.460470297680041,TP1: Take Profit 1 (+1.5R)
777,HWC,TP1,2022-07-25,6,43.16270523730895,241,40,210.95315630910503,4.245750664769214,TP1: Take Profit 1 (+1.5R)
778,HWM,TP1,2019-04-12,11,15.576731139530642,674,40,252.3561166475587,5.050150122808472,TP1: Take Profit 1 (+1.5R)
779,JEF,TP1,2022-07-21,2,26.287031110752984,397,40,218.8593854234757,4.389502215947753,TP1: Take Profit 1 (+1.5R)
780,KO,TP1,2020-07-27,6,41.03879711136169,250,40,133.7301397136681,2.6766801661750965,TP1: Take Profit 1 (+1.5R)
781,KRNT,TP1,2020-08-19,7,60.63553653444563,173,40,244.7160632269724,4.9239238169898165,TP1: Take Profit 1 (+1.5R)
782,KTOS,TP1,2020-09-16,2,21.56125038010733,483,40,212.3812680585045,4.261363935816747,TP1: Take Profit 1 (+1.5R)
783,LAUR,TP1,2023-08-09,6,13.421206279575832,797,40,349.3119380315573,6.996974692962113,TP1: Take Profit 1 (+1.5R)
784,LH,TP1,2021-04-16,23,214.67399368018192,31,40,137.34829326425228,4.455365368906552,TP1: Take Profit 1 (+1.5R)
785,LITE,TP1,2020-01-02,21,80.37767437526158,86,40,229.9500506264822,7.127383290642267,TP1: Take Profit 1 (+1.5R)
786,LLY,TP1,2021-11-03,8,253.9353622144921,41,40,307.44930971952954,6.443778851105388,TP1: Take Profit 1 (+1.5R)
787,LOPE,TP1,2021-12-17,1,84.04910714285714,124,40,220.0446428571426,4.408828748890856,TP1: Take Profit 1 (+1.5R)
788,LPLA,TP1,2019-11-14,13,85.22413920338639,81,40,214.4877238971742,6.714328111056863,TP1: Take Profit 1 (+1.5R)
789,LSTR,TP1,2020-05-26,8,102.86275919808988,101,40,204.0777487228532,4.131914574777553,TP1: Take Profit 1 (+1.5R)
790,LW,TP1,2019-07-11,15,60.220555768377885,175,40,287.35527155712794,5.803008035565646,TP1: Take Profit 1 (+1.5R)
791,MCHP,TP1,2020-09-01,13,50.26509511928427,205,40,172.27600740381178,3.4769772690853995,TP1: Take Profit 1 (+1.5R)
792,MELI,TP1,2020-06-16,4,939.1085532052176,11,40,213.39280264718184,4.760947411190898,TP1: Take Profit 1 (+1.5R)
793,META,TP1,2019-07-09,22,197.7341045822467,53,40,260.91655312278886,5.346464247082024,TP1: Take Profit 1 (+1.5R)
794,META,TP1,2020-08-06,6,261.7824401471043,25,40,118.4653926050953,3.9189009366030696,TP1: Take Profit 1 (+1.5R)
795,MGM,TP1,2023-12-14,36,41.614290373665945,258,40,382.393261364528,7.669569807913818,TP1: Take Profit 1 (+1.5R)
796,MITK,TP1,2019-03-25,13,12.398928131375994,874,40,419.05177678380704,8.382242886066297,TP1: Take Profit 1 (+1.5R)
797,MMSI,TP1,2019-12-19,13,31.431070804595947,343,40,391.77321195602417,7.862290538555672,TP1: Take Profit 1 (+1.5R)
798,MMYT,TP1,2019-03-06,2,31.53821393421718,343,40,418.64455665860834,8.415997830139204,TP1: Take Profit 1 (+1.5R)
799,MOH,TP1,2022-09-08,13,351.4528688703264,8,40,51.771436418805706,3.8234789906693463,TP1: Take Profit 1 (+1.5R)
800,MRCY,TP1,2020-02-12,15,83.3910745893206,128,40,345.0287737165181,6.911634088872558,TP1: Take Profit 1 (+1.5R)
801,MU,TP1,2023-11-20,11,77.66002041670606,137,40,322.3132120664809,6.500126661744643,TP1: Take Profit 1 (+1.5R)
802,NEE,TP1,2021-01-08,2,70.96341842740958,144,40,140.18015265239592,2.8209882540608624,TP1: Take Profit 1 (+1.5R)
803,NEE,TP1,2022-08-04,7,78.98117747276561,130,40,147.50559304177628,2.958234615350831,TP1: Take Profit 1 (+1.5R)
804,NEM,TP1,2021-01-06,2,55.61328862110507,185,40,155.02606876666647,3.1246458382210003,TP1: Take Profit 1 (+1.5R)
805,NEM,TP1,2021-05-17,7,63.30661703826499,169,40,366.8308739388684,7.409340216312711,TP1: Take Profit 1 (+1.5R)
806,NEOG,TP1,2019-07-29,6,35.10446412222726,197,40,220.93763351440455,6.862909445436398,TP1: Take Profit 1 (+1.5R)
807,NEWT,TP1,2021-05-13,1,20.10536224739748,155,40,59.34116834867821,3.985914520280064,TP1: Take Profit 1 (+1.5R)
808,NFLX,TP1,2020-01-23,36,34.68357358660017,311,40,403.5536221095496,8.11587159270397,TP1: Take Profit 1 (+1.5R)
809,NFLX,TP1,2020-12-31,17,53.90539353234427,191,40,158.02233048847714,3.18401465113948,TP1: Take Profit 1 (+1.5R)
810,NSIT,TP1,2022-11-11,3,99.6780366897583,66,40,97.6151704788208,3.0583492883806973,TP1: Take Profit 1 (+1.5R)
811,NTGR,TP1,2022-12-05,4,20.97803589275905,321,40,129.2857306344166,4.006126987648346,TP1: Take Profit 1 (+1.5R)
812,NVDA,TP1,2020-02-14,4,7.051412300277494,1527,40,386.3827035771519,7.737178721867287,TP1: Take Profit 1 (+1.5R)
813,NVDA,TP1,2021-08-30,10,22.62094593649887,312,40,288.8177156299566,8.913989875452302,TP1: Take Profit 1 (+1.5R)
814,NWBI,TP1,2022-07-28,2,11.1566363472113,920,40,132.4112249662208,2.6484143934167417,TP1: Take Profit 1 (+1.5R)
815,NWBI,TP1,2022-11-25,25,12.483640859694498,820,40,120.7096397580694,2.415360325892648,TP1: Take Profit 1 (+1.5R)
816,NWS,TP1,2023-07-25,74,18.896896083877863,556,40,260.7802837728808,5.223381381141056,TP1: Take Profit 1 (+1.5R)
817,OMC,TP1,2022-01-04,21,65.17759390019155,160,40,237.9993210973555,4.782744450518084,TP1: Take Profit 1 (+1.5R)
818,PCH,TP1,2021-12-13,7,46.6788372196206,221,40,170.80669956598052,3.4410018400591618,TP1: Take Profit 1 (+1.5R)
819,PCTY,TP1,2021-08-05,16,219.2446517944336,31,40,253.41968536376956,8.349219264305443,TP1: Take Profit 1 (+1.5R)
820,PFE,TP1,2020-07-20,7,26.483538791160008,389,40,160.05443503094,3.215395867903474,TP1: Take Profit 1 (+1.5R)
821,PG,TP1,2019-02-01,9,82.00044913353948,80,40,77.42915918923529,2.4177052964304924,TP1: Take Profit 1 (+1.5R)
822,PGR,TP1,2020-07-17,3,74.03232286826,90,40,94.87436702335998,2.931315223884852,TP1: Take Profit 1 (+1.5R)
823,PINS,TP1,2021-10-20,1,61.92714377811977,179,40,564.8956332887924,11.419830402953837,TP1: Take Profit 1 (+1.5R)
824,PM,TP1,2019-10-16,21,57.32163632626601,118,40,154.42284757098363,4.784516761959265,TP1: Take Profit 1 (+1.5R)
825,POWI,TP1,2022-11-10,3,70.58251655659147,96,40,185.5636999898281,5.794524991775655,TP1: Take Profit 1 (+1.5R)
826,PSA,TP1,2021-04-13,8,216.62585219652,48,40,215.17999861491785,4.317553914428193,TP1: Take Profit 1 (+1.5R)
827,PZZA,TP1,2021-07-22,14,101.36277196489172,106,40,384.051560135355,7.699239358678211,TP1: Take Profit 1 (+1.5R)
828,QQQX,TP1,2022-03-31,8,20.93398399366824,317,40,79.58662950788307,2.465522074185032,TP1: Take Profit 1 (+1.5R)
829,RDNT,TP1,2020-02-21,25,23.02357169560024,297,40,176.6486222403388,5.467575703461339,TP1: Take Profit 1 (+1.5R)
830,RPD,TP1,2019-04-25,45,53.40071405683245,132,40,297.7071680341448,9.22625224687377,TP1: Take Profit 1 (+1.5R)
831,RVTY,TP1,2020-10-05,5,127.96851833089188,80,40,158.0955916341128,3.1869965926059174,TP1: Take Profit 1 (+1.5R)
832,SBAC,TP1,2022-04-05,5,332.2344919119354,30,40,123.96278273176506,2.55090832470833,TP1: Take Profit 1 (+1.5R)
833,SBUX,TP1,2019-02-07,13,59.37165066235299,173,40,147.9246949994666,2.9835333456308697,TP1: Take Profit 1 (+1.5R)
834,SBUX,TP1,2020-08-12,14,70.12873734508459,146,40,120.48233699439756,2.410169510862377,TP1: Take Profit 1 (+1.5R)
835,SBUX,TP1,2022-08-15,12,82.37272159803007,80,40,85.76793374542149,2.672613500358912,TP1: Take Profit 1 (+1.5R)
836,SCHW,TP1,2020-10-16,15,36.58889472422701,184,40,126.9398197558381,3.918816720558057,TP1: Take Profit 1 (+1.5R)
837,SIMO,TP1,2021-02-04,2,49.760525495198266,212,40,281.60099301836,5.639899127156819,TP1: Take Profit 1 (+1.5R)
838,SLB,TP1,2022-01-07,4,31.22765005148305,223,40,248.1960470415228,7.712567075390689,TP1: Take Profit 1 (+1.5R)
839,SMCI,TP1,2019-04-01,7,2.186964132956096,1435,40,69.5233448701245,4.639436496116976,TP1: Take Profit 1 (+1.5R)
840,SNPS,TP1,2020-05-29,8,175.56768444606237,59,40,205.252689634051,4.200652099323164,TP1: Take Profit 1 (+1.5R)
841,SWKS,TP1,2019-10-25,15,77.44801968915404,136,40,290.66577831559954,5.841589372294838,TP1: Take Profit 1 (+1.5R)
842,TBPH,TP1,2022-11-09,1,10.823838915143694,289,40,66.79285321916856,4.477213067931849,TP1: Take Profit 1 (+1.5R)
843,TEAM,TP1,2020-01-24,18,139.39822115216936,50,40,292.70546776907764,9.169252476234943,TP1: Take Profit 1 (+1.5R)
844,TGT,TP1,2020-11-23,5,150.41793132336542,20,40,51.94786792115423,3.577106671862195,TP1: Take Profit 1 (+1.5R)
845,TGT,TP1,2022-04-19,11,214.4371381266416,48,40,183.8713199222102,3.705125923466326,TP1: Take Profit 1 (+1.5R)
846,TSLA,TP1,2021-10-15,18,279.82834243774414,37,40,288.74988555908203,6.081300306510059,TP1: Take Profit 1 (+1.5R)
847,TSN,TP1,2020-06-08,4,57.23277618148332,184,40,266.7551761525198,5.336533465823528,TP1: Take Profit 1 (+1.5R)
848,TXT,TP1,2020-02-04,6,50.25517966218049,138,40,242.24458464821737,7.510615045965413,TP1: Take Profit 1 (+1.5R)
849,UNH,TP1,2019-12-06,21,253.61212132533805,26,40,133.27717256630874,4.212725544902252,TP1: Take Profit 1 (+1.5R)
850,UNH,TP1,2021-03-29,10,346.3743392756585,18,40,73.8751875141295,2.4273151439607807,TP1: Take Profit 1 (+1.5R)
851,UNIT,TP1,2021-08-03,18,14.499382576256936,732,40,308.28913674060504,6.167651673682684,TP1: Take Profit 1 (+1.5R)
852,UPS,TP1,2019-02-11,11,82.20005793814549,124,40,125.9786501484189,2.534564984242712,TP1: Take Profit 1 (+1.5R)
853,UPS,TP1,2020-07-15,14,94.72215820143296,108,40,150.80412954730178,3.0378381213096333,TP1: Take Profit 1 (+1.5R)
854,UTHR,TP1,2020-10-16,2,113.8457123892648,90,40,174.85709871564603,3.533751670738993,TP1: Take Profit 1 (+1.5R)
855,WCLD,TP1,2020-12-04,9,49.044822216033936,210,40,155.9061884880066,3.1219949534668707,TP1: Take Profit 1 (+1.5R)
856,WFC,TP1,2021-04-29,15,40.45979100070851,172,40,250.9864688099556,7.773955391483597,TP1: Take Profit 1 (+1.5R)
857,WFC,TP1,2023-02-01,19,43.70383420056045,158,40,222.65006294657053,6.893291451975346,TP1: Take Profit 1 (+1.5R)
858,WMT,TP1,2022-11-23,8,48.561548646574806,63,40,42.1004900384479,2.877077409937381,TP1: Take Profit 1 (+1.5R)
859,WOOF,TP1,2021-11-04,17,25.495892184121267,276,40,275.43312140873485,8.493158230303264,TP1: Take Profit 1 (+1.5R)
860,ABR,TP2,2023-07-26,79,10.236620416927892,372,30,338.10229810431474,17.386154552376475,TP2: Take Profit 2 (+3R)
861,ABTS,TP2,2023-07-26,79,10.236620416927892,372,30,338.10229810431474,17.386154552376475,TP2: Take Profit 2 (+3R)
862,ACHR,TP2,2021-02-11,6,13.961249589920044,442,30,697.2899723052979,23.332596875452825,TP2: Take Profit 2 (+3R)
863,ACN,TP2,2020-08-05,41,211.8180996296805,25,30,154.88653080185458,5.510864473107271,TP2: Take Profit 2 (+3R)
864,ACN,TP2,2020-12-17,38,241.11187941093704,22,30,227.72774777186933,7.834508451747786,TP2: Take Profit 2 (+3R)
865,ADP,TP2,2021-06-17,28,10.37647461821385,552,30,432.966778048046,14.474347027983592,TP2: Take Profit 2 (+3R)
866,ADPT,TP2,2021-06-17,28,10.37647461821385,552,30,432.966778048046,14.474347027983592,TP2: Take Profit 2 (+3R)
867,AIZ,TP2,2022-04-13,26,175.38463602276175,30,30,180.6801927944772,6.07074681995803,TP2: Take Profit 2 (+3R)
868,AJAN,TP2,2022-04-13,26,175.38465130452758,30,30,180.6799185498558,6.0707364850443,TP2: Take Profit 2 (+3R)
869,ALBPA,TP2,2021-08-06,28,208.83330085307267,30,30,767.1080579334331,25.63956929888167,TP2: Take Profit 2 (+3R)
870,ALC,TP2,2020-06-01,19,62.68309167808796,58,30,237.1528514299907,12.52079214367968,TP2: Take Profit 2 (+3R)
871,ALLY,TP2,2020-12-31,27,30.18798127241397,183,30,307.68835156116484,10.315414569493116,TP2: Take Profit 2 (+3R)
872,ALRM,TP2,2020-07-08,20,68.9047498703003,24,30,85.18650245666504,9.686007967264286,TP2: Take Profit 2 (+3R)
873,ALRM,TP2,2021-01-13,26,107.67774963378906,34,30,282.7549743652344,15.11412078243298,TP2: Take Profit 2 (+3R)
874,ALSN,TP2,2020-07-08,20,68.9047498703003,24,30,85.18650245666504,9.686007967264286,TP2: Take Profit 2 (+3R)
875,AMBP,TP2,2020-11-27,8,77.08749675750732,50,30,340.3874502182007,17.960977134581473,TP2: Take Profit 2 (+3R)
876,AMCX,TP2,2021-01-25,11,53.175002098083496,116,30,705.525092124939,23.80675472296372,TP2: Take Profit 2 (+3R)
877,AMR,TP2,2020-08-04,42,29.76000022888184,58,30,134.3000259399414,15.304148952624669,TP2: Take Profit 2 (+3R)
878,AMR,TP2,2020-11-24,48,44.25250053405762,87,30,364.64994049072266,18.83055461741733,TP2: Take Profit 2 (+3R)
879,AMRX,TP2,2021-02-08,35,5.885999798774719,1025,30,617.683806180954,20.61474714635441,TP2: Take Profit 2 (+3R)
880,AMWL,TP2,2020-10-07,20,689.0999603271484,3,30,227.6999664306641,49.34979831875525,TP2: Take Profit 2 (+3R)
881,AOTG,TP2,2020-12-07,17,27.757501125335693,231,30,846.9750394821167,28.388066826365204,TP2: Take Profit 2 (+3R)
882,APOG,TP2,2020-05-22,17,138.05624389648438,29,30,451.4561462402344,23.81725909998599,TP2: Take Profit 2 (+3R)
883,APPF,TP2,2020-05-22,17,138.05624389648438,29,30,451.4561462402344,23.81725909998599,TP2: Take Profit 2 (+3R)
884,ARMK,TP2,2023-07-25,75,29.16644790297789,192,30,361.8723838577157,12.093577440483768,TP2: Take Profit 2 (+3R)
885,ASTI,TP2,2023-01-31,13,7.705888345991352,792,30,661.7675062999326,22.069735033758324,TP2: Take Profit 2 (+3R)
886,AVB,TP2,2021-03-15,18,36.45835702035263,154,30,364.0112683577935,12.17364834198308,TP2: Take Profit 2 (+3R)
887,AVGO,TP2,2019-04-12,28,26.26247993021422,62,30,81.83884977937632,9.196689670725178,TP2: Take Profit 2 (+3R)
888,AVRE,TP2,2023-05-24,13,6.007749676704407,291,30,147.50847029685974,16.429260743437204,TP2: Take Profit 2 (+3R)
889,BAC,TP2,2021-01-07,17,28.90014198835984,190,30,287.4148781502379,9.650295993560524,TP2: Take Profit 2 (+3R)
890,BDX,TP2,2020-07-21,15,241.82633118986,22,30,232.8959919916173,8.000971776261816,TP2: Take Profit 2 (+3R)
891,BLDR,TP2,2019-11-19,35,25.25428649357387,232,30,516.2856953484669,17.243664903324316,TP2: Take Profit 2 (+3R)
892,BLFY,TP2,2020-08-10,39,21.77999973297119,83,30,186.2000093460083,21.13459559222116,TP2: Take Profit 2 (+3R)
893,BLFY,TP2,2021-08-25,71,55.01785223824638,126,30,1156.3390323093963,38.93397565204698,TP2: Take Profit 2 (+3R)
894,BLK,TP2,2020-06-09,22,488.7025063138522,7,30,154.69479088040885,8.593604894084399,TP2: Take Profit 2 (+3R)
895,BSVO,TP2,2021-06-18,24,61.844825179041656,90,30,346.4553375002807,11.5748818319271,TP2: Take Profit 2 (+3R)
896,BSVO,TP2,2023-07-26,78,50.9322047681619,33,30,100.03121127378708,11.52857423908906,TP2: Take Profit 2 (+3R)
897,BSY,TP2,2023-07-26,78,50.9322047681619,33,30,100.03121127378708,11.52857423908906,TP2: Take Profit 2 (+3R)
898,BX,TP2,2019-07-23,43,38.39034701182334,147,30,395.0611083295162,13.242466672106296,TP2: Take Profit 2 (+3R)
899,C,TP2,2019-12-12,58,61.54545399095205,88,30,243.83717930685023,8.247420925421432,TP2: Take Profit 2 (+3R)
900,CAG,TP2,2020-08-03,34,29.61021201970304,117,30,133.60784293560914,6.890173829646717,TP2: Take Profit 2 (+3R)
901,CDW,TP2,2021-04-27,32,173.06229841834556,32,30,261.21719672553263,9.152977140285712,TP2: Take Profit 2 (+3R)
902,CLX,TP2,2020-07-29,40,195.64264742180197,27,30,186.27332554570603,6.327199524351931,TP2: Take Profit 2 (+3R)
903,CMCSA,TP2,2020-11-24,15,41.850136224580325,85,30,195.88146832762,10.104923711283645,TP2: Take Profit 2 (+3R)
904,CME,TP2,2021-05-11,77,175.59745851567192,30,30,201.06190098717263,6.793337855918398,TP2: Take Profit 2 (+3R)
905,COKE,TP2,2023-12-14,37,74.43317331980671,76,30,406.43470918134113,13.809945190458189,TP2: Take Profit 2 (+3R)
906,COP,TP2,2020-01-02,42,52.49207844548216,103,30,252.78392460922603,8.571175507680428,TP2: Take Profit 2 (+3R)
907,CSCO,TP2,2023-01-11,55,45.06152892279953,118,30,182.6974893786821,6.148098773189701,TP2: Take Profit 2 (+3R)
908,CSGS,TP2,2023-01-03,47,47.981065126004495,118,30,387.0652906318381,13.025443646829013,TP2: Take Profit 2 (+3R)
909,CSX,TP2,2022-08-10,20,31.664838952373227,170,30,220.51235494775256,7.405617303879507,TP2: Take Profit 2 (+3R)
910,CVS,TP2,2022-01-05,27,91.1586878150608,38,30,138.67451205829045,7.428394979026971,TP2: Take Profit 2 (+3R)
911,DBX,TP2,2023-07-26,72,25.243930544172013,221,30,347.6787512642995,11.64940231188917,TP2: Take Profit 2 (+3R)
912,DE,TP2,2020-12-18,43,248.0035690847405,22,30,218.19944522782305,7.91195926898626,TP2: Take Profit 2 (+3R)
913,DOV,TP2,2021-03-29,28,129.3068515980347,42,30,225.49377184892683,7.835438001905105,TP2: Take Profit 2 (+3R)
914,DOX,TP2,2021-03-15,40,72.32088633415147,74,30,213.2919113003208,7.184383092076486,TP2: Take Profit 2 (+3R)
915,DPZ,TP2,2019-02-07,21,264.0157041753672,13,30,177.4297687051095,10.62021162983243,TP2: Take Profit 2 (+3R)
916,DUK,TP2,2020-11-24,55,78.87148244063397,21,30,81.52926145557637,9.426126995710485,TP2: Take Profit 2 (+3R)
917,ED,TP2,2022-12-05,19,87.73408867473813,61,30,194.6844554741665,6.568871618165235,TP2: Take Profit 2 (+3R)
918,EGHT,TP2,2019-07-10,89,24.718572752816332,229,30,394.36444623129694,13.180277381487809,TP2: Take Profit 2 (+3R)
919,EME,TP2,2021-03-12,15,111.4400103763544,33,30,249.82887085678817,13.377492914807773,TP2: Take Profit 2 (+3R)
920,EOG,TP2,2020-01-06,21,66.42455812980353,85,30,379.7104580648835,12.908659041548676,TP2: Take Profit 2 (+3R)
921,EOG,TP2,2022-01-27,23,91.07618586554725,64,30,474.8477453859125,15.902217711094124,TP2: Take Profit 2 (+3R)
922,EQR,TP2,2019-03-12,54,57.70372771337213,93,30,210.84606122277197,7.116304348431739,TP2: Take Profit 2 (+3R)
923,EW,TP2,2020-08-25,39,79.6149959564209,67,30,220.19981384277344,7.428141007598922,TP2: Take Profit 2 (+3R)
924,FDX,TP2,2020-10-07,26,238.2097100950788,24,30,381.13674699516537,12.903272088570366,TP2: Take Profit 2 (+3R)
925,FFIV,TP2,2021-12-28,62,246.1450010027204,7,30,90.37499019077843,13.945466222777933,TP2: Take Profit 2 (+3R)
926,FISV,TP2,2019-02-08,17,84.85750007629395,64,30,253.3649101257324,8.527301990921616,TP2: Take Profit 2 (+3R)
927,GDDY,TP2,2020-06-01,26,77.78499603271484,71,30,326.96983337402344,11.121422903878347,TP2: Take Profit 2 (+3R)
928,GOLD,TP2,2021-09-30,21,25.785077450815333,69,30,166.41013936587493,18.68143719519306,TP2: Take Profit 2 (+3R)
929,GWW,TP2,2019-12-12,62,309.4349031593836,11,30,162.4769726672389,9.590570856672924,TP2: Take Profit 2 (+3R)
930,HLIT,TP2,2019-07-11,2,7.440714018685477,543,30,474.732049873897,24.42665543399625,TP2: Take Profit 2 (+3R)
931,HLT,TP2,2019-11-25,33,101.6567967324149,34,30,147.19721394517308,7.8049839228230224,TP2: Take Profit 2 (+3R)
932,HON,TP2,2021-04-15,36,195.8122574565081,27,30,220.75759391350448,7.580340414729379,TP2: Take Profit 2 (+3R)
933,HRB,TP2,2021-05-10,41,20.34352978756249,268,30,265.56352089281063,8.883502050003337,TP2: Take Profit 2 (+3R)
934,HWC,TP2,2022-08-10,22,44.66665077448536,121,30,234.8559724621648,7.878051527745882,TP2: Take Profit 2 (+3R)
935,HWM,TP2,2019-05-03,32,16.778454748887807,337,30,394.0120728373487,13.154626244163502,TP2: Take Profit 2 (+3R)
936,JEF,TP2,2022-08-03,15,27.94951416119281,199,30,329.37218434271085,10.991456516023616,TP2: Take Profit 2 (+3R)
937,LH,TP2,2021-05-05,42,225.4983393337525,16,30,179.82808684068667,9.722239854912033,TP2: Take Profit 2 (+3R)
938,LITE,TP2,2020-02-12,62,91.76106752668107,43,30,418.276718684605,22.29917235717832,TP2: Take Profit 2 (+3R)
939,LPLA,TP2,2019-11-29,28,88.3815705447413,41,30,204.4709865308223,10.667939931592487,TP2: Take Profit 2 (+3R)
940,LW,TP2,2019-08-27,62,61.51024013166612,88,30,238.81616299409896,8.068886908838682,TP2: Take Profit 2 (+3R)
941,MELI,TP2,2020-07-08,26,1002.5849609375,6,30,318.46490478515625,11.841969716436369,TP2: Take Profit 2 (+3R)
942,META,TP2,2020-08-26,26,285.19282589838525,13,30,232.97751261193892,13.212043579814615,TP2: Take Profit 2 (+3R)
943,MMSI,TP2,2020-01-10,35,34.48643248421805,172,30,545.3361756461004,18.34740290512448,TP2: Take Profit 2 (+3R)
944,NEE,TP2,2021-01-25,19,75.43369284595343,72,30,275.94050227589986,9.29810059824285,TP2: Take Profit 2 (+3R)
945,NEE,TP2,2022-08-17,20,81.66401453149705,65,30,193.1340011155918,6.4555256936318,TP2: Take Profit 2 (+3R)
946,NEOG,TP2,2019-09-11,50,37.28928565979004,99,30,261.9179439544678,13.513812456235492,TP2: Take Profit 2 (+3R)
947,NEWT,TP2,2021-05-18,6,21.97002181888504,78,30,121.2249083928328,13.630024804103783,TP2: Take Profit 2 (+3R)
948,NFLX,TP2,2020-02-12,56,37.37000465393066,156,30,491.9702625274658,16.490032795930357,TP2: Take Profit 2 (+3R)
949,NSIT,TP2,2022-11-25,17,104.71749877929688,33,30,151.95245361328125,8.268711184509236,TP2: Take Profit 2 (+3R)
950,NVDA,TP2,2020-02-19,9,7.71176539317186,764,30,534.3726185617867,17.826587220346145,TP2: Take Profit 2 (+3R)
951,NWBI,TP2,2022-08-09,14,11.641473684297036,460,30,213.2618400153956,7.109237740322478,TP2: Take Profit 2 (+3R)
952,NWS,TP2,2023-08-07,87,20.01379933357117,278,30,341.12366285303904,11.442621624970403,TP2: Take Profit 2 (+3R)
953,OMC,TP2,2022-01-13,30,66.81212434250392,80,30,221.25705388940696,7.410496955400069,TP2: Take Profit 2 (+3R)
954,PCH,TP2,2022-01-13,38,49.01690786697433,111,30,256.7966824649346,8.622201384452428,TP2: Take Profit 2 (+3R)
955,PCTY,TP2,2021-08-09,20,241.0482243129185,16,30,348.2839638846262,19.1243968579898,TP2: Take Profit 2 (+3R)
956,PFE,TP2,2020-07-22,9,27.99226507169101,195,30,270.71490041576635,9.0954174741284,TP2: Take Profit 2 (+3R)
957,PG,TP2,2019-03-12,48,84.4606145937179,40,30,105.5014665578235,5.490426284466573,TP2: Take Profit 2 (+3R)
958,PGR,TP2,2020-08-05,22,76.7544050020905,45,30,130.4208378274394,6.715979588411192,TP2: Take Profit 2 (+3R)
959,PM,TP2,2019-11-01,37,59.73914046904503,59,30,176.21941898005247,9.203738186994864,TP2: Take Profit 2 (+3R)
960,POWI,TP2,2023-01-09,63,74.9857965926958,48,30,231.53733267165444,12.39450105598873,TP2: Take Profit 2 (+3R)
961,PSA,TP2,2021-04-22,17,224.24069281574552,24,30,232.12943452785916,7.9845287412609585,TP2: Take Profit 2 (+3R)
962,PZZA,TP2,2021-08-11,34,107.39526877875956,53,30,411.641332629828,14.108844243124816,TP2: Take Profit 2 (+3R)
963,SBAC,TP2,2022-04-08,8,348.8282766379877,15,30,223.72173217352992,7.672916236675534,TP2: Take Profit 2 (+3R)
964,SBUX,TP2,2019-03-05,39,61.62508851960494,87,30,202.64811496371897,6.892250555370909,TP2: Take Profit 2 (+3R)
965,SBUX,TP2,2020-08-25,27,73.13607832815785,73,30,200.28471009076804,6.801839908947524,TP2: Take Profit 2 (+3R)
966,SCHW,TP2,2020-11-09,39,41.3261486233304,92,30,336.43690017428514,17.373440682557888,TP2: Take Profit 2 (+3R)
967,SIMO,TP2,2021-02-08,6,55.43674980019642,106,30,524.9687591408899,17.690329805606616,TP2: Take Profit 2 (+3R)
968,SLB,TP2,2022-01-13,10,32.25914849108639,112,30,215.65492498445585,11.270482726448758,TP2: Take Profit 2 (+3R)
969,SMCI,TP2,2019-04-22,28,2.1946425097329274,718,30,44.99631609235483,5.00682295985677,TP2: Take Profit 2 (+3R)
970,SNPS,TP2,2020-06-09,19,187.76750564575195,30,30,327.71750259399414,11.441331547330272,TP2: Take Profit 2 (+3R)
971,SWKS,TP2,2019-11-01,22,82.14428234672114,68,30,358.83037590009565,12.25957017776492,TP2: Take Profit 2 (+3R)
972,TEAM,TP2,2020-02-04,29,151.8014177594866,25,30,361.6712297712054,18.88277457676805,TP2: Take Profit 2 (+3R)
973,TGT,TP2,2020-12-28,40,152.9303663900429,10,30,46.24333115275744,5.307158086729364,TP2: Take Profit 2 (+3R)
974,TSLA,TP2,2021-10-22,25,296.8188214983259,19,30,363.35353306361634,12.52229229422494,TP2: Take Profit 2 (+3R)
975,UNH,TP2,2019-12-16,31,263.58819088156605,13,30,141.59711827545453,8.312030393767827,TP2: Take Profit 2 (+3R)
976,UNIT,TP2,2021-08-06,21,15.798144631945046,366,30,468.8969802126155,15.67747161326298,TP2: Take Profit 2 (+3R)
977,UPS,TP2,2019-04-01,60,87.7067140013812,62,30,278.92708168635835,9.403448025500266,TP2: Take Profit 2 (+3R)
978,UPS,TP2,2020-07-29,28,98.6824088218806,54,30,216.09342995642965,7.345760048951355,TP2: Take Profit 2 (+3R)
979,UTHR,TP2,2020-10-22,8,121.17999839782716,45,30,302.9399814605713,10.20370990066592,TP2: Take Profit 2 (+3R)
980,WCLD,TP2,2020-12-16,21,52.02849864959717,105,30,281.5153284072876,9.395494422368948,TP2: Take Profit 2 (+3R)
981,WFC,TP2,2021-05-11,27,40.77765636363899,86,30,165.05194640838144,8.620662865685997,TP2: Take Profit 2 (+3R)
982,WFC,TP2,2023-02-09,27,44.09809678971363,79,30,150.99303736727302,7.857601028511785,TP2: Take Profit 2 (+3R)
