ticker,entry_date,final_exit_date,entry_price,exit_price,total_shares,total_pnl,exit_phases,entry_signal,hold_days,r_multiple,return_pct,outcome_category,is_winner,was_stopped_out,hit_tp1,hit_tp2,had_runner
AAP,2018-07-18,2018-07-18,48.79999923706055,43.0,87.0,-504.5999336242676,STOP,MOMENTUM,0,0.0,-11.8852445240528,SMALL_WIN,False,True,False,False,False
AAPB,2018-07-18,2018-07-18,48.79999923706055,43.0,87.0,-504.5999336242676,STOP,MOMENTUM,0,0.0,-11.8852445240528,SMALL_WIN,False,True,False,False,False
AAPL,2018-07-18,2018-07-18,48.79999923706055,43.0,87.0,-504.5999336242676,STOP,MOMENTUM,0,0.0,-11.8852445240528,SMALL_WIN,False,True,False,False,False
AAUC,2024-08-05,2024-08-05,24.214208602905277,22.378969192504883,149.0,-273.4506721496582,STOP,MOMENTUM,0,0.0,-7.57918394318365,SMALL_WIN,False,True,False,False,False
AAUM,2024-08-05,2024-08-05,24.214208602905277,22.378969192504883,149.0,-273.4506721496582,STOP,MOMENTUM,0,0.0,-7.57918394318365,SMALL_WIN,False,True,False,False,False
ABCB,2023-11-08,2023-11-08,4.699999809265137,4.179999828338623,565.0,-293.7999892234802,STOP,MOMENTUM,0,0.0,-11.063829830406263,SMALL_WIN,False,True,False,False,False
ABCL,2023-11-08,2023-11-08,4.699999809265137,4.179999828338623,565.0,-293.7999892234802,STOP,MOMENTUM,0,0.0,-11.063829830406263,SMALL_WIN,False,True,False,False,False
ABCS,2023-11-08,2023-11-08,4.699999809265137,4.179999828338623,565.0,-293.7999892234802,STOP,MOMENTUM,0,0.0,-11.063829830406263,SMALL_WIN,False,True,False,False,False
ABEO,2023-11-08,2023-11-08,4.699999809265137,4.179999828338623,565.0,-293.7999892234802,STOP,MOMENTUM,0,0.0,-11.063829830406263,SMALL_WIN,False,True,False,False,False
ABEV,2021-11-03,2021-11-03,2.344315767288208,2.504504680633545,862.0,138.08284330368042,TP1,MOMENTUM,0,0.0,6.833077505196143,SMALL_WIN,True,False,True,False,False
ABEV,2021-12-01,2021-12-01,2.344315767288208,2.192812204360962,863.0,-130.74757480621338,STOP,MOMENTUM,0,0.0,-6.462591987021363,SMALL_WIN,False,True,False,False,False
ABFL,2021-11-03,2021-11-03,2.344315767288208,2.504504680633545,862.0,138.08284330368042,TP1,MOMENTUM,0,0.0,6.833077505196143,SMALL_WIN,True,False,True,False,False
ABFL,2021-12-01,2021-12-01,2.344315767288208,2.192812204360962,863.0,-130.74757480621338,STOP,MOMENTUM,0,0.0,-6.462591987021363,SMALL_WIN,False,True,False,False,False
ABG,2021-11-03,2021-11-03,2.344315767288208,2.504504680633545,862.0,138.08284330368042,TP1,MOMENTUM,0,0.0,6.833077505196143,SMALL_WIN,True,False,True,False,False
ABG,2021-12-01,2021-12-01,2.344315767288208,2.192812204360962,863.0,-130.74757480621338,STOP,MOMENTUM,0,0.0,-6.462591987021363,SMALL_WIN,False,True,False,False,False
ABVC,2019-06-12,2019-06-12,37.47041320800781,35.1639404296875,140.0,-322.9061889648437,STOP,MOMENTUM,0,0.0,-6.155450609835802,SMALL_WIN,False,True,False,False,False
ACA,2019-06-12,2019-06-12,37.47041320800781,35.1639404296875,140.0,-322.9061889648437,STOP,MOMENTUM,0,0.0,-6.155450609835802,SMALL_WIN,False,True,False,False,False
ACAD,2019-06-12,2019-06-12,37.47041320800781,35.1639404296875,140.0,-322.9061889648437,STOP,MOMENTUM,0,0.0,-6.155450609835802,SMALL_WIN,False,True,False,False,False
ACB,2019-06-12,2019-06-12,37.47041320800781,35.1639404296875,140.0,-322.9061889648437,STOP,MOMENTUM,0,0.0,-6.155450609835802,SMALL_WIN,False,True,False,False,False
ACCL,2019-12-10,2019-12-10,50.47999954223633,46.2599983215332,74.0,-312.28009033203125,STOP,MOMENTUM,0,0.0,-8.35974892823102,SMALL_WIN,False,True,False,False,False
ACFN,2022-04-05,2022-04-05,59.15810775756836,62.92184066772461,35.0,131.73065185546875,TP1,MOMENTUM,0,0.0,6.362159056168829,SMALL_WIN,True,False,True,False,False
ACFN,2022-04-11,2022-04-11,59.15810775756836,55.80441284179688,35.0,-117.37932205200195,STOP,MOMENTUM,0,0.0,-5.66903682841754,SMALL_WIN,False,True,False,False,False
ACGL,2022-04-05,2022-04-05,59.15810775756836,62.92184066772461,35.0,131.73065185546875,TP1,MOMENTUM,0,0.0,6.362159056168829,SMALL_WIN,True,False,True,False,False
ACGL,2022-04-11,2022-04-11,59.15810775756836,55.80441284179688,35.0,-117.37932205200195,STOP,MOMENTUM,0,0.0,-5.66903682841754,SMALL_WIN,False,True,False,False,False
ACGLO,2022-04-05,2022-04-05,59.15810775756836,62.92184066772461,35.0,131.73065185546875,TP1,MOMENTUM,0,0.0,6.362159056168829,SMALL_WIN,True,False,True,False,False
ACGLO,2022-04-11,2022-04-11,59.15810775756836,55.80441284179688,35.0,-117.37932205200195,STOP,MOMENTUM,0,0.0,-5.66903682841754,SMALL_WIN,False,True,False,False,False
ACH,2022-04-05,2022-04-05,59.15810775756836,62.92184066772461,35.0,131.73065185546875,TP1,MOMENTUM,0,0.0,6.362159056168829,SMALL_WIN,True,False,True,False,False
ACH,2022-04-11,2022-04-11,59.15810775756836,55.80441284179688,35.0,-117.37932205200195,STOP,MOMENTUM,0,0.0,-5.66903682841754,SMALL_WIN,False,True,False,False,False
ADBE,2023-05-26,2023-05-26,392.05999755859375,415.3900146484375,6.0,139.9801025390625,TP1,MOMENTUM,0,0.0,5.950624199133465,SMALL_WIN,True,False,True,False,False
ADBE,2023-05-30,2023-05-30,392.05999755859375,429.4474792480469,3.0,112.16244506835938,TP2,MOMENTUM,0,0.0,9.536163322519412,SMALL_WIN,True,False,False,True,False
ADBE,2023-07-06,2023-07-06,392.05999755859375,481.2900085449219,3.0,267.6900329589844,RUNNER,MOMENTUM,0,0.0,22.75927448400104,SMALL_WIN,True,False,False,False,True
ADBG,2023-05-26,2023-05-26,392.05999755859375,415.3900146484375,6.0,139.9801025390625,TP1,MOMENTUM,0,0.0,5.950624199133465,SMALL_WIN,True,False,True,False,False
ADBG,2023-05-30,2023-05-30,392.05999755859375,429.4474792480469,3.0,112.16244506835938,TP2,MOMENTUM,0,0.0,9.536163322519412,SMALL_WIN,True,False,False,True,False
ADBG,2023-07-06,2023-07-06,392.05999755859375,481.2900085449219,3.0,267.6900329589844,RUNNER,MOMENTUM,0,0.0,22.75927448400104,SMALL_WIN,True,False,False,False,True
ADM,2020-10-05,2020-10-05,19.40999984741211,21.32999992370605,98.0,188.16000747680664,TP1,MOMENTUM,0,0.0,9.891808817040946,SMALL_WIN,True,False,True,False,False
ADM,2020-10-21,2020-10-21,19.40999984741211,22.80674934387207,59.0,200.4082202911377,TP2,MOMENTUM,0,0.0,17.4999975433428,SMALL_WIN,True,False,False,True,False
ADM,2020-10-30,2020-10-30,19.40999984741211,21.21999931335449,40.0,72.39997863769531,RUNNER,MOMENTUM,0,0.0,9.325087481562788,SMALL_WIN,True,False,False,False,True
ADMA,2020-10-05,2020-10-05,19.40999984741211,21.32999992370605,98.0,188.16000747680664,TP1,MOMENTUM,0,0.0,9.891808817040946,SMALL_WIN,True,False,True,False,False
ADMA,2020-10-21,2020-10-21,19.40999984741211,22.80674934387207,59.0,200.4082202911377,TP2,MOMENTUM,0,0.0,17.4999975433428,SMALL_WIN,True,False,False,True,False
ADMA,2020-10-30,2020-10-30,19.40999984741211,21.21999931335449,40.0,72.39997863769531,RUNNER,MOMENTUM,0,0.0,9.325087481562788,SMALL_WIN,True,False,False,False,True
ADME,2020-10-05,2020-10-05,19.40999984741211,21.32999992370605,98.0,188.16000747680664,TP1,MOMENTUM,0,0.0,9.891808817040946,SMALL_WIN,True,False,True,False,False
ADME,2020-10-21,2020-10-21,19.40999984741211,22.80674934387207,59.0,200.4082202911377,TP2,MOMENTUM,0,0.0,17.4999975433428,SMALL_WIN,True,False,False,True,False
ADME,2020-10-30,2020-10-30,19.40999984741211,21.21999931335449,40.0,72.39997863769531,RUNNER,MOMENTUM,0,0.0,9.325087481562788,SMALL_WIN,True,False,False,False,True
ADNT,2020-10-05,2020-10-05,19.40999984741211,21.32999992370605,98.0,188.16000747680664,TP1,MOMENTUM,0,0.0,9.891808817040946,SMALL_WIN,True,False,True,False,False
ADNT,2020-10-21,2020-10-21,19.40999984741211,22.80674934387207,59.0,200.4082202911377,TP2,MOMENTUM,0,0.0,17.4999975433428,SMALL_WIN,True,False,False,True,False
ADNT,2020-10-30,2020-10-30,19.40999984741211,21.21999931335449,40.0,72.39997863769531,RUNNER,MOMENTUM,0,0.0,9.325087481562788,SMALL_WIN,True,False,False,False,True
ADP,2022-03-29,2022-03-29,198.184326171875,207.65550231933597,14.0,132.59646606445312,TP1,MOMENTUM,0,0.0,4.778973357987491,SMALL_WIN,True,False,True,False,False
ADP,2022-04-04,2022-04-04,198.184326171875,217.0990447998047,8.0,151.3177490234375,TP2,MOMENTUM,0,0.0,9.54400329899244,SMALL_WIN,True,False,False,True,False
ADP,2022-04-18,2022-04-18,198.184326171875,209.73252868652344,6.0,69.28921508789062,RUNNER,MOMENTUM,0,0.0,5.827000922683098,SMALL_WIN,True,False,False,False,True
ADPT,2022-03-29,2022-03-29,198.184326171875,207.65550231933597,14.0,132.59646606445312,TP1,MOMENTUM,0,0.0,4.778973357987491,SMALL_WIN,True,False,True,False,False
ADPT,2022-04-04,2022-04-04,198.184326171875,217.0990447998047,8.0,151.3177490234375,TP2,MOMENTUM,0,0.0,9.54400329899244,SMALL_WIN,True,False,False,True,False
ADPT,2022-04-18,2022-04-18,198.184326171875,209.73252868652344,6.0,69.28921508789062,RUNNER,MOMENTUM,0,0.0,5.827000922683098,SMALL_WIN,True,False,False,False,True
ADPV,2022-03-29,2022-03-29,198.184326171875,207.65550231933597,14.0,132.59646606445312,TP1,MOMENTUM,0,0.0,4.778973357987491,SMALL_WIN,True,False,True,False,False
ADPV,2022-04-04,2022-04-04,198.184326171875,217.0990447998047,8.0,151.3177490234375,TP2,MOMENTUM,0,0.0,9.54400329899244,SMALL_WIN,True,False,False,True,False
ADPV,2022-04-18,2022-04-18,198.184326171875,209.73252868652344,6.0,69.28921508789062,RUNNER,MOMENTUM,0,0.0,5.827000922683098,SMALL_WIN,True,False,False,False,True
ADS-DE,2022-03-29,2022-03-29,198.184326171875,207.65550231933597,14.0,132.59646606445312,TP1,MOMENTUM,0,0.0,4.778973357987491,SMALL_WIN,True,False,True,False,False
ADS-DE,2022-04-04,2022-04-04,198.184326171875,217.0990447998047,8.0,151.3177490234375,TP2,MOMENTUM,0,0.0,9.54400329899244,SMALL_WIN,True,False,False,True,False
ADS-DE,2022-04-18,2022-04-18,198.184326171875,209.73252868652344,6.0,69.28921508789062,RUNNER,MOMENTUM,0,0.0,5.827000922683098,SMALL_WIN,True,False,False,False,True
AEM,2023-05-11,2023-05-11,56.86787033081055,53.459564208984375,84.0,-286.29771423339844,STOP,MOMENTUM,0,0.0,-5.993377459010593,SMALL_WIN,False,True,False,False,False
AEON,2021-11-26,2021-11-26,25.48942756652832,23.73642349243164,141.0,-247.17357444763184,STOP,MOMENTUM,0,0.0,-6.8773771773464745,SMALL_WIN,False,True,False,False,False
AERO,2022-08-22,2022-08-22,47.709205627441406,45.36537551879883,96.0,-225.0076904296875,STOP,MOMENTUM,0,0.0,-4.912741844719487,SMALL_WIN,False,True,False,False,False
AERO,2023-03-06,2023-03-06,64.4556655883789,60.64562225341797,72.0,-274.3231201171875,STOP,MOMENTUM,0,0.0,-5.911106960390884,SMALL_WIN,False,True,False,False,False
AERT,2022-08-22,2022-08-22,47.709205627441406,45.36537551879883,96.0,-225.0076904296875,STOP,MOMENTUM,0,0.0,-4.912741844719487,SMALL_WIN,False,True,False,False,False
AERT,2023-03-06,2023-03-06,64.4556655883789,60.64562225341797,72.0,-274.3231201171875,STOP,MOMENTUM,0,0.0,-5.911106960390884,SMALL_WIN,False,True,False,False,False
AGL,2023-03-10,2023-03-10,24.46999931335449,22.84000015258789,136.0,-221.6798858642578,STOP,MOMENTUM,0,0.0,-6.661214575012392,SMALL_WIN,False,True,False,False,False
AGRW,2024-12-18,2024-12-18,141.74000549316406,129.19000244140625,28.0,-351.40008544921875,STOP,MOMENTUM,0,0.0,-8.854241967955252,SMALL_WIN,False,True,False,False,False
AGRZ,2024-12-18,2024-12-18,141.74000549316406,129.19000244140625,28.0,-351.40008544921875,STOP,MOMENTUM,0,0.0,-8.854241967955252,SMALL_WIN,False,True,False,False,False
AGX,2022-12-16,2022-12-16,70.4000015258789,80.69642639160156,15.0,154.44637298583984,TP2,MOMENTUM,0,0.0,14.625603185445543,SMALL_WIN,True,False,False,True,False
AGX,2022-12-19,2022-12-19,70.4000015258789,77.94999694824219,26.0,196.2998809814453,TP1,MOMENTUM,0,0.0,10.72442508341128,SMALL_WIN,True,False,True,False,False
AGX,2023-01-06,2023-01-06,70.4000015258789,76.36000061035156,11.0,65.55998992919922,RUNNER,MOMENTUM,0,0.0,8.465907606950509,SMALL_WIN,True,False,False,False,True
AGX,2024-12-18,2024-12-18,141.74000549316406,129.19000244140625,28.0,-351.40008544921875,STOP,MOMENTUM,0,0.0,-8.854241967955252,SMALL_WIN,False,True,False,False,False
AGYS,2022-12-16,2022-12-16,70.4000015258789,80.69642639160156,15.0,154.44637298583984,TP2,MOMENTUM,0,0.0,14.625603185445543,SMALL_WIN,True,False,False,True,False
AGYS,2022-12-19,2022-12-19,70.4000015258789,77.94999694824219,26.0,196.2998809814453,TP1,MOMENTUM,0,0.0,10.72442508341128,SMALL_WIN,True,False,True,False,False
AGYS,2023-01-06,2023-01-06,70.4000015258789,76.36000061035156,11.0,65.55998992919922,RUNNER,MOMENTUM,0,0.0,8.465907606950509,SMALL_WIN,True,False,False,False,True
AGYS,2024-12-18,2024-12-18,141.74000549316406,129.19000244140625,28.0,-351.40008544921875,STOP,MOMENTUM,0,0.0,-8.854241967955252,SMALL_WIN,False,True,False,False,False
AIXC,2023-04-24,2023-04-24,5.439110279083252,5.198559761047363,1002.0,-241.03161907196045,STOP,MOMENTUM,0,0.0,-4.42260784748113,SMALL_WIN,False,True,False,False,False
AIXI,2023-04-24,2023-04-24,5.439110279083252,5.198559761047363,1002.0,-241.03161907196045,STOP,MOMENTUM,0,0.0,-4.42260784748113,SMALL_WIN,False,True,False,False,False
AIZ,2023-04-24,2023-04-24,5.439110279083252,5.198559761047363,1002.0,-241.03161907196045,STOP,MOMENTUM,0,0.0,-4.42260784748113,SMALL_WIN,False,True,False,False,False
AIZN,2023-04-24,2023-04-24,5.439110279083252,5.198559761047363,1002.0,-241.03161907196045,STOP,MOMENTUM,0,0.0,-4.42260784748113,SMALL_WIN,False,True,False,False,False
AKAM,2022-04-21,2022-04-21,117.62000274658205,123.05750274658205,24.0,130.5,TP1,MOMENTUM,0,0.0,4.622938167851735,SMALL_WIN,True,False,True,False,False
AKAM,2022-04-29,2022-04-29,117.62000274658205,112.27999877929688,24.0,-128.16009521484375,STOP,MOMENTUM,0,0.0,-4.540047477120411,SMALL_WIN,False,True,False,False,False
AKBA,2022-04-21,2022-04-21,117.62000274658205,123.05750274658205,24.0,130.5,TP1,MOMENTUM,0,0.0,4.622938167851735,SMALL_WIN,True,False,True,False,False
AKBA,2022-04-29,2022-04-29,117.62000274658205,112.27999877929688,24.0,-128.16009521484375,STOP,MOMENTUM,0,0.0,-4.540047477120411,SMALL_WIN,False,True,False,False,False
AKO-A,2022-04-21,2022-04-21,117.62000274658205,123.05750274658205,24.0,130.5,TP1,MOMENTUM,0,0.0,4.622938167851735,SMALL_WIN,True,False,True,False,False
AKO-A,2022-04-29,2022-04-29,117.62000274658205,112.27999877929688,24.0,-128.16009521484375,STOP,MOMENTUM,0,0.0,-4.540047477120411,SMALL_WIN,False,True,False,False,False
AKO-B,2022-04-21,2022-04-21,117.62000274658205,123.05750274658205,24.0,130.5,TP1,MOMENTUM,0,0.0,4.622938167851735,SMALL_WIN,True,False,True,False,False
AKO-B,2022-04-29,2022-04-29,117.62000274658205,112.27999877929688,24.0,-128.16009521484375,STOP,MOMENTUM,0,0.0,-4.540047477120411,SMALL_WIN,False,True,False,False,False
ALEC,2021-11-01,2021-11-01,33.83000183105469,31.34000015258789,130.0,-323.7002182006836,STOP,MOMENTUM,0,0.0,-7.360335630195171,SMALL_WIN,False,True,False,False,False
ALEC,2022-12-15,2022-12-15,32.540000915527344,30.60660743713379,114.0,-220.40685653686523,STOP,MOMENTUM,0,0.0,-5.941590116769123,SMALL_WIN,False,True,False,False,False
ALEX,2021-11-01,2021-11-01,33.83000183105469,31.34000015258789,130.0,-323.7002182006836,STOP,MOMENTUM,0,0.0,-7.360335630195171,SMALL_WIN,False,True,False,False,False
ALEX,2022-12-15,2022-12-15,32.540000915527344,30.60660743713379,114.0,-220.40685653686523,STOP,MOMENTUM,0,0.0,-5.941590116769123,SMALL_WIN,False,True,False,False,False
ALG,2021-11-01,2021-11-01,33.83000183105469,31.34000015258789,130.0,-323.7002182006836,STOP,MOMENTUM,0,0.0,-7.360335630195171,SMALL_WIN,False,True,False,False,False
ALG,2022-12-15,2022-12-15,32.540000915527344,30.60660743713379,114.0,-220.40685653686523,STOP,MOMENTUM,0,0.0,-5.941590116769123,SMALL_WIN,False,True,False,False,False
ALGM,2021-11-01,2021-11-01,33.83000183105469,31.34000015258789,130.0,-323.7002182006836,STOP,MOMENTUM,0,0.0,-7.360335630195171,SMALL_WIN,False,True,False,False,False
ALGM,2022-12-15,2022-12-15,32.540000915527344,30.60660743713379,114.0,-220.40685653686523,STOP,MOMENTUM,0,0.0,-5.941590116769123,SMALL_WIN,False,True,False,False,False
ALIT,2023-03-01,2023-03-01,9.559303283691406,8.919468879699707,430.0,-275.12879371643066,STOP,MOMENTUM,0,0.0,-6.693316290982053,SMALL_WIN,False,True,False,False,False
ALK,2020-07-14,2020-07-14,20.09000015258789,18.748571395874023,198.0,-265.6028938293457,STOP,MOMENTUM,0,0.0,-6.677096797040448,SMALL_WIN,False,True,False,False,False
ALK,2023-03-01,2023-03-01,9.559303283691406,8.919468879699707,430.0,-275.12879371643066,STOP,MOMENTUM,0,0.0,-6.693316290982053,SMALL_WIN,False,True,False,False,False
ALKS,2020-07-14,2020-07-14,20.09000015258789,18.748571395874023,198.0,-265.6028938293457,STOP,MOMENTUM,0,0.0,-6.677096797040448,SMALL_WIN,False,True,False,False,False
ALKS,2023-03-01,2023-03-01,9.559303283691406,8.919468879699707,430.0,-275.12879371643066,STOP,MOMENTUM,0,0.0,-6.693316290982053,SMALL_WIN,False,True,False,False,False
ALKT,2023-03-01,2023-03-01,9.559303283691406,8.919468879699707,430.0,-275.12879371643066,STOP,MOMENTUM,0,0.0,-6.693316290982053,SMALL_WIN,False,True,False,False,False
ALL,2020-07-14,2020-07-14,20.09000015258789,18.748571395874023,198.0,-265.6028938293457,STOP,MOMENTUM,0,0.0,-6.677096797040448,SMALL_WIN,False,True,False,False,False
ALLE,2020-07-14,2020-07-14,20.09000015258789,18.748571395874023,198.0,-265.6028938293457,STOP,MOMENTUM,0,0.0,-6.677096797040448,SMALL_WIN,False,True,False,False,False
ALX,2018-10-12,2018-10-12,8.941008567810059,8.558302879333496,796.0,-304.6337280273437,STOP,MOMENTUM,0,0.0,-4.280341368359737,SMALL_WIN,False,True,False,False,False
AM,2018-10-12,2018-10-12,8.941008567810059,8.558302879333496,796.0,-304.6337280273437,STOP,MOMENTUM,0,0.0,-4.280341368359737,SMALL_WIN,False,True,False,False,False
AMAL,2018-10-12,2018-10-12,8.941008567810059,8.558302879333496,796.0,-304.6337280273437,STOP,MOMENTUM,0,0.0,-4.280341368359737,SMALL_WIN,False,True,False,False,False
AMAT,2018-10-12,2018-10-12,8.941008567810059,8.558302879333496,796.0,-304.6337280273437,STOP,MOMENTUM,0,0.0,-4.280341368359737,SMALL_WIN,False,True,False,False,False
AMBO,2020-08-25,2020-08-25,48.22999954223633,51.720001220703125,65.0,226.8501091003418,TP1,MOMENTUM,0,0.0,7.23616361515929,SMALL_WIN,True,False,True,False,False
AMBO,2020-08-26,2020-08-26,48.22999954223633,53.39696502685547,39.0,201.51165390014648,TP2,MOMENTUM,0,0.0,10.713177552685414,SMALL_WIN,True,False,False,True,False
AMBO,2020-09-08,2020-09-08,48.22999954223633,47.130001068115234,26.0,-28.59996032714844,RUNNER,MOMENTUM,0,0.0,-2.280734987687062,SMALL_WIN,False,False,False,False,True
AMBP,2020-08-25,2020-08-25,48.22999954223633,51.720001220703125,65.0,226.8501091003418,TP1,MOMENTUM,0,0.0,7.23616361515929,SMALL_WIN,True,False,True,False,False
AMBP,2020-08-26,2020-08-26,48.22999954223633,53.39696502685547,39.0,201.51165390014648,TP2,MOMENTUM,0,0.0,10.713177552685414,SMALL_WIN,True,False,False,True,False
AMBP,2020-09-08,2020-09-08,48.22999954223633,47.130001068115234,26.0,-28.59996032714844,RUNNER,MOMENTUM,0,0.0,-2.280734987687062,SMALL_WIN,False,False,False,False,True
AMBR,2020-08-25,2020-08-25,48.22999954223633,51.720001220703125,65.0,226.8501091003418,TP1,MOMENTUM,0,0.0,7.23616361515929,SMALL_WIN,True,False,True,False,False
AMBR,2020-08-26,2020-08-26,48.22999954223633,53.39696502685547,39.0,201.51165390014648,TP2,MOMENTUM,0,0.0,10.713177552685414,SMALL_WIN,True,False,False,True,False
AMBR,2020-09-08,2020-09-08,48.22999954223633,47.130001068115234,26.0,-28.59996032714844,RUNNER,MOMENTUM,0,0.0,-2.280734987687062,SMALL_WIN,False,False,False,False,True
AMLP,2024-01-17,2024-01-17,16.024999618530273,14.903249740600586,170.0,-190.69747924804688,STOP,MOMENTUM,0,0.0,-6.9999994048834075,SMALL_WIN,False,True,False,False,False
AMLX,2024-01-17,2024-01-17,16.024999618530273,14.903249740600586,170.0,-190.69747924804688,STOP,MOMENTUM,0,0.0,-6.9999994048834075,SMALL_WIN,False,True,False,False,False
AMN,2024-01-17,2024-01-17,16.024999618530273,14.903249740600586,170.0,-190.69747924804688,STOP,MOMENTUM,0,0.0,-6.9999994048834075,SMALL_WIN,False,True,False,False,False
AMOD,2024-01-17,2024-01-17,16.024999618530273,14.903249740600586,170.0,-190.69747924804688,STOP,MOMENTUM,0,0.0,-6.9999994048834075,SMALL_WIN,False,True,False,False,False
AOMR,2019-04-16,2019-04-16,30.479999542236328,29.02821350097656,190.0,-275.83934783935547,STOP,MOMENTUM,0,0.0,-4.763077634722456,SMALL_WIN,False,True,False,False,False
APOG,2024-09-12,2024-09-12,97.56999969482422,105.7245101928711,13.0,106.00863647460938,TP1,MOMENTUM,0,0.0,8.357600208621756,SMALL_WIN,True,False,True,False,False
APOG,2024-09-16,2024-09-16,97.56999969482422,116.25,7.0,130.76000213623047,TP2,MOMENTUM,0,0.0,19.145229438969338,SMALL_WIN,True,False,False,True,False
APOG,2024-12-09,2024-12-09,97.56999969482422,342.5400085449219,6.0,1469.820053100586,RUNNER,MOMENTUM,0,0.0,251.0710357859031,SMALL_WIN,True,False,False,False,True
APP,2024-09-12,2024-09-12,97.56999969482422,105.7245101928711,13.0,106.00863647460938,TP1,MOMENTUM,0,0.0,8.357600208621756,SMALL_WIN,True,False,True,False,False
APP,2024-09-16,2024-09-16,97.56999969482422,116.25,7.0,130.76000213623047,TP2,MOMENTUM,0,0.0,19.145229438969338,SMALL_WIN,True,False,False,True,False
APP,2024-12-09,2024-12-09,97.56999969482422,342.5400085449219,6.0,1469.820053100586,RUNNER,MOMENTUM,0,0.0,251.0710357859031,SMALL_WIN,True,False,False,False,True
APPF,2024-09-12,2024-09-12,97.56999969482422,105.7245101928711,13.0,106.00863647460938,TP1,MOMENTUM,0,0.0,8.357600208621756,SMALL_WIN,True,False,True,False,False
APPF,2024-09-16,2024-09-16,97.56999969482422,116.25,7.0,130.76000213623047,TP2,MOMENTUM,0,0.0,19.145229438969338,SMALL_WIN,True,False,False,True,False
APPF,2024-12-09,2024-12-09,97.56999969482422,342.5400085449219,6.0,1469.820053100586,RUNNER,MOMENTUM,0,0.0,251.0710357859031,SMALL_WIN,True,False,False,False,True
APPN,2024-09-12,2024-09-12,97.56999969482422,105.7245101928711,13.0,106.00863647460938,TP1,MOMENTUM,0,0.0,8.357600208621756,SMALL_WIN,True,False,True,False,False
APPN,2024-09-16,2024-09-16,97.56999969482422,116.25,7.0,130.76000213623047,TP2,MOMENTUM,0,0.0,19.145229438969338,SMALL_WIN,True,False,False,True,False
APPN,2024-12-09,2024-12-09,97.56999969482422,342.5400085449219,6.0,1469.820053100586,RUNNER,MOMENTUM,0,0.0,251.0710357859031,SMALL_WIN,True,False,False,False,True
ARHS,2021-02-03,2021-02-03,317.3999938964844,362.46588134765625,4.0,180.2635498046875,TP2,MOMENTUM,0,0.0,14.198452526079597,SMALL_WIN,True,False,False,True,False
ARHS,2021-02-04,2021-02-04,317.3999938964844,356.6400146484375,7.0,274.6801452636719,TP1,MOMENTUM,0,0.0,12.362955736146207,SMALL_WIN,True,False,True,False,False
ARHS,2021-02-23,2021-02-23,317.3999938964844,345.57000732421875,3.0,84.51004028320312,RUNNER,MOMENTUM,0,0.0,8.875240696104624,SMALL_WIN,True,False,False,False,True
ARI,2021-02-03,2021-02-03,317.3999938964844,362.46588134765625,4.0,180.2635498046875,TP2,MOMENTUM,0,0.0,14.198452526079597,SMALL_WIN,True,False,False,True,False
ARI,2021-02-04,2021-02-04,317.3999938964844,356.6400146484375,7.0,274.6801452636719,TP1,MOMENTUM,0,0.0,12.362955736146207,SMALL_WIN,True,False,True,False,False
ARI,2021-02-23,2021-02-23,317.3999938964844,345.57000732421875,3.0,84.51004028320312,RUNNER,MOMENTUM,0,0.0,8.875240696104624,SMALL_WIN,True,False,False,False,True
ARKF,2021-02-03,2021-02-03,317.3999938964844,362.46588134765625,4.0,180.2635498046875,TP2,MOMENTUM,0,0.0,14.198452526079597,SMALL_WIN,True,False,False,True,False
ARKF,2021-02-04,2021-02-04,317.3999938964844,356.6400146484375,7.0,274.6801452636719,TP1,MOMENTUM,0,0.0,12.362955736146207,SMALL_WIN,True,False,True,False,False
ARKF,2021-02-23,2021-02-23,317.3999938964844,345.57000732421875,3.0,84.51004028320312,RUNNER,MOMENTUM,0,0.0,8.875240696104624,SMALL_WIN,True,False,False,False,True
ARVN,2024-05-30,2024-05-30,35.95000076293945,32.2400016784668,74.0,-274.53993225097656,STOP,MOMENTUM,0,0.0,-10.319885968673644,SMALL_WIN,False,True,False,False,False
ARW,2024-05-30,2024-05-30,35.95000076293945,32.2400016784668,74.0,-274.53993225097656,STOP,MOMENTUM,0,0.0,-10.319885968673644,SMALL_WIN,False,True,False,False,False
ARWR,2024-05-30,2024-05-30,35.95000076293945,32.2400016784668,74.0,-274.53993225097656,STOP,MOMENTUM,0,0.0,-10.319885968673644,SMALL_WIN,False,True,False,False,False
ASA,2024-05-30,2024-05-30,35.95000076293945,32.2400016784668,74.0,-274.53993225097656,STOP,MOMENTUM,0,0.0,-10.319885968673644,SMALL_WIN,False,True,False,False,False
ATAI,2023-11-16,2023-11-16,18.756372451782227,17.67214584350586,171.0,-185.4027500152588,STOP,MOMENTUM,0,0.0,-5.780577300134302,SMALL_WIN,False,True,False,False,False
ATAI,2024-09-11,2024-09-11,17.90511131286621,19.177217483520508,94.0,119.5779800415039,TP1,MOMENTUM,0,0.0,7.104709646458271,SMALL_WIN,True,False,True,False,False
ATAI,2024-09-19,2024-09-19,17.90511131286621,20.78831672668457,56.0,161.45950317382812,TP2,MOMENTUM,0,0.0,16.102694719057975,SMALL_WIN,True,False,False,True,False
ATAI,2024-10-17,2024-10-17,17.90511131286621,25.464466094970703,38.0,287.2554817199707,RUNNER,MOMENTUM,0,0.0,42.21897674923981,SMALL_WIN,True,False,False,False,True
ATCH,2023-11-16,2023-11-16,18.756372451782227,17.67214584350586,171.0,-185.4027500152588,STOP,MOMENTUM,0,0.0,-5.780577300134302,SMALL_WIN,False,True,False,False,False
ATCH,2024-09-11,2024-09-11,17.90511131286621,19.177217483520508,94.0,119.5779800415039,TP1,MOMENTUM,0,0.0,7.104709646458271,SMALL_WIN,True,False,True,False,False
ATCH,2024-09-19,2024-09-19,17.90511131286621,20.78831672668457,56.0,161.45950317382812,TP2,MOMENTUM,0,0.0,16.102694719057975,SMALL_WIN,True,False,False,True,False
ATCH,2024-10-17,2024-10-17,17.90511131286621,25.464466094970703,38.0,287.2554817199707,RUNNER,MOMENTUM,0,0.0,42.21897674923981,SMALL_WIN,True,False,False,False,True
ATI,2022-01-07,2022-01-07,17.25,18.28392791748047,127.0,131.30884552001953,TP1,MOMENTUM,0,0.0,5.993785028872282,SMALL_WIN,True,False,True,False,False
ATI,2022-01-11,2022-01-11,17.25,19.32999992370605,76.0,158.07999420166016,TP2,MOMENTUM,0,0.0,12.057970572209014,SMALL_WIN,True,False,False,True,False
ATI,2022-01-25,2022-01-25,17.25,19.21999931335449,52.0,102.4399642944336,RUNNER,MOMENTUM,0,0.0,11.420285874518795,SMALL_WIN,True,False,False,False,True
ATLO,2022-01-07,2022-01-07,17.25,18.28392791748047,127.0,131.30884552001953,TP1,MOMENTUM,0,0.0,5.993785028872282,SMALL_WIN,True,False,True,False,False
ATLO,2022-01-11,2022-01-11,17.25,19.32999992370605,76.0,158.07999420166016,TP2,MOMENTUM,0,0.0,12.057970572209014,SMALL_WIN,True,False,False,True,False
ATLO,2022-01-25,2022-01-25,17.25,19.21999931335449,52.0,102.4399642944336,RUNNER,MOMENTUM,0,0.0,11.420285874518795,SMALL_WIN,True,False,False,False,True
AU,2023-05-05,2023-05-05,27.00760269165039,25.751989364624023,149.0,-187.0863857269287,STOP,MOMENTUM,0,0.0,-4.649110627706878,SMALL_WIN,False,True,False,False,False
AUGZ,2020-05-01,2020-05-01,17.239999771118164,15.6899995803833,217.0,-336.35004138946533,STOP,MOMENTUM,0,0.0,-8.990720483253998,SMALL_WIN,False,True,False,False,False
AUID,2020-05-01,2020-05-01,17.239999771118164,15.6899995803833,217.0,-336.35004138946533,STOP,MOMENTUM,0,0.0,-8.990720483253998,SMALL_WIN,False,True,False,False,False
AUPH,2020-05-01,2020-05-01,17.239999771118164,15.6899995803833,217.0,-336.35004138946533,STOP,MOMENTUM,0,0.0,-8.990720483253998,SMALL_WIN,False,True,False,False,False
AUSF,2020-05-01,2020-05-01,17.239999771118164,15.6899995803833,217.0,-336.35004138946533,STOP,MOMENTUM,0,0.0,-8.990720483253998,SMALL_WIN,False,True,False,False,False
AVGO,2023-09-01,2023-09-01,89.34725952148438,84.47081756591797,48.0,-234.0692138671875,STOP,MOMENTUM,0,0.0,-5.457852856017168,SMALL_WIN,False,True,False,False,False
AVGO,2023-12-12,2023-12-12,100.18595123291016,105.03412628173828,24.0,116.356201171875,TP1,MOMENTUM,0,0.0,4.839176540388573,SMALL_WIN,True,False,True,False,False
AVGO,2023-12-15,2023-12-15,100.18595123291016,109.96858978271484,14.0,136.95693969726562,TP2,MOMENTUM,0,0.0,9.764481376298178,SMALL_WIN,True,False,False,True,False
AVGO,2024-01-03,2024-01-03,100.18595123291016,103.51570129394534,10.0,33.29750061035156,RUNNER,MOMENTUM,0,0.0,3.3235698419374433,SMALL_WIN,True,False,False,False,True
AXL,2021-11-04,2021-11-04,48.34441757202149,46.53546142578125,122.0,-220.6926498413086,STOP,MOMENTUM,0,0.0,-3.74180978299165,SMALL_WIN,False,True,False,False,False
AXON,2023-08-31,2023-08-31,200.44000244140625,212.91000366210932,10.0,124.70001220703124,TP1,MOMENTUM,0,0.0,6.221313644390134,SMALL_WIN,True,False,True,False,False
AXON,2023-09-26,2023-09-26,200.44000244140625,189.6100006103516,10.0,-108.30001831054688,STOP,MOMENTUM,0,0.0,-5.403113998774059,SMALL_WIN,False,True,False,False,False
AXON,2023-11-09,2023-11-09,229.5800018310547,215.6999969482422,19.0,-263.7200927734375,STOP,MOMENTUM,0,0.0,-6.0458248854909575,SMALL_WIN,False,True,False,False,False
AXR,2021-11-04,2021-11-04,48.34441757202149,46.53546142578125,122.0,-220.6926498413086,STOP,MOMENTUM,0,0.0,-3.74180978299165,SMALL_WIN,False,True,False,False,False
AXS,2021-11-04,2021-11-04,48.34441757202149,46.53546142578125,122.0,-220.6926498413086,STOP,MOMENTUM,0,0.0,-3.74180978299165,SMALL_WIN,False,True,False,False,False
B,2020-02-21,2020-02-21,17.79233169555664,18.619050979614254,202.0,166.99729537963867,TP1,MOMENTUM,0,0.0,4.646492085486904,SMALL_WIN,True,False,True,False,False
B,2020-02-24,2020-02-24,17.79233169555664,19.445772171020508,121.0,200.06629753112796,TP2,MOMENTUM,0,0.0,9.292994891033809,SMALL_WIN,True,False,False,True,False
B,2020-02-27,2020-02-27,17.79233169555664,17.130956649780273,82.0,-54.23275375366211,STOP,MOMENTUM,0,0.0,-3.7171915243775238,SMALL_WIN,False,True,False,False,False
BALL,2023-02-06,2023-02-06,58.350982666015625,55.78512954711914,84.0,-215.5316619873047,STOP,MOMENTUM,0,0.0,-4.397274907232831,SMALL_WIN,False,True,False,False,False
BHF,2018-09-24,2018-09-24,46.2400016784668,44.44107437133789,162.0,-291.4262237548828,STOP,MOMENTUM,0,0.0,-3.890413585271639,SMALL_WIN,False,True,False,False,False
BIDU,2021-10-20,2021-10-20,171.0399932861328,181.01632690429688,13.0,129.6923370361328,TP1,MOMENTUM,0,0.0,5.832749070256717,SMALL_WIN,True,False,True,False,False
BIDU,2021-10-29,2021-10-29,171.0399932861328,162.24000549316406,14.0,-123.1998291015625,STOP,MOMENTUM,0,0.0,-5.1449883877434734,SMALL_WIN,False,True,False,False,False
BLDR,2019-10-22,2019-10-22,22.440000534057617,23.481964111328125,155.0,161.5043544769287,TP1,MOMENTUM,0,0.0,4.6433313390037565,SMALL_WIN,True,False,True,False,False
BLDR,2019-11-19,2019-11-19,24.299999237060547,25.605802536010746,126.0,164.5312156677246,TP1,MOMENTUM,0,0.0,5.3736762960826825,SMALL_WIN,True,False,True,False,False
BLDR,2020-01-13,2020-01-13,24.299999237060547,26.911605834960938,76.0,198.4821014404297,TP2,MOMENTUM,0,0.0,10.747352592165365,SMALL_WIN,True,False,False,True,False
BLDR,2020-01-29,2020-01-29,24.299999237060547,26.36000061035156,51.0,105.0600700378418,RUNNER,MOMENTUM,0,0.0,8.477372172708776,SMALL_WIN,True,False,False,False,True
BLDR,2021-12-23,2021-12-23,76.0,82.1500015258789,23.0,141.45003509521484,TP1,MOMENTUM,0,0.0,8.092107270893298,SMALL_WIN,True,False,True,False,False
BLDR,2022-01-20,2022-01-20,76.0,69.73999786376953,23.0,-143.98004913330078,STOP,MOMENTUM,0,0.0,-8.236844916092723,SMALL_WIN,False,True,False,False,False
BWA,2019-11-04,2019-11-04,33.32925796508789,36.2239875793457,91.0,263.42039489746094,TP1,MOMENTUM,0,0.0,8.685250710621931,SMALL_WIN,True,False,True,False,False
BWA,2019-11-07,2019-11-07,33.32925796508789,36.92767333984375,54.0,194.3144302368164,TP2,MOMENTUM,0,0.0,10.796566123749795,SMALL_WIN,True,False,False,True,False
BWA,2019-11-20,2019-11-20,33.32925796508789,33.60114669799805,37.0,10.05988311767578,RUNNER,MOMENTUM,0,0.0,0.8157659351281007,SMALL_WIN,True,False,False,False,True
BWA,2021-01-28,2021-01-28,36.75108337402344,34.71299362182617,151.0,-307.7515525817871,STOP,MOMENTUM,0,0.0,-5.54565897134297,SMALL_WIN,False,True,False,False,False
BWA,2024-08-02,2024-08-02,34.561866760253906,32.339969635009766,104.0,-231.07730102539065,STOP,MOMENTUM,0,0.0,-6.428753228686476,SMALL_WIN,False,True,False,False,False
BX,2023-04-25,2023-04-25,84.33550262451172,79.66248321533203,50.0,-233.6509704589844,STOP,MOMENTUM,0,0.0,-5.540987204387037,SMALL_WIN,False,True,False,False,False
BX,2023-07-14,2023-07-14,91.62190246582033,96.79525756835938,27.0,139.6805877685547,TP1,MOMENTUM,0,0.0,5.646417464938571,SMALL_WIN,True,False,True,False,False
BX,2023-07-19,2023-07-19,91.62190246582033,100.64733123779295,16.0,144.4068603515625,TP2,MOMENTUM,0,0.0,9.850732771391213,SMALL_WIN,True,False,False,True,False
BX,2023-08-04,2023-08-04,91.62190246582033,96.32244873046876,12.0,56.40655517578125,RUNNER,MOMENTUM,0,0.0,5.130374002441155,SMALL_WIN,True,False,False,False,True
CAH,2022-04-08,2022-04-08,52.60543823242188,57.32690048217773,52.0,245.5160369873047,TP1,MOMENTUM,0,0.0,8.975236037185825,SMALL_WIN,True,False,True,False,False
CAH,2022-04-11,2022-04-11,52.60543823242188,57.640132904052734,31.0,156.07553482055664,TP2,MOMENTUM,0,0.0,9.570673376745804,SMALL_WIN,True,False,False,True,False
CAH,2022-04-27,2022-04-27,52.60543823242188,55.40982818603516,22.0,61.69657897949219,RUNNER,MOMENTUM,0,0.0,5.33098867311569,SMALL_WIN,True,False,False,False,True
CAR,2020-01-23,2020-01-23,33.77631378173828,32.39594268798828,191.0,-263.65087890625,STOP,MOMENTUM,0,0.0,-4.086802078728675,SMALL_WIN,False,True,False,False,False
CAR,2021-09-23,2021-09-23,93.86109924316406,102.73509979248048,16.0,141.9840087890625,TP1,MOMENTUM,0,0.0,9.454396572031094,SMALL_WIN,True,False,True,False,False
CAR,2021-09-27,2021-09-27,93.86109924316406,114.1648941040039,9.0,182.7341537475586,TP2,MOMENTUM,0,0.0,21.631746298047513,SMALL_WIN,True,False,False,True,False
CAR,2021-11-09,2021-11-09,93.86109924316406,237.2227783203125,7.0,1003.5317535400392,RUNNER,MOMENTUM,0,0.0,152.7381207263983,SMALL_WIN,True,False,False,False,True
CARE,2021-09-23,2021-09-23,93.86109924316406,102.73509979248048,16.0,141.9840087890625,TP1,MOMENTUM,0,0.0,9.454396572031094,SMALL_WIN,True,False,True,False,False
CARE,2021-09-27,2021-09-27,93.86109924316406,114.1648941040039,9.0,182.7341537475586,TP2,MOMENTUM,0,0.0,21.631746298047513,SMALL_WIN,True,False,False,True,False
CARE,2021-11-09,2021-11-09,93.86109924316406,237.2227783203125,7.0,1003.5317535400392,RUNNER,MOMENTUM,0,0.0,152.7381207263983,SMALL_WIN,True,False,False,False,True
CARG,2021-09-23,2021-09-23,93.86109924316406,102.73509979248048,16.0,141.9840087890625,TP1,MOMENTUM,0,0.0,9.454396572031094,SMALL_WIN,True,False,True,False,False
CARG,2021-09-27,2021-09-27,93.86109924316406,114.1648941040039,9.0,182.7341537475586,TP2,MOMENTUM,0,0.0,21.631746298047513,SMALL_WIN,True,False,False,True,False
CARG,2021-11-09,2021-11-09,93.86109924316406,237.2227783203125,7.0,1003.5317535400392,RUNNER,MOMENTUM,0,0.0,152.7381207263983,SMALL_WIN,True,False,False,False,True
CARY,2021-09-23,2021-09-23,93.86109924316406,102.73509979248048,16.0,141.9840087890625,TP1,MOMENTUM,0,0.0,9.454396572031094,SMALL_WIN,True,False,True,False,False
CARY,2021-09-27,2021-09-27,93.86109924316406,114.1648941040039,9.0,182.7341537475586,TP2,MOMENTUM,0,0.0,21.631746298047513,SMALL_WIN,True,False,False,True,False
CARY,2021-11-09,2021-11-09,93.86109924316406,237.2227783203125,7.0,1003.5317535400392,RUNNER,MOMENTUM,0,0.0,152.7381207263983,SMALL_WIN,True,False,False,False,True
CB,2020-11-03,2020-11-03,118.8744888305664,125.4198760986328,27.0,176.72545623779297,TP1,MOMENTUM,0,0.0,5.50613284015517,SMALL_WIN,True,False,True,False,False
CB,2020-11-09,2020-11-09,118.8744888305664,136.26712036132812,16.0,278.2821044921875,TP2,MOMENTUM,0,0.0,14.631088387308818,SMALL_WIN,True,False,False,True,False
CB,2020-12-14,2020-12-14,118.8744888305664,139.86431884765625,12.0,251.87796020507807,RUNNER,MOMENTUM,0,0.0,17.657135877998986,SMALL_WIN,True,False,False,False,True
CCL,2024-05-23,2024-05-23,16.09000015258789,14.779999732971191,291.0,-381.2101221084595,STOP,MOMENTUM,0,0.0,-8.141705451792683,SMALL_WIN,False,True,False,False,False
CCL,2024-10-15,2024-10-15,20.200000762939453,21.69598197937012,76.0,113.69457244873048,TP1,MOMENTUM,0,0.0,7.405847326378876,SMALL_WIN,True,False,True,False,False
CCL,2024-11-06,2024-11-06,20.200000762939453,24.229999542236328,45.0,181.34994506835935,TP2,MOMENTUM,0,0.0,19.9504882529046,SMALL_WIN,True,False,False,True,False
CCL,2024-12-17,2024-12-17,20.200000762939453,25.71999931335449,31.0,171.1199550628662,RUNNER,MOMENTUM,0,0.0,27.32672446499345,SMALL_WIN,True,False,False,False,True
CENT,2018-03-26,2018-03-26,31.631999969482425,30.22028541564941,212.0,-299.28348541259766,STOP,MOMENTUM,0,0.0,-4.462931699528914,SMALL_WIN,False,True,False,False,False
CENT,2020-05-18,2020-05-18,25.600000381469727,27.25107192993164,97.0,160.15394020080566,TP1,MOMENTUM,0,0.0,6.449498140074341,SMALL_WIN,True,False,True,False,False
CENT,2020-08-03,2020-08-03,25.600000381469727,29.1200008392334,58.0,204.16002655029297,TP2,MOMENTUM,0,0.0,13.750001583248354,SMALL_WIN,True,False,False,True,False
CENT,2020-08-28,2020-08-28,25.600000381469727,30.288000106811523,39.0,182.83198928833008,RUNNER,MOMENTUM,0,0.0,18.312498654238897,SMALL_WIN,True,False,False,False,True
CENTA,2018-03-26,2018-03-26,31.631999969482425,30.22028541564941,212.0,-299.28348541259766,STOP,MOMENTUM,0,0.0,-4.462931699528914,SMALL_WIN,False,True,False,False,False
CENTA,2020-05-18,2020-05-18,25.600000381469727,27.25107192993164,97.0,160.15394020080566,TP1,MOMENTUM,0,0.0,6.449498140074341,SMALL_WIN,True,False,True,False,False
CENTA,2020-08-03,2020-08-03,25.600000381469727,29.1200008392334,58.0,204.16002655029297,TP2,MOMENTUM,0,0.0,13.750001583248354,SMALL_WIN,True,False,False,True,False
CENTA,2020-08-28,2020-08-28,25.600000381469727,30.288000106811523,39.0,182.83198928833008,RUNNER,MOMENTUM,0,0.0,18.312498654238897,SMALL_WIN,True,False,False,False,True
CENX,2018-03-26,2018-03-26,31.631999969482425,30.22028541564941,212.0,-299.28348541259766,STOP,MOMENTUM,0,0.0,-4.462931699528914,SMALL_WIN,False,True,False,False,False
CENX,2020-05-18,2020-05-18,25.600000381469727,27.25107192993164,97.0,160.15394020080566,TP1,MOMENTUM,0,0.0,6.449498140074341,SMALL_WIN,True,False,True,False,False
CENX,2020-08-03,2020-08-03,25.600000381469727,29.1200008392334,58.0,204.16002655029297,TP2,MOMENTUM,0,0.0,13.750001583248354,SMALL_WIN,True,False,False,True,False
CENX,2020-08-28,2020-08-28,25.600000381469727,30.288000106811523,39.0,182.83198928833008,RUNNER,MOMENTUM,0,0.0,18.312498654238897,SMALL_WIN,True,False,False,False,True
CERS,2018-03-26,2018-03-26,31.631999969482425,30.22028541564941,212.0,-299.28348541259766,STOP,MOMENTUM,0,0.0,-4.462931699528914,SMALL_WIN,False,True,False,False,False
CERS,2020-05-18,2020-05-18,25.600000381469727,27.25107192993164,97.0,160.15394020080566,TP1,MOMENTUM,0,0.0,6.449498140074341,SMALL_WIN,True,False,True,False,False
CERS,2020-08-03,2020-08-03,25.600000381469727,29.1200008392334,58.0,204.16002655029297,TP2,MOMENTUM,0,0.0,13.750001583248354,SMALL_WIN,True,False,False,True,False
CERS,2020-08-28,2020-08-28,25.600000381469727,30.288000106811523,39.0,182.83198928833008,RUNNER,MOMENTUM,0,0.0,18.312498654238897,SMALL_WIN,True,False,False,False,True
CERT,2023-12-08,2023-12-08,15.630000114440918,16.550758361816406,127.0,116.936297416687,TP1,MOMENTUM,0,0.0,5.890967630414656,SMALL_WIN,True,False,True,False,False
CERT,2023-12-19,2023-12-19,15.630000114440918,17.549999237060547,76.0,145.9199333190918,TP2,MOMENTUM,0,0.0,12.284063394508216,SMALL_WIN,True,False,False,True,False
CERT,2024-01-03,2024-01-03,15.630000114440918,16.329999923706055,52.0,36.39999008178711,RUNNER,MOMENTUM,0,0.0,4.47856560550112,SMALL_WIN,True,False,False,False,True
CF,2021-09-20,2021-09-20,44.787540435791016,42.799354553222656,107.0,-212.73588943481445,STOP,MOMENTUM,0,0.0,-4.43914951172345,SMALL_WIN,False,True,False,False,False
CFLT,2024-05-13,2024-05-13,31.3799991607666,29.35221290588379,92.0,-186.55633544921875,STOP,MOMENTUM,0,0.0,-6.462034127196817,SMALL_WIN,False,True,False,False,False
CHRW,2023-02-21,2023-02-21,96.79360961914062,92.1825180053711,47.0,-216.721305847168,STOP,MOMENTUM,0,0.0,-4.763838885555626,SMALL_WIN,False,True,False,False,False
CHTR,2023-05-04,2023-05-04,368.7000122070313,348.7799987792969,10.0,-199.20013427734372,STOP,MOMENTUM,0,0.0,-5.402769939847181,SMALL_WIN,False,True,False,False,False
CI,2024-02-02,2024-02-02,291.10418701171875,312.1872253417969,6.0,126.49822998046876,TP1,MOMENTUM,0,0.0,7.242437337127481,SMALL_WIN,True,False,True,False,False
CI,2024-02-12,2024-02-12,291.10418701171875,325.3448791503906,4.0,136.9627685546875,TP2,MOMENTUM,0,0.0,11.762349586986007,SMALL_WIN,True,False,False,True,False
CI,2024-02-29,2024-02-29,291.10418701171875,324.044677734375,3.0,98.82147216796876,RUNNER,MOMENTUM,0,0.0,11.315704889304872,SMALL_WIN,True,False,False,False,True
CINF,2022-11-01,2022-11-01,95.02974700927734,90.82775115966795,53.0,-222.70578002929688,STOP,MOMENTUM,0,0.0,-4.421768953251188,SMALL_WIN,False,True,False,False,False
CLBK,2024-07-23,2024-07-23,12.789999961853027,13.539999961853027,176.0,132.0,TP1,MOMENTUM,0,0.0,5.863956233283204,SMALL_WIN,True,False,True,False,False
CLBK,2024-07-26,2024-07-26,12.789999961853027,14.042231559753418,105.0,131.48431777954102,TP2,MOMENTUM,0,0.0,9.790708378696243,SMALL_WIN,True,False,False,True,False
CLBK,2024-08-02,2024-08-02,12.789999961853027,12.979999542236328,71.0,13.489970207214355,RUNNER,MOMENTUM,0,0.0,1.4855322982797996,SMALL_WIN,True,False,False,False,True
CLBT,2024-07-23,2024-07-23,12.789999961853027,13.539999961853027,176.0,132.0,TP1,MOMENTUM,0,0.0,5.863956233283204,SMALL_WIN,True,False,True,False,False
CLBT,2024-07-26,2024-07-26,12.789999961853027,14.042231559753418,105.0,131.48431777954102,TP2,MOMENTUM,0,0.0,9.790708378696243,SMALL_WIN,True,False,False,True,False
CLBT,2024-08-02,2024-08-02,12.789999961853027,12.979999542236328,71.0,13.489970207214355,RUNNER,MOMENTUM,0,0.0,1.4855322982797996,SMALL_WIN,True,False,False,False,True
CLDX,2024-07-23,2024-07-23,12.789999961853027,13.539999961853027,176.0,132.0,TP1,MOMENTUM,0,0.0,5.863956233283204,SMALL_WIN,True,False,True,False,False
CLDX,2024-07-26,2024-07-26,12.789999961853027,14.042231559753418,105.0,131.48431777954102,TP2,MOMENTUM,0,0.0,9.790708378696243,SMALL_WIN,True,False,False,True,False
CLDX,2024-08-02,2024-08-02,12.789999961853027,12.979999542236328,71.0,13.489970207214355,RUNNER,MOMENTUM,0,0.0,1.4855322982797996,SMALL_WIN,True,False,False,False,True
CLFD,2024-07-23,2024-07-23,12.789999961853027,13.539999961853027,176.0,132.0,TP1,MOMENTUM,0,0.0,5.863956233283204,SMALL_WIN,True,False,True,False,False
CLFD,2024-07-26,2024-07-26,12.789999961853027,14.042231559753418,105.0,131.48431777954102,TP2,MOMENTUM,0,0.0,9.790708378696243,SMALL_WIN,True,False,False,True,False
CLFD,2024-08-02,2024-08-02,12.789999961853027,12.979999542236328,71.0,13.489970207214355,RUNNER,MOMENTUM,0,0.0,1.4855322982797996,SMALL_WIN,True,False,False,False,True
CMA,2022-08-11,2022-08-11,66.32097625732422,70.66248321533203,32.0,138.92822265625,TP1,MOMENTUM,0,0.0,6.546204840475873,SMALL_WIN,True,False,True,False,False
CMA,2022-09-23,2022-09-23,66.32097625732422,62.80169296264647,33.0,-116.13634872436523,STOP,MOMENTUM,0,0.0,-5.30644072702274,SMALL_WIN,False,True,False,False,False
CMCO,2024-02-15,2024-02-15,40.1835823059082,42.99089813232422,50.0,140.36579132080078,TP1,MOMENTUM,0,0.0,6.986225879625609,SMALL_WIN,True,False,True,False,False
CMCO,2024-05-20,2024-05-20,40.1835823059082,44.86711120605469,30.0,140.50586700439453,TP2,MOMENTUM,0,0.0,11.65532944398007,SMALL_WIN,True,False,False,True,False
CMCO,2024-05-28,2024-05-28,40.1835823059082,43.05400466918945,21.0,60.27886962890625,RUNNER,MOMENTUM,0,0.0,7.143271452080595,SMALL_WIN,True,False,False,False,True
CMCT,2024-02-15,2024-02-15,40.1835823059082,42.99089813232422,50.0,140.36579132080078,TP1,MOMENTUM,0,0.0,6.986225879625609,SMALL_WIN,True,False,True,False,False
CMCT,2024-05-20,2024-05-20,40.1835823059082,44.86711120605469,30.0,140.50586700439453,TP2,MOMENTUM,0,0.0,11.65532944398007,SMALL_WIN,True,False,False,True,False
CMCT,2024-05-28,2024-05-28,40.1835823059082,43.05400466918945,21.0,60.27886962890625,RUNNER,MOMENTUM,0,0.0,7.143271452080595,SMALL_WIN,True,False,False,False,True
CMI,2021-07-13,2021-07-13,70.04000091552734,62.400001525878906,54.0,-412.5599670410156,STOP,MOMENTUM,0,0.0,-10.908051527387554,SMALL_WIN,False,True,False,False,False
CMMB,2024-02-15,2024-02-15,40.1835823059082,42.99089813232422,50.0,140.36579132080078,TP1,MOMENTUM,0,0.0,6.986225879625609,SMALL_WIN,True,False,True,False,False
CMMB,2024-05-20,2024-05-20,40.1835823059082,44.86711120605469,30.0,140.50586700439453,TP2,MOMENTUM,0,0.0,11.65532944398007,SMALL_WIN,True,False,False,True,False
CMMB,2024-05-28,2024-05-28,40.1835823059082,43.05400466918945,21.0,60.27886962890625,RUNNER,MOMENTUM,0,0.0,7.143271452080595,SMALL_WIN,True,False,False,False,True
CMPR,2024-02-15,2024-02-15,40.1835823059082,42.99089813232422,50.0,140.36579132080078,TP1,MOMENTUM,0,0.0,6.986225879625609,SMALL_WIN,True,False,True,False,False
CMPR,2024-05-20,2024-05-20,40.1835823059082,44.86711120605469,30.0,140.50586700439453,TP2,MOMENTUM,0,0.0,11.65532944398007,SMALL_WIN,True,False,False,True,False
CMPR,2024-05-28,2024-05-28,40.1835823059082,43.05400466918945,21.0,60.27886962890625,RUNNER,MOMENTUM,0,0.0,7.143271452080595,SMALL_WIN,True,False,False,False,True
CMPS,2021-07-13,2021-07-13,70.04000091552734,62.400001525878906,54.0,-412.5599670410156,STOP,MOMENTUM,0,0.0,-10.908051527387554,SMALL_WIN,False,True,False,False,False
CMRC,2021-07-13,2021-07-13,70.04000091552734,62.400001525878906,54.0,-412.5599670410156,STOP,MOMENTUM,0,0.0,-10.908051527387554,SMALL_WIN,False,True,False,False,False
CMTL,2021-07-13,2021-07-13,70.04000091552734,62.400001525878906,54.0,-412.5599670410156,STOP,MOMENTUM,0,0.0,-10.908051527387554,SMALL_WIN,False,True,False,False,False
CNC,2024-07-31,2024-07-31,73.0999984741211,77.41651916503906,26.0,112.2295379638672,TP1,MOMENTUM,0,0.0,5.904953188810403,SMALL_WIN,True,False,True,False,False
CNC,2024-10-15,2024-10-15,73.0999984741211,68.4800033569336,26.0,-120.119873046875,STOP,MOMENTUM,0,0.0,-6.320102891415344,SMALL_WIN,False,True,False,False,False
CNDT,2021-07-13,2021-07-13,70.04000091552734,62.400001525878906,54.0,-412.5599670410156,STOP,MOMENTUM,0,0.0,-10.908051527387554,SMALL_WIN,False,True,False,False,False
CNX,2019-07-31,2019-07-31,7.820000171661377,8.504250526428223,252.0,172.43108940124512,TP1,MOMENTUM,0,0.0,8.750004344583987,SMALL_WIN,True,False,True,False,False
CNX,2019-08-01,2019-08-01,7.820000171661377,7.25,253.0,-144.21004343032837,STOP,MOMENTUM,0,0.0,-7.289004592697842,SMALL_WIN,False,True,False,False,False
COCO,2023-06-09,2023-06-09,25.96999931335449,28.242374420166016,51.0,115.8911304473877,TP1,MOMENTUM,0,0.0,8.750000642637698,SMALL_WIN,True,False,True,False,False
COCO,2023-07-11,2023-07-11,25.96999931335449,24.152099609375,51.0,-92.7128849029541,STOP,MOMENTUM,0,0.0,-6.999999045223995,SMALL_WIN,False,True,False,False,False
COCO,2024-06-07,2024-06-07,29.11000061035156,27.77039337158203,138.0,-184.8657989501953,STOP,MOMENTUM,0,0.0,-4.6018798030982,SMALL_WIN,False,True,False,False,False
COFS,2021-12-20,2021-12-20,70.5,66.32250213623047,51.0,-213.0523910522461,STOP,MOMENTUM,0,0.0,-5.925528884779477,SMALL_WIN,False,True,False,False,False
COGT,2021-12-20,2021-12-20,70.5,66.32250213623047,51.0,-213.0523910522461,STOP,MOMENTUM,0,0.0,-5.925528884779477,SMALL_WIN,False,True,False,False,False
COHR,2021-12-20,2021-12-20,70.5,66.32250213623047,51.0,-213.0523910522461,STOP,MOMENTUM,0,0.0,-5.925528884779477,SMALL_WIN,False,True,False,False,False
COHU,2021-12-20,2021-12-20,70.5,66.32250213623047,51.0,-213.0523910522461,STOP,MOMENTUM,0,0.0,-5.925528884779477,SMALL_WIN,False,True,False,False,False
COKE,2021-02-11,2021-02-11,26.01000022888184,24.18930053710937,145.0,-264.00145530700684,STOP,MOMENTUM,0,0.0,-6.999998753366916,SMALL_WIN,False,True,False,False,False
COLB,2021-02-11,2021-02-11,26.01000022888184,24.18930053710937,145.0,-264.00145530700684,STOP,MOMENTUM,0,0.0,-6.999998753366916,SMALL_WIN,False,True,False,False,False
COLL,2021-02-11,2021-02-11,26.01000022888184,24.18930053710937,145.0,-264.00145530700684,STOP,MOMENTUM,0,0.0,-6.999998753366916,SMALL_WIN,False,True,False,False,False
COLM,2021-02-11,2021-02-11,26.01000022888184,24.18930053710937,145.0,-264.00145530700684,STOP,MOMENTUM,0,0.0,-6.999998753366916,SMALL_WIN,False,True,False,False,False
CRDO,2024-07-17,2024-07-17,33.09000015258789,30.450000762939453,91.0,-240.2399444580078,STOP,MOMENTUM,0,0.0,-7.978239279161711,SMALL_WIN,False,True,False,False,False
CROX,2023-02-06,2023-02-06,16.5,15.575142860412598,234.0,-216.41657066345212,STOP,MOMENTUM,0,0.0,-5.605194785378195,SMALL_WIN,False,True,False,False,False
CRSP,2023-02-06,2023-02-06,16.5,15.575142860412598,234.0,-216.41657066345212,STOP,MOMENTUM,0,0.0,-5.605194785378195,SMALL_WIN,False,True,False,False,False
CRSR,2023-02-06,2023-02-06,16.5,15.575142860412598,234.0,-216.41657066345212,STOP,MOMENTUM,0,0.0,-5.605194785378195,SMALL_WIN,False,True,False,False,False
CRTO,2023-02-06,2023-02-06,16.5,15.575142860412598,234.0,-216.41657066345212,STOP,MOMENTUM,0,0.0,-5.605194785378195,SMALL_WIN,False,True,False,False,False
CRWD,2023-10-06,2023-10-06,163.02999877929688,176.69000244140625,9.0,122.94003295898438,TP1,MOMENTUM,0,0.0,8.378828291964666,SMALL_WIN,True,False,True,False,False
CRWD,2023-10-11,2023-10-11,163.02999877929688,188.22000122070312,6.0,151.1400146484375,TP2,MOMENTUM,0,0.0,15.451145574445727,SMALL_WIN,True,False,False,True,False
CRWD,2023-10-20,2023-10-20,163.02999877929688,178.75999450683594,4.0,62.91998291015625,RUNNER,MOMENTUM,0,0.0,9.648528396809759,SMALL_WIN,True,False,False,False,True
CRWD,2024-07-18,2024-07-18,374.5700073242188,343.04998779296875,6.0,-189.1201171875,STOP,MOMENTUM,0,0.0,-8.414987563050405,SMALL_WIN,False,True,False,False,False
CSIQ,2019-05-06,2019-05-06,21.450000762939453,20.030000686645508,294.0,-417.4800224304199,STOP,MOMENTUM,0,0.0,-6.62004674026572,SMALL_WIN,False,True,False,False,False
CSIQ,2024-05-29,2024-05-29,18.190000534057617,19.781625747680664,74.0,117.78026580810548,TP1,MOMENTUM,0,0.0,8.75000091749863,SMALL_WIN,True,False,True,False,False
CSIQ,2024-06-10,2024-06-10,18.190000534057617,16.91670036315918,74.0,-94.22421264648438,STOP,MOMENTUM,0,0.0,-7.0000007339989025,SMALL_WIN,False,True,False,False,False
CSPI,2019-05-06,2019-05-06,21.450000762939453,20.030000686645508,294.0,-417.4800224304199,STOP,MOMENTUM,0,0.0,-6.62004674026572,SMALL_WIN,False,True,False,False,False
CSPI,2024-05-29,2024-05-29,18.190000534057617,19.781625747680664,74.0,117.78026580810548,TP1,MOMENTUM,0,0.0,8.75000091749863,SMALL_WIN,True,False,True,False,False
CSPI,2024-06-10,2024-06-10,18.190000534057617,16.91670036315918,74.0,-94.22421264648438,STOP,MOMENTUM,0,0.0,-7.0000007339989025,SMALL_WIN,False,True,False,False,False
CSQ,2019-05-06,2019-05-06,21.450000762939453,20.030000686645508,294.0,-417.4800224304199,STOP,MOMENTUM,0,0.0,-6.62004674026572,SMALL_WIN,False,True,False,False,False
CSQ,2024-05-29,2024-05-29,18.190000534057617,19.781625747680664,74.0,117.78026580810548,TP1,MOMENTUM,0,0.0,8.75000091749863,SMALL_WIN,True,False,True,False,False
CSQ,2024-06-10,2024-06-10,18.190000534057617,16.91670036315918,74.0,-94.22421264648438,STOP,MOMENTUM,0,0.0,-7.0000007339989025,SMALL_WIN,False,True,False,False,False
CSTE,2019-05-06,2019-05-06,21.450000762939453,20.030000686645508,294.0,-417.4800224304199,STOP,MOMENTUM,0,0.0,-6.62004674026572,SMALL_WIN,False,True,False,False,False
CSTE,2024-05-29,2024-05-29,18.190000534057617,19.781625747680664,74.0,117.78026580810548,TP1,MOMENTUM,0,0.0,8.75000091749863,SMALL_WIN,True,False,True,False,False
CSTE,2024-06-10,2024-06-10,18.190000534057617,16.91670036315918,74.0,-94.22421264648438,STOP,MOMENTUM,0,0.0,-7.0000007339989025,SMALL_WIN,False,True,False,False,False
CSTL,2020-09-08,2020-09-08,48.04999923706055,45.75981903076172,118.0,-270.2412643432617,STOP,MOMENTUM,0,0.0,-4.7662440013785305,SMALL_WIN,False,True,False,False,False
CSWC,2020-09-08,2020-09-08,48.04999923706055,45.75981903076172,118.0,-270.2412643432617,STOP,MOMENTUM,0,0.0,-4.7662440013785305,SMALL_WIN,False,True,False,False,False
CTBI,2020-09-08,2020-09-08,48.04999923706055,45.75981903076172,118.0,-270.2412643432617,STOP,MOMENTUM,0,0.0,-4.7662440013785305,SMALL_WIN,False,True,False,False,False
CTEC,2020-09-08,2020-09-08,48.04999923706055,45.75981903076172,118.0,-270.2412643432617,STOP,MOMENTUM,0,0.0,-4.7662440013785305,SMALL_WIN,False,True,False,False,False
CVGW,2018-04-06,2018-04-06,83.23162841796875,78.73729705810547,89.0,-399.995491027832,STOP,MOMENTUM,0,0.0,-5.399787851432937,SMALL_WIN,False,True,False,False,False
CVLT,2018-04-06,2018-04-06,83.23162841796875,78.73729705810547,89.0,-399.995491027832,STOP,MOMENTUM,0,0.0,-5.399787851432937,SMALL_WIN,False,True,False,False,False
CVV,2018-04-06,2018-04-06,83.23162841796875,78.73729705810547,89.0,-399.995491027832,STOP,MOMENTUM,0,0.0,-5.399787851432937,SMALL_WIN,False,True,False,False,False
CWBC,2018-04-06,2018-04-06,83.23162841796875,78.73729705810547,89.0,-399.995491027832,STOP,MOMENTUM,0,0.0,-5.399787851432937,SMALL_WIN,False,True,False,False,False
CZWI,2024-12-04,2024-12-04,16.329999923706055,18.93000030517578,67.0,174.20002555847168,TP2,MOMENTUM,0,0.0,15.92161906685216,SMALL_WIN,True,False,False,True,False
CZWI,2024-12-05,2024-12-05,16.329999923706055,19.209999084472656,112.0,322.5599060058594,TP1,MOMENTUM,0,0.0,17.636247239571283,SMALL_WIN,True,False,True,False,False
CZWI,2024-12-19,2024-12-19,16.329999923706055,16.940000534057617,45.0,27.450027465820312,RUNNER,MOMENTUM,0,0.0,3.7354599706153846,SMALL_WIN,True,False,False,False,True
D,2023-11-06,2023-11-06,39.04081344604492,40.99272918701172,59.0,115.16302871704102,TP1,MOMENTUM,0,0.0,4.999679998123958,SMALL_WIN,True,False,True,False,False
D,2023-12-06,2023-12-06,39.04081344604492,42.94464492797852,36.0,140.53793334960938,TP2,MOMENTUM,0,0.0,9.999359996247916,SMALL_WIN,True,False,False,True,False
D,2023-12-21,2023-12-21,39.04081344604492,42.458763122558594,24.0,82.03079223632812,RUNNER,MOMENTUM,0,0.0,8.754811631262083,SMALL_WIN,True,False,False,False,True
DAIO,2024-12-04,2024-12-04,16.329999923706055,18.93000030517578,67.0,174.20002555847168,TP2,MOMENTUM,0,0.0,15.92161906685216,SMALL_WIN,True,False,False,True,False
DAIO,2024-12-05,2024-12-05,16.329999923706055,19.209999084472656,112.0,322.5599060058594,TP1,MOMENTUM,0,0.0,17.636247239571283,SMALL_WIN,True,False,True,False,False
DAIO,2024-12-19,2024-12-19,16.329999923706055,16.940000534057617,45.0,27.450027465820312,RUNNER,MOMENTUM,0,0.0,3.7354599706153846,SMALL_WIN,True,False,False,False,True
DAKT,2024-12-04,2024-12-04,16.329999923706055,18.93000030517578,67.0,174.20002555847168,TP2,MOMENTUM,0,0.0,15.92161906685216,SMALL_WIN,True,False,False,True,False
DAKT,2024-12-05,2024-12-05,16.329999923706055,19.209999084472656,112.0,322.5599060058594,TP1,MOMENTUM,0,0.0,17.636247239571283,SMALL_WIN,True,False,True,False,False
DAKT,2024-12-19,2024-12-19,16.329999923706055,16.940000534057617,45.0,27.450027465820312,RUNNER,MOMENTUM,0,0.0,3.7354599706153846,SMALL_WIN,True,False,False,False,True
DALI,2024-12-04,2024-12-04,16.329999923706055,18.93000030517578,67.0,174.20002555847168,TP2,MOMENTUM,0,0.0,15.92161906685216,SMALL_WIN,True,False,False,True,False
DALI,2024-12-05,2024-12-05,16.329999923706055,19.209999084472656,112.0,322.5599060058594,TP1,MOMENTUM,0,0.0,17.636247239571283,SMALL_WIN,True,False,True,False,False
DALI,2024-12-19,2024-12-19,16.329999923706055,16.940000534057617,45.0,27.450027465820312,RUNNER,MOMENTUM,0,0.0,3.7354599706153846,SMALL_WIN,True,False,False,False,True
DAWN,2024-07-16,2024-07-16,14.800000190734863,16.094999313354492,85.0,110.07492542266846,TP1,MOMENTUM,0,0.0,8.749993958988783,SMALL_WIN,True,False,True,False,False
DAWN,2024-08-02,2024-08-02,14.800000190734863,13.763999938964844,85.0,-88.06002140045166,STOP,MOMENTUM,0,0.0,-7.000001610936324,SMALL_WIN,False,True,False,False,False
DBX,2019-04-23,2019-04-23,23.15999984741211,22.12017822265625,263.0,-273.473087310791,STOP,MOMENTUM,0,0.0,-4.489730706419018,SMALL_WIN,False,True,False,False,False
DBX,2019-07-29,2019-07-29,25.01000022888184,23.8464298248291,229.0,-266.4576225280762,STOP,MOMENTUM,0,0.0,-4.652420605374604,SMALL_WIN,False,True,False,False,False
DBX,2020-06-01,2020-06-01,21.88999938964844,23.540000915527344,105.0,173.25016021728516,TP1,MOMENTUM,0,0.0,7.537695623048648,SMALL_WIN,True,False,True,False,False
DBX,2020-06-11,2020-06-11,21.88999938964844,20.420000076293945,106.0,-155.81992721557617,STOP,MOMENTUM,0,0.0,-6.715392208049306,SMALL_WIN,False,True,False,False,False
DCOM,2019-04-23,2019-04-23,23.15999984741211,22.12017822265625,263.0,-273.473087310791,STOP,MOMENTUM,0,0.0,-4.489730706419018,SMALL_WIN,False,True,False,False,False
DCOM,2019-07-29,2019-07-29,25.01000022888184,23.8464298248291,229.0,-266.4576225280762,STOP,MOMENTUM,0,0.0,-4.652420605374604,SMALL_WIN,False,True,False,False,False
DCOM,2020-06-01,2020-06-01,21.88999938964844,23.540000915527344,105.0,173.25016021728516,TP1,MOMENTUM,0,0.0,7.537695623048648,SMALL_WIN,True,False,True,False,False
DCOM,2020-06-11,2020-06-11,21.88999938964844,20.420000076293945,106.0,-155.81992721557617,STOP,MOMENTUM,0,0.0,-6.715392208049306,SMALL_WIN,False,True,False,False,False
DCOMP,2019-04-23,2019-04-23,23.15999984741211,22.12017822265625,263.0,-273.473087310791,STOP,MOMENTUM,0,0.0,-4.489730706419018,SMALL_WIN,False,True,False,False,False
DCOMP,2019-07-29,2019-07-29,25.01000022888184,23.8464298248291,229.0,-266.4576225280762,STOP,MOMENTUM,0,0.0,-4.652420605374604,SMALL_WIN,False,True,False,False,False
DCOMP,2020-06-01,2020-06-01,21.88999938964844,23.540000915527344,105.0,173.25016021728516,TP1,MOMENTUM,0,0.0,7.537695623048648,SMALL_WIN,True,False,True,False,False
DCOMP,2020-06-11,2020-06-11,21.88999938964844,20.420000076293945,106.0,-155.81992721557617,STOP,MOMENTUM,0,0.0,-6.715392208049306,SMALL_WIN,False,True,False,False,False
DCTH,2019-04-23,2019-04-23,23.15999984741211,22.12017822265625,263.0,-273.473087310791,STOP,MOMENTUM,0,0.0,-4.489730706419018,SMALL_WIN,False,True,False,False,False
DCTH,2019-07-29,2019-07-29,25.01000022888184,23.8464298248291,229.0,-266.4576225280762,STOP,MOMENTUM,0,0.0,-4.652420605374604,SMALL_WIN,False,True,False,False,False
DCTH,2020-06-01,2020-06-01,21.88999938964844,23.540000915527344,105.0,173.25016021728516,TP1,MOMENTUM,0,0.0,7.537695623048648,SMALL_WIN,True,False,True,False,False
DCTH,2020-06-11,2020-06-11,21.88999938964844,20.420000076293945,106.0,-155.81992721557617,STOP,MOMENTUM,0,0.0,-6.715392208049306,SMALL_WIN,False,True,False,False,False
DDOG,2024-01-22,2024-01-22,126.02999877929688,132.97999572753906,16.0,111.199951171875,TP1,MOMENTUM,0,0.0,5.514557657350286,SMALL_WIN,True,False,True,False,False
DDOG,2024-01-25,2024-01-25,126.02999877929688,120.47914123535156,17.0,-94.36457824707033,STOP,MOMENTUM,0,0.0,-4.404393872657214,SMALL_WIN,False,True,False,False,False
DELL,2019-03-25,2019-03-25,27.98484992980957,26.61882972717285,207.0,-282.7661819458008,STOP,MOMENTUM,0,0.0,-4.881284716776804,SMALL_WIN,False,True,False,False,False
DELL,2020-07-16,2020-07-16,24.672016143798828,28.19036865234375,55.0,193.5093879699707,TP2,MOMENTUM,0,0.0,14.26049856662906,SMALL_WIN,True,False,False,True,False
DELL,2020-07-17,2020-07-17,24.672016143798828,28.04990005493164,93.0,314.1432037353516,TP1,MOMENTUM,0,0.0,13.691154753811336,SMALL_WIN,True,False,True,False,False
DELL,2020-08-13,2020-08-13,24.672016143798828,27.673545837402344,38.0,114.0581283569336,RUNNER,MOMENTUM,0,0.0,12.16572523343591,SMALL_WIN,True,False,False,False,True
DHIL,2018-06-04,2018-06-04,33.439998626708984,35.77000045776367,90.0,209.70016479492188,TP1,MOMENTUM,0,0.0,6.967709111069411,SMALL_WIN,True,False,True,False,False
DHIL,2018-06-21,2018-06-21,33.439998626708984,37.484642028808594,54.0,218.4107437133789,TP2,MOMENTUM,0,0.0,12.095225981466092,SMALL_WIN,True,False,False,True,False
DHIL,2018-06-25,2018-06-25,33.439998626708984,35.630001068115234,36.0,78.840087890625,RUNNER,MOMENTUM,0,0.0,6.5490506320088935,SMALL_WIN,True,False,False,False,True
DIOD,2018-06-04,2018-06-04,33.439998626708984,35.77000045776367,90.0,209.70016479492188,TP1,MOMENTUM,0,0.0,6.967709111069411,SMALL_WIN,True,False,True,False,False
DIOD,2018-06-21,2018-06-21,33.439998626708984,37.484642028808594,54.0,218.4107437133789,TP2,MOMENTUM,0,0.0,12.095225981466092,SMALL_WIN,True,False,False,True,False
DIOD,2018-06-25,2018-06-25,33.439998626708984,35.630001068115234,36.0,78.840087890625,RUNNER,MOMENTUM,0,0.0,6.5490506320088935,SMALL_WIN,True,False,False,False,True
DKNG,2018-06-04,2018-06-04,33.439998626708984,35.77000045776367,90.0,209.70016479492188,TP1,MOMENTUM,0,0.0,6.967709111069411,SMALL_WIN,True,False,True,False,False
DKNG,2018-06-21,2018-06-21,33.439998626708984,37.484642028808594,54.0,218.4107437133789,TP2,MOMENTUM,0,0.0,12.095225981466092,SMALL_WIN,True,False,False,True,False
DKNG,2018-06-25,2018-06-25,33.439998626708984,35.630001068115234,36.0,78.840087890625,RUNNER,MOMENTUM,0,0.0,6.5490506320088935,SMALL_WIN,True,False,False,False,True
DLHC,2018-06-04,2018-06-04,33.439998626708984,35.77000045776367,90.0,209.70016479492188,TP1,MOMENTUM,0,0.0,6.967709111069411,SMALL_WIN,True,False,True,False,False
DLHC,2018-06-21,2018-06-21,33.439998626708984,37.484642028808594,54.0,218.4107437133789,TP2,MOMENTUM,0,0.0,12.095225981466092,SMALL_WIN,True,False,False,True,False
DLHC,2018-06-25,2018-06-25,33.439998626708984,35.630001068115234,36.0,78.840087890625,RUNNER,MOMENTUM,0,0.0,6.5490506320088935,SMALL_WIN,True,False,False,False,True
DLR,2023-06-06,2023-06-06,91.80916595458984,98.74301147460938,16.0,110.9415283203125,TP1,MOMENTUM,0,0.0,7.552454537544881,SMALL_WIN,True,False,True,False,False
DLR,2023-07-03,2023-07-03,91.80916595458984,106.39720153808594,10.0,145.88035583496094,TP2,MOMENTUM,0,0.0,15.88951977922504,SMALL_WIN,True,False,False,True,False
DLR,2023-07-27,2023-07-27,91.80916595458984,106.32332611083984,7.0,101.59912109375,RUNNER,MOMENTUM,0,0.0,15.80905349192358,SMALL_WIN,True,False,False,False,True
DOCU,2019-12-03,2019-12-03,69.94000244140625,66.97257232666016,90.0,-267.06871032714844,STOP,MOMENTUM,0,0.0,-4.242822435175238,SMALL_WIN,False,True,False,False,False
DOCU,2023-12-08,2023-12-08,47.36000061035156,45.375823974609375,94.0,-186.5126037597656,STOP,MOMENTUM,0,0.0,-4.189562099178905,SMALL_WIN,False,True,False,False,False
DOGZ,2019-12-03,2019-12-03,69.94000244140625,66.97257232666016,90.0,-267.06871032714844,STOP,MOMENTUM,0,0.0,-4.242822435175238,SMALL_WIN,False,True,False,False,False
DOGZ,2023-12-08,2023-12-08,47.36000061035156,45.375823974609375,94.0,-186.5126037597656,STOP,MOMENTUM,0,0.0,-4.189562099178905,SMALL_WIN,False,True,False,False,False
DOMH,2019-12-03,2019-12-03,69.94000244140625,66.97257232666016,90.0,-267.06871032714844,STOP,MOMENTUM,0,0.0,-4.242822435175238,SMALL_WIN,False,True,False,False,False
DOMH,2023-12-08,2023-12-08,47.36000061035156,45.375823974609375,94.0,-186.5126037597656,STOP,MOMENTUM,0,0.0,-4.189562099178905,SMALL_WIN,False,True,False,False,False
DOMO,2019-12-03,2019-12-03,69.94000244140625,66.97257232666016,90.0,-267.06871032714844,STOP,MOMENTUM,0,0.0,-4.242822435175238,SMALL_WIN,False,True,False,False,False
DOMO,2023-12-08,2023-12-08,47.36000061035156,45.375823974609375,94.0,-186.5126037597656,STOP,MOMENTUM,0,0.0,-4.189562099178905,SMALL_WIN,False,True,False,False,False
DPZ,2019-01-24,2019-01-24,238.6685943603516,255.20413208007804,12.0,198.42645263671875,TP1,MOMENTUM,0,0.0,6.928241968342316,SMALL_WIN,True,False,True,False,False
DPZ,2019-02-05,2019-02-05,238.6685943603516,266.6426086425781,7.0,195.81809997558597,TP2,MOMENTUM,0,0.0,11.720861036282912,SMALL_WIN,True,False,False,True,False
DPZ,2019-02-15,2019-02-15,238.6685943603516,259.60076904296875,5.0,104.66087341308594,RUNNER,MOMENTUM,0,0.0,8.77039341464966,SMALL_WIN,True,False,False,False,True
DRVN,2024-02-22,2024-02-22,14.5600004196167,12.9399995803833,261.0,-422.820219039917,STOP,MOMENTUM,0,0.0,-11.126379069678942,SMALL_WIN,False,True,False,False,False
DVA,2023-11-13,2023-11-13,84.80999755859375,90.54214477539062,19.0,108.91079711914062,TP1,MOMENTUM,0,0.0,6.758810731997292,SMALL_WIN,True,False,True,False,False
DVA,2023-11-20,2023-11-20,84.80999755859375,97.52999877929688,12.0,152.6400146484375,TP2,MOMENTUM,0,0.0,14.9982332117332,SMALL_WIN,True,False,False,True,False
DVA,2023-12-20,2023-12-20,84.80999755859375,103.87000274658205,8.0,152.48004150390625,RUNNER,MOMENTUM,0,0.0,22.473771650352962,SMALL_WIN,True,False,False,False,True
DXC,2020-08-07,2020-08-07,18.149999618530277,19.899999618530277,120.0,210.0,TP1,MOMENTUM,0,0.0,9.641873480886105,SMALL_WIN,True,False,True,False,False
DXC,2020-08-11,2020-08-11,18.149999618530277,20.95178604125977,72.0,201.72862243652344,TP2,MOMENTUM,0,0.0,15.436840119098422,SMALL_WIN,True,False,False,True,False
DXC,2020-08-21,2020-08-21,18.149999618530277,18.68000030517578,48.0,25.44003295898437,RUNNER,MOMENTUM,0,0.0,2.9201140373821413,SMALL_WIN,True,False,False,False,True
DXC,2021-08-05,2021-08-05,42.61000061035156,38.720001220703125,111.0,-431.78993225097656,STOP,MOMENTUM,0,0.0,-9.129310804805318,SMALL_WIN,False,True,False,False,False
EA,2018-06-07,2018-06-07,127.38024139404295,134.86907958984375,24.0,179.73211669921875,TP1,MOMENTUM,0,0.0,5.879120744193379,SMALL_WIN,True,False,True,False,False
EA,2018-06-14,2018-06-14,127.38024139404295,142.35791015625,14.0,209.68736267089844,TP2,MOMENTUM,0,0.0,11.758235498922108,SMALL_WIN,True,False,False,True,False
EA,2018-06-27,2018-06-27,127.38024139404295,133.93348693847656,10.0,65.53245544433594,RUNNER,MOMENTUM,0,0.0,5.1446326939839375,SMALL_WIN,True,False,False,False,True
EA,2019-02-11,2019-02-11,94.89588165283205,103.19927215576172,20.0,166.06781005859375,TP1,MOMENTUM,0,0.0,8.750000904472216,SMALL_WIN,True,False,True,False,False
EA,2019-05-03,2019-05-03,94.89588165283205,88.25316619873047,20.0,-132.85430908203125,STOP,MOMENTUM,0,0.0,-7.000003939478989,SMALL_WIN,False,True,False,False,False
EBAY,2020-02-10,2020-02-10,33.79637145996094,32.237030029296875,170.0,-265.0880432128906,STOP,MOMENTUM,0,0.0,-4.613931505964885,SMALL_WIN,False,True,False,False,False
EHTH,2018-10-10,2018-10-10,30.309999465942383,28.434999465942383,150.0,-281.25,STOP,MOMENTUM,0,0.0,-6.186077311241231,SMALL_WIN,False,True,False,False,False
EIX,2019-07-08,2019-07-08,48.11125564575195,51.43088150024414,62.0,205.8168029785156,TP1,MOMENTUM,0,0.0,6.899894442445918,SMALL_WIN,True,False,True,False,False
EIX,2019-07-26,2019-07-26,48.11125564575195,53.4661979675293,37.0,198.1328659057617,TP2,MOMENTUM,0,0.0,11.130331665434646,SMALL_WIN,True,False,False,True,False
EIX,2019-08-14,2019-08-14,48.11125564575195,53.308780670166016,25.0,129.93812561035156,RUNNER,MOMENTUM,0,0.0,10.803137342088856,SMALL_WIN,True,False,False,False,True
EQIX,2019-03-12,2019-03-12,368.8914489746094,387.1926574707031,9.0,164.71087646484375,TP1,MOMENTUM,0,0.0,4.96113654761171,SMALL_WIN,True,False,True,False,False
EQIX,2019-03-22,2019-03-22,368.8914489746094,405.493896484375,5.0,183.01223754882807,TP2,MOMENTUM,0,0.0,9.922281368003448,SMALL_WIN,True,False,False,True,False
EQIX,2019-04-16,2019-04-16,368.8914489746094,399.309326171875,4.0,121.6715087890625,RUNNER,MOMENTUM,0,0.0,8.245752858142092,SMALL_WIN,True,False,False,False,True
EQT,2023-08-15,2023-08-15,42.599884033203125,40.55847930908203,94.0,-191.8920440673828,STOP,MOMENTUM,0,0.0,-4.792042913849215,SMALL_WIN,False,True,False,False,False
EQT,2024-03-11,2024-03-11,36.373294830322266,33.7501220703125,98.0,-257.07093048095703,STOP,MOMENTUM,0,0.0,-7.211809576906905,SMALL_WIN,False,True,False,False,False
ERIC,2021-01-28,2021-01-28,10.693087577819824,9.715672492980955,530.0,-518.0299949645996,STOP,MOMENTUM,0,0.0,-9.140625452897945,SMALL_WIN,False,True,False,False,False
EXE,2022-08-18,2022-08-18,82.91622924804688,89.2854995727539,23.0,146.49321746826172,TP1,MOMENTUM,0,0.0,7.681572573269257,SMALL_WIN,True,False,True,False,False
EXE,2023-01-03,2023-01-03,82.91622924804688,77.60347747802734,23.0,-122.19329071044922,STOP,MOMENTUM,0,0.0,-6.407372619570342,SMALL_WIN,False,True,False,False,False
EXEEL,2022-08-18,2022-08-18,70.55000305175781,79.38999938964844,27.0,238.67990112304688,TP1,MOMENTUM,0,0.0,12.530114749116752,SMALL_WIN,True,False,True,False,False
EXEEL,2022-08-23,2022-08-23,70.55000305175781,80.96027374267578,16.0,166.5643310546875,TP2,MOMENTUM,0,0.0,14.755875606809896,SMALL_WIN,True,False,False,True,False
EXEEL,2022-08-30,2022-08-30,70.55000305175781,77.29000091552734,11.0,74.13997650146484,RUNNER,MOMENTUM,0,0.0,9.553504709028639,SMALL_WIN,True,False,False,False,True
EXPD,2023-02-06,2023-02-06,114.66819763183594,110.19806671142578,48.0,-214.5662841796875,STOP,MOMENTUM,0,0.0,-3.8983179405700277,SMALL_WIN,False,True,False,False,False
F,2021-11-02,2021-11-02,12.792548179626465,13.66511058807373,163.0,142.2276725769043,TP1,MOMENTUM,0,0.0,6.820864742467157,SMALL_WIN,True,False,True,False,False
F,2021-11-04,2021-11-04,12.792548179626465,14.73495101928711,97.0,188.4130754470825,TP2,MOMENTUM,0,0.0,15.183861826325842,SMALL_WIN,True,False,False,True,False
F,2021-11-30,2021-11-30,12.792548179626465,14.63375186920166,66.0,121.51944351196288,RUNNER,MOMENTUM,0,0.0,14.392782921134618,SMALL_WIN,True,False,False,False,True
FANG,2018-05-10,2018-05-10,105.5691909790039,100.36495971679688,61.0,-317.4581069946289,STOP,MOMENTUM,0,0.0,-4.929687547991225,SMALL_WIN,False,True,False,False,False
FAST,2019-01-29,2019-01-29,11.973012924194336,12.563360214233398,283.0,167.0682830810547,TP1,MOMENTUM,0,0.0,4.930649401088715,SMALL_WIN,True,False,True,False,False
FAST,2019-02-12,2019-02-12,11.973012924194336,13.22042369842529,170.0,212.0598316192627,TP2,MOMENTUM,0,0.0,10.41852023487142,SMALL_WIN,True,False,False,True,False
FAST,2019-03-05,2019-03-05,11.973012924194336,13.033244132995604,114.0,120.86635780334473,RUNNER,MOMENTUM,0,0.0,8.85517467920559,SMALL_WIN,True,False,False,False,True
FISV,2019-01-24,2019-01-24,77.81999969482422,82.79000091552734,40.0,198.800048828125,TP1,MOMENTUM,0,0.0,6.386534618598409,SMALL_WIN,True,False,True,False,False
FISV,2019-02-11,2019-02-11,77.81999969482422,86.14231872558594,24.0,199.73565673828125,TP2,MOMENTUM,0,0.0,10.694319022613968,SMALL_WIN,True,False,False,True,False
FISV,2019-02-25,2019-02-25,77.81999969482422,84.23999786376953,16.0,102.719970703125,RUNNER,MOMENTUM,0,0.0,8.249804926910459,SMALL_WIN,True,False,False,False,True
FLR,2021-05-07,2021-05-07,23.950000762939453,22.72107315063477,221.0,-271.59300231933594,STOP,MOMENTUM,0,0.0,-5.131221599818678,SMALL_WIN,False,True,False,False,False
FLR,2022-01-10,2022-01-10,24.43000030517578,22.719900131225582,126.0,-215.4726219177246,STOP,MOMENTUM,0,0.0,-7.000000624592258,SMALL_WIN,False,True,False,False,False
FLYW,2023-07-19,2023-07-19,33.650001525878906,32.14582443237305,130.0,-195.5430221557617,STOP,MOMENTUM,0,0.0,-4.470065454080455,SMALL_WIN,False,True,False,False,False
FORM,2018-10-01,2018-10-01,72.0999984741211,66.87000274658203,89.0,-465.46961975097656,STOP,MOMENTUM,0,0.0,-7.253808374789729,SMALL_WIN,False,True,False,False,False
FORM,2024-07-01,2024-07-01,49.86000061035156,47.16193008422852,66.0,-178.0726547241211,STOP,MOMENTUM,0,0.0,-5.411292605485635,SMALL_WIN,False,True,False,False,False
FORR,2018-10-01,2018-10-01,72.0999984741211,66.87000274658203,89.0,-465.46961975097656,STOP,MOMENTUM,0,0.0,-7.253808374789729,SMALL_WIN,False,True,False,False,False
FORR,2024-07-01,2024-07-01,49.86000061035156,47.16193008422852,66.0,-178.0726547241211,STOP,MOMENTUM,0,0.0,-5.411292605485635,SMALL_WIN,False,True,False,False,False
FORTY,2018-10-01,2018-10-01,72.0999984741211,66.87000274658203,89.0,-465.46961975097656,STOP,MOMENTUM,0,0.0,-7.253808374789729,SMALL_WIN,False,True,False,False,False
FORTY,2024-07-01,2024-07-01,49.86000061035156,47.16193008422852,66.0,-178.0726547241211,STOP,MOMENTUM,0,0.0,-5.411292605485635,SMALL_WIN,False,True,False,False,False
FOXF,2018-10-01,2018-10-01,72.0999984741211,66.87000274658203,89.0,-465.46961975097656,STOP,MOMENTUM,0,0.0,-7.253808374789729,SMALL_WIN,False,True,False,False,False
FOXF,2024-07-01,2024-07-01,49.86000061035156,47.16193008422852,66.0,-178.0726547241211,STOP,MOMENTUM,0,0.0,-5.411292605485635,SMALL_WIN,False,True,False,False,False
FSLR,2018-12-06,2018-12-06,46.400001525878906,43.709999084472656,108.0,-290.520263671875,STOP,MOMENTUM,0,0.0,-5.797418864104867,SMALL_WIN,False,True,False,False,False
FSLR,2021-06-28,2021-06-28,84.51000213623047,92.70999908447266,22.0,180.39993286132807,TP1,MOMENTUM,0,0.0,9.702989872161826,SMALL_WIN,True,False,True,False,False
FSLR,2021-07-27,2021-07-27,84.51000213623047,79.48821258544922,22.0,-110.4793701171875,STOP,MOMENTUM,0,0.0,-5.942242839712753,SMALL_WIN,False,True,False,False,False
FTC,2019-09-27,2019-09-27,50.459999084472656,46.97999954223633,85.0,-295.7999610900879,STOP,MOMENTUM,0,0.0,-6.896550942085093,SMALL_WIN,False,True,False,False,False
FTC,2023-05-15,2023-05-15,30.040000915527344,31.802501678466804,66.0,116.3250503540039,TP1,MOMENTUM,0,0.0,5.867179458135223,SMALL_WIN,True,False,True,False,False
FTC,2023-07-12,2023-07-12,30.040000915527344,33.97999954223633,40.0,157.59994506835938,TP2,MOMENTUM,0,0.0,13.115840568008913,SMALL_WIN,True,False,False,True,False
FTC,2023-08-09,2023-08-09,30.040000915527344,34.5,27.0,120.41997528076172,RUNNER,MOMENTUM,0,0.0,14.846867338700154,SMALL_WIN,True,False,False,False,True
FTCS,2019-09-27,2019-09-27,50.459999084472656,46.97999954223633,85.0,-295.7999610900879,STOP,MOMENTUM,0,0.0,-6.896550942085093,SMALL_WIN,False,True,False,False,False
FTCS,2023-05-15,2023-05-15,30.040000915527344,31.802501678466804,66.0,116.3250503540039,TP1,MOMENTUM,0,0.0,5.867179458135223,SMALL_WIN,True,False,True,False,False
FTCS,2023-07-12,2023-07-12,30.040000915527344,33.97999954223633,40.0,157.59994506835938,TP2,MOMENTUM,0,0.0,13.115840568008913,SMALL_WIN,True,False,False,True,False
FTCS,2023-08-09,2023-08-09,30.040000915527344,34.5,27.0,120.41997528076172,RUNNER,MOMENTUM,0,0.0,14.846867338700154,SMALL_WIN,True,False,False,False,True
FTDR,2019-09-27,2019-09-27,50.459999084472656,46.97999954223633,85.0,-295.7999610900879,STOP,MOMENTUM,0,0.0,-6.896550942085093,SMALL_WIN,False,True,False,False,False
FTDR,2023-05-15,2023-05-15,30.040000915527344,31.802501678466804,66.0,116.3250503540039,TP1,MOMENTUM,0,0.0,5.867179458135223,SMALL_WIN,True,False,True,False,False
FTDR,2023-07-12,2023-07-12,30.040000915527344,33.97999954223633,40.0,157.59994506835938,TP2,MOMENTUM,0,0.0,13.115840568008913,SMALL_WIN,True,False,False,True,False
FTDR,2023-08-09,2023-08-09,30.040000915527344,34.5,27.0,120.41997528076172,RUNNER,MOMENTUM,0,0.0,14.846867338700154,SMALL_WIN,True,False,False,False,True
FTDS,2019-09-27,2019-09-27,50.459999084472656,46.97999954223633,85.0,-295.7999610900879,STOP,MOMENTUM,0,0.0,-6.896550942085093,SMALL_WIN,False,True,False,False,False
FTDS,2023-05-15,2023-05-15,30.040000915527344,31.802501678466804,66.0,116.3250503540039,TP1,MOMENTUM,0,0.0,5.867179458135223,SMALL_WIN,True,False,True,False,False
FTDS,2023-07-12,2023-07-12,30.040000915527344,33.97999954223633,40.0,157.59994506835938,TP2,MOMENTUM,0,0.0,13.115840568008913,SMALL_WIN,True,False,False,True,False
FTDS,2023-08-09,2023-08-09,30.040000915527344,34.5,27.0,120.41997528076172,RUNNER,MOMENTUM,0,0.0,14.846867338700154,SMALL_WIN,True,False,False,False,True
FTI,2022-01-21,2022-01-21,6.742842197418213,6.360060214996338,569.0,-217.80294799804688,STOP,MOMENTUM,0,0.0,-5.676864016904319,SMALL_WIN,False,True,False,False,False
FTNT,2021-08-04,2021-08-04,56.92399978637695,60.80400085449219,43.0,166.84004592895508,TP1,MOMENTUM,0,0.0,6.816107586740235,SMALL_WIN,True,False,True,False,False
FTNT,2021-08-27,2021-08-27,56.92399978637695,63.21200180053711,25.0,157.2000503540039,TP2,MOMENTUM,0,0.0,11.046310936964412,SMALL_WIN,True,False,False,True,False
FTNT,2021-09-13,2021-09-13,56.92399978637695,59.38399887084961,18.0,44.27998352050781,RUNNER,MOMENTUM,0,0.0,4.321549950292465,SMALL_WIN,True,False,False,False,True
FULT,2018-09-26,2018-09-26,12.888071060180664,12.347527503967283,541.0,-292.434063911438,STOP,MOMENTUM,0,0.0,-4.194138546329536,SMALL_WIN,False,True,False,False,False
FYBR,2021-08-06,2021-08-06,31.020000457763672,29.777036666870124,170.0,-211.3038444519043,STOP,MOMENTUM,0,0.0,-4.006975411189803,SMALL_WIN,False,True,False,False,False
FYBR,2021-09-14,2021-09-14,33.220001220703125,31.56892967224121,129.0,-212.9882297515869,STOP,MOMENTUM,0,0.0,-4.97011284705476,SMALL_WIN,False,True,False,False,False
FYBR,2024-07-19,2024-07-19,28.020000457763672,26.729999542236328,166.0,-214.14015197753903,STOP,MOMENTUM,0,0.0,-4.6038575819149035,SMALL_WIN,False,True,False,False,False
GDDY,2021-02-12,2021-02-12,91.1999969482422,85.75,61.0,-332.44981384277344,STOP,MOMENTUM,0,0.0,-5.975874046723015,SMALL_WIN,False,True,False,False,False
GE,2020-01-31,2020-01-31,62.72764587402344,60.08917999267578,99.0,-261.208122253418,STOP,MOMENTUM,0,0.0,-4.206224934132734,SMALL_WIN,False,True,False,False,False
GE,2020-09-21,2020-09-21,32.802757263183594,30.76169776916504,132.0,-269.4198532104492,STOP,MOMENTUM,0,0.0,-6.2222193020016405,SMALL_WIN,False,True,False,False,False
GFS,2024-07-22,2024-07-22,58.130001068115234,55.36357116699219,63.0,-174.28508377075195,STOP,MOMENTUM,0,0.0,-4.759039825031856,SMALL_WIN,False,True,False,False,False
GGAL,2024-04-09,2024-04-09,25.12691879272461,27.18512344360352,55.0,113.20125579833984,TP1,MOMENTUM,0,0.0,8.191233743609066,SMALL_WIN,True,False,True,False,False
GGAL,2024-04-30,2024-04-30,25.12691879272461,29.38572120666504,33.0,140.54047966003418,TP2,MOMENTUM,0,0.0,16.9491629637198,SMALL_WIN,True,False,False,True,False
GGAL,2024-05-22,2024-05-22,25.12691879272461,30.427770614624023,23.0,121.91959190368652,RUNNER,MOMENTUM,0,0.0,21.09630657712896,SMALL_WIN,True,False,False,False,True
GH,2024-04-09,2024-04-09,25.12691879272461,27.18512344360352,55.0,113.20125579833984,TP1,MOMENTUM,0,0.0,8.191233743609066,SMALL_WIN,True,False,True,False,False
GH,2024-04-30,2024-04-30,25.12691879272461,29.38572120666504,33.0,140.54047966003418,TP2,MOMENTUM,0,0.0,16.9491629637198,SMALL_WIN,True,False,False,True,False
GH,2024-05-22,2024-05-22,25.12691879272461,30.427770614624023,23.0,121.91959190368652,RUNNER,MOMENTUM,0,0.0,21.09630657712896,SMALL_WIN,True,False,False,False,True
GIFI,2024-04-09,2024-04-09,25.12691879272461,27.18512344360352,55.0,113.20125579833984,TP1,MOMENTUM,0,0.0,8.191233743609066,SMALL_WIN,True,False,True,False,False
GIFI,2024-04-30,2024-04-30,25.12691879272461,29.38572120666504,33.0,140.54047966003418,TP2,MOMENTUM,0,0.0,16.9491629637198,SMALL_WIN,True,False,False,True,False
GIFI,2024-05-22,2024-05-22,25.12691879272461,30.427770614624023,23.0,121.91959190368652,RUNNER,MOMENTUM,0,0.0,21.09630657712896,SMALL_WIN,True,False,False,False,True
GM,2020-09-10,2020-09-10,31.24126243591309,29.10898208618164,156.0,-332.63573455810547,STOP,MOMENTUM,0,0.0,-6.825205460584407,SMALL_WIN,False,True,False,False,False
GME,2018-08-22,2018-08-22,3.788728713989258,3.9622788429260254,1056.0,183.26893615722656,TP1,MOMENTUM,0,0.0,4.580695585196223,SMALL_WIN,True,False,True,False,False
GME,2018-08-27,2018-08-27,3.788728713989258,3.379757642745972,1056.0,-431.87345123291016,STOP,MOMENTUM,0,0.0,-10.794414224835567,SMALL_WIN,False,True,False,False,False
GME,2022-10-31,2022-10-31,28.170000076293945,33.09975051879883,33.0,162.68176460266113,TP2,MOMENTUM,0,0.0,17.500001523441398,SMALL_WIN,True,False,False,True,False
GME,2022-11-03,2022-11-03,28.170000076293945,26.19809913635254,80.0,-157.7520751953125,STOP,MOMENTUM,0,0.0,-7.000003317716817,SMALL_WIN,False,True,False,False,False
GNRC,2019-10-14,2019-10-14,86.1500015258789,82.3421401977539,68.0,-258.9345703125,STOP,MOMENTUM,0,0.0,-4.420036286338478,SMALL_WIN,False,True,False,False,False
GNSS,2020-11-06,2020-11-06,46.54999923706055,44.21685409545898,118.0,-275.3111267089844,STOP,MOMENTUM,0,0.0,-5.012127131774561,SMALL_WIN,False,True,False,False,False
GNTX,2020-11-06,2020-11-06,46.54999923706055,44.21685409545898,118.0,-275.3111267089844,STOP,MOMENTUM,0,0.0,-5.012127131774561,SMALL_WIN,False,True,False,False,False
GO,2020-11-06,2020-11-06,46.54999923706055,44.21685409545898,118.0,-275.3111267089844,STOP,MOMENTUM,0,0.0,-5.012127131774561,SMALL_WIN,False,True,False,False,False
GOCO,2020-11-06,2020-11-06,46.54999923706055,44.21685409545898,118.0,-275.3111267089844,STOP,MOMENTUM,0,0.0,-5.012127131774561,SMALL_WIN,False,True,False,False,False
GOOGL,2020-05-26,2020-05-26,66.60574340820312,70.97097778320312,37.0,161.513671875,TP1,MOMENTUM,0,0.0,6.5538407825388525,SMALL_WIN,True,False,True,False,False
GOOGL,2020-07-07,2020-07-07,66.60574340820312,75.33621215820312,22.0,192.0703125,TP2,MOMENTUM,0,0.0,13.107681565077705,SMALL_WIN,True,False,False,True,False
GOOGL,2020-07-28,2020-07-28,66.60574340820312,74.61870574951172,16.0,128.2073974609375,RUNNER,MOMENTUM,0,0.0,12.030437513774107,SMALL_WIN,True,False,False,False,True
GPRE,2021-08-05,2021-08-05,36.0,33.439998626708984,84.0,-215.0401153564453,STOP,MOMENTUM,0,0.0,-7.111114925808376,SMALL_WIN,False,True,False,False,False
GPRO,2021-08-05,2021-08-05,36.0,33.439998626708984,84.0,-215.0401153564453,STOP,MOMENTUM,0,0.0,-7.111114925808376,SMALL_WIN,False,True,False,False,False
GRCE,2021-08-05,2021-08-05,36.0,33.439998626708984,84.0,-215.0401153564453,STOP,MOMENTUM,0,0.0,-7.111114925808376,SMALL_WIN,False,True,False,False,False
GRDX,2021-08-05,2021-08-05,36.0,33.439998626708984,84.0,-215.0401153564453,STOP,MOMENTUM,0,0.0,-7.111114925808376,SMALL_WIN,False,True,False,False,False
GS,2022-08-05,2022-08-05,290.8507995605469,307.9813842773437,7.0,119.91409301757812,TP1,MOMENTUM,0,0.0,5.889818677713751,SMALL_WIN,True,False,True,False,False
GS,2022-08-11,2022-08-11,290.8507995605469,325.11199951171875,4.0,137.0447998046875,TP2,MOMENTUM,0,0.0,11.779647847947437,SMALL_WIN,True,False,False,True,False
GS,2022-08-23,2022-08-23,290.8507995605469,311.0882568359375,4.0,80.9498291015625,RUNNER,MOMENTUM,0,0.0,6.958020162216457,SMALL_WIN,True,False,False,False,True
GTM,2021-02-02,2021-02-02,50.220001220703125,46.7046012878418,76.0,-267.17039489746094,STOP,MOMENTUM,0,0.0,-6.999999696161117,SMALL_WIN,False,True,False,False,False
GTX,2021-02-02,2021-02-02,50.220001220703125,46.7046012878418,76.0,-267.17039489746094,STOP,MOMENTUM,0,0.0,-6.999999696161117,SMALL_WIN,False,True,False,False,False
GURE,2021-02-02,2021-02-02,50.220001220703125,46.7046012878418,76.0,-267.17039489746094,STOP,MOMENTUM,0,0.0,-6.999999696161117,SMALL_WIN,False,True,False,False,False
GWAV,2021-02-02,2021-02-02,50.220001220703125,46.7046012878418,76.0,-267.17039489746094,STOP,MOMENTUM,0,0.0,-6.999999696161117,SMALL_WIN,False,True,False,False,False
GWW,2018-08-09,2018-08-09,306.3394470214844,322.72918701171875,11.0,180.28713989257807,TP1,MOMENTUM,0,0.0,5.350189193585936,SMALL_WIN,True,False,True,False,False
GWW,2018-10-10,2018-10-10,306.3394470214844,286.9355163574219,11.0,-213.4432373046875,STOP,MOMENTUM,0,0.0,-6.334127339043494,SMALL_WIN,False,True,False,False,False
GWW,2022-11-10,2022-11-10,558.7776489257812,592.035400390625,4.0,133.031005859375,TP1,MOMENTUM,0,0.0,5.951875764676686,SMALL_WIN,True,False,True,False,False
GWW,2023-01-04,2023-01-04,558.7776489257812,532.9641723632812,4.0,-103.25390625,STOP,MOMENTUM,0,0.0,-4.619632981405925,SMALL_WIN,False,True,False,False,False
HAFC,2021-06-23,2021-06-23,4490.0,15.57637882232666,1.0,-4474.423621177673,STOP,MOMENTUM,0,0.0,-99.6530873313513,SMALL_WIN,False,True,False,False,False
HAIN,2021-06-23,2021-06-23,4490.0,39.86000061035156,1.0,-4450.139999389648,STOP,MOMENTUM,0,0.0,-99.11224942961356,SMALL_WIN,False,True,False,False,False
HAL,2022-01-11,2022-01-11,23.428916931152344,25.09648323059082,93.0,155.08366584777832,TP1,MOMENTUM,0,0.0,7.117556071152359,SMALL_WIN,True,False,True,False,False
HAL,2022-01-14,2022-01-14,23.428916931152344,26.47844886779785,55.0,167.72425651550293,TP2,MOMENTUM,0,0.0,13.016102902267267,SMALL_WIN,True,False,False,True,False
HAL,2022-02-18,2022-02-18,23.428916931152344,29.721460342407227,38.0,239.11664962768555,RUNNER,MOMENTUM,0,0.0,26.85802092237554,SMALL_WIN,True,False,False,False,True
HALO,2021-06-23,2021-06-23,4490.0,43.130001068115234,1.0,-4446.869998931885,STOP,MOMENTUM,0,0.0,-99.03942091162327,SMALL_WIN,False,True,False,False,False
HALO,2023-07-21,2023-07-21,40.27000045776367,42.94321441650391,45.0,120.29462814331056,TP1,MOMENTUM,0,0.0,6.638226790049277,SMALL_WIN,True,False,True,False,False
HALO,2023-09-11,2023-09-11,40.27000045776367,37.5,46.0,-127.4200210571289,STOP,MOMENTUM,0,0.0,-6.878570713374904,SMALL_WIN,False,True,False,False,False
HALO,2024-02-23,2024-02-23,38.36000061035156,40.69169616699219,50.0,116.58477783203124,TP1,MOMENTUM,0,0.0,6.078455473255153,SMALL_WIN,True,False,True,False,False
HALO,2024-05-08,2024-05-08,38.36000061035156,43.02339553833008,30.0,139.90184783935547,TP2,MOMENTUM,0,0.0,12.156920890976432,SMALL_WIN,True,False,False,True,False
HALO,2024-05-28,2024-05-28,38.36000061035156,43.08000183105469,20.0,94.4000244140625,RUNNER,MOMENTUM,0,0.0,12.304486823781275,SMALL_WIN,True,False,False,False,True
HAR,2021-07-13,2021-07-13,4490.0,4272.5,1.0,-217.5,STOP,MOMENTUM,0,0.0,-4.844097995545657,SMALL_WIN,False,True,False,False,False
HAS,2020-12-02,2020-12-02,78.7722396850586,75.43892669677734,82.0,-273.3316650390625,STOP,MOMENTUM,0,0.0,-4.231583361864863,SMALL_WIN,False,True,False,False,False
HBI,2021-08-11,2021-08-11,18.088701248168945,19.216768264770508,135.0,152.28904724121094,TP1,MOMENTUM,0,0.0,6.23630741159901,SMALL_WIN,True,False,True,False,False
HBI,2021-08-19,2021-08-19,18.088701248168945,17.307510375976562,135.0,-105.46076774597168,STOP,MOMENTUM,0,0.0,-4.3186675564751225,SMALL_WIN,False,True,False,False,False
HBI,2024-06-13,2024-06-13,5.300000190734863,4.940000057220459,542.0,-195.12007236480716,STOP,MOMENTUM,0,0.0,-6.79245510488348,SMALL_WIN,False,True,False,False,False
HD,2022-12-01,2022-12-01,287.0736389160156,303.4898986816406,8.0,131.330078125,TP1,MOMENTUM,0,0.0,5.718483880168333,SMALL_WIN,True,False,True,False,False
HD,2022-12-13,2022-12-13,287.0736389160156,319.9061889648437,5.0,164.16275024414062,TP2,MOMENTUM,0,0.0,11.436978390911538,SMALL_WIN,True,False,False,True,False
HD,2022-12-19,2022-12-19,287.0736389160156,294.02691650390625,4.0,27.8131103515625,RUNNER,MOMENTUM,0,0.0,2.422123331890056,SMALL_WIN,True,False,False,False,True
HPE,2021-01-29,2021-01-29,11.27462387084961,10.644903182983398,571.0,-359.57051277160645,STOP,MOMENTUM,0,0.0,-5.585292202024986,SMALL_WIN,False,True,False,False,False
HPQ,2020-09-04,2020-09-04,16.457887649536133,15.793413162231444,413.0,-274.42796325683594,STOP,MOMENTUM,0,0.0,-4.03742267206093,SMALL_WIN,False,True,False,False,False
HSIC,2019-06-07,2019-06-07,66.70999908447266,70.37026977539062,45.0,164.7121810913086,TP1,MOMENTUM,0,0.0,5.486839665944365,SMALL_WIN,True,False,True,False,False
HSIC,2019-08-06,2019-08-06,66.70999908447266,61.7599983215332,46.0,-227.70003509521484,STOP,MOMENTUM,0,0.0,-7.420178130524977,SMALL_WIN,False,True,False,False,False
HSY,2024-12-11,2024-12-11,187.5017547607422,171.38038635253906,23.0,-370.7914733886719,STOP,MOMENTUM,0,0.0,-8.59798268489512,SMALL_WIN,False,True,False,False,False
HUBB,2018-12-04,2018-12-04,97.36700439453124,92.7342300415039,70.0,-324.29420471191406,STOP,MOMENTUM,0,0.0,-4.758053697796161,SMALL_WIN,False,True,False,False,False
HUM,2020-11-06,2020-11-06,431.1069641113281,409.7976684570313,12.0,-255.7115478515625,STOP,MOMENTUM,0,0.0,-4.942925405583105,SMALL_WIN,False,True,False,False,False
HWM,2022-10-31,2022-10-31,35.7892951965332,34.09517288208008,131.0,-221.93002319335935,STOP,MOMENTUM,0,0.0,-4.73360066229309,SMALL_WIN,False,True,False,False,False
IBKR,2018-05-09,2018-05-09,17.717525482177734,18.87011337280273,164.0,189.0244140625,TP1,MOMENTUM,0,0.0,6.5053547787155805,SMALL_WIN,True,False,True,False,False
IBKR,2018-06-04,2018-06-04,17.717525482177734,16.74458122253418,165.0,-160.53580284118652,STOP,MOMENTUM,0,0.0,-5.491422945163819,SMALL_WIN,False,True,False,False,False
IBKR,2023-01-20,2023-01-20,19.906082153320312,19.0972900390625,270.0,-218.37387084960935,STOP,MOMENTUM,0,0.0,-4.063040170478281,SMALL_WIN,False,True,False,False,False
ICLR,2018-12-06,2018-12-06,147.1699981689453,139.6539306640625,36.0,-270.57843017578125,STOP,MOMENTUM,0,0.0,-5.10706502574979,SMALL_WIN,False,True,False,False,False
ICMB,2018-12-06,2018-12-06,147.1699981689453,139.6539306640625,36.0,-270.57843017578125,STOP,MOMENTUM,0,0.0,-5.10706502574979,SMALL_WIN,False,True,False,False,False
ICUI,2018-12-06,2018-12-06,147.1699981689453,139.6539306640625,36.0,-270.57843017578125,STOP,MOMENTUM,0,0.0,-5.10706502574979,SMALL_WIN,False,True,False,False,False
IDCC,2018-12-06,2018-12-06,147.1699981689453,139.6539306640625,36.0,-270.57843017578125,STOP,MOMENTUM,0,0.0,-5.10706502574979,SMALL_WIN,False,True,False,False,False
IGIC,2021-02-01,2021-02-01,14.859999656677246,13.819799423217772,280.0,-291.25606536865234,STOP,MOMENTUM,0,0.0,-7.000001732786483,SMALL_WIN,False,True,False,False,False
IGOV,2021-02-01,2021-02-01,14.859999656677246,13.819799423217772,280.0,-291.25606536865234,STOP,MOMENTUM,0,0.0,-7.000001732786483,SMALL_WIN,False,True,False,False,False
IGSB,2021-02-01,2021-02-01,14.859999656677246,13.819799423217772,280.0,-291.25606536865234,STOP,MOMENTUM,0,0.0,-7.000001732786483,SMALL_WIN,False,True,False,False,False
IHRT,2021-02-01,2021-02-01,14.859999656677246,13.819799423217772,280.0,-291.25606536865234,STOP,MOMENTUM,0,0.0,-7.000001732786483,SMALL_WIN,False,True,False,False,False
III,2024-10-10,2024-10-10,23.399999618530277,22.299999237060547,179.0,-196.90006828308103,STOP,MOMENTUM,0,0.0,-4.7008564077011545,SMALL_WIN,False,True,False,False,False
IIIV,2024-10-10,2024-10-10,23.399999618530277,22.299999237060547,179.0,-196.90006828308103,STOP,MOMENTUM,0,0.0,-4.7008564077011545,SMALL_WIN,False,True,False,False,False
IJT,2024-10-10,2024-10-10,23.399999618530277,22.299999237060547,179.0,-196.90006828308103,STOP,MOMENTUM,0,0.0,-4.7008564077011545,SMALL_WIN,False,True,False,False,False
ILLR,2024-10-10,2024-10-10,23.399999618530277,22.299999237060547,179.0,-196.90006828308103,STOP,MOMENTUM,0,0.0,-4.7008564077011545,SMALL_WIN,False,True,False,False,False
ILMN,2018-08-27,2018-08-27,315.5252990722656,335.7198486328125,9.0,181.75094604492188,TP1,MOMENTUM,0,0.0,6.400294879657705,SMALL_WIN,True,False,True,False,False
ILMN,2018-09-26,2018-09-26,315.5252990722656,353.7105712890625,6.0,229.11163330078125,TP2,MOMENTUM,0,0.0,12.102126938496681,SMALL_WIN,True,False,False,True,False
ILMN,2018-10-04,2018-10-04,315.5252990722656,335.3210144042969,4.0,79.182861328125,RUNNER,MOMENTUM,0,0.0,6.2738916309520345,SMALL_WIN,True,False,False,False,True
IMTX,2024-05-16,2024-05-16,11.600000381469728,10.8100004196167,253.0,-199.86999034881592,STOP,MOMENTUM,0,0.0,-6.810344274772634,SMALL_WIN,False,True,False,False,False
INDI,2022-11-11,2022-11-11,8.100000381469727,9.15999984741211,197.0,208.8198947906494,TP1,MOMENTUM,0,0.0,13.086412543477538,SMALL_WIN,True,False,True,False,False
INDI,2022-11-16,2022-11-16,8.100000381469727,6.65500020980835,198.0,-286.11003398895264,STOP,MOMENTUM,0,0.0,-17.839507451963662,SMALL_WIN,False,True,False,False,False
INTA,2024-09-24,2024-09-24,47.5099983215332,50.29999923706055,42.0,117.18003845214844,TP1,MOMENTUM,0,0.0,5.872450040190418,SMALL_WIN,True,False,True,False,False
INTA,2024-10-07,2024-10-07,47.5099983215332,43.84999847412109,43.0,-157.3799934387207,STOP,MOMENTUM,0,0.0,-7.703641289655168,SMALL_WIN,False,True,False,False,False
INTC,2021-12-10,2021-12-10,48.75690460205078,46.52303695678711,97.0,-216.68516159057617,STOP,MOMENTUM,0,0.0,-4.581643694357316,SMALL_WIN,False,True,False,False,False
IONS,2022-08-05,2022-08-05,41.02000045776367,45.70000076293945,45.0,210.60001373291016,TP1,MOMENTUM,0,0.0,11.409069363601185,SMALL_WIN,True,False,True,False,False
IONS,2022-09-09,2022-09-09,41.02000045776367,46.97178649902344,27.0,160.69822311401367,TP2,MOMENTUM,0,0.0,14.509473366261988,SMALL_WIN,True,False,False,True,False
IONS,2022-09-21,2022-09-21,41.02000045776367,45.06999969482422,19.0,76.94998550415039,RUNNER,MOMENTUM,0,0.0,9.873230599377093,SMALL_WIN,True,False,False,False,True
IOVA,2020-09-01,2020-09-01,31.68000030517578,34.03714370727539,72.0,169.71432495117188,TP1,MOMENTUM,0,0.0,7.440477838993285,SMALL_WIN,True,False,True,False,False
IOVA,2020-09-04,2020-09-04,31.68000030517578,29.79428672790528,73.0,-137.65709114074707,STOP,MOMENTUM,0,0.0,-5.95237865879195,SMALL_WIN,False,True,False,False,False
IPG,2024-08-01,2024-08-01,30.317880630493164,29.02793312072754,140.0,-180.5926513671875,STOP,MOMENTUM,0,0.0,-4.254741700078533,SMALL_WIN,False,True,False,False,False
IRDM,2018-10-05,2018-10-05,21.34266662597656,19.6318473815918,235.0,-402.0425224304199,STOP,MOMENTUM,0,0.0,-8.015958241612111,SMALL_WIN,False,True,False,False,False
IRDM,2023-02-20,2023-02-20,61.428688049316406,58.5232048034668,71.0,-206.2893104553223,STOP,MOMENTUM,0,0.0,-4.72984746722414,SMALL_WIN,False,True,False,False,False
IRWD,2018-04-11,2018-04-11,13.291457176208496,14.690116882324222,156.0,218.19091415405276,TP1,MOMENTUM,0,0.0,10.522997498117077,SMALL_WIN,True,False,True,False,False
IRWD,2018-04-27,2018-04-27,13.291457176208496,15.644890785217283,93.0,218.86932563781735,TP2,MOMENTUM,0,0.0,17.70636264939708,SMALL_WIN,True,False,False,True,False
IRWD,2018-05-09,2018-05-09,13.291457176208496,14.698492050170898,63.0,88.64319705963135,RUNNER,MOMENTUM,0,0.0,10.586009158431276,SMALL_WIN,True,False,False,False,True
ITRI,2020-08-04,2020-08-04,71.41000366210938,66.80999755859375,91.0,-418.6005554199219,STOP,MOMENTUM,0,0.0,-6.44168305225339,SMALL_WIN,False,True,False,False,False
ITRI,2024-11-05,2024-11-05,111.76000213623048,117.68000030517578,19.0,112.47996520996094,TP1,MOMENTUM,0,0.0,5.297063399953319,SMALL_WIN,True,False,True,False,False
ITRI,2024-11-06,2024-11-06,111.76000213623048,123.32339477539062,12.0,138.76071166992188,TP2,MOMENTUM,0,0.0,10.346628863754756,SMALL_WIN,True,False,False,True,False
ITRI,2024-11-20,2024-11-20,111.76000213623048,114.11000061035156,8.0,18.79998779296875,RUNNER,MOMENTUM,0,0.0,2.102718709021274,SMALL_WIN,True,False,False,False,True
JAZZ,2020-09-16,2020-09-16,138.27000427246094,144.7642059326172,25.0,162.35504150390625,TP1,MOMENTUM,0,0.0,4.696753785701366,SMALL_WIN,True,False,True,False,False
JAZZ,2020-10-08,2020-10-08,138.27000427246094,154.82000732421875,15.0,248.2500457763672,TP2,MOMENTUM,0,0.0,11.969337195611887,SMALL_WIN,True,False,False,True,False
JAZZ,2020-10-21,2020-10-21,138.27000427246094,145.38999938964844,11.0,78.3199462890625,RUNNER,MOMENTUM,0,0.0,5.149341793002013,SMALL_WIN,True,False,False,False,True
JAZZ,2020-11-06,2020-11-06,157.3300018310547,148.7100067138672,39.0,-336.1798095703125,STOP,MOMENTUM,0,0.0,-5.478926471026098,SMALL_WIN,False,True,False,False,False
JAZZ,2022-11-11,2022-11-11,149.89999389648438,143.1553497314453,33.0,-222.57325744628903,STOP,MOMENTUM,0,0.0,-4.499429245938911,SMALL_WIN,False,True,False,False,False
JBHT,2023-01-23,2023-01-23,179.56405639648438,189.75962829589844,13.0,132.5424346923828,TP1,MOMENTUM,0,0.0,5.677958108109257,SMALL_WIN,True,False,True,False,False
JBHT,2023-03-10,2023-03-10,179.56405639648438,170.6387176513672,13.0,-116.02940368652344,STOP,MOMENTUM,0,0.0,-4.970559768047172,SMALL_WIN,False,True,False,False,False
JBL,2021-12-15,2021-12-15,64.5580062866211,61.397796630859375,68.0,-214.89425659179688,STOP,MOMENTUM,0,0.0,-4.895147538682024,SMALL_WIN,False,True,False,False,False
JD,2020-11-09,2020-11-09,81.04032135009766,76.50521087646484,61.0,-276.6417388916016,STOP,MOMENTUM,0,0.0,-5.596116103786092,SMALL_WIN,False,True,False,False,False
JD,2023-11-16,2023-11-16,26.997303009033203,25.78402328491211,152.0,-184.41851806640625,STOP,MOMENTUM,0,0.0,-4.49407751476188,SMALL_WIN,False,True,False,False,False
JOYY,2024-02-13,2024-02-13,31.05526161193848,29.512126922607425,122.0,-188.26243209838867,STOP,MOMENTUM,0,0.0,-4.968995942181444,SMALL_WIN,False,True,False,False,False
KELYA,2022-03-24,2022-03-24,20.972320556640625,19.674455642700195,163.0,-211.55198097229004,STOP,MOMENTUM,0,0.0,-6.188465937449525,SMALL_WIN,False,True,False,False,False
KIDS,2024-05-10,2024-05-10,33.599998474121094,31.09000015258789,87.0,-218.36985397338867,STOP,MOMENTUM,0,0.0,-7.470233439047378,SMALL_WIN,False,True,False,False,False
KKR,2024-07-16,2024-07-16,108.03030395507812,115.68515014648438,15.0,114.82269287109376,TP1,MOMENTUM,0,0.0,7.085832318484766,SMALL_WIN,True,False,True,False,False
KKR,2024-07-31,2024-07-31,108.03030395507812,122.87976837158206,9.0,133.64517974853516,TP2,MOMENTUM,0,0.0,13.745647168297062,SMALL_WIN,True,False,False,True,False
KKR,2024-08-02,2024-08-02,108.03030395507812,107.7031021118164,6.0,-1.9632110595703125,RUNNER,MOMENTUM,0,0.0,-0.30287968401697546,SMALL_WIN,False,False,False,False,True
KLAC,2018-08-17,2018-08-17,105.11441040039062,100.25443267822266,59.0,-286.73868560791016,STOP,MOMENTUM,0,0.0,-4.6235123268597125,SMALL_WIN,False,True,False,False,False
KLAC,2021-09-20,2021-09-20,355.6789855957031,339.57879638671875,16.0,-257.60302734375,STOP,MOMENTUM,0,0.0,-4.526606817104821,SMALL_WIN,False,True,False,False,False
KLIC,2021-06-28,2021-06-28,54.961204528808594,58.77818298339844,36.0,137.41122436523438,TP1,MOMENTUM,0,0.0,6.944859537401745,SMALL_WIN,True,False,True,False,False
KLIC,2021-07-06,2021-07-06,54.961204528808594,51.68063735961914,37.0,-121.38098526000977,STOP,MOMENTUM,0,0.0,-5.968877860873488,SMALL_WIN,False,True,False,False,False
KMX,2023-06-23,2023-06-23,79.08000183105469,86.20999908447266,26.0,185.3799285888672,TP1,MOMENTUM,0,0.0,9.016182458683279,SMALL_WIN,True,False,True,False,False
KMX,2023-09-28,2023-09-28,79.08000183105469,69.01000213623047,26.0,-261.8199920654297,STOP,MOMENTUM,0,0.0,-12.733939632851316,SMALL_WIN,False,True,False,False,False
KMX,2024-07-12,2024-07-12,76.93000030517578,81.27062225341797,25.0,108.51554870605467,TP1,MOMENTUM,0,0.0,5.642300703266933,SMALL_WIN,True,False,True,False,False
KMX,2024-07-31,2024-07-31,76.93000030517578,85.61124420166016,15.0,130.21865844726562,TP2,MOMENTUM,0,0.0,11.284601406533866,SMALL_WIN,True,False,False,True,False
KMX,2024-08-02,2024-08-02,76.93000030517578,78.37999725341797,10.0,14.499969482421877,RUNNER,MOMENTUM,0,0.0,1.8848263908620224,SMALL_WIN,True,False,False,False,True
KNSA,2024-01-04,2024-01-04,19.979999542236328,18.58139991760254,136.0,-190.2095489501953,STOP,MOMENTUM,0,0.0,-6.9999982816678585,SMALL_WIN,False,True,False,False,False
KOPN,2021-10-29,2021-10-29,5.400000095367432,5.022000312805176,585.0,-221.12987279891968,STOP,MOMENTUM,0,0.0,-6.999995849750733,SMALL_WIN,False,True,False,False,False
KR,2021-12-08,2021-12-08,40.95412063598633,38.92181015014648,105.0,-213.3926010131836,STOP,MOMENTUM,0,0.0,-4.9624078219226995,SMALL_WIN,False,True,False,False,False
KRNT,2019-04-04,2019-04-04,25.399999618530277,27.21999931335449,108.0,196.5599670410156,TP1,MOMENTUM,0,0.0,7.165353236842015,SMALL_WIN,True,False,True,False,False
KRNT,2019-04-23,2019-04-23,25.399999618530277,28.63999938964844,64.0,207.3599853515625,TP2,MOMENTUM,0,0.0,12.7559048022759,SMALL_WIN,True,False,False,True,False
KRNT,2019-05-01,2019-05-01,25.399999618530277,27.59000015258789,44.0,96.36002349853516,RUNNER,MOMENTUM,0,0.0,8.622049476173721,SMALL_WIN,True,False,False,False,True
KRNT,2020-11-20,2020-11-20,73.87000274658203,80.33362579345703,26.0,168.05419921875,TP1,MOMENTUM,0,0.0,8.749997030660827,SMALL_WIN,True,False,True,False,False
KRNT,2020-12-04,2020-12-04,73.87000274658203,87.06999969482422,15.0,197.9999542236328,TP2,MOMENTUM,0,0.0,17.869224932244844,SMALL_WIN,True,False,False,True,False
KRNT,2021-01-04,2021-01-04,73.87000274658203,81.7699966430664,11.0,86.89993286132812,RUNNER,MOMENTUM,0,0.0,10.694454586100456,SMALL_WIN,True,False,False,False,True
KRNT,2021-09-16,2021-09-16,141.22000122070312,149.1696014404297,16.0,127.193603515625,TP1,MOMENTUM,0,0.0,5.62923109404501,SMALL_WIN,True,False,True,False,False
KRNT,2021-09-23,2021-09-23,141.22000122070312,157.11920166015625,10.0,158.99200439453125,TP2,MOMENTUM,0,0.0,11.25846218809002,SMALL_WIN,True,False,False,True,False
KRNT,2021-09-28,2021-09-28,141.22000122070312,145.0500030517578,7.0,26.81001281738281,RUNNER,MOMENTUM,0,0.0,2.712081715017859,SMALL_WIN,True,False,False,False,True
KRUS,2024-09-12,2024-09-12,70.31999969482422,76.94999694824219,17.0,112.70995330810548,TP1,MOMENTUM,0,0.0,9.428323780134997,SMALL_WIN,True,False,True,False,False
KRUS,2024-09-18,2024-09-18,70.31999969482422,82.6259994506836,10.0,123.05999755859376,TP2,MOMENTUM,0,0.0,17.499999728761573,SMALL_WIN,True,False,False,True,False
KRUS,2024-11-08,2024-11-08,70.31999969482422,90.97000122070312,8.0,165.20001220703125,RUNNER,MOMENTUM,0,0.0,29.36575883887385,SMALL_WIN,True,False,False,False,True
KRYS,2024-06-13,2024-06-13,176.8300018310547,189.9399871826172,8.0,104.8798828125,TP1,MOMENTUM,0,0.0,7.413891995594686,SMALL_WIN,True,False,True,False,False
KRYS,2024-07-12,2024-07-12,176.8300018310547,203.1300048828125,5.0,131.50001525878906,TP2,MOMENTUM,0,0.0,14.873043476460019,SMALL_WIN,True,False,False,True,False
KRYS,2024-07-30,2024-07-30,176.8300018310547,202.88999938964844,4.0,104.239990234375,RUNNER,MOMENTUM,0,0.0,14.737316795083085,SMALL_WIN,True,False,False,False,True
KSS,2021-01-29,2021-01-29,35.25341033935547,32.59739303588867,124.0,-329.3461456298828,STOP,MOMENTUM,0,0.0,-7.5340719604132245,SMALL_WIN,False,True,False,False,False
KTOS,2019-02-12,2019-02-12,16.450000762939453,17.391517639160156,178.0,167.59000396728516,TP1,MOMENTUM,0,0.0,5.723506580874245,SMALL_WIN,True,False,True,False,False
KTOS,2019-03-15,2019-03-15,16.450000762939453,15.460000038146973,178.0,-176.22012901306152,STOP,MOMENTUM,0,0.0,-6.018241208978383,SMALL_WIN,False,True,False,False,False
KTOS,2020-09-21,2020-09-21,21.61000061035156,19.76000022888184,256.0,-473.60009765625,STOP,MOMENTUM,0,0.0,-8.560852981112573,SMALL_WIN,False,True,False,False,False
KTOS,2023-05-08,2023-05-08,13.979999542236328,13.210000038146973,283.0,-217.9098596572876,STOP,MOMENTUM,0,0.0,-5.50786501646896,SMALL_WIN,False,True,False,False,False
KTOS,2024-10-30,2024-10-30,24.81999969482422,23.540714263916016,142.0,-181.65853118896484,STOP,MOMENTUM,0,0.0,-5.154252403858715,SMALL_WIN,False,True,False,False,False
LAB,2019-02-14,2019-02-14,9.350000381469728,10.289999961853027,205.0,192.69991397857663,TP1,MOMENTUM,0,0.0,10.053471037779167,SMALL_WIN,True,False,True,False,False
LAB,2019-02-21,2019-02-21,9.350000381469728,10.986250877380373,123.0,201.25881099700928,TP2,MOMENTUM,0,0.0,17.5000045898762,SMALL_WIN,True,False,False,True,False
LAB,2019-04-04,2019-04-04,9.350000381469728,12.989999771118164,82.0,298.4799499511719,RUNNER,MOMENTUM,0,0.0,38.930473167277725,SMALL_WIN,True,False,False,False,True
LAKE,2021-07-20,2021-07-20,23.94847869873047,22.412567138671875,153.0,-234.99446868896484,STOP,MOMENTUM,0,0.0,-6.4133992784268745,SMALL_WIN,False,True,False,False,False
LAUR,2023-01-24,2023-01-24,9.782442092895508,10.285322189331056,272.0,136.78338623046875,TP1,MOMENTUM,0,0.0,5.140639644580807,SMALL_WIN,True,False,True,False,False
LAUR,2023-02-02,2023-02-02,9.782442092895508,10.785067558288574,163.0,163.42795085906982,TP2,MOMENTUM,0,0.0,10.249234862542375,SMALL_WIN,True,False,False,True,False
LAUR,2023-02-08,2023-02-08,9.782442092895508,9.924766540527344,109.0,15.513364791870115,RUNNER,MOMENTUM,0,0.0,1.4548969089753054,SMALL_WIN,True,False,False,False,True
LBRDA,2022-11-03,2022-11-03,80.18743896484375,75.145263671875,50.0,-252.1087646484375,STOP,MOMENTUM,0,0.0,-6.287986445332629,SMALL_WIN,False,True,False,False,False
LDOS,2020-11-09,2020-11-09,86.21111297607422,90.6859893798828,38.0,170.04530334472656,TP1,MOMENTUM,0,0.0,5.190602753325416,SMALL_WIN,True,False,True,False,False
LDOS,2020-11-18,2020-11-18,86.21111297607422,95.1608657836914,23.0,205.8443145751953,TP2,MOMENTUM,0,0.0,10.381205506650833,SMALL_WIN,True,False,False,True,False
LDOS,2020-12-21,2020-12-21,86.21111297607422,96.61740112304688,16.0,166.5006103515625,RUNNER,MOMENTUM,0,0.0,12.070703866055721,SMALL_WIN,True,False,False,False,True
LEGN,2021-07-21,2021-07-21,43.869998931884766,47.59999847412109,38.0,141.73998260498047,TP1,MOMENTUM,0,0.0,8.502392598704533,SMALL_WIN,True,False,True,False,False
LEGN,2021-07-27,2021-07-27,43.869998931884766,41.128211975097656,39.0,-106.92969131469728,STOP,MOMENTUM,0,0.0,-6.2497994610033505,SMALL_WIN,False,True,False,False,False
LEN,2019-03-29,2019-03-29,45.98473358154297,43.688621520996094,145.0,-332.9362487792969,STOP,MOMENTUM,0,0.0,-4.993205095937475,SMALL_WIN,False,True,False,False,False
LGIH,2019-03-28,2019-03-28,63.54999923706055,60.014286041259766,77.0,-272.24991607666016,STOP,MOMENTUM,0,0.0,-5.563671499997209,SMALL_WIN,False,True,False,False,False
LGIH,2021-05-10,2021-05-10,174.6199951171875,186.33338928222656,14.0,163.98751831054688,TP1,MOMENTUM,0,0.0,6.707934081190532,SMALL_WIN,True,False,True,False,False
LGIH,2021-05-12,2021-05-12,174.6199951171875,164.32000732421875,15.0,-154.49981689453125,STOP,MOMENTUM,0,0.0,-5.8985156803242536,SMALL_WIN,False,True,False,False,False
LGIH,2024-09-18,2024-09-18,116.47000122070312,123.80125427246094,15.0,109.9687957763672,TP1,MOMENTUM,0,0.0,6.294541920597702,SMALL_WIN,True,False,True,False,False
LGIH,2024-10-04,2024-10-04,116.47000122070312,110.6050033569336,15.0,-87.97496795654297,STOP,MOMENTUM,0,0.0,-5.0356296061642,SMALL_WIN,False,True,False,False,False
LGND,2018-07-12,2018-07-12,129.74423217773438,138.0523223876953,22.0,182.77798461914065,TP1,MOMENTUM,0,0.0,6.40343703185189,SMALL_WIN,True,False,True,False,False
LGND,2018-07-19,2018-07-19,129.74423217773438,146.3603973388672,13.0,216.01014709472656,TP2,MOMENTUM,0,0.0,12.806862303035263,SMALL_WIN,True,False,False,True,False
LGND,2018-07-30,2018-07-30,129.74423217773438,134.35433959960938,9.0,41.490966796875,RUNNER,MOMENTUM,0,0.0,3.553227256807604,SMALL_WIN,True,False,False,False,True
LI,2021-12-02,2021-12-02,34.47999954223633,32.06639862060547,90.0,-217.22408294677732,STOP,MOMENTUM,0,0.0,-7.0000027658768245,SMALL_WIN,False,True,False,False,False
LILAK,2021-08-10,2021-08-10,14.529999732971191,13.680892944335938,248.0,-210.57848358154297,STOP,MOMENTUM,0,0.0,-5.843818336131675,SMALL_WIN,False,True,False,False,False
LITE,2019-08-12,2019-08-12,60.63999938964844,56.92642974853517,72.0,-267.37701416015625,STOP,MOMENTUM,0,0.0,-6.123960551601204,SMALL_WIN,False,True,False,False,False
LITE,2019-12-23,2019-12-23,75.02999877929688,79.29080200195312,38.0,161.9105224609375,TP1,MOMENTUM,0,0.0,5.678799536155582,SMALL_WIN,True,False,True,False,False
LITE,2020-01-08,2020-01-08,75.02999877929688,83.55160522460938,23.0,195.9969482421875,TP2,MOMENTUM,0,0.0,11.357599072311164,SMALL_WIN,True,False,False,True,False
LITE,2020-01-15,2020-01-15,75.02999877929688,75.88999938964844,16.0,13.760009765625,RUNNER,MOMENTUM,0,0.0,1.1462090155182882,SMALL_WIN,True,False,False,False,True
LITE,2020-02-11,2020-02-11,86.5199966430664,92.34950256347656,28.0,163.22616577148438,TP1,MOMENTUM,0,0.0,6.737755601701499,SMALL_WIN,True,False,True,False,False
LITE,2020-02-24,2020-02-24,86.5199966430664,80.0,29.0,-189.07990264892575,STOP,MOMENTUM,0,0.0,-7.5358262783623315,SMALL_WIN,False,True,False,False,False
LITE,2021-12-14,2021-12-14,96.97000122070312,102.776611328125,23.0,133.55203247070312,TP1,MOMENTUM,0,0.0,5.988047885248621,SMALL_WIN,True,False,True,False,False
LITE,2022-01-04,2022-01-04,96.97000122070312,108.58321380615234,13.0,150.97176361083984,TP2,MOMENTUM,0,0.0,11.976087902708816,SMALL_WIN,True,False,False,True,False
LITE,2022-01-13,2022-01-13,96.97000122070312,105.31999969482422,10.0,83.49998474121094,RUNNER,MOMENTUM,0,0.0,8.610908908948604,SMALL_WIN,True,False,False,False,True
LITE,2024-02-06,2024-02-06,55.91999816894531,59.15370178222656,36.0,116.413330078125,TP1,MOMENTUM,0,0.0,5.78273197275793,SMALL_WIN,True,False,True,False,False
LITE,2024-02-08,2024-02-08,55.91999816894531,45.584999084472656,36.0,-372.0599670410156,STOP,MOMENTUM,0,0.0,-18.481758624613313,SMALL_WIN,False,True,False,False,False
LLY,2020-07-30,2020-07-30,153.81338500976562,143.7508087158203,32.0,-322.00244140625,STOP,MOMENTUM,0,0.0,-6.542068034785424,SMALL_WIN,False,True,False,False,False
LLY,2021-12-20,2021-12-20,265.194091796875,253.8264617919922,19.0,-215.98497009277344,STOP,MOMENTUM,0,0.0,-4.2865321500411975,SMALL_WIN,False,True,False,False,False
LNTH,2019-11-21,2019-11-21,20.850000381469727,19.91142845153809,280.0,-262.8001403808594,STOP,MOMENTUM,0,0.0,-4.5015439460892726,SMALL_WIN,False,True,False,False,False
LNTH,2023-05-26,2023-05-26,94.86000061035156,90.00921630859375,38.0,-184.32980346679688,STOP,MOMENTUM,0,0.0,-5.113624573631378,SMALL_WIN,False,True,False,False,False
LQDA,2024-03-22,2024-03-22,15.31999969482422,16.729999542236328,86.0,121.2599868774414,TP1,MOMENTUM,0,0.0,9.203654539813536,SMALL_WIN,True,False,True,False,False
LQDA,2024-04-12,2024-04-12,15.31999969482422,13.949999809265137,86.0,-117.81999015808104,STOP,MOMENTUM,0,0.0,-8.942558177869474,SMALL_WIN,False,True,False,False,False
LSCC,2018-10-09,2018-10-09,8.550000190734863,8.1899995803833,803.0,-289.0804901123047,STOP,MOMENTUM,0,0.0,-4.210533360474941,SMALL_WIN,False,True,False,False,False
LSCC,2024-09-19,2024-09-19,50.310001373291016,54.63053894042969,25.0,108.0134391784668,TP1,MOMENTUM,0,0.0,8.587830350234087,SMALL_WIN,True,False,True,False,False
LSCC,2024-12-04,2024-12-04,50.310001373291016,59.36000061035156,15.0,135.7499885559082,TP2,MOMENTUM,0,0.0,17.988469469343098,SMALL_WIN,True,False,False,True,False
LSCC,2024-12-18,2024-12-18,50.310001373291016,58.54999923706055,11.0,90.63997650146484,RUNNER,MOMENTUM,0,0.0,16.378448894545347,SMALL_WIN,True,False,False,False,True
LSTR,2022-07-21,2022-07-21,144.60536193847656,138.83139038085938,37.0,-213.63694763183597,STOP,MOMENTUM,0,0.0,-3.992916638923644,SMALL_WIN,False,True,False,False,False
LULU,2018-04-05,2018-04-05,85.95999908447266,91.2699966430664,39.0,207.08990478515625,TP1,MOMENTUM,0,0.0,6.177288989237459,SMALL_WIN,True,False,True,False,False
LULU,2018-04-18,2018-04-18,85.95999908447266,95.19035339355467,24.0,221.52850341796875,TP2,MOMENTUM,0,0.0,10.737964643312045,SMALL_WIN,True,False,False,True,False
LULU,2018-05-04,2018-05-04,85.95999908447266,95.48999786376952,16.0,152.47998046875,RUNNER,MOMENTUM,0,0.0,11.08655058259339,SMALL_WIN,True,False,False,False,True
LUV,2024-01-25,2024-01-25,28.72221946716309,30.60523223876953,62.0,116.7467918395996,TP1,MOMENTUM,0,0.0,6.555944514521987,SMALL_WIN,True,False,True,False,False
LUV,2024-02-15,2024-02-15,28.72221946716309,32.720184326171875,37.0,147.9246997833252,TP2,MOMENTUM,0,0.0,13.919414770782232,SMALL_WIN,True,False,False,True,False
LUV,2024-03-11,2024-03-11,28.72221946716309,32.48031234741211,25.0,93.9523220062256,RUNNER,MOMENTUM,0,0.0,13.084270470621165,SMALL_WIN,True,False,False,False,True
LUV,2024-06-11,2024-06-11,28.557287216186523,26.97077178955078,123.0,-195.1413974761963,STOP,MOMENTUM,0,0.0,-5.555553700270561,SMALL_WIN,False,True,False,False,False
LX,2019-09-25,2019-09-25,9.260306358337402,8.612085342407227,411.0,-266.41883754730225,STOP,MOMENTUM,0,0.0,-6.999995365666904,SMALL_WIN,False,True,False,False,False
LZ,2023-04-25,2023-04-25,10.109999656677246,9.3100004196167,317.0,-253.59975814819336,STOP,MOMENTUM,0,0.0,-7.91295019018304,SMALL_WIN,False,True,False,False,False
LZ,2023-11-29,2023-11-29,11.15999984741211,12.045536041259766,128.0,113.3486328125,TP1,MOMENTUM,0,0.0,7.934912239743472,SMALL_WIN,True,False,True,False,False
LZ,2024-01-04,2024-01-04,11.15999984741211,10.399999618530272,129.0,-98.04002952575684,STOP,MOMENTUM,0,0.0,-6.810037986318362,SMALL_WIN,False,True,False,False,False
M,2024-05-30,2024-05-30,18.59090614318848,17.68538475036621,227.0,-205.5533561706543,STOP,MOMENTUM,0,0.0,-4.870775990410987,SMALL_WIN,False,True,False,False,False
M,2024-07-15,2024-07-15,18.315025329589844,15.713244438171388,180.0,-468.3205604553223,STOP,MOMENTUM,0,0.0,-14.205718226417124,SMALL_WIN,False,True,False,False,False
MASI,2022-08-10,2022-08-10,150.25999450683594,159.99124145507812,13.0,126.50621032714844,TP1,MOMENTUM,0,0.0,6.476272663379788,SMALL_WIN,True,False,True,False,False
MASI,2022-08-16,2022-08-16,150.25999450683594,169.7224884033203,8.0,155.699951171875,TP2,MOMENTUM,0,0.0,12.952545326759576,SMALL_WIN,True,False,False,True,False
MASI,2022-08-23,2022-08-23,150.25999450683594,149.6699981689453,6.0,-3.53997802734375,RUNNER,MOMENTUM,0,0.0,-0.392650312431486,SMALL_WIN,False,False,False,False,True
MAT,2020-10-23,2020-10-23,12.239999771118164,14.15999984741211,115.0,220.8000087738037,TP2,MOMENTUM,0,0.0,15.68627542644592,SMALL_WIN,True,False,False,True,False
MAT,2020-10-26,2020-10-26,12.239999771118164,13.75,192.0,289.9200439453125,TP1,MOMENTUM,0,0.0,12.336603407827454,SMALL_WIN,True,False,True,False,False
MAT,2020-11-12,2020-11-12,12.239999771118164,13.550000190734863,78.0,102.18003273010254,RUNNER,MOMENTUM,0,0.0,10.702618007459542,SMALL_WIN,True,False,False,False,True
MBUU,2020-07-28,2020-07-28,57.16999816894531,62.1723747253418,33.0,165.07842636108398,TP1,MOMENTUM,0,0.0,8.750003002647935,SMALL_WIN,True,False,True,False,False
MBUU,2020-08-31,2020-08-31,57.16999816894531,51.84999847412109,33.0,-175.55998992919922,STOP,MOMENTUM,0,0.0,-9.305579613808764,SMALL_WIN,False,True,False,False,False
MBUU,2024-11-05,2024-11-05,44.880001068115234,42.18064498901367,67.0,-180.8568572998047,STOP,MOMENTUM,0,0.0,-6.014607876244696,SMALL_WIN,False,True,False,False,False
MCHB,2021-05-19,2021-05-19,39.84624099731445,37.87746047973633,136.0,-267.754150390625,STOP,MOMENTUM,0,0.0,-4.94094416010488,SMALL_WIN,False,True,False,False,False
MCK,2020-11-09,2020-11-09,160.79466247558594,172.8706817626953,19.0,229.44436645507807,TP1,MOMENTUM,0,0.0,7.510211533882799,SMALL_WIN,True,False,True,False,False
MCK,2020-11-10,2020-11-10,160.79466247558594,178.74740600585938,11.0,197.4801788330078,TP2,MOMENTUM,0,0.0,11.165012105423134,SMALL_WIN,True,False,False,True,False
MCK,2020-12-10,2020-12-10,160.79466247558594,172.46934509277344,8.0,93.3974609375,RUNNER,MOMENTUM,0,0.0,7.260615767616112,SMALL_WIN,True,False,False,False,True
MCRI,2022-12-12,2022-12-12,75.05982208251953,71.8627700805664,69.0,-220.5965881347656,STOP,MOMENTUM,0,0.0,-4.259338635839476,SMALL_WIN,False,True,False,False,False
MDB,2018-06-06,2018-06-06,48.25,51.464820861816406,57.0,183.2447891235352,TP1,MOMENTUM,0,0.0,6.662841164386337,SMALL_WIN,True,False,True,False,False
MDB,2018-06-12,2018-06-12,48.25,56.22999954223633,34.0,271.3199844360352,TP2,MOMENTUM,0,0.0,16.53885915489395,SMALL_WIN,True,False,False,True,False
MDB,2018-06-26,2018-06-26,48.25,51.52000045776367,24.0,78.48001098632812,RUNNER,MOMENTUM,0,0.0,6.777203021271859,SMALL_WIN,True,False,False,False,True
MDB,2019-05-23,2019-05-23,146.86000061035156,136.57980346679688,25.0,-257.0049285888672,STOP,MOMENTUM,0,0.0,-6.999998025895472,SMALL_WIN,False,True,False,False,False
MDB,2019-09-05,2019-09-05,158.66000366210938,147.55380249023438,24.0,-266.548828125,STOP,MOMENTUM,0,0.0,-7.000000577037263,SMALL_WIN,False,True,False,False,False
MDB,2020-02-21,2020-02-21,176.89999389648438,164.89999389648438,23.0,-276.0,STOP,MOMENTUM,0,0.0,-6.7834937332004515,SMALL_WIN,False,True,False,False,False
MEDP,2019-07-30,2019-07-30,67.68000030517578,79.61000061035156,32.0,381.760009765625,TP2,MOMENTUM,0,0.0,17.627068929347274,SMALL_WIN,True,False,False,True,False
MEDP,2019-07-31,2019-07-31,67.68000030517578,78.76000213623047,54.0,598.3200988769531,TP1,MOMENTUM,0,0.0,16.371161024074866,SMALL_WIN,True,False,True,False,False
MEDP,2019-08-23,2019-08-23,67.68000030517578,78.91000366210938,22.0,247.06007385253903,RUNNER,MOMENTUM,0,0.0,16.59279448329847,SMALL_WIN,True,False,False,False,True
MEDP,2021-09-13,2021-09-13,193.91000366210935,185.6300048828125,29.0,-240.11996459960935,STOP,MOMENTUM,0,0.0,-4.270021465073497,SMALL_WIN,False,True,False,False,False
MEDP,2023-01-25,2023-01-25,239.5200042724609,227.71499633789068,18.0,-212.4901428222656,STOP,MOMENTUM,0,0.0,-4.928610439210654,SMALL_WIN,False,True,False,False,False
MEDP,2023-04-26,2023-04-26,208.2700042724609,196.3032073974609,16.0,-191.46875,STOP,MOMENTUM,0,0.0,-5.745809108134898,SMALL_WIN,False,True,False,False,False
MELI,2019-08-12,2019-08-12,688.0999755859375,623.6500244140625,6.0,-386.69970703125,STOP,MOMENTUM,0,0.0,-9.366364403224104,SMALL_WIN,False,True,False,False,False
MGM,2023-05-03,2023-05-03,46.040000915527344,43.7400016784668,105.0,-241.49991989135745,STOP,MOMENTUM,0,0.0,-4.995654194882639,SMALL_WIN,False,True,False,False,False
MGNX,2021-09-13,2021-09-13,25.100000381469727,27.309999465942383,60.0,132.59994506835938,TP1,MOMENTUM,0,0.0,8.80477709515975,SMALL_WIN,True,False,True,False,False
MGNX,2021-09-16,2021-09-16,25.100000381469727,20.989999771118164,61.0,-250.7100372314453,STOP,MOMENTUM,0,0.0,-16.374504174851737,SMALL_WIN,False,True,False,False,False
MGPI,2019-04-22,2019-04-22,82.27704620361328,79.44359588623047,97.0,-274.8446807861328,STOP,MOMENTUM,0,0.0,-3.443791978592419,SMALL_WIN,False,True,False,False,False
MHK,2023-05-02,2023-05-02,105.9000015258789,101.06999969482422,39.0,-188.3700714111328,STOP,MOMENTUM,0,0.0,-4.560908178905336,SMALL_WIN,False,True,False,False,False
MKSI,2019-03-21,2019-03-21,83.23768615722656,87.81983184814453,39.0,178.70368194580078,TP1,MOMENTUM,0,0.0,5.504893158926612,SMALL_WIN,True,False,True,False,False
MKSI,2019-04-03,2019-04-03,83.23768615722656,93.51194763183594,23.0,236.3080139160156,TP2,MOMENTUM,0,0.0,12.343280969154353,SMALL_WIN,True,False,False,True,False
MKSI,2019-04-30,2019-04-30,83.23768615722656,86.33989715576172,16.0,49.6353759765625,RUNNER,MOMENTUM,0,0.0,3.7269308431705213,SMALL_WIN,True,False,False,False,True
MKTX,2018-10-11,2018-10-11,178.8019561767578,172.08343505859375,42.0,-282.1778869628906,STOP,MOMENTUM,0,0.0,-3.7575210371425416,SMALL_WIN,False,True,False,False,False
MLKN,2018-09-20,2018-09-20,31.398941040039062,33.41876983642578,91.0,183.8044204711914,TP1,MOMENTUM,0,0.0,6.432792729573551,SMALL_WIN,True,False,True,False,False
MLKN,2018-10-10,2018-10-10,31.398941040039062,29.783079147338867,92.0,-148.65929412841797,STOP,MOMENTUM,0,0.0,-5.146230538920701,SMALL_WIN,False,True,False,False,False
MLKN,2020-09-17,2020-09-17,22.13751602172852,29.54233741760254,56.0,414.6699981689453,TP2,MOMENTUM,0,0.0,33.449197229743426,SMALL_WIN,True,False,False,True,False
MLKN,2020-09-18,2020-09-18,22.13751602172852,29.51669692993164,94.0,693.6430053710938,TP1,MOMENTUM,0,0.0,33.33337354091704,SMALL_WIN,True,False,True,False,False
MLKN,2020-10-27,2020-10-27,22.13751602172852,28.276851654052727,38.0,233.2947540283203,RUNNER,MOMENTUM,0,0.0,27.732721350933453,SMALL_WIN,True,False,False,False,True
MLTX,2024-12-18,2024-12-18,56.29999923706055,52.25,53.0,-214.64995956420896,STOP,MOMENTUM,0,0.0,-7.193604426187199,SMALL_WIN,False,True,False,False,False
MMM,2020-05-01,2020-05-01,106.62786102294922,100.53233337402344,58.0,-353.5406036376953,STOP,MOMENTUM,0,0.0,-5.716636900006704,SMALL_WIN,False,True,False,False,False
MMYT,2021-11-01,2021-11-01,32.54999923706055,35.39812469482422,48.0,136.71002197265625,TP1,MOMENTUM,0,0.0,8.750001611431294,SMALL_WIN,True,False,True,False,False
MMYT,2021-11-23,2021-11-23,32.54999923706055,30.020000457763672,48.0,-121.43994140625,STOP,MOMENTUM,0,0.0,-7.772653882020025,SMALL_WIN,False,True,False,False,False
MOH,2020-11-25,2020-11-25,216.94000244140625,202.82000732421875,19.0,-268.2799072265625,STOP,MOMENTUM,0,0.0,-6.508709762276875,SMALL_WIN,False,True,False,False,False
MOH,2021-08-05,2021-08-05,274.25,262.4589233398437,18.0,-212.2393798828125,STOP,MOMENTUM,0,0.0,-4.299389848735187,SMALL_WIN,False,True,False,False,False
MOMO,2019-03-18,2019-03-18,23.13766288757324,25.1622085571289,83.0,168.03729057312012,TP1,MOMENTUM,0,0.0,8.75000072130451,SMALL_WIN,True,False,True,False,False
MOMO,2019-04-29,2019-04-29,23.13766288757324,21.51802635192871,84.0,-136.04946899414062,STOP,MOMENTUM,0,0.0,-7.000000577043607,SMALL_WIN,False,True,False,False,False
MOMO,2024-12-10,2024-12-10,6.989095687866211,6.615693092346191,561.0,-209.47885608673096,STOP,MOMENTUM,0,0.0,-5.3426453463541055,SMALL_WIN,False,True,False,False,False
MPWR,2020-11-09,2020-11-09,323.4501647949219,305.13299560546875,15.0,-274.7575378417969,STOP,MOMENTUM,0,0.0,-5.663057615403232,SMALL_WIN,False,True,False,False,False
MRCY,2019-04-24,2019-04-24,70.37000274658203,73.59366607666016,53.0,170.85415649414062,TP1,MOMENTUM,0,0.0,4.581019190360488,SMALL_WIN,True,False,True,False,False
MRCY,2019-05-01,2019-05-01,70.37000274658203,76.81732177734375,31.0,199.86688995361328,TP2,MOMENTUM,0,0.0,9.16202753889316,SMALL_WIN,True,False,False,True,False
MRCY,2019-05-13,2019-05-13,70.37000274658203,72.06999969482422,22.0,37.399932861328125,RUNNER,MOMENTUM,0,0.0,2.415797757411284,SMALL_WIN,True,False,False,False,True
MRNA,2020-01-22,2020-01-22,21.01000022888184,22.84837532043457,90.0,165.4537582397461,TP1,MOMENTUM,0,0.0,8.750000340435852,SMALL_WIN,True,False,True,False,False
MRNA,2020-02-12,2020-02-12,21.01000022888184,19.01000022888184,90.0,-180.0,STOP,MOMENTUM,0,0.0,-9.519276431280844,SMALL_WIN,False,True,False,False,False
MRVL,2020-09-01,2020-09-01,37.38951873779297,39.23542785644531,93.0,171.66954803466797,TP1,MOMENTUM,0,0.0,4.936969452849674,SMALL_WIN,True,False,True,False,False
MRVL,2020-09-04,2020-09-04,37.38951873779297,35.91279220581055,93.0,-137.33556747436523,STOP,MOMENTUM,0,0.0,-3.949573521762827,SMALL_WIN,False,True,False,False,False
MRVL,2024-01-24,2024-01-24,67.77879333496094,72.55823516845703,24.0,114.70660400390624,TP1,MOMENTUM,0,0.0,7.051529834525414,SMALL_WIN,True,False,True,False,False
MRVL,2024-02-20,2024-02-20,67.77879333496094,63.95523834228516,25.0,-95.58887481689452,STOP,MOMENTUM,0,0.0,-5.6412261188833455,SMALL_WIN,False,True,False,False,False
MRVL,2024-10-29,2024-10-29,79.10545349121094,84.54450988769531,21.0,114.22018432617188,TP1,MOMENTUM,0,0.0,6.875703452087137,SMALL_WIN,True,False,True,False,False
MRVL,2024-11-06,2024-11-06,79.10545349121094,90.28241729736328,13.0,145.30052947998047,TP2,MOMENTUM,0,0.0,14.1291950338091,SMALL_WIN,True,False,False,True,False
MRVL,2024-11-28,2024-11-28,79.10545349121094,89.75445556640625,9.0,95.8410186767578,RUNNER,MOMENTUM,0,0.0,13.46177994716695,SMALL_WIN,True,False,False,False,True
MSFT,2020-08-10,2020-08-10,206.7364196777344,198.3290252685547,32.0,-269.03662109375,STOP,MOMENTUM,0,0.0,-4.066721491203791,SMALL_WIN,False,True,False,False,False
MSTR,2019-06-20,2019-06-20,14.125,14.891606330871582,213.0,163.28714847564697,TP1,MOMENTUM,0,0.0,5.427301457497926,SMALL_WIN,True,False,True,False,False
MSTR,2019-07-08,2019-07-08,14.125,12.593000411987305,214.0,-327.8479118347168,STOP,MOMENTUM,0,0.0,-10.846014782390762,SMALL_WIN,False,True,False,False,False
MTB,2023-08-15,2023-08-15,127.13158416748048,117.08808898925778,37.0,-371.6093215942383,STOP,MOMENTUM,0,0.0,-7.900078681464054,SMALL_WIN,False,True,False,False,False
MU,2019-12-16,2019-12-16,49.73126602172852,52.41007614135742,61.0,163.40741729736328,TP1,MOMENTUM,0,0.0,5.386571334135117,SMALL_WIN,True,False,True,False,False
MU,2020-01-07,2020-01-07,49.73126602172852,56.853851318359375,37.0,263.5356559753418,TP2,MOMENTUM,0,0.0,14.322147547015732,SMALL_WIN,True,False,False,True,False
MU,2020-01-27,2020-01-27,49.73126602172852,54.0633544921875,25.0,108.3022117614746,RUNNER,MOMENTUM,0,0.0,8.7109957517796,SMALL_WIN,True,False,False,False,True
MU,2022-01-05,2022-01-05,88.599853515625,94.8037567138672,21.0,130.28196716308594,TP1,MOMENTUM,0,0.0,7.002159656108348,SMALL_WIN,True,False,True,False,False
MU,2022-01-20,2022-01-20,88.599853515625,83.20716094970703,21.0,-113.24654388427734,STOP,MOMENTUM,0,0.0,-6.086570521210785,SMALL_WIN,False,True,False,False,False
MU,2023-03-31,2023-03-31,62.62916946411133,59.26664352416992,59.0,-198.38903045654297,STOP,MOMENTUM,0,0.0,-5.368945443014775,SMALL_WIN,False,True,False,False,False
MXL,2023-07-26,2023-07-26,34.66999816894531,29.61000061035156,117.0,-592.0197143554688,STOP,MOMENTUM,0,0.0,-14.594744233722235,SMALL_WIN,False,True,False,False,False
MYGN,2021-07-12,2021-07-12,31.56999969482422,34.0,62.0,150.66001892089844,TP1,MOMENTUM,0,0.0,7.697181908982313,SMALL_WIN,True,False,True,False,False
MYGN,2021-07-19,2021-07-19,31.56999969482422,29.79035758972168,63.0,-112.11745262145996,STOP,MOMENTUM,0,0.0,-5.637130574297423,SMALL_WIN,False,True,False,False,False
NBIX,2019-08-05,2019-08-05,95.9499969482422,91.32571411132812,59.0,-272.8326873779297,STOP,MOMENTUM,0,0.0,-4.819471583108559,SMALL_WIN,False,True,False,False,False
NBIX,2020-05-12,2020-05-12,108.94000244140624,117.495361328125,18.0,153.9964599609375,TP1,MOMENTUM,0,0.0,7.853275835311532,SMALL_WIN,True,False,True,False,False
NBIX,2020-05-19,2020-05-19,108.94000244140624,126.05071258544922,11.0,188.21781158447263,TP2,MOMENTUM,0,0.0,15.706544667323671,SMALL_WIN,True,False,False,True,False
NBIX,2020-06-05,2020-06-05,108.94000244140624,115.86000061035156,8.0,55.3599853515625,RUNNER,MOMENTUM,0,0.0,6.3521186101196,SMALL_WIN,True,False,False,False,True
NBIX,2020-11-05,2020-11-05,108.33000183105467,100.31999969482422,48.0,-384.4801025390625,STOP,MOMENTUM,0,0.0,-7.394075510791935,SMALL_WIN,False,True,False,False,False
NCLH,2024-11-06,2024-11-06,25.34000015258789,27.76000022888184,62.0,150.0400047302246,TP1,MOMENTUM,0,0.0,9.550118633471273,SMALL_WIN,True,False,True,False,False
NCNO,2023-09-13,2023-09-13,32.349998474121094,30.94814109802246,136.0,-190.6526031494141,STOP,MOMENTUM,0,0.0,-4.333407858488994,SMALL_WIN,False,True,False,False,False
NEO,2024-03-12,2024-03-12,16.479999542236328,15.335714340209957,164.0,-187.66277313232425,STOP,MOMENTUM,0,0.0,-6.943478360504179,SMALL_WIN,False,True,False,False,False
NET,2020-06-17,2020-06-17,30.979999542236328,35.79999923706055,60.0,289.1999816894531,TP1,MOMENTUM,0,0.0,15.55842403500656,SMALL_WIN,True,False,True,False,False
NET,2020-06-18,2020-06-18,30.979999542236328,36.72999954223633,36.0,207.0,TP2,MOMENTUM,0,0.0,18.560361797813407,SMALL_WIN,True,False,False,True,False
NET,2020-07-13,2020-07-13,30.979999542236328,36.75,25.0,144.2500114440918,RUNNER,MOMENTUM,0,0.0,18.62492105559004,SMALL_WIN,True,False,False,False,True
NFE,2024-05-15,2024-05-15,28.4638786315918,26.18558120727539,136.0,-309.84844970703125,STOP,MOMENTUM,0,0.0,-8.004170667688783,SMALL_WIN,False,True,False,False,False
NFLX,2020-02-04,2020-02-04,34.959999084472656,36.91267776489258,85.0,165.97768783569336,TP1,MOMENTUM,0,0.0,5.58546547928028,SMALL_WIN,True,False,True,False,False
NFLX,2020-02-18,2020-02-18,34.959999084472656,38.8653564453125,51.0,199.17322540283203,TP2,MOMENTUM,0,0.0,11.17093095856056,SMALL_WIN,True,False,False,True,False
NFLX,2020-02-25,2020-02-25,34.959999084472656,36.00899887084961,34.0,35.665992736816406,RUNNER,MOMENTUM,0,0.0,3.0005715499084844,SMALL_WIN,True,False,False,False,True
NFLX,2022-07-21,2022-07-21,20.163000106811523,22.38800048828125,81.0,180.22503089904785,TP1,MOMENTUM,0,0.0,11.03506606002581,SMALL_WIN,True,False,True,False,False
NFLX,2022-08-08,2022-08-08,20.163000106811523,23.47050094604492,49.0,162.06754112243652,TP2,MOMENTUM,0,0.0,16.403813032347546,SMALL_WIN,True,False,False,True,False
NFLX,2022-08-22,2022-08-22,20.163000106811523,22.65399932861328,33.0,82.20297431945801,RUNNER,MOMENTUM,0,0.0,12.35430842933062,SMALL_WIN,True,False,False,False,True
NICE,2022-11-28,2022-11-28,201.6199951171875,188.6199951171875,17.0,-221.0,STOP,MOMENTUM,0,0.0,-6.447773194540559,SMALL_WIN,False,True,False,False,False
NOG,2023-02-01,2023-02-01,29.65239143371582,28.002384185791016,133.0,-219.45096397399905,STOP,MOMENTUM,0,0.0,-5.564499752450618,SMALL_WIN,False,True,False,False,False
NOG,2024-08-01,2024-08-01,39.42123031616211,37.56608581542969,97.0,-179.94901657104492,STOP,MOMENTUM,0,0.0,-4.705952822512089,SMALL_WIN,False,True,False,False,False
NOV,2024-07-31,2024-07-31,18.911771774291992,20.04229164123535,99.0,111.92146682739258,TP1,MOMENTUM,0,0.0,5.97786331410867,SMALL_WIN,True,False,True,False,False
NOV,2024-08-02,2024-08-02,18.911771774291992,17.80660057067871,100.0,-110.51712036132812,STOP,MOMENTUM,0,0.0,-5.843826886255115,SMALL_WIN,False,True,False,False,False
NRG,2022-11-09,2022-11-09,41.81120300292969,39.44367218017578,122.0,-288.83876037597656,STOP,MOMENTUM,0,0.0,-5.662431723354181,SMALL_WIN,False,True,False,False,False
NTAP,2021-01-29,2021-01-29,61.20659637451172,59.00192260742188,132.0,-291.0169372558594,STOP,MOMENTUM,0,0.0,-3.6020198764196216,SMALL_WIN,False,True,False,False,False
NTCT,2020-01-17,2020-01-17,24.21999931335449,25.79633903503418,104.0,163.9393310546875,TP1,MOMENTUM,0,0.0,6.508421826463559,SMALL_WIN,True,False,True,False,False
NTCT,2020-02-05,2020-02-05,24.21999931335449,27.57999992370605,62.0,208.32003784179688,TP2,MOMENTUM,0,0.0,13.872835283273178,SMALL_WIN,True,False,False,True,False
NTCT,2020-02-26,2020-02-26,24.21999931335449,27.540000915527344,42.0,139.44006729125977,RUNNER,MOMENTUM,0,0.0,13.707686607333056,SMALL_WIN,True,False,False,False,True
NTCT,2024-03-15,2024-03-15,23.729999542236328,22.420000076293945,212.0,-277.7198867797852,STOP,MOMENTUM,0,0.0,-5.520436119734236,SMALL_WIN,False,True,False,False,False
NTRA,2023-11-14,2023-11-14,45.38999938964844,52.119998931884766,28.0,188.4399871826172,TP1,MOMENTUM,0,0.0,14.827053608137215,SMALL_WIN,True,False,True,False,False
NTRA,2023-11-15,2023-11-15,45.38999938964844,53.33324813842773,17.0,135.03522872924805,TP2,MOMENTUM,0,0.0,17.499997478719553,SMALL_WIN,True,False,False,True,False
NTRA,2023-12-20,2023-12-20,45.38999938964844,57.27999877929688,12.0,142.67999267578125,RUNNER,MOMENTUM,0,0.0,26.195196187555027,SMALL_WIN,True,False,False,False,True
NTRS,2023-07-20,2023-07-20,75.03388977050781,71.2585220336914,51.0,-192.54375457763672,STOP,MOMENTUM,0,0.0,-5.031550074724129,SMALL_WIN,False,True,False,False,False
NUE,2022-01-07,2022-01-07,115.55425262451172,107.75773620605467,32.0,-249.488525390625,STOP,MOMENTUM,0,0.0,-6.747061437705332,SMALL_WIN,False,True,False,False,False
NVCR,2020-09-10,2020-09-10,85.44999694824219,90.2929916381836,34.0,164.6618194580078,TP1,MOMENTUM,0,0.0,5.667635884030342,SMALL_WIN,True,False,True,False,False
NVCR,2020-09-14,2020-09-14,85.44999694824219,97.6999969482422,20.0,245.0,TP2,MOMENTUM,0,0.0,14.335869441189017,SMALL_WIN,True,False,False,True,False
NVCR,2020-10-23,2020-10-23,85.44999694824219,123.7699966430664,14.0,536.4799957275391,RUNNER,MOMENTUM,0,0.0,44.84493980501249,SMALL_WIN,True,False,False,False,True
NVDA,2021-08-25,2021-08-25,20.769550323486328,22.16343116760254,102.0,142.17584609985352,TP1,MOMENTUM,0,0.0,6.711174880565432,SMALL_WIN,True,False,True,False,False
NVDA,2021-10-04,2021-10-04,20.769550323486328,19.69143486022949,102.0,-109.96777725219728,STOP,MOMENTUM,0,0.0,-5.190846438488834,SMALL_WIN,False,True,False,False,False
NVMI,2020-08-04,2020-08-04,53.61000061035156,56.95687484741211,50.0,167.34371185302734,TP1,MOMENTUM,0,0.0,6.243003542168023,SMALL_WIN,True,False,True,False,False
NVMI,2020-09-04,2020-09-04,53.61000061035156,50.5099983215332,50.0,-155.00011444091797,STOP,MOMENTUM,0,0.0,-5.782507467869306,SMALL_WIN,False,True,False,False,False
NWL,2019-11-04,2019-11-04,15.472052574157717,14.827473640441896,410.0,-264.2773628234863,STOP,MOMENTUM,0,0.0,-4.166085466852872,SMALL_WIN,False,True,False,False,False
NWSA,2021-02-01,2021-02-01,18.72289276123047,17.98011016845703,392.0,-291.1707763671875,STOP,MOMENTUM,0,0.0,-3.967242681171143,SMALL_WIN,False,True,False,False,False
OKTA,2021-09-08,2021-09-08,271.75,259.85894775390625,18.0,-214.0389404296875,STOP,MOMENTUM,0,0.0,-4.375732197274608,SMALL_WIN,False,True,False,False,False
OKTA,2024-12-04,2024-12-04,81.70999908447266,86.64151763916016,25.0,123.2879638671875,TP1,MOMENTUM,0,0.0,6.035391763484472,SMALL_WIN,True,False,True,False,False
OLED,2022-12-06,2022-12-06,115.18423461914062,109.25711822509766,37.0,-219.30330657958984,STOP,MOMENTUM,0,0.0,-5.14577052462181,SMALL_WIN,False,True,False,False,False
OLLI,2019-12-30,2019-12-30,69.33000183105469,64.47689819335938,54.0,-262.0675964355469,STOP,MOMENTUM,0,0.0,-7.000005062053067,SMALL_WIN,False,True,False,False,False
OMER,2019-03-04,2019-03-04,14.350000381469728,16.219999313354492,147.0,274.88984298706055,TP1,MOMENTUM,0,0.0,13.031351095289937,SMALL_WIN,True,False,True,False,False
OMER,2019-03-05,2019-03-05,14.350000381469728,16.64821434020996,88.0,202.24282836914065,TP2,MOMENTUM,0,0.0,16.01542785816185,SMALL_WIN,True,False,False,True,False
OMER,2019-05-07,2019-05-07,14.350000381469728,17.8799991607666,59.0,208.2699279785156,RUNNER,MOMENTUM,0,0.0,24.599293975317174,SMALL_WIN,True,False,False,False,True
OMER,2019-12-05,2019-12-05,15.239999771118164,13.3100004196167,255.0,-492.1498346328736,STOP,MOMENTUM,0,0.0,-12.664037929705692,SMALL_WIN,False,True,False,False,False
OMER,2020-12-03,2020-12-03,12.579999923706056,14.781499862670898,93.0,204.73949432373047,TP2,MOMENTUM,0,0.0,17.499999620956146,SMALL_WIN,True,False,False,True,False
OMER,2020-12-04,2020-12-04,12.579999923706056,14.09000015258789,155.0,234.05003547668457,TP1,MOMENTUM,0,0.0,12.003181542444647,SMALL_WIN,True,False,True,False,False
OMER,2020-12-29,2020-12-29,12.579999923706056,14.40999984741211,63.0,115.28999519348145,RUNNER,MOMENTUM,0,0.0,14.546899322769935,SMALL_WIN,True,False,False,False,True
OPRA,2024-06-20,2024-06-20,13.748197555541992,12.560976028442385,188.0,-223.19764709472656,STOP,MOMENTUM,0,0.0,-8.635470375685955,SMALL_WIN,False,True,False,False,False
ORCL,2023-09-12,2023-09-12,123.16889190673828,106.54679107666016,39.0,-648.2619323730469,STOP,MOMENTUM,0,0.0,-13.495372551264115,SMALL_WIN,False,True,False,False,False
OSPN,2024-11-11,2024-11-11,16.15558624267578,17.24262046813965,104.0,113.0515594482422,TP1,MOMENTUM,0,0.0,6.728534694658202,SMALL_WIN,True,False,True,False,False
OSPN,2024-12-03,2024-12-03,16.15558624267578,18.32965660095215,63.0,136.96643257141113,TP2,MOMENTUM,0,0.0,13.457081195440947,SMALL_WIN,True,False,False,True,False
OSPN,2024-12-13,2024-12-13,16.15558624267578,17.492198944091797,42.0,56.137733459472656,RUNNER,MOMENTUM,0,0.0,8.273377897518117,SMALL_WIN,True,False,False,False,True
OSW,2019-06-19,2019-06-19,14.00551986694336,14.871638298034668,210.0,181.8848705291748,TP1,MOMENTUM,0,0.0,6.184121969906819,SMALL_WIN,True,False,True,False,False
OSW,2019-07-23,2019-07-23,14.00551986694336,15.562265396118164,126.0,196.1499366760254,TP2,MOMENTUM,0,0.0,11.115228452526962,SMALL_WIN,True,False,False,True,False
OSW,2019-08-05,2019-08-05,14.00551986694336,15.088167190551758,84.0,90.94237518310548,RUNNER,MOMENTUM,0,0.0,7.730147355427524,SMALL_WIN,True,False,False,False,True
OSW,2019-09-18,2019-09-18,16.229867935180664,15.600842475891112,424.0,-266.7067947387696,STOP,MOMENTUM,0,0.0,-3.875727527801038,SMALL_WIN,False,True,False,False,False
OSW,2023-05-05,2023-05-05,12.588611602783203,12.087575912475586,382.0,-191.39563369750977,STOP,MOMENTUM,0,0.0,-3.9800710842238054,SMALL_WIN,False,True,False,False,False
OSW,2024-06-06,2024-06-06,16.0317325592041,15.390466690063477,293.0,-187.89089965820312,STOP,MOMENTUM,0,0.0,-3.999978584800324,SMALL_WIN,False,True,False,False,False
PAA,2018-04-18,2018-04-18,13.592673301696776,14.443363189697266,215.0,182.89832592010495,TP1,MOMENTUM,0,0.0,6.25844430391994,SMALL_WIN,True,False,True,False,False
PAA,2018-05-09,2018-05-09,13.592673301696776,12.912121772766112,215.0,-146.31857872009277,STOP,MOMENTUM,0,0.0,-5.006752636699587,SMALL_WIN,False,True,False,False,False
PANW,2022-09-01,2022-09-01,94.9183349609375,89.8172607421875,44.0,-224.447265625,STOP,MOMENTUM,0,0.0,-5.3741716190547235,SMALL_WIN,False,True,False,False,False
PATH,2023-12-01,2023-12-01,19.8700008392334,25.040000915527344,51.0,263.6700038909912,TP2,MOMENTUM,0,0.0,26.019123593018474,SMALL_WIN,True,False,False,True,False
PATH,2023-12-04,2023-12-04,19.8700008392334,25.25,85.0,457.29992866516113,TP1,MOMENTUM,0,0.0,27.075988593537303,SMALL_WIN,True,False,True,False,False
PATH,2023-12-29,2023-12-29,19.8700008392334,24.84000015258789,34.0,168.9799766540527,RUNNER,MOMENTUM,0,0.0,25.0125772694544,SMALL_WIN,True,False,False,False,True
PATK,2023-06-13,2023-06-13,47.60791015625,51.23085784912109,36.0,130.42611694335938,TP1,MOMENTUM,0,0.0,7.609970025948452,SMALL_WIN,True,False,True,False,False
PATK,2023-07-18,2023-07-18,47.60791015625,54.07033538818361,21.0,135.71092987060547,TP2,MOMENTUM,0,0.0,13.574267828022277,SMALL_WIN,True,False,False,True,False
PATK,2023-08-08,2023-08-08,47.60791015625,53.393028259277344,15.0,86.77677154541016,RUNNER,MOMENTUM,0,0.0,12.151590111896288,SMALL_WIN,True,False,False,False,True
PAYC,2022-08-10,2022-08-10,345.3342590332031,373.0372009277344,4.0,110.811767578125,TP1,MOMENTUM,0,0.0,8.022065917261823,SMALL_WIN,True,False,True,False,False
PAYC,2022-09-22,2022-09-22,345.3342590332031,321.938232421875,5.0,-116.98013305664062,STOP,MOMENTUM,0,0.0,-6.7748930201213104,SMALL_WIN,False,True,False,False,False
PAYO,2023-08-10,2023-08-10,5.650000095367432,6.009598255157471,335.0,120.46538352966309,TP1,MOMENTUM,0,0.0,6.36456909239492,SMALL_WIN,True,False,True,False,False
PAYO,2023-09-11,2023-09-11,5.650000095367432,6.380000114440918,201.0,146.73000383377075,TP2,MOMENTUM,0,0.0,12.920354101799584,SMALL_WIN,True,False,False,True,False
PAYO,2023-09-13,2023-09-13,5.650000095367432,6.110000133514404,135.0,62.10000514984131,RUNNER,MOMENTUM,0,0.0,8.141593458098125,SMALL_WIN,True,False,False,False,True
PCRX,2018-04-10,2018-04-10,33.29999923706055,36.70000076293945,62.0,210.8000946044922,TP1,MOMENTUM,0,0.0,10.210215026356352,SMALL_WIN,True,False,True,False,False
PCRX,2018-06-12,2018-06-12,33.29999923706055,39.12749862670898,37.0,215.6174774169922,TP2,MOMENTUM,0,0.0,17.499998568056547,SMALL_WIN,True,False,False,True,False
PCRX,2018-06-21,2018-06-21,33.29999923706055,34.25,25.0,23.750019073486328,RUNNER,MOMENTUM,0,0.0,2.8528552093243573,SMALL_WIN,True,False,False,False,True
PCT,2024-05-16,2024-05-16,5.599999904632568,5.139999866485596,478.0,-219.88001823425293,STOP,MOMENTUM,0,0.0,-8.214286535370121,SMALL_WIN,False,True,False,False,False
PCTY,2021-08-06,2021-08-06,219.27999877929688,244.62196350097656,6.0,152.05178833007812,TP2,MOMENTUM,0,0.0,11.556897511289263,SMALL_WIN,True,False,False,True,False
PCTY,2021-08-09,2021-08-09,219.27999877929688,245.6999969482422,10.0,264.1999816894531,TP1,MOMENTUM,0,0.0,12.048521669108899,SMALL_WIN,True,False,True,False,False
PCTY,2021-09-13,2021-09-13,219.27999877929688,257.20001220703125,4.0,151.6800537109375,RUNNER,MOMENTUM,0,0.0,17.292964993994044,SMALL_WIN,True,False,False,False,True
PCVX,2021-02-10,2021-02-10,27.899999618530277,25.94700050354004,136.0,-265.6078796386719,STOP,MOMENTUM,0,0.0,-6.999996923631195,SMALL_WIN,False,True,False,False,False
PDD,2020-01-10,2020-01-10,41.22999954223633,38.41999816894531,122.0,-342.8201675415039,STOP,MOMENTUM,0,0.0,-6.815429067401343,SMALL_WIN,False,True,False,False,False
PEGA,2018-04-23,2018-04-23,31.26605224609375,29.958345413208008,226.0,-295.54174423217773,STOP,MOMENTUM,0,0.0,-4.182513425720772,SMALL_WIN,False,True,False,False,False
PENG,2020-10-02,2020-10-02,14.149999618530272,12.44499969482422,295.0,-502.9749774932861,STOP,MOMENTUM,0,0.0,-12.049469750326036,SMALL_WIN,False,True,False,False,False
PENG,2023-04-06,2023-04-06,17.389999389648438,16.40224838256836,201.0,-198.5379524230957,STOP,MOMENTUM,0,0.0,-5.679994489637799,SMALL_WIN,False,True,False,False,False
PENN,2019-10-28,2019-10-28,20.56999969482422,21.780000686645508,149.0,180.29014778137207,TP1,MOMENTUM,0,0.0,5.882357850135248,SMALL_WIN,True,False,True,False,False
PENN,2020-01-30,2020-01-30,29.020000457763672,31.01285743713379,82.0,163.4142723083496,TP1,MOMENTUM,0,0.0,6.867184520794767,SMALL_WIN,True,False,True,False,False
PENN,2020-02-06,2020-02-06,29.020000457763672,34.900001525878906,49.0,288.1200523376465,TP2,MOMENTUM,0,0.0,20.26189171386511,SMALL_WIN,True,False,False,True,False
PENN,2020-02-25,2020-02-25,29.020000457763672,32.06999969482422,34.0,103.6999740600586,RUNNER,MOMENTUM,0,0.0,10.509990313403272,SMALL_WIN,True,False,False,False,True
PENN,2024-06-04,2024-06-04,17.5,16.274999618530273,151.0,-184.9750576019287,STOP,MOMENTUM,0,0.0,-7.000002179827009,SMALL_WIN,False,True,False,False,False
PFBC,2018-07-12,2018-07-12,54.76580429077149,52.39249038696289,125.0,-296.6642379760742,STOP,MOMENTUM,0,0.0,-4.333568975282113,SMALL_WIN,False,True,False,False,False
PI,2023-09-08,2023-09-08,66.56999969482422,62.366249084472656,45.0,-189.1687774658203,STOP,MOMENTUM,0,0.0,-6.314782378883504,SMALL_WIN,False,True,False,False,False
PI,2024-01-23,2024-01-23,93.94000244140624,104.01000213623048,14.0,140.97999572753906,TP1,MOMENTUM,0,0.0,10.719607657137587,SMALL_WIN,True,False,True,False,False
PI,2024-02-09,2024-02-09,93.94000244140624,110.37950134277344,8.0,131.5159912109375,TP2,MOMENTUM,0,0.0,17.499998375687817,SMALL_WIN,True,False,False,True,False
PI,2024-02-16,2024-02-16,93.94000244140624,102.69000244140624,6.0,52.5,RUNNER,MOMENTUM,0,0.0,9.314455793694162,SMALL_WIN,True,False,False,False,True
PINS,2023-02-06,2023-02-06,29.100000381469727,27.207107543945312,114.0,-215.7897834777832,STOP,MOMENTUM,0,0.0,-6.504786297974652,SMALL_WIN,False,True,False,False,False
PLAY,2019-04-05,2019-04-05,52.33830642700195,54.91382598876953,66.0,169.98429107666016,TP1,MOMENTUM,0,0.0,4.920907338413298,SMALL_WIN,True,False,True,False,False
PLAY,2019-04-12,2019-04-12,52.33830642700195,50.16372299194336,67.0,-145.69709014892578,STOP,MOMENTUM,0,0.0,-4.1548601464427595,SMALL_WIN,False,True,False,False,False
PLMR,2024-04-08,2024-04-08,82.8499984741211,78.41999816894531,51.0,-225.93001556396484,STOP,MOMENTUM,0,0.0,-5.347013140331596,SMALL_WIN,False,True,False,False,False
PLTK,2021-08-31,2021-08-31,21.45130729675293,23.026939392089844,83.0,130.77746391296387,TP1,MOMENTUM,0,0.0,7.345156514425656,SMALL_WIN,True,False,True,False,False
PLTK,2021-09-10,2021-09-10,21.45130729675293,24.60257339477539,50.0,157.56330490112305,TP2,MOMENTUM,0,0.0,14.690321920377627,SMALL_WIN,True,False,False,True,False
PLTK,2021-09-20,2021-09-20,21.45130729675293,22.31004905700684,34.0,29.19721984863281,RUNNER,MOMENTUM,0,0.0,4.003214108931688,SMALL_WIN,True,False,False,False,True
PLTK,2022-01-24,2022-01-24,16.35039710998535,13.799942016601562,186.0,-474.3846473693848,STOP,MOMENTUM,0,0.0,-15.598734857798657,SMALL_WIN,False,True,False,False,False
PLTK,2023-04-13,2023-04-13,10.227584838867188,9.574943542480469,322.0,-210.15049743652344,STOP,MOMENTUM,0,0.0,-6.3811868263026374,SMALL_WIN,False,True,False,False,False
PLTR,2021-09-20,2021-09-20,28.6299991607666,26.549999237060547,146.0,-303.679988861084,STOP,MOMENTUM,0,0.0,-7.265106478090306,SMALL_WIN,False,True,False,False,False
PLUG,2018-07-13,2018-07-13,2.180000066757202,2.049999952316284,2462.0,-320.06028175354004,STOP,MOMENTUM,0,0.0,-5.963307819265161,SMALL_WIN,False,True,False,False,False
PLUS,2019-08-14,2019-08-14,40.70123672485352,38.32941818237305,113.0,-268.01549530029297,STOP,MOMENTUM,0,0.0,-5.827386913361671,SMALL_WIN,False,True,False,False,False
PLXS,2019-06-28,2019-06-28,55.560001373291016,58.369998931884766,64.0,179.83984375,TP1,MOMENTUM,0,0.0,5.057590873179102,SMALL_WIN,True,False,True,False,False
PLXS,2019-07-16,2019-07-16,55.560001373291016,61.400001525878906,39.0,227.7600059509277,TP2,MOMENTUM,0,0.0,10.511159122100587,SMALL_WIN,True,False,False,True,False
PLXS,2019-07-18,2019-07-18,55.560001373291016,55.810001373291016,26.0,6.5,RUNNER,MOMENTUM,0,0.0,0.44996399175789226,SMALL_WIN,True,False,False,False,True
PNFP,2022-08-10,2022-08-10,75.45175170898438,80.15401458740234,29.0,136.3656234741211,TP1,MOMENTUM,0,0.0,6.232145406715653,SMALL_WIN,True,False,True,False,False
PNFP,2022-10-14,2022-10-14,75.45175170898438,84.72093200683594,17.0,157.57606506347656,TP2,MOMENTUM,0,0.0,12.28491067192525,SMALL_WIN,True,False,False,True,False
PNFP,2022-10-19,2022-10-19,75.45175170898438,79.37283325195312,12.0,47.052978515625,RUNNER,MOMENTUM,0,0.0,5.1968065076769445,SMALL_WIN,True,False,False,False,True
POWI,2019-02-11,2019-02-11,33.26991653442383,31.553998947143555,156.0,-267.68314361572266,STOP,MOMENTUM,0,0.0,-5.157565049809614,SMALL_WIN,False,True,False,False,False
POWI,2022-11-10,2022-11-10,66.71660614013672,73.69803619384766,27.0,188.4986114501953,TP1,MOMENTUM,0,0.0,10.46430635132519,SMALL_WIN,True,False,True,False,False
POWI,2022-11-15,2022-11-15,66.71660614013672,77.6106948852539,16.0,174.305419921875,TP2,MOMENTUM,0,0.0,16.328901266701727,SMALL_WIN,True,False,False,True,False
POWI,2022-12-05,2022-12-05,66.71660614013672,73.11304473876953,11.0,70.36082458496094,RUNNER,MOMENTUM,0,0.0,9.58747599540246,SMALL_WIN,True,False,False,False,True
PPG,2019-01-22,2019-01-22,93.89257049560548,90.6139144897461,81.0,-265.5711364746094,STOP,MOMENTUM,0,0.0,-3.4919227246130493,SMALL_WIN,False,True,False,False,False
PRAA,2019-08-02,2019-08-02,31.34000015258789,29.75,228.0,-362.5200347900391,STOP,MOMENTUM,0,0.0,-5.073389102892513,SMALL_WIN,False,True,False,False,False
PRAA,2020-09-03,2020-09-03,46.70000076293945,44.50571441650391,125.0,-274.28579330444336,STOP,MOMENTUM,0,0.0,-4.698685889908819,SMALL_WIN,False,True,False,False,False
PRDO,2019-09-04,2019-09-04,20.032882690429688,18.988121032714844,258.0,-269.5485076904297,STOP,MOMENTUM,0,0.0,-5.215233742740169,SMALL_WIN,False,True,False,False,False
PRGO,2021-09-17,2021-09-17,39.9964714050293,38.1721305847168,122.0,-222.569580078125,STOP,MOMENTUM,0,0.0,-4.561254421266525,SMALL_WIN,False,True,False,False,False
PRGS,2018-06-29,2018-06-29,37.315032958984375,35.391380310058594,170.0,-327.0209503173828,STOP,MOMENTUM,0,0.0,-5.15516802849995,SMALL_WIN,False,True,False,False,False
PSA,2023-04-14,2023-04-14,274.9166259765625,259.41510009765625,20.0,-310.030517578125,STOP,MOMENTUM,0,0.0,-5.63862801088931,SMALL_WIN,False,True,False,False,False
PSKY,2019-12-09,2019-12-09,34.62458038330078,32.81564712524414,193.0,-349.12411880493164,STOP,MOMENTUM,0,0.0,-5.224419294129779,SMALL_WIN,False,True,False,False,False
PTLO,2023-05-04,2023-05-04,22.81999969482422,20.84000015258789,179.0,-354.41991806030273,STOP,MOMENTUM,0,0.0,-8.676597584203343,SMALL_WIN,False,True,False,False,False
PWP,2024-10-15,2024-10-15,20.28888893127441,21.36138343811035,107.0,114.75691223144533,TP1,MOMENTUM,0,0.0,5.286117492529301,SMALL_WIN,True,False,True,False,False
PWP,2024-11-06,2024-11-06,20.28888893127441,24.48048210144043,64.0,268.261962890625,TP2,MOMENTUM,0,0.0,20.659550083616768,SMALL_WIN,True,False,False,True,False
PWP,2024-12-09,2024-12-09,20.28888893127441,24.81436920166016,44.0,199.12113189697263,RUNNER,MOMENTUM,0,0.0,22.305214867680196,SMALL_WIN,True,False,False,False,True
PYPL,2020-10-22,2020-10-22,212.57858276367188,202.41087341308597,27.0,-274.5281524658203,STOP,MOMENTUM,0,0.0,-4.783035627765755,SMALL_WIN,False,True,False,False,False
PZZA,2019-01-25,2019-01-25,38.253360748291016,36.00014114379883,144.0,-324.463623046875,STOP,MOMENTUM,0,0.0,-5.890252674316598,SMALL_WIN,False,True,False,False,False
PZZA,2021-08-12,2021-08-12,105.72438049316406,111.27256774902344,23.0,127.60830688476562,TP1,MOMENTUM,0,0.0,5.247784125079939,SMALL_WIN,True,False,True,False,False
PZZA,2021-09-02,2021-09-02,105.72438049316406,116.8207550048828,14.0,155.3492431640625,TP2,MOMENTUM,0,0.0,10.495568250159877,SMALL_WIN,True,False,False,True,False
PZZA,2021-09-27,2021-09-27,105.72438049316406,113.89790344238278,10.0,81.7352294921875,RUNNER,MOMENTUM,0,0.0,7.7309726584278575,SMALL_WIN,True,False,False,False,True
QCOM,2024-06-20,2024-06-20,219.82603454589844,208.5777282714844,19.0,-213.7178192138672,STOP,MOMENTUM,0,0.0,-5.116912697647503,SMALL_WIN,False,True,False,False,False
QDEL,2018-05-10,2018-05-10,60.150001525878906,57.2539291381836,101.0,-292.50331115722656,STOP,MOMENTUM,0,0.0,-4.814750314593605,SMALL_WIN,False,True,False,False,False
QDEL,2021-11-23,2021-11-23,143.67999267578125,133.83677673339844,22.0,-216.55075073242188,STOP,MOMENTUM,0,0.0,-6.850790955003987,SMALL_WIN,False,True,False,False,False
QDEL,2023-04-18,2023-04-18,94.16000366210938,90.48999786376952,54.0,-198.1803131103516,STOP,MOMENTUM,0,0.0,-3.897627076895155,SMALL_WIN,False,True,False,False,False
QFIN,2020-08-24,2020-08-24,11.950807571411133,11.114251136779783,323.0,-270.2077283859253,STOP,MOMENTUM,0,0.0,-6.999999202000106,SMALL_WIN,False,True,False,False,False
QLYS,2018-04-24,2018-04-24,82.8499984741211,78.99928283691406,76.0,-292.6543884277344,STOP,MOMENTUM,0,0.0,-4.647816183617475,SMALL_WIN,False,True,False,False,False
QLYS,2023-11-20,2023-11-20,170.0,179.7100067138672,12.0,116.52008056640624,TP1,MOMENTUM,0,0.0,5.711768655215992,SMALL_WIN,True,False,True,False,False
QLYS,2023-12-08,2023-12-08,170.0,188.8759002685547,7.0,132.1313018798828,TP2,MOMENTUM,0,0.0,11.10347074620864,SMALL_WIN,True,False,False,True,False
QLYS,2024-01-02,2024-01-02,170.0,191.8800048828125,5.0,109.4000244140625,RUNNER,MOMENTUM,0,0.0,12.870591107536763,SMALL_WIN,True,False,False,False,True
QURE,2020-09-21,2020-09-21,42.25,38.72999954223633,92.0,-323.8400421142578,STOP,MOMENTUM,0,0.0,-8.331362030209874,SMALL_WIN,False,True,False,False,False
QURE,2020-12-01,2020-12-01,46.15999984741211,50.19900131225586,42.0,169.6380615234375,TP1,MOMENTUM,0,0.0,8.750003202329278,SMALL_WIN,True,False,True,False,False
QURE,2020-12-21,2020-12-21,46.15999984741211,38.5099983215332,42.0,-321.30006408691406,STOP,MOMENTUM,0,0.0,-16.572793655041124,SMALL_WIN,False,True,False,False,False
RCKT,2020-11-06,2020-11-06,31.5,28.8700008392334,125.0,-328.7498950958252,STOP,MOMENTUM,0,0.0,-8.34920368497334,SMALL_WIN,False,True,False,False,False
RDNT,2020-01-31,2020-01-31,22.950000762939453,22.177608489990234,341.0,-263.3857650756836,STOP,MOMENTUM,0,0.0,-3.3655435610987325,SMALL_WIN,False,True,False,False,False
RDNT,2023-04-18,2023-04-18,26.40999984741211,27.75,94.0,125.96001434326172,TP1,MOMENTUM,0,0.0,5.073836275387922,SMALL_WIN,True,False,True,False,False
RDNT,2023-06-13,2023-06-13,30.899999618530277,32.959999084472656,65.0,133.89996528625488,TP1,MOMENTUM,0,0.0,6.666665020626833,SMALL_WIN,True,False,True,False,False
RDNT,2023-07-19,2023-07-19,30.899999618530277,34.47053527832031,39.0,139.25089073181152,TP2,MOMENTUM,0,0.0,11.555131727732581,SMALL_WIN,True,False,False,True,False
RDNT,2023-08-03,2023-08-03,30.899999618530277,32.40999984741211,27.0,40.77000617980957,RUNNER,MOMENTUM,0,0.0,4.886732192631844,SMALL_WIN,True,False,False,False,True
REGN,2020-10-20,2020-10-20,601.7427368164062,570.5645751953125,8.0,-249.42529296875,STOP,MOMENTUM,0,0.0,-5.181310834933487,SMALL_WIN,False,True,False,False,False
RELY,2023-05-25,2023-05-25,18.280000686645508,17.20921516418457,175.0,-187.3874664306641,STOP,MOMENTUM,0,0.0,-5.857688633694648,SMALL_WIN,False,True,False,False,False
REYN,2021-01-28,2021-01-28,26.66375160217285,25.5727481842041,267.0,-291.29791259765625,STOP,MOMENTUM,0,0.0,-4.091710102339249,SMALL_WIN,False,True,False,False,False
RGEN,2020-10-09,2020-10-09,159.8000030517578,170.5,17.0,181.8999481201172,TP1,MOMENTUM,0,0.0,6.695867799687434,SMALL_WIN,True,False,True,False,False
RGEN,2020-10-27,2020-10-27,159.8000030517578,179.52232360839844,10.0,197.22320556640625,TP2,MOMENTUM,0,0.0,12.341877459321912,SMALL_WIN,True,False,False,True,False
RGEN,2020-10-28,2020-10-28,159.8000030517578,171.1999969482422,7.0,79.79995727539062,RUNNER,MOMENTUM,0,0.0,7.1339134410354275,SMALL_WIN,True,False,False,False,True
RGEN,2021-07-28,2021-07-28,226.3800048828125,239.33758544921875,10.0,129.5758056640625,TP1,MOMENTUM,0,0.0,5.7238184852561735,SMALL_WIN,True,False,True,False,False
RHI,2023-02-03,2023-02-03,75.8895263671875,79.68424987792969,36.0,136.61004638671875,TP1,MOMENTUM,0,0.0,5.000325726611623,SMALL_WIN,True,False,True,False,False
RHI,2023-02-17,2023-02-17,75.8895263671875,72.85375213623047,36.0,-109.28787231445312,STOP,MOMENTUM,0,0.0,-4.0002545493150095,SMALL_WIN,False,True,False,False,False
RIG,2021-10-28,2021-10-28,3.890000104904175,3.617700099945069,793.0,-215.9339039325714,STOP,MOMENTUM,0,0.0,-6.9999999387098795,SMALL_WIN,False,True,False,False,False
RMBS,2020-01-28,2020-01-28,14.779999732971191,14.188570976257324,451.0,-266.7343692779541,STOP,MOMENTUM,0,0.0,-4.00154781731497,SMALL_WIN,False,True,False,False,False
RMBS,2020-08-04,2020-08-04,15.59000015258789,14.975000381469728,438.0,-269.36989974975586,STOP,MOMENTUM,0,0.0,-3.9448349268686576,SMALL_WIN,False,True,False,False,False
RMBS,2023-04-03,2023-04-03,47.70000076293945,51.32946395874024,34.0,123.40174865722656,TP1,MOMENTUM,0,0.0,7.60893739570062,SMALL_WIN,True,False,True,False,False
RMBS,2023-04-25,2023-04-25,47.70000076293945,44.79642868041992,34.0,-98.72145080566406,STOP,MOMENTUM,0,0.0,-6.087153115468006,SMALL_WIN,False,True,False,False,False
RMD,2024-02-28,2024-02-28,182.99624633789065,171.26025390625,20.0,-234.7198486328125,STOP,MOMENTUM,0,0.0,-6.413242165618457,SMALL_WIN,False,True,False,False,False
ROCK,2019-02-21,2019-02-21,37.93000030517578,41.75,60.0,229.19998168945312,TP2,MOMENTUM,0,0.0,10.071182873950455,SMALL_WIN,True,False,False,True,False
ROCK,2019-02-22,2019-02-22,37.93000030517578,42.2400016784668,101.0,435.3101387023926,TP1,MOMENTUM,0,0.0,11.363040702910011,SMALL_WIN,True,False,True,False,False
ROCK,2019-03-07,2019-03-07,37.93000030517578,39.209999084472656,41.0,52.47994995117188,RUNNER,MOMENTUM,0,0.0,3.374634244656759,SMALL_WIN,True,False,False,False,True
ROKU,2018-04-18,2018-04-18,35.97999954223633,31.71999931335449,117.0,-498.4200267791748,STOP,MOMENTUM,0,0.0,-11.839911848473182,SMALL_WIN,False,True,False,False,False
ROL,2020-07-17,2020-07-17,28.42607307434082,29.771987915039062,137.0,184.3903331756592,TP1,MOMENTUM,0,0.0,4.734789913395216,SMALL_WIN,True,False,True,False,False
ROL,2020-07-23,2020-07-23,28.42607307434082,30.84116172790528,82.0,198.0372695922852,TP2,MOMENTUM,0,0.0,8.496033367846598,SMALL_WIN,True,False,False,True,False
ROL,2020-09-03,2020-09-03,28.42607307434082,34.028717041015625,56.0,313.74806213378906,RUNNER,MOMENTUM,0,0.0,19.70952495627019,SMALL_WIN,True,False,False,False,True
RPAY,2020-02-18,2020-02-18,17.799999237060547,19.01000022888184,145.0,175.4501438140869,TP1,MOMENTUM,0,0.0,6.797758672382427,SMALL_WIN,True,False,True,False,False
RPAY,2020-03-09,2020-03-09,17.799999237060547,16.88360595703125,145.0,-132.87702560424805,STOP,MOMENTUM,0,0.0,-5.148277074761426,SMALL_WIN,False,True,False,False,False
RPD,2021-07-23,2021-07-23,107.12999725341795,115.19000244140624,22.0,177.3201141357422,TP1,MOMENTUM,0,0.0,7.523574530597806,SMALL_WIN,True,False,True,False,False
RPRX,2021-12-01,2021-12-01,37.50323486328125,35.109249114990234,136.0,-325.5820617675781,STOP,MOMENTUM,0,0.0,-6.383411343097031,SMALL_WIN,False,True,False,False,False
RPRX,2024-03-01,2024-03-01,29.75767707824707,28.40416717529297,139.0,-188.1378765106201,STOP,MOMENTUM,0,0.0,-4.548439380517104,SMALL_WIN,False,True,False,False,False
RRR,2019-11-06,2019-11-06,18.30010986328125,17.217025756835938,363.0,-393.1595306396485,STOP,MOMENTUM,0,0.0,-5.918456853739966,SMALL_WIN,False,True,False,False,False
RRR,2020-01-27,2020-01-27,19.75678062438965,18.872852325439453,301.0,-266.0624179840088,STOP,MOMENTUM,0,0.0,-4.474050280535029,SMALL_WIN,False,True,False,False,False
RRR,2020-02-25,2020-02-25,21.52134895324707,19.14441299438477,226.0,-537.1875267028809,STOP,MOMENTUM,0,0.0,-11.044549131311216,SMALL_WIN,False,True,False,False,False
RRR,2021-12-13,2021-12-13,44.87924575805664,42.13996124267578,79.0,-216.4034767150879,STOP,MOMENTUM,0,0.0,-6.103677700263285,SMALL_WIN,False,True,False,False,False
RRR,2023-04-20,2023-04-20,41.48080825805664,43.36441802978516,64.0,120.551025390625,TP1,MOMENTUM,0,0.0,4.5409186822261836,SMALL_WIN,True,False,True,False,False
RTX,2019-02-08,2019-02-08,62.43619155883789,65.34355926513672,58.0,168.62732696533203,TP1,MOMENTUM,0,0.0,4.656542357422644,SMALL_WIN,True,False,True,False,False
RTX,2019-02-15,2019-02-15,62.43619155883789,68.55989837646484,34.0,208.2060317993164,TP2,MOMENTUM,0,0.0,9.807944182271537,SMALL_WIN,True,False,False,True,False
RTX,2019-03-07,2019-03-07,62.43619155883789,66.78900909423828,24.0,104.46762084960938,RUNNER,MOMENTUM,0,0.0,6.971625633665425,SMALL_WIN,True,False,False,False,True
RUM,2024-05-15,2024-05-15,7.150000095367432,6.682535648345947,401.0,-187.45324325561523,STOP,MOMENTUM,0,0.0,-6.537964206802739,SMALL_WIN,False,True,False,False,False
RUN,2018-05-10,2018-05-10,9.829999923706056,11.5,151.0,252.1700115203857,TP2,MOMENTUM,0,0.0,16.988810674011994,SMALL_WIN,True,False,False,True,False
RUN,2018-05-11,2018-05-11,9.829999923706056,10.6899995803833,252.0,216.719913482666,TP1,MOMENTUM,0,0.0,8.748724957802576,SMALL_WIN,True,False,True,False,False
RUN,2018-06-27,2018-06-27,9.829999923706056,13.100000381469728,102.0,333.54004669189453,RUNNER,MOMENTUM,0,0.0,33.26551864845623,SMALL_WIN,True,False,False,False,True
RUN,2018-07-16,2018-07-16,14.989999771118164,16.22549057006836,150.0,185.3236198425293,TP1,MOMENTUM,0,0.0,8.24210018555614,SMALL_WIN,True,False,True,False,False
RUN,2018-07-30,2018-07-30,14.989999771118164,13.85000038146973,150.0,-170.99990844726562,STOP,MOMENTUM,0,0.0,-7.605066091094412,SMALL_WIN,False,True,False,False,False
RUSHA,2022-12-09,2022-12-09,34.20418930053711,31.7364444732666,168.0,-414.5811309814453,STOP,MOMENTUM,0,0.0,-7.214744385804685,SMALL_WIN,False,True,False,False,False
RVMD,2024-11-06,2024-11-06,53.5,59.41999816894531,27.0,159.83995056152344,TP1,MOMENTUM,0,0.0,11.065417138215537,SMALL_WIN,True,False,True,False,False
RVMD,2024-11-11,2024-11-11,53.5,61.86249923706055,16.0,133.79998779296875,TP2,MOMENTUM,0,0.0,15.630839695440274,SMALL_WIN,True,False,False,True,False
RVMD,2024-12-02,2024-12-02,53.5,50.15500259399414,11.0,-36.79497146606445,STOP,MOMENTUM,0,0.0,-6.252331600010952,SMALL_WIN,False,True,False,False,False
RVTY,2018-12-04,2018-12-04,89.04141235351562,85.1692123413086,79.0,-305.90380096435547,STOP,MOMENTUM,0,0.0,-4.348763019204451,SMALL_WIN,False,True,False,False,False
RYM,2024-01-19,2024-01-19,20.549999237060547,15.89999961853027,130.0,-604.4999504089355,STOP,MOMENTUM,0,0.0,-22.627736210054504,SMALL_WIN,False,True,False,False,False
SABR,2023-12-14,2023-12-14,4.070000171661377,4.429999828338623,328.0,118.07988739013672,TP1,MOMENTUM,0,0.0,8.8452000366942,SMALL_WIN,True,False,True,False,False
SABR,2024-02-15,2024-02-15,4.070000171661377,3.4200000762939453,329.0,-213.850031375885,STOP,MOMENTUM,0,0.0,-15.970517640103715,SMALL_WIN,False,True,False,False,False
SANM,2019-07-30,2019-07-30,32.880001068115234,31.568572998046875,207.0,-271.4656105041504,STOP,MOMENTUM,0,0.0,-3.9885280640702057,SMALL_WIN,False,True,False,False,False
SANM,2019-08-01,2019-08-01,33.0,31.350000381469727,181.0,-298.6499309539795,STOP,MOMENTUM,0,0.0,-4.999998844031132,SMALL_WIN,False,True,False,False,False
SARK,2022-01-14,2022-01-14,71.63407897949219,77.57273864746094,22.0,130.6505126953125,TP1,MOMENTUM,0,0.0,8.29027154752545,SMALL_WIN,True,False,True,False,False
SARK,2022-01-21,2022-01-21,71.63407897949219,84.718017578125,13.0,170.09120178222656,TP2,MOMENTUM,0,0.0,18.26496380637288,SMALL_WIN,True,False,False,True,False
SARK,2022-01-31,2022-01-31,71.63407897949219,79.22948455810547,9.0,68.35865020751953,RUNNER,MOMENTUM,0,0.0,10.603061680722854,SMALL_WIN,True,False,False,False,True
SATS,2019-01-23,2019-01-23,32.00972366333008,30.850601196289062,232.0,-268.9164123535156,STOP,MOMENTUM,0,0.0,-3.6211573684058114,SMALL_WIN,False,True,False,False,False
SBCF,2021-11-12,2021-11-12,34.38751220703125,32.66121292114258,129.0,-222.69260787963867,STOP,MOMENTUM,0,0.0,-5.020134272858778,SMALL_WIN,False,True,False,False,False
SBGI,2021-01-28,2021-01-28,26.43416786193848,24.583776473999023,157.0,-290.51144790649414,STOP,MOMENTUM,0,0.0,-6.999998629061286,SMALL_WIN,False,True,False,False,False
SBGI,2022-08-03,2022-08-03,17.527938842773438,18.73619079589844,112.0,135.32421875,TP1,MOMENTUM,0,0.0,6.893291698260049,SMALL_WIN,True,False,True,False,False
SBGI,2022-08-11,2022-08-11,17.527938842773438,19.94444274902344,67.0,161.90576171875,TP2,MOMENTUM,0,0.0,13.786583396520099,SMALL_WIN,True,False,False,True,False
SBGI,2022-08-23,2022-08-23,17.527938842773438,18.63780403137207,45.0,49.94393348693848,RUNNER,MOMENTUM,0,0.0,6.3319777559368715,SMALL_WIN,True,False,False,False,True
SCHW,2020-10-20,2020-10-20,35.20911407470703,37.285037994384766,80.0,166.07391357421875,TP1,MOMENTUM,0,0.0,5.895984531939711,SMALL_WIN,True,False,True,False,False
SCHW,2020-11-02,2020-11-02,35.20911407470703,39.360958099365234,48.0,199.28851318359372,TP2,MOMENTUM,0,0.0,11.79195822947655,SMALL_WIN,True,False,False,True,False
SCHW,2021-01-26,2021-01-26,35.20911407470703,52.65942001342773,33.0,575.8600959777832,RUNNER,MOMENTUM,0,0.0,49.561900085570116,SMALL_WIN,True,False,False,False,True
SCHW,2022-08-16,2022-08-16,69.27825164794922,73.67913818359375,36.0,158.43191528320312,TP1,MOMENTUM,0,0.0,6.352479213835366,SMALL_WIN,True,False,True,False,False
SCHW,2022-10-14,2022-10-14,69.27825164794922,65.85108184814453,37.0,-126.80528259277344,STOP,MOMENTUM,0,0.0,-4.946963467294918,SMALL_WIN,False,True,False,False,False
SCVL,2018-03-28,2018-03-28,11.26085376739502,10.611701965332031,462.0,-299.9081325531006,STOP,MOMENTUM,0,0.0,-5.764676599766884,SMALL_WIN,False,True,False,False,False
SCVL,2018-07-19,2018-07-19,15.43034553527832,14.559965133666992,373.0,-324.6518898010254,STOP,MOMENTUM,0,0.0,-5.640705839162071,SMALL_WIN,False,True,False,False,False
SCVL,2021-07-06,2021-07-06,34.17030715942383,31.991783142089844,102.0,-222.2094497680664,STOP,MOMENTUM,0,0.0,-6.375488540884156,SMALL_WIN,False,True,False,False,False
SEE,2021-01-06,2021-01-06,40.9795036315918,43.16997528076172,77.0,168.66631698608398,TP1,MOMENTUM,0,0.0,5.345285947976319,SMALL_WIN,True,False,True,False,False
SEE,2021-01-19,2021-01-19,40.9795036315918,39.22712707519531,78.0,-136.68537139892578,STOP,MOMENTUM,0,0.0,-4.276226896622407,SMALL_WIN,False,True,False,False,False
SEIC,2022-11-10,2022-11-10,51.83169555664063,57.18668746948242,49.0,262.39460372924805,TP1,MOMENTUM,0,0.0,10.331500552572063,SMALL_WIN,True,False,True,False,False
SEIC,2022-11-11,2022-11-11,51.83169555664063,58.77122497558594,30.0,208.18588256835935,TP2,MOMENTUM,0,0.0,13.388582689450962,SMALL_WIN,True,False,False,True,False
SEIC,2022-12-07,2022-12-07,51.83169555664063,57.788047790527344,20.0,119.12704467773438,RUNNER,MOMENTUM,0,0.0,11.491717895621873,SMALL_WIN,True,False,False,False,True
SFIX,2018-05-14,2018-05-14,24.040000915527344,22.030000686645508,179.0,-359.79004096984863,STOP,MOMENTUM,0,0.0,-8.361065525515786,SMALL_WIN,False,True,False,False,False
SFIX,2019-12-10,2019-12-10,25.020000457763672,26.9627685546875,84.0,163.19252014160156,TP1,MOMENTUM,0,0.0,7.764860357230688,SMALL_WIN,True,False,True,False,False
SFIX,2020-01-07,2020-01-07,25.020000457763672,23.46578598022461,85.0,-132.1082305908203,STOP,MOMENTUM,0,0.0,-6.211888285784551,SMALL_WIN,False,True,False,False,False
SFM,2020-08-03,2020-08-03,27.40999984741211,25.239999771118164,184.0,-399.28001403808594,STOP,MOMENTUM,0,0.0,-7.916819001729487,SMALL_WIN,False,True,False,False,False
SFM,2023-03-06,2023-03-06,34.79999923706055,33.20464324951172,127.0,-202.6102104187012,STOP,MOMENTUM,0,0.0,-4.584356386565207,SMALL_WIN,False,True,False,False,False
SGMO,2020-11-18,2020-11-18,11.81999969482422,10.479999542236328,334.0,-447.5600509643554,STOP,MOMENTUM,0,0.0,-11.33671901171583,SMALL_WIN,False,True,False,False,False
SIG,2021-08-27,2021-08-27,66.91534423828125,76.2508316040039,22.0,205.38072204589844,TP1,MOMENTUM,0,0.0,13.95119082475252,SMALL_WIN,True,False,True,False,False
SIG,2021-09-02,2021-09-02,66.91534423828125,80.97081756591797,13.0,182.72115325927732,TP2,MOMENTUM,0,0.0,21.004858433644273,SMALL_WIN,True,False,False,True,False
SIG,2021-09-30,2021-09-30,66.91534423828125,74.98773956298828,10.0,80.72395324707031,RUNNER,MOMENTUM,0,0.0,12.063593808860565,SMALL_WIN,True,False,False,False,True
SIGI,2023-05-25,2023-05-25,98.2338638305664,93.9032211303711,43.0,-186.21763610839844,STOP,MOMENTUM,0,0.0,-4.408502863803461,SMALL_WIN,False,True,False,False,False
SIMO,2018-04-27,2018-04-27,39.91191482543945,37.91755294799805,158.0,-315.1091766357422,STOP,MOMENTUM,0,0.0,-4.996908532612472,SMALL_WIN,False,True,False,False,False
SIMO,2019-01-22,2019-01-22,30.779247283935547,29.004653930664062,154.0,-273.2873764038086,STOP,MOMENTUM,0,0.0,-5.765551499362653,SMALL_WIN,False,True,False,False,False
SIMO,2020-05-01,2020-05-01,39.96284484863281,36.313232421875,111.0,-405.1069793701172,STOP,MOMENTUM,0,0.0,-9.132514065456157,SMALL_WIN,False,True,False,False,False
SIMO,2021-12-07,2021-12-07,68.63812255859375,80.47415161132812,18.0,213.04852294921875,TP2,MOMENTUM,0,0.0,17.244103730591416,SMALL_WIN,True,False,False,True,False
SIMO,2021-12-08,2021-12-08,68.63812255859375,82.7883071899414,30.0,424.5055389404297,TP1,MOMENTUM,0,0.0,20.615634728744485,SMALL_WIN,True,False,True,False,False
SIMO,2022-01-13,2022-01-13,68.63812255859375,82.77916717529297,13.0,183.83358001708984,RUNNER,MOMENTUM,0,0.0,20.60231849236195,SMALL_WIN,True,False,False,False,True
SIMO,2023-03-02,2023-03-02,64.8387222290039,62.12796401977539,76.0,-206.0176239013672,STOP,MOMENTUM,0,0.0,-4.180770558146393,SMALL_WIN,False,True,False,False,False
SIMO,2024-06-24,2024-06-24,79.7039566040039,74.93429565429688,53.0,-252.79203033447263,STOP,MOMENTUM,0,0.0,-5.9842210511635106,SMALL_WIN,False,True,False,False,False
SITM,2023-08-15,2023-08-15,138.3000030517578,127.7399978637695,21.0,-221.7601089477539,STOP,MOMENTUM,0,0.0,-7.635578420078756,SMALL_WIN,False,True,False,False,False
SKYW,2018-09-06,2018-09-06,63.14379119873047,60.19544219970703,142.0,-418.6655578613281,STOP,MOMENTUM,0,0.0,-4.669261922750554,SMALL_WIN,False,True,False,False,False
SLAB,2021-09-08,2021-09-08,155.02999877929688,143.7899932861328,25.0,-281.0001373291016,STOP,MOMENTUM,0,0.0,-7.250213237223534,SMALL_WIN,False,True,False,False,False
SLM,2023-02-02,2023-02-02,16.446266174316406,13.82981300354004,355.0,-928.8408756256104,STOP,MOMENTUM,0,0.0,-15.909101452233553,SMALL_WIN,False,True,False,False,False
SMCI,2020-12-07,2020-12-07,2.838000059127808,3.095000028610229,721.0,185.29697799682617,TP1,MOMENTUM,0,0.0,9.055671745172717,SMALL_WIN,True,False,True,False,False
SMCI,2021-01-07,2021-01-07,2.838000059127808,3.3174641132354736,433.0,207.60793542861936,TP2,MOMENTUM,0,0.0,16.894434253641904,SMALL_WIN,True,False,False,True,False
SMCI,2021-01-27,2021-01-27,2.838000059127808,3.2239999771118164,289.0,111.55397629737854,RUNNER,MOMENTUM,0,0.0,13.60112438132354,SMALL_WIN,True,False,False,False,True
SMPL,2019-04-04,2019-04-04,21.899999618530277,23.058481216430664,148.0,171.4552764892578,TP1,MOMENTUM,0,0.0,5.289870402190158,SMALL_WIN,True,False,True,False,False
SMPL,2019-06-10,2019-06-10,21.899999618530277,24.21696281433105,88.0,203.89276123046875,TP2,MOMENTUM,0,0.0,10.579740804380316,SMALL_WIN,True,False,False,True,False
SMPL,2019-07-31,2019-07-31,21.899999618530277,27.229999542236328,60.0,319.7999954223633,RUNNER,MOMENTUM,0,0.0,24.337899618939602,SMALL_WIN,True,False,False,False,True
SNA,2021-01-29,2021-01-29,164.9468536376953,158.25575256347656,43.0,-287.71734619140625,STOP,MOMENTUM,0,0.0,-4.056519373758841,SMALL_WIN,False,True,False,False,False
SNAP,2020-01-15,2020-01-15,17.360000610351562,18.377723693847656,162.0,164.8711395263672,TP1,MOMENTUM,0,0.0,5.862459952272338,SMALL_WIN,True,False,True,False,False
SNAP,2020-01-22,2020-01-22,17.360000610351562,19.395448684692383,97.0,197.4384632110596,TP2,MOMENTUM,0,0.0,11.724930891575585,SMALL_WIN,True,False,False,True,False
SNAP,2020-02-03,2020-02-03,17.360000610351562,18.229999542236328,66.0,57.41992950439453,RUNNER,MOMENTUM,0,0.0,5.011514408392333,SMALL_WIN,True,False,False,False,True
SNBR,2020-07-10,2020-07-10,45.720001220703125,52.970001220703125,41.0,297.25,TP1,MOMENTUM,0,0.0,15.857392402511625,SMALL_WIN,True,False,True,False,False
SNBR,2020-07-15,2020-07-15,45.720001220703125,53.72100067138672,25.0,200.02498626708984,TP2,MOMENTUM,0,0.0,17.499998331278583,SMALL_WIN,True,False,False,True,False
SNBR,2020-07-21,2020-07-21,45.720001220703125,45.68000030517578,17.0,-0.6800155639648438,RUNNER,MOMENTUM,0,0.0,-0.0874910639968014,SMALL_WIN,False,False,False,False,True
SNCY,2024-06-28,2024-06-28,11.489999771118164,12.5600004196167,120.0,128.40007781982422,TP1,MOMENTUM,0,0.0,9.31245143440422,SMALL_WIN,True,False,True,False,False
SNCY,2024-07-31,2024-07-31,11.489999771118164,13.352946281433104,72.0,134.13214874267578,TP2,MOMENTUM,0,0.0,16.213634007180197,SMALL_WIN,True,False,False,True,False
SNCY,2024-08-01,2024-08-01,11.489999771118164,11.670000076293944,48.0,8.6400146484375,RUNNER,MOMENTUM,0,0.0,1.5665823216832342,SMALL_WIN,True,False,False,False,True
SNDL,2024-01-03,2024-01-03,1.6399999856948853,1.5252000093460083,1675.0,-192.2899603843689,STOP,MOMENTUM,0,0.0,-6.999998618916756,SMALL_WIN,False,True,False,False,False
SOHU,2018-06-15,2018-06-15,39.150001525878906,41.50580596923828,78.0,183.75274658203125,TP1,MOMENTUM,0,0.0,6.01738020827954,SMALL_WIN,True,False,True,False,False
SOHU,2018-06-27,2018-06-27,39.150001525878906,36.33000183105469,78.0,-219.95997619628903,STOP,MOMENTUM,0,0.0,-7.203064073854875,SMALL_WIN,False,True,False,False,False
SPSC,2021-08-13,2021-08-13,110.26000213623048,116.56999969482422,23.0,145.12994384765625,TP1,MOMENTUM,0,0.0,5.722834605787059,SMALL_WIN,True,False,True,False,False
SPSC,2021-08-19,2021-08-19,110.26000213623048,121.61447143554688,14.0,158.9625701904297,TP2,MOMENTUM,0,0.0,10.297904116932195,SMALL_WIN,True,False,False,True,False
SPSC,2021-10-29,2021-10-29,110.26000213623048,152.72999572753906,10.0,424.69993591308594,RUNNER,MOMENTUM,0,0.0,38.518041690979906,SMALL_WIN,True,False,False,False,True
SPT,2023-06-13,2023-06-13,47.61000061035156,52.09999847412109,28.0,125.71994018554688,TP1,MOMENTUM,0,0.0,9.430787242614102,SMALL_WIN,True,False,True,False,False
SPT,2023-06-23,2023-06-23,47.61000061035156,44.27730178833008,28.0,-93.31556701660156,STOP,MOMENTUM,0,0.0,-6.999997436036318,SMALL_WIN,False,True,False,False,False
SPWH,2020-01-03,2020-01-03,8.050000190734863,7.513857364654541,493.0,-264.3184132575989,STOP,MOMENTUM,0,0.0,-6.660159172386047,SMALL_WIN,False,True,False,False,False
SRAD,2024-09-30,2024-09-30,12.68000030517578,12.109999656677246,374.0,-213.18024253845212,STOP,MOMENTUM,0,0.0,-4.495273144953078,SMALL_WIN,False,True,False,False,False
SRPT,2019-06-28,2019-06-28,127.06999969482422,151.9499969482422,11.0,273.67996978759766,TP2,MOMENTUM,0,0.0,19.579757073400998,SMALL_WIN,True,False,False,True,False
SRPT,2019-07-01,2019-07-01,127.06999969482422,156.60000610351562,18.0,531.5401153564453,TP1,MOMENTUM,0,0.0,23.239164617621554,SMALL_WIN,True,False,True,False,False
SRPT,2019-07-22,2019-07-22,127.06999969482422,144.72000122070312,8.0,141.20001220703125,RUNNER,MOMENTUM,0,0.0,13.889983133916559,SMALL_WIN,True,False,False,False,True
SRPT,2020-11-05,2020-11-05,151.89999389648438,144.16641235351562,35.0,-270.67535400390625,STOP,MOMENTUM,0,0.0,-5.091232293425219,SMALL_WIN,False,True,False,False,False
SRPT,2022-01-05,2022-01-05,91.12999725341795,84.08999633789062,34.0,-239.3600311279297,STOP,MOMENTUM,0,0.0,-7.725228934167776,SMALL_WIN,False,True,False,False,False
SSRM,2019-06-20,2019-06-20,12.12668228149414,12.879242897033691,234.0,176.09918403625488,TP1,MOMENTUM,0,0.0,6.205824462705615,SMALL_WIN,True,False,True,False,False
SSRM,2019-07-16,2019-07-16,12.12668228149414,13.52497386932373,140.0,195.76082229614255,TP2,MOMENTUM,0,0.0,11.530701929607286,SMALL_WIN,True,False,False,True,False
SSRM,2019-08-12,2019-08-12,12.12668228149414,15.4798583984375,94.0,315.1985549926758,RUNNER,MOMENTUM,0,0.0,27.651224292900427,SMALL_WIN,True,False,False,False,True
SSRM,2023-05-12,2023-05-12,16.61943817138672,15.819357872009276,235.0,-188.01887035369876,STOP,MOMENTUM,0,0.0,-4.814123625159124,SMALL_WIN,False,True,False,False,False
SSYS,2019-05-07,2019-05-07,25.690000534057617,24.571428298950195,244.0,-272.93162536621094,STOP,MOMENTUM,0,0.0,-4.354115266072159,SMALL_WIN,False,True,False,False,False
SSYS,2019-06-28,2019-06-28,24.93000030517578,29.3700008392334,71.0,315.2400379180908,TP2,MOMENTUM,0,0.0,17.809869553574845,SMALL_WIN,True,False,False,True,False
SSYS,2019-07-01,2019-07-01,24.93000030517578,28.31999969482422,119.0,403.40992736816406,TP1,MOMENTUM,0,0.0,13.598071994185378,SMALL_WIN,True,False,True,False,False
SSYS,2019-07-29,2019-07-29,24.93000030517578,28.489999771118164,48.0,170.87997436523438,RUNNER,MOMENTUM,0,0.0,14.27998163803986,SMALL_WIN,True,False,False,False,True
SSYS,2023-04-14,2023-04-14,16.059999465942383,14.935799598693848,177.0,-198.98337650299072,STOP,MOMENTUM,0,0.0,-6.999999406180356,SMALL_WIN,False,True,False,False,False
STGW,2023-07-19,2023-07-19,8.1899995803833,7.46999979019165,403.0,-290.1599154472351,STOP,MOMENTUM,0,0.0,-8.791206679865954,SMALL_WIN,False,True,False,False,False
STNE,2020-01-06,2020-01-06,42.790000915527344,40.97500228881836,145.0,-263.17480087280273,STOP,MOMENTUM,0,0.0,-4.241641944088789,SMALL_WIN,False,True,False,False,False
STNE,2024-08-28,2024-08-28,14.0600004196167,13.020000457763672,191.0,-198.63999271392825,STOP,MOMENTUM,0,0.0,-7.396870062692215,SMALL_WIN,False,True,False,False,False
STRA,2018-09-20,2018-09-20,113.6502914428711,108.60843658447266,58.0,-292.4275817871094,STOP,MOMENTUM,0,0.0,-4.4362885430283665,SMALL_WIN,False,True,False,False,False
STT,2021-10-20,2021-10-20,82.39985656738281,86.38119506835938,34.0,135.36550903320312,TP1,MOMENTUM,0,0.0,4.8317298922975755,SMALL_WIN,True,False,True,False,False
STT,2021-11-30,2021-11-30,82.39985656738281,77.34060668945312,35.0,-177.07374572753906,STOP,MOMENTUM,0,0.0,-6.139877044315564,SMALL_WIN,False,True,False,False,False
STX,2021-05-17,2021-05-17,84.6059341430664,90.62295532226562,27.0,162.4595718383789,TP1,MOMENTUM,0,0.0,7.111819330573899,SMALL_WIN,True,False,True,False,False
STX,2021-05-19,2021-05-19,84.6059341430664,79.79231262207031,28.0,-134.78140258789062,STOP,MOMENTUM,0,0.0,-5.689460874997712,SMALL_WIN,False,True,False,False,False
STX,2024-01-30,2024-01-30,86.7194595336914,83.27106475830078,54.0,-186.21331787109372,STOP,MOMENTUM,0,0.0,-3.976494772838024,SMALL_WIN,False,True,False,False,False
SWK,2023-05-09,2023-05-09,77.40059661865234,73.24996948242188,62.0,-257.33888244628906,STOP,MOMENTUM,0,0.0,-5.362526023772577,SMALL_WIN,False,True,False,False,False
SYK,2022-09-16,2022-09-16,221.9631805419922,212.98194885253903,25.0,-224.53079223632807,STOP,MOMENTUM,0,0.0,-4.046270947966528,SMALL_WIN,False,True,False,False,False
SYNA,2019-11-04,2019-11-04,45.040000915527344,47.35160827636719,71.0,164.1241226196289,TP1,MOMENTUM,0,0.0,5.132343059173712,SMALL_WIN,True,False,True,False,False
SYNA,2019-11-07,2019-11-07,45.040000915527344,53.650001525878906,42.0,361.6200256347656,TP2,MOMENTUM,0,0.0,19.116341996750055,SMALL_WIN,True,False,False,True,False
SYNA,2019-12-03,2019-12-03,45.040000915527344,56.959999084472656,29.0,345.67994689941406,RUNNER,MOMENTUM,0,0.0,26.465359517423863,SMALL_WIN,True,False,False,False,True
SYNA,2020-01-27,2020-01-27,72.47000122070312,68.62000274658203,82.0,-315.6998748779297,STOP,MOMENTUM,0,0.0,-5.312540926273963,SMALL_WIN,False,True,False,False,False
TBCH,2019-01-22,2019-01-22,16.760000228881836,15.06999969482422,229.0,-387.0101222991944,STOP,MOMENTUM,0,0.0,-10.083535268366568,SMALL_WIN,False,True,False,False,False
TCBI,2019-04-29,2019-04-29,62.630001068115234,66.03178405761719,50.0,170.08914947509766,TP1,MOMENTUM,0,0.0,5.431555055862504,SMALL_WIN,True,False,True,False,False
TCBI,2019-05-15,2019-05-15,62.630001068115234,59.908573150634766,51.0,-138.7928237915039,STOP,MOMENTUM,0,0.0,-4.345246481028627,SMALL_WIN,False,True,False,False,False
TCBI,2024-08-27,2024-08-27,68.3499984741211,65.33928680419922,57.0,-171.61056518554688,STOP,MOMENTUM,0,0.0,-4.404845262815625,SMALL_WIN,False,True,False,False,False
TCMD,2019-05-13,2019-05-13,55.77000045776367,51.8661003112793,68.0,-265.4652099609375,STOP,MOMENTUM,0,0.0,-7.000000205201573,SMALL_WIN,False,True,False,False,False
TCOM,2020-05-01,2020-05-01,25.78468894958496,24.043153762817383,181.0,-315.21786880493164,STOP,MOMENTUM,0,0.0,-6.754144640537192,SMALL_WIN,False,True,False,False,False
TCOM,2024-09-19,2024-09-19,45.74767303466797,48.17071914672852,44.0,106.61402893066406,TP1,MOMENTUM,0,0.0,5.296545050989462,SMALL_WIN,True,False,True,False,False
TCOM,2024-09-24,2024-09-24,45.74767303466797,52.80338287353516,26.0,183.44845581054688,TP2,MOMENTUM,0,0.0,15.423101047173068,SMALL_WIN,True,False,False,True,False
TCOM,2024-10-15,2024-10-15,45.74767303466797,57.73939514160156,18.0,215.8509979248047,RUNNER,MOMENTUM,0,0.0,26.21274769067744,SMALL_WIN,True,False,False,False,True
TDUP,2021-10-25,2021-10-25,20.6299991607666,22.88999938964844,73.0,164.98001670837402,TP1,MOMENTUM,0,0.0,10.954921574499256,SMALL_WIN,True,False,True,False,False
TDUP,2021-11-08,2021-11-08,20.6299991607666,19.18589973449707,74.0,-106.86335754394533,STOP,MOMENTUM,0,0.0,-6.999997503712304,SMALL_WIN,False,True,False,False,False
TEAM,2020-01-09,2020-01-09,127.69000244140624,135.41000366210938,27.0,208.4400329589844,TP1,MOMENTUM,0,0.0,6.045893236039088,SMALL_WIN,True,False,True,False,False
TEAM,2020-01-13,2020-01-13,127.69000244140624,139.60777282714844,16.0,190.684326171875,TP2,MOMENTUM,0,0.0,9.333362172352496,SMALL_WIN,True,False,False,True,False
TEAM,2020-02-21,2020-02-21,127.69000244140624,145.92999267578125,12.0,218.8798828125,RUNNER,MOMENTUM,0,0.0,14.284587583702866,SMALL_WIN,True,False,False,False,True
TENB,2019-05-01,2019-05-01,34.93000030517578,31.56999969482422,189.0,-635.0401153564453,STOP,MOMENTUM,0,0.0,-9.619240140269026,SMALL_WIN,False,True,False,False,False
TER,2020-10-27,2020-10-27,90.14517211914062,85.63155364990234,69.0,-311.4396743774414,STOP,MOMENTUM,0,0.0,-5.00705513465862,SMALL_WIN,False,True,False,False,False
TGTX,2018-06-07,2018-06-07,14.899999618530272,13.949999809265137,323.0,-306.8499383926392,STOP,MOMENTUM,0,0.0,-6.375837809308914,SMALL_WIN,False,True,False,False,False
THRM,2018-06-28,2018-06-28,39.5,37.28642654418945,135.0,-298.8324165344238,STOP,MOMENTUM,0,0.0,-5.6039834324317646,SMALL_WIN,False,True,False,False,False
THRM,2024-08-02,2024-08-02,55.18000030517578,51.83000183105469,60.0,-200.9999084472656,STOP,MOMENTUM,0,0.0,-6.071037433116631,SMALL_WIN,False,True,False,False,False
THRY,2022-08-04,2022-08-04,24.75,27.609375,57.0,162.984375,TP2,MOMENTUM,0,0.0,11.553030303030303,SMALL_WIN,True,False,False,True,False
THRY,2022-08-05,2022-08-05,24.75,26.25,95.0,142.5,TP1,MOMENTUM,0,0.0,6.0606060606060606,SMALL_WIN,True,False,True,False,False
THRY,2022-08-24,2022-08-24,24.75,26.68000030517578,38.0,73.34001159667969,RUNNER,MOMENTUM,0,0.0,7.797981031013257,SMALL_WIN,True,False,False,False,True
TMCI,2023-01-30,2023-01-30,25.739999771118164,23.270000457763672,121.0,-298.86991691589355,STOP,MOMENTUM,0,0.0,-9.595957013667036,SMALL_WIN,False,True,False,False,False
TMUS,2020-05-18,2020-05-18,92.06021118164062,98.44618225097656,28.0,178.80718994140625,TP1,MOMENTUM,0,0.0,6.936733022191327,SMALL_WIN,True,False,True,False,False
TMUS,2020-06-19,2020-06-19,92.06021118164062,103.27672576904295,17.0,190.68074798583984,TP2,MOMENTUM,0,0.0,12.183889699396246,SMALL_WIN,True,False,False,True,False
TMUS,2020-06-30,2020-06-30,92.06021118164062,100.61994171142578,12.0,102.71676635742188,RUNNER,MOMENTUM,0,0.0,9.297969687356316,SMALL_WIN,True,False,False,False,True
TNDM,2022-01-07,2022-01-07,144.33999633789062,131.2899932861328,21.0,-274.05006408691406,STOP,MOMENTUM,0,0.0,-9.04115517725842,SMALL_WIN,False,True,False,False,False
TPL,2019-11-13,2019-11-13,62.94255447387695,66.7259292602539,44.0,166.46849060058594,TP1,MOMENTUM,0,0.0,6.010837688430913,SMALL_WIN,True,False,True,False,False
TPL,2019-11-21,2019-11-21,62.94255447387695,70.30004119873047,27.0,198.6521415710449,TP2,MOMENTUM,0,0.0,11.689208972138383,SMALL_WIN,True,False,False,True,False
TPL,2019-12-02,2019-12-02,62.94255447387695,65.28266906738281,18.0,42.12206268310547,RUNNER,MOMENTUM,0,0.0,3.7178576768394063,SMALL_WIN,True,False,False,False,True
TROW,2023-02-07,2023-02-07,111.84053802490234,105.90632629394533,36.0,-213.63162231445312,STOP,MOMENTUM,0,0.0,-5.305957782173511,SMALL_WIN,False,True,False,False,False
TRS,2024-10-31,2024-10-31,27.78924560546875,26.64790344238281,179.0,-204.3002471923828,STOP,MOMENTUM,0,0.0,-4.10713618962484,SMALL_WIN,False,True,False,False,False
TRUE,2019-02-15,2019-02-15,10.239999771118164,7.699999809265137,690.0,-1752.5999736785889,STOP,MOMENTUM,0,0.0,-24.804687681898944,SMALL_WIN,False,True,False,False,False
TSEM,2023-11-15,2023-11-15,25.479999542236328,27.190000534057617,73.0,124.8300724029541,TP1,MOMENTUM,0,0.0,6.711150009978398,SMALL_WIN,True,False,True,False,False
TSEM,2023-12-08,2023-12-08,25.479999542236328,28.595178604125977,43.0,133.95269966125488,TP2,MOMENTUM,0,0.0,12.22597769959079,SMALL_WIN,True,False,False,True,False
TSEM,2024-01-04,2024-01-04,25.479999542236328,29.729999542236328,30.0,127.5,RUNNER,MOMENTUM,0,0.0,16.679749122267786,SMALL_WIN,True,False,False,False,True
TSN,2020-08-04,2020-08-04,52.9425048828125,55.22371292114258,76.0,173.37181091308594,TP1,MOMENTUM,0,0.0,4.3088403984275025,SMALL_WIN,True,False,True,False,False
TSN,2020-09-21,2020-09-21,52.9425048828125,51.09033584594727,76.0,-140.7648468017578,STOP,MOMENTUM,0,0.0,-3.4984537300699787,SMALL_WIN,False,True,False,False,False
TTD,2023-07-13,2023-07-13,82.69000244140625,87.01924896240234,27.0,116.88965606689452,TP1,MOMENTUM,0,0.0,5.23551383864546,SMALL_WIN,True,False,True,False,False
TTD,2023-07-17,2023-07-17,82.69000244140625,91.3484878540039,16.0,138.5357666015625,TP2,MOMENTUM,0,0.0,10.471018450789161,SMALL_WIN,True,False,False,True,False
TTD,2023-08-03,2023-08-03,82.69000244140625,84.76000213623047,12.0,24.839996337890625,RUNNER,MOMENTUM,0,0.0,2.503325231234587,SMALL_WIN,True,False,False,False,True
TTEK,2023-11-30,2023-11-30,32.277984619140625,31.04127311706543,149.0,-184.2700138092041,STOP,MOMENTUM,0,0.0,-3.831439653583061,SMALL_WIN,False,True,False,False,False
TTGT,2020-06-24,2020-06-24,30.71999931335449,29.113927841186523,164.0,-263.3957214355469,STOP,MOMENTUM,0,0.0,-5.228097356987189,SMALL_WIN,False,True,False,False,False
TTWO,2020-08-04,2020-08-04,167.69000244140625,177.52000427246094,21.0,206.43003845214844,TP1,MOMENTUM,0,0.0,5.862008281912607,SMALL_WIN,True,False,True,False,False
TTWO,2020-09-04,2020-09-04,167.69000244140625,161.4853515625,22.0,-136.5023193359375,STOP,MOMENTUM,0,0.0,-3.7000720308739106,SMALL_WIN,False,True,False,False,False
TTWO,2021-02-09,2021-02-09,213.33999633789065,200.30999755859372,27.0,-351.8099670410156,STOP,MOMENTUM,0,0.0,-6.107621169478129,SMALL_WIN,False,True,False,False,False
TW,2021-02-25,2021-02-25,66.33198547363281,72.28022003173828,38.0,226.0329132080078,TP1,MOMENTUM,0,0.0,8.967369988449859,SMALL_WIN,True,False,True,False,False
TW,2021-04-05,2021-04-05,66.33198547363281,75.50769805908203,22.0,201.8656768798828,TP2,MOMENTUM,0,0.0,13.833013620701276,SMALL_WIN,True,False,False,True,False
TW,2021-05-12,2021-05-12,66.33198547363281,78.09757232666016,16.0,188.2493896484375,RUNNER,MOMENTUM,0,0.0,17.73742602308234,SMALL_WIN,True,False,False,False,True
TXG,2020-08-03,2020-08-03,95.20999908447266,101.39080047607422,27.0,166.8816375732422,TP1,MOMENTUM,0,0.0,6.491756591781714,SMALL_WIN,True,False,True,False,False
TXG,2020-08-19,2020-08-19,95.20999908447266,108.77999877929688,16.0,217.1199951171875,TP2,MOMENTUM,0,0.0,14.252704364364693,SMALL_WIN,True,False,False,True,False
TXG,2020-09-04,2020-09-04,95.20999908447266,106.33000183105467,11.0,122.32003021240234,RUNNER,MOMENTUM,0,0.0,11.679448433473977,SMALL_WIN,True,False,False,False,True
UA,2020-09-16,2020-09-16,9.899999618530272,10.699999809265137,232.0,185.60004425048828,TP1,MOMENTUM,0,0.0,8.080810318795036,SMALL_WIN,True,False,True,False,False
UA,2020-09-21,2020-09-21,9.899999618530272,9.329463958740234,233.0,-132.9348087310791,STOP,MOMENTUM,0,0.0,-5.762986684586754,SMALL_WIN,False,True,False,False,False
UBSI,2022-12-14,2022-12-14,37.03033447265625,34.64983367919922,140.0,-333.2701110839844,STOP,MOMENTUM,0,0.0,-6.428515505888364,SMALL_WIN,False,True,False,False,False
UDMY,2024-08-01,2024-08-01,8.989999771118164,7.519999980926514,340.0,-499.79992866516113,STOP,MOMENTUM,0,0.0,-16.35149975102629,SMALL_WIN,False,True,False,False,False
ULTA,2018-03-22,2018-03-22,221.8800048828125,207.3600006103516,28.0,-406.5601196289063,STOP,MOMENTUM,0,0.0,-6.544079661495313,SMALL_WIN,False,True,False,False,False
ULTA,2020-09-21,2020-09-21,237.0200042724609,221.80892944335935,18.0,-273.7993469238281,STOP,MOMENTUM,0,0.0,-6.417633345249636,SMALL_WIN,False,True,False,False,False
UMBF,2024-08-01,2024-08-01,99.81928253173828,94.93936920166016,37.0,-180.55679321289065,STOP,MOMENTUM,0,0.0,-4.888748151968054,SMALL_WIN,False,True,False,False,False
UNIT,2020-08-11,2020-08-11,11.675538063049316,10.94471263885498,366.0,-267.4821052551269,STOP,MOMENTUM,0,0.0,-6.259458195826095,SMALL_WIN,False,True,False,False,False
UNIT,2023-02-06,2023-02-06,9.099761962890623,8.64008903503418,472.0,-216.9656219482422,STOP,MOMENTUM,0,0.0,-5.051482991874065,SMALL_WIN,False,True,False,False,False
UNM,2020-09-08,2020-09-08,16.57450294494629,15.633341789245602,304.0,-286.1129913330078,STOP,MOMENTUM,0,0.0,-5.678367302035153,SMALL_WIN,False,True,False,False,False
UNM,2022-08-11,2022-08-11,32.81033706665039,34.840415954589844,67.0,136.01528549194336,TP1,MOMENTUM,0,0.0,6.187314942286584,SMALL_WIN,True,False,True,False,False
UNM,2022-09-14,2022-09-14,32.81033706665039,36.87049865722656,40.0,162.40646362304688,TP2,MOMENTUM,0,0.0,12.37464151108361,SMALL_WIN,True,False,False,True,False
UNM,2022-09-23,2022-09-23,32.81033706665039,35.531593322753906,27.0,73.47391891479492,RUNNER,MOMENTUM,0,0.0,8.29389911653635,SMALL_WIN,True,False,False,False,True
UPBD,2019-04-24,2019-04-24,16.752975463867188,17.821069717407227,189.0,201.86981391906735,TP1,MOMENTUM,0,0.0,6.375549560397221,SMALL_WIN,True,False,True,False,False
UPBD,2019-05-07,2019-05-07,16.752975463867188,19.35005187988281,113.0,293.4696350097656,TP2,MOMENTUM,0,0.0,15.502180025375187,SMALL_WIN,True,False,False,True,False
UPBD,2019-05-13,2019-05-13,16.752975463867188,17.506494522094727,76.0,57.26744842529297,RUNNER,MOMENTUM,0,0.0,4.497822251651527,SMALL_WIN,True,False,False,False,True
URGN,2018-04-04,2018-04-04,59.79999923706055,65.03250122070312,35.0,183.13756942749023,TP1,MOMENTUM,0,0.0,8.750003428762218,SMALL_WIN,True,False,True,False,False
URGN,2018-04-25,2018-04-25,59.79999923706055,55.61399841308594,35.0,-146.51002883911133,STOP,MOMENTUM,0,0.0,-7.000001467191275,SMALL_WIN,False,True,False,False,False
UTHR,2018-06-25,2018-06-25,117.33000183105467,113.11286163330078,71.0,-299.41695404052734,STOP,MOMENTUM,0,0.0,-3.594255631075702,SMALL_WIN,False,True,False,False,False
VCEL,2019-02-26,2019-02-26,19.209999084472656,18.084999084472656,240.0,-270.0,STOP,MOMENTUM,0,0.0,-5.856325109923257,SMALL_WIN,False,True,False,False,False
VCTR,2023-11-06,2023-11-06,30.59952545166016,29.409761428833008,156.0,-185.6031875610352,STOP,MOMENTUM,0,0.0,-3.888178019971871,SMALL_WIN,False,True,False,False,False
VEON,2019-05-24,2019-05-24,55.36543273925781,52.91957092285156,121.0,-295.94927978515625,STOP,MOMENTUM,0,0.0,-4.417669465214836,SMALL_WIN,False,True,False,False,False
VEON,2019-06-20,2019-06-20,57.14424133300781,60.70186233520508,52.0,184.9962921142578,TP1,MOMENTUM,0,0.0,6.225685947014757,SMALL_WIN,True,False,True,False,False
VEON,2019-06-21,2019-06-21,57.14424133300781,63.39786529541016,31.0,193.86234283447263,TP2,MOMENTUM,0,0.0,10.94357684435668,SMALL_WIN,True,False,False,True,False
VEON,2019-07-30,2019-07-30,57.14424133300781,67.1500473022461,21.0,210.1219253540039,RUNNER,MOMENTUM,0,0.0,17.509736302087713,SMALL_WIN,True,False,False,False,True
VERX,2024-06-06,2024-06-06,34.849998474121094,33.143856048583984,108.0,-184.2633819580078,STOP,MOMENTUM,0,0.0,-4.895674319194178,SMALL_WIN,False,True,False,False,False
VFF,2022-01-05,2022-01-05,7.079999923706055,6.230000019073486,433.0,-368.0499587059021,STOP,MOMENTUM,0,0.0,-12.005648499889142,SMALL_WIN,False,True,False,False,False
VIAV,2023-12-13,2023-12-13,8.859999656677246,9.359999656677246,272.0,136.0,TP1,MOMENTUM,0,0.0,5.6433410764658465,SMALL_WIN,True,False,True,False,False
VIAV,2023-12-14,2023-12-14,8.859999656677246,9.71982192993164,163.0,140.1510305404663,TP2,MOMENTUM,0,0.0,9.704540706233532,SMALL_WIN,True,False,False,True,False
VIAV,2024-01-05,2024-01-05,8.859999656677246,9.609999656677246,109.0,81.75,RUNNER,MOMENTUM,0,0.0,8.46501161469877,SMALL_WIN,True,False,False,False,True
VMC,2019-03-29,2019-03-29,106.04005432128906,111.71614837646484,31.0,175.95891571044922,TP1,MOMENTUM,0,0.0,5.3527830511835415,SMALL_WIN,True,False,True,False,False
VMC,2019-04-18,2019-04-18,106.04005432128906,116.85302734375,18.0,194.63351440429688,TP2,MOMENTUM,0,0.0,10.197064771108929,SMALL_WIN,True,False,False,True,False
VMC,2019-05-23,2019-05-23,106.04005432128906,118.2583999633789,13.0,158.83849334716797,RUNNER,MOMENTUM,0,0.0,11.522387196322697,SMALL_WIN,True,False,False,False,True
VNDA,2018-07-05,2018-07-05,18.75,19.799999237060547,228.0,239.3998260498047,TP1,MOMENTUM,0,0.0,5.599995930989583,SMALL_WIN,True,False,True,False,False
VNDA,2018-07-18,2018-07-18,18.75,20.700000762939453,136.0,265.2001037597656,TP2,MOMENTUM,0,0.0,10.400004069010418,SMALL_WIN,True,False,False,True,False
VNDA,2018-07-30,2018-07-30,18.75,19.950000762939453,92.0,110.40007019042967,RUNNER,MOMENTUM,0,0.0,6.400004069010416,SMALL_WIN,True,False,False,False,True
VNOM,2018-04-05,2018-04-05,15.903313636779783,17.026775360107422,163.0,183.1242609024048,TP1,MOMENTUM,0,0.0,7.064324762667031,SMALL_WIN,True,False,True,False,False
VNOM,2018-04-16,2018-04-16,15.903313636779783,18.15023803710937,98.0,220.1985912322998,TP2,MOMENTUM,0,0.0,14.128655522035993,SMALL_WIN,True,False,False,True,False
VNOM,2018-06-01,2018-06-01,15.903313636779783,19.343833923339844,66.0,227.07433891296387,RUNNER,MOMENTUM,0,0.0,21.633983741621787,SMALL_WIN,True,False,False,False,True
VNOM,2021-10-27,2021-10-27,18.28094482421875,17.008895874023438,210.0,-267.1302795410156,STOP,MOMENTUM,0,0.0,-6.958332637764386,SMALL_WIN,False,True,False,False,False
VNOM,2022-08-30,2022-08-30,26.68608665466309,25.04665946960449,137.0,-224.60152435302732,STOP,MOMENTUM,0,0.0,-6.143378031683497,SMALL_WIN,False,True,False,False,False
VRA,2018-07-02,2018-07-02,15.029999732971191,13.93000030517578,284.0,-312.3998374938965,STOP,MOMENTUM,0,0.0,-7.318692264394058,SMALL_WIN,False,True,False,False,False
VREX,2021-08-16,2021-08-16,28.940000534057617,27.24114418029785,124.0,-210.6581878662109,STOP,MOMENTUM,0,0.0,-5.870270637211949,SMALL_WIN,False,True,False,False,False
VRNS,2023-02-17,2023-02-17,28.540000915527344,26.80214500427246,121.0,-210.2805652618408,STOP,MOMENTUM,0,0.0,-6.089193607241241,SMALL_WIN,False,True,False,False,False
VRNS,2023-12-01,2023-12-01,41.470001220703125,43.33026885986328,62.0,115.33659362792967,TP1,MOMENTUM,0,0.0,4.485815250546586,SMALL_WIN,True,False,True,False,False
VRNS,2023-12-14,2023-12-14,41.470001220703125,45.19053649902344,37.0,137.65980529785156,TP2,MOMENTUM,0,0.0,8.971630501093172,SMALL_WIN,True,False,False,True,False
VRNS,2024-01-02,2024-01-02,41.470001220703125,44.52000045776367,25.0,76.24998092651367,RUNNER,MOMENTUM,0,0.0,7.354712195035798,SMALL_WIN,True,False,False,False,True
VRNS,2024-02-09,2024-02-09,48.59999847412109,51.97999954223633,43.0,145.34004592895508,TP1,MOMENTUM,0,0.0,6.954734926411662,SMALL_WIN,True,False,True,False,False
VRNS,2024-02-21,2024-02-21,48.59999847412109,46.43646240234375,44.0,-95.19558715820312,STOP,MOMENTUM,0,0.0,-4.4517204520683284,SMALL_WIN,False,True,False,False,False
VRRM,2019-11-14,2019-11-14,15.0,14.329999923706056,407.0,-272.69003105163574,STOP,MOMENTUM,0,0.0,-4.466667175292969,SMALL_WIN,False,True,False,False,False
VRRM,2021-05-06,2021-05-06,14.960000038146973,14.190285682678224,353.0,-271.70916748046875,STOP,MOMENTUM,0,0.0,-5.14514942183176,SMALL_WIN,False,True,False,False,False
VRRM,2022-07-26,2022-07-26,16.969999313354492,15.84000015258789,247.0,-279.1097927093506,STOP,MOMENTUM,0,0.0,-6.6588049881495985,SMALL_WIN,False,True,False,False,False
VRTX,2019-11-19,2019-11-19,200.94000244140625,215.0,16.0,224.9599609375,TP1,MOMENTUM,0,0.0,6.9971122662316185,SMALL_WIN,True,False,True,False,False
VRTX,2019-11-25,2019-11-25,200.94000244140625,223.2700042724609,9.0,200.9700164794922,TP2,MOMENTUM,0,0.0,11.112770757314028,SMALL_WIN,True,False,False,True,False
VRTX,2019-12-17,2019-12-17,200.94000244140625,217.6199951171875,7.0,116.75994873046876,RUNNER,MOMENTUM,0,0.0,8.300981622932502,SMALL_WIN,True,False,False,False,True
VSAT,2021-08-11,2021-08-11,52.15999984741211,55.47205352783203,39.0,129.17009353637695,TP1,MOMENTUM,0,0.0,6.349796185024811,SMALL_WIN,True,False,True,False,False
VSAT,2021-08-19,2021-08-19,52.15999984741211,49.290000915527344,40.0,-114.79995727539062,STOP,MOMENTUM,0,0.0,-5.502298581826317,SMALL_WIN,False,True,False,False,False
VST,2021-07-15,2021-07-15,17.72400665283203,16.96695327758789,293.0,-221.8166389465332,STOP,MOMENTUM,0,0.0,-4.271344454292308,SMALL_WIN,False,True,False,False,False
VST,2023-03-07,2023-03-07,23.344032287597656,26.111404418945312,54.0,149.43809509277344,TP2,MOMENTUM,0,0.0,11.854730567768794,SMALL_WIN,True,False,False,True,False
VST,2023-03-08,2023-03-08,23.344032287597656,25.08669662475586,90.0,156.83979034423828,TP1,MOMENTUM,0,0.0,7.4651384803132546,SMALL_WIN,True,False,True,False,False
VST,2023-03-15,2023-03-15,23.344032287597656,23.372758865356445,37.0,1.062883377075195,RUNNER,MOMENTUM,0,0.0,0.12305747955142723,SMALL_WIN,True,False,False,False,True
VTRS,2019-08-05,2019-08-05,16.985857009887695,15.816953659057614,290.0,-338.98197174072266,STOP,MOMENTUM,0,0.0,-6.881627168706553,SMALL_WIN,False,True,False,False,False
WAB,2019-08-02,2019-08-02,74.85835266113281,71.86328125,92.0,-275.54656982421875,STOP,MOMENTUM,0,0.0,-4.0009849330920195,SMALL_WIN,False,True,False,False,False
WABC,2018-03-22,2018-03-22,48.647457122802734,46.26500701904297,156.0,-371.6622161865234,STOP,MOMENTUM,0,0.0,-4.897378495541196,SMALL_WIN,False,True,False,False,False
WAFD,2021-03-03,2021-03-03,25.518695831298828,26.97942543029785,113.0,165.06244468688965,TP1,MOMENTUM,0,0.0,5.72415459103294,SMALL_WIN,True,False,True,False,False
WAFD,2021-03-12,2021-03-12,25.518695831298828,29.06367492675781,68.0,241.0585784912109,TP2,MOMENTUM,0,0.0,13.89169383456911,SMALL_WIN,True,False,False,True,False
WAFD,2021-03-23,2021-03-23,25.518695831298828,27.089475631713867,46.0,72.2558708190918,RUNNER,MOMENTUM,0,0.0,6.155407826478611,SMALL_WIN,True,False,False,False,True
WAT,2024-09-12,2024-09-12,336.2799987792969,318.51678466796875,10.0,-177.63214111328125,STOP,MOMENTUM,0,0.0,-5.282268994828401,SMALL_WIN,False,True,False,False,False
WBD,2019-04-22,2019-04-22,30.59000015258789,29.1200008392334,204.0,-299.8798599243164,STOP,MOMENTUM,0,0.0,-4.805489722202997,SMALL_WIN,False,True,False,False,False
WBD,2024-11-07,2024-11-07,8.130000114440918,9.369999885559082,123.0,152.51997184753418,TP2,MOMENTUM,0,0.0,15.252149491555524,SMALL_WIN,True,False,False,True,False
WBD,2024-11-08,2024-11-08,8.130000114440918,9.18000030517578,205.0,215.25003910064697,TP1,MOMENTUM,0,0.0,12.915131315555579,SMALL_WIN,True,False,True,False,False
WBD,2024-12-18,2024-12-18,8.130000114440918,10.630000114440918,83.0,207.5,RUNNER,MOMENTUM,0,0.0,30.750307070222217,SMALL_WIN,True,False,False,False,True
WDAY,2024-12-30,2024-12-30,279.9100036621094,262.0,11.0,-197.01004028320312,STOP,MOMENTUM,0,0.0,-6.398486451998786,SMALL_WIN,False,True,False,False,False
WDC,2021-11-17,2021-11-17,45.599830627441406,42.53524398803711,83.0,-254.36069107055664,STOP,MOMENTUM,0,0.0,-6.720609697966876,SMALL_WIN,False,True,False,False,False
WDC,2023-04-14,2023-04-14,28.64295959472656,26.70029640197754,143.0,-277.80083656311035,STOP,MOMENTUM,0,0.0,-6.782341001893834,SMALL_WIN,False,True,False,False,False
WDC,2023-09-11,2023-09-11,33.88362503051758,32.302391052246094,130.0,-205.56041717529297,STOP,MOMENTUM,0,0.0,-4.666661187660211,SMALL_WIN,False,True,False,False,False
WERN,2023-01-27,2023-01-27,42.93003463745117,45.19905471801758,64.0,145.21728515625,TP1,MOMENTUM,0,0.0,5.28539075201902,SMALL_WIN,True,False,True,False,False
WERN,2023-02-02,2023-02-02,42.93003463745117,47.14455032348633,39.0,164.3661117553711,TP2,MOMENTUM,0,0.0,9.81717280600214,SMALL_WIN,True,False,False,True,False
WERN,2023-02-10,2023-02-10,42.93003463745117,44.3600959777832,26.0,37.18159484863281,RUNNER,MOMENTUM,0,0.0,3.331144156786863,SMALL_WIN,True,False,False,False,True
WING,2024-06-06,2024-06-06,400.08837890625,382.9716491699219,10.0,-171.16729736328125,STOP,MOMENTUM,0,0.0,-4.2782371692777845,SMALL_WIN,False,True,False,False,False
WIX,2024-05-20,2024-05-20,133.58999633789062,168.02000427246094,10.0,344.3000793457031,TP2,MOMENTUM,0,0.0,25.77289383816294,SMALL_WIN,True,False,False,True,False
WIX,2024-05-21,2024-05-21,133.58999633789062,173.0,17.0,669.9700622558594,TP1,MOMENTUM,0,0.0,29.500714681082275,SMALL_WIN,True,False,True,False,False
WIX,2024-06-13,2024-06-13,133.58999633789062,165.2899932861328,7.0,221.8999786376953,RUNNER,MOMENTUM,0,0.0,23.729319423037516,SMALL_WIN,True,False,False,False,True
WLDN,2024-09-09,2024-09-09,39.2599983215332,37.18000030517578,87.0,-180.9598274230957,STOP,MOMENTUM,0,0.0,-5.29800841895755,SMALL_WIN,False,True,False,False,False
WMG,2024-04-12,2024-04-12,33.68327713012695,32.09027099609375,129.0,-205.4977912902832,STOP,MOMENTUM,0,0.0,-4.729368012141517,SMALL_WIN,False,True,False,False,False
WOOF,2021-10-18,2021-10-18,21.540000915527344,23.5,84.0,164.63992309570312,TP1,MOMENTUM,0,0.0,9.099345409311333,SMALL_WIN,True,False,True,False,False
WOOF,2021-10-25,2021-10-25,21.540000915527344,24.681697845458984,50.0,157.08484649658203,TP2,MOMENTUM,0,0.0,14.58540759702064,SMALL_WIN,True,False,False,True,False
WOOF,2021-11-17,2021-11-17,21.540000915527344,24.71999931335449,34.0,108.11994552612305,RUNNER,MOMENTUM,0,0.0,14.763223132153222,SMALL_WIN,True,False,False,False,True
WSC,2019-03-22,2019-03-22,11.173134803771973,11.883992195129396,238.0,169.1840591430664,TP1,MOMENTUM,0,0.0,6.362201869411272,SMALL_WIN,True,False,True,False,False
WSC,2019-03-28,2019-03-28,11.173134803771973,10.604449272155762,239.0,-135.9158420562744,STOP,MOMENTUM,0,0.0,-5.089758081359823,SMALL_WIN,False,True,False,False,False
WSC,2019-05-03,2019-05-03,13.417649269104004,14.28776931762695,290.0,252.33481407165527,TP1,MOMENTUM,0,0.0,6.484891884352062,SMALL_WIN,True,False,True,False,False
WSC,2019-06-11,2019-06-11,13.417649269104004,14.587225914001465,174.0,203.5063362121582,TP2,MOMENTUM,0,0.0,8.716703063558034,SMALL_WIN,True,False,False,True,False
WSC,2019-06-25,2019-06-25,13.417649269104004,14.03068733215332,116.0,71.1124153137207,RUNNER,MOMENTUM,0,0.0,4.5688931850448755,SMALL_WIN,True,False,False,False,True
WSFS,2019-02-14,2019-02-14,39.345516204833984,37.80633544921875,173.0,-266.27827072143555,STOP,MOMENTUM,0,0.0,-3.9119597455583284,SMALL_WIN,False,True,False,False,False
WSM,2018-03-20,2018-03-20,23.08257102966309,22.04576873779297,289.0,-299.63586235046387,STOP,MOMENTUM,0,0.0,-4.491710609436605,SMALL_WIN,False,True,False,False,False
WYNN,2019-04-02,2019-04-02,121.43431091308594,127.64220428466795,27.0,167.61312103271484,TP1,MOMENTUM,0,0.0,5.112141144379862,SMALL_WIN,True,False,True,False,False
WYNN,2019-04-08,2019-04-08,121.43431091308594,135.99630737304688,16.0,232.991943359375,TP2,MOMENTUM,0,0.0,11.991665576612347,SMALL_WIN,True,False,False,True,False
WYNN,2019-05-06,2019-05-06,121.43431091308594,132.7196044921875,11.0,124.1382293701172,RUNNER,MOMENTUM,0,0.0,9.293331920974769,SMALL_WIN,True,False,False,False,True
XP,2021-09-08,2021-09-08,45.60993576049805,42.72198867797852,92.0,-265.6911315917969,STOP,MOMENTUM,0,0.0,-6.331837645385878,SMALL_WIN,False,True,False,False,False
XRAY,2023-03-09,2023-03-09,35.935035705566406,33.94017028808594,120.0,-239.38385009765625,STOP,MOMENTUM,0,0.0,-5.551310519976637,SMALL_WIN,False,True,False,False,False
XRAY,2024-12-17,2024-12-17,18.93724250793457,18.14002990722656,261.0,-208.07248878479004,STOP,MOMENTUM,0,0.0,-4.209760741955865,SMALL_WIN,False,True,False,False,False
XYZ,2020-02-03,2020-02-03,74.80000305175781,79.80000305175781,40.0,200.0,TP1,MOMENTUM,0,0.0,6.684491705889709,SMALL_WIN,True,False,True,False,False
XYZ,2020-02-19,2020-02-19,74.80000305175781,85.23999786376953,24.0,250.55987548828125,TP2,MOMENTUM,0,0.0,13.957211746084786,SMALL_WIN,True,False,False,True,False
XYZ,2020-02-24,2020-02-24,74.80000305175781,80.20999908447266,16.0,86.5599365234375,RUNNER,MOMENTUM,0,0.0,7.23261472191572,SMALL_WIN,True,False,False,False,True
XYZ,2021-08-19,2021-08-19,272.3800048828125,255.05093383789065,12.0,-207.9488525390625,STOP,MOMENTUM,0,0.0,-6.362093668504579,SMALL_WIN,False,True,False,False,False
Z,2023-05-12,2023-05-12,46.619998931884766,44.36571502685547,83.0,-187.10556411743164,STOP,MOMENTUM,0,0.0,-4.835443922516967,SMALL_WIN,False,True,False,False,False
ZBRA,2019-02-22,2019-02-22,196.47000122070312,206.3500061035156,19.0,187.7200927734375,TP1,MOMENTUM,0,0.0,5.028760025157158,SMALL_WIN,True,False,True,False,False
ZBRA,2019-03-15,2019-03-15,196.47000122070312,214.12713623046875,11.0,194.22848510742188,TP2,MOMENTUM,0,0.0,8.987191377848374,SMALL_WIN,True,False,False,True,False
ZBRA,2019-03-25,2019-03-25,196.47000122070312,204.97000122070312,8.0,68.0,RUNNER,MOMENTUM,0,0.0,4.326360231683201,SMALL_WIN,True,False,False,False,True
ZBRA,2019-10-29,2019-10-29,222.8300018310547,237.63999938964844,14.0,207.3399658203125,TP1,MOMENTUM,0,0.0,6.6463211582354145,SMALL_WIN,True,False,True,False,False
ZG,2023-05-12,2023-05-12,45.880001068115234,43.65357208251953,84.0,-187.02003479003903,STOP,MOMENTUM,0,0.0,-4.852722174723274,SMALL_WIN,False,True,False,False,False
ZIM,2021-06-28,2021-06-28,11.908350944519045,11.074766159057615,269.0,-224.23430728912356,STOP,MOMENTUM,0,0.0,-7.000001841943471,SMALL_WIN,False,True,False,False,False
ZION,2023-02-21,2023-02-21,46.77457809448242,44.58932876586914,102.0,-222.8954315185547,STOP,MOMENTUM,0,0.0,-4.671873948706029,SMALL_WIN,False,True,False,False,False
ZLAB,2019-11-11,2019-11-11,35.59000015258789,39.400001525878906,55.0,209.55007553100583,TP1,MOMENTUM,0,0.0,10.705258097656891,SMALL_WIN,True,False,True,False,False
ZLAB,2019-12-05,2019-12-05,35.59000015258789,41.51821517944336,33.0,195.63109588623047,TP2,MOMENTUM,0,0.0,16.656968253551423,SMALL_WIN,True,False,False,True,False
ZLAB,2019-12-17,2019-12-17,35.59000015258789,40.130001068115234,23.0,104.4200210571289,RUNNER,MOMENTUM,0,0.0,12.756394762749734,SMALL_WIN,True,False,False,False,True
ZS,2023-12-13,2023-12-13,199.83999633789065,215.4499969482422,9.0,140.49000549316406,TP1,MOMENTUM,0,0.0,7.811249447762239,SMALL_WIN,True,False,True,False,False
ZS,2023-12-18,2023-12-18,199.83999633789065,223.94581604003903,6.0,144.63491821289062,TP2,MOMENTUM,0,0.0,12.062560120042324,SMALL_WIN,True,False,False,True,False
ZS,2024-01-02,2024-01-02,199.83999633789065,212.3699951171875,4.0,50.1199951171875,RUNNER,MOMENTUM,0,0.0,6.270015516869345,SMALL_WIN,True,False,False,False,True
ZUMZ,2018-03-20,2018-03-20,22.100000381469727,23.991071701049805,99.0,187.2160606384277,TP1,MOMENTUM,0,0.0,8.55688365130388,SMALL_WIN,True,False,True,False,False
ZUMZ,2018-04-12,2018-04-12,22.100000381469727,25.882143020629883,59.0,223.1464157104492,TP2,MOMENTUM,0,0.0,17.11376730260776,SMALL_WIN,True,False,False,True,False
ZUMZ,2018-04-13,2018-04-13,22.100000381469727,24.25,40.0,85.99998474121094,RUNNER,MOMENTUM,0,0.0,9.728504893298517,SMALL_WIN,True,False,False,False,True
ZUMZ,2020-09-14,2020-09-14,28.440000534057617,31.079999923706048,66.0,174.23995971679688,TP1,MOMENTUM,0,0.0,9.282698101524195,SMALL_WIN,True,False,True,False,False
ZUMZ,2020-11-09,2020-11-09,28.440000534057617,35.119998931884766,40.0,267.19993591308594,TP2,MOMENTUM,0,0.0,23.488038932445455,SMALL_WIN,True,False,False,True,False
ZUMZ,2020-12-21,2020-12-21,28.440000534057617,36.630001068115234,27.0,221.1300144195557,RUNNER,MOMENTUM,0,0.0,28.79746969149978,SMALL_WIN,True,False,False,False,True
ZYME,2021-09-20,2021-09-20,36.09999847412109,33.06999969482422,90.0,-272.69989013671875,STOP,MOMENTUM,0,0.0,-8.393348773875939,SMALL_WIN,False,True,False,False,False
