Ticker,Start Date,End Date,Days Missing
AAAC,2025-12-12,2025-12-15,4
AAAC,2025-12-19,2025-12-19,1
AAAC,2025-12-23,2025-12-24,2
AAAC,2025-12-29,2026-01-08,11
AACB,2025-10-16,2025-10-17,2
AACB,2025-10-21,2025-10-21,1
AACB,2025-10-28,2025-10-30,3
AACB,2025-11-04,2025-11-05,2
AACB,2025-11-18,2025-11-21,4
AACB,2025-11-25,2025-11-28,4
AACB,2025-12-02,2025-12-03,2
AACB,2025-12-08,2025-12-11,4
AACB,2025-12-22,2025-12-29,8
AACBR,2025-10-17,2025-10-17,1
AACBR,2025-10-22,2025-10-22,1
AACBR,2025-10-28,2025-11-03,7
AACBR,2025-11-07,2025-11-24,18
AACBR,2025-12-02,2025-12-03,2
AACBR,2025-12-12,2025-12-19,8
AACBR,2025-12-23,2025-12-24,2
AACBR,2025-12-29,2025-12-31,3
AACBU,2025-10-17,2025-10-20,4
AACBU,2025-10-27,2025-11-13,18
AACBU,2025-11-18,2026-01-06,50
AADR,2025-11-12,2025-11-12,1
AADR,2025-12-24,2025-12-26,3
AAEQ,2025-12-26,2026-01-02,8
AAEQ,2026-01-06,2026-01-08,3
AAM,2025-11-28,2025-11-28,1
AAM,2025-12-04,2025-12-04,1
AAM,2025-12-17,2025-12-19,3
AAM,2025-12-24,2025-12-24,1
AAPG,2025-11-17,2025-11-17,1
AAPG,2025-11-25,2025-12-01,7
AAPG,2025-12-24,2025-12-24,1
AAPR,2025-11-19,2025-11-21,3
AAPR,2025-11-28,2025-11-28,1
AAPR,2025-12-23,2025-12-23,1
AAPR,2025-12-29,2025-12-29,1
AAPR,2026-01-05,2026-01-06,2
AAPY,2025-10-24,2025-10-24,1
AAUM,2025-10-17,2025-10-17,1
AAUM,2025-10-21,2025-10-24,4
AAUM,2025-10-29,2025-12-05,38
AAUM,2025-12-09,2026-01-08,31
AAUS,2025-10-17,2025-10-23,7
AAUS,2025-10-27,2025-10-27,1
AAUS,2025-10-31,2025-11-06,7
AAUS,2025-11-10,2025-11-13,4
AAUS,2025-11-20,2025-11-21,2
AAUS,2025-11-28,2025-12-05,8
AAUS,2025-12-10,2025-12-10,1
AAUS,2025-12-15,2025-12-19,5
AAUS,2025-12-24,2025-12-24,1
AAUS,2026-01-02,2026-01-06,5
AAVM,2025-10-16,2025-10-16,1
AAVM,2025-10-24,2025-10-24,1
AAVM,2025-11-04,2025-11-05,2
AAVM,2025-11-11,2025-11-11,1
AAVM,2025-11-17,2025-11-19,3
AAVM,2025-12-04,2025-12-04,1
AAVM,2025-12-11,2025-12-19,9
ABCS,2025-12-12,2025-12-12,1
ABI,2025-10-20,2025-10-23,4
ABI,2025-10-27,2025-10-31,5
ABI,2025-11-04,2025-11-13,10
ABI,2025-11-17,2025-12-29,43
ABIG,2025-10-22,2025-10-23,2
ABIG,2025-10-30,2025-10-30,1
ABIG,2025-11-07,2025-11-12,6
ABIG,2025-11-18,2025-11-19,2
ABIG,2025-11-25,2025-11-28,4
ABIG,2025-12-02,2025-12-05,4
ABLG,2025-10-20,2025-10-20,1
ABLG,2025-11-05,2025-11-05,1
ABLG,2025-11-14,2025-11-14,1
ABLG,2025-11-24,2025-11-24,1
ABLG,2025-11-28,2025-12-11,14
ABLG,2025-12-23,2025-12-26,4
ABLS,2025-10-28,2025-12-12,46
ABLS,2025-12-16,2025-12-31,16
ABLVW,2025-10-30,2026-01-08,71
ABNG,2025-11-20,2025-11-24,5
ABNG,2025-12-19,2025-12-19,1
ABNG,2025-12-24,2025-12-24,1
ABNG,2025-12-29,2026-01-02,5
ABNY,2025-12-04,2025-12-04,1
ABOT,2025-10-16,2025-10-16,1
ABOT,2025-10-20,2025-10-23,4
ABOT,2025-10-27,2025-10-30,4
ABOT,2025-11-03,2025-11-14,12
ABOT,2025-11-19,2025-12-04,16
ABOT,2025-12-09,2025-12-19,11
ABOT,2025-12-30,2025-12-30,1
ABPWW,2025-10-16,2025-10-17,2
ABPWW,2025-10-24,2025-10-24,1
ABPWW,2025-10-28,2026-01-08,73
ABVEW,2025-10-30,2026-01-08,71
ABXB,2025-10-16,2025-10-16,1
ABXB,2025-10-21,2025-10-22,2
ABXB,2025-10-27,2025-10-30,4
ABXB,2025-11-04,2025-11-06,3
ABXB,2025-11-12,2025-11-17,6
ABXB,2025-11-25,2025-11-25,1
ABXB,2025-12-05,2025-12-24,20
ABXB,2025-12-31,2026-01-02,3
ABXB,2026-01-06,2026-01-06,1
ACCS,2025-10-30,2025-10-30,1
ACEP,2025-12-05,2025-12-05,1
ACEP,2025-12-10,2025-12-11,2
ACEP,2025-12-22,2025-12-29,8
ACGR,2025-10-22,2025-10-22,1
ACGR,2025-10-29,2025-10-29,1
ACGR,2025-11-10,2025-11-14,5
ACGR,2025-11-19,2025-11-19,1
ACGR,2025-11-25,2025-12-12,18
ACGR,2025-12-17,2025-12-17,1
ACGR,2025-12-22,2025-12-23,2
ACGR,2025-12-29,2025-12-29,1
ACLO,2025-10-16,2025-10-16,1
ACLO,2025-10-20,2025-10-22,3
ACLO,2025-10-30,2025-10-30,1
ACLO,2025-11-18,2025-11-18,1
ACLO,2025-11-25,2025-11-28,4
ACLO,2025-12-02,2025-12-02,1
ACLO,2025-12-11,2025-12-11,1
ACLO,2025-12-15,2025-12-15,1
ACLO,2025-12-31,2025-12-31,1
ACONW,2025-10-30,2026-01-08,71
ACSI,2025-10-21,2025-10-24,4
ACSI,2025-10-28,2025-12-05,39
ACSI,2025-12-17,2025-12-26,10
ACSI,2025-12-30,2025-12-31,2
ACVT,2025-10-17,2025-11-28,43
ACVT,2025-12-03,2025-12-12,10
ACVT,2025-12-16,2025-12-24,9
ACVT,2025-12-29,2026-01-02,5
ACVT,2026-01-07,2026-01-07,1
ADSEW,2025-10-21,2025-10-24,4
ADSEW,2025-10-30,2026-01-08,71
ADVE,2025-10-17,2025-10-17,1
ADVE,2025-11-03,2025-11-03,1
ADVE,2025-11-18,2025-11-21,4
ADVE,2025-11-28,2025-11-28,1
ADVE,2025-12-17,2025-12-17,1
ADVE,2025-12-24,2025-12-24,1
ADXN,2025-11-11,2025-11-12,2
ADXN,2025-11-19,2025-11-19,1
ADXN,2025-11-25,2025-11-25,1
ADXN,2025-12-10,2025-12-12,3
ADXN,2026-01-02,2026-01-02,1
ADXN,2026-01-06,2026-01-06,1
AEAQU,2025-12-19,2025-12-19,1
AEAQU,2025-12-26,2025-12-26,1
AENTW,2025-10-17,2025-10-17,1
AENTW,2025-10-21,2025-10-23,3
AERTW,2025-10-17,2025-10-23,7
AETH,2025-10-23,2025-10-23,1
AETH,2025-11-28,2025-11-28,1
AEVAW,2025-10-30,2026-01-08,71
AFBI,2025-10-24,2025-10-27,4
AFBI,2025-11-14,2025-11-14,1
AFBI,2025-12-05,2025-12-05,1
AFBI,2025-12-12,2025-12-12,1
AFBI,2025-12-17,2025-12-17,1
AFBI,2025-12-30,2025-12-31,2
AFIX,2025-10-20,2025-10-31,12
AFIX,2025-11-04,2025-11-06,3
AFIX,2025-11-10,2025-11-26,17
AFIX,2025-12-02,2025-12-03,2
AFIX,2025-12-08,2025-12-08,1
AFIX,2025-12-12,2025-12-12,1
AFIX,2025-12-17,2025-12-18,2
AFIX,2025-12-22,2026-01-02,12
AFIX,2026-01-08,2026-01-08,1
AFJK,2025-10-16,2025-10-24,9
AFJK,2025-10-28,2025-10-30,3
AFJK,2025-12-08,2025-12-08,1
AFJKR,2025-10-16,2025-10-16,1
AFJKR,2025-10-20,2025-10-22,3
AFJKR,2025-10-28,2025-10-28,1
AFJKR,2025-11-04,2025-11-04,1
AFJKR,2025-11-14,2025-11-14,1
AFJKR,2025-11-21,2025-11-28,8
AFJKR,2025-12-03,2025-12-08,6
AFJKU,2025-10-28,2025-11-03,7
AFJKU,2025-11-10,2025-11-13,4
AFJKU,2025-11-17,2025-12-05,19
AFJKU,2025-12-11,2026-01-07,28
AFOS,2025-10-23,2025-10-24,2
AFOS,2025-11-18,2025-11-18,1
AFSC,2025-10-17,2025-10-17,1
AFSC,2025-10-24,2025-10-27,4
AFSC,2025-11-06,2025-11-06,1
AFSC,2025-11-11,2025-11-13,3
AFSC,2025-11-17,2025-11-25,9
AFSC,2025-12-02,2025-12-04,3
AFSC,2025-12-08,2025-12-11,4
AFSC,2025-12-15,2025-12-17,3
AFSC,2025-12-29,2025-12-29,1
AFSC,2026-01-02,2026-01-05,4
AGGS,2025-10-17,2025-10-17,1
AGGS,2025-10-21,2025-10-23,3
AGGS,2025-10-30,2025-10-30,1
AGGS,2025-11-03,2025-11-03,1
AGGS,2025-11-24,2025-12-05,12
AGGS,2025-12-10,2025-12-11,2
AGGS,2025-12-19,2025-12-19,1
AGGS,2025-12-24,2025-12-31,8
AGGS,2026-01-05,2026-01-06,2
AGM-A,2025-10-21,2025-10-23,3
AGM-A,2025-10-28,2025-10-28,1
AGM-A,2025-11-05,2025-11-07,3
AGM-A,2025-11-14,2025-12-09,26
AGM-A,2025-12-15,2025-12-17,3
AGM-A,2025-12-22,2025-12-31,10
AGM-A,2026-01-06,2026-01-06,1
AGMI,2025-10-30,2025-10-30,1
AGMI,2025-11-25,2025-11-25,1
AGQI,2025-10-22,2025-10-22,1
AGRH,2025-10-16,2025-10-17,2
AGRH,2025-10-21,2025-10-24,4
AGRH,2025-10-28,2025-10-31,4
AGRH,2025-11-05,2025-11-06,2
AGRH,2025-11-10,2025-11-19,10
AGRH,2025-12-03,2025-12-19,17
AGRH,2025-12-23,2026-01-02,11
AGRH,2026-01-07,2026-01-08,2
AGRW,2025-10-21,2025-10-22,2
AGRW,2025-10-31,2025-10-31,1
AGRW,2025-11-10,2025-11-10,1
AGRW,2025-11-17,2025-11-21,5
AGRW,2025-11-28,2025-12-01,4
AGRW,2025-12-08,2025-12-12,5
AGRW,2025-12-17,2025-12-30,14
AGRW,2026-01-07,2026-01-08,2
AHG,2025-11-12,2025-11-12,1
AHG,2025-11-20,2025-11-20,1
AHG,2025-12-02,2025-12-02,1
AHYB,2025-10-23,2025-10-23,1
AIFU,2025-12-02,2025-12-02,1
AIIA,2025-12-16,2025-12-16,1
AIIOW,2025-12-15,2025-12-15,1
AIIOW,2025-12-24,2025-12-24,1
AIMDW,2025-10-20,2025-10-20,1
AIMDW,2025-10-30,2026-01-08,71
AINP,2025-10-16,2025-10-16,1
AINP,2025-10-23,2025-10-23,1
AINP,2025-12-02,2025-12-02,1
AINP,2025-12-31,2025-12-31,1
AIRJW,2025-10-30,2026-01-08,71
AIRT,2025-10-16,2025-10-22,7
AIRT,2025-11-07,2025-11-07,1
AIRT,2025-11-12,2025-11-26,15
AIRT,2025-12-08,2025-12-18,11
AIRT,2025-12-23,2025-12-26,4
AIRT,2025-12-30,2026-01-02,4
AIRT,2026-01-06,2026-01-07,2
AIRTP,2025-10-22,2025-10-22,1
AIRTP,2025-10-30,2025-10-30,1
AIRTP,2025-11-13,2025-11-13,1
AIRTP,2025-11-19,2025-11-19,1
AIRTP,2025-12-03,2025-12-03,1
AIRTP,2025-12-11,2025-12-11,1
AIRTP,2025-12-15,2025-12-18,4
AIRTP,2025-12-24,2025-12-26,3
AIRTP,2025-12-30,2026-01-02,4
AIRTP,2026-01-06,2026-01-07,2
AISPW,2025-10-30,2026-01-08,71
AIVC,2025-10-20,2025-10-23,4
AIVC,2025-12-04,2025-12-04,1
AIVI,2025-12-01,2025-12-01,1
AIVI,2025-12-05,2025-12-05,1
AJAN,2025-11-06,2025-11-06,1
AJUL,2025-10-16,2025-10-16,1
AJUL,2025-11-14,2025-11-14,1
AJUL,2025-11-21,2025-11-21,1
AJUL,2025-12-05,2025-12-05,1
AKAF,2025-10-17,2025-10-30,14
AKAF,2025-11-03,2025-11-28,26
AKAF,2025-12-02,2026-01-08,38
AKO-A,2025-11-05,2025-11-07,3
AKO-A,2025-11-13,2025-11-13,1
AKO-A,2025-11-20,2025-11-20,1
AKO-A,2025-11-28,2025-11-28,1
AKO-A,2025-12-08,2025-12-08,1
AKO-A,2025-12-12,2025-12-24,13
AKO-A,2026-01-07,2026-01-07,1
ALCY,2025-10-21,2025-10-21,1
ALCY,2025-10-27,2025-10-29,3
ALCY,2025-11-03,2025-11-06,4
ALCY,2025-11-10,2025-11-28,19
ALCY,2025-12-02,2025-12-04,3
ALCY,2025-12-08,2025-12-08,1
ALCY,2025-12-15,2025-12-22,8
ALCYU,2025-10-22,2025-12-22,62
ALCYU,2025-12-26,2026-01-02,8
ALCYW,2025-10-17,2025-10-17,1
ALCYW,2025-10-21,2025-10-22,2
ALCYW,2025-10-27,2026-01-08,74
ALDF,2025-10-20,2025-10-22,3
ALDF,2025-10-27,2025-10-31,5
ALDF,2025-11-12,2025-11-12,1
ALDF,2025-11-18,2025-11-21,4
ALDF,2025-11-25,2025-11-28,4
ALDF,2025-12-08,2025-12-08,1
ALDF,2025-12-26,2025-12-26,1
ALDF,2026-01-05,2026-01-07,3
ALDFU,2025-10-16,2025-10-16,1
ALDFU,2025-10-20,2025-10-23,4
ALDFU,2025-10-28,2025-12-04,38
ALDFU,2025-12-08,2025-12-22,15
ALDFW,2025-10-16,2025-10-16,1
ALDFW,2025-10-21,2025-10-21,1
ALDFW,2025-10-29,2026-01-08,72
ALF,2025-10-24,2025-10-24,1
ALF,2025-11-05,2025-11-07,3
ALF,2025-11-12,2025-11-14,3
ALF,2025-11-18,2025-11-21,4
ALF,2025-11-28,2025-11-28,1
ALF,2025-12-02,2025-12-02,1
ALF,2025-12-24,2025-12-26,3
ALF,2026-01-05,2026-01-07,3
ALFUU,2025-10-16,2025-12-08,54
ALFUW,2025-10-24,2026-01-08,77
ALIL,2025-10-20,2025-10-20,1
ALIL,2025-10-27,2025-10-27,1
ALIL,2025-11-04,2025-11-04,1
ALIL,2025-11-14,2025-11-14,1
ALIL,2025-11-19,2025-11-21,3
ALIL,2025-11-25,2025-11-25,1
ALIL,2025-12-01,2025-12-01,1
ALIL,2025-12-18,2025-12-18,1
ALIL,2025-12-22,2025-12-22,1
ALIL,2026-01-06,2026-01-06,1
ALIS,2025-12-02,2025-12-02,1
ALIS,2025-12-12,2025-12-12,1
ALIS,2025-12-18,2025-12-18,1
ALIS,2025-12-22,2025-12-24,3
ALIS,2026-01-07,2026-01-07,1
ALOT,2025-10-24,2025-10-24,1
ALRG,2025-10-22,2025-10-24,3
ALRG,2025-10-28,2025-11-13,17
ALRG,2025-11-17,2025-12-11,25
ALRG,2025-12-15,2026-01-08,25
ALVOW,2025-10-30,2026-01-08,71
AMID,2025-11-05,2025-11-05,1
AMODW,2025-10-22,2025-10-22,1
AMODW,2025-10-28,2026-01-08,73
AMPGW,2025-10-30,2026-01-08,71
AMUB,2025-10-16,2025-10-24,9
AMUB,2025-10-30,2025-10-30,1
AMUB,2025-11-03,2025-11-03,1
AMUB,2025-11-21,2025-11-21,1
AMUB,2025-11-26,2025-12-01,6
AMUB,2025-12-05,2025-12-05,1
AMUB,2025-12-09,2025-12-09,1
AMUB,2025-12-15,2025-12-16,2
AMUB,2025-12-23,2025-12-23,1
AMUB,2025-12-29,2026-01-02,5
AMUB,2026-01-06,2026-01-07,2
ANEW,2025-10-17,2025-10-24,8
ANEW,2025-10-28,2025-10-31,4
ANEW,2025-11-05,2025-11-07,3
ANEW,2025-11-12,2025-11-14,3
ANEW,2025-11-18,2025-12-12,25
ANEW,2025-12-17,2025-12-26,10
ANEW,2025-12-30,2026-01-05,7
ANGHW,2025-10-17,2025-10-27,11
ANL,2025-11-18,2025-11-18,1
ANNA,2025-10-17,2025-10-17,1
ANNA,2025-11-04,2025-11-04,1
ANNA,2025-11-11,2025-11-11,1
ANNA,2025-12-19,2025-12-19,1
ANNAW,2025-10-17,2025-10-17,1
ANNAW,2025-10-24,2026-01-08,77
ANPA,2025-10-16,2025-10-16,1
ANPA,2025-10-21,2025-10-21,1
ANPA,2025-10-28,2025-10-28,1
ANPA,2025-11-06,2025-11-06,1
ANPA,2025-11-19,2025-11-20,2
ANPA,2025-12-17,2025-12-17,1
ANPA,2026-01-02,2026-01-02,1
ANSC,2025-10-20,2025-10-20,1
ANSC,2025-11-21,2025-11-21,1
ANSC,2025-12-18,2025-12-18,1
ANSC,2025-12-24,2025-12-26,3
ANSC,2026-01-02,2026-01-02,1
ANSC,2026-01-06,2026-01-08,3
ANSCU,2025-10-17,2026-01-05,81
ANSCW,2025-10-16,2025-10-16,1
ANSCW,2025-10-23,2025-10-24,2
ANSCW,2025-10-28,2026-01-08,73
ANTA,2025-11-12,2025-11-12,1
ANTA,2025-12-22,2025-12-22,1
APAC,2025-12-01,2025-12-05,5
APAC,2025-12-16,2025-12-17,2
APAC,2025-12-22,2025-12-26,5
APAC,2025-12-30,2026-01-02,4
APAC,2026-01-06,2026-01-06,1
APACR,2025-12-02,2025-12-05,4
APACR,2025-12-12,2025-12-12,1
APACR,2025-12-19,2025-12-19,1
APACR,2025-12-30,2026-01-02,4
APACR,2026-01-06,2026-01-06,1
APACU,2025-11-04,2025-11-12,9
APACU,2025-11-17,2025-11-17,1
APACU,2025-11-24,2025-11-24,1
APACU,2025-11-28,2025-11-28,1
APACU,2025-12-04,2025-12-08,5
APACU,2025-12-15,2025-12-18,4
APACU,2025-12-22,2025-12-26,5
APACU,2025-12-30,2026-01-02,4
APAD,2025-11-07,2025-11-14,8
APAD,2025-11-19,2025-11-20,2
APAD,2025-11-24,2025-11-24,1
APAD,2025-12-24,2025-12-24,1
APAD,2025-12-31,2025-12-31,1
APADR,2025-10-24,2025-10-24,1
APADR,2025-11-05,2025-11-12,8
APADR,2025-11-18,2025-11-18,1
APADR,2025-12-08,2025-12-11,4
APADR,2025-12-16,2025-12-19,4
APADR,2026-01-02,2026-01-02,1
APADU,2025-10-24,2025-10-24,1
APADU,2025-10-30,2025-11-06,8
APADU,2025-11-10,2025-11-14,5
APADU,2025-11-20,2025-12-05,16
APADU,2025-12-11,2025-12-11,1
APADU,2025-12-16,2025-12-19,4
APADU,2025-12-29,2026-01-02,5
APLMW,2025-10-30,2026-01-08,71
APRH,2025-10-24,2025-10-24,1
APRH,2025-12-19,2025-12-19,1
APRH,2026-01-07,2026-01-07,1
APRJ,2025-12-31,2025-12-31,1
APRP,2025-10-24,2025-10-24,1
APRP,2025-11-07,2025-11-07,1
APRP,2025-11-24,2025-11-24,1
APRP,2025-11-28,2025-11-28,1
APRP,2025-12-02,2025-12-02,1
APRP,2025-12-11,2025-12-11,1
APRP,2025-12-15,2025-12-19,5
APRP,2025-12-23,2025-12-26,4
APRT,2025-10-21,2025-10-21,1
APRT,2025-11-28,2025-11-28,1
APRT,2025-12-03,2025-12-03,1
APRT,2025-12-24,2025-12-24,1
APRT,2026-01-02,2026-01-02,1
APRW,2025-12-24,2025-12-24,1
APRZ,2025-10-22,2025-10-31,10
APRZ,2025-11-05,2025-11-21,17
APRZ,2025-11-28,2025-11-28,1
APRZ,2025-12-03,2025-12-03,1
APRZ,2025-12-09,2025-12-24,16
APRZ,2026-01-06,2026-01-06,1
APWC,2025-11-25,2025-11-25,1
APWC,2026-01-08,2026-01-08,1
APXM,2025-10-23,2025-11-14,23
APXM,2025-11-18,2025-12-03,16
APXM,2025-12-08,2025-12-18,11
APXM,2025-12-22,2026-01-02,12
APXM,2026-01-06,2026-01-08,3
APXT,2025-12-11,2025-12-11,1
APXT,2025-12-23,2025-12-26,4
APXT,2025-12-31,2025-12-31,1
APXTW,2025-11-24,2025-11-28,5
APXTW,2025-12-10,2025-12-12,3
APXTW,2025-12-24,2025-12-24,1
APXTW,2026-01-02,2026-01-02,1
AQEC,2025-11-19,2025-11-28,10
AQEC,2025-12-03,2025-12-05,3
AQEC,2025-12-23,2025-12-24,2
AQEC,2026-01-07,2026-01-07,1
ARBEW,2025-10-30,2026-01-08,71
ARCM,2025-10-16,2025-10-23,8
ARCM,2025-11-04,2025-11-07,4
ARCM,2025-11-11,2025-11-13,3
ARCM,2025-11-25,2025-11-25,1
ARCM,2025-12-02,2025-12-05,4
ARCM,2025-12-09,2025-12-11,3
ARCM,2025-12-16,2025-12-18,3
ARCM,2025-12-24,2025-12-24,1
AREA,2025-11-04,2025-12-10,37
AREA,2025-12-15,2025-12-19,5
AREA,2025-12-23,2025-12-24,2
AREA,2025-12-29,2026-01-05,8
AREBW,2025-10-30,2026-01-07,70
ARKR,2025-10-17,2025-10-17,1
ARKR,2025-10-28,2025-10-31,4
ARKR,2025-11-05,2025-11-06,2
ARKR,2025-11-12,2025-11-12,1
ARKR,2025-11-25,2025-11-25,1
ARKR,2025-12-05,2025-12-05,1
ARKR,2025-12-10,2025-12-10,1
ARKT,2025-12-01,2025-12-04,4
ARKT,2025-12-11,2025-12-11,1
ARKT,2025-12-26,2025-12-26,1
ARKT,2025-12-31,2026-01-02,3
ARL,2025-10-23,2025-10-23,1
ARL,2025-10-29,2025-10-31,3
ARL,2025-11-06,2025-11-07,2
ARL,2025-11-19,2025-11-19,1
ARL,2025-11-24,2025-11-28,5
ARL,2025-12-02,2025-12-12,11
ARL,2025-12-24,2025-12-26,3
ARL,2026-01-07,2026-01-07,1
ARLU,2025-10-17,2025-10-20,4
ARMH,2025-11-13,2025-11-13,1
ARMH,2025-11-17,2025-11-17,1
ARMH,2025-12-19,2025-12-19,1
ARP,2025-10-15,2025-10-15,1
ARP,2025-12-10,2025-12-10,1
ARQQW,2025-10-30,2026-01-08,71
ARVR,2025-10-16,2025-10-17,2
ARVR,2025-10-27,2025-10-30,4
ARVR,2025-11-05,2025-11-14,10
ARVR,2025-11-19,2025-12-04,16
ARVR,2025-12-10,2025-12-22,13
ARVR,2025-12-30,2026-01-02,4
ARVR,2026-01-06,2026-01-06,1
ASBPW,2025-10-30,2026-01-08,71
ASGM,2025-10-16,2025-10-16,1
ASGM,2025-10-20,2025-10-30,11
ASGM,2025-11-03,2025-11-06,4
ASGM,2025-11-10,2025-11-20,11
ASGM,2025-11-24,2025-11-26,3
ASGM,2025-12-03,2025-12-04,2
ASGM,2025-12-11,2025-12-11,1
ASGM,2025-12-15,2025-12-18,4
ASGM,2025-12-22,2025-12-22,1
ASGM,2025-12-30,2025-12-31,2
ASGM,2026-01-06,2026-01-06,1
ASIA,2025-11-11,2025-11-11,1
ASIA,2025-12-04,2025-12-04,1
ASLV,2025-10-22,2025-10-27,6
ASLV,2025-11-03,2025-11-07,5
ASLV,2025-11-11,2025-11-11,1
ASLV,2025-11-24,2025-11-24,1
ASLV,2025-11-28,2025-11-28,1
ASLV,2025-12-02,2025-12-02,1
ASLV,2025-12-10,2025-12-10,1
ASLV,2025-12-24,2025-12-24,1
ASLV,2025-12-31,2025-12-31,1
ASMF,2025-12-15,2025-12-15,1
ASMH,2025-10-31,2025-10-31,1
ASMH,2025-11-07,2025-11-10,4
ASMH,2025-12-10,2025-12-11,2
ASPC,2025-10-21,2025-10-27,7
ASPC,2025-11-21,2025-11-21,1
ASPC,2025-11-25,2025-11-28,4
ASPC,2025-12-02,2025-12-05,4
ASPCR,2025-10-17,2025-10-20,4
ASPCR,2025-10-28,2025-10-29,2
ASPCR,2025-11-03,2025-11-05,3
ASPCR,2025-11-10,2025-11-21,12
ASPCR,2025-11-25,2025-12-01,7
ASPCR,2025-12-05,2025-12-08,4
ASPCR,2025-12-12,2025-12-12,1
ASPCR,2025-12-16,2025-12-17,2
ASPCR,2025-12-24,2025-12-24,1
ASPCR,2026-01-02,2026-01-05,4
ASPCU,2025-10-17,2025-10-21,5
ASPCU,2025-10-27,2025-10-28,2
ASPCU,2025-11-04,2025-11-05,2
ASPCU,2025-11-20,2025-12-04,15
ASPCU,2025-12-08,2025-12-08,1
ASPCU,2025-12-17,2025-12-17,1
ASPCU,2025-12-22,2025-12-22,1
ASPCU,2025-12-30,2026-01-07,9
ASPSW,2025-12-15,2025-12-19,5
ASPSZ,2025-12-18,2025-12-19,2
ASPSZ,2026-01-07,2026-01-07,1
ASTLW,2025-10-30,2026-01-08,71
ATGL,2025-11-06,2025-11-12,7
ATGL,2025-11-28,2025-11-28,1
ATGL,2025-12-31,2025-12-31,1
ATGL,2026-01-07,2026-01-08,2
ATHR,2025-11-26,2025-11-26,1
ATII,2025-10-22,2025-10-22,1
ATII,2025-11-11,2025-11-12,2
ATII,2025-11-17,2025-11-18,2
ATII,2025-12-04,2025-12-04,1
ATII,2025-12-31,2025-12-31,1
ATIIU,2025-10-27,2025-12-08,43
ATIIW,2025-10-23,2025-10-23,1
ATIIW,2025-10-30,2026-01-08,71
ATMC,2025-10-30,2025-11-21,23
ATMCR,2025-10-23,2025-10-23,1
ATMCR,2025-10-28,2025-11-06,10
ATMCR,2025-11-10,2025-11-28,19
ATMCU,2025-10-20,2025-11-03,15
ATMCU,2025-11-07,2025-11-25,19
ATMCU,2025-12-01,2025-12-01,1
ATMCW,2025-10-27,2025-10-27,1
ATPC,2025-12-03,2025-12-03,1
AUBN,2025-10-20,2025-10-23,4
AUBN,2025-10-27,2025-11-07,12
AUBN,2025-11-11,2025-11-13,3
AUBN,2025-11-24,2025-11-28,5
AUBN,2025-12-12,2025-12-12,1
AUBN,2026-01-05,2026-01-05,1
AUGM,2025-11-03,2025-11-07,5
AUGM,2025-11-12,2025-11-12,1
AUGM,2025-11-19,2025-11-19,1
AUGM,2025-12-09,2025-12-11,3
AUGM,2026-01-07,2026-01-07,1
AUGP,2025-10-30,2025-10-30,1
AUGP,2025-11-17,2025-11-17,1
AUGP,2025-11-21,2025-11-21,1
AUGP,2025-11-28,2025-11-28,1
AUGP,2025-12-02,2025-12-02,1
AUGP,2025-12-11,2025-12-11,1
AUGP,2025-12-17,2025-12-19,3
AUGP,2025-12-23,2025-12-26,4
AUGP,2026-01-02,2026-01-02,1
AUGP,2026-01-06,2026-01-06,1
AUGT,2025-10-20,2025-10-24,5
AUGT,2025-10-30,2025-10-30,1
AUGT,2025-11-13,2025-11-13,1
AUGT,2025-11-17,2025-11-19,3
AUGT,2025-11-28,2025-11-28,1
AUGT,2025-12-05,2025-12-05,1
AUGT,2025-12-22,2025-12-24,3
AUGU,2025-10-17,2025-10-23,7
AUGU,2025-10-28,2025-10-30,3
AUGU,2025-11-07,2025-11-07,1
AUGU,2025-11-14,2025-11-14,1
AUGU,2025-11-21,2025-11-21,1
AUGU,2025-11-28,2025-11-28,1
AUGU,2025-12-02,2025-12-02,1
AUGU,2025-12-09,2025-12-11,3
AUGU,2025-12-30,2025-12-30,1
AUGW,2025-11-17,2025-11-17,1
AUGW,2025-11-28,2025-11-28,1
AUGW,2025-12-22,2025-12-22,1
AUGZ,2025-10-20,2025-10-23,4
AUGZ,2025-10-27,2025-10-31,5
AUGZ,2025-11-06,2025-11-07,2
AUGZ,2025-11-12,2025-11-13,2
AUGZ,2025-11-17,2025-11-20,4
AUGZ,2025-11-28,2025-11-28,1
AUGZ,2025-12-02,2025-12-02,1
AUGZ,2025-12-09,2025-12-09,1
AUGZ,2025-12-19,2025-12-24,6
AUGZ,2025-12-29,2025-12-31,3
AUGZ,2026-01-06,2026-01-06,1
AUROW,2025-10-30,2026-01-08,71
AURU,2025-10-23,2025-10-23,1
AURU,2025-12-24,2025-12-24,1
AUSM,2025-10-24,2025-10-24,1
AUSM,2025-10-28,2025-10-31,4
AUSM,2025-11-04,2025-11-07,4
AUSM,2025-11-11,2025-11-12,2
AUSM,2025-11-17,2025-11-26,10
AUSM,2025-12-01,2025-12-02,2
AUSM,2025-12-09,2025-12-11,3
AUSM,2025-12-15,2025-12-15,1
AUSM,2025-12-19,2025-12-19,1
AUSM,2025-12-26,2026-01-02,8
AVGB,2025-10-22,2025-10-24,3
AVGB,2025-10-29,2025-10-30,2
AVGB,2025-11-03,2025-11-03,1
AVGB,2025-11-07,2025-11-07,1
AVGB,2025-11-13,2025-11-13,1
AVGB,2025-11-24,2025-11-24,1
AVGB,2025-12-01,2025-12-01,1
AVGB,2025-12-17,2025-12-17,1
AVGB,2025-12-30,2025-12-30,1
AVGB,2026-01-05,2026-01-07,3
AVIE,2025-10-17,2025-10-17,1
AVIE,2025-10-21,2025-10-24,4
AVIE,2025-10-29,2025-10-29,1
AVIE,2025-11-05,2025-11-06,2
AVIE,2025-11-10,2025-11-17,8
AVIE,2025-11-24,2025-11-24,1
AVIE,2025-11-28,2025-11-28,1
AVIE,2025-12-08,2025-12-09,2
AVIE,2025-12-15,2025-12-18,4
AVIE,2025-12-23,2025-12-26,4
AVIE,2025-12-30,2025-12-30,1
AVIE,2026-01-08,2026-01-08,1
AVMA,2025-11-05,2025-11-05,1
AVMA,2025-11-28,2025-11-28,1
AVUQ,2025-10-21,2025-10-24,4
AXIN,2025-10-30,2025-10-31,2
AXIN,2025-11-04,2025-11-05,2
AXIN,2025-11-11,2025-11-14,4
AXIN,2025-11-18,2025-11-28,11
AXIN,2025-12-03,2025-12-03,1
AXIN,2025-12-11,2025-12-11,1
AXIN,2025-12-17,2025-12-17,1
AXIN,2025-12-22,2025-12-29,8
AXIN,2026-01-06,2026-01-06,1
AXINR,2025-10-30,2025-10-31,2
AXINR,2025-11-13,2025-11-13,1
AXINR,2025-11-20,2025-11-20,1
AXINR,2025-11-26,2025-11-28,3
AXINR,2025-12-02,2025-12-04,3
AXINR,2025-12-11,2025-12-11,1
AXINR,2025-12-17,2025-12-17,1
AXINR,2025-12-22,2025-12-24,3
AXINR,2025-12-29,2026-01-02,5
AXINR,2026-01-06,2026-01-08,3
AXINU,2025-11-03,2025-11-13,11
AXINU,2025-11-18,2026-01-05,49
AXR,2025-12-31,2025-12-31,1
AZNH,2025-12-22,2025-12-22,1
AZTD,2025-10-17,2025-10-17,1
AZTD,2025-10-21,2025-10-30,10
AZTD,2025-11-04,2025-11-06,3
AZTD,2025-11-12,2025-11-25,14
AZTD,2025-12-01,2025-12-01,1
AZTD,2025-12-05,2025-12-05,1
AZTD,2025-12-15,2025-12-16,2
AZTD,2025-12-24,2026-01-02,10
AZTD,2026-01-08,2026-01-08,1
BACC,2025-10-17,2025-10-17,1
BACC,2025-10-23,2025-10-23,1
BACC,2025-10-27,2025-10-27,1
BACC,2025-11-03,2025-11-07,5
BACC,2025-12-24,2025-12-24,1
BACCR,2025-10-20,2025-10-23,4
BACCR,2025-10-30,2025-10-30,1
BACCR,2025-11-05,2025-11-07,3
BACCR,2025-11-13,2025-11-13,1
BACCR,2025-12-11,2025-12-11,1
BACCR,2025-12-15,2025-12-15,1
BACCR,2025-12-19,2025-12-23,5
BACCR,2025-12-30,2025-12-30,1
BACCR,2026-01-05,2026-01-06,2
BACCU,2025-10-17,2025-10-31,15
BACCU,2025-11-04,2025-11-07,4
BACCU,2025-11-11,2025-11-21,11
BACCU,2025-12-03,2025-12-03,1
BACCU,2025-12-08,2025-12-12,5
BACCU,2025-12-17,2025-12-19,3
BACCU,2025-12-23,2025-12-24,2
BACCU,2025-12-29,2026-01-02,5
BACCU,2026-01-06,2026-01-06,1
BACQU,2025-10-27,2025-11-06,11
BACQU,2025-11-10,2025-12-03,24
BACQU,2025-12-08,2025-12-19,12
BACQU,2025-12-23,2026-01-06,15
BAERW,2025-10-30,2026-01-08,71
BAFN,2025-10-27,2025-10-28,2
BAFN,2025-11-26,2025-11-26,1
BAFN,2025-12-24,2025-12-24,1
BALQ,2025-12-10,2025-12-10,1
BALQ,2025-12-15,2025-12-15,1
BALQ,2025-12-29,2025-12-29,1
BANFP,2025-10-16,2025-10-17,2
BANFP,2025-10-21,2025-10-23,3
BANFP,2025-10-27,2025-10-27,1
BANFP,2025-11-04,2025-11-07,4
BANFP,2025-11-11,2025-11-13,3
BANFP,2025-11-20,2025-12-04,15
BANFP,2025-12-08,2025-12-12,5
BANFP,2025-12-17,2025-12-18,2
BANFP,2025-12-23,2025-12-23,1
BANFP,2025-12-30,2026-01-07,9
BAYA,2025-10-16,2025-10-16,1
BAYA,2025-10-21,2025-10-24,4
BAYA,2025-10-29,2025-10-29,1
BAYA,2025-11-04,2025-11-07,4
BAYA,2025-11-11,2025-11-14,4
BAYA,2025-11-18,2025-11-28,11
BAYA,2025-12-03,2025-12-05,3
BAYA,2025-12-30,2025-12-30,1
BAYAR,2025-10-22,2025-10-23,2
BAYAR,2025-10-28,2025-11-03,7
BAYAR,2025-11-07,2025-11-14,8
BAYAR,2025-11-20,2025-11-28,9
BAYAR,2025-12-16,2025-12-24,9
BAYAR,2025-12-30,2025-12-31,2
BAYAR,2026-01-06,2026-01-08,3
BAYAU,2025-12-10,2025-12-22,13
BBB,2025-10-20,2025-10-20,1
BBB,2025-11-12,2025-11-12,1
BBB,2025-11-17,2025-11-17,1
BBB,2025-11-28,2025-11-28,1
BBB,2025-12-12,2025-12-18,7
BBB,2025-12-26,2025-12-31,6
BBB,2026-01-05,2026-01-08,4
BCAR,2025-12-18,2025-12-19,2
BCAR,2026-01-06,2026-01-06,1
BCARU,2025-10-21,2025-10-24,4
BCARU,2025-11-10,2025-11-26,17
BCARU,2025-12-02,2025-12-11,10
BCARU,2025-12-15,2025-12-24,10
BCARU,2025-12-30,2025-12-30,1
BCARW,2025-11-06,2025-11-06,1
BCARW,2025-11-11,2025-11-13,3
BCARW,2025-11-26,2025-11-28,3
BCARW,2025-12-03,2025-12-03,1
BCARW,2025-12-18,2025-12-19,2
BCARW,2026-01-07,2026-01-07,1
BCLO,2025-11-06,2025-11-07,2
BCLO,2025-12-24,2025-12-24,1
BCTXW,2025-10-30,2026-01-08,71
BCTXZ,2025-10-20,2025-10-20,1
BCTXZ,2025-10-29,2025-10-31,3
BCTXZ,2025-11-05,2025-11-05,1
BCTXZ,2025-11-14,2025-11-14,1
BCTXZ,2025-11-19,2025-11-19,1
BCTXZ,2025-11-26,2025-12-04,9
BCTXZ,2025-12-08,2025-12-08,1
BCTXZ,2025-12-16,2025-12-22,7
BCTXZ,2025-12-26,2025-12-26,1
BCTXZ,2025-12-30,2025-12-30,1
BCTXZ,2026-01-06,2026-01-06,1
BDCIU,2025-11-03,2025-11-03,1
BDCIU,2025-11-24,2025-11-24,1
BDCIU,2025-12-02,2025-12-02,1
BDCIW,2025-10-24,2025-10-24,1
BDCIW,2025-10-30,2025-10-30,1
BDCIW,2025-11-03,2025-11-03,1
BDCIW,2025-11-13,2025-11-13,1
BDCIW,2025-11-17,2025-11-20,4
BDCIW,2025-11-26,2025-11-26,1
BDCIW,2025-12-03,2025-12-11,9
BDCIW,2025-12-18,2025-12-19,2
BDCIW,2025-12-24,2026-01-02,10
BDCIW,2026-01-07,2026-01-07,1
BDGS,2025-10-17,2025-10-17,1
BDGS,2025-11-07,2025-11-07,1
BDGS,2025-11-28,2025-11-28,1
BDGS,2025-12-04,2025-12-04,1
BDMDW,2025-10-20,2025-10-23,4
BDMDW,2025-10-27,2026-01-08,74
BEAG,2025-12-12,2025-12-12,1
BEAG,2025-12-24,2025-12-24,1
BEAGR,2025-10-20,2025-10-20,1
BEAGR,2025-11-03,2025-11-03,1
BEAGR,2025-11-12,2025-11-12,1
BEAGR,2025-11-19,2025-11-19,1
BEAGR,2025-11-28,2025-11-28,1
BEAGR,2025-12-04,2025-12-05,2
BEAGR,2025-12-11,2025-12-18,8
BEAGR,2025-12-22,2025-12-26,5
BEAGR,2026-01-07,2026-01-07,1
BEAGU,2025-10-17,2025-10-22,6
BEAGU,2025-10-27,2025-11-14,19
BEAGU,2025-11-18,2025-11-20,3
BEAGU,2025-11-24,2025-11-28,5
BEAGU,2025-12-02,2025-12-12,11
BEAGU,2025-12-17,2025-12-26,10
BEATW,2025-10-16,2025-10-16,1
BEATW,2025-10-22,2025-10-22,1
BEATW,2025-10-29,2026-01-08,72
BEEX,2025-10-16,2025-10-16,1
BEEX,2025-10-20,2025-10-20,1
BEEX,2025-10-29,2025-10-29,1
BEEX,2025-11-03,2025-11-07,5
BEEX,2025-11-20,2025-11-20,1
BEEX,2025-11-28,2025-11-28,1
BEEX,2026-01-05,2026-01-05,1
BEEZ,2025-10-17,2025-11-07,22
BEEZ,2025-11-11,2025-12-03,23
BEEZ,2025-12-08,2025-12-11,4
BEEZ,2025-12-15,2025-12-31,17
BEEZ,2026-01-08,2026-01-08,1
BELT,2025-10-17,2025-10-17,1
BELT,2025-10-21,2025-10-23,3
BELT,2025-10-27,2025-10-27,1
BELT,2025-11-13,2025-11-13,1
BELT,2025-11-17,2025-11-17,1
BELT,2025-11-26,2025-12-02,7
BELT,2025-12-10,2025-12-11,2
BELT,2025-12-15,2025-12-17,3
BELT,2025-12-22,2025-12-24,3
BETRW,2025-10-30,2026-01-08,71
BFRGW,2025-10-30,2026-01-08,71
BGLWW,2025-10-30,2025-12-17,49
BGLWW,2025-12-22,2026-01-08,18
BGMSP,2025-10-30,2025-10-30,1
BGMSP,2025-11-04,2025-11-07,4
BGMSP,2025-11-12,2025-11-14,3
BGMSP,2025-11-21,2025-11-25,5
BGMSP,2025-12-08,2025-12-08,1
BGMSP,2025-12-15,2025-12-19,5
BGMSP,2025-12-29,2025-12-29,1
BGRO,2025-10-17,2025-10-24,8
BGRO,2025-10-28,2025-10-30,3
BGRO,2025-11-05,2025-11-05,1
BGRO,2025-11-10,2025-11-13,4
BGRO,2025-11-19,2025-12-26,38
BGRO,2025-12-31,2026-01-02,3
BGRO,2026-01-06,2026-01-07,2
BIAFW,2025-10-17,2025-10-17,1
BIAFW,2025-10-21,2025-10-27,7
BIVIW,2025-11-03,2025-11-03,1
BIVIW,2025-11-10,2025-11-14,5
BIVIW,2025-11-18,2025-11-18,1
BIVIW,2025-12-01,2025-12-11,11
BIVIW,2025-12-22,2025-12-22,1
BIVIW,2025-12-29,2025-12-31,3
BIXI,2025-12-24,2025-12-24,1
BIXI,2026-01-02,2026-01-02,1
BIXI,2026-01-08,2026-01-08,1
BIXIU,2025-12-24,2025-12-24,1
BIXIU,2026-01-07,2026-01-07,1
BIXIW,2025-12-29,2025-12-29,1
BJK,2025-10-16,2025-10-17,2
BJK,2025-10-29,2025-10-29,1
BJK,2025-12-05,2025-12-08,4
BJK,2025-12-15,2025-12-18,4
BKHA,2025-10-22,2025-10-23,2
BKHA,2025-10-31,2025-10-31,1
BKHA,2025-11-04,2025-11-13,10
BKHA,2025-11-18,2025-12-11,24
BKHA,2025-12-15,2026-01-06,23
BKHAR,2025-10-16,2025-10-23,8
BKHAR,2025-10-27,2025-11-05,10
BKHAR,2025-11-10,2025-11-20,11
BKHAR,2025-11-26,2026-01-07,43
BKHAU,2025-12-10,2025-12-31,22
BKHAU,2026-01-06,2026-01-06,1
BLCR,2025-11-05,2025-11-05,1
BLIV,2025-10-20,2025-10-20,1
BLIV,2025-10-28,2025-10-31,4
BLIV,2025-11-04,2025-11-06,3
BLIV,2025-11-11,2025-11-14,4
BLIV,2025-11-18,2025-11-20,3
BLIV,2025-11-25,2025-12-05,11
BLIV,2025-12-10,2025-12-17,8
BLUW,2025-10-17,2025-10-20,4
BLUW,2025-10-27,2025-10-27,1
BLUW,2025-10-31,2025-11-04,5
BLUW,2025-11-14,2025-11-14,1
BLUW,2025-11-18,2025-11-28,11
BLUW,2025-12-18,2025-12-18,1
BLUW,2025-12-26,2025-12-26,1
BLUWU,2025-10-16,2025-10-20,5
BLUWU,2025-10-29,2025-11-05,8
BLUWU,2025-11-10,2025-11-28,19
BLUWU,2025-12-02,2025-12-04,3
BLUWU,2025-12-08,2025-12-12,5
BLUWU,2025-12-17,2025-12-18,2
BLUWU,2025-12-22,2026-01-02,12
BLUWU,2026-01-07,2026-01-08,2
BLUWW,2025-10-17,2025-10-17,1
BLUWW,2025-10-30,2025-11-28,30
BLUWW,2025-12-03,2025-12-12,10
BLUWW,2025-12-16,2025-12-17,2
BLUWW,2025-12-22,2026-01-05,15
BLZRU,2025-12-18,2025-12-18,1
BLZRU,2025-12-22,2025-12-24,3
BLZRU,2025-12-29,2026-01-07,10
BLZRW,2025-11-19,2025-11-20,2
BLZRW,2025-11-24,2025-12-18,25
BLZRW,2025-12-24,2025-12-24,1
BLZRW,2025-12-30,2025-12-30,1
BMAX,2025-11-18,2025-11-18,1
BMAX,2025-12-12,2025-12-12,1
BMDL,2025-12-10,2026-01-02,24
BMHL,2025-10-22,2025-10-22,1
BMHL,2025-10-29,2025-10-29,1
BMHL,2025-11-11,2025-11-11,1
BMHL,2025-12-05,2025-12-05,1
BMHL,2025-12-12,2025-12-12,1
BNAIW,2025-10-30,2026-01-08,71
BNCWW,2025-11-28,2025-11-28,1
BNCWW,2025-12-11,2025-12-11,1
BNCWW,2025-12-29,2025-12-29,1
BNCWW,2026-01-07,2026-01-07,1
BNZIW,2025-10-30,2026-01-08,71
BOED,2025-12-01,2025-12-01,1
BOED,2025-12-05,2025-12-05,1
BOED,2025-12-30,2025-12-30,1
BOTJ,2025-10-23,2025-10-23,1
BOTJ,2025-11-06,2025-11-06,1
BOTJ,2025-11-12,2025-11-12,1
BOTJ,2025-12-26,2025-12-26,1
BPACU,2025-11-21,2025-11-21,1
BPACU,2025-12-05,2025-12-05,1
BPACU,2025-12-12,2025-12-24,13
BPACU,2025-12-29,2026-01-02,5
BPOPM,2025-10-21,2025-10-21,1
BPOPM,2025-11-04,2025-11-10,7
BPOPM,2025-11-18,2025-11-21,4
BPOPM,2025-11-25,2025-11-25,1
BPOPM,2025-12-22,2025-12-22,1
BRBI,2025-12-24,2025-12-24,1
BRBI,2026-01-02,2026-01-02,1
BRFH,2025-11-20,2025-11-20,1
BRFH,2025-12-08,2025-12-08,1
BRID,2025-11-04,2025-11-04,1
BRID,2025-11-10,2025-11-10,1
BRID,2026-01-05,2026-01-07,3
BRKD,2025-10-16,2025-10-16,1
BRKD,2025-11-25,2025-11-26,2
BRKD,2025-12-10,2025-12-10,1
BRKD,2025-12-15,2025-12-15,1
BRKD,2025-12-29,2025-12-31,3
BRKRP,2025-10-16,2025-10-16,1
BRKRP,2025-10-20,2025-10-23,4
BRKRP,2025-10-29,2025-10-30,2
BRKRP,2025-11-13,2025-11-13,1
BRKRP,2025-12-04,2025-12-08,5
BRKRP,2025-12-24,2025-12-26,3
BRKRP,2026-01-08,2026-01-08,1
BRLSW,2025-10-17,2025-10-17,1
BRLSW,2025-10-21,2025-10-24,4
BRLSW,2025-10-28,2025-10-28,1
BRRWW,2025-10-17,2025-10-17,1
BRRWW,2026-01-08,2026-01-08,1
BSAA,2025-10-17,2025-10-28,12
BSAA,2025-11-04,2025-11-07,4
BSAA,2025-11-11,2025-11-24,14
BSAA,2025-12-01,2025-12-03,3
BSAA,2025-12-08,2025-12-10,3
BSAA,2025-12-16,2025-12-19,4
BSAA,2025-12-24,2026-01-02,10
BSAAR,2025-10-17,2025-10-23,7
BSAAR,2025-10-29,2025-10-30,2
BSAAR,2025-11-04,2025-11-21,18
BSAAR,2025-11-25,2025-12-03,9
BSAAR,2025-12-10,2025-12-12,3
BSAAR,2025-12-16,2025-12-18,3
BSAAR,2025-12-22,2025-12-22,1
BSAAR,2025-12-26,2025-12-26,1
BSAAR,2026-01-02,2026-01-02,1
BSAAU,2025-11-07,2025-11-13,7
BSAAU,2025-11-17,2025-11-26,10
BSAAU,2025-12-01,2025-12-03,3
BSBK,2025-11-05,2025-11-05,1
BSJX,2025-11-12,2025-11-12,1
BSJX,2025-11-18,2025-11-20,3
BSJX,2025-12-02,2025-12-02,1
BSJX,2025-12-16,2025-12-16,1
BSLK,2026-01-05,2026-01-06,2
BSMZ,2025-11-06,2025-11-06,1
BTBDW,2025-10-27,2026-01-08,74
BTMWW,2025-10-30,2026-01-08,71
BTSGU,2025-10-16,2025-10-16,1
BTSGU,2025-10-28,2025-10-28,1
BTSGU,2025-11-11,2025-11-12,2
BTSGU,2025-11-17,2025-11-17,1
BTSGU,2025-11-21,2025-11-21,1
BTSGU,2025-11-26,2025-11-26,1
BTSGU,2025-12-08,2025-12-08,1
BTSGU,2025-12-22,2025-12-22,1
BTSGU,2025-12-26,2025-12-26,1
BU,2025-11-28,2025-11-28,1
BUFI,2025-10-24,2025-10-24,1
BUFI,2025-11-07,2025-11-07,1
BUFI,2025-12-05,2025-12-05,1
BUFI,2025-12-24,2025-12-24,1
BULD,2025-10-17,2025-10-17,1
BULD,2025-10-23,2025-10-24,2
BULD,2025-10-28,2025-10-31,4
BULD,2025-11-04,2025-11-07,4
BULD,2025-11-12,2025-11-12,1
BULD,2025-11-19,2025-11-21,3
BULD,2025-11-26,2025-11-26,1
BULD,2025-12-03,2025-12-03,1
BULD,2025-12-11,2025-12-11,1
BULD,2025-12-24,2025-12-26,3
BULD,2026-01-02,2026-01-02,1
BUUU,2025-10-28,2025-10-28,1
BUUU,2025-11-03,2025-11-03,1
BUUU,2025-11-18,2025-11-18,1
BUUU,2025-12-26,2025-12-26,1
BWBBP,2025-10-30,2025-10-30,1
BWBBP,2025-11-03,2025-11-06,4
BWBBP,2025-11-18,2025-11-21,4
BWBBP,2025-11-28,2025-11-28,1
BWBBP,2026-01-08,2026-01-08,1
BYFC,2025-10-24,2025-10-24,1
BYFC,2025-10-28,2025-10-29,2
BYFC,2025-11-06,2025-11-07,2
BYFC,2025-11-11,2025-11-13,3
BYFC,2025-12-08,2025-12-08,1
BYFC,2026-01-07,2026-01-07,1
BZAIW,2025-10-30,2026-01-08,71
BZFDW,2025-10-17,2025-10-17,1
BZFDW,2025-10-21,2025-10-21,1
BZFDW,2025-10-27,2026-01-08,74
CA,2025-10-16,2025-10-16,1
CA,2025-10-23,2025-10-23,1
CA,2025-10-29,2025-10-29,1
CA,2025-11-18,2025-11-19,2
CA,2025-11-26,2025-11-28,3
CA,2025-12-04,2025-12-04,1
CA,2025-12-16,2025-12-18,3
CA,2025-12-24,2025-12-24,1
CAFG,2025-10-21,2025-10-21,1
CAFG,2025-11-06,2025-11-06,1
CAFG,2025-11-20,2025-11-20,1
CAFG,2026-01-06,2026-01-08,3
CAPN,2025-11-03,2025-11-03,1
CAPNR,2025-10-31,2025-11-20,21
CAPNR,2025-11-24,2025-12-24,31
CAPNR,2025-12-29,2026-01-07,10
CAPNU,2025-11-13,2025-12-08,26
CAPTW,2025-10-22,2025-10-23,2
CAPTW,2025-10-30,2026-01-08,71
CARZ,2025-11-26,2025-11-26,1
CARZ,2025-12-23,2025-12-26,4
CBFV,2025-11-28,2025-11-28,1
CCCXU,2025-11-07,2025-11-07,1
CCCXU,2025-12-04,2025-12-05,2
CCCXU,2025-12-15,2025-12-18,4
CCEC,2025-12-12,2025-12-12,1
CCFE,2025-10-28,2025-11-13,17
CCFE,2025-11-19,2025-11-20,2
CCFE,2025-11-24,2025-11-25,2
CCFE,2025-12-10,2025-12-11,2
CCFE,2025-12-15,2025-12-15,1
CCFE,2025-12-19,2025-12-19,1
CCFE,2025-12-23,2026-01-07,16
CCGWW,2025-10-20,2025-10-23,4
CCGWW,2025-10-27,2025-10-27,1
CCII,2025-11-28,2025-11-28,1
CCII,2025-12-18,2025-12-18,1
CCII,2025-12-22,2025-12-22,1
CCII,2025-12-26,2025-12-26,1
CCIIU,2025-10-21,2025-10-24,4
CCIIU,2025-11-05,2025-11-06,2
CCIIU,2025-11-10,2025-11-11,2
CCIIU,2025-11-18,2025-11-21,4
CCIIU,2025-11-25,2025-12-05,11
CCIIU,2025-12-10,2025-12-15,6
CCIIU,2025-12-19,2025-12-24,6
CCIIU,2025-12-29,2026-01-08,11
CCIIW,2025-10-27,2025-10-30,4
CCIIW,2025-11-03,2025-11-06,4
CCIIW,2025-11-11,2025-11-12,2
CCIIW,2025-11-19,2025-11-20,2
CCIIW,2025-11-25,2025-11-28,4
CCIIW,2025-12-03,2025-12-05,3
CCIIW,2025-12-12,2025-12-12,1
CCIIW,2025-12-18,2025-12-24,7
CCIIW,2025-12-29,2026-01-02,5
CCIIW,2026-01-06,2026-01-06,1
CCIXU,2025-11-04,2025-12-12,39
CCIXU,2025-12-16,2025-12-16,1
CCIXU,2025-12-26,2026-01-07,13
CCNEP,2025-11-04,2025-11-06,3
CCNEP,2025-12-04,2025-12-04,1
CCNEP,2025-12-18,2025-12-19,2
CCNEP,2025-12-23,2025-12-26,4
CCNR,2025-10-16,2025-10-17,2
CCNR,2025-10-28,2025-10-28,1
CCNR,2025-11-07,2025-11-10,4
CCNR,2025-11-25,2025-11-25,1
CCNR,2025-12-02,2025-12-04,3
CCSB,2025-10-22,2025-10-22,1
CCSB,2025-10-30,2025-10-30,1
CCSB,2025-11-06,2025-11-06,1
CCSB,2025-11-10,2025-11-13,4
CCSB,2025-11-19,2025-11-21,3
CCSB,2025-12-03,2025-12-05,3
CCSB,2025-12-11,2025-12-11,1
CCSB,2025-12-18,2025-12-18,1
CCSB,2025-12-26,2025-12-26,1
CCSO,2025-10-20,2025-10-23,4
CCSO,2025-11-21,2025-11-21,1
CCSO,2025-11-28,2025-11-28,1
CCSO,2026-01-08,2026-01-08,1
CDIOW,2025-10-21,2025-10-24,4
CDIOW,2025-10-30,2026-01-07,70
CDROW,2025-10-17,2025-10-17,1
CDROW,2025-10-21,2025-10-24,4
CDROW,2025-10-30,2026-01-08,71
CDTG,2025-12-12,2025-12-12,1
CDTTW,2025-10-20,2025-10-20,1
CDTTW,2025-10-30,2026-01-08,71
CDZIP,2025-11-03,2025-11-03,1
CEFA,2025-10-24,2025-10-24,1
CEFA,2025-11-13,2025-11-13,1
CEFA,2025-11-18,2025-11-18,1
CEFA,2025-12-04,2025-12-04,1
CEFA,2026-01-05,2026-01-05,1
CELUW,2025-10-17,2025-10-17,1
CELUW,2025-10-30,2026-01-08,71
CFFI,2025-10-30,2025-10-30,1
CFFI,2025-11-12,2025-11-13,2
CFFI,2025-11-17,2025-11-17,1
CFFI,2025-11-24,2025-11-24,1
CFFI,2025-11-28,2025-11-28,1
CFFI,2025-12-02,2025-12-04,3
CGCT,2025-10-16,2025-10-16,1
CGCT,2025-10-20,2025-10-23,4
CGCT,2025-11-05,2025-11-06,2
CGCT,2025-11-10,2025-11-13,4
CGCT,2025-11-18,2025-11-20,3
CGCT,2025-11-24,2025-11-28,5
CGCT,2025-12-02,2025-12-05,4
CGCT,2025-12-10,2025-12-16,7
CGCTU,2025-10-16,2025-10-17,2
CGCTU,2025-10-22,2025-10-29,8
CGCTU,2025-11-03,2025-11-13,11
CGCTU,2025-11-17,2025-11-20,4
CGCTU,2025-11-24,2025-12-04,11
CGCTU,2025-12-08,2025-12-17,10
CGCTU,2025-12-22,2025-12-23,2
CGCTW,2025-10-16,2025-10-16,1
CGCTW,2025-10-29,2025-12-12,45
CGCTW,2025-12-16,2025-12-17,2
CGCTW,2025-12-22,2026-01-05,15
CHACR,2025-10-17,2025-10-17,1
CHACR,2025-11-26,2025-11-26,1
CHACR,2025-12-08,2025-12-08,1
CHACU,2025-10-21,2025-10-31,11
CHACU,2025-11-07,2025-11-07,1
CHACU,2025-11-17,2025-11-21,5
CHACU,2025-11-26,2025-11-26,1
CHACU,2025-12-03,2025-12-04,2
CHACU,2025-12-08,2025-12-12,5
CHACU,2025-12-16,2025-12-19,4
CHACU,2025-12-23,2025-12-31,9
CHACU,2026-01-05,2026-01-05,1
CHAR,2025-10-20,2025-10-23,4
CHAR,2025-10-27,2025-10-31,5
CHAR,2025-11-04,2025-12-04,31
CHAR,2025-12-08,2025-12-08,1
CHAR,2025-12-12,2025-12-12,1
CHAR,2025-12-17,2025-12-24,8
CHAR,2025-12-29,2025-12-31,3
CHAR,2026-01-05,2026-01-07,3
CHARR,2025-10-22,2025-10-23,2
CHARR,2025-10-27,2025-10-28,2
CHARR,2025-11-03,2025-12-18,46
CHARR,2025-12-22,2026-01-02,12
CHARU,2025-11-06,2025-12-08,33
CHEC,2025-11-25,2025-12-08,14
CHEC,2025-12-17,2025-12-17,1
CHEC,2025-12-23,2025-12-24,2
CHEC,2025-12-30,2026-01-07,9
CHECU,2025-10-17,2025-10-17,1
CHECU,2025-10-22,2025-10-31,10
CHECU,2025-11-04,2025-11-04,1
CHECU,2025-11-25,2025-12-04,10
CHECU,2025-12-10,2026-01-07,29
CHECW,2025-11-14,2025-11-14,1
CHECW,2025-11-19,2025-11-19,1
CHECW,2025-11-26,2025-11-26,1
CHECW,2025-12-01,2025-12-05,5
CHECW,2025-12-10,2025-12-31,22
CHMG,2025-10-17,2025-10-17,1
CHMG,2025-10-21,2025-10-21,1
CHMG,2025-11-04,2025-11-04,1
CHMG,2025-11-18,2025-11-18,1
CHMG,2025-11-28,2025-11-28,1
CHPG,2025-10-17,2025-10-21,5
CHPG,2025-10-31,2025-10-31,1
CHPG,2025-11-05,2025-12-18,44
CHPG,2025-12-22,2025-12-29,8
CHPG,2026-01-05,2026-01-07,3
CHPGR,2025-10-17,2025-10-24,8
CHPGR,2025-10-28,2025-12-10,44
CHPGR,2025-12-15,2025-12-24,10
CHPGR,2025-12-29,2026-01-07,10
CHPGU,2025-10-20,2025-10-24,5
CHPGU,2025-10-28,2025-11-21,25
CHPGU,2025-12-01,2025-12-05,5
CHPGU,2025-12-10,2025-12-26,17
CHRI,2025-11-05,2025-11-13,9
CHRI,2025-11-20,2025-11-20,1
CHRI,2025-11-24,2025-12-04,11
CHRI,2025-12-08,2025-12-16,9
CIL,2025-10-22,2025-10-22,1
CIL,2025-10-31,2025-11-03,4
CIL,2025-11-07,2025-11-10,4
CIL,2025-11-26,2025-11-26,1
CIL,2025-12-24,2025-12-24,1
CIL,2025-12-31,2025-12-31,1
CIL,2026-01-06,2026-01-06,1
CINGW,2025-10-30,2026-01-07,70
CLOD,2025-10-22,2025-10-24,3
CLOD,2025-10-30,2025-10-30,1
CLOD,2025-11-03,2025-11-07,5
CLOD,2025-11-11,2025-11-14,4
CLOD,2025-11-19,2025-11-19,1
CLOD,2025-11-24,2025-11-24,1
CLOD,2025-11-28,2025-12-08,11
CLOD,2025-12-17,2025-12-17,1
CLOD,2025-12-22,2025-12-24,3
CLOD,2025-12-30,2026-01-07,9
CLRO,2026-01-07,2026-01-07,1
CLSKW,2025-10-30,2026-01-08,71
CLST,2025-12-30,2026-01-02,4
CNCG,2025-12-24,2025-12-29,6
CNCG,2026-01-06,2026-01-06,1
CNCKW,2025-10-16,2025-10-16,1
CNCKW,2025-10-20,2025-10-20,1
CNCKW,2025-10-30,2026-01-08,71
CNET,2025-11-10,2025-11-10,1
CNOBP,2025-10-29,2025-10-29,1
CNOBP,2025-11-06,2025-11-11,6
CNOBP,2025-12-02,2025-12-02,1
CNOBP,2025-12-10,2025-12-10,1
COCHW,2025-10-30,2026-01-08,71
COEPW,2025-10-20,2025-10-20,1
COEPW,2025-10-24,2025-10-24,1
COEPW,2025-10-30,2026-01-08,71
COLA,2025-10-22,2025-10-31,10
COLA,2025-11-04,2025-11-07,4
COLA,2025-12-11,2025-12-11,1
COLA,2026-01-02,2026-01-02,1
COLA,2026-01-08,2026-01-08,1
COLAR,2025-10-16,2025-10-16,1
COLAR,2025-10-22,2025-10-24,3
COLAR,2025-10-28,2025-11-06,10
COLAR,2025-11-20,2025-11-21,2
COLAR,2025-11-25,2025-12-05,11
COLAR,2025-12-10,2025-12-19,10
COLAR,2025-12-24,2025-12-24,1
COLAR,2025-12-31,2026-01-02,3
COLAU,2025-11-03,2025-11-07,5
COLAU,2025-11-11,2025-12-05,25
COLAU,2025-12-10,2025-12-11,2
COLAU,2025-12-15,2025-12-26,12
CORO,2025-10-17,2025-10-17,1
CORO,2025-10-23,2025-10-23,1
CORO,2025-10-27,2025-10-27,1
CORO,2025-11-05,2025-11-05,1
CORO,2025-11-12,2025-11-12,1
CORZW,2025-10-30,2026-01-08,71
CORZZ,2025-12-24,2025-12-24,1
COWS,2025-12-08,2025-12-08,1
CPAG,2025-10-17,2025-10-17,1
CPAG,2025-10-23,2025-10-23,1
CPAG,2025-10-27,2025-10-31,5
CPAG,2025-12-02,2025-12-02,1
CPAG,2025-12-17,2025-12-17,1
CPAG,2025-12-24,2025-12-24,1
CPBI,2025-10-24,2025-10-29,6
CPBI,2025-11-12,2025-11-14,3
CPHC,2025-10-16,2025-10-16,1
CPHC,2025-10-23,2025-10-24,2
CPHC,2025-11-04,2025-11-05,2
CPHC,2025-11-28,2025-11-28,1
CPHC,2025-12-02,2025-12-02,1
CPHC,2025-12-24,2025-12-26,3
CPHC,2026-01-05,2026-01-08,4
CPHY,2025-10-24,2025-10-24,1
CPHY,2025-11-04,2025-11-18,15
CPHY,2025-11-24,2025-11-28,5
CPHY,2025-12-03,2025-12-12,10
CPHY,2025-12-16,2025-12-19,4
CPHY,2025-12-24,2025-12-24,1
CPHY,2025-12-29,2025-12-29,1
CPHY,2026-01-06,2026-01-07,2
CRAC,2025-12-30,2025-12-30,1
CRACR,2025-12-15,2025-12-16,2
CRACR,2025-12-22,2025-12-26,5
CRACR,2025-12-31,2026-01-05,6
CRAQ,2025-10-27,2025-10-27,1
CRAQ,2025-11-04,2025-11-07,4
CRAQ,2025-11-11,2025-11-11,1
CRAQ,2025-11-20,2025-11-28,9
CRAQ,2025-12-02,2025-12-05,4
CRAQ,2025-12-10,2025-12-11,2
CRAQ,2025-12-15,2025-12-15,1
CRAQ,2025-12-19,2026-01-07,20
CRAQR,2025-10-16,2025-10-17,2
CRAQR,2025-10-28,2025-10-31,4
CRAQR,2025-11-06,2025-11-06,1
CRAQR,2025-11-10,2025-11-10,1
CRAQR,2025-11-14,2025-11-14,1
CRAQR,2025-11-18,2025-11-24,7
CRAQR,2025-11-28,2025-11-28,1
CRAQR,2025-12-03,2025-12-05,3
CRAQR,2025-12-15,2025-12-19,5
CRAQR,2025-12-23,2025-12-30,8
CRAQR,2026-01-07,2026-01-07,1
CRAQU,2025-10-17,2025-10-23,7
CRAQU,2025-10-27,2025-10-30,4
CRAQU,2025-11-03,2025-11-14,12
CRAQU,2025-11-18,2026-01-02,46
CRAQU,2026-01-06,2026-01-07,2
CRESW,2025-10-30,2026-01-07,70
CREVW,2025-10-27,2026-01-08,74
CRGOW,2025-10-28,2025-10-28,1
CRMLW,2025-10-30,2026-01-08,71
CSCS,2025-10-30,2025-11-11,13
CSCS,2025-11-26,2025-12-01,6
CSCS,2025-12-08,2025-12-08,1
CSCS,2025-12-26,2025-12-26,1
CUB,2025-10-20,2025-10-24,5
CUB,2025-11-03,2025-11-06,4
CUB,2025-11-11,2025-11-24,14
CUB,2025-11-28,2025-11-28,1
CUB,2025-12-02,2025-12-04,3
CUB,2025-12-08,2025-12-10,3
CUB,2025-12-24,2025-12-30,7
CUB,2026-01-06,2026-01-08,3
CUBWU,2025-11-06,2025-12-26,51
CUBWU,2025-12-31,2025-12-31,1
CUBWU,2026-01-05,2026-01-05,1
CXAIW,2025-10-30,2026-01-08,71
CYCUW,2025-10-30,2026-01-08,71
CZAR,2025-10-20,2025-10-22,3
CZAR,2025-10-27,2025-10-30,4
CZAR,2025-11-05,2025-11-20,16
CZAR,2025-11-24,2025-12-12,19
CZAR,2025-12-16,2025-12-19,4
CZAR,2025-12-24,2025-12-26,3
CZAR,2025-12-31,2026-01-08,9
DAAQ,2025-12-12,2025-12-12,1
DAAQ,2025-12-26,2025-12-26,1
DAAQU,2025-10-17,2025-10-17,1
DAAQU,2025-10-28,2025-10-29,2
DAAQU,2025-11-04,2025-11-14,11
DAAQU,2025-11-18,2025-12-12,25
DAAQU,2025-12-17,2025-12-24,8
DAAQU,2025-12-29,2026-01-05,8
DAAQW,2025-10-21,2025-11-07,18
DAAQW,2025-11-11,2025-11-12,2
DAAQW,2025-11-17,2025-11-18,2
DAAQW,2025-11-24,2025-11-24,1
DAAQW,2025-11-28,2025-12-04,7
DAAQW,2025-12-11,2025-12-19,9
DAAQW,2025-12-24,2026-01-08,16
DADS,2025-10-23,2025-10-23,1
DADS,2025-11-13,2025-11-13,1
DADS,2025-11-20,2025-11-20,1
DADS,2025-11-25,2025-11-25,1
DADS,2025-12-04,2025-12-04,1
DADS,2025-12-11,2025-12-11,1
DAICW,2025-10-30,2025-12-17,49
DAICW,2025-12-22,2026-01-08,18
DAK,2025-10-17,2025-10-17,1
DAK,2025-10-21,2025-10-29,9
DAK,2025-11-03,2025-11-06,4
DAK,2025-11-12,2025-12-11,30
DAK,2025-12-16,2025-12-24,9
DAK,2025-12-29,2025-12-31,3
DAK,2026-01-05,2026-01-08,4
DALI,2025-12-24,2025-12-24,1
DAVEW,2025-10-30,2026-01-08,71
DBSC,2025-12-31,2025-12-31,1
DCOMG,2025-10-20,2025-10-20,1
DCOMG,2025-10-27,2025-10-27,1
DCOMG,2025-10-31,2025-10-31,1
DCOMG,2025-11-04,2025-11-04,1
DCOMG,2025-11-26,2025-11-26,1
DCOMG,2026-01-06,2026-01-06,1
DECO,2025-11-10,2025-11-10,1
DECO,2025-11-21,2025-11-21,1
DECO,2025-11-25,2025-11-28,4
DECO,2025-12-04,2025-12-12,9
DECO,2025-12-23,2025-12-26,4
DECO,2026-01-05,2026-01-07,3
DFLIW,2025-10-30,2026-01-08,71
DFSCW,2025-10-17,2025-10-24,8
DFSCW,2025-10-28,2025-10-28,1
DFSCW,2025-11-06,2025-11-07,2
DFSCW,2025-11-11,2025-11-13,3
DFSCW,2025-11-17,2025-12-04,18
DFSCW,2025-12-11,2025-12-29,19
DGICB,2025-10-16,2025-10-24,9
DGICB,2025-10-28,2025-10-30,3
DGICB,2025-11-03,2025-11-07,5
DGICB,2025-11-11,2025-11-24,14
DGICB,2025-12-02,2025-12-08,7
DGICB,2025-12-16,2025-12-17,2
DGICB,2025-12-24,2025-12-26,3
DGICB,2026-01-06,2026-01-06,1
DGLO,2025-10-20,2025-10-29,10
DGLO,2025-11-04,2025-11-11,8
DGLO,2025-11-18,2025-11-21,4
DGLO,2025-11-25,2025-12-04,10
DGLO,2025-12-08,2025-12-19,12
DGLO,2025-12-23,2025-12-24,2
DGLO,2025-12-30,2026-01-06,8
DIME,2025-12-24,2025-12-24,1
DIVD,2025-10-17,2025-10-17,1
DIVD,2025-10-28,2025-10-28,1
DIVD,2025-11-14,2025-11-14,1
DIVD,2025-11-19,2025-11-20,2
DIVD,2025-11-28,2025-11-28,1
DIVD,2025-12-11,2025-12-11,1
DIVD,2025-12-17,2025-12-17,1
DIVD,2025-12-23,2025-12-30,8
DIVD,2026-01-05,2026-01-05,1
DJTWW,2025-10-30,2026-01-08,71
DMAA,2025-10-24,2025-10-24,1
DMAA,2025-10-29,2025-10-29,1
DMAA,2025-11-03,2025-11-03,1
DMAA,2025-11-07,2025-11-07,1
DMAA,2025-12-11,2025-12-11,1
DMAA,2025-12-16,2025-12-18,3
DMAA,2025-12-26,2025-12-31,6
DMAA,2026-01-07,2026-01-07,1
DMAAR,2025-10-24,2025-10-24,1
DMAAR,2025-11-06,2025-11-06,1
DMAAR,2025-11-12,2025-11-13,2
DMAAR,2025-11-19,2025-11-19,1
DMAAR,2025-11-25,2025-11-28,4
DMAAR,2025-12-02,2025-12-02,1
DMAAR,2025-12-11,2025-12-11,1
DMAAR,2025-12-17,2025-12-18,2
DMAAR,2025-12-24,2025-12-24,1
DMAAR,2025-12-29,2025-12-29,1
DMAAR,2026-01-02,2026-01-02,1
DMAAU,2025-10-29,2025-10-30,2
DMAAU,2025-11-04,2025-11-07,4
DMAAU,2025-11-11,2025-11-28,18
DMAAU,2025-12-03,2025-12-05,3
DMAAU,2025-12-11,2025-12-19,9
DMAAU,2025-12-24,2025-12-24,1
DMAAU,2025-12-29,2026-01-02,5
DMAAU,2026-01-06,2026-01-07,2
DMII,2025-12-18,2025-12-18,1
DMII,2025-12-24,2025-12-24,1
DMIIR,2025-12-10,2025-12-10,1
DMIIR,2025-12-19,2025-12-19,1
DMIIR,2025-12-23,2025-12-24,2
DMIIU,2026-01-06,2026-01-06,1
DNMX,2025-11-21,2025-11-21,1
DNMX,2025-11-28,2025-11-28,1
DNMX,2025-12-05,2025-12-05,1
DNMX,2025-12-11,2025-12-12,2
DNMX,2025-12-26,2025-12-26,1
DNMX,2025-12-30,2026-01-02,4
DNMX,2026-01-08,2026-01-08,1
DNMXW,2025-12-29,2025-12-31,3
DRDB,2025-10-17,2025-10-17,1
DRDB,2025-11-06,2025-11-06,1
DRDB,2025-11-19,2025-11-19,1
DRDB,2025-11-24,2025-11-24,1
DRDB,2025-12-08,2025-12-08,1
DRDB,2025-12-16,2025-12-16,1
DRDB,2025-12-22,2025-12-26,5
DRDB,2026-01-06,2026-01-07,2
DRDBU,2025-11-17,2025-11-21,5
DRDBU,2025-11-25,2025-12-05,11
DRDBU,2025-12-11,2026-01-06,27
DRDBW,2025-10-17,2025-10-23,7
DRMAW,2025-10-21,2026-01-08,80
DRTSW,2025-10-24,2025-10-24,1
DRTSW,2025-10-30,2026-01-08,71
DSACU,2025-12-29,2025-12-29,1
DSYWW,2025-10-30,2026-01-07,70
DTSQ,2025-10-22,2025-10-22,1
DTSQ,2025-11-06,2025-11-06,1
DTSQ,2025-11-12,2025-11-14,3
DTSQ,2025-11-19,2025-11-19,1
DTSQ,2025-12-01,2025-12-01,1
DTSQR,2025-10-16,2025-10-28,13
DTSQR,2025-11-04,2025-11-04,1
DTSQR,2025-11-11,2025-11-11,1
DTSQR,2025-11-17,2025-11-21,5
DTSQR,2025-11-28,2025-11-28,1
DTSQR,2025-12-02,2025-12-05,4
DTSQR,2025-12-24,2026-01-06,14
DTSQU,2025-12-04,2025-12-04,1
DTSQU,2025-12-08,2025-12-30,23
DTSTW,2025-10-27,2026-01-08,74
DUKX,2025-10-29,2025-10-29,1
DUKX,2025-11-06,2025-11-06,1
DUKX,2025-11-11,2025-11-11,1
DUKX,2025-11-17,2025-11-17,1
DUKX,2025-12-10,2025-12-10,1
DUKX,2025-12-15,2025-12-15,1
DUKX,2025-12-30,2025-12-30,1
DVGR,2025-12-08,2025-12-11,4
DVGR,2025-12-16,2025-12-17,2
DVGR,2025-12-22,2025-12-26,5
DVGR,2026-01-02,2026-01-02,1
DVGR,2026-01-07,2026-01-07,1
DVIN,2025-10-22,2025-11-13,23
DVIN,2025-11-17,2025-12-08,22
DVLU,2025-11-12,2025-11-12,1
DVLU,2025-11-19,2025-11-19,1
DVLU,2025-11-28,2025-11-28,1
DVQQ,2025-10-20,2025-10-23,4
DVQQ,2025-10-27,2025-10-31,5
DVQQ,2025-11-12,2025-11-12,1
DVQQ,2025-11-28,2025-11-28,1
DVQQ,2025-12-08,2025-12-10,3
DVQQ,2025-12-24,2025-12-26,3
DVQQ,2025-12-30,2025-12-31,2
DVQQ,2026-01-07,2026-01-07,1
DVRE,2025-12-10,2025-12-15,6
DVSP,2025-10-20,2025-10-23,4
DVSP,2025-10-27,2025-10-31,5
DVSP,2025-11-04,2025-11-17,14
DVSP,2025-11-21,2025-12-08,18
DVSP,2025-12-12,2025-12-19,8
DVSP,2025-12-23,2026-01-06,15
DVUT,2025-11-04,2025-12-08,35
DVXF,2025-12-10,2025-12-31,22
DVXF,2026-01-05,2026-01-08,4
DVXK,2025-10-28,2025-12-08,42
DVXV,2025-11-07,2025-11-14,8
DVXV,2025-11-21,2025-11-25,5
DVXV,2025-12-01,2025-12-05,5
DVXV,2025-12-10,2025-12-12,3
DVXY,2025-10-20,2025-12-08,50
DWAW,2025-10-24,2025-10-24,1
DWAW,2025-10-31,2025-10-31,1
DWAW,2025-11-24,2025-12-04,11
DWAW,2025-12-08,2025-12-11,4
DWAW,2025-12-17,2025-12-17,1
DWAW,2025-12-24,2025-12-24,1
DWAW,2025-12-29,2025-12-29,1
DWAW,2026-01-08,2026-01-08,1
DWUS,2025-10-16,2025-10-16,1
DWUS,2025-10-20,2025-10-24,5
DWUS,2025-11-05,2025-11-05,1
DWUS,2025-11-14,2025-11-28,15
DWUS,2025-12-02,2025-12-04,3
DWUS,2025-12-08,2025-12-10,3
DWUS,2025-12-15,2025-12-15,1
DWUS,2025-12-19,2025-12-19,1
DWUS,2025-12-24,2025-12-26,3
DXR,2025-11-11,2025-11-13,3
DXR,2025-11-18,2025-11-19,2
DXR,2025-11-28,2025-11-28,1
DXR,2025-12-02,2025-12-02,1
DXR,2025-12-10,2025-12-10,1
DXR,2025-12-15,2025-12-15,1
DYNB,2025-10-21,2025-10-23,3
DYNB,2025-10-28,2025-10-28,1
DYNB,2025-11-03,2025-11-03,1
DYNB,2025-11-11,2025-11-13,3
DYNB,2025-11-25,2025-11-25,1
DYNB,2025-12-02,2025-12-02,1
DYNB,2025-12-29,2026-01-05,8
DYOR,2025-12-04,2025-12-04,1
DYOR,2025-12-08,2025-12-08,1
DYOR,2025-12-15,2025-12-18,4
DYOR,2025-12-22,2025-12-22,1
DYOR,2025-12-26,2025-12-29,4
DYOR,2026-01-02,2026-01-02,1
DYOR,2026-01-06,2026-01-06,1
DYORW,2025-11-19,2025-11-19,1
DYORW,2025-11-28,2025-11-28,1
DYORW,2025-12-11,2025-12-11,1
DYORW,2025-12-16,2025-12-19,4
DYORW,2025-12-24,2026-01-02,10
EASY,2025-11-20,2025-11-21,2
EASY,2025-11-28,2025-11-28,1
EBI,2025-10-27,2025-10-28,2
EBI,2025-11-05,2025-11-05,1
EBI,2025-11-20,2025-11-20,1
EBI,2025-11-24,2025-11-24,1
EBI,2025-11-28,2025-11-28,1
EBI,2025-12-04,2025-12-04,1
EBIZ,2025-11-12,2025-11-12,1
ECDAW,2025-10-17,2025-10-17,1
ECXWW,2025-10-23,2025-10-27,5
EDBLW,2025-10-30,2026-01-08,71
EDRY,2025-11-06,2025-11-06,1
EDRY,2025-11-21,2025-11-21,1
EDRY,2025-11-25,2025-11-25,1
EDRY,2025-12-03,2025-12-05,3
EDRY,2025-12-18,2025-12-18,1
EDRY,2025-12-23,2025-12-24,2
EDRY,2026-01-02,2026-01-07,6
EDTK,2025-10-22,2025-10-22,1
EDTK,2025-11-14,2025-11-14,1
EFRA,2025-10-17,2025-10-27,11
EFRA,2025-11-03,2025-11-06,4
EFRA,2025-11-10,2025-11-13,4
EFRA,2025-11-20,2025-12-10,21
EFRA,2025-12-15,2025-12-15,1
EFRA,2025-12-19,2025-12-19,1
EFRA,2025-12-24,2025-12-29,6
EFRA,2026-01-05,2026-01-08,4
EFSCP,2025-10-31,2025-10-31,1
EFSCP,2025-12-04,2025-12-04,1
EFSCP,2025-12-31,2025-12-31,1
EFSCP,2026-01-07,2026-01-07,1
EGHA,2025-10-21,2025-10-23,3
EGHA,2025-10-28,2025-10-30,3
EGHA,2025-11-04,2025-11-20,17
EGHA,2025-11-24,2025-11-28,5
EGHA,2025-12-05,2025-12-05,1
EGHA,2025-12-11,2025-12-24,14
EGHA,2025-12-29,2026-01-02,5
EGHAR,2025-10-27,2025-10-27,1
EGHAR,2025-10-31,2025-11-03,4
EGHAR,2025-11-07,2025-11-10,4
EGHAR,2025-11-20,2025-11-20,1
EGHAR,2025-11-24,2025-11-28,5
EGHAR,2025-12-02,2025-12-04,3
EGHAR,2025-12-11,2025-12-12,2
EGHAR,2025-12-18,2026-01-02,16
EGHAU,2025-10-22,2025-10-30,9
EGHAU,2025-11-05,2025-12-05,31
EHLD,2025-10-30,2025-10-30,1
EHLD,2025-11-11,2025-11-11,1
EHLD,2025-11-20,2025-11-20,1
EHLS,2025-12-01,2025-12-01,1
EHLS,2025-12-12,2025-12-15,4
EHLS,2025-12-24,2025-12-24,1
EHLS,2025-12-29,2025-12-31,3
EHLS,2026-01-07,2026-01-07,1
EKG,2025-10-23,2025-10-23,1
EKG,2025-10-27,2025-10-29,3
EKG,2025-11-05,2025-11-07,3
EKG,2025-11-11,2025-11-11,1
EKG,2025-11-20,2025-11-21,2
EKG,2025-12-01,2025-12-11,11
EKG,2025-12-17,2025-12-19,3
EKG,2025-12-30,2026-01-02,4
EKG,2026-01-07,2026-01-07,1
ELIS,2025-12-19,2025-12-19,1
ELSE,2025-10-17,2025-10-17,1
ELSE,2025-11-11,2025-11-11,1
ELSE,2025-11-28,2025-12-05,8
ELTK,2025-11-04,2025-11-04,1
ELTK,2025-11-10,2025-11-10,1
EMCB,2025-11-28,2025-11-28,1
EMCB,2025-12-24,2025-12-24,1
EMCB,2025-12-31,2025-12-31,1
EMIF,2025-10-20,2025-10-22,3
EMIF,2025-10-28,2025-11-06,10
EMIF,2025-11-24,2025-11-24,1
EMISR,2025-11-11,2025-11-21,11
EMISR,2025-11-25,2025-11-28,4
EMISR,2025-12-02,2025-12-04,3
EMISR,2025-12-08,2025-12-12,5
EMISR,2025-12-16,2025-12-31,16
ENDW,2025-10-23,2025-10-23,1
ENDW,2025-11-21,2025-11-21,1
ENDW,2025-11-26,2025-11-26,1
ENDW,2025-12-11,2025-12-11,1
ENDW,2025-12-30,2025-12-30,1
ENGNW,2025-10-27,2026-01-08,74
EQRR,2025-10-16,2025-10-22,7
EQRR,2025-10-28,2025-10-28,1
EQRR,2025-11-04,2025-11-07,4
EQRR,2025-11-17,2025-11-18,2
EQRR,2025-12-03,2025-12-03,1
EQRR,2025-12-08,2025-12-11,4
EQRR,2025-12-31,2025-12-31,1
EQRR,2026-01-06,2026-01-07,2
ERET,2025-10-16,2025-10-16,1
ERET,2025-10-21,2025-10-22,2
ERET,2025-11-05,2025-11-07,3
ERET,2025-11-20,2025-11-20,1
ERET,2025-11-28,2025-12-01,4
ERET,2025-12-05,2025-12-05,1
ERET,2025-12-10,2025-12-11,2
ERET,2025-12-17,2025-12-17,1
ERET,2025-12-22,2025-12-29,8
ERET,2026-01-08,2026-01-08,1
ERNZ,2025-11-17,2025-11-17,1
ESGL,2025-11-14,2025-11-14,1
ESGL,2025-11-18,2025-11-20,3
ESGL,2025-11-24,2025-11-24,1
ESGL,2025-12-12,2025-12-17,6
ESGLW,2025-10-17,2025-10-17,1
ESGLW,2025-10-21,2025-10-27,7
ESHA,2025-10-27,2025-10-31,5
ESHA,2025-11-04,2025-11-07,4
ESHA,2025-11-11,2025-11-20,10
ESHA,2025-11-25,2025-11-26,2
ESHA,2025-12-03,2025-12-05,3
ESHAR,2025-10-21,2025-10-23,3
ESHAR,2025-10-27,2025-10-31,5
ESHAR,2025-11-04,2025-11-28,25
ESHAR,2025-12-02,2025-12-04,3
ESHAR,2025-12-08,2025-12-11,4
ESHAR,2025-12-17,2025-12-29,13
ESHAR,2026-01-05,2026-01-05,1
ESLAW,2025-10-16,2025-10-16,1
ESLAW,2025-10-24,2025-10-24,1
ESMV,2025-10-16,2025-10-17,2
ESMV,2025-10-21,2025-10-22,2
ESMV,2025-10-30,2025-10-31,2
ESMV,2025-11-04,2025-11-13,10
ESMV,2025-11-18,2025-11-28,11
ESMV,2025-12-02,2025-12-16,15
ESMV,2025-12-22,2025-12-24,3
ESMV,2025-12-31,2025-12-31,1
ESMV,2026-01-05,2026-01-05,1
ETEC,2025-10-23,2025-10-24,2
ETEC,2025-11-07,2025-11-07,1
ETEC,2025-11-17,2025-11-17,1
ETEC,2025-11-21,2025-11-24,4
ETEC,2025-12-01,2025-12-05,5
ETEC,2025-12-11,2025-12-11,1
ETEC,2025-12-17,2025-12-19,3
ETEC,2025-12-26,2025-12-30,5
ETHMU,2025-10-31,2025-10-31,1
ETHMU,2025-11-05,2025-11-12,8
ETHMU,2025-11-17,2025-11-19,3
ETHMU,2025-11-26,2025-11-28,3
ETHMU,2025-12-03,2025-12-11,9
ETHMU,2025-12-16,2025-12-24,9
ETHMU,2025-12-29,2025-12-30,2
ETHMW,2025-12-16,2025-12-16,1
ETHMW,2025-12-24,2025-12-26,3
ETHMW,2026-01-02,2026-01-02,1
ETRL,2025-12-08,2025-12-08,1
EUDAW,2025-10-16,2025-10-17,2
EUDAW,2025-10-21,2025-10-23,3
EUDAW,2025-10-27,2026-01-08,74
EURK,2025-10-17,2025-10-31,15
EURK,2025-11-05,2025-11-05,1
EURK,2025-11-10,2025-11-13,4
EURK,2025-11-17,2025-11-20,4
EURK,2025-11-24,2025-11-28,5
EURK,2025-12-02,2025-12-05,4
EURK,2025-12-11,2025-12-12,2
EURKR,2025-10-24,2025-10-30,7
EURKR,2025-11-06,2025-11-06,1
EURKR,2025-11-10,2025-11-14,5
EURKR,2025-11-18,2025-12-05,18
EURKR,2025-12-10,2025-12-29,20
EVGOW,2025-10-30,2026-01-08,71
EVMT,2025-10-29,2025-10-30,2
EVMT,2025-11-11,2025-11-12,2
EVMT,2025-11-21,2025-11-21,1
EVOX,2025-12-15,2025-12-18,4
EVOX,2025-12-24,2025-12-26,3
EVOXU,2026-01-06,2026-01-06,1
EVOXW,2025-12-04,2025-12-04,1
EVOXW,2025-12-11,2025-12-11,1
EVOXW,2025-12-18,2025-12-26,9
EVOXW,2025-12-31,2025-12-31,1
EVYM,2025-10-23,2025-10-23,1
EVYM,2025-10-27,2025-10-30,4
EVYM,2025-11-12,2025-11-13,2
EXEEL,2025-10-24,2026-01-08,77
EXOZ,2025-10-30,2025-10-30,1
EXOZ,2025-11-05,2025-11-06,2
EXUS,2025-10-17,2025-10-24,8
EXUS,2025-10-28,2025-11-12,16
EXUS,2025-11-28,2025-11-28,1
EXUS,2025-12-04,2025-12-04,1
EXUS,2025-12-24,2025-12-24,1
EYEG,2025-10-20,2025-10-24,5
EYEG,2025-10-28,2025-10-31,4
EYEG,2025-11-06,2025-11-06,1
EYEG,2025-11-10,2025-11-20,11
EYEG,2025-11-28,2025-12-05,8
EYEG,2025-12-24,2025-12-26,3
EYEG,2026-01-02,2026-01-07,6
FAB,2025-10-16,2025-10-16,1
FAB,2025-11-07,2025-11-07,1
FAB,2025-12-17,2025-12-17,1
FAB,2025-12-24,2025-12-26,3
FAB,2026-01-07,2026-01-07,1
FACT,2025-10-16,2025-10-24,9
FACT,2025-10-28,2025-10-30,3
FACT,2025-11-04,2025-11-17,14
FACT,2025-11-25,2025-11-28,4
FACT,2025-12-12,2025-12-12,1
FACT,2025-12-18,2025-12-18,1
FACT,2025-12-23,2025-12-26,4
FACT,2026-01-07,2026-01-07,1
FACTU,2025-10-22,2025-10-30,9
FACTU,2025-11-03,2025-12-19,47
FACTU,2025-12-24,2026-01-07,15
FACTW,2025-10-17,2025-10-17,1
FACTW,2025-10-22,2025-10-22,1
FACTW,2025-10-27,2026-01-08,74
FAMI,2025-12-12,2025-12-12,1
FATBB,2025-11-10,2025-11-11,2
FATBB,2025-12-04,2025-12-04,1
FBYDW,2025-10-20,2025-10-27,8
FCAP,2025-11-05,2025-11-05,1
FCAP,2025-11-10,2025-11-13,4
FCAP,2025-11-19,2025-11-19,1
FCAP,2025-12-24,2025-12-24,1
FDTS,2025-10-21,2025-10-23,3
FDTS,2025-10-27,2025-10-27,1
FDTS,2025-11-07,2025-11-14,8
FDTS,2025-11-24,2025-11-28,5
FDTS,2025-12-04,2025-12-04,1
FDTS,2025-12-10,2025-12-10,1
FDTS,2025-12-15,2025-12-18,4
FDTS,2025-12-22,2025-12-30,9
FDTS,2026-01-07,2026-01-08,2
FEBO,2025-11-18,2025-11-18,1
FEBO,2025-12-04,2025-12-04,1
FERA,2025-10-20,2025-10-30,11
FERA,2025-11-03,2025-11-07,5
FERA,2025-11-11,2025-11-13,3
FERA,2025-11-17,2025-11-17,1
FERA,2025-11-24,2025-11-24,1
FERA,2025-12-02,2025-12-04,3
FERA,2025-12-08,2025-12-12,5
FERA,2025-12-26,2025-12-26,1
FERAR,2025-10-20,2025-10-20,1
FERAR,2025-10-29,2025-10-30,2
FERAR,2025-11-03,2025-11-05,3
FERAR,2025-11-10,2025-11-20,11
FERAR,2025-11-24,2025-11-24,1
FERAR,2025-12-08,2025-12-08,1
FERAR,2025-12-15,2025-12-26,12
FERAR,2025-12-30,2025-12-30,1
FERAR,2026-01-06,2026-01-06,1
FERAU,2025-12-02,2025-12-05,4
FERAU,2025-12-10,2026-01-02,24
FERAU,2026-01-07,2026-01-07,1
FEUZ,2025-10-23,2025-10-23,1
FFAIW,2025-10-30,2026-01-08,71
FFUT,2025-10-27,2025-10-27,1
FFUT,2025-12-03,2025-12-03,1
FGBIP,2025-10-17,2025-10-17,1
FGBIP,2025-12-05,2025-12-05,1
FGIWW,2025-10-16,2025-10-16,1
FGIWW,2025-10-23,2025-10-24,2
FGM,2025-11-05,2025-11-05,1
FGM,2025-11-18,2025-11-18,1
FGM,2025-11-28,2025-11-28,1
FGMCR,2025-11-28,2025-11-28,1
FGMCU,2025-10-16,2025-10-16,1
FGMCU,2025-10-23,2025-10-23,1
FGMCU,2025-10-27,2025-10-30,4
FGMCU,2025-11-03,2025-11-06,4
FGMCU,2025-11-10,2025-11-28,19
FGMCU,2025-12-03,2025-12-05,3
FGMCU,2025-12-11,2025-12-19,9
FGMCU,2025-12-23,2025-12-26,4
FGMCU,2025-12-30,2026-01-05,7
FGNXP,2025-10-30,2025-10-30,1
FGNXP,2025-11-13,2025-11-14,2
FGNXP,2025-12-15,2025-12-15,1
FGNXP,2025-12-29,2025-12-29,1
FGSI,2025-10-16,2025-10-17,2
FGSI,2025-10-22,2025-10-24,3
FGSI,2025-11-17,2025-11-21,5
FGSI,2025-11-28,2025-12-24,27
FGSI,2025-12-30,2026-01-08,10
FIGX,2025-10-28,2025-10-31,4
FIGX,2025-11-06,2025-11-06,1
FIGX,2025-11-11,2025-11-13,3
FIGX,2025-11-17,2025-11-21,5
FIGX,2025-11-26,2025-11-28,3
FIGX,2025-12-03,2025-12-03,1
FIGX,2025-12-16,2025-12-16,1
FIGX,2025-12-22,2025-12-22,1
FIGX,2025-12-26,2025-12-29,4
FIGX,2026-01-02,2026-01-05,4
FIGXU,2025-10-23,2025-10-23,1
FIGXU,2025-11-13,2025-11-26,14
FIGXU,2025-12-01,2025-12-10,10
FIGXU,2025-12-16,2026-01-02,18
FIGXU,2026-01-06,2026-01-08,3
FIGXW,2025-10-17,2025-10-17,1
FIGXW,2025-10-28,2025-11-06,10
FIGXW,2025-11-10,2025-11-11,2
FIGXW,2025-11-20,2025-11-21,2
FIGXW,2025-11-26,2025-11-28,3
FIGXW,2025-12-03,2025-12-03,1
FIGXW,2025-12-16,2025-12-19,4
FIGXW,2025-12-24,2026-01-08,16
FKU,2025-11-18,2025-11-19,2
FKU,2025-12-11,2025-12-11,1
FLDDW,2025-10-30,2026-01-08,71
FLN,2025-12-18,2025-12-18,1
FMTM,2025-10-16,2025-10-16,1
FORA,2026-01-07,2026-01-07,1
FORTY,2025-10-16,2025-10-24,9
FORTY,2025-10-28,2025-11-20,24
FORTY,2025-11-24,2025-11-28,5
FORTY,2025-12-02,2025-12-17,16
FORTY,2025-12-22,2025-12-26,5
FORTY,2025-12-30,2026-01-08,10
FOXXW,2025-10-20,2026-01-08,81
FPA,2025-11-11,2025-11-14,4
FPA,2025-12-15,2025-12-19,5
FPA,2025-12-24,2025-12-26,3
FPA,2026-01-05,2026-01-08,4
FPXE,2025-10-17,2025-10-20,4
FPXE,2025-10-31,2025-10-31,1
FPXE,2025-11-04,2025-11-04,1
FPXE,2025-11-12,2025-11-12,1
FPXE,2025-11-19,2025-11-19,1
FPXE,2025-12-08,2025-12-08,1
FPXE,2025-12-12,2025-12-12,1
FPXE,2025-12-17,2025-12-17,1
FPXE,2025-12-24,2025-12-24,1
FPXE,2025-12-29,2025-12-31,3
FRDD,2025-10-30,2025-10-30,1
FRDD,2025-11-04,2025-11-04,1
FRDD,2025-11-28,2025-11-28,1
FRDD,2025-12-04,2025-12-11,8
FRDD,2025-12-16,2025-12-19,4
FRDD,2025-12-23,2025-12-24,2
FRDD,2025-12-29,2026-01-07,10
FRDU,2025-11-14,2025-11-14,1
FRDU,2025-11-19,2025-11-19,1
FRDU,2025-11-24,2025-11-24,1
FRDU,2025-12-01,2025-12-04,4
FRDU,2025-12-12,2025-12-12,1
FRDU,2025-12-16,2025-12-18,3
FRDU,2025-12-24,2026-01-02,10
FRMEP,2025-10-27,2025-10-29,3
FRMEP,2025-11-04,2025-11-07,4
FRMEP,2025-11-11,2025-11-12,2
FRMEP,2025-11-18,2025-11-20,3
FRMEP,2025-11-28,2025-12-12,15
FRMEP,2025-12-16,2025-12-16,1
FRMEP,2025-12-24,2025-12-24,1
FRMEP,2025-12-29,2025-12-31,3
FRMEP,2026-01-06,2026-01-08,3
FSEA,2025-10-31,2025-11-03,4
FSEA,2025-11-07,2025-11-13,7
FSEA,2025-12-02,2025-12-03,2
FSEA,2025-12-10,2025-12-10,1
FSEA,2025-12-30,2026-01-02,4
FSEA,2026-01-08,2026-01-08,1
FSGS,2025-10-27,2025-10-27,1
FSGS,2025-10-31,2025-10-31,1
FSGS,2025-11-24,2025-11-24,1
FSGS,2025-11-28,2025-11-28,1
FSGS,2025-12-02,2025-12-02,1
FSGS,2025-12-11,2025-12-12,2
FSGS,2025-12-24,2025-12-26,3
FSHP,2025-10-22,2025-10-24,3
FSHP,2025-10-31,2025-10-31,1
FSHP,2025-11-04,2025-11-07,4
FSHP,2025-11-12,2025-11-18,7
FSHP,2025-11-24,2025-12-12,19
FSHP,2025-12-16,2025-12-24,9
FSHP,2026-01-02,2026-01-06,5
FSHPR,2025-10-23,2025-11-14,23
FSHPR,2025-11-24,2025-11-25,2
FSHPR,2025-12-01,2025-12-12,12
FSHPR,2025-12-16,2025-12-24,9
FSHPR,2025-12-29,2025-12-31,3
FSHPR,2026-01-07,2026-01-07,1
FSHPU,2025-11-24,2025-12-30,37
FSZ,2025-10-24,2025-10-24,1
FSZ,2025-11-06,2025-11-07,2
FSZ,2025-11-11,2025-11-14,4
FSZ,2025-11-25,2025-11-28,4
FSZ,2025-12-10,2025-12-10,1
FSZ,2025-12-15,2025-12-16,2
FSZ,2025-12-24,2025-12-24,1
FSZ,2025-12-30,2025-12-30,1
FSZ,2026-01-07,2026-01-07,1
FTAG,2025-10-22,2025-10-22,1
FTAG,2025-10-27,2025-10-29,3
FTAG,2025-11-04,2025-11-06,3
FTAG,2025-11-10,2025-11-10,1
FTAG,2025-11-14,2025-11-14,1
FTAG,2025-12-15,2025-12-17,3
FTAG,2025-12-26,2025-12-26,1
FTAG,2026-01-06,2026-01-06,1
FTAIN,2025-10-22,2025-10-22,1
FTAIN,2025-12-24,2025-12-24,1
FTDS,2025-10-24,2025-10-29,6
FTDS,2025-11-24,2025-11-24,1
FTDS,2025-12-19,2025-12-19,1
FTDS,2026-01-06,2026-01-06,1
FTXH,2025-11-28,2025-11-28,1
FTXR,2025-10-21,2025-10-21,1
FTXR,2025-11-10,2025-11-11,2
FTXR,2025-12-01,2025-12-01,1
FUFUW,2025-10-30,2026-01-08,71
FULTP,2025-11-28,2025-11-28,1
FUSB,2025-10-20,2025-10-23,4
FUSB,2025-10-31,2025-10-31,1
FUSB,2025-12-02,2025-12-02,1
FUSB,2025-12-15,2025-12-15,1
FVN,2025-10-29,2025-10-31,3
FVN,2025-11-07,2025-11-07,1
FVN,2025-11-11,2025-11-14,4
FVN,2025-11-19,2025-11-20,2
FVN,2025-11-24,2025-11-26,3
FVN,2025-12-01,2025-12-08,8
FVN,2025-12-12,2025-12-12,1
FVN,2025-12-16,2025-12-31,16
FVNNR,2025-10-20,2025-11-03,15
FVNNR,2025-11-10,2025-11-17,8
FVNNR,2025-11-24,2025-12-03,10
FVNNR,2025-12-10,2025-12-26,17
FVNNR,2025-12-30,2025-12-30,1
FVNNR,2026-01-05,2026-01-07,3
FVNNU,2025-11-26,2025-12-30,35
GAINN,2025-11-07,2025-11-07,1
GAINN,2025-11-17,2025-11-17,1
GAINN,2025-12-19,2025-12-19,1
GAINN,2025-12-24,2025-12-24,1
GAINN,2025-12-29,2025-12-29,1
GAINZ,2025-11-10,2025-11-14,5
GAINZ,2025-11-19,2025-11-19,1
GAINZ,2025-11-24,2025-11-28,5
GAINZ,2025-12-08,2025-12-08,1
GAINZ,2025-12-24,2025-12-24,1
GARY,2025-12-26,2025-12-31,6
GBLI,2025-10-27,2025-10-27,1
GBLI,2025-11-05,2025-11-05,1
GBLI,2025-11-11,2025-11-11,1
GBLI,2025-11-20,2025-11-20,1
GBLI,2025-12-01,2025-12-01,1
GBLI,2025-12-10,2025-12-10,1
GBLI,2025-12-18,2025-12-18,1
GBLI,2025-12-24,2025-12-24,1
GDEV,2025-12-31,2025-12-31,1
GDEV,2026-01-08,2026-01-08,1
GDEVW,2025-10-27,2026-01-08,74
GDFN,2025-10-21,2025-10-24,4
GDFN,2025-10-28,2025-10-30,3
GDFN,2025-11-04,2025-11-06,3
GDFN,2025-11-10,2025-11-12,3
GDFN,2025-11-21,2025-11-28,8
GDFN,2025-12-03,2025-12-05,3
GDFN,2025-12-23,2025-12-30,8
GDFN,2026-01-06,2026-01-06,1
GDHG,2025-11-13,2025-11-13,1
GDHG,2025-12-04,2025-12-04,1
GECCG,2025-11-06,2025-11-06,1
GECCG,2025-11-12,2025-11-12,1
GECCH,2025-10-23,2025-10-23,1
GECCH,2025-10-28,2025-10-28,1
GECCH,2025-11-05,2025-11-05,1
GECCH,2025-11-14,2025-11-14,1
GECCH,2025-11-28,2025-12-05,8
GECCH,2025-12-11,2025-12-11,1
GECCH,2025-12-22,2025-12-24,3
GECCH,2026-01-02,2026-01-02,1
GECCH,2026-01-08,2026-01-08,1
GECCI,2025-10-17,2025-10-17,1
GECCI,2025-10-22,2025-10-24,3
GECCI,2025-10-30,2025-10-30,1
GECCI,2025-11-07,2025-11-10,4
GECCI,2025-11-24,2025-11-28,5
GECCI,2025-12-17,2025-12-17,1
GECCI,2025-12-22,2025-12-24,3
GECCO,2025-10-23,2025-10-24,2
GECCO,2025-10-28,2025-10-30,3
GECCO,2025-11-06,2025-11-06,1
GECCO,2025-11-11,2025-11-12,2
GECCO,2025-12-03,2025-12-03,1
GECCO,2025-12-17,2025-12-19,3
GECCO,2025-12-24,2025-12-24,1
GECCO,2025-12-29,2026-01-05,8
GEGGL,2025-10-30,2025-10-30,1
GEGGL,2025-11-07,2025-11-10,4
GEGGL,2025-11-14,2025-11-14,1
GEGGL,2025-11-28,2025-11-28,1
GEGGL,2025-12-04,2025-12-04,1
GEGGL,2025-12-08,2025-12-08,1
GEGGL,2025-12-18,2025-12-18,1
GEGGL,2025-12-23,2025-12-23,1
GEGGL,2026-01-06,2026-01-07,2
GENVR,2025-10-21,2025-10-21,1
GENVR,2025-11-05,2025-11-05,1
GENVR,2025-11-17,2025-11-20,4
GENVR,2025-12-02,2025-12-05,4
GENVR,2025-12-19,2025-12-19,1
GENVR,2025-12-26,2025-12-26,1
GENVR,2025-12-30,2025-12-30,1
GENVR,2026-01-06,2026-01-06,1
GEW,2025-10-21,2025-10-24,4
GEW,2025-10-28,2025-10-28,1
GEW,2025-11-03,2025-11-06,4
GEW,2025-11-10,2025-11-13,4
GEW,2025-11-18,2025-12-04,17
GEW,2025-12-08,2025-12-08,1
GEW,2025-12-12,2025-12-16,5
GEW,2025-12-23,2025-12-29,7
GFAIW,2025-10-16,2025-10-16,1
GFAIW,2025-10-22,2025-10-22,1
GFAIW,2025-10-30,2026-01-08,71
GFGF,2025-10-20,2025-10-23,4
GFGF,2025-10-28,2025-10-30,3
GFGF,2025-11-03,2025-11-03,1
GFGF,2025-11-13,2025-11-13,1
GFGF,2025-11-17,2025-11-28,12
GFGF,2025-12-02,2025-12-05,4
GFGF,2025-12-12,2025-12-22,11
GFGF,2025-12-26,2025-12-31,6
GFGF,2026-01-05,2026-01-08,4
GGROW,2025-10-22,2025-10-22,1
GGROW,2025-10-30,2026-01-08,71
GIBOW,2025-10-20,2025-10-22,3
GIBOW,2025-10-29,2025-10-31,3
GIBOW,2025-11-05,2025-11-05,1
GIBOW,2025-11-11,2025-11-14,4
GIBOW,2025-11-18,2025-11-19,2
GIBOW,2025-11-25,2025-12-01,7
GIBOW,2025-12-08,2025-12-08,1
GIBOW,2025-12-18,2025-12-18,1
GIBOW,2025-12-26,2026-01-02,8
GIBOW,2026-01-06,2026-01-06,1
GIGGU,2025-10-16,2025-10-29,14
GIGGU,2025-11-03,2025-11-06,4
GIGGU,2025-11-11,2025-11-26,16
GIGGU,2025-12-01,2025-12-18,18
GIGGU,2025-12-22,2025-12-26,5
GIGGU,2025-12-30,2026-01-02,4
GIGGW,2025-10-30,2026-01-08,71
GIGM,2025-10-23,2025-10-24,2
GIGM,2025-10-29,2025-10-29,1
GIND,2025-10-30,2025-10-30,1
GIND,2025-11-03,2025-11-03,1
GIND,2025-11-07,2025-11-07,1
GIND,2025-11-12,2025-11-12,1
GIND,2025-11-17,2025-11-18,2
GIND,2025-11-28,2025-11-28,1
GIND,2025-12-02,2025-12-02,1
GIND,2025-12-11,2025-12-11,1
GIPRW,2025-10-20,2025-10-20,1
GIPRW,2025-10-24,2026-01-08,77
GIWWR,2025-11-13,2025-11-13,1
GIWWR,2025-11-19,2025-11-19,1
GIWWR,2025-11-25,2025-11-28,4
GIWWR,2025-12-03,2025-12-11,9
GIWWR,2025-12-17,2025-12-19,3
GIWWR,2025-12-24,2025-12-24,1
GIWWR,2025-12-30,2025-12-30,1
GIWWR,2026-01-07,2026-01-07,1
GIWWU,2025-11-03,2025-11-03,1
GIWWU,2025-11-07,2025-11-10,4
GIWWU,2025-11-21,2025-11-21,1
GIWWU,2025-11-28,2025-12-01,4
GIWWU,2025-12-05,2025-12-05,1
GIWWU,2025-12-19,2025-12-22,4
GIWWU,2025-12-26,2025-12-26,1
GIWWU,2025-12-30,2026-01-02,4
GKAT,2025-10-22,2025-10-27,6
GKAT,2025-11-05,2025-11-19,15
GKAT,2025-11-24,2025-11-28,5
GKAT,2025-12-05,2025-12-05,1
GKAT,2026-01-08,2026-01-08,1
GLCR,2025-10-21,2025-10-29,9
GLCR,2025-11-05,2025-11-07,3
GLCR,2025-11-13,2025-11-13,1
GLCR,2025-11-17,2025-11-19,3
GLCR,2025-11-24,2025-12-01,8
GLCR,2025-12-05,2025-12-05,1
GLCR,2025-12-10,2025-12-11,2
GLCR,2025-12-17,2025-12-19,3
GLCR,2025-12-23,2025-12-24,2
GLCR,2025-12-29,2025-12-30,2
GLCR,2026-01-06,2026-01-06,1
GLOW,2025-10-20,2025-10-20,1
GOODN,2025-12-24,2025-12-24,1
GPACU,2025-12-15,2025-12-15,1
GPACU,2025-12-19,2025-12-19,1
GPACU,2025-12-23,2025-12-23,1
GPACU,2025-12-29,2025-12-30,2
GPACU,2026-01-08,2026-01-08,1
GPAT,2025-10-23,2025-10-23,1
GPAT,2025-10-29,2025-10-31,3
GPAT,2025-11-06,2025-11-06,1
GPAT,2025-11-14,2025-11-28,15
GPAT,2025-12-02,2025-12-04,3
GPAT,2025-12-08,2025-12-18,11
GPAT,2025-12-22,2025-12-24,3
GPAT,2026-01-07,2026-01-08,2
GPATW,2025-10-24,2025-10-24,1
GPATW,2025-10-29,2026-01-08,72
GPRF,2025-10-15,2025-10-17,3
GPRF,2025-10-31,2025-11-03,4
GPRF,2025-11-12,2025-11-12,1
GPRF,2025-12-01,2025-12-04,4
GPRF,2025-12-11,2025-12-11,1
GPRF,2025-12-17,2025-12-17,1
GPRF,2025-12-23,2025-12-23,1
GPRF,2025-12-29,2025-12-29,1
GPT,2025-10-22,2025-10-22,1
GPT,2025-11-05,2025-11-05,1
GQQQ,2025-11-07,2025-11-07,1
GRABW,2025-10-30,2026-01-08,71
GRAG,2025-12-15,2025-12-15,1
GRAG,2025-12-26,2025-12-26,1
GREEL,2025-12-22,2025-12-22,1
GREEL,2025-12-30,2025-12-30,1
GRRRW,2025-10-30,2026-01-08,71
GSHR,2025-10-31,2025-10-31,1
GSHR,2025-11-04,2025-11-04,1
GSHR,2025-11-10,2025-11-13,4
GSHR,2025-11-18,2025-11-21,4
GSHR,2025-12-02,2025-12-02,1
GSHR,2025-12-26,2025-12-26,1
GSHRU,2025-12-10,2025-12-18,9
GSHRW,2025-10-16,2025-10-16,1
GSHRW,2025-10-20,2025-10-24,5
GSHRW,2025-10-30,2025-10-30,1
GSHRW,2025-11-06,2025-11-07,2
GSHRW,2025-11-12,2025-11-12,1
GSHRW,2025-11-17,2025-11-20,4
GSHRW,2025-11-26,2025-11-28,3
GSHRW,2025-12-02,2025-12-12,11
GSHRW,2025-12-16,2025-12-24,9
GSHRW,2025-12-29,2026-01-02,5
GSRFU,2025-11-06,2025-11-12,7
GSRFU,2025-11-20,2025-11-21,2
GSRFU,2025-11-25,2025-11-26,2
GSRFU,2025-12-10,2025-12-16,7
GTEN,2025-10-23,2025-10-24,2
GTEN,2025-10-31,2025-10-31,1
GTEN,2025-11-10,2025-11-11,2
GTEN,2025-12-02,2025-12-03,2
GTEN,2025-12-10,2025-12-10,1
GTEN,2025-12-19,2025-12-22,4
GTEN,2025-12-26,2025-12-26,1
GTEN,2025-12-31,2025-12-31,1
GTEN,2026-01-05,2026-01-07,3
GTENU,2025-10-17,2025-10-24,8
GTENU,2025-10-28,2025-11-13,17
GTENU,2025-11-17,2026-01-08,53
GTENW,2025-10-24,2025-10-24,1
GTENW,2025-10-28,2026-01-08,73
GTERA,2025-10-21,2025-10-21,1
GTERA,2025-11-05,2025-11-06,2
GTERA,2025-11-10,2025-11-10,1
GTERA,2025-11-14,2025-11-14,1
GTERA,2025-11-19,2025-11-19,1
GTERA,2025-12-17,2025-12-17,1
GTERA,2025-12-22,2025-12-26,5
GTERA,2026-01-06,2026-01-06,1
GTERR,2025-11-06,2025-11-06,1
GTERR,2025-11-10,2025-11-11,2
GTERR,2025-11-17,2025-11-20,4
GTERR,2025-11-28,2025-11-28,1
GTERR,2025-12-02,2025-12-11,10
GTERR,2025-12-16,2025-12-17,2
GTERR,2025-12-22,2025-12-22,1
GTERR,2025-12-26,2025-12-29,4
GTERU,2025-10-24,2025-10-24,1
GTERU,2025-10-29,2025-10-30,2
GTERU,2025-11-03,2025-11-03,1
GTERU,2025-11-21,2025-11-24,4
GTERU,2025-12-01,2025-12-11,11
GTERU,2025-12-16,2026-01-05,21
GTERW,2025-10-17,2025-10-17,1
GTERW,2025-11-03,2025-11-03,1
GTERW,2025-11-14,2025-11-14,1
GTERW,2025-11-28,2025-11-28,1
GTERW,2025-12-04,2025-12-04,1
GTERW,2025-12-11,2025-12-11,1
GTERW,2025-12-16,2025-12-16,1
GURE,2025-11-11,2025-11-14,4
GURE,2025-12-05,2025-12-05,1
GVLE,2025-11-26,2025-12-12,17
GVLE,2025-12-24,2025-12-24,1
GVLE,2025-12-31,2026-01-02,3
GVLE,2026-01-07,2026-01-07,1
GXDW,2025-10-23,2025-10-23,1
GXDW,2025-11-17,2025-11-17,1
GXDW,2025-11-28,2025-11-28,1
GXDW,2025-12-10,2025-12-10,1
GXDW,2025-12-18,2025-12-18,1
GXDW,2025-12-26,2025-12-26,1
GYRO,2025-10-22,2025-11-06,16
GYRO,2025-11-10,2025-11-13,4
GYRO,2025-11-17,2025-12-04,18
GYRO,2025-12-10,2025-12-10,1
GYRO,2025-12-16,2025-12-19,4
GYRO,2025-12-23,2025-12-26,4
GYRO,2025-12-30,2026-01-07,9
HAVA,2025-12-18,2025-12-19,2
HAVA,2025-12-23,2026-01-08,17
HAVAR,2025-12-16,2025-12-22,7
HAVAR,2025-12-26,2025-12-26,1
HAVAR,2025-12-31,2026-01-02,3
HAVAR,2026-01-06,2026-01-06,1
HCACU,2025-12-11,2025-12-12,2
HCACU,2025-12-17,2025-12-31,15
HCACU,2026-01-07,2026-01-07,1
HCMA,2025-12-24,2025-12-24,1
HCMAU,2025-10-16,2025-10-16,1
HCMAU,2025-10-23,2025-10-23,1
HCMAU,2025-10-29,2025-10-29,1
HCMAU,2025-11-05,2025-11-07,3
HCMAU,2025-11-11,2025-11-11,1
HCMAU,2025-11-19,2025-11-19,1
HCMAU,2025-11-24,2025-11-24,1
HCMAU,2025-12-03,2025-12-10,8
HCMAU,2025-12-15,2025-12-30,16
HCMAW,2025-11-05,2025-11-05,1
HCMAW,2025-11-10,2025-11-13,4
HCMAW,2025-11-17,2025-11-20,4
HCMAW,2025-11-24,2025-11-25,2
HCMAW,2025-12-19,2025-12-26,8
HCMAW,2025-12-30,2025-12-30,1
HCMAW,2026-01-07,2026-01-08,2
HDL,2025-10-17,2025-10-21,5
HDL,2025-10-28,2025-11-04,8
HDL,2025-11-11,2025-11-17,7
HDL,2025-11-21,2025-11-21,1
HDL,2025-12-03,2025-12-05,3
HDL,2025-12-12,2025-12-12,1
HDL,2025-12-17,2025-12-19,3
HDL,2025-12-24,2025-12-26,3
HECO,2025-10-27,2025-10-30,4
HECO,2025-11-05,2025-11-07,3
HECO,2025-11-11,2025-11-21,11
HECO,2025-11-26,2025-12-18,23
HECO,2025-12-22,2025-12-24,3
HECO,2025-12-31,2025-12-31,1
HEJD,2025-10-29,2025-12-22,55
HEQQ,2025-10-20,2025-10-20,1
HEQQ,2025-10-30,2025-10-30,1
HEQQ,2025-11-24,2025-11-24,1
HEQQ,2025-11-28,2025-11-28,1
HEQQ,2025-12-02,2025-12-05,4
HEQQ,2025-12-10,2025-12-10,1
HEQQ,2025-12-15,2025-12-18,4
HEQQ,2025-12-23,2025-12-24,2
HEQQ,2025-12-31,2026-01-06,7
HFBL,2025-10-17,2025-10-17,1
HFBL,2025-10-23,2025-10-23,1
HFBL,2025-10-30,2025-10-30,1
HFBL,2025-11-03,2025-11-06,4
HFBL,2025-11-12,2025-11-14,3
HFBL,2025-11-18,2025-11-20,3
HFBL,2025-11-24,2025-11-26,3
HFBL,2025-12-01,2025-12-05,5
HFBL,2025-12-12,2025-12-12,1
HFBL,2025-12-30,2025-12-30,1
HFSP,2025-11-14,2025-12-29,46
HIHO,2025-10-16,2025-10-16,1
HNNAZ,2025-10-20,2025-10-30,11
HNNAZ,2025-11-03,2025-11-14,12
HNNAZ,2025-11-18,2025-11-20,3
HNNAZ,2025-11-24,2025-11-24,1
HNNAZ,2025-11-28,2025-12-01,4
HNNAZ,2025-12-15,2025-12-30,16
HOVNP,2025-10-28,2025-10-28,1
HOVNP,2025-11-28,2025-11-28,1
HOVNP,2025-12-26,2025-12-26,1
HOVRW,2025-10-30,2026-01-08,71
HPAIW,2025-10-17,2025-10-17,1
HPAIW,2025-10-22,2025-10-23,2
HPAIW,2025-10-30,2026-01-08,71
HQGO,2025-10-16,2025-10-16,1
HQGO,2025-10-20,2025-11-06,18
HQGO,2025-11-10,2025-11-10,1
HQGO,2025-11-14,2025-11-28,15
HQGO,2025-12-02,2025-12-05,4
HQGO,2025-12-10,2025-12-18,9
HQGO,2025-12-22,2025-12-26,5
HQGO,2026-01-02,2026-01-02,1
HSCSW,2025-10-16,2025-10-16,1
HSCSW,2025-10-27,2026-01-08,74
HSPT,2025-10-17,2025-10-17,1
HSPT,2025-10-22,2025-10-22,1
HSPT,2025-10-30,2025-10-31,2
HSPT,2025-11-06,2025-11-18,13
HSPT,2025-11-25,2025-11-26,2
HSPT,2025-12-03,2025-12-03,1
HSPT,2025-12-22,2025-12-22,1
HSPT,2025-12-30,2026-01-07,9
HSPTR,2025-10-17,2025-10-24,8
HSPTR,2025-10-28,2025-11-20,24
HSPTR,2025-11-24,2025-11-28,5
HSPTR,2025-12-04,2025-12-19,16
HSPTR,2025-12-23,2025-12-26,4
HSPTR,2025-12-30,2026-01-08,10
HSPTU,2025-10-22,2025-11-21,31
HSPTU,2025-11-25,2025-11-26,2
HSPTU,2025-12-01,2025-12-12,12
HSPTU,2025-12-17,2025-12-26,10
HTLM,2025-12-29,2026-01-06,9
HTZWW,2025-10-30,2026-01-08,71
HUBCW,2025-10-30,2026-01-08,71
HUBCZ,2025-10-16,2025-10-16,1
HUBCZ,2025-10-30,2026-01-08,71
HUHU,2025-12-31,2025-12-31,1
HUIZ,2025-11-28,2025-11-28,1
HUMAW,2025-10-30,2026-01-08,71
HVII,2025-10-17,2025-10-17,1
HVII,2025-10-21,2025-10-22,2
HVIIR,2025-10-17,2025-10-17,1
HVIIR,2025-11-24,2025-11-25,2
HVIIR,2025-12-18,2025-12-22,5
HVIIU,2025-10-16,2025-10-22,7
HVIIU,2025-10-29,2025-10-30,2
HVIIU,2025-11-03,2025-11-03,1
HVIIU,2025-11-10,2025-11-13,4
HVIIU,2025-11-17,2025-12-11,25
HVIIU,2025-12-15,2025-12-17,3
HVIIU,2025-12-23,2026-01-05,14
HVMC,2025-10-17,2025-10-27,11
HVMC,2025-11-04,2025-11-06,3
HVMC,2025-11-10,2025-11-14,5
HVMC,2025-11-18,2025-11-21,4
HVMC,2025-11-25,2025-11-26,2
HVMC,2025-12-16,2025-12-19,4
HVMC,2025-12-23,2025-12-29,7
HVMC,2026-01-02,2026-01-07,6
HVMCU,2025-10-22,2025-10-24,3
HVMCU,2025-10-28,2025-10-30,3
HVMCU,2025-11-03,2025-11-13,11
HVMCU,2025-11-17,2025-11-28,12
HVMCU,2025-12-02,2025-12-18,17
HVMCU,2025-12-22,2025-12-22,1
HVMCU,2025-12-26,2025-12-26,1
HVMCW,2025-10-23,2025-10-23,1
HVMCW,2025-10-31,2025-10-31,1
HVMCW,2025-11-05,2025-11-05,1
HVMCW,2025-11-13,2025-11-13,1
HVMCW,2025-11-17,2025-11-28,12
HVMCW,2025-12-03,2025-12-04,2
HVMCW,2025-12-15,2025-12-30,16
HWAY,2025-10-23,2025-10-24,2
HWAY,2025-10-28,2025-10-31,4
HWAY,2025-11-04,2025-11-05,2
HWAY,2025-11-10,2025-11-13,4
HWAY,2025-11-17,2025-11-24,8
HWAY,2025-12-05,2025-12-05,1
HWAY,2026-01-08,2026-01-08,1
HWBK,2025-10-28,2025-10-28,1
HWSM,2025-11-13,2025-11-13,1
HWSM,2025-11-17,2025-11-17,1
HWSM,2025-11-24,2025-12-11,18
IBAC,2025-10-17,2025-10-23,7
IBAC,2025-10-27,2025-10-28,2
IBAC,2025-11-03,2025-11-06,4
IBAC,2025-11-13,2025-11-21,9
IBAC,2025-12-01,2025-12-08,8
IBAC,2025-12-12,2025-12-29,18
IBACR,2025-10-24,2025-11-06,14
IBACR,2025-11-10,2025-11-14,5
IBACR,2025-11-18,2025-11-20,3
IBACR,2025-11-25,2025-12-04,10
IBACR,2025-12-12,2025-12-12,1
IBACR,2025-12-17,2025-12-26,10
IBACR,2025-12-30,2026-01-02,4
IBACR,2026-01-07,2026-01-07,1
IBGB,2025-10-20,2025-10-20,1
IBGB,2025-11-11,2025-11-11,1
IBGB,2025-11-19,2025-11-19,1
IBGB,2025-11-26,2025-12-01,6
IBGB,2025-12-05,2025-12-05,1
IBGB,2025-12-15,2025-12-15,1
IBGB,2026-01-02,2026-01-02,1
IBGB,2026-01-06,2026-01-06,1
IBGK,2025-10-31,2025-10-31,1
IBGK,2025-11-11,2025-11-11,1
IBGK,2025-11-17,2025-11-18,2
IBGK,2025-11-25,2025-11-25,1
IBGK,2025-12-01,2025-12-04,4
IBGK,2025-12-10,2025-12-19,10
IBGK,2025-12-31,2025-12-31,1
IBGK,2026-01-05,2026-01-08,4
IBGL,2025-10-22,2025-10-22,1
IBGL,2025-10-30,2025-10-30,1
IBGL,2025-11-05,2025-11-05,1
IBGL,2025-11-11,2025-11-11,1
IBGL,2025-11-17,2025-11-19,3
IBGL,2025-11-25,2025-12-04,10
IBGL,2025-12-08,2025-12-08,1
IBGL,2025-12-19,2025-12-19,1
IBGL,2025-12-23,2025-12-26,4
IBGL,2025-12-31,2025-12-31,1
IBGL,2026-01-06,2026-01-06,1
ICUCW,2025-10-17,2025-10-17,1
ICUCW,2025-10-29,2026-01-07,71
IEUS,2025-10-31,2025-10-31,1
IFLO,2025-11-14,2025-11-14,1
IFLO,2025-11-25,2025-11-28,4
IFLO,2025-12-02,2025-12-08,7
IFLO,2025-12-22,2025-12-22,1
IFLO,2025-12-30,2025-12-30,1
IFLO,2026-01-05,2026-01-07,3
IGACR,2025-12-24,2025-12-26,3
IGACU,2025-12-12,2025-12-12,1
IGACU,2025-12-18,2025-12-18,1
IGACU,2025-12-24,2025-12-24,1
IINNW,2025-10-16,2025-10-17,2
IINNW,2025-10-21,2026-01-08,80
IMPPP,2025-10-17,2025-10-17,1
IMPPP,2025-10-31,2025-10-31,1
IMPPP,2025-11-04,2025-11-06,3
IMPPP,2025-11-17,2025-11-18,2
IMPPP,2025-11-25,2025-11-26,2
IMPPP,2025-12-04,2025-12-04,1
IMPPP,2025-12-08,2025-12-08,1
IMPPP,2025-12-17,2025-12-17,1
IMPPP,2025-12-31,2025-12-31,1
IMPPP,2026-01-05,2026-01-05,1
INAC,2025-10-20,2025-10-28,9
INAC,2025-11-03,2025-11-03,1
INAC,2025-11-21,2025-11-21,1
INAC,2025-11-25,2025-11-28,4
INAC,2025-12-02,2025-12-03,2
INAC,2025-12-08,2025-12-11,4
INAC,2025-12-18,2025-12-19,2
INAC,2025-12-24,2025-12-26,3
INAC,2025-12-31,2026-01-07,8
INACR,2025-10-20,2025-10-23,4
INACR,2025-10-28,2025-10-30,3
INACR,2025-11-03,2025-11-03,1
INACR,2025-11-07,2025-11-07,1
INACR,2025-11-12,2025-11-12,1
INACR,2025-11-17,2025-11-17,1
INACR,2025-11-28,2025-11-28,1
INACR,2025-12-02,2025-12-02,1
INACR,2025-12-11,2025-12-11,1
INACR,2025-12-16,2025-12-26,11
INACR,2025-12-31,2026-01-06,7
INACU,2025-10-22,2025-10-29,8
INACU,2025-11-14,2025-11-17,4
INACU,2025-11-26,2025-12-04,9
INACU,2025-12-10,2025-12-12,3
INACU,2025-12-22,2025-12-23,2
INACU,2025-12-30,2026-01-02,4
INBKZ,2025-11-12,2025-11-12,1
INBKZ,2025-12-05,2025-12-05,1
INBKZ,2025-12-17,2025-12-17,1
INBKZ,2025-12-23,2025-12-24,2
IND,2025-12-15,2025-12-19,5
IND,2025-12-31,2026-01-02,3
IND,2026-01-06,2026-01-06,1
INDH,2025-10-17,2025-10-17,1
INDH,2025-10-23,2025-10-23,1
INDH,2025-10-27,2025-10-30,4
INDH,2025-11-03,2025-11-05,3
INDH,2025-11-10,2025-11-14,5
INDH,2025-11-20,2025-11-21,2
INDH,2025-11-26,2025-11-26,1
INDH,2025-12-03,2025-12-05,3
INDH,2025-12-15,2025-12-15,1
INDH,2025-12-24,2025-12-29,6
INFR,2025-10-22,2025-10-24,3
INFR,2025-10-28,2025-10-30,3
INFR,2025-11-03,2025-11-05,3
INFR,2025-11-12,2025-11-13,2
INFR,2025-11-17,2025-11-20,4
INFR,2025-11-24,2025-11-28,5
INFR,2025-12-02,2025-12-05,4
INFR,2025-12-16,2025-12-26,11
INFR,2025-12-30,2025-12-30,1
INRO,2025-10-23,2025-10-24,2
INRO,2025-11-03,2025-11-06,4
INTG,2025-11-28,2025-11-28,1
INTG,2025-12-11,2025-12-11,1
INVZW,2025-10-30,2026-01-08,71
IPCX,2025-10-31,2025-10-31,1
IPCX,2025-11-17,2025-11-17,1
IPCX,2025-12-05,2025-12-08,4
IPCXR,2025-10-24,2025-10-24,1
IPCXR,2025-10-28,2025-10-28,1
IPCXR,2025-11-10,2025-11-14,5
IPCXR,2025-11-18,2025-11-20,3
IPCXR,2025-11-26,2025-11-28,3
IPCXR,2025-12-02,2025-12-08,7
IPCXR,2025-12-18,2025-12-24,7
IPCXR,2025-12-29,2025-12-30,2
IPCXU,2025-10-21,2025-10-24,4
IPCXU,2025-10-28,2025-11-24,28
IPCXU,2025-11-28,2025-12-04,7
IPCXU,2025-12-08,2025-12-12,5
IPCXU,2025-12-16,2025-12-22,7
IPEX,2025-12-08,2025-12-08,1
IPEX,2025-12-17,2025-12-19,3
IPEX,2025-12-24,2025-12-24,1
IPEX,2026-01-05,2026-01-05,1
IPEXR,2025-11-28,2025-12-12,15
IPEXR,2025-12-17,2025-12-26,10
IPEXU,2025-12-04,2025-12-04,1
IPEXU,2025-12-11,2025-12-11,1
IPOD,2025-10-22,2025-10-24,3
IPOD,2025-10-28,2025-10-28,1
IPOD,2025-11-03,2025-11-04,2
IPOD,2025-11-11,2025-11-13,3
IPOD,2025-11-19,2025-11-28,10
IPOD,2025-12-03,2025-12-12,10
IPOD,2025-12-16,2025-12-18,3
IPOD,2025-12-22,2025-12-22,1
IPOD,2025-12-26,2025-12-26,1
IPODU,2025-10-22,2025-12-08,48
IPODW,2025-10-27,2025-10-27,1
IPODW,2025-11-03,2025-11-04,2
IPODW,2025-11-10,2025-11-12,3
IPODW,2025-11-21,2025-11-21,1
IPODW,2025-12-01,2025-12-04,4
IPODW,2025-12-11,2025-12-26,16
IPX,2025-11-13,2025-11-14,2
IRHOU,2025-12-26,2025-12-26,1
IROQ,2025-10-17,2025-10-29,13
IROQ,2025-11-25,2025-11-28,4
IROQ,2025-12-22,2025-12-24,3
ISBA,2025-10-24,2025-10-27,4
ISHP,2025-10-21,2025-10-31,11
ISHP,2025-11-21,2025-11-21,1
ISHP,2025-11-26,2025-11-28,3
ISHP,2025-12-02,2025-12-18,17
ISHP,2025-12-22,2026-01-05,15
IVDAW,2025-10-28,2026-01-08,73
IVSI,2025-12-19,2025-12-19,1
JCSE,2025-10-22,2025-10-22,1
JCSE,2025-11-17,2025-11-18,2
JCSE,2025-11-28,2025-11-28,1
JCSE,2025-12-02,2025-12-02,1
JCSE,2025-12-18,2025-12-18,1
JCSE,2025-12-22,2025-12-22,1
JDOC,2025-10-17,2025-10-17,1
JDOC,2025-10-21,2025-10-23,3
JDOC,2025-10-27,2025-10-28,2
JDOC,2025-11-05,2025-11-06,2
JDOC,2025-11-10,2025-11-12,3
JDOC,2025-11-17,2025-11-21,5
JDOC,2025-11-25,2025-12-01,7
JDOC,2025-12-08,2025-12-10,3
JDOC,2025-12-16,2025-12-19,4
JDOC,2025-12-24,2025-12-26,3
JDOC,2025-12-30,2025-12-31,2
JDOC,2026-01-05,2026-01-05,1
JFBRW,2025-10-24,2025-10-24,1
JFU,2025-11-20,2025-11-20,1
JG,2026-01-02,2026-01-02,1
JMID,2025-10-24,2025-10-24,1
JMID,2025-12-11,2025-12-11,1
JMID,2026-01-02,2026-01-07,6
JSPRW,2025-10-23,2025-10-23,1
JSPRW,2025-10-27,2026-01-08,74
JWEL,2025-12-08,2025-12-08,1
KBDU,2025-11-28,2025-11-28,1
KBWR,2025-12-23,2025-12-23,1
KCHV,2025-10-21,2025-10-24,4
KCHV,2025-11-07,2025-11-11,5
KCHV,2025-11-24,2025-11-26,3
KCHV,2025-12-03,2025-12-03,1
KCHV,2025-12-19,2025-12-19,1
KCHV,2025-12-24,2025-12-26,3
KCHV,2025-12-31,2025-12-31,1
KCHV,2026-01-05,2026-01-05,1
KCHVR,2025-10-22,2025-10-22,1
KCHVR,2025-11-03,2025-11-03,1
KCHVR,2025-11-10,2025-11-14,5
KCHVR,2025-11-18,2025-11-18,1
KCHVR,2025-11-28,2025-12-04,7
KCHVR,2025-12-10,2025-12-10,1
KCHVR,2025-12-19,2025-12-26,8
KCHVR,2026-01-06,2026-01-06,1
KCHVU,2025-10-30,2025-11-06,8
KCHVU,2025-11-10,2025-11-14,5
KCHVU,2025-11-18,2025-12-23,36
KCHVU,2025-12-30,2026-01-07,9
KEAT,2025-10-21,2025-10-27,7
KEAT,2025-10-31,2025-10-31,1
KEAT,2025-11-06,2025-11-06,1
KEAT,2025-11-19,2025-11-21,3
KEAT,2025-12-05,2025-12-05,1
KEAT,2025-12-10,2025-12-11,2
KEAT,2025-12-31,2026-01-02,3
KEAT,2026-01-06,2026-01-08,3
KELYB,2025-10-21,2025-11-07,18
KELYB,2025-11-11,2025-11-13,3
KELYB,2025-11-17,2025-11-20,4
KELYB,2025-11-24,2025-12-02,9
KELYB,2025-12-10,2025-12-17,8
KELYB,2025-12-22,2025-12-24,3
KELYB,2026-01-02,2026-01-05,4
KEQU,2025-12-18,2025-12-18,1
KFFB,2025-11-03,2025-11-06,4
KFFB,2025-11-11,2025-11-11,1
KFFB,2025-11-26,2025-11-28,3
KFFB,2025-12-04,2025-12-04,1
KFFB,2025-12-19,2025-12-19,1
KFFB,2026-01-05,2026-01-05,1
KFII,2025-10-17,2025-10-24,8
KFII,2025-10-29,2025-10-30,2
KFII,2025-11-04,2025-11-12,9
KFII,2025-11-17,2025-11-20,4
KFII,2025-11-26,2025-11-28,3
KFII,2025-12-03,2025-12-08,6
KFII,2025-12-12,2025-12-12,1
KFII,2025-12-16,2025-12-19,4
KFII,2025-12-23,2025-12-26,4
KFII,2025-12-31,2025-12-31,1
KFII,2026-01-05,2026-01-06,2
KFIIR,2025-10-17,2025-10-17,1
KFIIR,2025-11-17,2025-11-21,5
KFIIR,2025-11-26,2025-11-26,1
KFIIR,2025-12-01,2025-12-01,1
KFIIR,2025-12-05,2025-12-11,7
KFIIR,2025-12-15,2025-12-30,16
KFIIR,2026-01-06,2026-01-06,1
KFIIU,2025-10-28,2025-10-31,4
KFIIU,2025-11-04,2025-12-03,30
KFIIU,2025-12-08,2025-12-11,4
KFIIU,2025-12-16,2025-12-19,4
KFIIU,2025-12-23,2025-12-24,2
KIDZW,2025-10-30,2026-01-08,71
KITTW,2025-10-30,2026-01-08,71
KLTOW,2025-10-30,2026-01-08,71
KOYN,2025-11-03,2025-11-06,4
KOYN,2025-11-28,2025-11-28,1
KOYNU,2025-10-17,2025-10-17,1
KOYNU,2025-11-04,2025-11-07,4
KOYNU,2025-11-11,2025-11-11,1
KOYNU,2025-11-28,2025-11-28,1
KOYNU,2025-12-22,2025-12-26,5
KOYNU,2026-01-06,2026-01-06,1
KOYNW,2025-10-16,2025-10-17,2
KOYNW,2025-10-24,2025-10-24,1
KOYNW,2025-11-03,2025-11-05,3
KOYNW,2025-11-10,2025-11-11,2
KOYNW,2025-12-03,2025-12-03,1
KOYNW,2025-12-08,2025-12-10,3
KOYNW,2025-12-19,2025-12-19,1
KOYNW,2025-12-24,2025-12-24,1
KPLTW,2025-10-28,2026-01-08,73
KRKR,2025-11-04,2025-11-04,1
KRKR,2025-11-14,2025-11-14,1
KRKR,2025-12-04,2025-12-04,1
KROP,2025-10-20,2025-10-22,3
KROP,2025-11-03,2025-11-03,1
KROP,2025-11-10,2025-11-10,1
KROP,2025-12-04,2025-12-04,1
KROP,2025-12-11,2025-12-11,1
KROP,2025-12-17,2025-12-19,3
KROP,2025-12-24,2025-12-24,1
KROP,2026-01-07,2026-01-07,1
KTTAW,2025-10-17,2025-10-24,8
KTTAW,2025-10-28,2026-01-08,73
KVAC,2025-10-22,2025-10-31,10
KVAC,2025-11-07,2025-12-04,28
KVAC,2025-12-08,2025-12-11,4
KVAC,2025-12-16,2026-01-06,22
KVACW,2025-10-21,2025-10-21,1
KWMWW,2025-11-11,2025-11-11,1
KWMWW,2025-11-25,2025-11-25,1
KWMWW,2025-12-10,2025-12-10,1
KWMWW,2025-12-16,2025-12-19,4
KWMWW,2025-12-24,2025-12-24,1
KWMWW,2025-12-29,2025-12-30,2
KYIVW,2025-11-17,2025-11-17,1
KYIVW,2025-12-03,2025-12-03,1
LACG,2025-12-18,2025-12-19,2
LACG,2025-12-24,2025-12-24,1
LACG,2026-01-02,2026-01-02,1
LAFA,2025-12-05,2025-12-05,1
LAFA,2025-12-12,2025-12-15,4
LAFA,2025-12-22,2025-12-29,8
LAFA,2026-01-02,2026-01-06,5
LAFAR,2025-12-05,2025-12-15,11
LAFAR,2025-12-19,2025-12-30,12
LANDM,2025-10-16,2025-10-17,2
LARK,2025-10-21,2025-10-21,1
LARK,2025-11-28,2025-11-28,1
LATA,2025-11-17,2025-11-21,5
LATA,2025-11-26,2025-11-26,1
LATA,2025-12-05,2025-12-05,1
LATA,2025-12-16,2026-01-02,18
LATA,2026-01-07,2026-01-07,1
LATAU,2025-10-20,2025-10-20,1
LATAU,2025-10-24,2025-10-24,1
LATAU,2025-10-31,2025-11-07,8
LATAU,2025-11-19,2025-11-19,1
LATAU,2025-11-26,2025-11-26,1
LATAU,2025-12-02,2026-01-06,36
LATAW,2025-11-24,2025-12-24,31
LATAW,2025-12-31,2025-12-31,1
LATAW,2026-01-06,2026-01-07,2
LAWR,2025-10-23,2025-12-08,47
LBTYB,2025-10-17,2025-11-06,21
LBTYB,2025-11-10,2025-11-20,11
LBTYB,2025-11-24,2025-11-26,3
LBTYB,2025-12-04,2025-12-05,2
LBTYB,2025-12-22,2025-12-23,2
LBTYB,2025-12-30,2025-12-30,1
LBTYB,2026-01-05,2026-01-08,4
LCCC,2025-10-16,2025-10-23,8
LCCC,2025-10-28,2025-10-31,4
LCCC,2025-11-04,2025-11-06,3
LCCC,2025-11-14,2025-11-28,15
LCCC,2025-12-08,2025-12-08,1
LCCC,2025-12-12,2025-12-12,1
LCCC,2025-12-16,2025-12-30,15
LCCCR,2025-10-21,2025-11-14,25
LCCCR,2025-11-19,2025-11-20,2
LCCCR,2025-11-24,2025-11-24,1
LCCCR,2025-11-28,2025-11-28,1
LCCCR,2025-12-04,2025-12-04,1
LCCCR,2025-12-08,2025-12-12,5
LCCCR,2025-12-16,2025-12-16,1
LCCCR,2025-12-24,2025-12-31,8
LCCCR,2026-01-05,2026-01-06,2
LCCCU,2025-10-16,2025-10-24,9
LCCCU,2025-10-28,2025-12-03,37
LCCCU,2025-12-08,2025-12-18,11
LCDS,2025-12-10,2025-12-31,22
LCFYW,2025-10-27,2025-10-28,2
LDEM,2025-10-30,2025-10-30,1
LDEM,2025-11-25,2025-11-25,1
LDEM,2025-12-05,2025-12-05,1
LDEM,2025-12-11,2025-12-11,1
LDEM,2025-12-19,2025-12-19,1
LDEM,2025-12-24,2025-12-24,1
LDEM,2025-12-30,2025-12-30,1
LDEM,2026-01-08,2026-01-08,1
LDRX,2025-10-17,2025-10-23,7
LDRX,2025-10-27,2025-11-04,9
LDRX,2025-11-12,2025-11-14,3
LDRX,2025-11-18,2025-11-21,4
LDRX,2025-11-25,2025-11-25,1
LDRX,2025-12-01,2025-12-05,5
LDRX,2025-12-10,2025-12-18,9
LDRX,2025-12-22,2025-12-23,2
LDRX,2025-12-31,2025-12-31,1
LDRX,2026-01-07,2026-01-07,1
LDWY,2025-10-16,2025-10-17,2
LDWY,2025-10-22,2025-10-22,1
LEXXW,2025-10-22,2025-10-23,2
LEXXW,2025-10-27,2026-01-08,74
LFACU,2025-12-15,2025-12-15,1
LFACU,2025-12-22,2025-12-24,3
LFACU,2026-01-02,2026-01-02,1
LFACU,2026-01-06,2026-01-08,3
LFMDP,2025-10-17,2025-10-17,1
LFMDP,2025-10-28,2025-11-03,7
LFMDP,2025-11-12,2025-11-12,1
LFMDP,2025-11-19,2025-11-24,6
LFMDP,2025-12-08,2025-12-10,3
LFSC,2025-10-22,2025-10-22,1
LFSC,2025-10-27,2025-10-27,1
LGCF,2025-10-20,2025-10-23,4
LGCF,2025-11-04,2025-11-06,3
LGCF,2025-11-10,2025-12-01,22
LGCF,2025-12-05,2025-12-26,22
LGCF,2025-12-31,2026-01-05,6
LGRO,2025-11-14,2025-11-14,1
LIDRW,2025-10-30,2026-01-08,71
LIMNW,2025-10-21,2025-10-23,3
LIMNW,2025-10-30,2025-10-30,1
LIMNW,2025-11-03,2025-11-07,5
LIMNW,2025-11-12,2025-11-20,9
LIMNW,2025-11-24,2025-12-05,12
LIMNW,2025-12-10,2025-12-12,3
LIMNW,2025-12-17,2025-12-19,3
LIMNW,2026-01-06,2026-01-06,1
LINT,2025-11-21,2025-11-21,1
LIQT,2025-11-12,2025-11-12,1
LIQT,2025-12-10,2025-12-10,1
LKSPR,2025-11-14,2025-11-14,1
LKSPR,2025-11-21,2025-11-21,1
LKSPR,2025-11-28,2025-11-28,1
LKSPR,2025-12-02,2025-12-12,11
LKSPR,2025-12-16,2025-12-18,3
LKSPU,2025-10-16,2025-10-16,1
LKSPU,2025-11-07,2025-11-07,1
LKSPU,2025-11-19,2025-11-19,1
LKSPU,2025-11-26,2025-12-11,16
LKSPU,2025-12-15,2026-01-08,25
LMTS,2025-10-24,2025-10-24,1
LMTS,2025-10-29,2025-11-07,10
LMTS,2025-11-26,2025-12-01,6
LMTS,2025-12-16,2025-12-26,11
LMTS,2025-12-30,2026-01-02,4
LMTS,2026-01-06,2026-01-06,1
LNZAW,2025-10-30,2026-01-08,71
LOGO,2025-10-20,2025-10-22,3
LOGO,2025-10-27,2025-10-30,4
LOGO,2025-11-03,2025-11-05,3
LOGO,2025-11-20,2025-11-20,1
LOGO,2025-11-25,2025-11-28,4
LOGO,2025-12-08,2025-12-10,3
LOGO,2025-12-22,2025-12-22,1
LOGO,2025-12-30,2025-12-30,1
LOKV,2025-10-17,2025-10-17,1
LOKV,2025-11-19,2025-11-19,1
LOKV,2025-12-15,2025-12-16,2
LOKV,2025-12-26,2025-12-29,4
LOKV,2026-01-05,2026-01-08,4
LOKVU,2025-10-29,2025-11-12,15
LOKVU,2025-11-17,2025-11-28,12
LOKVU,2025-12-03,2025-12-12,10
LOKVU,2025-12-16,2025-12-19,4
LOKVU,2025-12-23,2026-01-06,15
LOKVW,2025-10-24,2025-10-30,7
LOKVW,2025-11-03,2025-11-12,10
LOKVW,2025-12-04,2025-12-04,1
LOKVW,2025-12-11,2025-12-11,1
LOKVW,2025-12-15,2025-12-19,5
LOKVW,2025-12-24,2025-12-26,3
LOKVW,2025-12-30,2025-12-30,1
LOKVW,2026-01-06,2026-01-08,3
LOTI,2025-11-24,2025-11-24,1
LOTI,2025-11-28,2025-11-28,1
LOTWW,2025-10-16,2025-10-17,2
LOTWW,2025-10-23,2026-01-08,78
LPAAU,2025-10-16,2025-10-23,8
LPAAU,2025-10-27,2025-12-12,47
LPAAW,2025-10-17,2025-10-20,4
LPAAW,2025-10-27,2026-01-08,74
LPBB,2025-10-21,2025-10-24,4
LPBB,2025-10-28,2025-10-31,4
LPBB,2025-11-07,2025-11-07,1
LPBB,2025-11-11,2025-11-13,3
LPBB,2025-11-18,2025-11-28,11
LPBB,2025-12-03,2025-12-05,3
LPBB,2025-12-10,2025-12-11,2
LPBB,2025-12-15,2025-12-18,4
LPBB,2025-12-23,2025-12-24,2
LPBB,2025-12-29,2025-12-31,3
LPBB,2026-01-06,2026-01-08,3
LPBBU,2025-11-07,2025-12-12,36
LPBBU,2025-12-16,2025-12-18,3
LPBBW,2025-10-17,2025-10-17,1
LPBBW,2025-10-22,2025-10-28,7
LPCVU,2025-12-24,2025-12-24,1
LPCVU,2025-12-29,2025-12-29,1
LRND,2025-10-16,2025-10-24,9
LRND,2025-10-28,2025-11-03,7
LRND,2025-11-17,2025-11-20,4
LRND,2025-11-24,2025-12-04,11
LRND,2025-12-10,2025-12-10,1
LRND,2025-12-15,2025-12-23,9
LRND,2025-12-30,2026-01-02,4
LRND,2026-01-07,2026-01-07,1
LSBK,2025-12-24,2025-12-24,1
LSE,2025-11-19,2025-11-20,2
LSE,2025-12-17,2025-12-17,1
LSH,2025-12-17,2025-12-17,1
LSH,2026-01-05,2026-01-05,1
LTRYW,2025-10-24,2025-10-24,1
LTRYW,2025-10-30,2026-01-08,71
LVRO,2025-11-06,2025-11-06,1
LVRO,2025-11-14,2025-11-14,1
LVROW,2025-10-16,2025-10-17,2
LVROW,2025-10-21,2025-10-23,3
LVROW,2025-10-30,2026-01-08,71
LWAC,2025-10-22,2025-10-23,2
LWAC,2025-11-03,2025-11-03,1
LWAC,2025-11-12,2025-11-13,2
LWAC,2025-11-18,2025-11-26,9
LWAC,2025-12-05,2025-12-05,1
LWAC,2025-12-18,2025-12-19,2
LWAC,2025-12-23,2026-01-02,11
LWAC,2026-01-06,2026-01-06,1
LWACU,2025-10-22,2025-12-08,48
LWACW,2025-10-16,2025-10-17,2
LWACW,2025-10-22,2025-10-24,3
LWACW,2025-10-29,2025-10-29,1
LWACW,2025-11-10,2025-11-13,4
LWACW,2025-11-18,2025-11-19,2
LWACW,2025-11-28,2025-11-28,1
LWACW,2025-12-04,2025-12-04,1
LWACW,2025-12-08,2025-12-12,5
LWACW,2025-12-16,2025-12-26,11
LWACW,2025-12-30,2025-12-31,2
LWACW,2026-01-06,2026-01-07,2
MACI,2025-10-21,2025-10-22,2
MACI,2025-10-31,2025-10-31,1
MACI,2025-11-26,2025-11-26,1
MACIU,2025-10-24,2025-12-31,69
MACIW,2025-10-17,2025-10-20,4
MAGH,2025-12-05,2025-12-08,4
MAMK,2025-11-17,2025-12-08,22
MAPSW,2025-10-30,2026-01-08,71
MAYS,2025-10-22,2025-11-26,36
MAYS,2025-12-01,2025-12-18,18
MAYS,2025-12-23,2025-12-24,2
MAYS,2025-12-30,2026-01-02,4
MB,2025-11-06,2025-11-06,1
MB,2025-11-12,2025-11-13,2
MB,2025-11-19,2025-11-19,1
MB,2025-11-25,2025-11-25,1
MB,2025-12-01,2025-12-04,4
MB,2025-12-16,2025-12-19,4
MB,2025-12-24,2025-12-24,1
MB,2025-12-31,2025-12-31,1
MBAVU,2025-10-27,2025-12-08,43
MBBC,2025-10-27,2025-10-30,4
MBBC,2025-11-12,2025-11-12,1
MBBC,2025-12-24,2025-12-24,1
MBBC,2025-12-31,2026-01-02,3
MBBC,2026-01-07,2026-01-07,1
MBCN,2025-10-16,2025-10-16,1
MBVIU,2025-10-27,2025-10-30,4
MBVIU,2025-11-10,2025-11-13,4
MBVIU,2025-11-19,2025-11-26,8
MBVIU,2025-12-01,2025-12-01,1
MBVIU,2025-12-11,2025-12-11,1
MBVIU,2025-12-16,2025-12-18,3
MBVIU,2025-12-24,2025-12-24,1
MBVIU,2025-12-30,2025-12-30,1
MBVIU,2026-01-08,2026-01-08,1
MBVIW,2025-10-30,2025-10-30,1
MBVIW,2025-11-11,2025-11-11,1
MBVIW,2025-11-17,2025-11-18,2
MBVIW,2025-11-24,2025-11-24,1
MBVIW,2025-11-28,2025-11-28,1
MBVIW,2025-12-03,2025-12-03,1
MBVIW,2025-12-08,2025-12-10,3
MBVIW,2025-12-17,2025-12-17,1
MBVIW,2025-12-24,2025-12-24,1
MBVIW,2025-12-30,2026-01-08,10
MCDS,2025-12-10,2025-12-18,9
MCGAU,2025-10-29,2025-10-30,2
MCGAU,2025-11-28,2025-11-28,1
MCHS,2025-10-16,2025-10-16,1
MCHS,2025-10-21,2025-10-30,10
MCHS,2025-11-03,2025-11-14,12
MCHS,2025-11-21,2025-12-05,15
MCHS,2025-12-12,2025-12-12,1
MCHS,2025-12-22,2025-12-24,3
MCHS,2025-12-31,2026-01-05,6
MCSE,2025-10-17,2025-10-17,1
MCSE,2025-10-22,2025-10-22,1
MCSE,2025-10-28,2025-10-28,1
MCSE,2025-11-28,2025-11-28,1
MCSE,2025-12-03,2025-12-04,2
MCSE,2025-12-10,2025-12-10,1
MCSE,2025-12-15,2025-12-19,5
MCSE,2025-12-24,2025-12-26,3
MCSE,2025-12-30,2025-12-30,1
MCSE,2026-01-07,2026-01-07,1
MDAIW,2025-10-30,2026-01-08,71
MDRR,2025-10-23,2025-10-24,2
MDRR,2025-10-29,2025-10-31,3
MDRR,2025-11-05,2025-11-07,3
MDRR,2025-11-11,2025-11-14,4
MDRR,2025-11-19,2025-11-21,3
MDRR,2025-11-25,2025-11-25,1
MDRR,2025-12-02,2025-12-04,3
MDRR,2025-12-24,2025-12-24,1
MEDX,2025-10-20,2025-10-22,3
MEDX,2025-10-27,2025-10-30,4
MEDX,2025-11-04,2025-11-07,4
MEDX,2025-11-11,2025-11-14,4
MEDX,2025-11-18,2025-11-20,3
MEDX,2025-11-24,2025-11-28,5
MEDX,2025-12-10,2025-12-11,2
MEDX,2025-12-30,2025-12-30,1
MEMA,2025-12-30,2026-01-02,4
MEMA,2026-01-06,2026-01-06,1
MEMS,2025-10-21,2025-10-27,7
MEMS,2025-11-04,2025-11-04,1
MEMS,2025-11-13,2025-11-13,1
MEMS,2025-11-18,2025-11-18,1
MEMS,2025-11-28,2025-11-28,1
MEMS,2025-12-26,2025-12-26,1
MEMS,2025-12-30,2025-12-31,2
MEMS,2026-01-06,2026-01-08,3
METCI,2025-11-25,2025-11-25,1
METCZ,2025-11-13,2025-11-13,1
MFLX,2025-11-13,2025-11-13,1
MFLX,2025-11-28,2025-11-28,1
MFLX,2025-12-03,2025-12-08,6
MFLX,2025-12-22,2025-12-22,1
MFLX,2025-12-26,2025-12-26,1
MFLX,2026-01-02,2026-01-02,1
MGYR,2025-10-24,2025-10-24,1
MGYR,2025-11-03,2025-11-05,3
MGYR,2025-11-11,2025-11-13,3
MGYR,2025-12-01,2025-12-03,3
MGYR,2025-12-16,2025-12-16,1
MGYR,2025-12-23,2025-12-29,7
MGYR,2026-01-05,2026-01-05,1
MKAM,2025-10-17,2025-10-17,1
MKAM,2025-10-23,2025-10-30,8
MKAM,2025-11-03,2025-11-13,11
MKAM,2025-11-17,2025-11-20,4
MKAM,2025-11-24,2025-12-03,10
MKAM,2025-12-08,2025-12-18,11
MKAM,2025-12-22,2025-12-26,5
MKAM,2026-01-05,2026-01-06,2
MKDWW,2025-10-20,2025-10-22,3
MKLY,2025-10-20,2025-10-20,1
MKLY,2025-10-31,2025-10-31,1
MKLY,2025-11-12,2025-11-12,1
MKLY,2025-12-03,2025-12-03,1
MKLY,2025-12-18,2025-12-19,2
MKLY,2026-01-02,2026-01-02,1
MKLY,2026-01-06,2026-01-06,1
MKLYR,2025-10-22,2025-10-22,1
MKLYR,2025-10-30,2025-10-30,1
MKLYR,2025-11-03,2025-11-11,9
MKLYR,2025-11-18,2025-11-18,1
MKLYR,2025-12-05,2025-12-05,1
MKLYR,2025-12-10,2025-12-11,2
MKLYR,2025-12-15,2025-12-16,2
MKLYR,2025-12-23,2025-12-24,2
MKLYR,2026-01-02,2026-01-07,6
MKLYU,2025-10-20,2025-10-24,5
MKLYU,2025-11-07,2025-11-07,1
MKLYU,2025-11-12,2025-11-12,1
MKLYU,2025-11-18,2025-11-21,4
MKLYU,2025-11-26,2025-11-28,3
MKLYU,2025-12-02,2025-12-19,18
MKLYU,2025-12-23,2025-12-30,8
MKLYU,2026-01-05,2026-01-07,3
MKTW,2025-10-28,2025-10-28,1
MKTW,2025-12-04,2025-12-04,1
MLAC,2025-11-11,2025-11-13,3
MLAC,2025-11-17,2025-11-19,3
MLAC,2025-11-28,2025-11-28,1
MLAC,2025-12-12,2025-12-12,1
MLAC,2025-12-16,2025-12-16,1
MLAC,2025-12-22,2025-12-22,1
MLACR,2025-10-28,2025-10-31,4
MLACR,2025-11-05,2025-11-06,2
MLACR,2025-11-12,2025-11-14,3
MLACR,2025-11-18,2025-11-21,4
MLACR,2025-11-25,2025-11-26,2
MLACR,2025-12-02,2025-12-02,1
MLACR,2025-12-12,2025-12-12,1
MLACR,2025-12-16,2025-12-24,9
MLACR,2025-12-30,2025-12-30,1
MLACU,2025-10-20,2025-12-15,57
MLECW,2025-10-22,2025-10-23,2
MLECW,2025-10-30,2026-01-08,71
MMTX,2025-12-16,2025-12-18,3
MMTX,2025-12-23,2025-12-31,9
MMTX,2026-01-07,2026-01-07,1
MMTXW,2025-12-16,2025-12-16,1
MMTXW,2025-12-26,2025-12-31,6
MNSBP,2025-10-23,2025-10-23,1
MNSBP,2025-10-28,2025-10-28,1
MNSBP,2025-11-03,2025-11-03,1
MNSBP,2025-11-07,2025-11-07,1
MNSBP,2025-11-13,2025-11-13,1
MNSBP,2025-11-17,2025-11-17,1
MNSBP,2025-11-21,2025-11-21,1
MNSBP,2025-11-25,2025-11-28,4
MNSBP,2025-12-05,2025-12-05,1
MNSBP,2025-12-18,2025-12-18,1
MNSBP,2025-12-22,2025-12-24,3
MNSBP,2026-01-02,2026-01-08,7
MNTSW,2025-10-30,2026-01-08,71
MNZL,2025-12-02,2025-12-08,7
MNZL,2025-12-23,2025-12-23,1
MNZL,2025-12-30,2025-12-31,2
MOBBW,2025-10-30,2026-01-08,71
MOBXW,2025-10-17,2025-10-17,1
MOBXW,2025-10-21,2025-10-21,1
MOBXW,2025-10-30,2026-01-08,71
MOLN,2025-10-22,2025-10-22,1
MOLN,2025-10-29,2025-10-30,2
MOLN,2025-11-25,2025-11-25,1
MOLN,2025-12-24,2025-12-24,1
MQQQ,2025-11-25,2025-11-25,1
MRNO,2025-11-11,2025-11-11,1
MRNO,2025-11-25,2025-11-25,1
MRNOW,2025-10-22,2025-10-24,3
MRNOW,2025-10-29,2026-01-08,72
MSAIW,2025-10-30,2026-01-08,71
MSBIP,2025-11-28,2025-11-28,1
MSDD,2025-12-29,2025-12-31,3
MSDD,2026-01-05,2026-01-05,1
MTEKW,2025-10-20,2025-10-20,1
MULT,2025-10-20,2025-10-23,4
MULT,2025-10-27,2025-11-14,19
MULT,2025-11-20,2025-11-20,1
MULT,2025-11-24,2026-01-02,40
MVSTW,2025-10-30,2026-01-08,71
MYCF,2025-10-20,2025-10-20,1
MYCG,2025-10-20,2025-10-20,1
MYCH,2025-11-07,2025-11-07,1
MYCH,2025-11-11,2025-11-11,1
MYCH,2025-11-28,2025-11-28,1
MYCI,2025-11-07,2025-11-07,1
MYCI,2025-11-11,2025-11-11,1
MYCJ,2025-11-07,2025-11-07,1
MYCJ,2025-11-17,2025-11-17,1
MYCJ,2025-12-26,2025-12-26,1
MYCK,2025-10-16,2025-10-16,1
MYCK,2025-10-21,2025-10-23,3
MYCK,2025-11-04,2025-11-13,10
MYCK,2025-11-21,2025-11-21,1
MYCK,2025-11-26,2025-11-28,3
MYCK,2025-12-18,2025-12-18,1
MYCK,2025-12-24,2025-12-26,3
MYCK,2025-12-30,2025-12-30,1
MYCK,2026-01-06,2026-01-08,3
MYCL,2025-10-16,2025-10-16,1
MYCL,2025-10-20,2025-10-24,5
MYCL,2025-10-29,2025-10-29,1
MYCL,2025-11-05,2025-11-13,9
MYCL,2025-11-20,2025-11-21,2
MYCL,2025-11-26,2025-11-28,3
MYCL,2025-12-05,2025-12-05,1
MYCL,2025-12-16,2025-12-19,4
MYCL,2025-12-24,2025-12-24,1
MYCL,2025-12-30,2026-01-02,4
MYCL,2026-01-08,2026-01-08,1
MYCM,2025-10-28,2025-10-29,2
MYCM,2025-11-05,2025-11-12,8
MYCM,2025-11-20,2025-11-21,2
MYCM,2025-11-28,2025-11-28,1
MYCM,2025-12-16,2025-12-19,4
MYCM,2025-12-24,2025-12-26,3
MYCM,2025-12-30,2026-01-08,10
MYCN,2025-10-16,2025-10-16,1
MYCN,2025-10-20,2025-10-24,5
MYCN,2025-10-29,2025-10-30,2
MYCN,2025-11-05,2025-11-14,10
MYCN,2025-11-20,2025-11-21,2
MYCN,2025-11-26,2025-11-28,3
MYCN,2025-12-05,2025-12-05,1
MYCN,2025-12-16,2025-12-19,4
MYCN,2025-12-24,2025-12-26,3
MYCN,2025-12-30,2026-01-08,10
MYCO,2025-10-30,2025-10-31,2
MYCO,2025-11-04,2025-12-08,35
MYCO,2025-12-16,2025-12-22,7
MYCO,2025-12-30,2025-12-30,1
MYCO,2026-01-05,2026-01-06,2
MYMF,2025-10-20,2025-10-24,5
MYMF,2025-10-28,2025-10-30,3
MYMF,2025-11-04,2025-11-24,21
MYMF,2025-11-28,2025-11-28,1
MYMF,2025-12-02,2025-12-12,11
MYMF,2025-12-17,2025-12-19,3
MYMF,2025-12-29,2025-12-31,3
MYMF,2026-01-06,2026-01-08,3
MYMG,2025-10-23,2025-10-24,2
MYMG,2025-10-28,2025-10-30,3
MYMG,2025-11-04,2025-11-24,21
MYMG,2025-11-28,2025-11-28,1
MYMG,2025-12-02,2025-12-05,4
MYMG,2025-12-18,2025-12-22,5
MYMG,2025-12-31,2026-01-02,3
MYMG,2026-01-06,2026-01-06,1
MYMH,2025-10-23,2025-10-24,2
MYMH,2025-10-28,2025-10-30,3
MYMH,2025-11-03,2025-11-14,12
MYMH,2025-11-19,2025-11-24,6
MYMH,2025-11-28,2025-11-28,1
MYMH,2025-12-02,2025-12-05,4
MYMH,2025-12-31,2025-12-31,1
MYMI,2025-10-21,2025-10-24,4
MYMI,2025-10-28,2025-10-30,3
MYMI,2025-11-04,2025-11-06,3
MYMI,2025-11-10,2025-11-24,15
MYMI,2025-11-28,2025-11-28,1
MYMI,2025-12-02,2025-12-05,4
MYMI,2025-12-15,2025-12-17,3
MYMI,2025-12-26,2026-01-05,11
MYMJ,2025-10-17,2025-10-17,1
MYMJ,2025-10-21,2025-10-24,4
MYMJ,2025-10-28,2025-10-31,4
MYMJ,2025-11-04,2025-11-20,17
MYMJ,2025-11-24,2025-11-24,1
MYMJ,2025-11-28,2025-11-28,1
MYMJ,2025-12-02,2025-12-05,4
MYMJ,2025-12-15,2025-12-15,1
MYMJ,2025-12-26,2026-01-02,8
MYMK,2025-12-17,2025-12-24,8
MYMK,2025-12-29,2026-01-05,8
MYPSW,2025-10-17,2025-10-23,7
MYPSW,2025-10-27,2026-01-08,74
MYSEW,2025-10-23,2025-10-23,1
MYSEW,2025-10-28,2025-10-28,1
MYSEW,2025-11-05,2025-11-06,2
MYSEW,2025-11-14,2025-11-14,1
MYSEW,2025-11-20,2025-11-24,5
MYSEW,2025-11-28,2025-11-28,1
MYSEW,2025-12-02,2025-12-11,10
MYSEW,2025-12-15,2025-12-24,10
MYSEW,2025-12-29,2025-12-29,1
MYSEW,2026-01-02,2026-01-08,7
NAMMW,2025-10-20,2025-10-20,1
NAMMW,2025-11-05,2025-11-05,1
NAMMW,2025-11-21,2025-11-21,1
NAMMW,2025-11-28,2025-12-01,4
NAMMW,2025-12-11,2025-12-11,1
NAMMW,2025-12-18,2025-12-18,1
NAMMW,2025-12-31,2026-01-02,3
NAMMW,2026-01-08,2026-01-08,1
NAMSW,2025-10-17,2025-10-22,6
NCI,2025-10-20,2025-10-20,1
NCPB,2025-12-15,2025-12-16,2
NCPB,2025-12-26,2025-12-26,1
NCPLW,2025-10-20,2025-10-22,3
NCPLW,2025-10-27,2026-01-08,74
NDAA,2025-10-16,2025-10-30,15
NDAA,2025-11-04,2025-11-07,4
NDAA,2025-11-11,2025-12-11,31
NDAA,2025-12-15,2025-12-30,16
NDAA,2026-01-06,2026-01-07,2
NEOVW,2025-10-22,2025-10-24,3
NETG,2025-12-24,2025-12-26,3
NEWTG,2025-11-11,2025-11-11,1
NEWTI,2025-10-21,2025-10-24,4
NEWTI,2025-10-29,2025-10-29,1
NEWTI,2025-11-03,2025-11-07,5
NEWTI,2025-11-11,2025-11-13,3
NEWTI,2025-11-24,2025-11-28,5
NEWTI,2025-12-24,2025-12-24,1
NEWTI,2025-12-29,2026-01-02,5
NEWTZ,2025-10-29,2025-10-29,1
NEWZ,2025-10-21,2025-10-23,3
NEWZ,2025-11-03,2025-11-04,2
NEWZ,2025-11-18,2025-11-19,2
NEWZ,2025-11-25,2025-11-28,4
NEWZ,2025-12-03,2025-12-05,3
NEWZ,2025-12-10,2025-12-12,3
NEWZ,2025-12-17,2025-12-22,6
NEWZ,2025-12-31,2026-01-02,3
NEWZ,2026-01-07,2026-01-07,1
NHIC,2025-11-10,2025-11-13,4
NHIC,2025-11-18,2025-11-24,7
NHIC,2025-11-28,2025-11-28,1
NHIC,2025-12-02,2025-12-03,2
NHIC,2025-12-10,2025-12-10,1
NHIC,2025-12-16,2025-12-18,3
NHIC,2025-12-29,2025-12-31,3
NHIC,2026-01-05,2026-01-05,1
NHICU,2025-10-27,2025-11-28,33
NHICU,2025-12-02,2025-12-26,25
NHICW,2025-10-17,2025-10-22,6
NHICW,2025-10-29,2025-10-30,2
NHICW,2025-11-04,2025-11-06,3
NHICW,2025-11-10,2025-11-28,19
NHICW,2025-12-03,2026-01-07,36
NHPAP,2025-12-24,2025-12-24,1
NHPBP,2025-10-21,2025-10-21,1
NHPBP,2025-11-04,2025-11-04,1
NHPBP,2025-11-11,2025-11-13,3
NIOBW,2025-10-30,2026-01-08,71
NIOG,2025-12-23,2025-12-24,2
NIVFW,2025-10-20,2025-10-21,2
NIXT,2025-12-15,2025-12-15,1
NIXT,2025-12-26,2025-12-26,1
NIXXW,2025-10-20,2025-10-20,1
NIXXW,2025-10-30,2026-01-08,71
NMP,2025-10-16,2025-10-17,2
NMP,2025-10-23,2025-10-23,1
NMP,2025-10-28,2025-11-03,7
NMP,2025-11-11,2025-11-13,3
NMP,2025-11-18,2025-11-26,9
NMP,2025-12-01,2025-12-03,3
NMP,2025-12-08,2025-12-08,1
NMP,2025-12-16,2025-12-16,1
NMP,2025-12-22,2025-12-26,5
NMPAR,2025-10-17,2025-10-23,7
NMPAR,2025-10-27,2025-11-13,18
NMPAR,2025-11-18,2025-11-19,2
NMPAR,2025-11-24,2025-12-04,11
NMPAR,2025-12-08,2025-12-08,1
NMPAR,2025-12-12,2025-12-12,1
NMPAR,2025-12-18,2025-12-26,9
NMPAR,2025-12-31,2026-01-02,3
NMPAR,2026-01-07,2026-01-08,2
NMPAU,2025-10-28,2025-11-21,25
NMPAU,2025-11-25,2025-12-04,10
NMPAU,2025-12-08,2025-12-26,19
NMPAU,2026-01-02,2026-01-07,6
NNAVW,2025-10-30,2026-01-08,71
NOEM,2025-10-16,2025-10-23,8
NOEM,2025-10-28,2025-10-31,4
NOEM,2025-11-05,2025-11-24,20
NOEM,2025-12-01,2025-12-04,4
NOEM,2025-12-12,2025-12-12,1
NOEM,2025-12-18,2025-12-18,1
NOEM,2025-12-26,2025-12-26,1
NOEMR,2025-10-20,2025-10-24,5
NOEMR,2025-10-28,2025-10-28,1
NOEMR,2025-11-05,2025-12-11,37
NOEMR,2025-12-15,2025-12-31,17
NOEMR,2026-01-05,2026-01-08,4
NOEMU,2025-10-20,2025-12-08,50
NPAC,2025-11-06,2025-11-06,1
NPAC,2025-12-12,2025-12-17,6
NPAC,2025-12-23,2025-12-24,2
NPAC,2026-01-07,2026-01-08,2
NPACU,2025-10-24,2025-10-27,4
NPACU,2025-11-03,2025-11-13,11
NPACU,2025-11-25,2025-11-25,1
NPACU,2025-12-02,2025-12-02,1
NPACU,2025-12-08,2025-12-10,3
NPACW,2025-10-21,2025-10-21,1
NPACW,2025-10-30,2025-10-31,2
NPACW,2025-11-04,2025-11-06,3
NPACW,2025-11-14,2025-11-17,4
NPACW,2025-11-24,2025-11-24,1
NPACW,2025-11-28,2025-11-28,1
NPACW,2025-12-04,2025-12-08,5
NPACW,2025-12-18,2025-12-26,9
NPACW,2026-01-05,2026-01-05,1
NRES,2025-10-17,2025-10-23,7
NRES,2025-10-27,2025-10-30,4
NRES,2025-11-03,2025-11-07,5
NRES,2025-11-11,2025-11-17,7
NRES,2025-11-24,2025-11-28,5
NRES,2025-12-02,2025-12-10,9
NRES,2025-12-15,2025-12-18,4
NRES,2025-12-24,2025-12-24,1
NRES,2025-12-30,2025-12-31,2
NRES,2026-01-05,2026-01-05,1
NRSNW,2025-10-20,2025-10-27,8
NRXPW,2025-10-27,2026-01-08,74
NSCR,2025-12-10,2025-12-30,21
NSTS,2025-10-29,2025-10-31,3
NSTS,2025-11-06,2025-11-06,1
NSTS,2025-11-10,2025-11-14,5
NSTS,2025-12-30,2025-12-30,1
NSYS,2025-10-31,2025-10-31,1
NSYS,2025-11-05,2025-11-07,3
NTRBW,2025-10-21,2025-10-27,7
NTWO,2025-10-23,2025-10-28,6
NTWO,2025-11-04,2025-11-12,9
NTWO,2025-11-17,2025-11-28,12
NTWO,2025-12-02,2025-12-03,2
NTWO,2025-12-08,2025-12-17,10
NTWO,2025-12-22,2025-12-26,5
NTWO,2026-01-06,2026-01-06,1
NTWOU,2025-10-16,2025-11-06,22
NTWOU,2025-11-11,2025-12-08,28
NUG,2025-11-20,2025-11-20,1
NUG,2025-12-15,2025-12-18,4
NUG,2025-12-24,2025-12-24,1
NUG,2026-01-06,2026-01-06,1
NUKKW,2025-10-30,2026-01-08,71
NUSB,2025-10-16,2025-10-16,1
NUSB,2025-10-20,2025-10-22,3
NUSB,2025-10-27,2025-10-30,4
NUSB,2025-11-05,2025-11-07,3
NUSB,2025-11-11,2025-11-19,9
NUSB,2025-11-24,2025-11-24,1
NUSB,2025-12-01,2025-12-04,4
NUSB,2025-12-15,2025-12-17,3
NUSB,2025-12-22,2025-12-22,1
NUSB,2025-12-26,2025-12-26,1
NUSB,2025-12-31,2026-01-02,3
NVA,2025-12-11,2025-12-18,8
NVAWW,2025-10-22,2025-10-22,1
NVAWW,2025-10-29,2026-01-08,72
NVNIW,2025-10-30,2026-01-08,71
NVVEW,2025-10-30,2026-01-08,71
NXPLW,2025-10-17,2025-10-17,1
NZUS,2025-10-27,2025-10-28,2
NZUS,2025-11-03,2025-11-21,19
NZUS,2025-12-03,2025-12-04,2
NZUS,2025-12-08,2025-12-18,11
NZUS,2025-12-30,2025-12-31,2
NZUS,2026-01-06,2026-01-06,1
OACC,2025-10-22,2025-10-22,1
OACC,2025-10-29,2025-10-29,1
OACC,2025-11-06,2025-11-06,1
OACC,2025-11-17,2025-11-17,1
OACC,2025-12-12,2025-12-12,1
OACC,2025-12-18,2025-12-26,9
OACC,2025-12-31,2025-12-31,1
OACC,2026-01-06,2026-01-06,1
OACCU,2025-10-29,2025-10-31,3
OACCU,2025-11-05,2025-12-11,37
OACCU,2025-12-16,2025-12-26,11
OACCW,2025-10-21,2025-10-28,8
OAKU,2025-10-21,2025-10-21,1
OAKU,2025-10-27,2025-11-14,19
OAKU,2025-11-20,2025-11-21,2
OAKU,2025-11-26,2025-12-05,10
OAKU,2025-12-12,2025-12-24,13
OAKU,2025-12-29,2026-01-02,5
OAKU,2026-01-06,2026-01-06,1
OAKUR,2025-10-28,2025-10-30,3
OAKUR,2025-11-03,2025-12-24,52
OAKUU,2025-11-12,2025-11-14,3
OAKUU,2025-11-18,2025-12-08,21
OAKUW,2025-10-16,2025-10-17,2
OAKUW,2025-10-21,2025-10-24,4
OBA,2025-10-22,2025-10-23,2
OBA,2025-10-29,2025-10-31,3
OBA,2025-11-04,2025-11-06,3
OBA,2025-11-13,2025-11-13,1
OBA,2025-12-16,2026-01-08,24
OBAWU,2025-10-22,2025-10-24,3
OBAWU,2025-10-28,2025-10-30,3
OBAWU,2025-11-04,2025-11-25,22
OBAWU,2025-12-01,2025-12-30,30
OBAWW,2025-10-23,2025-10-23,1
OBAWW,2025-10-31,2025-10-31,1
OBAWW,2025-11-07,2025-11-07,1
OBAWW,2025-11-13,2025-11-13,1
OBAWW,2025-12-01,2025-12-01,1
OBAWW,2025-12-05,2025-12-05,1
OBAWW,2025-12-10,2025-12-10,1
OBAWW,2025-12-15,2025-12-30,16
OCCIM,2025-10-21,2025-10-21,1
OCCIM,2025-11-05,2025-11-06,2
OCCIM,2025-11-10,2025-11-10,1
OCCIM,2025-11-19,2025-11-19,1
OCCIM,2025-11-28,2025-11-28,1
OCCIM,2025-12-12,2025-12-12,1
OCCIM,2025-12-23,2025-12-23,1
OCCIN,2025-10-24,2025-10-24,1
OCCIN,2025-11-11,2025-11-14,4
OCCIN,2025-11-28,2025-11-28,1
OCCIN,2025-12-02,2025-12-05,4
OCCIN,2025-12-10,2025-12-10,1
OCCIN,2026-01-06,2026-01-06,1
OCCIO,2025-11-14,2025-11-14,1
OCCIO,2025-11-25,2025-11-28,4
OCCIO,2025-12-08,2025-12-11,4
OCCIO,2025-12-22,2025-12-29,8
OCG,2025-10-29,2025-10-29,1
OCG,2025-11-11,2025-11-11,1
OCG,2025-11-17,2025-11-17,1
OCSAW,2025-10-16,2025-10-16,1
OCSAW,2025-10-27,2026-01-08,74
ODDS,2025-10-30,2025-10-30,1
ODDS,2025-11-11,2025-11-12,2
ODDS,2025-11-19,2025-11-19,1
ODDS,2025-12-02,2025-12-02,1
ODDS,2025-12-11,2025-12-15,5
ODDS,2025-12-30,2025-12-30,1
OFSSH,2025-10-17,2025-10-30,14
OFSSH,2025-11-03,2025-11-06,4
OFSSH,2025-11-11,2025-11-14,4
OFSSH,2025-11-20,2025-11-21,2
OFSSH,2025-11-25,2025-11-26,2
OFSSH,2025-12-01,2025-12-05,5
OFSSH,2025-12-10,2025-12-11,2
OFSSH,2025-12-15,2026-01-02,19
OFSSH,2026-01-06,2026-01-07,2
OFSSO,2025-10-17,2025-10-17,1
OFSSO,2025-10-24,2025-10-28,5
OFSSO,2025-11-05,2025-11-05,1
OFSSO,2025-11-12,2025-11-12,1
OFSSO,2025-11-18,2025-11-20,3
OFSSO,2025-11-25,2025-11-25,1
OFSSO,2025-12-03,2025-12-04,2
OFSSO,2025-12-10,2025-12-10,1
OFSSO,2025-12-16,2025-12-16,1
OFSSO,2025-12-22,2025-12-22,1
OFSSO,2025-12-26,2025-12-26,1
OFSSO,2025-12-30,2026-01-06,8
OKTG,2025-11-18,2025-11-19,2
OKTG,2025-11-28,2025-11-28,1
OKTG,2025-12-19,2025-12-22,4
OMCC,2025-10-22,2025-10-22,1
OMCC,2025-10-28,2025-10-28,1
OMCC,2025-11-14,2025-11-17,4
OMCC,2025-11-28,2025-11-28,1
OMCC,2026-01-02,2026-01-02,1
ONBPP,2025-12-30,2025-12-30,1
ONCH,2025-12-24,2025-12-26,3
ONCHU,2025-10-20,2025-10-20,1
ONCHU,2025-11-17,2025-11-17,1
ONCHU,2025-12-24,2025-12-24,1
ONCHW,2025-10-23,2025-10-24,2
ONCHW,2025-11-11,2025-11-12,2
ONCHW,2025-11-21,2025-11-21,1
ONCHW,2025-12-03,2025-12-04,2
ONCHW,2025-12-18,2025-12-18,1
ONFOW,2025-10-21,2025-10-23,3
ONFOW,2025-10-29,2026-01-08,72
ONMDW,2025-10-30,2026-01-08,71
OOQB,2025-10-22,2025-10-22,1
OOQB,2025-11-05,2025-11-05,1
OOSB,2025-10-24,2025-10-24,1
OOSB,2025-10-29,2025-10-30,2
OOSB,2025-12-22,2025-12-24,3
OOSB,2025-12-31,2025-12-31,1
OPEG,2025-12-31,2025-12-31,1
OPTXW,2025-10-30,2026-01-08,71
OPTZ,2025-10-22,2025-10-24,3
OPTZ,2025-11-10,2025-11-14,5
OPTZ,2025-11-28,2025-11-28,1
OPTZ,2025-12-02,2025-12-02,1
OPTZ,2025-12-08,2025-12-08,1
ORGNW,2025-10-30,2026-01-08,71
ORIQ,2025-10-16,2025-10-16,1
ORIQ,2025-10-21,2025-10-24,4
ORIQ,2025-10-28,2025-10-28,1
ORIQ,2025-11-11,2025-11-11,1
ORIQ,2025-11-28,2025-12-04,7
ORIQ,2025-12-12,2025-12-12,1
ORIQ,2025-12-17,2025-12-18,2
ORIQ,2025-12-26,2025-12-26,1
ORIQ,2025-12-31,2026-01-02,3
ORIQU,2025-11-07,2025-11-11,5
ORIQU,2025-11-18,2026-01-06,50
ORIQW,2025-10-16,2025-10-16,1
ORIQW,2025-10-22,2025-10-24,3
ORIQW,2025-10-28,2025-10-29,2
ORIQW,2025-11-07,2025-11-07,1
ORIQW,2025-11-11,2025-11-11,1
ORIQW,2025-11-19,2025-11-21,3
ORIQW,2025-11-28,2025-12-04,7
ORIQW,2025-12-17,2025-12-18,2
ORIQW,2025-12-22,2025-12-26,5
ORIQW,2025-12-30,2026-01-05,7
OTGAW,2025-12-29,2025-12-30,2
OTGL,2025-10-21,2025-10-23,3
OTGL,2025-10-28,2025-10-31,4
OTGL,2025-11-04,2025-11-11,8
OTGL,2025-11-28,2025-11-28,1
OTGL,2025-12-02,2025-12-02,1
OTGL,2025-12-08,2025-12-11,4
OUSTZ,2025-10-30,2026-01-08,71
OVBC,2025-11-07,2025-11-07,1
OVLY,2025-11-06,2025-11-06,1
OVLY,2025-11-28,2025-11-28,1
OXBRW,2025-10-20,2025-10-24,5
OXLCG,2025-11-28,2025-11-28,1
OXLCL,2025-12-03,2025-12-03,1
OXLCL,2025-12-24,2025-12-24,1
OXLCL,2026-01-06,2026-01-06,1
OXLCN,2025-10-29,2025-10-29,1
OXLCN,2025-11-14,2025-11-14,1
OXLCN,2025-11-28,2025-11-28,1
OXLCN,2025-12-02,2025-12-02,1
OXLCO,2025-10-16,2025-10-16,1
OXLCO,2025-10-23,2025-10-23,1
OXLCO,2025-10-27,2025-10-27,1
OXLCO,2025-11-12,2025-11-12,1
OXLCO,2025-11-17,2025-11-17,1
OXLCO,2025-12-05,2025-12-05,1
OXLCO,2026-01-06,2026-01-06,1
OXLCZ,2025-10-23,2025-10-23,1
OXLCZ,2025-11-28,2025-11-28,1
OXSQG,2025-10-16,2025-10-16,1
OXSQG,2025-10-20,2025-10-24,5
OXSQG,2025-10-28,2025-10-29,2
OXSQG,2025-11-04,2025-11-06,3
OXSQG,2025-11-13,2025-11-13,1
OXSQG,2025-11-17,2025-11-17,1
OXSQG,2025-11-25,2025-11-28,4
OXSQG,2025-12-02,2025-12-05,4
OXSQG,2025-12-10,2025-12-18,9
OXSQG,2025-12-22,2025-12-22,1
OXSQG,2025-12-26,2025-12-26,1
OXSQG,2025-12-30,2025-12-31,2
OXSQG,2026-01-06,2026-01-06,1
OXSQH,2025-11-28,2025-11-28,1
OXSQH,2025-12-30,2026-01-02,4
OYSE,2025-10-17,2025-10-22,6
OYSE,2025-10-29,2025-10-31,3
OYSE,2025-11-10,2025-11-10,1
OYSE,2025-11-14,2025-11-21,8
OYSE,2025-11-25,2025-11-25,1
OYSE,2025-12-02,2025-12-04,3
OYSE,2025-12-11,2025-12-12,2
OYSE,2025-12-17,2025-12-17,1
OYSE,2025-12-22,2025-12-26,5
OYSE,2025-12-31,2026-01-06,7
OYSER,2025-10-16,2025-10-16,1
OYSER,2025-10-20,2025-10-20,1
OYSER,2025-10-24,2025-10-24,1
OYSER,2025-10-28,2025-10-31,4
OYSER,2025-11-10,2025-11-20,11
OYSER,2025-11-24,2025-11-28,5
OYSER,2025-12-02,2025-12-05,4
OYSER,2025-12-11,2025-12-12,2
OYSER,2025-12-16,2025-12-19,4
OYSER,2025-12-23,2025-12-26,4
OYSER,2026-01-02,2026-01-07,6
OYSEU,2025-10-24,2025-12-22,60
PABD,2025-10-21,2025-10-23,3
PABD,2025-10-27,2025-10-28,2
PABD,2025-11-05,2025-11-05,1
PABD,2025-11-11,2025-11-12,2
PABD,2025-11-19,2025-11-19,1
PABD,2025-12-04,2025-12-04,1
PABD,2025-12-11,2025-12-11,1
PABD,2025-12-17,2025-12-17,1
PABD,2025-12-24,2025-12-26,3
PABD,2025-12-31,2025-12-31,1
PABU,2025-11-10,2025-11-10,1
PABU,2025-11-28,2025-11-28,1
PABU,2025-12-10,2025-12-10,1
PACH,2025-10-29,2025-10-29,1
PACH,2025-11-12,2025-11-14,3
PACH,2025-11-18,2025-11-18,1
PACH,2025-12-23,2025-12-26,4
PACH,2026-01-02,2026-01-02,1
PACH,2026-01-06,2026-01-06,1
PACHU,2025-10-16,2025-10-16,1
PACHU,2025-10-20,2025-11-21,33
PACHU,2025-11-25,2025-11-28,4
PACHU,2025-12-03,2025-12-03,1
PACHU,2025-12-08,2025-12-18,11
PACHU,2025-12-22,2026-01-06,16
PACHW,2025-10-29,2025-10-30,2
PACHW,2025-11-06,2025-11-06,1
PACHW,2025-11-11,2025-11-11,1
PACHW,2025-11-17,2025-11-18,2
PACHW,2025-11-24,2025-11-28,5
PACHW,2025-12-02,2025-12-03,2
PACHW,2025-12-10,2025-12-24,15
PACHW,2025-12-29,2026-01-05,8
PALD,2025-10-17,2025-10-20,4
PALD,2025-12-01,2025-12-01,1
PALD,2025-12-19,2025-12-24,6
PAMT,2025-11-10,2025-11-10,1
PBBK,2025-10-20,2025-10-20,1
PBBK,2025-11-04,2025-11-04,1
PBBK,2025-11-19,2025-11-19,1
PBBK,2025-12-08,2025-12-08,1
PBEU,2025-12-02,2025-12-04,3
PBEU,2025-12-08,2025-12-12,5
PBEU,2025-12-16,2025-12-19,4
PBEU,2025-12-23,2025-12-31,9
PBHC,2025-10-20,2025-10-20,1
PBHC,2025-10-27,2025-10-30,4
PBHC,2025-11-04,2025-11-04,1
PBHC,2025-11-13,2025-11-13,1
PBHC,2025-11-18,2025-11-18,1
PBHC,2025-11-24,2025-11-24,1
PBHC,2025-12-04,2025-12-04,1
PBHC,2025-12-12,2025-12-12,1
PBHC,2025-12-16,2025-12-17,2
PBHC,2025-12-22,2025-12-24,3
PBHC,2026-01-07,2026-01-07,1
PBMWW,2025-10-30,2026-01-08,71
PBOG,2025-12-08,2025-12-31,24
PBPH,2025-12-10,2025-12-10,1
PBPH,2025-12-16,2025-12-18,3
PBPH,2025-12-22,2025-12-24,3
PBPH,2025-12-29,2025-12-31,3
PBQQ,2025-10-30,2025-10-31,2
PBQQ,2025-11-18,2025-11-18,1
PBQQ,2025-12-04,2025-12-04,1
PBQQ,2025-12-24,2025-12-24,1
PBRG,2025-12-19,2025-12-24,6
PBRG,2025-12-29,2025-12-29,1
PC,2025-10-17,2025-12-08,53
PCAP,2025-10-28,2025-10-31,4
PCAP,2025-11-28,2025-11-28,1
PCAP,2025-12-24,2025-12-24,1
PCAP,2026-01-02,2026-01-02,1
PCAP,2026-01-06,2026-01-06,1
PCAPU,2025-10-27,2025-10-27,1
PCAPU,2025-12-12,2025-12-12,1
PCAPU,2026-01-08,2026-01-08,1
PCAPW,2025-10-24,2025-10-28,5
PCAPW,2025-11-05,2025-11-05,1
PCAPW,2025-11-10,2025-11-12,3
PCAPW,2025-12-05,2025-12-05,1
PCAPW,2025-12-11,2025-12-11,1
PCAPW,2025-12-16,2025-12-18,3
PCAPW,2025-12-22,2025-12-24,3
PCAPW,2026-01-05,2026-01-06,2
PCSC,2025-10-21,2025-10-31,11
PCSC,2025-11-05,2025-11-06,2
PCSC,2025-11-10,2025-11-21,12
PCTTU,2025-12-10,2025-12-17,8
PCTTW,2025-10-24,2025-10-24,1
PCTTW,2025-10-30,2026-01-08,71
PDYNW,2025-10-30,2026-01-08,71
PEBK,2025-11-07,2025-11-07,1
PEBK,2025-11-28,2025-11-28,1
PELI,2025-10-29,2025-10-29,1
PELI,2025-11-18,2025-11-18,1
PELI,2025-11-25,2025-12-01,7
PELI,2025-12-15,2025-12-15,1
PELI,2026-01-02,2026-01-02,1
PELIR,2025-10-20,2025-10-20,1
PELIR,2025-11-13,2025-11-14,2
PELIR,2025-11-18,2025-11-19,2
PELIR,2025-11-25,2025-12-03,9
PELIR,2025-12-08,2025-12-08,1
PELIR,2025-12-17,2025-12-18,2
PELIR,2025-12-22,2025-12-29,8
PELIR,2026-01-02,2026-01-02,1
PELIR,2026-01-06,2026-01-06,1
PELIU,2025-10-23,2025-10-28,6
PELIU,2025-11-06,2025-11-07,2
PELIU,2025-11-17,2025-12-18,32
PEPS,2025-10-16,2025-11-14,30
PEPS,2025-11-18,2025-11-21,4
PEPS,2025-11-25,2025-12-04,10
PEPS,2025-12-08,2025-12-11,4
PEPS,2025-12-15,2026-01-05,22
PEZ,2025-10-21,2025-10-24,4
PEZ,2025-11-13,2025-11-13,1
PEZ,2025-11-18,2025-11-18,1
PEZ,2025-12-03,2025-12-03,1
PEZ,2025-12-08,2025-12-08,1
PEZ,2025-12-15,2025-12-16,2
PEZ,2025-12-23,2025-12-23,1
PEZ,2026-01-02,2026-01-02,1
PEZ,2026-01-07,2026-01-07,1
PFI,2025-12-01,2025-12-01,1
PFX,2025-10-22,2025-10-22,1
PFX,2025-10-31,2025-10-31,1
PFX,2025-11-10,2025-11-14,5
PFX,2025-11-20,2025-11-20,1
PFX,2025-11-24,2025-11-24,1
PFX,2025-11-28,2025-11-28,1
PFX,2025-12-10,2025-12-11,2
PFX,2025-12-30,2025-12-30,1
PFX,2026-01-06,2026-01-06,1
PFXNZ,2025-10-22,2025-10-24,3
PFXNZ,2025-10-28,2025-10-30,3
PFXNZ,2025-11-13,2025-11-14,2
PFXNZ,2025-11-18,2025-11-18,1
PFXNZ,2025-11-28,2025-11-28,1
PFXNZ,2025-12-05,2025-12-05,1
PFXNZ,2025-12-11,2025-12-17,7
PGAC,2025-10-16,2025-10-31,16
PGAC,2025-11-05,2025-12-04,30
PGAC,2025-12-10,2025-12-11,2
PGAC,2025-12-15,2025-12-17,3
PGAC,2025-12-22,2026-01-02,12
PGACR,2025-11-14,2025-11-24,11
PGACR,2025-11-28,2025-11-28,1
PGACR,2025-12-02,2025-12-04,3
PGACR,2025-12-08,2025-12-19,12
PGACR,2025-12-23,2026-01-06,15
PGACU,2025-10-29,2025-12-22,55
PGYWW,2025-10-30,2026-01-08,71
PHOE,2025-11-10,2025-11-10,1
PHOE,2025-11-14,2025-11-21,8
PHOE,2025-11-25,2025-11-28,4
PHOE,2025-12-08,2025-12-08,1
PHOE,2025-12-12,2025-12-12,1
PHOE,2025-12-16,2025-12-18,3
PHOE,2025-12-22,2025-12-22,1
PIII,2025-10-27,2025-10-27,1
PIIIW,2025-10-16,2025-10-16,1
PIIIW,2025-10-21,2025-10-21,1
PIIIW,2025-10-30,2026-01-08,71
PLBL,2025-12-02,2025-12-02,1
PLBL,2025-12-15,2025-12-18,4
PLBL,2025-12-26,2025-12-31,6
PLBL,2026-01-06,2026-01-07,2
PLMK,2025-10-22,2025-10-24,3
PLMK,2025-10-28,2025-10-28,1
PLMK,2025-11-03,2025-11-13,11
PLMK,2025-11-17,2025-12-03,17
PLMK,2025-12-16,2025-12-18,3
PLMK,2025-12-31,2025-12-31,1
PLMKW,2025-10-16,2025-10-16,1
PLMKW,2025-10-24,2025-10-24,1
PLMKW,2025-10-30,2026-01-08,71
PLUT,2025-10-24,2025-10-27,4
PLUT,2025-12-24,2025-12-24,1
PMTRU,2025-10-21,2025-10-24,4
PMTRU,2025-11-04,2025-11-14,11
PMTRU,2025-11-18,2025-11-19,2
PMTRU,2025-12-17,2025-12-17,1
PMTRU,2025-12-30,2025-12-30,1
PMTRW,2025-10-15,2025-10-15,1
PMTRW,2025-11-04,2025-11-05,2
PMTRW,2025-11-11,2025-11-11,1
PMTRW,2025-11-18,2025-11-20,3
PMTRW,2025-11-28,2025-11-28,1
PMTRW,2025-12-04,2025-12-05,2
PMTRW,2025-12-10,2025-12-11,2
PMTRW,2025-12-15,2025-12-22,8
PMTRW,2025-12-30,2025-12-30,1
PMTRW,2026-01-05,2026-01-06,2
POLE,2025-10-20,2025-10-20,1
POLE,2025-10-31,2025-10-31,1
POLE,2025-11-05,2025-11-05,1
POLE,2025-11-10,2025-11-11,2
POLE,2025-11-19,2025-11-21,3
POLE,2025-11-25,2025-12-02,8
POLE,2026-01-02,2026-01-02,1
POLEU,2025-12-04,2025-12-10,7
POLEW,2025-10-16,2025-10-16,1
POLEW,2025-10-28,2026-01-07,72
POWWP,2025-10-21,2025-10-24,4
POWWP,2025-10-31,2025-10-31,1
POWWP,2025-11-07,2025-11-07,1
POWWP,2025-11-24,2025-11-24,1
POWWP,2025-12-08,2025-12-08,1
POWWP,2025-12-15,2025-12-18,4
POWWP,2026-01-05,2026-01-05,1
PQAP,2025-10-16,2025-10-17,2
PQAP,2025-10-21,2025-10-24,4
PQAP,2025-10-28,2025-10-31,4
PQAP,2025-11-05,2025-11-13,9
PQAP,2025-11-17,2025-11-21,5
PQAP,2025-11-25,2025-11-25,1
PQAP,2025-12-01,2025-12-11,11
PQAP,2025-12-16,2025-12-19,4
PQAP,2026-01-02,2026-01-02,1
PQJA,2025-10-17,2025-10-17,1
PQJA,2025-10-21,2025-10-21,1
PQJA,2025-10-28,2025-10-31,4
PQJA,2025-11-05,2025-11-07,3
PQJA,2025-11-11,2025-11-13,3
PQJA,2025-11-17,2025-11-21,5
PQJA,2025-11-25,2025-12-10,16
PQJA,2025-12-15,2025-12-19,5
PQJA,2025-12-24,2025-12-26,3
PQJA,2025-12-30,2025-12-30,1
PQJL,2025-10-21,2025-10-28,8
PQJL,2025-11-05,2025-11-11,7
PQJL,2025-11-17,2025-11-18,2
PQJL,2025-11-25,2025-11-25,1
PQJL,2025-12-01,2025-12-04,4
PQJL,2025-12-15,2025-12-19,5
PQJL,2025-12-24,2025-12-26,3
PQJL,2025-12-31,2026-01-02,3
PQOC,2025-11-11,2025-11-11,1
PQOC,2025-11-17,2025-11-17,1
PQOC,2025-11-28,2025-11-28,1
PQOC,2025-12-15,2025-12-16,2
PQOC,2025-12-30,2026-01-06,8
PRENW,2025-10-20,2025-10-20,1
PRENW,2025-10-30,2026-01-08,71
PRHIZ,2025-10-17,2025-10-17,1
PRHIZ,2025-10-21,2025-11-11,22
PRHIZ,2025-11-19,2025-11-20,2
PRHIZ,2025-11-24,2025-12-05,12
PRHIZ,2025-12-11,2025-12-12,2
PRHIZ,2025-12-17,2025-12-17,1
PRHIZ,2025-12-22,2025-12-31,10
PRHIZ,2026-01-07,2026-01-08,2
PROV,2025-10-23,2025-10-23,1
PROV,2025-10-29,2025-10-29,1
PROV,2026-01-07,2026-01-07,1
PRPH,2026-01-05,2026-01-06,2
PRTC,2025-10-27,2025-10-27,1
PRTC,2025-11-10,2025-11-10,1
PRTC,2025-11-24,2025-11-24,1
PRTC,2025-12-03,2025-12-04,2
PRTC,2025-12-12,2025-12-19,8
PRTC,2025-12-29,2026-01-05,8
PSCD,2025-10-16,2025-10-17,2
PSCD,2025-10-22,2025-10-24,3
PSCD,2025-10-31,2025-10-31,1
PSCD,2025-11-10,2025-11-12,3
PSCD,2025-11-19,2025-11-19,1
PSCD,2025-11-28,2025-11-28,1
PSCD,2025-12-02,2025-12-03,2
PSCD,2025-12-08,2025-12-08,1
PSCD,2025-12-12,2025-12-12,1
PSCD,2025-12-18,2026-01-05,19
PSCF,2025-10-22,2025-10-24,3
PSCF,2025-11-05,2025-11-07,3
PSCF,2025-11-13,2025-11-13,1
PSCF,2025-11-20,2025-11-20,1
PSCF,2025-11-26,2025-11-26,1
PSCF,2025-12-08,2025-12-08,1
PSCF,2025-12-24,2025-12-24,1
PSCI,2025-11-28,2025-11-28,1
PSCM,2025-10-22,2025-10-22,1
PSCM,2025-11-05,2025-11-07,3
PSCM,2025-11-13,2025-11-13,1
PSCM,2025-11-18,2025-11-21,4
PSCM,2025-11-25,2025-11-28,4
PSCM,2025-12-03,2025-12-03,1
PSCM,2025-12-08,2025-12-12,5
PSCM,2025-12-24,2025-12-24,1
PSCM,2025-12-31,2025-12-31,1
PSCU,2025-10-17,2025-10-17,1
PSCU,2025-11-10,2025-11-11,2
PSCU,2025-11-18,2025-11-21,4
PSCU,2025-11-25,2025-11-28,4
PSCU,2025-12-08,2025-12-11,4
PSCU,2025-12-23,2025-12-26,4
PSCU,2026-01-08,2026-01-08,1
PSET,2025-12-26,2025-12-29,4
PSET,2026-01-05,2026-01-05,1
PSIG,2025-11-03,2025-11-03,1
PSIG,2025-11-12,2025-11-14,3
PSIG,2025-11-18,2025-11-19,2
PSIG,2025-12-26,2025-12-26,1
PSTR,2025-10-17,2025-10-17,1
PSTR,2025-11-07,2025-11-07,1
PSWD,2025-10-21,2025-10-22,2
PSWD,2025-11-03,2025-11-05,3
PSWD,2025-11-10,2025-11-11,2
PSWD,2025-11-17,2025-11-19,3
PSWD,2025-12-01,2025-12-11,11
PSWD,2025-12-18,2025-12-18,1
PSWD,2025-12-22,2025-12-29,8
PSWD,2026-01-07,2026-01-08,2
PTIX,2026-01-05,2026-01-06,2
PTIXW,2025-10-20,2025-10-23,4
PTIXW,2025-10-28,2025-10-28,1
PULM,2025-11-12,2025-11-12,1
PXI,2025-11-13,2025-11-14,2
PXI,2025-12-11,2025-12-11,1
PYZ,2025-10-21,2025-10-21,1
PYZ,2025-12-26,2025-12-26,1
QB,2025-10-16,2025-10-17,2
QB,2025-10-21,2025-10-24,4
QB,2025-10-29,2025-11-07,10
QB,2025-11-13,2025-11-21,9
QB,2025-11-26,2025-12-12,17
QB,2025-12-16,2025-12-19,4
QB,2025-12-23,2026-01-05,14
QCLR,2025-10-17,2025-10-17,1
QCLR,2025-10-21,2025-10-23,3
QCLR,2025-10-28,2025-11-06,10
QCLR,2025-11-12,2025-11-14,3
QCLR,2025-11-21,2025-11-21,1
QCLR,2025-11-25,2025-11-28,4
QCLR,2025-12-04,2025-12-05,2
QCLR,2025-12-16,2025-12-22,7
QCLR,2025-12-26,2025-12-29,4
QCMD,2025-11-10,2025-11-14,5
QCMD,2025-11-25,2025-12-11,17
QCMD,2025-12-30,2026-01-02,4
QCMD,2026-01-07,2026-01-07,1
QETA,2025-10-17,2025-10-24,8
QETA,2025-11-03,2025-11-05,3
QETA,2025-11-10,2025-11-28,19
QETA,2025-12-03,2025-12-11,9
QETA,2025-12-19,2025-12-24,6
QETA,2026-01-02,2026-01-02,1
QETA,2026-01-06,2026-01-07,2
QETAR,2025-10-16,2025-10-17,2
QETAR,2025-10-24,2025-10-24,1
QETAU,2025-10-29,2025-11-06,9
QETAU,2025-11-10,2025-12-08,29
QHDG,2025-10-20,2025-10-22,3
QHDG,2025-11-04,2025-11-13,10
QHDG,2025-11-17,2025-12-11,25
QHDG,2025-12-16,2025-12-29,14
QHDG,2026-01-02,2026-01-07,6
QMID,2025-10-24,2025-10-24,1
QMID,2025-10-28,2025-11-13,17
QMID,2025-11-18,2025-11-21,4
QMID,2025-11-25,2025-11-28,4
QMID,2025-12-02,2025-12-31,30
QMID,2026-01-05,2026-01-06,2
QNXT,2025-10-16,2025-10-17,2
QNXT,2025-10-28,2025-10-30,3
QNXT,2025-11-11,2025-11-11,1
QNXT,2025-11-17,2025-11-20,4
QNXT,2025-11-24,2025-11-25,2
QNXT,2025-12-01,2025-12-01,1
QOWZ,2025-10-20,2025-10-21,2
QOWZ,2025-10-31,2025-11-06,7
QOWZ,2025-11-12,2025-11-12,1
QOWZ,2025-11-19,2025-11-19,1
QOWZ,2025-12-03,2025-12-08,6
QOWZ,2025-12-19,2025-12-19,1
QOWZ,2025-12-24,2025-12-26,3
QQDN,2025-10-21,2025-10-21,1
QQDN,2025-10-30,2025-10-30,1
QQDN,2025-11-14,2025-11-14,1
QQDN,2025-12-04,2025-12-04,1
QQDN,2025-12-18,2025-12-18,1
QQDN,2025-12-23,2025-12-24,2
QQDN,2026-01-06,2026-01-06,1
QQHG,2025-10-21,2025-10-23,3
QQHG,2025-11-05,2025-11-07,3
QQHG,2025-11-11,2025-11-11,1
QQHG,2025-11-17,2025-11-17,1
QQHG,2025-11-25,2025-11-26,2
QQHG,2025-12-03,2025-12-05,3
QQHG,2025-12-10,2025-12-11,2
QQHG,2025-12-16,2025-12-26,11
QQHG,2026-01-05,2026-01-08,4
QQJG,2025-10-20,2025-10-21,2
QQJG,2025-11-04,2025-11-04,1
QQJG,2025-11-11,2025-11-11,1
QQJG,2025-11-21,2025-11-21,1
QQJG,2025-12-05,2025-12-05,1
QQJG,2025-12-16,2025-12-18,3
QQJG,2025-12-31,2025-12-31,1
QQJG,2026-01-06,2026-01-08,3
QQLV,2025-10-16,2025-10-23,8
QQLV,2025-10-29,2025-10-29,1
QQLV,2025-11-04,2025-11-07,4
QQLV,2025-11-13,2025-11-19,7
QQLV,2025-11-25,2025-11-28,4
QQLV,2025-12-02,2025-12-05,4
QQLV,2025-12-11,2025-12-11,1
QQLV,2025-12-16,2025-12-16,1
QQLV,2025-12-22,2025-12-23,2
QQLV,2025-12-31,2025-12-31,1
QQLV,2026-01-05,2026-01-07,3
QQQA,2025-12-05,2025-12-05,1
QQQA,2025-12-19,2025-12-19,1
QQQG,2025-10-17,2025-10-17,1
QQQG,2025-11-11,2025-11-13,3
QQQG,2025-11-25,2025-11-25,1
QQQG,2025-12-19,2025-12-19,1
QQQP,2025-10-16,2025-10-16,1
QQQP,2025-10-21,2025-10-21,1
QQQP,2025-11-11,2025-11-12,2
QQQP,2025-11-20,2025-11-21,2
QQQP,2025-11-26,2025-11-28,3
QQQP,2025-12-04,2025-12-11,8
QQQP,2025-12-16,2025-12-16,1
QQWZ,2025-10-29,2025-10-30,2
QQWZ,2025-11-03,2025-11-03,1
QQWZ,2025-11-11,2025-11-11,1
QQWZ,2025-11-20,2025-11-20,1
QQWZ,2025-11-25,2025-11-28,4
QQWZ,2025-12-03,2025-12-03,1
QQWZ,2025-12-23,2025-12-23,1
QRMI,2025-10-29,2025-10-29,1
QSEA,2025-10-21,2025-10-22,2
QSEA,2025-12-02,2025-12-03,2
QSEAR,2025-11-05,2025-11-07,3
QSEAR,2025-11-11,2025-11-20,10
QSEAR,2025-11-24,2025-11-25,2
QSEAR,2025-12-03,2025-12-22,20
QSEAR,2025-12-31,2026-01-02,3
QSEAU,2025-12-10,2026-01-06,28
QSIAW,2025-10-30,2026-01-08,71
QSIX,2025-10-24,2025-10-24,1
QSIX,2025-11-05,2025-11-05,1
QSML,2025-10-23,2025-10-23,1
QSML,2025-10-30,2025-11-07,9
QSML,2025-11-12,2025-11-14,3
QSML,2025-11-18,2025-11-19,2
QSML,2025-11-25,2025-11-28,4
QSML,2025-12-03,2025-12-04,2
QSML,2025-12-08,2025-12-11,4
QSML,2025-12-16,2025-12-16,1
QSML,2025-12-23,2025-12-26,4
QSML,2025-12-31,2026-01-02,3
QSML,2026-01-07,2026-01-08,2
QTR,2025-10-21,2025-10-21,1
QTR,2025-10-28,2025-10-30,3
QTR,2025-11-05,2025-11-06,2
QTR,2025-11-11,2025-11-14,4
QTR,2025-11-18,2025-11-20,3
QTR,2025-11-24,2025-11-26,3
QTR,2025-12-01,2025-12-04,4
QTR,2025-12-08,2025-12-12,5
QTR,2025-12-18,2025-12-26,9
QTR,2025-12-31,2025-12-31,1
QUMS,2025-10-22,2025-10-24,3
QUMS,2025-10-28,2025-10-31,4
QUMS,2025-11-04,2025-11-14,11
QUMS,2025-11-18,2025-11-21,4
QUMS,2025-11-26,2025-12-05,10
QUMS,2025-12-10,2025-12-26,17
QUMS,2025-12-30,2026-01-02,4
QUMS,2026-01-06,2026-01-06,1
QUMSR,2025-10-30,2025-10-31,2
QUMSR,2025-11-05,2025-11-06,2
QUMSR,2025-11-10,2025-11-13,4
QUMSR,2025-11-17,2025-11-18,2
QUMSR,2025-11-25,2025-11-26,2
QUMSR,2025-12-03,2025-12-04,2
QUMSR,2025-12-11,2025-12-12,2
QUMSR,2025-12-17,2025-12-17,1
QUMSR,2025-12-22,2025-12-22,1
QUMSU,2025-10-29,2025-10-29,1
QUMSU,2025-11-10,2025-11-21,12
QUMSU,2025-12-01,2025-12-03,3
QUMSU,2025-12-10,2025-12-10,1
QUMSU,2025-12-16,2025-12-18,3
QUMSU,2025-12-22,2025-12-26,5
QUMSU,2025-12-31,2026-01-02,3
QUMSU,2026-01-06,2026-01-08,3
RAAQ,2025-11-06,2025-11-06,1
RAAQ,2025-12-04,2025-12-04,1
RAAQ,2025-12-08,2025-12-08,1
RAAQ,2025-12-30,2025-12-30,1
RAAQ,2026-01-06,2026-01-06,1
RAAQU,2025-10-20,2025-10-23,4
RAAQU,2025-10-30,2025-10-30,1
RAAQU,2025-11-03,2025-11-28,26
RAAQU,2025-12-02,2025-12-08,7
RAAQW,2025-10-21,2025-10-21,1
RAAQW,2025-10-28,2025-10-28,1
RAAQW,2025-11-17,2025-11-19,3
RAAQW,2025-11-28,2025-11-28,1
RAAQW,2025-12-02,2025-12-03,2
RAAQW,2025-12-10,2025-12-10,1
RAAQW,2025-12-15,2025-12-18,4
RAAQW,2025-12-22,2025-12-26,5
RAAQW,2025-12-31,2026-01-07,8
RAINW,2025-10-16,2025-10-16,1
RAINW,2025-10-20,2025-10-20,1
RAINW,2025-11-04,2025-11-04,1
RAINW,2025-11-28,2025-11-28,1
RAINW,2025-12-03,2025-12-03,1
RAINW,2025-12-16,2025-12-18,3
RAINW,2025-12-24,2025-12-24,1
RAINW,2026-01-07,2026-01-07,1
RANG,2025-10-20,2025-10-20,1
RANG,2025-10-24,2025-10-24,1
RANG,2025-10-30,2025-11-04,6
RANG,2025-11-10,2025-11-12,3
RANG,2025-11-25,2025-11-28,4
RANG,2025-12-02,2025-12-04,3
RANG,2025-12-08,2025-12-11,4
RANG,2025-12-17,2025-12-19,3
RANG,2025-12-23,2026-01-02,11
RANGR,2025-10-30,2025-10-30,1
RANGR,2025-11-06,2025-11-06,1
RANGR,2025-11-21,2025-11-21,1
RANGR,2025-12-03,2025-12-03,1
RANGR,2025-12-08,2025-12-10,3
RANGU,2025-12-10,2026-01-06,28
RBKB,2025-11-28,2025-11-28,1
RCGE,2025-11-04,2025-11-05,2
RCGE,2025-11-10,2025-11-13,4
RCGE,2025-11-17,2025-11-18,2
RCGE,2025-12-05,2025-12-10,6
RCGE,2025-12-15,2025-12-29,15
RCGE,2026-01-05,2026-01-05,1
RCKTW,2025-10-15,2025-10-15,1
RCKTW,2025-10-23,2025-10-23,1
RCKTW,2025-10-27,2025-10-27,1
RDAC,2025-10-17,2025-10-24,8
RDAC,2025-10-29,2025-10-29,1
RDAC,2025-11-07,2025-11-07,1
RDAC,2025-11-14,2025-11-14,1
RDAC,2025-12-04,2025-12-04,1
RDACR,2025-10-22,2025-10-27,6
RDACR,2025-11-06,2025-11-10,5
RDACR,2025-11-14,2025-11-14,1
RDACR,2025-11-18,2025-11-18,1
RDACR,2025-11-28,2025-11-28,1
RDACR,2025-12-02,2025-12-05,4
RDACR,2025-12-24,2025-12-24,1
RDACR,2025-12-30,2025-12-30,1
RDACR,2026-01-07,2026-01-07,1
RDACU,2025-10-17,2025-10-31,15
RDACU,2025-11-04,2025-11-07,4
RDACU,2025-11-11,2025-11-13,3
RDACU,2025-11-25,2025-11-26,2
RDACU,2025-12-01,2025-12-04,4
RDACU,2025-12-08,2025-12-31,24
RDAG,2025-10-28,2025-10-28,1
RDAG,2025-11-03,2025-11-03,1
RDAG,2025-11-11,2025-11-12,2
RDAG,2025-11-18,2025-11-18,1
RDAG,2025-11-28,2025-11-28,1
RDAG,2025-12-11,2025-12-12,2
RDAG,2025-12-17,2025-12-17,1
RDAG,2025-12-22,2025-12-22,1
RDAG,2026-01-02,2026-01-02,1
RDAG,2026-01-08,2026-01-08,1
RDAGU,2025-10-20,2025-10-30,11
RDAGU,2025-11-05,2025-11-07,3
RDAGU,2025-11-12,2025-11-14,3
RDAGU,2025-11-21,2025-12-04,14
RDAGU,2025-12-08,2025-12-12,5
RDAGU,2025-12-16,2025-12-22,7
RDAGW,2025-10-30,2025-12-18,50
RDAGW,2025-12-22,2025-12-23,2
RDIB,2025-10-16,2025-10-16,1
RDIB,2025-10-27,2025-10-28,2
RDIB,2025-11-03,2025-11-11,9
RDIB,2025-11-18,2025-11-18,1
RDIB,2025-11-25,2025-11-26,2
RDIB,2025-12-02,2025-12-04,3
RDIB,2025-12-23,2025-12-23,1
RDZNW,2025-10-30,2026-01-08,71
REAI,2025-10-29,2025-10-31,3
REAI,2025-11-06,2025-11-20,15
REAI,2025-11-24,2025-12-04,11
REAI,2025-12-08,2026-01-07,31
RECT,2025-10-22,2025-10-22,1
RECT,2025-12-11,2025-12-11,1
REGCO,2025-10-22,2025-10-22,1
REGCO,2026-01-06,2026-01-06,1
REGCP,2025-10-20,2025-10-20,1
REGCP,2025-11-28,2025-11-28,1
RELIW,2025-10-20,2025-10-22,3
RELIW,2025-10-30,2026-01-08,71
RETO,2025-11-18,2025-11-18,1
RETO,2025-11-28,2025-11-28,1
REVBW,2025-10-21,2025-10-21,1
REVBW,2025-10-30,2026-01-08,71
RFAI,2025-10-23,2025-10-23,1
RFAI,2025-11-06,2025-11-07,2
RFAI,2025-11-11,2025-11-13,3
RFAI,2025-11-17,2025-11-19,3
RFAI,2025-12-11,2025-12-11,1
RFAI,2025-12-18,2025-12-24,7
RFAI,2025-12-30,2026-01-02,4
RFAIR,2025-11-11,2025-11-11,1
RFAIR,2025-11-25,2025-11-25,1
RFAIR,2025-12-15,2025-12-19,5
RFAIR,2025-12-30,2025-12-30,1
RFAIR,2026-01-07,2026-01-07,1
RFAIU,2025-12-10,2025-12-24,15
RFAIU,2025-12-30,2026-01-05,7
RFEM,2025-10-17,2025-10-17,1
RFEM,2025-10-28,2025-10-28,1
RFEU,2025-10-16,2025-10-23,8
RFEU,2025-10-27,2025-11-13,18
RFEU,2025-11-17,2025-12-08,22
RFEU,2025-12-16,2025-12-24,9
RFEU,2025-12-29,2025-12-31,3
RGS,2025-11-28,2025-11-28,1
RGTIW,2025-10-30,2026-01-08,71
RIBB,2025-10-21,2025-10-21,1
RIBB,2025-11-07,2025-11-07,1
RIBB,2025-11-17,2025-11-17,1
RIBB,2025-11-25,2025-11-25,1
RIBBR,2025-10-21,2025-11-06,17
RIBBR,2025-11-10,2025-12-04,25
RIBBR,2025-12-08,2025-12-19,12
RIBBR,2025-12-23,2026-01-02,11
RIBBU,2025-10-16,2025-12-08,54
RILYL,2025-11-28,2025-11-28,1
RMCOW,2025-10-23,2025-10-23,1
RMCOW,2025-10-30,2026-01-08,71
RMSG,2025-12-03,2025-12-04,2
RMSG,2025-12-10,2025-12-10,1
RMSGW,2025-10-23,2025-10-23,1
RMSGW,2025-10-30,2026-01-08,71
RNAZ,2025-12-01,2025-12-01,1
RNEM,2025-10-24,2025-10-24,1
RNEM,2025-11-05,2025-11-11,7
RNEM,2025-11-17,2025-11-21,5
RNEM,2025-12-11,2025-12-11,1
RNEM,2025-12-15,2025-12-15,1
RNEM,2025-12-26,2025-12-26,1
RNEM,2026-01-05,2026-01-05,1
RNGT,2025-12-03,2025-12-03,1
RNGT,2025-12-08,2025-12-12,5
RNGT,2025-12-22,2025-12-26,5
RNGT,2025-12-31,2025-12-31,1
RNGTU,2025-10-16,2025-10-16,1
RNGTU,2025-11-04,2025-11-13,10
RNGTU,2025-11-17,2025-11-21,5
RNGTU,2025-11-26,2025-11-26,1
RNGTU,2025-12-03,2025-12-05,3
RNGTU,2025-12-11,2025-12-11,1
RNGTU,2025-12-16,2025-12-18,3
RNGTU,2025-12-22,2025-12-30,9
RNGTU,2026-01-06,2026-01-07,2
RNGTW,2025-12-30,2026-01-02,4
RNIN,2025-12-26,2025-12-26,1
RNRG,2025-12-01,2025-12-01,1
RNRG,2025-12-17,2025-12-17,1
ROMA,2025-11-06,2025-11-06,1
ROMA,2025-11-18,2025-11-18,1
ROMA,2025-11-28,2025-11-28,1
ROMA,2025-12-15,2025-12-15,1
RSVRW,2025-10-22,2025-10-22,1
RTACU,2025-10-29,2025-10-30,2
RTACU,2025-12-18,2025-12-18,1
RTACU,2025-12-26,2025-12-26,1
RUMBW,2025-10-23,2025-10-23,1
RUMBW,2025-10-30,2026-01-08,71
RVMDW,2025-10-30,2026-01-08,71
RVSNW,2025-10-30,2026-01-08,71
RWAYL,2025-11-12,2025-11-12,1
RWAYL,2025-12-04,2025-12-04,1
RZLVW,2025-10-30,2026-01-08,71
SAIH,2025-11-10,2025-11-14,5
SAIH,2025-11-25,2025-11-26,2
SAIHW,2025-10-17,2025-10-17,1
SANG,2025-11-14,2025-11-14,1
SANG,2025-11-19,2025-11-21,3
SANG,2025-11-28,2025-11-28,1
SANG,2025-12-08,2025-12-08,1
SANG,2025-12-26,2025-12-26,1
SATLW,2025-10-30,2026-01-08,71
SBCWW,2025-10-21,2025-10-22,2
SBCWW,2025-10-27,2026-01-08,74
SBFG,2025-10-24,2025-10-24,1
SBFMW,2025-10-22,2025-10-23,2
SBFMW,2025-10-27,2025-10-27,1
SBNY,2025-10-20,2025-10-24,5
SBU,2025-12-10,2025-12-11,2
SCAG,2025-11-28,2025-11-28,1
SCAGW,2025-10-21,2025-10-31,11
SCAGW,2025-11-05,2025-11-07,3
SCAGW,2025-11-11,2025-11-14,4
SCAGW,2025-11-19,2025-11-20,2
SCAGW,2025-11-25,2025-11-26,2
SCAGW,2025-12-02,2025-12-08,7
SCAGW,2025-12-15,2025-12-17,3
SCAGW,2025-12-22,2025-12-26,5
SCAGW,2025-12-30,2025-12-31,2
SCDS,2025-10-17,2025-10-17,1
SCDS,2025-10-22,2025-11-12,22
SCDS,2025-11-17,2025-11-20,4
SCDS,2025-11-24,2025-11-24,1
SCDS,2025-11-28,2025-12-19,22
SCDS,2025-12-23,2025-12-31,9
SCIIU,2025-12-12,2025-12-12,1
SCIIU,2025-12-18,2025-12-19,2
SCOR,2025-12-04,2025-12-04,1
SCOR,2025-12-08,2025-12-08,1
SCPQU,2025-12-29,2025-12-29,1
SDAWW,2025-10-16,2025-10-16,1
SDAWW,2025-10-30,2026-01-08,71
SDHI,2025-10-22,2025-10-23,2
SDHI,2025-10-29,2025-10-30,2
SDHI,2025-11-10,2025-11-11,2
SDHI,2025-11-20,2025-11-24,5
SDHI,2025-12-02,2025-12-05,4
SDHI,2025-12-10,2025-12-12,3
SDHI,2025-12-16,2025-12-17,2
SDHI,2025-12-24,2025-12-29,6
SDHI,2026-01-07,2026-01-07,1
SDHIR,2025-10-16,2025-10-16,1
SDHIR,2025-10-20,2025-10-20,1
SDHIR,2025-10-27,2025-10-30,4
SDHIR,2025-11-03,2025-11-03,1
SDHIR,2025-11-11,2025-11-14,4
SDHIR,2025-11-19,2025-11-24,6
SDHIR,2025-11-28,2025-12-05,8
SDHIR,2025-12-10,2025-12-24,15
SDHIR,2025-12-29,2026-01-05,8
SDHIU,2025-10-29,2025-10-31,3
SDHIU,2025-11-05,2025-11-05,1
SDHIU,2025-11-10,2025-12-05,26
SDHIU,2025-12-10,2025-12-11,2
SDHIU,2025-12-16,2025-12-19,4
SDHIU,2025-12-24,2025-12-30,7
SDSTW,2025-10-30,2026-01-08,71
SEATW,2025-10-23,2025-10-23,1
SEATW,2025-10-30,2026-01-07,70
SENEB,2025-10-28,2025-11-11,15
SENEB,2025-11-17,2025-12-11,25
SENEB,2025-12-15,2025-12-26,12
SENEB,2025-12-30,2026-01-05,7
SFBC,2025-10-17,2025-10-17,1
SFBC,2025-10-23,2025-10-23,1
SFBC,2025-10-27,2025-10-27,1
SFBC,2025-11-14,2025-11-14,1
SFBC,2025-11-18,2025-11-18,1
SFBC,2025-12-03,2025-12-03,1
SFBC,2026-01-07,2026-01-07,1
SFWL,2025-10-30,2025-10-30,1
SFWL,2025-11-13,2025-11-13,1
SFWL,2025-11-20,2025-11-20,1
SHFSW,2025-10-16,2025-10-16,1
SHFSW,2025-10-27,2026-01-08,74
SHMDW,2025-10-30,2026-01-08,71
SHPD,2025-12-04,2025-12-05,2
SHPD,2025-12-11,2025-12-12,2
SHPD,2025-12-24,2025-12-24,1
SHRY,2025-10-23,2025-10-29,7
SHRY,2025-11-06,2025-11-06,1
SHRY,2025-11-10,2025-11-10,1
SHRY,2025-11-14,2025-11-14,1
SHRY,2025-11-18,2025-11-21,4
SHRY,2025-11-26,2025-11-26,1
SHRY,2025-12-04,2025-12-04,1
SHRY,2025-12-10,2025-12-10,1
SHRY,2025-12-18,2025-12-18,1
SHRY,2025-12-22,2025-12-24,3
SHRY,2026-01-06,2026-01-07,2
SIMA,2025-10-16,2025-10-16,1
SIMA,2025-10-21,2025-10-24,4
SIMA,2025-10-28,2025-10-30,3
SIMA,2025-11-05,2025-11-07,3
SIMA,2025-11-21,2025-11-21,1
SIMA,2025-11-25,2025-12-03,9
SIMA,2025-12-08,2025-12-08,1
SIMA,2025-12-17,2025-12-24,8
SIMA,2026-01-05,2026-01-08,4
SIMAU,2025-10-16,2025-10-30,15
SIMAU,2025-11-03,2025-12-31,59
SIMAW,2025-10-23,2025-10-23,1
SIMAW,2025-10-27,2026-01-08,74
SJCP,2025-10-16,2025-10-17,2
SJCP,2025-10-22,2025-10-23,2
SJCP,2025-10-27,2025-10-30,4
SJCP,2025-11-03,2025-11-13,11
SJCP,2025-11-19,2025-12-04,16
SJCP,2025-12-08,2025-12-26,19
SJLD,2025-10-21,2025-10-30,10
SJLD,2025-11-03,2025-11-13,11
SJLD,2025-11-19,2025-12-03,15
SJLD,2025-12-08,2025-12-10,3
SKYU,2025-10-16,2025-10-16,1
SKYU,2025-10-21,2025-10-24,4
SKYU,2025-10-29,2025-10-29,1
SKYU,2025-11-03,2025-11-05,3
SKYU,2025-11-10,2025-11-19,10
SKYU,2025-11-25,2025-12-01,7
SKYU,2025-12-05,2025-12-05,1
SKYU,2025-12-10,2025-12-12,3
SKYU,2025-12-16,2026-01-02,18
SLDPW,2025-10-30,2026-01-08,71
SLMBP,2025-10-17,2025-10-17,1
SLMBP,2025-10-23,2025-10-23,1
SLMBP,2025-12-19,2025-12-19,1
SLNG,2025-11-25,2025-11-25,1
SLXNW,2025-10-30,2026-01-08,71
SMCF,2025-10-21,2025-10-27,7
SMCF,2025-10-31,2025-11-04,5
SMCF,2025-11-10,2025-12-04,25
SMCF,2025-12-08,2025-12-12,5
SMCF,2025-12-16,2025-12-18,3
SMCF,2025-12-24,2025-12-24,1
SMCF,2025-12-30,2026-01-02,4
SMCF,2026-01-06,2026-01-07,2
SMRI,2025-11-10,2025-11-10,1
SMRI,2025-11-28,2025-11-28,1
SMRI,2025-12-02,2025-12-02,1
SMRI,2025-12-22,2025-12-22,1
SMXWW,2025-10-30,2026-01-08,71
SNAG,2025-12-29,2025-12-30,2
SNAG,2026-01-07,2026-01-07,1
SOCA,2025-10-20,2025-10-31,12
SOCA,2025-11-06,2025-11-06,1
SOCA,2025-11-10,2025-11-13,4
SOCA,2025-11-17,2025-11-20,4
SOCA,2025-11-24,2025-11-24,1
SOCA,2025-11-28,2025-11-28,1
SOCA,2025-12-03,2025-12-03,1
SOCA,2025-12-08,2025-12-08,1
SOCA,2025-12-16,2025-12-26,11
SOCA,2025-12-30,2025-12-30,1
SOCA,2026-01-05,2026-01-08,4
SOCAU,2025-10-16,2025-10-17,2
SOCAU,2025-10-21,2025-11-20,31
SOCAU,2025-11-24,2025-12-18,25
SOCAU,2025-12-22,2025-12-24,3
SOCAW,2025-10-16,2025-10-16,1
SOCAW,2025-10-29,2025-10-29,1
SOCAW,2025-11-06,2025-11-07,2
SOCAW,2025-11-11,2025-11-24,14
SOCAW,2025-11-28,2025-11-28,1
SOCAW,2025-12-03,2025-12-05,3
SOCAW,2025-12-10,2025-12-10,1
SOCAW,2025-12-15,2025-12-24,10
SOCAW,2025-12-30,2025-12-30,1
SOHON,2025-10-23,2025-10-23,1
SOHOO,2025-11-21,2025-11-24,4
SOHOO,2025-12-31,2025-12-31,1
SOLC,2025-11-25,2025-11-25,1
SOLC,2025-12-11,2025-12-15,5
SOLC,2025-12-24,2025-12-26,3
SOUNW,2025-10-30,2026-01-08,71
SPAM,2025-11-07,2025-11-07,1
SPAM,2025-11-26,2025-12-03,8
SPAM,2025-12-11,2025-12-12,2
SPAM,2025-12-16,2025-12-17,2
SPAM,2025-12-24,2025-12-24,1
SPAM,2026-01-06,2026-01-08,3
SPAQ,2025-10-23,2025-10-23,1
SPAQ,2025-10-28,2025-10-30,3
SPAQ,2025-11-03,2025-11-07,5
SPAQ,2025-11-14,2025-11-14,1
SPAQ,2025-11-18,2025-11-28,11
SPAQ,2025-12-02,2025-12-03,2
SPAQ,2025-12-08,2025-12-17,10
SPAQ,2025-12-22,2025-12-24,3
SPAQ,2025-12-29,2026-01-02,5
SPAQ,2026-01-07,2026-01-08,2
SPC,2025-11-28,2025-11-28,1
SPC,2025-12-24,2025-12-24,1
SPCT,2025-10-16,2025-10-16,1
SPCT,2025-11-20,2025-11-21,2
SPCT,2025-11-28,2025-11-28,1
SPCT,2025-12-26,2025-12-26,1
SPCX,2025-10-30,2025-10-30,1
SPCX,2025-11-04,2025-11-07,4
SPCX,2025-11-12,2025-11-12,1
SPCX,2025-11-19,2025-11-20,2
SPCX,2025-12-01,2025-12-03,3
SPCX,2026-01-02,2026-01-05,4
SPEG,2025-11-13,2025-11-13,1
SPEG,2025-12-15,2025-12-15,1
SPEG,2025-12-22,2025-12-23,2
SPEG,2025-12-29,2025-12-31,3
SPEG,2026-01-05,2026-01-07,3
SPEGR,2025-10-22,2025-10-22,1
SPEGR,2025-10-30,2025-10-30,1
SPEGR,2025-11-03,2025-11-07,5
SPEGR,2025-11-11,2025-11-14,4
SPEGR,2025-11-19,2025-11-19,1
SPEGR,2025-11-25,2025-11-28,4
SPEGR,2025-12-05,2025-12-11,7
SPEGR,2025-12-16,2025-12-26,11
SPEGR,2025-12-31,2026-01-05,6
SPEGU,2025-10-17,2025-11-07,22
SPEGU,2025-11-12,2025-12-18,37
SPEGU,2025-12-22,2026-01-06,16
SPIT,2025-10-22,2025-10-22,1
SPIT,2025-11-10,2025-11-12,3
SPIT,2025-11-24,2025-11-24,1
SPIT,2025-11-28,2025-11-28,1
SPKL,2025-10-21,2025-10-21,1
SPKL,2025-10-31,2025-10-31,1
SPKL,2025-11-05,2025-11-05,1
SPKL,2025-12-08,2025-12-08,1
SPKL,2025-12-15,2025-12-16,2
SPKL,2025-12-24,2025-12-24,1
SPKL,2026-01-02,2026-01-06,5
SPKLU,2025-11-24,2025-12-26,33
SPKLW,2025-10-22,2025-10-22,1
SPKLW,2025-10-30,2026-01-08,71
SPOG,2025-11-21,2025-11-24,4
SPOG,2025-12-26,2025-12-26,1
SPPL,2025-11-07,2025-11-07,1
SPPL,2025-11-20,2025-11-20,1
SPWRW,2025-10-29,2025-10-29,1
SPWRW,2025-11-03,2025-11-06,4
SPWRW,2025-11-28,2025-11-28,1
SPWRW,2025-12-05,2025-12-08,4
SPWRW,2025-12-16,2025-12-19,4
SPWRW,2025-12-24,2025-12-26,3
SPXD,2025-10-21,2025-10-23,3
SPXD,2025-10-28,2025-10-31,4
SPXD,2025-11-10,2025-11-10,1
SPXD,2025-11-17,2025-11-17,1
SPXD,2025-11-28,2025-11-28,1
SPXD,2025-12-04,2025-12-05,2
SPXD,2025-12-10,2025-12-10,1
SPXD,2025-12-15,2025-12-18,4
SPXD,2025-12-22,2025-12-24,3
SPXD,2026-01-06,2026-01-07,2
SPYQ,2025-10-17,2025-10-17,1
SPYQ,2025-10-24,2025-11-03,11
SPYQ,2025-11-28,2025-11-28,1
SPYQ,2025-12-08,2025-12-11,4
SPYQ,2025-12-15,2025-12-15,1
SPYQ,2025-12-26,2025-12-26,1
SQFTP,2026-01-07,2026-01-07,1
SQFTW,2025-10-17,2025-10-17,1
SQFTW,2025-10-21,2025-10-21,1
SQFTW,2025-10-30,2026-01-08,71
SQLV,2025-10-28,2025-10-30,3
SQLV,2025-11-12,2025-11-12,1
SQLV,2025-11-19,2025-11-19,1
SQLV,2025-11-28,2025-11-28,1
SQLV,2025-12-04,2025-12-04,1
SQLV,2025-12-22,2025-12-26,5
SQLV,2025-12-31,2025-12-31,1
SQLV,2026-01-06,2026-01-06,1
SRTAW,2025-11-06,2025-11-06,1
SRTAW,2025-11-14,2025-11-14,1
SRTAW,2025-11-18,2025-11-18,1
SRZNW,2025-10-24,2025-10-24,1
SSBI,2025-10-27,2025-10-27,1
SSBI,2025-11-21,2025-11-21,1
SSBI,2025-12-04,2025-12-04,1
SSEA,2025-10-20,2025-10-22,3
SSEA,2025-10-29,2025-10-29,1
SSEA,2025-11-05,2025-11-13,9
SSEA,2025-11-21,2025-11-28,8
SSEA,2025-12-02,2025-12-08,7
SSEA,2025-12-15,2025-12-26,12
SSEAR,2025-10-17,2025-10-23,7
SSEAR,2025-10-27,2025-11-05,10
SSEAR,2025-11-11,2025-11-14,4
SSEAR,2025-11-18,2025-11-28,11
SSEAR,2025-12-02,2025-12-18,17
SSEAR,2025-12-23,2026-01-06,15
SSEAU,2025-10-16,2025-10-16,1
SSEAU,2025-10-20,2025-11-13,25
SSEAU,2025-11-17,2025-11-21,5
SSEAU,2025-11-25,2025-12-08,14
SSM,2026-01-07,2026-01-07,1
SSSSL,2025-10-17,2025-10-22,6
SSSSL,2025-10-28,2025-10-29,2
SSSSL,2025-11-05,2025-11-05,1
SSSSL,2025-11-14,2025-11-20,7
SSSSL,2025-12-19,2025-12-19,1
SSSSL,2026-01-08,2026-01-08,1
STNC,2025-10-24,2025-10-24,1
STNC,2025-10-28,2025-10-29,2
STNC,2025-11-07,2025-11-10,4
STNC,2025-11-14,2025-11-14,1
STNC,2025-11-18,2025-11-21,4
STNC,2025-12-04,2025-12-04,1
STNC,2025-12-17,2025-12-17,1
STNC,2025-12-24,2025-12-26,3
STRRP,2025-10-17,2025-10-17,1
STRRP,2025-10-21,2025-10-31,11
STRRP,2025-11-05,2025-11-05,1
STRRP,2025-11-11,2025-11-11,1
STRRP,2025-11-20,2025-11-20,1
STRRP,2025-12-12,2025-12-12,1
STRRP,2026-01-05,2026-01-08,4
STRS,2025-11-28,2025-11-28,1
SUPP,2025-10-22,2025-10-24,3
SUPP,2025-10-28,2025-10-31,4
SUPP,2025-11-04,2025-11-05,2
SUPP,2025-11-11,2025-11-20,10
SUPP,2025-11-24,2025-11-26,3
SUPP,2025-12-01,2025-12-02,2
SUPP,2025-12-08,2025-12-10,3
SVAC,2025-11-12,2025-11-12,1
SVAC,2025-11-28,2025-11-28,1
SVAC,2025-12-05,2025-12-05,1
SVAC,2025-12-12,2025-12-12,1
SVAC,2025-12-31,2025-12-31,1
SVAC,2026-01-05,2026-01-08,4
SVACU,2025-10-17,2025-10-17,1
SVACU,2025-10-22,2025-10-24,3
SVACU,2025-10-28,2025-10-30,3
SVACU,2025-11-04,2025-11-13,10
SVACU,2025-11-21,2025-11-21,1
SVACU,2025-11-26,2025-11-28,3
SVACU,2025-12-02,2025-12-04,3
SVACU,2025-12-08,2025-12-12,5
SVACU,2025-12-16,2025-12-26,11
SVACU,2026-01-06,2026-01-08,3
SVACW,2025-10-21,2025-10-24,4
SVACW,2025-11-06,2025-11-06,1
SVACW,2025-11-11,2025-11-13,3
SVACW,2025-11-17,2025-11-21,5
SVACW,2025-11-25,2025-11-26,2
SVACW,2025-12-02,2025-12-05,4
SVACW,2025-12-11,2025-12-22,12
SVACW,2025-12-26,2025-12-30,5
SVACW,2026-01-05,2026-01-05,1
SVCC,2025-10-21,2025-10-30,10
SVCC,2025-11-05,2025-11-14,10
SVCC,2025-11-18,2025-11-18,1
SVCC,2025-11-24,2025-11-28,5
SVCC,2025-12-03,2025-12-05,3
SVCC,2025-12-10,2025-12-12,3
SVCC,2025-12-16,2025-12-16,1
SVCC,2025-12-22,2025-12-26,5
SVCC,2026-01-02,2026-01-07,6
SVCCU,2025-11-03,2025-11-12,10
SVCCU,2025-11-17,2025-11-28,12
SVCCU,2025-12-03,2025-12-08,6
SVCCW,2025-10-22,2025-10-22,1
SVCCW,2025-10-28,2026-01-08,73
SVREW,2025-10-16,2025-10-17,2
SWAGW,2025-10-20,2025-10-23,4
SWAGW,2025-10-30,2026-01-08,71
SWKH,2025-11-28,2025-11-28,1
SWKH,2025-12-24,2025-12-24,1
SWKHL,2025-10-22,2025-10-23,2
SWKHL,2025-11-28,2025-11-28,1
SWKHL,2025-12-05,2025-12-05,1
SWKHL,2025-12-11,2025-12-11,1
SWP,2025-11-28,2025-11-28,1
SWVLW,2025-10-17,2025-10-17,1
SWVLW,2025-10-24,2025-10-24,1
SWVLW,2025-10-30,2026-01-08,71
SXTPW,2025-10-17,2025-10-17,1
SXTPW,2025-10-27,2025-10-27,1
SYZ,2025-10-17,2025-10-17,1
SYZ,2025-10-21,2025-10-21,1
SZZL,2025-10-23,2025-10-24,2
SZZL,2025-10-29,2025-10-31,3
SZZL,2025-11-05,2025-11-07,3
SZZL,2025-11-12,2025-11-12,1
SZZL,2025-11-26,2025-11-26,1
SZZL,2025-12-10,2025-12-10,1
SZZL,2025-12-16,2025-12-17,2
SZZL,2025-12-24,2025-12-26,3
SZZL,2026-01-06,2026-01-06,1
SZZLR,2025-10-16,2025-10-16,1
SZZLR,2025-10-20,2025-10-24,5
SZZLR,2025-10-30,2025-10-30,1
SZZLR,2025-11-03,2025-11-07,5
SZZLR,2025-11-11,2025-11-20,10
SZZLR,2025-11-24,2025-11-26,3
SZZLR,2025-12-10,2025-12-10,1
SZZLR,2025-12-16,2025-12-19,4
SZZLR,2025-12-24,2025-12-26,3
SZZLU,2025-10-16,2025-10-16,1
SZZLU,2025-10-20,2025-10-24,5
SZZLU,2025-10-30,2025-10-30,1
SZZLU,2025-11-05,2025-11-06,2
SZZLU,2025-11-11,2025-11-13,3
SZZLU,2025-11-17,2025-11-28,12
SZZLU,2025-12-02,2025-12-02,1
SZZLU,2025-12-08,2025-12-30,23
TACH,2025-11-05,2025-11-07,3
TACH,2025-11-11,2025-11-14,4
TACH,2025-11-18,2025-11-21,4
TACH,2025-12-03,2025-12-03,1
TACH,2025-12-12,2025-12-15,4
TACH,2025-12-22,2025-12-26,5
TACH,2026-01-02,2026-01-05,4
TACHU,2025-10-16,2025-10-16,1
TACHU,2025-10-22,2025-10-24,3
TACHU,2025-10-31,2025-10-31,1
TACHU,2025-11-05,2025-12-26,52
TACHW,2025-10-21,2025-10-22,2
TACHW,2025-11-10,2025-11-20,11
TACHW,2025-11-24,2025-11-24,1
TACHW,2025-11-28,2025-11-28,1
TACHW,2025-12-04,2025-12-04,1
TACHW,2025-12-17,2025-12-30,14
TACOU,2025-10-20,2025-10-20,1
TACOU,2025-11-28,2025-11-28,1
TACOU,2025-12-05,2025-12-05,1
TACOU,2025-12-18,2025-12-19,2
TACOU,2025-12-24,2025-12-26,3
TACOU,2026-01-02,2026-01-02,1
TACOW,2025-10-24,2025-10-24,1
TACOW,2025-11-19,2025-11-20,2
TACOW,2025-11-26,2025-11-26,1
TACOW,2025-12-03,2025-12-03,1
TACOW,2025-12-10,2025-12-10,1
TACOW,2025-12-15,2025-12-15,1
TACOW,2025-12-30,2025-12-30,1
TACOW,2026-01-07,2026-01-07,1
TALKW,2025-10-30,2026-01-08,71
TAVI,2025-10-17,2025-10-23,7
TAVI,2025-11-03,2025-11-06,4
TAVI,2025-11-10,2025-11-10,1
TAVI,2025-11-14,2025-11-28,15
TAVI,2025-12-02,2025-12-26,25
TAVI,2025-12-30,2026-01-07,9
TAVIR,2025-10-20,2025-10-20,1
TAVIR,2025-10-24,2025-10-24,1
TAVIR,2025-10-31,2025-10-31,1
TAVIR,2025-11-04,2025-11-28,25
TAVIR,2025-12-02,2025-12-04,3
TAVIR,2025-12-08,2025-12-26,19
TAVIR,2025-12-30,2026-01-08,10
TAVIU,2025-12-11,2025-12-17,7
TAX,2025-10-20,2025-11-03,15
TAX,2025-11-07,2025-11-28,22
TAX,2025-12-03,2025-12-12,10
TAX,2025-12-16,2025-12-19,4
TAX,2025-12-23,2025-12-31,9
TAXE,2025-12-01,2025-12-01,1
TAXE,2025-12-10,2025-12-10,1
TAXI,2025-10-23,2025-10-23,1
TAXI,2025-10-31,2025-11-03,4
TAXS,2025-10-23,2025-10-27,5
TAXS,2025-10-31,2025-11-03,4
TAXS,2025-11-07,2025-11-07,1
TAXS,2025-11-14,2025-11-17,4
TAXS,2025-11-24,2025-11-26,3
TAXS,2025-12-19,2025-12-19,1
TAXS,2025-12-23,2025-12-24,2
TAXS,2025-12-29,2025-12-31,3
TAXT,2025-10-23,2025-10-27,5
TAXT,2025-10-31,2025-11-07,8
TAXT,2025-11-28,2025-11-28,1
TAXT,2025-12-04,2025-12-04,1
TAXT,2025-12-19,2025-12-19,1
TAXT,2025-12-23,2025-12-26,4
TAXT,2026-01-02,2026-01-02,1
TAYD,2025-12-02,2025-12-02,1
TBLAW,2025-10-17,2025-10-17,1
TBLAW,2025-10-23,2025-10-23,1
TBMC,2025-10-20,2025-10-20,1
TBMC,2025-10-24,2025-10-31,8
TBMC,2025-11-05,2025-11-05,1
TBMC,2025-11-17,2025-11-19,3
TBMC,2025-11-24,2025-11-24,1
TBMC,2025-12-02,2025-12-08,7
TBMCR,2025-10-20,2025-10-20,1
TBMCR,2025-11-04,2025-11-04,1
TBMCR,2025-11-10,2025-11-10,1
TBMCR,2025-11-24,2025-11-24,1
TBMCR,2025-12-03,2025-12-03,1
TBMCR,2025-12-11,2025-12-11,1
TBMCR,2025-12-19,2025-12-19,1
TBMCR,2025-12-24,2025-12-24,1
TBMCR,2025-12-30,2025-12-30,1
TCBS,2025-10-20,2025-10-27,8
TCBS,2025-11-04,2025-11-04,1
TCBS,2025-11-13,2025-11-13,1
TCBS,2025-11-25,2025-11-25,1
TCBS,2025-12-01,2025-12-01,1
TCBS,2025-12-16,2025-12-16,1
TCBS,2026-01-06,2026-01-07,2
TDAC,2025-10-20,2025-10-24,5
TDAC,2025-10-31,2025-10-31,1
TDAC,2025-11-06,2025-11-06,1
TDAC,2025-11-11,2025-11-28,18
TDAC,2025-12-02,2025-12-04,3
TDAC,2025-12-16,2025-12-18,3
TDAC,2025-12-22,2026-01-06,16
TDACW,2025-10-17,2025-10-17,1
TDACW,2025-10-24,2025-10-24,1
TDACW,2025-10-30,2026-01-08,71
TDWD,2025-12-22,2025-12-22,1
TDWDR,2025-12-12,2025-12-12,1
TDWDR,2025-12-19,2025-12-19,1
TDWDR,2025-12-24,2025-12-26,3
TDWDR,2026-01-07,2026-01-08,2
TECTP,2025-10-17,2025-10-23,7
TECTP,2025-11-13,2025-11-13,1
TECTP,2025-11-21,2025-11-21,1
TECTP,2025-11-26,2025-11-26,1
TECTP,2025-12-10,2025-12-12,3
TECTP,2025-12-16,2025-12-17,2
TECTP,2025-12-23,2025-12-24,2
TEKX,2025-10-21,2025-10-23,3
TEKX,2025-10-28,2025-10-30,3
TEKX,2025-11-03,2025-11-13,11
TEKX,2025-11-21,2025-11-21,1
TEKX,2025-11-28,2025-12-01,4
TEKX,2025-12-05,2025-12-05,1
TEKX,2025-12-10,2025-12-10,1
TEKX,2025-12-18,2025-12-18,1
TEKX,2025-12-23,2025-12-23,1
TEKY,2025-11-19,2025-11-24,6
TEKY,2025-11-28,2025-12-18,21
TEKY,2025-12-22,2025-12-26,5
TEKY,2026-01-06,2026-01-06,1
TEXN,2025-11-06,2025-11-06,1
TEXN,2025-11-13,2025-11-13,1
TEXN,2025-11-17,2025-11-17,1
TEXN,2025-12-04,2025-12-04,1
TEXN,2025-12-12,2025-12-26,15
TEXN,2025-12-30,2025-12-30,1
TEXN,2026-01-07,2026-01-07,1
TFNS,2025-10-20,2025-10-28,9
TFNS,2025-11-07,2025-11-11,5
TFNS,2025-11-17,2025-11-17,1
TFNS,2025-11-28,2025-11-28,1
TFNS,2025-12-10,2025-12-19,10
TFNS,2025-12-26,2025-12-26,1
TFNS,2026-01-02,2026-01-08,7
THCH,2025-10-21,2025-10-23,3
THCH,2025-11-10,2025-11-10,1
THRV,2025-10-28,2025-10-28,1
THRV,2025-11-05,2025-11-07,3
THRV,2025-11-11,2025-11-11,1
THRV,2025-11-21,2025-11-21,1
THRV,2025-11-28,2025-11-28,1
THRV,2025-12-03,2025-12-03,1
THRV,2025-12-08,2025-12-08,1
THRV,2025-12-15,2025-12-18,4
THRV,2025-12-30,2025-12-30,1
THRV,2026-01-06,2026-01-06,1
THYM,2025-11-28,2025-11-28,1
THYM,2025-12-03,2025-12-03,1
THYM,2025-12-16,2025-12-22,7
THYM,2025-12-30,2026-01-02,4
THYM,2026-01-06,2026-01-07,2
TKLF,2025-11-28,2025-11-28,1
TLF,2026-01-06,2026-01-06,1
TLNC,2025-10-27,2025-10-27,1
TLNC,2025-11-06,2025-11-06,1
TLNC,2025-11-10,2025-11-10,1
TLNC,2025-11-28,2025-11-28,1
TLNC,2025-12-05,2025-12-05,1
TLNC,2025-12-11,2025-12-11,1
TLNC,2025-12-18,2025-12-19,2
TLNC,2025-12-26,2025-12-30,5
TLNCU,2025-10-21,2025-10-24,4
TLNCU,2025-10-30,2025-10-31,2
TLNCU,2025-11-06,2025-11-07,2
TLNCU,2025-11-12,2025-11-13,2
TLNCU,2025-12-01,2025-12-11,11
TLNCU,2025-12-15,2025-12-15,1
TLNCU,2025-12-19,2025-12-31,13
TLNCU,2026-01-06,2026-01-06,1
TLNCW,2025-10-23,2025-10-23,1
TLNCW,2025-10-27,2025-10-27,1
TLNCW,2025-11-13,2025-11-14,2
TLNCW,2025-11-18,2025-11-20,3
TLNCW,2025-11-24,2025-11-28,5
TLNCW,2025-12-03,2025-12-04,2
TLNCW,2025-12-10,2025-12-11,2
TLNCW,2025-12-15,2025-12-16,2
TLSIW,2025-10-22,2025-10-28,7
TMCWW,2025-10-30,2026-01-08,71
TMED,2025-10-16,2025-10-16,1
TMED,2025-11-28,2025-11-28,1
TMED,2025-12-15,2025-12-15,1
TMET,2025-10-20,2025-10-20,1
TMET,2025-11-06,2025-11-06,1
TMET,2025-11-11,2025-11-11,1
TMNL,2025-12-10,2025-12-12,3
TMNL,2025-12-16,2025-12-24,9
TMNL,2025-12-29,2026-01-07,10
TMNS,2025-11-25,2025-12-12,18
TMNS,2025-12-16,2025-12-26,11
TMNS,2025-12-30,2026-01-02,4
TMNS,2026-01-06,2026-01-06,1
TMSF,2025-12-01,2025-12-04,4
TMSF,2025-12-08,2025-12-08,1
TMSF,2025-12-24,2025-12-26,3
TMSF,2025-12-30,2025-12-30,1
TMSF,2026-01-05,2026-01-05,1
TNONW,2025-10-27,2026-01-08,74
TOIIW,2025-10-17,2025-10-21,5
TOIIW,2025-10-30,2026-01-08,71
TPLS,2025-10-17,2025-10-17,1
TPLS,2025-10-24,2025-10-24,1
TPLS,2025-11-07,2025-11-07,1
TPLS,2025-11-14,2025-11-14,1
TPLS,2025-11-26,2025-11-26,1
TPLS,2025-12-08,2025-12-08,1
TRBF,2025-10-20,2025-10-21,2
TRBF,2025-11-11,2025-11-11,1
TRIL,2025-11-24,2025-11-24,1
TRIL,2025-11-28,2025-11-28,1
TRSG,2025-11-26,2025-11-26,1
TRSG,2025-12-03,2025-12-03,1
TRSG,2026-01-02,2026-01-02,1
TTSH,2025-12-29,2026-01-02,5
TUG,2025-11-28,2025-11-28,1
TUG,2025-12-04,2025-12-04,1
TUG,2025-12-19,2025-12-19,1
TUG,2025-12-23,2025-12-24,2
TURF,2025-10-16,2025-10-17,2
TURF,2025-10-23,2025-10-30,8
TURF,2025-11-03,2025-11-06,4
TURF,2025-11-11,2025-11-13,3
TURF,2025-11-18,2025-11-18,1
TVACU,2025-10-17,2025-10-22,6
TVACU,2025-10-28,2025-12-11,45
TVACU,2025-12-15,2026-01-06,23
TVACW,2025-10-30,2025-12-17,49
TVACW,2025-12-22,2025-12-24,3
TVACW,2025-12-29,2026-01-08,11
TVAI,2025-10-16,2025-10-23,8
TVAI,2025-10-28,2025-11-07,11
TVAI,2025-11-11,2025-11-13,3
TVAI,2025-11-17,2025-11-28,12
TVAI,2025-12-03,2025-12-11,9
TVAI,2025-12-15,2025-12-16,2
TVAI,2025-12-22,2025-12-26,5
TVAI,2025-12-30,2026-01-02,4
TVAIR,2025-10-20,2025-10-30,11
TVAIR,2025-11-03,2025-11-03,1
TVAIR,2025-11-10,2025-11-20,11
TVAIR,2025-11-24,2025-11-28,5
TVAIR,2025-12-02,2025-12-29,28
TVAIU,2025-10-16,2025-10-16,1
TVAIU,2025-10-20,2025-10-30,11
TVAIU,2025-11-04,2025-11-14,11
TVAIU,2025-11-20,2025-11-28,9
TVAIU,2025-12-02,2025-12-05,4
TVAIU,2025-12-10,2025-12-18,9
TVAIU,2025-12-22,2025-12-29,8
TVGNW,2025-10-27,2026-01-08,74
TWLVU,2025-12-24,2025-12-26,3
TXUG,2025-10-16,2025-10-23,8
TXUG,2025-10-27,2025-10-31,5
TXUG,2025-11-04,2025-11-07,4
TXUG,2025-11-11,2025-11-14,4
TXUG,2025-11-18,2025-11-28,11
TXUG,2025-12-02,2025-12-19,18
TXUG,2025-12-23,2026-01-02,11
TXUG,2026-01-06,2026-01-06,1
UCL,2025-12-11,2025-12-11,1
UCRD,2025-10-16,2025-12-04,50
UCRD,2025-12-08,2025-12-11,4
UCRD,2025-12-15,2025-12-15,1
UCYB,2025-10-20,2025-10-20,1
UCYB,2025-10-24,2025-10-24,1
UCYB,2025-10-31,2025-10-31,1
UCYB,2025-11-11,2025-11-13,3
UCYB,2025-11-18,2025-12-18,31
UCYB,2025-12-23,2025-12-24,2
UCYB,2025-12-29,2025-12-29,1
UEVM,2025-12-31,2025-12-31,1
UHGWW,2025-10-30,2026-01-08,71
ULVM,2025-10-16,2025-10-16,1
ULVM,2025-10-21,2025-10-23,3
ULVM,2025-10-28,2025-11-05,9
ULVM,2025-11-20,2025-11-20,1
ULVM,2025-11-26,2025-11-28,3
ULVM,2025-12-03,2025-12-05,3
ULVM,2025-12-10,2025-12-10,1
ULVM,2025-12-15,2025-12-15,1
ULVM,2025-12-23,2025-12-26,4
ULVM,2025-12-31,2025-12-31,1
UNB,2025-11-28,2025-11-28,1
UNB,2026-01-02,2026-01-02,1
UNIY,2025-10-30,2025-10-30,1
UNIY,2025-11-05,2025-11-17,13
UNIY,2025-11-24,2025-11-28,5
UNIY,2025-12-04,2025-12-08,5
UNIY,2025-12-12,2026-01-02,22
UOKA,2025-10-29,2025-10-29,1
UPGR,2025-10-21,2025-10-24,4
UPGR,2025-10-30,2025-10-30,1
UPGR,2025-11-10,2025-11-11,2
UPGR,2025-12-11,2025-12-11,1
UPGR,2025-12-18,2025-12-19,2
UPGR,2025-12-23,2025-12-24,2
UPGR,2025-12-29,2025-12-31,3
UPSG,2025-12-15,2025-12-16,2
UPSG,2025-12-26,2025-12-26,1
UPSG,2025-12-30,2025-12-30,1
USAF,2025-11-04,2025-11-04,1
USAF,2025-11-13,2025-11-13,1
USAF,2025-11-19,2025-11-19,1
USAF,2025-12-03,2025-12-03,1
USAF,2025-12-10,2025-12-10,1
USAF,2025-12-15,2025-12-18,4
USAF,2025-12-29,2025-12-29,1
USAF,2026-01-07,2026-01-07,1
USCL,2025-10-16,2025-10-31,16
USCL,2025-11-10,2025-11-13,4
USCL,2025-11-18,2025-11-20,3
USCL,2025-11-26,2025-12-08,13
USCL,2025-12-12,2025-12-26,15
USCL,2025-12-30,2025-12-30,1
USCL,2026-01-06,2026-01-07,2
USFI,2025-11-06,2025-11-17,12
USFI,2025-11-24,2025-11-26,3
USFI,2025-12-01,2025-12-04,4
USFI,2025-12-08,2025-12-15,8
USFI,2025-12-19,2025-12-22,4
USFI,2025-12-26,2026-01-05,11
USGOW,2025-11-12,2025-11-12,1
USIN,2025-10-23,2025-10-27,5
USIN,2025-10-31,2025-11-06,7
USIN,2025-11-10,2025-11-28,19
USIN,2025-12-03,2025-12-03,1
USIN,2025-12-10,2025-12-12,3
USIN,2025-12-16,2025-12-17,2
USIN,2025-12-24,2025-12-24,1
USIN,2025-12-29,2025-12-29,1
USIN,2026-01-02,2026-01-02,1
USIN,2026-01-06,2026-01-06,1
USRD,2025-12-05,2026-01-08,35
USSH,2025-11-05,2025-11-05,1
USSH,2025-11-10,2025-11-17,8
USSH,2025-11-28,2025-11-28,1
USSH,2025-12-02,2025-12-05,4
USSH,2025-12-17,2025-12-19,3
USSH,2026-01-06,2026-01-06,1
USVN,2025-10-20,2025-10-20,1
USVN,2025-10-28,2025-10-28,1
USVN,2025-11-05,2025-11-07,3
USVN,2025-11-12,2025-11-14,3
USVN,2025-11-18,2025-11-18,1
USVN,2025-11-26,2025-11-28,3
USVN,2025-12-03,2025-12-03,1
USVN,2025-12-15,2025-12-15,1
USVN,2025-12-22,2025-12-22,1
USVN,2026-01-08,2026-01-08,1
UTRE,2025-10-23,2025-10-23,1
UTRE,2025-11-07,2025-11-07,1
UTRE,2025-11-17,2025-11-17,1
UTRE,2025-11-25,2025-11-25,1
UTRE,2025-12-01,2025-12-01,1
UTRE,2025-12-19,2025-12-19,1
UTRE,2026-01-08,2026-01-08,1
UTSI,2025-11-04,2025-11-06,3
UTSI,2025-11-11,2025-11-12,2
UTSI,2025-11-18,2025-11-18,1
UTSI,2025-12-02,2025-12-02,1
UTSI,2025-12-15,2025-12-15,1
UTSI,2025-12-24,2025-12-24,1
UTSI,2026-01-02,2026-01-02,1
UTWY,2025-10-21,2025-10-21,1
UTWY,2025-10-28,2025-10-28,1
UTWY,2025-11-13,2025-11-14,2
UTWY,2025-11-19,2025-11-20,2
UTWY,2025-11-28,2025-11-28,1
UTWY,2025-12-11,2025-12-11,1
UTWY,2025-12-16,2025-12-18,3
UYSC,2025-10-21,2025-10-23,3
UYSC,2025-10-27,2025-10-27,1
UYSC,2025-11-06,2025-11-06,1
UYSC,2025-11-11,2025-11-18,8
UYSC,2026-01-07,2026-01-07,1
UYSCR,2025-11-10,2025-11-26,17
UYSCR,2025-12-01,2025-12-12,12
UYSCR,2025-12-16,2025-12-22,7
UYSCU,2025-12-03,2025-12-08,6
VABK,2025-11-03,2025-11-03,1
VABK,2025-12-05,2025-12-05,1
VABK,2025-12-23,2025-12-26,4
VACH,2025-10-22,2025-10-24,3
VACH,2025-10-28,2025-10-28,1
VACH,2025-11-03,2025-11-06,4
VACH,2025-11-11,2025-11-13,3
VACH,2025-11-18,2025-11-18,1
VACH,2026-01-07,2026-01-07,1
VACHU,2025-10-23,2025-11-06,15
VACHU,2025-11-10,2025-12-31,52
VACHU,2026-01-06,2026-01-06,1
VACHW,2025-10-21,2025-10-23,3
VACHW,2025-10-30,2026-01-08,71
VALG,2025-12-29,2026-01-05,8
VALU,2025-10-17,2025-10-17,1
VALU,2025-11-11,2025-11-11,1
VALU,2026-01-07,2026-01-07,1
VBIX,2025-10-21,2025-10-21,1
VCIC,2025-11-24,2025-11-24,1
VCIC,2025-12-24,2025-12-24,1
VCICU,2025-10-16,2025-10-24,9
VCICU,2025-10-31,2025-11-26,27
VCICU,2025-12-02,2025-12-22,21
VCICW,2025-10-29,2026-01-08,72
VEEAW,2025-10-24,2026-01-08,77
VFSWW,2025-10-17,2025-10-17,1
VFSWW,2025-10-24,2025-10-24,1
VFSWW,2025-10-28,2025-10-28,1
VGAS,2025-10-20,2025-10-20,1
VGAS,2025-10-28,2025-10-28,1
VGAS,2025-11-07,2025-11-07,1
VGAS,2025-11-17,2025-11-17,1
VGASW,2025-10-27,2026-01-08,74
VHCPU,2025-12-26,2025-12-26,1
VHCPU,2025-12-30,2025-12-30,1
VIASP,2025-12-05,2025-12-05,1
VIVK,2025-12-26,2025-12-26,1
VLYPP,2025-10-30,2025-10-31,2
VLYPP,2025-11-04,2025-11-04,1
VLYPP,2025-11-19,2025-11-19,1
VLYPP,2025-12-10,2025-12-10,1
VNME,2025-10-21,2025-10-21,1
VNME,2025-11-04,2025-11-04,1
VNME,2025-11-14,2025-11-14,1
VNME,2025-11-19,2025-11-19,1
VNME,2025-12-08,2025-12-08,1
VNME,2025-12-15,2026-01-02,19
VNME,2026-01-06,2026-01-06,1
VNMEU,2025-10-20,2025-10-27,8
VNMEU,2025-10-31,2025-11-13,14
VNMEU,2025-11-17,2025-11-21,5
VNMEU,2025-11-25,2026-01-06,43
VNMEW,2025-10-17,2025-11-07,22
VNMEW,2025-11-12,2025-11-19,8
VNMEW,2025-11-28,2025-11-28,1
VNMEW,2025-12-02,2025-12-19,18
VNMEW,2025-12-24,2026-01-05,13
VRM,2025-10-30,2025-10-30,1
VRM,2025-11-05,2025-11-07,3
VRM,2025-11-26,2025-11-26,1
VRM,2025-12-04,2025-12-04,1
VSEEW,2025-10-30,2026-01-08,71
VSSYW,2025-10-16,2025-10-27,12
VTVT,2025-10-30,2025-10-30,1
WABF,2025-10-17,2025-10-17,1
WABF,2025-10-21,2025-10-24,4
WABF,2025-10-28,2025-11-03,7
WABF,2025-11-11,2025-11-13,3
WABF,2025-11-18,2025-11-19,2
WABF,2025-11-25,2025-11-25,1
WABF,2025-12-03,2025-12-03,1
WABF,2025-12-16,2025-12-18,3
WABF,2025-12-23,2025-12-26,4
WABF,2025-12-30,2026-01-02,4
WDAF,2025-10-16,2025-10-16,1
WDAF,2025-10-21,2025-10-21,1
WDAF,2025-10-30,2025-10-30,1
WDAF,2025-11-03,2025-11-03,1
WDAF,2025-11-17,2025-11-18,2
WDAF,2025-12-15,2025-12-15,1
WDGF,2025-10-17,2025-10-17,1
WDGF,2025-10-21,2025-10-21,1
WDGF,2025-10-29,2025-10-29,1
WDGF,2025-11-05,2025-11-06,2
WDGF,2025-11-12,2025-11-18,7
WDGF,2025-11-25,2025-12-01,7
WDGF,2025-12-10,2025-12-10,1
WDGF,2025-12-18,2025-12-19,2
WDGF,2025-12-24,2025-12-26,3
WDGF,2025-12-31,2025-12-31,1
WENN,2025-10-23,2025-10-23,1
WENN,2025-11-05,2025-11-05,1
WENN,2025-11-13,2025-11-13,1
WENN,2025-12-26,2025-12-26,1
WENNU,2025-10-17,2025-10-24,8
WENNU,2025-11-05,2025-11-07,3
WENNU,2025-11-11,2025-11-13,3
WENNU,2025-12-16,2025-12-19,4
WENNU,2026-01-02,2026-01-07,6
WENNW,2025-10-16,2025-10-16,1
WENNW,2025-10-21,2025-10-27,7
WENNW,2025-11-03,2025-11-05,3
WENNW,2025-11-11,2025-11-14,4
WENNW,2025-12-12,2025-12-12,1
WENNW,2025-12-22,2025-12-24,3
WENNW,2026-01-08,2026-01-08,1
WFCF,2025-10-23,2025-10-23,1
WFCF,2025-11-04,2025-11-05,2
WFCF,2025-11-10,2025-11-11,2
WFCF,2025-11-21,2025-11-21,1
WFCF,2025-11-28,2025-11-28,1
WFCF,2025-12-24,2025-12-24,1
WFCF,2026-01-08,2026-01-08,1
WGSWW,2025-10-30,2026-01-08,71
WHFCL,2025-11-05,2025-11-05,1
WHFCL,2025-11-14,2025-11-14,1
WHFCL,2026-01-06,2026-01-06,1
WHLRD,2025-10-22,2025-10-22,1
WHLRD,2025-10-29,2025-10-29,1
WHLRD,2025-11-13,2025-11-14,2
WHLRD,2025-11-24,2025-11-28,5
WHLRD,2025-12-04,2025-12-04,1
WHLRD,2025-12-10,2025-12-10,1
WHLRD,2025-12-16,2025-12-19,4
WHLRD,2025-12-26,2025-12-29,4
WHLRD,2026-01-05,2026-01-05,1
WHLRL,2025-11-17,2025-11-19,3
WHLRL,2025-11-25,2025-11-28,4
WHLRL,2025-12-02,2025-12-08,7
WHLRL,2025-12-15,2025-12-19,5
WHLRL,2025-12-24,2025-12-30,7
WHLRL,2026-01-05,2026-01-06,2
WHLRP,2025-10-17,2025-10-17,1
WHLRP,2025-11-12,2025-11-14,3
WHLRP,2025-11-20,2025-11-20,1
WHLRP,2025-11-24,2025-11-28,5
WILC,2025-11-07,2025-11-07,1
WLACU,2025-10-17,2025-10-22,6
WLACU,2025-10-27,2025-11-17,22
WLACU,2025-11-21,2025-12-12,22
WLACU,2025-12-19,2026-01-05,18
WLACW,2025-10-30,2026-01-08,71
WLDSW,2025-10-21,2025-10-21,1
WLDSW,2025-10-27,2026-01-08,74
WRND,2025-10-16,2025-10-16,1
WRND,2025-10-20,2025-10-24,5
WRND,2025-10-28,2025-11-05,9
WRND,2025-11-11,2025-11-13,3
WRND,2025-11-18,2025-11-18,1
WRND,2025-11-26,2025-12-01,6
WRND,2025-12-08,2025-12-08,1
WRND,2025-12-15,2025-12-26,12
WRND,2025-12-31,2025-12-31,1
WRND,2026-01-06,2026-01-06,1
WSBK,2025-11-04,2025-11-07,4
WSGE,2025-12-16,2025-12-18,3
WSGE,2025-12-22,2026-01-07,17
WSHP,2025-12-10,2025-12-11,2
WSML,2025-10-23,2025-10-23,1
WSML,2025-10-27,2025-10-30,4
WSML,2025-11-06,2025-11-07,2
WSML,2025-11-11,2025-11-11,1
WSML,2025-11-18,2025-11-20,3
WSML,2025-11-25,2025-11-25,1
WSML,2025-12-11,2025-12-11,1
WSML,2025-12-24,2025-12-24,1
WTG,2025-10-23,2025-10-23,1
WTG,2025-10-29,2025-11-06,9
WTG,2025-11-10,2025-11-17,8
WTG,2025-11-21,2025-11-28,8
WTG,2025-12-02,2025-12-03,2
WTG,2025-12-12,2025-12-12,1
WTG,2025-12-16,2025-12-16,1
WTG,2025-12-23,2026-01-08,17
WTGUR,2025-10-17,2025-10-23,7
WTGUR,2025-10-30,2025-11-06,8
WTGUR,2025-11-17,2025-11-20,4
WTGUR,2025-11-25,2025-12-05,11
WTGUR,2025-12-12,2025-12-12,1
WTGUR,2025-12-17,2025-12-19,3
WTGUR,2025-12-23,2026-01-05,14
WTGUU,2025-11-21,2025-12-04,14
WTGUU,2025-12-08,2025-12-08,1
WTIP,2025-10-20,2025-10-23,4
WTIP,2025-10-29,2025-10-29,1
WTIP,2025-11-12,2025-11-13,2
WTIP,2025-11-19,2025-11-20,2
WTMU,2025-10-20,2025-10-24,5
WTMU,2025-10-31,2025-11-07,8
WTMU,2025-11-11,2025-11-13,3
WTMU,2025-11-17,2025-11-19,3
WTMU,2025-11-24,2025-12-04,11
WTMU,2025-12-08,2025-12-12,5
WTMU,2025-12-17,2025-12-23,7
WTMU,2026-01-06,2026-01-06,1
WTMY,2025-10-29,2025-11-13,16
WTMY,2025-11-17,2025-12-04,18
WTMY,2025-12-08,2025-12-11,4
WTMY,2025-12-15,2025-12-26,12
WVVIP,2025-10-16,2025-10-16,1
WVVIP,2025-11-05,2025-11-05,1
WVVIP,2025-11-18,2025-11-20,3
XBPEW,2025-10-20,2026-01-08,81
XCNY,2025-10-20,2025-10-20,1
XCNY,2025-10-24,2025-10-24,1
XCNY,2025-10-29,2025-11-06,9
XCNY,2025-11-13,2025-11-13,1
XCNY,2025-11-17,2025-11-20,4
XCNY,2025-11-24,2025-12-01,8
XCNY,2025-12-11,2025-12-17,7
XCNY,2025-12-22,2025-12-22,1
XCNY,2025-12-26,2025-12-26,1
XCNY,2026-01-07,2026-01-08,2
XFIX,2025-10-17,2025-10-17,1
XFIX,2025-11-03,2025-11-07,5
XFIX,2025-11-11,2025-11-13,3
XFIX,2025-11-20,2025-11-20,1
XFIX,2025-11-24,2025-11-28,5
XFIX,2025-12-02,2025-12-03,2
XFIX,2025-12-08,2025-12-12,5
XFIX,2025-12-16,2025-12-19,4
XFIX,2025-12-23,2025-12-26,4
XHG,2025-12-18,2025-12-18,1
XOMAO,2025-10-22,2025-10-22,1
XOMAP,2025-10-21,2025-10-22,2
XOMAP,2025-10-29,2025-10-29,1
XOMAP,2025-11-07,2025-11-07,1
XOMAP,2025-11-14,2025-11-14,1
XOMAP,2025-11-18,2025-11-18,1
XOMAP,2025-11-25,2025-11-28,4
XOMAP,2025-12-10,2025-12-10,1
XOMAP,2025-12-15,2025-12-18,4
XOMAP,2025-12-23,2025-12-24,2
XOMZ,2025-11-14,2025-11-14,1
XOMZ,2025-11-18,2025-11-21,4
XOMZ,2025-11-25,2025-11-26,2
XOMZ,2025-12-01,2025-12-03,3
XOMZ,2025-12-19,2025-12-19,1
XOMZ,2025-12-24,2025-12-26,3
XOSWW,2025-10-30,2026-01-08,71
XPM,2025-10-31,2025-10-31,1
XPM,2025-11-07,2025-11-07,1
XPM,2025-11-13,2025-11-14,2
XPM,2025-11-18,2025-11-20,3
XPM,2025-11-24,2025-12-12,19
XPM,2025-12-19,2025-12-19,1
XRPNU,2025-11-10,2025-11-12,3
XRPNU,2025-11-18,2025-11-18,1
XRPNU,2025-11-25,2025-11-25,1
XRPNU,2025-12-01,2025-12-05,5
XRPNU,2025-12-10,2025-12-11,2
XRPNU,2025-12-15,2025-12-18,4
XRPNU,2025-12-22,2025-12-26,5
YHGJ,2025-11-24,2025-11-24,1
YHGJ,2025-12-03,2025-12-03,1
YHGJ,2026-01-05,2026-01-05,1
YHNA,2025-10-16,2025-10-31,16
YHNA,2025-11-05,2025-11-06,2
YHNA,2025-11-13,2025-11-14,2
YHNA,2025-11-18,2025-11-19,2
YHNA,2025-11-24,2025-11-24,1
YHNA,2025-11-28,2025-12-08,11
YHNA,2025-12-12,2025-12-12,1
YHNA,2025-12-16,2025-12-19,4
YHNA,2025-12-24,2026-01-06,14
YHNAR,2025-10-22,2025-10-24,3
YHNAR,2025-10-28,2025-10-31,4
YHNAR,2025-11-05,2025-11-21,17
YHNAR,2025-11-25,2025-12-04,10
YHNAR,2025-12-10,2025-12-12,3
YHNAR,2025-12-16,2025-12-26,11
YHNAR,2025-12-30,2026-01-02,4
YHNAU,2025-11-24,2025-12-22,29
YJ,2025-11-14,2025-11-14,1
YJ,2025-11-25,2025-11-25,1
YJ,2025-12-03,2025-12-03,1
YJ,2025-12-12,2025-12-12,1
YJ,2025-12-18,2025-12-18,1
YOKE,2025-10-17,2025-10-17,1
YOKE,2025-11-13,2025-11-13,1
YOKE,2025-11-28,2025-11-28,1
YOKE,2026-01-07,2026-01-07,1
YXT,2025-12-10,2025-12-10,1
ZBAI,2025-11-13,2025-11-13,1
ZBAI,2025-12-01,2025-12-01,1
ZEOWW,2025-10-30,2026-01-08,71
ZIVO,2025-10-21,2025-10-24,4
ZIVO,2025-10-31,2025-10-31,1
ZIVO,2025-11-10,2025-11-12,3
ZIVO,2025-11-17,2025-11-18,2
ZIVO,2025-11-25,2025-11-28,4
ZIVO,2025-12-08,2025-12-09,2
ZIVO,2025-12-16,2025-12-19,4
ZIVO,2025-12-23,2025-12-23,1
ZIVO,2026-01-05,2026-01-05,1
ZJZZT,2025-10-21,2025-10-24,4
ZJZZT,2025-10-28,2025-10-31,4
ZJZZT,2025-11-04,2025-11-07,4
ZJZZT,2025-11-11,2025-11-14,4
ZJZZT,2025-11-18,2025-11-21,4
ZJZZT,2025-11-25,2025-11-28,4
ZJZZT,2025-12-02,2025-12-05,4
ZJZZT,2025-12-10,2025-12-12,3
ZJZZT,2025-12-16,2025-12-19,4
ZJZZT,2025-12-23,2025-12-26,4
ZJZZT,2025-12-30,2026-01-02,4
ZJZZT,2026-01-06,2026-01-06,1
ZMUN,2025-10-24,2025-10-24,1
ZMUN,2025-11-11,2025-11-20,10
ZMUN,2025-11-26,2025-11-28,3
ZMUN,2025-12-04,2025-12-04,1
ZMUN,2025-12-08,2025-12-19,12
ZMUN,2025-12-23,2025-12-24,2
ZMUN,2025-12-31,2025-12-31,1
ZMUN,2026-01-05,2026-01-05,1
ZOOZW,2025-10-30,2026-01-08,71
ZTEN,2025-10-17,2025-10-17,1
ZTEN,2025-10-27,2025-10-27,1
ZTEN,2025-11-07,2025-11-07,1
ZTEN,2025-11-11,2025-11-14,4
ZTEN,2025-11-25,2025-11-28,4
ZTEN,2025-12-02,2025-12-03,2
ZTEN,2025-12-16,2025-12-16,1
ZTOP,2025-10-20,2025-10-23,4
ZTOP,2025-10-27,2025-10-30,4
ZTOP,2025-11-03,2025-11-07,5
ZTOP,2025-11-13,2025-11-13,1
ZTOP,2025-11-17,2025-11-21,5
ZTOP,2025-11-26,2025-11-28,3
ZTOP,2025-12-02,2025-12-04,3
ZTOP,2025-12-10,2025-12-19,10
ZTOP,2025-12-23,2025-12-26,4
ZTOP,2026-01-02,2026-01-05,4
ZTRE,2025-10-24,2025-10-24,1
ZTRE,2025-10-29,2025-10-30,2
ZTRE,2025-11-05,2025-11-07,3
ZTRE,2025-11-11,2025-11-11,1
ZTRE,2025-11-17,2025-11-17,1
ZTRE,2025-11-25,2025-11-25,1
ZTRE,2025-12-04,2025-12-05,2
ZTRE,2025-12-16,2025-12-16,1
ZTRE,2026-01-08,2026-01-08,1
ZTWO,2025-10-20,2025-10-21,2
ZTWO,2025-10-29,2025-10-29,1
ZTWO,2025-11-03,2025-11-07,5
ZTWO,2025-11-14,2025-11-17,4
ZTWO,2025-11-25,2025-11-25,1
ZTWO,2025-12-03,2025-12-04,2
ZTWO,2025-12-11,2025-12-12,2
ZTWO,2025-12-16,2025-12-19,4
ZTWO,2025-12-23,2025-12-23,1
ZTWO,2025-12-30,2025-12-30,1
ZWZZT,2025-10-21,2025-10-24,4
ZWZZT,2025-10-28,2025-10-31,4
ZWZZT,2025-11-04,2025-11-07,4
ZWZZT,2025-11-11,2025-11-14,4
ZWZZT,2025-11-18,2025-11-21,4
ZWZZT,2025-11-25,2025-11-28,4
ZWZZT,2025-12-02,2025-12-05,4
ZWZZT,2025-12-11,2025-12-12,2
ZWZZT,2025-12-16,2025-12-19,4
ZWZZT,2025-12-23,2025-12-26,4
ZWZZT,2025-12-30,2026-01-02,4
ZXZZT,2025-10-29,2025-10-29,1
ZXZZT,2025-11-25,2025-12-03,9
ZXZZT,2025-12-11,2025-12-11,1
ZXZZT,2025-12-26,2025-12-26,1
ZXZZT,2025-12-30,2025-12-31,2
