day_idx,col_idx,exit_type_code,exit_price,shares,pnl,entry_day_idx,initial_risk,context_rvol,context_adr,context_volume,entry_score,stop_loss,tp1_target,tp2_target,exit_date,entry_date,symbol,exit_phase,monetary_risk,adjusted_risk_dollars,base_risk_dollars,context_vol,return_pct,entry_price,context_dollar_vol,signal_type,dist_sma20_pct,pattern_confidence,pattern_type,pattern_bonus,stop_distance,stop_distance_pct,risk_per_share,r_multiple,outcome,is_big_win,is_big_loss
17.0,2.0,0.0,57.16829299926758,190.0,-1230.6671905517578,15.0,1000.0,0.7514509558677673,2.656637191772461,4969300.0,0.5,58.4014778137207,70.20050048828125,79.37751770019531,2019-01-28,2019-01-24,ABBV,STOP,1000.0,1000.0,1000.0,4969300.0,-10.176991123921837,63.64548873901367,316273527.19078064,ANY,-2.1219875812530518,0.0,NONE,0.0,5.2631578947368425,8.269490892463853,5.2631578947368425,-1.2306671905517579,LOSS,False,True
28.0,5.0,1.0,91.5469970703125,52.0,425.905517578125,15.0,1000.0,0.6186257004737854,3.0685837268829346,1590400.0,0.5,77.10252380371094,91.17398071289062,102.11845397949219,2019-02-12,2019-01-24,ADI,TP1,1000.0,1000.0,1000.0,1590400.0,9.825856530618072,83.35650634765625,132570187.6953125,ANY,8.916173934936523,0.0,NONE,0.0,19.23076923076923,23.070507718453513,19.23076923076923,0.425905517578125,WIN,False,False
29.0,3.0,1.0,30.390716552734375,151.0,453.73068046569824,15.0,1000.0,0.7685673832893372,2.831805467605591,802100.0,0.5,25.21250343322754,30.10259437561035,33.90599822998047,2019-02-13,2019-01-24,ACGL,TP1,1000.0,1000.0,1000.0,802100.0,10.972220742220047,27.38587760925293,21966212.430381775,ANY,6.245619297027588,0.0,NONE,0.0,6.622516556291391,24.182232356336193,6.622516556291391,0.45373068046569826,WIN,False,False
36.0,0.0,1.0,75.42218780517578,60.0,408.6456298828125,15.0,1000.0,1.0013724565505981,2.4911038875579834,2050300.0,0.5,63.162818908691406,75.42218780517578,84.9572525024414,2019-02-25,2019-01-24,A,TP1,1000.0,1000.0,1000.0,2050300.0,9.926568744240683,68.6114273071289,140674009.4078064,ANY,5.216791152954102,0.0,NONE,0.0,16.666666666666668,24.291386028249782,16.666666666666668,0.4086456298828125,WIN,False,False
70.0,9.0,1.0,39.394493103027344,115.0,410.8048439025879,15.0,1000.0,0.8184986710548401,2.9161264896392822,4165000.0,0.5,32.96450424194336,39.394493103027344,44.395591735839844,2019-04-12,2019-01-24,AIG,TP1,1000.0,1000.0,1000.0,4165000.0,9.972051824192183,35.8222770690918,149199783.99276733,ANY,4.23978328704834,0.0,NONE,0.0,8.695652173913043,24.27442609843424,8.695652173913043,0.41080484390258787,WIN,False,False
70.0,193.0,1.0,23.5212459564209,193.0,418.15034675598145,37.0,1000.0,0.6089750528335571,2.2741730213165283,2440900.0,0.622499942779541,19.645748138427734,23.490808486938477,26.48141098022461,2019-04-12,2019-02-26,XRX,TP1,1000.0,1000.0,1000.0,2440900.0,10.145709259937082,21.354663848876953,52124598.988723755,ANY,5.945319652557373,0.0,NONE,0.0,5.181347150259067,24.263304666964146,5.181347150259067,0.41815034675598145,WIN,False,False
73.0,5.0,2.0,102.11845397949219,52.0,975.6212768554688,15.0,1000.0,0.6186257004737854,3.0685837268829346,1590400.0,0.5,77.10252380371094,91.17398071289062,102.11845397949219,2019-04-17,2019-01-24,ADI,TP2,1000.0,1000.0,1000.0,1590400.0,22.50807819798157,83.35650634765625,132570187.6953125,ANY,8.916173934936523,0.0,NONE,0.0,19.23076923076923,23.070507718453513,19.23076923076923,0.9756212768554687,WIN,False,False
79.0,141.0,1.0,196.0974884033203,23.0,442.7517547607422,37.0,1000.0,0.6505644917488098,3.2696914672851562,562400.0,0.6210999488830566,162.62904357910156,194.62037658691406,219.5025177001953,2019-04-26,2019-02-26,PAYC,TP1,1000.0,1000.0,1000.0,562400.0,10.885133157639705,176.847412109375,99458984.5703125,ANY,6.967729568481445,0.0,NONE,0.0,43.47826086956522,24.585183549463068,43.47826086956522,0.4427517547607422,WIN,False,False
89.0,5.0,3.0,97.79911041259766,55.0,794.3432235717773,15.0,1000.0,0.6186257004737854,3.0685837268829346,1590400.0,0.5,77.10252380371094,91.17398071289062,102.11845397949219,2019-05-10,2019-01-24,ADI,RUNNER,1000.0,1000.0,1000.0,1590400.0,17.32630684484954,83.35650634765625,132570187.6953125,ANY,8.916173934936523,0.0,NONE,0.0,18.181818181818183,21.812116388356053,18.181818181818183,0.7943432235717773,WIN,False,False
92.0,0.0,0.0,63.162818908691406,123.0,-670.1788330078125,15.0,1000.0,1.0013724565505981,2.4911038875579834,2050300.0,0.5,63.162818908691406,75.42218780517578,84.9572525024414,2019-05-15,2019-01-24,A,STOP,1000.0,1000.0,1000.0,2050300.0,-7.941254995392547,68.6114273071289,140674009.4078064,ANY,5.216791152954102,0.0,NONE,0.0,8.130081300813009,11.849456599146237,8.130081300813009,-0.6701788330078124,LOSS,False,False
93.0,9.0,2.0,44.395591735839844,115.0,985.9311866760254,15.0,1000.0,0.8184986710548401,2.9161264896392822,4165000.0,0.5,32.96450424194336,39.394493103027344,44.395591735839844,2019-05-16,2019-01-24,AIG,TP2,1000.0,1000.0,1000.0,4165000.0,23.93291372910875,35.8222770690918,149199783.99276733,ANY,4.23978328704834,0.0,NONE,0.0,8.695652173913043,24.27442609843424,8.695652173913043,0.9859311866760254,WIN,False,False
95.0,7.0,1.0,61.99606704711914,73.0,407.8890037536621,15.0,1000.0,0.9277442097663879,2.1610307693481445,1205200.0,0.5,51.93852996826172,61.99606704711914,69.81859588623047,2019-05-20,2019-01-24,AEE,TP1,1000.0,1000.0,1000.0,1205200.0,9.905450417057715,56.408546447753906,67983580.17883301,ANY,4.763498306274414,0.0,NONE,0.0,13.698630136986301,24.28467138339417,13.698630136986301,0.4078890037536621,WIN,False,False
95.0,8.0,1.0,61.996070861816406,73.0,407.8892822265625,15.0,1000.0,0.9277442097663879,2.1610307693481445,1205200.0,0.5,51.93852996826172,61.996070861816406,69.818603515625,2019-05-20,2019-01-24,AGN,TP1,1000.0,1000.0,1000.0,1205200.0,9.90545717968059,56.408546447753906,67983580.17883301,ANY,4.763493061065674,0.0,NONE,0.0,13.698630136986301,24.28467138339417,13.698630136986301,0.4078892822265625,WIN,False,False
104.0,168.0,0.0,117.30000305175781,99.0,-1231.5602416992188,93.0,1000.0,0.5003353357315063,4.042957305908203,1212300.0,0.969552755355835,119.65360260009766,142.34800720214844,159.99920654296875,2019-06-03,2019-05-16,TEAM,STOP,1000.0,1000.0,1000.0,1212300.0,-9.588409060196708,129.74000549316406,157283808.6593628,ANY,14.269110679626465,0.0,NONE,0.0,10.1010101010101,7.785578598223751,10.1010101010101,-1.2315602416992188,LOSS,False,True
105.0,121.0,0.0,549.8955688476562,21.0,-962.5226440429688,93.0,1000.0,0.8643832802772522,4.037877082824707,583100.0,0.9901095628738403,549.8955688476562,653.02294921875,733.233154296875,2019-06-04,2019-05-16,MELI,STOP,1000.0,1000.0,1000.0,583100.0,-7.693823229280647,595.72998046875,347370151.6113281,ANY,13.599933624267578,0.0,NONE,0.0,47.61904761904762,7.993394521051061,47.61904761904762,-0.9625226440429687,LOSS,False,False
107.0,3.0,2.0,33.90599822998047,152.0,991.0583343505859,15.0,1000.0,0.7685673832893372,2.831805467605591,802100.0,0.5,25.21250343322754,30.10259437561035,33.90599822998047,2019-06-06,2019-01-24,ACGL,TP2,1000.0,1000.0,1000.0,802100.0,23.80833184810762,27.38587760925293,21966212.430381775,ANY,6.245619297027588,0.0,NONE,0.0,6.578947368421052,24.023138722412927,6.578947368421052,0.991058334350586,WIN,False,False
109.0,141.0,2.0,219.5025177001953,23.0,981.0674285888672,37.0,1000.0,0.6505644917488098,3.2696914672851562,562400.0,0.6210999488830566,162.62904357910156,194.62037658691406,219.5025177001953,2019-06-10,2019-02-26,PAYC,TP2,1000.0,1000.0,1000.0,562400.0,24.119722806257048,176.847412109375,99458984.5703125,ANY,6.967729568481445,0.0,NONE,0.0,43.47826086956522,24.585183549463068,43.47826086956522,0.9810674285888672,WIN,False,False
115.0,161.0,1.0,60.53799819946289,78.0,408.5639190673828,93.0,1000.0,0.8697639107704163,3.3747403621673584,837400.0,0.9736647605895996,51.10960006713867,60.53799819946289,67.87120056152344,2019-06-18,2019-05-16,SEDG,TP1,1000.0,1000.0,1000.0,837400.0,9.47196932127981,55.29999923706055,46308219.3611145,ANY,16.19233512878418,0.0,NONE,0.0,12.820512820512821,23.183567807214118,12.820512820512821,0.4085639190673828,WIN,False,False
116.0,59.0,1.0,221.23126220703125,21.0,467.76429748535156,106.0,1000.0,0.7934197783470154,2.4367408752441406,250800.0,0.9642556309700012,183.59547424316406,218.15838623046875,245.0406494140625,2019-06-19,2019-06-05,ERIE,TP1,1000.0,1000.0,1000.0,250800.0,11.195643229059415,198.95677185058594,49898358.38012695,ANY,10.7897310256958,0.0,NONE,0.0,47.61904761904762,23.934368846117454,47.61904761904762,0.4677642974853516,WIN,False,False
144.0,141.0,3.0,224.08062744140625,24.0,1133.59716796875,37.0,1000.0,0.6505644917488098,3.2696914672851562,562400.0,0.6210999488830566,162.62904357910156,194.62037658691406,219.5025177001953,2019-07-30,2019-02-26,PAYC,RUNNER,1000.0,1000.0,1000.0,562400.0,26.70845717709393,176.847412109375,99458984.5703125,ANY,6.967729568481445,0.0,NONE,0.0,41.666666666666664,23.560800901568772,41.666666666666664,1.13359716796875,WIN,False,False
146.0,161.0,2.0,67.87120056152344,78.0,980.5537033081055,93.0,1000.0,0.8697639107704163,3.3747403621673584,837400.0,0.9736647605895996,51.10960006713867,60.53799819946289,67.87120056152344,2019-08-01,2019-05-16,SEDG,TP2,1000.0,1000.0,1000.0,837400.0,22.732733269258375,55.29999923706055,46308219.3611145,ANY,16.19233512878418,0.0,NONE,0.0,12.820512820512821,23.183567807214118,12.820512820512821,0.9805537033081054,WIN,False,False
148.0,9.0,3.0,44.65032196044922,119.0,1050.5373420715332,15.0,1000.0,0.8184986710548401,2.9161264896392822,4165000.0,0.5,32.96450424194336,39.394493103027344,44.395591735839844,2019-08-05,2019-01-24,AIG,RUNNER,1000.0,1000.0,1000.0,4165000.0,24.6440081805253,35.8222770690918,149199783.99276733,ANY,4.23978328704834,0.0,NONE,0.0,8.403361344537815,23.458479002688552,8.403361344537815,1.0505373420715332,WIN,False,False
150.0,193.0,0.0,19.645748138427734,392.0,-669.8949584960938,37.0,1000.0,0.6089750528335571,2.2741730213165283,2440900.0,0.622499942779541,19.645748138427734,23.490808486938477,26.48141098022461,2019-08-07,2019-02-26,XRX,STOP,1000.0,1000.0,1000.0,2440900.0,-8.00254090882864,21.354663848876953,52124598.988723755,ANY,5.945319652557373,0.0,NONE,0.0,2.5510204081632653,11.945963777357347,2.5510204081632653,-0.6698949584960937,LOSS,False,False
154.0,73.0,0.0,4.626465797424316,2564.0,-999.8117218017578,149.0,1000.0,1.7368344068527222,4.523573398590088,12829900.0,0.9862784147262573,4.626465797424316,5.503835678100586,6.186234474182129,2019-08-13,2019-08-06,GFI,STOP,1000.0,1000.0,1000.0,12829900.0,-7.773334461325245,5.0164079666137695,64360012.570858,ANY,9.709264755249023,0.0,NONE,0.0,0.39001560062402496,7.774798286338293,0.39001560062402496,-0.9998117218017578,LOSS,False,False
156.0,59.0,0.0,183.59547424316406,44.0,-675.8970947265625,106.0,1000.0,0.7934197783470154,2.4367408752441406,250800.0,0.9642556309700012,183.59547424316406,218.15838623046875,245.0406494140625,2019-08-15,2019-06-05,ERIE,STOP,1000.0,1000.0,1000.0,250800.0,-7.72092222071135,198.95677185058594,49898358.38012695,ANY,10.7897310256958,0.0,NONE,0.0,22.727272727272727,11.423221494737874,22.727272727272727,-0.6758970947265625,LOSS,False,False
168.0,101.0,1.0,4.791358947753906,956.0,412.49025535583496,149.0,1000.0,1.4015586376190186,4.317160606384277,19645500.0,1.0,4.014703750610352,4.791358947753906,5.395423889160156,2019-09-03,2019-08-06,KGC,TP1,1000.0,1000.0,1000.0,19645500.0,9.896483111913494,4.359883785247803,85652096.90308571,ANY,13.234107971191406,0.0,NONE,0.0,1.0460251046025104,23.99204098379557,1.0460251046025104,0.41249025535583494,WIN,False,False
172.0,161.0,3.0,74.16000366210938,82.0,1546.520362854004,93.0,1000.0,0.8697639107704163,3.3747403621673584,837400.0,0.9736647605895996,51.10960006713867,60.53799819946289,67.87120056152344,2019-09-09,2019-05-16,SEDG,RUNNER,1000.0,1000.0,1000.0,837400.0,34.104890931733266,55.29999923706055,46308219.3611145,ANY,16.19233512878418,0.0,NONE,0.0,12.195121951219512,22.052662060520746,12.195121951219512,1.5465203628540038,WIN,False,False
189.0,157.0,0.0,100.51478576660156,116.0,-1044.8699645996094,173.0,1000.0,1.0833934545516968,2.5911002159118652,1014300.0,0.9854829907417297,100.93914794921875,120.25121307373047,135.27171325683594,2019-10-02,2019-09-10,RTN,STOP,1000.0,1000.0,1000.0,1014300.0,-8.22435329656876,109.52228546142578,111088454.14352417,ANY,11.575567245483398,0.0,NONE,0.0,8.620689655172415,7.871173997924521,8.620689655172415,-1.0448699645996093,LOSS,False,True
203.0,134.0,1.0,5.0046844482421875,918.0,412.1009101867676,173.0,1000.0,0.9664115309715271,2.9171462059020996,417524000.0,0.9616047739982605,4.196643352508545,5.0046844482421875,5.6331610679626465,2019-10-22,2019-09-10,NVDA,TP1,1000.0,1000.0,1000.0,417524000.0,9.853688680560527,4.55577278137207,1902144474.7695923,ANY,9.870710372924805,0.0,NONE,0.0,1.0893246187363834,23.910863667092492,1.0893246187363834,0.4121009101867676,WIN,False,False
205.0,62.0,1.0,77.89100646972656,59.0,411.87916564941406,149.0,1000.0,0.8900054097175598,2.130019187927246,3363900.0,0.9702194929122925,65.32520294189453,77.89100646972656,87.6644058227539,2019-10-24,2019-08-06,EW,TP1,1000.0,1000.0,1000.0,3363900.0,9.844877234645347,70.91000366210938,238534161.31896973,ANY,4.780721187591553,0.0,NONE,0.0,16.949152542372882,23.902343346556094,16.949152542372882,0.41187916564941407,WIN,False,False
205.0,114.0,1.0,24.63490867614746,194.0,626.5333251953125,173.0,1000.0,1.3553712368011475,2.6804885864257812,21948000.0,0.9908522367477417,19.704740524291992,23.531124114990234,26.5072021484375,2019-10-24,2019-09-10,LRCX,TP1,1000.0,1000.0,1000.0,21948000.0,15.087594455851516,21.40535545349121,469804741.4932251,ANY,10.030547142028809,0.0,NONE,0.0,5.154639175257732,24.081072544941136,5.154639175257732,0.6265333251953125,WIN,False,False
207.0,3.0,3.0,38.70157241821289,157.0,1776.5640850067139,15.0,1000.0,0.7685673832893372,2.831805467605591,802100.0,0.5,25.21250343322754,30.10259437561035,33.90599822998047,2019-10-28,2019-01-24,ACGL,RUNNER,1000.0,1000.0,1000.0,802100.0,41.31945293269222,27.38587760925293,21966212.430381775,ANY,6.245619297027588,0.0,NONE,0.0,6.369426751592357,23.258070610234174,6.369426751592357,1.776564085006714,WIN,False,False
214.0,50.0,0.0,105.0165023803711,110.0,-991.6188812255859,106.0,1000.0,0.7484235167503357,1.8278448581695557,748300.0,0.9696914553642273,105.0165023803711,125.29962158203125,141.07537841796875,2019-11-06,2019-06-05,DISCA,STOP,1000.0,1000.0,1000.0,748300.0,-7.905481624214689,114.03121948242188,85329561.53869629,ANY,4.626371383666992,0.0,NONE,0.0,9.090909090909092,7.972298404044054,9.090909090909092,-0.991618881225586,LOSS,False,False
214.0,51.0,0.0,105.0165023803711,110.0,-991.6188812255859,106.0,1000.0,0.7484235167503357,1.8278448581695557,748300.0,0.9696914553642273,105.0165023803711,125.29962158203125,141.07537841796875,2019-11-06,2019-06-05,DISCK,STOP,1000.0,1000.0,1000.0,748300.0,-7.905481624214689,114.03121948242188,85329561.53869629,ANY,4.626371383666992,0.0,NONE,0.0,9.090909090909092,7.972298404044054,9.090909090909092,-0.991618881225586,LOSS,False,False
215.0,101.0,0.0,3.8273098468780518,1941.0,-1033.7260143756866,149.0,1000.0,1.4015586376190186,4.317160606384277,19645500.0,1.0,4.014703750610352,4.791358947753906,5.395423889160156,2019-11-07,2019-08-06,KGC,STOP,1000.0,1000.0,1000.0,19645500.0,-12.215324182992667,4.359883785247803,85652096.90308571,ANY,13.234107971191406,0.0,NONE,0.0,0.5151983513652756,11.81679092246706,0.5151983513652756,-1.0337260143756866,LOSS,False,True
221.0,114.0,2.0,26.5072021484375,194.0,989.7582588195801,173.0,1000.0,1.3553712368011475,2.6804885864257812,21948000.0,0.9908522367477417,19.704740524291992,23.531124114990234,26.5072021484375,2019-11-15,2019-09-10,LRCX,TP2,1000.0,1000.0,1000.0,21948000.0,23.834440432588934,21.40535545349121,469804741.4932251,ANY,10.030547142028809,0.0,NONE,0.0,5.154639175257732,24.081072544941136,5.154639175257732,0.9897582588195801,WIN,False,False
232.0,65.0,0.0,14.566887855529785,789.0,-999.7075510025024,215.0,1000.0,1.1363115310668945,2.315438985824585,14612000.0,0.9646649956703186,14.566887855529785,17.41776466369629,19.635112762451172,2019-12-03,2019-11-07,FAST,STOP,1000.0,1000.0,1000.0,14612000.0,-8.002153092670559,15.833944320678711,231365594.41375732,ANY,1.600258708000183,0.0,NONE,0.0,1.267427122940431,8.004493998916018,1.267427122940431,-0.9997075510025024,LOSS,False,False
232.0,114.0,3.0,23.915159225463867,200.0,501.96075439453125,173.0,1000.0,1.3553712368011475,2.6804885864257812,21948000.0,0.9908522367477417,19.704740524291992,23.531124114990234,26.5072021484375,2019-12-03,2019-09-10,LRCX,RUNNER,1000.0,1000.0,1000.0,21948000.0,11.725120741049444,21.40535545349121,469804741.4932251,ANY,10.030547142028809,0.0,NONE,0.0,5.0,23.3586403685929,5.0,0.5019607543945312,WIN,False,False
240.0,134.0,2.0,5.6331610679626465,919.0,990.1198353767395,173.0,1000.0,0.9664115309715271,2.9171462059020996,417524000.0,0.9616047739982605,4.196643352508545,5.0046844482421875,5.6331610679626465,2019-12-13,2019-09-10,NVDA,TP2,1000.0,1000.0,1000.0,417524000.0,23.64885911334009,4.55577278137207,1902144474.7695923,ANY,9.870710372924805,0.0,NONE,0.0,1.088139281828074,23.884845317073893,1.088139281828074,0.9901198353767395,WIN,False,False
247.0,73.0,1.0,5.5559306144714355,807.0,482.3305277824402,241.0,1000.0,1.0403963327407837,3.8351423740386963,5194600.0,0.9680124521255493,4.549465656280518,5.469224452972412,6.184592247009277,2019-12-24,2019-12-16,GFI,TP1,1000.0,1000.0,1000.0,5194600.0,12.054329028933667,4.958247184753418,25756110.825920105,ANY,5.2161545753479,0.0,NONE,0.0,1.2391573729863692,24.99184342395779,1.2391573729863692,0.4823305277824402,WIN,False,False
257.0,46.0,0.0,86.56999969482422,136.0,-1203.5997924804688,241.0,1000.0,1.0649980306625366,4.12131404876709,1542900.0,0.9595367908477783,88.06880187988281,104.60900115966797,117.47359466552734,2020-01-09,2019-12-16,CVNA,STOP,1000.0,1000.0,1000.0,1542900.0,-9.274783739202952,95.41999816894531,147223515.17486572,ANY,4.487415790557861,0.0,NONE,0.0,7.352941176470588,7.705870171420336,7.352941176470588,-1.2035997924804687,LOSS,False,True
267.0,196.0,0.0,37.88120651245117,307.0,-1014.5273513793945,215.0,1000.0,1.2959851026535034,2.0091052055358887,3335600.0,0.9488691091537476,37.93423843383789,45.2503776550293,50.940704345703125,2020-01-24,2019-11-07,ZION,STOP,1000.0,1000.0,1000.0,3335600.0,-8.023748162041379,41.185855865478516,137379540.82489014,ANY,7.326117992401123,0.0,NONE,0.0,3.257328990228013,7.908853468693525,3.257328990228013,-1.0145273513793944,LOSS,False,True
268.0,160.0,0.0,28.072219848632812,406.0,-997.8683128356934,241.0,1000.0,1.5107513666152954,1.962031364440918,1093677.0,0.9749431610107422,28.072219848632812,33.60227966308594,37.90343475341797,2020-01-27,2019-12-16,SCCO,STOP,1000.0,1000.0,1000.0,1093677.0,-8.05044817660298,30.5300235748291,33389984.593248367,ANY,6.6683878898620605,0.0,NONE,0.0,2.4630541871921183,8.067645873758241,2.4630541871921183,-0.9978683128356933,LOSS,False,False
274.0,7.0,2.0,69.81859588623047,73.0,978.9336090087891,15.0,1000.0,0.9277442097663879,2.1610307693481445,1205200.0,0.5,51.93852996826172,61.99606704711914,69.81859588623047,2020-02-04,2019-01-24,AEE,TP2,1000.0,1000.0,1000.0,1205200.0,23.773081000938518,56.408546447753906,67983580.17883301,ANY,4.763498306274414,0.0,NONE,0.0,13.698630136986301,24.28467138339417,13.698630136986301,0.978933609008789,WIN,False,False
274.0,8.0,2.0,69.818603515625,73.0,978.9341659545898,15.0,1000.0,0.9277442097663879,2.1610307693481445,1205200.0,0.5,51.93852996826172,61.996070861816406,69.818603515625,2020-02-04,2019-01-24,AGN,TP2,1000.0,1000.0,1000.0,1205200.0,23.773094526184266,56.408546447753906,67983580.17883301,ANY,4.763493061065674,0.0,NONE,0.0,13.698630136986301,24.28467138339417,13.698630136986301,0.9789341659545898,WIN,False,False
274.0,132.0,1.0,70.40599822998047,66.0,501.3357925415039,269.0,1000.0,1.0744924545288086,2.0503854751586914,8623500.0,0.9632525444030762,57.88792037963867,68.96260070800781,77.57624053955078,2020-02-04,2020-01-28,NOW,TP1,1000.0,1000.0,1000.0,8623500.0,12.09361039740326,62.810001373291016,541642046.8425751,ANY,4.193451881408691,0.0,NONE,0.0,15.151515151515152,24.122774749624668,15.151515151515152,0.501335792541504,WIN,False,False
276.0,141.0,0.0,284.937744140625,40.0,-1093.0615234375,269.0,1000.0,8.331802368164062,2.473080635070801,9525500.0,0.9963973164558411,287.7583312988281,342.896728515625,385.78216552734375,2020-02-06,2020-01-28,PAYC,STOP,1000.0,1000.0,1000.0,9525500.0,-8.751093109685469,312.2642822265625,2974473420.349121,ANY,9.69448184967041,0.0,NONE,0.0,25.0,8.006038930146138,25.0,-1.0930615234375,LOSS,False,True
285.0,109.0,0.0,28.967121124267578,393.0,-999.4301948547363,215.0,1000.0,0.8992623090744019,1.8939422369003296,1568300.0,0.9824801683425903,28.967121124267578,34.689048767089844,39.13943862915039,2020-02-20,2019-11-07,LKQ,STOP,1000.0,1000.0,1000.0,1568300.0,-8.070654378036393,31.51020050048828,49417447.44491577,ANY,7.822493076324463,0.0,NONE,0.0,2.544529262086514,8.075255700283735,2.544529262086514,-0.9994301948547363,LOSS,False,False
286.0,73.0,2.0,6.2798848152160645,807.0,1066.5615677833557,241.0,1000.0,1.0403963327407837,3.8351423740386963,5194600.0,0.9680124521255493,4.549465656280518,5.469224452972412,6.184592247009277,2020-02-21,2019-12-16,GFI,TP2,1000.0,1000.0,1000.0,5194600.0,26.655339704052565,4.958247184753418,25756110.825920105,ANY,5.2161545753479,0.0,NONE,0.0,1.2391573729863692,24.99184342395779,1.2391573729863692,1.0665615677833558,WIN,False,False
287.0,168.0,0.0,137.76361083984375,86.0,-989.5498352050781,269.0,1000.0,1.3809970617294312,2.878075361251831,2569200.0,0.9680982828140259,137.76361083984375,163.6529998779297,183.78919982910156,2020-02-24,2020-01-28,TEAM,STOP,1000.0,1000.0,1000.0,2569200.0,-7.708443158891247,149.27000427246094,383504494.97680664,ANY,12.704239845275879,0.0,NONE,0.0,11.627906976744185,7.789848357959374,11.627906976744185,-0.9895498352050781,LOSS,False,False
287.0,194.0,0.0,76.63399505615234,145.0,-994.1204071044922,286.0,1000.0,1.4451897144317627,3.7455954551696777,12070000.0,0.9725803732872009,76.63399505615234,92.05999755859375,104.05799865722656,2020-02-24,2020-02-21,XYZ,STOP,1000.0,1000.0,1000.0,12070000.0,-8.211765460581415,83.48999786376953,1007724274.2156982,ANY,5.682872772216797,0.0,NONE,0.0,6.896551724137931,8.260332854949908,6.896551724137931,-0.9941204071044922,LOSS,False,False
289.0,21.0,0.0,78.67536926269531,143.0,-999.9777297973633,286.0,1000.0,2.1951425075531006,3.6173694133758545,4973600.0,0.9823719263076782,78.67536926269531,94.40928649902344,106.64678192138672,2020-02-26,2020-02-21,ARNC,STOP,1000.0,1000.0,1000.0,4973600.0,-8.162713331590776,85.66822052001953,426079461.57836914,ANY,8.261011123657227,0.0,NONE,0.0,6.993006993006993,8.16289512091922,6.993006993006993,-0.9999777297973633,LOSS,False,False
290.0,101.0,0.0,4.820242881774902,2477.0,-1386.2611799240112,286.0,1000.0,1.3226286172866821,3.719316244125366,20102500.0,0.977567732334137,4.976223468780518,5.884487152099609,6.590914726257324,2020-02-27,2020-02-21,KGC,STOP,1000.0,1000.0,1000.0,20102500.0,-10.402678139341951,5.37989616394043,108149362.63561249,ANY,16.565603256225586,0.0,NONE,0.0,0.4037141703673799,7.504125694345838,0.4037141703673799,-1.3862611799240112,LOSS,False,True
290.0,193.0,0.0,23.65506362915039,477.0,-1077.314100265503,215.0,1000.0,4.576028347015381,2.693758249282837,10863400.0,0.9908522367477417,23.8210506439209,28.529251098632812,32.191184997558594,2020-02-27,2019-11-07,XRX,STOP,1000.0,1000.0,1000.0,10863400.0,-8.715583871582455,25.913583755493164,281509625.76942444,ANY,16.235958099365234,0.0,NONE,0.0,2.0964360587002098,8.09010470524289,2.0964360587002098,-1.077314100265503,LOSS,False,True
291.0,7.0,3.0,66.51314544677734,77.0,778.0541229248047,15.0,1000.0,0.9277442097663879,2.1610307693481445,1205200.0,0.5,51.93852996826172,61.99606704711914,69.81859588623047,2020-02-28,2019-01-24,AEE,RUNNER,1000.0,1000.0,1000.0,1205200.0,17.913241229114824,56.408546447753906,67983580.17883301,ANY,4.763498306274414,0.0,NONE,0.0,12.987012987012987,23.02313001282824,12.987012987012987,0.7780541229248047,WIN,False,False
291.0,8.0,3.0,66.51313781738281,77.0,778.0535354614258,15.0,1000.0,0.9277442097663879,2.1610307693481445,1205200.0,0.5,51.93852996826172,61.996070861816406,69.818603515625,2020-02-28,2019-01-24,AGN,RUNNER,1000.0,1000.0,1000.0,1205200.0,17.913227703869072,56.408546447753906,67983580.17883301,ANY,4.763493061065674,0.0,NONE,0.0,12.987012987012987,23.02313001282824,12.987012987012987,0.7780535354614257,WIN,False,False
292.0,73.0,3.0,5.219207286834717,832.0,217.11880493164062,241.0,1000.0,1.0403963327407837,3.8351423740386963,5194600.0,0.9680124521255493,4.549465656280518,5.469224452972412,6.184592247009277,2020-03-02,2019-12-16,GFI,RUNNER,1000.0,1000.0,1000.0,5194600.0,5.2631523269705,4.958247184753418,25756110.825920105,ANY,5.2161545753479,0.0,NONE,0.0,1.2019230769230769,24.24088659030521,1.2019230769230769,0.21711880493164062,WIN,False,False
296.0,58.0,1.0,6.262536525726318,748.0,412.438777923584,292.0,1000.0,1.9562528133392334,8.46237564086914,19794100.0,0.27961838245391846,5.270036697387695,6.262536525726318,7.034480571746826,2020-03-06,2020-03-02,EQT,TP1,1000.0,1000.0,1000.0,19794100.0,9.654604665803078,5.711147785186768,113047030.3747654,ANY,9.845765113830566,0.0,NONE,0.0,1.3368983957219251,23.40857645444742,1.3368983957219251,0.41243877792358397,WIN,False,False
296.0,194.0,0.0,73.08999633789062,150.0,-1137.0002746582031,292.0,1000.0,2.3120908737182617,4.581702709197998,23461400.0,0.9797953963279724,74.00360107421875,89.00299835205078,100.66919708251953,2020-03-06,2020-03-02,XYZ,STOP,1000.0,1000.0,1000.0,23461400.0,-9.396308420858105,80.66999816894531,1892631095.0408936,ANY,0.010536332614719868,0.0,NONE,0.0,6.666666666666667,8.264121504880688,6.666666666666667,-1.137000274658203,LOSS,False,True
297.0,58.0,2.0,7.034480571746826,748.0,989.8529243469238,292.0,1000.0,1.9562528133392334,8.46237564086914,19794100.0,0.27961838245391846,5.270036697387695,6.262536525726318,7.034480571746826,2020-03-09,2020-03-02,EQT,TP2,1000.0,1000.0,1000.0,19794100.0,23.171047858233326,5.711147785186768,113047030.3747654,ANY,9.845765113830566,0.0,NONE,0.0,1.3368983957219251,23.40857645444742,1.3368983957219251,0.9898529243469238,WIN,False,False
297.0,62.0,0.0,63.686668395996094,120.0,-866.8002319335938,149.0,1000.0,0.8900054097175598,2.130019187927246,3363900.0,0.9702194929122925,65.32520294189453,77.89100646972656,87.6644058227539,2020-03-09,2019-08-06,EW,STOP,1000.0,1000.0,1000.0,3363900.0,-10.186623738637678,70.91000366210938,238534161.31896973,ANY,4.780721187591553,0.0,NONE,0.0,8.333333333333334,11.751985478723412,8.333333333333334,-0.8668002319335938,LOSS,False,False
297.0,85.0,0.0,15.423195838928223,676.0,-1605.7030754089355,290.0,1000.0,1.2623835802078247,1.9340791702270508,16657000.0,0.934821367263794,16.320602416992188,19.645864486694336,22.232177734375,2020-03-09,2020-02-27,HPQ,STOP,1000.0,1000.0,1000.0,16657000.0,-13.345511747366833,17.79849624633789,296469551.97525024,ANY,-1.0626542568206787,0.0,NONE,0.0,1.4792899408284024,8.311319789910746,1.4792899408284024,-1.6057030754089356,LOSS,False,True
297.0,132.0,0.0,57.88792037963867,137.0,-674.3250961303711,269.0,1000.0,1.0744924545288086,2.0503854751586914,8623500.0,0.9632525444030762,57.88792037963867,68.96260070800781,77.57624053955078,2020-03-09,2020-01-28,NOW,STOP,1000.0,1000.0,1000.0,8623500.0,-7.83646057321276,62.810001373291016,541642046.8425751,ANY,4.193451881408691,0.0,NONE,0.0,7.299270072992701,11.621190755293636,7.299270072992701,-0.6743250961303711,LOSS,False,False
297.0,134.0,3.0,6.112364768981934,947.0,1474.0926122665405,173.0,1000.0,0.9664115309715271,2.9171462059020996,417524000.0,0.9616047739982605,4.196643352508545,5.0046844482421875,5.6331610679626465,2020-03-09,2019-09-10,NVDA,RUNNER,1000.0,1000.0,1000.0,417524000.0,34.16746317934367,4.55577278137207,1902144474.7695923,ANY,9.870710372924805,0.0,NONE,0.0,1.0559662090813093,23.1786408092829,1.0559662090813093,1.4740926122665405,WIN,False,False
297.0,161.0,0.0,111.66000366210938,94.0,-1343.2593688964844,290.0,1000.0,1.2194242477416992,5.467026710510254,2046200.0,0.9793460369110107,115.35719299316406,139.1909942626953,157.7283935546875,2020-03-09,2020-02-27,SEDG,STOP,1000.0,1000.0,1000.0,2046200.0,-11.345767076123975,125.94999694824219,257718883.75549316,ANY,9.084449768066406,0.0,NONE,0.0,10.638297872340425,8.446445518146476,10.638297872340425,-1.3432593688964845,LOSS,False,True
300.0,104.0,0.0,99.6214828491211,108.0,-1645.8456115722656,298.0,1000.0,1.7539371252059937,2.788510799407959,3688100.0,0.9199238419532776,105.65238189697266,126.37130737304688,142.48602294921875,2020-03-12,2020-03-10,KMB,STOP,1000.0,1000.0,1000.0,3688100.0,-13.26763526405852,114.86079406738281,423618094.59991455,ANY,0.03399188071489334,0.0,NONE,0.0,9.25925925925926,8.061287869755922,9.25925925925926,-1.6458456115722657,LOSS,False,True
300.0,108.0,0.0,193.64291381835938,53.0,-1885.6357727050781,298.0,1000.0,1.4689723253250122,3.0935308933258057,597600.0,0.8476158380508423,210.54403686523438,252.56707763671875,285.2516784667969,2020-03-12,2020-03-10,LII,STOP,1000.0,1000.0,1000.0,597600.0,-15.521283666120276,229.220947265625,136982438.0859375,ANY,0.31905651092529297,0.0,NONE,0.0,18.867924528301888,8.231326479266935,18.867924528301888,-1.885635772705078,LOSS,False,True
300.0,129.0,0.0,31.524999618530273,329.0,-1857.5345973968506,290.0,1000.0,1.622592568397522,2.909264087677002,89341000.0,0.9618209600448608,34.137081146240234,40.963401794433594,46.272762298583984,2020-03-12,2020-02-27,NFLX,STOP,1000.0,1000.0,1000.0,89341000.0,-15.189264743838743,37.17100143432617,3320894439.1441345,ANY,0.062189243733882904,0.0,NONE,0.0,3.0395136778115504,8.177110006524229,3.0395136778115504,-1.8575345973968507,LOSS,False,True
300.0,176.0,0.0,108.36000061035156,109.0,-1132.5099334716797,298.0,1000.0,1.022003412246704,3.4971628189086914,2388800.0,0.8002774119377136,109.63960266113281,130.13800048828125,146.08119201660156,2020-03-12,2020-03-10,TTWO,STOP,1000.0,1000.0,1000.0,2388800.0,-8.749473170230262,118.75,283670000.0,ANY,4.660130500793457,0.0,NONE,0.0,9.174311926605505,7.72573635924674,9.174311926605505,-1.1325099334716797,LOSS,False,True
300.0,186.0,0.0,75.9594497680664,147.0,-1268.425666809082,298.0,1000.0,1.8567665815353394,2.6507256031036377,3482700.0,0.9799753427505493,77.79991912841797,93.07353973388672,104.95301818847656,2020-03-12,2020-03-10,WEC,STOP,1000.0,1000.0,1000.0,3482700.0,-10.200886720692,84.58819580078125,294595309.51538086,ANY,1.2361913919448853,0.0,NONE,0.0,6.802721088435374,8.042163595091768,6.802721088435374,-1.268425666809082,LOSS,False,True
300.0,189.0,0.0,31.872713088989258,348.0,-1677.8743057250977,298.0,1000.0,2.162919282913208,2.832847833633423,59243400.0,0.8767104148864746,33.82310485839844,40.283050537109375,45.30744934082031,2020-03-12,2020-03-10,WMT,STOP,1000.0,1000.0,1000.0,59243400.0,-13.13962172588423,36.694190979003906,2173888633.84552,ANY,3.338913917541504,0.0,NONE,0.0,2.8735632183908044,7.831112069033031,2.8735632183908044,-1.6778743057250975,LOSS,False,True
302.0,59.0,0.0,118.7281723022461,90.0,-989.1355133056641,302.0,1000.0,1.4012444019317627,4.4734416007995605,181300.0,0.7422579526901245,118.7281723022461,143.45655822753906,162.6897430419922,2020-03-16,2020-03-16,ERIE,STOP,1000.0,1000.0,1000.0,181300.0,-8.472491529467009,129.71856689453125,23517976.177978516,ANY,-4.60241174697876,0.0,NONE,0.0,11.11111111111111,8.5655518536102,11.11111111111111,-0.9891355133056641,LOSS,False,False
303.0,111.0,1.0,134.0222625732422,31.0,404.0269317626953,302.0,1000.0,1.2764246463775635,3.9891157150268555,6841700.0,0.9784857034683228,110.56263732910156,134.0222625732422,152.2686309814453,2020-03-17,2020-03-16,LLY,TP1,1000.0,1000.0,1000.0,6841700.0,10.77214640067074,120.9891357421875,827771370.0073242,ANY,-5.046721458435059,0.0,NONE,0.0,32.25806451612903,26.66195135476203,32.25806451612903,0.40402693176269533,WIN,False,False
304.0,59.0,1.0,166.83108520507812,26.0,398.0420837402344,304.0,1000.0,1.0957109928131104,6.218249320983887,150600.0,0.8673940300941467,139.27432250976562,166.83108520507812,188.26412963867188,2020-03-18,2020-03-18,ERIE,TP1,1000.0,1000.0,1000.0,150600.0,10.103703566448418,151.5217742919922,22819179.208374023,ANY,10.745941162109375,0.0,NONE,0.0,38.46153846153846,25.383505863269928,38.46153846153846,0.39804208374023436,WIN,False,False
304.0,176.0,1.0,119.67200469970703,35.0,408.1700897216797,302.0,1000.0,1.164763331413269,4.066910266876221,2637100.0,0.8751853704452515,98.68040466308594,119.67200469970703,135.99880981445312,2020-03-18,2020-03-16,TTWO,TP1,1000.0,1000.0,1000.0,2637100.0,10.797150572006798,108.01000213623047,284833176.63345337,ANY,-4.805130958557129,0.0,NONE,0.0,28.571428571428573,26.452576619146907,28.571428571428573,0.4081700897216797,WIN,False,False
304.0,186.0,0.0,79.8495864868164,147.0,-998.7537002563477,304.0,1000.0,2.194838285446167,6.010820388793945,5748600.0,0.9812511205673218,79.8495864868164,95.13663482666016,107.02655792236328,2020-03-18,2020-03-18,WEC,STOP,1000.0,1000.0,1000.0,5748600.0,-7.841577305843837,86.64382934570312,498080717.376709,ANY,4.728449821472168,0.0,NONE,0.0,6.802721088435374,7.851362456861144,6.802721088435374,-0.9987537002563477,LOSS,False,False
305.0,59.0,0.0,139.27432250976562,55.0,-673.6098480224609,304.0,1000.0,1.0957109928131104,6.218249320983887,150600.0,0.8673940300941467,139.27432250976562,166.83108520507812,188.26412963867188,2020-03-19,2020-03-18,ERIE,STOP,1000.0,1000.0,1000.0,150600.0,-8.082964867230855,151.5217742919922,22819179.208374023,ANY,10.745941162109375,0.0,NONE,0.0,18.181818181818183,11.99947549900033,18.181818181818183,-0.6736098480224609,LOSS,False,False
306.0,59.0,0.0,146.04367065429688,87.0,-996.3873596191406,306.0,1000.0,0.8033854365348816,7.983287811279297,123400.0,0.853380560874939,146.04367065429688,171.81231689453125,191.85459899902344,2020-03-20,2020-03-20,ERIE,STOP,1000.0,1000.0,1000.0,123400.0,-7.271739766495468,157.49639892578125,19435055.627441406,ANY,14.404203414916992,0.0,NONE,0.0,11.494252873563218,7.298105196030407,11.494252873563218,-0.9963873596191406,LOSS,False,False
306.0,104.0,0.0,96.33904266357422,106.0,-1387.4369049072266,304.0,1000.0,1.7683378458023071,5.121886730194092,5317100.0,0.9763990044593811,100.04046630859375,121.16256713867188,137.5908660888672,2020-03-20,2020-03-18,KMB,STOP,1000.0,1000.0,1000.0,5317100.0,-11.961306999756536,109.42807006835938,581839991.3604736,ANY,-2.716575860977173,0.0,NONE,0.0,9.433962264150944,8.621153839465117,9.433962264150944,-1.3874369049072266,LOSS,False,True
306.0,189.0,0.0,34.62630081176758,342.0,-999.5108642578125,304.0,1000.0,1.5505883693695068,4.71518087387085,52806000.0,0.9427493810653687,34.62630081176758,41.20203399658203,46.316490173339844,2020-03-20,2020-03-18,WMT,STOP,1000.0,1000.0,1000.0,52806000.0,-7.783318543096482,37.54884719848633,1982804425.163269,ANY,6.791903972625732,0.0,NONE,0.0,2.9239766081871346,7.787127505488386,2.9239766081871346,-0.9995108642578125,LOSS,False,False
307.0,52.0,0.0,88.53296661376953,107.0,-1791.8850936889648,302.0,1000.0,1.1085820198059082,4.739598751068115,6545900.0,0.9986158013343811,95.94412994384766,116.94883728027344,133.2858428955078,2020-03-23,2020-03-16,DLR,STOP,1000.0,1000.0,1000.0,6545900.0,-15.90678214580814,105.27955627441406,689149447.416687,ANY,-1.614446997642517,0.0,NONE,0.0,9.345794392523365,8.877121753974052,9.345794392523365,-1.7918850936889648,LOSS,False,True
307.0,59.0,1.0,153.36923217773438,26.0,409.490478515625,307.0,1000.0,1.4557844400405884,8.669572830200195,235000.0,0.8988442420959473,125.01988983154297,153.36923217773438,175.41873168945312,2020-03-23,2020-03-23,ERIE,TP1,1000.0,1000.0,1000.0,235000.0,11.444324771666334,137.61959838867188,32340605.62133789,ANY,0.053914234042167664,0.0,NONE,0.0,38.46153846153846,27.947718865530717,38.46153846153846,0.409490478515625,WIN,False,False
307.0,111.0,0.0,110.56263732910156,64.0,-667.2958984375,302.0,1000.0,1.2764246463775635,3.9891157150268555,6841700.0,0.9784857034683228,110.56263732910156,134.0222625732422,152.2686309814453,2020-03-23,2020-03-16,LLY,STOP,1000.0,1000.0,1000.0,6841700.0,-8.617714598196224,120.9891357421875,827771370.0073242,ANY,-5.046721458435059,0.0,NONE,0.0,15.625,12.914382687462858,15.625,-0.6672958984375,LOSS,False,False
309.0,59.0,0.0,125.01988983154297,53.0,-667.784553527832,307.0,1000.0,1.4557844400405884,8.669572830200195,235000.0,0.8988442420959473,125.01988983154297,153.36923217773438,175.41873168945312,2020-03-25,2020-03-23,ERIE,STOP,1000.0,1000.0,1000.0,235000.0,-9.15546092609877,137.61959838867188,32340605.62133789,ANY,0.053914234042167664,0.0,NONE,0.0,18.867924528301888,13.710201707618843,18.867924528301888,-0.6677845535278321,LOSS,False,False
314.0,168.0,0.0,134.0500030517578,89.0,-1259.3494567871094,310.0,1000.0,1.163638949394226,8.378547668457031,2745100.0,0.9620485305786133,137.06719970703125,162.11599731445312,181.59840393066406,2020-04-01,2020-03-26,TEAM,STOP,1000.0,1000.0,1000.0,2745100.0,-9.547904310299117,148.1999969482422,406823811.6226196,ANY,9.465190887451172,0.0,NONE,0.0,11.235955056179776,7.581616253409138,11.235955056179776,-1.2593494567871093,LOSS,False,True
318.0,189.0,1.0,38.90815734863281,117.0,411.3870391845703,308.0,1000.0,0.9427303075790405,6.111946105957031,39366000.0,0.9717842936515808,32.57912826538086,38.90815734863281,43.83073425292969,2020-04-07,2020-03-24,WMT,TP1,1000.0,1000.0,1000.0,39366000.0,9.934803565669823,35.39202880859375,1393242606.0791016,ANY,0.7544093728065491,0.0,NONE,0.0,8.547008547008547,24.149529808625147,8.547008547008547,0.4113870391845703,WIN,False,False
321.0,16.0,1.0,108.44349670410156,43.0,491.85547637939453,308.0,1000.0,0.9985760450363159,5.133941650390625,156170000.0,0.9535312652587891,89.3936767578125,106.51914978027344,119.83895874023438,2020-04-13,2020-03-24,AMZN,TP1,1000.0,1000.0,1000.0,156170000.0,11.791659991290354,97.00499725341797,15149270421.066284,ANY,4.073207855224609,0.0,NONE,0.0,23.25581395348837,23.973830845780427,23.25581395348837,0.49185547637939453,WIN,False,False
321.0,129.0,1.0,39.672000885009766,114.0,449.1602783203125,308.0,1000.0,1.4464994668960571,6.903956413269043,134494000.0,0.974564790725708,32.84983825683594,39.33469772338867,44.37847900390625,2020-04-13,2020-03-24,NFLX,TP1,1000.0,1000.0,1000.0,134494000.0,11.02653815353997,35.731998443603516,4805739398.674011,ANY,1.7434616088867188,0.0,NONE,0.0,8.771929824561404,24.549228161437167,8.771929824561404,0.4491602783203125,WIN,False,False
322.0,134.0,1.0,7.071409702301025,674.0,448.3311376571655,310.0,1000.0,1.0631206035614014,9.418609619140625,793432000.0,0.9140735864639282,5.916882038116455,7.017914772033691,7.874273777008057,2020-04-14,2020-03-26,NVDA,TP1,1000.0,1000.0,1000.0,793432000.0,10.383325798197195,6.4062299728393555,5082907859.8098755,ANY,6.159112453460693,0.0,NONE,0.0,1.4836795252225519,23.15994791808822,1.4836795252225519,0.44833113765716553,WIN,False,False
324.0,16.0,2.0,120.40950012207031,43.0,1006.3936233520508,308.0,1000.0,0.9985760450363159,5.133941650390625,156170000.0,0.9535312652587891,89.3936767578125,106.51914978027344,119.83895874023438,2020-04-16,2020-03-24,AMZN,TP2,1000.0,1000.0,1000.0,156170000.0,24.127110490514124,97.00499725341797,15149270421.066284,ANY,4.073207855224609,0.0,NONE,0.0,23.25581395348837,23.973830845780427,23.25581395348837,1.0063936233520507,WIN,False,False
324.0,129.0,2.0,44.37847900390625,114.0,985.6987838745117,308.0,1000.0,1.4464994668960571,6.903956413269043,134494000.0,0.974564790725708,32.84983825683594,39.33469772338867,44.37847900390625,2020-04-16,2020-03-24,NFLX,TP2,1000.0,1000.0,1000.0,134494000.0,24.198144343786527,35.731998443603516,4805739398.674011,ANY,1.7434616088867188,0.0,NONE,0.0,8.771929824561404,24.549228161437167,8.771929824561404,0.9856987838745117,WIN,False,False
331.0,45.0,1.0,446.11798095703125,9.0,364.8419494628906,322.0,1000.0,0.5114772915840149,6.4774370193481445,144500.0,0.9466723203659058,373.14959716796875,446.11798095703125,502.8711853027344,2020-04-27,2020-04-14,CTL,TP1,1000.0,1000.0,1000.0,144500.0,9.99506773679096,405.5799865722656,58606308.05969238,ANY,12.980749130249023,0.0,NONE,0.0,111.11111111111111,27.395609938784172,111.11111111111111,0.3648419494628906,WIN,False,False
341.0,134.0,2.0,8.034436225891113,674.0,1097.4110145568848,310.0,1000.0,1.0631206035614014,9.418609619140625,793432000.0,0.9140735864639282,5.916882038116455,7.017914772033691,7.874273777008057,2020-05-11,2020-03-26,NVDA,TP2,1000.0,1000.0,1000.0,793432000.0,25.415981941873806,6.4062299728393555,5082907859.8098755,ANY,6.159112453460693,0.0,NONE,0.0,1.4836795252225519,23.15994791808822,1.4836795252225519,1.0974110145568847,WIN,False,False
342.0,184.0,1.0,287.63800048828125,16.0,403.64794921875,322.0,1000.0,0.6976925730705261,7.750272274017334,1831300.0,0.9428635835647583,242.22760009765625,287.63800048828125,322.95721435546875,2020-05-12,2020-04-14,VRTX,TP1,1000.0,1000.0,1000.0,1831300.0,9.613961538850688,262.4100036621094,480551439.7064209,ANY,13.793956756591797,0.0,NONE,0.0,62.5,23.817689542231683,62.5,0.40364794921875,WIN,False,False
347.0,176.0,2.0,142.24000549316406,35.0,1198.0501174926758,302.0,1000.0,1.164763331413269,4.066910266876221,2637100.0,0.8751853704452515,98.68040466308594,119.67200469970703,135.99880981445312,2020-05-19,2020-03-16,TTWO,TP2,1000.0,1000.0,1000.0,2637100.0,31.691512526552955,108.01000213623047,284833176.63345337,ANY,-4.805130958557129,0.0,NONE,0.0,28.571428571428573,26.452576619146907,28.571428571428573,1.1980501174926759,WIN,False,False
348.0,95.0,1.0,160.36199951171875,27.0,409.1038055419922,343.0,1000.0,0.8990233540534973,4.262033462524414,419300.0,0.9434903860092163,133.08840942382812,160.36199951171875,181.57481384277344,2020-05-20,2020-05-13,IPGP,TP1,1000.0,1000.0,1000.0,419300.0,10.43453763328322,145.2100067138672,60886555.81512451,ANY,11.099213600158691,0.0,NONE,0.0,37.03703703703704,25.5058434850276,37.03703703703704,0.40910380554199216,WIN,False,False
353.0,129.0,3.0,41.34400177001953,118.0,662.2163925170898,308.0,1000.0,1.4464994668960571,6.903956413269043,134494000.0,0.974564790725708,32.84983825683594,39.33469772338867,44.37847900390625,2020-05-28,2020-03-24,NFLX,RUNNER,1000.0,1000.0,1000.0,134494000.0,15.705819911734146,35.731998443603516,4805739398.674011,ANY,1.7434616088867188,0.0,NONE,0.0,8.474576271186441,23.717050935625736,8.474576271186441,0.6622163925170899,WIN,False,False
357.0,152.0,1.0,157.46896362304688,29.0,408.0434875488281,343.0,1000.0,0.8845608830451965,3.424907684326172,9757600.0,0.9696369171142578,132.14212036132812,157.46896362304688,177.16763305664062,2020-06-03,2020-05-13,PYPL,TP1,1000.0,1000.0,1000.0,9757600.0,9.812142547950769,143.39849853515625,1399225189.3066406,ANY,15.366554260253906,0.0,NONE,0.0,34.48275862068966,24.046805910060282,34.48275862068966,0.40804348754882813,WIN,False,False
359.0,176.0,3.0,128.91000366210938,37.0,773.3000564575195,302.0,1000.0,1.164763331413269,4.066910266876221,2637100.0,0.8751853704452515,98.68040466308594,119.67200469970703,135.99880981445312,2020-06-05,2020-03-16,TTWO,RUNNER,1000.0,1000.0,1000.0,2637100.0,19.350061209625963,108.01000213623047,284833176.63345337,ANY,-4.805130958557129,0.0,NONE,0.0,27.027027027027028,25.02270761270653,27.027027027027028,0.7733000564575195,WIN,False,False
369.0,58.0,3.0,12.136188507080078,771.0,4953.706396579742,292.0,1000.0,1.9562528133392334,8.46237564086914,19794100.0,0.27961838245391846,5.270036697387695,6.262536525726318,7.034480571746826,2020-06-19,2020-03-02,EQT,RUNNER,1000.0,1000.0,1000.0,19794100.0,112.49999060711046,5.711147785186768,113047030.3747654,ANY,9.845765113830566,0.0,NONE,0.0,1.297016861219196,22.710266132200612,1.297016861219196,4.953706396579743,WIN,True,False
374.0,190.0,1.0,221.2136993408203,20.0,405.43243408203125,343.0,1000.0,1.0006526708602905,3.4865050315856934,505900.0,0.9748773574829102,184.72479248046875,221.2136993408203,249.5939483642578,2020-06-26,2020-05-13,WST,TP1,1000.0,1000.0,1000.0,505900.0,10.088291084931665,200.94207763671875,101656597.07641602,ANY,7.725164890289307,0.0,NONE,0.0,50.0,24.88279238875718,50.0,0.4054324340820312,WIN,False,False
3.0,18.0,1.0,239.46099853515625,18.0,389.7117004394531,1.0,1000.0,1.3277884721755981,2.4262843132019043,1333000.0,0.5,200.48983764648438,239.46099853515625,269.77191162109375,2020-07-08,2020-07-06,APD,TP1,1000.0,1000.0,1000.0,1333000.0,9.94013836920438,217.8103485107422,290341194.56481934,ANY,4.075697422027588,0.0,NONE,0.0,55.55555555555556,25.506389359096783,55.55555555555556,0.38971170043945313,WIN,False,False
7.0,5.0,0.0,103.39906311035156,113.0,-994.7814025878906,1.0,1000.0,0.7119982242584229,2.6412081718444824,1624100.0,0.5,103.39906311035156,123.2066650390625,138.61257934570312,2020-07-14,2020-07-06,ADI,STOP,1000.0,1000.0,1000.0,1624100.0,-7.845974983473404,112.20243835449219,182227980.13153076,ANY,2.2155611515045166,0.0,NONE,0.0,8.849557522123893,7.887134764544615,8.849557522123893,-0.9947814025878906,LOSS,False,False
14.0,7.0,1.0,68.76859283447266,66.0,412.04907989501953,1.0,1000.0,0.9482583403587341,3.1530191898345947,1774400.0,0.5,57.53089141845703,68.76859283447266,77.50902557373047,2020-07-23,2020-07-06,AEE,TP1,1000.0,1000.0,1000.0,1774400.0,9.985006709611843,62.52542495727539,110945114.04418945,ANY,2.0741024017333984,0.0,NONE,0.0,15.151515151515152,24.232566450957226,15.151515151515152,0.41204907989501954,WIN,False,False
14.0,8.0,1.0,68.76859283447266,66.0,412.048828125,1.0,1000.0,0.9482583403587341,3.1530191898345947,1774400.0,0.5,57.53089904785156,68.76859283447266,77.50902557373047,2020-07-23,2020-07-06,AGN,TP1,1000.0,1000.0,1000.0,1774400.0,9.984999999389897,62.525428771972656,110945120.81298828,ANY,2.074106454849243,0.0,NONE,0.0,15.151515151515152,24.23256497252026,15.151515151515152,0.412048828125,WIN,False,False
21.0,0.0,1.0,95.43675231933594,48.0,452.1331787109375,1.0,1000.0,0.9329364895820618,2.2925825119018555,1507700.0,0.5,79.18446350097656,94.55836486816406,106.5158462524414,2020-08-03,2020-07-06,A,TP1,1000.0,1000.0,1000.0,1507700.0,10.950634358485075,86.0173110961914,129688299.93972778,ANY,1.673561453819275,0.0,NONE,0.0,20.833333333333332,24.219930927666223,20.833333333333332,0.4521331787109375,WIN,False,False
36.0,16.0,1.0,167.30349731445312,28.0,404.64178466796875,1.0,1000.0,1.4701560735702515,2.7831037044525146,131868000.0,0.5,141.29080200195312,167.30349731445312,187.5355987548828,2020-08-24,2020-07-06,AMZN,TP1,1000.0,1000.0,1000.0,131868000.0,9.454565093280042,152.8520050048828,20156288195.983887,ANY,13.310599327087402,0.0,NONE,0.0,35.714285714285715,23.36527133755611,35.714285714285715,0.40464178466796874,WIN,False,False
43.0,18.0,2.0,271.5388488769531,19.0,1020.8415069580078,1.0,1000.0,1.3277884721755981,2.4262843132019043,1333000.0,0.5,200.48983764648438,239.46099853515625,269.77191162109375,2020-09-02,2020-07-06,APD,TP2,1000.0,1000.0,1000.0,1333000.0,24.6675609003771,217.8103485107422,290341194.56481934,ANY,4.075697422027588,0.0,NONE,0.0,52.63157894736842,24.163947813881155,52.63157894736842,1.020841506958008,WIN,False,False
44.0,17.0,1.0,203.15228271484375,22.0,403.9072570800781,1.0,1000.0,0.7609345316886902,2.975055456161499,1241400.0,0.5,170.10533142089844,203.15228271484375,228.85545349121094,2020-09-03,2020-07-06,AON,TP1,1000.0,1000.0,1000.0,1241400.0,9.935135255646198,184.79286193847656,229401858.8104248,ANY,1.5854547023773193,0.0,NONE,0.0,45.45454545454545,24.597565608177398,45.45454545454545,0.40390725708007813,WIN,False,False
46.0,2.0,0.0,72.48189544677734,158.0,-994.4168395996094,1.0,1000.0,0.750079333782196,2.623507499694824,6158800.0,0.5,72.48189544677734,86.64289093017578,97.6570053100586,2020-09-08,2020-07-06,ABBV,STOP,1000.0,1000.0,1000.0,6158800.0,-7.989493752472692,78.77567291259766,485163614.33410645,ANY,2.884114980697632,0.0,NONE,0.0,6.329113924050633,8.034350821823946,6.329113924050633,-0.9944168395996094,LOSS,False,False
50.0,150.0,1.0,180.16273498535156,25.0,409.10072326660156,37.0,1000.0,0.5857320427894592,2.745573043823242,483800.0,0.8865112662315369,150.70748901367188,180.16273498535156,203.07237243652344,2020-09-14,2020-08-25,PSA,TP1,1000.0,1000.0,1000.0,483800.0,9.99032857146051,163.7987060546875,79245813.98925781,ANY,3.305870294570923,0.8,CUP_AND_HANDLE,0.3,40.0,24.420217328606487,40.0,0.4091007232666016,WIN,False,False
55.0,55.0,0.0,21.47385597229004,533.0,-999.2397899627686,37.0,1000.0,0.7135187983512878,1.7982962131500244,2013600.0,0.844985842704773,21.47385597229004,25.692035675048828,28.972843170166016,2020-09-21,2020-08-25,ENB,STOP,1000.0,1000.0,1000.0,2013600.0,-8.02937280335439,23.348602294921875,47014745.58105469,ANY,0.47813618183135986,0.75,FLAT_BASE,0.3,1.876172607879925,8.035481457011997,1.876172607879925,-0.9992397899627685,LOSS,False,False
57.0,18.0,3.0,249.767333984375,20.0,639.1397094726562,1.0,1000.0,1.3277884721755981,2.4262843132019043,1333000.0,0.5,200.48983764648438,239.46099853515625,269.77191162109375,2020-09-23,2020-07-06,APD,RUNNER,1000.0,1000.0,1000.0,1333000.0,14.671931656202611,217.8103485107422,290341194.56481934,ANY,4.075697422027588,0.0,NONE,0.0,50.0,22.9557504231871,50.0,0.6391397094726563,WIN,False,False
57.0,101.0,0.0,7.419924736022949,1500.0,-1340.4593467712402,56.0,1000.0,2.0347704887390137,4.986721038818359,31915100.0,1.0,7.647035121917725,9.14672565460205,10.313152313232422,2020-09-23,2020-09-22,KGC,STOP,1000.0,1000.0,1000.0,31915100.0,-10.74917486903211,8.31356430053711,265328236.0080719,ANY,2.595503091812134,0.8,POCKET_PIVOT,0.3,0.6666666666666666,8.019023400391523,0.6666666666666666,-1.3404593467712402,LOSS,False,True
65.0,139.0,1.0,306.0400085449219,15.0,558.6003112792969,56.0,1000.0,0.8791377544403076,4.015239238739014,229200.0,1.0,247.1143798828125,295.906982421875,333.8567810058594,2020-10-05,2020-09-22,ONC,TP1,1000.0,1000.0,1000.0,229200.0,13.854175016047844,268.79998779296875,61608957.20214844,ANY,8.043791770935059,0.8,POCKET_PIVOT,0.3,66.66666666666667,24.801588427903393,66.66666666666667,0.5586003112792969,WIN,False,False
80.0,118.0,0.0,308.7166748046875,37.0,-1048.5075988769531,37.0,1000.0,0.7907631993293762,1.8663493394851685,2753900.0,0.8851271271705627,310.4021301269531,370.3704528808594,417.0124816894531,2020-10-26,2020-08-25,MA,STOP,1000.0,1000.0,1000.0,2753900.0,-8.407549782885026,337.0547180175781,928214987.9486084,ANY,6.458695888519287,0.75,CUP_AND_HANDLE,0.3,27.027027027027028,8.018587363496723,27.027027027027028,-1.0485075988769532,LOSS,False,True
84.0,135.0,0.0,29.168867111206055,394.0,-998.2496147155762,56.0,1000.0,1.2779098749160767,1.5552808046340942,2122800.0,1.0,29.168867111206055,34.86953353881836,39.303382873535156,2020-10-30,2020-09-22,NVO,STOP,1000.0,1000.0,1000.0,2122800.0,-7.991889653466246,31.702495574951172,67298057.60650635,ANY,3.305129051208496,0.7,FLAT_BASE,0.3,2.5380710659898478,8.005903068385672,2.5380710659898478,-0.9982496147155762,LOSS,False,False
88.0,0.0,2.0,106.5158462524414,48.0,983.9296875,1.0,1000.0,0.9329364895820618,2.2925825119018555,1507700.0,0.5,79.18446350097656,94.55836486816406,106.5158462524414,2020-11-05,2020-07-06,A,TP2,1000.0,1000.0,1000.0,1507700.0,23.830709068930215,86.0173110961914,129688299.93972778,ANY,1.673561453819275,0.0,NONE,0.0,20.833333333333332,24.219930927666223,20.833333333333332,0.9839296875,WIN,False,False
88.0,76.0,1.0,88.740966796875,51.0,410.2801208496094,85.0,1000.0,2.3923892974853516,2.683664560317993,86582000.0,1.0,74.26049041748047,88.740966796875,100.00357055664062,2020-11-05,2020-11-02,GOOG,TP1,1000.0,1000.0,1000.0,86582000.0,9.969121737502624,80.69625854492188,6986843457.336426,ANY,4.160172462463379,0.75,POCKET_PIVOT,0.3,19.607843137254903,24.29832992361057,19.607843137254903,0.41028012084960935,WIN,False,False
90.0,78.0,1.0,107.38697814941406,44.0,408.5868225097656,85.0,1000.0,2.8685317039489746,2.088001251220703,1946600.0,1.0,90.67206573486328,107.38697814941406,120.38746643066406,2020-11-09,2020-11-02,GRMN,TP1,1000.0,1000.0,1000.0,1946600.0,9.465828369153176,98.10091400146484,190963239.19525146,ANY,10.522175788879395,0.7,CUP_AND_HANDLE,0.3,22.727272727272727,23.167238510064607,22.727272727272727,0.40858682250976563,WIN,False,False
105.0,139.0,0.0,246.49000549316406,31.0,-691.6094512939453,56.0,1000.0,0.8791377544403076,4.015239238739014,229200.0,1.0,247.1143798828125,295.906982421875,333.8567810058594,2020-12-01,2020-09-22,ONC,STOP,1000.0,1000.0,1000.0,229200.0,-8.299844982503481,268.79998779296875,61608957.20214844,ANY,8.043791770935059,0.8,POCKET_PIVOT,0.3,32.25806451612903,12.000768594146802,32.25806451612903,-0.6916094512939454,LOSS,False,False
145.0,0.0,3.0,116.138427734375,50.0,1506.0558319091797,1.0,1000.0,0.9329364895820618,2.2925825119018555,1507700.0,0.5,79.18446350097656,94.55836486816406,106.5158462524414,2021-01-29,2020-07-06,A,RUNNER,1000.0,1000.0,1000.0,1507700.0,35.017505493167256,86.0173110961914,129688299.93972778,ANY,1.673561453819275,0.0,NONE,0.0,20.0,23.251133690559573,20.0,1.5060558319091797,WIN,False,False
148.0,76.0,2.0,102.73298645019531,51.0,1123.8731231689453,85.0,1000.0,2.3923892974853516,2.683664560317993,86582000.0,1.0,74.26049041748047,88.740966796875,100.00357055664062,2021-02-03,2020-11-02,GOOG,TP2,1000.0,1000.0,1000.0,86582000.0,27.308239939037648,80.69625854492188,6986843457.336426,ANY,4.160172462463379,0.75,POCKET_PIVOT,0.3,19.607843137254903,24.29832992361057,19.607843137254903,1.1238731231689454,WIN,False,False
156.0,64.0,1.0,58.05359649658203,79.0,406.63916778564453,149.0,1000.0,1.3236732482910156,6.14548397064209,4214000.0,0.9905852675437927,48.78839874267578,58.05359649658203,65.2598648071289,2021-02-16,2021-02-04,FANG,TP1,1000.0,1000.0,1000.0,4214000.0,9.729152516464707,52.90626525878906,222947001.8005371,ANY,8.694729804992676,0.0,NONE,0.0,12.658227848101266,23.92576339717802,12.658227848101266,0.4066391677856445,WIN,False,False
159.0,172.0,1.0,39.91999816894531,119.0,540.2596549987793,149.0,1000.0,0.8586057424545288,6.090330123901367,2379600.0,0.9677709341049194,32.623199462890625,38.82600021362305,43.6504020690918,2021-02-19,2021-02-04,TRIP,TP1,1000.0,1000.0,1000.0,2379600.0,12.832099954122283,35.380001068115234,84190250.54168701,ANY,4.884017467498779,0.0,NONE,0.0,8.403361344537815,23.751727221147537,8.403361344537815,0.5402596549987793,WIN,False,False
160.0,1.0,1.0,20.440000534057617,234.0,711.3602142333984,149.0,1000.0,0.8348587155342102,6.128291130065918,61414800.0,1.0,15.991999626159668,19.15999984741211,21.624000549316406,2021-02-22,2021-02-04,AAL,TP1,1000.0,1000.0,1000.0,61414800.0,17.471270012499712,17.399999618530273,1068617496.572113,ANY,7.530201435089111,0.0,NONE,0.0,4.273504273504273,24.560369926406032,4.273504273504273,0.7113602142333985,WIN,False,False
160.0,172.0,2.0,44.709999084472656,119.0,1110.2697639465332,149.0,1000.0,0.8586057424545288,6.090330123901367,2379600.0,0.9677709341049194,32.623199462890625,38.82600021362305,43.6504020690918,2021-02-22,2021-02-04,TRIP,TP2,1000.0,1000.0,1000.0,2379600.0,26.370824575145924,35.380001068115234,84190250.54168701,ANY,4.884017467498779,0.0,NONE,0.0,8.403361344537815,23.751727221147537,8.403361344537815,1.110269763946533,WIN,False,False
162.0,1.0,2.0,21.81999969482422,234.0,1034.2800178527832,149.0,1000.0,0.8348587155342102,6.128291130065918,61414800.0,1.0,15.991999626159668,19.15999984741211,21.624000549316406,2021-02-24,2021-02-04,AAL,TP2,1000.0,1000.0,1000.0,61414800.0,25.40229984595419,17.399999618530273,1068617496.572113,ANY,7.530201435089111,0.0,NONE,0.0,4.273504273504273,24.560369926406032,4.273504273504273,1.0342800178527831,WIN,False,False
168.0,64.0,2.0,66.15941619873047,80.0,1060.2520751953125,149.0,1000.0,1.3236732482910156,6.14548397064209,4214000.0,0.9905852675437927,48.78839874267578,58.05359649658203,65.2598648071289,2021-03-04,2021-02-04,FANG,TP2,1000.0,1000.0,1000.0,4214000.0,25.050248538833923,52.90626525878906,222947001.8005371,ANY,8.694729804992676,0.0,NONE,0.0,12.5,23.626691354713298,12.5,1.0602520751953124,WIN,False,False
182.0,76.0,3.0,101.4917984008789,53.0,1102.1636123657227,85.0,1000.0,2.3923892974853516,2.683664560317993,86582000.0,1.0,74.26049041748047,88.740966796875,100.00357055664062,2021-03-24,2020-11-02,GOOG,RUNNER,1000.0,1000.0,1000.0,86582000.0,25.770141306341483,80.69625854492188,6986843457.336426,ANY,4.160172462463379,0.75,POCKET_PIVOT,0.3,18.867924528301888,23.381411813285645,18.867924528301888,1.1021636123657226,WIN,False,False
185.0,64.0,3.0,60.44395065307617,83.0,625.6278877258301,149.0,1000.0,1.3236732482910156,6.14548397064209,4214000.0,0.9905852675437927,48.78839874267578,58.05359649658203,65.2598648071289,2021-03-29,2021-02-04,FANG,RUNNER,1000.0,1000.0,1000.0,4214000.0,14.247245307180153,52.90626525878906,222947001.8005371,ANY,8.694729804992676,0.0,NONE,0.0,12.048192771084338,22.772714558759805,12.048192771084338,0.6256278877258301,WIN,False,False
185.0,150.0,2.0,203.07237243652344,25.0,981.8416595458984,37.0,1000.0,0.5857320427894592,2.745573043823242,483800.0,0.8865112662315369,150.70748901367188,180.16273498535156,203.07237243652344,2021-03-29,2020-08-25,PSA,TP2,1000.0,1000.0,1000.0,483800.0,23.9767867083905,163.7987060546875,79245813.98925781,ANY,3.305870294570923,0.8,CUP_AND_HANDLE,0.3,40.0,24.420217328606487,40.0,0.9818416595458984,WIN,False,False
189.0,78.0,2.0,122.55821228027344,44.0,1076.1211242675781,85.0,1000.0,2.8685317039489746,2.088001251220703,1946600.0,1.0,90.67206573486328,107.38697814941406,120.38746643066406,2021-04-05,2020-11-02,GRMN,TP2,1000.0,1000.0,1000.0,1946600.0,24.93075475162586,98.10091400146484,190963239.19525146,ANY,10.522175788879395,0.7,CUP_AND_HANDLE,0.3,22.727272727272727,23.167238510064607,22.727272727272727,1.076121124267578,WIN,False,False
192.0,17.0,2.0,228.85545349121094,22.0,969.3770141601562,1.0,1000.0,0.7609345316886902,2.975055456161499,1241400.0,0.5,170.10533142089844,203.15228271484375,228.85545349121094,2021-04-08,2020-07-06,AON,TP2,1000.0,1000.0,1000.0,1241400.0,23.844314704863557,184.79286193847656,229401858.8104248,ANY,1.5854547023773193,0.0,NONE,0.0,45.45454545454545,24.597565608177398,45.45454545454545,0.9693770141601562,WIN,False,False
194.0,172.0,3.0,51.130001068115234,124.0,1953.0,149.0,1000.0,0.8586057424545288,6.090330123901367,2379600.0,0.9677709341049194,32.623199462890625,38.82600021362305,43.6504020690918,2021-04-12,2021-02-04,TRIP,RUNNER,1000.0,1000.0,1000.0,2379600.0,44.516674744235765,35.380001068115234,84190250.54168701,ANY,4.884017467498779,0.0,NONE,0.0,8.064516129032258,22.79399628481094,8.064516129032258,1.953,WIN,False,False
195.0,58.0,0.0,15.675975799560547,690.0,-999.1726112365723,186.0,1000.0,1.0788600444793701,6.105193614959717,5855200.0,1.0,15.675975799560547,18.934146881103516,21.468280792236328,2021-04-13,2021-03-30,EQT,STOP,1000.0,1000.0,1000.0,5855200.0,-8.45638779964435,17.124052047729492,100264749.54986572,ANY,-1.1254065036773682,0.7,POCKET_PIVOT,0.3,1.4492753623188406,8.463390313690402,1.4492753623188406,-0.9991726112365723,LOSS,False,False
197.0,1.0,3.0,22.1299991607666,242.0,1144.6598892211914,149.0,1000.0,0.8348587155342102,6.128291130065918,61414800.0,1.0,15.991999626159668,19.15999984741211,21.624000549316406,2021-04-15,2021-02-04,AAL,RUNNER,1000.0,1000.0,1000.0,61414800.0,27.183906011118964,17.399999618530273,1068617496.572113,ANY,7.530201435089111,0.0,NONE,0.0,4.132231404958677,23.748456870987646,4.132231404958677,1.1446598892211914,WIN,False,False
204.0,10.0,1.0,4.547873497009277,1046.0,412.17293548583984,186.0,1000.0,0.7407624125480652,4.066922664642334,3035400.0,1.0,3.8385891914367676,4.547873497009277,5.099539279937744,2021-04-26,2021-03-30,AIV,TP1,1000.0,1000.0,1000.0,3035400.0,9.486355850154387,4.153826713562012,12608525.60634613,ANY,14.60632610321045,0.65,POCKET_PIVOT,0.2,0.9560229445506692,23.015474897624106,0.9560229445506692,0.41217293548583983,WIN,False,False
204.0,17.0,3.0,221.60792541503906,24.0,883.5615234375,1.0,1000.0,0.7609345316886902,2.975055456161499,1241400.0,0.5,170.10533142089844,203.15228271484375,228.85545349121094,2021-04-26,2020-07-06,AON,RUNNER,1000.0,1000.0,1000.0,1241400.0,19.922340663147157,184.79286193847656,229401858.8104248,ANY,1.5854547023773193,0.0,NONE,0.0,41.666666666666664,22.547768474162616,41.666666666666664,0.8835615234375,WIN,False,False
218.0,102.0,1.0,35.52021026611328,126.0,411.45384979248047,186.0,1000.0,1.3018947839736938,2.430677652359009,9905200.0,1.0,29.642295837402344,35.52021026611328,40.091922760009766,2021-05-14,2021-03-30,KHC,TP1,1000.0,1000.0,1000.0,9905200.0,10.124125748621262,32.254703521728516,319489289.3234253,ANY,3.8120310306549072,0.65,POCKET_PIVOT,0.2,7.936507936507937,24.605738295382178,7.936507936507937,0.41145384979248045,WIN,False,False
235.0,39.0,0.0,223.22735595703125,51.0,-1019.0887298583984,219.0,1000.0,0.7741510272026062,1.9741592407226562,1103800.0,1.0,223.84092712402344,267.4201965332031,301.3151550292969,2021-06-09,2021-05-17,CI,STOP,1000.0,1000.0,1000.0,1103800.0,-8.216016623902526,243.20948791503906,268454632.7606201,ANY,3.330965995788574,0.65,POCKET_PIVOT,0.2,19.607843137254903,8.062120974533919,19.607843137254903,-1.0190887298583984,LOSS,False,True
236.0,10.0,2.0,5.099539279937744,1047.0,990.1610569953918,186.0,1000.0,0.7407624125480652,4.066922664642334,3035400.0,1.0,3.8385891914367676,4.547873497009277,5.099539279937744,2021-06-10,2021-03-30,AIV,TP2,1000.0,1000.0,1000.0,3035400.0,22.767260928050607,4.153826713562012,12608525.60634613,ANY,14.60632610321045,0.65,POCKET_PIVOT,0.2,0.9551098376313276,22.993492591131627,0.9551098376313276,0.9901610569953918,WIN,False,False
242.0,9.0,0.0,42.339866638183594,268.0,-1066.3536224365234,219.0,1000.0,1.0598680973052979,2.4752421379089355,4844800.0,1.0,42.58958053588867,50.980316162109375,57.506446838378906,2021-06-18,2021-05-17,AIG,STOP,1000.0,1000.0,1000.0,4844800.0,-8.590316660208472,46.31879806518555,224405312.86621094,ANY,5.026280879974365,0.0,NONE,0.0,3.7313432835820897,8.055786072710438,3.7313432835820897,-1.0663536224365235,LOSS,False,True
249.0,10.0,3.0,4.460529804229736,1079.0,330.93263483047485,186.0,1000.0,0.7407624125480652,4.066922664642334,3035400.0,1.0,3.8385891914367676,4.547873497009277,5.099539279937744,2021-06-29,2021-03-30,AIV,RUNNER,1000.0,1000.0,1000.0,3035400.0,7.383627479363937,4.153826713562012,12608525.60634613,ANY,14.60632610321045,0.65,POCKET_PIVOT,0.2,0.9267840593141798,22.31157251428621,0.9267840593141798,0.33093263483047486,WIN,False,False
255.0,16.0,2.0,187.5355987548828,28.0,971.140625,1.0,1000.0,1.4701560735702515,2.7831037044525146,131868000.0,0.5,141.29080200195312,167.30349731445312,187.5355987548828,2021-07-08,2020-07-06,AMZN,TP2,1000.0,1000.0,1000.0,131868000.0,22.690964210048826,152.8520050048828,20156288195.983887,ANY,13.310599327087402,0.0,NONE,0.0,35.714285714285715,23.36527133755611,35.714285714285715,0.971140625,WIN,False,False
265.0,35.0,1.0,93.71688842773438,49.0,433.6514205932617,256.0,1000.0,0.5835627913475037,1.893108606338501,3320700.0,1.0,78.17758178710938,93.22845458984375,104.93468475341797,2021-07-22,2021-07-09,BX,TP1,1000.0,1000.0,1000.0,3320700.0,10.428133019779715,84.86685943603516,281817380.12924194,ANY,1.8011534214019775,0.55,VCP,0.2,20.408163265306122,24.047270513984227,20.408163265306122,0.4336514205932617,WIN,False,False
271.0,16.0,3.0,166.37950134277344,30.0,405.82489013671875,1.0,1000.0,1.4701560735702515,2.7831037044525146,131868000.0,0.5,141.29080200195312,167.30349731445312,187.5355987548828,2021-07-30,2020-07-06,AMZN,RUNNER,1000.0,1000.0,1000.0,131868000.0,8.85006142867311,152.8520050048828,20156288195.983887,ANY,13.310599327087402,0.0,NONE,0.0,33.333333333333336,21.807586581719036,33.333333333333336,0.40582489013671874,WIN,False,False
275.0,102.0,0.0,29.642295837402344,256.0,-668.7763671875,186.0,1000.0,1.3018947839736938,2.430677652359009,9905200.0,1.0,29.642295837402344,35.52021026611328,40.091922760009766,2021-08-05,2021-03-30,KHC,STOP,1000.0,1000.0,1000.0,9905200.0,-8.09930769497327,32.254703521728516,319489289.3234253,ANY,3.8120310306549072,0.65,POCKET_PIVOT,0.2,3.90625,12.110636817258415,3.90625,-0.6687763671875,LOSS,False,False
276.0,150.0,3.0,249.5828094482422,26.0,2230.386688232422,37.0,1000.0,0.5857320427894592,2.745573043823242,483800.0,0.8865112662315369,150.70748901367188,180.16273498535156,203.07237243652344,2021-08-06,2020-08-25,PSA,RUNNER,1000.0,1000.0,1000.0,483800.0,52.37166120525637,163.7987060546875,79245813.98925781,ANY,3.305870294570923,0.8,CUP_AND_HANDLE,0.3,38.46153846153846,23.48097820058316,38.46153846153846,2.230386688232422,WIN,True,False
277.0,18.0,0.0,246.18710327148438,46.0,-999.214111328125,219.0,1000.0,0.7774370908737183,1.7354605197906494,698500.0,1.0,246.51904296875,294.64678955078125,332.0794372558594,2021-08-09,2021-05-17,APD,STOP,1000.0,1000.0,1000.0,698500.0,-8.107989579952811,267.9091491699219,187134540.69519043,ANY,3.203883409500122,0.8,CUP_AND_HANDLE,0.3,21.73913043478261,8.114366568718609,21.73913043478261,-0.999214111328125,LOSS,False,False
281.0,7.0,2.0,77.79269409179688,66.0,1007.639762878418,1.0,1000.0,0.9482583403587341,3.1530191898345947,1774400.0,0.5,57.53089141845703,68.76859283447266,77.50902557373047,2021-08-13,2020-07-06,AEE,TP2,1000.0,1000.0,1000.0,1774400.0,24.417697512578044,62.52542495727539,110945114.04418945,ANY,2.0741024017333984,0.0,NONE,0.0,15.151515151515152,24.232566450957226,15.151515151515152,1.007639762878418,WIN,False,False
281.0,8.0,2.0,77.79270935058594,66.0,1007.6405181884766,1.0,1000.0,0.9482583403587341,3.1530191898345947,1774400.0,0.5,57.53089904785156,68.76859283447266,77.50902557373047,2021-08-13,2020-07-06,AGN,TP2,1000.0,1000.0,1000.0,1774400.0,24.417714325946243,62.525428771972656,110945120.81298828,ANY,2.074106454849243,0.0,NONE,0.0,15.151515151515152,24.23256497252026,15.151515151515152,1.0076405181884767,WIN,False,False
284.0,0.0,1.0,159.8326416015625,28.0,403.88641357421875,256.0,1000.0,0.974831759929657,1.3059601783752441,1891700.0,1.0,133.86851501464844,159.8326416015625,180.02696228027344,2021-08-18,2021-07-09,A,TP1,1000.0,1000.0,1000.0,1891700.0,9.920019661120607,145.4081268310547,275068553.52630615,ANY,2.1341891288757324,0.55,POCKET_PIVOT,0.2,35.714285714285715,24.56140966301083,35.714285714285715,0.40388641357421873,WIN,False,False
290.0,35.0,2.0,104.93468475341797,49.0,983.3234405517578,256.0,1000.0,0.5835627913475037,1.893108606338501,3320700.0,1.0,78.17758178710938,93.22845458984375,104.93468475341797,2021-08-26,2021-07-09,BX,TP2,1000.0,1000.0,1000.0,3320700.0,23.646244777689805,84.86685943603516,281817380.12924194,ANY,1.8011534214019775,0.55,VCP,0.2,20.408163265306122,24.047270513984227,20.408163265306122,0.9833234405517578,WIN,False,False
296.0,36.0,1.0,167.13699340820312,26.0,396.94195556640625,282.0,1000.0,0.7726513743400574,1.8587664365768433,848800.0,1.0,139.65640258789062,167.13699340820312,188.5107879638672,2021-09-03,2021-08-16,CDNS,TP1,1000.0,1000.0,1000.0,848800.0,10.052675829241416,151.8699951171875,128907251.85546875,ANY,2.8497490882873535,0.55,VCP,0.2,38.46153846153846,25.325304338003285,38.46153846153846,0.39694195556640627,WIN,False,False
302.0,7.0,3.0,75.71720123291016,68.0,897.0407867431641,1.0,1000.0,0.9482583403587341,3.1530191898345947,1774400.0,0.5,57.53089141845703,68.76859283447266,77.50902557373047,2021-09-14,2020-07-06,AEE,RUNNER,1000.0,1000.0,1000.0,1774400.0,21.09825928356171,62.52542495727539,110945114.04418945,ANY,2.0741024017333984,0.0,NONE,0.0,14.705882352941176,23.51984390828201,14.705882352941176,0.897040786743164,WIN,False,False
302.0,8.0,3.0,75.71720123291016,68.0,897.04052734375,1.0,1000.0,0.9482583403587341,3.1530191898345947,1774400.0,0.5,57.53089904785156,68.76859283447266,77.50902557373047,2021-09-14,2020-07-06,AGN,RUNNER,1000.0,1000.0,1000.0,1774400.0,21.098251895316515,62.525428771972656,110945120.81298828,ANY,2.074106454849243,0.0,NONE,0.0,14.705882352941176,23.519842473328488,14.705882352941176,0.89704052734375,WIN,False,False
306.0,78.0,3.0,151.84786987304688,46.0,2472.3599700927734,85.0,1000.0,2.8685317039489746,2.088001251220703,1946600.0,1.0,90.67206573486328,107.38697814941406,120.38746643066406,2021-09-20,2020-11-02,GRMN,RUNNER,1000.0,1000.0,1000.0,1946600.0,54.78741601814177,98.10091400146484,190963239.19525146,ANY,10.522175788879395,0.7,CUP_AND_HANDLE,0.3,21.73913043478261,22.159967270496583,21.73913043478261,2.4723599700927736,WIN,True,False
312.0,35.0,3.0,101.17405700683594,51.0,831.6670761108398,256.0,1000.0,0.5835627913475037,1.893108606338501,3320700.0,1.0,78.17758178710938,93.22845458984375,104.93468475341797,2021-09-28,2021-07-09,BX,RUNNER,1000.0,1000.0,1000.0,3320700.0,19.215035974191608,84.86685943603516,281817380.12924194,ANY,1.8011534214019775,0.55,VCP,0.2,19.607843137254903,23.104240297749552,19.607843137254903,0.8316670761108399,WIN,False,False
315.0,90.0,0.0,614.2348022460938,18.0,-950.3140869140625,256.0,1000.0,1.074466347694397,1.941206932067871,391600.0,1.0,614.2348022460938,733.0240478515625,825.4156494140625,2021-10-01,2021-07-09,IDXX,STOP,1000.0,1000.0,1000.0,391600.0,-7.914970051113499,667.030029296875,261208959.47265625,ANY,6.925567150115967,0.55,VCP,0.2,55.55555555555556,8.328793774714669,55.55555555555556,-0.9503140869140625,LOSS,False,False
328.0,9.0,1.0,54.288116455078125,83.0,409.62854385375977,282.0,1000.0,1.1548864841461182,2.687053918838501,4675500.0,1.0,45.404605865478516,54.288116455078125,61.197513580322266,2021-10-20,2021-08-16,AIG,TP1,1000.0,1000.0,1000.0,4675500.0,10.000000772943933,49.35283279418945,230749169.7292328,ANY,10.137441635131836,0.65,POCKET_PIVOT,0.2,12.048192771084338,24.41236315922848,12.048192771084338,0.40962854385375974,WIN,False,False
330.0,12.0,1.0,158.279052734375,28.0,427.4306640625,316.0,1000.0,0.6084927916526794,1.862648367881775,680800.0,1.0,131.32725524902344,157.62168884277344,178.07290649414062,2021-10-22,2021-10-04,AJG,TP1,1000.0,1000.0,1000.0,680800.0,10.674070988623793,143.013671875,97363707.8125,ANY,0.4587586224079132,0.55,FLAT_BASE,0.2,35.714285714285715,24.97263740315787,35.714285714285715,0.4274306640625,WIN,False,False
332.0,33.0,1.0,53.551090240478516,84.0,409.289794921875,186.0,1000.0,0.8081509470939636,1.3232330083847046,1256800.0,1.0,44.78059768676758,53.551090240478516,60.372581481933594,2021-10-26,2021-03-30,BNS,TP1,1000.0,1000.0,1000.0,1256800.0,10.009528398726694,48.678592681884766,61179255.28259277,ANY,0.7556555271148682,0.55,VCP,0.2,11.904761904761905,24.455846500246377,11.904761904761905,0.409289794921875,WIN,False,False
339.0,10.0,1.0,5.315964698791504,855.0,412.1588158607483,316.0,1000.0,1.199317216873169,2.8557629585266113,1598300.0,1.0,4.448261737823486,5.315964698791504,5.990845203399658,2021-11-04,2021-10-04,AIV,TP1,1000.0,1000.0,1000.0,1598300.0,9.972410191568107,4.833907604217529,7726034.523820877,ANY,4.4442853927612305,0.9,CUP_AND_HANDLE,0.3,1.1695906432748537,24.19555231577863,1.1695906432748537,0.4121588158607483,WIN,False,False
348.0,36.0,2.0,188.5107879638672,27.0,989.3014068603516,282.0,1000.0,0.7726513743400574,1.8587664365768433,848800.0,1.0,139.65640258789062,167.13699340820312,188.5107879638672,2021-11-17,2021-08-16,CDNS,TP2,1000.0,1000.0,1000.0,848800.0,24.126419980725316,151.8699951171875,128907251.85546875,ANY,2.8497490882873535,0.55,VCP,0.2,37.03703703703704,24.38733010326242,37.03703703703704,0.9893014068603516,WIN,False,False
349.0,44.0,0.0,45.42228317260742,252.0,-998.9945068359375,282.0,1000.0,0.7963871359825134,1.2453135251998901,10841700.0,1.0,45.42228317260742,54.34187698364258,61.279335021972656,2021-11-18,2021-08-16,CSCO,STOP,1000.0,1000.0,1000.0,10841700.0,-8.027011706045863,49.38654708862305,535434127.5707245,ANY,1.5875204801559448,0.9,FLAT_BASE,0.3,3.9682539682539684,8.035090935053683,3.9682539682539684,-0.9989945068359375,LOSS,False,False
354.0,31.0,0.0,2120.857177734375,5.0,-1495.33203125,316.0,1000.0,1.08860445022583,2.3260273933410645,306600.0,1.0,2226.616943359375,2661.556884765625,2999.843505859375,2021-11-26,2021-10-04,BKNG,STOP,1000.0,1000.0,1000.0,306600.0,-12.358506203637669,2419.923583984375,741948570.8496094,ANY,3.3611674308776855,0.6,CUP_AND_HANDLE,0.2,200.0,8.264723783992485,200.0,-1.49533203125,LOSS,False,True
357.0,58.0,0.0,17.246164321899414,633.0,-1397.3043251037598,355.0,1000.0,0.6653292179107666,4.3930559158325195,4115600.0,1.0,17.876266479492188,21.425256729125977,24.185583114624023,2021-12-01,2021-11-29,EQT,STOP,1000.0,1000.0,1000.0,4115600.0,-11.34716573815405,19.453596115112305,80063220.1713562,ANY,-0.8592854142189026,0.5,CUP_AND_HANDLE,0.2,1.5797788309636651,8.120754752055493,1.5797788309636651,-1.3973043251037598,LOSS,False,True
367.0,144.0,1.0,47.08745574951172,95.0,486.8905830383301,355.0,1000.0,1.473746418952942,2.934222459793091,66561300.0,1.0,38.502803802490234,46.286651611328125,52.34075164794922,2021-12-15,2021-11-29,PFE,TP1,1000.0,1000.0,1000.0,66561300.0,12.213737196439725,41.9622917175293,2793064687.697983,ANY,6.757430553436279,0.55,POCKET_PIVOT,0.2,10.526315789473685,25.085178522498165,10.526315789473685,0.4868905830383301,WIN,False,False
370.0,36.0,3.0,177.32000732421875,28.0,712.600341796875,282.0,1000.0,0.7726513743400574,1.8587664365768433,848800.0,1.0,139.65640258789062,167.13699340820312,188.5107879638672,2021-12-20,2021-08-16,CDNS,RUNNER,1000.0,1000.0,1000.0,848800.0,16.757761918273093,151.8699951171875,128907251.85546875,ANY,2.8497490882873535,0.55,VCP,0.2,35.714285714285715,23.51635402814591,35.714285714285715,0.712600341796875,WIN,False,False
370.0,55.0,0.0,28.607227325439453,406.0,-999.1050033569336,316.0,1000.0,0.7767038941383362,1.3057938814163208,2477200.0,1.0,28.607227325439453,34.144142150878906,38.45063018798828,2021-12-20,2021-10-04,ENB,STOP,1000.0,1000.0,1000.0,2477200.0,-7.920830616712772,31.068077087402344,76961840.56091309,ANY,1.285476565361023,0.7,FLAT_BASE,0.3,2.4630541871921183,7.9279260839443815,2.4630541871921183,-0.9991050033569336,LOSS,False,False
370.0,113.0,0.0,93.99663543701172,121.0,-991.9337615966797,355.0,1000.0,0.9324990510940552,2.7779088020324707,1404600.0,1.0,93.99663543701172,112.44168090820312,126.78783416748047,2021-12-20,2021-11-29,LNG,STOP,1000.0,1000.0,1000.0,1404600.0,-8.021767205837417,102.1944351196289,143542303.56903076,ANY,0.8662442564964294,0.7,POCKET_PIVOT,0.3,8.264462809917354,8.086998866663302,8.264462809917354,-0.9919337615966797,LOSS,False,False
372.0,62.0,1.0,127.83000183105469,36.0,484.9200439453125,282.0,1000.0,0.8715305328369141,1.9131226539611816,1958900.0,1.0,105.30799865722656,125.67500305175781,141.51600646972656,2021-12-22,2021-08-16,EW,TP1,1000.0,1000.0,1000.0,1958900.0,11.778594918513717,114.36000061035156,224019805.19561768,ANY,2.5208888053894043,0.55,VCP,0.2,27.77777777777778,24.289767077234004,27.77777777777778,0.4849200439453125,WIN,False,False
373.0,127.0,1.0,92.31466674804688,50.0,407.53211975097656,355.0,1000.0,0.890882670879364,2.699798822402954,16487200.0,1.0,77.64350891113281,92.31466674804688,103.7255630493164,2021-12-23,2021-11-29,MU,TP1,1000.0,1000.0,1000.0,16487200.0,9.684235583640262,84.16402435302734,1387629102.3132324,ANY,11.333724021911621,0.7,CUP_AND_HANDLE,0.3,20.0,23.76312225293515,20.0,0.4075321197509766,WIN,False,False
4.0,90.0,0.0,576.3599853515625,18.0,-983.700439453125,1.0,1000.0,0.641328752040863,2.4667396545410156,217000.0,0.800000011920929,578.3331909179688,696.8560180664062,789.0404052734375,2022-01-06,2022-01-03,IDXX,STOP,1000.0,1000.0,1000.0,217000.0,-8.660722265620011,631.010009765625,136929172.11914062,ANY,0.9520702958106995,0.7,CUP_AND_HANDLE,0.3,55.55555555555556,8.80422730159074,55.55555555555556,-0.983700439453125,LOSS,False,False
6.0,80.0,1.0,14.457477569580078,320.0,411.3653564453125,1.0,1000.0,0.5266129374504089,2.3501088619232178,5027900.0,0.800000011920929,12.143547058105469,14.457477569580078,16.257200241088867,2022-01-10,2022-01-03,HBAN,TP1,1000.0,1000.0,1000.0,5027900.0,9.759494090633503,13.171960830688477,66227301.86061859,ANY,3.8494181632995605,0.7,CUP_AND_HANDLE,0.3,3.125,23.72463781337149,3.125,0.4113653564453125,WIN,False,False
10.0,49.0,0.0,251.79843139648438,43.0,-984.6078796386719,1.0,1000.0,0.5123738050460815,2.1832237243652344,1439892.0,0.800000011920929,251.79843139648438,303.318603515625,343.38983154296875,2022-01-14,2022-01-03,DHR,STOP,1000.0,1000.0,1000.0,1439892.0,-8.335699671867722,274.6962890625,395532989.05078125,ANY,-0.7734917998313904,0.8,CUP_AND_HANDLE,0.3,23.25581395348837,8.466009509213688,23.25581395348837,-0.9846078796386719,LOSS,False,False
15.0,89.0,0.0,106.43192291259766,110.0,-998.714599609375,1.0,1000.0,0.6544647812843323,1.71721613407135,3362100.0,0.800000011920929,106.43192291259766,126.86017608642578,142.7488250732422,2022-01-24,2022-01-03,IBM,STOP,1000.0,1000.0,1000.0,3362100.0,-7.86004113398982,115.51114654541016,388360025.8003235,ANY,6.590600967407227,0.8,CUP_AND_HANDLE,0.3,9.090909090909092,7.870157437434179,9.090909090909092,-0.998714599609375,LOSS,False,False
15.0,94.0,0.0,29.752906799316406,388.0,-998.0435028076172,1.0,1000.0,0.5793942809104919,2.125671625137329,1898932.0,0.800000011920929,29.752906799316406,35.540531158447266,40.042015075683594,2022-01-24,2022-01-03,IPG,STOP,1000.0,1000.0,1000.0,1898932.0,-7.957501740943583,32.3251838684082,61383326.053604126,ANY,2.3765649795532227,0.7,CUP_AND_HANDLE,0.3,2.577319587628866,7.973101090842401,2.577319587628866,-0.9980435028076172,LOSS,False,False
16.0,87.0,0.0,71.22760009765625,161.0,-998.5864334106445,1.0,1000.0,0.6420748233795166,2.2769765853881836,514700.0,0.800000011920929,71.22760009765625,85.18299865722656,96.03720092773438,2022-01-25,2022-01-03,HSIC,STOP,1000.0,1000.0,1000.0,514700.0,-8.01033214913333,77.43000030517578,39853221.157073975,ANY,2.9845986366271973,0.7,CUP_AND_HANDLE,0.3,6.211180124223603,8.02167131569599,6.211180124223603,-0.9985864334106446,LOSS,False,False
17.0,56.0,1.0,18.282981872558594,255.0,412.22814559936523,1.0,1000.0,0.662360668182373,1.7396788597106934,4789000.0,0.800000011920929,15.373135566711426,18.282981872558594,20.54619789123535,2022-01-26,2022-01-03,EPD,TP1,1000.0,1000.0,1000.0,4789000.0,9.699640443790646,16.666400909423828,79815393.95523071,ANY,6.211307048797607,0.7,CUP_AND_HANDLE,0.3,3.9215686274509802,23.529786957384264,3.9215686274509802,0.4122281455993652,WIN,False,False
24.0,39.0,0.0,201.00364685058594,56.0,-986.4189453125,16.0,1000.0,1.3782423734664917,2.3015425205230713,1980300.0,0.800000011920929,201.00364685058594,240.63656616210938,271.462158203125,2022-02-04,2022-01-25,CI,STOP,1000.0,1000.0,1000.0,1980300.0,-8.057251552221704,218.61827087402344,432929761.8118286,ANY,-0.3062080442905426,0.0,NONE,0.0,17.857142857142858,8.168184107280245,17.857142857142858,-0.9864189453125,LOSS,False,False
36.0,2.0,1.0,127.43022155761719,35.0,405.4052734375,1.0,1000.0,0.5724279880523682,1.6734644174575806,3963400.0,0.800000011920929,106.58080291748047,127.43022155761719,143.6464385986328,2022-02-23,2022-01-03,ABBV,TP1,1000.0,1000.0,1000.0,3963400.0,9.99852084313785,115.84721374511719,459148846.95739746,ANY,4.3076372146606445,0.8,VCP,0.3,28.571428571428573,24.66302610806885,28.571428571428573,0.4054052734375,WIN,False,False
37.0,61.0,0.0,43.90230178833008,258.0,-996.9627685546875,1.0,1000.0,0.5627778768539429,1.7506564855575562,1102600.0,0.800000011920929,43.90230178833008,52.59674835205078,59.359092712402344,2022-02-24,2022-01-03,ETR,STOP,1000.0,1000.0,1000.0,1102600.0,-8.089763523342395,47.76649856567383,52667341.31851196,ANY,2.0221245288848877,0.75,FLAT_BASE,0.3,3.875968992248062,8.114408861095438,3.875968992248062,-0.9969627685546875,LOSS,False,False
37.0,80.0,0.0,12.143547058105469,652.0,-670.5257797241211,1.0,1000.0,0.5266129374504089,2.3501088619232178,5027900.0,0.800000011920929,12.143547058105469,14.457477569580078,16.257200241088867,2022-02-24,2022-01-03,HBAN,STOP,1000.0,1000.0,1000.0,5027900.0,-7.807598168580753,13.171960830688477,66227301.86061859,ANY,3.8494181632995605,0.7,CUP_AND_HANDLE,0.3,1.5337423312883436,11.643994018832634,1.5337423312883436,-0.6705257797241211,LOSS,False,False
39.0,11.0,1.0,160.39944458007812,28.0,407.31549072265625,1.0,1000.0,0.7180737853050232,1.6478495597839355,294500.0,0.800000011920929,134.21487426757812,160.39944458007812,180.76522827148438,2022-02-28,2022-01-03,AIZ,TP1,1000.0,1000.0,1000.0,294500.0,9.9737649508238,145.8524627685547,42953550.285339355,ANY,1.6661232709884644,0.7,CUP_AND_HANDLE,0.3,35.714285714285715,24.48658393307953,35.714285714285715,0.40731549072265627,WIN,False,False
40.0,22.0,0.0,27.152978897094727,416.0,-998.9108276367188,16.0,1000.0,1.6998012065887451,3.2207531929016113,52839.0,0.800000011920929,27.152978897094727,32.55574035644531,36.75789260864258,2022-03-01,2022-01-25,AROW,STOP,1000.0,1000.0,1000.0,52839.0,-8.124826233327113,29.55420684814453,1561614.735649109,ANY,0.6534490585327148,0.6,CUP_AND_HANDLE,0.2,2.4038461538461537,8.133685218478707,2.4038461538461537,-0.9989108276367188,LOSS,False,False
40.0,73.0,1.0,12.963092803955078,348.0,411.7976989746094,38.0,1000.0,1.3339042663574219,4.311738014221191,13954700.0,0.9212626218795776,10.833104133605957,12.963092803955078,14.6197509765625,2022-03-01,2022-02-25,GFI,TP1,1000.0,1000.0,1000.0,13954700.0,10.045417819653206,11.779766082763672,164383101.7551422,ANY,13.693093299865723,0.7,POCKET_PIVOT,0.3,2.8735632183908044,24.394060104431485,2.8735632183908044,0.4117976989746094,WIN,False,False
44.0,84.0,0.0,23.27203941345215,485.0,-1328.3726024627686,16.0,1000.0,1.5365904569625854,1.3838142156600952,1604600.0,0.800000011920929,23.9503116607666,28.58675193786621,32.19287109375,2022-03-07,2022-01-25,HMC,STOP,1000.0,1000.0,1000.0,1604600.0,-10.529843670598794,26.01095199584961,41737173.57254028,ANY,0.8880954384803772,0.6,CUP_AND_HANDLE,0.2,2.0618556701030926,7.926875073361747,2.0618556701030926,-1.3283726024627684,LOSS,False,True
44.0,113.0,1.0,136.5716552734375,33.0,406.1093215942383,38.0,1000.0,3.789461374282837,4.172143936157227,7843200.0,0.9175505042076111,114.42023468017578,136.5716552734375,153.80055236816406,2022-03-07,2022-02-25,LNG,TP1,1000.0,1000.0,1000.0,7843200.0,9.903281021271077,124.26531219482422,974637696.6064453,ANY,10.606345176696777,0.7,POCKET_PIVOT,0.3,30.303030303030305,24.385751556734476,30.303030303030305,0.4061093215942383,WIN,False,False
45.0,40.0,0.0,68.02819061279297,164.0,-1023.71875,16.0,1000.0,1.6203614473342896,1.4271756410598755,7339800.0,0.800000011920929,68.1884536743164,81.8727798461914,92.51614379882812,2022-03-08,2022-01-25,CL,STOP,1000.0,1000.0,1000.0,7339800.0,-8.40467984493106,74.27037811279297,545129721.2722778,ANY,-2.145749807357788,0.55,FLAT_BASE,0.2,6.097560975609756,8.209950091205284,6.097560975609756,-1.02371875,LOSS,False,True
45.0,73.0,2.0,14.6197509765625,348.0,988.3147430419922,38.0,1000.0,1.3339042663574219,4.311738014221191,13954700.0,0.9212626218795776,10.833104133605957,12.963092803955078,14.6197509765625,2022-03-08,2022-02-25,GFI,TP2,1000.0,1000.0,1000.0,13954700.0,24.10900924386212,11.779766082763672,164383101.7551422,ANY,13.693093299865723,0.7,POCKET_PIVOT,0.3,2.8735632183908044,24.394060104431485,2.8735632183908044,0.9883147430419922,WIN,False,False
52.0,53.0,1.0,155.1300048828125,30.0,433.2000732421875,38.0,1000.0,1.325374722480774,2.816537618637085,2745600.0,0.8915656805038452,129.7996063232422,154.30300903320312,173.3612060546875,2022-03-17,2022-02-25,DLTR,TP1,1000.0,1000.0,1000.0,2745600.0,10.263701891269877,140.69000244140625,386278470.703125,ANY,3.1466758251190186,0.8,CUP_AND_HANDLE,0.3,33.333333333333336,23.692751975902343,33.333333333333336,0.4332000732421875,WIN,False,False
54.0,17.0,1.0,313.02496337890625,14.0,392.42724609375,38.0,1000.0,1.425094485282898,2.8530735969543457,1727300.0,0.7977524399757385,262.57000732421875,313.02496337890625,352.2677307128906,2022-03-21,2022-02-25,AON,TP1,1000.0,1000.0,1000.0,1727300.0,9.83546100323621,284.99444580078125,492270906.23168945,ANY,3.3557639122009277,0.5,CUP_AND_HANDLE,0.2,71.42857142857143,25.06314508265958,71.42857142857143,0.39242724609375,WIN,False,False
57.0,15.0,1.0,18.535003662109375,248.0,411.46852111816406,46.0,1000.0,1.3076937198638916,2.83872652053833,3711300.0,0.8829039931297302,15.548538208007812,18.535003662109375,20.857810974121094,2022-03-24,2022-03-09,AMX,TP1,1000.0,1000.0,1000.0,3711300.0,9.831484834268009,16.875856399536133,62631365.85559845,ANY,3.1308536529541016,0.6,CUP_AND_HANDLE,0.2,4.032258064516129,23.89365001130825,4.032258064516129,0.41146852111816407,WIN,False,False
65.0,135.0,1.0,54.263668060302734,85.0,431.8228530883789,46.0,1000.0,2.795295000076294,2.434133291244507,7352800.0,0.861868679523468,45.35171890258789,53.972999572753906,60.67844009399414,2022-04-05,2022-03-09,NVO,TP1,1000.0,1000.0,1000.0,7352800.0,10.329234950108713,49.18339920043945,361635697.6409912,ANY,2.9364218711853027,0.8,CUP_AND_HANDLE,0.3,11.764705882352942,23.92007480899739,11.764705882352942,0.4318228530883789,WIN,False,False
66.0,2.0,2.0,145.9961700439453,35.0,1055.2134704589844,1.0,1000.0,0.5724279880523682,1.6734644174575806,3963400.0,0.800000011920929,106.58080291748047,127.43022155761719,143.6464385986328,2022-04-06,2022-01-03,ABBV,TP2,1000.0,1000.0,1000.0,3963400.0,26.024757371515868,115.84721374511719,459148846.95739746,ANY,4.3076372146606445,0.8,VCP,0.3,28.571428571428573,24.66302610806885,28.571428571428573,1.0552134704589844,WIN,False,False
66.0,7.0,1.0,86.70848846435547,52.0,423.9817810058594,1.0,1000.0,0.5909762382507324,1.5128414630889893,726100.0,0.800000011920929,72.24008178710938,86.44862365722656,97.49971771240234,2022-04-06,2022-01-03,AEE,TP1,1000.0,1000.0,1000.0,726100.0,10.379347652956968,78.55499267578125,57038780.181884766,ANY,1.2059537172317505,0.7,FLAT_BASE,0.3,19.23076923076923,24.48064543795462,19.23076923076923,0.42398178100585937,WIN,False,False
66.0,73.0,3.0,13.150301933288574,360.0,493.39290618896484,38.0,1000.0,1.3339042663574219,4.311738014221191,13954700.0,0.9212626218795776,10.833104133605957,12.963092803955078,14.6197509765625,2022-04-06,2022-02-25,GFI,RUNNER,1000.0,1000.0,1000.0,13954700.0,11.634661001717943,11.779766082763672,164383101.7551422,ANY,13.693093299865723,0.7,POCKET_PIVOT,0.3,2.7777777777777777,23.580924767617102,2.7777777777777777,0.49339290618896486,WIN,False,False
72.0,53.0,2.0,173.3612060546875,30.0,980.1361083984375,38.0,1000.0,1.325374722480774,2.816537618637085,2745600.0,0.8915656805038452,129.7996063232422,154.30300903320312,173.3612060546875,2022-04-14,2022-02-25,DLTR,TP2,1000.0,1000.0,1000.0,2745600.0,23.222121718910312,140.69000244140625,386278470.703125,ANY,3.1466758251190186,0.8,CUP_AND_HANDLE,0.3,33.333333333333336,23.692751975902343,33.333333333333336,0.9801361083984375,WIN,False,False
73.0,138.0,1.0,59.01795959472656,76.0,408.4837646484375,46.0,1000.0,1.2282689809799194,3.1692616939544678,3854400.0,0.8878535628318787,49.343345642089844,59.01795959472656,66.54265594482422,2022-04-18,2022-03-09,OKE,TP1,1000.0,1000.0,1000.0,3854400.0,10.019516099715577,53.64317321777344,206762246.85058594,ANY,3.7336976528167725,0.0,NONE,0.0,13.157894736842104,24.528554049972826,13.157894736842104,0.4084837646484375,WIN,False,False
75.0,11.0,2.0,180.9987030029297,28.0,984.0947265625,1.0,1000.0,0.7180737853050232,1.6478495597839355,294500.0,0.800000011920929,134.21487426757812,160.39944458007812,180.76522827148438,2022-04-20,2022-01-03,AIZ,TP2,1000.0,1000.0,1000.0,294500.0,24.097118120073606,145.8524627685547,42953550.285339355,ANY,1.6661232709884644,0.7,CUP_AND_HANDLE,0.3,35.714285714285715,24.48658393307953,35.714285714285715,0.9840947265625,WIN,False,False
76.0,2.0,3.0,138.18019104003906,37.0,826.3201599121094,1.0,1000.0,0.5724279880523682,1.6734644174575806,3963400.0,0.800000011920929,106.58080291748047,127.43022155761719,143.6464385986328,2022-04-21,2022-01-03,ABBV,RUNNER,1000.0,1000.0,1000.0,3963400.0,19.27795807334484,115.84721374511719,459148846.95739746,ANY,4.3076372146606445,0.8,VCP,0.3,27.027027027027028,23.329889561686745,27.027027027027028,0.8263201599121094,WIN,False,False
76.0,56.0,2.0,20.54619789123535,255.0,989.3482303619385,1.0,1000.0,0.662360668182373,1.7396788597106934,4789000.0,0.800000011920929,15.373135566711426,18.282981872558594,20.54619789123535,2022-04-21,2022-01-03,EPD,TP2,1000.0,1000.0,1000.0,4789000.0,23.279153087081543,16.666400909423828,79815393.95523071,ANY,6.211307048797607,0.7,CUP_AND_HANDLE,0.3,3.9215686274509802,23.529786957384264,3.9215686274509802,0.9893482303619385,WIN,False,False
78.0,58.0,0.0,36.34391403198242,296.0,-998.9311218261719,76.0,1000.0,0.7770330905914307,5.337096691131592,8174800.0,1.0,36.34391403198242,43.937137603759766,49.842979431152344,2022-04-25,2022-04-21,EQT,STOP,1000.0,1000.0,1000.0,8174800.0,-8.496675090909406,39.71868133544922,324692276.1810303,ANY,10.231246948242188,0.0,NONE,0.0,3.3783783783783785,8.505766719307346,3.3783783783783785,-0.9989311218261718,LOSS,False,False
80.0,1.0,0.0,18.66160011291504,641.0,-998.9338874816895,76.0,1000.0,1.1673165559768677,3.7456142902374268,43515000.0,1.0,18.66160011291504,22.167999267578125,24.895198822021484,2022-04-27,2022-04-21,AAL,STOP,1000.0,1000.0,1000.0,43515000.0,-7.707216881111334,20.219999313354492,879873270.1206207,ANY,12.146419525146484,0.65,POCKET_PIVOT,0.2,1.5600624024960998,7.715442410849844,1.5600624024960998,-0.9989338874816894,LOSS,False,False
82.0,107.0,0.0,214.75289916992188,51.0,-1044.5015716552734,46.0,1000.0,1.3743391036987305,3.202099561691284,2303200.0,0.8163130879402161,215.948486328125,259.3393859863281,293.0878601074219,2022-04-29,2022-03-09,LHX,STOP,1000.0,1000.0,1000.0,2303200.0,-8.70642933875428,235.2333221435547,541789387.5610352,ANY,8.171608924865723,0.0,NONE,0.0,19.607843137254903,8.335487063898592,19.607843137254903,-1.0445015716552735,LOSS,False,True
83.0,3.0,0.0,43.03120040893555,263.0,-999.5452728271484,76.0,1000.0,1.017508864402771,1.820986270904541,2159800.0,1.0,43.03120040893555,51.58244323730469,58.23340606689453,2022-05-02,2022-04-21,ACGL,STOP,1000.0,1000.0,1000.0,2159800.0,-8.11533231791082,46.83175277709961,101147219.64797974,ANY,2.2547972202301025,0.55,FLAT_BASE,0.2,3.802281368821293,8.119024258858364,3.802281368821293,-0.9995452728271484,LOSS,False,False
84.0,11.0,3.0,171.5888671875,29.0,746.3557281494141,1.0,1000.0,0.7180737853050232,1.6478495597839355,294500.0,0.800000011920929,134.21487426757812,160.39944458007812,180.76522827148438,2022-05-03,2022-01-03,AIZ,RUNNER,1000.0,1000.0,1000.0,294500.0,17.645505554325133,145.8524627685547,42953550.285339355,ANY,1.6661232709884644,0.7,CUP_AND_HANDLE,0.3,34.48275862068966,23.642218969869894,34.48275862068966,0.7463557281494141,WIN,False,False
88.0,47.0,0.0,37.21110916137695,298.0,-1281.384994506836,83.0,1000.0,0.8163430094718933,3.395251512527466,13460500.0,1.0,38.16215515136719,45.69718551635742,51.55776596069336,2022-05-09,2022-05-02,DAL,STOP,1000.0,1000.0,1000.0,13460500.0,-10.358564126127161,41.51105880737305,558759607.0766449,ANY,3.3747665882110596,0.65,POCKET_PIVOT,0.2,3.3557046979865772,8.08388124609953,3.3557046979865772,-1.2813849945068359,LOSS,False,True
88.0,53.0,3.0,161.52999877929688,31.0,646.0398864746094,38.0,1000.0,1.325374722480774,2.816537618637085,2745600.0,0.8915656805038452,129.7996063232422,154.30300903320312,173.3612060546875,2022-05-09,2022-02-25,DLTR,RUNNER,1000.0,1000.0,1000.0,2745600.0,14.81270593237067,140.69000244140625,386278470.703125,ANY,3.1466758251190186,0.8,CUP_AND_HANDLE,0.3,32.25806451612903,22.92846965409904,32.25806451612903,0.6460398864746094,WIN,False,False
95.0,17.0,0.0,262.57000732421875,30.0,-672.733154296875,38.0,1000.0,1.425094485282898,2.8530735969543457,1727300.0,0.7977524399757385,262.57000732421875,313.02496337890625,352.2677307128906,2022-05-18,2022-02-25,AON,STOP,1000.0,1000.0,1000.0,1727300.0,-7.868377369093636,284.99444580078125,492270906.23168945,ANY,3.3557639122009277,0.5,CUP_AND_HANDLE,0.2,33.333333333333336,11.696134371907805,33.333333333333336,-0.672733154296875,LOSS,False,False
97.0,61.0,0.0,49.87470626831055,229.0,-997.5517234802246,76.0,1000.0,1.2847275733947754,1.7730144262313843,2765800.0,1.0,49.87470626831055,59.67597961425781,67.29918670654297,2022-05-20,2022-04-21,ETR,STOP,1000.0,1000.0,1000.0,2765800.0,-8.032555056925556,54.23082733154297,149991622.23358154,ANY,3.7238082885742188,0.0,NONE,0.0,4.366812227074236,8.052269238633414,4.366812227074236,-0.9975517234802246,LOSS,False,False
107.0,37.0,1.0,151.34326171875,29.0,401.4550323486328,83.0,1000.0,2.072087287902832,2.754551649093628,1766900.0,1.0,126.42536926269531,151.34326171875,170.7238311767578,2022-06-06,2022-05-02,CE,TP1,1000.0,1000.0,1000.0,1766900.0,10.067838919104993,137.49998474121094,242948723.0392456,ANY,1.6804641485214233,0.7,CUP_AND_HANDLE,0.3,34.48275862068966,25.07837268897865,34.48275862068966,0.40145503234863283,WIN,False,False
108.0,175.0,1.0,49.19972229003906,92.0,411.07972717285156,96.0,1000.0,0.5296862125396729,2.536752700805664,1727500.0,1.0,41.182952880859375,49.1671028137207,55.37699890136719,2022-06-07,2022-05-19,TTE,TP1,1000.0,1000.0,1000.0,1727500.0,9.989071373779057,44.73146438598633,77273604.72679138,ANY,6.508765697479248,0.0,NONE,0.0,10.869565217391305,24.299596193851794,10.869565217391305,0.4110797271728516,WIN,False,False
112.0,5.0,0.0,138.6940155029297,83.0,-994.1167449951172,96.0,1000.0,1.5292607545852661,3.620358943939209,5684400.0,1.0,138.6940155029297,165.64297485351562,186.603271484375,2022-06-13,2022-05-19,ADI,STOP,1000.0,1000.0,1000.0,5684400.0,-7.949296341771182,150.67132568359375,856476083.7158203,ANY,2.414306879043579,0.6,CUP_AND_HANDLE,0.2,12.048192771084338,7.996340854121945,12.048192771084338,-0.9941167449951172,LOSS,False,False
112.0,54.0,0.0,47.777618408203125,233.0,-1458.4996147155762,83.0,1000.0,1.2309889793395996,2.616156578063965,6499800.0,1.0,49.75039291381836,59.3958740234375,66.89791870117188,2022-06-13,2022-05-02,DOW,STOP,1000.0,1000.0,1000.0,6499800.0,-11.583957894460411,54.03727340698242,351231469.69070435,ANY,2.405132532119751,0.75,POCKET_PIVOT,0.3,4.291845493562231,7.942379811131738,4.291845493562231,-1.4584996147155762,LOSS,False,True
112.0,138.0,0.0,49.343345642089844,156.0,-670.7731018066406,46.0,1000.0,1.2282689809799194,3.1692616939544678,3854400.0,0.8878535628318787,49.343345642089844,59.01795959472656,66.54265594482422,2022-06-13,2022-03-09,OKE,STOP,1000.0,1000.0,1000.0,3854400.0,-8.015610035274618,53.64317321777344,206762246.85058594,ANY,3.7336976528167725,0.0,NONE,0.0,6.410256410256411,11.949808383320097,6.410256410256411,-0.6707731018066406,LOSS,False,False
113.0,67.0,0.0,61.59819030761719,187.0,-995.5033569335938,96.0,1000.0,0.8537403345108032,2.475503921508789,502900.0,1.0,61.59819030761719,73.576171875,82.89237213134766,2022-06-14,2022-05-19,FMX,STOP,1000.0,1000.0,1000.0,502900.0,-7.954885136815934,66.92173767089844,33654941.874694824,ANY,1.8273667097091675,0.6,CUP_AND_HANDLE,0.2,5.347593582887701,7.990816988622747,5.347593582887701,-0.9955033569335937,LOSS,False,False
114.0,37.0,0.0,126.42536926269531,61.0,-675.5515441894531,83.0,1000.0,2.072087287902832,2.754551649093628,1766900.0,1.0,126.42536926269531,151.34326171875,170.7238311767578,2022-06-15,2022-05-02,CE,STOP,1000.0,1000.0,1000.0,1766900.0,-8.054266696363047,137.49998474121094,242948723.0392456,ANY,1.6804641485214233,0.7,CUP_AND_HANDLE,0.3,16.39344262295082,11.922505048858701,16.39344262295082,-0.6755515441894532,LOSS,False,False
114.0,56.0,3.0,19.453510284423828,263.0,733.009765625,1.0,1000.0,0.662360668182373,1.7396788597106934,4789000.0,0.800000011920929,15.373135566711426,18.282981872558594,20.54619789123535,2022-06-15,2022-01-03,EPD,RUNNER,1000.0,1000.0,1000.0,4789000.0,16.722922904272995,16.666400909423828,79815393.95523071,ANY,6.211307048797607,0.7,CUP_AND_HANDLE,0.3,3.802281368821293,22.814051992901092,3.802281368821293,0.733009765625,WIN,False,False
115.0,64.0,0.0,113.65475463867188,99.0,-1342.510757446289,113.0,1000.0,1.2295712232589722,3.9685842990875244,3571800.0,0.9599945545196533,117.16270446777344,139.78143310546875,157.373779296875,2022-06-16,2022-06-14,FANG,STOP,1000.0,1000.0,1000.0,3571800.0,-10.65964287980379,127.21546936035156,454388213.4613037,ANY,2.0188441276550293,0.0,NONE,0.0,10.1010101010101,7.940080048282412,10.1010101010101,-1.3425107574462891,LOSS,False,True
119.0,175.0,0.0,41.182952880859375,189.0,-670.6686744689941,96.0,1000.0,0.5296862125396729,2.536752700805664,1727500.0,1.0,41.182952880859375,49.1671028137207,55.37699890136719,2022-06-23,2022-05-19,TTE,STOP,1000.0,1000.0,1000.0,1727500.0,-7.932920493071643,44.73146438598633,77273604.72679138,ANY,6.508765697479248,0.0,NONE,0.0,5.291005291005291,11.828374866848494,5.291005291005291,-0.6706686744689941,LOSS,False,False
120.0,26.0,1.0,111.703125,43.0,505.9691162109375,113.0,1000.0,1.1053303480148315,5.5705132484436035,36396700.0,0.8263561129570007,92.45128631591797,109.29279327392578,122.3917465209961,2022-06-24,2022-06-14,BABA,TP1,1000.0,1000.0,1000.0,36396700.0,11.77421187058664,99.9364013671875,3637355219.6411133,ANY,9.599736213684082,0.0,NONE,0.0,23.25581395348837,23.2706137456777,23.25581395348837,0.5059691162109375,WIN,False,False
120.0,59.0,1.0,179.2129364013672,25.0,420.44029235839844,113.0,1000.0,1.047179102897644,2.1960620880126953,74800.0,0.8801226019859314,149.5028076171875,178.51097106933594,201.0728759765625,2022-06-24,2022-06-14,ERIE,TP1,1000.0,1000.0,1000.0,74800.0,10.355970361016054,162.39532470703125,12147170.288085938,ANY,2.4972879886627197,0.0,NONE,0.0,40.0,24.631250974842946,40.0,0.4204402923583984,WIN,False,False
129.0,39.0,1.0,264.4710998535156,16.0,385.62451171875,96.0,1000.0,1.7040024995803833,2.8708739280700684,2537200.0,1.0,221.08834838867188,264.4710998535156,298.2132263183594,2022-07-08,2022-05-19,CI,TP1,1000.0,1000.0,1000.0,2537200.0,10.026864962933715,240.36956787109375,609865667.6025391,ANY,0.0383559986948967,0.0,NONE,0.0,62.5,26.00162764094901,62.5,0.38562451171875,WIN,False,False
143.0,6.0,1.0,222.77610778808594,20.0,405.85693359375,121.0,1000.0,1.139940857887268,2.3446249961853027,1912000.0,1.0,186.24899291992188,222.77610778808594,251.1860809326172,2022-07-28,2022-06-27,ADP,TP1,1000.0,1000.0,1000.0,1912000.0,10.021987283592702,202.48326110839844,387147995.2392578,ANY,2.2479586601257324,0.8,CUP_AND_HANDLE,0.3,50.0,24.69339921053165,50.0,0.40585693359375,WIN,False,False
143.0,26.0,0.0,92.45128631591797,90.0,-673.6603546142578,113.0,1000.0,1.1053303480148315,5.5705132484436035,36396700.0,0.8263561129570007,92.45128631591797,109.29279327392578,122.3917465209961,2022-07-28,2022-06-14,BABA,STOP,1000.0,1000.0,1000.0,36396700.0,-7.489878511602227,99.9364013671875,3637355219.6411133,ANY,9.599736213684082,0.0,NONE,0.0,11.11111111111111,11.1181821229349,11.11111111111111,-0.6736603546142578,LOSS,False,False
144.0,12.0,1.0,175.8101806640625,25.0,399.6124267578125,121.0,1000.0,1.5665329694747925,2.4067904949188232,1454800.0,1.0,147.0380859375,175.8101806640625,198.1884765625,2022-07-29,2022-06-27,AJG,TP1,1000.0,1000.0,1000.0,1454800.0,10.001206759072842,159.82568359375,232514404.4921875,ANY,4.273072242736816,0.6,CUP_AND_HANDLE,0.2,40.0,25.02726664487372,40.0,0.3996124267578125,WIN,False,False
147.0,59.0,2.0,201.0728759765625,25.0,966.9387817382812,113.0,1000.0,1.047179102897644,2.1960620880126953,74800.0,0.8801226019859314,149.5028076171875,178.51097106933594,201.0728759765625,2022-08-03,2022-06-14,ERIE,TP2,1000.0,1000.0,1000.0,74800.0,23.81691181030449,162.39532470703125,12147170.288085938,ANY,2.4972879886627197,0.0,NONE,0.0,40.0,24.631250974842946,40.0,0.9669387817382813,WIN,False,False
147.0,179.0,0.0,361.3283996582031,31.0,-971.5900268554688,113.0,1000.0,0.898945152759552,4.244221210479736,1014100.0,0.880534291267395,361.3283996582031,431.8470153808594,486.69482421875,2022-08-03,2022-06-14,ULTA,STOP,1000.0,1000.0,1000.0,1014100.0,-7.981667226366714,392.6700134277344,398206660.6170654,ANY,0.5742446780204773,0.0,NONE,0.0,32.25806451612903,8.215056768541785,32.25806451612903,-0.9715900268554688,LOSS,False,False
155.0,113.0,2.0,153.80055236816406,33.0,974.6629257202148,38.0,1000.0,3.789461374282837,4.172143936157227,7843200.0,0.9175505042076111,114.42023468017578,136.5716552734375,153.80055236816406,2022-08-15,2022-02-25,LNG,TP2,1000.0,1000.0,1000.0,7843200.0,23.76788795817311,124.26531219482422,974637696.6064453,ANY,10.606345176696777,0.7,POCKET_PIVOT,0.3,30.303030303030305,24.385751556734476,30.303030303030305,0.9746629257202148,WIN,False,False
156.0,22.0,1.0,29.860469818115234,151.0,423.2249870300293,121.0,1000.0,1.9255863428115845,2.727418899536133,56238.0,1.0,24.882333755493164,29.77680778503418,33.5836181640625,2022-08-16,2022-06-27,AROW,TP1,1000.0,1000.0,1000.0,56238.0,10.358674648618456,27.057655334472656,1521668.4207000732,ANY,0.3101840317249298,0.6,CUP_AND_HANDLE,0.2,6.622516556291391,24.47557437785088,6.622516556291391,0.4232249870300293,WIN,False,False
163.0,53.0,0.0,149.00999450683594,74.0,-1418.5798645019531,157.0,1000.0,1.1429108381271362,2.8223800659179688,2068200.0,1.0,154.72239685058594,185.0019989013672,208.55279541015625,2022-08-25,2022-08-17,DLTR,STOP,1000.0,1000.0,1000.0,2068200.0,-11.398501013079118,168.17999267578125,347829860.8520508,ANY,1.3410269021987915,0.8,CUP_AND_HANDLE,0.3,13.513513513513514,8.035149305521124,13.513513513513514,-1.4185798645019532,LOSS,False,True
166.0,49.0,0.0,238.1486053466797,47.0,-984.7373504638672,157.0,1000.0,0.9411904215812683,1.9478739500045776,2245284.0,1.0,238.1486053466797,285.290283203125,321.9560546875,2022-08-30,2022-08-17,DHR,STOP,1000.0,1000.0,1000.0,2245284.0,-8.086384025637075,259.1004638671875,581754125.9135742,ANY,3.2763164043426514,0.55,POCKET_PIVOT,0.2,21.27659574468085,8.211716577854927,21.27659574468085,-0.9847373504638672,LOSS,False,False
167.0,15.0,0.0,15.47248363494873,505.0,-708.7032461166382,46.0,1000.0,1.3076937198638916,2.83872652053833,3711300.0,0.8829039931297302,15.548538208007812,18.535003662109375,20.857810974121094,2022-08-31,2022-03-09,AMX,STOP,1000.0,1000.0,1000.0,3711300.0,-8.31586102276846,16.875856399536133,62631365.85559845,ANY,3.1308536529541016,0.6,CUP_AND_HANDLE,0.2,1.9801980198019802,11.733911292682071,1.9801980198019802,-0.7087032461166382,LOSS,False,False
168.0,34.0,0.0,61.15201187133789,187.0,-997.5670738220215,157.0,1000.0,0.710529088973999,1.7615050077438354,714000.0,1.0,61.15201187133789,73.15482330322266,82.49034881591797,2022-09-01,2022-08-17,BRO,STOP,1000.0,1000.0,1000.0,714000.0,-8.023547107698624,66.4865951538086,47471428.939819336,ANY,4.9625563621521,0.7,CUP_AND_HANDLE,0.3,5.347593582887701,8.043115413741218,5.347593582887701,-0.9975670738220215,LOSS,False,False
182.0,20.0,0.0,61.176612854003906,183.0,-1450.2350692749023,157.0,1000.0,1.9741735458374023,3.2042770385742188,1608300.0,1.0,63.6390495300293,75.9293212890625,85.4884262084961,2022-09-22,2022-08-17,ARES,STOP,1000.0,1000.0,1000.0,1608300.0,-11.468338430902596,69.10139465332031,111135773.02093506,ANY,6.761748790740967,0.75,POCKET_PIVOT,0.3,5.46448087431694,7.907916912143498,5.46448087431694,-1.4502350692749024,LOSS,False,True
184.0,113.0,3.0,143.85057067871094,35.0,685.4840469360352,38.0,1000.0,3.789461374282837,4.172143936157227,7843200.0,0.9175505042076111,114.42023468017578,136.5716552734375,153.80055236816406,2022-09-26,2022-02-25,LNG,RUNNER,1000.0,1000.0,1000.0,7843200.0,15.760841169562093,124.26531219482422,974637696.6064453,ANY,10.606345176696777,0.7,POCKET_PIVOT,0.3,28.571428571428573,22.99228003920679,28.571428571428573,0.6854840469360352,WIN,False,False
184.0,135.0,0.0,45.27608108520508,175.0,-683.7806701660156,46.0,1000.0,2.795295000076294,2.434133291244507,7352800.0,0.861868679523468,45.35171890258789,53.972999572753906,60.67844009399414,2022-09-26,2022-03-09,NVO,STOP,1000.0,1000.0,1000.0,7352800.0,-7.944384037611339,49.18339920043945,361635697.6409912,ANY,2.9364218711853027,0.8,CUP_AND_HANDLE,0.3,5.714285714285714,11.618322050084446,5.714285714285714,-0.6837806701660156,LOSS,False,False
185.0,40.0,0.0,66.7387924194336,170.0,-1065.4312133789062,121.0,1000.0,1.0859366655349731,2.039738178253174,5193400.0,1.0,67.12899780273438,80.35233306884766,90.63715362548828,2022-09-27,2022-06-27,CL,STOP,1000.0,1000.0,1000.0,5193400.0,-8.584553926843498,73.00603485107422,379149541.39556885,ANY,3.1375303268432617,0.7,CUP_AND_HANDLE,0.3,5.882352941176471,8.057351632883424,5.882352941176471,-1.0654312133789063,LOSS,False,True
185.0,59.0,3.0,203.15469360351562,27.0,1100.5029602050781,113.0,1000.0,1.047179102897644,2.1960620880126953,74800.0,0.8801226019859314,149.5028076171875,178.51097106933594,201.0728759765625,2022-09-27,2022-06-14,ERIE,RUNNER,1000.0,1000.0,1000.0,74800.0,25.098856121637848,162.39532470703125,12147170.288085938,ANY,2.4972879886627197,0.0,NONE,0.0,37.03703703703704,22.80671386559532,37.03703703703704,1.1005029602050782,WIN,False,False
191.0,70.0,1.0,9.088607788085938,468.0,417.9983711242676,183.0,1000.0,0.9404134750366211,4.159612655639648,7289300.0,1.0,7.491916179656982,9.074864387512207,10.306046485900879,2022-10-05,2022-09-23,FTI,TP1,1000.0,1000.0,1000.0,7289300.0,10.89823054520768,8.195448875427246,59739085.487651825,ANY,-4.527782917022705,0.7,POCKET_PIVOT,0.3,2.1367521367521367,26.07242347833868,2.1367521367521367,0.4179983711242676,WIN,False,False
192.0,7.0,0.0,71.28208923339844,106.0,-770.9277648925781,1.0,1000.0,0.5909762382507324,1.5128414630889893,726100.0,0.800000011920929,72.24008178710938,86.44862365722656,97.49971771240234,2022-10-06,2022-01-03,AEE,STOP,1000.0,1000.0,1000.0,726100.0,-9.25835926482757,78.55499267578125,57038780.181884766,ANY,1.2059537172317505,0.7,FLAT_BASE,0.3,9.433962264150944,12.009373233713589,9.433962264150944,-0.7709277648925781,LOSS,False,False
194.0,22.0,0.0,24.882333755493164,308.0,-669.9990463256836,121.0,1000.0,1.9255863428115845,2.727418899536133,56238.0,1.0,24.882333755493164,29.77680778503418,33.5836181640625,2022-10-10,2022-06-27,AROW,STOP,1000.0,1000.0,1000.0,56238.0,-8.039579010410543,27.057655334472656,1521668.4207000732,ANY,0.3101840317249298,0.6,CUP_AND_HANDLE,0.2,3.2467532467532467,11.999388737193126,3.2467532467532467,-0.6699990463256836,LOSS,False,False
197.0,101.0,0.0,3.242926597595215,3388.0,-999.9869194030762,193.0,1000.0,0.9145475625991821,5.064975261688232,17714800.0,1.0,3.242926597595215,3.907026529312134,4.423548698425293,2022-10-13,2022-10-07,KGC,STOP,1000.0,1000.0,1000.0,17714800.0,-8.342246306417232,3.5380821228027344,62676417.18902588,ANY,4.747227191925049,0.7,POCKET_PIVOT,0.3,0.29515938606847697,8.342355429406,0.29515938606847697,-0.9999869194030762,LOSS,False,False
198.0,180.0,1.0,38.95347213745117,113.0,410.88111114501953,183.0,1000.0,0.8156921863555908,2.4570422172546387,1398700.0,0.9611365795135498,32.40846252441406,38.95347213745117,44.044036865234375,2022-10-14,2022-09-23,UNM,TP1,1000.0,1000.0,1000.0,1398700.0,10.295549917570664,35.31735610961914,49398385.99052429,ANY,-0.6155567169189453,0.0,NONE,0.0,8.849557522123893,25.05724804160411,8.849557522123893,0.4108811111450195,WIN,False,False
203.0,70.0,2.0,10.600102424621582,469.0,1127.7825145721436,183.0,1000.0,0.9404134750366211,4.159612655639648,7289300.0,1.0,7.491916179656982,9.074864387512207,10.306046485900879,2022-10-21,2022-09-23,FTI,TP2,1000.0,1000.0,1000.0,7289300.0,29.341328165737306,8.195448875427246,59739085.487651825,ANY,-4.527782917022705,0.7,POCKET_PIVOT,0.3,2.1321961620469083,26.01683195706291,2.1321961620469083,1.1277825145721436,WIN,False,False
204.0,112.0,1.0,418.9811096191406,10.0,406.56158447265625,183.0,1000.0,1.2100744247436523,1.8537441492080688,1409900.0,1.0,347.3987731933594,416.982666015625,471.10345458984375,2022-10-24,2022-09-23,LMT,TP1,1000.0,1000.0,1000.0,1409900.0,10.746359266374508,378.324951171875,533400348.65722656,ANY,-1.447851300239563,0.7,CUP_AND_HANDLE,0.3,100.0,26.432303682389026,100.0,0.4065615844726562,WIN,False,False
206.0,39.0,2.0,298.2132263183594,17.0,983.3421936035156,96.0,1000.0,1.7040024995803833,2.8708739280700684,2537200.0,1.0,221.08834838867188,264.4710998535156,298.2132263183594,2022-10-26,2022-05-19,CI,TP2,1000.0,1000.0,1000.0,2537200.0,24.064468293376567,240.36956787109375,609865667.6025391,ANY,0.0383559986948967,0.0,NONE,0.0,58.8235294117647,24.47212013265789,58.8235294117647,0.9833421936035156,WIN,False,False
206.0,111.0,1.0,350.52838134765625,12.0,389.0767822265625,193.0,1000.0,1.2424787282943726,2.5637831687927246,4299200.0,1.0,292.1668701171875,350.52838134765625,395.920654296875,2022-10-26,2022-10-07,LLY,TP1,1000.0,1000.0,1000.0,4299200.0,10.192556847752831,318.1053161621094,1367598375.2441406,ANY,3.300366163253784,0.75,POCKET_PIVOT,0.3,83.33333333333333,26.19677480990789,83.33333333333333,0.3890767822265625,WIN,False,False
207.0,110.0,1.0,231.32492065429688,19.0,403.00897216796875,183.0,1000.0,2.288506269454956,2.6594715118408203,957909.0,0.975830078125,193.14512634277344,231.32492065429688,261.02032470703125,2022-10-27,2022-09-23,LLL,TP1,1000.0,1000.0,1000.0,957909.0,10.094999094409845,210.11392211914062,201270017.02322388,ANY,1.4301114082336426,0.0,NONE,0.0,52.63157894736842,25.049067865919326,52.63157894736842,0.40300897216796877,WIN,False,False
210.0,0.0,1.0,137.5953369140625,31.0,407.19925689697266,193.0,1000.0,0.8032488822937012,2.499484062194824,1218400.0,1.0,114.13275909423828,137.3687744140625,155.4412384033203,2022-11-01,2022-10-07,A,TP1,1000.0,1000.0,1000.0,1218400.0,10.553971460543774,124.45987701416016,151641914.15405273,ANY,-0.49935850501060486,0.5,CUP_AND_HANDLE,0.2,32.25806451612903,25.918444795232233,32.25806451612903,0.40719925689697267,WIN,False,False
217.0,5.0,1.0,151.56265258789062,28.0,408.84246826171875,193.0,1000.0,0.6612040996551514,2.6253199577331543,2286500.0,1.0,125.54682159423828,151.22903442382812,171.20407104492188,2022-11-10,2022-10-07,ADI,TP1,1000.0,1000.0,1000.0,2286500.0,10.661065733351084,136.9611358642578,313161637.1536255,ANY,-1.3720455169677734,0.75,VCP,0.3,35.714285714285715,26.076218986444555,35.714285714285715,0.40884246826171877,WIN,False,False
225.0,2.0,1.0,142.02061462402344,31.0,420.7274627685547,211.0,1000.0,1.1888389587402344,2.38455867767334,6351200.0,1.0,118.00292205810547,141.5060577392578,159.78627014160156,2022-11-22,2022-11-02,ABBV,TP1,1000.0,1000.0,1000.0,6351200.0,10.565966953266196,128.44876098632812,815803770.7763672,ANY,-0.05394528806209564,0.0,NONE,0.0,32.25806451612903,25.113566116501918,32.25806451612903,0.42072746276855466,WIN,False,False
232.0,6.0,2.0,251.41488647460938,20.0,978.6325073242188,121.0,1000.0,1.139940857887268,2.3446249961853027,1912000.0,1.0,186.24899291992188,222.77610778808594,251.1860809326172,2022-12-02,2022-06-27,ADP,TP2,1000.0,1000.0,1000.0,1912000.0,24.165763183760472,202.48326110839844,387147995.2392578,ANY,2.2479586601257324,0.8,CUP_AND_HANDLE,0.3,50.0,24.69339921053165,50.0,0.9786325073242188,WIN,False,False
234.0,41.0,0.0,104.19300079345703,108.0,-1014.06884765625,211.0,1000.0,0.8238552808761597,3.3917670249938965,5875600.0,1.0,104.40470886230469,125.05480194091797,141.11598205566406,2022-12-06,2022-11-02,COP,STOP,1000.0,1000.0,1000.0,5875600.0,-8.2666996429015,113.58252716064453,667365496.585083,ANY,3.7375476360321045,0.65,POCKET_PIVOT,0.2,9.25925925925926,8.152010252565962,9.25925925925926,-1.01406884765625,LOSS,False,True
237.0,70.0,3.0,10.943622589111328,484.0,1330.1160774230957,183.0,1000.0,0.9404134750366211,4.159612655639648,7289300.0,1.0,7.491916179656982,9.074864387512207,10.306046485900879,2022-12-09,2022-09-23,FTI,RUNNER,1000.0,1000.0,1000.0,7289300.0,33.53292486423831,8.195448875427246,59739085.487651825,ANY,-4.527782917022705,0.7,POCKET_PIVOT,0.3,2.0661157024793386,25.210525181534095,2.0661157024793386,1.3301160774230958,WIN,False,False
239.0,0.0,2.0,155.4412384033203,32.0,991.403564453125,193.0,1000.0,0.8032488822937012,2.499484062194824,1218400.0,1.0,114.13275909423828,137.3687744140625,155.4412384033203,2022-12-13,2022-10-07,A,TP2,1000.0,1000.0,1000.0,1218400.0,24.892649850228697,124.45987701416016,151641914.15405273,ANY,-0.49935850501060486,0.5,CUP_AND_HANDLE,0.2,31.25,25.108493395381227,31.25,0.991403564453125,WIN,False,False
239.0,19.0,1.0,39.822959899902344,110.0,424.3185043334961,211.0,1000.0,1.1796224117279053,2.8457400798797607,5904600.0,1.0,32.98178482055664,39.695186614990234,44.91672134399414,2022-12-13,2022-11-02,APH,TP1,1000.0,1000.0,1000.0,5904600.0,10.72538659513616,35.965518951416016,212362003.200531,ANY,3.699458122253418,0.0,NONE,0.0,9.090909090909092,25.276735484310787,9.090909090909092,0.4243185043334961,WIN,False,False
242.0,6.0,3.0,231.24493408203125,21.0,603.9951324462891,121.0,1000.0,1.139940857887268,2.3446249961853027,1912000.0,1.0,186.24899291992188,222.77610778808594,251.1860809326172,2022-12-16,2022-06-27,ADP,RUNNER,1000.0,1000.0,1000.0,1912000.0,14.20446945401348,202.48326110839844,387147995.2392578,ANY,2.2479586601257324,0.8,CUP_AND_HANDLE,0.3,47.61904761904762,23.517523057649193,47.61904761904762,0.6039951324462891,WIN,False,False
244.0,3.0,1.0,59.18392562866211,78.0,446.5040588378906,211.0,1000.0,1.2664422988891602,3.028047800064087,9579300.0,1.0,49.242088317871094,58.73129653930664,66.11178588867188,2022-12-20,2022-11-02,ACGL,TP1,1000.0,1000.0,1000.0,9579300.0,10.70793674737805,53.45951461791992,512104728.3794403,ANY,13.225786209106445,0.0,NONE,0.0,12.820512820512821,23.98172320145854,12.820512820512821,0.4465040588378906,WIN,False,False
245.0,0.0,3.0,146.5802001953125,33.0,729.9706649780273,193.0,1000.0,0.8032488822937012,2.499484062194824,1218400.0,1.0,114.13275909423828,137.3687744140625,155.4412384033203,2022-12-21,2022-10-07,A,RUNNER,1000.0,1000.0,1000.0,1218400.0,17.773055631925182,124.45987701416016,151641914.15405273,ANY,-0.49935850501060486,0.5,CUP_AND_HANDLE,0.2,30.303030303030305,24.347629959157555,30.303030303030305,0.7299706649780273,WIN,False,False
253.0,39.0,3.0,293.7657470703125,18.0,961.1312255859375,96.0,1000.0,1.7040024995803833,2.8708739280700684,2537200.0,1.0,221.08834838867188,264.4710998535156,298.2132263183594,2023-01-04,2022-05-19,CI,RUNNER,1000.0,1000.0,1000.0,2537200.0,22.214201103799564,240.36956787109375,609865667.6025391,ANY,0.0383559986948967,0.0,NONE,0.0,55.55555555555556,23.112557903065785,55.55555555555556,0.9611312255859376,WIN,False,False
254.0,86.0,1.0,27.176786422729492,168.0,410.28794860839844,245.0,1000.0,0.9448984265327454,1.2262229919433594,2069800.0,1.0,22.78084373474121,27.176786422729492,30.595853805541992,2023-01-05,2022-12-21,HSBC,TP1,1000.0,1000.0,1000.0,2069800.0,9.873580087433332,24.734596252441406,51195667.32330322,ANY,1.9127223491668701,0.8,CUP_AND_HANDLE,0.3,5.9523809523809526,24.065001472556595,5.9523809523809526,0.41028794860839846,WIN,False,False
255.0,66.0,1.0,133.1272735595703,34.0,459.5997314453125,245.0,1000.0,0.9529052972793579,2.647463083267212,5867200.0,1.0,110.1258544921875,131.46435546875,148.0609588623047,2023-01-06,2022-12-21,FERG,TP1,1000.0,1000.0,1000.0,5867200.0,11.301463488314507,119.60963439941406,701773646.9482422,ANY,3.0602221488952637,0.8,CUP_AND_HANDLE,0.3,29.41176470588235,24.589795674541776,29.41176470588235,0.4595997314453125,WIN,False,False
274.0,5.0,2.0,171.20407104492188,29.0,993.0451202392578,193.0,1000.0,0.6612040996551514,2.6253199577331543,2286500.0,1.0,125.54682159423828,151.22903442382812,171.20407104492188,2023-02-03,2022-10-07,ADI,TP2,1000.0,1000.0,1000.0,2286500.0,25.001935742269428,136.9611358642578,313161637.1536255,ANY,-1.3720455169677734,0.75,VCP,0.3,34.48275862068966,25.17703902139474,34.48275862068966,0.9930451202392578,WIN,False,False
276.0,23.0,1.0,58.861351013183594,79.0,410.9139747619629,245.0,1000.0,1.134521722793579,2.3207874298095703,29831000.0,1.0,49.49875259399414,58.861351013183594,66.14337158203125,2023-02-07,2022-12-21,AVGO,TP1,1000.0,1000.0,1000.0,29831000.0,9.6933499959443,53.659908294677734,1600728724.3385315,ANY,3.978405714035034,0.55,POCKET_PIVOT,0.2,12.658227848101266,23.58973067674209,12.658227848101266,0.4109139747619629,WIN,False,False
285.0,86.0,2.0,31.30109405517578,168.0,1103.171630859375,245.0,1000.0,0.9448984265327454,1.2262229919433594,2069800.0,1.0,22.78084373474121,27.176786422729492,30.595853805541992,2023-02-21,2022-12-21,HSBC,TP2,1000.0,1000.0,1000.0,2069800.0,26.547826921113515,24.734596252441406,51195667.32330322,ANY,1.9127223491668701,0.8,CUP_AND_HANDLE,0.3,5.9523809523809526,24.065001472556595,5.9523809523809526,1.103171630859375,WIN,False,False
290.0,3.0,2.0,66.56289672851562,78.0,1022.0638046264648,211.0,1000.0,1.2664422988891602,3.028047800064087,9579300.0,1.0,49.242088317871094,58.73129653930664,66.11178588867188,2023-02-28,2022-11-02,ACGL,TP2,1000.0,1000.0,1000.0,9579300.0,24.51085125678148,53.45951461791992,512104728.3794403,ANY,13.225786209106445,0.0,NONE,0.0,12.820512820512821,23.98172320145854,12.820512820512821,1.0220638046264647,WIN,False,False
299.0,86.0,3.0,28.598819732666016,175.0,676.2391090393066,245.0,1000.0,0.9448984265327454,1.2262229919433594,2069800.0,1.0,22.78084373474121,27.176786422729492,30.595853805541992,2023-03-13,2022-12-21,HSBC,RUNNER,1000.0,1000.0,1000.0,2069800.0,15.622747348638022,24.734596252441406,51195667.32330322,ANY,1.9127223491668701,0.8,CUP_AND_HANDLE,0.3,5.714285714285714,23.10240141365433,5.714285714285714,0.6762391090393066,WIN,False,False
301.0,3.0,3.0,59.65937423706055,81.0,502.1886291503906,211.0,1000.0,1.2664422988891602,3.028047800064087,9579300.0,1.0,49.242088317871094,58.73129653930664,66.11178588867188,2023-03-15,2022-11-02,ACGL,RUNNER,1000.0,1000.0,1000.0,9579300.0,11.597298747382188,53.45951461791992,512104728.3794403,ANY,13.225786209106445,0.0,NONE,0.0,12.345679012345679,23.093511231034146,12.345679012345679,0.5021886291503906,WIN,False,False
323.0,12.0,2.0,198.20382690429688,26.0,997.8317260742188,121.0,1000.0,1.5665329694747925,2.4067904949188232,1454800.0,1.0,147.0380859375,175.8101806640625,198.1884765625,2023-04-17,2022-06-27,AJG,TP2,1000.0,1000.0,1000.0,1454800.0,24.01250064920583,159.82568359375,232514404.4921875,ANY,4.273072242736816,0.6,CUP_AND_HANDLE,0.2,38.46153846153846,24.064679466224728,38.46153846153846,0.9978317260742188,WIN,False,False
324.0,112.0,2.0,471.10345458984375,10.0,927.7850341796875,183.0,1000.0,1.2100744247436523,1.8537441492080688,1409900.0,1.0,347.3987731933594,416.982666015625,471.10345458984375,2023-04-18,2022-09-23,LMT,TP2,1000.0,1000.0,1000.0,1409900.0,24.52349577541318,378.324951171875,533400348.65722656,ANY,-1.447851300239563,0.7,CUP_AND_HANDLE,0.3,100.0,26.432303682389026,100.0,0.9277850341796875,WIN,False,False
327.0,5.0,3.0,177.71363830566406,30.0,1222.5750732421875,193.0,1000.0,0.6612040996551514,2.6253199577331543,2286500.0,1.0,125.54682159423828,151.22903442382812,171.20407104492188,2023-04-21,2022-10-07,ADI,RUNNER,1000.0,1000.0,1000.0,2286500.0,29.754792981416315,136.9611358642578,313161637.1536255,ANY,-1.3720455169677734,0.75,VCP,0.3,33.333333333333336,24.33780438734825,33.333333333333336,1.2225750732421874,WIN,False,False
330.0,112.0,3.0,428.1061096191406,12.0,597.3739013671875,183.0,1000.0,1.2100744247436523,1.8537441492080688,1409900.0,1.0,347.3987731933594,416.982666015625,471.10345458984375,2023-04-26,2022-09-23,LMT,RUNNER,1000.0,1000.0,1000.0,1409900.0,13.15830697739251,378.324951171875,533400348.65722656,ANY,-1.447851300239563,0.7,CUP_AND_HANDLE,0.3,83.33333333333333,22.02691973532419,83.33333333333333,0.5973739013671875,WIN,False,False
332.0,111.0,2.0,395.920654296875,12.0,933.7840576171875,193.0,1000.0,1.2424787282943726,2.5637831687927246,4299200.0,1.0,292.1668701171875,350.52838134765625,395.920654296875,2023-04-28,2022-10-07,LLY,TP2,1000.0,1000.0,1000.0,4299200.0,24.462130678479518,318.1053161621094,1367598375.2441406,ANY,3.300366163253784,0.75,POCKET_PIVOT,0.3,83.33333333333333,26.19677480990789,83.33333333333333,0.9337840576171875,WIN,False,False
333.0,110.0,2.0,262.935546875,19.0,1003.6108703613281,183.0,1000.0,2.288506269454956,2.6594715118408203,957909.0,0.975830078125,193.14512634277344,231.32492065429688,261.02032470703125,2023-05-01,2022-09-23,LLL,TP2,1000.0,1000.0,1000.0,957909.0,25.139516802655276,210.11392211914062,201270017.02322388,ANY,1.4301114082336426,0.0,NONE,0.0,52.63157894736842,25.049067865919326,52.63157894736842,1.0036108703613282,WIN,False,False
336.0,20.0,0.0,73.47079467773438,162.0,-997.4669952392578,324.0,1000.0,0.9968847632408142,2.7517433166503906,926400.0,1.0,73.47079467773438,87.32450866699219,98.09961700439453,2023-05-04,2023-04-18,ARES,STOP,1000.0,1000.0,1000.0,926400.0,-7.732460694408289,79.62799835205078,73767377.67333984,ANY,5.512932777404785,0.7,CUP_AND_HANDLE,0.3,6.172839506172839,7.7520967924893975,6.172839506172839,-0.9974669952392579,LOSS,False,False
336.0,73.0,1.0,16.40914535522461,290.0,566.1153030395508,324.0,1000.0,0.9292358756065369,2.6924593448638916,5960300.0,1.0,13.320076942443848,15.878206253051758,17.867862701416016,2023-05-04,2023-04-18,GFI,TP1,1000.0,1000.0,1000.0,5960300.0,13.50292968904608,14.457023620605469,86168197.88589478,ANY,10.637991905212402,0.65,POCKET_PIVOT,0.2,3.4482758620689653,23.8519072290521,3.4482758620689653,0.5661153030395508,WIN,False,False
349.0,23.0,2.0,66.14337158203125,79.0,986.1935997009277,245.0,1000.0,1.134521722793579,2.3207874298095703,29831000.0,1.0,49.49875259399414,58.861351013183594,66.14337158203125,2023-05-23,2022-12-21,AVGO,TP2,1000.0,1000.0,1000.0,29831000.0,23.26404141207168,53.659908294677734,1600728724.3385315,ANY,3.978405714035034,0.55,POCKET_PIVOT,0.2,12.658227848101266,23.58973067674209,12.658227848101266,0.9861935997009277,WIN,False,False
351.0,12.0,3.0,199.28648376464844,27.0,1065.4416046142578,121.0,1000.0,1.5665329694747925,2.4067904949188232,1454800.0,1.0,147.0380859375,175.8101806640625,198.1884765625,2023-05-25,2022-06-27,AJG,RUNNER,1000.0,1000.0,1000.0,1454800.0,24.68989919742884,159.82568359375,232514404.4921875,ANY,4.273072242736816,0.6,CUP_AND_HANDLE,0.2,37.03703703703704,23.173395041549743,37.03703703703704,1.0654416046142579,WIN,False,False
361.0,4.0,1.0,454.59600830078125,10.0,392.0599365234375,352.0,1000.0,2.004227876663208,2.8366360664367676,7030000.0,1.0,384.02520751953125,454.59600830078125,509.4844055175781,2023-06-09,2023-05-26,ADBE,TP1,1000.0,1000.0,1000.0,7030000.0,9.438357271424898,415.3900146484375,2920191802.9785156,ANY,15.791062355041504,0.6,CUP_AND_HANDLE,0.2,100.0,24.07376115784447,100.0,0.3920599365234375,WIN,False,False
365.0,58.0,1.0,38.294036865234375,117.0,411.4093551635742,352.0,1000.0,1.5031065940856934,3.8152785301208496,10365100.0,1.0,31.964662551879883,38.294036865234375,43.216880798339844,2023-06-15,2023-05-26,EQT,TP1,1000.0,1000.0,1000.0,10365100.0,10.110839694321564,34.77771759033203,360474520.59555054,ANY,5.780320644378662,0.7,POCKET_PIVOT,0.3,8.547008547008547,24.576105446852434,8.547008547008547,0.41140935516357424,WIN,False,False
366.0,4.0,2.0,509.4844055175781,10.0,940.9439086914062,352.0,1000.0,2.004227876663208,2.8366360664367676,7030000.0,1.0,384.02520751953125,454.59600830078125,509.4844055175781,2023-06-16,2023-05-26,ADBE,TP2,1000.0,1000.0,1000.0,7030000.0,22.65205892076553,415.3900146484375,2920191802.9785156,ANY,15.791062355041504,0.6,CUP_AND_HANDLE,0.2,100.0,24.07376115784447,100.0,0.9409439086914062,WIN,False,False
368.0,102.0,0.0,31.71950340270996,364.0,-1049.1486587524414,245.0,1000.0,0.8991044163703918,1.5260059833526611,5525100.0,1.0,31.860506057739258,38.02837371826172,42.825599670410156,2023-06-21,2022-12-21,KHC,STOP,1000.0,1000.0,1000.0,5525100.0,-8.329850488096275,34.60177993774414,191178294.33403015,ANY,1.2562546730041504,0.8,CUP_AND_HANDLE,0.3,2.7472527472527473,7.939628401185231,2.7472527472527473,-1.0491486587524415,LOSS,False,True
369.0,73.0,0.0,13.320076942443848,589.0,-669.6615934371948,324.0,1000.0,0.9292358756065369,2.6924593448638916,5960300.0,1.0,13.320076942443848,15.878206253051758,17.867862701416016,2023-06-22,2023-04-18,GFI,STOP,1000.0,1000.0,1000.0,5960300.0,-7.864320540648083,14.457023620605469,86168197.88589478,ANY,10.637991905212402,0.65,POCKET_PIVOT,0.2,1.697792869269949,11.743723423472172,1.697792869269949,-0.6696615934371948,LOSS,False,False
372.0,66.0,2.0,148.0609588623047,34.0,967.3450317382812,245.0,1000.0,0.9529052972793579,2.647463083267212,5867200.0,1.0,110.1258544921875,131.46435546875,148.0609588623047,2023-06-27,2022-12-21,FERG,TP2,1000.0,1000.0,1000.0,5867200.0,23.786816677227467,119.60963439941406,701773646.9482422,ANY,3.0602221488952637,0.8,CUP_AND_HANDLE,0.3,29.41176470588235,24.589795674541776,29.41176470588235,0.9673450317382812,WIN,False,False
372.0,81.0,1.0,292.08099365234375,15.0,397.8254699707031,324.0,1000.0,0.9294107556343079,1.6697447299957275,1007300.0,1.0,244.34193420410156,292.08099365234375,329.21136474609375,2023-06-27,2023-04-18,HCA,TP1,1000.0,1000.0,1000.0,1007300.0,9.987109633161788,265.5592956542969,267497878.51257324,ANY,2.6860315799713135,0.75,FLAT_BASE,0.3,66.66666666666667,25.10424894086662,66.66666666666667,0.3978254699707031,WIN,False,False
374.0,180.0,2.0,44.10047149658203,113.0,992.4920387268066,183.0,1000.0,0.8156921863555908,2.4570422172546387,1398700.0,0.9611365795135498,32.40846252441406,38.95347213745117,44.044036865234375,2023-06-29,2022-09-23,UNM,TP2,1000.0,1000.0,1000.0,1398700.0,24.869119193694953,35.31735610961914,49398385.99052429,ANY,-0.6155567169189453,0.0,NONE,0.0,8.849557522123893,25.05724804160411,8.849557522123893,0.9924920387268067,WIN,False,False
376.0,16.0,1.0,131.61000061035156,35.0,402.5,352.0,1000.0,1.0000560283660889,2.4897167682647705,66496700.0,1.0,110.91000366210938,131.61000061035156,147.7100067138672,2023-07-03,2023-05-26,AMZN,TP1,1000.0,1000.0,1000.0,66496700.0,9.574556607744187,120.11000061035156,7986918677.586365,ANY,8.186251640319824,0.5,CUP_AND_HANDLE,0.2,28.571428571428573,23.787718280109786,28.571428571428573,0.4025,WIN,False,False
5.0,35.0,1.0,94.4966812133789,48.0,478.130126953125,1.0,1000.0,1.1569525003433228,2.3589038848876953,3347700.0,0.800000011920929,77.76469421386719,92.99931335449219,104.84846496582031,2023-07-13,2023-07-07,BX,TP1,1000.0,1000.0,1000.0,3347700.0,11.783248670721026,84.53563690185547,282999951.65634155,ANY,1.1673285961151123,0.8,CUP_AND_HANDLE,0.3,20.833333333333332,24.6444388388775,20.833333333333332,0.478130126953125,WIN,False,False
7.0,90.0,1.0,551.8400268554688,8.0,430.64013671875,1.0,1000.0,0.773098886013031,2.3167359828948975,326700.0,0.800000011920929,458.71160888671875,547.1329956054688,615.9052124023438,2023-07-17,2023-07-07,IDXX,TP1,1000.0,1000.0,1000.0,326700.0,10.809023118868112,498.010009765625,162699870.1904297,ANY,3.3565306663513184,0.7,FLAT_BASE,0.3,125.0,25.09989710022654,125.0,0.43064013671875,WIN,False,False
18.0,77.0,1.0,117.79505920410156,39.0,566.8791275024414,1.0,1000.0,1.3999714851379395,2.321399450302124,3737000.0,0.800000011920929,95.04496765136719,113.52810668945312,127.90388488769531,2023-08-01,2023-07-07,GPN,TP1,1000.0,1000.0,1000.0,3737000.0,14.076510653735227,103.25969696044922,385881487.54119873,ANY,5.470284938812256,0.7,CUP_AND_HANDLE,0.3,25.641025641025642,24.83159102321086,25.641025641025642,0.5668791275024414,WIN,False,False
23.0,100.0,0.0,58.83354568481445,195.0,-1031.7413520812988,1.0,1000.0,0.866438627243042,1.6676439046859741,2902500.0,0.800000011920929,58.99763107299805,70.53314208984375,79.50521087646484,2023-08-08,2023-07-07,JCI,STOP,1000.0,1000.0,1000.0,2902500.0,-8.251103816450584,64.12452697753906,186121439.55230713,ANY,1.7422821521759033,0.8,CUP_AND_HANDLE,0.3,5.128205128205129,7.997259971993849,5.128205128205129,-1.0317413520812988,LOSS,False,True
24.0,113.0,1.0,163.33306884765625,28.0,426.40869140625,1.0,1000.0,0.8193254470825195,1.9169234037399292,1303600.0,0.800000011920929,136.3858642578125,162.75209045410156,183.2591552734375,2023-08-09,2023-07-07,LNG,TP1,1000.0,1000.0,1000.0,1303600.0,10.282546458144708,148.10418701171875,193068618.18847656,ANY,2.0365102291107178,0.7,CUP_AND_HANDLE,0.3,35.714285714285715,24.11429847790854,35.714285714285715,0.42640869140625,WIN,False,False
28.0,109.0,0.0,48.897132873535156,236.0,-998.6877136230469,1.0,1000.0,1.194757342338562,1.6823186874389648,1536900.0,0.800000011920929,48.897132873535156,58.418521881103516,65.82405090332031,2023-08-15,2023-07-07,LKQ,STOP,1000.0,1000.0,1000.0,1536900.0,-7.965026093864387,53.12886047363281,81653745.66192627,ANY,2.6391100883483887,0.7,CUP_AND_HANDLE,0.3,4.237288135593221,7.975492223658992,4.237288135593221,-0.9986877136230469,LOSS,False,False
32.0,27.0,0.0,51.12907028198242,230.0,-999.4108200073242,1.0,1000.0,0.6271948218345642,2.983548641204834,1494900.0,0.800000011920929,51.12907028198242,60.905914306640625,68.5101318359375,2023-08-21,2023-07-07,BALL,STOP,1000.0,1000.0,1000.0,1494900.0,-7.832927527653191,55.474334716796875,82928582.96813965,ANY,2.656630754470825,0.7,CUP_AND_HANDLE,0.3,4.3478260869565215,7.837545252507659,4.3478260869565215,-0.9994108200073242,LOSS,False,False
34.0,107.0,0.0,169.28219604492188,67.0,-1042.7662200927734,1.0,1000.0,0.8025403618812561,1.7880311012268066,712700.0,0.800000011920929,170.05136108398438,203.33900451660156,229.22938537597656,2023-08-23,2023-07-07,LHX,STOP,1000.0,1000.0,1000.0,712700.0,-8.419812054737392,184.8458709716797,131739652.24151611,ANY,0.6949681043624878,0.8,CUP_AND_HANDLE,0.3,14.925373134328359,8.074496366010298,14.925373134328359,-1.0427662200927734,LOSS,False,True
46.0,35.0,2.0,105.19802856445312,48.0,991.7947998046875,1.0,1000.0,1.1569525003433228,2.3589038848876953,3347700.0,0.800000011920929,77.76469421386719,92.99931335449219,104.84846496582031,2023-09-11,2023-07-07,BX,TP2,1000.0,1000.0,1000.0,3347700.0,24.44222628450338,84.53563690185547,282999951.65634155,ANY,1.1673285961151123,0.8,CUP_AND_HANDLE,0.3,20.833333333333332,24.6444388388775,20.833333333333332,0.9917947998046875,WIN,False,False
48.0,90.0,0.0,458.2900085449219,17.0,-675.2400207519531,1.0,1000.0,0.773098886013031,2.3167359828948975,326700.0,0.800000011920929,458.71160888671875,547.1329956054688,615.9052124023438,2023-09-13,2023-07-07,IDXX,STOP,1000.0,1000.0,1000.0,326700.0,-7.975743547684166,498.010009765625,162699870.1904297,ANY,3.3565306663513184,0.7,FLAT_BASE,0.3,58.8235294117647,11.811716282459546,58.8235294117647,-0.6752400207519531,LOSS,False,False
55.0,112.0,0.0,388.5714111328125,29.0,-984.6317749023438,35.0,1000.0,1.0956429243087769,1.095292568206787,1043200.0,0.8606312870979309,388.5714111328125,464.9652404785156,524.3826904296875,2023-09-22,2023-08-24,LMT,STOP,1000.0,1000.0,1000.0,1043200.0,-8.035709513585648,422.52423095703125,440777277.734375,ANY,0.6551334261894226,0.8,FLAT_BASE,0.3,34.48275862068966,8.161131621394842,34.48275862068966,-0.9846317749023438,LOSS,False,False
61.0,35.0,3.0,99.32177734375,51.0,754.0931625366211,1.0,1000.0,1.1569525003433228,2.3589038848876953,3347700.0,0.800000011920929,77.76469421386719,92.99931335449219,104.84846496582031,2023-10-02,2023-07-07,BX,RUNNER,1000.0,1000.0,1000.0,3347700.0,17.491014421599502,84.53563690185547,282999951.65634155,ANY,1.1673285961151123,0.8,CUP_AND_HANDLE,0.3,19.607843137254903,23.194765966002358,19.607843137254903,0.7540931625366211,WIN,False,False
68.0,111.0,1.0,595.802001953125,7.0,394.68096923828125,35.0,1000.0,0.6562646627426147,2.121842622756958,2121300.0,0.9200252890586853,495.8434143066406,593.8884887695312,670.1458129882812,2023-10-11,2023-08-24,LLY,TP1,1000.0,1000.0,1000.0,2121300.0,10.452541520038661,539.4190063476562,1144269538.1652832,ANY,7.667096138000488,0.75,VCP,0.3,142.85714285714286,26.483520449976737,142.85714285714286,0.3946809692382813,WIN,False,False
69.0,87.0,0.0,72.3552017211914,158.0,-996.1587066650391,1.0,1000.0,0.6830035448074341,1.647946834564209,590600.0,0.800000011920929,72.3552017211914,86.54100036621094,97.57440185546875,2023-10-12,2023-07-07,HSIC,STOP,1000.0,1000.0,1000.0,590600.0,-8.015257624447582,78.66000366210938,46456598.1628418,ANY,0.5650914907455444,0.7,CUP_AND_HANDLE,0.3,6.329113924050633,8.046165305608008,6.329113924050633,-0.996158706665039,LOSS,False,False
79.0,118.0,0.0,359.88177490234375,31.0,-994.6252746582031,35.0,1000.0,0.8582110404968262,1.3875787258148193,1943200.0,0.8482576012611389,360.3418273925781,431.4972229003906,486.84033203125,2023-10-26,2023-08-24,MA,STOP,1000.0,1000.0,1000.0,1943200.0,-8.185569291457453,391.9664611816406,761669227.3681641,ANY,0.720594584941864,0.9,FLAT_BASE,0.3,32.25806451612903,8.229802217996497,32.25806451612903,-0.9946252746582032,LOSS,False,False
83.0,11.0,1.0,160.70260620117188,28.0,552.458251953125,80.0,1000.0,1.1301096677780151,1.698754906654358,326500.0,1.0,129.48800659179688,155.32688903808594,175.42379760742188,2023-11-01,2023-10-27,AIZ,TP1,1000.0,1000.0,1000.0,326500.0,13.996154020170287,140.97195434570312,46027343.09387207,ANY,-0.7870471477508545,0.65,POCKET_PIVOT,0.2,35.714285714285715,25.33431978016292,35.714285714285715,0.552458251953125,WIN,False,False
85.0,22.0,1.0,20.940366744995117,218.0,430.69769287109375,80.0,1000.0,1.2422475814819336,3.056230068206787,67100.0,1.0,17.45698356628418,20.849323272705078,23.487808227539062,2023-11-03,2023-10-27,AROW,TP1,1000.0,1000.0,1000.0,67100.0,10.417663393764371,18.964689254760742,1272530.6489944458,ANY,14.8512544631958,0.7,POCKET_PIVOT,0.3,4.587155963302752,24.1878783336839,4.587155963302752,0.4306976928710938,WIN,False,False
86.0,184.0,1.0,385.760009765625,11.0,428.8902282714844,35.0,1000.0,0.5628049373626709,1.7797861099243164,507000.0,0.8470202088356018,318.72198486328125,381.8299865722656,430.91400146484375,2023-11-06,2023-08-24,VRTX,TP1,1000.0,1000.0,1000.0,507000.0,11.243770218655195,346.7699890136719,175812384.42993164,ANY,-0.39137616753578186,0.75,FLAT_BASE,0.3,90.9090909090909,26.215962681103495,90.9090909090909,0.4288902282714844,WIN,False,False
87.0,18.0,0.0,239.8839874267578,46.0,-1328.2759704589844,1.0,1000.0,1.08932626247406,1.824296474456787,883400.0,0.800000011920929,247.18382263183594,295.7292175292969,333.4867248535156,2023-11-07,2023-07-07,APD,STOP,1000.0,1000.0,1000.0,883400.0,-10.74401425367217,268.7595520019531,237422188.2385254,ANY,-0.20754492282867432,0.9,CUP_AND_HANDLE,0.3,21.73913043478261,8.088691275473114,21.73913043478261,-1.3282759704589844,LOSS,False,True
88.0,12.0,1.0,241.96263122558594,18.0,396.6910400390625,35.0,1000.0,0.8288350701332092,1.7759686708450317,549700.0,0.8767171502113342,202.2935333251953,241.96263122558594,272.8163757324219,2023-11-08,2023-08-24,AJG,TP1,1000.0,1000.0,1000.0,549700.0,10.020901334944847,219.9242401123047,120892354.78973389,ANY,1.3022100925445557,0.75,FLAT_BASE,0.3,55.55555555555556,25.26122428668437,55.55555555555556,0.3966910400390625,WIN,False,False
90.0,42.0,1.0,557.337890625,7.0,365.1802673339844,1.0,1000.0,1.112884521484375,1.135146975517273,1750100.0,0.800000011920929,463.8074645996094,556.87158203125,629.2547607421875,2023-11-10,2023-07-07,COST,TP1,1000.0,1000.0,1000.0,1750100.0,10.32695604833017,505.1692810058594,884096758.6883545,ANY,-0.46030035614967346,0.55,FLAT_BASE,0.2,142.85714285714286,28.279063717551324,142.85714285714286,0.3651802673339844,WIN,False,False
99.0,9.0,1.0,62.5574951171875,70.0,406.1016845703125,80.0,1000.0,0.9429661631584167,2.037620782852173,2788200.0,1.0,52.1148796081543,62.5574951171875,70.67952728271484,2023-11-24,2023-10-27,AIG,TP1,1000.0,1000.0,1000.0,2788200.0,10.221735665793087,56.75604248046875,158247197.64404297,ANY,-1.9565913677215576,0.7,FLAT_BASE,0.3,14.285714285714286,25.170384793179295,14.285714285714286,0.4061016845703125,WIN,False,False
104.0,22.0,2.0,24.335779190063477,219.0,1176.2686958312988,80.0,1000.0,1.2422475814819336,3.056230068206787,67100.0,1.0,17.45698356628418,20.849323272705078,23.487808227539062,2023-12-01,2023-10-27,AROW,TP2,1000.0,1000.0,1000.0,67100.0,28.321528832614113,18.964689254760742,1272530.6489944458,ANY,14.8512544631958,0.7,POCKET_PIVOT,0.3,4.566210045662101,24.07743140065338,4.566210045662101,1.176268695831299,WIN,False,False
105.0,40.0,1.0,75.10425567626953,59.0,409.40162658691406,80.0,1000.0,1.3342524766921997,1.5704867839813232,6871000.0,1.0,62.614036560058594,75.10425567626953,84.8188705444336,2023-12-04,2023-10-27,CL,TP1,1000.0,1000.0,1000.0,6871000.0,10.179689978963697,68.16524505615234,468363398.78082275,ANY,1.1723761558532715,0.7,CUP_AND_HANDLE,0.3,16.949152542372882,24.86480101173364,16.949152542372882,0.40940162658691404,WIN,False,False
113.0,77.0,2.0,127.90388488769531,40.0,985.7675170898438,1.0,1000.0,1.3999714851379395,2.321399450302124,3737000.0,0.800000011920929,95.04496765136719,113.52810668945312,127.90388488769531,2023-12-14,2023-07-07,GPN,TP2,1000.0,1000.0,1000.0,3737000.0,23.866221432632493,103.25969696044922,385881487.54119873,ANY,5.470284938812256,0.7,CUP_AND_HANDLE,0.3,25.0,24.210801247630584,25.0,0.9857675170898438,WIN,False,False
114.0,42.0,2.0,636.2373046875,8.0,1048.544189453125,1.0,1000.0,1.112884521484375,1.135146975517273,1750100.0,0.800000011920929,463.8074645996094,556.87158203125,629.2547607421875,2023-12-15,2023-07-07,COST,TP2,1000.0,1000.0,1000.0,1750100.0,25.945366951186482,505.1692810058594,884096758.6883545,ANY,-0.46030035614967346,0.55,FLAT_BASE,0.2,125.0,24.744180752857407,125.0,1.048544189453125,WIN,False,False
122.0,106.0,1.0,222.25340270996094,20.0,406.1773681640625,1.0,1000.0,1.3281675577163696,2.018845558166504,1069100.0,0.800000011920929,185.69744873046875,222.25340270996094,250.68580627441406,2023-12-28,2023-07-07,LH,TP1,1000.0,1000.0,1000.0,1069100.0,10.056656635161206,201.9445343017578,215898901.62200928,ANY,3.4931514263153076,0.7,CUP_AND_HANDLE,0.3,50.0,24.759273714874084,50.0,0.4061773681640625,WIN,False,False
129.0,22.0,3.0,23.79273223876953,226.0,1091.1377143859863,80.0,1000.0,1.2422475814819336,3.056230068206787,67100.0,1.0,17.45698356628418,20.849323272705078,23.487808227539062,2024-01-09,2023-10-27,AROW,RUNNER,1000.0,1000.0,1000.0,67100.0,25.458065350566166,18.964689254760742,1272530.6489944458,ANY,14.8512544631958,0.7,POCKET_PIVOT,0.3,4.424778761061947,23.33167025107562,4.424778761061947,1.0911377143859864,WIN,False,False
131.0,184.0,2.0,430.91400146484375,11.0,925.5841369628906,35.0,1000.0,0.5628049373626709,1.7797861099243164,507000.0,0.8470202088356018,318.72198486328125,381.8299865722656,430.91400146484375,2024-01-11,2023-08-24,VRTX,TP2,1000.0,1000.0,1000.0,507000.0,24.265079192840528,346.7699890136719,175812384.42993164,ANY,-0.39137616753578186,0.75,FLAT_BASE,0.3,90.9090909090909,26.215962681103495,90.9090909090909,0.9255841369628907,WIN,False,False
132.0,1.0,0.0,13.199600219726562,869.0,-999.6977405548096,130.0,1000.0,1.119578242301941,2.3951711654663086,35790700.0,1.0,13.199600219726562,15.788000106811523,17.80120086669922,2024-01-12,2024-01-10,AAL,STOP,1000.0,1000.0,1000.0,35790700.0,-8.01672565269535,14.350000381469727,513596558.65306854,ANY,2.280829668045044,0.7,POCKET_PIVOT,0.3,1.1507479861910241,8.01914951637907,1.1507479861910241,-0.9996977405548095,LOSS,False,False
137.0,7.0,0.0,64.48178100585938,174.0,-999.1764678955078,80.0,1000.0,0.7952017784118652,2.28290057182312,1594300.0,1.0,64.48178100585938,77.40216827392578,87.45136260986328,2024-01-22,2023-10-27,AEE,STOP,1000.0,1000.0,1000.0,1594300.0,-8.177231750431286,70.22417449951172,111958401.40457153,ANY,-0.6183416843414307,0.7,CUP_AND_HANDLE,0.3,5.747126436781609,8.18397151371508,5.747126436781609,-0.9991764678955078,LOSS,False,False
141.0,92.0,0.0,43.04944610595703,263.0,-997.6109771728516,130.0,1000.0,0.7204049825668335,2.835437059402466,30097000.0,1.0,43.04944610595703,51.58414077758789,58.22223663330078,2024-01-26,2024-01-10,INTC,STOP,1000.0,1000.0,1000.0,30097000.0,-8.097744553165686,46.84264373779297,1409823048.576355,ANY,0.18783876299858093,0.55,VCP,0.2,3.802281368821293,8.117136577740991,3.802281368821293,-0.9976109771728515,LOSS,False,False
144.0,91.0,0.0,58.77000045776367,194.0,-1041.7797927856445,130.0,1000.0,0.8043861389160156,3.264242172241211,1951300.0,1.0,58.989601135253906,70.5780029296875,79.59120178222656,2024-01-31,2024-01-10,INCY,STOP,1000.0,1000.0,1000.0,1951300.0,-8.372308985009798,64.13999938964844,125156380.809021,ANY,1.1743732690811157,0.65,POCKET_PIVOT,0.2,5.154639175257732,8.036543848314473,5.154639175257732,-1.0417797927856445,LOSS,False,True
145.0,81.0,1.0,309.8966064453125,14.0,443.42462158203125,130.0,1000.0,0.6998846530914307,1.6831809282302856,764400.0,1.0,256.2153015136719,305.7335510253906,344.2477722167969,2024-02-01,2024-01-10,HCA,TP1,1000.0,1000.0,1000.0,764400.0,11.384083823041465,278.2234191894531,212673981.62841797,ANY,3.875188112258911,0.6,CUP_AND_HANDLE,0.2,71.42857142857143,25.67309812979221,71.42857142857143,0.4434246215820313,WIN,False,False
147.0,111.0,2.0,696.42626953125,7.0,1099.0508422851562,35.0,1000.0,0.6562646627426147,2.121842622756958,2121300.0,0.9200252890586853,495.8434143066406,593.8884887695312,670.1458129882812,2024-02-05,2023-08-24,LLY,TP2,1000.0,1000.0,1000.0,2121300.0,29.106735457223092,539.4190063476562,1144269538.1652832,ANY,7.667096138000488,0.75,VCP,0.3,142.85714285714286,26.483520449976737,142.85714285714286,1.0990508422851561,WIN,False,False
151.0,184.0,3.0,422.9100036621094,13.0,989.8201904296875,35.0,1000.0,0.5628049373626709,1.7797861099243164,507000.0,0.8470202088356018,318.72198486328125,381.8299865722656,430.91400146484375,2024-02-09,2023-08-24,VRTX,RUNNER,1000.0,1000.0,1000.0,507000.0,21.956921608183222,346.7699890136719,175812384.42993164,ANY,-0.39137616753578186,0.75,FLAT_BASE,0.3,76.92307692307692,22.182737653241418,76.92307692307692,0.9898201904296875,WIN,False,False
157.0,56.0,1.0,23.92240333557129,190.0,412.0677185058594,1.0,1000.0,0.9372521042823792,1.0661273002624512,3603200.0,0.800000011920929,20.018604278564453,23.92240333557129,26.95869255065918,2024-02-20,2023-07-07,EPD,TP1,1000.0,1000.0,1000.0,3603200.0,9.969728627336826,21.753625869750977,78382664.73388672,ANY,0.8547852039337158,0.7,FLAT_BASE,0.3,5.2631578947368425,24.194393735783652,5.2631578947368425,0.4120677185058594,WIN,False,False
160.0,77.0,3.0,130.35350036621094,42.0,1137.9397430419922,1.0,1000.0,1.3999714851379395,2.321399450302124,3737000.0,0.800000011920929,95.04496765136719,113.52810668945312,127.90388488769531,2024-02-23,2023-07-07,GPN,RUNNER,1000.0,1000.0,1000.0,3737000.0,26.238507571970942,103.25969696044922,385881487.54119873,ANY,5.470284938812256,0.7,CUP_AND_HANDLE,0.3,23.80952380952381,23.057905950124365,23.80952380952381,1.1379397430419922,WIN,False,False
161.0,170.0,1.0,13.48799991607666,332.0,411.0159721374512,148.0,1000.0,1.037003755569458,3.003354549407959,14434600.0,1.0,11.259599685668945,13.48799991607666,15.221199989318848,2024-02-26,2024-02-06,TEVA,TP1,1000.0,1000.0,1000.0,14434600.0,10.106121763891103,12.25,176823850.0,ANY,4.687434196472168,0.0,NONE,0.0,3.0120481927710845,24.588148512417014,3.0120481927710845,0.41101597213745117,WIN,False,False
162.0,11.0,2.0,176.96923828125,29.0,1043.9212341308594,80.0,1000.0,1.1301096677780151,1.698754906654358,326500.0,1.0,129.48800659179688,155.32688903808594,175.42379760742188,2024-02-27,2023-10-27,AIZ,TP2,1000.0,1000.0,1000.0,326500.0,25.535067668333056,140.97195434570312,46027343.09387207,ANY,-0.7870471477508545,0.65,POCKET_PIVOT,0.2,34.48275862068966,24.460722546364206,34.48275862068966,1.0439212341308595,WIN,False,False
165.0,129.0,1.0,61.933998107910156,73.0,463.2577705383301,148.0,1000.0,0.5814440846443176,2.624762535095215,41431000.0,1.0,51.091522216796875,61.20860290527344,69.07743835449219,2024-03-01,2024-02-06,NFLX,TP1,1000.0,1000.0,1000.0,41431000.0,11.41612706672035,55.5880012512207,2303066479.839325,ANY,6.056951999664307,0.0,NONE,0.0,13.698630136986301,24.643142096578767,13.698630136986301,0.46325777053833006,WIN,False,False
167.0,9.0,2.0,70.85652160644531,71.0,1001.1340179443359,80.0,1000.0,0.9429661631584167,2.037620782852173,2788200.0,1.0,52.1148796081543,62.5574951171875,70.67952728271484,2024-03-05,2023-10-27,AIG,TP2,1000.0,1000.0,1000.0,2788200.0,24.844013975831576,56.75604248046875,158247197.64404297,ANY,-1.9565913677215576,0.7,FLAT_BASE,0.3,14.084507042253522,24.815872331303527,14.084507042253522,1.001134017944336,WIN,False,False
172.0,40.0,2.0,84.8188705444336,59.0,982.5639038085938,80.0,1000.0,1.3342524766921997,1.5704867839813232,6871000.0,1.0,62.614036560058594,75.10425567626953,84.8188705444336,2024-03-12,2023-10-27,CL,TP2,1000.0,1000.0,1000.0,6871000.0,24.431255949512874,68.16524505615234,468363398.78082275,ANY,1.1723761558532715,0.7,CUP_AND_HANDLE,0.3,16.949152542372882,24.86480101173364,16.949152542372882,0.9825639038085937,WIN,False,False
177.0,42.0,3.0,724.2151489257812,9.0,1971.4128112792969,1.0,1000.0,1.112884521484375,1.135146975517273,1750100.0,0.800000011920929,463.8074645996094,556.87158203125,629.2547607421875,2024-03-19,2023-07-07,COST,RUNNER,1000.0,1000.0,1000.0,1750100.0,43.36088439181661,505.1692810058594,884096758.6883545,ANY,-0.46030035614967346,0.55,FLAT_BASE,0.2,111.11111111111111,21.99482733587325,111.11111111111111,1.9714128112792968,WIN,False,False
192.0,11.0,3.0,172.82131958007812,30.0,955.48095703125,80.0,1000.0,1.1301096677780151,1.698754906654358,326500.0,1.0,129.48800659179688,155.32688903808594,175.42379760742188,2024-04-10,2023-10-27,AIZ,RUNNER,1000.0,1000.0,1000.0,326500.0,22.59269610200008,140.97195434570312,46027343.09387207,ANY,-0.7870471477508545,0.65,POCKET_PIVOT,0.2,33.333333333333336,23.645365128152065,33.333333333333336,0.95548095703125,WIN,False,False
192.0,40.0,3.0,82.68049621582031,62.0,899.9455718994141,80.0,1000.0,1.3342524766921997,1.5704867839813232,6871000.0,1.0,62.614036560058594,75.10425567626953,84.8188705444336,2024-04-10,2023-10-27,CL,RUNNER,1000.0,1000.0,1000.0,6871000.0,21.294211071508318,68.16524505615234,468363398.78082275,ANY,1.1723761558532715,0.7,CUP_AND_HANDLE,0.3,16.129032258064516,23.661665478907818,16.129032258064516,0.899945571899414,WIN,False,False
192.0,120.0,0.0,63.315086364746094,179.0,-1012.4195861816406,130.0,1000.0,0.854426383972168,1.448364496231079,5078800.0,1.0,63.40354537963867,75.93045806884766,85.6736068725586,2024-04-10,2024-01-10,MDLZ,STOP,1000.0,1000.0,1000.0,5078800.0,-8.200504968100727,68.97106170654297,350290228.1951904,ANY,1.647770643234253,0.7,CUP_AND_HANDLE,0.3,5.58659217877095,8.099907469223394,5.58659217877095,-1.0124195861816405,LOSS,False,True
194.0,9.0,3.0,70.96308135986328,74.0,1051.3208770751953,80.0,1000.0,0.9429661631584167,2.037620782852173,2788200.0,1.0,52.1148796081543,62.5574951171875,70.67952728271484,2024-04-12,2023-10-27,AIG,RUNNER,1000.0,1000.0,1000.0,2788200.0,25.031764475621337,56.75604248046875,158247197.64404297,ANY,-1.9565913677215576,0.7,FLAT_BASE,0.3,13.513513513513514,23.80982345300744,13.513513513513514,1.0513208770751954,WIN,False,False
194.0,111.0,3.0,742.5365600585938,8.0,1624.9404296875,35.0,1000.0,0.6562646627426147,2.121842622756958,2121300.0,0.9200252890586853,495.8434143066406,593.8884887695312,670.1458129882812,2024-04-12,2023-08-24,LLY,RUNNER,1000.0,1000.0,1000.0,2121300.0,37.65487521217003,539.4190063476562,1144269538.1652832,ANY,7.667096138000488,0.75,VCP,0.3,125.0,23.173080393729645,125.0,1.6249404296875,WIN,False,False
202.0,72.0,0.0,56.00997543334961,203.0,-998.3251991271973,148.0,1000.0,1.425684928894043,1.9915510416030884,3548531.0,1.0,56.00997543334961,67.07515716552734,75.68141174316406,2024-04-24,2024-02-06,FTV,STOP,1000.0,1000.0,1000.0,3548531.0,-8.071611670170537,60.927833557128906,216204306.1403122,ANY,8.725350379943848,0.0,NONE,0.0,4.926108374384237,8.08515269095409,4.926108374384237,-0.9983251991271973,LOSS,False,False
203.0,89.0,0.0,157.84779357910156,72.0,-988.3223876953125,148.0,1000.0,0.6860796809196472,1.7836215496063232,4379600.0,1.0,157.84779357910156,188.73287963867188,212.75460815429688,2024-04-25,2024-02-06,IBM,STOP,1000.0,1000.0,1000.0,4379600.0,-8.000431507289111,171.57449340820312,751427651.3305664,ANY,4.288154602050781,0.0,NONE,0.0,13.88888888888889,8.094961327290651,13.88888888888889,-0.9883223876953126,LOSS,False,False
206.0,79.0,0.0,35.807071685791016,318.0,-1054.4873886108398,193.0,1000.0,0.8593915700912476,2.1022439002990723,5466100.0,1.0,35.980228424072266,43.0516242980957,48.551597595214844,2024-04-30,2024-04-11,HAL,STOP,1000.0,1000.0,1000.0,5466100.0,-8.475812602294997,39.123069763183594,213850611.63253784,ANY,3.8387768268585205,0.6,CUP_AND_HANDLE,0.2,3.1446540880503147,8.037851086546288,3.1446540880503147,-1.05448738861084,LOSS,False,True
208.0,133.0,1.0,7.9997124671936035,576.0,489.38873291015625,193.0,1000.0,3.236856460571289,1.1397154331207275,883500.0,0.9931546449661255,6.578232288360596,7.864887714385986,8.865619659423828,2024-05-02,2024-04-11,NPSNY,TP1,1000.0,1000.0,1000.0,883500.0,11.882850344882824,7.150079250335693,6317095.017671585,ANY,4.124310493469238,0.6,CUP_AND_HANDLE,0.2,1.7361111111111112,24.281005151510755,1.7361111111111112,0.4893887329101563,WIN,False,False
212.0,170.0,2.0,15.739999771118164,333.0,1162.1699237823486,148.0,1000.0,1.037003755569458,3.003354549407959,14434600.0,1.0,11.259599685668945,13.48799991607666,15.221199989318848,2024-05-08,2024-02-06,TEVA,TP2,1000.0,1000.0,1000.0,14434600.0,28.489794049944194,12.25,176823850.0,ANY,4.687434196472168,0.0,NONE,0.0,3.003003003003003,24.514310228595942,3.003003003003003,1.1621699237823486,WIN,False,False
218.0,133.0,2.0,8.933112144470215,577.0,1028.809979915619,193.0,1000.0,3.236856460571289,1.1397154331207275,883500.0,0.9931546449661255,6.578232288360596,7.864887714385986,8.865619659423828,2024-05-16,2024-04-11,NPSNY,TP2,1000.0,1000.0,1000.0,883500.0,24.93724659136902,7.150079250335693,6317095.017671585,ANY,4.124310493469238,0.6,CUP_AND_HANDLE,0.2,1.733102253032929,24.238923686776765,1.733102253032929,1.028809979915619,WIN,False,False
223.0,26.0,0.0,77.76688385009766,149.0,-1109.9688339233398,219.0,1000.0,2.4983036518096924,2.440502882003784,47259500.0,1.0,78.54071044921875,93.56088256835938,105.24323272705078,2024-05-23,2024-05-17,BABA,STOP,1000.0,1000.0,1000.0,47259500.0,-8.741815641127658,85.21633911132812,4027281578.2318115,ANY,12.351141929626465,0.7,POCKET_PIVOT,0.3,6.7114093959731544,7.875730717797265,6.7114093959731544,-1.1099688339233398,LOSS,False,True
227.0,0.0,0.0,129.6824951171875,82.0,-1845.6919250488281,219.0,1000.0,1.0097776651382446,2.2475175857543945,1325000.0,1.0,140.00933837890625,167.4179229736328,188.73570251464844,2024-05-30,2024-05-17,A,STOP,1000.0,1000.0,1000.0,1325000.0,-14.789605157818064,152.19093322753906,201652986.52648926,ANY,7.919571876525879,0.65,POCKET_PIVOT,0.2,12.195121951219512,8.013041048238211,12.195121951219512,-1.8456919250488282,LOSS,False,True
230.0,66.0,0.0,191.30503845214844,58.0,-1199.9289855957031,193.0,1000.0,1.2898104190826416,1.6631642580032349,1446000.0,1.0,194.8638153076172,233.40553283691406,263.3824157714844,2024-06-04,2024-04-11,FERG,STOP,1000.0,1000.0,1000.0,1446000.0,-9.758994397548616,211.99346923828125,306542556.5185547,ANY,0.32565680146217346,0.75,POCKET_PIVOT,0.3,17.24137931034483,8.132976630032632,17.24137931034483,-1.1999289855957032,LOSS,False,True
235.0,80.0,0.0,11.508990287780762,987.0,-1048.5576038360596,193.0,1000.0,1.5141280889511108,2.152195692062378,25115600.0,1.0,11.558939933776855,13.836881637573242,15.608613967895508,2024-06-11,2024-04-11,HBAN,STOP,1000.0,1000.0,1000.0,25115600.0,-8.450704652737345,12.571358680725098,315737216.08161926,ANY,-0.016677508130669594,0.75,FLAT_BASE,0.3,1.0131712259371835,8.059361375875923,1.0131712259371835,-1.0485576038360596,LOSS,False,True
236.0,13.0,1.0,234.29360961914062,19.0,486.1980438232422,219.0,1000.0,1.823574185371399,2.5325210094451904,7977900.0,1.0,191.85438537597656,229.7665557861328,259.2538146972656,2024-06-12,2024-05-17,AMAT,TP1,1000.0,1000.0,1000.0,7977900.0,12.261068995742761,208.70423889160156,1665021547.453308,ANY,3.981424570083618,0.6,CUP_AND_HANDLE,0.2,52.63157894736842,25.218260648124456,52.63157894736842,0.48619804382324217,WIN,False,False
237.0,23.0,1.0,164.88316345214844,29.0,807.9510803222656,219.0,1000.0,1.2410672903060913,3.2157950401306152,28395000.0,1.0,125.92865753173828,150.8904266357422,170.30514526367188,2024-06-13,2024-05-17,AVGO,TP1,1000.0,1000.0,1000.0,28395000.0,20.332664248309424,137.0227813720703,3890761877.0599365,ANY,6.082407474517822,0.8,CUP_AND_HANDLE,0.3,34.48275862068966,25.16571206291275,34.48275862068966,0.8079510803222656,WIN,False,False
238.0,23.0,2.0,170.38748168945312,30.0,1000.9410095214844,219.0,1000.0,1.2410672903060913,3.2157950401306152,28395000.0,1.0,125.92865753173828,150.8904266357422,170.30514526367188,2024-06-14,2024-05-17,AVGO,TP2,1000.0,1000.0,1000.0,28395000.0,24.34974679632625,137.0227813720703,3890761877.0599365,ANY,6.082407474517822,0.8,CUP_AND_HANDLE,0.3,33.333333333333336,24.326854994148988,33.333333333333336,1.0009410095214843,WIN,False,False
241.0,27.0,0.0,59.12939453125,191.0,-1070.663475036621,193.0,1000.0,1.027925968170166,1.462210774421692,1721000.0,1.0,59.52338409423828,71.24943542480469,80.36970520019531,2024-06-20,2024-04-11,BALL,STOP,1000.0,1000.0,1000.0,1721000.0,-8.659258797438898,64.7349624633789,111408870.3994751,ANY,0.2144625037908554,0.55,VCP,0.2,5.2356020942408374,8.08775025891559,5.2356020942408374,-1.070663475036621,LOSS,False,True
242.0,133.0,3.0,8.007689476013184,595.0,510.2780842781067,193.0,1000.0,3.236856460571289,1.1397154331207275,883500.0,0.9931546449661255,6.578232288360596,7.864887714385986,8.865619659423828,2024-06-21,2024-04-11,NPSNY,RUNNER,1000.0,1000.0,1000.0,883500.0,11.99441566521414,7.150079250335693,6317095.017671585,ANY,4.124310493469238,0.6,CUP_AND_HANDLE,0.2,1.680672268907563,23.50564532314318,1.680672268907563,0.5102780842781067,WIN,False,False
246.0,170.0,3.0,16.260000228881836,344.0,1379.4400787353516,148.0,1000.0,1.037003755569458,3.003354549407959,14434600.0,1.0,11.259599685668945,13.48799991607666,15.221199989318848,2024-06-27,2024-02-06,TEVA,RUNNER,1000.0,1000.0,1000.0,14434600.0,32.73469574597417,12.25,176823850.0,ANY,4.687434196472168,0.0,NONE,0.0,2.9069767441860463,23.730422401518748,2.9069767441860463,1.3794400787353516,WIN,False,False
250.0,91.0,0.0,57.65999984741211,201.0,-1011.0297546386719,239.0,1000.0,0.9669665694236755,1.8489391803741455,4892000.0,1.0,57.72119903564453,68.9010009765625,77.59639739990234,2024-07-03,2024-06-17,INCY,STOP,1000.0,1000.0,1000.0,4892000.0,-8.023606459537952,62.689998626708984,306679473.28186035,ANY,6.516916751861572,0.5,CUP_AND_HANDLE,0.2,4.975124378109452,7.936073515863513,4.975124378109452,-1.011029754638672,LOSS,False,True
251.0,42.0,1.0,877.4536743164062,4.0,356.10595703125,219.0,1000.0,1.2009342908859253,1.6923283338546753,2000000.0,1.0,725.5701904296875,866.9984741210938,976.9982299804688,2024-07-05,2024-05-17,COST,TP1,1000.0,1000.0,1000.0,2000000.0,11.291656470622115,788.4271850585938,1576854370.1171875,ANY,5.7992963790893555,0.75,FLAT_BASE,0.3,250.0,31.708698626547317,250.0,0.35610595703125,WIN,False,False
251.0,129.0,2.0,69.07743835449219,73.0,984.7289085388184,148.0,1000.0,0.5814440846443176,2.624762535095215,41431000.0,1.0,51.091522216796875,61.20860290527344,69.07743835449219,2024-07-05,2024-02-06,NFLX,TP2,1000.0,1000.0,1000.0,41431000.0,24.266814419731016,55.5880012512207,2303066479.839325,ANY,6.056951999664307,0.0,NONE,0.0,13.698630136986301,24.643142096578767,13.698630136986301,0.9847289085388183,WIN,False,False
257.0,129.0,3.0,65.6449966430664,76.0,764.3316497802734,148.0,1000.0,0.5814440846443176,2.624762535095215,41431000.0,1.0,51.091522216796875,61.20860290527344,69.07743835449219,2024-07-15,2024-02-06,NFLX,RUNNER,1000.0,1000.0,1000.0,41431000.0,18.092025554930082,55.5880012512207,2303066479.839325,ANY,6.056951999664307,0.0,NONE,0.0,13.157894736842104,23.67038648750329,13.157894736842104,0.7643316497802735,WIN,False,False
258.0,10.0,1.0,6.087259292602539,764.0,556.446044921875,239.0,1000.0,0.9541561007499695,2.0276169776916504,734600.0,1.0,4.927539825439453,5.898160457611084,6.653087615966797,2024-07-16,2024-06-17,AIV,TP1,1000.0,1000.0,1000.0,734600.0,13.591014588800412,5.358926773071289,3936667.607498169,ANY,-0.32933005690574646,0.75,FLAT_BASE,0.3,1.3089005235602094,24.42467641352108,1.3089005235602094,0.556446044921875,WIN,False,False
262.0,23.0,3.0,158.6692352294922,31.0,671.0400695800781,219.0,1000.0,1.2410672903060913,3.2157950401306152,28395000.0,1.0,125.92865753173828,150.8904266357422,170.30514526367188,2024-07-22,2024-05-17,AVGO,RUNNER,1000.0,1000.0,1000.0,28395000.0,15.797704323811168,137.0227813720703,3890761877.0599365,ANY,6.082407474517822,0.8,CUP_AND_HANDLE,0.3,32.25806451612903,23.542117736273212,32.25806451612903,0.6710400695800781,WIN,False,False
263.0,12.0,2.0,272.8163757324219,18.0,952.0584411621094,35.0,1000.0,0.8288350701332092,1.7759686708450317,549700.0,0.8767171502113342,202.2935333251953,241.96263122558594,272.8163757324219,2024-07-23,2023-08-24,AJG,TP2,1000.0,1000.0,1000.0,549700.0,24.050161816227135,219.9242401123047,120892354.78973389,ANY,1.3022100925445557,0.75,FLAT_BASE,0.3,55.55555555555556,25.26122428668437,55.55555555555556,0.9520584411621094,WIN,False,False
265.0,31.0,0.0,3603.12158203125,3.0,-915.708251953125,239.0,1000.0,0.7099100947380066,1.7520922422409058,143700.0,1.0,3603.12158203125,4289.90283203125,4824.06591796875,2024-07-25,2024-06-17,BKNG,STOP,1000.0,1000.0,1000.0,143700.0,-7.809829858676879,3908.357666015625,561630996.6064453,ANY,3.9628350734710693,0.8,CUP_AND_HANDLE,0.3,333.3333333333333,8.528731549616593,333.3333333333333,-0.915708251953125,LOSS,False,False
265.0,81.0,2.0,348.838623046875,15.0,1059.2280578613281,130.0,1000.0,0.6998846530914307,1.6831809282302856,764400.0,1.0,256.2153015136719,305.7335510253906,344.2477722167969,2024-07-25,2024-01-10,HCA,TP2,1000.0,1000.0,1000.0,764400.0,25.38075481321622,278.2234191894531,212673981.62841797,ANY,3.875188112258911,0.6,CUP_AND_HANDLE,0.2,66.66666666666667,23.96155825447273,66.66666666666667,1.0592280578613282,WIN,False,False
270.0,13.0,0.0,191.85438537597656,40.0,-673.994140625,219.0,1000.0,1.823574185371399,2.5325210094451904,7977900.0,1.0,191.85438537597656,229.7665557861328,259.2538146972656,2024-08-01,2024-05-17,AMAT,STOP,1000.0,1000.0,1000.0,7977900.0,-8.073555958955204,208.70423889160156,1665021547.453308,ANY,3.981424570083618,0.6,CUP_AND_HANDLE,0.2,25.0,11.978673807859117,25.0,-0.673994140625,LOSS,False,False
271.0,24.0,0.0,287.5459899902344,39.0,-996.9958190917969,264.0,1000.0,1.6208237409591675,2.6728551387786865,763100.0,1.0,287.5459899902344,345.0649719238281,389.8019714355469,2024-08-02,2024-07-24,AXON,STOP,1000.0,1000.0,1000.0,763100.0,-8.164541712914284,313.1099853515625,238934229.82177734,ANY,3.5024712085723877,0.7,POCKET_PIVOT,0.3,25.641025641025642,8.189143381114366,25.641025641025642,-0.9969958190917969,LOSS,False,False
271.0,80.0,0.0,12.94265365600586,878.0,-998.9509105682373,264.0,1000.0,0.6894343495368958,2.331226110458374,14437900.0,1.0,12.94265365600586,15.502608299255371,17.493684768676758,2024-08-02,2024-07-24,HBAN,STOP,1000.0,1000.0,1000.0,14437900.0,-8.080426805566722,14.080410957336426,203291565.36092758,ANY,9.084261894226074,0.7,POCKET_PIVOT,0.3,1.1389521640091116,8.088912798498075,1.1389521640091116,-0.9989509105682373,LOSS,False,False
272.0,22.0,0.0,26.026647567749023,431.0,-1371.251760482788,264.0,1000.0,1.0421665906906128,3.131763219833374,60800.0,1.0,26.891128540039062,32.10455322265625,36.15943908691406,2024-08-05,2024-07-24,AROW,STOP,1000.0,1000.0,1000.0,60800.0,-10.892687451448106,29.208206176757812,1775858.935546875,ANY,12.425504684448242,0.65,POCKET_PIVOT,0.2,2.320185614849188,7.943608726972958,2.320185614849188,-1.371251760482788,LOSS,False,True
272.0,35.0,0.0,119.63970947265625,91.0,-991.6703338623047,264.0,1000.0,1.2596646547317505,2.429929733276367,4640000.0,1.0,119.63970947265625,144.15902709960938,163.2296142578125,2024-08-05,2024-07-24,BX,STOP,1000.0,1000.0,1000.0,4640000.0,-8.348177678601173,130.5371856689453,605692541.5039062,ANY,6.379048824310303,0.8,POCKET_PIVOT,0.3,10.989010989010989,8.418299301227593,10.989010989010989,-0.9916703338623047,LOSS,False,False
282.0,113.0,2.0,183.44493103027344,28.0,989.5408325195312,1.0,1000.0,0.8193254470825195,1.9169234037399292,1303600.0,0.800000011920929,136.3858642578125,162.75209045410156,183.2591552734375,2024-08-19,2023-07-07,LNG,TP2,1000.0,1000.0,1000.0,1303600.0,23.862082991454084,148.10418701171875,193068618.18847656,ANY,2.0365102291107178,0.7,CUP_AND_HANDLE,0.3,35.714285714285715,24.11429847790854,35.714285714285715,0.9895408325195313,WIN,False,False
285.0,59.0,1.0,474.68603515625,9.0,405.3364562988281,273.0,1000.0,1.132015585899353,2.738849639892578,71300.0,1.0,395.4988708496094,472.33587646484375,532.0980224609375,2024-08-22,2024-08-06,ERIE,TP1,1000.0,1000.0,1000.0,71300.0,10.48237528861807,429.6486511230469,30633948.825073242,ANY,9.68742847442627,0.7,POCKET_PIVOT,0.3,111.11111111111111,25.86092399468282,111.11111111111111,0.40533645629882814,WIN,False,False
287.0,40.0,1.0,101.47724151611328,45.0,418.3222961425781,239.0,1000.0,0.7408344745635986,1.1708707809448242,2722800.0,1.0,84.9089126586914,101.27153778076172,113.99801635742188,2024-08-26,2024-06-17,CL,TP1,1000.0,1000.0,1000.0,2722800.0,10.084542167337492,92.18119049072266,250990945.46813965,ANY,2.4723594188690186,0.9,FLAT_BASE,0.3,22.22222222222222,24.107111335754254,22.22222222222222,0.4183222961425781,WIN,False,False
294.0,173.0,1.0,226.43894958496094,19.0,391.23863220214844,148.0,1000.0,0.6434907913208008,1.5126625299453735,1020200.0,1.0,189.37423706054688,226.43894958496094,255.26705932617188,2024-09-05,2024-02-06,TRV,TP1,1000.0,1000.0,1000.0,1020200.0,10.0032852947922,205.84744262695312,210005560.96801758,ANY,3.2107715606689453,0.55,VCP,0.2,52.63157894736842,25.568245238173766,52.63157894736842,0.39123863220214844,WIN,False,False
296.0,113.0,3.0,175.95297241210938,29.0,807.6147766113281,1.0,1000.0,0.8193254470825195,1.9169234037399292,1303600.0,0.800000011920929,136.3858642578125,162.75209045410156,183.2591552734375,2024-09-09,2023-07-07,LNG,RUNNER,1000.0,1000.0,1000.0,1303600.0,18.803509854982757,148.10418701171875,193068618.18847656,ANY,2.0365102291107178,0.7,CUP_AND_HANDLE,0.3,34.48275862068966,23.282770944187558,34.48275862068966,0.8076147766113281,WIN,False,False
305.0,12.0,3.0,273.1231384277344,20.0,1063.9779663085938,35.0,1000.0,0.8288350701332092,1.7759686708450317,549700.0,0.8767171502113342,202.2935333251953,241.96263122558594,272.8163757324219,2024-09-20,2023-08-24,AJG,RUNNER,1000.0,1000.0,1000.0,549700.0,24.18964743871052,219.9242401123047,120892354.78973389,ANY,1.3022100925445557,0.75,FLAT_BASE,0.3,50.0,22.73510185801593,50.0,1.0639779663085938,WIN,False,False
307.0,52.0,1.0,156.85906982421875,28.0,401.49298095703125,239.0,1000.0,0.6990768909454346,1.7645758390426636,1000400.0,1.0,131.04879760742188,156.85906982421875,176.93373107910156,2024-09-24,2024-06-17,DLR,TP1,1000.0,1000.0,1000.0,1000400.0,10.061066189959886,142.52003479003906,142577042.80395508,ANY,2.9332051277160645,0.9,FLAT_BASE,0.3,35.714285714285715,25.059133452289785,35.714285714285715,0.40149298095703123,WIN,False,False
307.0,59.0,2.0,532.6275634765625,9.0,926.8102111816406,273.0,1000.0,1.132015585899353,2.738849639892578,71300.0,1.0,395.4988708496094,472.33587646484375,532.0980224609375,2024-09-24,2024-08-06,ERIE,TP2,1000.0,1000.0,1000.0,71300.0,23.96816842886434,429.6486511230469,30633948.825073242,ANY,9.68742847442627,0.7,POCKET_PIVOT,0.3,111.11111111111111,25.86092399468282,111.11111111111111,0.9268102111816406,WIN,False,False
312.0,7.0,1.0,84.7490005493164,53.0,406.6304016113281,273.0,1000.0,1.2995201349258423,2.211595058441162,1708700.0,1.0,70.93891143798828,84.7490005493164,95.49018096923828,2024-10-01,2024-08-06,AEE,TP1,1000.0,1000.0,1000.0,1708700.0,9.954070243890657,77.07672882080078,131701006.5361023,ANY,4.92451810836792,0.0,NONE,0.0,18.867924528301888,24.479404895566844,18.867924528301888,0.40663040161132813,WIN,False,False
314.0,6.0,1.0,277.012939453125,16.0,411.962890625,273.0,1000.0,1.342840552330017,1.8668395280838013,2295700.0,1.0,231.26707458496094,276.26300048828125,311.2597961425781,2024-10-03,2024-08-06,ADP,TP1,1000.0,1000.0,1000.0,2295700.0,10.247210771656144,251.2652587890625,576829654.6020508,ANY,3.7139570713043213,0.55,FLAT_BASE,0.2,62.5,24.874111248490912,62.5,0.411962890625,WIN,False,False
316.0,56.0,2.0,26.95869255065918,190.0,988.9626693725586,1.0,1000.0,0.9372521042823792,1.0661273002624512,3603200.0,0.800000011920929,20.018604278564453,23.92240333557129,26.95869255065918,2024-10-07,2023-07-07,EPD,TP2,1000.0,1000.0,1000.0,3603200.0,23.92735221279131,21.753625869750977,78382664.73388672,ANY,0.8547852039337158,0.7,FLAT_BASE,0.3,5.2631578947368425,24.194393735783652,5.2631578947368425,0.9889626693725586,WIN,False,False
316.0,81.0,3.0,378.8790588378906,16.0,1610.490234375,130.0,1000.0,0.6998846530914307,1.6831809282302856,764400.0,1.0,256.2153015136719,305.7335510253906,344.2477722167969,2024-10-07,2024-01-10,HCA,RUNNER,1000.0,1000.0,1000.0,764400.0,36.17798959615875,278.2234191894531,212673981.62841797,ANY,3.875188112258911,0.6,CUP_AND_HANDLE,0.2,62.5,22.463960863568182,62.5,1.610490234375,WIN,False,False
318.0,17.0,1.0,356.21832275390625,12.0,424.212158203125,273.0,1000.0,0.8866288065910339,1.8549931049346924,1192600.0,1.0,295.0693359375,353.1147766113281,398.26123046875,2024-10-09,2024-08-06,AON,TP1,1000.0,1000.0,1000.0,1192600.0,11.017330880772443,320.8673095703125,382666353.3935547,ANY,4.7895355224609375,0.6,CUP_AND_HANDLE,0.2,83.33333333333333,25.971275616992163,83.33333333333333,0.424212158203125,WIN,False,False
322.0,34.0,1.0,106.38761901855469,42.0,408.0612487792969,264.0,1000.0,2.5323991775512695,1.5558029413223267,2871500.0,1.0,88.89928436279297,106.38761901855469,119.98965454101562,2024-10-15,2024-07-24,BRO,TP1,1000.0,1000.0,1000.0,2871500.0,10.05022817500404,96.671875,277593289.0625,ANY,5.968604564666748,0.75,FLAT_BASE,0.3,23.80952380952381,24.629214866809825,23.80952380952381,0.4080612487792969,WIN,False,False
323.0,56.0,3.0,26.343223571777344,196.0,899.561149597168,1.0,1000.0,0.9372521042823792,1.0661273002624512,3603200.0,0.800000011920929,20.018604278564453,23.92240333557129,26.95869255065918,2024-10-16,2023-07-07,EPD,RUNNER,1000.0,1000.0,1000.0,3603200.0,21.098081439418017,21.753625869750977,78382664.73388672,ANY,0.8547852039337158,0.7,FLAT_BASE,0.3,5.1020408163265305,23.453749029586195,5.1020408163265305,0.8995611495971679,WIN,False,False
324.0,59.0,3.0,473.3341979980469,11.0,480.541015625,273.0,1000.0,1.132015585899353,2.738849639892578,71300.0,1.0,395.4988708496094,472.33587646484375,532.0980224609375,2024-10-17,2024-08-06,ERIE,RUNNER,1000.0,1000.0,1000.0,71300.0,10.167737466604757,429.6486511230469,30633948.825073242,ANY,9.68742847442627,0.7,POCKET_PIVOT,0.3,90.9090909090909,21.1589378138314,90.9090909090909,0.480541015625,WIN,False,False
324.0,156.0,1.0,135.9075927734375,33.0,430.15235137939453,317.0,1000.0,0.5976132154464722,1.7390894889831543,620200.0,1.0,113.00586700439453,135.2061767578125,152.47308349609375,2024-10-17,2024-10-08,RJF,TP1,1000.0,1000.0,1000.0,620200.0,10.608477391137889,122.87267303466797,76205631.81610107,ANY,2.17458176612854,1.0,CUP_AND_HANDLE,0.3,30.303030303030305,24.662139721238457,30.303030303030305,0.4301523513793945,WIN,False,False
324.0,173.0,2.0,259.4844970703125,20.0,1072.7410888671875,148.0,1000.0,0.6434907913208008,1.5126625299453735,1020200.0,1.0,189.37423706054688,226.43894958496094,255.26705932617188,2024-10-17,2024-02-06,TRV,TP2,1000.0,1000.0,1000.0,1020200.0,26.056701875360723,205.84744262695312,210005560.96801758,ANY,3.2107715606689453,0.55,VCP,0.2,50.0,24.28983297626508,50.0,1.0727410888671876,WIN,False,False
327.0,0.0,0.0,131.7923126220703,87.0,-991.6441497802734,317.0,1000.0,0.5674639344215393,2.141329765319824,836700.0,1.0,131.7923126220703,157.4382781982422,177.38514709472656,2024-10-22,2024-10-08,A,STOP,1000.0,1000.0,1000.0,836700.0,-7.96016979297184,143.19052124023438,119807509.1217041,ANY,1.7494745254516602,0.8,CUP_AND_HANDLE,0.3,11.494252873563218,8.027244243548088,11.494252873563218,-0.9916441497802735,LOSS,False,False
330.0,52.0,2.0,176.93373107910156,29.0,997.9971923828125,239.0,1000.0,0.6990768909454346,1.7645758390426636,1000400.0,1.0,131.04879760742188,156.85906982421875,176.93373107910156,2024-10-25,2024-06-17,DLR,TP2,1000.0,1000.0,1000.0,1000400.0,24.146567421037233,142.52003479003906,142577042.80395508,ANY,2.9332051277160645,0.9,FLAT_BASE,0.3,34.48275862068966,24.195025402210828,34.48275862068966,0.9979971923828125,WIN,False,False
334.0,2.0,1.0,195.41015625,23.0,432.7822570800781,273.0,1000.0,1.2161281108856201,2.5954489707946777,6459300.0,1.0,162.56875610351562,194.12451171875,218.66787719726562,2024-10-31,2024-08-06,ABBV,TP1,1000.0,1000.0,1000.0,6459300.0,10.655327629252117,176.59353637695312,1140670629.5196533,ANY,4.534870624542236,0.0,NONE,0.0,43.47826086956522,24.620527886568492,43.47826086956522,0.4327822570800781,WIN,False,False
338.0,156.0,2.0,158.18011474609375,33.0,1165.1455764770508,317.0,1000.0,0.5976132154464722,1.7390894889831543,620200.0,1.0,113.00586700439453,135.2061767578125,152.47308349609375,2024-11-06,2024-10-08,RJF,TP2,1000.0,1000.0,1000.0,620200.0,28.734983002659952,122.87267303466797,76205631.81610107,ANY,2.17458176612854,1.0,CUP_AND_HANDLE,0.3,30.303030303030305,24.662139721238457,30.303030303030305,1.1651455764770509,WIN,False,False
339.0,24.0,1.0,469.072998046875,9.0,378.7470703125,317.0,1000.0,1.1928696632385254,2.1848669052124023,682900.0,1.0,393.3235778808594,469.072998046875,527.9891967773438,2024-11-07,2024-10-08,AXON,TP1,1000.0,1000.0,1000.0,682900.0,9.855736381408056,426.989990234375,291591464.3310547,ANY,7.830384731292725,0.55,POCKET_PIVOT,0.2,111.11111111111111,26.02194750516802,111.11111111111111,0.3787470703125,WIN,False,False
340.0,24.0,2.0,603.1799926757812,9.0,1585.7100219726562,317.0,1000.0,1.1928696632385254,2.1848669052124023,682900.0,1.0,393.3235778808594,469.072998046875,527.9891967773438,2024-11-08,2024-10-08,AXON,TP2,1000.0,1000.0,1000.0,682900.0,41.26326295019129,426.989990234375,291591464.3310547,ANY,7.830384731292725,0.55,POCKET_PIVOT,0.2,111.11111111111111,26.02194750516802,111.11111111111111,1.5857100219726563,WIN,False,False
344.0,2.0,0.0,162.56875610351562,48.0,-673.189453125,273.0,1000.0,1.2161281108856201,2.5954489707946777,6459300.0,1.0,162.56875610351562,194.12451171875,218.66787719726562,2024-11-14,2024-08-06,ABBV,STOP,1000.0,1000.0,1000.0,6459300.0,-7.941842357978763,176.59353637695312,1140670629.5196533,ANY,4.534870624542236,0.0,NONE,0.0,20.833333333333332,11.797336278980735,20.833333333333332,-0.673189453125,LOSS,False,False
351.0,35.0,1.0,192.64808654785156,24.0,408.3980712890625,341.0,1000.0,0.7776495218276978,2.277460813522339,2768300.0,1.0,162.0182342529297,192.64808654785156,216.47129821777344,2024-11-25,2024-11-11,BX,TP1,1000.0,1000.0,1000.0,2768300.0,9.688800858648158,175.63150024414062,486200682.1258545,ANY,8.02932071685791,0.65,POCKET_PIVOT,0.2,41.666666666666664,23.72391433697654,41.666666666666664,0.4083980712890625,WIN,False,False
357.0,42.0,2.0,984.43115234375,5.0,980.0198364257812,219.0,1000.0,1.2009342908859253,1.6923283338546753,2000000.0,1.0,725.5701904296875,866.9984741210938,976.9982299804688,2024-12-04,2024-05-17,COST,TP2,1000.0,1000.0,1000.0,2000000.0,24.86012291301064,788.4271850585938,1576854370.1171875,ANY,5.7992963790893555,0.75,FLAT_BASE,0.3,200.0,25.366958901237858,200.0,0.9800198364257813,WIN,False,False
358.0,163.0,1.0,61.41048049926758,73.0,423.1507110595703,317.0,1000.0,0.9402003288269043,1.139263391494751,369400.0,1.0,51.149261474609375,61.19468688964844,69.0077896118164,2024-12-05,2024-10-08,SLF,TP1,1000.0,1000.0,1000.0,369400.0,10.422907871533617,55.613895416259766,20543772.966766357,ANY,0.3325222432613373,0.55,POCKET_PIVOT,0.2,13.698630136986301,24.631668101028666,13.698630136986301,0.4231507110595703,WIN,False,False
360.0,22.0,0.0,30.22442054748535,394.0,-1024.8285026550293,341.0,1000.0,1.2713754177093506,3.1991708278656006,51300.0,1.0,30.291608810424805,35.992881774902344,40.42720413208008,2024-12-09,2024-11-11,AROW,STOP,1000.0,1000.0,1000.0,51300.0,-7.923982656615158,32.82550811767578,1683948.5664367676,ANY,14.601661682128906,0.9,POCKET_PIVOT,0.3,2.5380710659898478,7.732008463939527,2.5380710659898478,-1.0248285026550292,LOSS,False,True
361.0,173.0,3.0,243.6760711669922,21.0,794.4011993408203,148.0,1000.0,0.6434907913208008,1.5126625299453735,1020200.0,1.0,189.37423706054688,226.43894958496094,255.26705932617188,2024-12-10,2024-02-06,TRV,RUNNER,1000.0,1000.0,1000.0,1020200.0,18.37702137917446,205.84744262695312,210005560.96801758,ANY,3.2107715606689453,0.55,VCP,0.2,47.61904761904762,23.1331742631096,47.61904761904762,0.7944011993408203,WIN,False,False
366.0,156.0,3.0,155.33700561523438,35.0,1136.2516403198242,317.0,1000.0,0.5976132154464722,1.7390894889831543,620200.0,1.0,113.00586700439453,135.2061767578125,152.47308349609375,2024-12-17,2024-10-08,RJF,RUNNER,1000.0,1000.0,1000.0,620200.0,26.421116899936525,122.87267303466797,76205631.81610107,ANY,2.17458176612854,1.0,CUP_AND_HANDLE,0.3,28.571428571428573,23.252874594310548,28.571428571428573,1.1362516403198242,WIN,False,False
367.0,43.0,0.0,92.98054504394531,125.0,-1018.733024597168,341.0,1000.0,1.3227386474609375,1.7416383028030396,4966500.0,1.0,93.16732788085938,111.08425903320312,125.01964569091797,2024-12-18,2024-11-11,CRH,STOP,1000.0,1000.0,1000.0,4966500.0,-8.058767148245257,101.13040924072266,502264177.4940491,ANY,7.495126247406006,0.75,POCKET_PIVOT,0.3,8.0,7.910578094228262,8.0,-1.018733024597168,LOSS,False,True
367.0,52.0,3.0,171.6683807373047,30.0,874.4503784179688,239.0,1000.0,0.6990768909454346,1.7645758390426636,1000400.0,1.0,131.04879760742188,156.85906982421875,176.93373107910156,2024-12-18,2024-06-17,DLR,RUNNER,1000.0,1000.0,1000.0,1000400.0,20.452104148169102,142.52003479003906,142577042.80395508,ANY,2.9332051277160645,0.9,FLAT_BASE,0.3,33.333333333333336,23.388524555470465,33.333333333333336,0.8744503784179688,WIN,False,False
368.0,35.0,0.0,161.9672393798828,49.0,-669.5487823486328,341.0,1000.0,0.7776495218276978,2.277460813522339,2768300.0,1.0,162.0182342529297,192.64808654785156,216.47129821777344,2024-12-19,2024-11-11,BX,STOP,1000.0,1000.0,1000.0,2768300.0,-7.78007410132208,175.63150024414062,486200682.1258545,ANY,8.02932071685791,0.65,POCKET_PIVOT,0.2,20.408163265306122,11.619876409947693,20.408163265306122,-0.6695487823486328,LOSS,False,False
371.0,42.0,3.0,952.5413208007812,6.0,984.684814453125,219.0,1000.0,1.2009342908859253,1.6923283338546753,2000000.0,1.0,725.5701904296875,866.9984741210938,976.9982299804688,2024-12-24,2024-05-17,COST,RUNNER,1000.0,1000.0,1000.0,2000000.0,20.815382682421205,788.4271850585938,1576854370.1171875,ANY,5.7992963790893555,0.75,FLAT_BASE,0.3,166.66666666666666,21.13913241769821,166.66666666666666,0.984684814453125,WIN,False,False
374.0,24.0,3.0,604.3200073242188,11.0,1950.6301879882812,317.0,1000.0,1.1928696632385254,2.1848669052124023,682900.0,1.0,393.3235778808594,469.072998046875,527.9891967773438,2024-12-30,2024-10-08,AXON,RUNNER,1000.0,1000.0,1000.0,682900.0,41.530251562222155,426.989990234375,291591464.3310547,ANY,7.830384731292725,0.55,POCKET_PIVOT,0.2,90.9090909090909,21.290684322410197,90.9090909090909,1.9506301879882812,WIN,False,False
