day_idx,col_idx,exit_type_code,exit_price,shares,pnl,entry_day_idx,initial_risk,context_rvol,context_adr,context_volume,entry_score,stop_loss,tp1_target,tp2_target,exit_date,entry_date,symbol,exit_phase,monetary_risk,adjusted_risk_dollars,base_risk_dollars,context_vol,return_pct,entry_price,context_dollar_vol,signal_type,dist_sma20_pct,pattern_confidence,pattern_type,pattern_bonus,stop_distance,stop_distance_pct,risk_per_share,r_multiple,outcome,is_big_win,is_big_loss
25.0,123.0,1.0,17.35649299621582,273.0,518.8706343727107,22.0,1000.0,1.9130667448043823,2.441842555999756,23063100.0,0.7502102851867676,14.214205741882324,16.929841995239258,19.042001724243164,2020-02-07,2020-02-04,GEN,TP1,1000.0,1000.0,1000.0,23063100.0,12.29710967394064,15.455867961883547,356460228.3917164,BREAKOUT,9.20102310180664,0.0,NONE,0.0,3.663003663003663,23.699760324280533,3.663003663003663,0.5188706343727107,WIN,False,False
35.0,170.0,0.0,157.77491760253906,75.0,-1017.0900810241709,22.0,1000.0,1.10504949092865,1.4611245393753052,30107000.0,0.8123339414596558,157.77491760253906,187.57762145996094,210.75750732421875,2020-02-24,2020-02-04,MSFT,STOP,1000.0,1000.0,1000.0,30107000.0,-7.914969233908995,171.33611868286135,5158416525.184907,BREAKOUT,8.499156951904297,0.0,NONE,0.0,13.333333333333334,7.781974656501343,13.333333333333334,-1.017090081024171,LOSS,False,True
38.0,109.0,0.0,172.094482421875,66.0,-1258.9525861816403,22.0,1000.0,1.4745090007781982,1.3641762733459473,1612700.0,0.1535000056028366,175.703369140625,209.727783203125,236.1912078857422,2020-02-27,2020-02-04,ECMN,STOP,1000.0,1000.0,1000.0,1612700.0,-9.978075492514698,191.1695216064453,308299087.4947143,BREAKOUT,4.415266513824463,0.0,NONE,0.0,15.151515151515152,7.925696012729007,15.151515151515152,-1.2589525861816404,LOSS,False,True
39.0,29.0,0.0,92.17511749267578,124.0,-1019.1847465209956,21.0,1000.0,3.859534978866577,1.4582651853561401,311345984.0,0.6941016912460327,92.17511749267578,110.25360107421875,124.31463623046875,2020-02-28,2020-02-03,AMZN,STOP,1000.0,1000.0,1000.0,311345984.0,-8.186946658350628,100.394349319458,31257377476.906384,BREAKOUT,6.041738510131836,0.0,NONE,0.0,8.064516129032258,8.032838684347375,8.064516129032258,-1.0191847465209956,LOSS,False,True
39.0,78.0,0.0,490.6531982421875,24.0,-1017.0743027343746,21.0,1000.0,1.630805492401123,1.9437086582183838,2053600.0,0.1535000056028366,490.6531982421875,583.7960205078125,656.2404174804688,2020-02-28,2020-02-03,CHTRQ,STOP,1000.0,1000.0,1000.0,2053600.0,-7.950395485073216,533.0312941894531,1094633065.7474608,BREAKOUT,5.097123622894287,0.0,NONE,0.0,41.666666666666664,7.8169269085835795,41.666666666666664,-1.0170743027343745,LOSS,False,True
39.0,190.0,0.0,91.21493530273438,128.0,-1019.9994609374995,22.0,1000.0,1.2535113096237183,1.6085532903671265,2505172.0,0.6044141054153442,91.21493530273438,108.73414611816406,122.3602066040039,2020-02-28,2020-02-04,TT,STOP,1000.0,1000.0,1000.0,2505172.0,-8.034331556254886,99.18368109130859,248472180.72687572,BREAKOUT,4.5979108810424805,0.0,NONE,0.0,7.8125,7.876799806217925,7.8125,-1.0199994609374996,LOSS,False,True
45.0,123.0,0.0,14.214205741882324,555.0,-685.6345932483677,22.0,1000.0,1.9130667448043823,2.441842555999756,23063100.0,0.7502102851867676,14.214205741882324,16.929841995239258,19.042001724243164,2020-03-09,2020-02-04,GEN,STOP,1000.0,1000.0,1000.0,23063100.0,-7.996187434426762,15.44958338737488,356315286.6213656,BREAKOUT,9.20102310180664,0.0,NONE,0.0,1.8018018018018018,11.662462065314989,1.8018018018018018,-0.6856345932483676,LOSS,False,False
46.0,190.0,0.0,94.88672637939453,115.0,-1020.3433486175543,43.0,1000.0,1.358130931854248,3.033135175704956,3380400.0,0.820695161819458,94.88672637939453,114.42298126220703,129.6178436279297,2020-03-10,2020-03-05,TT,STOP,1000.0,1000.0,1000.0,3380400.0,-8.551091616880797,103.75927723693849,350747860.7717469,BREAKOUT,2.1869969367980957,0.0,NONE,0.0,8.695652173913043,8.380602106601197,8.695652173913043,-1.0203433486175544,LOSS,False,True
48.0,183.0,0.0,21.375064849853516,493.0,-1670.593023948669,44.0,1000.0,1.4380751848220825,2.609727382659912,2376750.0,0.1535000056028366,22.695005416870117,27.253360748291016,30.798749923706055,2020-03-12,2020-03-06,ROL,STOP,1000.0,1000.0,1000.0,2376750.0,-13.683851616848312,24.763691673278807,58857104.1844654,BREAKOUT,1.1501848697662354,0.0,NONE,0.0,2.028397565922921,8.1910144605445,2.028397565922921,-1.670593023948669,LOSS,False,True
50.0,126.0,0.0,1.0006999969482422,10893.0,-1021.7783717250829,50.0,1000.0,1.6399747133255005,9.763157844543457,23148800.0,0.22172504663467407,1.0006999969482422,1.2072499990463257,1.367900013923645,2020-03-16,2020-03-16,GME,STOP,1000.0,1000.0,1000.0,23148800.0,-8.570238182236473,1.094501371383667,25336393.345886234,BREAKOUT,11.721842765808105,0.0,NONE,0.0,0.09180207472688882,8.387570552865801,0.09180207472688882,-1.021778371725083,LOSS,False,True
53.0,31.0,1.0,26.832000732421875,156.0,402.22041101074205,53.0,1000.0,1.545127034187317,8.615302085876465,169400.0,0.8787774443626404,22.09440040588379,26.832000732421875,30.516799926757812,2020-03-19,2020-03-19,APEX,TP1,1000.0,1000.0,1000.0,169400.0,10.630706712008536,24.2536647644043,4108570.811090088,BREAKOUT,6.089170455932617,0.0,NONE,0.0,6.410256410256411,26.43005282923005,6.410256410256411,0.4022204110107421,WIN,False,False
55.0,31.0,0.0,21.510000228881836,318.0,-869.1005299758914,53.0,1000.0,1.545127034187317,8.615302085876465,169400.0,0.8787774443626404,22.09440040588379,26.832000732421875,30.516799926757812,2020-03-23,2020-03-19,APEX,STOP,1000.0,1000.0,1000.0,169400.0,-11.27343230527514,24.24302076339722,4106767.717319489,BREAKOUT,6.089170455932617,0.0,NONE,0.0,3.1446540880503147,12.971378933099789,3.1446540880503147,-0.8691005299758914,LOSS,False,False
70.0,29.0,1.0,114.16600036621094,41.0,547.664327911377,66.0,1000.0,0.797700822353363,4.545587539672852,115464000.0,0.9047596454620361,92.58964538574219,110.56795501708984,124.55107879638672,2020-04-14,2020-04-07,AMZN,TP1,1000.0,1000.0,1000.0,115464000.0,13.250557792883447,100.80833383178711,11639733457.553467,BREAKOUT,7.066007614135742,0.0,NONE,0.0,24.390243902439025,24.19467019774137,24.390243902439025,0.547664327911377,WIN,False,False
72.0,97.0,0.0,14.530129432678223,788.0,-1021.7683308792117,61.0,1000.0,1.1437982320785522,8.24078369140625,1798800.0,0.2796098291873932,14.530129432678223,17.382230758666992,19.60053062438965,2020-04-16,2020-03-31,CVAT,STOP,1000.0,1000.0,1000.0,1798800.0,-8.192819509012404,15.826789751052857,28469229.40419388,BREAKOUT,10.249638557434082,0.0,NONE,0.0,1.2690355329949239,8.018275044757594,1.2690355329949239,-1.0217683308792116,LOSS,False,True
74.0,194.0,1.0,273.260009765625,15.0,375.6523736572264,66.0,1000.0,1.1449264287948608,8.15956974029541,3046300.0,0.9649454355239868,227.24600219726562,273.20001220703125,308.9419860839844,2020-04-20,2020-04-07,VRTX,TP1,1000.0,1000.0,1000.0,3046300.0,10.089373487276267,248.21651818847658,756141979.3575562,BREAKOUT,11.410249710083008,0.0,NONE,0.0,66.66666666666667,26.858271622376524,66.66666666666667,0.3756523736572264,WIN,False,False
81.0,174.0,0.0,39.366600036621094,302.0,-1022.9139849548344,71.0,1000.0,1.2842826843261719,5.879093647003174,115810000.0,0.9297749996185303,39.366600036621094,46.81050109863281,52.60020065307617,2020-04-29,2020-04-15,NFLX,STOP,1000.0,1000.0,1000.0,115810000.0,-7.922425031529643,42.75373243713379,4951309753.544464,BREAKOUT,16.377368927001953,0.0,NONE,0.0,3.3112582781456954,7.744957198800494,3.3112582781456954,-1.0229139849548343,LOSS,False,True
82.0,170.0,1.0,171.38966369628906,26.0,400.1961664428711,66.0,1000.0,0.9288358092308044,6.8791093826293945,67111696.0,0.8961718082427979,143.0667724609375,171.38966369628906,193.4185791015625,2020-04-30,2020-04-07,MSFT,TP1,1000.0,1000.0,1000.0,67111696.0,9.866927295336845,155.99750344848633,10469257028.193766,BREAKOUT,9.032601356506348,0.0,NONE,0.0,38.46153846153846,24.655226917935437,38.46153846153846,0.4001961664428711,WIN,False,False
86.0,97.0,0.0,15.140559196472168,723.0,-1028.0135937137609,82.0,1000.0,1.2172669172286987,4.967836380004883,1029400.0,0.8974305987358093,15.149779319763184,18.260114669799805,20.679264068603516,2020-05-06,2020-04-30,CVAT,STOP,1000.0,1000.0,1000.0,1029400.0,-8.584924261760264,16.562431386947633,17049366.869723894,BREAKOUT,5.952615261077881,0.0,NONE,0.0,1.3831258644536653,8.350983210977503,1.3831258644536653,-1.0280135937137609,LOSS,False,True
87.0,180.0,1.0,145.9525909423828,33.0,757.1641947326659,82.0,1000.0,1.036186695098877,4.049577713012695,9891500.0,0.8249166011810303,112.85271453857422,135.04580688476562,152.30711364746094,2020-05-07,2020-04-30,PYPL,TP1,1000.0,1000.0,1000.0,9891500.0,18.652712213279273,123.0082214050293,1216735822.0278473,BREAKOUT,12.011405944824219,0.0,NONE,0.0,30.303030303030305,24.63496338448101,30.303030303030305,0.7571641947326659,WIN,False,False
88.0,175.0,1.0,7.782409191131592,583.0,450.59359141826644,71.0,1000.0,0.7472981214523315,7.94681978225708,530948000.0,0.898838996887207,6.428243637084961,7.70109748840332,8.691095352172852,2020-05-08,2020-04-15,NVDA,TP1,1000.0,1000.0,1000.0,530948000.0,11.026256494918782,7.009521384239196,3721691359.919033,BREAKOUT,12.277366638183594,0.0,NONE,0.0,1.7152658662092624,24.470513351539406,1.7152658662092624,0.45059359141826644,WIN,False,False
91.0,33.0,0.0,116.86119842529297,99.0,-1015.9898127593999,89.0,1000.0,0.7632670402526855,6.339892864227295,127000.0,0.8609684109687805,116.86119842529297,139.42599487304688,156.9763946533203,2020-05-13,2020-05-11,APPHQ,STOP,1000.0,1000.0,1000.0,127000.0,-8.072862575909866,127.12372178649903,16144712.666885378,BREAKOUT,16.932064056396484,0.0,NONE,0.0,10.1010101010101,7.945810552946588,10.1010101010101,-1.0159898127593998,LOSS,False,True
92.0,95.0,0.0,61.120635986328125,190.0,-1022.5044824218749,89.0,1000.0,0.9703536033630371,4.356978416442871,3260000.0,0.8842471241950989,61.120635986328125,72.95419311523438,82.15807342529297,2020-05-14,2020-05-11,CSGP,STOP,1000.0,1000.0,1000.0,3260000.0,-8.092362991672525,66.50223852539062,216797297.59277344,BREAKOUT,6.092482566833496,0.0,NONE,0.0,5.2631578947368425,7.914256739985322,5.2631578947368425,-1.0225044824218747,LOSS,False,True
94.0,175.0,2.0,8.716547966003418,583.0,994.1072913570407,71.0,1000.0,0.7472981214523315,7.94681978225708,530948000.0,0.898838996887207,6.428243637084961,7.70109748840332,8.691095352172852,2020-05-18,2020-04-15,NVDA,TP2,1000.0,1000.0,1000.0,530948000.0,24.319833677300014,7.0113896617889395,3722683318.147514,BREAKOUT,12.277366638183594,0.0,NONE,0.0,1.7152658662092624,24.463992859464273,1.7152658662092624,0.9941072913570407,WIN,False,False
96.0,29.0,2.0,124.89700317382812,41.0,986.755500793457,66.0,1000.0,0.797700822353363,4.545587539672852,115464000.0,0.9047596454620361,92.58964538574219,110.56795501708984,124.55107879638672,2020-05-20,2020-04-07,AMZN,TP2,1000.0,1000.0,1000.0,115464000.0,23.86914218812507,100.82979583740234,11642211546.569824,BREAKOUT,7.066007614135742,0.0,NONE,0.0,24.390243902439025,24.189520270149725,24.390243902439025,0.9867555007934571,WIN,False,False
99.0,135.0,0.0,3.549999952316284,3289.0,-1108.7224329142564,93.0,1000.0,1.5614418983459473,5.63393497467041,10272500.0,0.5716825723648071,3.576000213623047,4.260000228881836,4.7920002937316895,2020-05-26,2020-05-15,IAG,STOP,1000.0,1000.0,1000.0,10272500.0,-8.672278874042377,3.88710011434555,39930235.92461466,BREAKOUT,8.759638786315918,0.0,NONE,0.0,0.30404378230465184,7.82186651644402,0.30404378230465184,-1.1087224329142564,LOSS,False,True
99.0,139.0,1.0,56.947296142578125,79.0,400.17835260009736,66.0,1000.0,0.7779375910758972,8.531474113464355,32323400.0,0.8907397985458374,47.624298095703125,56.947296142578125,64.19851684570312,2020-05-26,2020-04-07,INTC,TP1,1000.0,1000.0,1000.0,32323400.0,9.763643329952831,51.88174737548829,1676994473.1168582,BREAKOUT,12.997625350952148,0.0,NONE,0.0,12.658227848101266,24.39822960566222,12.658227848101266,0.4001783526000974,WIN,False,False
99.0,180.0,2.0,152.30711364746094,33.0,966.4440455017093,82.0,1000.0,1.036186695098877,4.049577713012695,9891500.0,0.8249166011810303,112.85271453857422,135.04580688476562,152.30711364746094,2020-05-26,2020-04-30,PYPL,TP2,1000.0,1000.0,1000.0,9891500.0,23.805854084984187,123.02093045043944,1216861533.5505216,BREAKOUT,12.011405944824219,0.0,NONE,0.0,30.303030303030305,24.632418395858473,30.303030303030305,0.9664440455017093,WIN,False,False
100.0,22.0,1.0,39.24300003051758,117.0,400.6679451828004,100.0,1000.0,1.378594994544983,7.204084396362305,4605500.0,0.6793836951255798,32.93760299682617,39.24300003051758,44.14720153808594,2020-05-27,2020-05-27,ALK,TP1,1000.0,1000.0,1000.0,4605500.0,9.560739645751838,35.81848767852783,164962045.00345993,BREAKOUT,20.225385665893555,0.0,NONE,0.0,8.547008547008547,23.862002839757626,8.547008547008547,0.4006679451828004,WIN,False,False
102.0,22.0,0.0,32.93760299682617,239.0,-685.5174591445918,100.0,1000.0,1.378594994544983,7.204084396362305,4605500.0,0.6793836951255798,32.93760299682617,39.24300003051758,44.14720153808594,2020-05-29,2020-05-27,ALK,STOP,1000.0,1000.0,1000.0,4605500.0,-8.010623219450018,35.805876884460446,164903965.99138257,BREAKOUT,20.225385665893555,0.0,NONE,0.0,4.184100418410042,11.685513056729294,4.184100418410042,-0.6855174591445918,LOSS,False,False
103.0,10.0,1.0,7.005817413330078,676.0,639.8565974578856,100.0,1000.0,1.564507007598877,5.224100112915039,2707700.0,0.8008416295051575,5.55742073059082,6.655086994171143,7.508827209472656,2020-06-01,2020-05-27,ADSW,TP1,1000.0,1000.0,1000.0,2707700.0,15.62120921405519,6.05928398513794,16406723.246558,BREAKOUT,14.409601211547852,0.0,NONE,0.0,1.4792899408284024,24.41360966834972,1.4792899408284024,0.6398565974578856,WIN,False,False
107.0,10.0,2.0,7.508827209472656,676.0,979.2111504058836,100.0,1000.0,1.564507007598877,5.224100112915039,2707700.0,0.8008416295051575,5.55742073059082,6.655086994171143,7.508827209472656,2020-06-05,2020-05-27,ADSW,TP2,1000.0,1000.0,1000.0,2707700.0,23.90211035464982,6.060290004730225,16409447.245808031,BREAKOUT,14.409601211547852,0.0,NONE,0.0,1.4792899408284024,24.409556963012914,1.4792899408284024,0.9792111504058836,WIN,False,False
108.0,21.0,1.0,26.143268585205078,174.0,445.7946176605225,100.0,1000.0,1.2942750453948975,1.9807040691375732,91900.0,0.768470048904419,21.636171340942383,25.89491081237793,29.20726203918457,2020-06-08,2020-05-27,AKYA,TP1,1000.0,1000.0,1000.0,91900.0,10.864734250440918,23.58123055267334,2167115.08779068,BREAKOUT,6.15711784362793,0.0,NONE,0.0,5.747126436781609,24.371613788111123,5.747126436781609,0.4457946176605225,WIN,False,False
119.0,170.0,2.0,193.4185791015625,26.0,971.8024633789059,66.0,1000.0,0.9288358092308044,6.8791093826293945,67111696.0,0.8961718082427979,143.0667724609375,171.38966369628906,193.4185791015625,2020-06-23,2020-04-07,MSFT,TP2,1000.0,1000.0,1000.0,67111696.0,23.953245222511548,156.0415612792969,10472213823.941545,BREAKOUT,9.032601356506348,0.0,NONE,0.0,38.46153846153846,24.648265594251917,38.46153846153846,0.971802463378906,WIN,False,False
129.0,10.0,3.0,6.778336048126221,697.0,501.4963969259264,100.0,1000.0,1.564507007598877,5.224100112915039,2707700.0,0.8008416295051575,5.55742073059082,6.655086994171143,7.508827209472656,2020-07-08,2020-05-27,ADSW,RUNNER,1000.0,1000.0,1000.0,2707700.0,11.875347910589934,6.058829022407531,16405491.343972873,BREAKOUT,14.409601211547852,0.0,NONE,0.0,1.4347202295552368,23.679826980579453,1.4347202295552368,0.5014963969259264,WIN,False,False
132.0,158.0,0.0,207.38999938964844,53.0,-1570.1136957702636,130.0,1000.0,0.6461470723152161,4.515308380126953,716800.0,0.9195043444633484,217.87600708007812,260.0050048828125,292.7720031738281,2020-07-13,2020-07-09,MDB,STOP,1000.0,1000.0,1000.0,716800.0,-12.499130201885594,237.01478610229492,169892198.678125,BREAKOUT,9.087810516357422,0.0,NONE,0.0,18.867924528301888,7.960652935871497,18.867924528301888,-1.5701136957702635,LOSS,False,True
133.0,62.0,0.0,41.279998779296875,270.0,-1293.9919821166986,130.0,1000.0,0.9820066094398499,5.651497840881348,1286900.0,0.6746876239776611,42.29880142211914,50.604000091552734,57.063602447509766,2020-07-14,2020-07-09,BZUN,STOP,1000.0,1000.0,1000.0,1286900.0,-10.402206264173069,46.07256167602539,59290779.62087707,BREAKOUT,17.224245071411133,0.0,NONE,0.0,3.7037037037037037,8.038849087115091,3.7037037037037037,-1.2939919821166987,LOSS,False,True
135.0,73.0,1.0,4.712333679199219,1000.0,402.9088211059568,130.0,1000.0,1.647122859954834,8.442123413085938,3537600.0,0.8806619644165039,3.9701335430145264,4.712333679199219,5.289599895477295,2020-07-16,2020-07-09,CELH,TP1,1000.0,1000.0,1000.0,3537600.0,9.349480136526314,4.309424858093262,15245021.377990725,BREAKOUT,20.386362075805664,0.0,NONE,0.0,1.0,23.204952700868244,1.0,0.4029088211059568,WIN,False,False
141.0,139.0,0.0,45.098106384277344,162.0,-1095.110703094483,66.0,1000.0,0.7779375910758972,8.531474113464355,32323400.0,0.8907397985458374,47.624298095703125,56.947296142578125,64.19851684570312,2020-07-24,2020-04-07,INTC,STOP,1000.0,1000.0,1000.0,32323400.0,-13.035474227384544,51.858048995971686,1676228460.9163911,BREAKOUT,12.997625350952148,0.0,NONE,0.0,6.172839506172839,11.903339261090103,6.172839506172839,-1.0951107030944829,LOSS,False,True
149.0,73.0,2.0,5.289599895477295,1000.0,979.0205049514767,130.0,1000.0,1.647122859954834,8.442123413085938,3537600.0,0.8806619644165039,3.9701335430145264,4.712333679199219,5.289599895477295,2020-08-05,2020-07-09,CELH,TP2,1000.0,1000.0,1000.0,3537600.0,22.71203975742232,4.3105793905258185,15249105.651924135,BREAKOUT,20.386362075805664,0.0,NONE,0.0,1.0,23.198737557134212,1.0,0.9790205049514767,WIN,False,False
151.0,179.0,0.0,9.366206169128418,1225.0,-1331.2832246303553,150.0,1000.0,1.6091262102127075,3.046827554702759,1683500.0,0.7918921709060669,9.6183443069458,11.454099655151367,12.881909370422363,2020-08-07,2020-08-06,PMT-PC,STOP,1000.0,1000.0,1000.0,1683500.0,-10.396681761279233,10.452967985153197,17597571.60300541,BREAKOUT,7.160696983337402,0.0,NONE,0.0,0.8163265306122449,7.80951909325379,0.8163265306122449,-1.3312832246303554,LOSS,False,True
152.0,159.0,0.0,1121.9239501953125,10.0,-1002.7985864257823,150.0,1000.0,1.3007686138153076,4.969120502471924,619400.0,0.9436441659927368,1121.9239501953125,1342.5050048828125,1514.0679931640625,2020-08-10,2020-08-06,MELI,STOP,1000.0,1000.0,1000.0,619400.0,-8.204839317096175,1222.2038088378908,757033039.1941895,BREAKOUT,15.42387580871582,0.0,NONE,0.0,100.0,8.181941446826539,100.0,-1.0027985864257822,LOSS,False,True
157.0,21.0,2.0,29.27174949645996,174.0,989.0615848617555,100.0,1000.0,1.2942750453948975,1.9807040691375732,91900.0,0.768470048904419,21.636171340942383,25.89491081237793,29.20726203918457,2020-08-17,2020-05-27,AKYA,TP2,1000.0,1000.0,1000.0,91900.0,24.09863271139332,23.587487514495848,2167690.1025821683,BREAKOUT,6.15711784362793,0.0,NONE,0.0,5.747126436781609,24.36514882413684,5.747126436781609,0.9890615848617554,WIN,False,False
172.0,73.0,3.0,6.236667156219482,1031.0,1983.8436337385178,130.0,1000.0,1.647122859954834,8.442123413085938,3537600.0,0.8806619644165039,3.9701335430145264,4.712333679199219,5.289599895477295,2020-09-08,2020-07-09,CELH,RUNNER,1000.0,1000.0,1000.0,3537600.0,44.619256674765886,4.312473525047302,15255806.342207337,BREAKOUT,20.386362075805664,0.0,NONE,0.0,0.9699321047526673,22.491317317525525,0.9699321047526673,1.983843633738518,WIN,False,False
174.0,170.0,3.0,196.54612731933594,27.0,1093.4543954772953,66.0,1000.0,0.9288358092308044,6.8791093826293945,67111696.0,0.8961718082427979,143.0667724609375,171.38966369628906,193.4185791015625,2020-09-10,2020-04-07,MSFT,RUNNER,1000.0,1000.0,1000.0,67111696.0,25.952500896322427,156.0478163757324,10472633614.071974,BREAKOUT,9.032601356506348,0.0,NONE,0.0,37.03703703703704,23.734415448569397,37.03703703703704,1.0934543954772953,WIN,False,False
174.0,180.0,3.0,189.6515655517578,35.0,2329.4581169128414,82.0,1000.0,1.036186695098877,4.049577713012695,9891500.0,0.8249166011810303,112.85271453857422,135.04580688476562,152.30711364746094,2020-09-10,2020-04-30,PYPL,RUNNER,1000.0,1000.0,1000.0,9891500.0,54.06849288923367,123.09561935424806,1217600318.8425446,BREAKOUT,12.011405944824219,0.0,NONE,0.0,28.571428571428573,23.210759831513506,28.571428571428573,2.3294581169128414,WIN,True,False
175.0,29.0,3.0,155.81100463867188,43.0,2361.533374328613,66.0,1000.0,0.797700822353363,4.545587539672852,115464000.0,0.9047596454620361,92.58964538574219,110.56795501708984,124.55107879638672,2020-09-11,2020-04-07,AMZN,RUNNER,1000.0,1000.0,1000.0,115464000.0,54.43403397417167,100.89162384033204,11649350455.1001,BREAKOUT,7.066007614135742,0.0,NONE,0.0,23.25581395348837,23.050292054266368,23.25581395348837,2.3615333743286127,WIN,True,False
181.0,80.0,0.0,20.153200149536133,562.0,-1021.2138844375613,173.0,1000.0,2.5927774906158447,4.762563705444336,233700.0,0.3035000264644623,20.153200149536133,24.1510009765625,27.260400772094727,2020-09-21,2020-09-09,CLFD,STOP,1000.0,1000.0,1000.0,233700.0,-8.270738230003454,21.970306705474854,5134460.677069473,BREAKOUT,15.09998607635498,0.0,NONE,0.0,1.7793594306049823,8.098928496804177,1.7793594306049823,-1.0212138844375613,LOSS,False,True
181.0,86.0,0.0,5.8123555183410645,1931.0,-1505.9481734113685,173.0,1000.0,2.5512983798980713,2.316455841064453,4405151.0,0.22511205077171326,6.0628533363342285,7.227807521820068,8.133883476257324,2020-09-21,2020-09-09,CNJ,STOP,1000.0,1000.0,1000.0,4405151.0,-11.830280474077242,6.592235463142394,29039792.64269718,BREAKOUT,7.212845325469971,0.0,NONE,0.0,0.5178663904712584,7.855702263165236,0.5178663904712584,-1.5059481734113684,LOSS,False,True
183.0,175.0,3.0,12.086181640625,601.0,3045.899679603577,71.0,1000.0,0.7472981214523315,7.94681978225708,530948000.0,0.898838996887207,6.428243637084961,7.70109748840332,8.691095352172852,2020-09-23,2020-04-15,NVDA,RUNNER,1000.0,1000.0,1000.0,530948000.0,72.21373050650364,7.018128929138182,3726261518.66806,BREAKOUT,12.277366638183594,0.0,NONE,0.0,1.663893510815308,23.708505894029393,1.663893510815308,3.0458996796035773,WIN,True,False
185.0,21.0,3.0,28.40030860900879,180.0,866.6215157318117,100.0,1000.0,1.2942750453948975,1.9807040691375732,91900.0,0.768470048904419,21.636171340942383,25.89491081237793,29.20726203918457,2020-09-25,2020-05-27,AKYA,RUNNER,1000.0,1000.0,1000.0,91900.0,20.41302511860706,23.585744632720946,2167529.931747055,BREAKOUT,6.15711784362793,0.0,NONE,0.0,5.555555555555555,23.554717657072523,5.555555555555555,0.8666215157318117,WIN,False,False
193.0,3.0,1.0,21.63399887084961,208.0,401.59205334472637,186.0,1000.0,1.21912682056427,7.912308692932129,73300.0,0.3035000264644623,18.080799102783203,21.63399887084961,24.397600173950195,2020-10-07,2020-09-28,ACDI,TP1,1000.0,1000.0,1000.0,73300.0,9.799039635806809,19.70326784515381,1444249.5330497744,BREAKOUT,14.876708984375,0.0,NONE,0.0,4.8076923076923075,24.400481917393215,4.8076923076923075,0.40159205334472636,WIN,False,False
193.0,178.0,1.0,179.0,25.0,407.79995422363277,187.0,1000.0,1.1610420942306519,4.477910995483398,362100.0,0.3035000264644623,149.64599609375,178.18499755859375,200.3820037841797,2020-10-07,2020-09-29,PCX,TP1,1000.0,1000.0,1000.0,362100.0,10.026552656221508,162.6880018310547,58909325.46302491,BREAKOUT,10.926230430603027,0.0,NONE,0.0,40.0,24.586939141055087,40.0,0.40779995422363274,WIN,False,False
197.0,183.0,1.0,36.77569580078125,122.0,400.768559143066,150.0,1000.0,0.8179292678833008,2.1406514644622803,1201350.0,0.7578379511833191,30.73032569885254,36.77569580078125,41.4776496887207,2020-10-13,2020-08-06,ROL,TP1,1000.0,1000.0,1000.0,1201350.0,9.808655666057268,33.49070761108399,40234061.58857575,BREAKOUT,8.844789505004883,0.0,NONE,0.0,8.19672131147541,24.474613694822757,8.19672131147541,0.40076855914306597,WIN,False,False
199.0,194.0,0.0,215.27999877929688,33.0,-1083.078459777832,66.0,1000.0,1.1449264287948608,8.15956974029541,3046300.0,0.9649454355239868,227.24600219726562,273.20001220703125,308.9419860839844,2020-10-15,2020-04-07,VRTX,STOP,1000.0,1000.0,1000.0,3046300.0,-13.228732587203885,248.1005581665039,755788730.3426208,BREAKOUT,11.410249710083008,0.0,NONE,0.0,30.303030303030305,12.214011337569623,30.303030303030305,-1.083078459777832,LOSS,False,True
203.0,174.0,0.0,48.9017219543457,233.0,-1019.3941861648556,194.0,1000.0,1.535166621208191,3.7670698165893555,79887000.0,0.9878697991371155,48.9017219543457,58.52560043334961,66.0108413696289,2020-10-21,2020-10-08,NFLX,STOP,1000.0,1000.0,1000.0,79887000.0,-8.211983435700354,53.276804298400876,4256124064.9863505,BREAKOUT,7.529101848602295,0.8,CUP_AND_HANDLE,0.3,4.291845493562231,8.055748744845518,4.291845493562231,-1.0193941861648557,LOSS,False,True
210.0,158.0,0.0,228.47000122070312,49.0,-1217.5000302124022,194.0,1000.0,1.2866634130477905,4.5698957443237305,1125200.0,0.9136137366294861,232.6112060546875,278.1709899902344,313.6064147949219,2020-10-30,2020-10-08,MDB,STOP,1000.0,1000.0,1000.0,1125200.0,-9.808637089956637,253.31694061279296,285032221.57751465,BREAKOUT,11.573439598083496,0.0,NONE,0.0,20.408163265306122,8.056375233309396,20.408163265306122,-1.2175000302124022,LOSS,False,True
210.0,187.0,0.0,28.571147918701172,392.0,-1021.0663754272459,187.0,1000.0,1.6696189641952515,3.467033863067627,7540400.0,0.2500331401824951,28.571147918701172,34.30329132080078,38.76162338256836,2020-10-30,2020-09-29,TCOM,STOP,1000.0,1000.0,1000.0,7540400.0,-8.355044772160257,31.17590908050537,235078824.8306427,BREAKOUT,5.743706703186035,0.0,NONE,0.0,2.5510204081632653,8.18266566526025,2.5510204081632653,-1.021066375427246,LOSS,False,True
213.0,178.0,2.0,202.0500030517578,26.0,1022.2134315795896,187.0,1000.0,1.1610420942306519,4.477910995483398,362100.0,0.3035000264644623,149.64599609375,178.18499755859375,200.3820037841797,2020-11-04,2020-09-29,PCX,TP2,1000.0,1000.0,1000.0,362100.0,24.159595788927827,162.73410183715822,58926018.27523499,BREAKOUT,10.926230430603027,0.0,NONE,0.0,38.46153846153846,23.634590431466815,38.46153846153846,1.0222134315795897,WIN,False,False
214.0,53.0,1.0,3.118351697921753,1466.0,550.0633007097246,211.0,1000.0,2.2000010013580322,4.925376892089844,4831400.0,0.5871132612228394,2.511845827102661,3.0182204246520996,3.412067413330078,2020-11-05,2020-11-02,BGC2,TP1,1000.0,1000.0,1000.0,4831400.0,13.678266025494509,2.7431379866600034,13253196.86874914,BREAKOUT,5.1474385261535645,0.0,NONE,0.0,0.6821282401091405,24.866712627157625,0.6821282401091405,0.5500633007097245,WIN,False,False
216.0,53.0,2.0,3.412067413330078,1466.0,979.789365020752,211.0,1000.0,2.2000010013580322,4.925376892089844,4831400.0,0.5871132612228394,2.511845827102661,3.0182204246520996,3.412067413330078,2020-11-09,2020-11-02,BGC2,TP2,1000.0,1000.0,1000.0,4831400.0,24.358924214228168,2.74372541809082,13256034.984963989,BREAKOUT,5.1474385261535645,0.0,NONE,0.0,0.6821282401091405,24.861388665626357,0.6821282401091405,0.979789365020752,WIN,False,False
216.0,162.0,1.0,128.45899963378906,35.0,392.42293197631875,212.0,1000.0,2.9253621101379395,4.440135478973389,1886800.0,0.5520840883255005,107.8147964477539,128.45899963378906,144.51559448242188,2020-11-09,2020-11-03,MHI1,TP1,1000.0,1000.0,1000.0,1886800.0,9.562796333039113,117.2469158630371,221221480.8503784,BREAKOUT,13.221423149108887,0.0,NONE,0.0,28.571428571428573,24.36859712779525,28.571428571428573,0.3924229319763187,WIN,False,False
226.0,152.0,1.0,42.45365524291992,104.0,400.0594712524411,217.0,1000.0,1.2701038122177124,3.4717068672180176,19352000.0,1.0,35.37671661376953,42.45365524291992,47.957942962646484,2020-11-23,2020-11-10,LRCX,TP1,1000.0,1000.0,1000.0,19352000.0,9.96382185576428,38.6069295578003,747121300.8025514,BREAKOUT,10.516212463378906,0.6,CUP_AND_HANDLE,0.2,9.615384615384615,24.90585168392881,9.615384615384615,0.40005947125244107,WIN,False,False
235.0,152.0,2.0,48.04319763183594,104.0,980.2092548828126,217.0,1000.0,1.2701038122177124,3.4717068672180176,19352000.0,1.0,35.37671661376953,42.45365524291992,47.957942962646484,2020-12-07,2020-11-10,LRCX,TP2,1000.0,1000.0,1000.0,19352000.0,24.40587931555573,38.61810864257812,747337638.4511718,BREAKOUT,10.516212463378906,0.6,CUP_AND_HANDLE,0.2,9.615384615384615,24.898641993003356,9.615384615384615,0.9802092548828126,WIN,False,False
236.0,163.0,1.0,10.758979797363281,423.0,403.1838899917599,100.0,1000.0,1.8141028881072998,1.2074787616729736,110015.0,0.8955104351043701,9.004571914672852,10.758979797363281,12.123518943786621,2020-12-08,2020-05-27,MHRCQ,TP1,1000.0,1000.0,1000.0,110015.0,9.720276150349454,9.805826393127443,1078787.9906399157,BREAKOUT,4.226424694061279,0.0,NONE,0.0,2.3640661938534278,24.10879102969147,2.3640661938534278,0.40318388999175986,WIN,False,False
237.0,103.0,1.0,152.77134704589844,29.0,395.1364847717285,217.0,1000.0,3.617960214614868,2.7781059741973877,35634700.0,0.9853631258010864,127.69566345214844,152.77134704589844,172.27464294433594,2020-12-09,2020-11-10,DIS,TP1,1000.0,1000.0,1000.0,35634700.0,9.792161343395973,139.1459510192871,4958424220.78699,BREAKOUT,12.364361763000488,0.6,CUP_AND_HANDLE,0.2,34.48275862068966,24.78171902818069,34.48275862068966,0.39513648477172847,WIN,False,False
238.0,178.0,3.0,189.4600067138672,27.0,722.2792914733889,187.0,1000.0,1.1610420942306519,4.477910995483398,362100.0,0.3035000264644623,149.64599609375,178.18499755859375,200.3820037841797,2020-12-10,2020-09-29,PCX,RUNNER,1000.0,1000.0,1000.0,362100.0,16.441068237766043,162.7089218444824,58916900.59988708,BREAKOUT,10.926230430603027,0.0,NONE,0.0,37.03703703703704,22.762757332039314,37.03703703703704,0.7222792914733889,WIN,False,False
239.0,103.0,2.0,172.27464294433594,29.0,959.6008746643068,217.0,1000.0,3.617960214614868,2.7781059741973877,35634700.0,0.9853631258010864,127.69566345214844,152.77134704589844,172.27464294433594,2020-12-11,2020-11-10,DIS,TP2,1000.0,1000.0,1000.0,35634700.0,23.7738947521272,139.18495761108397,4959814208.983694,BREAKOUT,12.364361763000488,0.6,CUP_AND_HANDLE,0.2,34.48275862068966,24.77477395010079,34.48275862068966,0.9596008746643069,WIN,False,False
242.0,3.0,0.0,18.080799102783203,425.0,-686.5289957046509,186.0,1000.0,1.21912682056427,7.912308692932129,73300.0,0.3035000264644623,18.080799102783203,21.63399887084961,24.397600173950195,2020-12-16,2020-09-28,ACDI,STOP,1000.0,1000.0,1000.0,73300.0,-8.201406894914973,19.696161445617676,1443728.6339637756,BREAKOUT,14.876708984375,0.0,NONE,0.0,2.3529411764705883,11.946191561067392,2.3529411764705883,-0.686528995704651,LOSS,False,False
245.0,87.0,1.0,87.18680572509766,51.0,396.48091584777836,217.0,1000.0,1.535871148109436,3.4863908290863037,5669200.0,0.9897441864013672,72.87948608398438,87.18680572509766,98.31472778320312,2020-12-21,2020-11-10,COF,TP1,1000.0,1000.0,1000.0,5669200.0,9.78954062756929,79.41267012023926,450206309.4456604,BREAKOUT,12.293164253234863,0.5,CUP_AND_HANDLE,0.2,19.607843137254903,24.691076509033806,19.607843137254903,0.39648091584777834,WIN,False,False
251.0,53.0,3.0,3.7485625743865967,1511.0,1517.2920547862054,211.0,1000.0,2.2000010013580322,4.925376892089844,4831400.0,0.5871132612228394,2.511845827102661,3.0182204246520996,3.412067413330078,2020-12-30,2020-11-02,BGC2,RUNNER,1000.0,1000.0,1000.0,4831400.0,36.589591470954275,2.744398408412933,13259286.470406245,BREAKOUT,5.1474385261535645,0.0,NONE,0.0,0.6618133686300464,24.115061668934885,0.6618133686300464,1.5172920547862054,WIN,False,False
254.0,178.0,0.0,195.99000549316406,61.0,-1049.3206317443853,246.0,1000.0,0.965131402015686,3.009002685546875,322600.0,0.3029572069644928,196.47039794921875,233.21200561523438,261.7887878417969,2021-01-05,2020-12-22,PCX,STOP,1000.0,1000.0,1000.0,322600.0,-8.068773188585334,213.19198306274416,68775733.73604126,BREAKOUT,8.374310493469238,0.0,NONE,0.0,16.39344262295082,7.689521147765717,16.39344262295082,-1.0493206317443853,LOSS,False,True
255.0,86.0,1.0,10.488625526428223,436.0,402.2787728195193,246.0,1000.0,2.0762388706207275,1.7984442710876465,4680222.0,0.5347722172737122,8.790082931518555,10.488625526428223,11.809713363647461,2021-01-06,2020-12-22,CNJ,TP1,1000.0,1000.0,1000.0,4680222.0,9.645210563335628,9.565967790603636,44770852.90487453,BREAKOUT,8.748519897460938,0.0,NONE,0.0,2.293577981651376,23.976434291408435,2.293577981651376,0.4022787728195193,WIN,False,False
255.0,87.0,2.0,98.31472778320312,52.0,981.7496945800781,217.0,1000.0,1.535871148109436,3.4863908290863037,5669200.0,0.9897441864013672,72.87948608398438,87.18680572509766,98.31472778320312,2021-01-06,2020-11-10,COF,TP2,1000.0,1000.0,1000.0,5669200.0,23.767633178533476,79.43492596435547,450332482.27712405,BREAKOUT,12.293164253234863,0.5,CUP_AND_HANDLE,0.2,19.23076923076923,24.20946327739838,19.23076923076923,0.9817496945800781,WIN,False,False
256.0,162.0,2.0,144.51559448242188,35.0,953.2797900390627,212.0,1000.0,2.9253621101379395,4.440135478973389,1886800.0,0.5520840883255005,107.8147964477539,128.45899963378906,144.51559448242188,2021-01-07,2020-11-03,MHI1,TP2,1000.0,1000.0,1000.0,1886800.0,23.22373032048263,117.27902905273437,221282072.01669922,BREAKOUT,13.221423149108887,0.0,NONE,0.0,28.571428571428573,24.361924550536195,28.571428571428573,0.9532797900390627,WIN,False,False
263.0,190.0,1.0,144.94784545898438,32.0,402.2980449218754,212.0,1000.0,1.0155494213104248,2.5542171001434326,1112900.0,0.9315628409385681,121.79676818847656,144.94784545898438,162.95423889160156,2021-01-19,2020-11-03,TT,TP1,1000.0,1000.0,1000.0,1112900.0,9.497046977547848,132.37603155517576,147321285.5177551,BREAKOUT,8.403861999511719,0.0,NONE,0.0,31.25,23.606992620091248,31.25,0.4022980449218754,WIN,False,False
268.0,103.0,3.0,165.65882873535156,31.0,821.1001853332517,217.0,1000.0,3.617960214614868,2.7781059741973877,35634700.0,0.9853631258010864,127.69566345214844,152.77134704589844,172.27464294433594,2021-01-26,2020-11-10,DIS,RUNNER,1000.0,1000.0,1000.0,35634700.0,19.031956789832822,139.17172598266603,4959342703.874509,BREAKOUT,12.364361763000488,0.6,CUP_AND_HANDLE,0.2,32.25806451612903,23.178604913002808,32.25806451612903,0.8211001853332517,WIN,False,False
268.0,159.0,0.0,1807.739990234375,6.0,-1081.292733398437,264.0,1000.0,1.366454839706421,4.118923664093018,707400.0,0.8623209595680237,1831.283203125,2175.660888671875,2443.51025390625,2021-01-26,2021-01-20,MELI,STOP,1000.0,1000.0,1000.0,707400.0,-9.065366929982297,1987.955445800781,1406279682.3594725,BREAKOUT,14.480778694152832,0.0,NONE,0.0,166.66666666666666,8.38382303882724,166.66666666666666,-1.0812927333984368,LOSS,False,True
272.0,124.0,1.0,1.9170000553131104,2330.0,403.4768864011766,264.0,1000.0,1.1419899463653564,4.978946685791016,3251000.0,0.39764994382858276,1.5983999967575073,1.9170000553131104,2.164799928665161,2021-02-01,2021-01-20,GETI,TP1,1000.0,1000.0,1000.0,3251000.0,9.930190872969494,1.7438340096473692,5669204.365363597,BREAKOUT,5.871615886688232,0.0,NONE,0.0,0.4291845493562232,24.611548288532983,0.4291845493562232,0.4034768864011766,WIN,False,False
272.0,152.0,3.0,47.48169708251953,109.0,966.2535470733645,217.0,1000.0,1.2701038122177124,3.4717068672180176,19352000.0,1.0,35.37671661376953,42.45365524291992,47.957942962646484,2021-02-01,2020-11-10,LRCX,RUNNER,1000.0,1000.0,1000.0,19352000.0,22.95547229744993,38.61698564147949,747315906.133911,BREAKOUT,10.516212463378906,0.6,CUP_AND_HANDLE,0.2,9.174311926605505,23.75719330291576,9.174311926605505,0.9662535470733645,WIN,False,False
273.0,147.0,0.0,30.165441513061523,327.0,-2780.843305332184,264.0,1000.0,0.8224588632583618,3.261321544647217,1322300.0,0.3035000264644623,35.55893325805664,42.42207336425781,47.76007080078125,2021-02-02,2021-01-20,KSU,STOP,1000.0,1000.0,1000.0,1322300.0,-21.991743068221375,38.669549480438235,51132745.27798348,BREAKOUT,11.150238990783691,0.0,NONE,0.0,3.058103975535168,7.908299984415828,3.058103975535168,-2.7808433053321844,LOSS,False,True
274.0,124.0,2.0,2.164799928665161,2330.0,979.6958439016342,264.0,1000.0,1.1419899463653564,4.978946685791016,3251000.0,0.39764994382858276,1.5983999967575073,1.9170000553131104,2.164799928665161,2021-02-03,2021-01-20,GETI,TP2,1000.0,1000.0,1000.0,3251000.0,24.10498090536605,1.7443296093940734,5670815.560140133,BREAKOUT,5.871615886688232,0.0,NONE,0.0,0.4291845493562232,24.60455564389053,0.4291845493562232,0.9796958439016342,WIN,False,False
286.0,86.0,2.0,11.818714141845703,437.0,983.2876580429075,246.0,1000.0,2.0762388706207275,1.7984442710876465,4680222.0,0.5347722172737122,8.790082931518555,10.488625526428223,11.809713363647461,2021-02-22,2020-12-22,CNJ,TP2,1000.0,1000.0,1000.0,4680222.0,23.515243581159513,9.568627967834473,44783303.1248742,BREAKOUT,8.748519897460938,0.0,NONE,0.0,2.288329519450801,23.91491786641889,2.288329519450801,0.9832876580429075,WIN,False,False
287.0,158.0,0.0,364.25799560546875,31.0,-1001.3157156982413,274.0,1000.0,0.8932188153266907,4.954813003540039,626200.0,0.8884018659591675,364.25799560546875,435.29498291015625,490.5459899902344,2021-02-23,2021-02-03,MDB,STOP,1000.0,1000.0,1000.0,626200.0,-8.145206003454055,396.5585025634765,248324934.30524898,BREAKOUT,7.633570194244385,0.0,NONE,0.0,32.25806451612903,8.134503309752017,32.25806451612903,-1.0013157156982413,LOSS,False,True
290.0,29.0,0.0,152.1064910888672,73.0,-1009.1678595886224,274.0,1000.0,1.8114149570465088,2.1556496620178223,141972000.0,0.9857833385467529,152.1064910888672,182.5264892578125,206.18649291992188,2021-02-26,2021-02-03,AMZN,STOP,1000.0,1000.0,1000.0,141972000.0,-8.331319375808421,165.93070834350584,23557514524.94421,BREAKOUT,2.823801040649414,0.8,CUP_AND_HANDLE,0.3,13.698630136986301,8.255632892633544,13.698630136986301,-1.0091678595886224,LOSS,False,True
290.0,124.0,3.0,1.7899999618530273,2402.0,111.50072564697238,264.0,1000.0,1.1419899463653564,4.978946685791016,3251000.0,0.39764994382858276,1.5983999967575073,1.9170000553131104,2.164799928665161,2021-02-26,2021-01-20,GETI,RUNNER,1000.0,1000.0,1000.0,3251000.0,2.6623356622987817,1.7435800094604494,5668378.610755921,BREAKOUT,5.871615886688232,0.0,NONE,0.0,0.4163197335553705,23.877294491590355,0.4163197335553705,0.11150072564697239,WIN,False,False
293.0,176.0,0.0,57.293331146240234,193.0,-1109.9923734970093,274.0,1000.0,2.205397844314575,2.924954652786255,15039600.0,0.6711165904998779,57.765201568603516,69.38600158691406,78.42440032958984,2021-03-03,2021-02-03,PANW,STOP,1000.0,1000.0,1000.0,15039600.0,-9.122521215335652,63.04458696746826,948165370.1559356,BREAKOUT,4.17048978805542,0.0,NONE,0.0,5.181347150259067,8.218544048726502,5.181347150259067,-1.1099923734970094,LOSS,False,True
293.0,183.0,0.0,30.55134391784668,250.0,-731.7287473678588,150.0,1000.0,0.8179292678833008,2.1406514644622803,1201350.0,0.7578379511833191,30.73032569885254,36.77569580078125,41.4776496887207,2021-03-03,2020-08-06,ROL,STOP,1000.0,1000.0,1000.0,1201350.0,-8.742733597868293,33.478258907318114,40219106.33830661,BREAKOUT,8.844789505004883,0.0,NONE,0.0,4.0,11.94805264835809,4.0,-0.7317287473678588,LOSS,False,False
296.0,48.0,1.0,12.269486427307129,372.0,503.1264459457397,294.0,1000.0,1.9307729005813599,3.4152112007141113,101800.0,0.5567593574523926,10.006207466125488,12.000268936157227,13.5512056350708,2021-03-08,2021-03-04,BCC,TP1,1000.0,1000.0,1000.0,101800.0,12.38885173556688,10.91699598121643,1111350.1908878325,BREAKOUT,6.216065406799316,0.0,NONE,0.0,2.6881720430107525,24.623733924936573,2.6881720430107525,0.5031264459457397,WIN,False,False
297.0,51.0,1.0,79.88148498535156,58.0,399.97553851318366,291.0,1000.0,1.7348167896270752,5.312564849853516,2149271.0,0.586235761642456,67.18087768554688,79.88148498535156,89.7597427368164,2021-03-09,2021-03-01,BFNBQ,TP1,1000.0,1000.0,1000.0,2149271.0,9.448648942417526,72.98535501098632,156865306.9498176,BREAKOUT,16.73821449279785,0.0,NONE,0.0,17.24137931034483,23.623066994398428,17.24137931034483,0.3999755385131837,WIN,False,False
297.0,121.0,1.0,40.02850341796875,113.0,401.97519519042936,294.0,1000.0,1.1659469604492188,2.9416866302490234,56700.0,0.7589284777641296,33.48125457763672,40.02850341796875,45.120811462402344,2021-03-09,2021-03-04,GABC,TP1,1000.0,1000.0,1000.0,56700.0,9.753730433115399,36.47120080566407,2067917.0856811528,BREAKOUT,10.004847526550293,0.0,NONE,0.0,8.849557522123893,24.264508232889153,8.849557522123893,0.40197519519042935,WIN,False,False
300.0,118.0,1.0,38.385711669921875,119.0,501.7964821166989,294.0,1000.0,1.6437337398529053,2.947672128677368,66300.0,0.6035000085830688,31.331573486328125,37.54290008544922,42.37393569946289,2021-03-12,2021-03-04,FMBH,TP1,1000.0,1000.0,1000.0,66300.0,12.34096766903754,34.16893450927735,2265400.3579650884,BREAKOUT,7.5053486824035645,0.7,CUP_AND_HANDLE,0.3,8.403361344537815,24.59357151524928,8.403361344537815,0.5017964821166989,WIN,False,False
315.0,170.0,1.0,239.54298400878906,19.0,459.5067263488771,246.0,1000.0,1.2506498098373413,1.7132229804992676,37181900.0,0.9291907548904419,197.79261779785156,236.23773193359375,266.13946533203125,2021-04-05,2020-12-22,MSFT,TP1,1000.0,1000.0,1000.0,37181900.0,11.2299136503962,215.3584194641113,8007435216.67264,BREAKOUT,3.790287733078003,0.7,CUP_AND_HANDLE,0.3,52.63157894736842,24.439062600076,52.63157894736842,0.4595067263488771,WIN,False,False
327.0,86.0,3.0,11.901567459106445,451.0,1052.08097687149,246.0,1000.0,2.0762388706207275,1.7984442710876465,4680222.0,0.5347722172737122,8.790082931518555,10.488625526428223,11.809713363647461,2021-04-21,2020-12-22,CNJ,RUNNER,1000.0,1000.0,1000.0,4680222.0,24.378974654471307,9.568793674468996,44784078.668710634,BREAKOUT,8.748519897460938,0.0,NONE,0.0,2.2172949002217295,23.172146622178836,2.2172949002217295,1.05208097687149,WIN,False,False
328.0,190.0,2.0,162.95423889160156,32.0,977.3502255859371,212.0,1000.0,1.0155494213104248,2.5542171001434326,1112900.0,0.9315628409385681,121.79676818847656,144.94784545898438,162.95423889160156,2021-04-22,2020-11-03,TT,TP2,1000.0,1000.0,1000.0,1112900.0,23.06602447030065,132.41204434204104,147361364.14825746,BREAKOUT,8.403861999511719,0.0,NONE,0.0,31.25,23.600572104510643,31.25,0.9773502255859371,WIN,False,False
338.0,51.0,2.0,89.7597427368164,58.0,971.7686101989746,291.0,1000.0,1.7348167896270752,5.312564849853516,2149271.0,0.586235761642456,67.18087768554688,79.88148498535156,89.7597427368164,2021-05-06,2021-03-01,BFNBQ,TP2,1000.0,1000.0,1000.0,2149271.0,22.949942627302033,73.00511152648926,156907769.0556491,BREAKOUT,16.73821449279785,0.0,NONE,0.0,17.24137931034483,23.616674161355053,17.24137931034483,0.9717686101989745,WIN,False,False
338.0,129.0,0.0,50.857200622558594,236.0,-1022.9452877807619,329.0,1000.0,1.148703694343567,2.975550413131714,430000.0,0.9678674936294556,50.857200622558594,60.38100051879883,67.78839874267578,2021-05-06,2021-04-23,HCAT,STOP,1000.0,1000.0,1000.0,430000.0,-7.853559118998936,55.19171455383301,23732437.258148193,BREAKOUT,11.244611740112305,0.8,CUP_AND_HANDLE,0.3,4.237288135593221,7.677398989770912,4.237288135593221,-1.0229452877807619,LOSS,False,True
346.0,186.0,0.0,16.132080078125,713.0,-1021.809247314454,329.0,1000.0,2.712747812271118,1.1798514127731323,143684576.0,0.776038646697998,16.132080078125,19.28398895263672,21.735471725463867,2021-05-18,2021-04-23,T,STOP,1000.0,1000.0,1000.0,143684576.0,-8.158820567837491,17.565192626953127,2523847254.962086,BREAKOUT,4.437357425689697,0.7,FLAT_BASE,0.3,1.402524544179523,7.984680691900879,1.402524544179523,-1.021809247314454,LOSS,False,True
350.0,162.0,3.0,208.27999877929688,38.0,3453.1907548828126,212.0,1000.0,2.9253621101379395,4.440135478973389,1886800.0,0.5520840883255005,107.8147964477539,128.45899963378906,144.51559448242188,2021-05-24,2020-11-03,MHI1,RUNNER,1000.0,1000.0,1000.0,1886800.0,77.40065169553961,117.40655786132812,221522693.37275392,BREAKOUT,13.221423149108887,0.0,NONE,0.0,26.31578947368421,22.41424154923821,26.31578947368421,3.4531907548828125,WIN,True,False
362.0,51.0,3.0,81.73546600341797,61.0,533.5305848541257,291.0,1000.0,1.7348167896270752,5.312564849853516,2149271.0,0.586235761642456,67.18087768554688,79.88148498535156,89.7597427368164,2021-06-10,2021-03-01,BFNBQ,RUNNER,1000.0,1000.0,1000.0,2149271.0,11.983169360083807,72.98906297302247,156873276.36509097,BREAKOUT,16.73821449279785,0.0,NONE,0.0,16.39344262295082,22.460135745282837,16.39344262295082,0.5335305848541256,WIN,False,False
368.0,87.0,3.0,137.9609832763672,54.0,3156.125299255371,217.0,1000.0,1.535871148109436,3.4863908290863037,5669200.0,0.9897441864013672,72.87948608398438,87.18680572509766,98.31472778320312,2021-06-18,2020-11-10,COF,RUNNER,1000.0,1000.0,1000.0,5669200.0,73.50479690516023,79.5142184753418,450782007.38040775,BREAKOUT,12.293164253234863,0.5,CUP_AND_HANDLE,0.2,18.51851851851852,23.289568675395213,18.51851851851852,3.156125299255371,WIN,True,False
368.0,121.0,0.0,33.124794006347656,230.0,-766.4978575134278,294.0,1000.0,1.1659469604492188,2.9416866302490234,56700.0,0.7589284777641296,33.48125457763672,40.02850341796875,45.120811462402344,2021-06-18,2021-03-04,GABC,STOP,1000.0,1000.0,1000.0,56700.0,-9.14107968480285,36.45739338684082,2067134.2050338746,BREAKOUT,10.004847526550293,0.0,NONE,0.0,4.3478260869565215,11.925773301515997,4.3478260869565215,-0.7664978575134278,LOSS,False,False
368.0,190.0,3.0,163.8800811767578,33.0,1038.384109954834,212.0,1000.0,1.0155494213104248,2.5542171001434326,1112900.0,0.9315628409385681,121.79676818847656,144.94784545898438,162.95423889160156,2021-06-18,2020-11-03,TT,RUNNER,1000.0,1000.0,1000.0,1112900.0,23.76350677259938,132.41389602661133,147363424.88801575,BREAKOUT,8.403861999511719,0.0,NONE,0.0,30.303030303030305,22.885083221885022,30.303030303030305,1.038384109954834,WIN,False,False
378.0,170.0,2.0,267.6463928222656,19.0,992.4035642700197,246.0,1000.0,1.2506498098373413,1.7132229804992676,37181900.0,0.9291907548904419,197.79261779785156,236.23773193359375,266.13946533203125,2021-07-02,2020-12-22,MSFT,TP2,1000.0,1000.0,1000.0,37181900.0,24.247084537432496,215.41462628173826,8009525092.944964,BREAKOUT,3.790287733078003,0.7,CUP_AND_HANDLE,0.3,52.63157894736842,24.432685865319186,52.63157894736842,0.9924035642700197,WIN,False,False
379.0,120.0,1.0,50.36699676513672,89.0,398.5655469207765,363.0,1000.0,0.8973459601402283,2.253063440322876,3870500.0,0.8565236926078796,42.12479782104492,50.36699676513672,56.7775993347168,2021-07-06,2021-06-11,FTNT,TP1,1000.0,1000.0,1000.0,3870500.0,9.758963384103584,45.88873219299316,177612337.95298,BREAKOUT,5.837859630584717,0.0,NONE,0.0,11.235955056179776,24.4852156928742,11.235955056179776,0.3985655469207765,WIN,False,False
380.0,180.0,1.0,297.70880126953125,15.0,394.3415936279294,363.0,1000.0,1.0435662269592285,2.108247756958008,6055700.0,0.8176838159561157,249.31607055664062,297.70880126953125,335.3475646972656,2021-07-07,2021-06-11,PYPL,TP1,1000.0,1000.0,1000.0,6055700.0,9.685911650179783,271.419361694336,1643634228.6123903,BREAKOUT,5.4596662521362305,0.7,CUP_AND_HANDLE,0.3,66.66666666666667,24.56223692020343,66.66666666666667,0.3943415936279294,WIN,False,False
391.0,140.0,1.0,506.4062805175781,8.0,378.1338276367187,363.0,1000.0,0.838841438293457,2.1307289600372314,1149800.0,0.8521709442138672,421.541015625,503.85888671875,567.8838500976562,2021-07-22,2021-06-11,INTU,TP1,1000.0,1000.0,1000.0,1149800.0,10.29463226206777,459.1395520629883,527918656.9620239,BREAKOUT,6.482649803161621,0.0,NONE,0.0,125.0,27.224838164857456,125.0,0.3781338276367187,WIN,False,False
397.0,29.0,0.0,166.37950134277344,67.0,-1375.0914687805166,381.0,1000.0,1.5318247079849243,1.6996657848358154,106562000.0,1.0,171.7841796875,205.0533905029297,230.92945861816406,2021-07-30,2021-07-08,AMZN,STOP,1000.0,1000.0,1000.0,106562000.0,-10.980950175752278,186.90325460815427,19916784617.554134,BREAKOUT,7.303822040557861,0.55,POCKET_PIVOT,0.2,14.925373134328359,7.9856143573420635,14.925373134328359,-1.3750914687805167,LOSS,False,True
398.0,120.0,2.0,56.92399978637695,90.0,991.9938228607177,363.0,1000.0,0.8973459601402283,2.253063440322876,3870500.0,0.8565236926078796,42.12479782104492,50.36699676513672,56.7775993347168,2021-08-02,2021-06-11,FTNT,TP2,1000.0,1000.0,1000.0,3870500.0,24.01244067514843,45.901846199035646,177663095.71336746,BREAKOUT,5.837859630584717,0.0,NONE,0.0,11.11111111111111,24.20624012143665,11.11111111111111,0.9919938228607177,WIN,False,False
404.0,8.0,1.0,197.28395080566406,23.0,446.919170440674,329.0,1000.0,0.8604006767272949,1.5193520784378052,1360500.0,0.7654529213905334,163.33612060546875,195.110595703125,219.82408142089844,2021-08-10,2021-04-23,ADP,TP1,1000.0,1000.0,1000.0,1360500.0,10.925485072303356,177.85268252563475,241968574.57612607,BREAKOUT,2.407789468765259,0.0,NONE,0.0,43.47826086956522,24.446221587520046,43.47826086956522,0.44691917044067403,WIN,False,False
418.0,6.0,1.0,666.5270385742188,6.0,355.4638337402341,381.0,1000.0,0.8235102295875549,1.8643052577972412,2022500.0,0.9370024800300598,557.4884033203125,666.5270385742188,751.3348388671875,2021-08-30,2021-07-08,ADBE,TP1,1000.0,1000.0,1000.0,2022500.0,9.75557784815881,607.2830662841798,1228230001.5597537,BREAKOUT,5.664504528045654,0.0,NONE,0.0,166.66666666666666,27.444642526665568,166.66666666666666,0.3554638337402341,WIN,False,False
3.0,57.0,0.0,1.3921781778335571,8382.0,-1023.2761680922516,1.0,1000.0,1.7459772825241089,5.357929706573486,942400.0,0.5740230679512024,1.3921781778335571,1.660593867301941,1.8693615198135376,2021-09-07,2021-09-02,BOT,STOP,1000.0,1000.0,1000.0,942400.0,-8.062045044276077,1.5142583696842196,1427037.0875904085,BREAKOUT,19.90056800842285,0.0,NONE,0.0,0.11930326890956812,7.878660029097108,0.11930326890956812,-1.0232761680922515,LOSS,False,True
6.0,117.0,1.0,46.18662643432617,99.0,474.6413371810912,1.0,1000.0,1.4270129203796387,2.9189677238464355,327000.0,0.665692925453186,37.98324966430664,45.44570541381836,51.249839782714844,2021-09-10,2021-09-02,FIZZ,TP1,1000.0,1000.0,1000.0,327000.0,11.582735133723464,41.39226949310303,13535272.12424469,BREAKOUT,5.861948490142822,0.0,NONE,0.0,10.1010101010101,24.40313185217635,10.1010101010101,0.4746413371810912,WIN,False,False
7.0,43.0,0.0,15.508400917053223,780.0,-1023.8411042404173,1.0,1000.0,4.46751070022583,5.05377721786499,107600.0,0.6346993446350098,15.508400917053223,18.392000198364258,20.634801864624023,2021-09-13,2021-09-02,AXREF,STOP,1000.0,1000.0,1000.0,107600.0,-7.80343271949258,16.82101771736145,1809941.506388092,BREAKOUT,20.216236114501953,0.0,NONE,0.0,1.2820512820512822,7.621722440301817,1.2820512820512822,-1.0238411042404172,LOSS,False,True
8.0,187.0,0.0,28.262645721435547,396.0,-1141.5850881042486,1.0,1000.0,1.2940607070922852,4.217866897583008,6884500.0,0.6561049222946167,28.56597137451172,34.242584228515625,38.6577262878418,2021-09-14,2021-09-02,TCOM,STOP,1000.0,1000.0,1000.0,6884500.0,-9.255900589476147,31.14543634796143,214420756.53754047,BREAKOUT,15.959240913391113,0.0,NONE,0.0,2.525252525252525,8.107937538713633,2.525252525252525,-1.1415850881042486,LOSS,False,True
10.0,73.0,1.0,32.08000183105469,146.0,500.65965515136713,1.0,1000.0,0.9676123261451721,6.115121364593506,2890500.0,0.893542468547821,26.3439998626709,31.389999389648438,35.314666748046875,2021-09-16,2021-09-02,CELH,TP1,1000.0,1000.0,1000.0,2890500.0,11.968854604570852,28.650826110839844,82815212.87338257,BREAKOUT,15.360298156738281,0.7,POCKET_PIVOT,0.3,6.8493150684931505,23.906169553351063,6.8493150684931505,0.5006596551513671,WIN,False,False
22.0,29.0,0.0,159.24000549316406,71.0,-1010.6481067810056,1.0,1000.0,1.278516411781311,1.5386141538619995,72598000.0,0.7541688680648804,159.24000549316406,190.55101013183594,214.9040069580078,2021-10-04,2021-09-02,AMZN,STOP,1000.0,1000.0,1000.0,72598000.0,-8.205518123186591,173.47448587036132,12593900725.216492,BREAKOUT,4.314176559448242,0.6,CUP_AND_HANDLE,0.2,14.084507042253522,8.11906544734133,14.084507042253522,-1.0106481067810056,LOSS,False,True
25.0,155.0,1.0,153.2567901611328,30.0,402.62298248291046,9.0,1000.0,1.2308552265167236,2.2517013549804688,2159400.0,0.923972487449646,128.5476837158203,153.2567901611328,172.4749755859375,2021-10-07,2021-09-15,MAR,TP1,1000.0,1000.0,1000.0,2159400.0,9.59750262581994,139.83602407836912,301961910.3948303,BREAKOUT,6.811567783355713,0.8,CUP_AND_HANDLE,0.3,33.333333333333336,23.837443572231532,33.333333333333336,0.40262298248291045,WIN,False,False
25.0,174.0,1.0,64.67569732666016,70.0,398.39424728393533,1.0,1000.0,2.0970396995544434,1.9572209119796753,56262000.0,0.835265576839447,54.19844055175781,64.67569732666016,72.82467651367188,2021-10-07,2021-09-02,NFLX,TP1,1000.0,1000.0,1000.0,56262000.0,9.648909073967712,58.984350936889655,3318577552.411286,BREAKOUT,8.849236488342285,0.9,POCKET_PIVOT,0.3,14.285714285714286,24.21949900067443,14.285714285714286,0.39839424728393535,WIN,False,False
36.0,178.0,1.0,299.5190124511719,15.0,396.29961639404274,1.0,1000.0,0.5813929438591003,2.8818821907043457,139700.0,0.5688468813896179,250.88479614257812,299.5190124511719,337.3456115722656,2021-10-22,2021-09-02,PCX,TP1,1000.0,1000.0,1000.0,139700.0,9.674136759083138,273.09903802490237,38151935.61207886,BREAKOUT,6.429513931274414,0.0,NONE,0.0,66.66666666666667,24.41116861809953,66.66666666666667,0.39629961639404276,WIN,False,False
37.0,141.0,0.0,12.835599899291992,897.0,-1022.6437854652404,26.0,1000.0,1.2073501348495483,3.067955732345581,2418600.0,1.0,12.835599899291992,15.342999458312988,17.29319953918457,2021-10-25,2021-10-08,IRWD,STOP,1000.0,1000.0,1000.0,2418600.0,-8.157541122943947,13.97567100906372,33801557.90252151,BREAKOUT,7.684587001800537,0.7,POCKET_PIVOT,0.3,1.1148272017837235,7.976913602650766,1.1148272017837235,-1.0226437854652404,LOSS,False,True
39.0,80.0,1.0,55.134002685546875,79.0,400.8249794616698,26.0,1000.0,2.413410186767578,4.078100204467773,228200.0,0.45350000262260437,45.802799224853516,55.134002685546875,62.3916015625,2021-10-27,2021-10-08,CLFD,TP1,1000.0,1000.0,1000.0,228200.0,10.135251052523577,50.06026876831055,11423753.332928468,BREAKOUT,9.414703369140625,0.85,POCKET_PIVOT,0.3,12.658227848101266,25.285976602894817,12.658227848101266,0.4008249794616698,WIN,False,False
43.0,117.0,2.0,52.18956756591797,99.0,1067.743926864624,1.0,1000.0,1.4270129203796387,2.9189677238464355,327000.0,0.665692925453186,37.98324966430664,45.44570541381836,51.249839782714844,2021-11-02,2021-09-02,FIZZ,TP2,1000.0,1000.0,1000.0,327000.0,26.048740360200938,41.40427537536621,13539198.047744751,BREAKOUT,5.861948490142822,0.0,NONE,0.0,10.1010101010101,24.39605574408814,10.1010101010101,1.067743926864624,WIN,False,False
44.0,73.0,2.0,35.314666748046875,147.0,978.6335821838375,1.0,1000.0,0.9676123261451721,6.115121364593506,2890500.0,0.893542468547821,26.3439998626709,31.389999389648438,35.314666748046875,2021-11-03,2021-09-02,CELH,TP2,1000.0,1000.0,1000.0,2890500.0,23.23098256482401,28.65729544067383,82833912.47126772,BREAKOUT,15.360298156738281,0.7,POCKET_PIVOT,0.3,6.802721088435374,23.73818249010388,6.802721088435374,0.9786335821838374,WIN,False,False
45.0,8.0,1.0,207.50723266601562,21.0,389.89632952880856,26.0,1000.0,0.9675381183624268,1.703314185142517,1439600.0,0.9347744584083557,173.34051513671875,207.50723266601562,234.0813446044922,2021-11-04,2021-10-08,ADP,TP1,1000.0,1000.0,1000.0,1439600.0,9.826621725581168,188.9407407836914,271999090.43220216,BREAKOUT,2.616682529449463,0.8,FLAT_BASE,0.3,47.61904761904762,25.203165511859737,47.61904761904762,0.38989632952880854,WIN,False,False
46.0,80.0,2.0,63.43000030517578,79.0,1054.8980237884523,26.0,1000.0,2.413410186767578,4.078100204467773,228200.0,0.45350000262260437,45.802799224853516,55.134002685546875,62.3916015625,2021-11-05,2021-10-08,CLFD,TP2,1000.0,1000.0,1000.0,228200.0,26.66528879411213,50.0768607635498,11427539.626242066,BREAKOUT,9.414703369140625,0.85,POCKET_PIVOT,0.3,12.658227848101266,25.277598585642576,12.658227848101266,1.0548980237884522,WIN,False,False
51.0,73.0,3.0,27.78333282470703,152.0,-130.5527921142579,1.0,1000.0,0.9676123261451721,6.115121364593506,2890500.0,0.893542468547821,26.3439998626709,31.389999389648438,35.314666748046875,2021-11-12,2021-09-02,CELH,RUNNER,1000.0,1000.0,1000.0,2890500.0,-2.99871855288794,28.64223277282715,82790373.82985687,BREAKOUT,15.360298156738281,0.7,POCKET_PIVOT,0.3,6.578947368421052,22.96939425288971,6.578947368421052,-0.1305527921142579,LOSS,False,False
52.0,102.0,1.0,29.63548469543457,154.0,453.91031850433376,1.0,1000.0,1.1536281108856201,1.9700487852096558,844600.0,0.44857409596443176,24.498445510864258,29.29161834716797,33.0196418762207,2021-11-15,2021-09-02,DEI,TP1,1000.0,1000.0,1000.0,844600.0,11.044169415418718,26.688015094757077,22540697.549031828,BREAKOUT,3.4984169006347656,0.0,NONE,0.0,6.4935064935064934,24.3311706413946,6.4935064935064934,0.4539103185043338,WIN,False,False
59.0,117.0,3.0,49.96592712402344,103.0,882.3082000427249,1.0,1000.0,1.4270129203796387,2.9189677238464355,327000.0,0.665692925453186,37.98324966430664,45.44570541381836,51.249839782714844,2021-11-24,2021-09-02,FIZZ,RUNNER,1000.0,1000.0,1000.0,327000.0,20.691146373824363,41.399828094482416,13537743.78689575,BREAKOUT,5.861948490142822,0.0,NONE,0.0,9.70873786407767,23.451155019099236,9.70873786407767,0.8823082000427249,WIN,False,False
60.0,171.0,0.0,13.085338592529297,882.0,-1022.535225494384,26.0,1000.0,1.302869200706482,2.1544182300567627,2994000.0,0.8250542879104614,13.085338592529297,15.634963035583496,17.618003845214844,2021-11-26,2021-10-08,MTG,STOP,1000.0,1000.0,1000.0,2994000.0,-8.138739163349774,14.24467558288574,42648558.695159905,BREAKOUT,4.188625812530518,0.0,NONE,0.0,1.1337868480725624,7.959372900248779,1.1337868480725624,-1.022535225494384,LOSS,False,True
63.0,152.0,1.0,66.48087310791016,68.0,399.5738966674807,53.0,1000.0,0.9401646852493286,2.5126166343688965,13534000.0,0.6783698201179504,55.664588928222656,66.48087310791016,74.89353942871094,2021-12-01,2021-11-16,LRCX,TP1,1000.0,1000.0,1000.0,13534000.0,9.695746929409786,60.60478639221191,820225179.032196,BREAKOUT,8.060210227966309,0.6,CUP_AND_HANDLE,0.2,14.705882352941176,24.265216047079363,14.705882352941176,0.3995738966674807,WIN,False,False
63.0,160.0,0.0,308.4454345703125,36.0,-1179.0870996093756,53.0,1000.0,0.9011097550392151,2.659073829650879,25076600.0,0.7126567363739014,312.96905517578125,375.0958557128906,423.4167175292969,2021-12-01,2021-11-16,META,STOP,1000.0,1000.0,1000.0,25076600.0,-9.599245437580857,341.1978540039063,8556082105.714356,BREAKOUT,3.4270708560943604,0.5,CUP_AND_HANDLE,0.2,27.77777777777778,8.141252194821764,27.77777777777778,-1.1790870996093756,LOSS,False,True
63.0,178.0,0.0,249.16000366210938,31.0,-738.9878067016598,1.0,1000.0,0.5813929438591003,2.8818821907043457,139700.0,0.5688468813896179,250.88479614257812,299.5190124511719,337.3456115722656,2021-12-01,2021-09-02,PCX,STOP,1000.0,1000.0,1000.0,139700.0,-8.732037744618824,272.9983200073242,38137865.30502319,BREAKOUT,6.429513931274414,0.0,NONE,0.0,32.25806451612903,11.816213563242291,32.25806451612903,-0.7389878067016598,LOSS,False,False
76.0,70.0,0.0,98.95162963867188,116.0,-1027.1623139648443,53.0,1000.0,1.761860966682434,2.423948287963867,2010900.0,0.7932671904563904,99.03742980957031,118.322509765625,133.322021484375,2021-12-20,2021-11-16,CCK,STOP,1000.0,1000.0,1000.0,2010900.0,-8.213650762358432,107.80647717285157,216788044.94688722,BREAKOUT,6.049226760864258,0.0,NONE,0.0,8.620689655172415,7.996448711843564,8.620689655172415,-1.0271623139648443,LOSS,False,True
89.0,174.0,0.0,54.10599899291992,144.0,-699.438606811523,1.0,1000.0,2.0970396995544434,1.9572209119796753,56262000.0,0.835265576839447,54.19844055175781,64.67569732666016,72.82467651367188,2022-01-07,2021-09-02,NFLX,STOP,1000.0,1000.0,1000.0,56262000.0,-8.237700119147789,58.96321154022216,3317388207.675979,BREAKOUT,8.849236488342285,0.9,POCKET_PIVOT,0.3,6.944444444444445,11.77758853875733,6.944444444444445,-0.6994386068115229,LOSS,False,False
89.0,191.0,0.0,158.30291748046875,73.0,-1108.338941040038,9.0,1000.0,1.042427897453308,1.4241780042648315,3239600.0,0.4127994477748871,159.48316955566406,190.27638244628906,214.22665405273438,2022-01-07,2021-09-15,TXN,STOP,1000.0,1000.0,1000.0,3239600.0,-8.751574472340733,173.48564270019529,562024088.0915526,BREAKOUT,4.221384525299072,0.75,FLAT_BASE,0.3,13.698630136986301,7.896117467575824,13.698630136986301,-1.108338941040038,LOSS,False,True
90.0,194.0,1.0,224.9499969482422,19.0,380.95190011596657,64.0,1000.0,3.0795865058898926,2.8179335594177246,7044400.0,0.9766740202903748,188.0500030517578,224.9499969482422,253.64999389648438,2022-01-10,2021-12-02,VRTX,TP1,1000.0,1000.0,1000.0,7044400.0,9.78531483193738,204.8998969421387,1443396834.0192018,BREAKOUT,7.950133323669434,0.6,CUP_AND_HANDLE,0.2,52.63157894736842,25.68648385520221,52.63157894736842,0.3809519001159666,WIN,False,False
91.0,80.0,3.0,68.69999694824219,83.0,1544.845483886719,26.0,1000.0,2.413410186767578,4.078100204467773,228200.0,0.45350000262260437,45.802799224853516,55.134002685546875,62.3916015625,2022-01-11,2021-10-08,CLFD,RUNNER,1000.0,1000.0,1000.0,228200.0,37.160235728275445,50.08740075683593,11429944.85270996,BREAKOUT,9.414703369140625,0.85,POCKET_PIVOT,0.3,12.048192771084338,24.05433819490024,12.048192771084338,1.544845483886719,WIN,False,False
93.0,41.0,0.0,55.112911224365234,210.0,-1020.5753249359126,77.0,1000.0,1.1920156478881836,2.8862597942352295,32770000.0,0.6078072190284729,55.112911224365234,65.79963684082031,74.11153411865234,2022-01-13,2021-12-21,AVGO,STOP,1000.0,1000.0,1000.0,32770000.0,-8.10347859073492,59.972793724060054,1965308450.337448,BREAKOUT,9.950519561767578,0.0,NONE,0.0,4.761904761904762,7.94010828279018,4.761904761904762,-1.0205753249359126,LOSS,False,True
94.0,100.0,1.0,15.836994171142578,289.0,408.9858162155153,90.0,1000.0,1.3911757469177246,4.502520561218262,686900.0,0.7860598564147949,13.24976634979248,15.815616607666016,17.811277389526367,2022-01-14,2022-01-10,CVIIW,TP1,1000.0,1000.0,1000.0,686900.0,9.81274206647996,14.421818336486815,9906347.015332794,BREAKOUT,19.417999267578125,0.0,NONE,0.0,3.4602076124567476,23.992866445297782,3.4602076124567476,0.4089858162155153,WIN,False,False
98.0,171.0,0.0,13.577618598937988,885.0,-1047.3668070316307,90.0,1000.0,1.3944108486175537,2.306553840637207,4632400.0,0.7070479989051819,13.605079650878906,16.144989013671875,18.120473861694336,2022-01-21,2022-01-10,MTG,STOP,1000.0,1000.0,1000.0,4632400.0,-8.017468942557175,14.761083917617796,68379245.13997267,BREAKOUT,13.102866172790527,0.0,NONE,0.0,1.1299435028248588,7.654881641017143,1.1299435028248588,-1.0473668070316307,LOSS,False,True
99.0,87.0,0.0,134.63772583007812,86.0,-1012.9056746826182,90.0,1000.0,1.2736930847167969,2.3521528244018555,3286300.0,0.6423090100288391,134.63772583007812,160.53228759765625,180.67251586914062,2022-01-24,2022-01-10,COF,STOP,1000.0,1000.0,1000.0,3286300.0,-8.044200901023348,146.41569879150393,481165910.93851936,BREAKOUT,6.805947303771973,0.65,POCKET_PIVOT,0.2,11.627906976744185,7.9417078036845865,11.627906976744185,-1.0129056746826182,LOSS,False,True
99.0,100.0,0.0,13.24976634979248,587.0,-684.9571107273102,90.0,1000.0,1.3911757469177246,4.502520561218262,686900.0,0.7860598564147949,13.24976634979248,15.815616607666016,17.811277389526367,2022-01-24,2022-01-10,CVIIW,STOP,1000.0,1000.0,1000.0,686900.0,-8.093960984928717,14.416643880844116,9902792.681751823,BREAKOUT,19.417999267578125,0.0,NONE,0.0,1.7035775127768313,11.816741308567888,1.7035775127768313,-0.6849571107273102,LOSS,False,False
99.0,152.0,0.0,55.664588928222656,140.0,-688.5990853881838,53.0,1000.0,0.9401646852493286,2.5126166343688965,13534000.0,0.6783698201179504,55.664588928222656,66.48087310791016,74.89353942871094,2022-01-24,2021-11-16,LRCX,STOP,1000.0,1000.0,1000.0,13534000.0,-8.118700637359966,60.58315382385254,819932403.8520203,BREAKOUT,8.060210227966309,0.6,CUP_AND_HANDLE,0.2,7.142857142857143,11.79017052104159,7.142857142857143,-0.6885990853881838,LOSS,False,False
102.0,102.0,0.0,24.41155242919922,315.0,-713.7946623229983,1.0,1000.0,1.1536281108856201,1.9700487852096558,844600.0,0.44857409596443176,24.498445510864258,29.29161834716797,33.0196418762207,2022-01-27,2021-09-02,DEI,STOP,1000.0,1000.0,1000.0,844600.0,-8.49408336775959,26.67756723022461,22531873.282647707,BREAKOUT,3.4984169006347656,0.0,NONE,0.0,3.1746031746031744,11.899897570144539,3.1746031746031744,-0.7137946623229983,LOSS,False,False
104.0,97.0,0.0,18.316007614135742,644.0,-1022.2339545135496,90.0,1000.0,0.783741295337677,2.2318272590637207,660400.0,0.8824141621589661,18.316007614135742,21.8050537109375,24.518756866455078,2022-01-31,2022-01-10,CVAT,STOP,1000.0,1000.0,1000.0,660400.0,-7.975147932338062,19.903327419281005,13144157.427693175,BREAKOUT,8.814587593078613,0.0,NONE,0.0,1.5527950310559007,7.801685609370307,1.5527950310559007,-1.0222339545135497,LOSS,False,True
106.0,194.0,2.0,253.64999389648438,20.0,973.8539392089843,64.0,1000.0,3.0795865058898926,2.8179335594177246,7044400.0,0.9766740202903748,188.0500030517578,224.9499969482422,253.64999389648438,2022-02-02,2021-12-02,VRTX,TP2,1000.0,1000.0,1000.0,7044400.0,23.757483967816796,204.95729693603516,1443801182.536206,BREAKOUT,7.950133323669434,0.6,CUP_AND_HANDLE,0.2,50.0,24.39532563488307,50.0,0.9738539392089843,WIN,False,False
108.0,196.0,1.0,70.3790512084961,63.0,397.9634201202396,101.0,1000.0,1.4858311414718628,2.4971230030059814,39278400.0,0.4432358741760254,58.75530242919922,70.3790512084961,79.41974639892578,2022-02-04,2022-01-26,XOM,TP1,1000.0,1000.0,1000.0,39278400.0,9.860545676440267,64.06217152404784,2516259597.990161,BREAKOUT,7.2184858322143555,0.7,POCKET_PIVOT,0.3,15.873015873015873,24.777517676024168,15.873015873015873,0.3979634201202396,WIN,False,False
111.0,187.0,1.0,29.57725715637207,155.0,401.29126489639276,105.0,1000.0,0.590013325214386,4.833470344543457,3495000.0,0.44542235136032104,24.810623168945312,29.57725715637207,33.28464126586914,2022-02-09,2022-02-01,TCOM,TP1,1000.0,1000.0,1000.0,3495000.0,9.592963250267855,26.988281253814698,94324042.98208237,BREAKOUT,8.561338424682617,0.0,NONE,0.0,6.451612903225806,23.90523813854909,6.451612903225806,0.4012912648963928,WIN,False,False
113.0,142.0,1.0,3.3050782680511475,1422.0,510.2385929746626,101.0,1000.0,1.189884066581726,2.720595359802246,52317976.0,0.33103886246681213,2.7076494693756104,3.229651927947998,3.6356539726257324,2022-02-11,2022-01-26,ITUB,TP1,1000.0,1000.0,1000.0,52317976.0,12.178744972951067,2.9462606921195986,154142396.18005654,BREAKOUT,9.820935249328613,0.0,NONE,0.0,0.7032348804500703,23.868725613148275,0.7032348804500703,0.5102385929746626,WIN,False,False
115.0,155.0,2.0,174.7494354248047,30.0,1046.1127816772457,9.0,1000.0,1.2308552265167236,2.2517013549804688,2159400.0,0.923972487449646,128.5476837158203,153.2567901611328,172.4749755859375,2022-02-15,2021-09-15,MAR,TP2,1000.0,1000.0,1000.0,2159400.0,24.928991285565953,139.8790093688965,302054732.8311951,BREAKOUT,6.811567783355713,0.8,CUP_AND_HANDLE,0.3,33.333333333333336,23.830118245565256,33.333333333333336,1.0461127816772458,WIN,False,False
118.0,194.0,3.0,229.61000061035156,21.0,518.7164568786618,64.0,1000.0,3.0795865058898926,2.8179335594177246,7044400.0,0.9766740202903748,188.0500030517578,224.9499969482422,253.64999389648438,2022-02-18,2021-12-02,VRTX,RUNNER,1000.0,1000.0,1000.0,7044400.0,12.054501026657404,204.90921694946292,1443462487.8787966,BREAKOUT,7.950133323669434,0.6,CUP_AND_HANDLE,0.2,47.61904761904762,23.23909501386264,47.61904761904762,0.5187164568786617,WIN,False,False
119.0,46.0,1.0,2.6873650550842285,1661.0,403.5005827970504,105.0,1000.0,1.3504934310913086,4.809013843536377,506300.0,0.687989354133606,2.2404232025146484,2.6873650550842285,3.0349864959716797,2022-02-22,2022-02-01,BBAR,TP1,1000.0,1000.0,1000.0,506300.0,9.937917180373796,2.444438755989075,1237619.3421572687,BREAKOUT,7.436687469482422,0.0,NONE,0.0,0.6020469596628537,24.629251119005925,0.6020469596628537,0.4035005827970504,WIN,False,False
120.0,34.0,1.0,6.947929859161377,705.0,525.9538270711898,105.0,1000.0,0.9759000539779663,4.266729354858398,1131400.0,0.9692400097846985,5.720462322235107,6.772422790527344,7.590613842010498,2022-02-23,2022-02-01,ARCO,TP1,1000.0,1000.0,1000.0,1131400.0,12.029124477714532,6.201896061897278,7016825.20443058,BREAKOUT,17.768590927124023,0.9,POCKET_PIVOT,0.3,1.4184397163120568,22.871065592771785,1.4184397163120568,0.5259538270711899,WIN,False,False
126.0,155.0,3.0,159.5793914794922,31.0,611.652388153076,9.0,1000.0,1.2308552265167236,2.2517013549804688,2159400.0,0.923972487449646,128.5476837158203,153.2567901611328,172.4749755859375,2022-03-03,2021-09-15,MAR,RUNNER,1000.0,1000.0,1000.0,2159400.0,14.108623485605188,139.84866928100587,301989216.44540405,BREAKOUT,6.811567783355713,0.8,CUP_AND_HANDLE,0.3,32.25806451612903,23.06640791219191,32.25806451612903,0.611652388153076,WIN,False,False
127.0,46.0,0.0,2.2193281650543213,3373.0,-756.1406463627819,105.0,1000.0,1.3504934310913086,4.809013843536377,506300.0,0.687989354133606,2.2404232025146484,2.6873650550842285,3.0349864959716797,2022-03-04,2022-02-01,BBAR,STOP,1000.0,1000.0,1000.0,506300.0,-9.174310254983302,2.443502682209015,1237145.4080024243,BREAKOUT,7.436687469482422,0.0,NONE,0.0,0.2964719833975689,12.13307378609249,0.2964719833975689,-0.7561406463627819,LOSS,False,False
127.0,187.0,0.0,24.810623168945312,317.0,-687.2955669555666,105.0,1000.0,0.590013325214386,4.833470344543457,3495000.0,0.44542235136032104,24.810623168945312,29.57725715637207,33.28464126586914,2022-03-04,2022-02-01,TCOM,STOP,1000.0,1000.0,1000.0,3495000.0,-8.036417472124729,26.978747985839846,94290724.21051025,BREAKOUT,8.561338424682617,0.0,NONE,0.0,3.1545741324921135,11.692811446060556,3.1545741324921135,-0.6872955669555666,LOSS,False,False
128.0,47.0,0.0,2.873178243637085,4013.0,-1052.4635392565735,101.0,1000.0,1.489235758781433,2.736649751663208,58422100.0,0.565006673336029,2.8805501461029053,3.441127061843872,3.877131223678589,2022-03-07,2022-01-26,BBDC,STOP,1000.0,1000.0,1000.0,58422100.0,-8.364484095683135,3.135441771984101,183179092.74703234,BREAKOUT,11.33259391784668,0.0,NONE,0.0,0.24919013207077,7.947528616137656,0.24919013207077,-1.0524635392565735,LOSS,False,True
129.0,196.0,2.0,79.41974639892578,64.0,981.7275830078124,101.0,1000.0,1.4858311414718628,2.4971230030059814,39278400.0,0.4432358741760254,58.75530242919922,70.3790512084961,79.41974639892578,2022-03-08,2022-01-26,XOM,TP2,1000.0,1000.0,1000.0,39278400.0,23.9379415449266,64.08025291442871,2516969806.0740967,BREAKOUT,7.2184858322143555,0.7,POCKET_PIVOT,0.3,15.625,24.383486783151845,15.625,0.9817275830078124,WIN,False,False
130.0,1.0,1.0,43.36832809448242,102.0,399.53456730651874,119.0,1000.0,1.4262837171554565,2.769246816635132,694700.0,0.5941662192344666,36.16159439086914,43.36832809448242,48.97356414794922,2022-03-09,2022-02-22,ABM,TP1,1000.0,1000.0,1000.0,694700.0,9.928705326891171,39.451322532653805,27406833.7634346,BREAKOUT,2.375418186187744,0.7,CUP_AND_HANDLE,0.3,9.803921568627452,24.85067911351453,9.803921568627452,0.39953456730651876,WIN,False,False
130.0,169.0,0.0,50.38500213623047,246.0,-1021.4298782043459,127.0,1000.0,1.530499815940857,5.359014987945557,13376500.0,0.9834104776382446,50.38500213623047,59.500614166259766,66.59053802490234,2022-03-09,2022-03-04,MOS,STOP,1000.0,1000.0,1000.0,13376500.0,-7.613440583264551,54.5371561126709,729516268.7411423,BREAKOUT,25.377771377563477,0.7,POCKET_PIVOT,0.3,4.065040650406504,7.453708517562492,4.065040650406504,-1.0214298782043458,LOSS,False,True
137.0,196.0,3.0,68.5512466430664,66.0,296.52022805786123,101.0,1000.0,1.4858311414718628,2.4971230030059814,39278400.0,0.4432358741760254,58.75530242919922,70.3790512084961,79.41974639892578,2022-03-18,2022-01-26,XOM,RUNNER,1000.0,1000.0,1000.0,39278400.0,7.013479260301148,64.058515914917,2516116011.5124755,BREAKOUT,7.2184858322143555,0.7,POCKET_PIVOT,0.3,15.151515151515152,23.65261657269661,15.151515151515152,0.2965202280578612,WIN,False,False
138.0,31.0,1.0,23.8799991607666,193.0,425.03232032394425,131.0,1000.0,1.88739013671875,5.135814666748047,184700.0,0.8796899318695068,19.923599243164062,23.762998580932617,26.74919891357422,2022-03-21,2022-03-10,APEX,TP1,1000.0,1000.0,1000.0,184700.0,10.158983617802605,21.677759159088133,4003882.116683578,BREAKOUT,11.982601165771484,0.0,NONE,0.0,5.181347150259067,23.901673195252062,5.181347150259067,0.4250323203239442,WIN,False,False
139.0,142.0,2.0,3.653972864151001,1422.0,1005.3744523973467,101.0,1000.0,1.189884066581726,2.720595359802246,52317976.0,0.33103886246681213,2.7076494693756104,3.229651927947998,3.6356539726257324,2022-03-22,2022-01-26,ITUB,TP2,1000.0,1000.0,1000.0,52317976.0,23.99132486333792,2.946958481311798,154178903.09826708,BREAKOUT,9.820935249328613,0.0,NONE,0.0,0.7032348804500703,23.86307390856199,0.7032348804500703,1.0053744523973467,WIN,False,False
144.0,34.0,2.0,7.590613842010498,705.0,978.1398505640029,105.0,1000.0,0.9759000539779663,4.266729354858398,1131400.0,0.9692400097846985,5.720462322235107,6.772422790527344,7.590613842010498,2022-03-29,2022-02-01,ARCO,TP2,1000.0,1000.0,1000.0,1131400.0,22.366465141068254,6.203181429862976,7018279.4697469715,BREAKOUT,17.768590927124023,0.9,POCKET_PIVOT,0.3,1.4184397163120568,22.86632645441404,1.4184397163120568,0.9781398505640029,WIN,False,False
146.0,122.0,0.0,21.33723258972168,526.0,-1202.5366696548467,140.0,1000.0,1.6536493301391602,3.6838912963867188,61400.0,0.9277286529541016,21.681306838989258,25.955053329467773,29.27907943725586,2022-03-31,2022-03-23,GCBC,STOP,1000.0,1000.0,1000.0,61400.0,-9.67764617615222,23.623423976898195,1450478.232181549,BREAKOUT,13.382091522216797,0.0,NONE,0.0,1.9011406844106464,8.047693197522124,1.9011406844106464,-1.2025366696548467,LOSS,False,True
151.0,88.0,1.0,157.0178680419922,29.0,427.46297097778285,127.0,1000.0,0.5639563798904419,2.173309326171875,721100.0,0.7271202206611633,130.7477264404297,155.98373413085938,175.6117401123047,2022-04-07,2022-03-04,COR,TP1,1000.0,1000.0,1000.0,721100.0,10.360088511315064,142.27776559448245,102596496.7701813,BREAKOUT,4.144716262817383,0.0,NONE,0.0,34.48275862068966,24.2362244561612,34.48275862068966,0.42746297097778285,WIN,False,False
154.0,159.0,0.0,1115.244384765625,10.0,-994.360551757813,140.0,1000.0,0.7355715036392212,7.901560306549072,604500.0,0.8795903325080872,1115.244384765625,1333.9569091796875,1504.0667724609375,2022-04-12,2022-03-23,MELI,STOP,1000.0,1000.0,1000.0,604500.0,-8.186190532596202,1214.6804399414063,734274325.9445801,BREAKOUT,14.399662971496582,0.55,VCP,0.2,100.0,8.232617955453682,100.0,-0.994360551757813,LOSS,False,False
155.0,166.0,0.0,9.061407089233398,1246.0,-1064.5417770462025,127.0,1000.0,0.7792601585388184,1.6143769025802612,77100.0,0.7676253318786621,9.095563888549805,10.900260925292969,12.303914070129395,2022-04-13,2022-03-04,MMUS,STOP,1000.0,1000.0,1000.0,77100.0,-8.616244736787277,9.915774486541746,764506.2129123686,BREAKOUT,1.274156928062439,0.0,NONE,0.0,0.8025682182985554,8.093853076104612,0.8025682182985554,-1.0645417770462025,LOSS,False,True
157.0,34.0,3.0,6.910860538482666,728.0,516.1801118850708,105.0,1000.0,0.9759000539779663,4.266729354858398,1131400.0,0.9692400097846985,5.720462322235107,6.772422790527344,7.590613842010498,2022-04-18,2022-02-01,ARCO,RUNNER,1000.0,1000.0,1000.0,1131400.0,11.432747086270812,6.20182192325592,7016741.323971748,BREAKOUT,17.768590927124023,0.9,POCKET_PIVOT,0.3,1.3736263736263736,22.148755488697226,1.3736263736263736,0.5161801118850708,WIN,False,False
157.0,135.0,0.0,3.4100000858306885,3378.0,-1036.4377995042798,156.0,1000.0,0.8798201680183411,4.012248992919922,4901500.0,0.5887163877487183,3.4140000343322754,4.079999923706055,4.5980000495910645,2022-04-18,2022-04-14,IAG,STOP,1000.0,1000.0,1000.0,4901500.0,-8.254904712221167,3.716820038318634,18217993.417818785,BREAKOUT,6.015145301818848,0.0,NONE,0.0,0.2960331557134399,7.964688972333336,0.2960331557134399,-1.03643779950428,LOSS,False,True
159.0,1.0,2.0,48.97356414794922,103.0,979.636207748413,119.0,1000.0,1.4262837171554565,2.769246816635132,694700.0,0.5941662192344666,36.16159439086914,43.36832809448242,48.97356414794922,2022-04-20,2022-02-22,ABM,TP2,1000.0,1000.0,1000.0,694700.0,24.10142081361343,39.46253300476074,27414621.67840729,BREAKOUT,2.375418186187744,0.7,CUP_AND_HANDLE,0.3,9.70873786407767,24.60241937056197,9.70873786407767,0.979636207748413,WIN,False,False
160.0,169.0,0.0,62.470359802246094,175.0,-1505.833169937134,158.0,1000.0,0.6837372779846191,5.21032190322876,6319500.0,0.6469455361366272,65.26179504394531,78.0606689453125,88.01534271240234,2022-04-21,2022-04-19,MOS,STOP,1000.0,1000.0,1000.0,6319500.0,-12.106572422877857,71.07512077331543,449159225.72696686,BREAKOUT,10.627199172973633,0.0,NONE,0.0,5.714285714285714,8.039783333623395,5.714285714285714,-1.5058331699371341,LOSS,False,True
161.0,142.0,3.0,3.490928888320923,1466.0,797.9386616125104,101.0,1000.0,1.189884066581726,2.720595359802246,52317976.0,0.33103886246681213,2.7076494693756104,3.229651927947998,3.6356539726257324,2022-04-22,2022-01-26,ITUB,RUNNER,1000.0,1000.0,1000.0,52317976.0,18.471815357330886,2.9466323933601384,154161842.83663827,BREAKOUT,9.820935249328613,0.0,NONE,0.0,0.6821282401091405,23.149417675792535,0.6821282401091405,0.7979386616125104,WIN,False,False
161.0,170.0,0.0,265.6949768066406,42.0,-1059.115192016601,140.0,1000.0,0.786332368850708,3.3012375831604004,27599700.0,0.9685373902320862,266.7956848144531,319.8617858886719,361.1354064941406,2022-04-22,2022-03-23,MSFT,STOP,1000.0,1000.0,1000.0,27599700.0,-8.668266668834212,290.91200518798826,8029084069.58692,BREAKOUT,2.6200754642486572,0.7,CUP_AND_HANDLE,0.3,23.80952380952381,8.18444181914666,23.80952380952381,-1.059115192016601,LOSS,False,True
162.0,99.0,0.0,14.99481201171875,756.0,-1056.3581909179682,158.0,1000.0,0.7769838571548462,3.7107698917388916,9020200.0,0.464299738407135,15.040755271911621,18.013830184936523,20.326221466064453,2022-04-25,2022-04-19,CVE,STOP,1000.0,1000.0,1000.0,9020200.0,-8.524217391959994,16.392111206054686,147860121.5008545,BREAKOUT,6.159640789031982,0.0,NONE,0.0,1.3227513227513228,8.069438439770611,1.3227513227513228,-1.0563581909179682,LOSS,False,True
164.0,102.0,0.0,24.733701705932617,463.0,-1024.2382256660467,131.0,1000.0,1.2273694276809692,2.736286163330078,1407400.0,0.7085056304931641,24.73757553100586,29.59495735168457,33.372920989990234,2022-04-27,2022-03-10,DEI,STOP,1000.0,1000.0,1000.0,1407400.0,-8.209706458901305,26.94587929916382,37923630.52564316,BREAKOUT,3.929797649383545,0.0,NONE,0.0,2.159827213822894,8.015426736844017,2.159827213822894,-1.0242382256660467,LOSS,False,True
165.0,194.0,0.0,264.6955871582031,42.0,-999.759819946289,156.0,1000.0,1.015856385231018,2.1483936309814453,1685900.0,0.36415228247642517,264.6955871582031,317.06298828125,357.793212890625,2022-04-28,2022-04-14,VRTX,STOP,1000.0,1000.0,1000.0,1685900.0,-8.250903074424409,288.4993923950195,486381125.6387634,BREAKOUT,8.451431274414062,0.8,POCKET_PIVOT,0.3,23.80952380952381,8.252885252847708,23.80952380952381,-0.9997598199462889,LOSS,False,False
166.0,31.0,0.0,19.440000534057617,393.0,-875.9493007164001,131.0,1000.0,1.88739013671875,5.135814666748047,184700.0,0.8796899318695068,19.923599243164062,23.762998580932617,26.74919891357422,2022-04-29,2022-03-10,APEX,STOP,1000.0,1000.0,1000.0,184700.0,-10.286081763300484,21.668879161834717,4002241.9811908724,BREAKOUT,11.982601165771484,0.0,NONE,0.0,2.544529262086514,11.742782093538922,2.544529262086514,-0.8759493007164001,LOSS,False,False
166.0,106.0,0.0,36.13039779663086,303.0,-1018.6439338760382,163.0,1000.0,1.2881323099136353,4.833323955535889,1318500.0,0.6704174280166626,36.13039779663086,43.53199768066406,49.28879928588867,2022-04-29,2022-04-26,EB,STOP,1000.0,1000.0,1000.0,1318500.0,-8.512709214548716,39.49225896453858,52070543.44474412,BREAKOUT,6.403936386108398,0.0,NONE,0.0,3.3003300330033003,8.356903655389218,3.3003300330033003,-1.0186439338760382,LOSS,False,True
166.0,107.0,0.0,36.13039779663086,303.0,-1018.6439338760382,163.0,1000.0,1.2881323099136353,4.833323955535889,1318500.0,0.6704174280166626,36.13039779663086,43.53199768066406,49.28879928588867,2022-04-29,2022-04-26,EBBGF,STOP,1000.0,1000.0,1000.0,1318500.0,-8.512709214548716,39.49225896453858,52070543.44474412,BREAKOUT,6.403936386108398,0.0,NONE,0.0,3.3003300330033003,8.356903655389218,3.3003300330033003,-1.0186439338760382,LOSS,False,True
167.0,155.0,0.0,167.92916870117188,70.0,-1012.6381964111323,158.0,1000.0,1.4161877632141113,2.672071933746338,2961100.0,0.6793988943099976,167.92916870117188,199.72256469726562,224.45077514648438,2022-05-02,2022-04-19,MAR,STOP,1000.0,1000.0,1000.0,2961100.0,-7.9312623434755185,182.39542864990233,540091103.7752258,BREAKOUT,9.295438766479492,0.9,CUP_AND_HANDLE,0.3,14.285714285714286,7.832276494788093,14.285714285714286,-1.0126381964111324,LOSS,False,True
169.0,100.0,0.0,21.63467788696289,588.0,-1025.221151641845,169.0,1000.0,2.7901127338409424,5.705244541168213,1741700.0,0.5055487155914307,21.63467788696289,25.46036148071289,28.43589210510254,2022-05-04,2022-05-04,CVIIW,STOP,1000.0,1000.0,1000.0,1741700.0,-7.45810012349803,23.378251274108884,40717900.24411544,BREAKOUT,22.71593475341797,0.0,NONE,0.0,1.7006802721088434,7.274625685935394,1.7006802721088434,-1.025221151641845,LOSS,False,True
170.0,1.0,3.0,43.151485443115234,107.0,395.9638357467648,119.0,1000.0,1.4262837171554565,2.769246816635132,694700.0,0.5941662192344666,36.16159439086914,43.36832809448242,48.97356414794922,2022-05-05,2022-02-22,ABM,RUNNER,1000.0,1000.0,1000.0,694700.0,9.380261646532288,39.45088884735108,27406532.482254796,BREAKOUT,2.375418186187744,0.7,CUP_AND_HANDLE,0.3,9.345794392523365,23.68969284490756,9.345794392523365,0.3959638357467648,WIN,False,False
170.0,99.0,1.0,18.61452865600586,232.0,401.83968060302743,166.0,1000.0,1.4323691129684448,4.4839606285095215,16067600.0,0.4254041314125061,15.429795265197754,18.61452865600586,21.091543197631836,2022-05-05,2022-04-29,CVE,TP1,1000.0,1000.0,1000.0,16067600.0,10.259568092067578,16.882461067199706,271260631.443338,BREAKOUT,6.021042823791504,0.0,NONE,0.0,4.310344827586207,25.531495736487216,4.310344827586207,0.40183968060302744,WIN,False,False
173.0,115.0,0.0,7.026800155639648,1604.0,-1022.1546782226557,171.0,1000.0,2.9804470539093018,3.8510708808898926,1151600.0,0.5535000562667847,7.026800155639648,8.428999900817871,9.519599914550781,2022-05-10,2022-05-06,EZPW,STOP,1000.0,1000.0,1000.0,1151600.0,-8.314836577911377,7.66405369567871,8825924.235943602,BREAKOUT,7.391031265258789,0.9,POCKET_PIVOT,0.3,0.6234413965087282,8.134616761104487,0.6234413965087282,-1.0221546782226556,LOSS,False,True
181.0,162.0,0.0,134.46519470214844,88.0,-1016.7287404785166,167.0,1000.0,3.82415771484375,4.093916893005371,2604500.0,0.8281580209732056,134.46519470214844,159.8560028076172,179.60440063476562,2022-05-20,2022-05-02,MHI1,STOP,1000.0,1000.0,1000.0,2604500.0,-7.912491658748825,146.01893038940432,380306304.19920355,BREAKOUT,14.745257377624512,0.0,NONE,0.0,11.363636363636363,7.782303522791009,11.363636363636363,-1.0167287404785166,LOSS,False,True
187.0,99.0,2.0,21.120349884033203,233.0,986.2603816299439,166.0,1000.0,1.4323691129684448,4.4839606285095215,16067600.0,0.4254041314125061,15.429795265197754,18.61452865600586,21.091543197631836,2022-05-31,2022-04-29,CVE,TP2,1000.0,1000.0,1000.0,16067600.0,25.065190316827024,16.88747270965576,271341156.5096649,BREAKOUT,6.021042823791504,0.0,NONE,0.0,4.291845493562231,25.41437411832666,4.291845493562231,0.9862603816299439,WIN,False,False
192.0,122.0,0.0,22.83819007873535,479.0,-1020.0618207206734,166.0,1000.0,3.2937891483306885,4.370133876800537,141600.0,0.7171468138694763,22.83819007873535,27.526939392089844,31.173744201660156,2022-06-07,2022-04-29,GCBC,STOP,1000.0,1000.0,1000.0,141600.0,-8.529262434448484,24.967755466461185,3535434.174050904,BREAKOUT,4.0102057456970215,0.9,POCKET_PIVOT,0.3,2.0876826722338206,8.361515215247016,2.0876826722338206,-1.0200618207206733,LOSS,False,True
193.0,196.0,1.0,92.07089233398438,49.0,430.52131829834013,183.0,1000.0,0.8500867486000061,3.513911485671997,27239300.0,0.24687010049819946,76.48847198486328,91.36576843261719,102.93699645996094,2022-06-08,2022-05-24,XOM,TP1,1000.0,1000.0,1000.0,27239300.0,10.549530488478897,83.28474298095702,2268618099.4811826,BREAKOUT,6.542112350463867,0.0,NONE,0.0,20.408163265306122,24.504083863202208,20.408163265306122,0.4305213182983401,WIN,False,False
195.0,47.0,0.0,2.920356512069702,3930.0,-1255.5559165906905,183.0,1000.0,0.8888540267944336,3.3463363647460938,35013400.0,0.6757442951202393,2.9795985221862793,3.551992177963257,3.997187376022339,2022-06-10,2022-05-24,BBDC,STOP,1000.0,1000.0,1000.0,35013400.0,-9.860987983016873,3.2398363890647888,113437687.42488107,BREAKOUT,12.221938133239746,0.0,NONE,0.0,0.2544529262086514,7.853881975876622,0.2544529262086514,-1.2555559165906904,LOSS,False,True
197.0,186.0,0.0,15.743589401245117,744.0,-1053.2237937927243,183.0,1000.0,0.894137442111969,2.4587252140045166,46775100.0,0.4474163353443146,15.784704208374023,18.806501388549805,21.156789779663086,2022-06-14,2022-05-24,T,STOP,1000.0,1000.0,1000.0,46775100.0,-8.249931957273407,17.15921277999878,802623893.7057209,BREAKOUT,6.540438652038574,0.55,VCP,0.2,1.3440860215053763,7.833028465455465,1.3440860215053763,-1.0532237937927242,LOSS,False,True
199.0,132.0,0.0,164.40509033203125,64.0,-1314.1698281249996,166.0,1000.0,1.4047755002975464,2.4719693660736084,501969.0,0.9001545906066895,169.2101287841797,203.86026000976562,230.8103485107422,2022-06-16,2022-04-29,HUBB,STOP,1000.0,1000.0,1000.0,501969.0,-11.10306871029402,184.93899389648436,92833641.82722436,BREAKOUT,3.7545745372772217,0.9,CUP_AND_HANDLE,0.3,15.625,8.448732022812756,15.625,-1.3141698281249996,LOSS,False,True
200.0,99.0,3.0,17.409194946289062,241.0,127.52383570861815,166.0,1000.0,1.4323691129684448,4.4839606285095215,16067600.0,0.4254041314125061,15.429795265197754,18.61452865600586,21.091543197631836,2022-06-17,2022-04-29,CVE,RUNNER,1000.0,1000.0,1000.0,16067600.0,3.1347332145150277,16.880050399780274,271221897.80350953,BREAKOUT,6.021042823791504,0.0,NONE,0.0,4.149377593360996,24.581547418928373,4.149377593360996,0.12752383570861814,WIN,False,False
200.0,196.0,0.0,75.81169128417969,102.0,-758.9343960571282,183.0,1000.0,0.8500867486000061,3.513911485671997,27239300.0,0.24687010049819946,76.48847198486328,91.36576843261719,102.93699645996094,2022-06-17,2022-05-24,XOM,STOP,1000.0,1000.0,1000.0,27239300.0,-8.937338710546976,83.25222457885741,2267732320.9708705,BREAKOUT,6.542112350463867,0.0,NONE,0.0,9.803921568627452,11.776167685874954,9.803921568627452,-0.7589343960571282,LOSS,False,False
204.0,129.0,0.0,15.971600532531738,770.0,-1024.3642072486884,204.0,1000.0,1.9534329175949097,7.108987808227539,1853300.0,1.0,15.971600532531738,18.89299964904785,21.16520118713379,2022-06-24,2022-06-24,HCAT,STOP,1000.0,1000.0,1000.0,1853300.0,-7.688980801981506,17.301943658828737,32065692.1829073,BREAKOUT,22.282804489135742,0.55,POCKET_PIVOT,0.2,1.2987012987012987,7.506100611064034,1.2987012987012987,-1.0243642072486885,LOSS,False,True
206.0,2.0,0.0,2.6064000129699707,4280.0,-1022.1183612442017,204.0,1000.0,1.2209967374801636,7.414766311645508,1222700.0,0.4385000169277191,2.6064000129699707,3.131999969482422,3.540799856185913,2022-06-28,2022-06-24,ABUS,STOP,1000.0,1000.0,1000.0,1222700.0,-8.393491988623678,2.8452127141952515,3478841.585646534,BREAKOUT,9.31485366821289,0.8,POCKET_PIVOT,0.3,0.2336448598130841,8.21185912207513,0.2336448598130841,-1.0221183612442017,LOSS,False,True
231.0,53.0,1.0,3.847791910171509,1255.0,562.0341967129706,204.0,1000.0,0.806778609752655,4.186762809753418,1661500.0,0.6231051683425903,3.129408597946167,3.720824956893921,4.18081521987915,2022-08-03,2022-06-24,BGC2,TP1,1000.0,1000.0,1000.0,1661500.0,13.171818308921027,3.399955896854401,5649026.722623587,BREAKOUT,8.208377838134766,0.0,NONE,0.0,0.796812749003984,23.435973088391698,0.796812749003984,0.5620341967129706,WIN,False,False
235.0,24.0,0.0,96.52611541748047,118.0,-1325.6785244445796,232.0,1000.0,0.9976329207420349,3.674548864364624,6088000.0,1.0,99.12105560302734,118.12583923339844,132.90733337402344,2022-08-09,2022-08-04,AMAT,STOP,1000.0,1000.0,1000.0,6088000.0,-10.42547601922663,107.76067918395995,656047014.8719481,BREAKOUT,11.683184623718262,0.7,POCKET_PIVOT,0.3,8.474576271186441,7.8642565501274895,8.474576271186441,-1.3256785244445797,LOSS,False,True
235.0,152.0,0.0,45.14729309082031,247.0,-1505.9073808593753,232.0,1000.0,1.515694499015808,4.091517925262451,22118000.0,1.0,47.1165771484375,56.20030212402344,63.26542282104492,2022-08-09,2022-08-04,LRCX,STOP,1000.0,1000.0,1000.0,22118000.0,-11.897550950389933,51.244084106445314,1133416652.2663574,BREAKOUT,15.909847259521484,0.65,POCKET_PIVOT,0.2,4.048582995951417,7.900586119446712,4.048582995951417,-1.5059073808593753,LOSS,False,True
236.0,8.0,2.0,234.16676330566406,21.0,948.6267726745605,26.0,1000.0,0.9675381183624268,1.703314185142517,1439600.0,0.9347744584083557,173.34051513671875,207.50723266601562,234.0813446044922,2022-08-10,2021-10-08,ADP,TP2,1000.0,1000.0,1000.0,1439600.0,23.901652516353117,188.9940598449707,272075848.55281985,BREAKOUT,2.616682529449463,0.8,FLAT_BASE,0.3,47.61904761904762,25.196055187188893,47.61904761904762,0.9486267726745605,WIN,False,False
244.0,59.0,0.0,58.197330474853516,195.0,-1033.7186683273317,204.0,1000.0,1.2553573846817017,3.2922744750976562,821600.0,0.23361986875534058,58.25777053833008,69.78741455078125,78.75492095947266,2022-08-22,2022-06-24,BRL,STOP,1000.0,1000.0,1000.0,821600.0,-8.348426176571742,63.498451850891115,52170328.04069214,BREAKOUT,3.171431541442871,0.0,NONE,0.0,5.128205128205129,8.076110485728577,5.128205128205129,-1.0337186683273316,LOSS,False,True
249.0,9.0,0.0,204.4647979736328,57.0,-1019.3956416320798,232.0,1000.0,1.0660216808319092,3.3692574501037598,1562500.0,1.0,204.4647979736328,243.78399658203125,274.3656005859375,2022-08-29,2022-08-04,ADSK,STOP,1000.0,1000.0,1000.0,1562500.0,-8.043274100689747,222.3489320373535,347420206.30836487,BREAKOUT,13.938672065734863,0.55,POCKET_PIVOT,0.2,17.54385964912281,7.8902378744843835,17.54385964912281,-1.0193956416320797,LOSS,False,True
251.0,156.0,0.0,7.0,1516.0,-2750.0242891540524,250.0,1000.0,4.025109767913818,9.48877239227295,103715.0,0.4599747061729431,8.140800476074219,9.624000549316406,10.777600288391113,2022-08-31,2022-08-30,MBAI,STOP,1000.0,1000.0,1000.0,103715.0,-20.58089575085001,8.814000190734863,914144.0297820662,BREAKOUT,24.469593048095703,0.75,POCKET_PIVOT,0.3,0.6596306068601583,7.483895990308141,0.6596306068601583,-2.7500242891540525,LOSS,False,True
252.0,100.0,0.0,24.59075355529785,470.0,-1245.5959869003298,245.0,1000.0,0.9564832448959351,5.355926036834717,788300.0,0.11821828037500381,25.065282821655273,29.84989356994629,33.571258544921875,2022-09-01,2022-08-23,CVIIW,STOP,1000.0,1000.0,1000.0,788300.0,-9.728748337645348,27.24095778274536,21474047.020138167,BREAKOUT,10.797412872314453,0.0,NONE,0.0,2.127659574468085,7.810516764633589,2.127659574468085,-1.2455959869003297,LOSS,False,True
253.0,8.0,3.0,221.1909942626953,23.0,741.1263769836428,26.0,1000.0,0.9675381183624268,1.703314185142517,1439600.0,0.9347744584083557,173.34051513671875,207.50723266601562,234.0813446044922,2022-09-02,2021-10-08,ADP,RUNNER,1000.0,1000.0,1000.0,1439600.0,17.052023351729012,188.96810830688474,272038488.7185913,BREAKOUT,2.616682529449463,0.8,FLAT_BASE,0.3,43.47826086956522,23.00825322279059,43.47826086956522,0.7411263769836428,WIN,False,False
267.0,130.0,0.0,3.7300000190734863,2729.0,-1766.9179757432942,250.0,1000.0,0.9374544620513916,4.940500259399414,1382300.0,0.7927767634391785,4.003600120544434,4.828000068664551,5.4691996574401855,2022-09-23,2022-08-30,HLX,STOP,1000.0,1000.0,1000.0,1382300.0,-14.790766413508964,4.377459885597229,6050962.79986105,BREAKOUT,5.491849899291992,0.0,NONE,0.0,0.36643459142543056,8.370941162272622,0.36643459142543056,-1.7669179757432942,LOSS,False,True
267.0,196.0,0.0,76.21939849853516,140.0,-1335.4286508178714,250.0,1000.0,1.2520796060562134,2.6248433589935303,23059200.0,0.510189950466156,78.4863510131836,94.50496673583984,106.96388244628906,2022-09-23,2022-08-30,XOM,STOP,1000.0,1000.0,1000.0,23059200.0,-11.122876768836466,85.75817457580567,1977514899.1784182,BREAKOUT,3.110867977142334,0.0,NONE,0.0,7.142857142857143,8.329068544414081,7.142857142857143,-1.3354286508178714,LOSS,False,True
271.0,53.0,0.0,3.129408597946167,2549.0,-685.9627467913625,204.0,1000.0,0.806778609752655,4.186762809753418,1661500.0,0.6231051683425903,3.129408597946167,3.720824956893921,4.18081521987915,2022-09-29,2022-06-24,BGC2,STOP,1000.0,1000.0,1000.0,1661500.0,-7.918464542101147,3.39851913022995,5646639.534877062,BREAKOUT,8.208377838134766,0.0,NONE,0.0,0.39231071008238527,11.543578101202003,0.39231071008238527,-0.6859627467913625,LOSS,False,False
280.0,47.0,0.0,2.911198616027832,3927.0,-1193.8243734855648,274.0,1000.0,1.9147924184799194,3.231611728668213,52604500.0,0.6321772933006287,2.9547643661499023,3.5276503562927246,3.9732284545898438,2022-10-12,2022-10-04,BBDC,STOP,1000.0,1000.0,1000.0,52604500.0,-9.455209818673909,3.215202785491943,169134134.92941093,BREAKOUT,8.646865844726562,0.0,NONE,0.0,0.2546473134708429,7.920101171219921,0.2546473134708429,-1.193824373485565,LOSS,False,True
280.0,173.0,0.0,9.717028617858887,1179.0,-1029.4370492877956,176.0,1000.0,0.7095644474029541,1.4388610124588013,99300.0,0.5189143419265747,9.722640991210938,11.630861282348633,13.115031242370605,2022-10-12,2022-05-13,MUJ,STOP,1000.0,1000.0,1000.0,99300.0,-8.244853452271052,10.59017284965515,1051604.1639707563,BREAKOUT,1.5411421060562134,0.0,NONE,0.0,0.8481764206955047,8.009089490197734,0.8481764206955047,-1.0294370492877956,LOSS,False,True
287.0,33.0,0.0,95.96800231933594,114.0,-1019.6085792846683,272.0,1000.0,1.2690019607543945,3.6968743801116943,124800.0,0.546786904335022,95.96800231933594,115.66000366210938,130.9759979248047,2022-10-21,2022-09-30,APPHQ,STOP,1000.0,1000.0,1000.0,124800.0,-8.525183256119902,104.9119372253418,13093009.765722657,BREAKOUT,3.812678337097168,0.0,NONE,0.0,8.771929824561404,8.36123138753987,8.771929824561404,-1.0196085792846683,LOSS,False,True
292.0,117.0,1.0,43.65748977661133,103.0,467.78586542510965,282.0,1000.0,0.7776404023170471,2.7504420280456543,160400.0,0.18449829518795013,35.8346061706543,43.02101135253906,48.61043930053711,2022-10-28,2022-10-14,FIZZ,TP1,1000.0,1000.0,1000.0,160400.0,11.610656362078227,39.11587943267823,6274187.061001588,BREAKOUT,3.288585901260376,0.0,NONE,0.0,9.70873786407767,24.82045145063717,9.70873786407767,0.46778586542510964,WIN,False,False
301.0,142.0,0.0,3.399939775466919,3241.0,-1499.3713912110322,274.0,1000.0,1.4400548934936523,3.1671624183654785,69190496.0,0.210244819521904,3.54730486869812,4.241342544555664,4.781149864196777,2022-11-10,2022-10-04,ITUB,STOP,1000.0,1000.0,1000.0,69190496.0,-11.977171899084764,3.862565937519073,267252853.0496497,BREAKOUT,8.826249122619629,0.0,NONE,0.0,0.308546744831842,7.988128871400487,0.308546744831842,-1.4993713912110322,LOSS,False,True
301.0,190.0,1.0,170.39321899414062,26.0,420.7037005615232,293.0,1000.0,0.8950226902961731,3.31154727935791,1125500.0,0.9197190403938293,141.46078491210938,169.38494873046875,191.10374450683594,2022-11-10,2022-10-31,TT,TP1,1000.0,1000.0,1000.0,1125500.0,10.492620095821538,154.21230743408205,173565952.01705936,BREAKOUT,6.577036380767822,0.7,CUP_AND_HANDLE,0.3,38.46153846153846,24.94064131553107,38.46153846153846,0.4207037005615232,WIN,False,False
305.0,117.0,2.0,50.15291976928711,103.0,1135.477096092224,282.0,1000.0,0.7776404023170471,2.7504420280456543,160400.0,0.18449829518795013,35.8346061706543,43.02101135253906,48.61043930053711,2022-11-16,2022-10-14,FIZZ,TP2,1000.0,1000.0,1000.0,160400.0,28.173697308839696,39.12887029266358,6276270.794943238,BREAKOUT,3.288585901260376,0.0,NONE,0.0,9.70873786407767,24.81221101315056,9.70873786407767,1.135477096092224,WIN,False,False
309.0,194.0,1.0,321.4800109863281,14.0,396.0188843994144,204.0,1000.0,1.6487789154052734,3.0082759857177734,2746000.0,0.2545546293258667,269.8699951171875,320.8999938964844,360.5899963378906,2022-11-22,2022-06-24,VRTX,TP1,1000.0,1000.0,1000.0,2746000.0,9.647934366157088,293.19294781494136,805107834.699829,BREAKOUT,9.765175819396973,0.7,POCKET_PIVOT,0.3,71.42857142857143,24.362308834814126,71.42857142857143,0.3960188843994144,WIN,False,False
325.0,117.0,3.0,44.609405517578125,107.0,587.6035811157228,282.0,1000.0,0.7776404023170471,2.7504420280456543,160400.0,0.18449829518795013,35.8346061706543,43.02101135253906,48.61043930053711,2022-12-15,2022-10-14,FIZZ,RUNNER,1000.0,1000.0,1000.0,160400.0,14.0386846982953,39.11778326416015,6274492.435571289,BREAKOUT,3.288585901260376,0.0,NONE,0.0,9.345794392523365,23.891421273572046,9.345794392523365,0.5876035811157229,WIN,False,False
326.0,121.0,0.0,32.77912521362305,352.0,-1021.1318020019528,293.0,1000.0,1.3023256063461304,2.575941801071167,64400.0,1.0,32.77912521362305,39.15873718261719,44.12065887451172,2022-12-16,2022-10-31,GABC,STOP,1000.0,1000.0,1000.0,64400.0,-8.130429103739022,35.680067832946776,2297796.368441772,BREAKOUT,4.727240562438965,0.9,CUP_AND_HANDLE,0.3,2.840909090909091,7.962174018867227,2.840909090909091,-1.0211318020019529,LOSS,False,True
330.0,8.0,0.0,223.8596649169922,51.0,-1080.39575857544,310.0,1000.0,0.7549484968185425,2.5433332920074463,1267400.0,1.0,225.07394409179688,268.99896240234375,303.1628723144531,2022-12-22,2022-11-23,ADP,STOP,1000.0,1000.0,1000.0,1267400.0,-8.645075821636054,245.04389547729494,310568633.1279236,BREAKOUT,6.049431324005127,0.8,CUP_AND_HANDLE,0.3,19.607843137254903,8.00176764210464,19.607843137254903,-1.08039575857544,LOSS,False,True
336.0,46.0,1.0,3.149080514907837,1457.0,403.08266145849245,331.0,1000.0,1.0795536041259766,5.313467502593994,716300.0,0.45661765336990356,2.6397693157196045,3.149080514907837,3.5452115535736084,2023-01-03,2022-12-23,BBAR,TP1,1000.0,1000.0,1000.0,716300.0,9.63131104442433,2.872428036212921,2057520.2023393153,BREAKOUT,17.264245986938477,0.0,NONE,0.0,0.6863417982155113,23.8941337977052,0.6863417982155113,0.4030826614584925,WIN,False,False
336.0,135.0,1.0,2.7039999961853027,1690.0,403.2204090976715,331.0,1000.0,1.6567598581314087,6.071410179138184,10534400.0,0.47039708495140076,2.2648000717163086,2.7039999961853027,3.045599937438965,2023-01-03,2022-12-23,IAG,TP1,1000.0,1000.0,1000.0,10534400.0,9.677584982079726,2.4654080381393433,25971594.4369751,BREAKOUT,17.422435760498047,0.0,NONE,0.0,0.591715976331361,24.000732015862663,0.591715976331361,0.4032204090976715,WIN,False,False
338.0,97.0,0.0,21.593923568725586,523.0,-1021.9969825935369,282.0,1000.0,1.0403960943222046,2.24796462059021,707100.0,0.29481041431427,21.593923568725586,25.89348793029785,29.237594604492188,2023-01-05,2022-10-14,CVAT,STOP,1000.0,1000.0,1000.0,707100.0,-8.298380957088805,23.54802869796753,16650811.092332842,BREAKOUT,3.20548152923584,0.0,NONE,0.0,1.9120458891013383,8.11977050659179,1.9120458891013383,-1.0219969825935369,LOSS,False,True
342.0,46.0,2.0,3.6145081520080566,1457.0,1079.854472579002,331.0,1000.0,1.0795536041259766,5.313467502593994,716300.0,0.45661765336990356,2.6397693157196045,3.149080514907837,3.5452115535736084,2023-01-11,2022-12-23,BBAR,TP2,1000.0,1000.0,1000.0,716300.0,25.7938283559611,2.873358891487122,2058186.9739722256,BREAKOUT,17.264245986938477,0.0,NONE,0.0,0.6863417982155113,23.8863930380897,0.6863417982155113,1.079854472579002,WIN,False,False
359.0,187.0,0.0,35.09543991088867,327.0,-1020.0352233352666,339.0,1000.0,0.8131064176559448,3.578735589981079,5602600.0,0.26796042919158936,35.09543991088867,41.95610046386719,47.29216766357422,2023-02-06,2023-01-06,TCOM,STOP,1000.0,1000.0,1000.0,5602600.0,-8.162734476686397,38.214813682556155,214102315.13788912,BREAKOUT,9.699210166931152,0.0,NONE,0.0,3.058103975535168,8.002404515009045,3.058103975535168,-1.0200352233352665,LOSS,False,True
362.0,59.0,1.0,73.69223022460938,58.0,399.2049056396485,339.0,1000.0,1.8366812467575073,2.721200942993164,982000.0,0.29566049575805664,61.03782272338867,73.69223022460938,83.53453826904297,2023-02-09,2023-01-06,BRL,TP1,1000.0,1000.0,1000.0,982000.0,10.302209775130418,66.80938702392578,65606818.05749512,BREAKOUT,0.7791372537612915,0.0,NONE,0.0,17.24137931034483,25.806821583575296,17.24137931034483,0.3992049056396485,WIN,False,False
370.0,135.0,0.0,2.25,3432.0,-736.1641309204105,331.0,1000.0,1.6567598581314087,6.071410179138184,10534400.0,0.47039708495140076,2.2648000717163086,2.7039999961853027,3.045599937438965,2023-02-22,2022-12-23,IAG,STOP,1000.0,1000.0,1000.0,10534400.0,-8.70359240522685,2.464500038146973,25962029.20185547,BREAKOUT,17.422435760498047,0.0,NONE,0.0,0.2913752913752914,11.822896606419729,0.2913752913752914,-0.7361641309204104,LOSS,False,False
383.0,46.0,3.0,3.4552793502807617,1503.0,875.1050913448332,331.0,1000.0,1.0795536041259766,5.313467502593994,716300.0,0.45661765336990356,2.6397693157196045,3.149080514907837,3.5452115535736084,2023-03-13,2022-12-23,BBAR,RUNNER,1000.0,1000.0,1000.0,716300.0,20.265601191349962,2.8730404338836673,2057958.862790871,BREAKOUT,17.264245986938477,0.0,NONE,0.0,0.6653359946773121,23.15790570959477,0.6653359946773121,0.8751050913448333,WIN,False,False
386.0,117.0,1.0,48.5477294921875,94.0,463.7140684204104,371.0,1000.0,1.0894596576690674,2.4984824657440186,123000.0,0.35674774646759033,40.02789306640625,47.879520416259766,53.98634338378906,2023-03-16,2023-02-23,FIZZ,TP1,1000.0,1000.0,1000.0,123000.0,11.310726826561442,43.61460110473632,5364595.935882567,BREAKOUT,3.5761921405792236,0.65,CUP_AND_HANDLE,0.2,10.638297872340425,24.39159731575571,10.638297872340425,0.4637140684204104,WIN,False,False
406.0,59.0,2.0,83.53453826904297,58.0,968.9170644836422,339.0,1000.0,1.8366812467575073,2.721200942993164,982000.0,0.29566049575805664,61.03782272338867,73.69223022460938,83.53453826904297,2023-04-14,2023-01-06,BRL,TP2,1000.0,1000.0,1000.0,982000.0,24.997304644623743,66.82907164001466,65626148.3504944,BREAKOUT,0.7791372537612915,0.0,NONE,0.0,17.24137931034483,25.79922014062718,17.24137931034483,0.9689170644836422,WIN,False,False
418.0,59.0,3.0,77.47042846679688,61.0,649.8625878295899,339.0,1000.0,1.8366812467575073,2.721200942993164,982000.0,0.29566049575805664,61.03782272338867,73.69223022460938,83.53453826904297,2023-05-02,2023-01-06,BRL,RUNNER,1000.0,1000.0,1000.0,982000.0,15.944286734811136,66.81694342041015,65614238.43884277,BREAKOUT,0.7791372537612915,0.0,NONE,0.0,16.39344262295082,24.534858650752373,16.39344262295082,0.6498625878295898,WIN,False,False
4.0,73.0,1.0,42.76333236694336,118.0,831.6409468231199,2.0,1000.0,1.271286964416504,3.7791616916656494,3216000.0,0.5694491863250732,32.849735260009766,39.1053352355957,43.970802307128906,2023-05-10,2023-05-08,CELH,TP1,1000.0,1000.0,1000.0,3216000.0,19.733166724601027,35.715527732849125,114861137.18884279,BREAKOUT,14.365503311157227,0.0,NONE,0.0,8.474576271186441,23.727988382464822,8.474576271186441,0.8316409468231198,WIN,False,False
6.0,73.0,2.0,43.970802307128906,118.0,973.8374368591309,2.0,1000.0,1.271286964416504,3.7791616916656494,3216000.0,0.5694491863250732,32.849735260009766,39.1053352355957,43.970802307128906,2023-05-12,2023-05-08,CELH,TP2,1000.0,1000.0,1000.0,3216000.0,23.10564107797967,35.71794267272949,114868903.63549805,BREAKOUT,14.365503311157227,0.0,NONE,0.0,8.474576271186441,23.72638410010313,8.474576271186441,0.9738374368591309,WIN,False,False
6.0,124.0,1.0,3.0999999046325684,1494.0,513.6370578060149,2.0,1000.0,0.6915585398674011,6.639869213104248,3972900.0,0.6896374225616455,2.5292000770568848,3.0260000228881836,3.412400007247925,2023-05-12,2023-05-08,GETI,TP1,1000.0,1000.0,1000.0,3972900.0,12.4736922156264,2.756199999809265,10950106.97924223,BREAKOUT,14.464098930358887,0.0,NONE,0.0,0.6693440428380187,24.28503166984757,0.6693440428380187,0.5136370578060149,WIN,False,False
9.0,34.0,1.0,8.532341003417969,533.0,402.53420035552966,2.0,1000.0,1.0780556201934814,2.8756589889526367,855200.0,0.7237347960472107,7.1422224044799805,8.532341003417969,9.613543510437012,2023-05-17,2023-05-08,ARCO,TP1,1000.0,1000.0,1000.0,855200.0,9.710842786521772,7.777117362976075,6650990.768817139,BREAKOUT,5.6293559074401855,0.55,POCKET_PIVOT,0.2,1.876172607879925,24.124267647183466,1.876172607879925,0.40253420035552967,WIN,False,False
14.0,108.0,0.0,5.831381797790527,1977.0,-1189.520580041885,2.0,1000.0,1.00874662399292,1.3680071830749512,227200.0,0.5133112072944641,5.9156036376953125,7.053642749786377,7.938784122467041,2023-05-24,2023-05-08,ECC,STOP,1000.0,1000.0,1000.0,227200.0,-9.35292806590877,6.433061403274536,1461591.5508239747,BREAKOUT,3.2440545558929443,0.0,NONE,0.0,0.5058168942842691,7.8627711221099155,0.5058168942842691,-1.189520580041885,LOSS,False,True
16.0,124.0,2.0,3.412400007247925,1494.0,979.4293596067431,2.0,1000.0,0.6915585398674011,6.639869213104248,3972900.0,0.6896374225616455,2.5292000770568848,3.0260000228881836,3.412400007247925,2023-05-26,2023-05-08,GETI,TP2,1000.0,1000.0,1000.0,3972900.0,23.780082333486774,2.7568248000144955,10952589.247977588,BREAKOUT,14.464098930358887,0.0,NONE,0.0,0.6693440428380187,24.279527768122925,0.6693440428380187,0.9794293596067432,WIN,False,False
20.0,158.0,1.0,376.29998779296875,14.0,1201.583412353516,10.0,1000.0,0.9459701180458069,4.187851428985596,1559200.0,1.0,267.1199951171875,317.9700012207031,357.5199890136719,2023-06-02,2023-05-18,MDB,TP1,1000.0,1000.0,1000.0,1559200.0,29.547498195425742,290.472601196289,452904879.7852538,BREAKOUT,17.236927032470703,0.7,POCKET_PIVOT,0.3,71.42857142857143,24.590467787460284,71.42857142857143,1.201583412353516,WIN,False,False
21.0,158.0,2.0,388.57000732421875,14.0,1373.0201252441404,10.0,1000.0,0.9459701180458069,4.187851428985596,1559200.0,1.0,267.1199951171875,317.9700012207031,357.5199890136719,2023-06-05,2023-05-18,MDB,TP2,1000.0,1000.0,1000.0,1559200.0,33.76035498036507,290.4971412353516,452943142.6141602,BREAKOUT,17.236927032470703,0.7,POCKET_PIVOT,0.3,71.42857142857143,24.588390482886805,71.42857142857143,1.3730201252441405,WIN,False,False
22.0,47.0,1.0,2.7898435592651367,1662.0,407.6007608299257,2.0,1000.0,1.8485368490219116,3.237582206726074,46114200.0,0.5479190349578857,2.3405117988586426,2.7871479988098145,3.1345314979553223,2023-06-06,2023-05-08,BBDC,TP1,1000.0,1000.0,1000.0,46114200.0,9.637958596403898,2.5445964107513426,117342027.80466956,BREAKOUT,10.840522766113281,0.0,NONE,0.0,0.601684717208183,23.64558539287272,0.601684717208183,0.40760076082992575,WIN,False,False
25.0,188.0,1.0,244.39999389648438,18.0,406.8215343017579,22.0,1000.0,1.1687259674072266,3.9862027168273926,151143104.0,0.8474407196044922,203.9011993408203,243.0709991455078,273.5364074707031,2023-06-09,2023-06-06,TSLA,TP1,1000.0,1000.0,1000.0,151143104.0,10.189954409185143,221.7987975463867,33523358724.62847,BREAKOUT,18.27833366394043,0.0,NONE,0.0,55.55555555555556,25.047726214086772,55.55555555555556,0.4068215343017579,WIN,False,False
28.0,170.0,1.0,332.6134338378906,13.0,386.75469964599625,2.0,1000.0,0.9897997975349426,1.8575632572174072,28197100.0,0.6532036066055298,277.8653564453125,332.6134338378906,375.1952819824219,2023-06-14,2023-05-08,MSFT,TP1,1000.0,1000.0,1000.0,28197100.0,9.823040254687282,302.86307232666013,8539860336.702068,BREAKOUT,4.902362823486328,0.0,NONE,0.0,76.92307692307692,25.398631907197228,76.92307692307692,0.38675469964599624,WIN,False,False
30.0,176.0,1.0,123.69950103759766,36.0,399.3156513061525,22.0,1000.0,2.295395612716675,2.8650739192962646,27545000.0,0.46304887533187866,103.28839874267578,123.69950103759766,139.57479858398438,2023-06-16,2023-06-06,PANW,TP1,1000.0,1000.0,1000.0,27545000.0,9.850242047456744,112.60739961242675,3101770822.3242946,BREAKOUT,10.609604835510254,0.0,NONE,0.0,27.77777777777778,24.667808575087964,27.77777777777778,0.39931565130615254,WIN,False,False
31.0,124.0,3.0,3.1500000953674316,1540.0,606.298146572113,2.0,1000.0,0.6915585398674011,6.639869213104248,3972900.0,0.6896374225616455,2.5292000770568848,3.0260000228881836,3.412400007247925,2023-06-20,2023-05-08,GETI,RUNNER,1000.0,1000.0,1000.0,3972900.0,14.283644565158104,2.756300000190735,10950504.27075777,BREAKOUT,14.464098930358887,0.0,NONE,0.0,0.6493506493506493,23.558779860890127,0.6493506493506493,0.606298146572113,WIN,False,False
31.0,188.0,2.0,274.45001220703125,19.0,999.2311778564457,22.0,1000.0,1.1687259674072266,3.9862027168273926,151143104.0,0.8474407196044922,203.9011993408203,243.0709991455078,273.5364074707031,2023-06-20,2023-06-06,TSLA,TP2,1000.0,1000.0,1000.0,151143104.0,23.704757932616456,221.8588975830078,33532442430.713898,BREAKOUT,18.27833366394043,0.0,NONE,0.0,52.63157894736842,23.722996697789178,52.63157894736842,0.9992311778564457,WIN,False,False
39.0,34.0,2.0,9.613543510437012,534.0,979.4968384666446,2.0,1000.0,1.0780556201934814,2.8756589889526367,855200.0,0.7237347960472107,7.1422224044799805,8.532341003417969,9.613543510437012,2023-06-30,2023-05-08,ARCO,TP2,1000.0,1000.0,1000.0,855200.0,23.578837593609368,7.779279767990111,6652840.0575851435,BREAKOUT,5.6293559074401855,0.55,POCKET_PIVOT,0.2,1.8726591760299625,24.072397855332447,1.8726591760299625,0.9794968384666446,WIN,False,False
45.0,189.0,1.0,10.852710723876953,448.0,504.1799628906246,22.0,1000.0,1.2155202627182007,3.971506118774414,2238800.0,1.0,8.969304084777832,10.625978469848633,11.914502143859863,2023-07-11,2023-06-06,TSS,TP1,1000.0,1000.0,1000.0,2238800.0,11.569507049192268,9.727309020996096,21777499.436206058,BREAKOUT,13.006363868713379,0.0,NONE,0.0,2.232142857142857,22.947177398444378,2.232142857142857,0.5041799628906246,WIN,False,False
54.0,73.0,3.0,47.79999923706055,123.0,1485.150974967956,2.0,1000.0,1.271286964416504,3.7791616916656494,3216000.0,0.5694491863250732,32.849735260009766,39.1053352355957,43.970802307128906,2023-07-24,2023-05-08,CELH,RUNNER,1000.0,1000.0,1000.0,3216000.0,33.79760678614077,35.72560106658936,114893533.0301514,BREAKOUT,14.365503311157227,0.0,NONE,0.0,8.130081300813009,22.757017539492914,8.130081300813009,1.4851509749679561,WIN,False,False
60.0,188.0,3.0,261.07000732421875,20.0,784.7573950195309,22.0,1000.0,1.1687259674072266,3.9862027168273926,151143104.0,0.8474407196044922,203.9011993408203,243.0709991455078,273.5364074707031,2023-08-01,2023-06-06,TSLA,RUNNER,1000.0,1000.0,1000.0,151143104.0,17.688090724916446,221.83213757324222,33528397839.774857,BREAKOUT,18.27833366394043,0.0,NONE,0.0,50.0,22.539565523273886,50.0,0.7847573950195309,WIN,False,False
65.0,158.0,3.0,370.19000244140625,16.0,1275.673939453125,10.0,1000.0,0.9459701180458069,4.187851428985596,1559200.0,1.0,267.1199951171875,317.9700012207031,357.5199890136719,2023-08-08,2023-05-18,MDB,RUNNER,1000.0,1000.0,1000.0,1559200.0,27.449396327101265,290.46038122558593,452885826.4069336,BREAKOUT,17.236927032470703,0.7,POCKET_PIVOT,0.3,62.5,21.51756454229102,62.5,1.2756739394531251,WIN,False,False
72.0,34.0,3.0,9.230228424072266,551.0,799.89512272644,2.0,1000.0,1.0780556201934814,2.8756589889526367,855200.0,0.7237347960472107,7.1422224044799805,8.532341003417969,9.613543510437012,2023-08-17,2023-05-08,ARCO,RUNNER,1000.0,1000.0,1000.0,855200.0,18.663146292020365,7.7785131378173835,6652184.435461426,BREAKOUT,5.6293559074401855,0.55,POCKET_PIVOT,0.2,1.8148820326678765,23.33199160960888,1.8148820326678765,0.79989512272644,WIN,False,False
73.0,176.0,0.0,103.28839874267578,74.0,-686.5852212219239,22.0,1000.0,2.295395612716675,2.8650739192962646,27545000.0,0.46304887533187866,103.28839874267578,123.69950103759766,139.57479858398438,2023-08-18,2023-06-06,PANW,STOP,1000.0,1000.0,1000.0,27545000.0,-8.242392083704932,112.56657740783692,3100646374.698868,BREAKOUT,10.609604835510254,0.0,NONE,0.0,13.513513513513514,12.004907517577859,13.513513513513514,-0.6865852212219239,LOSS,False,False
86.0,169.0,0.0,34.101993560791016,339.0,-1021.2523276290887,55.0,1000.0,0.955038845539093,3.2342679500579834,3719800.0,0.8589320182800293,34.101993560791016,40.72675704956055,45.87935256958008,2023-09-07,2023-07-25,MOS,STOP,1000.0,1000.0,1000.0,3719800.0,-8.116883459867163,37.11453730010986,138058655.84894866,BREAKOUT,9.154272079467773,0.0,NONE,0.0,2.949852507374631,7.947970585008209,2.949852507374631,-1.0212523276290886,LOSS,False,True
94.0,120.0,0.0,59.01639938354492,197.0,-1018.8117226791381,87.0,1000.0,0.9456568956375122,2.2309134006500244,5440700.0,0.6467822194099426,59.01639938354492,70.38700103759766,79.23079681396484,2023-09-19,2023-09-08,FTNT,STOP,1000.0,1000.0,1000.0,5440700.0,-8.057005191057593,64.18803249359131,349227828.38788223,BREAKOUT,7.039335250854492,0.0,NONE,0.0,5.0761421319796955,7.908237618105073,5.0761421319796955,-1.0188117226791382,LOSS,False,True
95.0,73.0,0.0,60.470001220703125,182.0,-1248.6906916503901,87.0,1000.0,0.9854415655136108,3.8509340286254883,3602400.0,0.997148871421814,61.73640060424805,74.052001953125,83.63079833984375,2023-09-20,2023-09-08,CELH,STOP,1000.0,1000.0,1000.0,3602400.0,-10.189874015204959,67.33093908691406,242552974.9666992,BREAKOUT,8.450161933898926,0.65,POCKET_PIVOT,0.2,5.4945054945054945,8.160446845116654,5.4945054945054945,-1.2486906916503901,LOSS,False,True
95.0,139.0,0.0,34.11935043334961,332.0,-1106.7629604797366,87.0,1000.0,1.9076284170150757,3.0824599266052246,67659696.0,0.6887964010238647,34.38058090209961,41.139930725097656,46.39720153808594,2023-09-20,2023-09-08,INTC,STOP,1000.0,1000.0,1000.0,67659696.0,-8.900824249638662,37.452973808288576,2534056822.1647673,BREAKOUT,9.516805648803711,0.0,NONE,0.0,3.0120481927710845,8.042213705616346,3.0120481927710845,-1.1067629604797367,LOSS,False,True
99.0,47.0,0.0,2.339001417160034,3375.0,-690.8399189114579,2.0,1000.0,1.8485368490219116,3.237582206726074,46114200.0,0.5479190349578857,2.3405117988586426,2.7871479988098145,3.1345314979553223,2023-09-26,2023-05-08,BBDC,STOP,1000.0,1000.0,1000.0,46114200.0,-8.047086278760796,2.543694726467133,117300447.35525067,BREAKOUT,10.840522766113281,0.0,NONE,0.0,0.2962962962962963,11.64826475493834,0.2962962962962963,-0.6908399189114579,LOSS,False,False
121.0,189.0,0.0,8.969304084777832,910.0,-686.3566918754574,22.0,1000.0,1.2155202627182007,3.971506118774414,2238800.0,1.0,8.969304084777832,10.625978469848633,11.914502143859863,2023-10-26,2023-06-06,TSS,STOP,1000.0,1000.0,1000.0,2238800.0,-7.756824692357478,9.723542207717895,21769066.294638824,BREAKOUT,13.006363868713379,0.0,NONE,0.0,1.098901098901099,11.301448334629177,1.098901098901099,-0.6863566918754573,LOSS,False,False
136.0,94.0,0.0,45.114524841308594,252.0,-1247.5789985961917,55.0,1000.0,1.00432550907135,1.400330662727356,18390200.0,0.8041726350784302,46.013553619384766,54.926822662353516,61.8593635559082,2023-11-16,2023-07-25,CSCO,STOP,1000.0,1000.0,1000.0,18390200.0,-9.88851904268623,50.065235153198245,920709687.5143464,BREAKOUT,4.02317476272583,0.65,POCKET_PIVOT,0.2,3.9682539682539684,7.926166642603835,3.9682539682539684,-1.2475789985961916,LOSS,False,True
142.0,88.0,1.0,199.3587188720703,22.0,385.72699566650374,96.0,1000.0,1.2197341918945312,1.5480766296386719,1654600.0,0.7628380060195923,167.08154296875,199.3587188720703,224.46319580078125,2023-11-27,2023-09-21,COR,TP1,1000.0,1000.0,1000.0,1654600.0,9.642777562172585,181.82567361450197,300848759.56255496,BREAKOUT,3.7027504444122314,0.0,NONE,0.0,45.45454545454545,24.998969920450286,45.45454545454545,0.38572699566650376,WIN,False,False
143.0,170.0,2.0,377.0777893066406,13.0,963.6352474975582,2.0,1000.0,0.9897997975349426,1.8575632572174072,28197100.0,0.6532036066055298,277.8653564453125,332.6134338378906,375.1952819824219,2023-11-28,2023-05-08,MSFT,TP2,1000.0,1000.0,1000.0,28197100.0,24.467832532931048,302.9520010375977,8542367868.457247,BREAKOUT,4.902362823486328,0.0,NONE,0.0,76.92307692307692,25.391176377650144,76.92307692307692,0.9636352474975582,WIN,False,False
145.0,186.0,1.0,14.761645317077637,303.0,408.6390901165007,96.0,1000.0,1.2758700847625732,1.7243965864181519,45303600.0,0.4118451476097107,12.296015739440918,14.742805480957031,16.645864486694336,2023-11-30,2023-09-21,T,TP1,1000.0,1000.0,1000.0,45303600.0,10.054750730210522,13.413001455307008,607657252.7306465,BREAKOUT,3.9516541957855225,0.5,CUP_AND_HANDLE,0.2,3.3003300330033003,24.605454968451426,3.3003300330033003,0.40863909011650074,WIN,False,False
146.0,9.0,1.0,224.92999267578125,20.0,392.80272705078124,10.0,1000.0,1.1231927871704102,2.1854288578033447,1212700.0,0.9877676367759705,188.96319580078125,224.68600463867188,252.47039794921875,2023-12-01,2023-05-18,ADSK,TP1,1000.0,1000.0,1000.0,1212700.0,9.567027180151753,205.2898563232422,248955008.7631958,BREAKOUT,5.382565498352051,1.0,CUP_AND_HANDLE,0.3,50.0,24.35580641708461,50.0,0.39280272705078123,WIN,False,False
147.0,34.0,1.0,11.676201820373535,383.0,402.50445660591134,137.0,1000.0,3.840176820755005,3.2707247734069824,2953000.0,0.9503231048583984,9.742501258850098,11.676201820373535,13.180191993713379,2023-12-04,2023-11-17,ARCO,TP1,1000.0,1000.0,1000.0,2953000.0,9.890806035760772,10.625276346206665,31376441.05034828,BREAKOUT,15.30410385131836,0.9,POCKET_PIVOT,0.3,2.6109660574412534,24.57315906304306,2.6109660574412534,0.40250445660591133,WIN,False,False
152.0,89.0,1.0,602.4756469726562,7.0,402.3688687744144,55.0,1000.0,1.1186801195144653,1.249752402305603,2086400.0,1.0,500.38323974609375,598.047119140625,674.0079345703125,2023-12-11,2023-07-25,COST,TP1,1000.0,1000.0,1000.0,2086400.0,10.547130223115053,544.9943800048827,1137076274.4421873,BREAKOUT,4.065576076507568,0.65,POCKET_PIVOT,0.2,142.85714285714286,26.212590092371773,142.85714285714286,0.4023688687744144,WIN,False,False
154.0,183.0,1.0,42.38205337524414,106.0,407.50446086120627,137.0,1000.0,0.6842406392097473,2.107656717300415,1668100.0,0.8825458884239197,35.36107635498047,42.31769943237305,47.7284049987793,2023-12-13,2023-11-17,ROL,TP1,1000.0,1000.0,1000.0,1668100.0,9.975646010108111,38.53767166900634,64284690.11106948,BREAKOUT,5.812374591827393,0.0,NONE,0.0,9.433962264150944,24.479844929858967,9.433962264150944,0.4075044608612063,WIN,False,False
155.0,152.0,1.0,75.36506652832031,60.0,402.0915985107422,137.0,1000.0,1.0217634439468384,2.3509984016418457,10047000.0,1.0,63.031002044677734,75.36506652832031,84.9582290649414,2023-12-14,2023-11-17,LRCX,TP1,1000.0,1000.0,1000.0,10047000.0,9.759949243697198,68.66353988647461,689862585.2394104,BREAKOUT,10.09523868560791,0.5,CUP_AND_HANDLE,0.2,16.666666666666668,24.272949944355666,16.666666666666668,0.40209159851074217,WIN,False,False
169.0,170.0,3.0,362.347412109375,15.0,891.3730773925779,2.0,1000.0,0.9897997975349426,1.8575632572174072,28197100.0,0.6532036066055298,277.8653564453125,332.6134338378906,375.1952819824219,2024-01-05,2023-05-08,MSFT,RUNNER,1000.0,1000.0,1000.0,28197100.0,19.617183908010073,302.92254028320315,8541537160.619508,BREAKOUT,4.902362823486328,0.0,NONE,0.0,66.66666666666667,22.00782635862614,66.66666666666667,0.8913730773925779,WIN,False,False
171.0,74.0,0.0,5.278014183044434,2186.0,-1022.9869798927311,156.0,1000.0,2.0406761169433594,3.5387349128723145,1959100.0,1.0,5.278014183044434,6.3072004318237305,7.107678413391113,2024-01-09,2023-12-15,CFFN,STOP,1000.0,1000.0,1000.0,1959100.0,-8.144330042654817,5.745986268997193,11256961.6995924,BREAKOUT,14.838479995727539,0.8,POCKET_PIVOT,0.3,0.45745654162854527,7.961323264846262,0.45745654162854527,-1.0229869798927311,LOSS,False,True
174.0,89.0,2.0,674.8247680664062,7.0,907.7998287353516,55.0,1000.0,1.1186801195144653,1.249752402305603,2086400.0,1.0,500.38323974609375,598.047119140625,674.0079345703125,2024-01-12,2023-07-25,COST,TP2,1000.0,1000.0,1000.0,2086400.0,23.78946859512413,545.1390782470703,1137378172.8546875,BREAKOUT,4.065576076507568,0.65,POCKET_PIVOT,0.2,142.85714285714286,26.205632389537946,142.85714285714286,0.9077998287353516,WIN,False,False
175.0,27.0,0.0,21.903099060058594,517.0,-1021.6688920745846,156.0,1000.0,1.846206784248352,3.6441142559051514,107200.0,0.9825979471206665,21.903099060058594,26.250869750976562,29.632469177246094,2024-01-16,2023-12-15,AMTB,STOP,1000.0,1000.0,1000.0,107200.0,-8.27559035780625,23.879247787475585,2559855.3628173824,BREAKOUT,11.236359596252441,0.55,POCKET_PIVOT,0.2,1.9342359767891684,8.10007079789027,1.9342359767891684,-1.0216688920745847,LOSS,False,True
179.0,9.0,2.0,252.47039794921875,20.0,942.5092163085936,10.0,1000.0,1.1231927871704102,2.1854288578033447,1212700.0,0.9877676367759705,188.96319580078125,224.68600463867188,252.47039794921875,2024-01-22,2023-05-18,ADSK,TP2,1000.0,1000.0,1000.0,1212700.0,22.949414518423637,205.34493713378907,249021805.262146,BREAKOUT,5.382565498352051,1.0,CUP_AND_HANDLE,0.3,50.0,24.34927332414499,50.0,0.9425092163085936,WIN,False,False
182.0,152.0,2.0,84.9582290649414,60.0,976.5301712036135,137.0,1000.0,1.0217634439468384,2.3509984016418457,10047000.0,1.0,63.031002044677734,75.36506652832031,84.9582290649414,2024-01-25,2023-11-17,LRCX,TP2,1000.0,1000.0,1000.0,10047000.0,23.696646523994712,68.68272621154784,690055350.2474211,BREAKOUT,10.09523868560791,0.5,CUP_AND_HANDLE,0.2,16.666666666666668,24.266169364524217,16.666666666666668,0.9765301712036135,WIN,False,False
186.0,88.0,2.0,228.865478515625,23.0,1080.558201782227,96.0,1000.0,1.2197341918945312,1.5480766296386719,1654600.0,0.7628380060195923,167.08154296875,199.3587188720703,224.46319580078125,2024-01-31,2023-09-21,COR,TP2,1000.0,1000.0,1000.0,1654600.0,25.829987187034753,181.88468713378904,300946403.33156735,BREAKOUT,3.7027504444122314,0.0,NONE,0.0,43.47826086956522,23.904299781753416,43.47826086956522,1.0805582017822268,WIN,False,False
188.0,123.0,0.0,20.448671340942383,550.0,-1262.1283384323128,180.0,1000.0,0.9822186827659607,1.6906157732009888,2740400.0,0.7970136404037476,20.88711929321289,24.971845626831055,28.148853302001953,2024-02-02,2024-01-23,GEN,STOP,1000.0,1000.0,1000.0,2740400.0,-10.089844694698415,22.743450138092044,62326150.75842743,BREAKOUT,2.706000566482544,0.0,NONE,0.0,1.8181818181818181,7.994309601851578,1.8181818181818181,-1.2621283384323128,LOSS,False,True
188.0,175.0,1.0,66.1231689453125,68.0,418.28555407714856,180.0,1000.0,1.0744194984436035,2.6083812713623047,452955008.0,1.0,55.070003509521484,65.80174255371094,74.14865112304688,2024-02-02,2024-01-23,NVDA,TP1,1000.0,1000.0,1000.0,452955008.0,10.25689871547139,59.971910797119136,27164577334.884384,BREAKOUT,13.263161659240723,0.0,NONE,0.0,14.705882352941176,24.52128364342128,14.705882352941176,0.41828555407714857,WIN,False,False
188.0,190.0,1.0,273.6372985839844,16.0,388.51802050781237,180.0,1000.0,0.8073281049728394,1.5127938985824585,654400.0,1.0,228.9439239501953,273.6372985839844,308.3988037109375,2024-02-02,2024-01-23,TT,TP1,1000.0,1000.0,1000.0,654400.0,9.738077779874468,249.3549223022461,163177861.15458986,BREAKOUT,3.4900081157684326,0.55,POCKET_PIVOT,0.2,62.5,25.06467465047391,62.5,0.38851802050781237,WIN,False,False
191.0,132.0,1.0,349.0506896972656,12.0,373.85142114257815,156.0,1000.0,1.648937463760376,1.8918637037277222,666426.0,0.9429827928543091,291.7164001464844,349.0506896972656,393.64404296875,2024-02-07,2023-12-15,HUBB,TP1,1000.0,1000.0,1000.0,666426.0,9.800137605901652,317.8964046020508,211854429.33332628,BREAKOUT,6.587845802307129,0.8,CUP_AND_HANDLE,0.3,83.33333333333333,26.21399050978626,83.33333333333333,0.37385142114257813,WIN,False,False
194.0,175.0,2.0,74.14865112304688,69.0,977.0875659484859,180.0,1000.0,1.0744194984436035,2.6083812713623047,452955008.0,1.0,55.070003509521484,65.80174255371094,74.14865112304688,2024-02-12,2024-01-23,NVDA,TP2,1000.0,1000.0,1000.0,452955008.0,23.605885157222527,59.987961761474615,27171847699.57243,BREAKOUT,13.263161659240723,0.0,NONE,0.0,14.492753623188406,24.159436656332474,14.492753623188406,0.9770875659484859,WIN,False,False
195.0,124.0,1.0,2.306999921798706,1740.0,404.35162035942096,195.0,1000.0,2.5736730098724365,6.238619804382324,18952000.0,0.7081856727600098,1.8803999423980713,2.306999921798706,2.6387999057769775,2024-02-13,2024-02-13,GETI,TP1,1000.0,1000.0,1000.0,18952000.0,11.201408850397105,2.074613933086395,39318083.25985336,BREAKOUT,3.4224305152893066,0.0,NONE,0.0,0.5747126436781609,27.70214903662404,0.5747126436781609,0.40435162035942096,WIN,False,False
196.0,53.0,0.0,6.586508274078369,1695.0,-1022.0616920042038,195.0,1000.0,1.3737469911575317,2.688145399093628,3091700.0,0.6486867070198059,6.586508274078369,7.913588047027588,8.945760726928711,2024-02-14,2024-02-13,BGC2,STOP,1000.0,1000.0,1000.0,3091700.0,-8.387046502879329,7.189494523048401,22227760.21690874,BREAKOUT,1.6336396932601929,0.0,NONE,0.0,0.5899705014749262,8.206008080033618,0.5899705014749262,-1.0220616920042038,LOSS,False,True
206.0,141.0,0.0,9.430000305175781,813.0,-4706.342777320862,195.0,1000.0,1.103797435760498,3.3647990226745605,4234200.0,0.7034733295440674,13.970399856567383,16.73699951171875,18.8887996673584,2024-02-29,2024-02-13,IRWD,STOP,1000.0,1000.0,1000.0,4234200.0,-38.03740606732791,15.21885980987549,64439696.2069748,BREAKOUT,8.455224990844727,0.65,POCKET_PIVOT,0.2,1.2300123001230012,8.082158029505262,1.2300123001230012,-4.706342777320862,LOSS,False,True
210.0,9.0,3.0,251.10000610351562,22.0,1006.6718145751954,10.0,1000.0,1.1231927871704102,2.1854288578033447,1212700.0,0.9877676367759705,188.96319580078125,224.68600463867188,252.47039794921875,2024-03-06,2023-05-18,ADSK,RUNNER,1000.0,1000.0,1000.0,1212700.0,22.283685753221082,205.34219635009765,249018481.51376343,BREAKOUT,5.382565498352051,1.0,CUP_AND_HANDLE,0.3,45.45454545454545,22.135998475952718,45.45454545454545,1.0066718145751954,WIN,False,False
214.0,124.0,0.0,1.8799999952316284,3534.0,-684.7476208977702,195.0,1000.0,2.5736730098724365,6.238619804382324,18952000.0,0.7081856727600098,1.8803999423980713,2.306999921798706,2.6387999057769775,2024-03-12,2024-02-13,GETI,STOP,1000.0,1000.0,1000.0,18952000.0,-9.343412171125124,2.0737599332332612,39301898.254636765,BREAKOUT,3.4224305152893066,0.0,NONE,0.0,0.2829654782116582,13.645045102712455,0.2829654782116582,-0.6847476208977702,LOSS,False,False
216.0,132.0,2.0,393.64404296875,13.0,983.5598715820315,156.0,1000.0,1.648937463760376,1.8918637037277222,666426.0,0.9429827928543091,291.7164001464844,349.0506896972656,393.64404296875,2024-03-14,2023-12-15,HUBB,TP2,1000.0,1000.0,1000.0,666426.0,23.793044002026,317.9855913085937,211913865.67342088,BREAKOUT,6.587845802307129,0.8,CUP_AND_HANDLE,0.3,76.92307692307692,24.190742922192914,76.92307692307692,0.9835598715820315,WIN,False,False
219.0,89.0,3.0,724.2151489257812,9.0,1610.79560925293,55.0,1000.0,1.1186801195144653,1.249752402305603,2086400.0,1.0,500.38323974609375,598.047119140625,674.0079345703125,2024-03-19,2023-07-25,COST,RUNNER,1000.0,1000.0,1000.0,2086400.0,32.825543377043296,545.237859008789,1137584269.0359373,BREAKOUT,4.065576076507568,0.65,POCKET_PIVOT,0.2,111.11111111111111,20.378465888833308,111.11111111111111,1.61079560925293,WIN,False,False
221.0,62.0,0.0,2.4000000953674316,4310.0,-1917.0872198581696,215.0,1000.0,3.3927547931671143,5.698392391204834,1895600.0,0.4634479880332947,2.607999801635742,3.129999876022339,3.5360000133514404,2024-03-21,2024-03-13,BZUN,STOP,1000.0,1000.0,1000.0,1895600.0,-15.63553966475266,2.8447999143600464,5392602.717660904,BREAKOUT,15.119574546813965,0.0,NONE,0.0,0.23201856148491878,8.155883312345805,0.23201856148491878,-1.9170872198581697,LOSS,False,True
235.0,88.0,3.0,232.27536010742188,24.0,1209.2124770507812,96.0,1000.0,1.2197341918945312,1.5480766296386719,1654600.0,0.7628380060195923,167.08154296875,199.3587188720703,224.46319580078125,2024-04-11,2023-09-21,COR,RUNNER,1000.0,1000.0,1000.0,1654600.0,27.699948210879217,181.89150689697266,300957687.311731,BREAKOUT,3.7027504444122314,0.0,NONE,0.0,41.666666666666664,22.90742837721806,41.666666666666664,1.2092124770507813,WIN,False,False
236.0,124.0,1.0,4.017000198364258,1093.0,403.27993971824657,236.0,1000.0,1.1009989976882935,6.800504207611084,18557900.0,0.5874741673469543,3.33840012550354,4.017000198364258,4.544800281524658,2024-04-12,2024-04-12,GETI,TP1,1000.0,1000.0,1000.0,18557900.0,10.114107555277938,3.648034105300903,67699852.12276363,BREAKOUT,9.194543838500977,0.0,NONE,0.0,0.9149130832570905,25.07961978556188,0.9149130832570905,0.40327993971824655,WIN,False,False
239.0,132.0,3.0,382.3498229980469,14.0,901.4154818115236,156.0,1000.0,1.648937463760376,1.8918637037277222,666426.0,0.9429827928543091,291.7164001464844,349.0506896972656,393.64404296875,2024-04-17,2023-12-15,HUBB,RUNNER,1000.0,1000.0,1000.0,666426.0,20.24978363787568,317.9630028686523,211898812.14974448,BREAKOUT,6.587845802307129,0.8,CUP_AND_HANDLE,0.3,71.42857142857143,22.464428497701018,71.42857142857143,0.9014154818115236,WIN,False,False
239.0,152.0,3.0,89.680419921875,62.0,1301.2714583740233,137.0,1000.0,1.0217634439468384,2.3509984016418457,10047000.0,1.0,63.031002044677734,75.36506652832031,84.9582290649414,2024-04-17,2023-11-17,LRCX,RUNNER,1000.0,1000.0,1000.0,10047000.0,30.554063363186394,68.69217059326172,690150237.9505005,BREAKOUT,10.09523868560791,0.5,CUP_AND_HANDLE,0.2,16.129032258064516,23.48016101218772,16.129032258064516,1.3012714583740232,WIN,False,False
239.0,175.0,3.0,83.99214935302734,72.0,1726.8840428466801,180.0,1000.0,1.0744194984436035,2.6083812713623047,452955008.0,1.0,55.070003509521484,65.80174255371094,74.14865112304688,2024-04-17,2024-01-23,NVDA,RUNNER,1000.0,1000.0,1000.0,452955008.0,39.96907242915664,60.00764875793456,27180765023.21144,BREAKOUT,13.263161659240723,0.0,NONE,0.0,13.88888888888889,23.145197614583125,13.88888888888889,1.72688404284668,WIN,False,False
245.0,29.0,0.0,171.00601196289062,66.0,-1020.756326293946,236.0,1000.0,1.105509638786316,1.8030425310134888,40020700.0,0.38172537088394165,171.00601196289062,205.03500366210938,231.5019989013672,2024-04-25,2024-04-12,AMZN,STOP,1000.0,1000.0,1000.0,40020700.0,-8.294008506157144,186.4720169067383,7462740647.019502,BREAKOUT,2.853577136993408,0.0,NONE,0.0,15.151515151515152,8.125355966462784,15.151515151515152,-1.020756326293946,LOSS,False,True
248.0,190.0,2.0,312.822998046875,16.0,1014.2352695312496,180.0,1000.0,0.8073281049728394,1.5127938985824585,654400.0,1.0,228.9439239501953,273.6372985839844,308.3988037109375,2024-04-30,2024-01-23,TT,TP2,1000.0,1000.0,1000.0,654400.0,25.413489676981836,249.4332937011719,163229147.39804688,BREAKOUT,3.4900081157684326,0.55,POCKET_PIVOT,0.2,62.5,25.056799384157895,62.5,1.0142352695312495,WIN,False,False
262.0,34.0,0.0,9.737483978271484,780.0,-689.4536471557622,137.0,1000.0,3.840176820755005,3.2707247734069824,2953000.0,0.9503231048583984,9.742501258850098,11.676201820373535,13.180191993713379,2024-05-20,2023-11-17,ARCO,STOP,1000.0,1000.0,1000.0,2953000.0,-8.322019911852625,10.621398910522462,31364990.98277283,BREAKOUT,15.30410385131836,0.9,POCKET_PIVOT,0.3,1.2820512820512822,12.070455999738162,1.2820512820512822,-0.6894536471557622,LOSS,False,False
267.0,124.0,0.0,3.33840012550354,2222.0,-684.9910043859485,236.0,1000.0,1.1009989976882935,6.800504207611084,18557900.0,0.5874741673469543,3.33840012550354,4.017000198364258,4.544800281524658,2024-05-28,2024-04-12,GETI,STOP,1000.0,1000.0,1000.0,18557900.0,-8.453635670762102,3.646676905155182,67674665.33817935,BREAKOUT,9.194543838500977,0.0,NONE,0.0,0.45004500450045004,12.341236040523274,0.45004500450045004,-0.6849910043859485,LOSS,False,False
268.0,155.0,0.0,225.10174560546875,49.0,-1080.8453256835933,236.0,1000.0,1.0628477334976196,1.5911986827850342,1545200.0,0.6861389875411987,226.38401794433594,272.1165771484375,307.6863708496094,2024-05-29,2024-04-12,MAR,STOP,1000.0,1000.0,1000.0,1545200.0,-8.924617461400313,247.15981347656248,381911343.78398436,BREAKOUT,-0.4344542920589447,0.0,NONE,0.0,20.408163265306122,8.257071802346774,20.408163265306122,-1.0808453256835933,LOSS,False,True
270.0,186.0,2.0,16.766563415527344,303.0,1014.9142935791019,96.0,1000.0,1.2758700847625732,1.7243965864181519,45303600.0,0.4118451476097107,12.296015739440918,14.742805480957031,16.645864486694336,2024-05-31,2023-09-21,T,TP2,1000.0,1000.0,1000.0,45303600.0,24.9649646351903,13.417011291503904,607838912.7457763,BREAKOUT,3.9516541957855225,0.5,CUP_AND_HANDLE,0.2,3.3003300330033003,24.59810133045933,3.3003300330033003,1.014914293579102,WIN,False,False
272.0,159.0,0.0,1629.051513671875,6.0,-877.6592138671871,263.0,1000.0,0.706784725189209,2.904451608657837,313300.0,0.8342607021331787,1629.051513671875,1950.8428955078125,2201.125244140625,2024-06-04,2024-05-21,MELI,STOP,1000.0,1000.0,1000.0,313300.0,-8.239408806775472,1775.3280493164061,556210277.8508301,BREAKOUT,10.044208526611328,0.0,NONE,0.0,166.66666666666666,9.38793631581735,166.66666666666666,-0.877659213867187,LOSS,False,False
274.0,190.0,3.0,313.9270324707031,18.0,1160.8475526123048,180.0,1000.0,0.8073281049728394,1.5127938985824585,654400.0,1.0,228.9439239501953,273.6372985839844,308.3988037109375,2024-06-06,2024-01-23,TT,RUNNER,1000.0,1000.0,1000.0,654400.0,25.85499267066844,249.43550177001953,163230592.35830078,BREAKOUT,3.4900081157684326,0.55,POCKET_PIVOT,0.2,55.55555555555556,22.272513399787808,55.55555555555556,1.1608475526123048,WIN,False,False
275.0,124.0,1.0,4.590000152587891,1033.0,599.9872173080447,273.0,1000.0,2.14072322845459,4.88256311416626,16387900.0,0.34698739647865295,3.680799961090088,4.39900016784668,4.957600116729736,2024-06-07,2024-06-05,GETI,TP1,1000.0,1000.0,1000.0,16387900.0,14.487255554465092,4.009180000305175,65702040.92700118,BREAKOUT,7.976784706115723,0.0,NONE,0.0,0.968054211035818,24.145940340970736,0.968054211035818,0.5999872173080447,WIN,False,False
276.0,124.0,2.0,5.039999961853027,1033.0,1063.907320672989,273.0,1000.0,2.14072322845459,4.88256311416626,16387900.0,0.34698739647865295,3.680799961090088,4.39900016784668,4.957600116729736,2024-06-10,2024-06-05,GETI,TP2,1000.0,1000.0,1000.0,16387900.0,25.683277190203597,4.010079999923706,65716790.0307497,BREAKOUT,7.976784706115723,0.0,NONE,0.0,0.968054211035818,24.14052116302507,0.968054211035818,1.063907320672989,WIN,False,False
281.0,24.0,1.0,239.43003845214844,18.0,407.69671124267563,263.0,1000.0,1.3557804822921753,2.6717331409454346,5954500.0,0.9558970332145691,198.98544311523438,237.94625854492188,268.2491149902344,2024-06-17,2024-05-21,AMAT,TP1,1000.0,1000.0,1000.0,5954500.0,10.448285904482793,216.7802211608887,1290817826.9025116,BREAKOUT,6.2800984382629395,0.0,NONE,0.0,55.55555555555556,25.62759427868821,55.55555555555556,0.40769671124267565,WIN,False,False
281.0,145.0,1.0,837.8240966796875,5.0,404.86852416992184,263.0,1000.0,0.9206711053848267,2.8521718978881836,763600.0,0.9347823262214661,694.1559448242188,831.4482421875,938.2311401367188,2024-06-17,2024-05-21,KLAC,TP1,1000.0,1000.0,1000.0,763600.0,10.698772928757661,756.8503918457031,577930959.2133789,BREAKOUT,7.150919437408447,0.0,NONE,0.0,200.0,26.425301770970535,200.0,0.40486852416992186,WIN,False,False
281.0,183.0,2.0,48.3489875793457,106.0,1038.7344964447022,137.0,1000.0,0.6842406392097473,2.107656717300415,1668100.0,0.8825458884239197,35.36107635498047,42.31769943237305,47.7284049987793,2024-06-17,2023-11-17,ROL,TP2,1000.0,1000.0,1000.0,1668100.0,25.420187587705158,38.54960553741455,64304596.99696121,BREAKOUT,5.812374591827393,0.0,NONE,0.0,9.433962264150944,24.472266661703596,9.433962264150944,1.0387344964447023,WIN,False,False
282.0,175.0,1.0,135.52198791503906,35.0,450.56831619262687,273.0,1000.0,0.9193004369735718,3.2595176696777344,403324000.0,0.5668988823890686,113.06735229492188,134.01531982421875,150.30819702148438,2024-06-18,2024-06-05,NVDA,TP1,1000.0,1000.0,1000.0,403324000.0,10.496148900543718,122.64860745239258,49467126952.128784,BREAKOUT,20.607961654663086,0.0,NONE,0.0,28.571428571428573,23.295355051233575,28.571428571428573,0.4505683161926269,WIN,False,False
300.0,64.0,1.0,445.0570068359375,10.0,392.9689770507811,246.0,1000.0,2.6348941326141357,1.731552004814148,299100.0,0.2593783736228943,372.72039794921875,445.0570068359375,501.31878662109375,2024-07-16,2024-04-26,CACI,TP1,1000.0,1000.0,1000.0,299100.0,9.684761222401162,405.7601091308594,121362848.64104004,BREAKOUT,8.206417083740234,0.0,NONE,0.0,100.0,24.64510378169027,100.0,0.3929689770507811,WIN,False,False
307.0,24.0,0.0,198.98544311523438,39.0,-690.8416653442388,263.0,1000.0,1.3557804822921753,2.6717331409454346,5954500.0,0.9558970332145691,198.98544311523438,237.94625854492188,268.2491149902344,2024-07-25,2024-05-21,AMAT,STOP,1000.0,1000.0,1000.0,5954500.0,-8.174408612120336,216.69933197021487,1290336172.2166445,BREAKOUT,6.2800984382629395,0.0,NONE,0.0,25.641025641025642,11.832535618776149,25.641025641025642,-0.6908416653442387,LOSS,False,False
307.0,124.0,3.0,4.289999961853027,1066.0,299.9936794166567,273.0,1000.0,2.14072322845459,4.88256311416626,16387900.0,0.34698739647865295,3.680799961090088,4.39900016784668,4.957600116729736,2024-07-25,2024-06-05,GETI,RUNNER,1000.0,1000.0,1000.0,16387900.0,7.020440204129084,4.008579999923706,65692208.1807497,BREAKOUT,7.976784706115723,0.0,NONE,0.0,0.9380863039399625,23.401960393900506,0.9380863039399625,0.29999367941665667,WIN,False,False
307.0,175.0,0.0,112.23196411132812,72.0,-746.6445571289064,273.0,1000.0,0.9193004369735718,3.2595176696777344,403324000.0,0.5668988823890686,113.06735229492188,134.01531982421875,150.30819702148438,2024-07-25,2024-06-05,NVDA,STOP,1000.0,1000.0,1000.0,403324000.0,-8.45831305808593,122.60202740478516,49448340101.00757,BREAKOUT,20.607961654663086,0.0,NONE,0.0,13.88888888888889,11.328433291753873,13.88888888888889,-0.7466445571289064,LOSS,False,False
307.0,183.0,3.0,45.875091552734375,111.0,813.6781526184078,137.0,1000.0,0.6842406392097473,2.107656717300415,1668100.0,0.8825458884239197,35.36107635498047,42.31769943237305,47.7284049987793,2024-07-25,2023-11-17,ROL,RUNNER,1000.0,1000.0,1000.0,1668100.0,19.01802801259852,38.544657745361334,64296343.58503724,BREAKOUT,5.812374591827393,0.0,NONE,0.0,9.00900900900901,23.372912190647742,9.00900900900901,0.8136781526184078,WIN,False,False
311.0,83.0,0.0,35.48017501831055,331.0,-1021.9261731338489,308.0,1000.0,0.7708969712257385,2.9651808738708496,147700.0,0.6223637461662292,35.48017501831055,42.26714324951172,47.545894622802734,2024-07-31,2024-07-26,CMCM,STOP,1000.0,1000.0,1000.0,147700.0,-8.005146888553059,38.56756526947021,5696429.39030075,BREAKOUT,11.202033042907715,0.0,NONE,0.0,3.0211480362537766,7.833390609817142,3.0211480362537766,-1.021926173133849,LOSS,False,True
313.0,145.0,0.0,687.1029663085938,11.0,-763.9058160400385,263.0,1000.0,0.9206711053848267,2.8521718978881836,763600.0,0.9347823262214661,694.1559448242188,831.4482421875,938.2311401367188,2024-08-02,2024-05-21,KLAC,STOP,1000.0,1000.0,1000.0,763600.0,-9.179311307545252,756.5489495849608,577700777.903076,BREAKOUT,7.150919437408447,0.0,NONE,0.0,90.9090909090909,12.016286713366425,90.9090909090909,-0.7639058160400385,LOSS,False,False
314.0,87.0,0.0,126.2452163696289,91.0,-1019.3354016571042,215.0,1000.0,0.6748268008232117,2.089052677154541,2262900.0,0.6219654083251953,126.2452163696289,150.88046264648438,170.0412139892578,2024-08-05,2024-03-13,COF,STOP,1000.0,1000.0,1000.0,2262900.0,-8.149695540065284,137.44670429992675,311028147.16030425,BREAKOUT,2.7100114822387695,0.0,NONE,0.0,10.989010989010989,7.995106936163071,10.989010989010989,-1.0193354016571041,LOSS,False,True
314.0,132.0,0.0,341.509033203125,32.0,-1015.4913437499999,312.0,1000.0,1.6086701154708862,2.9354114532470703,868384.0,0.9419242739677429,341.509033203125,411.3739929199219,465.7134094238281,2024-08-05,2024-08-01,HUBB,STOP,1000.0,1000.0,1000.0,868384.0,-8.50226066797585,373.2431376953125,324118368.88440627,BREAKOUT,1.4350942373275757,0.6,CUP_AND_HANDLE,0.2,31.25,8.372558486396109,31.25,-1.01549134375,LOSS,False,True
314.0,171.0,0.0,22.078800201416016,531.0,-1022.9010778427128,308.0,1000.0,2.3797013759613037,1.994966745376587,3953600.0,0.6182371377944946,22.078800201416016,26.313772201538086,29.607641220092773,2024-08-05,2024-07-26,MTG,STOP,1000.0,1000.0,1000.0,3953600.0,-8.024802875643495,24.00516757965088,94906830.54290771,BREAKOUT,9.690505027770996,0.0,NONE,0.0,1.8832391713747645,7.845140697835334,1.8832391713747645,-1.0229010778427128,LOSS,False,True
314.0,180.0,0.0,59.90909957885742,190.0,-1020.3154685211186,312.0,1000.0,2.1046459674835205,2.3568742275238037,25825900.0,0.7010917663574219,59.90909957885742,71.7221908569336,80.91014862060547,2024-08-05,2024-08-01,PYPL,STOP,1000.0,1000.0,1000.0,25825900.0,-8.226330863306554,65.27918099212647,1685893600.384559,BREAKOUT,8.133605003356934,0.85,POCKET_PIVOT,0.3,5.2631578947368425,8.06253665371759,5.2631578947368425,-1.0203154685211187,LOSS,False,True
320.0,47.0,1.0,2.511155605316162,1889.0,421.74651196002924,315.0,1000.0,2.3582205772399902,2.2693066596984863,54883400.0,0.5048301219940186,2.1082751750946045,2.5011110305786133,2.806650161743164,2024-08-13,2024-08-06,BBDC,TP1,1000.0,1000.0,1000.0,54883400.0,9.758524992483665,2.2878911733627323,125567246.42413618,BREAKOUT,9.494086265563965,0.0,NONE,0.0,0.5293806246691372,23.138365619508722,0.5293806246691372,0.4217465119600292,WIN,False,False
346.0,88.0,0.0,222.7176055908203,53.0,-1020.0850559387205,312.0,1000.0,2.214998483657837,1.5283328294754028,2541600.0,1.0,222.7176055908203,265.0208740234375,297.9234313964844,2024-09-19,2024-08-01,COR,STOP,1000.0,1000.0,1000.0,2541600.0,-7.954426525301245,241.9644934387207,614976956.5238525,BREAKOUT,8.023554801940918,0.8,CUP_AND_HANDLE,0.3,18.867924528301888,7.797807132838823,18.867924528301888,-1.0200850559387205,LOSS,False,True
352.0,64.0,2.0,501.31878662109375,10.0,954.4615393066407,246.0,1000.0,2.6348941326141357,1.731552004814148,299100.0,0.2593783736228943,372.72039794921875,445.0570068359375,501.31878662109375,2024-09-27,2024-04-26,CACI,TP2,1000.0,1000.0,1000.0,299100.0,23.516282262732283,405.87263269042967,121396504.43770751,BREAKOUT,8.206417083740234,0.0,NONE,0.0,100.0,24.638271207675334,100.0,0.9544615393066407,WIN,False,False
357.0,8.0,1.0,278.4689025878906,16.0,397.9937802734371,312.0,1000.0,1.939507007598877,1.6455481052398682,3046500.0,1.0,232.69210815429688,278.4689025878906,314.0730895996094,2024-10-04,2024-08-01,ADP,TP1,1000.0,1000.0,1000.0,3046500.0,9.80882145947956,253.5942913208008,772575008.5088197,BREAKOUT,6.086896896362305,0.7,FLAT_BASE,0.3,62.5,24.6456651979348,62.5,0.39799378027343707,WIN,False,False
367.0,94.0,1.0,55.038551330566406,83.0,408.09830354309065,347.0,1000.0,1.0817619562149048,1.5160574913024902,16274000.0,1.0,46.05149841308594,54.961788177490234,61.89200973510742,2024-10-18,2024-09-20,CSCO,TP1,1000.0,1000.0,1000.0,16274000.0,9.809816125200738,50.12170429992676,815680615.7770082,BREAKOUT,3.7283997535705566,0.75,FLAT_BASE,0.3,12.048192771084338,24.037875286499272,12.048192771084338,0.4080983035430906,WIN,False,False
372.0,87.0,1.0,164.93943786621094,27.0,397.80466561889614,347.0,1000.0,1.4594931602478027,2.7537381649017334,3456700.0,1.0,137.82534790039062,164.93943786621094,186.02818298339844,2024-10-25,2024-09-20,COF,TP1,1000.0,1000.0,1000.0,3456700.0,9.808871037332619,150.20593173217776,519216844.21861887,BREAKOUT,6.314797878265381,0.7,CUP_AND_HANDLE,0.3,37.03703703703704,24.657506271506858,37.03703703703704,0.39780466561889616,WIN,False,False
376.0,123.0,1.0,28.540128707885742,156.0,401.2584131927492,347.0,1000.0,1.1966361999511719,1.9287079572677612,3554500.0,1.0,23.807479858398438,28.540128707885742,32.2210807800293,2024-10-31,2024-09-20,GEN,TP1,1000.0,1000.0,1000.0,3554500.0,9.90516534801848,25.967959392547606,92303111.66081047,BREAKOUT,1.0205007791519165,0.75,FLAT_BASE,0.3,6.410256410256411,24.685252750726548,6.410256410256411,0.4012584131927492,WIN,False,False
380.0,87.0,2.0,187.95529174804688,27.0,1017.9898643188478,347.0,1000.0,1.4594931602478027,2.7537381649017334,3456700.0,1.0,137.82534790039062,164.93943786621094,186.02818298339844,2024-11-06,2024-09-20,COF,TP2,1000.0,1000.0,1000.0,3456700.0,25.093401407147812,150.2519634399414,519375962.0228454,BREAKOUT,6.314797878265381,0.7,CUP_AND_HANDLE,0.3,37.03703703703704,24.649952113165867,37.03703703703704,1.0179898643188479,WIN,False,False
387.0,64.0,3.0,470.7900085449219,11.0,714.7627675170901,246.0,1000.0,2.6348941326141357,1.731552004814148,299100.0,0.2593783736228943,372.72039794921875,445.0570068359375,501.31878662109375,2024-11-15,2024-04-26,CACI,RUNNER,1000.0,1000.0,1000.0,299100.0,16.011971415340756,405.8115751342773,121378242.12266234,BREAKOUT,8.206417083740234,0.0,NONE,0.0,90.9090909090909,22.401798391041552,90.9090909090909,0.7147627675170901,WIN,False,False
391.0,194.0,0.0,445.04400634765625,26.0,-1011.038345458984,273.0,1000.0,0.8952568769454956,2.1865346431732178,1112200.0,0.42507070302963257,445.04400634765625,530.5350341796875,597.0280151367188,2024-11-21,2024-06-05,VRTX,STOP,1000.0,1000.0,1000.0,1112200.0,-8.03547671173436,483.93009655761716,538227053.3913819,BREAKOUT,8.546243667602539,0.8,POCKET_PIVOT,0.3,38.46153846153846,7.947746737623953,38.46153846153846,-1.011038345458984,LOSS,False,True
393.0,58.0,1.0,228.74066162109375,19.0,405.0399868164063,316.0,1000.0,2.127659559249878,2.182016134262085,1155000.0,0.5035000443458557,189.88925170898438,228.31031799316406,258.193359375,2024-11-25,2024-08-07,BR,TP1,1000.0,1000.0,1000.0,1155000.0,10.277509210718371,207.422767578125,239573296.55273438,BREAKOUT,1.249673843383789,0.55,FLAT_BASE,0.2,52.63157894736842,25.374060698300603,52.63157894736842,0.40503998681640635,WIN,False,False
395.0,47.0,0.0,2.098708391189575,3838.0,-722.9175731649393,315.0,1000.0,2.3582205772399902,2.2693066596984863,54883400.0,0.5048301219940186,2.1082751750946045,2.5011110305786133,2.806650161743164,2024-11-27,2024-08-06,BBDC,STOP,1000.0,1000.0,1000.0,54883400.0,-8.235786145763011,2.2870662789344784,125521973.41327256,BREAKOUT,9.494086265563965,0.0,NONE,0.0,0.26055237102657636,11.392427645252377,0.26055237102657636,-0.7229175731649393,LOSS,False,False
403.0,22.0,1.0,61.290000915527344,76.0,633.6438502807617,388.0,1000.0,0.9691653251647949,2.678575277328491,2201900.0,0.6505140066146851,48.51320266723633,58.22600173950195,65.78040313720703,2024-12-10,2024-11-18,ALK,TP1,1000.0,1000.0,1000.0,2201900.0,15.745066234832237,52.95258183288574,116596289.93783112,BREAKOUT,7.2211432456970215,0.0,NONE,0.0,13.157894736842104,24.848447953618965,13.157894736842104,0.6336438502807618,WIN,False,False
403.0,137.0,0.0,32.52799987792969,353.0,-1022.6610264587397,398.0,1000.0,1.284864902496338,4.580702781677246,322000.0,0.43486225605010986,32.52799987792969,38.900001525878906,43.85600280761719,2024-12-10,2024-12-03,ICH1,STOP,1000.0,1000.0,1000.0,322000.0,-8.177987586761256,35.42505661010742,11406868.228454588,BREAKOUT,8.556167602539062,0.0,NONE,0.0,2.8328611898016995,7.996772513253887,2.8328611898016995,-1.0226610264587397,LOSS,False,True
409.0,87.0,3.0,172.24325561523438,28.0,616.6360549316408,347.0,1000.0,1.4594931602478027,2.7537381649017334,3456700.0,1.0,137.82534790039062,164.93943786621094,186.02818298339844,2024-12-18,2024-09-20,COF,RUNNER,1000.0,1000.0,1000.0,3456700.0,14.6602564071857,150.22053936767577,519267338.43224484,BREAKOUT,6.314797878265381,0.7,CUP_AND_HANDLE,0.3,35.714285714285715,23.774568953498687,35.714285714285715,0.6166360549316409,WIN,False,False
409.0,186.0,3.0,21.266822814941406,313.0,2454.1738444519046,96.0,1000.0,1.2758700847625732,1.7243965864181519,45303600.0,0.4118451476097107,12.296015739440918,14.742805480957031,16.645864486694336,2024-12-18,2023-09-21,T,RUNNER,1000.0,1000.0,1000.0,45303600.0,58.400149764666985,13.426011810302732,608246668.6492308,BREAKOUT,3.9516541957855225,0.5,CUP_AND_HANDLE,0.2,3.194888178913738,23.79625628261457,3.194888178913738,2.454173844451905,WIN,True,False
411.0,22.0,2.0,66.0199966430664,76.0,992.4045662231447,388.0,1000.0,0.9691653251647949,2.678575277328491,2201900.0,0.6505140066146851,48.51320266723633,58.22600173950195,65.78040313720703,2024-12-20,2024-11-18,ALK,TP2,1000.0,1000.0,1000.0,2201900.0,24.65530853594146,52.962041824340815,116617119.89301604,BREAKOUT,7.2211432456970215,0.0,NONE,0.0,13.157894736842104,24.84400956534661,13.157894736842104,0.9924045662231447,WIN,False,False
