signal_date,ticker,signal_price,entry_price_actual,slippage_pct,entry_score,rs_percentile,rvol,adr_pct,dist_sma20,dollar_vol_M,stop_price,tp1,tp2
2026-01-02,GOOGL,314.9283,317.4366,0.796,0.878,87.8,1.08,2.13,0.95,9311.52,289.734,359.0183,409.4068
2026-01-02,GOOG,315.32,317.695,0.753,0.875,87.5,1.16,2.11,0.73,5967.71,290.0944,359.4648,409.916
2026-01-02,INTC,39.38,41.59,5.612,0.768,76.8,1.56,3.35,7.37,2414.67,36.2296,44.8932,51.194
2026-01-02,LLY,1080.36,1069.23,-1.03,0.879,87.9,0.84,2.32,3.2,3162.91,993.9312,1231.6104,1404.468
2026-01-02,SMH,373.3,381.72,2.256,0.716,71.6,1.59,1.82,3.54,2102.73,343.436,425.562,485.29
2026-01-02,LRCX,185.06,190.12,2.734,0.883,88.3,1.11,2.75,6.75,1991.62,170.2552,210.9684,240.578
2026-01-02,AMAT,268.87,276.12,2.696,0.822,82.2,1.24,2.11,3.79,1642.71,247.3604,306.5118,349.531
2026-01-02,WDC,187.7,193.17,2.914,0.944,94.4,0.92,5.11,6.78,1389.56,172.684,213.978,244.01
2026-01-02,ASML,1162.2471,1209.6245,4.076,0.789,78.9,2.31,2.05,7.44,1359.09,1069.2673,1324.9617,1510.9212
2026-01-02,GS,914.34,914.4,0.007,0.789,78.9,1.36,2.06,3.18,1890.39,841.1928,1042.3476,1188.642
2026-01-02,AGQPF,162.64,182.18,12.014,0.971,97.1,1.26,6.57,12.48,910.51,149.6288,185.4096,211.432
2026-01-02,BAC,55.95,56.17,0.393,0.728,72.8,0.72,1.55,1.81,1989.46,51.474,63.783,72.735
2026-01-02,JNJ,207.35,205.87,-0.714,0.704,70.4,0.8,1.6,0.17,1632.51,190.762,236.379,269.555
2026-01-02,CAT,597.0131,606.4611,1.583,0.854,85.4,1.11,2.38,1.65,1479.55,549.2521,680.595,776.1171
2026-01-02,BE,98.69,104.0,5.38,0.767,76.7,1.05,8.61,3.13,1082.72,90.7948,112.5066,128.297
2026-01-02,KLAC,1274.47,1309.97,2.785,0.754,75.4,1.11,2.06,1.95,952.32,1172.5124,1452.8958,1656.811
2026-01-02,STX,287.54,294.97,2.584,0.877,87.7,0.7,4.3,0.93,1126.88,264.5368,327.7956,373.802
2026-01-02,C,118.0845,118.6913,0.514,0.846,84.6,0.66,2.0,3.98,1659.18,108.6377,134.6163,153.5098
2026-01-02,APH,139.71,141.05,0.959,0.739,73.9,1.03,2.52,3.17,973.18,128.5332,159.2694,181.623
2026-01-02,ASTS,83.47,82.03,-1.725,0.725,72.5,1.17,10.5,11.43,1364.35,76.7924,95.1558,108.511
2026-01-02,MRK,106.45,107.01,0.526,0.849,84.9,0.71,2.14,4.65,1492.6,97.934,121.353,138.385
2026-01-02,WFC,94.7344,94.6249,-0.116,0.806,80.6,0.72,1.74,2.71,1222.68,87.1556,107.9972,123.1547
2026-01-02,MS,180.9027,181.2011,0.165,0.801,80.1,0.88,1.7,2.03,925.29,166.4305,206.2291,235.1736
2026-01-02,COF,247.93,247.55,-0.153,0.79,79.0,0.95,1.77,2.96,784.73,228.0956,282.6402,322.309
2026-01-02,RTX,187.25,187.3,0.027,0.715,71.5,0.78,1.8,4.08,797.0,172.27,213.465,243.425
2026-01-02,VRT,175.61,182.63,3.997,0.706,70.6,1.14,4.26,3.96,1134.21,161.5612,200.1954,228.293
2026-01-02,COHR1,194.33,197.66,1.714,0.953,95.3,0.89,5.36,4.53,766.16,178.7836,221.5362,252.629
2026-01-02,NEM,101.22,102.65,1.413,0.793,79.3,0.8,3.19,2.41,880.48,93.1224,115.3908,131.586
2026-01-02,SNPS,480.42,485.03,0.96,0.862,86.2,0.96,2.06,1.75,746.62,441.9864,547.6788,624.546
2026-01-02,SLB,39.9643,42.7479,6.965,0.805,80.5,1.11,2.45,4.22,527.15,36.7672,45.5593,51.9536
2026-01-02,TER,207.56,211.85,2.067,0.931,93.1,1.17,2.93,5.1,570.28,190.9552,236.6184,269.828
2026-01-02,CIEN,246.06,250.34,1.739,0.949,94.9,0.7,4.68,9.49,698.43,226.3752,280.5084,319.878
2026-01-02,DHR,230.4,229.28,-0.486,0.705,70.5,0.73,1.73,1.23,735.99,211.968,262.656,299.52
2026-01-02,NU,17.02,17.18,0.94,0.739,73.9,0.92,2.35,2.05,574.11,15.6584,19.4028,22.126
2026-01-02,AAL,15.48,15.46,-0.129,0.896,89.6,0.84,3.09,0.99,808.99,14.2416,17.6472,20.124
2026-01-02,JCI,122.31,123.0,0.564,0.748,74.8,0.62,1.86,3.37,629.13,112.5252,139.4334,159.003
2026-01-02,GM,80.98,80.54,-0.543,0.917,91.7,0.83,1.7,0.37,727.58,74.5016,92.3172,105.274
2026-01-02,TGT,99.4981,99.3892,-0.109,0.761,76.1,0.99,2.62,4.19,712.52,91.5382,113.4278,129.3475
2026-01-02,EXPE,282.94,282.94,0.0,0.889,88.9,1.19,2.23,1.18,456.59,260.3048,322.5516,367.822
2026-01-02,UPS,101.02,100.95,-0.069,0.82,82.0,0.88,1.77,1.53,578.97,92.9384,115.1628,131.326
2026-01-02,HL,18.8663,19.3962,2.809,0.945,94.5,0.71,5.81,0.48,474.12,17.357,21.5076,24.5262
2026-01-02,VALE,13.26,13.44,1.357,0.825,82.5,0.59,1.85,2.05,378.43,12.1992,15.1164,17.238
2026-01-02,SATS,112.18,113.02,0.749,0.933,93.3,0.6,5.57,10.21,717.09,103.2056,127.8852,145.834
2026-01-02,FDX,293.13,292.04,-0.372,0.84,84.0,0.77,1.94,2.64,497.82,269.6796,334.1682,381.069
2026-01-02,ABNB,133.01,133.1,0.068,0.711,71.1,0.93,2.08,1.05,554.42,122.3692,151.6314,172.913
2026-01-02,RKT,19.88,19.985,0.528,0.847,84.7,1.2,3.37,4.17,357.0,18.2896,22.6632,25.844
2026-01-02,FSLR,274.34,278.39,1.476,0.828,82.8,0.8,4.19,4.01,507.98,252.3928,312.7476,356.642
2026-01-02,HWM,211.5888,211.9886,0.189,0.706,70.6,0.81,2.43,5.35,438.98,194.6617,241.2113,275.0655
2026-01-02,HLT,292.98,291.23,-0.597,0.754,75.4,1.17,1.62,2.93,457.7,269.5416,333.9972,380.874
2026-01-02,CMIIU,520.2809,524.3871,0.789,0.83,83.0,0.79,2.03,1.78,427.48,478.6584,593.1202,676.3651
2026-01-02,CMIKA,520.2809,524.3871,0.789,0.83,83.0,0.79,2.03,1.78,427.48,478.6584,593.1202,676.3651
2026-01-02,CMIN,520.2809,524.3871,0.789,0.83,83.0,0.79,2.03,1.78,427.48,478.6584,593.1202,676.3651
2026-01-02,CMIV,520.2809,524.3871,0.789,0.83,83.0,0.79,2.03,1.78,427.48,478.6584,593.1202,676.3651
2026-01-02,MRNA,30.86,31.33,1.523,0.747,74.7,0.93,4.94,1.91,317.45,28.3912,35.1804,40.118
2026-01-02,CCJ,98.56,100.17,1.634,0.764,76.4,1.44,4.06,7.4,326.22,90.6752,112.3584,128.128
2026-01-02,TFC,49.74,49.38,-0.724,0.72,72.0,0.8,1.51,0.45,366.98,45.7608,56.7036,64.662
2026-01-02,MNST,76.16,76.18,0.026,0.726,72.6,0.92,1.59,0.94,370.07,70.0672,86.8224,99.008
2026-01-02,CHSCL,163.1619,163.3213,0.098,0.85,85.0,0.74,2.04,1.89,234.3,150.1089,186.0046,212.1105
2026-01-02,EL,106.76,108.95,2.051,0.782,78.2,0.78,2.47,1.03,349.0,98.2192,121.7064,138.788
2026-01-02,IQV,225.37,222.55,-1.251,0.737,73.7,0.6,1.94,0.58,291.62,207.3404,256.9218,292.981
2026-01-02,DG,136.239,134.9843,-0.921,0.917,91.7,0.77,3.36,2.66,629.26,125.3399,155.3124,177.1107
2026-01-02,SCCO,146.8017,151.4914,3.195,0.815,81.5,1.12,2.58,3.13,155.06,135.0576,167.354,190.8423
2026-01-02,ODFL,159.19,159.02,-0.107,0.746,74.6,0.81,2.51,1.31,370.24,146.4548,181.4766,206.947
2026-01-02,KGC,28.3,28.7,1.413,0.733,73.3,1.0,3.4,0.49,215.56,26.036,32.262,36.79
2026-01-02,MKSI,168.1977,171.8841,2.192,0.888,88.8,1.09,2.99,4.17,136.54,154.7418,191.7453,218.657
2026-01-02,EW,85.33,85.0,-0.387,0.718,71.8,0.82,1.77,0.13,247.55,78.5036,97.2762,110.929
2026-01-02,KEX,20.7743,20.8139,0.191,0.774,77.4,1.03,1.79,2.02,326.7,19.1124,23.6827,27.0066
2026-01-02,KEYS,206.59,207.57,0.474,0.839,83.9,0.61,1.96,0.01,214.07,190.0628,235.5126,268.567
2026-01-02,NUE,169.4,170.0,0.354,0.861,86.1,0.99,2.21,4.25,260.05,155.848,193.116,220.22
2026-01-02,TEVA,30.95,30.98,0.097,0.943,94.3,0.83,1.97,2.16,266.62,28.474,35.283,40.235
2026-01-02,BROS,62.16,62.29,0.209,0.887,88.7,0.94,2.92,0.19,170.82,57.1872,70.8624,80.808
2026-01-02,CRSR,338.1458,339.8048,0.491,0.893,89.3,0.99,3.6,5.39,329.05,311.0941,385.4862,439.5895
2026-01-02,AU,85.6,88.44,3.318,0.787,78.7,0.78,3.48,0.5,209.02,78.752,97.584,111.28
2026-01-02,TRGP,185.8432,188.8482,1.617,0.749,74.9,0.61,2.18,2.35,274.65,170.9757,211.8612,241.5962
2026-01-02,STT,129.07,128.93,-0.108,0.716,71.6,1.02,1.9,1.17,279.94,118.7444,147.1398,167.791
2026-01-02,NOK,6.51,6.57,0.922,0.88,88.0,1.45,1.77,2.24,119.41,5.9892,7.4214,8.463
2026-01-02,HII,348.6605,357.0244,2.399,0.853,85.3,0.84,2.93,5.08,168.12,320.7677,397.473,453.2586
2026-01-02,AMLJ,42.92,45.91,6.966,0.925,92.5,1.32,3.92,1.88,137.61,39.4864,48.9288,55.796
2026-01-02,AMLN,42.92,45.91,6.966,0.925,92.5,1.32,3.92,1.88,137.61,39.4864,48.9288,55.796
2026-01-02,AMKR,42.8379,45.8222,6.966,0.926,92.6,1.32,3.92,1.88,137.34,39.4109,48.8352,55.6893
2026-01-02,BBIG,78.235,78.29,0.07,0.923,92.3,1.37,2.9,4.14,137.37,71.9762,89.1879,101.7055
2026-01-02,BBIO,78.235,78.29,0.07,0.923,92.3,1.37,2.9,4.14,137.37,71.9762,89.1879,101.7055
2026-01-02,PKN-WA,101.3,100.32,-0.967,0.795,79.5,1.59,2.15,8.13,195.33,93.196,115.482,131.69
2026-01-02,DD,40.7066,40.5473,-0.391,0.86,86.0,0.87,1.7,0.19,192.91,37.4501,46.4056,52.9186
2026-01-02,NGD,8.56,8.72,1.869,0.81,81.0,0.91,5.73,1.15,139.88,7.8752,9.7584,11.128
2026-01-02,NXT,92.78,95.13,2.533,0.821,82.1,0.72,4.88,3.71,161.98,85.3576,105.7692,120.614
2026-01-02,EAXR,151.52,149.34,-1.439,0.816,81.6,1.02,3.89,4.28,166.01,139.3984,172.7328,196.976
2026-01-02,EB,151.52,149.34,-1.439,0.816,81.6,1.02,3.89,4.28,166.01,139.3984,172.7328,196.976
2026-01-02,EBBGF,151.52,149.34,-1.439,0.816,81.6,1.02,3.89,4.28,166.01,139.3984,172.7328,196.976
2026-01-02,EBBNF,151.52,149.34,-1.439,0.816,81.6,1.02,3.89,4.28,166.01,139.3984,172.7328,196.976
2026-01-02,JLL,335.84,341.59,1.712,0.8,80.0,0.88,2.18,0.25,107.0,308.9728,382.8576,436.592
2026-01-02,JLMI,335.84,341.59,1.712,0.8,80.0,0.88,2.18,0.25,107.0,308.9728,382.8576,436.592
2026-01-02,MDH,593.87,592.21,-0.28,0.903,90.3,1.02,3.24,2.98,164.34,546.3604,677.0118,772.031
2026-01-02,MDIA,593.87,592.21,-0.28,0.903,90.3,1.02,3.24,2.98,164.34,546.3604,677.0118,772.031
2026-01-02,PQUEQ,14.4,14.41,0.069,0.784,78.4,0.86,2.4,1.11,117.74,13.248,16.416,18.72
2026-01-02,PRA,14.4,14.41,0.069,0.784,78.4,0.86,2.4,1.11,117.74,13.248,16.416,18.72
2026-01-02,AGI,38.41,39.15,1.927,0.765,76.5,0.8,3.25,0.52,88.47,35.3372,43.7874,49.933
2026-01-02,ASX,16.86,17.19,1.957,0.931,93.1,1.62,1.91,7.56,102.74,15.5112,19.2204,21.918
2026-01-02,ANF,123.74,123.75,0.008,0.95,95.0,0.82,4.02,6.82,248.08,113.8408,141.0636,160.862
2026-01-02,ALLY,45.76,45.64,-0.262,0.777,77.7,0.77,1.92,1.91,128.19,42.0992,52.1664,59.488
2026-01-02,HBM,20.1,20.65,2.736,0.873,87.3,0.82,3.25,6.08,88.37,18.492,22.914,26.13
2026-01-02,HABC,165.4162,164.3572,-0.64,0.765,76.5,1.05,2.54,2.44,124.81,152.1829,188.5745,215.0411
2026-01-02,CFR-SW,172.05,171.5,-0.32,0.732,73.2,0.69,1.63,0.98,129.07,158.286,196.137,223.665
2026-01-02,VTRS,12.46,12.42,-0.321,0.859,85.9,0.81,2.46,5.63,105.48,11.4632,14.2044,16.198
2026-01-02,AMFIQ,288.84,288.9199,0.028,0.829,82.9,1.11,2.32,2.72,134.48,265.7328,329.2776,375.492
2026-01-02,BRL,48.11,48.06,-0.104,0.91,91.0,0.83,3.61,2.76,90.64,44.2612,54.8454,62.543
2026-01-02,NXEN,10.25,10.56,3.024,0.775,77.5,1.74,5.09,11.59,77.25,9.43,11.685,13.325
2026-01-02,MLIN,116.81,116.95,0.12,0.81,81.0,0.64,1.86,1.8,95.87,107.4652,133.1634,151.853
2026-01-02,MT,47.2,46.77,-0.911,0.853,85.3,0.87,1.62,4.8,51.85,43.424,53.808,61.36
2026-01-02,FOX,65.96,65.85,-0.167,0.822,82.2,0.72,1.63,3.78,88.28,60.6832,75.1944,85.748
2026-01-02,RYAAY,72.023,72.1621,0.193,0.821,82.1,0.73,1.57,2.67,74.11,66.2611,82.1062,93.6299
2026-01-02,BKEP,10.84,10.9,0.554,0.898,89.8,0.86,2.39,1.68,29.28,9.9728,12.3576,14.092
2026-01-02,GVA,118.67,118.06,-0.514,0.736,73.6,0.88,2.28,3.62,81.22,109.1764,135.2838,154.271
2026-01-02,AMTM,30.48,30.8,1.05,0.83,83.0,1.15,3.1,3.81,62.34,28.0416,34.7472,39.624
2026-01-02,HUN,10.19,10.23,0.393,0.755,75.5,0.6,4.33,0.64,44.23,9.3748,11.6166,13.247
2026-01-02,BFNBQ,75.0815,74.8622,-0.292,0.905,90.5,0.93,2.16,0.28,54.51,69.075,85.5929,97.606
2026-01-02,BFNH,75.0815,74.8622,-0.292,0.905,90.5,0.93,2.16,0.28,54.51,69.075,85.5929,97.606
2026-01-02,PAA,18.21,18.5,1.593,0.725,72.5,0.92,1.5,2.79,50.05,16.7532,20.7594,23.673
2026-01-02,ARR,17.6257,17.6744,0.276,0.836,83.6,1.45,1.77,4.97,52.38,16.2156,20.0933,22.9134
2026-01-02,ARRKF,17.6257,17.6744,0.276,0.836,83.6,1.45,1.77,4.97,52.38,16.2156,20.0933,22.9134
2026-01-02,ARRO,17.6257,17.6744,0.276,0.836,83.6,1.45,1.77,4.97,52.38,16.2156,20.0933,22.9134
2026-01-02,ARRS,17.6257,17.6744,0.276,0.836,83.6,1.45,1.77,4.97,52.38,16.2156,20.0933,22.9134
2026-01-02,AUGO,50.0,51.0,2.0,0.909,90.9,0.92,4.43,4.96,30.89,46.0,57.0,65.0
2026-01-02,ARRT,9.68,9.81,1.343,0.712,71.2,1.05,5.86,6.77,54.82,8.9056,11.0352,12.584
2026-01-02,ARRY,9.68,9.81,1.343,0.712,71.2,1.05,5.86,6.77,54.82,8.9056,11.0352,12.584
2026-01-02,ARRY1,9.68,9.81,1.343,0.712,71.2,1.05,5.86,6.77,54.82,8.9056,11.0352,12.584
2026-01-02,ARS,9.68,9.81,1.343,0.712,71.2,1.05,5.86,6.77,54.82,8.9056,11.0352,12.584
2026-01-02,BTE,3.3,3.31,0.303,0.884,88.4,1.26,3.14,5.15,48.61,3.036,3.762,4.29
2026-01-02,EDXC,57.83,56.67,-2.006,0.723,72.3,0.69,1.9,5.65,39.69,53.2036,65.9262,75.179
2026-01-02,BTSG,38.4,38.51,0.286,0.902,90.2,0.91,2.99,4.74,70.49,35.328,43.776,49.92
2026-01-02,GGAL,53.1668,53.6053,0.825,0.966,96.6,0.6,3.81,2.81,57.02,48.9135,60.6102,69.1169
2026-01-02,ERAS,3.59,3.57,-0.557,0.926,92.6,1.34,6.76,3.7,9.23,3.3028,4.0926,4.667
2026-01-02,BVN,28.59,29.37,2.728,0.795,79.5,0.67,3.59,2.83,51.93,26.3028,32.5926,37.167
2026-01-02,LNTH,67.27,67.07,-0.297,0.883,88.3,1.07,2.87,3.27,76.16,61.8884,76.6878,87.451
2026-01-02,AMR,203.06,204.34,0.63,0.856,85.6,0.61,4.46,4.17,49.45,186.8152,231.4884,263.978
2026-01-02,ATRO,56.61,57.54,1.643,0.809,80.9,0.97,3.98,5.57,33.98,52.0812,64.5354,73.593
2026-01-02,ATEN1,20.76,20.53,-1.108,0.943,94.3,0.85,2.9,0.99,40.34,19.0992,23.6664,26.988
2026-01-02,ATER,20.76,20.53,-1.108,0.943,94.3,0.85,2.9,0.99,40.34,19.0992,23.6664,26.988
2026-01-02,ALH,88.01,87.34,-0.761,0.915,91.5,1.0,3.9,3.94,25.31,80.9692,100.3314,114.413
2026-01-02,ALHC,88.01,87.34,-0.761,0.915,91.5,1.0,3.9,3.94,25.31,80.9692,100.3314,114.413
2026-01-02,ALI,88.01,87.34,-0.761,0.915,91.5,1.0,3.9,3.94,25.31,80.9692,100.3314,114.413
2026-01-02,LGIQ,44.68,44.5,-0.403,0.911,91.1,1.04,4.87,0.58,69.21,41.1056,50.9352,58.084
2026-01-02,LGL,44.68,44.5,-0.403,0.911,91.1,1.04,4.87,0.58,69.21,41.1056,50.9352,58.084
2026-01-02,LGL-WT,44.68,44.5,-0.403,0.911,91.1,1.04,4.87,0.58,69.21,41.1056,50.9352,58.084
2026-01-02,LGN,44.68,44.5,-0.403,0.911,91.1,1.04,4.87,0.58,69.21,41.1056,50.9352,58.084
2026-01-02,DAP,24.8642,24.8143,-0.2,0.9,90.0,0.83,2.91,8.13,48.69,22.875,28.3451,32.3234
2026-01-02,DAR,24.8642,24.8143,-0.2,0.9,90.0,0.83,2.91,8.13,48.69,22.875,28.3451,32.3234
2026-01-02,GU1,17.3117,17.3366,0.144,0.899,89.9,0.85,2.23,1.54,38.39,15.9268,19.7353,22.5052
2026-01-02,MODG,11.72,11.85,1.109,0.879,87.9,0.81,3.53,0.33,28.88,10.7824,13.3608,15.236
2026-01-02,CSTM,19.77,19.82,0.253,0.88,88.0,0.79,2.89,6.79,22.93,18.1884,22.5378,25.701
2026-01-02,CRI,33.2,33.19,-0.03,0.779,77.9,0.69,3.55,3.29,30.37,30.544,37.848,43.16
2026-01-02,CRIC,33.2,33.19,-0.03,0.779,77.9,0.69,3.55,3.29,30.37,30.544,37.848,43.16
2026-01-02,PACW1,39.51,39.72,0.532,0.983,98.3,1.2,4.09,12.16,42.85,36.3492,45.0414,51.363
2026-01-02,PACX,39.51,39.72,0.532,0.983,98.3,1.2,4.09,12.16,42.85,36.3492,45.0414,51.363
2026-01-02,PAE,39.51,39.72,0.532,0.983,98.3,1.2,4.09,12.16,42.85,36.3492,45.0414,51.363
2026-01-02,PAET,39.51,39.72,0.532,0.983,98.3,1.2,4.09,12.16,42.85,36.3492,45.0414,51.363
2026-01-02,IP,2.52,2.52,0.0,0.781,78.1,1.25,6.53,1.47,30.45,2.3184,2.8728,3.276
2026-01-02,AREA1,6.15,6.16,0.163,0.814,81.4,2.65,4.31,4.33,19.27,5.658,7.011,7.995
2026-01-02,AMRX,12.66,12.56,-0.79,0.848,84.8,0.66,2.39,1.55,23.5,11.6472,14.4324,16.458
2026-01-02,IMVT,25.91,25.78,-0.502,0.948,94.8,0.88,4.79,1.9,51.24,23.8372,29.5374,33.683
2026-01-02,IMXI,25.91,25.78,-0.502,0.948,94.8,0.88,4.79,1.9,51.24,23.8372,29.5374,33.683
2026-01-02,BLTE,159.27,159.165,-0.066,0.97,97.0,1.04,4.79,4.08,37.02,146.5284,181.5678,207.051
2026-01-02,ARIS,15.81,15.94,0.822,0.938,93.8,1.09,4.11,1.55,30.63,14.5452,18.0234,20.553
2026-01-02,ARMO,15.81,15.94,0.822,0.938,93.8,1.09,4.11,1.55,30.63,14.5452,18.0234,20.553
2026-01-02,PGNY,25.74,25.8,0.233,0.881,88.1,0.66,3.26,0.29,34.58,23.6808,29.3436,33.462
2026-01-02,PGOL,25.74,25.8,0.233,0.881,88.1,0.66,3.26,0.29,34.58,23.6808,29.3436,33.462
2026-01-02,LAUR1,33.31,33.21,-0.3,0.751,75.1,0.76,2.34,1.61,39.54,30.6452,37.9734,43.303
2026-01-02,AAUC,23.11,23.79,2.942,0.864,86.4,0.84,3.91,0.28,17.2,21.2612,26.3454,30.043
2026-01-02,AAUGF,23.11,23.79,2.942,0.864,86.4,0.84,3.91,0.28,17.2,21.2612,26.3454,30.043
2026-01-02,CAPR,28.31,27.91,-1.413,0.987,98.7,0.62,7.51,1.7,61.44,26.0452,32.2734,36.803
2026-01-02,OMCL,45.14,45.14,0.0,0.933,93.3,0.89,3.59,1.31,29.75,41.5288,51.4596,58.682
2026-01-02,BNTT,48.25,47.47,-1.617,0.707,70.7,0.91,1.69,3.79,10.46,44.39,55.005,62.725
2026-01-02,DFTX,13.64,14.26,4.545,0.76,76.0,0.83,5.41,6.25,27.47,12.5488,15.5496,17.732
2026-01-02,CEDCQ,59.79,60.16,0.619,0.797,79.7,0.61,3.83,0.8,18.13,55.0068,68.1606,77.727
2026-01-02,MNMD,13.64,14.26,4.545,0.76,76.0,0.83,5.41,6.25,27.47,12.5488,15.5496,17.732
2026-01-02,CUBI,74.5,74.1,-0.537,0.757,75.7,0.63,2.76,0.87,31.55,68.54,84.93,96.85
2026-01-02,COHU,24.61,25.15,2.194,0.889,88.9,1.16,2.78,2.41,9.96,22.6412,28.0554,31.993
2026-01-02,COLB,24.61,25.15,2.194,0.889,88.9,1.16,2.78,2.41,9.96,22.6412,28.0554,31.993
2026-01-02,NBR,55.4,58.32,5.271,0.867,86.7,1.02,4.67,2.57,17.22,50.968,63.156,72.02
2026-01-02,BW,6.35,6.37,0.315,0.968,96.8,0.79,9.38,12.32,18.04,5.842,7.239,8.255
2026-01-02,MBX,30.55,30.76,0.687,0.967,96.7,0.65,7.17,0.71,26.51,28.106,34.827,39.715
2026-01-02,FTRE1,16.81,16.81,0.0,0.961,96.1,0.87,5.63,3.03,22.89,15.4652,19.1634,21.853
2026-01-02,EYPT,17.48,17.54,0.343,0.893,89.3,0.61,6.19,0.38,22.21,16.0816,19.9272,22.724
2026-01-02,NMIH,40.61,40.39,-0.542,0.742,74.2,0.76,1.85,1.29,15.65,37.3612,46.2954,52.793
2026-01-02,NMIL,40.61,40.39,-0.542,0.742,74.2,0.76,1.85,1.29,15.65,37.3612,46.2954,52.793
2026-01-02,ANDE,53.05,53.01,-0.075,0.87,87.0,1.06,2.49,0.16,21.2,48.806,60.477,68.965
2026-01-02,ANDG,53.05,53.01,-0.075,0.87,87.0,1.06,2.49,0.16,21.2,48.806,60.477,68.965
2026-01-02,ANDN1,53.05,53.01,-0.075,0.87,87.0,1.06,2.49,0.16,21.2,48.806,60.477,68.965
2026-01-02,ANDR,53.05,53.01,-0.075,0.87,87.0,1.06,2.49,0.16,21.2,48.806,60.477,68.965
2026-01-02,BIO-B,12.83,12.77,-0.468,0.977,97.7,0.69,6.27,0.38,6.32,11.8036,14.6262,16.679
2026-01-02,BIOA,12.83,12.77,-0.468,0.977,97.7,0.69,6.27,0.38,6.32,11.8036,14.6262,16.679
2026-01-02,DRUG,83.46,83.21,-0.3,0.95,95.0,1.77,9.27,1.21,14.7,76.7832,95.1444,108.498
2026-01-02,PAX,15.7494,15.7494,-0.0,0.768,76.8,0.58,2.23,0.82,7.62,14.4895,17.9543,20.4743
2026-01-02,BJGP,41.09,40.99,-0.243,0.897,89.7,0.67,2.8,3.12,18.46,37.8028,46.8426,53.417
2026-01-02,BJRI,41.09,40.99,-0.243,0.897,89.7,0.67,2.8,3.12,18.46,37.8028,46.8426,53.417
2026-01-02,BHC,7.21,7.25,0.555,0.744,74.4,1.01,3.58,2.99,16.77,6.6332,8.2194,9.373
2026-01-02,BHC.A,7.21,7.25,0.555,0.744,74.4,1.01,3.58,2.99,16.77,6.6332,8.2194,9.373
2026-01-02,BHE,7.21,7.25,0.555,0.744,74.4,1.01,3.58,2.99,16.77,6.6332,8.2194,9.373
2026-01-02,ACT,39.4235,39.1747,-0.631,0.711,71.1,0.74,1.59,0.08,10.18,36.2696,44.9428,51.2505
2026-01-02,BBAO,17.9092,17.999,0.501,0.974,97.4,0.76,4.49,2.57,10.43,16.4765,20.4165,23.282
2026-01-02,BBAR,17.9092,17.999,0.501,0.974,97.4,0.76,4.49,2.57,10.43,16.4765,20.4165,23.282
2026-01-02,BBAR1,17.9092,17.999,0.501,0.974,97.4,0.76,4.49,2.57,10.43,16.4765,20.4165,23.282
2026-01-02,GSL,34.3672,34.4164,0.143,0.843,84.3,1.22,2.03,0.43,12.42,31.6178,39.1786,44.6773
2026-01-02,MLKIQ,18.0952,17.9763,-0.657,0.728,72.8,0.66,3.08,5.31,14.96,16.6476,20.6285,23.5238
2026-01-02,MLKN,18.0952,17.9763,-0.657,0.728,72.8,0.66,3.08,5.31,14.96,16.6476,20.6285,23.5238
2026-01-02,IDEXY,16.55,16.4,-0.906,0.79,79.0,1.3,2.01,1.82,6.33,15.226,18.867,21.515
2026-01-02,EBS,12.51,12.45,-0.48,0.865,86.5,0.75,4.06,2.86,10.07,11.5092,14.2614,16.263
2026-01-02,NEXA,8.79,9.04,2.844,0.954,95.4,0.93,4.9,6.93,6.07,8.0868,10.0206,11.427
2026-01-02,MLAAU,79.297,79.297,0.0,0.792,79.2,1.28,3.89,0.31,8.29,72.9532,90.3986,103.0861
2026-01-02,MLAB,79.297,79.297,0.0,0.792,79.2,1.28,3.89,0.31,8.29,72.9532,90.3986,103.0861
2026-01-02,CLB,16.9407,17.5203,3.422,0.918,91.8,1.07,3.19,2.82,6.04,15.5854,19.3124,22.0229
2026-01-05,MU,312.15,318.28,1.964,0.906,90.6,1.08,4.5,10.52,10032.45,287.178,355.851,405.795
2026-01-05,GOOGL,316.3174,316.1774,-0.044,0.88,88.0,1.02,2.08,1.41,9336.06,291.012,360.6018,411.2126
2026-01-05,GOOG,317.32,317.31,-0.003,0.88,88.0,1.06,2.06,1.38,5991.32,291.9344,361.7448,412.516
2026-01-05,INTC,39.37,39.86,1.245,0.757,75.7,1.52,3.45,6.86,2496.49,36.2204,44.8818,51.181
2026-01-05,XOM,124.53,124.52,-0.008,0.701,70.1,1.82,1.6,5.45,2062.44,114.5676,141.9642,161.8889
2026-01-05,LRCX,194.76,197.79,1.556,0.906,90.6,1.48,2.61,11.07,2134.87,179.1792,222.0264,253.188
2026-01-05,AMAT,284.32,285.43,0.39,0.87,87.0,1.67,2.05,9.0,1773.26,261.5744,324.1248,369.616
2026-01-05,WDC,187.88,189.62,0.926,0.941,94.1,1.3,5.2,6.08,1423.99,172.8496,214.1832,244.244
2026-01-05,ASML,1226.5721,1221.2092,-0.437,0.854,85.4,2.62,2.03,12.77,1543.4,1128.4464,1398.2922,1594.5438
2026-01-05,GS,948.44,949.41,0.102,0.842,84.2,1.72,2.26,6.36,2059.11,872.5648,1081.2216,1232.972
2026-01-05,BAC,56.89,57.01,0.211,0.758,75.8,1.02,1.61,3.24,2015.96,52.3388,64.8546,73.957
2026-01-05,CAT,614.6619,614.5621,-0.016,0.846,84.6,1.36,2.37,4.51,1558.05,565.4889,700.7145,799.0604
2026-01-05,BE,103.87,105.0,1.088,0.798,79.8,1.08,8.17,9.35,1094.18,95.5604,118.4118,135.031
2026-01-05,KLAC,1352.45,1369.3101,1.247,0.82,82.0,1.72,2.04,7.41,1038.05,1244.254,1541.7929,1758.1849
2026-01-05,STX,289.83,290.9,0.369,0.882,88.2,0.84,4.48,1.29,1155.83,266.6436,330.4062,376.779
2026-01-05,C,122.6606,123.0387,0.308,0.874,87.4,1.39,2.1,7.28,1767.52,112.8478,139.8331,159.4588
2026-01-05,APH,139.88,137.66,-1.587,0.712,71.2,1.44,2.58,3.27,988.25,128.6896,159.4632,181.844
2026-01-05,MRK,107.44,107.68,0.223,0.861,86.1,1.12,2.16,5.24,1523.09,98.8448,122.4816,139.672
2026-01-05,WFC,95.9086,94.9334,-1.017,0.828,82.8,1.11,1.82,3.64,1242.39,88.2359,109.3358,124.6812
2026-01-05,MS,185.5173,185.6764,0.086,0.822,82.2,1.3,1.81,4.29,967.21,170.6759,211.4897,241.1725
2026-01-05,ADI,276.4245,278.8668,0.884,0.78,78.0,0.91,1.73,0.13,908.99,254.3105,315.1239,359.3518
2026-01-05,COF,250.51,250.97,0.184,0.798,79.8,1.07,1.79,3.58,781.05,230.4692,285.5814,325.663
2026-01-05,RTX,188.26,188.7,0.234,0.719,71.9,1.45,1.81,4.15,787.77,173.1992,214.6164,244.738
2026-01-05,AXP,379.8,380.37,0.15,0.789,78.9,0.95,1.79,1.09,940.74,349.416,432.972,493.74
2026-01-05,NEM,103.53,104.65,1.082,0.784,78.4,1.01,3.22,4.08,910.22,95.2476,118.0242,134.589
2026-01-05,SCHW,103.74,104.34,0.578,0.704,70.4,1.06,1.83,5.37,903.55,95.4408,118.2636,134.862
2026-01-05,ISRG,566.38,565.0,-0.244,0.87,87.0,0.94,1.69,0.19,843.15,521.0696,645.6732,736.294
2026-01-05,SNPS,494.19,495.6,0.285,0.877,87.7,1.73,2.18,4.22,772.58,454.6548,563.3766,642.447
2026-01-05,SLB,43.5432,44.0204,1.096,0.885,88.5,3.7,2.64,12.73,662.53,40.0598,49.6393,56.6062
2026-01-05,F,13.47,13.51,0.297,0.771,77.1,1.15,1.7,0.77,587.02,12.3924,15.3558,17.511
2026-01-05,TER,219.5,220.95,0.661,0.939,93.9,1.55,2.96,10.56,603.2,201.94,250.23,285.35
2026-01-05,CIEN,230.9,230.2,-0.303,0.924,92.4,1.12,5.12,1.95,664.27,212.428,263.226,300.17
2026-01-05,DHR,235.36,235.33,-0.013,0.761,76.1,1.01,1.75,3.22,741.27,216.5312,268.3104,305.968
2026-01-05,NU,17.94,18.12,1.003,0.771,77.1,2.07,2.49,7.47,648.43,16.5048,20.4516,23.322
2026-01-05,AAL,15.83,15.85,0.126,0.897,89.7,1.07,3.13,2.77,830.33,14.5636,18.0462,20.579
2026-01-05,BMY,53.06,53.2,0.264,0.821,82.1,0.92,1.83,0.61,812.95,48.8152,60.4884,68.978
2026-01-05,JCI,121.53,112.59,-7.356,0.719,71.9,0.78,1.87,2.39,622.3,111.8076,138.5442,157.989
2026-01-05,GM,83.15,82.7,-0.541,0.931,93.1,1.18,1.82,2.55,737.97,76.498,94.791,108.095
2026-01-05,TGT,101.0721,101.0721,0.0,0.751,75.1,1.03,2.67,5.26,727.13,92.9863,115.2221,131.3937
2026-01-05,FITB,48.62,49.21,1.213,0.73,73.0,0.93,1.81,3.09,336.53,44.7304,55.4268,63.206
2026-01-05,EXPE,287.47,286.94,-0.184,0.903,90.3,0.71,2.32,2.27,454.0,264.4724,327.7158,373.711
2026-01-05,UPS,102.0,102.08,0.078,0.819,81.9,1.03,1.63,2.14,565.63,93.84,116.28,132.6
2026-01-05,HL,19.7261,20.0261,1.521,0.932,93.2,0.87,5.97,4.25,501.08,18.148,22.4878,25.644
2026-01-05,VALE,13.56,13.65,0.664,0.83,83.0,1.5,1.83,4.36,378.26,12.4752,15.4584,17.628
2026-01-05,USB,55.49,55.41,-0.144,0.806,80.6,1.3,1.52,4.12,497.62,51.0508,63.2586,72.137
2026-01-05,FDX,297.46,297.13,-0.111,0.856,85.6,1.0,1.87,3.71,499.75,273.6632,339.1044,386.698
2026-01-05,ABNB,135.87,135.95,0.059,0.74,74.0,1.04,2.2,2.63,568.47,125.0004,154.8918,176.631
2026-01-05,REGN,762.313,763.4316,0.147,0.903,90.3,1.02,2.18,1.03,621.7,701.3279,869.0368,991.0069
2026-01-05,AG,17.0356,17.2156,1.056,0.822,82.2,1.2,6.02,3.95,355.54,15.6728,19.4206,22.1463
2026-01-05,RKT,21.1,20.93,-0.806,0.886,88.6,2.31,3.52,10.07,396.76,19.412,24.054,27.43
2026-01-05,FSLR,272.0,273.0,0.368,0.786,78.6,1.07,4.39,2.84,512.37,250.24,310.08,353.6
2026-01-05,PH,905.2029,912.9585,0.857,0.823,82.3,1.16,1.64,2.66,493.6,832.7867,1031.9314,1176.7638
2026-01-05,HWM,212.7981,213.4677,0.315,0.708,70.8,1.3,2.46,5.52,449.58,195.7743,242.5898,276.6375
2026-01-05,PNC,214.1562,214.3646,0.097,0.754,75.4,1.83,1.68,3.04,398.55,197.0237,244.1381,278.4031
2026-01-05,VLO,179.4724,181.5894,1.18,0.718,71.8,2.94,2.24,7.69,552.32,165.1146,204.5985,233.3141
2026-01-05,UAL,114.89,114.95,0.052,0.781,78.1,0.87,2.54,3.67,499.67,105.6988,130.9746,149.357
2026-01-05,DAL,71.82,71.98,0.223,0.868,86.8,1.29,2.31,2.68,516.23,66.0744,81.8748,93.366
2026-01-05,CMIIU,529.9185,533.2074,0.621,0.834,83.4,0.99,2.02,3.46,432.7,487.525,604.1071,688.8941
2026-01-05,CMIKA,529.9185,533.2074,0.621,0.834,83.4,0.99,2.02,3.46,432.7,487.525,604.1071,688.8941
2026-01-05,CMIN,529.9185,533.2074,0.621,0.834,83.4,0.99,2.02,3.46,432.7,487.525,604.1071,688.8941
2026-01-05,CMIV,529.9185,533.2074,0.621,0.834,83.4,0.99,2.02,3.46,432.7,487.525,604.1071,688.8941
2026-01-05,HCA,477.83,477.01,-0.172,0.723,72.3,1.01,2.02,0.49,552.37,439.6036,544.7262,621.179
2026-01-05,MRNA,32.17,32.38,0.653,0.763,76.3,0.97,4.91,5.08,333.34,29.5964,36.6738,41.821
2026-01-05,CCJ,100.17,101.15,0.978,0.774,77.4,1.46,4.0,8.79,335.07,92.1564,114.1938,130.221
2026-01-05,TFC,50.48,50.4,-0.158,0.77,77.0,1.47,1.62,1.64,380.45,46.4416,57.5472,65.624
2026-01-05,CHSCL,166.64,166.4108,-0.138,0.859,85.9,0.97,2.1,3.75,240.28,153.3088,189.9696,216.632
2026-01-05,BK,120.5062,121.4719,0.801,0.759,75.9,1.66,1.65,3.79,435.56,110.8657,137.3771,156.6581
2026-01-05,EL,108.16,109.08,0.851,0.742,74.2,0.81,2.49,2.15,340.7,99.5072,123.3024,140.608
2026-01-05,IQV,234.59,234.6,0.004,0.78,78.0,1.25,1.92,4.47,282.56,215.8228,267.4326,304.967
2026-01-05,DG,138.34,139.23,0.643,0.915,91.5,0.91,3.11,3.71,566.46,127.2728,157.7076,179.842
2026-01-05,SCCO,152.4294,155.9935,2.338,0.793,79.3,1.28,2.57,6.55,164.67,140.235,173.7695,198.1582
2026-01-05,ODFL,163.73,164.0,0.165,0.742,74.2,0.83,2.65,3.86,358.22,150.6316,186.6522,212.849
2026-01-05,ROK,404.73,401.4,-0.823,0.775,77.5,1.17,1.82,1.27,288.16,372.3516,461.3922,526.149
2026-01-05,KGC,29.12,29.47,1.202,0.762,76.2,1.03,3.53,3.07,224.47,26.7904,33.1968,37.856
2026-01-05,MKSI,176.0201,177.169,0.653,0.892,89.2,1.29,3.04,8.58,144.82,161.9385,200.6629,228.8261
2026-01-05,ROG-SW,325.5,326.2,0.215,0.743,74.3,0.86,1.97,1.92,368.47,299.46,371.07,423.15
2026-01-05,KEX,21.1605,20.9228,-1.123,0.807,80.7,1.19,1.86,3.35,335.14,19.4677,24.123,27.5086
2026-01-05,WPM,120.99,122.83,1.521,0.734,73.4,1.22,3.39,3.66,219.26,111.3108,137.9286,157.287
2026-01-05,LPNT,369.765,372.5624,0.757,0.746,74.6,1.03,2.65,0.2,265.82,340.1838,421.5321,480.6945
2026-01-05,KEYS,208.82,207.78,-0.498,0.827,82.7,0.83,1.96,1.1,213.7,192.1144,238.0548,271.466
2026-01-05,NUE,168.13,167.47,-0.393,0.836,83.6,1.37,2.25,3.27,263.73,154.6796,191.6682,218.569
2026-01-05,TEVA,31.0,31.63,2.032,0.939,93.9,1.8,1.98,1.89,274.63,28.52,35.34,40.3
2026-01-05,CRSR,340.3445,340.7043,0.106,0.888,88.8,1.32,3.58,5.65,344.36,313.117,387.9928,442.4479
2026-01-05,AU,88.47,90.51,2.306,0.765,76.5,1.39,3.48,3.56,220.63,81.3924,100.8558,115.011
2026-01-05,MTB,209.45,208.13,-0.63,0.723,72.3,1.02,1.75,2.72,201.6,192.694,238.773,272.285
2026-01-05,CNC,44.68,44.99,0.694,0.772,77.2,1.57,3.03,11.65,262.57,41.1056,50.9352,58.084
2026-01-05,CNCE,44.68,44.99,0.694,0.772,77.2,1.57,3.03,11.65,262.57,41.1056,50.9352,58.084
2026-01-05,STT,133.01,133.38,0.278,0.758,75.8,1.07,2.04,3.77,291.46,122.3692,151.6314,172.913
2026-01-05,ATHXQ,119.9,119.92,0.017,0.918,91.8,0.91,2.72,7.81,176.9,110.308,136.686,155.87
2026-01-05,ATI,119.9,119.92,0.017,0.918,91.8,0.91,2.72,7.81,176.9,110.308,136.686,155.87
2026-01-05,ATI1,119.9,119.92,0.017,0.918,91.8,0.91,2.72,7.81,176.9,110.308,136.686,155.87
2026-01-05,NOK,6.5,6.49,-0.154,0.867,86.7,1.69,1.78,1.81,125.59,5.98,7.41,8.45
2026-01-05,AGNC,10.953,10.8936,-0.542,0.733,73.3,1.6,1.51,5.18,182.66,10.0767,12.4864,14.2388
2026-01-05,NTRA,237.42,237.5,0.034,0.909,90.9,0.99,2.48,2.11,262.21,218.4264,270.6588,308.646
2026-01-05,HII,362.3477,364.2219,0.517,0.862,86.2,1.11,2.87,8.43,178.14,333.3599,413.0764,471.052
2026-01-05,PRU,117.36,116.47,-0.758,0.768,76.8,1.35,1.64,2.36,182.08,107.9712,133.7904,152.568
2026-01-05,PKN-WA,99.75,99.7,-0.05,0.77,77.0,1.21,2.15,6.17,198.41,91.77,113.715,129.675
2026-01-05,ITUB,7.37,7.49,1.628,0.766,76.6,1.39,2.06,4.65,131.73,6.7804,8.4018,9.581
2026-01-05,DD,41.8421,41.7525,-0.214,0.877,87.7,1.09,1.78,2.71,200.46,38.4947,47.7,54.3947
2026-01-05,NGD,9.07,9.19,1.323,0.857,85.7,1.14,6.01,6.37,153.6,8.3444,10.3398,11.791
2026-01-05,NXT,89.6,91.76,2.411,0.748,74.8,0.94,5.07,0.22,156.71,82.432,102.144,116.48
2026-01-05,GH,101.87,101.92,0.049,0.944,94.4,1.58,3.58,0.39,188.09,93.7204,116.1318,132.431
2026-01-05,EAXR,149.48,151.77,1.532,0.838,83.8,0.9,3.83,2.62,158.23,137.5216,170.4072,194.324
2026-01-05,EB,149.48,151.77,1.532,0.838,83.8,0.9,3.83,2.62,158.23,137.5216,170.4072,194.324
2026-01-05,EBBGF,149.48,151.77,1.532,0.838,83.8,0.9,3.83,2.62,158.23,137.5216,170.4072,194.324
2026-01-05,EBBNF,149.48,151.77,1.532,0.838,83.8,0.9,3.83,2.62,158.23,137.5216,170.4072,194.324
2026-01-05,JLL,349.16,347.85,-0.375,0.846,84.6,1.28,2.32,3.89,113.74,321.2272,398.0424,453.908
2026-01-05,JLMI,349.16,347.85,-0.375,0.846,84.6,1.28,2.32,3.89,113.74,321.2272,398.0424,453.908
2026-01-05,MDH,588.4,575.02,-2.274,0.898,89.8,1.21,3.23,2.01,166.41,541.328,670.776,764.92
2026-01-05,MDIA,588.4,575.02,-2.274,0.898,89.8,1.21,3.23,2.01,166.41,541.328,670.776,764.92
2026-01-05,IAG,16.32,16.62,1.838,0.829,82.9,1.55,4.0,0.25,115.13,15.0144,18.6048,21.216
2026-01-05,AGI,39.28,39.73,1.146,0.757,75.7,1.01,3.33,2.37,92.11,36.1376,44.7792,51.064
2026-01-05,AER,147.691,148.0999,0.277,0.828,82.8,1.05,1.51,3.68,166.48,135.8757,168.3677,191.9983
2026-01-05,ASX,16.96,17.52,3.302,0.92,92.0,1.44,2.0,7.58,106.42,15.6032,19.3344,22.048
2026-01-05,ANF,124.27,123.42,-0.684,0.95,95.0,0.65,4.0,5.97,243.2,114.3284,141.6678,161.551
2026-01-05,ALLY,46.63,46.84,0.45,0.816,81.6,0.82,1.95,3.36,129.91,42.8996,53.1582,60.619
2026-01-05,HBM,21.3,21.6,1.408,0.853,85.3,0.92,3.22,11.25,92.73,19.596,24.282,27.69
2026-01-05,BBDA,3.5129,3.5828,1.989,0.705,70.5,1.28,2.48,4.78,103.65,3.2319,4.0047,4.5668
2026-01-05,BBDC,3.5129,3.5828,1.989,0.705,70.5,1.28,2.48,4.78,103.65,3.2319,4.0047,4.5668
2026-01-05,PFFVF,90.51,90.14,-0.409,0.716,71.6,0.9,1.92,1.36,111.18,83.2692,103.1814,117.663
2026-01-05,POW-TO,73.53,73.42,-0.15,0.825,82.5,1.1,1.56,2.09,140.92,67.6476,83.8242,95.589
2026-01-05,AGX,339.1128,336.1166,-0.884,0.824,82.4,0.63,5.07,5.2,117.77,311.9838,386.5886,440.8467
2026-01-05,AGX1,339.1128,336.1166,-0.884,0.824,82.4,0.63,5.07,5.2,117.77,311.9838,386.5886,440.8467
2026-01-05,FMG-AX,22.49,22.13,-1.601,0.781,78.1,0.8,2.23,0.89,136.67,20.6908,25.6386,29.237
2026-01-05,HABC,163.7877,163.0384,-0.457,0.738,73.8,1.08,2.46,1.21,123.82,150.6847,186.718,212.9241
2026-01-05,CFR-SW,172.95,173.4,0.26,0.707,70.7,1.17,1.67,1.43,129.82,159.114,197.163,224.835
2026-01-05,VTRS,12.37,12.37,0.0,0.862,86.2,1.16,2.45,4.16,107.74,11.3804,14.1018,16.081
2026-01-05,AMFIQ,303.5594,303.6195,0.02,0.86,86.0,0.96,2.44,7.35,146.2,279.2747,346.0578,394.6273
2026-01-05,CCK,105.74,106.05,0.293,0.765,76.5,1.15,1.99,4.64,149.22,97.2808,120.5436,137.462
2026-01-05,BORD,193.51,193.51,0.0,0.76,76.0,1.64,3.83,0.24,108.36,178.0292,220.6014,251.563
2026-01-05,FLSCQ,72.49,72.01,-0.662,0.911,91.1,1.34,2.1,1.96,79.6,66.6908,82.6386,94.237
2026-01-05,BRL,51.25,52.09,1.639,0.932,93.2,1.71,3.6,9.13,98.28,47.15,58.425,66.625
2026-01-05,GRAL,95.75,96.33,0.606,0.89,89.0,0.78,5.37,4.36,72.82,88.09,109.155,124.475
2026-01-05,APG,40.36,40.26,-0.248,0.749,74.9,1.78,2.35,3.07,93.71,37.1312,46.0104,52.468
2026-01-05,MLIN,119.22,118.78,-0.369,0.803,80.3,1.0,1.92,3.61,99.79,109.6824,135.9108,154.986
2026-01-05,PFSI,133.8197,133.1818,-0.477,0.755,75.5,0.95,2.05,1.71,38.82,123.1142,152.5545,173.9657
2026-01-05,MT,46.72,46.26,-0.985,0.76,76.0,0.92,1.64,3.26,50.21,42.9824,53.2608,60.736
2026-01-05,MICU,150.65,149.74,-0.604,0.712,71.2,0.78,2.65,3.58,123.69,138.598,171.741,195.845
2026-01-05,ITX-MC,56.22,55.82,-0.711,0.802,80.2,0.75,1.67,1.36,118.5,51.7224,64.0908,73.086
2026-01-05,FOX,67.76,67.66,-0.148,0.868,86.8,1.24,1.73,5.98,92.73,62.3392,77.2464,88.088
2026-01-05,RYAAY,73.3343,72.3011,-1.409,0.803,80.3,0.91,1.62,3.89,73.89,67.4675,83.6011,95.3346
2026-01-05,COLD,28.4318,28.333,-0.347,0.745,74.5,1.07,1.89,0.39,67.49,26.1572,32.4122,36.9613
2026-01-05,BKEP,10.84,11.37,4.889,0.894,89.4,0.82,2.46,1.59,28.85,9.9728,12.3576,14.092
2026-01-05,GVA,120.01,119.71,-0.25,0.722,72.2,1.32,2.26,4.25,85.53,110.4092,136.8114,156.013
2026-01-05,CUKPF,31.0652,31.115,0.16,0.788,78.8,0.99,3.2,11.32,65.46,28.58,35.4143,40.3848
2026-01-05,CELC,103.8,103.15,-0.626,0.969,96.9,0.89,4.07,1.96,89.6,95.496,118.332,134.94
2026-01-05,CELH,103.8,103.15,-0.626,0.969,96.9,0.89,4.07,1.96,89.6,95.496,118.332,134.94
2026-01-05,AMTM,31.44,31.41,-0.095,0.854,85.4,1.18,3.03,6.68,61.78,28.9248,35.8416,40.872
2026-01-05,HUN,10.49,10.38,-1.049,0.785,78.5,0.8,4.15,3.32,43.82,9.6508,11.9586,13.637
2026-01-05,BFNBQ,76.0786,76.3777,0.393,0.911,91.1,0.89,2.18,1.32,54.82,69.9923,86.7296,98.9022
2026-01-05,BFNH,76.0786,76.3777,0.393,0.911,91.1,0.89,2.18,1.32,54.82,69.9923,86.7296,98.9022
2026-01-05,APGE,77.51,75.0,-3.238,0.951,95.1,1.17,4.01,1.2,77.43,71.3092,88.3614,100.763
2026-01-05,PAA,18.29,18.44,0.82,0.746,74.6,1.03,1.65,3.09,51.32,16.8268,20.8506,23.777
2026-01-05,ARR,17.7036,17.7036,-0.0,0.809,80.9,1.55,1.84,5.13,55.23,16.2873,20.1821,23.0147
2026-01-05,ARRKF,17.7036,17.7036,-0.0,0.809,80.9,1.55,1.84,5.13,55.23,16.2873,20.1821,23.0147
2026-01-05,ARRO,17.7036,17.7036,-0.0,0.809,80.9,1.55,1.84,5.13,55.23,16.2873,20.1821,23.0147
2026-01-05,ARRS,17.7036,17.7036,-0.0,0.809,80.9,1.55,1.84,5.13,55.23,16.2873,20.1821,23.0147
2026-01-05,AUGO,52.42,53.7,2.442,0.91,91.0,0.99,4.45,8.81,33.24,48.2264,59.7588,68.146
2026-01-05,BTE,3.2,3.22,0.625,0.857,85.7,1.86,3.58,1.96,49.01,2.944,3.648,4.16
2026-01-05,BTSG,39.26,39.17,-0.229,0.905,90.5,1.1,3.01,6.49,73.24,36.1192,44.7564,51.038
2026-01-05,GGAL,55.8077,55.9173,0.196,0.967,96.7,0.95,3.87,7.46,59.56,51.3431,63.6208,72.55
2026-01-05,ERAS,3.49,3.46,-0.86,0.923,92.3,0.82,6.89,0.37,8.77,3.2108,3.9786,4.537
2026-01-05,BVN,29.53,29.86,1.118,0.726,72.6,1.43,3.62,5.41,56.95,27.1676,33.6642,38.389
2026-01-05,LNTH,68.98,68.68,-0.435,0.879,87.9,0.94,2.83,5.32,77.17,63.4616,78.6372,89.674
2026-01-05,MYRX,232.56,231.57,-0.426,0.725,72.5,0.88,3.56,3.96,53.97,213.9552,265.1184,302.328
2026-01-05,AMR,201.82,202.16,0.168,0.8,80.0,1.07,4.51,3.07,49.16,185.6744,230.0748,262.366
2026-01-05,ATRO,58.13,58.51,0.654,0.837,83.7,1.43,4.05,7.68,36.16,53.4796,66.2682,75.569
2026-01-05,ATEN1,21.2,21.07,-0.613,0.937,93.7,0.86,3.0,3.15,41.62,19.504,24.168,27.56
2026-01-05,ATER,21.2,21.07,-0.613,0.937,93.7,0.86,3.0,3.15,41.62,19.504,24.168,27.56
2026-01-05,ALH,91.99,93.26,1.381,0.929,92.9,1.32,4.01,7.84,27.08,84.6308,104.8686,119.587
2026-01-05,ALHC,91.99,93.26,1.381,0.929,92.9,1.32,4.01,7.84,27.08,84.6308,104.8686,119.587
2026-01-05,ALI,91.99,93.26,1.381,0.929,92.9,1.32,4.01,7.84,27.08,84.6308,104.8686,119.587
2026-01-05,LGIQ,44.53,44.89,0.808,0.921,92.1,1.43,4.55,0.67,72.54,40.9676,50.7642,57.889
2026-01-05,LGL,44.53,44.89,0.808,0.921,92.1,1.43,4.55,0.67,72.54,40.9676,50.7642,57.889
2026-01-05,LGL-WT,44.53,44.89,0.808,0.921,92.1,1.43,4.55,0.67,72.54,40.9676,50.7642,57.889
2026-01-05,LGN,44.53,44.89,0.808,0.921,92.1,1.43,4.55,0.67,72.54,40.9676,50.7642,57.889
2026-01-05,BANC,19.84,19.72,-0.605,0.73,73.0,1.21,2.05,1.36,33.56,18.2528,22.6176,25.792
2026-01-05,DAP,24.9439,24.7346,-0.839,0.902,90.2,0.82,2.82,7.75,49.19,22.9484,28.436,32.4271
2026-01-05,DAR,24.9439,24.7346,-0.839,0.902,90.2,0.82,2.82,7.75,49.19,22.9484,28.436,32.4271
2026-01-05,GU1,17.8894,17.75,-0.78,0.91,91.0,1.08,2.34,4.56,40.22,16.4583,20.3939,23.2563
2026-01-05,HE,12.67,12.69,0.158,0.749,74.9,0.61,3.45,5.61,74.41,11.6564,14.4438,16.471
2026-01-05,HEAL1,12.67,12.69,0.158,0.749,74.9,0.61,3.45,5.61,74.41,11.6564,14.4438,16.471
2026-01-05,MODG,12.87,13.12,1.943,0.916,91.6,1.38,3.82,9.67,31.61,11.8404,14.6718,16.731
2026-01-05,DKEY,551.14,549.62,-0.276,0.864,86.4,1.67,4.83,8.51,33.9,507.0488,628.2996,716.482
2026-01-05,DKHR,551.14,549.62,-0.276,0.864,86.4,1.67,4.83,8.51,33.9,507.0488,628.2996,716.482
2026-01-05,DKI,551.14,549.62,-0.276,0.864,86.4,1.67,4.83,8.51,33.9,507.0488,628.2996,716.482
2026-01-05,CSTM,19.54,19.58,0.205,0.879,87.9,1.37,2.82,5.16,22.91,17.9768,22.2756,25.402
2026-01-05,GOLD1,36.2062,36.2759,0.193,0.897,89.7,0.86,4.0,10.42,24.64,33.3097,41.275,47.068
2026-01-05,CRI,33.27,33.19,-0.24,0.706,70.6,1.14,3.57,3.17,30.86,30.6084,37.9278,43.251
2026-01-05,CRIC,33.27,33.19,-0.24,0.706,70.6,1.14,3.57,3.17,30.86,30.6084,37.9278,43.251
2026-01-05,PLAB,33.38,34.14,2.277,0.915,91.5,0.61,5.26,1.16,72.49,30.7096,38.0532,43.394
2026-01-05,HUBG,44.14,44.06,-0.181,0.842,84.2,1.19,2.4,2.26,37.86,40.6088,50.3196,57.382
2026-01-05,ASH,59.6895,59.3816,-0.516,0.856,85.6,0.65,2.46,1.41,47.39,54.9144,68.0461,77.5964
2026-01-05,LCAV,20.26,20.22,-0.197,0.876,87.6,1.03,3.47,4.0,32.79,18.6392,23.0964,26.338
2026-01-05,PACW1,39.77,39.89,0.302,0.983,98.3,1.8,4.1,11.58,45.76,36.5884,45.3378,51.701
2026-01-05,PACX,39.77,39.89,0.302,0.983,98.3,1.8,4.1,11.58,45.76,36.5884,45.3378,51.701
2026-01-05,PAE,39.77,39.89,0.302,0.983,98.3,1.8,4.1,11.58,45.76,36.5884,45.3378,51.701
2026-01-05,PAET,39.77,39.89,0.302,0.983,98.3,1.8,4.1,11.58,45.76,36.5884,45.3378,51.701
2026-01-05,AREA1,6.09,6.03,-0.985,0.819,81.9,2.35,4.63,3.17,20.74,5.6028,6.9426,7.917
2026-01-05,AMRX,12.71,12.77,0.472,0.826,82.6,0.94,2.37,1.64,23.39,11.6932,14.4894,16.523
2026-01-05,ARQT,30.2,30.01,-0.629,0.916,91.6,0.95,3.75,3.36,58.74,27.784,34.428,39.26
2026-01-05,CGAU,14.77,14.97,1.354,0.863,86.3,0.98,3.47,3.78,17.74,13.5884,16.8378,19.201
2026-01-05,BLTE,159.42,162.2,1.744,0.968,96.8,0.89,4.71,3.9,35.54,146.6664,181.7388,207.246
2026-01-05,ARIS,16.3,16.3,0.0,0.935,93.5,1.16,4.13,3.98,32.9,14.996,18.582,21.19
2026-01-05,ARMO,16.3,16.3,0.0,0.935,93.5,1.16,4.13,3.98,32.9,14.996,18.582,21.19
2026-01-05,PGNY,26.66,26.7,0.15,0.883,88.3,0.96,3.29,3.37,36.01,24.5272,30.3924,34.658
2026-01-05,PGOL,26.66,26.7,0.15,0.883,88.3,0.96,3.29,3.37,36.01,24.5272,30.3924,34.658
2026-01-05,AXGN,31.76,31.47,-0.913,0.963,96.3,0.75,4.66,0.51,25.17,29.2192,36.2064,41.288
2026-01-05,LAUR1,34.17,34.14,-0.088,0.773,77.3,1.07,2.41,3.75,40.73,31.4364,38.9538,44.421
2026-01-05,AAUC,23.71,24.02,1.307,0.866,86.6,1.02,3.9,2.51,17.79,21.8132,27.0294,30.823
2026-01-05,AAUGF,23.71,24.02,1.307,0.866,86.6,1.02,3.9,2.51,17.79,21.8132,27.0294,30.823
2026-01-05,OMCL,46.93,46.75,-0.384,0.933,93.3,0.75,3.68,4.47,30.76,43.1756,53.5002,61.009
2026-01-05,CEDCQ,62.12,61.75,-0.596,0.807,80.7,1.14,3.84,4.16,18.96,57.1504,70.8168,80.756
2026-01-05,PLPC,225.41,224.43,-0.435,0.728,72.8,1.49,3.53,3.19,19.86,207.3772,256.9674,293.033
2026-01-05,PLPL,225.41,224.43,-0.435,0.728,72.8,1.49,3.53,3.19,19.86,207.3772,256.9674,293.033
2026-01-05,PLPM,225.41,224.43,-0.435,0.728,72.8,1.49,3.53,3.19,19.86,207.3772,256.9674,293.033
2026-01-05,CUBI,76.18,76.55,0.486,0.792,79.2,0.88,2.81,2.79,32.49,70.0856,86.8452,99.034
2026-01-05,COHU,25.1,26.2,4.382,0.869,86.9,1.66,2.81,4.45,10.35,23.092,28.614,32.63
2026-01-05,COLB,25.1,26.2,4.382,0.869,86.9,1.66,2.81,4.45,10.35,23.092,28.614,32.63
2026-01-05,NBR,58.25,59.0,1.288,0.899,89.9,1.98,4.7,7.72,18.78,53.59,66.405,75.725
2026-01-05,BMA,92.0851,92.2742,0.205,0.97,97.0,1.21,4.38,3.73,22.13,84.7183,104.977,119.7106
2026-01-05,CRAI,213.0,211.15,-0.869,0.782,78.2,1.22,2.76,5.13,22.85,195.96,242.82,276.9
2026-01-05,AZTR,35.75,35.45,-0.839,0.702,70.2,0.69,3.71,2.49,26.72,32.89,40.755,46.475
2026-01-05,AZUL,35.75,35.45,-0.839,0.702,70.2,0.69,3.71,2.49,26.72,32.89,40.755,46.475
2026-01-05,NVSGF,18.14,18.07,-0.386,0.94,94.0,0.74,1.61,0.43,27.89,16.6888,20.6796,23.582
2026-01-05,GLDG,13.67,13.61,-0.439,0.763,76.3,1.32,2.5,1.64,6.09,12.5764,15.5838,17.771
2026-01-05,FTRE1,16.62,18.12,9.025,0.95,95.0,0.97,5.42,1.21,21.9,15.2904,18.9468,21.606
2026-01-05,NEO,12.08,12.04,-0.331,0.891,89.1,0.99,3.37,0.96,19.63,11.1136,13.7712,15.704
2026-01-05,CAEP,31.9,31.93,0.094,0.713,71.3,0.99,2.33,6.98,18.8,29.348,36.366,41.47
2026-01-05,NMIH,41.21,40.94,-0.655,0.753,75.3,0.89,1.88,2.31,15.79,37.9132,46.9794,53.573
2026-01-05,NMIL,41.21,40.94,-0.655,0.753,75.3,0.89,1.88,2.31,15.79,37.9132,46.9794,53.573
2026-01-05,PGEN,4.18,4.17,-0.239,0.884,88.4,0.67,6.94,4.6,21.79,3.8456,4.7652,5.434
2026-01-05,MCW,5.8,5.77,-0.517,0.752,75.2,1.13,2.71,3.73,7.39,5.336,6.612,7.54
2026-01-05,PAX,16.5409,16.5606,0.12,0.812,81.2,1.53,2.29,5.48,8.2,15.2176,18.8566,21.5031
2026-01-05,BJGP,41.55,41.43,-0.289,0.894,89.4,1.19,2.87,3.75,19.07,38.226,47.367,54.015
2026-01-05,BJRI,41.55,41.43,-0.289,0.894,89.4,1.19,2.87,3.75,19.07,38.226,47.367,54.015
2026-01-05,CDO,19.81,18.91,-4.543,0.896,89.6,0.75,3.96,1.77,14.03,18.2252,22.5834,25.753
2026-01-05,ANNSF,5.22,5.17,-0.958,0.952,95.2,1.85,6.07,5.03,15.22,4.8024,5.9508,6.786
2026-01-05,ANNX,5.22,5.17,-0.958,0.952,95.2,1.85,6.07,5.03,15.22,4.8024,5.9508,6.786
2026-01-05,ANOR,5.22,5.17,-0.958,0.952,95.2,1.85,6.07,5.03,15.22,4.8024,5.9508,6.786
2026-01-05,BHC,7.4,7.42,0.27,0.775,77.5,1.12,3.58,5.69,16.38,6.808,8.436,9.62
2026-01-05,BHC.A,7.4,7.42,0.27,0.775,77.5,1.12,3.58,5.69,16.38,6.808,8.436,9.62
2026-01-05,BHE,7.4,7.42,0.27,0.775,77.5,1.12,3.58,5.69,16.38,6.808,8.436,9.62
2026-01-05,ACT,40.1101,40.0404,-0.174,0.726,72.6,1.34,1.61,1.52,10.4,36.9013,45.7255,52.1431
2026-01-05,BBAO,18.6375,18.6675,0.161,0.975,97.5,1.06,4.52,6.13,10.86,17.1465,21.2468,24.2288
2026-01-05,BBAR,18.6375,18.6675,0.161,0.975,97.5,1.06,4.52,6.13,10.86,17.1465,21.2468,24.2288
2026-01-05,BBAR1,18.6375,18.6675,0.161,0.975,97.5,1.06,4.52,6.13,10.86,17.1465,21.2468,24.2288
2026-01-05,ARCO,7.72,7.72,0.0,0.747,74.7,2.8,2.11,5.83,6.66,7.1024,8.8008,10.036
2026-01-05,DHC,5.1708,5.1509,-0.386,0.831,83.1,3.98,3.43,6.01,5.98,4.7572,5.8948,6.7221
2026-01-05,DHCC,5.1708,5.1509,-0.386,0.831,83.1,3.98,3.43,6.01,5.98,4.7572,5.8948,6.7221
2026-01-05,ATEYY,137.93,137.78,-0.109,0.782,78.2,2.51,2.96,7.49,6.46,126.8956,157.2402,179.309
2026-01-05,MLKIQ,18.224,18.0655,-0.87,0.71,71.0,0.69,3.07,5.33,14.98,16.7661,20.7754,23.6912
2026-01-05,MLKN,18.224,18.0655,-0.87,0.71,71.0,0.69,3.07,5.33,14.98,16.7661,20.7754,23.6912
2026-01-05,IDEXY,16.5,16.52,0.121,0.792,79.2,0.66,2.01,1.34,6.04,15.18,18.81,21.45
2026-01-05,EBS,12.85,12.72,-1.012,0.885,88.5,1.17,3.97,5.31,10.22,11.822,14.649,16.705
2026-01-05,NEXA,9.11,9.16,0.549,0.955,95.5,1.37,4.94,9.53,6.54,8.3812,10.3854,11.843
2026-01-05,ALNT,58.33,58.01,-0.549,0.887,88.7,1.02,4.09,5.57,9.26,53.6636,66.4962,75.829
2026-01-05,MLAAU,87.1039,86.1755,-1.066,0.851,85.1,1.21,4.05,9.49,9.09,80.1356,99.2985,113.2351
2026-01-05,MLAB,87.1039,86.1755,-1.066,0.851,85.1,1.21,4.05,9.49,9.09,80.1356,99.2985,113.2351
2026-01-05,CLB,18.12,18.17,0.276,0.934,93.4,1.86,3.35,9.44,6.78,16.6704,20.6568,23.556
2026-01-05,HTLD,9.84,9.99,1.524,0.72,72.0,1.27,2.5,6.7,6.17,9.0528,11.2176,12.792
2026-01-06,GOOGL,314.1189,314.1388,0.006,0.868,86.8,1.05,2.17,0.82,9308.24,288.9894,358.0955,408.3545
2026-01-06,GOOG,314.55,314.57,0.006,0.867,86.7,1.0,2.15,0.62,5990.45,289.386,358.587,408.915
2026-01-06,INTC,40.04,40.18,0.35,0.71,71.0,1.05,3.37,8.12,2532.82,36.8368,45.6456,52.052
2026-01-06,LLY,1064.04,1077.0,1.218,0.83,83.0,0.91,2.47,1.25,3137.4,978.9168,1213.0056,1383.2521
2026-01-06,AMAT,296.01,292.0,-1.355,0.848,84.8,1.17,2.1,12.56,1823.92,272.3292,337.4514,384.813
2026-01-06,GS,955.47,956.88,0.148,0.817,81.7,0.91,2.23,6.55,2059.49,879.0324,1089.2358,1242.111
2026-01-06,BAC,57.25,56.69,-0.978,0.732,73.2,0.9,1.57,3.58,2022.44,52.67,65.265,74.425
2026-01-06,CAT,621.6356,621.5458,-0.014,0.834,83.4,1.06,2.44,5.52,1592.19,571.9047,708.6645,808.1262
2026-01-06,TXN,190.8542,187.2478,-1.89,0.808,80.8,2.16,1.63,8.39,1168.88,175.5859,217.5738,248.1105
2026-01-06,BE,103.05,107.65,4.464,0.771,77.1,1.08,8.3,9.42,1073.79,94.806,117.477,133.965
2026-01-06,KLAC,1395.0,1369.0699,-1.859,0.774,77.4,1.48,2.1,10.03,1076.63,1283.4,1590.3,1813.5
2026-01-06,C,121.8648,121.6758,-0.155,0.858,85.8,0.84,2.09,5.96,1737.8,112.1156,138.9259,158.4242
2026-01-06,MRK,108.87,109.51,0.588,0.841,84.1,1.03,2.13,6.12,1532.74,100.1604,124.1118,141.531
2026-01-06,WFC,95.9186,95.2419,-0.705,0.798,79.8,0.95,1.81,3.29,1247.89,88.2451,109.3472,124.6941
2026-01-06,MS,186.7207,186.2732,-0.24,0.792,79.2,0.73,1.81,4.64,965.58,171.783,212.8616,242.7369
2026-01-06,ADI,292.0256,287.9883,-1.383,0.822,82.2,1.88,1.9,5.54,998.17,268.6636,332.9092,379.6333
2026-01-06,COF,257.94,257.24,-0.271,0.814,81.4,1.65,1.88,6.06,821.35,237.3048,294.0516,335.322
2026-01-06,RTX,190.4,191.92,0.798,0.76,76.0,0.93,1.8,4.77,805.12,175.168,217.056,247.52
2026-01-06,AXP,383.56,383.9,0.089,0.77,77.0,1.02,1.84,1.9,960.9,352.8752,437.2584,498.628
2026-01-06,COHR1,194.11,190.0,-2.117,0.944,94.4,1.21,5.68,3.81,747.17,178.5812,221.2854,252.343
2026-01-06,NEM,109.2,105.79,-3.123,0.858,85.8,1.23,3.27,8.71,984.96,100.464,124.488,141.96
2026-01-06,ISRG,592.85,592.89,0.007,0.887,88.7,1.68,1.88,4.71,927.99,545.422,675.849,770.705
2026-01-06,SNPS,508.77,508.0,-0.151,0.878,87.8,1.18,2.19,6.72,799.29,468.0684,579.9978,661.401
2026-01-06,SLB,43.3742,43.6327,0.596,0.884,88.4,1.81,2.67,11.55,695.48,39.9043,49.4466,56.3865
2026-01-06,F,13.8,13.8,0.0,0.801,80.1,1.87,1.79,2.95,622.4,12.696,15.732,17.94
2026-01-06,CIEN,254.19,253.0,-0.468,0.937,93.7,1.18,5.61,10.94,745.56,233.8548,289.7766,330.447
2026-01-06,DHR,236.59,236.85,0.11,0.736,73.6,0.85,1.79,3.52,739.04,217.6628,269.7126,307.567
2026-01-06,NU,17.86,17.62,-1.344,0.739,73.9,1.66,2.31,6.62,651.3,16.4312,20.3604,23.218
2026-01-06,AAL,15.67,15.74,0.447,0.891,89.1,1.57,3.09,1.45,843.96,14.4164,17.8638,20.371
2026-01-06,BMY,54.42,55.24,1.507,0.819,81.9,1.09,1.9,2.91,836.79,50.0664,62.0388,70.746
2026-01-06,GM,82.18,82.1,-0.097,0.922,92.2,0.9,1.79,0.97,725.89,75.6056,93.6852,106.834
2026-01-06,TGT,103.2499,103.2499,0.0,0.767,76.7,1.06,2.73,6.86,752.1,94.9899,117.7049,134.2249
2026-01-06,FITB,49.78,49.66,-0.241,0.722,72.2,1.24,1.81,5.03,345.03,45.7976,56.7492,64.714
2026-01-06,EXPE,299.21,297.9,-0.438,0.899,89.9,1.15,2.4,5.77,473.49,275.2732,341.0994,388.973
2026-01-06,UPS,105.22,105.52,0.285,0.842,84.2,1.24,1.72,4.82,590.92,96.8024,119.9508,136.786
2026-01-06,VALE,14.17,14.07,-0.706,0.857,85.7,2.27,1.72,8.53,384.15,13.0364,16.1538,18.421
2026-01-06,SATS,116.06,116.13,0.06,0.931,93.1,1.5,5.17,10.22,631.13,106.7752,132.3084,150.878
2026-01-06,USB,56.08,55.75,-0.588,0.784,78.4,1.03,1.54,4.7,507.59,51.5936,63.9312,72.904
2026-01-06,FDX,307.93,305.9,-0.659,0.873,87.3,1.7,1.99,6.71,548.02,283.2956,351.0402,400.309
2026-01-06,ABNB,138.02,137.65,-0.268,0.725,72.5,0.75,2.11,3.72,571.6,126.9784,157.3428,179.426
2026-01-06,REGN,775.607,785.2354,1.241,0.895,89.5,1.14,2.21,2.4,637.85,713.5584,884.192,1008.2891
2026-01-06,RKT,21.21,21.42,0.99,0.869,86.9,1.32,3.54,10.02,403.67,19.5132,24.1794,27.573
2026-01-06,FSLR,268.78,254.02,-5.491,0.723,72.3,0.87,4.43,1.4,502.4,247.2776,306.4092,349.414
2026-01-06,PH,927.0323,927.0822,0.005,0.847,84.7,1.25,1.75,4.84,509.9,852.8697,1056.8168,1205.142
2026-01-06,HWM,214.5671,215.3167,0.349,0.709,70.9,1.17,2.37,5.77,450.06,197.4017,244.6065,278.9372
2026-01-06,PNC,216.3792,215.7242,-0.303,0.728,72.8,1.2,1.74,3.61,412.69,199.0688,246.6722,281.2929
2026-01-06,CCL,32.3,31.48,-2.539,0.704,70.4,1.09,3.38,9.46,687.7,29.716,36.822,41.99
2026-01-06,MDB,435.86,435.01,-0.195,0.877,87.7,1.22,3.0,2.87,623.85,400.9912,496.8804,566.618
2026-01-06,UAL,117.53,118.3,0.655,0.738,73.8,1.26,2.61,5.45,505.64,108.1276,133.9842,152.789
2026-01-06,DAL,72.22,72.74,0.72,0.804,80.4,1.08,2.34,2.88,518.46,66.4424,82.3308,93.886
2026-01-06,CMIIU,544.928,544.0609,-0.159,0.86,86.0,1.16,2.06,6.02,441.51,501.3338,621.218,708.4065
2026-01-06,CMIKA,544.928,544.0609,-0.159,0.86,86.0,1.16,2.06,6.02,441.51,501.3338,621.218,708.4065
2026-01-06,CMIN,544.928,544.0609,-0.159,0.86,86.0,1.16,2.06,6.02,441.51,501.3338,621.218,708.4065
2026-01-06,CMIV,544.928,544.0609,-0.159,0.86,86.0,1.16,2.06,6.02,441.51,501.3338,621.218,708.4065
2026-01-06,MAR,321.86,319.74,-0.659,0.703,70.3,1.25,1.55,2.7,410.68,296.1112,366.9204,418.418
2026-01-06,HCA,483.6,483.3,-0.062,0.733,73.3,1.0,2.11,1.73,564.21,444.912,551.304,628.68
2026-01-06,CCJ,102.09,102.3,0.206,0.762,76.2,1.15,3.94,10.23,337.12,93.9228,116.3826,132.717
2026-01-06,FIX,1035.11,1028.6899,-0.62,0.825,82.5,0.81,4.25,6.67,833.58,952.3012,1180.0254,1345.643
2026-01-06,TFC,51.18,51.17,-0.02,0.751,75.1,0.99,1.66,2.67,391.92,47.0856,58.3452,66.534
2026-01-06,CTSH,84.62,84.5,-0.142,0.823,82.3,1.04,2.06,1.09,400.13,77.8504,96.4668,110.006
2026-01-06,CHSCL,167.0885,166.9091,-0.107,0.872,87.2,0.84,2.04,3.69,239.39,153.7214,190.4809,217.215
2026-01-06,BK,120.775,121.0837,0.256,0.711,71.1,0.98,1.67,3.7,442.43,111.113,137.6835,157.0075
2026-01-06,EL,108.55,107.49,-0.977,0.737,73.7,0.84,2.49,2.35,335.27,99.866,123.747,141.115
2026-01-06,ROST,187.53,187.41,-0.064,0.838,83.8,1.17,1.5,3.05,457.06,172.5276,213.7842,243.789
2026-01-06,IQV,240.53,241.0,0.195,0.767,76.7,1.36,1.96,6.76,289.07,221.2876,274.2042,312.689
2026-01-06,DG,144.69,145.04,0.242,0.922,92.2,1.55,2.95,7.95,545.32,133.1148,164.9466,188.097
2026-01-06,SCCO,158.0471,154.9963,-1.93,0.826,82.6,1.52,2.55,9.73,173.91,145.4033,180.1737,205.4612
2026-01-06,ODFL,168.88,169.08,0.118,0.78,78.0,0.95,2.72,6.66,362.77,155.3696,192.5232,219.544
2026-01-06,PCAR,116.7759,116.4667,-0.265,0.815,81.5,2.24,1.51,4.68,336.23,107.4339,133.1246,151.8087
2026-01-06,ROK,413.36,415.53,0.525,0.796,79.6,1.07,1.98,3.31,293.85,380.2912,471.2304,537.368
2026-01-06,KGC,30.39,29.7,-2.27,0.835,83.5,0.95,3.52,6.98,234.54,27.9588,34.6446,39.507
2026-01-06,MKSI,183.3231,180.1361,-1.738,0.896,89.6,1.25,3.14,12.38,153.0,168.6572,208.9883,238.32
2026-01-06,ROG-SW,329.9,331.7,0.546,0.719,71.9,0.87,1.99,2.96,370.58,303.508,376.086,428.87
2026-01-06,EW,85.85,86.27,0.489,0.714,71.4,1.29,1.77,0.85,253.11,78.982,97.869,111.605
2026-01-06,KEX,21.3585,21.309,-0.232,0.781,78.1,1.17,1.81,3.74,313.72,19.6498,24.3487,27.7661
2026-01-06,WPM,125.51,121.92,-2.86,0.801,80.1,1.0,3.39,6.74,230.19,115.4692,143.0814,163.163
2026-01-06,LPNT,376.1989,374.4306,-0.47,0.727,72.7,0.86,2.7,1.87,276.42,346.1029,428.8667,489.0585
2026-01-06,KEYS,213.64,213.0,-0.3,0.832,83.2,0.99,2.07,3.35,216.97,196.5488,243.5496,277.732
2026-01-06,NUE,169.35,168.26,-0.644,0.816,81.6,1.17,2.25,3.69,264.47,155.802,193.059,220.155
2026-01-06,TEVA,32.11,32.87,2.367,0.946,94.6,2.03,2.07,4.91,301.29,29.5412,36.6054,41.743
2026-01-06,BROS,63.26,63.36,0.158,0.855,85.5,1.66,3.14,1.63,181.67,58.1992,72.1164,82.238
2026-01-06,CRSR,335.4774,338.9153,1.025,0.888,88.8,0.62,3.52,3.68,333.29,308.6392,382.4442,436.1206
2026-01-06,AU,93.66,90.62,-3.246,0.874,87.4,1.32,3.46,8.92,233.28,86.1672,106.7724,121.758
2026-01-06,AME,214.16,213.9,-0.121,0.752,75.2,0.86,1.52,4.5,289.32,197.0272,244.1424,278.408
2026-01-06,MTB,211.33,209.93,-0.662,0.701,70.1,0.95,1.79,3.23,205.15,194.4236,240.9162,274.729
2026-01-06,STT,134.32,133.41,-0.677,0.728,72.8,1.06,2.02,4.33,295.94,123.5744,153.1248,174.616
2026-01-06,BIIB,182.61,181.7,-0.498,0.714,71.4,2.52,1.98,1.22,153.05,168.0012,208.1754,237.393
2026-01-06,ATHXQ,120.86,121.91,0.869,0.919,91.9,1.34,2.82,7.68,185.25,111.1912,137.7804,157.118
2026-01-06,ATI,120.86,121.91,0.869,0.919,91.9,1.34,2.82,7.68,185.25,111.1912,137.7804,157.118
2026-01-06,ATI1,120.86,121.91,0.869,0.919,91.9,1.34,2.82,7.68,185.25,111.1912,137.7804,157.118
2026-01-06,NOK,6.47,6.77,4.637,0.834,83.4,1.18,1.79,1.02,126.7,5.9524,7.3758,8.411
2026-01-06,AGNC,11.042,11.0717,0.269,0.731,73.1,1.29,1.51,5.71,183.19,10.1586,12.5879,14.3546
2026-01-06,NTRA,248.74,253.08,1.745,0.912,91.2,1.39,2.58,6.88,276.96,228.8408,283.5636,323.362
2026-01-06,HII,366.4549,368.7178,0.618,0.862,86.2,0.99,2.67,8.64,177.33,337.1385,417.7586,476.3914
2026-01-06,PRU,117.67,117.28,-0.331,0.74,74.0,1.01,1.7,2.37,181.05,108.2564,134.1438,152.971
2026-01-06,PKN-WA,99.75,99.7,-0.05,0.734,73.4,1.21,2.15,6.17,198.41,91.77,113.715,129.675
2026-01-06,ITUB,7.45,7.34,-1.477,0.754,75.4,1.51,1.72,5.4,119.93,6.854,8.493,9.685
2026-01-06,DD,43.2664,43.2763,0.023,0.889,88.9,1.23,1.89,5.83,210.53,39.8051,49.3237,56.2463
2026-01-06,NGD,9.52,9.15,-3.887,0.902,90.2,1.29,5.9,10.47,165.63,8.7584,10.8528,12.376
2026-01-06,GH,112.33,112.66,0.294,0.956,95.6,2.38,3.65,10.14,211.52,103.3436,128.0562,146.029
2026-01-06,ARWM,70.81,66.13,-6.609,0.966,96.6,3.05,5.76,3.78,189.37,65.1452,80.7234,92.053
2026-01-06,ARWR,70.81,66.13,-6.609,0.966,96.6,3.05,5.76,3.78,189.37,65.1452,80.7234,92.053
2026-01-06,EAXR,155.95,155.76,-0.122,0.836,83.6,1.0,3.93,6.5,164.81,143.474,177.783,202.735
2026-01-06,EB,155.95,155.76,-0.122,0.836,83.6,1.0,3.93,6.5,164.81,143.474,177.783,202.735
2026-01-06,EBBGF,155.95,155.76,-0.122,0.836,83.6,1.0,3.93,6.5,164.81,143.474,177.783,202.735
2026-01-06,EBBNF,155.95,155.76,-0.122,0.836,83.6,1.0,3.93,6.5,164.81,143.474,177.783,202.735
2026-01-06,EPAM,218.38,218.0,-0.174,0.916,91.6,1.35,2.89,4.72,159.32,200.9096,248.9532,283.894
2026-01-06,MTDR,1485.15,1483.0,-0.145,0.705,70.5,0.98,2.0,5.39,191.57,1366.338,1693.071,1930.695
2026-01-06,GAP,26.885,27.02,0.502,0.882,88.2,1.49,3.41,2.22,211.66,24.7342,30.6489,34.9505
2026-01-06,JLL,350.54,351.89,0.385,0.805,80.5,2.08,2.36,3.95,122.82,322.4968,399.6156,455.702
2026-01-06,JLMI,350.54,351.89,0.385,0.805,80.5,2.08,2.36,3.95,122.82,322.4968,399.6156,455.702
2026-01-06,IAG,16.83,16.35,-2.852,0.887,88.7,0.93,3.98,2.89,118.51,15.4836,19.1862,21.879
2026-01-06,IOR,81.49,82.5,1.239,0.737,73.7,1.54,2.58,2.41,140.66,74.9708,92.8986,105.937
2026-01-06,MEDP,608.89,610.96,0.34,0.756,75.6,1.02,2.3,7.49,123.77,560.1788,694.1346,791.557
2026-01-06,MEDP1,608.89,610.96,0.34,0.756,75.6,1.02,2.3,7.49,123.77,560.1788,694.1346,791.557
2026-01-06,GFI,47.22,45.25,-4.172,0.764,76.4,1.07,3.83,6.12,127.18,43.4424,53.8308,61.386
2026-01-06,AGI,40.6,39.49,-2.734,0.823,82.3,0.96,3.29,5.19,96.42,37.352,46.284,52.78
2026-01-06,ASX,17.5,17.55,0.286,0.928,92.8,1.69,2.0,10.21,116.29,16.1,19.95,22.75
2026-01-06,ASA,38.64,38.69,0.129,0.772,77.2,1.02,2.71,1.19,123.74,35.5488,44.0496,50.232
2026-01-06,ANF,128.85,128.5,-0.272,0.949,94.9,0.86,4.09,8.31,250.59,118.542,146.889,167.505
2026-01-06,COOL,84.32,84.32,0.0,0.793,79.3,0.97,2.01,2.93,209.31,77.5744,96.1248,109.616
2026-01-06,ALLY,47.06,47.0,-0.127,0.796,79.6,1.19,2.01,3.78,132.91,43.2952,53.6484,61.178
2026-01-06,HBM,21.43,20.78,-3.033,0.84,84.0,1.1,3.22,10.79,93.01,19.7156,24.4302,27.859
2026-01-06,POW-TO,74.05,73.77,-0.378,0.795,79.5,1.59,1.58,2.5,148.73,68.126,84.417,96.265
2026-01-06,AGX,330.0043,332.591,0.784,0.811,81.1,1.23,4.78,2.11,98.54,303.604,376.2049,429.0056
2026-01-06,AGX1,330.0043,332.591,0.784,0.811,81.1,1.23,4.78,2.11,98.54,303.604,376.2049,429.0056
2026-01-06,FMG-AX,22.84,23.35,2.233,0.755,75.5,1.24,2.31,2.18,138.38,21.0128,26.0376,29.692
2026-01-06,HABC,167.4643,166.1655,-0.776,0.727,72.7,1.2,2.55,3.11,128.75,154.0672,190.9093,217.7036
2026-01-06,CFR-SW,172.85,172.45,-0.231,0.7,70.0,1.2,1.68,1.4,128.32,159.022,197.049,224.705
2026-01-06,VTRS,12.4,12.51,0.887,0.842,84.2,1.18,2.47,3.77,110.93,11.408,14.136,16.12
2026-01-06,AMFIQ,310.2992,309.7793,-0.168,0.857,85.7,0.66,2.52,9.01,152.07,285.4753,353.7411,403.389
2026-01-06,CCK,104.0,104.37,0.356,0.711,71.1,1.02,2.05,2.61,149.05,95.68,118.56,135.2
2026-01-06,BORD,195.98,195.91,-0.036,0.744,74.4,1.06,3.89,1.68,111.61,180.3016,223.4172,254.774
2026-01-06,FLSCQ,72.8,72.41,-0.536,0.908,90.8,1.38,2.12,2.33,80.88,66.976,82.992,94.64
2026-01-06,BRL,52.67,52.17,-0.949,0.919,91.9,1.93,3.65,11.59,105.34,48.4564,60.0438,68.471
2026-01-06,HMYRQ,21.37,20.62,-3.51,0.763,76.3,0.91,3.86,4.43,83.08,19.6604,24.3618,27.781
2026-01-06,APG,41.18,41.1,-0.194,0.758,75.8,1.13,2.45,4.88,98.49,37.8856,46.9452,53.534
2026-01-06,MLIN,119.91,120.1,0.158,0.813,81.3,0.73,1.98,3.91,100.97,110.3172,136.6974,155.883
2026-01-06,PFSI,134.5673,134.9261,0.267,0.765,76.5,0.91,2.06,2.12,38.2,123.8019,153.4067,174.9375
2026-01-06,MT,47.31,48.42,2.346,0.786,78.6,2.15,1.74,3.99,54.59,43.5252,53.9334,61.503
2026-01-06,MICU,156.45,156.4,-0.032,0.761,76.1,0.75,2.74,6.46,127.88,143.934,178.353,203.385
2026-01-06,ITX-MC,57.04,57.6,0.982,0.813,81.3,0.88,1.67,2.63,115.26,52.4768,65.0256,74.152
2026-01-06,FOX,67.73,67.68,-0.074,0.859,85.9,0.78,1.68,5.37,93.03,62.3116,77.2122,88.049
2026-01-06,DDUP,652.75,654.99,0.343,0.713,71.3,1.26,3.78,0.43,100.82,600.53,744.135,848.575
2026-01-06,DEA,652.75,654.99,0.343,0.713,71.3,1.26,3.78,0.43,100.82,600.53,744.135,848.575
2026-01-06,RYAAY,71.0991,71.0296,-0.098,0.77,77.0,1.55,1.64,0.34,72.74,65.4112,81.053,92.4288
2026-01-06,FSM,10.42,10.1,-3.071,0.74,74.0,1.17,4.42,6.02,77.78,9.5864,11.8788,13.546
2026-01-06,COLD,28.6392,28.5997,-0.138,0.721,72.1,1.06,1.93,0.98,68.16,26.3481,32.6487,37.231
2026-01-06,NVTAQ,23.21,23.27,0.259,0.726,72.6,0.99,2.65,5.89,51.97,21.3532,26.4594,30.173
2026-01-06,BKEP,11.31,11.36,0.442,0.854,85.4,2.55,2.57,5.73,32.41,10.4052,12.8934,14.703
2026-01-06,GVA,120.57,120.49,-0.066,0.719,71.9,0.85,2.34,4.17,85.76,110.9244,137.4498,156.741
2026-01-06,CUKPF,31.8615,31.0851,-2.437,0.818,81.8,1.08,3.33,12.53,68.44,29.3126,36.3221,41.4199
2026-01-06,CELC,105.02,105.61,0.562,0.972,97.2,0.65,4.17,3.19,88.94,96.6184,119.7228,136.526
2026-01-06,CELH,105.02,105.61,0.562,0.972,97.2,0.65,4.17,3.19,88.94,96.6184,119.7228,136.526
2026-01-06,AMTM,31.53,31.7,0.539,0.879,87.9,1.2,3.01,6.51,61.08,29.0076,35.9442,40.989
2026-01-06,HUN,10.93,10.95,0.183,0.849,84.9,1.17,4.27,7.14,45.68,10.0556,12.4602,14.209
2026-01-06,OSK,284.57,284.52,-0.018,0.71,71.0,2.14,3.32,7.17,69.32,261.8044,324.4098,369.941
2026-01-06,BFNBQ,80.0271,79.8476,-0.224,0.914,91.4,1.52,2.31,6.01,59.98,73.625,91.2309,104.0353
2026-01-06,BFNH,80.0271,79.8476,-0.224,0.914,91.4,1.52,2.31,6.01,59.98,73.625,91.2309,104.0353
2026-01-06,APGE,78.25,78.06,-0.243,0.921,92.1,1.62,4.3,2.06,81.96,71.99,89.205,101.725
2026-01-06,PAA,18.06,18.15,0.498,0.716,71.6,1.27,1.67,1.69,51.75,16.6152,20.5884,23.478
2026-01-06,ARR,17.7524,17.7816,0.165,0.79,79.0,1.32,1.83,5.15,57.5,16.3322,20.2377,23.0781
2026-01-06,ARRKF,17.7524,17.7816,0.165,0.79,79.0,1.32,1.83,5.15,57.5,16.3322,20.2377,23.0781
2026-01-06,ARRO,17.7524,17.7816,0.165,0.79,79.0,1.32,1.83,5.15,57.5,16.3322,20.2377,23.0781
2026-01-06,ARRS,17.7524,17.7816,0.165,0.79,79.0,1.32,1.83,5.15,57.5,16.3322,20.2377,23.0781
2026-01-06,AUGO,53.21,52.33,-1.654,0.915,91.5,1.43,4.46,9.09,34.81,48.9532,60.6594,69.173
2026-01-06,ASM,6.42,6.17,-3.894,0.84,84.0,0.84,6.27,2.42,34.26,5.9064,7.3188,8.346
2026-01-06,BTSG,40.67,40.67,0.0,0.906,90.6,1.22,3.1,9.59,76.39,37.4164,46.3638,52.871
2026-01-06,GGAL,53.4957,53.8544,0.671,0.94,94.0,0.82,3.79,2.64,55.64,49.216,60.9851,69.5444
2026-01-06,ERAS,3.63,3.73,2.755,0.926,92.6,1.71,7.03,3.86,9.64,3.3396,4.1382,4.719
2026-01-06,PPTA,28.05,27.19,-3.066,0.753,75.3,0.88,6.46,6.04,60.53,25.806,31.977,36.465
2026-01-06,PPTV,28.05,27.19,-3.066,0.753,75.3,0.88,6.46,6.04,60.53,25.806,31.977,36.465
2026-01-06,BVN,30.14,29.4,-2.455,0.793,79.3,1.29,3.55,6.65,60.76,27.7288,34.3596,39.182
2026-01-06,LNTH,69.68,69.81,0.187,0.886,88.6,1.05,2.69,5.87,77.75,64.1056,79.4352,90.584
2026-01-06,MYRX,235.44,236.64,0.51,0.73,73.0,1.21,3.69,5.09,55.44,216.6048,268.4016,306.072
2026-01-06,AMR,211.55,208.62,-1.385,0.849,84.9,0.9,4.66,7.15,51.28,194.626,241.167,275.015
2026-01-06,ATRO,59.48,59.31,-0.286,0.863,86.3,1.6,4.1,9.33,39.18,54.7216,67.8072,77.324
2026-01-06,ATEN1,21.79,22.02,1.056,0.943,94.3,1.21,3.1,5.93,43.39,20.0468,24.8406,28.327
2026-01-06,ATER,21.79,22.02,1.056,0.943,94.3,1.21,3.1,5.93,43.39,20.0468,24.8406,28.327
2026-01-06,ALH,93.2,93.75,0.59,0.934,93.4,1.21,3.9,8.58,28.11,85.744,106.248,121.16
2026-01-06,ALHC,93.2,93.75,0.59,0.934,93.4,1.21,3.9,8.58,28.11,85.744,106.248,121.16
2026-01-06,ALI,93.2,93.75,0.59,0.934,93.4,1.21,3.9,8.58,28.11,85.744,106.248,121.16
2026-01-06,LGIQ,46.0,45.87,-0.283,0.923,92.3,1.51,4.62,4.08,79.75,42.32,52.44,59.8
2026-01-06,LGL,46.0,45.87,-0.283,0.923,92.3,1.51,4.62,4.08,79.75,42.32,52.44,59.8
2026-01-06,LGL-WT,46.0,45.87,-0.283,0.923,92.3,1.51,4.62,4.08,79.75,42.32,52.44,59.8
2026-01-06,LGN,46.0,45.87,-0.283,0.923,92.3,1.51,4.62,4.08,79.75,42.32,52.44,59.8
2026-01-06,BANC,20.12,20.05,-0.348,0.725,72.5,0.91,2.1,2.5,34.16,18.5104,22.9368,26.156
2026-01-06,DAP,25.791,25.8508,0.232,0.907,90.7,0.72,2.79,10.25,50.54,23.7277,29.4017,33.5283
2026-01-06,DAR,25.791,25.8508,0.232,0.907,90.7,0.72,2.79,10.25,50.54,23.7277,29.4017,33.5283
2026-01-06,GU1,18.0687,18.0687,0.0,0.903,90.3,0.92,2.42,5.13,41.42,16.6232,20.5983,23.4893
2026-01-06,MODG,13.17,13.1,-0.532,0.921,92.1,1.48,3.73,11.44,32.77,12.1164,15.0138,17.121
2026-01-06,KNGRF,75.6,75.8,0.265,0.708,70.8,0.95,2.74,1.75,33.98,69.552,86.184,98.28
2026-01-06,CSTM,19.9,19.79,-0.553,0.883,88.3,2.11,2.77,6.49,24.48,18.308,22.686,25.87
2026-01-06,ATMP,54.1442,53.9843,-0.295,0.809,80.9,0.78,2.37,2.59,33.37,49.8126,61.7244,70.3874
2026-01-06,ATMV,54.1442,53.9843,-0.295,0.809,80.9,0.78,2.37,2.59,33.37,49.8126,61.7244,70.3874
2026-01-06,ATMVR,54.1442,53.9843,-0.295,0.809,80.9,0.78,2.37,2.59,33.37,49.8126,61.7244,70.3874
2026-01-06,PATK,112.4026,112.8909,0.434,0.743,74.3,1.09,2.85,0.86,31.83,103.4104,128.139,146.1234
2026-01-06,CRI,35.06,35.17,0.314,0.787,78.7,2.26,3.62,8.19,34.58,32.2552,39.9684,45.578
2026-01-06,CRIC,35.06,35.17,0.314,0.787,78.7,2.26,3.62,8.19,34.58,32.2552,39.9684,45.578
2026-01-06,PLAB,35.2,34.58,-1.761,0.918,91.8,0.91,5.46,4.92,79.05,32.384,40.128,45.76
2026-01-06,SDZ-SW,58.88,59.28,0.679,0.808,80.8,0.96,2.01,1.6,42.3,54.1696,67.1232,76.544
2026-01-06,HUBG,45.34,45.31,-0.066,0.866,86.6,0.95,2.36,4.54,38.24,41.7128,51.6876,58.942
2026-01-06,ASH,60.8319,60.8319,-0.0,0.852,85.2,0.81,2.5,3.12,47.34,55.9653,69.3483,79.0814
2026-01-06,LCAV,19.98,20.11,0.651,0.836,83.6,1.1,3.55,2.42,32.48,18.3816,22.7772,25.974
2026-01-06,IP,2.55,2.61,2.353,0.741,74.1,0.71,6.99,1.45,31.78,2.346,2.907,3.315
2026-01-06,AMRX,12.99,13.18,1.463,0.848,84.8,0.83,2.43,3.54,23.34,11.9508,14.8086,16.887
2026-01-06,ARQT,29.22,29.37,0.513,0.905,90.5,0.71,3.8,0.35,56.98,26.8824,33.3108,37.986
2026-01-06,IMVT,25.9,26.05,0.579,0.926,92.6,1.35,4.96,0.84,54.63,23.828,29.526,33.67
2026-01-06,IMXI,25.9,26.05,0.579,0.926,92.6,1.35,4.96,0.84,54.63,23.828,29.526,33.67
2026-01-06,CGAU,15.35,14.98,-2.41,0.897,89.7,0.97,3.52,7.05,18.87,14.122,17.499,19.955
2026-01-06,ORLA,14.16,13.88,-1.977,0.873,87.3,0.8,4.81,3.98,48.71,13.0272,16.1424,18.408
2026-01-06,BLTE,160.18,162.41,1.392,0.97,97.0,1.05,4.48,4.05,35.03,147.3656,182.6052,208.234
2026-01-06,ARCC1,86.4145,85.6753,-0.855,0.748,74.8,1.14,3.51,12.26,36.42,79.5013,98.5125,112.3388
2026-01-06,ARCE,86.4145,85.6753,-0.855,0.748,74.8,1.14,3.51,12.26,36.42,79.5013,98.5125,112.3388
2026-01-06,ARCH,86.4145,85.6753,-0.855,0.748,74.8,1.14,3.51,12.26,36.42,79.5013,98.5125,112.3388
2026-01-06,ARCHQ,86.4145,85.6753,-0.855,0.748,74.8,1.14,3.51,12.26,36.42,79.5013,98.5125,112.3388
2026-01-06,ARCIU,86.4145,85.6753,-0.855,0.748,74.8,1.14,3.51,12.26,36.42,79.5013,98.5125,112.3388
2026-01-06,ARCK,86.4145,85.6753,-0.855,0.748,74.8,1.14,3.51,12.26,36.42,79.5013,98.5125,112.3388
2026-01-06,ARIS,16.4,16.14,-1.585,0.945,94.5,0.59,4.12,3.88,33.16,15.088,18.696,21.32
2026-01-06,ARMO,16.4,16.14,-1.585,0.945,94.5,0.59,4.12,3.88,33.16,15.088,18.696,21.32
2026-01-06,PGNY,26.67,26.67,0.0,0.866,86.6,1.18,3.3,2.88,36.52,24.5364,30.4038,34.671
2026-01-06,PGOL,26.67,26.67,0.0,0.866,86.6,1.18,3.3,2.88,36.52,24.5364,30.4038,34.671
2026-01-06,LAUR1,35.24,35.01,-0.653,0.798,79.8,0.78,2.59,6.32,42.06,32.4208,40.1736,45.812
2026-01-06,BOST,4.13,4.1,-0.726,0.933,93.3,0.95,5.08,2.95,22.04,3.7996,4.7082,5.369
2026-01-06,BOT,4.13,4.1,-0.726,0.933,93.3,0.95,5.08,2.95,22.04,3.7996,4.7082,5.369
2026-01-06,AAUC,25.16,24.59,-2.265,0.908,90.8,0.74,3.93,8.09,18.71,23.1472,28.6824,32.708
2026-01-06,AAUGF,25.16,24.59,-2.265,0.908,90.8,0.74,3.93,8.09,18.71,23.1472,28.6824,32.708
2026-01-06,OMCL,47.07,47.06,-0.021,0.93,93.0,0.68,3.57,4.02,30.86,43.3044,53.6598,61.191
2026-01-06,CUBI,77.17,77.12,-0.065,0.769,76.9,0.97,2.89,3.69,33.69,70.9964,87.9738,100.321
2026-01-06,J36-SI,72.0,70.67,-1.847,0.724,72.4,1.69,2.24,5.6,18.39,66.24,82.08,93.6
2026-01-06,COHU,27.01,26.66,-1.296,0.863,86.3,3.69,2.89,11.93,13.0,24.8492,30.7914,35.113
2026-01-06,COLB,27.01,26.66,-1.296,0.863,86.3,3.69,2.89,11.93,13.0,24.8492,30.7914,35.113
2026-01-06,NBR,60.77,60.3,-0.773,0.917,91.7,1.5,4.73,12.13,19.68,55.9084,69.2778,79.001
2026-01-06,BMA,89.1184,89.5863,0.525,0.96,96.0,1.5,4.33,0.2,21.27,81.989,101.595,115.854
2026-01-06,CRAI,215.01,215.01,0.0,0.785,78.5,1.22,2.81,5.46,23.78,197.8092,245.1114,279.513
2026-01-06,AZTR,36.98,37.06,0.216,0.742,74.2,0.64,3.83,5.73,27.38,34.0216,42.1572,48.074
2026-01-06,AZUL,36.98,37.06,0.216,0.742,74.2,0.64,3.83,5.73,27.38,34.0216,42.1572,48.074
2026-01-06,NVSGF,18.2,18.25,0.275,0.936,93.6,0.67,1.6,0.76,27.56,16.744,20.748,23.66
2026-01-06,FTRE1,17.54,17.4,-0.798,0.948,94.8,2.06,5.5,5.75,24.06,16.1368,19.9956,22.802
2026-01-06,NEO,12.8,12.82,0.156,0.91,91.0,1.53,3.59,6.57,21.91,11.776,14.592,16.64
2026-01-06,EZPW,21.49,21.49,0.0,0.712,71.2,1.05,3.12,6.38,29.75,19.7708,24.4986,27.937
2026-01-06,GCTK,40.95,40.66,-0.708,0.913,91.3,1.13,4.67,3.1,20.33,37.674,46.683,53.235
2026-01-06,CAEP,32.28,32.28,0.0,0.734,73.4,0.93,2.32,7.37,19.22,29.6976,36.7992,41.964
2026-01-06,IDXG,47.91,46.69,-2.546,0.736,73.6,0.65,7.92,10.22,36.08,44.0772,54.6174,62.283
2026-01-06,PGEN,4.55,4.64,1.978,0.91,91.0,0.75,7.07,12.53,23.9,4.186,5.187,5.915
2026-01-06,MCW,5.87,5.9,0.511,0.776,77.6,0.66,2.74,4.4,7.48,5.4004,6.6918,7.631
2026-01-06,GROY,4.35,4.2,-3.448,0.755,75.5,0.76,4.35,6.18,13.57,4.002,4.959,5.655
2026-01-06,PAC,2.08,2.07,-0.481,0.892,89.2,1.1,6.65,4.79,13.01,1.9136,2.3712,2.704
2026-01-06,PACB,2.08,2.07,-0.481,0.892,89.2,1.1,6.65,4.79,13.01,1.9136,2.3712,2.704
2026-01-06,PACC,2.08,2.07,-0.481,0.892,89.2,1.1,6.65,4.79,13.01,1.9136,2.3712,2.704
2026-01-06,DRUG,93.21,91.64,-1.684,0.931,93.1,4.9,11.0,11.66,21.37,85.7532,106.2594,121.173
2026-01-06,PAX,16.9959,16.9564,-0.233,0.822,82.2,1.65,2.36,7.72,8.78,15.6363,19.3754,22.0947
2026-01-06,BJGP,43.25,43.61,0.832,0.899,89.9,0.83,3.07,7.19,19.94,39.79,49.305,56.225
2026-01-06,BJRI,43.25,43.61,0.832,0.899,89.9,0.83,3.07,7.19,19.94,39.79,49.305,56.225
2026-01-06,ANNSF,5.1,5.1,0.0,0.938,93.8,1.08,6.0,2.11,15.19,4.692,5.814,6.63
2026-01-06,ANNX,5.1,5.1,0.0,0.938,93.8,1.08,6.0,2.11,15.19,4.692,5.814,6.63
2026-01-06,ANOR,5.1,5.1,0.0,0.938,93.8,1.08,6.0,2.11,15.19,4.692,5.814,6.63
2026-01-06,BHC,7.63,7.71,1.048,0.773,77.3,0.95,3.55,8.43,16.87,7.0196,8.6982,9.919
2026-01-06,BHC.A,7.63,7.71,1.048,0.773,77.3,0.95,3.55,8.43,16.87,7.0196,8.6982,9.919
2026-01-06,BHE,7.63,7.71,1.048,0.773,77.3,0.95,3.55,8.43,16.87,7.0196,8.6982,9.919
2026-01-06,ACT,39.8912,39.9807,0.225,0.701,70.1,1.17,1.7,0.7,10.56,36.6999,45.4759,51.8585
2026-01-06,ARCO,7.75,7.76,0.129,0.702,70.2,1.38,2.02,5.95,6.67,7.13,8.835,10.075
2026-01-06,GSL,34.8691,34.7904,-0.226,0.853,85.3,0.76,2.18,2.25,12.57,32.0796,39.7508,45.3298
2026-01-06,DHC,5.2307,5.2108,-0.382,0.855,85.5,0.94,3.54,6.72,6.19,4.8123,5.963,6.8
2026-01-06,DHCC,5.2307,5.2108,-0.382,0.855,85.5,0.94,3.54,6.72,6.19,4.8123,5.963,6.8
2026-01-06,NX,16.22,16.39,1.048,0.739,73.9,0.59,5.1,5.49,19.01,14.9224,18.4908,21.086
2026-01-06,MLKIQ,18.67,18.7691,0.531,0.721,72.1,0.77,3.16,6.96,15.42,17.1764,21.2838,24.2709
2026-01-06,MLKN,18.67,18.7691,0.531,0.721,72.1,0.77,3.16,6.96,15.42,17.1764,21.2838,24.2709
2026-01-06,GDXU,9.89,9.99,1.011,0.779,77.9,1.0,3.71,4.55,9.69,9.0988,11.2746,12.857
2026-01-06,GDYS,9.89,9.99,1.011,0.779,77.9,1.0,3.71,4.55,9.69,9.0988,11.2746,12.857
2026-01-06,IDEXY,16.67,16.66,-0.06,0.807,80.7,1.02,2.04,2.17,6.13,15.3364,19.0038,21.671
2026-01-06,EBS,13.15,13.37,1.673,0.874,87.4,1.31,4.14,7.22,10.7,12.098,14.991,17.095
2026-01-06,ALNT,57.58,57.6,0.035,0.786,78.6,1.17,4.38,3.93,9.39,52.9736,65.6412,74.854
2026-01-06,MLAAU,87.7728,86.9741,-0.91,0.815,81.5,1.09,3.91,9.62,8.85,80.751,100.061,114.1046
2026-01-06,MLAB,87.7728,86.9741,-0.91,0.815,81.5,1.09,3.91,9.62,8.85,80.751,100.061,114.1046
2026-01-06,AIQUF,17.58,17.28,-1.706,0.889,88.9,1.17,5.76,6.1,10.3,16.1736,20.0412,22.854
2026-01-06,AIQUY,17.58,17.28,-1.706,0.889,88.9,1.17,5.76,6.1,10.3,16.1736,20.0412,22.854
2026-01-06,AIR,17.58,17.28,-1.706,0.889,88.9,1.17,5.76,6.1,10.3,16.1736,20.0412,22.854
2026-01-06,CLB,18.15,18.18,0.165,0.948,94.8,1.17,3.26,9.18,6.75,16.698,20.691,23.595
2026-01-06,HTLD,10.4,10.43,0.288,0.825,82.5,1.73,2.66,11.95,6.89,9.568,11.856,13.52
2026-01-07,GOOGL,321.7535,328.7386,2.171,0.879,87.9,1.18,2.2,3.14,9553.7,296.0132,366.799,418.2796
2026-01-07,GOOG,322.43,329.265,2.12,0.877,87.7,1.29,2.18,3.01,6183.64,296.6356,367.5702,419.159
2026-01-07,LLY,1108.09,1113.6899,0.505,0.865,86.5,1.54,2.53,4.89,3353.94,1019.4428,1263.2226,1440.517
2026-01-07,SMH,385.02,384.56,-0.119,0.736,73.6,0.96,1.86,5.92,2426.83,354.2184,438.9228,500.526
2026-01-07,AMAT,292.2,290.7,-0.513,0.798,79.8,1.02,2.02,10.3,1762.56,268.824,333.108,379.86
2026-01-07,WDC,199.88,200.51,0.315,0.949,94.9,1.65,5.98,10.34,1728.77,183.8896,227.8632,259.844
2026-01-07,ASML,1226.8518,1215.6565,-0.913,0.853,85.3,1.03,1.95,11.51,1609.62,1128.7037,1398.6111,1594.9073
2026-01-07,GS,941.02,935.48,-0.589,0.789,78.9,1.23,2.27,4.51,2049.29,865.7384,1072.7628,1223.326
2026-01-07,CAT,595.1276,595.1276,0.0,0.77,77.0,1.26,2.57,1.02,1568.63,547.5174,678.4455,773.6659
2026-01-07,BKNG,5445.7202,5441.0,-0.087,0.704,70.4,1.15,1.51,0.67,852.83,5010.0626,6208.121,7079.4363
2026-01-07,TXN,184.5057,181.6444,-1.551,0.73,73.0,1.36,1.71,4.5,1128.11,169.7452,210.3365,239.8574
2026-01-07,KLAC,1359.6899,1351.27,-0.619,0.708,70.8,1.18,2.11,6.67,1039.04,1250.9147,1550.0465,1767.5969
2026-01-07,STX,308.26,305.88,-0.772,0.903,90.3,1.23,5.12,6.32,1297.32,283.5992,351.4164,400.738
2026-01-07,C,120.7407,120.2532,-0.404,0.835,83.5,0.81,2.05,4.42,1722.98,111.0814,137.6443,156.9629
2026-01-07,MRK,108.6,110.61,1.851,0.819,81.9,1.15,2.2,5.32,1547.51,99.912,123.804,141.18
2026-01-07,WFC,93.8288,93.799,-0.032,0.773,77.3,1.12,1.82,0.81,1226.9,86.3225,106.9649,121.9775
2026-01-07,MS,183.7769,182.9017,-0.476,0.776,77.6,0.71,1.82,2.76,916.0,169.0747,209.5057,238.91
2026-01-07,ADI,291.9758,289.4736,-0.857,0.839,83.9,1.04,1.91,5.26,1003.54,268.6177,332.8524,379.5685
2026-01-07,COF,253.25,253.0,-0.099,0.806,80.6,1.21,1.93,3.65,808.37,232.99,288.705,329.225
2026-01-07,RTX,185.73,191.03,2.854,0.731,73.1,1.73,1.95,1.81,824.09,170.8716,211.7322,241.449
2026-01-07,XBI,126.43,124.87,-1.234,0.761,76.1,2.22,1.98,3.03,1102.61,116.3156,144.1302,164.359
2026-01-07,AXP,378.22,378.17,-0.013,0.749,74.9,0.88,1.82,0.26,939.9,347.9624,431.1708,491.686
2026-01-07,COHR1,191.62,190.16,-0.762,0.948,94.8,0.83,5.59,2.32,710.83,176.2904,218.4468,249.106
2026-01-07,NEM,108.01,106.2,-1.676,0.817,81.7,1.1,3.35,6.52,982.36,99.3692,123.1314,140.413
2026-01-07,ISRG,592.27,582.69,-1.618,0.887,88.7,1.17,1.87,4.37,943.81,544.8884,675.1878,769.951
2026-01-07,SNPS,519.7,511.13,-1.649,0.873,87.3,1.42,2.25,8.31,831.41,478.124,592.458,675.61
2026-01-07,AMGN,341.64,337.76,-1.136,0.734,73.4,1.27,1.83,4.64,966.95,314.3088,389.4696,444.132
2026-01-07,SLB,42.1216,42.6087,1.156,0.874,87.4,1.1,2.73,7.76,660.17,38.7519,48.0186,54.7581
2026-01-07,F,13.74,13.89,1.092,0.771,77.1,1.12,1.79,2.27,623.15,12.6408,15.6636,17.862
2026-01-07,TER,222.48,221.4,-0.485,0.943,94.3,0.9,3.16,10.73,624.08,204.6816,253.6272,289.224
2026-01-07,CIEN,259.27,258.26,-0.39,0.939,93.9,1.11,5.61,12.03,753.27,238.5284,295.5678,337.051
2026-01-07,DHR,235.57,233.55,-0.857,0.709,70.9,0.85,1.82,2.82,732.41,216.7244,268.5498,306.241
2026-01-07,NU,17.5,17.59,0.514,0.721,72.1,0.78,2.23,4.2,630.21,16.1,19.95,22.75
2026-01-07,CLS,305.87,310.55,1.53,0.805,80.5,0.73,5.98,0.18,712.28,281.4004,348.6918,397.631
2026-01-07,AAL,15.99,15.88,-0.688,0.891,89.1,1.52,3.24,3.14,894.54,14.7108,18.2286,20.787
2026-01-07,BMY,56.72,56.58,-0.247,0.84,84.0,1.16,1.96,6.69,879.99,52.1824,64.6608,73.736
2026-01-07,MCHP,73.94,73.4,-0.73,0.788,78.8,1.22,2.99,10.95,596.91,68.0248,84.2916,96.122
2026-01-07,GM,81.91,82.8,1.087,0.908,90.8,0.74,1.76,0.26,708.53,75.3572,93.3774,106.483
2026-01-07,NXPI,239.34,236.31,-1.266,0.714,71.4,1.0,2.62,5.39,671.43,220.1928,272.8476,311.142
2026-01-07,TGT,102.6263,102.0917,-0.521,0.78,78.0,0.66,2.68,5.64,732.12,94.4162,116.9939,133.4141
2026-01-07,FITB,49.17,49.11,-0.122,0.745,74.5,1.08,1.84,3.27,335.99,45.2364,56.0538,63.921
2026-01-07,EXPE,297.18,297.22,0.013,0.898,89.8,0.87,2.37,4.45,463.44,273.4056,338.7852,386.334
2026-01-07,UPS,105.41,104.61,-0.759,0.83,83.0,1.01,1.74,4.5,592.36,96.9772,120.1674,137.033
2026-01-07,HL,21.3658,20.466,-4.212,0.945,94.5,1.01,6.39,9.78,569.19,19.6565,24.357,27.7756
2026-01-07,VALE,14.26,13.95,-2.174,0.86,86.0,2.13,1.73,8.61,405.21,13.1192,16.2564,18.538
2026-01-07,SATS,112.16,115.59,3.058,0.919,91.9,0.84,5.16,5.32,574.56,103.1872,127.8624,145.808
2026-01-07,USB,54.87,54.77,-0.182,0.775,77.5,0.91,1.59,2.07,498.64,50.4804,62.5518,71.331
2026-01-07,FDX,307.33,306.28,-0.342,0.886,88.6,1.09,2.02,5.91,557.09,282.7436,350.3562,399.529
2026-01-07,REGN,811.2941,804.8418,-0.795,0.901,90.1,1.51,2.26,6.35,677.69,746.3906,924.8753,1054.6824
2026-01-07,AG,17.9354,17.0656,-4.849,0.877,87.7,1.11,6.27,7.08,388.78,16.5006,20.4463,23.316
2026-01-07,RKT,21.28,20.96,-1.504,0.834,83.4,2.39,3.63,9.68,441.42,19.5776,24.2592,27.664
2026-01-07,PH,906.7002,907.6384,0.103,0.817,81.7,1.16,1.84,2.38,498.0,834.1642,1033.6382,1178.7103
2026-01-07,PNC,214.6226,213.8684,-0.351,0.736,73.6,1.12,1.73,2.31,408.11,197.4528,244.6698,279.0094
2026-01-07,VLO,182.7424,182.9908,0.136,0.715,71.5,2.16,2.3,9.18,641.47,168.123,208.3263,237.5651
2026-01-07,MDB,440.6,440.505,-0.022,0.895,89.5,1.0,3.0,3.72,611.79,405.352,502.284,572.78
2026-01-07,UAL,116.6,116.37,-0.197,0.758,75.8,0.93,2.65,4.05,485.78,107.272,132.924,151.58
2026-01-07,DAL,71.65,71.45,-0.279,0.802,80.2,0.91,2.32,1.74,504.21,65.918,81.681,93.145
2026-01-07,CMIIU,537.2239,537.2837,0.011,0.846,84.6,1.08,2.05,4.2,434.65,494.246,612.4353,698.3911
2026-01-07,CMIKA,537.2239,537.2837,0.011,0.846,84.6,1.08,2.05,4.2,434.65,494.246,612.4353,698.3911
2026-01-07,CMIN,537.2239,537.2837,0.011,0.846,84.6,1.08,2.05,4.2,434.65,494.246,612.4353,698.3911
2026-01-07,CMIV,537.2239,537.2837,0.011,0.846,84.6,1.08,2.05,4.2,434.65,494.246,612.4353,698.3911
2026-01-07,CCJ,103.94,104.47,0.51,0.754,75.4,1.18,3.98,11.44,350.28,95.6248,118.4916,135.122
2026-01-07,TFC,50.58,50.51,-0.138,0.761,76.1,0.88,1.69,1.17,384.5,46.5336,57.6612,65.754
2026-01-07,CTSH,84.11,83.55,-0.666,0.827,82.7,0.64,2.08,0.28,395.52,77.3812,95.8854,109.343
2026-01-07,CHSCL,166.1616,165.2846,-0.528,0.868,86.8,2.53,2.09,2.69,255.37,152.8687,189.4242,216.0101
2026-01-07,ROST,186.99,186.99,0.0,0.815,81.5,0.85,1.5,2.49,451.01,172.0308,213.1686,243.087
2026-01-07,IQV,244.29,241.65,-1.081,0.785,78.5,1.57,2.04,7.93,301.72,224.7468,278.4906,317.577
2026-01-07,DG,143.51,144.0,0.341,0.905,90.5,1.03,2.64,6.28,519.23,132.0292,163.6014,186.563
2026-01-07,SCCO,156.0824,153.6832,-1.537,0.826,82.6,1.86,2.69,7.74,182.51,143.5958,177.9339,202.9071
2026-01-07,AFRM,83.05,82.33,-0.867,0.712,71.2,0.8,4.54,11.38,387.22,76.406,94.677,107.965
2026-01-07,ODFL,165.72,164.03,-1.02,0.789,78.9,0.9,2.68,4.21,342.83,152.4624,188.9208,215.436
2026-01-07,PCAR,115.0006,113.5244,-1.284,0.759,75.9,1.05,1.54,2.86,322.67,105.8005,131.1007,149.5007
2026-01-07,ROK,409.34,408.75,-0.144,0.784,78.4,0.82,2.0,2.21,285.81,376.5928,466.6476,532.142
2026-01-07,KGC,30.54,29.89,-2.128,0.808,80.8,1.07,3.59,6.74,236.07,28.0968,34.8156,39.702
2026-01-07,MKSI,183.0433,180.8255,-1.212,0.917,91.7,0.78,3.1,11.56,152.56,168.3999,208.6694,237.9563
2026-01-07,ROG-SW,338.2,339.6,0.414,0.719,71.9,1.09,1.98,5.14,383.02,311.144,385.548,439.66
2026-01-07,KEX,21.0912,21.0714,-0.094,0.805,80.5,1.01,1.83,1.97,303.1,19.4039,24.0439,27.4185
2026-01-07,WPM,122.99,120.7,-1.862,0.71,71.0,0.97,3.38,3.8,226.67,113.1508,140.2086,159.887
2026-01-07,IDXX,714.55,707.29,-1.016,0.7,70.0,1.07,2.26,2.96,361.62,657.386,814.587,928.915
2026-01-07,KEYS,212.32,211.07,-0.589,0.864,86.4,1.11,2.03,2.65,217.06,195.3344,242.0448,276.016
2026-01-07,NUE,164.81,163.74,-0.649,0.79,79.0,1.17,2.34,0.72,262.11,151.6252,187.8834,214.253
2026-01-07,TEVA,32.4,32.38,-0.062,0.936,93.6,0.95,2.03,5.15,307.02,29.808,36.936,42.12
2026-01-07,BROS,63.21,62.49,-1.139,0.83,83.0,0.72,3.16,1.13,181.22,58.1532,72.0594,82.173
2026-01-07,CRSR,340.0847,344.802,1.387,0.898,89.8,0.64,3.46,4.59,326.93,312.8779,387.6965,442.1101
2026-01-07,AU,92.74,90.35,-2.577,0.839,83.9,0.87,3.47,6.99,222.09,85.3208,105.7236,120.562
2026-01-07,AME,211.18,211.17,-0.005,0.727,72.7,0.88,1.55,2.75,286.65,194.2856,240.7452,274.534
2026-01-07,MTB,209.55,208.74,-0.387,0.713,71.3,1.21,1.81,2.02,208.42,192.786,238.887,272.415
2026-01-07,CNC,45.77,46.27,1.092,0.823,82.3,1.29,3.03,12.23,275.73,42.1084,52.1778,59.501
2026-01-07,CNCE,45.77,46.27,1.092,0.823,82.3,1.29,3.03,12.23,275.73,42.1084,52.1778,59.501
2026-01-07,STT,132.45,131.88,-0.43,0.752,75.2,1.16,2.03,2.51,294.62,121.854,150.993,172.185
2026-01-07,BIIB,186.91,187.02,0.059,0.733,73.3,2.36,1.96,3.28,168.05,171.9572,213.0774,242.983
2026-01-07,ATHXQ,120.84,123.0,1.787,0.915,91.5,0.88,2.73,6.66,181.61,111.1728,137.7576,157.092
2026-01-07,ATI,120.84,123.0,1.787,0.915,91.5,0.88,2.73,6.66,181.61,111.1728,137.7576,157.092
2026-01-07,ATI1,120.84,123.0,1.787,0.915,91.5,0.88,2.73,6.66,181.61,111.1728,137.7576,157.092
2026-01-07,NOK,6.79,6.6,-2.798,0.82,82.0,2.5,1.91,5.49,143.14,6.2468,7.7406,8.827
2026-01-07,NTRA,254.4,252.48,-0.755,0.913,91.3,1.09,2.51,8.96,280.66,234.048,290.016,330.72
2026-01-07,HII,355.3396,378.8162,6.607,0.812,81.2,1.45,2.72,4.72,176.75,326.9125,405.0872,461.9415
2026-01-07,PRU,116.85,117.3,0.385,0.744,74.4,1.06,1.72,1.41,177.91,107.502,133.209,151.905
2026-01-07,PKN-WA,99.62,99.92,0.301,0.705,70.5,1.64,2.11,5.66,206.17,91.6504,113.5668,129.506
2026-01-07,ITUB,7.3,7.36,0.822,0.725,72.5,1.06,1.65,3.02,115.25,6.716,8.322,9.49
2026-01-07,DD,43.0572,43.0373,-0.046,0.897,89.7,0.84,1.92,4.98,208.8,39.6126,49.0852,55.9744
2026-01-07,NGD,9.36,9.0,-3.846,0.884,88.4,0.7,5.97,7.43,160.76,8.6112,10.6704,12.168
2026-01-07,GH,109.93,109.01,-0.837,0.945,94.5,1.36,3.7,7.49,211.0,101.1356,125.3202,142.909
2026-01-07,EAXR,156.23,154.88,-0.864,0.803,80.3,0.7,3.88,6.18,162.0,143.7316,178.1022,203.099
2026-01-07,EB,156.23,154.88,-0.864,0.803,80.3,0.7,3.88,6.18,162.0,143.7316,178.1022,203.099
2026-01-07,EBBGF,156.23,154.88,-0.864,0.803,80.3,0.7,3.88,6.18,162.0,143.7316,178.1022,203.099
2026-01-07,EBBNF,156.23,154.88,-0.864,0.803,80.3,0.7,3.88,6.18,162.0,143.7316,178.1022,203.099
2026-01-07,EPAM,218.2,216.04,-0.99,0.92,92.0,1.07,2.96,4.26,157.8,200.744,248.748,283.66
2026-01-07,GAP,26.61,27.61,3.758,0.879,87.9,0.9,3.25,0.94,204.2,24.4812,30.3354,34.593
2026-01-07,JLL,352.72,352.59,-0.037,0.799,79.9,1.36,2.32,4.09,125.72,324.5024,402.1008,458.536
2026-01-07,JLMI,352.72,352.59,-0.037,0.799,79.9,1.36,2.32,4.09,125.72,324.5024,402.1008,458.536
2026-01-07,IAG,16.98,16.75,-1.355,0.869,86.9,0.72,4.07,3.12,118.06,15.6216,19.3572,22.074
2026-01-07,IOR,83.17,83.17,0.0,0.739,73.9,2.11,2.7,4.42,153.27,76.5164,94.8138,108.121
2026-01-07,MEDP,613.09,611.57,-0.248,0.774,77.4,1.15,2.31,7.62,125.16,564.0428,698.9226,797.017
2026-01-07,MEDP1,613.09,611.57,-0.248,0.774,77.4,1.15,2.31,7.62,125.16,564.0428,698.9226,797.017
2026-01-07,AGI,41.14,40.59,-1.337,0.798,79.8,0.97,3.39,5.81,98.15,37.8488,46.8996,53.482
2026-01-07,AER,146.1751,146.2449,0.048,0.768,76.8,0.98,1.53,2.06,154.54,134.4811,166.6396,190.0276
2026-01-07,ASX,17.62,17.51,-0.624,0.933,93.3,0.95,1.98,10.31,117.23,16.2104,20.0868,22.906
2026-01-07,GFS,40.6,39.92,-1.675,0.785,78.5,0.83,2.98,8.68,235.47,37.352,46.284,52.78
2026-01-07,ASA,38.39,38.87,1.25,0.791,79.1,0.73,2.7,0.38,119.4,35.3188,43.7646,49.907
2026-01-07,ANF,127.18,126.75,-0.338,0.949,94.9,0.62,4.0,5.52,244.31,117.0056,144.9852,165.334
2026-01-07,FSLY,10.53,10.42,-1.045,0.823,82.3,0.93,3.59,2.07,32.18,9.6876,12.0042,13.689
2026-01-07,COOL,83.9,82.87,-1.228,0.779,77.9,1.38,1.86,2.05,204.94,77.188,95.646,109.07
2026-01-07,ALLY,46.55,46.6,0.107,0.816,81.6,1.07,1.97,2.21,128.34,42.826,53.067,60.515
2026-01-07,PRAX,292.63,285.22,-2.532,0.992,99.2,1.71,5.16,5.65,184.0,269.2196,333.5982,380.419
2026-01-07,HBM,21.19,20.83,-1.699,0.822,82.2,1.16,3.38,8.47,92.78,19.4948,24.1566,27.547
2026-01-07,HALL,75.11,75.18,0.093,0.716,71.6,1.22,2.69,11.91,165.56,69.1012,85.6254,97.643
2026-01-07,HALO,75.11,75.18,0.093,0.716,71.6,1.22,2.69,11.91,165.56,69.1012,85.6254,97.643
2026-01-07,POW-TO,73.84,73.75,-0.122,0.742,74.2,0.63,1.59,1.93,150.07,67.9328,84.1776,95.992
2026-01-07,AGX,336.606,337.4749,0.258,0.856,85.6,1.19,4.71,3.86,99.31,309.6775,383.7308,437.5877
2026-01-07,AGX1,336.606,337.4749,0.258,0.856,85.6,1.19,4.71,3.86,99.31,309.6775,383.7308,437.5877
2026-01-07,FMG-AX,22.8,22.84,0.175,0.74,74.0,1.37,2.44,1.84,138.53,20.976,25.992,29.64
2026-01-07,HABC,165.2264,164.557,-0.405,0.702,70.2,0.89,2.49,1.35,126.4,152.0083,188.3581,214.7943
2026-01-07,VTRS,12.46,12.39,-0.562,0.831,83.1,1.03,2.4,3.68,111.39,11.4632,14.2044,16.198
2026-01-07,AMFIQ,307.6893,306.4394,-0.406,0.867,86.7,0.82,2.47,7.39,153.53,283.0742,350.7658,399.9961
2026-01-07,BMRN,61.31,61.0,-0.506,0.717,71.7,0.74,3.05,7.45,182.69,56.4052,69.8934,79.703
2026-01-07,FLSCQ,71.83,72.02,0.265,0.906,90.6,0.89,2.14,0.91,79.67,66.0836,81.8862,93.379
2026-01-07,BRL,53.01,52.84,-0.321,0.914,91.4,0.94,3.48,11.48,104.26,48.7692,60.4314,68.913
2026-01-07,GRAL,103.59,101.67,-1.853,0.927,92.7,1.19,5.54,12.49,80.88,95.3028,118.0926,134.667
2026-01-07,ALGM,30.64,30.59,-0.163,0.729,72.9,0.86,4.33,11.28,64.94,28.1888,34.9296,39.832
2026-01-07,APG,40.99,40.99,0.0,0.755,75.5,1.5,2.51,4.12,100.49,37.7108,46.7286,53.287
2026-01-07,MLIN,119.08,119.08,0.0,0.784,78.4,0.73,1.96,2.87,98.23,109.5536,135.7512,154.804
2026-01-07,PFSI,135.8331,134.8364,-0.734,0.71,71.0,1.49,2.12,2.8,39.98,124.9665,154.8498,176.5831
2026-01-07,MT,47.88,46.48,-2.924,0.833,83.3,2.38,1.68,4.75,58.6,44.0496,54.5832,62.244
2026-01-07,MICU,153.79,153.36,-0.28,0.742,74.2,0.6,2.74,3.75,121.34,141.4868,175.3206,199.927
2026-01-07,ITX-MC,57.2,57.0,-0.35,0.79,79.0,1.75,1.68,2.7,119.74,52.624,65.208,74.36
2026-01-07,FOX,67.07,67.11,0.06,0.84,84.0,0.86,1.73,3.87,91.83,61.7044,76.4598,87.191
2026-01-07,DDUP,651.18,647.04,-0.636,0.72,72.0,1.06,3.75,0.25,100.2,599.0856,742.3452,846.534
2026-01-07,DEA,651.18,647.04,-0.636,0.72,72.0,1.06,3.75,0.25,100.2,599.0856,742.3452,846.534
2026-01-07,COLD,28.5503,28.4021,-0.519,0.725,72.5,0.92,1.91,0.56,68.08,26.2663,32.5474,37.1154
2026-01-07,JBTM,158.2036,158.0637,-0.088,0.718,71.8,1.65,2.62,3.35,79.93,145.5473,180.3521,205.6647
2026-01-07,GPCR,66.25,65.91,-0.513,0.972,97.2,0.64,6.62,0.25,98.96,60.95,75.525,86.125
2026-01-07,NVTAQ,22.93,22.91,-0.087,0.754,75.4,1.17,2.74,3.92,52.15,21.0956,26.1402,29.809
2026-01-07,BKEP,11.25,11.25,0.0,0.846,84.6,1.75,2.54,4.9,33.14,10.35,12.825,14.625
2026-01-07,CUKPF,31.6923,31.8117,0.377,0.809,80.9,0.82,3.33,10.41,68.08,29.1569,36.1292,41.2
2026-01-07,CELC,109.17,107.76,-1.292,0.975,97.5,1.02,4.21,7.0,91.34,100.4364,124.4538,141.921
2026-01-07,CELH,109.17,107.76,-1.292,0.975,97.5,1.02,4.21,7.0,91.34,100.4364,124.4538,141.921
2026-01-07,AMTM,31.19,31.55,1.154,0.867,86.7,0.69,3.05,4.94,58.96,28.6948,35.5566,40.547
2026-01-07,HUN,10.75,10.61,-1.302,0.868,86.8,1.11,4.35,4.86,45.11,9.89,12.255,13.975
2026-01-07,BFNBQ,79.7479,80.2664,0.65,0.909,90.9,0.85,2.36,5.12,59.47,73.3681,90.9127,103.6723
2026-01-07,BFNH,79.7479,80.2664,0.65,0.909,90.9,0.85,2.36,5.12,59.47,73.3681,90.9127,103.6723
2026-01-07,APGE,78.95,78.06,-1.127,0.914,91.4,1.14,4.17,2.79,81.52,72.634,90.003,102.635
2026-01-07,PAA,18.01,18.05,0.222,0.703,70.3,1.23,1.66,1.27,51.61,16.5692,20.5314,23.413
2026-01-07,ARR,17.6647,17.6842,0.11,0.764,76.4,1.25,1.82,4.31,58.21,16.2515,20.1377,22.9641
2026-01-07,ARRKF,17.6647,17.6842,0.11,0.764,76.4,1.25,1.82,4.31,58.21,16.2515,20.1377,22.9641
2026-01-07,ARRO,17.6647,17.6842,0.11,0.764,76.4,1.25,1.82,4.31,58.21,16.2515,20.1377,22.9641
2026-01-07,ARRS,17.6647,17.6842,0.11,0.764,76.4,1.25,1.82,4.31,58.21,16.2515,20.1377,22.9641
2026-01-07,AUGO,51.24,50.59,-1.269,0.889,88.9,1.14,4.31,3.9,33.82,47.1408,58.4136,66.612
2026-01-07,PLXT,155.07,153.97,-0.709,0.701,70.1,0.6,3.33,0.21,29.87,142.6644,176.7798,201.591
2026-01-07,BTSG,39.51,39.5,-0.025,0.893,89.3,1.11,3.02,5.75,73.53,36.3492,45.0414,51.363
2026-01-07,INDV,35.89,36.82,2.591,0.915,91.5,0.67,2.36,0.07,113.22,33.0188,40.9146,46.657
2026-01-07,MMSY,91.65,91.64,-0.011,0.702,70.2,1.15,2.22,4.53,55.93,84.318,104.481,119.145
2026-01-07,GGAL,53.3861,53.685,0.56,0.937,93.7,1.71,3.89,2.07,58.93,49.1152,60.8601,69.4019
2026-01-07,BVN,30.74,30.0,-2.407,0.802,80.2,0.85,3.67,7.66,63.15,28.2808,35.0436,39.962
2026-01-07,LNTH,69.37,69.2,-0.245,0.832,83.2,1.17,2.71,4.83,77.97,63.8204,79.0818,90.181
2026-01-07,MYRX,235.84,236.07,0.098,0.751,75.1,0.61,3.65,5.2,54.82,216.9728,268.8576,306.592
2026-01-07,AMR,222.22,217.87,-1.958,0.891,89.1,1.6,4.71,11.21,55.86,204.4424,253.3308,288.886
2026-01-07,ATRO,58.25,60.06,3.107,0.815,81.5,1.26,4.02,6.52,38.89,53.59,66.405,75.725
2026-01-07,ATEN1,21.97,22.25,1.274,0.941,94.1,0.73,3.1,6.55,42.79,20.2124,25.0458,28.561
2026-01-07,ATER,21.97,22.25,1.274,0.941,94.1,0.73,3.1,6.55,42.79,20.2124,25.0458,28.561
2026-01-07,NUVL,106.82,106.07,-0.702,0.767,76.7,1.7,3.37,3.63,56.22,98.2744,121.7748,138.866
2026-01-07,ALH,92.95,91.81,-1.226,0.931,93.1,0.85,3.97,7.62,27.65,85.514,105.963,120.835
2026-01-07,ALHC,92.95,91.81,-1.226,0.931,93.1,0.85,3.97,7.62,27.65,85.514,105.963,120.835
2026-01-07,ALI,92.95,91.81,-1.226,0.931,93.1,0.85,3.97,7.62,27.65,85.514,105.963,120.835
2026-01-07,LGIQ,48.32,47.97,-0.724,0.923,92.3,1.09,4.53,9.23,86.36,44.4544,55.0848,62.816
2026-01-07,LGL,48.32,47.97,-0.724,0.923,92.3,1.09,4.53,9.23,86.36,44.4544,55.0848,62.816
2026-01-07,LGL-WT,48.32,47.97,-0.724,0.923,92.3,1.09,4.53,9.23,86.36,44.4544,55.0848,62.816
2026-01-07,LGN,48.32,47.97,-0.724,0.923,92.3,1.09,4.53,9.23,86.36,44.4544,55.0848,62.816
2026-01-07,BANC,20.11,19.99,-0.597,0.778,77.8,1.12,2.13,2.18,34.46,18.5012,22.9254,26.143
2026-01-07,DAP,25.7112,25.5418,-0.659,0.899,89.9,0.66,2.79,8.86,48.39,23.6543,29.3108,33.4246
2026-01-07,DAR,25.7112,25.5418,-0.659,0.899,89.9,0.66,2.79,8.86,48.39,23.6543,29.3108,33.4246
2026-01-07,GU1,17.7599,17.74,-0.112,0.89,89.0,1.12,2.42,2.92,41.74,16.3391,20.2463,23.0879
2026-01-07,MODG,13.2,13.17,-0.227,0.93,93.0,1.08,3.73,10.75,33.15,12.144,15.048,17.16
2026-01-07,DKEY,573.17,572.56,-0.106,0.885,88.5,1.88,4.76,10.64,38.91,527.3164,653.4138,745.121
2026-01-07,DKHR,573.17,572.56,-0.106,0.885,88.5,1.88,4.76,10.64,38.91,527.3164,653.4138,745.121
2026-01-07,DKI,573.17,572.56,-0.106,0.885,88.5,1.88,4.76,10.64,38.91,527.3164,653.4138,745.121
2026-01-07,CSTM,20.0,19.85,-0.75,0.89,89.0,0.83,2.74,6.31,24.64,18.4,22.8,26.0
2026-01-07,GOLD1,37.7509,37.1728,-1.531,0.904,90.4,0.66,4.09,12.61,26.54,34.7308,43.036,49.0761
2026-01-07,PATK,112.6119,111.5854,-0.912,0.711,71.1,0.76,2.83,0.81,31.49,103.603,128.3776,146.3955
2026-01-07,CRI,34.35,34.27,-0.233,0.81,81.0,1.41,3.74,5.47,34.42,31.602,39.159,44.655
2026-01-07,CRIC,34.35,34.27,-0.233,0.81,81.0,1.41,3.74,5.47,34.42,31.602,39.159,44.655
2026-01-07,SDZ-SW,60.68,60.88,0.33,0.821,82.1,1.28,2.09,4.4,44.89,55.8256,69.1752,78.884
2026-01-07,HUBG,45.02,44.97,-0.111,0.88,88.0,0.75,2.38,3.35,37.57,41.4184,51.3228,58.526
2026-01-07,LCAV,19.9,19.78,-0.603,0.862,86.2,0.85,3.53,1.81,32.5,18.308,22.686,25.87
2026-01-07,PACW1,41.18,41.57,0.947,0.983,98.3,0.93,4.16,12.31,50.04,37.8856,46.9452,53.534
2026-01-07,PACX,41.18,41.57,0.947,0.983,98.3,0.93,4.16,12.31,50.04,37.8856,46.9452,53.534
2026-01-07,PAE,41.18,41.57,0.947,0.983,98.3,0.93,4.16,12.31,50.04,37.8856,46.9452,53.534
2026-01-07,PAET,41.18,41.57,0.947,0.983,98.3,0.93,4.16,12.31,50.04,37.8856,46.9452,53.534
2026-01-07,IP,2.77,2.75,-0.722,0.858,85.8,1.1,6.97,9.21,34.47,2.5484,3.1578,3.601
2026-01-07,AMRX,13.26,13.29,0.226,0.863,86.3,0.85,2.34,5.11,23.65,12.1992,15.1164,17.238
2026-01-07,ARQT,29.58,29.175,-1.369,0.907,90.7,0.82,3.97,1.83,56.17,27.2136,33.7212,38.454
2026-01-07,IMVT,26.73,26.32,-1.534,0.928,92.8,0.82,5.12,3.36,57.06,24.5916,30.4722,34.749
2026-01-07,IMXI,26.73,26.32,-1.534,0.928,92.8,0.82,5.12,3.36,57.06,24.5916,30.4722,34.749
2026-01-07,INTA,45.45,44.92,-1.166,0.755,75.5,0.58,3.03,0.65,22.12,41.814,51.813,59.085
2026-01-07,CGAU,15.46,15.06,-2.587,0.88,88.0,0.91,3.67,6.93,19.35,14.2232,17.6244,20.098
2026-01-07,BLTE,164.2,164.99,0.481,0.969,96.9,2.25,4.46,6.17,39.31,151.064,187.188,213.46
2026-01-07,ACAN,27.42,27.31,-0.401,0.881,88.1,1.16,2.65,1.34,38.0,25.2264,31.2588,35.646
2026-01-07,ACAP,27.42,27.31,-0.401,0.881,88.1,1.16,2.65,1.34,38.0,25.2264,31.2588,35.646
2026-01-07,ACAQ,27.42,27.31,-0.401,0.881,88.1,1.16,2.65,1.34,38.0,25.2264,31.2588,35.646
2026-01-07,ACAS,27.42,27.31,-0.401,0.881,88.1,1.16,2.65,1.34,38.0,25.2264,31.2588,35.646
2026-01-07,ARCC1,83.4677,82.6786,-0.945,0.748,74.8,0.75,3.43,7.44,34.46,76.7903,95.1532,108.5081
2026-01-07,ARCE,83.4677,82.6786,-0.945,0.748,74.8,0.75,3.43,7.44,34.46,76.7903,95.1532,108.5081
2026-01-07,ARCH,83.4677,82.6786,-0.945,0.746,74.6,0.75,3.43,7.44,34.46,76.7903,95.1532,108.5081
2026-01-07,ARCHQ,83.4677,82.6786,-0.945,0.746,74.6,0.75,3.43,7.44,34.46,76.7903,95.1532,108.5081
2026-01-07,ARCIU,83.4677,82.6786,-0.945,0.746,74.6,0.75,3.43,7.44,34.46,76.7903,95.1532,108.5081
2026-01-07,ARCK,83.4677,82.6786,-0.945,0.746,74.6,0.75,3.43,7.44,34.46,76.7903,95.1532,108.5081
2026-01-07,DYN,19.39,18.94,-2.321,0.888,88.8,0.73,5.99,0.1,57.02,17.8388,22.1046,25.207
2026-01-07,DYN1,19.39,18.94,-2.321,0.888,88.8,0.73,5.99,0.1,57.02,17.8388,22.1046,25.207
2026-01-07,JMP,14.25,14.25,0.0,0.781,78.1,0.99,6.25,12.46,46.71,13.11,16.245,18.525
2026-01-07,ARIS,17.07,16.86,-1.23,0.944,94.4,1.04,4.32,7.05,34.52,15.7044,19.4598,22.191
2026-01-07,ARMO,17.07,16.86,-1.23,0.944,94.4,1.04,4.32,7.05,34.52,15.7044,19.4598,22.191
2026-01-07,PGNY,26.8,27.51,2.649,0.866,86.6,0.93,3.23,2.96,36.72,24.656,30.552,34.84
2026-01-07,PGOL,26.8,27.51,2.649,0.866,86.6,0.93,3.23,2.96,36.72,24.656,30.552,34.84
2026-01-07,AXGN,32.95,32.8,-0.455,0.968,96.8,1.35,4.69,4.29,25.69,30.314,37.563,42.835
2026-01-07,LAUR1,34.55,34.84,0.839,0.745,74.5,0.77,2.55,3.52,40.78,31.786,39.387,44.915
2026-01-07,BOST,4.26,4.18,-1.878,0.951,95.1,1.18,5.1,5.93,23.1,3.9192,4.8564,5.538
2026-01-07,BOT,4.26,4.18,-1.878,0.951,95.1,1.18,5.1,5.93,23.1,3.9192,4.8564,5.538
2026-01-07,AAUC,24.67,24.3,-1.5,0.892,89.2,0.76,3.98,5.29,18.42,22.6964,28.1238,32.071
2026-01-07,AAUGF,24.67,24.3,-1.5,0.892,89.2,0.76,3.98,5.29,18.42,22.6964,28.1238,32.071
2026-01-07,OMCL,47.45,49.9,5.163,0.934,93.4,1.01,3.15,4.41,29.52,43.654,54.093,61.685
2026-01-07,DFTX,14.03,13.98,-0.356,0.737,73.7,0.93,5.64,7.88,28.85,12.9076,15.9942,18.239
2026-01-07,MNMD,14.03,13.98,-0.356,0.737,73.7,0.93,5.64,7.88,28.85,12.9076,15.9942,18.239
2026-01-07,CUBI,78.19,78.17,-0.026,0.777,77.7,0.64,2.89,4.55,33.81,71.9348,89.1366,101.647
2026-01-07,EWTLQ,24.67,24.78,0.446,0.937,93.7,0.61,8.26,3.86,49.37,22.6964,28.1238,32.071
2026-01-07,OSS,7.87,8.61,9.403,0.897,89.7,5.28,7.92,9.01,6.7,7.2404,8.9718,10.231
2026-01-07,COHU,26.78,26.5,-1.046,0.872,87.2,1.63,2.92,10.6,13.43,24.6376,30.5292,34.814
2026-01-07,COLB,26.78,26.5,-1.046,0.872,87.2,1.63,2.92,10.6,13.43,24.6376,30.5292,34.814
2026-01-07,NBR,60.6,60.55,-0.083,0.938,93.8,1.63,4.57,11.25,20.38,55.752,69.084,78.78
2026-01-07,BMA,90.4923,90.5719,0.088,0.953,95.3,1.7,4.43,1.47,22.85,83.2529,103.1612,117.6399
2026-01-07,BW,5.92,6.17,4.223,0.957,95.7,0.83,8.57,4.03,15.36,5.4464,6.7488,7.696
2026-01-07,NUTX,178.09,178.85,0.427,0.962,96.2,1.08,8.68,3.13,29.94,163.8428,203.0226,231.517
2026-01-07,MBX,32.55,32.21,-1.045,0.972,97.2,1.15,7.49,7.9,25.95,29.946,37.107,42.315
2026-01-07,CRAI,214.55,213.51,-0.485,0.77,77.0,1.24,2.87,4.54,24.2,197.386,244.587,278.915
2026-01-07,AZTR,37.51,37.21,-0.8,0.807,80.7,0.72,3.63,6.86,26.85,34.5092,42.7614,48.763
2026-01-07,AZUL,37.51,37.21,-0.8,0.807,80.7,0.72,3.63,6.86,26.85,34.5092,42.7614,48.763
2026-01-07,MNKKQ,5.85,5.9,0.855,0.75,75.0,1.52,3.23,0.5,20.89,5.382,6.669,7.605
2026-01-07,FTRE1,17.49,18.25,4.345,0.956,95.6,1.1,5.56,4.6,23.67,16.0908,19.9386,22.737
2026-01-07,NEO,12.67,12.56,-0.868,0.893,89.3,0.6,3.54,5.07,21.14,11.6564,14.4438,16.471
2026-01-07,GCTK,42.32,42.08,-0.567,0.936,93.6,1.15,4.69,6.16,21.08,38.9344,48.2448,55.016
2026-01-07,CAEP,31.8,32.07,0.849,0.714,71.4,0.85,2.35,5.04,19.03,29.256,36.252,41.34
2026-01-07,ASTI,3.95,3.83,-3.038,0.956,95.6,0.84,30.63,1.69,14.29,3.634,4.503,5.135
2026-01-07,MAZE,40.37,40.37,0.0,0.907,90.7,0.75,4.92,0.15,18.21,37.1404,46.0218,52.481
2026-01-07,PCSB,26.0,25.87,-0.5,0.704,70.4,1.03,4.03,0.62,23.03,23.92,29.64,33.8
2026-01-07,PCSC,26.0,25.87,-0.5,0.704,70.4,1.03,4.03,0.62,23.03,23.92,29.64,33.8
2026-01-07,MCW,5.8,5.75,-0.862,0.781,78.1,0.88,2.79,2.56,7.46,5.336,6.612,7.54
2026-01-07,AMPL,11.64,11.54,-0.859,0.715,71.5,1.17,3.87,1.49,12.37,10.7088,13.2696,15.132
2026-01-07,GROY,4.43,4.3,-2.935,0.783,78.3,1.05,4.22,7.38,12.7,4.0756,5.0502,5.759
2026-01-07,PHAT,18.08,16.0,-11.504,0.92,92.0,1.21,5.43,11.59,16.48,16.6336,20.6112,23.504
2026-01-07,HCT1,19.2,19.06,-0.729,0.811,81.1,0.7,3.73,0.26,18.39,17.664,21.888,24.96
2026-01-07,PAC,2.13,2.13,0.0,0.911,91.1,1.28,6.68,7.82,13.75,1.9596,2.4282,2.769
2026-01-07,PACB,2.13,2.13,0.0,0.911,91.1,1.28,6.68,7.82,13.75,1.9596,2.4282,2.769
2026-01-07,PACC,2.13,2.13,0.0,0.911,91.1,1.28,6.68,7.82,13.75,1.9596,2.4282,2.769
2026-01-07,BIO-B,14.91,14.62,-1.945,0.981,98.1,2.51,7.01,12.69,8.99,13.7172,16.9974,19.383
2026-01-07,BIOA,14.91,14.62,-1.945,0.981,98.1,2.51,7.01,12.69,8.99,13.7172,16.9974,19.383
2026-01-07,PAX,17.2136,17.1443,-0.402,0.819,81.9,1.32,2.39,8.46,9.19,15.8365,19.6235,22.3776
2026-01-07,LIND,14.98,14.89,-0.601,0.82,82.0,3.06,3.19,5.47,6.36,13.7816,17.0772,19.474
2026-01-07,BJGP,42.56,42.19,-0.869,0.902,90.2,0.7,3.08,4.82,19.51,39.1552,48.5184,55.328
2026-01-07,BJRI,42.56,42.19,-0.869,0.902,90.2,0.7,3.08,4.82,19.51,39.1552,48.5184,55.328
2026-01-07,AUPH,16.02,15.9,-0.749,0.899,89.9,1.15,2.72,1.08,16.7,14.7384,18.2628,20.826
2026-01-07,ANNSF,5.53,5.52,-0.181,0.954,95.4,1.04,6.27,9.98,16.67,5.0876,6.3042,7.189
2026-01-07,ANNX,5.53,5.52,-0.181,0.954,95.4,1.04,6.27,9.98,16.67,5.0876,6.3042,7.189
2026-01-07,ANOR,5.53,5.52,-0.181,0.954,95.4,1.04,6.27,9.98,16.67,5.0876,6.3042,7.189
2026-01-07,BHC,7.9,7.9,0.0,0.842,84.2,0.96,3.62,11.42,17.58,7.268,9.006,10.27
2026-01-07,BHC.A,7.9,7.9,0.0,0.842,84.2,0.96,3.62,11.42,17.58,7.268,9.006,10.27
2026-01-07,BHE,7.9,7.9,0.0,0.842,84.2,0.96,3.62,11.42,17.58,7.268,9.006,10.27
2026-01-07,CMPX,5.45,5.41,-0.734,0.827,82.7,1.62,5.73,5.56,10.44,5.014,6.213,7.085
2026-01-07,GSL,35.745,35.7253,-0.055,0.876,87.6,1.09,2.2,4.85,12.36,32.8854,40.7493,46.4685
2026-01-07,DHC,5.3106,5.3006,-0.188,0.855,85.5,1.31,3.61,7.74,6.57,4.8858,6.0541,6.9038
2026-01-07,DHCC,5.3106,5.3006,-0.188,0.855,85.5,1.31,3.61,7.74,6.57,4.8858,6.0541,6.9038
2026-01-07,NX,15.76,15.68,-0.508,0.719,71.9,0.6,5.16,1.75,18.39,14.4992,17.9664,20.488
2026-01-07,ARVLF,12.41,12.36,-0.403,0.851,85.1,1.03,4.43,2.84,10.71,11.4172,14.1474,16.133
2026-01-07,ARVN,12.41,12.36,-0.403,0.851,85.1,1.03,4.43,2.84,10.71,11.4172,14.1474,16.133
2026-01-07,GDXU,9.92,9.93,0.101,0.838,83.8,0.91,3.73,4.58,9.82,9.1264,11.3088,12.896
2026-01-07,GDYS,9.92,9.93,0.101,0.838,83.8,0.91,3.73,4.58,9.82,9.1264,11.3088,12.896
2026-01-07,IDEXY,16.76,16.37,-2.327,0.786,78.6,1.55,1.98,2.37,6.06,15.4192,19.1064,21.788
2026-01-07,EBS,13.9,13.8,-0.719,0.921,92.1,1.55,4.22,12.4,11.25,12.788,15.846,18.07
2026-01-07,ALNT,57.0,56.91,-0.158,0.794,79.4,0.68,4.44,2.66,9.13,52.44,64.98,74.1
2026-01-07,CGEM,10.94,10.71,-2.102,0.908,90.8,0.7,6.91,3.21,11.34,10.0648,12.4716,14.222
2026-01-07,MLAAU,87.7428,87.054,-0.785,0.836,83.6,1.45,3.89,8.91,8.78,80.7234,100.0268,114.0657
2026-01-07,MLAB,87.7428,87.054,-0.785,0.836,83.6,1.45,3.89,8.91,8.78,80.7234,100.0268,114.0657
2026-01-07,LXEO,10.02,9.88,-1.397,0.769,76.9,0.71,6.31,1.15,14.72,9.2184,11.4228,13.026
2026-01-07,AIQUF,17.42,17.36,-0.344,0.895,89.5,0.63,5.76,5.37,9.71,16.0264,19.8588,22.646
2026-01-07,AIQUY,17.42,17.36,-0.344,0.895,89.5,0.63,5.76,5.37,9.71,16.0264,19.8588,22.646
2026-01-07,AIR,17.42,17.36,-0.344,0.895,89.5,0.63,5.76,5.37,9.71,16.0264,19.8588,22.646
2026-01-07,CBLL,22.83,22.62,-0.92,0.964,96.4,1.19,5.02,6.79,12.95,21.0036,26.0262,29.679
2026-01-07,CBM,22.83,22.62,-0.92,0.964,96.4,1.19,5.02,6.79,12.95,21.0036,26.0262,29.679
2026-01-07,CLB,18.0201,17.9901,-0.166,0.952,95.2,0.91,3.22,7.88,6.79,16.5785,20.5429,23.4261
2026-01-07,AIPC,5.49,5.44,-0.911,0.726,72.6,0.88,3.73,2.48,6.37,5.0508,6.2586,7.137
2026-01-07,AIPN,5.49,5.44,-0.911,0.726,72.6,0.88,3.73,2.48,6.37,5.0508,6.2586,7.137
2026-01-07,AIQ1,5.49,5.44,-0.911,0.726,72.6,0.88,3.73,2.48,6.37,5.0508,6.2586,7.137
2026-01-07,HTLD,10.24,10.13,-1.074,0.828,82.8,0.99,2.63,9.56,6.81,9.4208,11.6736,13.312
2026-01-08,MU,327.02,332.75,1.752,0.942,94.2,1.2,4.3,10.93,9252.76,300.8584,372.8028,425.126
2026-01-08,GOOGL,325.2111,326.8599,0.507,0.876,87.6,1.07,2.24,4.11,9684.04,299.1942,370.7406,422.7744
2026-01-08,GOOG,326.01,327.49,0.454,0.877,87.7,1.11,2.22,4.01,6376.81,299.9292,371.6514,423.813
2026-01-08,INTC,41.11,41.83,1.751,0.797,79.7,1.37,3.81,9.44,2644.87,37.8212,46.8654,53.443
2026-01-08,LLY,1085.1899,1086.83,0.151,0.874,87.4,1.03,2.66,2.22,3316.44,998.3747,1237.1165,1410.7469
2026-01-08,LRCX,200.96,204.66,1.841,0.916,91.6,1.39,2.67,11.14,2015.49,184.8832,229.0944,261.248
2026-01-08,AMAT,281.64,288.4,2.4,0.846,84.6,1.1,2.09,5.81,1413.71,259.1088,321.0696,366.132
2026-01-08,WDC,187.68,187.85,0.091,0.936,93.6,1.31,6.38,3.09,1700.13,172.6656,213.9552,243.984
2026-01-08,ASML,1192.7467,1231.226,3.226,0.788,78.8,1.25,2.11,8.0,1611.25,1097.327,1359.7312,1550.5707
2026-01-08,GS,934.83,938.77,0.421,0.766,76.6,0.91,2.23,3.48,2021.14,860.0436,1065.7062,1215.279
2026-01-08,BAC,56.18,56.17,-0.018,0.717,71.7,0.88,1.63,1.24,1981.98,51.6856,64.0452,73.034
2026-01-08,CAT,606.7105,608.5462,0.303,0.783,78.3,0.78,2.64,2.86,1608.87,558.1737,691.65,788.7237
2026-01-08,BKNG,5445.0,5415.0601,-0.55,0.76,76.0,1.14,1.5,0.61,770.49,5009.4,6207.3,7078.5
2026-01-08,TXN,187.2279,187.5756,0.186,0.809,80.9,1.25,1.81,5.68,1030.22,172.2497,213.4398,243.3963
2026-01-08,KLAC,1324.6,1357.42,2.478,0.774,77.4,1.35,2.18,3.6,932.25,1218.632,1510.044,1721.98
2026-01-08,C,119.9746,120.3129,0.282,0.837,83.7,1.04,2.02,3.26,1705.93,110.3767,136.7711,155.967
2026-01-08,QCOM,181.87,178.12,-2.062,0.701,70.1,1.34,1.77,3.85,1132.6,167.3204,207.3318,236.431
2026-01-08,MRK,110.99,110.87,-0.108,0.863,86.3,1.4,2.17,6.87,1603.73,102.1108,126.5286,144.287
2026-01-08,WFC,95.1324,95.3414,0.22,0.79,79.0,0.97,1.84,1.84,1221.61,87.5218,108.451,123.6722
2026-01-08,ACN,281.82,281.96,0.05,0.72,72.0,1.35,2.5,3.9,1099.42,259.2744,321.2748,366.366
2026-01-08,MS,183.6675,184.6819,0.552,0.767,76.7,0.75,1.78,2.53,911.37,168.9741,209.3809,238.7677
2026-01-08,ADI,298.2262,298.8343,0.204,0.846,84.6,1.08,2.0,7.07,1042.78,274.3681,339.9779,387.6941
2026-01-08,COF,255.68,256.0,0.125,0.814,81.4,1.21,1.9,4.11,812.28,235.2256,291.4752,332.384
2026-01-08,RTX,187.17,186.03,-0.609,0.753,75.3,2.09,2.13,2.17,876.87,172.1964,213.3738,243.321
2026-01-08,MELI,2179.8,2191.5,0.537,0.705,70.5,0.98,2.38,7.02,760.5,2005.416,2484.9721,2833.7401
2026-01-08,XBI,123.71,125.2,1.204,0.748,74.8,1.66,1.99,0.69,1111.47,113.8132,141.0294,160.823
2026-01-08,AXP,382.98,383.0,0.005,0.755,75.5,1.08,1.86,1.26,961.5,352.3416,436.5972,497.874
2026-01-08,NEM,106.89,107.43,0.505,0.768,76.8,0.8,3.22,4.75,963.67,98.3388,121.8546,138.957
2026-01-08,ISRG,585.08,587.32,0.383,0.887,88.7,0.93,1.83,2.86,940.0,538.2736,666.9912,760.604
2026-01-08,SNPS,514.49,515.49,0.194,0.878,87.8,0.93,2.22,6.66,756.41,473.3308,586.5186,668.837
2026-01-08,SLB,44.1695,44.5175,0.788,0.904,90.4,1.27,2.86,12.12,699.53,40.636,50.3533,57.4204
2026-01-08,F,14.4,14.35,-0.347,0.836,83.6,3.0,1.94,6.66,740.15,13.248,16.416,18.72
2026-01-08,TER,216.31,215.74,-0.264,0.933,93.3,1.1,3.27,7.23,620.51,199.0052,246.5934,281.203
2026-01-08,DHR,235.0,237.2,0.936,0.703,70.3,0.83,1.83,2.3,720.82,216.2,267.9,305.5
2026-01-08,NU,17.61,17.68,0.397,0.732,73.2,0.85,2.17,4.57,634.1,16.2012,20.0754,22.893
2026-01-08,AAL,15.73,16.02,1.844,0.882,88.2,0.83,3.16,1.24,863.76,14.4716,17.9322,20.449
2026-01-08,BMY,55.9,55.72,-0.322,0.858,85.8,0.78,1.91,4.57,865.47,51.428,63.726,72.67
2026-01-08,MCHP,73.53,74.03,0.68,0.713,71.3,1.04,3.06,9.78,597.1,67.6476,83.8242,95.589
2026-01-08,GM,85.13,83.51,-1.903,0.932,93.2,1.32,1.82,3.69,752.02,78.3196,97.0482,110.669
2026-01-08,TGT,105.2595,104.5665,-0.658,0.811,81.1,1.17,2.87,7.66,771.52,96.8387,119.9958,136.8373
2026-01-08,FITB,49.82,50.01,0.381,0.761,76.1,1.28,1.89,4.08,340.62,45.8344,56.7948,64.766
2026-01-08,EXPE,301.31,303.3,0.66,0.907,90.7,1.05,2.41,5.16,475.6,277.2052,343.4934,391.703
2026-01-08,UPS,106.97,108.5,1.43,0.864,86.4,1.1,1.84,5.52,609.44,98.4124,121.9458,139.061
2026-01-08,HL,21.0059,21.4858,2.285,0.934,93.4,0.63,6.22,6.83,559.66,19.3254,23.9467,27.3076
2026-01-08,VALE,14.07,13.94,-0.924,0.845,84.5,1.5,1.73,6.65,415.61,12.9444,16.0398,18.291
2026-01-08,SATS,116.95,117.69,0.633,0.935,93.5,1.79,4.72,8.62,593.34,107.594,133.323,152.035
2026-01-08,USB,55.53,55.52,-0.018,0.787,78.7,1.04,1.63,2.87,505.5,51.0876,63.3042,72.189
2026-01-08,FDX,309.01,314.02,1.621,0.891,89.1,1.32,2.14,5.85,585.31,284.2892,352.2714,401.713
2026-01-08,ABNB,138.66,140.005,0.97,0.731,73.1,0.87,2.04,3.1,571.05,127.5672,158.0724,180.258
2026-01-08,REGN,800.0476,802.0052,0.245,0.915,91.5,1.22,2.22,4.15,686.1,736.0438,912.0543,1040.0619
2026-01-08,AG,17.8954,18.2353,1.899,0.845,84.5,0.61,6.16,6.05,382.94,16.4638,20.4008,23.264
2026-01-08,RKT,21.24,22.08,3.955,0.851,85.1,1.09,3.72,8.84,450.61,19.5408,24.2136,27.612
2026-01-08,PH,904.7837,911.092,0.697,0.826,82.6,1.04,1.82,1.91,499.24,832.401,1031.4534,1176.2188
2026-01-08,PNC,216.9746,217.0738,0.046,0.75,75.0,1.64,1.7,3.03,420.07,199.6166,247.351,282.067
2026-01-08,UAL,115.47,117.0,1.325,0.728,72.8,0.82,2.57,2.6,472.11,106.2324,131.6358,150.111
2026-01-08,DAL,71.29,71.89,0.842,0.791,79.1,0.72,2.25,0.95,493.27,65.5868,81.2706,92.677
2026-01-08,CMIIU,542.6656,543.1739,0.094,0.878,87.8,0.99,2.04,4.81,439.87,499.2523,618.6388,705.4653
2026-01-08,CMIKA,542.6656,543.1739,0.094,0.878,87.8,0.99,2.04,4.81,439.87,499.2523,618.6388,705.4653
2026-01-08,CMIN,542.6656,543.1739,0.094,0.878,87.8,0.99,2.04,4.81,439.87,499.2523,618.6388,705.4653
2026-01-08,CMIV,542.6656,543.1739,0.094,0.878,87.8,0.99,2.04,4.81,439.87,499.2523,618.6388,705.4653
2026-01-08,MAR,324.91,326.96,0.631,0.709,70.9,1.08,1.54,3.23,380.26,298.9172,370.3974,422.383
2026-01-08,HCA,479.02,480.92,0.397,0.733,73.3,0.81,2.23,1.01,561.65,440.6984,546.0828,622.726
2026-01-08,MRNA,33.86,34.298,1.294,0.84,84.0,0.87,5.22,6.84,358.58,31.1512,38.6004,44.018
2026-01-08,CCJ,105.76,109.58,3.612,0.709,70.9,1.44,3.92,12.64,365.8,97.2992,120.5664,137.488
2026-01-08,TFC,50.95,51.11,0.314,0.771,77.1,1.02,1.71,1.61,385.71,46.874,58.083,66.235
2026-01-08,CTSH,85.77,85.76,-0.012,0.857,85.7,0.72,2.14,1.96,403.16,78.9084,97.7778,111.501
2026-01-08,CHSCL,165.4441,165.5637,0.072,0.883,88.3,1.46,2.06,1.83,262.7,152.2086,188.6062,215.0773
2026-01-08,LULU,212.17,213.0,0.391,0.874,87.4,2.26,1.94,12.69,258.62,195.1964,241.8738,275.821
2026-01-08,PLD,128.39,128.32,-0.055,0.705,70.5,1.02,1.59,0.01,415.49,118.1188,146.3646,166.907
2026-01-08,EL,110.27,111.22,0.862,0.765,76.5,1.08,2.75,3.48,344.73,101.4484,125.7078,143.351
2026-01-08,ROST,189.27,189.27,0.0,0.803,80.3,0.98,1.56,3.4,459.93,174.1284,215.7678,246.051
2026-01-08,IQV,243.19,244.63,0.592,0.764,76.4,1.45,2.03,6.86,308.22,223.7348,277.2366,316.147
2026-01-08,DG,144.0,144.18,0.125,0.91,91.0,0.97,2.55,5.9,516.53,132.48,164.16,187.2
2026-01-08,SCCO,158.5111,160.8708,1.489,0.798,79.8,2.07,2.75,8.67,198.23,145.8302,180.7027,206.0645
2026-01-08,ODFL,171.07,171.6,0.31,0.833,83.3,1.09,2.81,6.82,359.1,157.3844,195.0198,222.391
2026-01-08,PCAR,117.893,117.8531,-0.034,0.804,80.4,1.11,1.64,5.14,292.89,108.4616,134.3981,153.2609
2026-01-08,ROK,403.66,403.49,-0.042,0.766,76.6,1.38,2.08,0.76,289.85,371.3672,460.1724,524.758
2026-01-08,KGC,30.9,31.19,0.939,0.784,78.4,0.96,3.64,7.25,238.08,28.428,35.226,40.17
2026-01-08,RIO,84.19,81.24,-3.504,0.812,81.2,2.88,1.52,5.39,286.31,77.4548,95.9766,109.447
2026-01-08,MKSI,178.8074,180.5058,0.95,0.889,88.9,0.65,3.17,8.52,145.32,164.5028,203.8405,232.4496
2026-01-08,ROG-SW,339.4,340.0,0.177,0.729,72.9,1.36,1.97,5.1,390.68,312.248,386.916,441.22
2026-01-08,KEX,21.2892,21.2991,0.047,0.815,81.5,1.07,1.74,2.56,286.76,19.5861,24.2697,27.676
2026-01-08,KEYS,206.67,207.31,0.31,0.839,83.9,1.33,2.14,0.01,215.15,190.1364,235.6038,268.671
2026-01-08,NUE,167.88,166.74,-0.679,0.81,81.0,0.89,2.46,2.27,268.06,154.4496,191.3832,218.244
2026-01-08,TEVA,32.51,32.49,-0.062,0.942,94.2,1.23,2.03,4.84,307.84,29.9092,37.0614,42.263
2026-01-08,BROS,63.06,62.91,-0.238,0.778,77.8,0.88,3.21,0.55,182.61,58.0152,71.8884,81.978
2026-01-08,AU,91.06,91.6,0.593,0.811,81.1,0.68,3.46,4.4,212.87,83.7752,103.8084,118.378
2026-01-08,AME,210.04,210.04,0.0,0.716,71.6,0.89,1.55,1.84,287.38,193.2368,239.4456,273.052
2026-01-08,MTB,213.61,213.55,-0.028,0.744,74.4,1.34,1.91,3.59,218.5,196.5212,243.5154,277.693
2026-01-08,STT,132.8,132.84,0.03,0.737,73.7,0.88,1.97,2.48,294.98,122.176,151.392,172.64
2026-01-08,BIIB,186.0,186.74,0.398,0.754,75.4,1.7,2.0,2.4,177.39,171.12,212.04,241.8
2026-01-08,ATHXQ,118.59,120.5,1.611,0.911,91.1,1.27,2.93,3.79,179.16,109.1028,135.1926,154.167
2026-01-08,ATI,118.59,120.5,1.611,0.911,91.1,1.27,2.93,3.79,179.16,109.1028,135.1926,154.167
2026-01-08,ATI1,118.59,120.5,1.611,0.911,91.1,1.27,2.93,3.79,179.16,109.1028,135.1926,154.167
2026-01-08,SU,45.77,45.93,0.35,0.7,70.0,1.36,2.05,4.21,214.05,42.1084,52.1778,59.501
2026-01-08,NOK,6.49,6.51,0.308,0.814,81.4,1.82,1.98,0.59,144.37,5.9708,7.3986,8.437
2026-01-08,AGNC,11.0717,11.3586,2.592,0.723,72.3,1.04,1.52,5.17,181.17,10.186,12.6217,14.3932
2026-01-08,NTRA,239.56,241.84,0.952,0.899,89.9,1.72,2.85,2.51,275.02,220.3952,273.0984,311.428
2026-01-08,HII,377.291,379.7932,0.663,0.873,87.3,1.79,2.84,10.16,199.45,347.1077,430.1118,490.4783
2026-01-08,PRU,118.72,118.79,0.059,0.756,75.6,1.02,1.76,2.72,183.23,109.2224,135.3408,154.336
2026-01-08,ITUB,7.41,7.45,0.54,0.742,74.2,1.48,1.6,4.26,117.9,6.8172,8.4474,9.633
2026-01-08,DD,43.2265,43.5054,0.645,0.897,89.7,0.9,1.93,5.04,211.14,39.7684,49.2783,56.1945
2026-01-08,NGD,9.56,9.65,0.941,0.877,87.7,0.73,6.02,8.62,164.97,8.7952,10.8984,12.428
2026-01-08,GH,108.74,108.17,-0.524,0.957,95.7,0.93,3.73,6.04,210.76,100.0408,123.9636,141.362
2026-01-08,CPAY,331.41,330.81,-0.181,0.739,73.9,1.72,2.38,6.35,178.49,304.8972,377.8074,430.833
2026-01-08,EAXR,160.0,161.23,0.769,0.822,82.2,1.2,3.91,8.02,166.95,147.2,182.4,208.0
2026-01-08,EB,160.0,161.23,0.769,0.822,82.2,1.2,3.91,8.02,166.95,147.2,182.4,208.0
2026-01-08,EBBGF,160.0,161.23,0.769,0.822,82.2,1.2,3.91,8.02,166.95,147.2,182.4,208.0
2026-01-08,EBBNF,160.0,161.23,0.769,0.822,82.2,1.2,3.91,8.02,166.95,147.2,182.4,208.0
2026-01-08,EPAM,219.78,220.0,0.1,0.925,92.5,1.12,2.9,4.72,156.43,202.1976,250.5492,285.714
2026-01-08,WAB,222.44,223.38,0.423,0.71,71.0,0.92,1.96,2.52,170.76,204.6448,253.5816,289.172
2026-01-08,GAP,28.42,28.63,0.739,0.903,90.3,2.41,3.28,7.31,234.49,26.1464,32.3988,36.946
2026-01-08,JLL,346.28,348.36,0.601,0.762,76.2,1.0,2.32,1.87,122.5,318.5776,394.7592,450.164
2026-01-08,JLMI,346.28,348.36,0.601,0.762,76.2,1.0,2.32,1.87,122.5,318.5776,394.7592,450.164
2026-01-08,BAP,303.84,303.78,-0.02,0.743,74.3,1.23,1.97,5.78,91.7,279.5328,346.3776,394.992
2026-01-08,CACI,584.09,585.36,0.217,0.707,70.7,2.11,2.65,4.73,162.78,537.3628,665.8626,759.317
2026-01-08,IAG,17.04,17.12,0.469,0.831,83.1,0.87,4.1,2.9,119.11,15.6768,19.4256,22.152
2026-01-08,IOR,81.54,82.17,0.773,0.717,71.7,1.11,2.76,2.2,151.02,75.0168,92.9556,106.002
2026-01-08,AGI,41.62,41.92,0.721,0.767,76.7,0.8,3.41,6.35,100.21,38.2904,47.4468,54.106
2026-01-08,AER,146.7535,147.5913,0.571,0.768,76.8,1.03,1.56,2.2,150.45,135.0132,167.299,190.7796
2026-01-08,ASX,17.33,17.61,1.616,0.922,92.2,0.9,1.98,8.04,116.05,15.9436,19.7562,22.529
2026-01-08,ASA,39.12,38.95,-0.435,0.837,83.7,1.36,2.61,2.23,116.01,35.9904,44.5968,50.856
2026-01-08,ANF,129.85,130.15,0.231,0.958,95.8,0.73,3.83,6.42,245.16,119.462,148.029,168.805
2026-01-08,COOL,83.13,83.13,0.0,0.769,76.9,1.04,1.85,0.83,197.22,76.4796,94.7682,108.069
2026-01-08,ALLY,45.91,46.13,0.479,0.796,79.6,1.34,2.0,0.42,130.15,42.2372,52.3374,59.683
2026-01-08,PRAX,294.38,291.96,-0.822,0.993,99.3,1.28,5.08,5.59,188.38,270.8296,335.5932,382.694
2026-01-08,HBM,21.11,21.39,1.326,0.774,77.4,0.88,3.3,7.09,92.96,19.4212,24.0654,27.443
2026-01-08,PFFVF,91.73,91.55,-0.196,0.726,72.6,0.98,1.89,2.05,111.02,84.3916,104.5722,119.249
2026-01-08,FMG-AX,22.75,22.58,-0.747,0.762,76.2,0.93,2.47,1.47,138.87,20.93,25.935,29.575
2026-01-08,HABC,168.9529,169.8421,0.526,0.721,72.1,0.87,2.56,3.09,130.32,155.4367,192.6063,219.6388
2026-01-08,VTRS,12.6,12.63,0.238,0.855,85.5,1.08,2.4,4.23,111.6,11.592,14.364,16.38
2026-01-08,AMFIQ,307.2993,306.3794,-0.299,0.856,85.6,1.04,2.45,6.58,146.53,282.7154,350.3212,399.4891
2026-01-08,BMRN,60.35,60.52,0.282,0.71,71.0,0.72,3.09,5.15,179.47,55.522,68.799,78.455
2026-01-08,CCK,103.55,103.43,-0.116,0.711,71.1,0.88,2.15,1.48,139.33,95.266,118.047,134.615
2026-01-08,FLSCQ,71.74,72.12,0.53,0.913,91.3,0.88,2.11,0.82,76.68,66.0008,81.7836,93.262
2026-01-08,BRL,52.48,53.6,2.134,0.919,91.9,1.06,3.45,9.55,103.92,48.2816,59.8272,68.224
2026-01-08,FOHL,14.28,14.28,0.0,0.954,95.4,0.85,1.79,10.19,297.11,13.1376,16.2792,18.564
2026-01-08,FOLD,14.28,14.28,0.0,0.954,95.4,0.85,1.79,10.19,297.11,13.1376,16.2792,18.564
2026-01-08,GRAL,98.04,99.52,1.51,0.904,90.4,1.2,5.59,6.43,76.71,90.1968,111.7656,127.452
2026-01-08,APG,40.49,40.55,0.148,0.737,73.7,1.51,2.47,2.49,99.83,37.2508,46.1586,52.637
2026-01-08,MLIN,121.33,121.91,0.478,0.815,81.5,0.66,1.96,4.3,100.38,111.6236,138.3162,157.729
2026-01-08,PFSI,136.9395,137.8465,0.662,0.745,74.5,0.97,2.2,3.29,40.2,125.9843,156.111,178.0213
2026-01-08,MT,47.31,47.19,-0.254,0.818,81.8,0.97,1.72,3.04,57.6,43.5252,53.9334,61.503
2026-01-08,MICU,158.54,157.2,-0.845,0.775,77.5,0.64,2.78,5.9,119.25,145.8568,180.7356,206.102
2026-01-08,ITX-MC,56.78,56.7,-0.141,0.789,78.9,0.84,1.67,1.69,119.57,52.2376,64.7292,73.814
2026-01-08,FOX,67.55,67.65,0.148,0.86,86.0,0.72,1.7,4.18,92.28,62.146,77.007,87.815
2026-01-08,DDUP,690.48,690.78,0.043,0.745,74.5,0.96,3.89,6.23,107.7,635.2416,787.1472,897.624
2026-01-08,DEA,690.48,690.78,0.043,0.745,74.5,0.96,3.89,6.23,107.7,635.2416,787.1472,897.624
2026-01-08,COLD,29.0048,29.1431,0.477,0.719,71.9,0.8,2.0,1.95,68.6,26.6844,33.0654,37.7062
2026-01-08,JBTM,159.4527,159.3728,-0.05,0.708,70.8,1.19,2.55,3.43,82.56,146.6965,181.7761,207.2886
2026-01-08,NVTAQ,23.62,23.6,-0.085,0.809,80.9,0.84,2.62,6.33,52.84,21.7304,26.9268,30.706
2026-01-08,BKEP,11.2,11.03,-1.518,0.85,85.0,1.06,2.46,4.13,33.41,10.304,12.768,14.56
2026-01-08,MUR,32.3992,32.5872,0.58,0.708,70.8,1.48,3.88,3.03,72.15,29.8072,36.935,42.1189
2026-01-08,CUKPF,31.2643,31.324,0.191,0.8,80.0,1.17,3.36,7.44,69.11,28.7631,35.6413,40.6435
2026-01-08,CELC,104.67,104.41,-0.248,0.973,97.3,1.16,4.24,2.49,87.81,96.2964,119.3238,136.071
2026-01-08,CELH,104.67,104.41,-0.248,0.973,97.3,1.16,4.24,2.49,87.81,96.2964,119.3238,136.071
2026-01-08,AMTM,32.47,32.59,0.37,0.896,89.6,1.39,3.05,8.58,61.48,29.8724,37.0158,42.211
2026-01-08,HUN,11.35,11.38,0.264,0.908,90.8,1.58,4.52,9.98,49.68,10.442,12.939,14.755
2026-01-08,BFNBQ,81.0143,81.0541,0.049,0.917,91.7,0.93,2.32,6.24,60.78,74.5331,92.3562,105.3185
2026-01-08,BFNH,81.0143,81.0541,0.049,0.917,91.7,0.93,2.32,6.24,60.78,74.5331,92.3562,105.3185
2026-01-08,APGE,77.48,78.5,1.316,0.914,91.4,1.25,4.2,0.69,81.56,71.2816,88.3272,100.724
2026-01-08,PAA,18.4,18.5,0.543,0.748,74.8,0.95,1.71,3.17,53.12,16.928,20.976,23.92
2026-01-08,ARR,17.6062,17.7329,0.719,0.778,77.8,1.24,1.69,3.51,57.26,16.1977,20.0711,22.8881
2026-01-08,ARRKF,17.6062,17.7329,0.719,0.778,77.8,1.24,1.69,3.51,57.26,16.1977,20.0711,22.8881
2026-01-08,ARRO,17.6062,17.7329,0.719,0.778,77.8,1.24,1.69,3.51,57.26,16.1977,20.0711,22.8881
2026-01-08,ARRS,17.6062,17.7329,0.719,0.778,77.8,1.24,1.69,3.51,57.26,16.1977,20.0711,22.8881
2026-01-08,AUGO,51.2,52.0,1.562,0.888,88.8,1.7,4.17,3.01,35.47,47.104,58.368,66.56
2026-01-08,BTE,3.33,3.35,0.601,0.909,90.9,1.68,3.79,6.03,54.2,3.0636,3.7962,4.329
2026-01-08,POR1,48.98,49.16,0.367,0.703,70.3,0.66,1.53,2.05,52.4,45.0616,55.8372,63.674
2026-01-08,BTSG,39.1,39.2,0.256,0.875,87.5,0.95,3.05,4.14,73.38,35.972,44.574,50.83
2026-01-08,MMSY,93.18,91.61,-1.685,0.739,73.9,1.92,2.28,5.69,61.12,85.7256,106.2252,121.134
2026-01-08,GGAL,56.1266,56.1565,0.053,0.943,94.3,1.03,4.06,6.57,60.2,51.6365,63.9843,72.9646
2026-01-08,LNTH,67.85,67.56,-0.427,0.82,82.0,0.72,2.67,2.0,75.5,62.422,77.349,88.205
2026-01-08,ATEN1,22.68,22.65,-0.132,0.949,94.9,2.03,3.23,9.46,47.37,20.8656,25.8552,29.484
2026-01-08,ATER,22.68,22.65,-0.132,0.949,94.9,2.03,3.23,9.46,47.37,20.8656,25.8552,29.484
2026-01-08,ALH,92.47,94.36,2.044,0.927,92.7,1.05,3.93,6.46,28.05,85.0724,105.4158,120.211
2026-01-08,ALHC,92.47,94.36,2.044,0.927,92.7,1.05,3.93,6.46,28.05,85.0724,105.4158,120.211
2026-01-08,ALI,92.47,94.36,2.044,0.927,92.7,1.05,3.93,6.46,28.05,85.0724,105.4158,120.211
2026-01-08,BANC,20.47,20.54,0.342,0.786,78.6,1.3,2.19,3.61,36.34,18.8324,23.3358,26.611
2026-01-08,DAP,26.5882,26.5683,-0.075,0.92,92.0,1.3,2.78,11.39,50.74,24.4612,30.3106,34.5647
2026-01-08,DAR,26.5882,26.5683,-0.075,0.92,92.0,1.3,2.78,11.39,50.74,24.4612,30.3106,34.5647
2026-01-08,GU1,18.0986,18.0986,-0.0,0.92,92.0,1.07,2.4,4.39,43.4,16.6507,20.6324,23.5282
2026-01-08,HE,13.66,13.66,0.0,0.816,81.6,0.63,3.52,11.26,74.45,12.5672,15.5724,17.758
2026-01-08,HEAL1,13.66,13.66,0.0,0.816,81.6,0.63,3.52,11.26,74.45,12.5672,15.5724,17.758
2026-01-08,DKEY,582.2,581.26,-0.161,0.899,89.9,1.45,4.59,11.19,41.41,535.624,663.708,756.86
2026-01-08,DKHR,582.2,581.26,-0.161,0.899,89.9,1.45,4.59,11.19,41.41,535.624,663.708,756.86
2026-01-08,DKI,582.2,581.26,-0.161,0.899,89.9,1.45,4.59,11.19,41.41,535.624,663.708,756.86
2026-01-08,CSTM,20.25,20.24,-0.049,0.885,88.5,1.11,2.79,6.83,25.51,18.63,23.085,26.325
2026-01-08,ATMP,54.2141,54.4539,0.442,0.832,83.2,1.03,2.44,2.18,32.57,49.877,61.8041,70.4784
2026-01-08,ATMV,54.2141,54.4539,0.442,0.831,83.1,1.03,2.44,2.18,32.57,49.877,61.8041,70.4784
2026-01-08,ATMVR,54.2141,54.4539,0.442,0.831,83.1,1.03,2.44,2.18,32.57,49.877,61.8041,70.4784
2026-01-08,PATK,115.5318,115.8009,0.233,0.773,77.3,1.07,2.89,3.08,32.44,106.2893,131.7063,150.1914
2026-01-08,CRI,34.64,36.55,5.514,0.74,74.0,1.2,3.81,5.89,35.46,31.8688,39.4896,45.032
2026-01-08,CRIC,34.64,36.55,5.514,0.74,74.0,1.2,3.81,5.89,35.46,31.8688,39.4896,45.032
2026-01-08,SDZ-SW,60.54,60.14,-0.661,0.827,82.7,0.87,2.08,3.87,45.0,55.6968,69.0156,78.702
2026-01-08,HUBG,45.83,45.76,-0.153,0.895,89.5,0.64,2.38,4.68,38.11,42.1636,52.2462,59.579
2026-01-08,ASH,59.5107,59.9478,0.734,0.828,82.8,1.13,2.72,0.52,44.74,54.7499,67.8422,77.3639
2026-01-08,PAIYY,19.61,19.65,0.204,0.746,74.6,1.34,1.51,3.29,30.58,18.0412,22.3554,25.493
2026-01-08,PALDF,19.61,19.65,0.204,0.746,74.6,1.34,1.51,3.29,30.58,18.0412,22.3554,25.493
2026-01-08,LCAV,20.67,20.75,0.387,0.889,88.9,1.82,3.74,5.35,35.98,19.0164,23.5638,26.871
2026-01-08,PACW1,41.36,41.5,0.338,0.983,98.3,0.71,4.28,11.24,50.06,38.0512,47.1504,53.768
2026-01-08,PACX,41.36,41.5,0.338,0.983,98.3,0.71,4.28,11.24,50.06,38.0512,47.1504,53.768
2026-01-08,PAE,41.36,41.5,0.338,0.983,98.3,0.71,4.28,11.24,50.06,38.0512,47.1504,53.768
2026-01-08,PAET,41.36,41.5,0.338,0.983,98.3,0.71,4.28,11.24,50.06,38.0512,47.1504,53.768
2026-01-08,OII,26.9,27.38,1.784,0.758,75.8,0.82,3.47,7.3,23.9,24.748,30.666,34.97
2026-01-08,OIIM,26.9,27.38,1.784,0.758,75.8,0.82,3.47,7.3,23.9,24.748,30.666,34.97
2026-01-08,IP,2.61,2.65,1.533,0.796,79.6,0.85,7.14,2.17,32.97,2.4012,2.9754,3.393
2026-01-08,AMRX,13.2,13.192,-0.061,0.891,89.1,0.69,2.33,4.13,23.2,12.144,15.048,17.16
2026-01-08,ARQT,29.88,30.005,0.418,0.917,91.7,0.9,3.9,2.85,56.07,27.4896,34.0632,38.844
2026-01-08,IMVT,26.31,26.67,1.368,0.928,92.8,0.64,5.1,1.04,56.59,24.2052,29.9934,34.203
2026-01-08,IMXI,26.31,26.67,1.368,0.928,92.8,0.64,5.1,1.04,56.59,24.2052,29.9934,34.203
2026-01-08,CGAU,15.47,15.52,0.323,0.859,85.9,0.63,3.7,6.23,19.51,14.2324,17.6358,20.111
2026-01-08,BLTE,164.005,164.05,0.027,0.968,96.8,1.91,4.5,5.54,41.16,150.8846,186.9657,213.2065
2026-01-08,AX,93.16,93.24,0.086,0.713,71.3,0.59,2.29,5.95,34.85,85.7072,106.2024,121.108
2026-01-08,ARCC1,86.6442,87.0937,0.519,0.792,79.2,0.93,3.61,10.33,36.46,79.7127,98.7744,112.6375
2026-01-08,ARCE,86.6442,87.0937,0.519,0.792,79.2,0.93,3.61,10.33,36.46,79.7127,98.7744,112.6375
2026-01-08,ARCH,86.6442,87.0937,0.519,0.792,79.2,0.93,3.61,10.33,36.46,79.7127,98.7744,112.6375
2026-01-08,ARCHQ,86.6442,87.0937,0.519,0.792,79.2,0.93,3.61,10.33,36.46,79.7127,98.7744,112.6375
2026-01-08,ARCIU,86.6442,87.0937,0.519,0.792,79.2,0.93,3.61,10.33,36.46,79.7127,98.7744,112.6375
2026-01-08,ARCK,86.6442,87.0937,0.519,0.792,79.2,0.93,3.61,10.33,36.46,79.7127,98.7744,112.6375
2026-01-08,ARIS,17.15,17.21,0.35,0.94,94.0,0.65,4.33,6.61,34.84,15.778,19.551,22.295
2026-01-08,ARMO,17.15,17.21,0.35,0.94,94.0,0.65,4.33,6.61,34.84,15.778,19.551,22.295
2026-01-08,PGNY,27.43,27.45,0.073,0.886,88.6,1.08,3.3,4.83,38.28,25.2356,31.2702,35.659
2026-01-08,PGOL,27.43,27.45,0.073,0.886,88.6,1.08,3.3,4.83,38.28,25.2356,31.2702,35.659
2026-01-08,AXGN,33.37,33.21,-0.479,0.97,97.0,1.44,4.63,5.16,25.46,30.7004,38.0418,43.381
2026-01-08,LAUR1,35.49,35.12,-1.043,0.786,78.6,0.62,2.59,5.52,41.33,32.6508,40.4586,46.137
2026-01-08,BOST,4.22,4.27,1.185,0.937,93.7,0.91,4.78,5.12,20.76,3.8824,4.8108,5.486
2026-01-08,BOT,4.22,4.27,1.185,0.937,93.7,0.91,4.78,5.12,20.76,3.8824,4.8108,5.486
2026-01-08,AAUC,24.84,25.16,1.288,0.869,86.9,0.71,3.97,5.38,18.4,22.8528,28.3176,32.292
2026-01-08,AAUGF,24.84,25.16,1.288,0.869,86.9,0.71,3.97,5.38,18.4,22.8528,28.3176,32.292
2026-01-08,OMCL,50.59,50.21,-0.751,0.951,95.1,1.37,3.05,10.46,30.87,46.5428,57.6726,65.767
2026-01-08,DFTX,14.7,14.7,0.0,0.77,77.0,1.63,5.84,12.09,31.77,13.524,16.758,19.11
2026-01-08,MNMD,14.7,14.7,0.0,0.77,77.0,1.63,5.84,12.09,31.78,13.524,16.758,19.11
2026-01-08,J36-SI,71.61,71.91,0.419,0.743,74.3,1.2,2.29,4.53,19.23,65.8812,81.6354,93.093
2026-01-08,COHU,26.06,26.3,0.921,0.802,80.2,1.17,3.03,7.43,13.37,23.9752,29.7084,33.878
2026-01-08,COLB,26.06,26.3,0.921,0.802,80.2,1.17,3.03,7.43,13.37,23.9752,29.7084,33.878
2026-01-08,BMA,94.8825,94.4345,-0.472,0.96,96.0,1.31,4.72,5.89,24.71,87.2919,108.166,123.3472
2026-01-08,NUTX,184.11,184.11,0.0,0.961,96.1,0.86,8.4,6.13,30.04,169.3812,209.8854,239.343
2026-01-08,CRAI,215.78,216.04,0.12,0.804,80.4,1.16,2.88,4.49,25.01,198.5176,245.9892,280.514
2026-01-08,MNKKQ,6.01,6.08,1.165,0.744,74.4,2.01,3.51,3.03,22.38,5.5292,6.8514,7.813
2026-01-08,NVSGF,18.29,18.12,-0.929,0.931,93.1,0.88,1.7,1.27,27.26,16.8268,20.8506,23.777
2026-01-08,FTRE1,17.44,17.54,0.573,0.957,95.7,0.88,5.62,3.35,23.62,16.0448,19.8816,22.672
2026-01-08,NEO,12.83,12.81,-0.156,0.898,89.8,0.72,3.54,5.95,21.25,11.8036,14.6262,16.679
2026-01-08,GCTK,41.71,41.47,-0.575,0.934,93.4,1.3,4.68,4.42,21.19,38.3732,47.5494,54.223
2026-01-08,CAEP,32.7,32.74,0.122,0.752,75.2,1.04,2.31,7.16,19.31,30.084,37.278,42.51
2026-01-08,AZX,117.04,117.83,0.675,0.724,72.4,1.57,2.49,6.76,21.44,107.6768,133.4256,152.152
2026-01-08,AZZ,117.04,117.83,0.675,0.724,72.4,1.57,2.49,6.76,21.44,107.6768,133.4256,152.152
2026-01-08,B,117.04,117.83,0.675,0.724,72.4,1.57,2.49,6.76,21.44,107.6768,133.4256,152.152
2026-01-08,DBGI,68.0,67.92,-0.118,0.761,76.1,0.89,2.84,0.73,13.67,62.56,77.52,88.4
2026-01-08,PCSB,26.02,24.64,-5.304,0.734,73.4,0.93,3.96,0.46,22.98,23.9384,29.6628,33.826
2026-01-08,PCSC,26.02,24.64,-5.304,0.734,73.4,0.93,3.96,0.46,22.98,23.9384,29.6628,33.826
2026-01-08,PGEN,4.61,4.62,0.217,0.915,91.5,0.7,7.37,10.91,25.33,4.2412,5.2554,5.993
2026-01-08,ANDE,54.1,54.17,0.129,0.853,85.3,0.88,2.58,1.07,22.04,49.772,61.674,70.33
2026-01-08,ANDG,54.1,54.17,0.129,0.853,85.3,0.88,2.58,1.07,22.04,49.772,61.674,70.33
2026-01-08,ANDN1,54.1,54.17,0.129,0.853,85.3,0.88,2.58,1.07,22.04,49.772,61.674,70.33
2026-01-08,ANDR,54.1,54.17,0.129,0.853,85.3,0.88,2.58,1.07,22.04,49.772,61.674,70.33
2026-01-08,MCW,5.92,5.96,0.676,0.838,83.8,0.8,2.95,3.96,7.69,5.4464,6.7488,7.696
2026-01-08,GROY,4.4,4.45,1.136,0.752,75.2,0.74,4.08,6.24,11.77,4.048,5.016,5.72
2026-01-08,PAC,2.04,2.06,0.98,0.833,83.3,1.04,6.76,4.29,13.36,1.8768,2.3256,2.652
2026-01-08,PACB,2.04,2.06,0.98,0.833,83.3,1.04,6.76,4.29,13.36,1.8768,2.3256,2.652
2026-01-08,PACC,2.04,2.06,0.98,0.833,83.3,1.04,6.76,4.29,13.36,1.8768,2.3256,2.652
2026-01-08,BIO-B,13.92,13.97,0.359,0.979,97.9,0.83,7.1,4.47,8.43,12.8064,15.8688,18.096
2026-01-08,BIOA,13.92,13.97,0.359,0.979,97.9,0.83,7.1,4.47,8.43,12.8064,15.8688,18.096
2026-01-08,DRUG,90.01,90.12,0.122,0.903,90.3,3.37,11.46,6.08,26.05,82.8092,102.6114,117.013
2026-01-08,PAX,17.4015,17.3916,-0.057,0.828,82.8,0.81,2.43,9.02,9.3,16.0094,19.8377,22.622
2026-01-08,LIND,14.73,14.67,-0.407,0.826,82.6,1.33,3.16,2.9,6.42,13.5516,16.7922,19.149
2026-01-08,ANNSF,5.29,5.38,1.701,0.955,95.5,0.8,6.34,4.76,15.99,4.8668,6.0306,6.877
2026-01-08,ANNX,5.29,5.38,1.701,0.955,95.5,0.8,6.34,4.76,15.99,4.8668,6.0306,6.877
2026-01-08,ANOR,5.29,5.38,1.701,0.955,95.5,0.8,6.34,4.76,15.99,4.8668,6.0306,6.877
2026-01-08,BHC,7.77,7.77,0.0,0.842,84.2,0.86,3.56,8.84,15.89,7.1484,8.8578,10.101
2026-01-08,BHC.A,7.77,7.77,0.0,0.842,84.2,0.86,3.56,8.84,15.89,7.1484,8.8578,10.101
2026-01-08,BHE,7.77,7.77,0.0,0.842,84.2,0.86,3.56,8.84,15.89,7.1484,8.8578,10.101
2026-01-08,CMPX,5.17,5.2,0.58,0.781,78.1,0.93,5.7,0.11,9.94,4.7564,5.8938,6.721
2026-01-08,ACT,40.4782,40.6076,0.32,0.701,70.1,0.86,1.67,1.56,10.63,37.24,46.1452,52.6217
2026-01-08,BBAO,18.5677,18.428,-0.752,0.962,96.2,1.05,4.88,4.48,10.91,17.0823,21.1672,24.138
2026-01-08,BBAR,18.5677,18.428,-0.752,0.962,96.2,1.05,4.88,4.48,10.91,17.0823,21.1672,24.138
2026-01-08,BBAR1,18.5677,18.428,-0.752,0.962,96.2,1.05,4.88,4.48,10.91,17.0823,21.1672,24.138
2026-01-08,ARCO,7.91,7.9,-0.126,0.711,71.1,1.24,2.09,7.21,7.09,7.2772,9.0174,10.283
2026-01-08,GSL,35.4104,35.4301,0.056,0.872,87.2,0.77,2.24,3.86,12.24,32.5776,40.3679,46.0335
2026-01-08,DHC,5.3905,5.3705,-0.37,0.872,87.2,0.89,3.49,8.78,6.43,4.9592,6.1451,7.0076
2026-01-08,DHCC,5.3905,5.3705,-0.37,0.872,87.2,0.89,3.49,8.78,6.43,4.9592,6.1451,7.0076
2026-01-08,ARVLF,12.18,12.29,0.903,0.819,81.9,0.7,4.45,1.32,10.32,11.2056,13.8852,15.834
2026-01-08,ARVN,12.18,12.29,0.903,0.819,81.9,0.7,4.45,1.32,10.32,11.2056,13.8852,15.834
2026-01-08,MLKIQ,19.106,18.9375,-0.882,0.751,75.1,0.8,3.32,7.49,16.1,17.5775,21.7808,24.8378
2026-01-08,MLKN,19.106,18.9375,-0.882,0.751,75.1,0.8,3.32,7.49,16.1,17.5775,21.7808,24.8378
2026-01-08,GDXU,9.86,9.86,0.0,0.848,84.8,0.97,3.69,3.86,9.78,9.0712,11.2404,12.818
2026-01-08,GDYS,9.86,9.86,0.0,0.848,84.8,0.97,3.69,3.86,9.78,9.0712,11.2404,12.818
2026-01-08,AMPH,27.74,27.71,-0.108,0.749,74.9,0.83,3.16,4.26,10.17,25.5208,31.6236,36.062
2026-01-08,IDEXY,16.49,16.44,-0.303,0.773,77.3,2.94,1.96,0.49,6.76,15.1708,18.7986,21.437
2026-01-08,EBS,13.36,13.36,0.0,0.916,91.6,1.25,4.36,7.28,11.19,12.2912,15.2304,17.368
2026-01-08,NEXA,9.59,9.62,0.313,0.948,94.8,0.81,4.75,10.98,7.37,8.8228,10.9326,12.467
2026-01-08,ALNT,56.1,56.64,0.963,0.727,72.7,0.71,4.33,1.01,8.88,51.612,63.954,72.93
2026-01-08,CGEM,11.14,11.17,0.269,0.911,91.1,0.86,6.88,5.7,11.32,10.2488,12.6996,14.482
2026-01-08,DDL,2.86,2.9,1.399,0.933,93.3,0.61,9.51,11.52,6.83,2.6312,3.2604,3.718
2026-01-08,NTBL,50.3664,50.2475,-0.236,0.791,79.1,0.81,1.78,0.32,8.24,46.3371,57.4177,65.4763
2026-01-08,AIQUF,16.63,16.61,-0.12,0.824,82.4,0.72,5.68,1.38,8.66,15.2996,18.9582,21.619
2026-01-08,AIQUY,16.63,16.61,-0.12,0.824,82.4,0.72,5.68,1.38,8.66,15.2996,18.9582,21.619
2026-01-08,AIR,16.63,16.61,-0.12,0.824,82.4,0.72,5.68,1.38,8.66,15.2996,18.9582,21.619
2026-01-08,CBLL,23.07,23.1,0.13,0.964,96.4,0.66,4.45,7.45,11.2,21.2244,26.2998,29.991
2026-01-08,CBM,23.07,23.1,0.13,0.964,96.4,0.66,4.45,7.45,11.2,21.2244,26.2998,29.991
2026-01-08,CLB,18.8696,19.0495,0.953,0.952,95.2,0.93,3.35,12.27,7.1,17.36,21.5113,24.5305
2026-01-08,HTLD,10.43,10.45,0.192,0.868,86.8,0.77,2.7,10.72,6.78,9.5956,11.8902,13.559
2026-01-09,GOOGL,328.3389,325.5708,-0.843,0.877,87.7,0.89,2.22,4.97,9658.74,302.0718,374.3063,426.8405
2026-01-09,GOOG,329.14,326.5,-0.802,0.876,87.6,0.93,2.2,4.87,6358.27,302.8088,375.2196,427.882
2026-01-09,SMH,389.22,385.67,-0.912,0.74,74.0,1.0,1.94,6.68,2519.24,358.0824,443.7108,505.986
2026-01-09,AMAT,301.18,301.72,0.179,0.889,88.9,2.24,2.21,12.21,1266.0,277.0856,343.3452,391.534
2026-01-09,WDC,200.46,193.5,-3.472,0.953,95.3,1.08,6.38,9.55,1835.16,184.4232,228.5244,260.598
2026-01-09,GS,938.98,934.0,-0.53,0.809,80.9,0.63,2.15,3.66,1980.33,863.8616,1070.4372,1220.674
2026-01-09,CAT,616.1783,613.2153,-0.481,0.742,74.2,0.7,2.57,4.45,1603.91,566.8841,702.4433,801.0318
2026-01-09,BKNG,5492.1099,5454.2002,-0.69,0.777,77.7,1.59,1.52,1.39,706.34,5052.7411,6261.0052,7139.7428
2026-01-09,TXN,189.0759,187.6253,-0.767,0.825,82.5,1.24,1.84,6.31,916.79,173.9498,215.5465,245.7986
2026-01-09,CVNA,463.09,457.43,-1.222,0.878,87.8,0.68,4.16,4.57,2216.87,426.0428,527.9226,602.017
2026-01-09,KLAC,1400.0,1386.63,-0.955,0.838,83.8,1.69,2.33,8.84,911.55,1288.0,1596.0,1820.0
2026-01-09,STX,304.01,299.31,-1.546,0.906,90.6,0.74,5.52,4.71,1314.74,279.6892,346.5714,395.213
2026-01-09,APH,140.16,141.66,1.07,0.707,70.7,0.69,2.94,3.43,1057.76,128.9472,159.7824,182.208
2026-01-09,MRK,110.53,110.97,0.398,0.867,86.7,0.78,2.18,5.72,1558.2,101.6876,126.0042,143.689
2026-01-09,WFC,95.4807,94.3662,-1.167,0.701,70.1,0.84,1.76,1.93,1166.56,87.8423,108.848,124.1249
2026-01-09,ACN,280.67,279.54,-0.403,0.714,71.4,0.81,2.53,3.32,1088.7,258.2164,319.9638,364.871
2026-01-09,MS,185.2985,183.6178,-0.907,0.787,78.7,0.95,1.73,3.25,901.3,170.4746,211.2403,240.8881
2026-01-09,ADI,299.9907,296.5714,-1.14,0.846,84.6,0.91,1.95,7.33,1017.62,275.9914,341.9894,389.9879
2026-01-09,COF,249.2,229.95,-7.725,0.737,73.7,1.21,1.85,1.24,787.81,229.264,284.088,323.96
2026-01-09,RTX,188.5,189.71,0.642,0.761,76.1,1.59,2.06,2.51,901.78,173.42,214.89,245.05
2026-01-09,MELI,2178.4099,2164.27,-0.649,0.711,71.1,0.94,2.32,6.48,713.32,2004.1371,2483.3873,2831.9329
2026-01-09,XBI,124.5,123.98,-0.418,0.764,76.4,1.1,1.98,1.22,1123.16,114.54,141.93,161.85
2026-01-09,NEM,108.99,112.56,3.276,0.788,78.8,0.87,3.16,6.05,952.22,100.2708,124.2486,141.687
2026-01-09,ISRG,586.24,581.97,-0.728,0.879,87.9,0.93,1.8,2.79,939.75,539.3408,668.3136,762.112
2026-01-09,SNPS,525.18,524.21,-0.185,0.887,88.7,1.52,2.28,8.19,723.38,483.1656,598.7052,682.734
2026-01-09,F,14.2,14.15,-0.352,0.815,81.5,1.34,1.93,4.87,727.19,13.064,16.188,18.46
2026-01-09,TER,217.26,217.94,0.313,0.931,93.1,0.89,3.21,7.35,628.81,199.8792,247.6764,282.438
2026-01-09,DHR,238.37,238.29,-0.034,0.728,72.8,0.85,1.77,3.58,714.73,219.3004,271.7418,309.881
2026-01-09,NU,17.46,17.35,-0.63,0.741,74.1,0.83,2.25,3.44,627.49,16.0632,19.9044,22.698
2026-01-09,CLS,302.3,299.8,-0.827,0.806,80.6,0.91,6.33,0.65,736.74,278.116,344.622,392.99
2026-01-09,CRDO,150.42,148.745,-1.114,0.73,73.0,1.36,6.31,4.48,831.24,138.3864,171.4788,195.546
2026-01-09,CRDSQ,150.42,148.745,-1.114,0.73,73.0,1.36,6.31,4.48,831.24,138.3864,171.4788,195.546
2026-01-09,AAL,15.99,15.7,-1.814,0.863,86.3,0.94,3.26,2.63,877.83,14.7108,18.2286,20.787
2026-01-09,BMY,55.86,56.11,0.448,0.85,85.0,0.62,1.85,3.99,857.44,51.3912,63.6804,72.618
2026-01-09,MCHP,75.22,75.32,0.133,0.744,74.4,1.12,3.08,11.69,612.12,69.2024,85.7508,97.786
2026-01-09,GM,82.87,82.2,-0.809,0.914,91.4,1.39,1.79,0.81,722.61,76.2404,94.4718,107.731
2026-01-09,TGT,104.4576,104.517,0.057,0.78,78.0,0.9,2.89,6.25,755.44,96.101,119.0817,135.7949
2026-01-09,FITB,49.27,48.74,-1.076,0.707,70.7,1.05,1.74,2.71,327.66,45.3284,56.1678,64.051
2026-01-09,EXPE,296.33,293.28,-1.029,0.87,87.0,0.76,2.33,3.02,447.06,272.6236,337.8162,385.229
2026-01-09,UPS,108.06,107.86,-0.185,0.862,86.2,0.98,1.82,6.16,606.56,99.4152,123.1884,140.478
2026-01-09,WBD,28.89,28.48,-1.419,0.933,93.3,0.89,1.74,0.41,1230.9,26.5788,32.9346,37.557
2026-01-09,HL,22.4456,23.9253,6.592,0.942,94.2,0.76,6.31,12.65,600.94,20.6499,25.588,29.1793
2026-01-09,VALE,13.97,14.03,0.429,0.841,84.1,0.98,1.74,5.5,415.66,12.8524,15.9258,18.161
2026-01-09,SATS,120.0,122.45,2.042,0.932,93.2,1.52,4.4,10.63,566.25,110.4,136.8,156.0
2026-01-09,USB,55.21,54.0,-2.192,0.756,75.6,0.67,1.49,2.07,490.53,50.7932,62.9394,71.773
2026-01-09,FDX,312.36,310.47,-0.605,0.877,87.7,1.16,2.12,6.46,606.2,287.3712,356.0904,406.068
2026-01-09,REGN,795.593,809.0268,1.689,0.893,89.3,0.86,2.16,3.1,658.21,731.9455,906.976,1034.2708
2026-01-09,AG,18.9051,20.0448,6.029,0.889,88.9,1.03,6.1,10.97,403.25,17.3927,21.5519,24.5767
2026-01-09,PH,919.2767,917.0109,-0.246,0.83,83.0,1.14,1.74,3.36,504.92,845.7346,1047.9755,1195.0598
2026-01-09,PNC,215.8929,213.6104,-1.057,0.711,71.1,1.46,1.62,2.26,423.85,198.6215,246.1179,280.6607
2026-01-09,VLO,184.1537,184.2333,0.043,0.715,71.5,1.43,2.54,9.21,706.39,169.4214,209.9353,239.3999
2026-01-09,DAL,72.31,70.8,-2.088,0.757,75.7,1.19,2.18,2.23,486.4,66.5252,82.4334,94.003
2026-01-09,CMIIU,550.2402,549.3132,-0.168,0.87,87.0,0.97,1.88,5.99,434.82,506.221,627.2738,715.3122
2026-01-09,CMIKA,550.2402,549.3132,-0.168,0.87,87.0,0.97,1.88,5.99,434.82,506.221,627.2738,715.3122
2026-01-09,CMIN,550.2402,549.3132,-0.168,0.87,87.0,0.97,1.88,5.99,434.82,506.221,627.2738,715.3122
2026-01-09,CMIV,550.2402,549.3132,-0.168,0.87,87.0,0.97,1.88,5.99,434.82,506.221,627.2738,715.3122
2026-01-09,MRNA,34.3,34.4,0.292,0.86,86.0,0.71,5.24,7.34,363.01,31.556,39.102,44.59
2026-01-09,TFC,50.62,50.16,-0.909,0.736,73.6,1.01,1.62,0.84,376.26,46.5704,57.7068,65.806
2026-01-09,CTSH,85.26,84.42,-0.985,0.84,84.0,0.7,1.97,1.23,391.76,78.4392,97.1964,110.838
2026-01-09,CHSCL,170.1879,168.6332,-0.914,0.878,87.8,1.35,1.96,4.35,273.25,156.5728,194.0142,221.2442
2026-01-09,LULU,203.9,203.3,-0.294,0.829,82.9,3.91,2.16,7.5,298.75,187.588,232.446,265.07
2026-01-09,BIDU,143.54,148.65,3.56,0.773,77.3,0.98,2.73,9.59,452.35,132.0568,163.6356,186.602
2026-01-09,EL,113.73,112.96,-0.677,0.781,78.1,1.2,2.65,6.4,361.6,104.6316,129.6522,147.849
2026-01-09,ROST,191.44,191.0,-0.23,0.817,81.7,1.12,1.53,4.31,454.95,176.1248,218.2416,248.872
2026-01-09,IQV,242.41,243.41,0.413,0.757,75.7,1.03,2.01,6.06,305.2,223.0172,276.3474,315.133
2026-01-09,DG,142.74,142.77,0.021,0.892,89.2,0.84,2.56,4.31,512.59,131.3208,162.7236,185.562
2026-01-09,ODFL,173.13,171.24,-1.092,0.844,84.4,0.88,2.6,7.58,353.01,159.2796,197.3682,225.069
2026-01-09,PCAR,118.4915,117.4442,-0.884,0.813,81.3,0.94,1.62,5.35,251.84,109.0122,135.0803,154.0389
2026-01-09,ROK,410.53,408.69,-0.448,0.775,77.5,1.03,2.03,2.47,290.53,377.6876,468.0042,533.689
2026-01-09,KGC,31.24,32.16,2.945,0.811,81.1,0.92,3.61,7.69,236.48,28.7408,35.6136,40.612
2026-01-09,MKSI,185.9006,183.2231,-1.44,0.898,89.8,0.8,3.17,12.21,148.4,171.0285,211.9267,241.6707
2026-01-09,ROG-SW,340.8,338.7,-0.616,0.732,73.2,0.98,1.95,5.03,394.77,313.536,388.512,443.04
2026-01-09,KEX,20.9823,20.8931,-0.425,0.767,76.7,1.02,1.67,0.92,276.28,19.3037,23.9198,27.2769
2026-01-09,WPM,124.74,128.68,3.159,0.718,71.8,1.05,3.26,4.12,224.71,114.7608,142.2036,162.162
2026-01-09,KEYS,207.3,205.96,-0.646,0.831,83.1,0.71,2.13,0.45,210.82,190.716,236.322,269.49
2026-01-09,TEVA,32.01,33.23,3.811,0.932,93.2,1.06,2.01,2.86,289.93,29.4492,36.4914,41.613
2026-01-09,CRSR,328.4614,328.7412,0.085,0.884,88.4,0.75,3.95,0.32,319.9,302.1845,374.446,426.9998
2026-01-09,AU,92.25,96.1,4.173,0.837,83.7,0.8,3.34,5.17,203.33,84.87,105.165,119.925
2026-01-09,MTB,211.68,209.78,-0.898,0.702,70.2,1.13,1.76,2.48,214.4,194.7456,241.3152,275.184
2026-01-09,CNC,46.61,45.5,-2.381,0.843,84.3,0.99,3.0,11.98,287.59,42.8812,53.1354,60.593
2026-01-09,CNCE,46.61,45.5,-2.381,0.843,84.3,0.99,3.0,11.98,287.59,42.8812,53.1354,60.593
2026-01-09,STT,132.57,131.41,-0.875,0.727,72.7,0.76,1.76,2.13,287.92,121.9644,151.1298,172.341
2026-01-09,BIIB,187.62,188.0,0.203,0.75,75.0,1.44,1.93,3.0,184.14,172.6104,213.8868,243.906
2026-01-09,ATHXQ,122.3,123.9,1.308,0.908,90.8,0.78,2.85,6.22,172.02,112.516,139.422,158.99
2026-01-09,ATI,122.3,123.9,1.308,0.908,90.8,0.78,2.85,6.22,172.02,112.516,139.422,158.99
2026-01-09,ATI1,122.3,123.9,1.308,0.908,90.8,0.78,2.85,6.22,172.02,112.516,139.422,158.99
2026-01-09,SU,46.69,47.0,0.664,0.76,76.0,0.96,2.07,6.0,217.09,42.9548,53.2266,60.697
2026-01-09,NOK,6.48,6.45,-0.463,0.759,75.9,1.32,1.95,0.23,149.54,5.9616,7.3872,8.424
2026-01-09,AGNC,11.2894,11.2894,-0.0,0.754,75.4,2.19,1.58,6.67,198.36,10.3862,12.8699,14.6762
2026-01-09,NTRA,234.31,236.0,0.721,0.883,88.3,0.9,2.89,0.24,265.67,215.5652,267.1134,304.603
2026-01-09,HII,385.7845,388.7851,0.778,0.873,87.3,0.95,2.73,11.6,205.23,354.9217,439.7943,501.5198
2026-01-09,BBIG,77.25,76.78,-0.608,0.887,88.7,1.44,3.31,2.44,155.39,71.07,88.065,100.425
2026-01-09,BBIO,77.25,76.78,-0.608,0.887,88.7,1.44,3.31,2.44,155.39,71.07,88.065,100.425
2026-01-09,PRU,118.08,117.14,-0.796,0.722,72.2,1.01,1.65,2.02,180.65,108.6336,134.6112,153.504
2026-01-09,ITUB,7.47,7.39,-1.071,0.761,76.1,1.09,1.57,4.68,119.38,6.8724,8.5158,9.711
2026-01-09,DD,43.6349,43.7146,0.183,0.883,88.3,0.6,1.93,5.66,208.89,40.1441,49.7438,56.7254
2026-01-09,NGD,10.0,10.48,4.8,0.898,89.8,0.75,5.99,12.24,171.08,9.2,11.4,13.0
2026-01-09,GH,110.17,113.0,2.569,0.951,95.1,1.23,3.81,7.04,216.18,101.3564,125.5938,143.221
2026-01-09,CPAY,331.5,329.88,-0.489,0.705,70.5,1.21,2.26,6.04,180.98,304.98,377.91,430.95
2026-01-09,EAXR,160.01,160.41,0.25,0.791,79.1,0.81,3.85,7.17,160.85,147.2092,182.4114,208.013
2026-01-09,EB,160.01,160.41,0.25,0.791,79.1,0.81,3.85,7.17,160.85,147.2092,182.4114,208.013
2026-01-09,EBBGF,160.01,160.41,0.25,0.791,79.1,0.81,3.85,7.17,160.85,147.2092,182.4114,208.013
2026-01-09,EBBNF,160.01,160.41,0.25,0.791,79.1,0.81,3.85,7.17,160.85,147.2092,182.4114,208.013
2026-01-09,EPAM,211.93,211.06,-0.411,0.907,90.7,0.88,2.97,0.98,149.02,194.9756,241.6002,275.509
2026-01-09,WAB,224.42,224.04,-0.169,0.71,71.0,1.07,1.87,3.22,176.18,206.4664,255.8388,291.746
2026-01-09,GAP,28.32,27.47,-3.001,0.891,89.1,1.42,3.27,6.57,240.24,26.0544,32.2848,36.816
2026-01-09,JLL,350.05,348.29,-0.503,0.762,76.2,1.01,2.3,2.7,122.92,322.046,399.057,455.065
2026-01-09,JLMI,350.05,348.29,-0.503,0.762,76.2,1.01,2.3,2.7,122.92,322.046,399.057,455.065
2026-01-09,BAP,302.15,302.15,0.0,0.767,76.7,1.24,1.99,4.73,92.3,277.978,344.451,392.795
2026-01-09,CACI,598.94,602.29,0.559,0.735,73.5,1.69,2.7,7.37,176.0,551.0248,682.7916,778.622
2026-01-09,IAG,17.21,17.75,3.138,0.834,83.4,0.95,4.0,3.39,119.17,15.8332,19.6194,22.373
2026-01-09,PQUEQ,14.03,14.03,0.0,0.713,71.3,1.26,2.88,0.09,130.17,12.9076,15.9942,18.239
2026-01-09,PRA,14.03,14.03,0.0,0.713,71.3,1.26,2.88,0.09,130.17,12.9076,15.9942,18.239
2026-01-09,MEDP,595.0,597.93,0.492,0.716,71.6,0.94,2.43,3.63,120.22,547.4,678.3,773.5
2026-01-09,MEDP1,595.0,597.93,0.492,0.716,71.6,0.94,2.43,3.63,120.22,547.4,678.3,773.5
2026-01-09,AGI,41.81,42.86,2.511,0.811,81.1,0.92,3.34,6.21,100.51,38.4652,47.6634,54.353
2026-01-09,AER,143.9112,143.0336,-0.61,0.736,73.6,1.21,1.64,0.06,146.72,132.3983,164.0588,187.0846
2026-01-09,ASX,17.64,17.92,1.587,0.93,93.0,0.98,1.94,9.56,117.86,16.2288,20.1096,22.932
2026-01-09,ASA,38.53,37.92,-1.583,0.827,82.7,0.9,2.63,0.81,110.7,35.4476,43.9242,50.089
2026-01-09,ANF,124.87,103.0,-17.514,0.947,94.7,0.95,3.84,1.59,230.13,114.8804,142.3518,162.331
2026-01-09,COOL,83.45,84.0,0.659,0.742,74.2,1.08,1.77,1.05,193.87,76.774,95.133,108.485
2026-01-09,PRAX,288.45,283.0,-1.889,0.993,99.3,1.11,5.15,2.96,179.36,265.374,328.833,374.985
2026-01-09,HBM,21.56,22.3,3.432,0.834,83.4,0.76,3.21,8.47,90.24,19.8352,24.5784,28.028
2026-01-09,FMG-AX,22.71,22.78,0.308,0.738,73.8,1.29,2.41,1.23,136.64,20.8932,25.8894,29.523
2026-01-09,VTRS,12.76,12.79,0.235,0.856,85.6,1.15,2.25,5.05,113.26,11.7392,14.5464,16.588
2026-01-09,AMFIQ,308.0193,305.4894,-0.821,0.849,84.9,0.74,2.32,6.31,139.49,283.3777,351.142,400.4251
2026-01-09,FLSCQ,73.47,73.09,-0.517,0.905,90.5,1.36,2.11,3.24,77.78,67.5924,83.7558,95.511
2026-01-09,BRL,54.46,55.0,0.992,0.922,92.2,1.13,3.5,12.8,104.44,50.1032,62.0844,70.798
2026-01-09,NXEN,10.74,10.85,1.024,0.704,70.4,0.94,4.86,12.81,78.28,9.8808,12.2436,13.962
2026-01-09,GRAL,100.1,99.93,-0.17,0.911,91.1,0.7,5.38,8.36,76.59,92.092,114.114,130.13
2026-01-09,APG,41.87,42.0,0.31,0.789,78.9,1.25,2.36,5.72,100.42,38.5204,47.7318,54.431
2026-01-09,MLIN,123.6,123.19,-0.332,0.823,82.3,0.8,1.9,5.76,98.37,113.712,140.904,160.68
2026-01-09,PFSI,145.7106,143.8268,-1.293,0.808,80.8,2.27,2.37,9.28,45.23,134.0538,166.1101,189.4238
2026-01-09,MICU,157.69,157.34,-0.222,0.747,74.7,1.23,2.56,4.75,116.37,145.0748,179.7666,204.997
2026-01-09,ITX-MC,56.46,56.62,0.283,0.79,79.0,1.21,1.65,0.92,119.97,51.9432,64.3644,73.398
2026-01-09,FOX,66.42,65.99,-0.647,0.842,84.2,0.97,1.71,2.2,91.04,61.1064,75.7188,86.346
2026-01-09,DDUP,681.1,675.09,-0.882,0.705,70.5,0.74,3.84,4.95,103.26,626.612,776.454,885.43
2026-01-09,DEA,681.1,675.09,-0.882,0.705,70.5,0.74,3.84,4.95,103.26,626.612,776.454,885.43
2026-01-09,FRPT,64.06,64.16,0.156,0.826,82.6,0.78,3.59,1.81,61.96,58.9352,73.0284,83.278
2026-01-09,GPCR,68.61,68.93,0.466,0.969,96.9,0.95,6.09,3.83,80.98,63.1212,78.2154,89.193
2026-01-09,NVTAQ,23.63,23.45,-0.762,0.796,79.6,1.17,2.41,6.01,50.52,21.7396,26.9382,30.719
2026-01-09,BKEP,11.01,11.05,0.363,0.832,83.2,0.75,2.47,2.1,32.86,10.1292,12.5514,14.313
2026-01-09,MUR,32.221,32.1913,-0.092,0.732,73.2,1.24,3.81,2.59,73.62,29.6434,36.732,41.8873
2026-01-09,CUKPF,31.7022,31.4434,-0.816,0.783,78.3,0.73,3.29,7.56,68.78,29.1661,36.1405,41.2129
2026-01-09,CELC,107.51,104.0,-3.265,0.972,97.2,0.65,4.28,4.98,88.74,98.9092,122.5614,139.763
2026-01-09,CELH,107.51,104.0,-3.265,0.972,97.2,0.65,4.28,4.98,88.74,98.9092,122.5614,139.763
2026-01-09,AMTM,33.63,33.9,0.803,0.904,90.4,1.29,3.04,11.71,63.64,30.9396,38.3382,43.719
2026-01-09,APLP,27.3,26.41,-3.26,0.752,75.2,1.65,4.54,8.12,66.49,25.116,31.122,35.49
2026-01-09,APLS,27.3,26.41,-3.26,0.752,75.2,1.65,4.54,8.12,66.49,25.116,31.122,35.49
2026-01-09,BFNBQ,80.1268,71.8709,-10.304,0.886,88.6,0.96,2.25,4.63,57.12,73.7167,91.3446,104.1649
2026-01-09,BFNH,80.1268,71.8709,-10.304,0.886,88.6,0.96,2.25,4.63,57.12,73.7167,91.3446,104.1649
2026-01-09,APGE,77.99,77.89,-0.128,0.921,92.1,0.78,4.2,1.23,81.76,71.7508,88.9086,101.387
2026-01-09,PAA,18.6,18.66,0.323,0.774,77.4,0.99,1.66,4.0,53.3,17.112,21.204,24.18
2026-01-09,ARR,17.6354,17.7329,0.552,0.785,78.5,1.81,1.75,3.22,60.22,16.2246,20.1044,22.9261
2026-01-09,ARRKF,17.6354,17.7329,0.552,0.785,78.5,1.81,1.75,3.22,60.22,16.2246,20.1044,22.9261
2026-01-09,ARRO,17.6354,17.7329,0.552,0.785,78.5,1.81,1.75,3.22,60.22,16.2246,20.1044,22.9261
2026-01-09,ARRS,17.6354,17.7329,0.552,0.785,78.5,1.81,1.75,3.22,60.22,16.2246,20.1044,22.9261
2026-01-09,AUGO,52.75,54.25,2.844,0.881,88.1,0.94,4.17,5.11,36.83,48.53,60.135,68.575
2026-01-09,COMM1,18.5,19.2,3.784,0.768,76.8,1.2,3.6,0.54,61.29,17.02,21.09,24.05
2026-01-09,COMMQ,18.5,19.2,3.784,0.768,76.8,1.2,3.6,0.54,61.29,17.02,21.09,24.05
2026-01-09,BTE,3.31,3.33,0.604,0.903,90.3,0.87,3.78,5.05,52.52,3.0452,3.7734,4.303
2026-01-09,GGAL,56.2661,55.8874,-0.673,0.952,95.2,0.79,3.97,6.19,57.2,51.7648,64.1434,73.146
2026-01-09,LNTH,67.56,67.55,-0.015,0.81,81.0,0.81,2.7,1.05,75.59,62.1552,77.0184,87.828
2026-01-09,ATEN1,22.65,21.47,-5.21,0.936,93.6,1.22,3.32,8.85,45.53,20.838,25.821,29.445
2026-01-09,ATER,22.65,21.47,-5.21,0.936,93.6,1.22,3.32,8.85,45.53,20.838,25.821,29.445
2026-01-09,NUVL,105.05,104.33,-0.685,0.825,82.5,0.96,3.51,2.07,55.97,96.646,119.757,136.565
2026-01-09,ALH,94.97,90.65,-4.549,0.916,91.6,1.35,3.9,8.55,29.04,87.3724,108.2658,123.461
2026-01-09,ALHC,94.97,90.65,-4.549,0.916,91.6,1.35,3.9,8.55,29.04,87.3724,108.2658,123.461
2026-01-09,ALI,94.97,90.65,-4.549,0.916,91.6,1.35,3.9,8.55,29.04,87.3724,108.2658,123.461
2026-01-09,BANC,20.07,19.79,-1.395,0.72,72.0,1.46,2.12,1.52,35.87,18.4644,22.8798,26.091
2026-01-09,DAP,26.5982,26.3989,-0.749,0.911,91.1,1.0,2.63,10.5,50.11,24.4703,30.3219,34.5776
2026-01-09,DAR,26.5982,26.3989,-0.749,0.911,91.1,1.0,2.63,10.5,50.11,24.4703,30.3219,34.5776
2026-01-09,GU1,18.0886,18.0189,-0.385,0.915,91.5,1.06,2.39,3.9,43.8,16.6416,20.6211,23.5152
2026-01-09,CSTM,20.84,21.01,0.816,0.885,88.5,1.42,2.71,9.16,27.05,19.1728,23.7576,27.092
2026-01-09,ATMP,54.7037,54.5538,-0.274,0.818,81.8,0.78,2.34,2.88,32.45,50.3274,62.3622,71.1148
2026-01-09,ATMV,54.7037,54.5538,-0.274,0.818,81.8,0.78,2.34,2.88,32.45,50.3274,62.3622,71.1148
2026-01-09,ATMVR,54.7037,54.5538,-0.274,0.818,81.8,0.78,2.34,2.88,32.45,50.3274,62.3622,71.1148
2026-01-09,PATK,118.7308,117.814,-0.772,0.784,78.4,1.1,2.71,5.7,32.66,109.2324,135.3531,154.3501
2026-01-09,CRI,35.64,36.01,1.038,0.719,71.9,2.34,4.09,8.57,37.99,32.7888,40.6296,46.332
2026-01-09,CRIC,35.64,36.01,1.038,0.719,71.9,2.34,4.09,8.57,37.99,32.7888,40.6296,46.332
2026-01-09,SDZ-SW,60.56,60.24,-0.528,0.808,80.8,0.94,2.06,3.59,44.74,55.7152,69.0384,78.728
2026-01-09,HUBG,46.47,46.12,-0.753,0.879,87.9,0.78,2.25,5.74,37.81,42.7524,52.9758,60.411
2026-01-09,ASH,61.9245,61.8947,-0.048,0.845,84.5,0.98,2.69,4.38,45.98,56.9706,70.594,80.5019
2026-01-09,PAIYY,19.83,19.87,0.202,0.776,77.6,1.04,1.5,4.14,31.6,18.2436,22.6062,25.779
2026-01-09,PALDF,19.83,19.87,0.202,0.776,77.6,1.04,1.5,4.14,31.6,18.2436,22.6062,25.779
2026-01-09,LCAV,19.98,19.62,-1.802,0.826,82.6,0.76,3.76,1.78,33.94,18.3816,22.7772,25.974
2026-01-09,LGND,206.65,207.82,0.566,0.703,70.3,1.0,3.23,6.0,38.93,190.118,235.581,268.645
2026-01-09,PACW1,41.27,41.17,-0.242,0.98,98.0,0.78,4.26,9.51,49.83,37.9684,47.0478,53.651
2026-01-09,PACX,41.27,41.17,-0.242,0.98,98.0,0.78,4.26,9.51,49.83,37.9684,47.0478,53.651
2026-01-09,PAE,41.27,41.17,-0.242,0.98,98.0,0.78,4.26,9.51,49.83,37.9684,47.0478,53.651
2026-01-09,PAET,41.27,41.17,-0.242,0.98,98.0,0.78,4.26,9.51,49.83,37.9684,47.0478,53.651
2026-01-09,OII,26.73,26.6,-0.486,0.782,78.2,0.94,3.55,6.74,23.38,24.5916,30.4722,34.749
2026-01-09,OIIM,26.73,26.6,-0.486,0.782,78.2,0.94,3.55,6.74,23.38,24.5916,30.4722,34.749
2026-01-09,AMRX,12.96,12.99,0.231,0.874,87.4,0.87,2.31,1.93,22.48,11.9232,14.7744,16.848
2026-01-09,CGAU,15.36,15.88,3.385,0.857,85.7,1.49,3.6,4.93,19.77,14.1312,17.5104,19.968
2026-01-09,BLTE,158.36,159.61,0.789,0.963,96.3,1.36,4.71,1.53,40.88,145.6912,180.5304,205.868
2026-01-09,IMNM,21.07,20.97,-0.475,0.922,92.2,0.84,6.51,0.29,71.32,19.3844,24.0198,27.391
2026-01-09,ARCC1,87.4733,86.7141,-0.868,0.802,80.2,0.88,3.5,10.41,37.19,80.4754,99.7196,113.7153
2026-01-09,ARCE,87.4733,86.7141,-0.868,0.802,80.2,0.88,3.5,10.41,37.19,80.4754,99.7196,113.7153
2026-01-09,ARCH,87.4733,86.7141,-0.868,0.799,79.9,0.88,3.5,10.41,37.19,80.4754,99.7196,113.7153
2026-01-09,ARCHQ,87.4733,86.7141,-0.868,0.799,79.9,0.88,3.5,10.41,37.19,80.4754,99.7196,113.7153
2026-01-09,ARCIU,87.4733,86.7141,-0.868,0.799,79.9,0.88,3.5,10.41,37.19,80.4754,99.7196,113.7153
2026-01-09,ARCK,87.4733,86.7141,-0.868,0.799,79.9,0.88,3.5,10.41,37.19,80.4754,99.7196,113.7153
2026-01-09,JMP,14.26,14.1,-1.122,0.71,71.0,0.68,5.68,10.76,44.97,13.1192,16.2564,18.538
2026-01-09,DXCM,15.38,15.29,-0.585,0.722,72.2,0.74,2.59,2.5,29.5,14.1496,17.5332,19.994
2026-01-09,PGNY,26.99,27.1,0.408,0.875,87.5,0.96,3.33,2.8,37.63,24.8308,30.7686,35.087
2026-01-09,PGOL,26.99,27.1,0.408,0.875,87.5,0.96,3.33,2.8,37.63,24.8308,30.7686,35.087
2026-01-09,AXGN,33.51,33.45,-0.179,0.967,96.7,1.74,4.56,5.02,26.14,30.8292,38.2014,43.563
2026-01-09,LAUR1,35.47,35.47,0.0,0.768,76.8,0.65,2.49,4.83,39.18,32.6324,40.4358,46.111
2026-01-09,BOST,4.26,4.25,-0.235,0.934,93.4,1.07,4.71,6.18,20.28,3.9192,4.8564,5.538
2026-01-09,BOT,4.26,4.25,-0.235,0.934,93.4,1.07,4.71,6.18,20.28,3.9192,4.8564,5.538
2026-01-09,AAUC,25.12,25.91,3.145,0.868,86.8,1.9,3.96,5.83,18.98,23.1104,28.6368,32.656
2026-01-09,AAUGF,25.12,25.91,3.145,0.868,86.8,1.9,3.96,5.83,18.98,23.1104,28.6368,32.656
2026-01-09,OMCL,50.74,50.48,-0.512,0.945,94.5,0.77,2.96,9.97,30.5,46.6808,57.8436,65.962
2026-01-09,BNTT,50.59,51.02,0.85,0.701,70.1,1.92,1.81,6.79,12.83,46.5428,57.6726,65.767
2026-01-09,J36-SI,74.72,73.3,-1.9,0.817,81.7,1.2,2.36,8.58,20.51,68.7424,85.1808,97.136
2026-01-09,OSS,8.07,9.13,13.135,0.869,86.9,2.76,8.76,10.59,10.13,7.4244,9.1998,10.491
2026-01-09,COHU,26.86,26.68,-0.67,0.822,82.2,0.61,3.02,10.39,13.66,24.7112,30.6204,34.918
2026-01-09,COLB,26.86,26.68,-0.67,0.822,82.2,0.61,3.02,10.39,13.66,24.7112,30.6204,34.918
2026-01-09,BMA,95.0218,94.1657,-0.901,0.96,96.0,1.17,4.56,5.72,24.99,87.4201,108.3249,123.5284
2026-01-09,NUTX,186.18,185.0,-0.634,0.957,95.7,0.86,8.22,7.02,29.92,171.2856,212.2452,242.034
2026-01-09,AZTR,37.92,37.94,0.053,0.821,82.1,0.73,3.32,7.52,24.69,34.8864,43.2288,49.296
2026-01-09,AZUL,37.92,37.94,0.053,0.821,82.1,0.73,3.32,7.52,24.69,34.8864,43.2288,49.296
2026-01-09,MNKKQ,5.85,5.82,-0.513,0.712,71.2,0.71,3.6,0.28,21.57,5.382,6.669,7.605
2026-01-09,NVSGF,18.36,18.29,-0.381,0.919,91.9,0.77,1.72,1.58,27.27,16.8912,20.9304,23.868
2026-01-09,FTRE1,17.39,17.23,-0.92,0.956,95.6,1.27,5.43,2.38,23.83,15.9988,19.8246,22.607
2026-01-09,NEO,13.16,13.26,0.76,0.897,89.7,0.8,3.5,8.15,21.4,12.1072,15.0024,17.108
2026-01-09,GCTK,41.8,41.72,-0.191,0.925,92.5,0.9,4.57,4.2,21.16,38.456,47.652,54.34
2026-01-09,CAEP,33.03,32.9,-0.394,0.77,77.0,0.82,2.27,7.39,19.5,30.3876,37.6542,42.939
2026-01-09,AZX,122.18,121.16,-0.835,0.803,80.3,1.21,2.51,10.79,22.39,112.4056,139.2852,158.834
2026-01-09,AZZ,122.18,121.16,-0.835,0.803,80.3,1.21,2.51,10.79,22.39,112.4056,139.2852,158.834
2026-01-09,B,122.18,121.16,-0.835,0.803,80.3,1.21,2.51,10.79,22.39,112.4056,139.2852,158.834
2026-01-09,PGEN,4.59,4.53,-1.307,0.904,90.4,0.65,7.16,9.01,25.13,4.2228,5.2326,5.967
2026-01-09,ANDE,54.83,54.83,0.0,0.851,85.1,0.59,2.45,2.13,21.35,50.4436,62.5062,71.279
2026-01-09,ANDG,54.83,54.83,0.0,0.851,85.1,0.59,2.45,2.13,21.35,50.4436,62.5062,71.279
2026-01-09,ANDN1,54.83,54.83,0.0,0.851,85.1,0.59,2.45,2.13,21.35,50.4436,62.5062,71.279
2026-01-09,ANDR,54.83,54.83,0.0,0.851,85.1,0.59,2.45,2.13,21.35,50.4436,62.5062,71.279
2026-01-09,MCW,6.13,6.05,-1.305,0.835,83.5,0.69,2.87,6.98,7.83,5.6396,6.9882,7.969
2026-01-09,GROY,4.42,4.59,3.846,0.796,79.6,1.1,3.98,6.24,11.44,4.0664,5.0388,5.746
2026-01-09,MNSB,20.5333,20.2864,-1.202,0.83,83.0,1.31,3.34,1.24,14.97,18.8907,23.408,26.6933
2026-01-09,PAC,1.94,1.96,1.031,0.804,80.4,1.68,6.95,0.28,13.24,1.7848,2.2116,2.522
2026-01-09,PACB,1.94,1.96,1.031,0.804,80.4,1.68,6.95,0.28,13.24,1.7848,2.2116,2.522
2026-01-09,PACC,1.94,1.96,1.031,0.804,80.4,1.68,6.95,0.28,13.24,1.7848,2.2116,2.522
2026-01-09,BIO-B,14.03,15.0,6.914,0.975,97.5,0.69,7.06,4.76,8.5,12.9076,15.9942,18.239
2026-01-09,BIOA,14.03,15.0,6.914,0.975,97.5,0.69,7.06,4.76,8.5,12.9076,15.9942,18.239
2026-01-09,DRUG,86.75,88.83,2.398,0.837,83.7,0.62,11.33,2.1,25.52,79.81,98.895,112.775
2026-01-09,PAX,17.0949,16.9564,-0.81,0.793,79.3,0.75,2.4,6.7,9.04,15.7273,19.4881,22.2233
2026-01-09,LIND,15.04,15.41,2.46,0.813,81.3,1.84,3.09,4.23,6.89,13.8368,17.1456,19.552
2026-01-09,ANNSF,5.25,5.25,0.0,0.948,94.8,0.62,6.48,3.61,15.92,4.83,5.985,6.825
2026-01-09,ANNX,5.25,5.25,0.0,0.948,94.8,0.62,6.48,3.61,15.92,4.83,5.985,6.825
2026-01-09,ANOR,5.25,5.25,0.0,0.948,94.8,0.62,6.48,3.61,15.92,4.83,5.985,6.825
2026-01-09,BHC,7.41,7.43,0.27,0.793,79.3,0.81,3.72,3.37,15.38,6.8172,8.4474,9.633
2026-01-09,BHC.A,7.41,7.43,0.27,0.793,79.3,0.81,3.72,3.37,15.38,6.8172,8.4474,9.633
2026-01-09,BHE,7.41,7.43,0.27,0.793,79.3,0.81,3.72,3.37,15.38,6.8172,8.4474,9.633
2026-01-09,CMPX,5.35,5.37,0.374,0.815,81.5,2.11,5.96,3.49,11.02,4.922,6.099,6.955
2026-01-09,BBAO,18.867,18.857,-0.053,0.964,96.4,0.84,4.84,5.54,10.81,17.3577,21.5084,24.5271
2026-01-09,BBAR,18.867,18.857,-0.053,0.964,96.4,0.84,4.84,5.54,10.81,17.3577,21.5084,24.5271
2026-01-09,BBAR1,18.867,18.857,-0.053,0.964,96.4,0.84,4.84,5.54,10.81,17.3577,21.5084,24.5271
2026-01-09,ARCO,7.88,7.94,0.761,0.703,70.3,0.67,2.03,6.31,7.0,7.2496,8.9832,10.244
2026-01-09,GSL,35.1348,35.1053,-0.084,0.861,86.1,1.01,2.25,3.06,12.26,32.3241,40.0537,45.6753
2026-01-09,DHC,5.3905,5.3605,-0.556,0.858,85.8,1.26,3.48,8.28,6.46,4.9592,6.1451,7.0076
2026-01-09,DHCC,5.3905,5.3605,-0.556,0.858,85.8,1.26,3.48,8.28,6.46,4.9592,6.1451,7.0076
2026-01-09,ARVLF,12.07,12.04,-0.249,0.845,84.5,0.6,4.43,0.78,9.82,11.1044,13.7598,15.691
2026-01-09,ARVN,12.07,12.04,-0.249,0.845,84.5,0.6,4.43,0.78,9.82,11.1044,13.7598,15.691
2026-01-09,GDXU,9.55,9.55,0.0,0.809,80.9,1.21,3.65,0.87,9.49,8.786,10.887,12.415
2026-01-09,GDYS,9.55,9.55,0.0,0.809,80.9,1.21,3.65,0.87,9.49,8.786,10.887,12.415
2026-01-09,AMPH,27.74,28.05,1.118,0.733,73.3,0.7,3.13,3.87,9.84,25.5208,31.6236,36.062
2026-01-09,EBS,12.96,12.82,-1.08,0.903,90.3,0.77,4.4,3.49,10.42,11.9232,14.7744,16.848
2026-01-09,ALNT,59.07,58.75,-0.542,0.702,70.2,1.06,4.35,6.14,9.21,54.3444,67.3398,76.791
2026-01-09,CGEM,10.9,10.9,0.0,0.901,90.1,0.76,6.98,4.2,10.73,10.028,12.426,14.17
2026-01-09,LXEO,10.54,9.38,-11.006,0.824,82.4,1.18,7.07,5.99,15.99,9.6968,12.0156,13.702
2026-01-09,AIQUF,17.23,17.08,-0.871,0.848,84.8,0.8,5.74,5.81,8.22,15.8516,19.6422,22.399
2026-01-09,AIQUY,17.23,17.08,-0.871,0.848,84.8,0.8,5.74,5.81,8.22,15.8516,19.6422,22.399
2026-01-09,AIR,17.23,17.08,-0.871,0.848,84.8,0.8,5.74,5.81,8.22,15.8516,19.6422,22.399
2026-01-09,CBLL,23.33,23.2,-0.557,0.958,95.8,0.64,4.36,7.87,10.95,21.4636,26.5962,30.329
2026-01-09,CBM,23.33,23.2,-0.557,0.958,95.8,0.64,4.36,7.87,10.95,21.4636,26.5962,30.329
2026-01-09,CLB,18.9595,19.0195,0.316,0.939,93.9,0.68,3.35,12.15,7.02,17.4428,21.6139,24.6474
2026-01-12,GOOGL,331.6265,334.7144,0.931,0.872,87.2,1.17,2.15,5.7,9615.67,305.0964,378.0542,431.1145
2026-01-12,GOOG,332.73,335.28,0.766,0.873,87.3,1.24,2.14,5.7,6394.04,306.1116,379.3122,432.549
2026-01-12,LLY,1081.0,1083.0,0.185,0.868,86.8,0.81,2.62,1.15,3166.29,994.52,1232.34,1405.3
2026-01-12,SMH,390.66,392.27,0.412,0.708,70.8,0.87,1.89,6.77,2490.12,359.4072,445.3524,507.858
2026-01-12,GS,949.55,947.32,-0.235,0.826,82.6,1.05,2.09,4.6,1978.72,873.586,1082.487,1234.415
2026-01-12,CAT,628.3,631.7219,0.545,0.762,76.2,0.73,2.54,6.46,1606.48,578.036,716.262,816.79
2026-01-12,TXN,187.8439,188.0525,0.111,0.767,76.7,1.33,1.86,5.32,921.43,172.8164,214.142,244.1971
2026-01-12,KLAC,1428.17,1461.0,2.299,0.864,86.4,1.29,2.38,10.33,947.83,1313.9164,1628.1139,1856.6211
2026-01-12,STX,321.48,319.48,-0.622,0.916,91.6,0.71,5.57,10.45,1388.52,295.7616,366.4872,417.924
2026-01-12,C,117.0897,117.1096,0.017,0.767,76.7,1.4,2.0,0.08,1665.36,107.7225,133.4822,152.2166
2026-01-12,APH,145.11,146.19,0.744,0.723,72.3,1.32,2.96,6.84,1116.05,133.5012,165.4254,188.643
2026-01-12,MRK,109.19,109.05,-0.128,0.868,86.8,0.76,2.23,3.89,1533.1,100.4548,124.4766,141.947
2026-01-12,ACN,280.96,278.9,-0.733,0.744,74.4,1.05,2.46,3.22,1090.15,258.4832,320.2944,365.248
2026-01-12,MS,185.5471,185.935,0.209,0.717,71.7,1.18,1.75,3.21,884.29,170.7034,211.5238,241.2113
2026-01-12,ADI,292.9427,294.2586,0.449,0.823,82.3,0.97,1.96,4.61,1000.57,269.5073,333.9547,380.8256
2026-01-12,RTX,193.85,195.62,0.913,0.825,82.5,1.12,2.05,4.95,932.48,178.342,220.989,252.005
2026-01-12,XBI,123.93,123.36,-0.46,0.709,70.9,1.11,2.01,0.7,1137.58,114.0156,141.2802,161.109
2026-01-12,COHR1,185.18,189.08,2.106,0.943,94.3,1.54,5.97,0.28,721.82,170.3656,211.1052,240.734
2026-01-12,NEM,112.96,113.17,0.186,0.793,79.3,0.98,2.96,9.2,968.67,103.9232,128.7744,146.848
2026-01-12,ISRG,572.75,571.45,-0.227,0.87,87.0,1.13,1.83,0.2,925.34,526.93,652.935,744.575
2026-01-12,SNPS,533.42,521.18,-2.295,0.895,89.5,1.59,2.22,9.3,738.37,490.7464,608.0988,693.446
2026-01-12,SLB,44.8853,45.4719,1.307,0.899,89.9,1.25,2.73,12.51,707.19,41.2945,51.1693,58.3509
2026-01-12,F,14.03,14.06,0.214,0.791,79.1,1.05,1.87,3.46,714.58,12.9076,15.9942,18.239
2026-01-12,TER,224.36,224.36,0.0,0.933,93.3,0.85,3.23,10.3,648.69,206.4112,255.7704,291.668
2026-01-12,CIEN,234.26,234.9,0.273,0.898,89.8,0.86,6.03,0.97,608.79,215.5192,267.0564,304.538
2026-01-12,DHR,239.0,240.0,0.418,0.727,72.7,1.25,1.81,3.69,690.74,219.88,272.46,310.7
2026-01-12,CLS,314.7,317.02,0.737,0.734,73.4,0.67,6.27,5.42,746.64,289.524,358.758,409.11
2026-01-12,CRDO,156.07,157.675,1.028,0.768,76.8,0.86,6.23,8.35,843.33,143.5844,177.9198,202.891
2026-01-12,CRDSQ,156.07,157.675,1.028,0.768,76.8,0.86,6.23,8.35,843.33,143.5844,177.9198,202.891
2026-01-12,AAL,16.0,15.62,-2.375,0.851,85.1,1.6,3.31,2.35,914.19,14.72,18.24,20.8
2026-01-12,BMY,55.77,55.94,0.305,0.859,85.9,0.85,1.84,3.32,866.0,51.3084,63.5778,72.501
2026-01-12,GM,82.9,82.97,0.084,0.909,90.9,0.86,1.84,0.72,713.3,76.268,94.506,107.77
2026-01-12,TGT,105.0714,107.4076,2.223,0.76,76.0,0.82,2.94,6.38,755.05,96.6657,119.7814,136.5928
2026-01-12,FITB,48.52,48.66,0.289,0.704,70.4,1.13,1.68,1.09,316.5,44.6384,55.3128,63.076
2026-01-12,EXPE,291.53,291.53,0.0,0.881,88.1,0.85,2.25,1.17,424.22,268.2076,332.3442,378.989
2026-01-12,UPS,108.03,107.09,-0.87,0.867,86.7,0.78,1.78,5.74,601.37,99.3876,123.1542,140.439
2026-01-12,VALE,13.9,14.01,0.791,0.83,83.0,0.86,1.68,4.73,402.41,12.788,15.846,18.07
2026-01-12,USB,54.39,54.5,0.202,0.76,76.0,1.72,1.51,0.43,498.71,50.0388,62.0046,70.707
2026-01-12,FDX,311.92,310.6,-0.423,0.876,87.6,0.7,2.13,5.79,605.3,286.9664,355.5888,405.496
2026-01-12,PH,927.2119,927.0422,-0.018,0.841,84.1,0.9,1.73,4.08,496.32,853.035,1057.0216,1205.3755
2026-01-12,HWM,220.024,221.2133,0.541,0.707,70.7,0.98,2.56,6.21,468.39,202.4221,250.8273,286.0312
2026-01-12,PNC,214.0967,214.7814,0.32,0.763,76.3,1.43,1.57,1.31,428.09,196.9689,244.0702,278.3257
2026-01-12,DAL,71.03,68.1,-4.125,0.719,71.9,1.58,2.2,0.38,483.48,65.3476,80.9742,92.339
2026-01-12,CMIIU,560.2963,562.1003,0.322,0.878,87.8,0.9,1.93,7.53,438.15,515.4726,638.7378,728.3852
2026-01-12,CMIKA,560.2963,562.1003,0.322,0.878,87.8,0.9,1.93,7.53,438.15,515.4726,638.7378,728.3852
2026-01-12,CMIN,560.2963,562.1003,0.322,0.878,87.8,0.9,1.93,7.53,438.15,515.4726,638.7378,728.3852
2026-01-12,CMIV,560.2963,562.1003,0.322,0.878,87.8,0.9,1.93,7.53,438.15,515.4726,638.7378,728.3852
2026-01-12,MRNA,33.84,34.38,1.596,0.803,80.3,0.89,5.45,5.21,360.27,31.1328,38.5776,43.992
2026-01-12,FIX,1038.1801,1039.12,0.091,0.826,82.6,0.66,4.41,6.79,836.72,955.1256,1183.5253,1349.6341
2026-01-12,CTSH,85.23,85.24,0.012,0.854,85.4,0.82,1.94,1.11,390.39,78.4116,97.1622,110.799
2026-01-12,CHSCL,171.9518,171.6628,-0.168,0.886,88.6,0.75,1.96,5.02,274.67,158.1957,196.0251,223.5374
2026-01-12,ARES,174.29,173.71,-0.333,0.727,72.7,0.65,2.7,2.54,355.03,160.3468,198.6906,226.577
2026-01-12,LULU,209.04,208.9,-0.067,0.857,85.7,2.56,2.25,9.39,343.58,192.3168,238.3056,271.752
2026-01-12,EL,113.02,113.96,0.832,0.773,77.3,1.24,2.52,5.37,355.1,103.9784,128.8428,146.926
2026-01-12,ROST,192.26,192.23,-0.016,0.814,81.4,0.89,1.56,4.49,447.1,176.8792,219.1764,249.938
2026-01-12,IQV,240.86,242.28,0.59,0.766,76.6,0.74,2.01,5.04,302.48,221.5912,274.5804,313.118
2026-01-12,DG,148.86,148.5,-0.242,0.903,90.3,1.1,2.54,8.12,532.43,136.9512,169.7004,193.518
2026-01-12,ODFL,173.57,173.12,-0.259,0.857,85.7,0.97,2.52,7.36,338.63,159.6844,197.8698,225.641
2026-01-12,PCAR,118.1524,118.1524,0.0,0.732,73.2,1.32,1.63,4.78,256.08,108.7002,134.6937,153.5981
2026-01-12,ROK,414.13,415.29,0.28,0.757,75.7,0.7,2.02,3.35,285.63,380.9996,472.1082,538.369
2026-01-12,KGC,32.94,33.39,1.366,0.806,80.6,1.48,3.45,12.69,253.56,30.3048,37.5516,42.822
2026-01-12,MKSI,185.7407,187.6689,1.038,0.892,89.2,0.77,3.15,11.47,147.28,170.8815,211.7444,241.4629
2026-01-12,ROG-SW,342.5,341.7,-0.234,0.757,75.7,0.99,1.95,5.05,400.55,315.1,390.45,445.25
2026-01-12,KEX,20.8634,20.9327,0.332,0.784,78.4,1.48,1.65,0.25,280.52,19.1944,23.7843,27.1225
2026-01-12,WPM,128.43,130.22,1.394,0.731,73.1,1.22,3.12,6.7,231.68,118.1556,146.4102,166.959
2026-01-12,KEYS,208.73,209.0,0.129,0.842,84.2,0.86,2.14,1.27,213.61,192.0316,237.9522,271.349
2026-01-12,NUE,165.97,166.5,0.319,0.799,79.9,0.97,2.47,1.11,267.63,152.6924,189.2058,215.761
2026-01-12,TEVA,32.79,32.66,-0.396,0.938,93.8,1.62,2.01,4.93,305.55,30.1668,37.3806,42.627
2026-01-12,AU,96.59,98.15,1.615,0.862,86.2,0.98,3.2,9.43,211.84,88.8628,110.1126,125.567
2026-01-12,MTB,211.55,212.82,0.6,0.716,71.6,1.15,1.74,2.27,215.78,194.626,241.167,275.015
2026-01-12,CNC,46.39,46.22,-0.366,0.861,86.1,0.87,2.83,10.66,277.45,42.6788,52.8846,60.307
2026-01-12,CNCE,46.39,46.22,-0.366,0.861,86.1,0.87,2.83,10.66,277.45,42.6788,52.8846,60.307
2026-01-12,STT,133.09,133.09,0.0,0.71,71.0,1.04,1.76,2.36,289.89,122.4428,151.7226,173.017
2026-01-12,BIIB,185.63,185.42,-0.113,0.736,73.6,1.27,1.93,1.79,187.13,170.7796,211.6182,241.319
2026-01-12,ATHXQ,123.46,124.68,0.988,0.919,91.9,0.94,2.66,6.64,162.53,113.5832,140.7444,160.498
2026-01-12,ATI,123.46,124.68,0.988,0.919,91.9,0.94,2.66,6.64,162.53,113.5832,140.7444,160.498
2026-01-12,ATI1,123.46,124.68,0.988,0.919,91.9,0.94,2.66,6.64,162.53,113.5832,140.7444,160.498
2026-01-12,SU,46.63,46.98,0.751,0.775,77.5,0.82,2.08,5.59,209.22,42.8996,53.1582,60.619
2026-01-12,FUST,188.11,185.7,-1.281,0.778,77.8,1.65,3.08,10.49,203.59,173.0612,214.4454,244.543
2026-01-12,NOK,6.58,6.56,-0.304,0.731,73.1,1.07,1.92,1.61,151.56,6.0536,7.5012,8.554
2026-01-12,AGNC,11.2597,11.2795,0.176,0.75,75.0,1.12,1.57,5.79,202.38,10.3589,12.836,14.6376
2026-01-12,NTRA,235.45,236.84,0.59,0.869,86.9,1.49,3.1,0.64,274.28,216.614,268.413,306.085
2026-01-12,BBIG,76.84,76.15,-0.898,0.887,88.7,2.33,3.6,1.71,167.54,70.6928,87.5976,99.892
2026-01-12,BBIO,76.84,76.15,-0.898,0.887,88.7,2.33,3.6,1.71,167.54,70.6928,87.5976,99.892
2026-01-12,PRU,117.74,117.91,0.144,0.722,72.2,1.18,1.61,1.69,180.54,108.3208,134.2236,153.062
2026-01-12,ITUB,7.39,7.39,0.0,0.745,74.5,0.87,1.56,3.32,116.51,6.7988,8.4246,9.607
2026-01-12,DD,43.2564,43.3361,0.184,0.875,87.5,0.85,1.9,4.5,209.13,39.7959,49.3123,56.2333
2026-01-12,GH,107.57,107.99,0.39,0.942,94.2,1.17,4.08,4.2,216.36,98.9644,122.6298,139.841
2026-01-12,CPAY,330.73,329.57,-0.351,0.713,71.3,0.93,2.26,5.55,182.08,304.2716,377.0322,429.949
2026-01-12,EAXR,167.69,164.93,-1.646,0.852,85.2,1.03,3.78,11.37,165.53,154.2748,191.1666,217.997
2026-01-12,EB,167.69,164.93,-1.646,0.852,85.2,1.03,3.78,11.37,165.53,154.2748,191.1666,217.997
2026-01-12,EBBGF,167.69,164.93,-1.646,0.852,85.2,1.03,3.78,11.37,165.53,154.2748,191.1666,217.997
2026-01-12,EBBNF,167.69,164.93,-1.646,0.852,85.2,1.03,3.78,11.37,165.53,154.2748,191.1666,217.997
2026-01-12,EPAM,211.82,212.06,0.113,0.918,91.8,0.84,2.97,0.91,147.42,194.8744,241.4748,275.366
2026-01-12,WAB,226.48,226.48,0.0,0.713,71.3,0.77,1.81,3.96,177.05,208.3616,258.1872,294.424
2026-01-12,MTDR,1491.99,1500.0,0.537,0.704,70.4,0.85,1.89,4.64,186.98,1372.6308,1700.8686,1939.587
2026-01-12,GAP,27.74,27.73,-0.036,0.874,87.4,1.03,3.34,4.16,236.25,25.5208,31.6236,36.062
2026-01-12,JLL,350.43,349.12,-0.374,0.715,71.5,1.23,2.28,2.62,124.2,322.3956,399.4902,455.559
2026-01-12,JLMI,350.43,349.12,-0.374,0.715,71.5,1.23,2.28,2.62,124.2,322.3956,399.4902,455.559
2026-01-12,BAP,307.15,308.34,0.387,0.787,78.7,0.74,1.94,5.99,90.42,282.578,350.151,399.295
2026-01-12,CACI,604.82,605.24,0.069,0.736,73.6,1.04,2.65,8.25,178.41,556.4344,689.4948,786.266
2026-01-12,IAG,17.8,17.9,0.562,0.832,83.2,1.12,3.75,6.33,124.02,16.376,20.292,23.14
2026-01-12,PQUEQ,14.01,14.17,1.142,0.714,71.4,0.83,2.9,0.13,131.32,12.8892,15.9714,18.213
2026-01-12,PRA,14.01,14.17,1.142,0.714,71.4,0.83,2.9,0.13,131.32,12.8892,15.9714,18.213
2026-01-12,HEI,356.74,360.25,0.984,0.728,72.8,0.84,2.28,7.6,179.16,328.2008,406.6836,463.762
2026-01-12,MEDP,599.21,601.71,0.417,0.732,73.2,1.33,2.44,4.06,123.34,551.2732,683.0994,778.973
2026-01-12,MEDP1,599.21,601.71,0.417,0.732,73.2,1.33,2.44,4.06,123.34,551.2732,683.0994,778.973
2026-01-12,AGI,42.56,42.98,0.987,0.758,75.8,1.04,3.22,7.55,102.06,39.1552,48.5184,55.328
2026-01-12,ASX,18.27,18.55,1.533,0.926,92.6,0.78,1.94,12.81,121.31,16.8084,20.8278,23.751
2026-01-12,COOL,83.23,83.5,0.324,0.792,79.2,1.39,1.77,0.72,196.37,76.5716,94.8822,108.199
2026-01-12,HBM,22.54,23.06,2.307,0.864,86.4,0.95,3.11,12.29,94.42,20.7368,25.6956,29.302
2026-01-12,POW-TO,73.49,73.47,-0.027,0.79,79.0,1.5,1.65,1.05,149.24,67.6108,83.7786,95.537
2026-01-12,CFR-SW,175.4,174.9,-0.285,0.718,71.8,0.98,1.98,2.85,139.26,161.368,199.956,228.02
2026-01-12,VTRS,12.68,12.68,0.0,0.856,85.6,0.68,2.21,3.93,112.36,11.6656,14.4552,16.484
2026-01-12,AMFIQ,312.2791,310.6992,-0.506,0.867,86.7,0.85,2.36,7.18,136.85,287.2968,355.9982,405.9629
2026-01-12,CCK,105.89,106.0,0.104,0.748,74.8,0.74,2.15,2.79,134.47,97.4188,120.7146,137.657
2026-01-12,FLSCQ,73.84,74.22,0.515,0.915,91.5,1.07,2.1,3.71,78.12,67.9328,84.1776,95.992
2026-01-12,BRL,53.41,52.9,-0.955,0.917,91.7,1.58,3.76,9.82,104.05,49.1372,60.8874,69.433
2026-01-12,APG,42.54,42.69,0.353,0.817,81.7,1.09,2.35,7.12,95.77,39.1368,48.4956,55.302
2026-01-12,MLIN,124.4,125.14,0.595,0.838,83.8,0.88,1.91,5.98,99.41,114.448,141.816,161.72
2026-01-12,PFSI,145.8801,145.9897,0.075,0.822,82.2,0.93,2.43,8.82,44.85,134.2097,166.3033,189.6441
2026-01-12,MT,47.85,47.68,-0.355,0.836,83.6,1.44,1.61,3.73,54.77,44.022,54.549,62.205
2026-01-12,MICU,155.62,155.34,-0.18,0.729,72.9,0.84,2.43,3.05,109.82,143.1704,177.4068,202.306
2026-01-12,ITX-MC,57.22,57.3,0.14,0.797,79.7,0.61,1.64,2.05,119.04,52.6424,65.2308,74.386
2026-01-12,FOX,66.75,66.68,-0.105,0.858,85.8,1.11,1.72,2.45,93.05,61.41,76.095,86.775
2026-01-12,DDUP,679.39,685.02,0.829,0.756,75.6,1.05,3.9,4.83,104.73,625.0388,774.5046,883.207
2026-01-12,DEA,679.39,685.02,0.829,0.756,75.6,1.05,3.9,4.83,104.73,625.0388,774.5046,883.207
2026-01-12,FRPT,64.15,64.02,-0.203,0.831,83.1,0.97,3.54,1.86,62.13,59.018,73.131,83.395
2026-01-12,GPCR,69.36,69.0,-0.519,0.973,97.3,0.72,5.82,4.81,77.49,63.8112,79.0704,90.168
2026-01-12,NVTAQ,23.38,23.44,0.257,0.774,77.4,1.43,2.52,4.6,51.14,21.5096,26.6532,30.394
2026-01-12,BKEP,11.06,11.12,0.542,0.836,83.6,1.4,2.38,2.18,32.93,10.1752,12.6084,14.378
2026-01-12,GVA,123.0,122.91,-0.073,0.723,72.3,0.65,2.29,4.46,87.58,113.16,140.22,159.9
2026-01-12,MUR,31.8351,32.1221,0.901,0.737,73.7,1.06,3.77,1.58,73.14,29.2883,36.292,41.3856
2026-01-12,CUKPF,31.2045,30.886,-1.021,0.776,77.6,0.7,3.09,4.87,66.66,28.7082,35.5732,40.5659
2026-01-12,CELC,104.51,104.32,-0.182,0.966,96.6,0.75,4.24,1.86,84.87,96.1492,119.1414,135.863
2026-01-12,CELH,104.51,104.32,-0.182,0.966,96.6,0.75,4.24,1.86,84.87,96.1492,119.1414,135.863
2026-01-12,HUN,11.51,11.64,1.129,0.897,89.7,0.94,4.43,10.43,47.69,10.5892,13.1214,14.963
2026-01-12,APGE,77.65,77.47,-0.232,0.898,89.8,0.87,4.23,0.71,81.42,71.438,88.521,100.945
2026-01-12,PAA,18.78,18.9,0.639,0.777,77.7,0.88,1.61,4.66,52.17,17.2776,21.4092,24.414
2026-01-12,ARR,18.1713,18.22,0.268,0.817,81.7,1.34,1.81,5.77,63.52,16.7176,20.7153,23.6227
2026-01-12,ARRKF,18.1713,18.22,0.268,0.817,81.7,1.34,1.81,5.77,63.52,16.7176,20.7153,23.6227
2026-01-12,ARRO,18.1713,18.22,0.268,0.817,81.7,1.34,1.81,5.77,63.52,16.7176,20.7153,23.6227
2026-01-12,ARRS,18.1713,18.22,0.268,0.817,81.7,1.34,1.81,5.77,63.52,16.7176,20.7153,23.6227
2026-01-12,AUGO,56.8,56.8,0.0,0.904,90.4,0.94,4.14,11.85,40.3,52.256,64.752,73.84
2026-01-12,COMM1,19.04,19.655,3.23,0.807,80.7,1.41,3.63,3.9,62.0,17.5168,21.7056,24.752
2026-01-12,COMMQ,19.04,19.655,3.23,0.807,80.7,1.41,3.63,3.9,62.0,17.5168,21.7056,24.752
2026-01-12,BTE,3.39,3.42,0.885,0.91,91.0,0.87,3.77,6.99,53.44,3.1188,3.8646,4.407
2026-01-12,BTSG,39.01,39.23,0.564,0.846,84.6,1.24,3.38,3.16,74.64,35.8892,44.4714,50.713
2026-01-12,GGAL,54.8709,54.8709,-0.0,0.94,94.0,0.85,3.88,2.95,54.11,50.4813,62.5529,71.3322
2026-01-12,LNTH,67.48,67.44,-0.059,0.777,77.7,0.62,2.7,0.6,73.91,62.0816,76.9272,87.724
2026-01-12,HWC,67.4169,67.6054,0.28,0.73,73.0,1.39,2.31,3.05,49.95,62.0235,76.8552,87.6419
2026-01-12,ALH,89.01,86.7,-2.595,0.888,88.8,4.95,4.01,1.46,34.36,81.8892,101.4714,115.713
2026-01-12,ALHC,89.01,86.7,-2.595,0.888,88.8,4.95,4.01,1.46,34.36,81.8892,101.4714,115.713
2026-01-12,ALI,89.01,86.7,-2.595,0.888,88.8,4.95,4.01,1.46,34.36,81.8892,101.4714,115.713
2026-01-12,BANC,20.22,20.32,0.495,0.786,78.6,1.74,2.15,2.15,36.78,18.6024,23.0508,26.286
2026-01-12,DAP,27.2061,27.1762,-0.11,0.913,91.3,1.07,2.7,12.06,51.21,25.0296,31.0149,35.3679
2026-01-12,DAR,27.2061,27.1762,-0.11,0.913,91.3,1.07,2.7,12.06,51.21,25.0296,31.0149,35.3679
2026-01-12,GU1,18.6016,18.6066,0.027,0.914,91.4,1.41,2.44,6.36,43.18,17.1135,21.2058,24.1821
2026-01-12,ATMP,55.0934,55.2433,0.272,0.827,82.7,0.6,2.34,3.44,31.9,50.6859,62.8065,71.6214
2026-01-12,ATMV,55.0934,55.2433,0.272,0.827,82.7,0.6,2.34,3.44,31.9,50.6859,62.8065,71.6214
2026-01-12,ATMVR,55.0934,55.2433,0.272,0.827,82.7,0.6,2.34,3.44,31.9,50.6859,62.8065,71.6214
2026-01-12,PATK,117.3556,117.3556,-0.0,0.77,77.0,0.82,2.75,4.37,31.29,107.9671,133.7853,152.5622
2026-01-12,CRI,35.63,36.03,1.123,0.737,73.7,1.31,4.18,8.11,38.53,32.7796,40.6182,46.319
2026-01-12,CRIC,35.63,36.03,1.123,0.737,73.7,1.31,4.18,8.11,38.53,32.7796,40.6182,46.319
2026-01-12,SDZ-SW,59.9,59.9,0.0,0.802,80.2,0.59,2.04,2.27,43.69,55.108,68.286,77.87
2026-01-12,HUBG,47.16,47.63,0.997,0.892,89.2,1.03,2.31,6.88,37.32,43.3872,53.7624,61.308
2026-01-12,ASH,63.9211,64.2489,0.513,0.873,87.3,1.09,2.75,7.41,44.66,58.8074,72.8701,83.0975
2026-01-12,LCAV,20.09,20.1,0.05,0.798,79.8,1.42,3.78,2.42,32.37,18.4828,22.9026,26.117
2026-01-12,PACW1,41.51,42.6,2.626,0.98,98.0,0.66,3.97,8.97,49.28,38.1892,47.3214,53.963
2026-01-12,PACX,41.51,42.6,2.626,0.98,98.0,0.66,3.97,8.97,49.28,38.1892,47.3214,53.963
2026-01-12,PAE,41.51,42.6,2.626,0.98,98.0,0.66,3.97,8.97,49.28,38.1892,47.3214,53.963
2026-01-12,PAET,41.51,42.6,2.626,0.98,98.0,0.66,3.97,8.97,49.28,38.1892,47.3214,53.963
2026-01-12,OII,26.29,26.54,0.951,0.725,72.5,0.67,3.53,5.06,22.85,24.1868,29.9706,34.177
2026-01-12,OIIM,26.29,26.54,0.951,0.725,72.5,0.67,3.53,5.06,22.85,24.1868,29.9706,34.177
2026-01-12,AMRX,12.98,12.95,-0.231,0.875,87.5,0.9,2.25,1.8,21.85,11.9416,14.7972,16.874
2026-01-12,CGAU,15.9,16.07,1.069,0.848,84.8,0.81,3.45,8.02,19.76,14.628,18.126,20.67
2026-01-12,ARCC1,87.7031,87.763,0.068,0.808,80.8,0.76,3.36,9.91,36.15,80.6868,99.9815,114.014
2026-01-12,ARCE,87.7031,87.763,0.068,0.808,80.8,0.76,3.36,9.91,36.15,80.6868,99.9815,114.014
2026-01-12,ARCH,87.7031,87.763,0.068,0.808,80.8,0.76,3.36,9.91,36.15,80.6868,99.9815,114.014
2026-01-12,ARCHQ,87.7031,87.763,0.068,0.808,80.8,0.76,3.36,9.91,36.15,80.6868,99.9815,114.014
2026-01-12,ARCIU,87.7031,87.763,0.068,0.808,80.8,0.76,3.36,9.91,36.15,80.6868,99.9815,114.014
2026-01-12,ARCK,87.7031,87.763,0.068,0.808,80.8,0.76,3.36,9.91,36.15,80.6868,99.9815,114.014
2026-01-12,BYND,0.983,0.98,-0.305,0.916,91.6,0.71,10.11,0.01,60.07,0.9044,1.1206,1.2779
2026-01-12,ARIS,17.33,17.51,1.039,0.931,93.1,0.98,4.14,6.41,32.76,15.9436,19.7562,22.529
2026-01-12,ARMO,17.33,17.51,1.039,0.931,93.1,0.98,4.14,6.41,32.76,15.9436,19.7562,22.529
2026-01-12,DXCM,15.17,15.28,0.725,0.724,72.4,0.67,2.63,1.13,28.17,13.9564,17.2938,19.721
2026-01-12,PGNY,28.42,28.71,1.02,0.899,89.9,1.17,3.42,7.75,40.26,26.1464,32.3988,36.946
2026-01-12,PGOL,28.42,28.71,1.02,0.899,89.9,1.17,3.42,7.75,40.26,26.1464,32.3988,36.946
2026-01-12,LAUR1,35.57,35.57,0.0,0.783,78.3,0.75,2.32,4.68,38.3,32.7244,40.5498,46.241
2026-01-12,OLMA,28.79,28.23,-1.945,0.977,97.7,1.0,7.22,1.97,58.43,26.4868,32.8206,37.427
2026-01-12,BOST,4.18,4.29,2.632,0.93,93.0,0.91,4.59,4.32,19.58,3.8456,4.7652,5.434
2026-01-12,BOT,4.18,4.29,2.632,0.93,93.0,0.91,4.59,4.32,19.58,3.8456,4.7652,5.434
2026-01-12,AAUC,26.21,26.47,0.992,0.85,85.0,1.88,3.87,9.59,20.67,24.1132,29.8794,34.073
2026-01-12,AAUGF,26.21,26.47,0.992,0.85,85.0,1.88,3.87,9.59,20.67,24.1132,29.8794,34.073
2026-01-12,OMCL,51.19,51.76,1.113,0.95,95.0,0.65,2.97,10.01,30.57,47.0948,58.3566,66.547
2026-01-12,BNTT,50.79,50.6,-0.374,0.702,70.2,1.81,1.79,6.72,13.34,46.7268,57.9006,66.027
2026-01-12,CMBT,11.14,11.29,1.346,0.759,75.9,1.74,2.69,12.13,23.18,10.2488,12.6996,14.482
2026-01-12,J36-SI,73.88,73.58,-0.406,0.803,80.3,0.6,2.32,6.8,19.69,67.9696,84.2232,96.044
2026-01-12,NBR,60.46,61.98,2.514,0.926,92.6,0.89,4.85,9.18,22.39,55.6232,68.9244,78.598
2026-01-12,BMA,94.2354,93.4688,-0.813,0.954,95.4,0.68,4.47,4.54,24.02,86.6966,107.4283,122.506
2026-01-12,NUTX,180.715,183.04,1.287,0.948,94.8,0.78,8.12,4.18,28.82,166.2578,206.0151,234.9295
2026-01-12,AZTR,37.54,37.73,0.506,0.743,74.3,0.7,3.23,6.44,22.91,34.5368,42.7956,48.802
2026-01-12,AZUL,37.54,37.73,0.506,0.743,74.3,0.7,3.23,6.44,22.91,34.5368,42.7956,48.802
2026-01-12,NVSGF,18.53,18.65,0.648,0.922,92.2,0.86,1.74,2.39,27.54,17.0476,21.1242,24.089
2026-01-12,GLDG,13.57,13.66,0.663,0.779,77.9,1.18,2.41,1.16,6.09,12.4844,15.4698,17.641
2026-01-12,FTRE1,18.4,18.48,0.435,0.958,95.8,1.28,5.31,7.42,25.15,16.928,20.976,23.92
2026-01-12,NEO,12.49,12.55,0.48,0.833,83.3,2.05,4.01,2.34,21.5,11.4908,14.2386,16.237
2026-01-12,EZPW,21.91,22.03,0.548,0.716,71.6,0.67,3.02,7.63,18.49,20.1572,24.9774,28.483
2026-01-12,ANAB,49.03,48.64,-0.795,0.907,90.7,1.27,5.43,4.24,26.03,45.1076,55.8942,63.739
2026-01-12,GCTK,44.41,44.26,-0.338,0.932,93.2,1.16,4.75,9.85,22.75,40.8572,50.6274,57.733
2026-01-12,CAEP,33.17,33.29,0.362,0.796,79.6,0.93,2.25,7.0,19.53,30.5164,37.8138,43.121
2026-01-12,ASTI,4.62,4.7,1.732,0.957,95.7,1.13,29.58,11.73,17.48,4.2504,5.2668,6.006
2026-01-12,AZX,121.48,122.09,0.502,0.8,80.0,1.06,2.5,9.57,22.07,111.7616,138.4872,157.924
2026-01-12,AZZ,121.48,122.09,0.502,0.8,80.0,1.06,2.5,9.57,22.07,111.7616,138.4872,157.924
2026-01-12,B,121.48,122.09,0.502,0.8,80.0,1.06,2.5,9.57,22.07,111.7616,138.4872,157.924
2026-01-12,DBGI,68.66,69.04,0.553,0.764,76.4,0.7,2.81,1.61,13.49,63.1672,78.2724,89.258
2026-01-12,DCO,109.25,110.59,1.227,0.75,75.0,2.05,2.74,11.69,13.42,100.51,124.545,142.025
2026-01-12,MCW,6.06,6.07,0.165,0.849,84.9,0.78,2.81,5.33,7.34,5.5752,6.9084,7.878
2026-01-12,GROY,4.68,4.8,2.564,0.802,80.2,1.81,4.02,11.71,12.26,4.3056,5.3352,6.084
2026-01-12,MNSB,20.5235,20.6123,0.433,0.822,82.2,0.7,3.42,1.25,14.27,18.8816,23.3967,26.6805
2026-01-12,PAC,2.01,2.03,0.995,0.719,71.9,1.53,6.98,4.33,14.08,1.8492,2.2914,2.613
2026-01-12,PACB,2.01,2.03,0.995,0.719,71.9,1.53,6.98,4.33,14.08,1.8492,2.2914,2.613
2026-01-12,PACC,2.01,2.03,0.995,0.719,71.9,1.53,6.98,4.33,14.08,1.8492,2.2914,2.613
2026-01-12,PAX,17.0454,17.0355,-0.058,0.771,77.1,0.77,2.38,6.04,8.92,15.6818,19.4317,22.159
2026-01-12,BHFAL,45.98,46.44,1.0,0.717,71.7,0.7,2.67,2.82,14.67,42.3016,52.4172,59.774
2026-01-12,BJGP,45.08,45.0,-0.177,0.901,90.1,0.99,3.12,8.98,19.35,41.4736,51.3912,58.604
2026-01-12,BJRI,45.08,45.0,-0.177,0.901,90.1,0.99,3.12,8.98,19.35,41.4736,51.3912,58.604
2026-01-12,CDO,20.57,20.85,1.361,0.901,90.1,2.11,4.95,6.61,16.36,18.9244,23.4498,26.741
2026-01-12,ANNSF,5.56,5.53,-0.54,0.955,95.5,0.61,6.65,9.17,16.42,5.1152,6.3384,7.228
2026-01-12,ANNX,5.56,5.53,-0.54,0.955,95.5,0.61,6.65,9.17,16.42,5.1152,6.3384,7.228
2026-01-12,ANOR,5.56,5.53,-0.54,0.955,95.5,0.61,6.65,9.17,16.42,5.1152,6.3384,7.228
2026-01-12,BHC,7.49,7.53,0.534,0.828,82.8,0.64,3.58,4.14,15.27,6.8908,8.5386,9.737
2026-01-12,BHC.A,7.49,7.53,0.534,0.828,82.8,0.64,3.58,4.14,15.27,6.8908,8.5386,9.737
2026-01-12,BHE,7.49,7.53,0.534,0.828,82.8,0.64,3.58,4.14,15.27,6.8908,8.5386,9.737
2026-01-12,BBAO,18.867,18.7872,-0.423,0.962,96.2,0.65,4.68,4.98,10.6,17.3577,21.5084,24.5271
2026-01-12,BBAR,18.867,18.7872,-0.423,0.962,96.2,0.65,4.68,4.98,10.6,17.3577,21.5084,24.5271
2026-01-12,BBAR1,18.867,18.7872,-0.423,0.962,96.2,0.65,4.68,4.98,10.6,17.3577,21.5084,24.5271
2026-01-12,ARCO,7.88,7.85,-0.381,0.709,70.9,1.46,2.07,5.94,7.2,7.2496,8.9832,10.244
2026-01-12,GSL,35.6564,35.7253,0.193,0.863,86.3,1.32,2.23,4.33,11.89,32.8039,40.6484,46.3534
2026-01-12,DHC,5.4204,5.4404,0.368,0.869,86.9,0.98,3.25,8.07,6.63,4.9868,6.1793,7.0465
2026-01-12,DHCC,5.4204,5.4404,0.368,0.869,86.9,0.98,3.25,8.07,6.63,4.9868,6.1793,7.0465
2026-01-12,NX,17.7,17.7,0.0,0.831,83.1,0.83,5.37,11.14,18.81,16.284,20.178,23.01
2026-01-12,ARVLF,12.15,12.18,0.247,0.855,85.5,0.94,4.47,1.63,9.56,11.178,13.851,15.795
2026-01-12,ARVN,12.15,12.18,0.247,0.855,85.5,0.94,4.47,1.63,9.56,11.178,13.851,15.795
2026-01-12,GDXU,9.71,9.73,0.206,0.834,83.4,1.13,3.66,2.59,9.7,8.9332,11.0694,12.623
2026-01-12,GDYS,9.71,9.73,0.206,0.834,83.4,1.13,3.66,2.59,9.7,8.9332,11.0694,12.623
2026-01-12,AMPH,29.4,29.16,-0.816,0.847,84.7,1.25,3.42,9.37,10.68,27.048,33.516,38.22
2026-01-12,IDEXY,16.67,16.65,-0.12,0.783,78.3,1.09,1.89,1.31,8.55,15.3364,19.0038,21.671
2026-01-12,ALNT,60.9,61.3,0.657,0.705,70.5,1.41,4.39,9.03,9.76,56.028,69.426,79.17
2026-01-12,DAIO,99.7371,100.1537,0.418,0.742,74.2,1.65,1.93,5.48,7.13,91.7581,113.7003,129.6582
2026-01-12,MLAAU,83.8194,83.8594,0.048,0.772,77.2,1.3,4.06,3.16,8.52,77.1139,95.5541,108.9652
2026-01-12,MLAB,83.8194,83.8594,0.048,0.772,77.2,1.3,4.06,3.16,8.52,77.1139,95.5541,108.9652
2026-01-12,AIQUF,17.37,17.45,0.461,0.788,78.8,0.86,5.56,7.42,8.05,15.9804,19.8018,22.581
2026-01-12,AIQUY,17.37,17.45,0.461,0.788,78.8,0.86,5.56,7.42,8.05,15.9804,19.8018,22.581
2026-01-12,AIR,17.37,17.45,0.461,0.788,78.8,0.86,5.56,7.42,8.05,15.9804,19.8018,22.581
2026-01-12,CBLL,23.43,23.58,0.64,0.956,95.6,1.21,4.55,7.58,11.12,21.5556,26.7102,30.459
2026-01-12,CBM,23.43,23.58,0.64,0.956,95.6,1.21,4.55,7.58,11.12,21.5556,26.7102,30.459
2026-01-12,CLB,18.7697,19.0095,1.278,0.932,93.2,1.08,3.33,10.45,7.09,17.2681,21.3974,24.4005
2026-01-12,HTLD,10.42,10.49,0.672,0.86,86.0,0.7,2.52,9.28,6.34,9.5864,11.8788,13.546
2026-01-13,MU,338.13,334.84,-0.973,0.934,93.4,0.91,4.22,10.75,8826.36,311.0796,385.4682,439.569
2026-01-13,GOOGL,335.7337,334.8243,-0.271,0.873,87.3,1.16,2.1,6.56,9694.09,308.875,382.7364,436.4538
2026-01-13,GOOG,336.43,334.985,-0.43,0.874,87.4,1.27,2.09,6.44,6521.53,309.5156,383.5302,437.359
2026-01-13,LLY,1077.1899,1081.75,0.423,0.868,86.8,0.76,2.6,0.56,3096.9,991.0147,1227.9965,1400.3469
2026-01-13,XOM,125.7021,126.5068,0.64,0.704,70.4,1.24,1.79,5.17,2186.74,115.646,143.3004,163.4128
2026-01-13,AMAT,304.87,301.47,-1.115,0.888,88.8,1.6,2.29,11.63,1363.76,280.4804,347.5518,396.331
2026-01-13,ASML,1268.4869,1265.4508,-0.239,0.821,82.1,0.98,2.12,12.31,1785.68,1167.008,1446.0751,1649.033
2026-01-13,GS,938.15,932.3,-0.624,0.811,81.1,0.96,2.03,3.06,1919.99,863.098,1069.491,1219.595
2026-01-13,CAT,635.0442,632.6199,-0.382,0.739,73.9,0.81,2.36,7.26,1540.46,584.2407,723.9504,825.5574
2026-01-13,BA,244.55,244.44,-0.045,0.705,70.5,1.59,2.15,10.6,1758.9,224.986,278.787,317.915
2026-01-13,TXN,187.3074,186.2841,-0.546,0.744,74.4,0.85,1.86,4.73,907.2,172.3228,213.5304,243.4996
2026-01-13,KLAC,1441.8199,1430.87,-0.759,0.868,86.8,1.46,2.4,10.63,985.15,1326.4744,1643.6747,1874.3659
2026-01-13,STX,318.44,319.83,0.436,0.897,89.7,0.82,5.39,8.82,1346.79,292.9648,363.0216,413.972
2026-01-13,APH,148.97,148.17,-0.537,0.726,72.6,1.08,2.74,8.88,1107.01,137.0524,169.8258,193.661
2026-01-13,MRK,108.26,108.97,0.656,0.86,86.0,0.67,2.21,2.58,1506.66,99.5992,123.4164,140.738
2026-01-13,ACN,276.8,276.61,-0.069,0.744,74.4,0.93,2.54,1.6,1082.85,254.656,315.552,359.84
2026-01-13,ADI,295.2854,293.6705,-0.547,0.799,79.9,0.83,1.98,5.13,987.57,271.6626,336.6254,383.871
2026-01-13,RTX,194.08,194.84,0.392,0.809,80.9,1.22,2.09,4.64,927.88,178.5536,221.2512,252.304
2026-01-13,COHR1,190.03,190.74,0.374,0.934,93.4,1.21,5.66,2.59,714.01,174.8276,216.6342,247.039
2026-01-13,NEM,114.63,115.55,0.803,0.724,72.4,0.94,2.77,9.94,975.77,105.4596,130.6782,149.019
2026-01-13,SNPS,511.8,505.22,-1.286,0.869,86.9,1.29,2.21,4.54,700.89,470.856,583.452,665.34
2026-01-13,F,13.98,14.0,0.143,0.766,76.6,1.14,1.87,3.01,719.39,12.8616,15.9372,18.174
2026-01-13,TER,229.27,227.5,-0.772,0.935,93.5,0.83,3.09,11.73,641.69,210.9284,261.3678,298.051
2026-01-13,CIEN,246.42,244.91,-0.613,0.905,90.5,0.69,5.82,5.58,603.85,226.7064,280.9188,320.346
2026-01-13,CLS,328.56,325.69,-0.874,0.729,72.9,1.14,5.96,9.66,741.92,302.2752,374.5584,427.128
2026-01-13,CRDO,161.38,159.5,-1.165,0.741,74.1,0.88,6.15,11.36,844.64,148.4696,183.9732,209.794
2026-01-13,CRDSQ,161.38,159.5,-1.165,0.741,74.1,0.88,6.15,11.36,844.64,148.4696,183.9732,209.794
2026-01-13,BMY,55.92,56.11,0.34,0.861,86.1,0.72,1.84,3.21,845.62,51.4464,63.7488,72.696
2026-01-13,GM,83.24,83.0,-0.288,0.909,90.9,0.72,1.86,0.99,701.13,76.5808,94.8936,108.212
2026-01-13,TGT,107.5363,107.4769,-0.055,0.788,78.8,1.06,2.94,8.25,786.1,98.9334,122.5914,139.7972
2026-01-13,FITB,48.13,48.01,-0.249,0.765,76.5,1.19,1.7,0.23,317.95,44.2796,54.8682,62.569
2026-01-13,EXPE,299.97,299.06,-0.303,0.897,89.7,0.91,2.25,3.64,433.86,275.9724,341.9658,389.961
2026-01-13,UPS,106.58,106.49,-0.084,0.833,83.3,0.84,1.79,4.03,594.35,98.0536,121.5012,138.554
2026-01-13,WBD,28.86,29.01,0.52,0.926,92.6,0.76,1.92,0.69,1177.49,26.5512,32.9004,37.518
2026-01-13,VALE,14.11,14.18,0.496,0.836,83.6,1.07,1.65,5.75,400.99,12.9812,16.0854,18.343
2026-01-13,SATS,123.74,125.0,1.018,0.944,94.4,1.56,4.37,12.11,586.29,113.8408,141.0636,160.862
2026-01-13,FDX,309.66,309.12,-0.174,0.867,86.7,0.73,2.12,4.55,604.04,284.8872,353.0124,402.558
2026-01-13,PH,936.6044,935.2769,-0.142,0.852,85.2,0.97,1.65,4.82,501.52,861.676,1067.729,1217.5857
2026-01-13,VLO,180.6353,182.146,0.836,0.723,72.3,0.8,2.64,6.46,695.81,166.1844,205.9242,234.8258
2026-01-13,HLT,300.62,299.84,-0.259,0.722,72.2,0.82,1.68,2.77,515.18,276.5704,342.7068,390.806
2026-01-13,UAL,114.41,113.0,-1.232,0.717,71.7,1.18,2.61,0.58,443.0,105.2572,130.4274,148.733
2026-01-13,CMIIU,565.5388,565.5388,-0.0,0.879,87.9,1.1,1.77,7.94,436.08,520.2957,644.7142,735.2004
2026-01-13,CMIKA,565.5388,565.5388,-0.0,0.879,87.9,1.1,1.77,7.94,436.08,520.2957,644.7142,735.2004
2026-01-13,CMIN,565.5388,565.5388,-0.0,0.879,87.9,1.1,1.77,7.94,436.08,520.2957,644.7142,735.2004
2026-01-13,CMIV,565.5388,565.5388,-0.0,0.879,87.9,1.1,1.77,7.94,436.08,520.2957,644.7142,735.2004
2026-01-13,LHX,341.24,339.51,-0.507,0.767,76.7,3.48,2.35,12.31,465.03,313.9408,389.0136,443.612
2026-01-13,CTSH,84.47,84.7,0.272,0.855,85.5,0.99,2.0,0.18,387.42,77.7124,96.2958,109.811
2026-01-13,CHSCL,172.8288,172.2508,-0.334,0.893,89.3,0.9,1.86,5.04,277.39,159.0025,197.0249,224.6775
2026-01-13,LULU,211.9,211.33,-0.269,0.846,84.6,1.4,2.23,9.92,366.03,194.948,241.566,275.47
2026-01-13,BIDU,149.35,150.05,0.469,0.804,80.4,1.05,2.78,11.96,492.58,137.402,170.259,194.155
2026-01-13,BK,122.3879,122.3481,-0.033,0.708,70.8,2.01,1.6,4.25,444.81,112.5968,139.5222,159.1042
2026-01-13,EL,115.37,115.87,0.433,0.76,76.0,1.84,2.66,7.0,376.03,106.1404,131.5218,149.981
2026-01-13,ROST,193.23,192.49,-0.383,0.819,81.9,0.77,1.49,4.7,441.8,177.7716,220.2822,251.199
2026-01-13,IQV,241.57,241.27,-0.124,0.73,73.0,0.89,2.0,4.91,304.74,222.2444,275.3898,314.041
2026-01-13,DG,151.25,152.03,0.516,0.911,91.1,0.87,2.6,9.12,529.34,139.15,172.425,196.625
2026-01-13,ODFL,171.65,170.74,-0.53,0.814,81.4,0.73,2.51,5.78,327.41,157.918,195.681,223.145
2026-01-13,PCAR,119.1198,119.1398,0.017,0.725,72.5,1.23,1.65,5.35,262.24,109.5903,135.7966,154.8558
2026-01-13,ROK,416.88,415.09,-0.429,0.764,76.4,0.87,1.94,3.89,283.3,383.5296,475.2432,541.944
2026-01-13,ROG-SW,340.9,340.1,-0.235,0.731,73.1,0.64,1.9,4.18,393.76,313.628,388.626,443.17
2026-01-13,CAH,208.26,208.53,0.13,0.889,88.9,1.07,1.75,2.04,373.72,191.5992,237.4164,270.738
2026-01-13,KEYS,209.3,209.1,-0.096,0.846,84.6,1.13,2.07,1.54,214.25,192.556,238.602,272.09
2026-01-13,NUE,169.48,169.51,0.018,0.839,83.9,0.88,2.47,3.1,275.28,155.9216,193.2072,220.324
2026-01-13,TEVA,32.47,31.95,-1.601,0.938,93.8,0.79,2.05,3.46,299.2,29.8724,37.0158,42.211
2026-01-13,AU,97.66,99.91,2.304,0.827,82.7,0.77,3.07,9.72,206.65,89.8472,111.3324,126.958
2026-01-13,MTB,209.16,208.32,-0.402,0.74,74.0,1.11,1.77,0.99,215.87,192.4272,238.4424,271.908
2026-01-13,CNC,45.76,45.73,-0.066,0.843,84.3,0.75,2.8,8.53,269.38,42.0992,52.1664,59.488
2026-01-13,CNCE,45.76,45.73,-0.066,0.843,84.3,0.75,2.8,8.53,269.38,42.0992,52.1664,59.488
2026-01-13,STT,132.81,132.43,-0.286,0.746,74.6,1.09,1.67,1.91,292.45,122.1852,151.4034,172.653
2026-01-13,ATHXQ,124.42,124.59,0.137,0.922,92.2,0.92,2.62,6.75,159.7,114.4664,141.8388,161.746
2026-01-13,ATI,124.42,124.59,0.137,0.922,92.2,0.92,2.62,6.75,159.7,114.4664,141.8388,161.746
2026-01-13,ATI1,124.42,124.59,0.137,0.922,92.2,0.92,2.62,6.75,159.7,114.4664,141.8388,161.746
2026-01-13,SU,48.13,48.25,0.249,0.816,81.6,1.24,2.2,8.52,210.88,44.2796,54.8682,62.569
2026-01-13,FUST,184.08,180.945,-1.703,0.732,73.2,1.69,3.06,7.72,205.44,169.3536,209.8512,239.304
2026-01-13,FOXA,72.8725,72.9123,0.055,0.921,92.1,1.27,1.69,11.06,233.23,67.0427,83.0747,94.7343
2026-01-13,AGNC,11.23,11.1805,-0.441,0.747,74.7,1.04,1.57,4.96,205.81,10.3316,12.8022,14.599
2026-01-13,NTRA,237.89,235.86,-0.853,0.869,86.9,0.99,3.14,1.55,274.52,218.8588,271.1946,309.257
2026-01-13,BBIG,79.11,79.28,0.215,0.904,90.4,1.16,3.74,4.44,176.43,72.7812,90.1854,102.843
2026-01-13,BBIO,79.11,79.28,0.215,0.904,90.4,1.16,3.74,4.44,176.43,72.7812,90.1854,102.843
2026-01-13,PRU,116.58,116.68,0.086,0.745,74.5,0.83,1.65,0.71,176.34,107.2536,132.9012,151.554
2026-01-13,ATO,167.4794,167.6485,0.101,0.949,94.9,0.61,2.66,9.44,315.31,154.0811,190.9265,217.7232
2026-01-13,ITUB,7.3,7.34,0.548,0.71,71.0,1.11,1.52,1.92,115.62,6.716,8.322,9.49
2026-01-13,DD,43.615,43.7644,0.343,0.877,87.7,0.88,1.87,5.01,209.58,40.1258,49.7211,56.6995
2026-01-13,NGD,10.25,10.53,2.732,0.89,89.0,1.01,5.53,12.6,167.86,9.43,11.685,13.325
2026-01-13,GH,106.89,106.87,-0.019,0.928,92.8,0.75,4.14,3.3,215.01,98.3388,121.8546,138.957
2026-01-13,CPAY,331.09,328.07,-0.912,0.755,75.5,1.06,2.26,5.41,182.74,304.6028,377.4426,430.417
2026-01-13,EAXR,166.27,165.05,-0.734,0.855,85.5,0.82,3.63,9.64,162.45,152.9684,189.5478,216.151
2026-01-13,EB,166.27,165.05,-0.734,0.855,85.5,0.82,3.63,9.64,162.45,152.9684,189.5478,216.151
2026-01-13,EBBGF,166.27,165.05,-0.734,0.855,85.5,0.82,3.63,9.64,162.45,152.9684,189.5478,216.151
2026-01-13,EBBNF,166.27,165.05,-0.734,0.855,85.5,0.82,3.63,9.64,162.45,152.9684,189.5478,216.151
2026-01-13,EPAM,211.99,214.57,1.217,0.915,91.5,1.12,2.97,0.93,148.78,195.0308,241.6686,275.587
2026-01-13,WAB,227.48,226.23,-0.549,0.733,73.3,0.91,1.75,4.1,176.37,209.2816,259.3272,295.724
2026-01-13,JLL,345.67,344.14,-0.443,0.709,70.9,0.71,2.22,1.06,121.08,318.0164,394.0638,449.371
2026-01-13,JLMI,345.67,344.14,-0.443,0.709,70.9,0.71,2.22,1.06,121.08,318.0164,394.0638,449.371
2026-01-13,BAP,311.5,313.0,0.482,0.801,80.1,1.52,1.99,6.96,94.42,286.58,355.11,404.95
2026-01-13,CACI,604.57,605.49,0.152,0.719,71.9,0.85,2.64,7.89,178.84,556.2044,689.2098,785.941
2026-01-13,IAG,17.42,17.8,2.181,0.753,75.3,1.02,3.74,3.57,121.97,16.0264,19.8588,22.646
2026-01-13,PQUEQ,14.22,14.2,-0.141,0.751,75.1,1.21,2.9,1.71,136.38,13.0824,16.2108,18.486
2026-01-13,PRA,14.22,14.2,-0.141,0.751,75.1,1.21,2.9,1.71,136.38,13.0824,16.2108,18.486
2026-01-13,MEDP,608.43,612.74,0.708,0.72,72.0,1.25,2.52,5.2,128.99,559.7556,693.6102,790.959
2026-01-13,MEDP1,608.43,612.74,0.708,0.72,72.0,1.25,2.52,5.2,128.99,559.7556,693.6102,790.959
2026-01-13,CG,65.069,64.5722,-0.763,0.707,70.7,1.12,2.57,6.33,127.74,59.8635,74.1787,84.5897
2026-01-13,GFS,40.87,40.87,0.0,0.742,74.2,0.71,3.23,9.36,233.29,37.6004,46.5918,53.131
2026-01-13,ASA,38.26,38.21,-0.131,0.823,82.3,0.69,2.59,0.29,104.27,35.1992,43.6164,49.738
2026-01-13,HBM,22.51,22.88,1.644,0.861,86.1,1.45,3.1,11.08,92.85,20.7092,25.6614,29.263
2026-01-13,NTRT,144.4402,143.8237,-0.427,0.727,72.7,0.99,1.67,2.99,135.73,132.885,164.6619,187.7723
2026-01-13,NTS,144.4402,143.8237,-0.427,0.727,72.7,0.99,1.67,2.99,135.73,132.885,164.6619,187.7723
2026-01-13,HABC,168.3934,170.8512,1.46,0.725,72.5,0.91,2.56,1.99,126.55,154.922,191.9685,218.9115
2026-01-13,VTRS,13.37,13.37,0.0,0.874,87.4,1.67,2.45,8.81,125.19,12.3004,15.2418,17.381
2026-01-13,EG,317.935,320.34,0.756,0.878,87.8,0.71,2.09,10.53,161.06,292.5002,362.4459,413.3155
2026-01-13,FLSCQ,74.84,74.7,-0.187,0.914,91.4,1.3,1.97,4.86,78.7,68.8528,85.3176,97.292
2026-01-13,BRL,50.88,50.49,-0.767,0.872,87.2,2.31,3.92,4.0,107.16,46.8096,58.0032,66.144
2026-01-13,GRAL,101.97,102.74,0.755,0.739,73.9,0.7,5.82,9.09,78.01,93.8124,116.2458,132.561
2026-01-13,APG,42.79,42.76,-0.07,0.81,81.0,0.97,2.25,7.33,96.62,39.3668,48.7806,55.627
2026-01-13,MLIN,126.01,125.9,-0.087,0.839,83.9,0.73,1.92,6.8,101.76,115.9292,143.6514,163.813
2026-01-13,PFSI,145.1126,144.1159,-0.687,0.81,81.0,1.02,2.42,7.64,44.09,133.5036,165.4284,188.6464
2026-01-13,MT,48.08,48.12,0.083,0.822,82.2,1.83,1.56,4.02,56.33,44.2336,54.8112,62.504
2026-01-13,MICU,155.0,154.8,-0.129,0.706,70.6,1.0,2.45,2.39,106.43,142.6,176.7,201.5
2026-01-13,MPLX,53.7167,53.7461,0.055,0.7,70.0,1.23,1.73,2.1,78.22,49.4193,61.237,69.8317
2026-01-13,FOX,66.52,66.44,-0.12,0.857,85.7,1.03,1.72,1.83,94.52,61.1984,75.8328,86.476
2026-01-13,DDUP,700.23,699.12,-0.159,0.793,79.3,1.27,3.9,7.89,112.48,644.2116,798.2622,910.299
2026-01-13,DEA,700.23,699.12,-0.159,0.793,79.3,1.27,3.9,7.89,112.48,644.2116,798.2622,910.299
2026-01-13,JBTM,156.1849,156.5147,0.211,0.714,71.4,1.14,2.28,1.18,72.42,143.6901,178.0508,203.0404
2026-01-13,NVTAQ,23.23,23.18,-0.215,0.734,73.4,0.8,2.5,3.63,50.46,21.3716,26.4822,30.199
2026-01-13,BKEP,11.2,11.21,0.089,0.851,85.1,1.58,2.47,3.03,34.89,10.304,12.768,14.56
2026-01-13,GVA,123.75,124.29,0.436,0.728,72.8,0.7,2.21,4.71,86.14,113.85,141.075,160.875
2026-01-13,MUR,32.9236,33.1512,0.691,0.802,80.2,1.27,3.87,5.07,76.16,30.2898,37.533,42.8007
2026-01-13,CUKPF,30.6471,30.4083,-0.779,0.76,76.0,0.87,3.19,2.09,65.76,28.1954,34.9377,39.8413
2026-01-13,AMTM,34.3,34.5,0.583,0.919,91.9,0.82,2.93,12.28,61.4,31.556,39.102,44.59
2026-01-13,HUN,11.36,11.44,0.704,0.889,88.9,1.14,4.43,8.55,47.59,10.4512,12.9504,14.768
2026-01-13,APGE,79.0,78.94,-0.076,0.912,91.2,0.77,4.15,2.34,80.77,72.68,90.06,102.7
2026-01-13,PAA,19.0,19.12,0.632,0.787,78.7,1.13,1.61,5.52,52.99,17.48,21.66,24.7
2026-01-13,ARR,18.2005,18.2395,0.214,0.812,81.2,1.34,1.76,5.34,64.62,16.7445,20.7486,23.6607
2026-01-13,ARRKF,18.2005,18.2395,0.214,0.812,81.2,1.34,1.76,5.34,64.62,16.7445,20.7486,23.6607
2026-01-13,ARRO,18.2005,18.2395,0.214,0.812,81.2,1.34,1.76,5.34,64.62,16.7445,20.7486,23.6607
2026-01-13,ARRS,18.2005,18.2395,0.214,0.812,81.2,1.34,1.76,5.34,64.62,16.7445,20.7486,23.6607
2026-01-13,AUGO,57.41,58.19,1.359,0.903,90.3,0.83,4.13,11.86,40.64,52.8172,65.4474,74.633
2026-01-13,COMM1,19.58,19.2,-1.941,0.832,83.2,1.53,3.44,6.8,65.37,18.0136,22.3212,25.454
2026-01-13,COMMQ,19.58,19.2,-1.941,0.832,83.2,1.53,3.44,6.8,65.37,18.0136,22.3212,25.454
2026-01-13,BTE,3.34,3.37,0.898,0.913,91.3,1.47,3.97,4.9,54.35,3.0728,3.8076,4.342
2026-01-13,BTSG,38.62,38.64,0.052,0.863,86.3,0.79,3.36,1.85,72.95,35.5304,44.0268,50.206
2026-01-13,HWC,66.4343,66.4343,-0.0,0.805,80.5,1.06,2.35,1.44,49.34,61.1196,75.7351,86.3646
2026-01-13,LGIQ,45.75,46.21,1.005,0.886,88.6,0.65,4.36,3.69,73.06,42.09,52.155,59.475
2026-01-13,LGL,45.75,46.21,1.005,0.886,88.6,0.65,4.36,3.69,73.06,42.09,52.155,59.475
2026-01-13,LGL-WT,45.75,46.21,1.005,0.886,88.6,0.65,4.36,3.69,73.06,42.09,52.155,59.475
2026-01-13,LGN,45.75,46.21,1.005,0.886,88.6,0.65,4.36,3.69,73.06,42.09,52.155,59.475
2026-01-13,BANC,20.25,20.17,-0.395,0.862,86.2,1.12,2.15,2.17,36.47,18.63,23.085,26.325
2026-01-13,DAP,27.2958,27.4851,0.694,0.905,90.5,1.16,2.7,11.37,52.92,25.1121,31.1172,35.4845
2026-01-13,DAR,27.2958,27.4851,0.694,0.905,90.5,1.16,2.7,11.37,52.92,25.1121,31.1172,35.4845
2026-01-13,GU1,18.9552,18.9552,-0.0,0.916,91.6,1.67,2.52,7.78,45.46,17.4388,21.609,24.6418
2026-01-13,KNGRF,78.75,78.8,0.063,0.764,76.4,1.32,2.85,5.33,33.49,72.45,89.775,102.375
2026-01-13,PATK,118.9301,118.2525,-0.57,0.774,77.4,1.03,2.76,5.57,31.3,109.4157,135.5803,154.6092
2026-01-13,CRI,36.34,36.31,-0.083,0.763,76.3,1.01,4.05,9.62,39.62,33.4328,41.4276,47.242
2026-01-13,CRIC,36.34,36.31,-0.083,0.763,76.3,1.01,4.05,9.62,39.62,33.4328,41.4276,47.242
2026-01-13,BOJA,122.0609,121.7623,-0.245,0.734,73.4,0.73,1.94,1.48,36.72,112.296,139.1494,158.6791
2026-01-13,BOLD,122.0609,121.7623,-0.245,0.734,73.4,0.73,1.94,1.48,36.72,112.296,139.1494,158.6791
2026-01-13,SDZ-SW,59.24,59.34,0.169,0.771,77.1,0.87,2.05,1.11,42.22,54.5008,67.5336,77.012
2026-01-13,HUBG,46.78,46.71,-0.15,0.838,83.8,0.7,2.24,5.54,35.04,43.0376,53.3292,60.814
2026-01-13,ASH,63.6827,63.6927,0.016,0.87,87.0,1.0,2.68,6.57,43.88,58.5881,72.5983,82.7876
2026-01-13,LCAV,20.16,20.04,-0.595,0.854,85.4,1.11,3.73,2.71,32.57,18.5472,22.9824,26.208
2026-01-13,PACW1,42.13,41.91,-0.522,0.982,98.2,0.78,3.96,9.54,47.73,38.7596,48.0282,54.769
2026-01-13,PACX,42.13,41.91,-0.522,0.982,98.2,0.78,3.96,9.54,47.73,38.7596,48.0282,54.769
2026-01-13,PAE,42.13,41.91,-0.522,0.982,98.2,0.78,3.96,9.54,47.73,38.7596,48.0282,54.769
2026-01-13,PAET,42.13,41.91,-0.522,0.982,98.2,0.78,3.96,9.54,47.73,38.7596,48.0282,54.769
2026-01-13,OII,26.91,27.22,1.152,0.755,75.5,0.94,3.52,7.35,23.72,24.7572,30.6774,34.983
2026-01-13,OIIM,26.91,27.22,1.152,0.755,75.5,0.94,3.52,7.35,23.72,24.7572,30.6774,34.983
2026-01-13,AMRX,12.97,12.95,-0.154,0.867,86.7,1.29,2.34,1.42,22.33,11.9324,14.7858,16.861
2026-01-13,CGAU,16.07,16.33,1.618,0.834,83.4,1.1,3.31,8.48,19.26,14.7844,18.3198,20.891
2026-01-13,AX,91.7,92.05,0.382,0.775,77.5,0.61,2.2,3.18,33.23,84.364,104.538,119.21
2026-01-13,ARCC1,87.4134,86.5343,-1.006,0.748,74.8,0.6,3.37,8.8,35.49,80.4203,99.6512,113.6374
2026-01-13,ARCE,87.4134,86.5343,-1.006,0.748,74.8,0.6,3.37,8.8,35.49,80.4203,99.6512,113.6374
2026-01-13,ARCH,87.4134,86.5343,-1.006,0.748,74.8,0.6,3.37,8.8,35.49,80.4203,99.6512,113.6374
2026-01-13,ARCHQ,87.4134,86.5343,-1.006,0.748,74.8,0.6,3.37,8.8,35.49,80.4203,99.6512,113.6374
2026-01-13,ARCIU,87.4134,86.5343,-1.006,0.748,74.8,0.6,3.37,8.8,35.49,80.4203,99.6512,113.6374
2026-01-13,ARCK,87.4134,86.5343,-1.006,0.748,74.8,0.6,3.37,8.8,35.49,80.4203,99.6512,113.6374
2026-01-13,ARIS,17.42,17.77,2.009,0.928,92.8,0.69,4.07,6.4,31.38,16.0264,19.8588,22.646
2026-01-13,ARMO,17.42,17.77,2.009,0.928,92.8,0.69,4.07,6.4,31.38,16.0264,19.8588,22.646
2026-01-13,LAUR1,35.3,35.23,-0.198,0.766,76.6,0.59,2.25,3.41,36.49,32.476,40.242,45.89
2026-01-13,BOST,4.38,4.4,0.457,0.942,94.2,1.19,4.26,8.71,20.57,4.0296,4.9932,5.694
2026-01-13,BOT,4.38,4.4,0.457,0.942,94.2,1.19,4.26,8.71,20.57,4.0296,4.9932,5.694
2026-01-13,AAUC,26.56,27.05,1.845,0.891,89.1,1.13,3.8,10.22,20.6,24.4352,30.2784,34.528
2026-01-13,AAUGF,26.56,27.05,1.845,0.891,89.1,1.13,3.8,10.22,20.6,24.4352,30.2784,34.528
2026-01-13,DFTX,14.87,14.86,-0.067,0.822,82.2,1.39,6.32,11.23,34.38,13.6804,16.9518,19.331
2026-01-13,CEDCQ,64.17,63.53,-0.997,0.83,83.0,0.73,3.63,5.84,17.66,59.0364,73.1538,83.421
2026-01-13,MNMD,14.87,14.86,-0.067,0.822,82.2,1.39,6.32,11.23,34.38,13.6804,16.9518,19.331
2026-01-13,J36-SI,73.43,73.3,-0.177,0.774,77.4,1.13,2.22,5.88,18.82,67.5556,83.7102,95.459
2026-01-13,NBR,62.2,63.1,1.447,0.924,92.4,0.62,4.65,11.56,23.13,57.224,70.908,80.86
2026-01-13,BMA,92.8815,92.9412,0.064,0.951,95.1,0.89,4.36,2.68,23.24,85.451,105.8849,120.7459
2026-01-13,CRAI,220.3,220.95,0.295,0.779,77.9,1.24,2.92,5.08,25.3,202.676,251.142,286.39
2026-01-13,AZTR,38.5,38.5,0.0,0.79,79.0,0.83,3.04,8.67,23.19,35.42,43.89,50.05
2026-01-13,AZUL,38.5,38.5,0.0,0.79,79.0,0.83,3.04,8.67,23.19,35.42,43.89,50.05
2026-01-13,FTRE1,17.37,17.3,-0.403,0.953,95.3,0.62,5.4,0.92,23.27,15.9804,19.8018,22.581
2026-01-13,NEO,12.93,12.83,-0.773,0.829,82.9,1.47,4.2,5.48,23.23,11.8956,14.7402,16.809
2026-01-13,ANAB,48.125,48.12,-0.01,0.895,89.5,0.62,5.47,1.97,25.43,44.275,54.8625,62.5625
2026-01-13,GCTK,41.74,41.5,-0.575,0.925,92.5,1.26,4.92,3.07,21.62,38.4008,47.5836,54.262
2026-01-13,CAEP,32.84,32.71,-0.396,0.757,75.7,0.68,2.12,5.42,17.55,30.2128,37.4376,42.692
2026-01-13,AZX,121.84,122.11,0.222,0.795,79.5,0.99,2.46,9.17,21.97,112.0928,138.8976,158.392
2026-01-13,AZZ,121.84,122.11,0.222,0.795,79.5,0.99,2.46,9.17,21.97,112.0928,138.8976,158.392
2026-01-13,B,121.84,122.11,0.222,0.795,79.5,0.99,2.46,9.17,21.97,112.0928,138.8976,158.392
2026-01-13,DBGI,70.27,70.25,-0.028,0.806,80.6,1.84,2.83,3.79,14.46,64.6484,80.1078,91.351
2026-01-13,MAZE,41.39,41.3,-0.217,0.91,91.0,1.19,4.98,2.29,17.82,38.0788,47.1846,53.807
2026-01-13,MNSB,20.5333,20.5432,0.048,0.795,79.5,0.6,3.35,1.39,13.14,18.8907,23.408,26.6933
2026-01-13,PMT-PB,13.18,13.19,0.076,0.719,71.9,0.84,1.94,4.11,17.19,12.1256,15.0252,17.134
2026-01-13,PMT-PC,13.18,13.19,0.076,0.719,71.9,0.84,1.94,4.11,17.19,12.1256,15.0252,17.134
2026-01-13,PAC,2.13,2.13,0.0,0.772,77.2,1.3,7.14,10.53,15.43,1.9596,2.4282,2.769
2026-01-13,PACB,2.13,2.13,0.0,0.772,77.2,1.3,7.14,10.53,15.43,1.9596,2.4282,2.769
2026-01-13,PACC,2.13,2.13,0.0,0.772,77.2,1.3,7.14,10.53,15.43,1.9596,2.4282,2.769
2026-01-13,DRUG,89.41,90.0,0.66,0.877,87.7,0.62,10.34,4.93,26.59,82.2572,101.9274,116.233
2026-01-13,PAX,17.0751,17.0751,0.0,0.781,78.1,0.86,2.33,5.88,8.82,15.7091,19.4656,22.1976
2026-01-13,FBNK1,54.28,54.24,-0.074,0.733,73.3,1.13,2.22,3.44,12.05,49.9376,61.8792,70.564
2026-01-13,BHFAL,47.63,47.76,0.273,0.705,70.5,0.67,2.71,6.49,14.99,43.8196,54.2982,61.919
2026-01-13,BJGP,45.27,45.04,-0.508,0.907,90.7,1.01,3.11,8.75,19.15,41.6484,51.6078,58.851
2026-01-13,BJRI,45.27,45.04,-0.508,0.907,90.7,1.01,3.11,8.75,19.15,41.6484,51.6078,58.851
2026-01-13,CDO,20.19,20.0,-0.941,0.878,87.8,1.05,4.99,4.74,15.63,18.5748,23.0166,26.247
2026-01-13,BHC,7.5,7.55,0.667,0.819,81.9,0.93,3.73,3.86,15.43,6.9,8.55,9.75
2026-01-13,BHC.A,7.5,7.55,0.667,0.819,81.9,0.93,3.73,3.86,15.43,6.9,8.55,9.75
2026-01-13,BHE,7.5,7.55,0.667,0.819,81.9,0.93,3.73,3.86,15.43,6.9,8.55,9.75
2026-01-13,CMPX,5.58,5.57,-0.179,0.802,80.2,1.5,6.2,7.69,12.33,5.1336,6.3612,7.254
2026-01-13,BBAO,18.4081,18.3682,-0.217,0.958,95.8,1.13,4.6,1.97,10.32,16.9354,20.9852,23.9305
2026-01-13,BBAR,18.4081,18.3682,-0.217,0.958,95.8,1.13,4.6,1.97,10.32,16.9354,20.9852,23.9305
2026-01-13,BBAR1,18.4081,18.3682,-0.217,0.958,95.8,1.13,4.6,1.97,10.32,16.9354,20.9852,23.9305
2026-01-13,GSL,35.1053,35.558,1.29,0.84,84.0,0.81,2.23,2.46,11.19,32.2969,40.0201,45.6369
2026-01-13,DHC,5.3605,5.3705,0.186,0.866,86.6,0.58,3.18,6.16,6.55,4.9317,6.111,6.9687
2026-01-13,DHCC,5.3605,5.3705,0.186,0.866,86.6,0.58,3.18,6.16,6.55,4.9317,6.111,6.9687
2026-01-13,ISSI,19.25,19.4,0.779,0.946,94.6,0.73,7.52,9.82,15.6,17.71,21.945,25.025
2026-01-13,ISSX,19.25,19.4,0.779,0.946,94.6,0.73,7.52,9.82,15.6,17.71,21.945,25.025
2026-01-13,NX,17.81,17.83,0.112,0.821,82.1,0.7,4.21,11.35,16.44,16.3852,20.3034,23.153
2026-01-13,ARVLF,12.29,12.26,-0.244,0.835,83.5,0.65,4.48,2.93,9.48,11.3068,14.0106,15.977
2026-01-13,ARVN,12.29,12.26,-0.244,0.835,83.5,0.65,4.48,2.93,9.48,11.3068,14.0106,15.977
2026-01-13,AMPH,28.91,28.8,-0.38,0.811,81.1,0.95,3.4,6.82,10.51,26.5972,32.9574,37.583
2026-01-13,IDEXY,16.61,16.56,-0.301,0.743,74.3,1.65,1.88,0.88,8.62,15.2812,18.9354,21.593
2026-01-13,ALNT,61.27,61.0,-0.441,0.804,80.4,0.72,4.35,9.12,9.75,56.3684,69.8478,79.651
2026-01-13,AIQUF,17.46,17.44,-0.115,0.807,80.7,0.9,4.83,7.59,7.39,16.0632,19.9044,22.698
2026-01-13,AIQUY,17.46,17.44,-0.115,0.807,80.7,0.9,4.83,7.59,7.39,16.0632,19.9044,22.698
2026-01-13,AIR,17.46,17.44,-0.115,0.807,80.7,0.9,4.83,7.59,7.39,16.0632,19.9044,22.698
2026-01-13,CLB,18.9895,19.1794,1.0,0.939,93.9,0.62,3.19,10.92,7.03,17.4704,21.6481,24.6864
2026-01-13,HTLD,10.35,10.31,-0.386,0.798,79.8,0.73,2.56,8.04,6.2,9.522,11.799,13.455
2026-01-14,MU,333.35,345.33,3.594,0.91,91.0,0.78,4.21,8.17,8693.41,306.682,380.019,433.355
2026-01-14,GOOGL,335.6038,337.4125,0.539,0.856,85.6,0.99,2.09,6.06,9679.83,308.7555,382.5883,436.2849
2026-01-14,GOOG,336.31,338.055,0.519,0.857,85.7,0.93,2.07,5.94,6448.75,309.4052,383.3934,437.203
2026-01-14,LLY,1073.29,1062.5601,-1.0,0.865,86.5,0.7,2.55,0.15,2938.88,987.4268,1223.5506,1395.2771
2026-01-14,XOM,129.3379,128.275,-0.822,0.708,70.8,1.54,1.88,7.65,2322.65,118.9909,147.4452,168.1393
2026-01-14,LRCX,208.79,228.15,9.272,0.889,88.9,1.9,2.96,10.46,1995.96,192.0868,238.0206,271.427
2026-01-14,AMAT,301.89,328.08,8.675,0.842,84.2,1.42,2.32,9.7,1391.99,277.7388,344.1546,392.457
2026-01-14,ASML,1262.0553,1351.857,7.116,0.78,78.0,1.08,2.13,10.88,1792.6,1161.0909,1438.743,1640.6719
2026-01-14,GS,932.67,924.9,-0.833,0.801,80.1,1.21,2.06,2.22,1933.79,858.0564,1063.2438,1212.471
2026-01-14,CAT,637.259,643.4345,0.969,0.761,76.1,0.9,2.35,7.19,1486.48,586.2783,726.4753,828.4367
2026-01-14,TXN,192.1955,193.6659,0.765,0.745,74.5,1.58,1.96,6.98,974.01,176.8199,219.1029,249.8541
2026-01-14,CVNA,458.61,463.5,1.066,0.883,88.3,0.7,4.07,3.38,2044.14,421.9212,522.8154,596.193
2026-01-14,KLAC,1434.5,1538.0,7.215,0.811,81.1,1.28,2.47,9.37,1001.37,1319.74,1635.33,1864.85
2026-01-14,APH,146.75,150.16,2.324,0.709,70.9,1.26,2.81,6.59,1100.63,135.01,167.295,190.775
2026-01-14,MRK,111.01,110.62,-0.351,0.852,85.2,0.87,2.21,4.65,1518.45,102.1292,126.5514,144.313
2026-01-14,ACN,288.54,287.93,-0.211,0.756,75.6,1.59,2.7,5.64,1163.11,265.4568,328.9356,375.102
2026-01-14,ADI,297.0598,300.8679,1.282,0.782,78.2,1.08,2.01,5.44,993.54,273.2951,338.6482,386.1778
2026-01-14,RTX,198.84,198.95,0.055,0.813,81.3,1.08,2.14,6.72,966.13,182.9328,226.6776,258.492
2026-01-14,XBI,126.82,126.5,-0.252,0.727,72.7,1.16,2.08,2.82,1189.62,116.6744,144.5748,164.866
2026-01-14,NEM,114.15,113.47,-0.596,0.811,81.1,1.0,2.77,8.72,967.5,105.018,130.131,148.395
2026-01-14,SNPS,505.34,510.0,0.922,0.801,80.1,1.09,2.21,2.91,696.62,464.9128,576.0876,656.942
2026-01-14,F,13.84,13.92,0.578,0.718,71.8,1.26,1.87,1.91,720.31,12.7328,15.7776,17.992
2026-01-14,TER,230.19,236.16,2.594,0.936,93.6,0.88,3.05,11.21,635.06,211.7748,262.4166,299.247
2026-01-14,CIEN,238.38,245.0,2.777,0.89,89.0,0.74,5.85,1.65,573.31,219.3096,271.7532,309.894
2026-01-14,COP,100.34,98.99,-1.345,0.714,71.4,1.67,2.93,5.89,813.49,92.3128,114.3876,130.442
2026-01-14,BMY,57.02,56.73,-0.509,0.855,85.5,0.91,1.79,4.91,837.78,52.4584,65.0028,74.126
2026-01-14,TGT,108.7143,108.9618,0.228,0.769,76.9,0.8,2.96,8.78,795.56,100.0172,123.9343,141.3286
2026-01-14,FITB,48.57,48.63,0.124,0.743,74.3,1.2,1.71,1.03,314.24,44.6844,55.3698,63.141
2026-01-14,EXPE,290.76,291.7,0.323,0.873,87.3,1.28,2.36,0.33,415.69,267.4992,331.4664,377.988
2026-01-14,UPS,107.4,107.72,0.298,0.813,81.3,0.73,1.79,4.45,593.44,98.808,122.436,139.62
2026-01-14,WBD,28.63,28.71,0.279,0.93,93.0,0.74,1.96,0.08,1132.55,26.3396,32.6382,37.219
2026-01-14,VALE,14.61,14.75,0.958,0.846,84.6,1.68,1.77,8.75,435.25,13.4412,16.6554,18.993
2026-01-14,FDX,313.55,316.0,0.781,0.856,85.6,0.87,2.12,5.29,606.5,288.466,357.447,407.615
2026-01-14,AG,19.8249,19.1651,-3.328,0.896,89.6,1.26,5.77,12.7,431.72,18.2389,22.6004,25.7724
2026-01-14,RKT,22.67,22.9,1.015,0.875,87.5,1.17,3.66,11.49,581.01,20.8564,25.8438,29.471
2026-01-14,PH,934.4684,937.6924,0.345,0.824,82.4,1.13,1.65,4.27,500.95,859.711,1065.294,1214.809
2026-01-14,VLO,185.3763,183.3785,-1.078,0.739,73.9,1.02,2.79,8.66,719.92,170.5462,211.3289,240.9891
2026-01-14,CMIIU,563.2863,568.8077,0.98,0.883,88.3,0.88,1.75,7.02,432.07,518.2234,642.1464,732.2722
2026-01-14,CMIKA,563.2863,568.8077,0.98,0.883,88.3,0.88,1.75,7.02,432.07,518.2234,642.1464,732.2722
2026-01-14,CMIN,563.2863,568.8077,0.98,0.883,88.3,0.88,1.75,7.02,432.07,518.2234,642.1464,732.2722
2026-01-14,CMIV,563.2863,568.8077,0.98,0.883,88.3,0.88,1.75,7.02,432.07,518.2234,642.1464,732.2722
2026-01-14,LHX,342.85,341.03,-0.531,0.758,75.8,1.51,2.46,11.84,488.66,315.422,390.849,445.705
2026-01-14,CTSH,86.7,86.44,-0.3,0.849,84.9,1.17,1.98,2.66,392.45,79.764,98.838,112.71
2026-01-14,CHSCL,171.7226,172.9185,0.696,0.874,87.4,0.96,1.87,3.9,278.43,157.9848,195.7638,223.2394
2026-01-14,ARES,169.92,171.38,0.859,0.753,75.3,1.01,2.71,0.12,332.81,156.3264,193.7088,220.896
2026-01-14,LULU,203.14,203.46,0.158,0.774,77.4,1.44,2.49,4.69,371.88,186.8888,231.5796,264.082
2026-01-14,BIDU,150.5,150.27,-0.153,0.806,80.6,1.57,2.75,11.5,514.29,138.46,171.57,195.65
2026-01-14,BK,124.0406,124.6777,0.514,0.728,72.8,1.63,1.62,5.32,466.8,114.1173,141.4062,161.2527
2026-01-14,ROST,191.83,192.57,0.386,0.781,78.1,1.01,1.5,3.73,430.39,176.4836,218.6862,249.379
2026-01-14,IQV,241.35,240.89,-0.191,0.726,72.6,0.71,1.98,4.41,298.41,222.042,275.139,313.755
2026-01-14,DG,150.95,150.75,-0.132,0.898,89.8,0.84,2.6,8.18,515.46,138.874,172.083,196.235
2026-01-14,ODFL,173.52,174.15,0.363,0.81,81.0,0.92,2.47,6.4,323.3,159.6384,197.8128,225.576
2026-01-14,PCAR,118.691,119.7183,0.866,0.723,72.3,1.51,1.67,4.63,270.59,109.1957,135.3077,154.2983
2026-01-14,ROK,417.21,420.0,0.669,0.751,75.1,0.94,1.91,3.77,277.59,383.8332,475.6194,542.373
2026-01-14,KGC,33.29,33.04,-0.751,0.858,85.8,1.19,3.26,11.87,254.8,30.6268,37.9506,43.277
2026-01-14,EXE,100.909,100.6803,-0.227,0.767,76.7,1.52,2.36,10.82,278.53,92.8363,115.0363,131.1817
2026-01-14,MKSI,190.1165,204.8023,7.725,0.89,89.0,1.1,3.0,11.8,146.3,174.9072,216.7328,247.1515
2026-01-14,ROG-SW,344.1,344.0,-0.029,0.748,74.8,1.1,1.94,4.7,406.01,316.572,392.274,447.33
2026-01-14,CAH,213.56,213.65,0.042,0.88,88.0,0.93,1.82,4.28,368.23,196.4752,243.4584,277.628
2026-01-14,WPM,133.14,131.63,-1.134,0.82,82.0,1.25,2.98,9.22,233.45,122.4888,151.7796,173.082
2026-01-14,KEYS,209.4,214.27,2.326,0.832,83.2,0.98,2.06,1.54,215.35,192.648,238.716,272.22
2026-01-14,NUE,172.29,173.02,0.424,0.844,84.4,1.16,2.44,4.46,281.53,158.5068,196.4106,223.977
2026-01-14,TEVA,32.64,32.25,-1.195,0.938,93.8,1.09,2.07,3.59,295.71,30.0288,37.2096,42.432
2026-01-14,AU,99.51,98.25,-1.266,0.876,87.6,0.97,3.07,10.85,208.68,91.5492,113.4414,129.363
2026-01-14,MTB,209.79,209.89,0.048,0.71,71.0,0.92,1.79,1.17,213.23,193.0068,239.1606,272.727
2026-01-14,CNC,46.17,46.05,-0.26,0.843,84.3,0.79,2.78,8.76,265.81,42.4764,52.6338,60.021
2026-01-14,CNCE,46.17,46.05,-0.26,0.843,84.3,0.79,2.78,8.76,265.81,42.4764,52.6338,60.021
2026-01-14,TRGP,181.873,180.4202,-0.799,0.789,78.9,1.03,2.51,1.02,236.46,167.3232,207.3352,236.4349
2026-01-14,STT,134.72,135.0,0.208,0.763,76.3,1.17,1.7,3.11,295.32,123.9424,153.5808,175.136
2026-01-14,ATHXQ,123.24,125.52,1.85,0.919,91.9,1.21,2.64,5.09,157.28,113.3808,140.4936,160.212
2026-01-14,ATI,123.24,125.52,1.85,0.919,91.9,1.21,2.64,5.09,157.28,113.3808,140.4936,160.212
2026-01-14,ATI1,123.24,125.52,1.85,0.919,91.9,1.21,2.64,5.09,157.28,113.3808,140.4936,160.212
2026-01-14,SU,49.65,49.01,-1.289,0.832,83.2,1.51,2.27,11.2,224.6,45.678,56.601,64.545
2026-01-14,FOXA,72.7332,72.982,0.342,0.914,91.4,0.8,1.69,9.62,224.6,66.9146,82.9159,94.5532
2026-01-14,INFY,19.35,18.91,-2.274,0.749,74.9,1.97,5.15,5.29,369.46,17.802,22.059,25.155
2026-01-14,AGNC,11.4477,11.4576,0.086,0.745,74.5,0.97,1.66,6.34,211.25,10.5319,13.0503,14.882
2026-01-14,NTRA,239.19,240.24,0.439,0.847,84.7,0.79,3.13,1.87,273.18,220.0548,272.6766,310.947
2026-01-14,AMLJ,48.67,52.23,7.315,0.926,92.6,1.48,4.76,9.08,186.12,44.7764,55.4838,63.271
2026-01-14,AMLN,48.67,52.23,7.315,0.926,92.6,1.48,4.76,9.08,186.12,44.7764,55.4838,63.271
2026-01-14,AMKR,48.5769,52.1301,7.315,0.926,92.6,1.48,4.76,9.08,185.76,44.6908,55.3777,63.15
2026-01-14,BBIG,77.9,75.01,-3.71,0.897,89.7,0.87,3.78,2.61,172.13,71.668,88.806,101.27
2026-01-14,BBIO,77.9,75.01,-3.71,0.897,89.7,0.87,3.78,2.61,172.13,71.668,88.806,101.27
2026-01-14,PRU,117.71,117.9,0.161,0.732,73.2,1.17,1.65,1.68,180.28,108.2932,134.1894,153.023
2026-01-14,ATO,167.7877,168.4043,0.367,0.951,95.1,0.78,2.58,8.38,310.6,154.3647,191.278,218.124
2026-01-14,DD,42.7186,43.0373,0.746,0.837,83.7,2.56,1.93,2.57,220.79,39.3011,48.6992,55.5342
2026-01-14,NGD,10.16,10.0,-1.575,0.904,90.4,1.11,5.41,10.43,167.63,9.3472,11.5824,13.208
2026-01-14,GH,108.6,108.93,0.304,0.936,93.6,0.7,4.21,4.65,215.32,99.912,123.804,141.18
2026-01-14,EAXR,165.53,165.31,-0.133,0.835,83.5,0.83,3.6,8.4,156.94,152.2876,188.7042,215.189
2026-01-14,EB,165.53,165.31,-0.133,0.835,83.5,0.83,3.6,8.4,156.94,152.2876,188.7042,215.189
2026-01-14,EBBGF,165.53,165.31,-0.133,0.835,83.5,0.83,3.6,8.4,156.94,152.2876,188.7042,215.189
2026-01-14,EBBNF,165.53,165.31,-0.133,0.835,83.5,0.83,3.6,8.4,156.94,152.2876,188.7042,215.189
2026-01-14,EPAM,221.4,221.26,-0.063,0.918,91.8,1.16,3.03,5.18,155.29,203.688,252.396,287.82
2026-01-14,WAB,226.77,228.89,0.935,0.708,70.8,0.7,1.74,3.51,169.08,208.6284,258.5178,294.801
2026-01-14,BAP,316.99,318.89,0.599,0.8,80.0,1.05,2.0,8.2,98.21,291.6308,361.3686,412.087
2026-01-14,CACI,611.33,613.3,0.322,0.733,73.3,0.84,2.67,8.67,181.84,562.4236,696.9162,794.729
2026-01-14,IAG,17.81,17.59,-1.235,0.861,86.1,1.21,3.68,5.26,127.16,16.3852,20.3034,23.153
2026-01-14,PQUEQ,14.67,14.31,-2.454,0.754,75.4,1.38,3.01,4.77,145.1,13.4964,16.7238,19.071
2026-01-14,PRA,14.67,14.31,-2.454,0.754,75.4,1.38,3.01,4.77,145.1,13.4964,16.7238,19.071
2026-01-14,MEDP,616.45,619.4,0.479,0.702,70.2,0.94,2.54,6.06,128.64,567.134,702.753,801.385
2026-01-14,MEDP1,616.45,619.4,0.479,0.702,70.2,0.94,2.54,6.06,128.64,567.134,702.753,801.385
2026-01-14,AGI,42.99,39.61,-7.862,0.798,79.8,0.9,3.08,7.32,100.6,39.5508,49.0086,55.887
2026-01-14,GFS,41.35,42.055,1.705,0.742,74.2,0.79,3.17,10.04,234.51,38.042,47.139,53.755
2026-01-14,PRAX,298.46,300.32,0.623,0.929,92.9,1.07,5.32,5.73,182.76,274.5832,340.2444,387.998
2026-01-14,HBM,23.09,22.72,-1.602,0.891,89.1,1.09,3.1,12.76,94.63,21.2428,26.3226,30.017
2026-01-14,NTRT,144.5397,145.0667,0.365,0.715,71.5,0.94,1.67,2.85,132.47,132.9765,164.7752,187.9016
2026-01-14,NTS,144.5397,145.0667,0.365,0.715,71.5,0.94,1.67,2.85,132.47,132.9765,164.7752,187.9016
2026-01-14,PFFVF,91.21,91.45,0.263,0.713,71.3,1.21,1.75,1.56,104.77,83.9132,103.9794,118.573
2026-01-14,POW-TO,72.71,72.64,-0.096,0.755,75.5,0.6,1.81,0.02,150.3,66.8932,82.8894,94.523
2026-01-14,VTRS,13.15,13.07,-0.608,0.842,84.2,1.09,2.52,6.38,125.09,12.098,14.991,17.095
2026-01-14,EG,323.8878,322.9736,-0.282,0.871,87.1,0.81,1.97,11.11,151.41,297.9768,369.2321,421.0542
2026-01-14,FLSCQ,75.15,76.15,1.331,0.911,91.1,1.28,2.01,5.03,77.28,69.138,85.671,97.695
2026-01-14,BRL,49.14,49.2,0.122,0.86,86.0,1.37,3.91,0.09,107.35,45.2088,56.0196,63.882
2026-01-14,GRAL,104.75,104.94,0.181,0.866,86.6,0.7,5.94,11.24,78.2,96.37,119.415,136.175
2026-01-14,APG,42.03,43.21,2.808,0.778,77.8,0.86,2.29,5.06,94.33,38.6676,47.9142,54.639
2026-01-14,MLIN,128.57,129.44,0.677,0.841,84.1,1.21,1.99,8.33,106.03,118.2844,146.5698,167.141
2026-01-14,PFSI,146.8868,148.3818,1.018,0.781,78.1,1.07,2.45,8.28,44.93,135.1358,167.4509,190.9528
2026-01-14,MT,49.04,49.11,0.143,0.828,82.8,1.34,1.61,5.77,59.38,45.1168,55.9056,63.752
2026-01-14,ITX-MC,56.26,56.0,-0.462,0.733,73.3,1.05,1.65,0.11,110.93,51.7592,64.1364,73.138
2026-01-14,FOX,66.21,66.48,0.408,0.823,82.3,1.04,1.73,1.12,94.65,60.9132,75.4794,86.073
2026-01-14,FSM,10.3,10.07,-2.233,0.731,73.1,1.14,4.19,2.7,74.41,9.476,11.742,13.39
2026-01-14,FRPT,63.2,63.21,0.016,0.784,78.4,0.97,3.54,0.35,58.61,58.144,72.048,82.16
2026-01-14,NEB,32.2233,31.798,-1.32,0.751,75.1,1.8,3.39,12.06,52.4,29.6454,36.7346,41.8903
2026-01-14,JBTM,155.7552,156.6146,0.552,0.734,73.4,1.02,2.3,0.88,73.06,143.2948,177.561,202.4818
2026-01-14,NVTAQ,24.2,24.17,-0.124,0.758,75.8,1.41,2.64,7.45,53.61,22.264,27.588,31.46
2026-01-14,BKEP,11.14,11.25,0.987,0.828,82.8,1.44,2.57,2.08,36.01,10.2488,12.6996,14.482
2026-01-14,MUR,33.933,33.3096,-1.837,0.796,79.6,1.07,3.89,8.0,78.24,31.2184,38.6836,44.1129
2026-01-14,IMO,98.89,97.81,-1.092,0.707,70.7,1.14,2.61,12.49,68.4,90.9788,112.7346,128.557
2026-01-14,CELC,114.48,115.025,0.476,0.966,96.6,0.67,4.14,10.97,86.66,105.3216,130.5072,148.824
2026-01-14,CELH,114.48,115.025,0.476,0.966,96.6,0.67,4.14,10.97,86.66,105.3216,130.5072,148.824
2026-01-14,COGN,37.79,37.75,-0.106,0.969,96.9,0.82,4.79,1.54,89.44,34.7668,43.0806,49.127
2026-01-14,COGT,37.79,37.75,-0.106,0.969,96.9,0.82,4.79,1.54,89.44,34.7668,43.0806,49.127
2026-01-14,AMTM,34.6,34.85,0.723,0.923,92.3,0.9,2.87,12.3,61.3,31.832,39.444,44.98
2026-01-14,HUN,11.72,11.75,0.256,0.899,89.9,1.06,4.25,11.3,47.94,10.7824,13.3608,15.236
2026-01-14,OSK,286.65,288.08,0.499,0.716,71.6,0.95,3.68,6.14,74.68,263.718,326.781,372.645
2026-01-14,APGE,82.43,82.38,-0.061,0.912,91.2,1.03,4.41,6.39,85.07,75.8356,93.9702,107.159
2026-01-14,PAA,19.06,19.01,-0.262,0.77,77.0,2.01,1.62,5.51,54.73,17.5352,21.7284,24.778
2026-01-14,ARR,18.3857,18.3561,-0.161,0.793,79.3,1.48,1.78,5.86,66.53,16.9148,20.9597,23.9014
2026-01-14,ARRKF,18.3857,18.3561,-0.161,0.793,79.3,1.48,1.78,5.86,66.53,16.9148,20.9597,23.9014
2026-01-14,ARRO,18.3857,18.3561,-0.161,0.793,79.3,1.48,1.78,5.86,66.53,16.9148,20.9597,23.9014
2026-01-14,ARRS,18.3857,18.3561,-0.161,0.793,79.3,1.48,1.78,5.86,66.53,16.9148,20.9597,23.9014
2026-01-14,AUGO,58.49,58.21,-0.479,0.932,93.2,0.94,4.21,12.68,41.43,53.8108,66.6786,76.037
2026-01-14,COMM1,19.03,18.95,-0.42,0.799,79.9,1.02,3.56,3.8,64.13,17.5076,21.6942,24.739
2026-01-14,COMMQ,19.03,18.95,-0.42,0.799,79.9,1.02,3.56,3.8,64.13,17.5076,21.6942,24.739
2026-01-14,PLXT,175.19,177.59,1.37,0.725,72.5,1.92,3.2,12.67,33.22,161.1748,199.7166,227.747
2026-01-14,BTE,3.37,3.32,-1.484,0.913,91.3,1.38,3.99,5.39,55.77,3.1004,3.8418,4.381
2026-01-14,BTSG,38.45,38.45,0.0,0.833,83.3,0.59,3.28,1.07,71.08,35.374,43.833,49.985
2026-01-14,HWC,66.9206,67.0496,0.193,0.78,78.0,0.89,2.37,2.09,48.91,61.567,76.2895,86.9968
2026-01-14,NUVL,107.84,107.7,-0.13,0.701,70.1,1.04,4.04,5.16,59.58,99.2128,122.9376,140.192
2026-01-14,LGIQ,44.59,45.03,0.987,0.85,85.0,0.6,4.38,0.63,69.71,41.0228,50.8326,57.967
2026-01-14,LGL,44.59,45.03,0.987,0.85,85.0,0.6,4.38,0.63,69.71,41.0228,50.8326,57.967
2026-01-14,LGL-WT,44.59,45.03,0.987,0.85,85.0,0.6,4.38,0.63,69.71,41.0228,50.8326,57.967
2026-01-14,LGN,44.59,45.03,0.987,0.85,85.0,0.6,4.38,0.63,69.71,41.0228,50.8326,57.967
2026-01-14,BANC,20.31,20.34,0.148,0.819,81.9,0.82,2.11,2.32,36.11,18.6852,23.1534,26.403
2026-01-14,DAP,26.9669,27.3257,1.33,0.901,90.1,0.96,2.67,9.03,52.71,24.8096,30.7423,35.057
2026-01-14,DAR,26.9669,27.3257,1.33,0.901,90.1,0.96,2.67,9.03,52.71,24.8096,30.7423,35.057
2026-01-14,GU1,18.9353,18.9204,-0.079,0.913,91.3,0.98,2.55,7.02,45.82,17.4205,21.5862,24.6159
2026-01-14,HE,14.03,14.04,0.071,0.797,79.7,0.78,4.15,9.92,76.07,12.9076,15.9942,18.239
2026-01-14,HEAL1,14.03,14.04,0.071,0.797,79.7,0.78,4.15,9.92,76.07,12.9076,15.9942,18.239
2026-01-14,KNGRF,79.01,79.69,0.861,0.762,76.2,1.36,2.76,5.48,34.04,72.6892,90.0714,102.713
2026-01-14,ATMP,55.553,56.0426,0.881,0.814,81.4,0.99,2.35,3.79,31.21,51.1088,63.3304,72.2189
2026-01-14,ATMV,55.553,56.0426,0.881,0.814,81.4,0.99,2.35,3.79,31.21,51.1088,63.3304,72.2189
2026-01-14,ATMVR,55.553,56.0426,0.881,0.814,81.4,0.99,2.35,3.79,31.21,51.1088,63.3304,72.2189
2026-01-14,GOLD1,39.6843,39.3155,-0.929,0.904,90.4,1.34,4.39,11.1,29.1,36.5095,45.2401,51.5895
2026-01-14,PATK,119.7772,119.827,0.042,0.787,78.7,2.92,2.76,6.04,35.09,110.195,136.546,155.7104
2026-01-14,CRI,36.78,36.52,-0.707,0.802,80.2,1.29,4.06,10.19,41.22,33.8376,41.9292,47.814
2026-01-14,CRIC,36.78,36.52,-0.707,0.802,80.2,1.29,4.06,10.19,41.22,33.8376,41.9292,47.814
2026-01-14,BOJA,124.4993,124.778,0.224,0.704,70.4,0.89,1.99,3.26,36.71,114.5393,141.9292,161.8491
2026-01-14,BOLD,124.4993,124.778,0.224,0.704,70.4,0.89,1.99,3.26,36.71,114.5393,141.9292,161.8491
2026-01-14,SDZ-SW,61.28,61.48,0.326,0.805,80.5,1.09,2.15,4.39,43.65,56.3776,69.8592,79.664
2026-01-14,HUBG,47.15,47.5,0.742,0.838,83.8,0.84,2.24,5.91,34.35,43.378,53.751,61.295
2026-01-14,ASH,64.1297,64.3085,0.279,0.861,86.1,1.88,2.61,6.89,44.48,58.9994,73.1079,83.3687
2026-01-14,LCAV,19.99,20.03,0.2,0.839,83.9,1.29,3.65,1.6,33.0,18.3908,22.7886,25.987
2026-01-14,PACW1,39.49,39.8,0.785,0.978,97.8,1.68,4.36,2.05,46.29,36.3308,45.0186,51.337
2026-01-14,PACX,39.49,39.8,0.785,0.978,97.8,1.68,4.36,2.05,46.29,36.3308,45.0186,51.337
2026-01-14,PAE,39.49,39.8,0.785,0.978,97.8,1.68,4.36,2.05,46.29,36.3308,45.0186,51.337
2026-01-14,PAET,39.49,39.8,0.785,0.978,97.8,1.68,4.36,2.05,46.29,36.3308,45.0186,51.337
2026-01-14,OII,27.06,26.8,-0.961,0.712,71.2,1.06,3.52,7.69,24.19,24.8952,30.8484,35.178
2026-01-14,OIIM,27.06,26.8,-0.961,0.712,71.2,1.06,3.52,7.69,24.19,24.8952,30.8484,35.178
2026-01-14,AREA1,6.89,6.92,0.435,0.881,88.1,0.6,5.99,11.5,37.33,6.3388,7.8546,8.957
2026-01-14,AMRX,13.25,13.2,-0.377,0.862,86.2,0.9,2.39,3.29,22.88,12.19,15.105,17.225
2026-01-14,IMVT,27.35,27.33,-0.073,0.928,92.8,1.06,4.29,4.12,46.65,25.162,31.179,35.555
2026-01-14,IMXI,27.35,27.33,-0.073,0.928,92.8,1.06,4.29,4.12,46.65,25.162,31.179,35.555
2026-01-14,CGAU,15.96,15.85,-0.689,0.868,86.8,1.27,3.34,7.1,19.18,14.6832,18.1944,20.748
2026-01-14,AX,92.0,92.31,0.337,0.749,74.9,0.92,2.18,3.17,33.15,84.64,104.88,119.6
2026-01-14,ARCC1,89.8107,89.9006,0.1,0.775,77.5,0.91,3.43,10.91,35.89,82.6259,102.3842,116.7539
2026-01-14,ARCE,89.8107,89.9006,0.1,0.775,77.5,0.91,3.43,10.91,35.89,82.6259,102.3842,116.7539
2026-01-14,ARCH,89.8107,89.9006,0.1,0.775,77.5,0.91,3.43,10.91,35.89,82.6259,102.3842,116.7539
2026-01-14,ARCHQ,89.8107,89.9006,0.1,0.775,77.5,0.91,3.43,10.91,35.89,82.6259,102.3842,116.7539
2026-01-14,ARCIU,89.8107,89.9006,0.1,0.775,77.5,0.91,3.43,10.91,35.89,82.6259,102.3842,116.7539
2026-01-14,ARCK,89.8107,89.9006,0.1,0.775,77.5,0.91,3.43,10.91,35.89,82.6259,102.3842,116.7539
2026-01-14,ARIS,17.99,17.86,-0.723,0.945,94.5,0.88,4.11,9.14,31.7,16.5508,20.5086,23.387
2026-01-14,ARMO,17.99,17.86,-0.723,0.945,94.5,0.88,4.11,9.14,31.7,16.5508,20.5086,23.387
2026-01-14,DXCM,15.34,15.31,-0.196,0.74,74.0,0.72,2.76,2.38,26.16,14.1128,17.4876,19.942
2026-01-14,LAUR1,34.87,34.97,0.287,0.735,73.5,1.19,2.23,1.82,36.32,32.0804,39.7518,45.331
2026-01-14,OLMA,28.77,28.3,-1.634,0.976,97.6,0.74,7.01,4.15,51.59,26.4684,32.7978,37.401
2026-01-14,BOST,4.51,4.45,-1.33,0.943,94.3,1.14,4.29,11.18,21.34,4.1492,5.1414,5.863
2026-01-14,BOT,4.51,4.45,-1.33,0.943,94.3,1.14,4.29,11.18,21.34,4.1492,5.1414,5.863
2026-01-14,AAUC,27.26,26.99,-0.99,0.914,91.4,0.85,3.78,12.22,20.78,25.0792,31.0764,35.438
2026-01-14,AAUGF,27.26,26.99,-0.99,0.914,91.4,0.85,3.78,12.22,20.78,25.0792,31.0764,35.438
2026-01-14,OMCL,50.72,50.69,-0.059,0.938,93.8,1.21,3.26,7.27,30.26,46.6624,57.8208,65.936
2026-01-14,CEDCQ,65.72,66.39,1.019,0.867,86.7,0.93,3.57,7.99,16.91,60.4624,74.9208,85.436
2026-01-14,J36-SI,73.65,73.35,-0.407,0.752,75.2,1.05,2.21,5.84,19.05,67.758,83.961,95.745
2026-01-14,NBR,63.45,62.5,-1.497,0.931,93.1,0.87,4.63,12.8,23.05,58.374,72.333,82.485
2026-01-14,CRAI,215.25,214.67,-0.269,0.742,74.2,1.08,2.99,2.28,25.25,198.03,245.385,279.825
2026-01-14,AZTR,39.5,39.49,-0.025,0.822,82.2,1.11,3.04,10.8,23.81,36.34,45.03,51.35
2026-01-14,AZUL,39.5,39.49,-0.025,0.822,82.2,1.11,3.04,10.8,23.81,36.34,45.03,51.35
2026-01-14,NVSGF,18.52,18.59,0.378,0.915,91.5,0.72,1.66,1.99,26.24,17.0384,21.1128,24.076
2026-01-14,NEO,13.22,13.19,-0.227,0.846,84.6,1.32,4.37,7.28,24.15,12.1624,15.0708,17.186
2026-01-14,CMPS,7.63,7.7,0.917,0.709,70.9,1.01,6.48,11.16,9.69,7.0196,8.6982,9.919
2026-01-14,ANAB,50.26,49.66,-1.194,0.903,90.3,1.08,5.56,5.97,26.94,46.2392,57.2964,65.338
2026-01-14,GCTK,41.01,41.01,0.0,0.922,92.2,0.97,4.73,0.98,20.59,37.7292,46.7514,53.313
2026-01-14,CAEP,32.89,32.98,0.274,0.746,74.6,1.1,2.07,4.97,17.38,30.2588,37.4946,42.757
2026-01-14,AZX,120.99,121.25,0.215,0.789,78.9,0.92,2.47,7.79,21.41,111.3108,137.9286,157.287
2026-01-14,AZZ,120.99,121.25,0.215,0.789,78.9,0.92,2.47,7.79,21.41,111.3108,137.9286,157.287
2026-01-14,B,120.99,121.25,0.215,0.789,78.9,0.92,2.47,7.79,21.41,111.3108,137.9286,157.287
2026-01-14,DBGI,69.65,70.15,0.718,0.798,79.8,0.86,2.97,2.66,14.37,64.078,79.401,90.545
2026-01-14,MAZE,41.11,41.3,0.462,0.908,90.8,1.27,5.24,1.42,17.43,37.8212,46.8654,53.443
2026-01-14,DCO,111.46,111.05,-0.368,0.757,75.7,1.56,2.57,11.97,13.83,102.5432,127.0644,144.898
2026-01-14,ANDE,57.82,57.74,-0.138,0.767,76.7,0.75,2.25,6.95,18.79,53.1944,65.9148,75.166
2026-01-14,ANDG,57.82,57.74,-0.138,0.767,76.7,0.75,2.25,6.95,18.79,53.1944,65.9148,75.166
2026-01-14,ANDN1,57.82,57.74,-0.138,0.767,76.7,0.75,2.25,6.95,18.79,53.1944,65.9148,75.166
2026-01-14,ANDR,57.82,57.74,-0.138,0.767,76.7,0.75,2.25,6.95,18.79,53.1944,65.9148,75.166
2026-01-14,MCW,6.13,6.09,-0.653,0.825,82.5,1.14,2.94,5.77,7.28,5.6396,6.9882,7.969
2026-01-14,MNSB,20.5432,20.5926,0.24,0.757,75.7,0.73,3.29,1.37,12.85,18.8998,23.4193,26.7062
2026-01-14,PMT-PB,13.27,13.28,0.075,0.705,70.5,0.97,1.93,4.41,17.42,12.2084,15.1278,17.251
2026-01-14,PMT-PC,13.27,13.28,0.075,0.705,70.5,0.97,1.93,4.41,17.42,12.2084,15.1278,17.251
2026-01-14,PAX,17.0454,17.3026,1.509,0.748,74.8,0.81,2.26,5.21,8.61,15.6818,19.4317,22.159
2026-01-14,FBNK1,55.42,55.42,0.0,0.705,70.5,1.37,2.3,5.39,12.6,50.9864,63.1788,72.046
2026-01-14,LIND,16.79,16.76,-0.179,0.894,89.4,1.41,3.42,12.83,9.32,15.4468,19.1406,21.827
2026-01-14,BJGP,45.22,45.34,0.265,0.907,90.7,0.67,3.06,8.0,18.66,41.6024,51.5508,58.786
2026-01-14,BJRI,45.22,45.34,0.265,0.907,90.7,0.67,3.06,8.0,18.66,41.6024,51.5508,58.786
2026-01-14,CDO,20.32,20.23,-0.443,0.895,89.5,1.07,4.87,5.3,15.45,18.6944,23.1648,26.416
2026-01-14,BHC,7.45,7.39,-0.805,0.783,78.3,0.63,3.78,2.78,15.26,6.854,8.493,9.685
2026-01-14,BHC.A,7.45,7.39,-0.805,0.783,78.3,0.63,3.78,2.78,15.26,6.854,8.493,9.685
2026-01-14,BHE,7.45,7.39,-0.805,0.783,78.3,0.63,3.78,2.78,15.26,6.854,8.493,9.685
2026-01-14,GSL,35.8434,35.8238,-0.055,0.84,84.0,0.85,2.18,4.12,10.45,32.976,40.8615,46.5965
2026-01-14,DHC,5.3405,5.3306,-0.187,0.848,84.8,0.61,2.99,5.3,6.4,4.9133,6.0882,6.9427
2026-01-14,DHCC,5.3405,5.3306,-0.187,0.848,84.8,0.61,2.99,5.3,6.4,4.9133,6.0882,6.9427
2026-01-14,NX,18.05,18.13,0.443,0.795,79.5,0.84,3.79,12.16,15.34,16.606,20.577,23.465
2026-01-14,ARVLF,12.2,12.18,-0.164,0.826,82.6,2.24,4.59,2.23,9.94,11.224,13.908,15.86
2026-01-14,ARVN,12.2,12.18,-0.164,0.826,82.6,2.24,4.59,2.23,9.94,11.224,13.908,15.86
2026-01-14,MLKIQ,19.0664,19.0465,-0.104,0.711,71.1,0.68,3.21,4.04,14.94,17.541,21.7356,24.7863
2026-01-14,MLKN,19.0664,19.0465,-0.104,0.711,71.1,0.68,3.21,4.04,14.94,17.541,21.7356,24.7863
2026-01-14,AMPH,27.76,27.65,-0.396,0.703,70.3,1.3,3.51,2.3,10.09,25.5392,31.6464,36.088
2026-01-14,ALNT,61.49,61.59,0.163,0.803,80.3,1.16,4.29,8.89,9.57,56.5708,70.0986,79.937
2026-01-14,CGEM,10.87,10.84,-0.276,0.886,88.6,0.65,6.5,5.38,9.85,10.0004,12.3918,14.131
2026-01-14,DDL,2.74,2.78,1.46,0.905,90.5,0.62,9.63,0.16,6.95,2.5208,3.1236,3.562
2026-01-14,AIQUF,17.1,17.29,1.111,0.853,85.3,0.68,4.82,4.99,7.03,15.732,19.494,22.23
2026-01-14,AIQUY,17.1,17.29,1.111,0.853,85.3,0.68,4.82,4.99,7.03,15.732,19.494,22.23
2026-01-14,AIR,17.1,17.29,1.111,0.853,85.3,0.68,4.82,4.99,7.03,15.732,19.494,22.23
2026-01-14,CLB,19.4193,19.2194,-1.029,0.941,94.1,0.85,3.22,12.49,7.04,17.8658,22.138,25.2451
2026-01-14,HTLD,10.41,10.43,0.192,0.817,81.7,0.85,2.66,8.12,6.14,9.5772,11.8674,13.533
2026-01-15,MU,336.63,353.1,4.893,0.92,92.0,0.96,4.21,8.17,8856.42,309.6996,383.7582,437.619
2026-01-15,GOOGL,332.5459,334.1748,0.49,0.854,85.4,0.99,2.06,4.66,9556.01,305.9422,379.1023,432.3097
2026-01-15,GOOG,333.16,334.935,0.533,0.854,85.4,0.87,2.04,4.53,6307.39,306.5072,379.8024,433.108
2026-01-15,TSM,341.64,346.51,1.425,0.709,70.9,3.43,2.32,10.06,4206.35,314.3088,389.4696,444.132
2026-01-15,XOM,128.275,128.0565,-0.17,0.716,71.6,0.97,1.85,6.13,2302.03,118.013,146.2335,166.7575
2026-01-15,GS,975.86,973.0,-0.293,0.842,84.2,1.75,2.22,6.39,2102.0,897.7912,1112.4804,1268.618
2026-01-15,CAT,645.6693,650.4481,0.74,0.786,78.6,0.89,2.31,8.07,1497.49,594.0158,736.063,839.3701
2026-01-15,TXN,187.8936,188.9964,0.587,0.736,73.6,1.32,2.12,4.24,984.55,172.8621,214.1987,244.2616
2026-01-15,STX,320.32,333.5,4.115,0.919,91.9,0.76,5.37,8.34,1331.86,294.6944,365.1648,416.416
2026-01-15,APH,154.22,155.0,0.506,0.776,77.6,1.32,2.93,11.0,1173.44,141.8824,175.8108,200.486
2026-01-15,MRK,110.97,110.72,-0.225,0.853,85.3,0.88,2.17,3.99,1490.79,102.0924,126.5058,144.261
2026-01-15,ACN,287.77,285.43,-0.813,0.754,75.4,1.42,2.61,5.05,1163.47,264.7484,328.0578,374.101
2026-01-15,MS,190.1816,189.5153,-0.35,0.754,75.4,2.44,2.0,5.15,1010.65,174.9671,216.807,247.2361
2026-01-15,ADI,301.157,306.5701,1.797,0.796,79.6,1.21,2.05,6.45,1014.2,277.0645,343.319,391.5042
2026-01-15,RTX,199.83,200.09,0.13,0.809,80.9,0.76,2.15,6.68,964.3,183.8436,227.8062,259.779
2026-01-15,COHR1,195.96,197.0,0.531,0.937,93.7,1.84,5.98,5.04,746.92,180.2832,223.3944,254.748
2026-01-15,NEM,114.21,113.92,-0.254,0.773,77.3,1.02,2.73,7.95,968.06,105.0732,130.1994,148.473
2026-01-15,SNPS,508.19,508.99,0.157,0.815,81.5,0.9,2.29,3.15,698.58,467.5348,579.3366,660.647
2026-01-15,SLB,46.297,46.4063,0.236,0.898,89.8,1.09,2.56,12.75,767.6,42.5932,52.7786,60.1861
2026-01-15,F,13.81,13.76,-0.362,0.726,72.6,0.87,1.84,1.63,701.37,12.7052,15.7434,17.953
2026-01-15,TER,227.7,229.64,0.852,0.938,93.8,1.26,3.14,9.08,625.32,209.484,259.578,296.01
2026-01-15,CIEN,243.79,247.09,1.354,0.899,89.9,0.74,5.82,3.21,574.38,224.2868,277.9206,316.927
2026-01-15,DHR,239.89,238.49,-0.584,0.712,71.2,1.03,1.91,3.3,664.17,220.6988,273.4746,311.857
2026-01-15,AAL,15.71,15.67,-0.255,0.849,84.9,1.26,3.36,0.52,892.42,14.4532,17.9094,20.423
2026-01-15,LOW,275.7715,275.0846,-0.249,0.705,70.5,1.05,2.2,9.89,688.89,253.7098,314.3795,358.503
2026-01-15,BMY,56.62,56.46,-0.283,0.864,86.4,0.82,1.82,3.89,814.37,52.0904,64.5468,73.606
2026-01-15,TGT,110.0111,109.7241,-0.261,0.795,79.5,0.79,3.04,9.34,808.82,101.2102,125.4127,143.0145
2026-01-15,FITB,49.02,49.15,0.265,0.749,74.9,1.38,1.7,1.77,317.78,45.0984,55.8828,63.726
2026-01-15,EXPE,294.28,294.03,-0.085,0.879,87.9,0.96,2.31,1.38,403.73,270.7376,335.4792,382.564
2026-01-15,UPS,108.62,108.08,-0.497,0.828,82.8,0.75,1.79,5.21,596.34,99.9304,123.8268,141.206
2026-01-15,VALE,14.67,14.53,-0.954,0.844,84.4,1.44,1.77,8.41,450.95,13.4964,16.7238,19.071
2026-01-15,SATS,123.55,125.62,1.675,0.942,94.2,1.52,4.61,9.6,667.15,113.666,140.847,160.615
2026-01-15,FDX,313.16,313.0,-0.051,0.863,86.3,0.97,2.15,4.62,609.87,288.1072,357.0024,407.108
2026-01-15,PH,942.8229,948.0331,0.553,0.836,83.6,1.17,1.61,4.79,504.0,867.397,1074.8181,1225.6697
2026-01-15,HWM,224.1316,224.3615,0.103,0.727,72.7,1.01,2.51,6.31,466.1,206.2011,255.51,291.3711
2026-01-15,PNC,213.402,223.2861,4.632,0.745,74.5,1.22,1.66,0.79,450.43,196.3298,243.2783,277.4226
2026-01-15,HLT,301.86,301.0,-0.285,0.719,71.9,1.3,1.73,2.66,515.11,277.7112,344.1204,392.418
2026-01-15,DAL,71.34,71.37,0.042,0.714,71.4,1.13,2.43,1.04,520.27,65.6328,81.3276,92.742
2026-01-15,CMIIU,572.9139,573.771,0.15,0.893,89.3,0.83,1.76,8.23,442.24,527.0808,653.1219,744.7881
2026-01-15,CMIKA,572.9139,573.771,0.15,0.893,89.3,0.83,1.76,8.23,442.24,527.0808,653.1219,744.7881
2026-01-15,CMIN,572.9139,573.771,0.15,0.893,89.3,0.83,1.76,8.23,442.24,527.0808,653.1219,744.7881
2026-01-15,CMIV,572.9139,573.771,0.15,0.893,89.3,0.83,1.76,8.23,442.24,527.0808,653.1219,744.7881
2026-01-15,LHX,340.42,340.98,0.165,0.74,74.0,1.43,2.45,10.02,501.57,313.1864,388.0788,442.546
2026-01-15,TFC,50.28,50.18,-0.199,0.734,73.4,0.76,1.6,0.07,380.9,46.2576,57.3192,65.364
2026-01-15,CTSH,84.82,85.1,0.33,0.833,83.3,1.35,2.04,0.37,384.35,78.0344,96.6948,110.266
2026-01-15,CHSCL,174.7323,174.1344,-0.342,0.89,89.0,1.01,1.87,5.21,284.43,160.7537,199.1948,227.152
2026-01-15,LULU,205.01,204.39,-0.302,0.797,79.7,1.26,2.53,4.89,393.33,188.6092,233.7114,266.513
2026-01-15,BIDU,149.4,148.66,-0.495,0.793,79.3,0.89,2.78,9.47,520.54,137.448,170.316,194.22
2026-01-15,BK,123.4233,123.2341,-0.153,0.701,70.1,1.0,1.6,4.37,455.25,113.5494,140.7025,160.4503
2026-01-15,DG,151.73,151.41,-0.211,0.905,90.5,0.93,2.61,8.05,494.61,139.5916,172.9722,197.249
2026-01-15,ODFL,178.21,176.83,-0.774,0.827,82.7,1.13,2.46,8.57,331.09,163.9532,203.1594,231.673
2026-01-15,PCAR,121.6034,121.6632,0.049,0.769,76.9,1.51,1.73,6.74,287.48,111.8751,138.6279,158.0844
2026-01-15,ROK,421.13,419.02,-0.501,0.768,76.8,0.84,1.85,4.48,275.1,387.4396,480.0882,547.469
2026-01-15,KGC,33.25,33.25,0.0,0.837,83.7,0.94,3.21,10.72,251.21,30.59,37.905,43.225
2026-01-15,EXE,98.9795,98.2137,-0.774,0.763,76.3,1.21,2.41,7.41,278.61,91.0612,112.8367,128.6734
2026-01-15,ROG-SW,345.7,348.0,0.665,0.781,78.1,0.91,1.76,4.81,396.54,318.044,394.098,449.41
2026-01-15,CAH,213.46,213.62,0.075,0.886,88.6,1.05,1.77,3.82,363.1,196.3832,243.3444,277.498
2026-01-15,KEX,21.0219,20.9823,-0.188,0.798,79.8,0.92,1.68,0.7,271.17,19.3401,23.9649,27.3284
2026-01-15,WPM,135.5,134.97,-0.391,0.842,84.2,0.93,3.0,10.21,235.84,124.66,154.47,176.15
2026-01-15,KEYS,214.5,214.69,0.089,0.859,85.9,1.41,2.1,3.77,222.61,197.34,244.53,278.85
2026-01-15,NUE,174.79,173.89,-0.515,0.839,83.9,0.87,2.45,5.56,286.32,160.8068,199.2606,227.227
2026-01-15,TEVA,32.35,32.33,-0.062,0.941,94.1,0.98,2.09,2.3,296.92,29.762,36.879,42.055
2026-01-15,CRSR,339.9148,339.4451,-0.138,0.899,89.9,1.11,3.73,3.54,282.16,312.7216,387.5028,441.8892
2026-01-15,AU,98.55,97.03,-1.542,0.869,86.9,0.96,2.94,8.9,207.59,90.666,112.347,128.115
2026-01-15,MTB,212.57,212.5,-0.033,0.742,74.2,1.19,1.82,2.3,216.08,195.5644,242.3298,276.341
2026-01-15,CNC,47.27,46.92,-0.74,0.872,87.2,0.88,2.73,10.27,264.98,43.4884,53.8878,61.451
2026-01-15,CNCE,47.27,46.92,-0.74,0.872,87.2,0.88,2.73,10.27,264.98,43.4884,53.8878,61.451
2026-01-15,TRGP,181.0272,178.868,-1.193,0.779,77.9,0.77,2.5,0.39,226.55,166.545,206.371,235.3354
2026-01-15,STT,136.29,132.01,-3.14,0.757,75.7,1.02,1.65,3.92,298.54,125.3868,155.3706,177.177
2026-01-15,ATHXQ,125.39,125.64,0.199,0.925,92.5,1.05,2.64,6.16,159.52,115.3588,142.9446,163.007
2026-01-15,ATI,125.39,125.64,0.199,0.925,92.5,1.05,2.64,6.16,159.52,115.3588,142.9446,163.007
2026-01-15,ATI1,125.39,125.64,0.199,0.925,92.5,1.05,2.64,6.16,159.52,115.3588,142.9446,163.007
2026-01-15,SU,48.97,49.12,0.306,0.834,83.4,0.67,2.23,8.85,217.07,45.0524,55.8258,63.661
2026-01-15,FOXA,72.1959,72.1959,-0.0,0.911,91.1,1.42,1.74,7.63,223.54,66.4202,82.3033,93.8546
2026-01-15,NOK,6.61,6.65,0.605,0.72,72.0,1.99,2.02,1.5,166.15,6.0812,7.5354,8.593
2026-01-15,AGNC,11.5565,11.5763,0.171,0.767,76.7,1.05,1.71,6.63,218.0,10.632,13.1744,15.0235
2026-01-15,NTRA,240.34,239.35,-0.412,0.83,83.0,0.88,3.24,2.08,275.88,221.1128,273.9876,312.442
2026-01-15,AMLJ,49.2,49.52,0.65,0.923,92.3,1.5,4.72,9.18,189.05,45.264,56.088,63.96
2026-01-15,AMLN,49.2,49.52,0.65,0.923,92.3,1.5,4.72,9.18,189.05,45.264,56.088,63.96
2026-01-15,AMKR,49.1059,49.4253,0.65,0.922,92.2,1.5,4.72,9.18,188.69,45.1774,55.9807,63.8377
2026-01-15,BBIG,76.26,77.66,1.836,0.883,88.3,2.56,3.77,0.41,183.56,70.1592,86.9364,99.138
2026-01-15,BBIO,76.26,77.66,1.836,0.883,88.3,2.56,3.77,0.41,183.56,70.1592,86.9364,99.138
2026-01-15,PRU,116.43,114.69,-1.494,0.723,72.3,0.75,1.69,0.6,171.14,107.1156,132.7302,151.359
2026-01-15,DD,43.2166,43.2564,0.092,0.845,84.5,0.99,1.96,3.4,222.68,39.7593,49.2669,56.1816
2026-01-15,NGD,10.41,10.33,-0.768,0.91,91.0,0.68,5.45,11.83,170.23,9.5772,11.8674,13.533
2026-01-15,GH,111.98,111.98,0.0,0.933,93.3,0.82,4.1,7.29,212.4,103.0216,127.6572,145.574
2026-01-15,CPAY,330.77,329.38,-0.42,0.717,71.7,0.69,2.2,4.74,169.61,304.3084,377.0778,430.001
2026-01-15,FNV,240.32,239.74,-0.241,0.735,73.5,1.03,2.9,9.87,166.09,221.0944,273.9648,312.416
2026-01-15,EAXR,166.71,166.76,0.03,0.839,83.9,0.8,3.59,8.43,156.2,153.3732,190.0494,216.723
2026-01-15,EB,166.71,166.76,0.03,0.839,83.9,0.8,3.59,8.43,156.2,153.3732,190.0494,216.723
2026-01-15,EBBGF,166.71,166.76,0.03,0.839,83.9,0.8,3.59,8.43,156.2,153.3732,190.0494,216.723
2026-01-15,EBBNF,166.71,166.76,0.03,0.839,83.9,0.8,3.59,8.43,156.2,153.3732,190.0494,216.723
2026-01-15,EPAM,215.24,214.67,-0.265,0.916,91.6,1.03,2.99,2.03,150.04,198.0208,245.3736,279.812
2026-01-15,NTR,67.83,66.37,-2.152,0.743,74.3,1.48,2.44,8.89,180.02,62.4036,77.3262,88.179
2026-01-15,WAB,228.52,228.6,0.035,0.728,72.8,0.88,1.72,3.96,167.63,210.2384,260.5128,297.076
2026-01-15,GAP,27.28,27.56,1.026,0.81,81.0,0.8,3.4,2.12,227.24,25.0976,31.0992,35.464
2026-01-15,JLL,354.01,352.97,-0.294,0.715,71.5,1.05,2.26,3.03,124.97,325.6892,403.5714,460.213
2026-01-15,JLMI,354.01,352.97,-0.294,0.715,71.5,1.05,2.26,3.03,124.97,325.6892,403.5714,460.213
2026-01-15,BAP,318.78,316.99,-0.562,0.815,81.5,1.92,1.94,8.09,104.14,293.2776,363.4092,414.414
2026-01-15,CACI,627.5,625.45,-0.327,0.759,75.9,1.02,2.74,10.88,187.04,577.3,715.35,815.75
2026-01-15,IAG,17.57,17.36,-1.195,0.843,84.3,0.77,3.6,3.33,123.95,16.1644,20.0298,22.841
2026-01-15,PQUEQ,14.32,14.19,-0.908,0.737,73.7,0.82,2.99,2.1,140.33,13.1744,16.3248,18.616
2026-01-15,PRA,14.32,14.19,-0.908,0.737,73.7,0.82,2.99,2.1,140.33,13.1744,16.3248,18.616
2026-01-15,GFS,41.53,42.08,1.324,0.729,72.9,0.76,3.18,9.87,237.35,38.2076,47.3442,53.989
2026-01-15,PRAX,297.74,299.07,0.447,0.945,94.5,1.29,5.29,5.05,181.8,273.9208,339.4236,387.062
2026-01-15,HBM,22.76,22.35,-1.801,0.891,89.1,0.97,3.09,10.03,94.62,20.9392,25.9464,29.588
2026-01-15,NTRT,146.2799,146.4092,0.088,0.702,70.2,0.87,1.68,3.76,134.36,134.5775,166.7591,190.1639
2026-01-15,NTS,146.2799,146.4092,0.088,0.702,70.2,0.87,1.68,3.76,134.36,134.5775,166.7591,190.1639
2026-01-15,PFFVF,90.98,90.69,-0.319,0.725,72.5,1.07,1.7,1.22,103.17,83.7016,103.7172,118.274
2026-01-15,HABC,169.5524,168.0038,-0.913,0.703,70.3,0.79,2.54,2.41,119.37,155.9882,193.2897,220.4181
2026-01-15,VTRS,12.84,13.05,1.636,0.82,82.0,0.95,2.57,3.29,124.1,11.8128,14.6376,16.692
2026-01-15,AMFIQ,322.2188,321.2088,-0.313,0.87,87.0,0.88,2.27,8.32,140.87,296.4413,367.3294,418.8845
2026-01-15,EG,319.217,317.8655,-0.423,0.875,87.5,0.69,2.01,8.2,140.84,293.6796,363.9074,414.9821
2026-01-15,FLSCQ,76.62,76.72,0.131,0.919,91.9,1.4,1.91,6.61,79.19,70.4904,87.3468,99.606
2026-01-15,BRL,49.46,49.45,-0.02,0.855,85.5,1.48,3.87,0.28,112.78,45.5032,56.3844,64.298
2026-01-15,APG,42.54,42.73,0.447,0.79,79.0,0.94,2.31,5.89,95.82,39.1368,48.4956,55.302
2026-01-15,MLIN,130.76,130.95,0.145,0.86,86.0,0.89,1.99,9.39,109.58,120.2992,149.0664,169.988
2026-01-15,PFSI,150.2058,150.4351,0.153,0.803,80.3,1.46,2.59,9.91,46.94,138.1894,171.2347,195.2676
2026-01-15,MT,48.41,49.15,1.529,0.819,81.9,1.4,1.67,4.11,59.75,44.5372,55.1874,62.933
2026-01-15,MPLX,54.8936,54.9328,0.071,0.71,71.0,1.02,1.78,4.09,82.83,50.5021,62.5787,71.3617
2026-01-15,FSM,10.27,10.18,-0.876,0.714,71.4,1.13,4.18,2.02,74.67,9.4484,11.7078,13.351
2026-01-15,FRPT,63.26,62.95,-0.49,0.792,79.2,1.22,3.49,0.5,58.42,58.1992,72.1164,82.238
2026-01-15,NEB,32.6189,32.6288,0.03,0.755,75.5,1.13,3.25,12.48,51.93,30.0094,37.1856,42.4046
2026-01-15,COLD,28.8961,28.9257,0.103,0.731,73.1,0.92,1.97,1.92,60.18,26.5844,32.9415,37.5649
2026-01-15,JBTM,158.9631,158.3935,-0.358,0.774,77.4,1.15,2.31,2.75,75.14,146.246,181.2179,206.652
2026-01-15,NVTAQ,24.69,24.7,0.041,0.794,79.4,1.63,2.66,8.95,55.45,22.7148,28.1466,32.097
2026-01-15,BKEP,11.25,11.46,1.867,0.838,83.8,1.45,2.61,2.73,37.12,10.35,12.825,14.625
2026-01-15,MUR,33.3294,33.1611,-0.505,0.797,79.7,0.81,3.78,5.67,75.09,30.663,37.9955,43.3282
2026-01-15,CELC,105.28,105.29,0.01,0.917,91.7,1.01,4.53,1.81,79.66,96.8576,120.0192,136.864
2026-01-15,CELH,105.28,105.29,0.01,0.917,91.7,1.01,4.53,1.81,79.66,96.8576,120.0192,136.864
2026-01-15,COGN,39.25,39.57,0.815,0.972,97.2,1.24,4.88,5.56,93.72,36.11,44.745,51.025
2026-01-15,COGT,39.25,39.57,0.815,0.972,97.2,1.24,4.88,5.56,93.72,36.11,44.745,51.025
2026-01-15,AMTM,34.58,34.57,-0.029,0.921,92.1,0.86,2.77,11.25,59.86,31.8136,39.4212,44.954
2026-01-15,PAA,19.05,19.12,0.367,0.769,76.9,1.6,1.59,5.02,55.4,17.526,21.717,24.765
2026-01-15,ARR,18.5732,18.6225,0.266,0.805,80.5,1.23,1.85,6.29,68.28,17.0873,21.1734,24.1451
2026-01-15,ARRKF,18.5732,18.6225,0.266,0.805,80.5,1.23,1.85,6.29,68.28,17.0873,21.1734,24.1451
2026-01-15,ARRO,18.5732,18.6225,0.266,0.805,80.5,1.23,1.85,6.29,68.28,17.0873,21.1734,24.1451
2026-01-15,ARRS,18.5732,18.6225,0.266,0.805,80.5,1.23,1.85,6.29,68.28,17.0873,21.1734,24.1451
2026-01-15,JBS,15.09,15.025,-0.431,0.713,71.3,0.94,2.3,5.55,65.14,13.8828,17.2026,19.617
2026-01-15,COMM1,19.1,19.13,0.157,0.78,78.0,1.27,3.64,3.97,63.72,17.572,21.774,24.83
2026-01-15,COMMQ,19.1,19.13,0.157,0.78,78.0,1.27,3.64,3.97,63.72,17.572,21.774,24.83
2026-01-15,BTE,3.38,3.36,-0.592,0.916,91.6,0.97,4.04,5.1,54.98,3.1096,3.8532,4.394
2026-01-15,BTSG,39.6,39.48,-0.303,0.856,85.6,0.69,3.29,3.66,72.03,36.432,45.144,51.48
2026-01-15,MYRX,244.19,246.25,0.844,0.727,72.7,1.26,3.93,7.93,48.97,224.6548,278.3766,317.447
2026-01-15,HWC,67.9032,67.8833,-0.029,0.785,78.5,1.38,2.37,3.38,49.86,62.4709,77.4096,88.2741
2026-01-15,ALH,88.87,88.58,-0.326,0.877,87.7,1.11,3.73,1.27,37.58,81.7604,101.3118,115.531
2026-01-15,ALHC,88.87,88.58,-0.326,0.877,87.7,1.11,3.73,1.27,37.58,81.7604,101.3118,115.531
2026-01-15,ALI,88.87,88.58,-0.326,0.877,87.7,1.11,3.73,1.27,37.58,81.7604,101.3118,115.531
2026-01-15,LGIQ,46.31,47.1,1.706,0.856,85.6,0.85,4.45,4.0,71.72,42.6052,52.7934,60.203
2026-01-15,LGL,46.31,47.1,1.706,0.856,85.6,0.85,4.45,4.0,71.72,42.6052,52.7934,60.203
2026-01-15,LGL-WT,46.31,47.1,1.706,0.856,85.6,0.85,4.45,4.0,71.72,42.6052,52.7934,60.203
2026-01-15,LGN,46.31,47.1,1.706,0.856,85.6,0.85,4.45,4.0,71.72,42.6052,52.7934,60.203
2026-01-15,BANC,20.87,20.78,-0.431,0.816,81.6,1.21,2.16,4.82,38.05,19.2004,23.7918,27.131
2026-01-15,DAP,27.6147,27.6645,0.18,0.908,90.8,1.12,2.72,10.57,54.36,25.4055,31.4807,35.8991
2026-01-15,DAR,27.6147,27.6645,0.18,0.908,90.8,1.12,2.72,10.57,54.36,25.4055,31.4807,35.8991
2026-01-15,GU1,19.1395,19.1445,0.026,0.927,92.7,0.91,2.54,7.45,46.88,17.6083,21.819,24.8813
2026-01-15,HE,14.28,14.26,-0.14,0.766,76.6,0.7,4.24,10.81,78.16,13.1376,16.2792,18.564
2026-01-15,HEAL1,14.28,14.26,-0.14,0.766,76.6,0.7,4.24,10.81,78.16,13.1376,16.2792,18.564
2026-01-15,KNGRF,80.24,81.47,1.533,0.802,80.2,1.43,2.76,6.84,34.66,73.8208,91.4736,104.312
2026-01-15,ATMP,57.1616,56.9518,-0.367,0.849,84.9,0.96,2.33,6.38,32.24,52.5887,65.1643,74.3101
2026-01-15,ATMV,57.1616,56.9518,-0.367,0.848,84.8,0.96,2.33,6.38,32.24,52.5887,65.1643,74.3101
2026-01-15,ATMVR,57.1616,56.9518,-0.367,0.848,84.8,0.96,2.33,6.38,32.24,52.5887,65.1643,74.3101
2026-01-15,GOLD1,39.9533,40.9599,2.519,0.9,90.0,0.63,4.43,10.63,28.57,36.7571,45.5468,51.9393
2026-01-15,PATK,125.3879,126.3844,0.795,0.855,85.5,1.91,2.87,10.42,37.73,115.3568,142.9422,163.0042
2026-01-15,CRI,36.74,36.63,-0.299,0.81,81.0,0.97,4.06,9.41,41.44,33.8008,41.8836,47.762
2026-01-15,CRIC,36.74,36.63,-0.299,0.81,81.0,0.97,4.06,9.41,41.44,33.8008,41.8836,47.762
2026-01-15,PLAB,34.22,34.91,2.016,0.897,89.7,1.17,4.8,2.41,40.12,31.4824,39.0108,44.486
2026-01-15,BOJA,127.087,126.5894,-0.392,0.73,73.0,1.0,2.07,5.02,37.47,116.9201,144.8792,165.2131
2026-01-15,BOLD,127.087,126.5894,-0.392,0.73,73.0,1.0,2.07,5.02,37.47,116.9201,144.8792,165.2131
2026-01-15,SDZ-SW,60.88,61.3,0.69,0.812,81.2,0.96,2.19,3.55,43.58,56.0096,69.4032,79.144
2026-01-15,HUBG,47.44,47.27,-0.358,0.838,83.8,0.74,2.16,6.08,32.64,43.6448,54.0816,61.672
2026-01-15,ASH,63.7423,63.1761,-0.888,0.851,85.1,0.87,2.57,5.77,42.27,58.6429,72.6663,82.865
2026-01-15,LCAV,20.36,20.38,0.098,0.804,80.4,0.87,3.62,3.12,33.47,18.7312,23.2104,26.468
2026-01-15,PACW1,39.37,39.37,0.0,0.978,97.8,0.96,4.38,1.06,46.39,36.2204,44.8818,51.181
2026-01-15,PACX,39.37,39.37,0.0,0.978,97.8,0.96,4.38,1.06,46.39,36.2204,44.8818,51.181
2026-01-15,PAE,39.37,39.37,0.0,0.978,97.8,0.96,4.38,1.06,46.39,36.2204,44.8818,51.181
2026-01-15,PAET,39.37,39.37,0.0,0.978,97.8,0.96,4.38,1.06,46.39,36.2204,44.8818,51.181
2026-01-15,OII,27.07,27.25,0.665,0.704,70.4,1.13,3.31,7.11,24.25,24.9044,30.8598,35.191
2026-01-15,OIIM,27.07,27.25,0.665,0.704,70.4,1.13,3.31,7.11,24.25,24.9044,30.8598,35.191
2026-01-15,FULT,20.17,20.06,-0.545,0.713,71.3,0.89,2.06,1.87,36.68,18.5564,22.9938,26.221
2026-01-15,AMRX,13.19,13.2,0.076,0.846,84.6,0.77,2.37,2.41,22.78,12.1348,15.0366,17.147
2026-01-15,CGAU,16.06,15.99,-0.436,0.87,87.0,1.28,3.3,7.02,19.59,14.7752,18.3084,20.878
2026-01-15,IMNM,22.85,22.86,0.044,0.898,89.8,1.15,6.12,8.98,67.95,21.022,26.049,29.705
2026-01-15,AX,93.82,93.81,-0.011,0.764,76.4,0.68,2.24,4.77,32.77,86.3144,106.9548,121.966
2026-01-15,ARCC1,91.389,90.2502,-1.246,0.781,78.1,0.9,3.47,12.0,34.96,84.0779,104.1834,118.8057
2026-01-15,ARCE,91.389,90.2502,-1.246,0.781,78.1,0.9,3.47,12.0,34.96,84.0779,104.1834,118.8057
2026-01-15,ARCH,91.389,90.2502,-1.246,0.781,78.1,0.9,3.47,12.0,34.96,84.0779,104.1834,118.8057
2026-01-15,ARCHQ,91.389,90.2502,-1.246,0.781,78.1,0.9,3.47,12.0,34.96,84.0779,104.1834,118.8057
2026-01-15,ARCIU,91.389,90.2502,-1.246,0.781,78.1,0.9,3.47,12.0,34.96,84.0779,104.1834,118.8057
2026-01-15,ARCK,91.389,90.2502,-1.246,0.781,78.1,0.9,3.47,12.0,34.96,84.0779,104.1834,118.8057
2026-01-15,ARIS,18.24,18.13,-0.603,0.949,94.9,0.62,4.15,9.74,32.08,16.7808,20.7936,23.712
2026-01-15,ARMO,18.24,18.13,-0.603,0.949,94.9,0.62,4.15,9.74,32.08,16.7808,20.7936,23.712
2026-01-15,LAUR1,35.42,35.4,-0.056,0.775,77.5,0.79,2.13,3.15,34.75,32.5864,40.3788,46.046
2026-01-15,OLMA,29.19,29.14,-0.171,0.983,98.3,0.67,6.94,6.66,49.63,26.8548,33.2766,37.947
2026-01-15,BOST,4.32,4.33,0.231,0.929,92.9,0.97,4.12,5.7,19.59,3.9744,4.9248,5.616
2026-01-15,BOT,4.32,4.33,0.231,0.929,92.9,0.97,4.12,5.7,19.59,3.9744,4.9248,5.616
2026-01-15,AAUC,27.12,27.12,0.0,0.904,90.4,0.9,3.67,10.57,20.74,24.9504,30.9168,35.256
2026-01-15,AAUGF,27.12,27.12,0.0,0.904,90.4,0.9,3.67,10.57,20.74,24.9504,30.9168,35.256
2026-01-15,OMCL,50.98,50.82,-0.314,0.944,94.4,0.72,3.1,7.11,29.43,46.9016,58.1172,66.274
2026-01-15,BNTT,50.56,50.38,-0.356,0.818,81.8,3.21,1.58,4.83,16.72,46.5152,57.6384,65.728
2026-01-15,CEDCQ,66.16,66.19,0.045,0.867,86.7,1.2,3.43,8.25,15.56,60.8672,75.4224,86.008
2026-01-15,CMBT,11.52,11.57,0.434,0.756,75.6,0.95,2.85,12.8,25.24,10.5984,13.1328,14.976
2026-01-15,CUBI,78.73,78.91,0.229,0.789,78.9,0.63,2.58,2.93,29.81,72.4316,89.7522,102.349
2026-01-15,EWTLQ,26.6,26.55,-0.188,0.948,94.8,0.95,8.43,9.03,47.03,24.472,30.324,34.58
2026-01-15,NBR,61.88,63.16,2.069,0.921,92.1,1.39,4.35,8.86,22.37,56.9296,70.5432,80.444
2026-01-15,CRAI,217.29,217.82,0.244,0.761,76.1,1.08,3.03,2.88,25.8,199.9068,247.7106,282.477
2026-01-15,AZTR,39.91,39.9,-0.025,0.821,82.1,0.85,3.05,11.08,23.47,36.7172,45.4974,51.883
2026-01-15,AZUL,39.91,39.9,-0.025,0.821,82.1,0.85,3.05,11.08,23.47,36.7172,45.4974,51.883
2026-01-15,NEO,12.83,12.83,0.0,0.779,77.9,1.07,4.42,3.63,23.74,11.8036,14.6262,16.679
2026-01-15,EZPW,21.54,21.57,0.139,0.704,70.4,0.85,3.11,5.19,17.77,19.8168,24.5556,28.002
2026-01-15,GCTK,41.58,41.69,0.265,0.925,92.5,0.82,4.65,2.18,20.85,38.2536,47.4012,54.054
2026-01-15,CAEP,33.15,33.35,0.603,0.747,74.7,0.89,2.03,5.11,17.64,30.498,37.791,43.095
2026-01-15,AZX,123.22,123.24,0.016,0.813,81.3,0.89,2.42,9.08,21.45,113.3624,140.4708,160.186
2026-01-15,AZZ,123.22,123.24,0.016,0.813,81.3,0.89,2.42,9.08,21.45,113.3624,140.4708,160.186
2026-01-15,B,123.22,123.24,0.016,0.813,81.3,0.89,2.42,9.08,21.45,113.3624,140.4708,160.186
2026-01-15,IDXG,46.28,45.38,-1.945,0.71,71.0,0.69,8.36,2.65,35.17,42.5776,52.7592,60.164
2026-01-15,DBGI,70.19,70.19,0.0,0.791,79.1,0.82,2.93,3.21,14.46,64.5748,80.0166,91.247
2026-01-15,CCSI1,68.8124,68.1555,-0.955,0.721,72.1,0.93,3.3,11.86,18.28,63.3074,78.4462,89.4562
2026-01-15,ANDE,58.47,58.21,-0.445,0.798,79.8,0.64,2.19,7.8,18.16,53.7924,66.6558,76.011
2026-01-15,ANDG,58.47,58.21,-0.445,0.798,79.8,0.64,2.19,7.8,18.16,53.7924,66.6558,76.011
2026-01-15,ANDN1,58.47,58.21,-0.445,0.798,79.8,0.64,2.19,7.8,18.16,53.7924,66.6558,76.011
2026-01-15,ANDR,58.47,58.21,-0.445,0.798,79.8,0.64,2.19,7.8,18.16,53.7924,66.6558,76.011
2026-01-15,MCW,6.1,6.1,0.0,0.763,76.3,1.08,3.13,4.81,7.3,5.612,6.954,7.93
2026-01-15,MNSB,21.037,21.2741,1.127,0.777,77.7,1.19,3.34,3.67,13.25,19.3541,23.9822,27.3481
2026-01-15,PMT-PB,13.47,13.42,-0.371,0.739,73.9,0.88,1.98,5.42,17.79,12.3924,15.3558,17.511
2026-01-15,PMT-PC,13.47,13.42,-0.371,0.739,73.9,0.88,1.98,5.42,17.79,12.3924,15.3558,17.511
2026-01-15,HCT1,19.32,19.22,-0.518,0.738,73.8,0.59,3.65,0.65,16.68,17.7744,22.0248,25.116
2026-01-15,PAX,17.2432,17.2334,-0.057,0.765,76.5,0.98,2.23,5.81,8.55,15.8638,19.6573,22.4162
2026-01-15,FBNK1,57.53,57.57,0.07,0.744,74.4,1.43,2.44,8.96,13.42,52.9276,65.5842,74.789
2026-01-15,BHFAL,49.53,49.73,0.404,0.725,72.5,0.72,2.68,10.11,14.34,45.5676,56.4642,64.389
2026-01-15,LIND,16.68,16.68,0.0,0.892,89.2,0.93,3.45,11.14,9.31,15.3456,19.0152,21.684
2026-01-15,BJGP,45.5,45.22,-0.615,0.912,91.2,1.03,3.0,8.0,18.73,41.86,51.87,59.15
2026-01-15,BJRI,45.5,45.22,-0.615,0.912,91.2,1.03,3.0,8.0,18.73,41.86,51.87,59.15
2026-01-15,CDO,20.57,20.64,0.34,0.88,88.0,0.96,4.93,6.26,15.56,18.9244,23.4498,26.741
2026-01-15,PLUM,88.4684,88.0397,-0.485,0.787,78.7,0.86,2.79,0.73,12.95,81.3909,100.8539,115.0089
2026-01-15,PLUR,88.4684,88.0397,-0.485,0.787,78.7,0.86,2.79,0.73,12.95,81.3909,100.8539,115.0089
2026-01-15,PLUS,88.4684,88.0397,-0.485,0.787,78.7,0.86,2.79,0.73,12.95,81.3909,100.8539,115.0089
2026-01-15,CMPX,5.8,5.82,0.345,0.906,90.6,1.16,6.82,10.32,14.65,5.336,6.612,7.54
2026-01-15,GSL,35.5383,35.4006,-0.388,0.858,85.8,1.04,2.1,2.91,10.15,32.6953,40.5137,46.1999
2026-01-15,DHC,5.4903,5.5102,0.364,0.868,86.8,0.95,3.02,7.54,6.7,5.0511,6.2589,7.1374
2026-01-15,DHCC,5.4903,5.5102,0.364,0.868,86.8,0.95,3.02,7.54,6.7,5.0511,6.2589,7.1374
2026-01-15,ALLR,1.61,1.64,1.863,0.809,80.9,1.37,7.23,9.71,6.63,1.4812,1.8354,2.093
2026-01-15,ARVLF,12.13,12.16,0.247,0.808,80.8,0.91,4.47,1.55,9.71,11.1596,13.8282,15.769
2026-01-15,ARVN,12.13,12.16,0.247,0.808,80.8,0.91,4.47,1.55,9.71,11.1596,13.8282,15.769
2026-01-15,CYD,43.11,43.5,0.905,0.85,85.0,0.81,3.83,12.46,6.13,39.6612,49.1454,56.043
2026-01-15,ALNT,61.81,61.97,0.259,0.778,77.8,0.75,4.23,8.76,9.08,56.8652,70.4634,80.353
2026-01-15,CGEM,10.66,10.71,0.469,0.804,80.4,0.63,6.2,3.12,9.35,9.8072,12.1524,13.858
2026-01-15,AIQUF,17.37,17.75,2.188,0.825,82.5,1.72,4.82,6.13,7.03,15.9804,19.8018,22.581
2026-01-15,AIQUY,17.37,17.75,2.188,0.825,82.5,1.72,4.82,6.13,7.03,15.9804,19.8018,22.581
2026-01-15,AIR,17.37,17.75,2.188,0.825,82.5,1.72,4.82,6.13,7.03,15.9804,19.8018,22.581
2026-01-15,CBLL,22.84,22.6,-1.051,0.952,95.2,0.66,4.53,3.98,9.88,21.0128,26.0376,29.692
2026-01-15,CBM,22.84,22.6,-1.051,0.952,95.2,0.66,4.53,3.98,9.88,21.0128,26.0376,29.692
2026-01-15,CLB,19.6092,19.5192,-0.459,0.94,94.0,0.92,3.25,12.44,7.02,18.0405,22.3545,25.4919
2026-01-15,HTLD,10.67,10.58,-0.843,0.843,84.3,1.02,2.69,10.07,6.27,9.8164,12.1638,13.871
2026-01-16,GOOGL,329.7679,320.6443,-2.767,0.855,85.5,1.41,1.96,3.25,9417.01,303.3864,375.9354,428.6982
2026-01-16,GOOG,330.34,321.24,-2.755,0.854,85.4,1.18,1.95,3.13,6134.22,303.9128,376.5876,429.442
2026-01-16,TSM,342.4,340.79,-0.47,0.72,72.0,1.47,2.19,9.16,4240.07,315.008,390.336,445.12
2026-01-16,SMH,400.39,393.16,-1.806,0.716,71.6,0.91,1.61,6.76,2401.41,368.3588,456.4446,520.507
2026-01-16,XOM,129.03,130.6392,1.247,0.715,71.5,0.93,1.8,6.21,2303.26,118.7076,147.0942,167.739
2026-01-16,GS,962.0,946.38,-1.624,0.833,83.3,1.4,2.21,4.37,2113.43,885.04,1096.68,1250.6
2026-01-16,CAT,645.38,642.0,-0.524,0.792,79.2,1.13,2.13,7.27,1458.15,593.7496,735.7332,838.994
2026-01-16,TXN,190.3376,189.0063,-0.699,0.746,74.6,1.26,2.14,5.17,1051.39,175.1106,216.9849,247.4389
2026-01-16,STX,326.23,322.99,-0.993,0.922,92.2,0.81,5.21,9.43,1354.22,300.1316,371.9022,424.099
2026-01-16,APH,154.39,150.6,-2.455,0.8,80.0,1.28,2.86,10.02,1155.86,142.0388,176.0046,200.707
2026-01-16,MRK,108.83,108.11,-0.662,0.809,80.9,1.1,2.17,1.53,1471.13,100.1236,124.0662,141.479
2026-01-16,MS,188.0533,184.2344,-2.031,0.758,75.8,1.54,1.95,3.56,1023.8,173.0091,214.3808,244.4693
2026-01-16,ADI,299.3128,296.063,-1.086,0.785,78.5,1.26,2.01,5.25,1011.81,275.3678,341.2166,389.1066
2026-01-16,RTX,201.92,200.65,-0.629,0.727,72.7,1.02,2.1,7.09,956.14,185.7664,230.1888,262.496
2026-01-16,COHR1,191.04,186.31,-2.476,0.926,92.6,0.95,5.82,1.84,718.7,175.7568,217.7856,248.352
2026-01-16,NEM,114.12,117.9,3.312,0.861,86.1,1.08,2.76,7.12,980.15,104.9904,130.0968,148.356
2026-01-16,SNPS,516.31,499.14,-3.326,0.843,84.3,1.28,2.37,4.37,746.19,475.0052,588.5934,671.203
2026-01-16,SLB,46.456,45.7104,-1.605,0.891,89.1,1.04,2.51,12.02,774.91,42.7396,52.9599,60.3929
2026-01-16,PM,173.62,170.93,-1.549,0.703,70.3,0.94,1.96,7.28,939.97,159.7304,197.9268,225.706
2026-01-16,TER,228.15,220.42,-3.388,0.931,93.1,0.86,2.94,8.18,611.96,209.898,260.091,296.595
2026-01-16,CIEN,243.42,229.15,-5.862,0.901,90.1,0.88,5.73,2.2,569.74,223.9464,277.4988,316.446
2026-01-16,CLS,313.6,303.84,-3.112,0.747,74.7,0.94,5.76,3.47,646.92,288.512,357.504,407.68
2026-01-16,BMY,55.26,54.52,-1.339,0.811,81.1,0.96,1.86,1.17,791.26,50.8392,62.9964,71.838
2026-01-16,TGT,110.1596,108.9123,-1.132,0.756,75.6,0.72,2.94,8.81,801.23,101.3469,125.582,143.2075
2026-01-16,FITB,49.16,48.85,-0.631,0.731,73.1,1.47,1.72,1.87,326.41,45.2272,56.0424,63.908
2026-01-16,UPS,106.91,106.0,-0.851,0.793,79.3,0.86,1.81,3.25,579.95,98.3572,121.8774,138.983
2026-01-16,VALE,14.61,14.42,-1.3,0.847,84.7,0.97,1.78,7.24,452.96,13.4412,16.6554,18.993
2026-01-16,SATS,123.27,122.23,-0.844,0.942,94.2,0.88,4.57,8.28,671.91,113.4084,140.5278,160.251
2026-01-16,USB,54.4,53.85,-1.011,0.705,70.5,1.39,1.62,0.12,540.37,50.048,62.016,70.72
2026-01-16,FDX,308.18,305.17,-0.977,0.835,83.5,1.02,2.21,2.51,607.24,283.5256,351.3252,400.634
2026-01-16,RKT,23.24,22.02,-5.25,0.874,87.4,1.7,3.93,11.47,645.21,21.3808,26.4936,30.212
2026-01-16,PH,942.5134,924.3473,-1.927,0.805,80.5,1.54,1.58,4.29,512.36,867.1124,1074.4653,1225.2675
2026-01-16,PNC,221.48,219.79,-0.763,0.789,78.9,2.15,1.75,4.29,502.27,203.7616,252.4872,287.924
2026-01-16,VLO,182.3448,183.4282,0.594,0.725,72.5,0.63,2.72,5.58,686.1,167.7572,207.8731,237.0482
2026-01-16,AEM,197.48,206.06,4.345,0.771,77.1,0.85,3.13,8.03,500.35,181.6816,225.1272,256.724
2026-01-16,CMIIU,577.0002,568.14,-1.536,0.885,88.5,2.27,1.59,8.17,445.27,530.8402,657.7802,750.1002
2026-01-16,CMIKA,577.0002,568.14,-1.536,0.885,88.5,2.27,1.59,8.17,445.27,530.8402,657.7802,750.1002
2026-01-16,CMIN,577.0002,568.14,-1.536,0.885,88.5,2.27,1.59,8.17,445.27,530.8402,657.7802,750.1002
2026-01-16,CMIV,577.0002,568.14,-1.536,0.885,88.5,2.27,1.59,8.17,445.27,530.8402,657.7802,750.1002
2026-01-16,LHX,346.46,345.11,-0.39,0.751,75.1,1.03,2.47,10.76,515.19,318.7432,394.9644,450.398
2026-01-16,FIX,1119.98,1098.84,-1.888,0.871,87.1,0.66,3.81,12.04,857.83,1030.3816,1276.7772,1455.974
2026-01-16,CTSH,84.74,83.88,-1.015,0.796,79.6,2.21,2.03,0.21,391.49,77.9608,96.6036,110.162
2026-01-16,CHSCL,175.1708,173.8155,-0.774,0.879,87.9,1.26,1.86,4.98,287.97,161.1572,199.6947,227.7221
2026-01-16,LULU,201.87,198.41,-1.714,0.759,75.9,1.78,2.51,2.59,414.2,185.7204,230.1318,262.431
2026-01-16,BIDU,149.53,150.92,0.93,0.811,81.1,0.93,2.76,8.37,527.04,137.5676,170.4642,194.389
2026-01-16,EL,115.05,113.0,-1.782,0.728,72.8,0.92,2.57,4.91,365.03,105.846,131.157,149.565
2026-01-16,ROST,192.36,190.54,-0.946,0.792,79.2,1.46,1.52,3.43,431.23,176.9712,219.2904,250.068
2026-01-16,DG,148.74,148.6,-0.094,0.896,89.6,1.17,2.61,5.45,485.24,136.8408,169.5636,193.362
2026-01-16,ODFL,175.65,171.86,-2.158,0.778,77.8,1.33,2.46,6.37,328.29,161.598,200.241,228.345
2026-01-16,PCAR,121.0448,119.4989,-1.277,0.726,72.6,1.33,1.77,5.79,301.93,111.3612,137.9911,157.3583
2026-01-16,ROK,415.52,405.11,-2.505,0.736,73.6,1.04,1.74,2.76,268.42,382.2784,473.6928,540.176
2026-01-16,KGC,33.66,34.95,3.832,0.905,90.5,1.14,3.24,11.03,255.88,30.9672,38.3724,43.758
2026-01-16,EXE,99.3376,105.2652,5.967,0.766,76.6,1.12,2.37,6.6,281.74,91.3906,113.2448,129.1389
2026-01-16,ROG-SW,348.9,346.6,-0.659,0.784,78.4,1.33,1.65,5.29,404.4,320.988,397.746,453.57
2026-01-16,CAH,212.45,210.48,-0.927,0.867,86.7,0.81,1.76,2.97,348.1,195.454,242.193,276.185
2026-01-16,CNQ,34.35,34.48,0.378,0.701,70.1,0.73,2.43,4.7,314.02,31.602,39.159,44.655
2026-01-16,KEX,20.9625,20.3584,-2.881,0.779,77.9,1.18,1.7,0.32,269.15,19.2855,23.8972,27.2512
2026-01-16,WPM,135.35,140.0,3.436,0.895,89.5,1.36,3.02,9.18,240.47,124.522,154.299,175.955
2026-01-16,KEYS,214.2,209.95,-1.984,0.842,84.2,1.11,1.93,3.23,214.92,197.064,244.188,278.46
2026-01-16,NUE,174.39,172.53,-1.067,0.802,80.2,1.07,2.41,4.87,283.09,160.4388,198.8046,226.707
2026-01-16,TEVA,31.76,30.78,-3.086,0.943,94.3,0.79,2.15,0.17,291.49,29.2192,36.2064,41.288
2026-01-16,CRSR,335.2475,329.8106,-1.622,0.869,86.9,0.71,3.67,1.83,264.65,308.4277,382.1821,435.8217
2026-01-16,AU,99.03,104.57,5.594,0.916,91.6,1.17,2.99,8.56,212.51,91.1076,112.8942,128.739
2026-01-16,HUT,59.65,56.94,-4.543,0.832,83.2,0.88,8.57,11.43,369.81,54.878,68.001,77.545
2026-01-16,MTB,212.28,211.96,-0.151,0.737,73.7,1.75,2.0,2.01,224.17,195.2976,241.9992,275.964
2026-01-16,CNC,45.75,44.99,-1.661,0.824,82.4,1.26,2.73,5.88,258.05,42.09,52.155,59.475
2026-01-16,CNCE,45.75,44.99,-1.661,0.824,82.4,1.26,2.73,5.88,258.05,42.09,52.155,59.475
2026-01-16,TRGP,184.4303,187.0671,1.43,0.791,79.1,1.03,2.53,2.2,223.51,169.6758,210.2505,239.7593
2026-01-16,ATHXQ,124.35,124.04,-0.249,0.908,90.8,0.91,2.59,4.55,158.25,114.402,141.759,161.655
2026-01-16,ATI,124.35,124.04,-0.249,0.908,90.8,0.91,2.59,4.55,158.25,114.402,141.759,161.655
2026-01-16,ATI1,124.35,124.04,-0.249,0.908,90.8,0.91,2.59,4.55,158.25,114.402,141.759,161.655
2026-01-16,SU,49.74,50.42,1.367,0.852,85.2,0.95,2.23,9.72,221.16,45.7608,56.7036,64.662
2026-01-16,FOXA,71.6386,71.2704,-0.514,0.9,90.0,0.78,1.75,5.74,213.46,65.9075,81.668,93.1302
2026-01-16,NOK,6.55,6.41,-2.137,0.73,73.0,1.08,2.07,0.32,168.16,6.026,7.467,8.515
2026-01-16,AGNC,11.8039,11.6258,-1.509,0.79,79.0,1.03,1.7,8.12,222.17,10.8596,13.4564,15.345
2026-01-16,AMLJ,48.0,46.64,-2.833,0.915,91.5,1.01,4.75,5.45,184.63,44.16,54.72,62.4
2026-01-16,AMLN,48.0,46.64,-2.833,0.915,91.5,1.01,4.75,5.45,184.63,44.16,54.72,62.4
2026-01-16,AMKR,47.9082,46.5508,-2.833,0.915,91.5,1.01,4.75,5.45,184.27,44.0755,54.6153,62.2807
2026-01-16,BBIG,76.26,74.552,-2.24,0.89,89.0,2.74,3.8,0.26,205.89,70.1592,86.9364,99.138
2026-01-16,BBIO,76.26,74.552,-2.24,0.89,89.0,2.74,3.8,0.26,205.89,70.1592,86.9364,99.138
2026-01-16,ATO,169.528,169.7866,0.153,0.952,95.2,0.81,2.37,6.98,285.97,155.9658,193.262,220.3864
2026-01-16,DD,42.6887,42.111,-1.353,0.827,82.7,0.85,1.96,1.86,219.33,39.2736,48.6651,55.4953
2026-01-16,GH,112.14,110.5,-1.462,0.94,94.0,1.11,4.12,6.69,213.87,103.1688,127.8396,145.782
2026-01-16,FNV,243.75,253.72,4.09,0.822,82.2,1.29,2.92,10.54,172.63,224.25,277.875,316.875
2026-01-16,CATA1,640.41,642.33,0.3,0.724,72.4,1.45,2.27,10.38,191.64,589.1772,730.0674,832.533
2026-01-16,EAXR,157.68,161.6,2.486,0.739,73.9,1.5,3.66,2.15,148.54,145.0656,179.7552,204.984
2026-01-16,EB,157.68,161.6,2.486,0.739,73.9,1.5,3.66,2.15,148.54,145.0656,179.7552,204.984
2026-01-16,EBBGF,157.68,161.6,2.486,0.739,73.9,1.5,3.66,2.15,148.54,145.0656,179.7552,204.984
2026-01-16,EBBNF,157.68,161.6,2.486,0.739,73.9,1.5,3.66,2.15,148.54,145.0656,179.7552,204.984
2026-01-16,EPAM,212.61,208.42,-1.971,0.879,87.9,0.78,2.9,0.58,144.57,195.6012,242.3754,276.393
2026-01-16,NTR,66.38,66.45,0.105,0.748,74.8,1.07,2.39,6.3,176.15,61.0696,75.6732,86.294
2026-01-16,WAB,229.6,227.87,-0.753,0.715,71.5,0.92,1.67,4.03,167.28,211.232,261.744,298.48
2026-01-16,BAP,321.83,318.99,-0.882,0.826,82.6,1.11,1.87,8.28,102.98,296.0836,366.8862,418.379
2026-01-16,CACI,635.4,635.0,-0.063,0.752,75.2,0.9,2.78,11.54,183.59,584.568,724.356,826.02
2026-01-16,IAG,17.17,18.85,9.785,0.892,89.2,0.86,3.64,0.65,120.52,15.7964,19.5738,22.321
2026-01-16,PQUEQ,14.4,14.5,0.694,0.743,74.3,0.85,2.95,2.66,139.61,13.248,16.416,18.72
2026-01-16,PRA,14.4,14.5,0.694,0.743,74.3,0.85,2.95,2.66,139.61,13.248,16.416,18.72
2026-01-16,GFI,49.41,53.3,7.873,0.839,83.9,1.2,3.39,6.74,123.65,45.4572,56.3274,64.233
2026-01-16,GFS,41.24,40.2,-2.522,0.713,71.3,0.6,3.16,8.38,235.72,37.9408,47.0136,53.612
2026-01-16,PRAX,317.25,307.2,-3.168,0.941,94.1,0.92,5.54,10.93,195.42,291.87,361.665,412.425
2026-01-16,HBM,22.5,22.81,1.378,0.91,91.0,1.56,3.05,7.85,94.05,20.7,25.65,29.25
2026-01-16,LDO-MI,59.02,60.0,1.66,0.789,78.9,0.88,2.87,11.13,193.29,54.2984,67.2828,76.726
2026-01-16,VTRS,12.86,12.75,-0.855,0.808,80.8,0.9,2.53,2.97,125.02,11.8312,14.6604,16.718
2026-01-16,AMFIQ,326.1087,323.4688,-0.81,0.875,87.5,0.81,2.21,8.63,138.88,300.02,371.7639,423.9413
2026-01-16,EG,316.8319,314.2182,-0.825,0.872,87.2,0.66,1.99,6.23,133.07,291.4854,361.1884,411.8815
2026-01-16,FLSCQ,77.17,75.81,-1.762,0.911,91.1,1.09,1.82,6.77,79.78,70.9964,87.9738,100.321
2026-01-16,HMYRQ,21.8,23.2,6.422,0.77,77.0,1.13,3.51,3.67,81.9,20.056,24.852,28.34
2026-01-16,GRAL,96.7,93.745,-3.056,0.708,70.8,0.98,6.07,1.55,71.7,88.964,110.238,125.71
2026-01-16,JBLU,5.38,5.26,-2.23,0.708,70.8,1.61,4.23,10.95,94.39,4.9496,6.1332,6.994
2026-01-16,APG,42.82,42.18,-1.495,0.786,78.6,1.04,2.21,5.98,97.3,39.3944,48.8148,55.666
2026-01-16,MLIN,132.83,131.7,-0.851,0.834,83.4,0.64,1.97,10.19,112.14,122.2036,151.4262,172.679
2026-01-16,MT,48.73,48.94,0.431,0.843,84.3,1.3,1.66,4.4,60.31,44.8316,55.5522,63.349
2026-01-16,MPLX,55.4918,55.8057,0.566,0.719,71.9,0.67,1.79,5.02,83.28,51.0525,63.2607,72.1394
2026-01-16,FSM,10.42,10.75,3.167,0.849,84.9,1.11,4.28,3.17,76.4,9.5864,11.8788,13.546
2026-01-16,IESC,460.09,446.0,-3.062,0.714,71.4,1.81,4.59,12.49,70.95,423.2828,524.5026,598.117
2026-01-16,FRPT,64.25,64.2,-0.078,0.737,73.7,0.86,3.47,2.13,55.89,59.11,73.245,83.525
2026-01-16,NEB,32.3321,32.1442,-0.581,0.75,75.0,0.95,3.14,10.7,50.61,29.7455,36.8586,42.0317
2026-01-16,JBTM,158.7732,155.3455,-2.159,0.756,75.6,0.92,2.23,2.4,75.09,146.0714,181.0015,206.4052
2026-01-16,NVTAQ,25.24,25.23,-0.04,0.813,81.3,1.74,2.71,10.55,58.56,23.2208,28.7736,32.812
2026-01-16,BKEP,12.2,12.16,-0.328,0.898,89.8,2.32,2.92,10.57,42.7,11.224,13.908,15.86
2026-01-16,GVA,121.36,120.0,-1.121,0.702,70.2,1.43,2.26,1.91,81.8,111.6512,138.3504,157.768
2026-01-16,MUR,33.5669,31.6669,-5.66,0.812,81.2,1.07,3.74,6.15,75.42,30.8815,38.2662,43.6369
2026-01-16,IMO,97.98,97.92,-0.061,0.709,70.9,0.82,2.57,9.96,65.57,90.1416,111.6972,127.374
2026-01-16,COGN,38.94,37.75,-3.056,0.972,97.2,0.97,5.1,4.8,92.8,35.8248,44.3916,50.622
2026-01-16,COGT,38.94,37.75,-3.056,0.972,97.2,0.97,5.1,4.8,92.8,35.8248,44.3916,50.622
2026-01-16,AMTM,34.8,34.48,-0.92,0.921,92.1,1.38,2.7,10.87,59.38,32.016,39.672,45.24
2026-01-16,HUN,11.91,11.65,-2.183,0.905,90.5,1.37,4.17,11.0,49.97,10.9572,13.5774,15.483
2026-01-16,OSK,291.99,285.55,-2.206,0.713,71.3,0.64,3.71,6.97,73.75,268.6308,332.8686,379.587
2026-01-16,PAA,19.4,19.45,0.258,0.764,76.4,1.46,1.61,6.46,57.3,17.848,22.116,25.22
2026-01-16,ARR,18.8692,18.5534,-1.674,0.83,83.0,2.08,1.89,7.26,74.08,17.3597,21.5109,24.53
2026-01-16,ARRKF,18.8692,18.5534,-1.674,0.83,83.0,2.08,1.89,7.26,74.08,17.3597,21.5109,24.53
2026-01-16,ARRO,18.8692,18.5534,-1.674,0.83,83.0,2.08,1.89,7.26,74.08,17.3597,21.5109,24.53
2026-01-16,ARRS,18.8692,18.5534,-1.674,0.83,83.0,2.08,1.89,7.26,74.08,17.3597,21.5109,24.53
2026-01-16,IPGP,81.75,79.61,-2.618,0.925,92.5,0.74,2.51,9.8,43.01,75.21,93.195,106.275
2026-01-16,COMM1,18.59,17.89,-3.765,0.75,75.0,1.48,3.71,0.97,63.1,17.1028,21.1926,24.167
2026-01-16,COMMQ,18.59,17.89,-3.765,0.75,75.0,1.48,3.71,0.97,63.1,17.1028,21.1926,24.167
2026-01-16,BTE,3.3,3.35,1.515,0.914,91.4,0.86,4.01,2.37,52.78,3.036,3.762,4.29
2026-01-16,ASM,7.04,7.38,4.83,0.875,87.5,1.66,6.01,8.47,37.57,6.4768,8.0256,9.152
2026-01-16,OR,41.2,43.0,4.369,0.768,76.8,0.92,3.3,9.15,61.71,37.904,46.968,53.56
2026-01-16,BTSG,39.2,38.64,-1.429,0.774,77.4,0.72,3.17,2.13,69.68,36.064,44.688,50.96
2026-01-16,MYRX,250.37,244.12,-2.496,0.76,76.0,1.36,3.74,9.73,49.98,230.3404,285.4218,325.481
2026-01-16,AMR,240.82,239.6,-0.507,0.919,91.9,0.73,5.05,9.78,60.25,221.5544,274.5348,313.066
2026-01-16,HWC,67.8238,66.5733,-1.844,0.772,77.2,0.9,2.38,3.08,49.2,62.3979,77.3191,88.1709
2026-01-16,ALH,89.95,90.67,0.8,0.859,85.9,0.81,3.7,2.24,38.39,82.754,102.543,116.935
2026-01-16,ALHC,89.95,90.67,0.8,0.859,85.9,0.81,3.7,2.24,38.39,82.754,102.543,116.935
2026-01-16,ALI,89.95,90.67,0.8,0.859,85.9,0.81,3.7,2.24,38.39,82.754,102.543,116.935
2026-01-16,LGIQ,49.59,48.44,-2.319,0.893,89.3,0.94,4.51,10.34,75.28,45.6228,56.5326,64.467
2026-01-16,LGL,49.59,48.44,-2.319,0.893,89.3,0.94,4.51,10.34,75.28,45.6228,56.5326,64.467
2026-01-16,LGL-WT,49.59,48.44,-2.319,0.893,89.3,0.94,4.51,10.34,75.28,45.6228,56.5326,64.467
2026-01-16,LGN,49.59,48.44,-2.319,0.893,89.3,0.94,4.51,10.34,75.28,45.6228,56.5326,64.467
2026-01-16,BANC,20.8,20.48,-1.538,0.803,80.3,0.99,2.22,4.18,38.44,19.136,23.712,27.04
2026-01-16,ORC,8.1985,8.0902,-1.321,0.725,72.5,1.07,1.99,11.39,55.24,7.5426,9.3463,10.658
2026-01-16,DAP,27.4353,26.9968,-1.598,0.888,88.8,0.93,2.7,8.83,54.02,25.2405,31.2762,35.6659
2026-01-16,DAR,27.4353,26.9968,-1.598,0.888,88.8,0.93,2.7,8.83,54.02,25.2405,31.2762,35.6659
2026-01-16,GU1,18.4074,18.1285,-1.515,0.91,91.0,1.08,2.65,2.86,45.31,16.9348,20.9844,23.9296
2026-01-16,HE,14.45,13.98,-3.253,0.779,77.9,0.59,4.37,11.06,79.19,13.294,16.473,18.785
2026-01-16,HEAL1,14.45,13.98,-3.253,0.779,77.9,0.59,4.37,11.06,79.19,13.294,16.473,18.785
2026-01-16,KNGRF,83.33,81.37,-2.352,0.844,84.4,1.31,2.75,10.29,36.4,76.6636,94.9962,108.329
2026-01-16,CSTM,22.16,21.73,-1.94,0.882,88.2,1.28,2.78,10.33,28.96,20.3872,25.2624,28.808
2026-01-16,ATMP,56.6321,55.6629,-1.711,0.828,82.8,0.89,2.35,5.01,31.35,52.1015,64.5606,73.6217
2026-01-16,ATMV,56.6321,55.6629,-1.711,0.828,82.8,0.89,2.35,5.01,31.35,52.1015,64.5606,73.6217
2026-01-16,ATMVR,56.6321,55.6629,-1.711,0.828,82.8,0.89,2.35,5.01,31.35,52.1015,64.5606,73.6217
2026-01-16,PATK,127.7099,125.9559,-1.373,0.848,84.8,1.05,2.8,11.66,37.92,117.4931,145.5893,166.0228
2026-01-16,CRI,36.23,35.41,-2.263,0.745,74.5,0.92,4.03,7.23,40.92,33.3316,41.3022,47.099
2026-01-16,CRIC,36.23,35.41,-2.263,0.745,74.5,0.92,4.03,7.23,40.92,33.3316,41.3022,47.099
2026-01-16,PLAB,34.53,33.89,-1.853,0.896,89.6,0.99,4.69,3.09,40.1,31.7676,39.3642,44.889
2026-01-16,BOJA,127.6046,127.6046,0.0,0.769,76.9,1.07,2.05,5.05,36.97,117.3962,145.4692,165.8859
2026-01-16,BOLD,127.6046,127.6046,0.0,0.769,76.9,1.07,2.05,5.05,36.97,117.3962,145.4692,165.8859
2026-01-16,SDZ-SW,62.08,61.56,-0.838,0.834,83.4,0.96,2.19,5.32,44.64,57.1136,70.7712,80.704
2026-01-16,HUBG,46.87,46.37,-1.067,0.823,82.3,0.71,2.17,4.39,31.25,43.1204,53.4318,60.931
2026-01-16,ASH,62.4709,61.7656,-1.129,0.807,80.7,0.89,2.47,3.39,38.39,57.4732,71.2168,81.2121
2026-01-16,LCAV,20.7,19.6,-5.314,0.797,79.7,0.91,3.58,4.23,33.67,19.044,23.598,26.91
2026-01-16,OII,27.27,27.15,-0.44,0.704,70.4,0.88,3.31,7.22,24.37,25.0884,31.0878,35.451
2026-01-16,OIIM,27.27,27.15,-0.44,0.704,70.4,0.88,3.31,7.22,24.37,25.0884,31.0878,35.451
2026-01-16,AREA1,6.75,6.85,1.481,0.836,83.6,0.78,6.2,7.49,37.73,6.21,7.695,8.775
2026-01-16,AMRX,13.41,13.15,-1.939,0.853,85.3,1.35,2.41,3.69,22.31,12.3372,15.2874,17.433
2026-01-16,IMVT,26.27,25.72,-2.094,0.876,87.6,1.04,4.37,0.26,42.39,24.1684,29.9478,34.151
2026-01-16,IMXI,26.27,25.72,-2.094,0.876,87.6,1.04,4.37,0.26,42.39,24.1684,29.9478,34.151
2026-01-16,CGAU,16.13,17.26,7.006,0.911,91.1,1.15,3.23,6.67,20.11,14.8396,18.3882,20.969
2026-01-16,ORLA,14.73,15.78,7.128,0.874,87.4,0.67,4.57,3.25,43.47,13.5516,16.7922,19.149
2026-01-16,IMNM,22.41,21.56,-3.793,0.865,86.5,0.77,5.82,6.22,56.77,20.6172,25.5474,29.133
2026-01-16,AX,94.45,92.66,-1.895,0.757,75.7,1.0,2.27,5.06,32.52,86.894,107.673,122.785
2026-01-16,ARCC1,90.45,87.9128,-2.805,0.733,73.3,1.47,3.39,10.11,32.42,83.214,103.113,117.585
2026-01-16,ARCE,90.45,87.9128,-2.805,0.733,73.3,1.47,3.39,10.11,32.42,83.214,103.113,117.585
2026-01-16,ARCH,90.45,87.9128,-2.805,0.733,73.3,1.47,3.39,10.11,32.42,83.214,103.113,117.585
2026-01-16,ARCHQ,90.45,87.9128,-2.805,0.733,73.3,1.47,3.39,10.11,32.42,83.214,103.113,117.585
2026-01-16,ARCIU,90.45,87.9128,-2.805,0.733,73.3,1.47,3.39,10.11,32.42,83.214,103.113,117.585
2026-01-16,ARCK,90.45,87.9128,-2.805,0.733,73.3,1.47,3.39,10.11,32.42,83.214,103.113,117.585
2026-01-16,ARIS,18.1,18.9,4.42,0.955,95.5,0.59,4.14,8.03,31.64,16.652,20.634,23.53
2026-01-16,ARMO,18.1,18.9,4.42,0.955,95.5,0.59,4.14,8.03,31.64,16.652,20.634,23.53
2026-01-16,LAUR1,34.59,34.59,0.0,0.727,72.7,0.86,2.17,0.52,30.77,31.8228,39.4326,44.967
2026-01-16,BOST,4.26,4.21,-1.174,0.927,92.7,0.74,4.04,3.55,18.76,3.9192,4.8564,5.538
2026-01-16,BOT,4.26,4.21,-1.174,0.927,92.7,0.74,4.04,3.55,18.76,3.9192,4.8564,5.538
2026-01-16,OMCL,50.52,50.41,-0.218,0.937,93.7,0.68,2.93,5.62,27.87,46.4784,57.5928,65.676
2026-01-16,BNTT,50.65,50.09,-1.106,0.844,84.4,1.07,1.58,4.6,17.37,46.598,57.741,65.845
2026-01-16,DFTX,15.05,14.64,-2.724,0.753,75.3,0.71,6.39,8.92,34.99,13.846,17.157,19.565
2026-01-16,CEDCQ,67.04,65.87,-1.745,0.863,86.3,1.17,3.22,8.75,15.41,61.6768,76.4256,87.152
2026-01-16,CMBT,11.47,11.37,-0.872,0.791,79.1,0.63,2.82,11.34,25.01,10.5524,13.0758,14.911
2026-01-16,MNMD,15.05,14.64,-2.724,0.753,75.3,0.71,6.39,8.92,34.99,13.846,17.157,19.565
2026-01-16,CUBI,78.46,76.99,-1.874,0.766,76.6,0.76,2.55,2.32,28.65,72.1832,89.4444,101.998
2026-01-16,J36-SI,74.35,74.35,0.0,0.746,74.6,0.89,2.02,5.9,19.06,68.402,84.759,96.655
2026-01-16,EWTLQ,27.39,26.58,-2.957,0.948,94.8,0.87,8.5,11.11,45.7,25.1988,31.2246,35.607
2026-01-16,COHU,28.25,27.42,-2.938,0.809,80.9,1.06,3.15,11.0,17.03,25.99,32.205,36.725
2026-01-16,COLB,28.25,27.42,-2.938,0.809,80.9,1.06,3.15,11.0,17.03,25.99,32.205,36.725
2026-01-16,BMA,92.2543,89.5963,-2.881,0.947,94.7,1.02,4.42,1.26,23.57,84.874,105.1699,119.9306
2026-01-16,AZTR,40.0,38.55,-3.625,0.814,81.4,1.22,2.97,10.49,23.82,36.8,45.6,52.0
2026-01-16,AZUL,40.0,38.55,-3.625,0.814,81.4,1.22,2.97,10.49,23.82,36.8,45.6,52.0
2026-01-16,GLDG,14.95,14.75,-1.338,0.861,86.1,2.46,3.08,10.16,10.77,13.754,17.043,19.435
2026-01-16,NEO,12.79,12.4,-3.049,0.787,78.7,2.87,4.49,2.82,26.46,11.7668,14.5806,16.627
2026-01-16,EZPW,21.43,21.39,-0.187,0.775,77.5,0.98,3.02,4.23,17.46,19.7156,24.4302,27.859
2026-01-16,CAEP,34.05,33.76,-0.852,0.764,76.4,1.61,2.09,7.05,18.29,31.326,38.817,44.265
2026-01-16,AZX,123.35,121.75,-1.297,0.793,79.3,0.68,2.35,8.48,21.12,113.482,140.619,160.355
2026-01-16,AZZ,123.35,121.75,-1.297,0.793,79.3,0.68,2.35,8.48,21.12,113.482,140.619,160.355
2026-01-16,B,123.35,121.75,-1.297,0.793,79.3,0.68,2.35,8.48,21.12,113.482,140.619,160.355
2026-01-16,DBGI,69.91,69.06,-1.216,0.785,78.5,0.68,2.92,2.57,14.34,64.3172,79.6974,90.883
2026-01-16,BCAR1,70.62,69.36,-1.784,0.821,82.1,1.03,4.35,12.12,24.74,64.9704,80.5068,91.806
2026-01-16,BCAS,70.62,69.36,-1.784,0.821,82.1,1.03,4.35,12.12,24.74,64.9704,80.5068,91.806
2026-01-16,DCO,114.24,113.6,-0.56,0.763,76.3,1.25,2.72,12.34,14.91,105.1008,130.2336,148.512
2026-01-16,ANDE,57.85,57.62,-0.398,0.836,83.6,0.61,2.23,6.37,17.43,53.222,65.949,75.205
2026-01-16,ANDG,57.85,57.62,-0.398,0.836,83.6,0.61,2.23,6.37,17.43,53.222,65.949,75.205
2026-01-16,ANDN1,57.85,57.62,-0.398,0.836,83.6,0.61,2.23,6.37,17.43,53.222,65.949,75.205
2026-01-16,ANDR,57.85,57.62,-0.398,0.836,83.6,0.61,2.23,6.37,17.43,53.222,65.949,75.205
2026-01-16,MNSB,20.8889,20.1975,-3.31,0.719,71.9,1.0,3.3,3.01,13.05,19.2178,23.8133,27.1556
2026-01-16,PMT-PB,13.81,13.57,-1.738,0.777,77.7,0.96,2.0,7.47,17.95,12.7052,15.7434,17.953
2026-01-16,PMT-PC,13.81,13.57,-1.738,0.777,77.7,0.96,2.0,7.47,17.95,12.7052,15.7434,17.953
2026-01-16,PAC,2.21,2.11,-4.525,0.717,71.7,0.81,7.48,12.21,17.0,2.0332,2.5194,2.873
2026-01-16,PACB,2.21,2.11,-4.525,0.717,71.7,0.81,7.48,12.21,17.0,2.0332,2.5194,2.873
2026-01-16,PACC,2.21,2.11,-4.525,0.717,71.7,0.81,7.48,12.21,17.0,2.0332,2.5194,2.873
2026-01-16,PAX,17.2334,17.0553,-1.033,0.757,75.7,1.2,2.21,5.1,8.31,15.8547,19.646,22.4034
2026-01-16,FBNK1,57.92,57.1,-1.416,0.755,75.5,1.55,2.42,9.18,13.91,53.2864,66.0288,75.296
2026-01-16,BHFAL,49.49,48.56,-1.879,0.729,72.9,0.84,2.52,9.35,13.91,45.5308,56.4186,64.337
2026-01-16,LIND,16.23,15.58,-4.005,0.823,82.3,0.96,3.43,7.42,9.12,14.9316,18.5022,21.099
2026-01-16,BJGP,44.26,44.04,-0.497,0.883,88.3,0.72,3.07,4.67,17.43,40.7192,50.4564,57.538
2026-01-16,BJRI,44.26,44.04,-0.497,0.883,88.3,0.72,3.07,4.67,17.43,40.7192,50.4564,57.538
2026-01-16,CDO,20.01,19.63,-1.899,0.855,85.5,0.82,5.02,3.23,15.31,18.4092,22.8114,26.013
2026-01-16,AD,47.9717,48.5693,1.246,0.73,73.0,1.54,2.91,7.17,11.85,44.134,54.6877,62.3632
2026-01-16,ORKA,33.4,32.45,-2.844,0.78,78.0,0.98,7.15,11.04,24.54,30.728,38.076,43.42
2026-01-16,CMPX,5.7,5.6,-1.754,0.885,88.5,0.71,6.61,7.66,14.3,5.244,6.498,7.41
2026-01-16,GSL,34.6821,34.4459,-0.681,0.842,84.2,1.29,2.13,0.18,10.17,31.9076,39.5376,45.0868
2026-01-16,ALLR,1.63,1.61,-1.227,0.846,84.6,1.11,6.92,10.28,6.94,1.4996,1.8582,2.119
2026-01-16,ARVLF,12.2,11.87,-2.705,0.817,81.7,0.82,4.38,1.93,9.59,11.224,13.908,15.86
2026-01-16,ARVN,12.2,11.87,-2.705,0.817,81.7,0.82,4.38,1.93,9.59,11.224,13.908,15.86
2026-01-16,CYD,42.91,41.7,-2.82,0.856,85.6,0.83,3.86,10.81,6.16,39.4772,48.9174,55.783
2026-01-16,ALNT,61.23,59.76,-2.401,0.744,74.4,0.96,3.84,6.82,8.74,56.3316,69.8022,79.599
2026-01-16,CGEM,10.72,10.7,-0.187,0.82,82.0,0.7,5.89,3.14,9.16,9.8624,12.2208,13.936
2026-01-16,AIQUF,17.57,16.94,-3.586,0.845,84.5,1.28,4.76,6.57,7.13,16.1644,20.0298,22.841
2026-01-16,AIQUY,17.57,16.94,-3.586,0.845,84.5,1.28,4.76,6.57,7.13,16.1644,20.0298,22.841
2026-01-16,AIR,17.57,16.94,-3.586,0.845,84.5,1.28,4.76,6.57,7.13,16.1644,20.0298,22.841
2026-01-16,CLB,19.4193,19.2294,-0.978,0.935,93.5,0.84,3.25,10.33,7.02,17.8658,22.138,25.2451
2026-01-21,GOOGL,328.149,334.2147,1.848,0.825,82.5,1.29,2.1,2.1,8998.11,301.8971,374.0899,426.5937
2026-01-21,GOOG,328.38,334.265,1.792,0.823,82.3,1.28,2.08,1.91,5829.98,302.1096,374.3532,426.894
2026-01-21,LLY,1078.52,1078.52,0.0,0.836,83.6,1.43,2.75,0.79,2778.18,992.2384,1229.5128,1402.076
2026-01-21,SMH,401.93,408.18,1.555,0.712,71.2,1.47,1.66,5.88,2386.82,369.7756,458.2002,522.509
2026-01-21,XOM,132.7253,132.1691,-0.419,0.703,70.3,1.13,1.81,7.89,2211.54,122.1073,151.3069,172.5429
2026-01-21,GS,953.01,960.06,0.74,0.817,81.7,1.07,2.27,2.68,1998.66,876.7692,1086.4314,1238.913
2026-01-21,CAT,645.38,649.11,0.578,0.783,78.3,1.16,2.22,6.08,1380.74,593.7496,735.7332,838.994
2026-01-21,RKLB,87.82,86.38,-1.64,0.874,87.4,1.06,7.91,7.4,2519.56,80.7944,100.1148,114.166
2026-01-21,TXN,193.1493,196.0205,1.487,0.721,72.1,1.18,2.29,5.86,1186.01,177.6973,220.1902,251.0941
2026-01-21,CVNA,455.02,458.53,0.771,0.85,85.0,1.3,4.0,2.76,1222.1,418.6184,518.7228,591.526
2026-01-21,KLAC,1520.0,1549.14,1.917,0.834,83.4,1.58,3.0,11.57,1445.95,1398.4,1732.8,1976.0
2026-01-21,MRK,111.11,110.78,-0.297,0.82,82.0,1.07,2.21,2.75,1328.58,102.2212,126.6654,144.443
2026-01-21,ADI,304.0181,308.504,1.476,0.801,80.1,1.21,2.16,5.95,944.87,279.6966,346.5806,395.2235
2026-01-21,XBI,128.18,128.28,0.078,0.742,74.2,0.88,2.18,3.2,1223.81,117.9256,146.1252,166.634
2026-01-21,COHR1,201.46,208.2,3.346,0.931,93.1,1.57,5.98,6.45,769.34,185.3432,229.6644,261.898
2026-01-21,NEM,118.91,118.3,-0.513,0.854,85.4,1.74,2.69,9.7,961.78,109.3972,135.5574,154.583
2026-01-21,LMT,586.23,585.18,-0.179,0.754,75.4,0.97,2.7,11.78,1103.27,539.3316,668.3022,762.099
2026-01-21,SNPS,521.95,522.74,0.151,0.814,81.4,1.34,2.67,4.66,823.52,480.194,595.023,678.535
2026-01-21,AMGN,343.6,344.15,0.16,0.726,72.6,1.81,2.15,4.03,789.31,316.112,391.704,446.68
2026-01-21,TER,231.89,237.8,2.549,0.927,92.7,1.24,3.06,8.15,564.0,213.3388,264.3546,301.457
2026-01-21,MCHP,76.2,79.01,3.688,0.725,72.5,1.6,2.64,8.45,563.76,70.104,86.868,99.06
2026-01-21,FITB,52.86,53.0,0.265,0.808,80.8,2.01,2.05,8.61,411.84,48.6312,60.2604,68.718
2026-01-21,UPS,108.48,108.99,0.47,0.809,80.9,0.85,1.82,4.21,505.06,99.8016,123.6672,141.024
2026-01-21,VALE,15.57,15.65,0.514,0.86,86.0,1.77,1.99,12.22,510.24,14.3244,17.7498,20.241
2026-01-21,SATS,122.5,124.34,1.502,0.936,93.6,0.78,4.43,5.84,656.31,112.7,139.65,159.25
2026-01-21,USB,55.47,55.63,0.288,0.714,71.4,1.52,1.76,1.82,536.06,51.0324,63.2358,72.111
2026-01-21,FDX,306.95,308.24,0.42,0.825,82.5,1.12,2.09,1.56,528.06,282.394,349.923,399.035
2026-01-21,RKT,21.22,21.31,0.424,0.747,74.7,1.13,4.1,0.44,612.87,19.5224,24.1908,27.586
2026-01-21,PH,943.5315,950.778,0.768,0.779,77.9,1.39,1.66,3.65,466.71,868.049,1075.6259,1226.5909
2026-01-21,PNC,225.49,225.62,0.058,0.787,78.7,1.67,1.87,5.43,548.07,207.4508,257.0586,293.137
2026-01-21,AEM,205.35,206.51,0.565,0.789,78.9,1.49,3.1,10.18,495.03,188.922,234.099,266.955
2026-01-21,CMIIU,580.0898,583.1296,0.524,0.881,88.1,1.08,1.67,7.34,407.25,533.6826,661.3024,754.1167
2026-01-21,CMIKA,580.0898,583.1296,0.524,0.881,88.1,1.08,1.67,7.34,407.25,533.6826,661.3024,754.1167
2026-01-21,CMIN,580.0898,583.1296,0.524,0.881,88.1,1.08,1.67,7.34,407.25,533.6826,661.3024,754.1167
2026-01-21,CMIV,580.0898,583.1296,0.524,0.881,88.1,1.08,1.67,7.34,407.25,533.6826,661.3024,754.1167
2026-01-21,ELV,367.6139,366.4014,-0.33,0.917,91.7,1.47,2.2,10.33,356.07,338.2048,419.0798,477.8981
2026-01-21,LHX,347.81,348.24,0.124,0.738,73.8,1.44,2.53,9.1,543.28,319.9852,396.5034,452.153
2026-01-21,FIX,1148.0,1170.0,1.916,0.879,87.9,1.07,3.88,12.47,445.19,1056.16,1308.72,1492.4
2026-01-21,MNST,81.6,81.6,0.0,0.711,71.1,1.77,1.79,5.14,397.44,75.072,93.024,106.08
2026-01-21,CHSCL,178.7685,179.0675,0.167,0.892,89.2,0.89,1.9,6.4,257.84,164.467,203.7961,232.3991
2026-01-21,EL,117.87,118.54,0.568,0.733,73.3,0.99,2.5,6.68,346.45,108.4404,134.3718,153.231
2026-01-21,ROST,192.32,192.93,0.317,0.774,77.4,0.96,1.55,2.94,392.17,176.9344,219.2448,250.016
2026-01-21,DG,147.16,147.09,-0.048,0.891,89.1,1.13,2.68,3.56,468.44,135.3872,167.7624,191.308
2026-01-21,ODFL,178.4,179.19,0.443,0.837,83.7,1.3,2.61,6.98,312.09,164.128,203.376,231.92
2026-01-21,PCAR,122.9399,123.299,0.292,0.734,73.4,1.13,1.94,6.56,328.0,113.1047,140.1515,159.8219
2026-01-21,ROK,420.3,425.59,1.259,0.725,72.5,1.61,1.91,3.47,254.44,386.676,479.142,546.39
2026-01-21,RIO,88.84,88.13,-0.799,0.801,80.1,1.21,1.49,6.81,363.68,81.7328,101.2776,115.492
2026-01-21,ROG-SW,344.7,344.8,0.029,0.771,77.1,0.92,1.54,2.8,386.83,317.124,392.958,448.11
2026-01-21,CAH,208.47,209.0,0.254,0.835,83.5,1.25,1.82,0.6,308.67,191.7924,237.6558,271.011
2026-01-21,KEX,21.4774,21.4873,0.046,0.792,79.2,1.43,2.07,2.58,288.88,19.7592,24.4842,27.9206
2026-01-21,WPM,137.61,137.89,0.203,0.884,88.4,1.48,3.14,9.07,249.37,126.6012,156.8754,178.893
2026-01-21,KEYS,216.69,218.8,0.974,0.821,82.1,1.12,2.01,3.77,190.83,199.3548,247.0266,281.697
2026-01-21,NUE,180.23,180.5,0.15,0.83,83.0,1.17,2.4,7.13,273.96,165.8116,205.4622,234.299
2026-01-21,AU,101.36,98.69,-2.634,0.908,90.8,1.83,3.13,8.95,220.48,93.2512,115.5504,131.768
2026-01-21,HUT,58.94,59.01,0.119,0.896,89.6,1.08,8.2,6.66,328.49,54.2248,67.1916,76.622
2026-01-21,IT,232.44,233.61,0.503,0.774,77.4,1.46,3.05,11.11,199.11,213.8448,264.9816,302.172
2026-01-21,MOH,194.6,193.41,-0.612,0.754,75.4,0.88,3.45,8.81,231.13,179.032,221.844,252.98
2026-01-21,AME,220.42,222.14,0.78,0.711,71.1,1.84,1.54,4.57,235.51,202.7864,251.2788,286.546
2026-01-21,MTB,219.16,219.5,0.155,0.766,76.6,1.72,2.07,4.78,217.36,201.6272,249.8424,284.908
2026-01-21,CNC,45.26,45.15,-0.243,0.839,83.9,1.44,2.89,3.22,247.42,41.6392,51.5964,58.838
2026-01-21,CNCE,45.26,45.15,-0.243,0.839,83.9,1.44,2.89,3.22,247.42,41.6392,51.5964,58.838
2026-01-21,TRGP,189.1169,189.1567,0.021,0.768,76.8,1.28,2.56,4.29,199.2,173.9875,215.5932,245.8519
2026-01-21,ATHXQ,124.67,125.63,0.77,0.877,87.7,1.17,2.62,3.74,148.99,114.6964,142.1238,162.071
2026-01-21,ATI,124.67,125.63,0.77,0.877,87.7,1.17,2.62,3.74,148.99,114.6964,142.1238,162.071
2026-01-21,ATI1,124.67,125.63,0.77,0.877,87.7,1.17,2.62,3.74,148.99,114.6964,142.1238,162.071
2026-01-21,SU,50.51,50.53,0.04,0.815,81.5,1.18,2.37,9.64,227.68,46.4692,57.5814,65.663
2026-01-21,FOXA,72.3451,72.6437,0.413,0.895,89.5,1.15,1.77,4.69,199.84,66.5575,82.4734,94.0487
2026-01-21,WST,254.9266,255.9457,0.4,0.923,92.3,1.98,3.04,7.19,243.48,234.5325,290.6163,331.4046
2026-01-21,BRO,77.891,77.442,-0.576,0.925,92.5,1.25,2.12,9.25,181.57,71.6597,88.7957,101.2583
2026-01-21,AGNC,11.5763,11.5763,-0.0,0.744,74.4,1.03,1.7,4.91,217.11,10.6502,13.197,15.0492
2026-01-21,NTRA,242.78,243.12,0.14,0.784,78.4,1.29,3.44,2.53,266.33,223.3576,276.7692,315.614
2026-01-21,HII,421.3633,420.0175,-0.319,0.901,90.1,0.93,3.08,11.92,261.77,387.6542,480.3541,547.7723
2026-01-21,BBIG,78.15,77.98,-0.218,0.896,89.6,0.84,3.82,2.42,207.02,71.898,89.091,101.595
2026-01-21,BBIO,78.15,77.98,-0.218,0.896,89.6,0.84,3.82,2.42,207.02,71.898,89.091,101.595
2026-01-21,ATO,167.4396,168.3744,0.558,0.945,94.5,1.68,2.07,4.08,229.88,154.0445,190.8812,217.6715
2026-01-21,ITUB,7.86,7.98,1.527,0.75,75.0,1.65,1.54,7.75,123.55,7.2312,8.9604,10.218
2026-01-21,DD,43.2066,43.5253,0.738,0.819,81.9,0.96,1.99,2.63,198.79,39.7501,49.2555,56.1686
2026-01-21,GH,115.75,116.41,0.57,0.933,93.3,1.27,4.27,8.38,207.45,106.49,131.955,150.475
2026-01-21,ETSY,60.99,62.75,2.886,0.894,89.4,1.35,3.4,10.71,152.82,56.1108,69.5286,79.287
2026-01-21,FNV,252.4,252.4,0.0,0.84,84.0,1.67,2.96,12.3,179.68,232.208,287.736,328.12
2026-01-21,ARWM,67.6,68.95,1.997,0.949,94.9,0.64,5.04,0.86,163.88,62.192,77.064,87.88
2026-01-21,ARWR,67.6,68.95,1.997,0.949,94.9,0.64,5.04,0.86,163.88,62.192,77.064,87.88
2026-01-21,ZBH,86.55,86.55,0.0,0.934,93.4,0.94,2.72,8.48,248.21,79.626,98.667,112.515
2026-01-21,CATA1,625.42,625.95,0.085,0.72,72.0,1.46,2.18,6.35,189.81,575.3864,712.9788,813.046
2026-01-21,EAXR,160.9,163.37,1.535,0.811,81.1,1.16,3.66,3.55,149.24,148.028,183.426,209.17
2026-01-21,EB,160.9,163.37,1.535,0.811,81.1,1.16,3.66,3.55,149.24,148.028,183.426,209.17
2026-01-21,EBBGF,160.9,163.37,1.535,0.811,81.1,1.16,3.66,3.55,149.24,148.028,183.426,209.17
2026-01-21,EBBNF,160.9,163.37,1.535,0.811,81.1,1.16,3.66,3.55,149.24,148.028,183.426,209.17
2026-01-21,EPAM,212.95,214.48,0.718,0.861,86.1,1.3,3.0,0.67,130.51,195.914,242.763,276.835
2026-01-21,NTR,68.68,68.59,-0.131,0.732,73.2,1.65,2.34,8.93,191.22,63.1856,78.2952,89.284
2026-01-21,WAB,233.0,234.19,0.511,0.727,72.7,1.2,1.77,4.84,143.71,214.36,265.62,302.9
2026-01-21,GAP,27.14,27.42,1.032,0.728,72.8,0.92,3.41,1.96,204.54,24.9688,30.9396,35.282
2026-01-21,BAP,332.59,333.61,0.307,0.822,82.2,1.25,1.91,10.18,105.73,305.9828,379.1526,432.367
2026-01-21,IAG,19.26,19.33,0.363,0.927,92.7,2.35,3.83,10.89,142.45,17.7192,21.9564,25.038
2026-01-21,GFI,51.3,50.97,-0.643,0.785,78.5,1.69,3.61,9.07,133.74,47.196,58.482,66.69
2026-01-21,ASX,18.98,19.24,1.37,0.906,90.6,1.65,1.84,9.54,116.94,17.4616,21.6372,24.674
2026-01-21,PRAX,312.6,312.79,0.061,0.946,94.6,1.03,5.71,7.52,187.78,287.592,356.364,406.38
2026-01-21,HBM,24.05,24.1,0.208,0.919,91.9,2.05,3.53,12.45,113.07,22.126,27.417,31.265
2026-01-21,NTRT,143.6149,149.1638,3.864,0.708,70.8,1.59,1.9,1.24,118.94,132.1257,163.7209,186.6993
2026-01-21,NTS,143.6149,149.1638,3.864,0.708,70.8,1.59,1.9,1.24,118.94,132.1257,163.7209,186.6993
2026-01-21,TRMB,70.24,70.7,0.655,0.964,96.4,0.98,2.55,4.89,211.92,64.6208,80.0736,91.312
2026-01-21,LDO-MI,58.68,57.68,-1.704,0.703,70.3,0.78,2.91,6.73,189.71,53.9856,66.8952,76.284
2026-01-21,VTRS,13.05,13.05,0.0,0.818,81.8,0.94,2.48,3.73,107.82,12.006,14.877,16.965
2026-01-21,AMFIQ,327.9486,330.5285,0.787,0.867,86.7,1.17,2.4,7.58,127.37,301.7127,373.8614,426.3332
2026-01-21,OS,23.62,23.65,0.127,0.833,83.3,1.01,2.03,10.52,136.73,21.7304,26.9268,30.706
2026-01-21,EG,320.9363,320.3599,-0.18,0.858,85.8,1.01,2.01,5.09,112.43,295.2614,365.8674,417.2172
2026-01-21,FLSCQ,77.47,78.34,1.123,0.905,90.5,1.49,1.9,6.22,75.52,71.2724,88.3158,100.711
2026-01-21,BRL,51.95,52.38,0.828,0.833,83.3,0.86,4.09,3.79,123.56,47.794,59.223,67.535
2026-01-21,ZION,61.1395,61.2884,0.244,0.724,72.4,1.58,2.25,5.32,146.87,56.2484,69.699,79.4814
2026-01-21,HMYRQ,22.5,22.15,-1.556,0.803,80.3,1.56,3.76,5.86,80.39,20.7,25.65,29.25
2026-01-21,GRAL,101.07,101.07,0.0,0.769,76.9,1.36,6.37,4.87,70.09,92.9844,115.2198,131.391
2026-01-21,JBLU,5.52,5.51,-0.181,0.752,75.2,1.21,4.51,12.52,98.39,5.0784,6.2928,7.176
2026-01-21,INTE,96.2,96.59,0.405,0.743,74.3,0.62,4.51,1.21,93.19,88.504,109.668,125.06
2026-01-21,APG,42.4,42.87,1.108,0.772,77.2,1.24,2.23,4.03,91.23,39.008,48.336,55.12
2026-01-21,MLIN,133.87,134.39,0.388,0.821,82.1,1.14,1.97,9.39,91.48,123.1604,152.6118,174.031
2026-01-21,PFSI,151.8006,153.186,0.913,0.731,73.1,1.02,2.85,8.5,54.07,139.6566,173.0527,197.3408
2026-01-21,MT,51.24,53.66,4.723,0.843,84.3,1.74,1.71,8.57,67.44,47.1408,58.4136,66.612
2026-01-21,ESLT,713.13,715.06,0.271,0.899,89.9,1.07,2.55,10.31,91.39,656.0796,812.9682,927.069
2026-01-21,FSM,10.81,10.85,0.37,0.838,83.8,1.42,4.27,5.9,76.77,9.9452,12.3234,14.053
2026-01-21,FRPT,69.86,69.97,0.157,0.822,82.2,2.26,3.69,10.23,64.6,64.2712,79.6404,90.818
2026-01-21,COLD,29.3406,29.4394,0.337,0.746,74.6,1.9,2.17,3.44,57.81,26.9934,33.4483,38.1428
2026-01-21,JBTM,158.0237,158.3235,0.19,0.763,76.3,1.25,2.34,1.74,70.93,145.3818,180.147,205.4308
2026-01-21,NVTAQ,24.67,24.79,0.486,0.767,76.7,1.17,2.83,7.0,54.06,22.6964,28.1238,32.071
2026-01-21,BKEP,12.55,12.67,0.956,0.892,89.2,1.68,3.02,12.12,46.21,11.546,14.307,16.315
2026-01-21,GVA,122.13,123.23,0.901,0.726,72.6,0.87,2.2,1.99,78.49,112.3596,139.2282,158.769
2026-01-21,ORAL,121.8667,124.8834,2.475,0.71,71.0,1.18,2.6,5.58,65.51,112.1174,138.9281,158.4267
2026-01-21,BIO,311.54,313.11,0.504,0.937,93.7,1.47,2.32,12.5,96.96,286.6168,355.1556,405.002
2026-01-21,CELC,107.16,107.24,0.075,0.913,91.3,1.09,4.53,2.63,65.94,98.5872,122.1624,139.308
2026-01-21,CELH,107.16,107.24,0.075,0.913,91.3,1.09,4.53,2.63,65.94,98.5872,122.1624,139.308
2026-01-21,COGN,39.9,40.0,0.251,0.974,97.4,1.33,4.93,7.05,88.11,36.708,45.486,51.87
2026-01-21,COGT,39.9,40.0,0.251,0.974,97.4,1.33,4.93,7.05,88.11,36.708,45.486,51.87
2026-01-21,AMTM,34.67,35.0,0.952,0.908,90.8,0.91,2.7,8.52,58.52,31.8964,39.5238,45.071
2026-01-21,HUN,12.0,12.1,0.833,0.875,87.5,0.85,4.39,10.32,49.44,11.04,13.68,15.6
2026-01-21,OSK,289.68,289.7,0.007,0.713,71.3,1.01,3.78,5.23,67.91,266.5056,330.2352,376.584
2026-01-21,COKE,153.7432,153.2839,-0.299,0.753,75.3,0.74,2.33,0.35,71.39,141.4437,175.2672,199.8661
2026-01-21,APGE,81.91,79.98,-2.356,0.914,91.4,0.86,4.33,4.42,72.36,75.3572,93.3774,106.483
2026-01-21,PAA,19.11,19.16,0.262,0.704,70.4,1.25,1.66,4.02,57.47,17.5812,21.7854,24.843
2026-01-21,CWPE,105.73,106.07,0.322,0.707,70.7,1.01,2.49,4.36,73.4,97.2716,120.5322,137.449
2026-01-21,CWST,105.73,106.07,0.322,0.707,70.7,1.01,2.49,4.36,73.4,97.2716,120.5322,137.449
2026-01-21,ARR,18.208,18.3363,0.705,0.748,74.8,0.88,1.94,2.68,69.29,16.7514,20.7572,23.6704
2026-01-21,ARRKF,18.208,18.3363,0.705,0.748,74.8,0.88,1.94,2.68,69.29,16.7514,20.7572,23.6704
2026-01-21,ARRO,18.208,18.3363,0.705,0.748,74.8,0.88,1.94,2.68,69.29,16.7514,20.7572,23.6704
2026-01-21,ARRS,18.208,18.3363,0.705,0.748,74.8,0.88,1.94,2.68,69.29,16.7514,20.7572,23.6704
2026-01-21,CNQR,101.3164,102.3751,1.045,0.761,76.1,1.39,3.7,9.13,63.41,93.2111,115.5007,131.7113
2026-01-21,CNR,101.3164,102.3751,1.045,0.761,76.1,1.39,3.7,9.13,63.41,93.2111,115.5007,131.7113
2026-01-21,CNR1,101.3164,102.3751,1.045,0.761,76.1,1.39,3.7,9.13,63.41,93.2111,115.5007,131.7113
2026-01-21,JBS,15.26,15.28,0.131,0.727,72.7,0.98,2.56,5.88,66.49,14.0392,17.3964,19.838
2026-01-21,PLXT,181.45,184.28,1.56,0.755,75.5,2.31,3.12,12.69,37.61,166.934,206.853,235.885
2026-01-21,BTE,3.44,3.42,-0.581,0.891,89.1,1.12,4.03,5.63,55.37,3.1648,3.9216,4.472
2026-01-21,ASM,6.9,6.9,0.0,0.86,86.0,1.85,6.18,5.27,40.55,6.348,7.866,8.97
2026-01-21,OR,43.3,43.28,-0.046,0.82,82.0,2.28,3.34,12.55,64.87,39.836,49.362,56.29
2026-01-21,BTSG,39.23,39.33,0.255,0.713,71.3,0.94,3.0,1.7,61.47,36.0916,44.7222,50.999
2026-01-21,GGAL,53.8843,54.0637,0.333,0.922,92.2,1.06,4.1,0.52,48.32,49.5736,61.4282,70.0496
2026-01-21,PPTA,31.48,31.5,0.064,0.855,85.5,1.28,5.6,10.4,59.57,28.9616,35.8872,40.924
2026-01-21,PPTV,31.48,31.5,0.064,0.855,85.5,1.28,5.6,10.4,59.57,28.9616,35.8872,40.924
2026-01-21,MYRX,256.95,260.0,1.187,0.773,77.3,1.54,3.86,11.0,50.28,236.394,292.923,334.035
2026-01-21,AMR,234.89,238.55,1.558,0.91,91.0,1.08,5.0,5.79,54.7,216.0988,267.7746,305.357
2026-01-21,HWC,68.6872,68.8063,0.173,0.791,79.1,2.31,2.57,4.0,47.24,63.1922,78.3034,89.2933
2026-01-21,NUVL,109.04,109.63,0.541,0.743,74.3,0.86,4.35,5.49,55.52,100.3168,124.3056,141.752
2026-01-21,ALH,90.61,91.7,1.203,0.88,88.0,1.12,3.69,2.5,40.26,83.3612,103.2954,117.793
2026-01-21,ALHC,90.61,91.7,1.203,0.88,88.0,1.12,3.69,2.5,40.26,83.3612,103.2954,117.793
2026-01-21,ALI,90.61,91.7,1.203,0.88,88.0,1.12,3.69,2.5,40.26,83.3612,103.2954,117.793
2026-01-21,LGIQ,48.0,48.99,2.063,0.902,90.2,0.66,4.55,5.88,53.35,44.16,54.72,62.4
2026-01-21,LGL,48.0,48.99,2.063,0.902,90.2,0.66,4.55,5.88,53.35,44.16,54.72,62.4
2026-01-21,LGL-WT,48.0,48.99,2.063,0.902,90.2,0.66,4.55,5.88,53.35,44.16,54.72,62.4
2026-01-21,LGN,48.0,48.99,2.063,0.902,90.2,0.66,4.55,5.88,53.35,44.16,54.72,62.4
2026-01-21,BANC,21.1,20.94,-0.758,0.819,81.9,1.68,2.45,5.2,39.71,19.412,24.054,27.43
2026-01-21,ALM,10.14,10.2,0.592,0.85,85.0,4.12,5.66,10.45,32.01,9.3288,11.5596,13.182
2026-01-21,GU1,18.4173,18.517,0.541,0.784,78.4,1.27,2.7,2.41,40.83,16.944,20.9958,23.9426
2026-01-21,HE,14.72,14.72,0.0,0.805,80.5,0.84,4.39,10.91,56.65,13.5424,16.7808,19.136
2026-01-21,HEAL1,14.72,14.72,0.0,0.805,80.5,0.84,4.39,10.91,56.65,13.5424,16.7808,19.136
2026-01-21,KNGRF,80.32,80.99,0.834,0.814,81.4,1.04,3.07,5.61,32.72,73.8944,91.5648,104.416
2026-01-21,CSTM,23.01,23.15,0.608,0.874,87.4,0.85,2.93,12.32,29.81,21.1692,26.2314,29.913
2026-01-21,ATMP,57.3115,57.7311,0.732,0.799,79.9,1.65,2.38,5.66,25.0,52.7266,65.3351,74.505
2026-01-21,ATMV,57.3115,57.7311,0.732,0.799,79.9,1.65,2.38,5.66,25.0,52.7266,65.3351,74.505
2026-01-21,ATMVR,57.3115,57.7311,0.732,0.799,79.9,1.65,2.38,5.66,25.0,52.7266,65.3351,74.505
2026-01-21,CRI,38.17,38.69,1.362,0.755,75.5,1.68,4.12,11.51,46.0,35.1164,43.5138,49.621
2026-01-21,CRIC,38.17,38.69,1.362,0.755,75.5,1.68,4.12,11.51,46.0,35.1164,43.5138,49.621
2026-01-21,PLAB,36.25,37.86,4.441,0.911,91.1,2.13,4.95,7.47,41.63,33.35,41.325,47.125
2026-01-21,BOJA,135.4374,136.2933,0.632,0.829,82.9,1.92,2.3,10.3,39.6,124.6024,154.3986,176.0686
2026-01-21,BOLD,135.4374,136.2933,0.632,0.829,82.9,1.92,2.3,10.3,39.6,124.6024,154.3986,176.0686
2026-01-21,SDZ-SW,62.0,62.5,0.806,0.81,81.0,0.85,2.11,4.01,42.1,57.04,70.68,80.6
2026-01-21,HUBG,47.93,48.22,0.605,0.864,86.4,0.67,2.28,6.05,27.1,44.0956,54.6402,62.309
2026-01-21,ASH,62.4907,62.8881,0.636,0.81,81.0,0.68,2.51,2.96,35.99,57.4915,71.2394,81.238
2026-01-21,AUB,39.6228,40.1876,1.425,0.773,77.3,2.66,2.29,8.4,39.6,36.453,45.17,51.5097
2026-01-21,PAIYY,20.27,20.27,0.0,0.705,70.5,1.03,1.57,3.71,34.25,18.6484,23.1078,26.351
2026-01-21,PALDF,20.27,20.27,0.0,0.705,70.5,1.03,1.57,3.71,34.25,18.6484,23.1078,26.351
2026-01-21,OII,28.61,28.72,0.384,0.744,74.4,1.25,3.4,10.66,23.01,26.3212,32.6154,37.193
2026-01-21,OIIM,28.61,28.72,0.384,0.744,74.4,1.25,3.4,10.66,23.01,26.3212,32.6154,37.193
2026-01-21,FULT,20.51,20.55,0.195,0.715,71.5,2.05,2.12,3.64,32.83,18.8692,23.3814,26.663
2026-01-21,AMRX,13.71,13.75,0.292,0.837,83.7,0.9,2.45,5.26,20.17,12.6132,15.6294,17.823
2026-01-21,ORLA,16.32,16.35,0.184,0.907,90.7,1.28,4.74,12.45,30.27,15.0144,18.6048,21.216
2026-01-21,AX,96.17,96.45,0.291,0.767,76.7,1.33,2.36,6.19,30.94,88.4764,109.6338,125.021
2026-01-21,ARCC1,91.389,91.5088,0.131,0.796,79.6,1.14,3.43,9.99,29.06,84.0779,104.1834,118.8057
2026-01-21,ARCE,91.389,91.5088,0.131,0.796,79.6,1.14,3.43,9.99,29.06,84.0779,104.1834,118.8057
2026-01-21,ARCH,91.389,91.5088,0.131,0.794,79.4,1.14,3.43,9.99,29.06,84.0779,104.1834,118.8057
2026-01-21,ARCHQ,91.389,91.5088,0.131,0.794,79.4,1.14,3.43,9.99,29.06,84.0779,104.1834,118.8057
2026-01-21,ARCIU,91.389,91.5088,0.131,0.794,79.4,1.14,3.43,9.99,29.06,84.0779,104.1834,118.8057
2026-01-21,ARCK,91.389,91.5088,0.131,0.794,79.4,1.14,3.43,9.99,29.06,84.0779,104.1834,118.8057
2026-01-21,ARIS,19.28,19.8,2.697,0.955,95.5,1.85,4.34,12.62,34.54,17.7376,21.9792,25.064
2026-01-21,ARMO,19.28,19.8,2.697,0.955,95.5,1.85,4.34,12.62,34.54,17.7376,21.9792,25.064
2026-01-21,AXGN,33.01,32.1,-2.757,0.95,95.0,1.05,4.43,2.52,23.76,30.3692,37.6314,42.913
2026-01-21,LAUR1,35.97,36.22,0.695,0.752,75.2,1.36,2.21,4.0,29.15,33.0924,41.0058,46.761
2026-01-21,BOST,4.38,4.38,0.0,0.888,88.8,0.88,4.02,5.33,18.04,4.0296,4.9932,5.694
2026-01-21,BOT,4.38,4.38,0.0,0.888,88.8,0.88,4.02,5.33,18.04,4.0296,4.9932,5.694
2026-01-21,OMCL,50.48,50.51,0.059,0.929,92.9,0.64,2.99,4.83,22.94,46.4416,57.5472,65.624
2026-01-21,BNTT,50.79,51.61,1.614,0.815,81.5,1.36,1.65,4.12,17.92,46.7268,57.9006,66.027
2026-01-21,CPS,24.13,24.22,0.373,0.706,70.6,0.82,3.07,3.45,27.62,22.1996,27.5082,31.369
2026-01-21,CEDCQ,66.58,66.9,0.481,0.832,83.2,1.2,3.16,6.69,14.37,61.2536,75.9012,86.554
2026-01-21,CMBT,11.74,11.58,-1.363,0.763,76.3,0.84,2.79,11.77,25.65,10.8008,13.3836,15.262
2026-01-21,CUBI,80.2,80.31,0.137,0.77,77.0,1.32,2.71,4.47,21.8,73.784,91.428,104.26
2026-01-21,J36-SI,74.0,75.0,1.351,0.775,77.5,1.66,2.02,3.76,18.56,68.08,84.36,96.2
2026-01-21,NBR,65.79,65.26,-0.806,0.887,88.7,1.06,4.07,12.11,22.36,60.5268,75.0006,85.527
2026-01-21,BMA,97.5604,98.2672,0.724,0.937,93.7,1.48,4.42,6.71,24.47,89.7556,111.2189,126.8285
2026-01-21,AZTR,40.37,40.57,0.495,0.786,78.6,0.8,3.06,9.85,20.5,37.1404,46.0218,52.481
2026-01-21,AZUL,40.37,40.57,0.495,0.786,78.6,0.8,3.06,9.85,20.5,37.1404,46.0218,52.481
2026-01-21,NVSGF,18.77,18.96,1.012,0.886,88.6,0.83,1.66,2.8,22.16,17.2684,21.3978,24.401
2026-01-21,GLDG,14.8,16.34,10.405,0.857,85.7,0.94,3.15,8.07,11.07,13.616,16.872,19.24
2026-01-21,NEO,12.69,12.63,-0.473,0.76,76.0,0.93,4.44,1.28,25.17,11.6748,14.4666,16.497
2026-01-21,EZPW,21.27,21.44,0.799,0.72,72.0,0.99,2.98,2.55,14.91,19.5684,24.2478,27.651
2026-01-21,CAEP,33.36,33.59,0.689,0.709,70.9,1.54,2.1,3.84,18.17,30.6912,38.0304,43.368
2026-01-21,AZX,126.61,127.06,0.355,0.792,79.2,1.11,2.4,9.78,20.25,116.4812,144.3354,164.593
2026-01-21,AZZ,126.61,127.06,0.355,0.792,79.2,1.11,2.4,9.78,20.25,116.4812,144.3354,164.593
2026-01-21,B,126.61,127.06,0.355,0.792,79.2,1.11,2.4,9.78,20.25,116.4812,144.3354,164.593
2026-01-21,DBGI,69.79,69.72,-0.1,0.75,75.0,1.06,3.04,2.2,13.68,64.2068,79.5606,90.727
2026-01-21,MAZE,43.7,43.93,0.526,0.898,89.8,1.31,5.61,6.82,14.24,40.204,49.818,56.81
2026-01-21,PFSB,20.9687,20.9588,-0.047,0.7,70.0,1.94,2.11,5.09,15.56,19.2912,23.9043,27.2593
2026-01-21,BCAR1,65.36,65.82,0.704,0.702,70.2,1.4,4.64,1.96,23.59,60.1312,74.5104,84.968
2026-01-21,BCAS,65.36,65.82,0.704,0.702,70.2,1.4,4.64,1.96,23.59,60.1312,74.5104,84.968
2026-01-21,ANDE,61.63,61.67,0.065,0.847,84.7,1.5,2.53,11.98,15.97,56.6996,70.2582,80.119
2026-01-21,ANDG,61.63,61.67,0.065,0.847,84.7,1.5,2.53,11.98,15.97,56.6996,70.2582,80.119
2026-01-21,ANDN1,61.63,61.67,0.065,0.847,84.7,1.5,2.53,11.98,15.97,56.6996,70.2582,80.119
2026-01-21,ANDR,61.63,61.67,0.065,0.847,84.7,1.5,2.53,11.98,15.97,56.6996,70.2582,80.119
2026-01-21,GROY,4.93,4.89,-0.811,0.866,86.6,1.82,4.36,10.65,16.14,4.5356,5.6202,6.409
2026-01-21,MNSB,20.5926,20.7309,0.671,0.704,70.4,2.01,3.33,1.74,13.11,18.9452,23.4756,26.7704
2026-01-21,PAX,17.0058,17.0157,0.058,0.737,73.7,1.41,2.26,2.81,8.19,15.6454,19.3866,22.1076
2026-01-21,FBNK1,60.5,60.5,0.0,0.816,81.6,1.91,2.5,12.64,13.17,55.66,68.97,78.65
2026-01-21,BHFAL,51.56,52.35,1.532,0.76,76.0,1.23,2.68,12.32,10.7,47.4352,58.7784,67.028
2026-01-21,LIND,16.18,16.32,0.865,0.823,82.3,1.34,3.51,6.05,9.74,14.8856,18.4452,21.034
2026-01-21,BJGP,44.73,45.28,1.23,0.865,86.5,1.77,3.18,4.99,16.37,41.1516,50.9922,58.149
2026-01-21,BJRI,44.73,45.28,1.23,0.865,86.5,1.77,3.18,4.99,16.37,41.1516,50.9922,58.149
2026-01-21,CDO,20.83,20.76,-0.336,0.886,88.6,0.83,5.13,6.8,14.95,19.1636,23.7462,27.079
2026-01-21,AD,48.2788,48.561,0.584,0.723,72.3,1.53,3.04,6.73,12.18,44.4165,55.0378,62.7624
2026-01-21,PLUM,88.6179,89.1063,0.551,0.756,75.6,1.29,2.74,1.2,10.31,81.5285,101.0244,115.2032
2026-01-21,PLUR,88.6179,89.1063,0.551,0.756,75.6,1.29,2.74,1.2,10.31,81.5285,101.0244,115.2032
2026-01-21,PLUS,88.6179,89.1063,0.551,0.756,75.6,1.29,2.74,1.2,10.31,81.5285,101.0244,115.2032
2026-01-21,CMPX,5.9,5.93,0.508,0.912,91.2,0.89,6.71,9.8,12.77,5.428,6.726,7.67
2026-01-21,GSL,35.7155,35.873,0.441,0.824,82.4,1.82,2.17,2.62,10.82,32.8583,40.7157,46.4301
2026-01-21,ISSI,22.12,22.28,0.723,0.961,96.1,0.61,6.87,11.93,15.66,20.3504,25.2168,28.756
2026-01-21,ISSX,22.12,22.28,0.723,0.961,96.1,0.61,6.87,11.93,15.66,20.3504,25.2168,28.756
2026-01-21,ALLR,1.6,1.63,1.875,0.84,84.0,1.0,6.89,7.06,6.9,1.472,1.824,2.08
2026-01-21,ARVLF,12.6,12.63,0.238,0.869,86.9,0.87,4.38,4.54,8.73,11.592,14.364,16.38
2026-01-21,ARVN,12.6,12.63,0.238,0.869,86.9,0.87,4.38,4.54,8.73,11.592,14.364,16.38
2026-01-21,APEI,42.59,42.71,0.282,0.734,73.4,1.13,3.5,9.21,10.14,39.1828,48.5526,55.367
2026-01-21,APEX,42.59,42.71,0.282,0.734,73.4,1.13,3.5,9.21,10.14,39.1828,48.5526,55.367
2026-01-21,APEX1,42.59,42.71,0.282,0.734,73.4,1.13,3.5,9.21,10.14,39.1828,48.5526,55.367
2026-01-21,APFC,42.59,42.71,0.282,0.734,73.4,1.13,3.5,9.21,10.14,39.1828,48.5526,55.367
2026-01-21,APFH,42.59,42.71,0.282,0.734,73.4,1.13,3.5,9.21,10.14,39.1828,48.5526,55.367
2026-01-21,AVBP,22.88,23.19,1.355,0.807,80.7,1.25,5.88,8.23,8.78,21.0496,26.0832,29.744
2026-01-21,AVC,22.88,23.19,1.355,0.807,80.7,1.25,5.88,8.23,8.78,21.0496,26.0832,29.744
2026-01-21,CYD,44.17,44.66,1.109,0.802,80.2,1.39,3.89,11.83,6.49,40.6364,50.3538,57.421
2026-01-21,CGEM,11.6,11.76,1.379,0.909,90.9,0.85,6.11,10.11,8.35,10.672,13.224,15.08
2026-01-21,NTBL,50.7924,50.7824,-0.02,0.772,77.2,1.01,1.6,1.99,7.37,46.729,57.9033,66.0301
2026-01-21,CNOB1,28.3334,28.4129,0.281,0.739,73.9,1.13,2.48,6.92,7.0,26.0667,32.3001,36.8334
2026-01-21,CNOBP,28.3334,28.4129,0.281,0.739,73.9,1.13,2.48,6.92,7.0,26.0667,32.3001,36.8334
2026-01-21,AIQUF,16.86,17.27,2.432,0.764,76.4,1.22,5.22,1.42,6.94,15.5112,19.2204,21.918
2026-01-21,AIQUY,16.86,17.27,2.432,0.764,76.4,1.22,5.22,1.42,6.94,15.5112,19.2204,21.918
2026-01-21,AIR,16.86,17.27,2.432,0.764,76.4,1.22,5.22,1.42,6.94,15.5112,19.2204,21.918
2026-01-21,CBLL,22.16,22.38,0.993,0.943,94.3,1.55,4.53,0.56,9.23,20.3872,25.2624,28.808
2026-01-21,CBM,22.16,22.38,0.993,0.943,94.3,1.55,4.53,0.56,9.23,20.3872,25.2624,28.808
2026-01-21,CLB,19.5192,19.5792,0.307,0.732,73.2,1.57,3.45,9.12,6.45,17.9577,22.2519,25.375
2026-01-22,GOOGL,330.3075,332.2561,0.59,0.805,80.5,0.96,2.11,2.44,9054.38,303.8829,376.5505,429.3997
2026-01-22,GOOG,330.84,332.655,0.549,0.804,80.4,1.1,2.09,2.36,5969.77,304.3728,377.1576,430.092
2026-01-22,LLY,1087.38,1083.73,-0.336,0.837,83.7,0.96,2.76,1.57,2792.98,1000.3896,1239.6132,1413.594
2026-01-22,XOM,132.7551,134.1955,1.085,0.708,70.8,0.98,1.85,7.25,2244.1,122.1347,151.3409,172.5817
2026-01-22,LRCX,220.7,217.87,-1.282,0.89,89.0,1.02,3.91,10.18,2589.83,203.044,251.598,286.91
2026-01-22,AMAT,318.79,318.98,0.06,0.808,80.8,0.94,2.99,9.8,2043.37,293.2868,363.4206,414.427
2026-01-22,GS,954.65,934.08,-2.155,0.769,76.9,1.15,2.31,2.55,2051.07,878.278,1088.301,1241.045
2026-01-22,CAT,648.41,644.12,-0.662,0.785,78.5,0.75,2.25,5.99,1360.57,596.5372,739.1874,842.933
2026-01-22,RKLB,87.98,89.055,1.222,0.87,87.0,1.08,8.0,6.91,2444.02,80.9416,100.2972,114.374
2026-01-22,TXN,193.7255,194.4905,0.395,0.723,72.3,1.15,2.38,5.65,1229.0,178.2275,220.8471,251.8432
2026-01-22,CVNA,478.45,477.79,-0.138,0.87,87.0,1.05,3.9,7.5,1213.13,440.174,545.433,621.985
2026-01-22,KLAC,1500.0,1484.23,-1.051,0.826,82.6,1.04,3.15,9.22,1478.57,1380.0,1710.0,1950.0
2026-01-22,MRK,109.18,109.09,-0.082,0.795,79.5,0.81,2.12,0.76,1263.07,100.4456,124.4652,141.934
2026-01-22,NVO,62.23,63.4,1.88,0.716,71.6,0.84,2.78,10.46,1499.63,57.2516,70.9422,80.899
2026-01-22,ADI,307.557,309.5208,0.639,0.831,83.1,0.91,2.2,6.58,947.01,282.9524,350.615,399.8241
2026-01-22,XBI,131.57,130.93,-0.486,0.764,76.4,1.02,2.19,5.69,1250.97,121.0444,149.9898,171.041
2026-01-22,COHR1,202.72,198.23,-2.215,0.916,91.6,1.06,6.14,6.78,781.46,186.5024,231.1008,263.536
2026-01-22,NEM,121.69,122.7,0.83,0.897,89.7,1.04,2.76,11.4,981.12,111.9548,138.7266,158.197
2026-01-22,LMT,593.91,594.64,0.123,0.773,77.3,0.79,2.71,12.06,1128.8,546.3972,677.0574,772.083
2026-01-22,SNPS,509.47,507.47,-0.393,0.786,78.6,1.16,2.85,1.83,833.84,468.7124,580.7958,662.311
2026-01-22,AMGN,347.07,346.18,-0.256,0.741,74.1,1.3,2.18,4.83,808.12,319.3044,395.6598,451.191
2026-01-22,TER,229.14,228.48,-0.288,0.922,92.2,1.15,3.18,6.08,557.89,210.8088,261.2196,297.882
2026-01-22,BMY,54.94,54.98,0.073,0.802,80.2,0.99,1.87,0.28,678.48,50.5448,62.6316,71.422
2026-01-22,MCHP,75.47,75.78,0.411,0.75,75.0,1.63,2.83,6.71,583.88,69.4324,86.0358,98.111
2026-01-22,EQT-ST,374.7,370.0,-1.254,0.71,71.0,2.0,2.7,4.2,692.6,344.724,427.158,487.11
2026-01-22,FITB,50.89,50.63,-0.511,0.748,74.8,1.52,2.25,4.23,414.16,46.8188,58.0146,66.157
2026-01-22,UPS,109.3,109.56,0.238,0.808,80.8,0.77,1.77,4.57,498.07,100.556,124.602,142.09
2026-01-22,VALE,15.74,15.9,1.017,0.878,87.8,1.57,1.97,12.4,529.2,14.4808,17.9436,20.462
2026-01-22,SATS,127.97,127.68,-0.227,0.943,94.3,1.4,4.47,9.66,704.58,117.7324,145.8858,166.361
2026-01-22,USB,56.18,55.93,-0.445,0.717,71.7,2.16,1.77,2.95,584.54,51.6856,64.0452,73.034
2026-01-22,FDX,309.81,308.75,-0.342,0.825,82.5,0.85,2.05,2.22,517.69,285.0252,353.1834,402.753
2026-01-22,RKT,21.5,21.35,-0.698,0.747,74.7,0.8,4.07,1.23,629.53,19.78,24.51,27.95
2026-01-22,PH,937.5227,936.7641,-0.081,0.767,76.7,1.15,1.67,2.69,472.44,862.5209,1068.7759,1218.7795
2026-01-22,PNC,222.0,221.44,-0.252,0.744,74.4,2.04,1.91,3.54,584.13,204.24,253.08,288.6
2026-01-22,CMIIU,581.1164,582.123,0.173,0.882,88.2,0.91,1.65,6.91,401.81,534.6271,662.4727,755.4513
2026-01-22,CMIKA,581.1164,582.123,0.173,0.882,88.2,0.91,1.65,6.91,401.81,534.6271,662.4727,755.4513
2026-01-22,CMIN,581.1164,582.123,0.173,0.882,88.2,0.91,1.65,6.91,401.81,534.6271,662.4727,755.4513
2026-01-22,CMIV,581.1164,582.123,0.173,0.882,88.2,0.91,1.65,6.91,401.81,534.6271,662.4727,755.4513
2026-01-22,ELV,369.9594,368.1208,-0.497,0.912,91.2,1.47,2.16,9.1,373.65,340.3627,421.7537,480.9472
2026-01-22,LHX,355.75,356.8,0.295,0.766,76.6,0.86,2.53,10.54,563.47,327.29,405.555,462.475
2026-01-22,CTSH,84.61,84.62,0.012,0.793,79.3,1.01,2.01,0.26,341.78,77.8412,96.4554,109.993
2026-01-22,CHSCL,177.2935,178.3998,0.624,0.888,88.8,1.07,1.86,5.12,256.67,163.1101,202.1146,230.4816
2026-01-22,EL,119.49,119.34,-0.126,0.715,71.5,1.2,2.57,7.62,359.99,109.9308,136.2186,155.337
2026-01-22,DG,144.6,145.23,0.436,0.889,88.9,1.23,2.79,1.49,462.17,133.032,164.844,187.98
2026-01-22,SCCO,174.1697,176.638,1.417,0.88,88.0,1.35,3.19,7.78,322.24,160.2361,198.5535,226.4206
2026-01-22,ODFL,178.25,177.45,-0.449,0.834,83.4,0.94,2.62,6.29,312.6,163.99,203.205,231.725
2026-01-22,PCAR,123.2391,122.9499,-0.235,0.732,73.2,1.02,1.98,6.29,340.34,113.38,140.4926,160.2108
2026-01-22,ROK,425.32,424.45,-0.205,0.739,73.9,1.38,1.93,4.36,263.45,391.2944,484.8648,552.916
2026-01-22,EXE,108.8954,110.7453,1.699,0.806,80.6,0.95,2.56,11.54,327.7,100.1838,124.1407,141.564
2026-01-22,DLTR,126.79,127.53,0.584,0.893,89.3,1.86,2.78,5.65,343.87,116.6468,144.5406,164.827
2026-01-22,RIO,87.3,89.23,2.211,0.78,78.0,0.77,1.52,4.5,350.63,80.316,99.522,113.49
2026-01-22,OKE,77.4985,78.2778,1.006,0.702,70.2,2.16,2.24,6.6,275.12,71.2986,88.3483,100.7481
2026-01-22,ROG-SW,347.9,348.9,0.287,0.783,78.3,0.79,1.54,3.28,385.57,320.068,396.606,452.27
2026-01-22,KEX,21.3585,21.2595,-0.464,0.77,77.0,1.17,2.14,1.93,295.62,19.6498,24.3487,27.7661
2026-01-22,KEYS,215.72,214.32,-0.649,0.805,80.5,0.94,2.09,3.01,190.52,198.4624,245.9208,280.436
2026-01-22,NUE,180.27,180.89,0.344,0.832,83.2,0.98,2.33,6.63,271.99,165.8484,205.5078,234.351
2026-01-22,BHP,64.97,66.87,2.924,0.708,70.8,1.17,1.52,2.93,230.78,59.7724,74.0658,84.461
2026-01-22,AU,103.05,103.17,0.116,0.908,90.8,1.5,3.24,9.99,229.78,94.806,117.477,133.965
2026-01-22,PKZ,26.06,26.01,-0.192,0.952,95.2,1.1,7.34,11.81,346.13,23.9752,29.7084,33.878
2026-01-22,PL,26.06,26.01,-0.192,0.952,95.2,1.1,7.34,11.81,346.13,23.9752,29.7084,33.878
2026-01-22,IT,237.12,236.43,-0.291,0.777,77.7,0.98,3.02,10.78,200.3,218.1504,270.3168,308.256
2026-01-22,MOH,198.75,199.0,0.126,0.763,76.3,0.9,3.45,10.06,237.92,182.85,226.575,258.375
2026-01-22,AME,221.92,223.91,0.897,0.732,73.2,1.77,1.53,4.89,245.36,204.1664,252.9888,288.496
2026-01-22,MTB,217.46,215.32,-0.984,0.727,72.7,1.33,2.15,3.7,221.91,200.0632,247.9044,282.698
2026-01-22,CNC,45.42,45.39,-0.066,0.844,84.4,0.95,2.8,2.94,248.72,41.7864,51.7788,59.046
2026-01-22,CNCE,45.42,45.39,-0.066,0.844,84.4,0.95,2.8,2.94,248.72,41.7864,51.7788,59.046
2026-01-22,TRGP,190.5099,192.6194,1.107,0.793,79.3,1.25,2.55,4.8,201.33,175.2691,217.1813,247.6629
2026-01-22,ATHXQ,123.11,123.57,0.374,0.876,87.6,0.91,2.66,2.12,142.88,113.2612,140.3454,160.043
2026-01-22,ATI,123.11,123.57,0.374,0.876,87.6,0.91,2.66,2.12,142.88,113.2612,140.3454,160.043
2026-01-22,ATI1,123.11,123.57,0.374,0.876,87.6,0.91,2.66,2.12,142.88,113.2612,140.3454,160.043
2026-01-22,SU,49.87,50.89,2.045,0.792,79.2,0.75,2.44,7.44,226.95,45.8804,56.8518,64.831
2026-01-22,FOXA,71.9769,71.8376,-0.194,0.885,88.5,0.95,1.78,3.22,196.74,66.2188,82.0537,93.57
2026-01-22,WST,247.5534,245.775,-0.718,0.896,89.6,1.11,3.16,2.13,233.69,227.7491,282.2108,321.8194
2026-01-22,BRO,78.4397,77.8112,-0.801,0.921,92.1,1.17,2.12,8.04,184.31,72.1646,89.4213,101.9717
2026-01-22,AGNC,11.6653,11.695,0.254,0.738,73.8,0.81,1.69,5.23,217.9,10.7321,13.2985,15.165
2026-01-22,NTRA,242.91,243.63,0.296,0.799,79.9,0.91,3.48,2.43,260.5,223.4772,276.9174,315.783
2026-01-22,HII,422.8188,422.8487,0.007,0.889,88.9,0.79,2.92,11.26,254.47,388.9933,482.0134,549.6644
2026-01-22,AMLJ,52.45,52.45,0.0,0.925,92.5,1.11,5.22,11.02,212.25,48.254,59.793,68.185
2026-01-22,AMLN,52.45,52.45,0.0,0.925,92.5,1.11,5.22,11.02,212.25,48.254,59.793,68.185
2026-01-22,AMKR,52.3497,52.3497,0.0,0.924,92.4,1.11,5.22,11.02,211.84,48.1617,59.6786,68.0546
2026-01-22,BBIG,79.91,79.77,-0.175,0.9,90.0,0.99,3.96,4.53,214.18,73.5172,91.0974,103.883
2026-01-22,BBIO,79.91,79.77,-0.175,0.9,90.0,0.99,3.96,4.53,214.18,73.5172,91.0974,103.883
2026-01-22,ATO,164.486,164.3468,-0.085,0.914,91.4,1.55,2.0,1.64,212.88,151.3272,187.5141,213.8318
2026-01-22,ITUB,8.21,8.16,-0.609,0.8,80.0,2.41,1.66,11.55,138.86,7.5532,9.3594,10.673
2026-01-22,DD,43.615,43.5951,-0.046,0.83,83.0,1.67,2.06,3.31,209.72,40.1258,49.7211,56.6995
2026-01-22,GH,117.28,116.5,-0.665,0.93,93.0,1.6,4.36,9.0,219.74,107.8976,133.6992,152.464
2026-01-22,ETSY,62.49,61.99,-0.8,0.903,90.3,1.71,3.43,11.44,167.51,57.4908,71.2386,81.237
2026-01-22,ARWM,69.59,69.25,-0.489,0.948,94.8,1.07,5.12,3.79,174.46,64.0228,79.3326,90.467
2026-01-22,ARWR,69.59,69.25,-0.489,0.948,94.8,1.07,5.12,3.79,174.46,64.0228,79.3326,90.467
2026-01-22,ZBH,87.54,87.88,0.388,0.942,94.2,0.83,2.73,7.62,227.97,80.5368,99.7956,113.802
2026-01-22,WSM,210.0,208.13,-0.89,0.782,78.2,1.04,3.47,10.25,234.26,193.2,239.4,273.0
2026-01-22,CATA1,618.81,618.7,-0.018,0.705,70.5,1.32,2.18,4.82,191.34,569.3052,705.4434,804.453
2026-01-22,EAXR,162.44,161.5,-0.579,0.809,80.9,1.1,3.7,4.16,152.23,149.4448,185.1816,211.172
2026-01-22,EB,162.44,161.5,-0.579,0.809,80.9,1.1,3.7,4.16,152.23,149.4448,185.1816,211.172
2026-01-22,EBBGF,162.44,161.5,-0.579,0.809,80.9,1.1,3.7,4.16,152.23,149.4448,185.1816,211.172
2026-01-22,EBBNF,162.44,161.5,-0.579,0.809,80.9,1.1,3.7,4.16,152.23,149.4448,185.1816,211.172
2026-01-22,EPAM,219.05,218.46,-0.269,0.874,87.4,0.75,3.02,3.37,133.96,201.526,249.717,284.765
2026-01-22,NTR,68.1,68.96,1.263,0.71,71.0,0.64,2.41,7.55,186.71,62.652,77.634,88.53
2026-01-22,WAB,233.7,233.88,0.077,0.729,72.9,1.31,1.69,4.87,141.76,215.004,266.418,303.81
2026-01-22,GAP,27.21,27.16,-0.184,0.706,70.6,1.47,3.36,2.18,207.5,25.0332,31.0194,35.373
2026-01-22,BAP,340.61,341.5,0.261,0.841,84.1,1.7,1.93,11.88,112.81,313.3612,388.2954,442.793
2026-01-22,PQUEQ,14.61,14.84,1.574,0.728,72.8,0.67,2.98,3.47,131.4,13.4412,16.6554,18.993
2026-01-22,PRA,14.61,14.84,1.574,0.728,72.8,0.67,2.98,3.47,131.4,13.4412,16.6554,18.993
2026-01-22,GFI,52.21,52.66,0.862,0.827,82.7,1.22,3.7,10.4,137.39,48.0332,59.5194,67.873
2026-01-22,AGI,42.18,42.79,1.446,0.848,84.8,1.21,3.47,3.9,106.42,38.8056,48.0852,54.834
2026-01-22,ASX,19.06,19.45,2.046,0.898,89.8,1.18,1.9,8.84,121.04,17.5352,21.7284,24.778
2026-01-22,PRAX,304.38,304.2,-0.059,0.945,94.5,0.75,5.74,4.27,184.2,280.0296,346.9932,395.694
2026-01-22,HBM,24.11,24.76,2.696,0.909,90.9,1.14,3.66,11.59,115.62,22.1812,27.4854,31.343
2026-01-22,NTRT,152.2664,150.7847,-0.973,0.768,76.8,2.63,2.07,6.86,138.31,140.085,173.5836,197.9463
2026-01-22,NTS,152.2664,150.7847,-0.973,0.768,76.8,2.63,2.07,6.86,138.31,140.085,173.5836,197.9463
2026-01-22,PFFVF,92.15,91.48,-0.727,0.709,70.9,1.98,1.89,2.34,114.99,84.778,105.051,119.795
2026-01-22,TRMB,71.48,71.15,-0.462,0.969,96.9,0.82,2.51,4.45,197.7,65.7616,81.4872,92.924
2026-01-22,VTRS,13.24,13.18,-0.453,0.826,82.6,0.78,2.5,4.73,108.38,12.1808,15.0936,17.212
2026-01-22,AMFIQ,329.5586,326.9886,-0.78,0.874,87.4,0.67,2.34,7.37,124.14,303.1939,375.6968,428.4261
2026-01-22,PNW,91.5211,91.6003,0.087,0.928,92.8,1.44,1.73,10.18,107.09,84.1994,104.334,118.9774
2026-01-22,EG,319.704,317.9748,-0.541,0.851,85.1,1.04,1.93,3.53,107.1,294.1277,364.4625,415.6152
2026-01-22,FLSCQ,78.6,78.42,-0.229,0.902,90.2,1.49,1.91,7.24,79.61,72.312,89.604,102.18
2026-01-22,BRL,52.11,51.55,-1.075,0.849,84.9,0.82,4.01,3.77,119.65,47.9412,59.4054,67.743
2026-01-22,ZION,60.5934,60.0871,-0.836,0.736,73.6,1.17,2.25,4.0,130.69,55.746,69.0765,78.7715
2026-01-22,HMYRQ,23.04,23.5,1.997,0.837,83.7,1.27,3.9,8.0,84.07,21.1968,26.2656,29.952
2026-01-22,JBLU,5.39,5.3,-1.67,0.723,72.3,1.24,4.72,9.39,99.03,4.9588,6.1446,7.007
2026-01-22,APG,42.41,42.43,0.047,0.767,76.7,0.97,2.3,3.68,93.29,39.0172,48.3474,55.133
2026-01-22,MLIN,133.12,133.12,0.0,0.827,82.7,1.19,1.95,8.08,88.23,122.4704,151.7568,173.056
2026-01-22,MT,53.42,54.36,1.76,0.875,87.5,2.2,1.76,12.2,75.94,49.1464,60.8988,69.446
2026-01-22,ESLT,708.85,727.97,2.697,0.893,89.3,1.04,2.57,8.51,91.58,652.142,808.089,921.505
2026-01-22,FSM,11.4,11.6,1.754,0.884,88.4,1.15,4.42,11.01,82.09,10.488,12.996,14.82
2026-01-22,ACNAQ,51.67,52.09,0.813,0.781,78.1,1.05,5.3,9.44,73.77,47.5364,58.9038,67.171
2026-01-22,ACNB,51.67,52.09,0.813,0.781,78.1,1.05,5.3,9.44,73.77,47.5364,58.9038,67.171
2026-01-22,FRT,101.66,101.29,-0.364,0.957,95.7,0.75,1.5,11.8,105.39,93.5272,115.8924,132.158
2026-01-22,COLD,29.311,29.9433,2.157,0.719,71.9,1.98,2.23,3.21,59.94,26.9661,33.4146,38.1043
2026-01-22,JBTM,157.3142,157.1543,-0.102,0.759,75.9,0.67,2.34,1.23,69.99,144.729,179.3382,204.5084
2026-01-22,NVTAQ,24.41,24.3,-0.451,0.743,74.3,0.85,2.9,5.42,52.96,22.4572,27.8274,31.733
2026-01-22,BKEP,12.74,12.62,-0.942,0.892,89.2,1.29,3.02,12.82,47.7,11.7208,14.5236,16.562
2026-01-22,BIO,305.22,303.5,-0.564,0.938,93.8,1.0,2.47,7.8,92.43,280.8024,347.9508,396.786
2026-01-22,CELC,110.77,109.75,-0.921,0.913,91.3,0.85,4.66,5.6,67.53,101.9084,126.2778,144.001
2026-01-22,CELH,110.77,109.75,-0.921,0.913,91.3,0.85,4.66,5.6,67.53,101.9084,126.2778,144.001
2026-01-22,COGN,39.53,38.68,-2.15,0.975,97.5,2.24,4.86,6.03,93.58,36.3676,45.0642,51.389
2026-01-22,COGT,39.53,38.68,-2.15,0.975,97.5,2.24,4.86,6.03,93.58,36.3676,45.0642,51.389
2026-01-22,AMTM,35.56,35.83,0.759,0.919,91.9,0.84,2.69,10.33,59.45,32.7152,40.5384,46.228
2026-01-22,HUN,12.13,12.01,-0.989,0.859,85.9,1.37,4.39,10.45,51.55,11.1596,13.8282,15.769
2026-01-22,APGE,79.86,78.17,-2.116,0.905,90.5,0.77,4.38,1.69,71.33,73.4712,91.0404,103.818
2026-01-22,PAA,19.14,19.28,0.731,0.707,70.7,1.06,1.62,3.77,57.71,17.6088,21.8196,24.882
2026-01-22,CWPE,106.56,106.56,0.0,0.748,74.8,0.61,2.45,4.82,70.07,98.0352,121.4784,138.528
2026-01-22,CWST,106.56,106.56,0.0,0.748,74.8,0.61,2.45,4.82,70.07,98.0352,121.4784,138.528
2026-01-22,ARR,18.1982,18.1784,-0.108,0.711,71.1,0.64,1.85,2.35,68.6,16.7423,20.7459,23.6576
2026-01-22,ARRKF,18.1982,18.1784,-0.108,0.711,71.1,0.64,1.85,2.35,68.6,16.7423,20.7459,23.6576
2026-01-22,ARRO,18.1982,18.1784,-0.108,0.711,71.1,0.64,1.85,2.35,68.6,16.7423,20.7459,23.6576
2026-01-22,ARRS,18.1982,18.1784,-0.108,0.711,71.1,0.64,1.85,2.35,68.6,16.7423,20.7459,23.6576
2026-01-22,CNQR,100.6273,100.9469,0.318,0.761,76.1,1.03,3.67,7.68,63.23,92.5771,114.7151,130.8154
2026-01-22,CNR,100.6273,100.9469,0.318,0.761,76.1,1.03,3.67,7.68,63.23,92.5771,114.7151,130.8154
2026-01-22,CNR1,100.6273,100.9469,0.318,0.761,76.1,1.03,3.67,7.68,63.23,92.5771,114.7151,130.8154
2026-01-22,ARRT,10.8,10.99,1.759,0.751,75.1,1.38,6.38,11.46,62.82,9.936,12.312,14.04
2026-01-22,ARRY,10.8,10.99,1.759,0.751,75.1,1.38,6.38,11.46,62.82,9.936,12.312,14.04
2026-01-22,ARRY1,10.8,10.99,1.759,0.751,75.1,1.38,6.38,11.46,62.82,9.936,12.312,14.04
2026-01-22,ARS,10.8,10.99,1.759,0.751,75.1,1.38,6.38,11.46,62.82,9.936,12.312,14.04
2026-01-22,JBS,15.46,15.34,-0.776,0.765,76.5,0.93,2.57,6.9,67.46,14.2232,17.6244,20.098
2026-01-22,PLXT,181.26,180.15,-0.612,0.798,79.8,1.51,3.25,11.61,38.55,166.7592,206.6364,235.638
2026-01-22,BTSG,39.6,39.69,0.227,0.725,72.5,1.03,3.08,2.44,62.36,36.432,45.144,51.48
2026-01-22,LNTH,67.18,66.91,-0.402,0.742,74.2,0.81,2.56,0.29,56.11,61.8056,76.5852,87.334
2026-01-22,AMR,235.0,235.83,0.353,0.891,89.1,0.88,4.98,5.13,55.37,216.2,267.9,305.5
2026-01-22,HWC,68.6872,68.3101,-0.549,0.792,79.2,1.55,2.32,3.74,49.51,63.1922,78.3034,89.2933
2026-01-22,NUVL,111.99,111.01,-0.875,0.744,74.4,1.61,4.45,8.02,59.48,103.0308,127.6686,145.587
2026-01-22,ALH,90.33,88.9,-1.583,0.864,86.4,0.88,3.8,1.9,40.7,83.1036,102.9762,117.429
2026-01-22,ALHC,90.33,88.9,-1.583,0.864,86.4,0.88,3.8,1.9,40.7,83.1036,102.9762,117.429
2026-01-22,ALI,90.33,88.9,-1.583,0.864,86.4,0.88,3.8,1.9,40.7,83.1036,102.9762,117.429
2026-01-22,BANC,20.73,20.82,0.434,0.772,77.2,2.44,2.61,3.14,42.21,19.0716,23.6322,26.949
2026-01-22,HE,15.03,14.92,-0.732,0.801,80.1,1.2,4.4,11.86,56.73,13.8276,17.1342,19.539
2026-01-22,HEAL1,15.03,14.92,-0.732,0.801,80.1,1.2,4.4,11.86,56.73,13.8276,17.1342,19.539
2026-01-22,CSTM,22.87,22.96,0.394,0.86,86.0,1.3,3.0,10.58,29.65,21.0404,26.0718,29.731
2026-01-22,ATMP,57.5913,57.5013,-0.156,0.797,79.7,0.66,2.36,5.81,24.46,52.984,65.654,74.8686
2026-01-22,ATMV,57.5913,57.5013,-0.156,0.796,79.6,0.66,2.36,5.81,24.46,52.984,65.654,74.8686
2026-01-22,ATMVR,57.5913,57.5013,-0.156,0.796,79.6,0.66,2.36,5.81,24.46,52.984,65.654,74.8686
2026-01-22,PATK,128.3377,127.9391,-0.311,0.791,79.1,1.8,3.17,9.55,40.84,118.0707,146.305,166.839
2026-01-22,CRI,37.77,37.68,-0.238,0.72,72.0,1.34,4.13,9.43,46.44,34.7484,43.0578,49.101
2026-01-22,CRIC,37.77,37.68,-0.238,0.72,72.0,1.34,4.13,9.43,46.44,34.7484,43.0578,49.101
2026-01-22,PLAB,36.17,36.17,0.0,0.908,90.8,1.86,5.2,6.96,43.24,33.2764,41.2338,47.021
2026-01-22,BOJA,134.9398,134.3625,-0.428,0.819,81.9,1.5,2.32,9.27,39.79,124.1446,153.8313,175.4217
2026-01-22,BOLD,134.9398,134.3625,-0.428,0.819,81.9,1.5,2.32,9.27,39.79,124.1446,153.8313,175.4217
2026-01-22,SDZ-SW,62.2,62.68,0.772,0.825,82.5,0.98,2.06,3.94,42.03,57.224,70.908,80.86
2026-01-22,HUBG,48.27,48.04,-0.476,0.867,86.7,0.68,2.27,6.28,26.26,44.4084,55.0278,62.751
2026-01-22,ASH,62.6695,63.2854,0.983,0.795,79.5,0.84,2.54,2.96,35.51,57.656,71.4433,81.4704
2026-01-22,AUB,39.3058,39.4841,0.454,0.719,71.9,1.76,2.44,7.08,40.37,36.1613,44.8086,51.0975
2026-01-22,LCAV,21.58,21.38,-0.927,0.711,71.1,1.54,3.63,7.89,33.93,19.8536,24.6012,28.054
2026-01-22,OII,28.44,29.0,1.969,0.75,75.0,1.4,3.3,9.24,22.97,26.1648,32.4216,36.972
2026-01-22,OIIM,28.44,29.0,1.969,0.75,75.0,1.4,3.3,9.24,22.97,26.1648,32.4216,36.972
2026-01-22,IP,2.69,2.67,-0.743,0.737,73.7,1.16,7.17,4.41,31.83,2.4748,3.0666,3.497
2026-01-22,FULT,21.04,20.97,-0.333,0.722,72.2,2.2,2.28,6.05,36.41,19.3568,23.9856,27.352
2026-01-22,AMRX,13.58,13.5,-0.589,0.822,82.2,0.62,2.4,3.96,19.61,12.4936,15.4812,17.654
2026-01-22,IMVT,26.18,26.06,-0.458,0.879,87.9,1.08,4.15,0.31,39.76,24.0856,29.8452,34.034
2026-01-22,IMXI,26.18,26.06,-0.458,0.879,87.9,1.08,4.15,0.31,39.76,24.0856,29.8452,34.034
2026-01-22,ACAN,27.51,27.41,-0.364,0.789,78.9,1.41,2.75,2.37,31.47,25.3092,31.3614,35.763
2026-01-22,ACAP,27.51,27.41,-0.364,0.789,78.9,1.41,2.75,2.37,31.47,25.3092,31.3614,35.763
2026-01-22,ACAQ,27.51,27.41,-0.364,0.789,78.9,1.41,2.75,2.37,31.47,25.3092,31.3614,35.763
2026-01-22,ACAS,27.51,27.41,-0.364,0.789,78.9,1.41,2.75,2.37,31.47,25.3092,31.3614,35.763
2026-01-22,AX,96.29,95.64,-0.675,0.74,74.0,1.29,2.47,5.89,30.46,88.5868,109.7706,125.177
2026-01-22,ARCC1,91.8984,91.9783,0.087,0.777,77.7,0.76,3.39,9.66,28.85,84.5465,104.7642,119.4679
2026-01-22,ARCE,91.8984,91.9783,0.087,0.777,77.7,0.76,3.39,9.66,28.85,84.5465,104.7642,119.4679
2026-01-22,ARCH,91.8984,91.9783,0.087,0.777,77.7,0.76,3.39,9.66,28.85,84.5465,104.7642,119.4679
2026-01-22,ARCHQ,91.8984,91.9783,0.087,0.777,77.7,0.76,3.39,9.66,28.85,84.5465,104.7642,119.4679
2026-01-22,ARCIU,91.8984,91.9783,0.087,0.777,77.7,0.76,3.39,9.66,28.85,84.5465,104.7642,119.4679
2026-01-22,ARCK,91.8984,91.9783,0.087,0.777,77.7,0.76,3.39,9.66,28.85,84.5465,104.7642,119.4679
2026-01-22,AVNT1,37.64,37.38,-0.691,0.703,70.3,1.18,2.61,12.23,28.88,34.6288,42.9096,48.932
2026-01-22,LAUR1,35.43,35.16,-0.762,0.731,73.1,1.31,2.31,2.21,28.56,32.5956,40.3902,46.059
2026-01-22,BOST,4.38,4.41,0.685,0.895,89.5,0.6,3.97,4.83,17.72,4.0296,4.9932,5.694
2026-01-22,BOT,4.38,4.41,0.685,0.895,89.5,0.6,3.97,4.83,17.72,4.0296,4.9932,5.694
2026-01-22,OMCL,51.32,51.01,-0.604,0.934,93.4,0.82,2.93,5.96,22.52,47.2144,58.5048,66.716
2026-01-22,BNTT,51.76,51.79,0.058,0.831,83.1,0.6,1.63,5.61,18.02,47.6192,59.0064,67.288
2026-01-22,CPS,24.45,24.34,-0.45,0.705,70.5,0.87,2.98,4.79,27.9,22.494,27.873,31.785
2026-01-22,CEDCQ,68.21,68.1,-0.161,0.833,83.3,1.25,3.16,8.61,14.91,62.7532,77.7594,88.673
2026-01-22,CMBT,11.36,11.54,1.585,0.764,76.4,0.84,2.83,7.31,25.21,10.4512,12.9504,14.768
2026-01-22,J36-SI,74.62,75.0,0.509,0.774,77.4,1.51,2.01,4.1,19.47,68.6504,85.0668,97.006
2026-01-22,COHU,29.47,29.23,-0.814,0.823,82.3,0.63,3.63,11.97,19.36,27.1124,33.5958,38.311
2026-01-22,COLB,29.47,29.23,-0.814,0.823,82.3,0.63,3.63,11.97,19.36,27.1124,33.5958,38.311
2026-01-22,NBR,65.06,66.6,2.367,0.875,87.5,0.8,4.04,9.63,22.32,59.8552,74.1684,84.578
2026-01-22,BMA,97.5206,98.0781,0.572,0.94,94.0,0.9,4.38,6.25,24.71,89.7189,111.1735,126.7768
2026-01-22,AZTR,41.01,40.85,-0.39,0.803,80.3,1.01,3.04,10.64,20.55,37.7292,46.7514,53.313
2026-01-22,AZUL,41.01,40.85,-0.39,0.803,80.3,1.01,3.04,10.64,20.55,37.7292,46.7514,53.313
2026-01-22,NVSGF,18.96,18.95,-0.053,0.887,88.7,1.69,1.68,3.66,21.18,17.4432,21.6144,24.648
2026-01-22,NEO,12.97,13.07,0.771,0.763,76.3,0.86,4.43,3.28,25.4,11.9324,14.7858,16.861
2026-01-22,EZPW,21.79,21.86,0.321,0.745,74.5,1.67,2.91,4.53,15.78,20.0468,24.8406,28.327
2026-01-22,ANAB,47.33,47.0,-0.697,0.858,85.8,0.63,5.93,0.37,23.31,43.5436,53.9562,61.529
2026-01-22,CAEP,33.35,33.28,-0.21,0.701,70.1,0.83,1.99,3.47,17.81,30.682,38.019,43.355
2026-01-22,AZX,126.1,125.21,-0.706,0.815,81.5,0.76,2.39,8.54,19.95,116.012,143.754,163.93
2026-01-22,AZZ,126.1,125.21,-0.706,0.815,81.5,0.76,2.39,8.54,19.95,116.012,143.754,163.93
2026-01-22,B,126.1,125.21,-0.706,0.815,81.5,0.76,2.39,8.54,19.95,116.012,143.754,163.93
2026-01-22,IDXG,46.56,47.83,2.728,0.855,85.5,0.77,8.43,2.9,33.84,42.8352,53.0784,60.528
2026-01-22,DBGI,71.93,72.25,0.445,0.77,77.0,1.74,3.11,5.04,14.39,66.1756,82.0002,93.509
2026-01-22,MAZE,46.2,45.83,-0.801,0.909,90.9,1.49,5.78,12.35,15.29,42.504,52.668,60.06
2026-01-22,ANDE,60.25,60.05,-0.332,0.811,81.1,1.27,2.64,8.91,15.63,55.43,68.685,78.325
2026-01-22,ANDG,60.25,60.05,-0.332,0.811,81.1,1.27,2.64,8.91,15.63,55.43,68.685,78.325
2026-01-22,ANDN1,60.25,60.05,-0.332,0.811,81.1,1.27,2.64,8.91,15.63,55.43,68.685,78.325
2026-01-22,ANDR,60.25,60.05,-0.332,0.811,81.1,1.27,2.64,8.91,15.63,55.43,68.685,78.325
2026-01-22,MCW,6.0,5.96,-0.667,0.736,73.6,0.82,3.4,2.54,6.01,5.52,6.84,7.8
2026-01-22,GROY,4.93,4.93,0.0,0.847,84.7,0.98,4.41,9.7,16.17,4.5356,5.6202,6.409
2026-01-22,MNSB,20.7407,20.5531,-0.905,0.727,72.7,1.25,3.37,2.43,13.51,19.0815,23.6444,26.963
2026-01-22,PAX,17.1146,17.0355,-0.462,0.731,73.1,0.65,2.25,2.97,7.88,15.7455,19.5107,22.249
2026-01-22,FBNK1,60.95,60.56,-0.64,0.787,78.7,2.58,2.58,12.6,14.65,56.074,69.483,79.235
2026-01-22,BHFAL,51.04,50.82,-0.431,0.754,75.4,1.46,2.74,10.39,10.27,46.9568,58.1856,66.352
2026-01-22,LIND,16.41,16.3,-0.67,0.835,83.5,1.35,3.56,6.96,10.22,15.0972,18.7074,21.333
2026-01-22,BJGP,43.8,43.52,-0.639,0.842,84.2,0.66,3.32,2.49,14.91,40.296,49.932,56.94
2026-01-22,BJRI,43.8,43.52,-0.639,0.842,84.2,0.66,3.32,2.49,14.91,40.296,49.932,56.94
2026-01-22,CDO,21.02,20.93,-0.428,0.886,88.6,0.92,4.94,7.5,15.08,19.3384,23.9628,27.326
2026-01-22,AD,50.03,49.0,-2.059,0.754,75.4,2.94,2.89,9.94,13.91,46.0276,57.0342,65.039
2026-01-22,PLUM,88.8172,88.3188,-0.561,0.745,74.5,1.2,2.67,1.4,10.18,81.7119,101.2517,115.4624
2026-01-22,PLUR,88.8172,88.3188,-0.561,0.745,74.5,1.2,2.67,1.4,10.18,81.7119,101.2517,115.4624
2026-01-22,PLUS,88.8172,88.3188,-0.561,0.745,74.5,1.2,2.67,1.4,10.18,81.7119,101.2517,115.4624
2026-01-22,BBAO,18.5877,18.6475,0.322,0.949,94.9,1.32,4.54,2.74,10.4,17.1006,21.1899,24.164
2026-01-22,BBAR,18.5877,18.6475,0.322,0.949,94.9,1.32,4.54,2.74,10.4,17.1006,21.1899,24.164
2026-01-22,BBAR1,18.5877,18.6475,0.322,0.949,94.9,1.32,4.54,2.74,10.4,17.1006,21.1899,24.164
2026-01-22,GSL,35.7155,35.6761,-0.11,0.83,83.0,0.98,2.16,2.36,10.88,32.8583,40.7157,46.4301
2026-01-22,DHC,5.7199,5.6999,-0.349,0.846,84.6,1.44,3.57,8.38,9.11,5.2623,6.5207,7.4358
2026-01-22,DHCC,5.7199,5.6999,-0.349,0.846,84.6,1.44,3.57,8.38,9.11,5.2623,6.5207,7.4358
2026-01-22,ISSI,21.17,21.31,0.661,0.96,96.0,0.7,6.67,6.33,14.22,19.4764,24.1338,27.521
2026-01-22,ISSX,21.17,21.31,0.661,0.96,96.0,0.7,6.67,6.33,14.22,19.4764,24.1338,27.521
2026-01-22,ARVLF,12.57,12.6,0.239,0.872,87.2,1.02,4.38,4.19,8.58,11.5644,14.3298,16.341
2026-01-22,ARVN,12.57,12.6,0.239,0.872,87.2,1.02,4.38,4.19,8.58,11.5644,14.3298,16.341
2026-01-22,MLKIQ,20.0474,19.8492,-0.989,0.714,71.4,1.09,2.8,6.99,10.63,18.4436,22.8541,26.0616
2026-01-22,MLKN,20.0474,19.8492,-0.989,0.714,71.4,1.09,2.8,6.99,10.63,18.4436,22.8541,26.0616
2026-01-22,APEI,43.72,43.54,-0.412,0.755,75.5,0.94,3.44,11.28,10.48,40.2224,49.8408,56.836
2026-01-22,APEX,43.72,43.54,-0.412,0.755,75.5,0.94,3.44,11.28,10.48,40.2224,49.8408,56.836
2026-01-22,APEX1,43.72,43.54,-0.412,0.755,75.5,0.94,3.44,11.28,10.48,40.2224,49.8408,56.836
2026-01-22,APFC,43.72,43.54,-0.412,0.755,75.5,0.94,3.44,11.28,10.48,40.2224,49.8408,56.836
2026-01-22,APFH,43.72,43.54,-0.412,0.755,75.5,0.94,3.44,11.28,10.48,40.2224,49.8408,56.836
2026-01-22,CYD,44.37,44.65,0.631,0.74,74.0,0.76,3.98,11.22,6.59,40.8204,50.5818,57.681
2026-01-22,ALNT,63.75,63.47,-0.439,0.701,70.1,1.11,3.92,9.07,8.22,58.65,72.675,82.875
2026-01-22,NTBL,50.8419,50.6438,-0.39,0.758,75.8,1.07,1.56,2.05,7.45,46.7745,57.9598,66.0945
2026-01-22,CNOB1,28.5718,28.4625,-0.382,0.717,71.7,1.1,2.54,7.54,7.05,26.2861,32.5719,37.1434
2026-01-22,CNOBP,28.5718,28.4625,-0.382,0.717,71.7,1.1,2.54,7.54,7.05,26.2861,32.5719,37.1434
2026-01-22,AIQUF,16.95,16.83,-0.708,0.734,73.4,0.98,5.14,1.8,6.94,15.594,19.323,22.035
2026-01-22,AIQUY,16.95,16.83,-0.708,0.734,73.4,0.98,5.14,1.8,6.94,15.594,19.323,22.035
2026-01-22,AIR,16.95,16.83,-0.708,0.734,73.4,0.98,5.14,1.8,6.94,15.594,19.323,22.035
2026-01-22,CLB,19.6192,19.879,1.325,0.704,70.4,0.77,3.42,8.75,6.32,18.0496,22.3659,25.5049
2026-01-23,GOOGL,327.6993,327.5794,-0.037,0.781,78.1,0.99,2.12,1.43,9012.4,301.4834,373.5772,426.0091
2026-01-23,GOOG,328.43,328.2,-0.07,0.78,78.0,1.04,2.1,1.42,6010.85,302.1556,374.4102,426.959
2026-01-23,XOM,134.0763,136.0233,1.452,0.739,73.9,1.03,1.83,7.64,2301.23,123.3502,152.847,174.2992
2026-01-23,LRCX,217.94,218.98,0.477,0.885,88.5,0.85,4.0,7.67,2595.51,200.5048,248.4516,283.322
2026-01-23,AMAT,322.38,322.0,-0.118,0.828,82.8,0.94,3.09,9.92,2124.4,296.5896,367.5132,419.094
2026-01-23,ASML,1387.2103,1384.0445,-0.228,0.846,84.6,0.91,2.23,12.69,2371.03,1276.2335,1581.4198,1803.3734
2026-01-23,JNJ,220.14,220.21,0.032,0.721,72.1,0.85,1.68,4.19,1801.94,202.5288,250.9596,286.182
2026-01-23,CAT,626.62,628.0,0.22,0.757,75.7,1.07,2.36,2.04,1331.67,576.4904,714.3468,814.606
2026-01-23,RKLB,88.9,86.745,-2.424,0.867,86.7,0.9,8.08,7.27,2419.38,81.788,101.346,115.57
2026-01-23,CVNA,473.31,474.59,0.27,0.851,85.1,0.97,4.0,5.92,1202.95,435.4452,539.5734,615.303
2026-01-23,KLAC,1512.78,1512.4399,-0.022,0.835,83.5,1.01,3.23,9.15,1519.06,1391.7576,1724.5692,1966.614
2026-01-23,STX,346.1,348.85,0.795,0.912,91.2,0.95,5.36,12.11,1076.74,318.412,394.554,449.93
2026-01-23,NVO,62.26,62.88,0.996,0.742,74.2,1.27,2.74,9.48,1377.23,57.2792,70.9764,80.938
2026-01-23,ADI,304.6461,304.1975,-0.147,0.819,81.9,0.93,2.32,5.05,955.47,280.2744,347.2966,396.04
2026-01-23,XBI,128.04,126.81,-0.961,0.702,70.2,1.17,2.27,2.72,1246.86,117.7968,145.9656,166.452
2026-01-23,COHR1,196.94,196.28,-0.335,0.902,90.2,0.66,6.26,3.6,764.23,181.1848,224.5116,256.022
2026-01-23,NEM,124.31,127.71,2.735,0.921,92.1,0.99,2.76,12.81,1012.72,114.3652,141.7134,161.603
2026-01-23,LMT,590.82,590.0,-0.139,0.783,78.3,0.66,2.75,10.35,1134.97,543.5544,673.5348,768.066
2026-01-23,AMGN,344.75,344.7,-0.014,0.757,75.7,0.86,2.2,3.93,810.86,317.17,393.015,448.175
2026-01-23,SLB,48.8619,49.4086,1.119,0.876,87.6,2.21,2.81,12.35,963.34,44.9529,55.7025,63.5204
2026-01-23,TER,229.18,229.18,0.0,0.916,91.6,0.74,3.22,5.35,563.56,210.8456,261.2652,297.934
2026-01-23,MCHP,74.71,74.71,0.0,0.73,73.0,0.96,2.91,4.94,587.98,68.7332,85.1694,97.123
2026-01-23,FITB,50.74,50.72,-0.039,0.769,76.9,1.31,2.31,3.6,424.51,46.6808,57.8436,65.962
2026-01-23,UPS,107.98,108.21,0.213,0.787,78.7,0.89,1.82,2.92,488.84,99.3416,123.0972,140.374
2026-01-23,SATS,126.5,126.0,-0.395,0.934,93.4,0.68,4.44,7.49,704.44,116.38,144.21,164.45
2026-01-23,USB,55.47,55.6,0.234,0.735,73.5,1.44,1.8,1.51,603.42,51.0324,63.2358,72.111
2026-01-23,FDX,304.21,305.22,0.332,0.796,79.6,1.04,2.09,0.22,508.58,279.8732,346.7994,395.473
2026-01-23,PH,926.2637,927.0023,0.08,0.767,76.7,0.87,1.75,1.23,472.84,852.1626,1055.9406,1204.1428
2026-01-23,PNC,219.39,219.59,0.091,0.759,75.9,1.18,1.96,2.11,600.43,201.8388,250.1046,285.207
2026-01-23,CMIIU,569.8642,567.6915,-0.381,0.872,87.2,1.26,1.73,4.31,405.36,524.2751,649.6452,740.8235
2026-01-23,CMIKA,569.8642,567.6915,-0.381,0.872,87.2,1.26,1.73,4.31,405.36,524.2751,649.6452,740.8235
2026-01-23,CMIN,569.8642,567.6915,-0.381,0.872,87.2,1.26,1.73,4.31,405.36,524.2751,649.6452,740.8235
2026-01-23,CMIV,569.8642,567.6915,-0.381,0.872,87.2,1.26,1.73,4.31,405.36,524.2751,649.6452,740.8235
2026-01-23,ELV,368.7867,369.0649,0.075,0.915,91.5,1.31,2.15,6.96,391.1,339.2837,420.4168,479.4226
2026-01-23,LHX,354.73,354.2,-0.149,0.783,78.3,0.92,2.56,9.25,569.33,326.3516,404.3922,461.149
2026-01-23,BKR,53.92,55.65,3.208,0.718,71.8,1.87,2.69,9.37,433.5,49.6064,61.4688,70.096
2026-01-23,MNST,82.0,82.7,0.854,0.741,74.1,0.89,1.8,5.14,404.03,75.44,93.48,106.6
2026-01-23,CHSCL,176.0578,176.297,0.136,0.877,87.7,1.07,1.91,4.02,257.74,161.9732,200.7059,228.8751
2026-01-23,EL,117.69,117.62,-0.059,0.741,74.1,0.89,2.67,5.52,360.65,108.2748,134.1666,152.997
2026-01-23,ROST,188.55,187.61,-0.499,0.74,74.0,0.96,1.65,0.54,389.79,173.466,214.947,245.115
2026-01-23,DG,146.92,148.75,1.246,0.897,89.7,0.76,2.77,2.64,470.39,135.1664,167.4888,190.996
2026-01-23,SCCO,181.9595,186.6492,2.577,0.886,88.6,1.35,3.37,11.37,351.77,167.4027,207.4338,236.5474
2026-01-23,ODFL,174.3,173.93,-0.212,0.828,82.8,0.93,2.73,3.45,309.86,160.356,198.702,226.59
2026-01-23,PCAR,121.6832,121.374,-0.254,0.736,73.6,0.84,2.03,4.48,340.44,111.9485,138.7188,158.1881
2026-01-23,ROK,417.84,418.85,0.242,0.714,71.4,1.15,2.0,2.29,263.37,384.4128,476.3376,543.192
2026-01-23,KTTA,110.39,108.7,-1.531,0.779,77.9,1.01,6.23,7.95,437.96,101.5588,125.8446,143.507
2026-01-23,EXE,108.8954,110.9044,1.845,0.826,82.6,0.84,2.62,9.79,333.52,100.1838,124.1407,141.564
2026-01-23,DLTR,128.92,129.26,0.264,0.904,90.4,1.23,2.85,5.27,352.23,118.6064,146.9688,167.596
2026-01-23,RIO,90.43,92.0,1.736,0.826,82.6,0.73,1.58,7.64,367.29,83.1956,103.0902,117.559
2026-01-23,ROG-SW,348.1,346.3,-0.517,0.829,82.9,0.75,1.53,2.9,382.89,320.252,396.834,452.53
2026-01-23,CAH,208.33,208.86,0.254,0.827,82.7,1.43,1.83,0.45,315.61,191.6636,237.4962,270.829
2026-01-23,KEYS,212.94,213.32,0.178,0.822,82.2,0.9,2.12,1.49,188.53,195.9048,242.7516,276.822
2026-01-23,NUE,181.65,182.63,0.54,0.82,82.0,1.2,2.36,6.86,279.6,167.118,207.081,236.145
2026-01-23,BHP,67.52,68.86,1.985,0.761,76.1,0.98,1.56,6.43,238.95,62.1184,76.9728,87.776
2026-01-23,AU,106.26,109.56,3.106,0.93,93.0,1.53,3.35,12.42,246.56,97.7592,121.1364,138.138
2026-01-23,HUT,58.22,58.78,0.962,0.733,73.3,1.31,8.07,4.37,281.41,53.5624,66.3708,75.686
2026-01-23,IT,231.76,233.21,0.626,0.778,77.8,0.86,3.09,6.0,193.2,213.2192,264.2064,301.288
2026-01-23,MOH,201.89,201.1,-0.391,0.803,80.3,0.76,3.48,10.63,242.84,185.7388,230.1546,262.457
2026-01-23,AME,220.74,220.6,-0.063,0.747,74.7,1.9,1.56,4.03,252.41,203.0808,251.6436,286.962
2026-01-23,MTB,213.82,213.82,0.0,0.743,74.3,1.19,2.18,1.79,223.99,196.7144,243.7548,277.966
2026-01-23,CNC,46.09,46.05,-0.087,0.883,88.3,0.69,2.83,3.7,252.87,42.4028,52.5426,59.917
2026-01-23,CNCE,46.09,46.05,-0.087,0.883,88.3,0.69,2.83,3.7,252.87,42.4028,52.5426,59.917
2026-01-23,TRGP,190.5497,192.898,1.232,0.81,81.0,1.15,2.58,4.63,205.9,175.3058,217.2267,247.7146
2026-01-23,PODD,271.6,271.56,-0.015,0.99,99.0,2.16,2.75,12.84,209.05,249.872,309.624,353.08
2026-01-23,ATHXQ,123.55,123.56,0.008,0.861,86.1,1.2,2.61,2.18,147.13,113.666,140.847,160.615
2026-01-23,ATI,123.55,123.56,0.008,0.861,86.1,1.2,2.61,2.18,147.13,113.666,140.847,160.615
2026-01-23,ATI1,123.55,123.56,0.008,0.861,86.1,1.2,2.61,2.18,147.13,113.666,140.847,160.615
2026-01-23,SU,50.87,51.42,1.081,0.823,82.3,0.64,2.44,8.69,230.74,46.8004,57.9918,66.131
2026-01-23,EXPD,159.21,159.59,0.239,0.95,95.0,0.88,1.69,11.86,202.85,146.4732,181.4994,206.973
2026-01-23,FOXA,72.5242,72.7233,0.274,0.889,88.9,0.79,1.79,3.01,194.94,66.7223,82.6776,94.2815
2026-01-23,BRO,78.9984,79.1681,0.215,0.922,92.2,1.13,2.14,6.84,190.52,72.6786,90.0582,102.698
2026-01-23,AGNC,11.7247,11.7445,0.169,0.754,75.4,0.77,1.67,5.19,219.69,10.7867,13.3662,15.2421
2026-01-23,NTRA,241.58,241.15,-0.178,0.814,81.4,0.9,3.55,1.74,258.56,222.2536,275.4012,314.054
2026-01-23,HII,417.2761,413.0991,-1.001,0.884,88.4,0.76,2.99,8.89,247.04,383.894,475.6947,542.4589
2026-01-23,AMLJ,49.71,50.01,0.603,0.909,90.9,0.75,5.55,4.24,205.02,45.7332,56.6694,64.623
2026-01-23,AMLN,49.71,50.01,0.603,0.909,90.9,0.75,5.55,4.24,205.02,45.7332,56.6694,64.623
2026-01-23,AMKR,49.6149,49.9144,0.603,0.909,90.9,0.75,5.55,4.24,204.63,45.6457,56.561,64.4994
2026-01-23,BBIG,77.87,76.96,-1.169,0.785,78.5,0.87,4.03,1.77,212.85,71.6404,88.7718,101.231
2026-01-23,BBIO,77.87,76.96,-1.169,0.785,78.5,0.87,4.03,1.77,212.85,71.6404,88.7718,101.231
2026-01-23,ATO,164.4264,165.6894,0.768,0.936,93.6,1.91,1.94,1.05,219.43,151.2723,187.4461,213.7543
2026-01-23,BR,207.54,207.81,0.13,0.985,98.5,0.98,1.83,12.13,176.36,190.9368,236.5956,269.802
2026-01-23,ITUB,8.29,8.27,-0.241,0.821,82.1,1.81,1.67,11.7,149.02,7.6268,9.4506,10.777
2026-01-23,DD,43.9636,44.1429,0.408,0.843,84.3,1.22,2.11,3.76,209.06,40.4465,50.1185,57.1527
2026-01-23,GH,114.75,114.15,-0.523,0.926,92.6,0.78,4.41,6.05,214.89,105.57,130.815,149.175
2026-01-23,ETSY,60.17,59.65,-0.864,0.877,87.7,0.94,3.52,5.58,165.04,55.3564,68.5938,78.221
2026-01-23,RL,367.37,367.42,0.014,0.962,96.2,0.86,2.23,11.19,172.63,337.9804,418.8018,477.581
2026-01-23,FNV,255.75,262.5,2.639,0.882,88.2,1.84,3.14,11.72,199.66,235.29,291.555,332.475
2026-01-23,BAH,101.456,102.2202,0.753,0.749,74.9,3.09,2.99,11.12,201.33,93.3395,115.6599,131.8928
2026-01-23,BAIDF,101.456,102.2202,0.753,0.749,74.9,3.09,2.99,11.12,201.33,93.3395,115.6599,131.8928
2026-01-23,BAK,101.456,102.2202,0.753,0.749,74.9,3.09,2.99,11.12,201.33,93.3395,115.6599,131.8928
2026-01-23,BAKR,101.456,102.2202,0.753,0.749,74.9,3.09,2.99,11.12,201.33,93.3395,115.6599,131.8928
2026-01-23,ARWM,67.05,66.5,-0.82,0.933,93.3,0.76,5.3,0.21,170.68,61.686,76.437,87.165
2026-01-23,ARWR,67.05,66.5,-0.82,0.933,93.3,0.76,5.3,0.21,170.68,61.686,76.437,87.165
2026-01-23,ZBH,86.6,86.76,0.185,0.929,92.9,0.73,2.71,4.48,211.91,79.672,98.724,112.58
2026-01-23,WSM,204.5,204.25,-0.122,0.756,75.6,0.87,3.53,6.06,224.57,188.14,233.13,265.85
2026-01-23,CATA1,623.33,625.22,0.303,0.722,72.2,0.77,2.16,5.09,191.95,573.4636,710.5962,810.329
2026-01-23,EAXR,162.77,161.5,-0.78,0.838,83.8,1.15,3.64,3.9,153.88,149.7484,185.5578,211.601
2026-01-23,EB,162.77,161.5,-0.78,0.838,83.8,1.15,3.64,3.9,153.88,149.7484,185.5578,211.601
2026-01-23,EBBGF,162.77,161.5,-0.78,0.838,83.8,1.15,3.64,3.9,153.88,149.7484,185.5578,211.601
2026-01-23,EBBNF,162.77,161.5,-0.78,0.838,83.8,1.15,3.64,3.9,153.88,149.7484,185.5578,211.601
2026-01-23,EPAM,218.21,219.77,0.715,0.86,86.0,1.13,2.99,2.73,134.57,200.7532,248.7594,283.673
2026-01-23,NTR,70.88,71.44,0.79,0.79,79.0,0.94,2.47,11.3,195.64,65.2096,80.8032,92.144
2026-01-23,WAB,230.11,231.13,0.443,0.7,70.0,1.24,1.77,3.02,139.62,211.7012,262.3254,299.143
2026-01-23,BAP,344.33,342.92,-0.409,0.859,85.9,1.24,1.97,12.09,117.99,316.7836,392.5362,447.629
2026-01-23,PQUEQ,14.78,14.94,1.083,0.748,74.8,1.02,2.97,4.4,135.4,13.5976,16.8492,19.214
2026-01-23,PRA,14.78,14.94,1.083,0.748,74.8,1.02,2.97,4.4,135.4,13.5976,16.8492,19.214
2026-01-23,ES,68.8521,68.8619,0.014,0.919,91.9,1.2,2.33,9.36,139.64,63.3439,78.4913,89.5077
2026-01-23,GFI,53.22,56.36,5.9,0.888,88.8,1.1,3.75,11.7,139.06,48.9624,60.6708,69.186
2026-01-23,BWA,47.5691,47.5791,0.021,0.956,95.6,0.84,2.05,10.06,76.77,43.7636,54.2288,61.8398
2026-01-23,AGI,43.42,44.39,2.234,0.89,89.0,1.36,3.53,6.6,113.41,39.9464,49.4988,56.446
2026-01-23,AER,144.5096,144.6093,0.069,0.76,76.0,1.09,1.66,0.24,122.55,132.9488,164.7409,187.8625
2026-01-23,ASX,19.39,19.65,1.341,0.903,90.3,1.37,1.9,9.51,129.45,17.8388,22.1046,25.207
2026-01-23,GFS,42.85,43.51,1.54,0.771,77.1,1.19,3.83,8.02,154.96,39.422,48.849,55.705
2026-01-23,IEX,195.27,194.95,-0.164,0.912,91.2,0.99,1.98,12.81,114.37,179.6484,222.6078,253.851
2026-01-23,ASA,37.72,38.24,1.379,0.709,70.9,1.47,2.94,0.28,115.78,34.7024,43.0008,49.036
2026-01-23,PRAX,311.71,305.98,-1.838,0.932,93.2,0.9,5.83,6.12,190.95,286.7732,355.3494,405.223
2026-01-23,NTRT,147.8014,147.8611,0.04,0.747,74.7,1.25,2.17,3.42,131.56,135.9773,168.4936,192.1418
2026-01-23,NTS,147.8014,147.8611,0.04,0.747,74.7,1.25,2.17,3.42,131.56,135.9773,168.4936,192.1418
2026-01-23,TAP,48.8471,49.0549,0.426,0.919,91.9,0.85,2.21,9.78,133.14,44.9393,55.6857,63.5012
2026-01-23,PFFVF,91.21,91.43,0.241,0.706,70.6,1.24,1.96,1.2,116.99,83.9132,103.9794,118.573
2026-01-23,TRMB,71.19,71.32,0.183,0.963,96.3,0.76,2.42,1.81,171.99,65.4948,81.1566,92.547
2026-01-23,AGX,363.88,363.28,-0.165,0.794,79.4,0.91,5.04,8.06,110.16,334.7696,414.8232,473.044
2026-01-23,AGX1,363.88,363.28,-0.165,0.794,79.4,0.91,5.04,8.06,110.16,334.7696,414.8232,473.044
2026-01-23,VTRS,13.21,13.2,-0.076,0.83,83.0,0.85,2.49,4.0,107.51,12.1532,15.0594,17.173
2026-01-23,AMFIQ,319.8089,321.2588,0.453,0.848,84.8,0.79,2.39,3.73,119.32,294.2242,364.5821,415.7516
2026-01-23,MAA,135.79,136.49,0.516,0.96,96.0,0.6,1.89,11.51,134.65,124.9268,154.8006,176.527
2026-01-23,PNW,91.2735,91.7489,0.521,0.927,92.7,1.82,1.7,8.07,111.11,83.9716,104.0518,118.6556
2026-01-23,EG,321.5624,323.1922,0.507,0.863,86.3,0.86,1.9,3.02,106.23,295.8374,366.5811,418.0311
2026-01-23,FLSCQ,77.88,78.84,1.233,0.906,90.6,0.83,1.95,5.77,80.09,71.6496,88.7832,101.244
2026-01-23,HMYRQ,23.45,24.33,3.753,0.892,89.2,1.33,3.85,9.52,87.18,21.574,26.733,30.485
2026-01-23,GRAL,104.9,104.51,-0.372,0.791,79.1,1.62,7.21,6.89,79.11,96.508,119.586,136.37
2026-01-23,MLIN,132.73,133.22,0.369,0.831,83.1,0.89,1.97,7.1,88.32,122.1116,151.3122,172.549
2026-01-23,AIZ,232.4456,233.7105,0.544,0.965,96.5,0.62,1.77,11.3,97.45,213.85,264.988,302.1793
2026-01-23,RYAAY,70.97,68.73,-3.156,0.711,71.1,1.16,1.54,0.52,73.89,65.2924,80.9058,92.261
2026-01-23,FSM,11.65,12.29,5.494,0.903,90.3,0.9,4.36,12.64,83.74,10.718,13.281,15.145
2026-01-23,ACNAQ,49.85,49.52,-0.662,0.739,73.9,0.77,5.37,4.48,71.73,45.862,56.829,64.805
2026-01-23,ACNB,49.85,49.52,-0.662,0.739,73.9,0.77,5.37,4.48,71.73,45.862,56.829,64.805
2026-01-23,FRPT,71.55,72.28,1.02,0.829,82.9,0.95,3.73,11.52,68.24,65.826,81.567,93.015
2026-01-23,NVTAQ,23.84,23.86,0.084,0.734,73.4,0.82,2.94,2.53,51.11,21.9328,27.1776,30.992
2026-01-23,GVA,120.28,120.81,0.441,0.711,71.1,1.52,2.2,0.21,77.26,110.6576,137.1192,156.364
2026-01-23,ORAL,123.2852,123.6048,0.259,0.709,70.9,0.83,2.57,5.85,67.44,113.4224,140.5451,160.2707
2026-01-23,BIO,296.57,295.59,-0.33,0.931,93.1,0.83,2.68,2.65,81.72,272.8444,338.0898,385.541
2026-01-23,CELC,110.05,108.52,-1.39,0.889,88.9,1.55,4.9,4.53,69.25,101.246,125.457,143.065
2026-01-23,CELH,110.05,108.52,-1.39,0.889,88.9,1.55,4.9,4.53,69.25,101.246,125.457,143.065
2026-01-23,AMTM,35.38,35.51,0.367,0.921,92.1,0.71,2.72,8.77,59.44,32.5496,40.3332,45.994
2026-01-23,HUN,11.85,12.0,1.266,0.834,83.4,0.72,4.41,6.96,50.33,10.902,13.509,15.405
2026-01-23,PAA,19.19,19.3,0.573,0.715,71.5,1.82,1.68,3.65,62.07,17.6548,21.8766,24.947
2026-01-23,CWPE,105.81,106.14,0.312,0.753,75.3,0.6,2.49,3.78,66.15,97.3452,120.6234,137.553
2026-01-23,CWST,105.81,106.14,0.312,0.753,75.3,0.6,2.49,3.78,66.15,97.3452,120.6234,137.553
2026-01-23,ARR,18.1192,18.1587,0.218,0.728,72.8,0.65,1.83,1.61,68.91,16.6697,20.6559,23.555
2026-01-23,ARRKF,18.1192,18.1587,0.218,0.728,72.8,0.65,1.83,1.61,68.91,16.6697,20.6559,23.555
2026-01-23,ARRO,18.1192,18.1587,0.218,0.728,72.8,0.65,1.83,1.61,68.91,16.6697,20.6559,23.555
2026-01-23,ARRS,18.1192,18.1587,0.218,0.728,72.8,0.65,1.83,1.61,68.91,16.6697,20.6559,23.555
2026-01-23,CNQR,99.0891,99.8782,0.796,0.773,77.3,0.93,3.65,5.48,62.9,91.162,112.9616,128.8159
2026-01-23,CNR,99.0891,99.8782,0.796,0.773,77.3,0.93,3.65,5.48,62.9,91.162,112.9616,128.8159
2026-01-23,CNR1,99.0891,99.8782,0.796,0.773,77.3,0.93,3.65,5.48,62.9,91.162,112.9616,128.8159
2026-01-23,IPGP,86.44,86.35,-0.104,0.928,92.8,1.4,3.08,12.01,30.59,79.5248,98.5416,112.372
2026-01-23,ARRT,10.53,10.44,-0.855,0.712,71.2,0.83,6.45,8.37,61.18,9.6876,12.0042,13.689
2026-01-23,ARRY,10.53,10.44,-0.855,0.712,71.2,0.83,6.45,8.37,61.18,9.6876,12.0042,13.689
2026-01-23,ARRY1,10.53,10.44,-0.855,0.712,71.2,0.83,6.45,8.37,61.18,9.6876,12.0042,13.689
2026-01-23,ARS,10.53,10.44,-0.855,0.712,71.2,0.83,6.45,8.37,61.18,9.6876,12.0042,13.689
2026-01-23,JBS,15.63,15.5,-0.832,0.772,77.2,0.62,2.61,7.67,66.9,14.3796,17.8182,20.319
2026-01-23,PLXT,174.02,174.36,0.195,0.776,77.6,1.95,3.42,6.49,39.97,160.0984,198.3828,226.226
2026-01-23,BTE,3.32,3.34,0.602,0.896,89.6,1.06,4.19,1.53,57.42,3.0544,3.7848,4.316
2026-01-23,BTSG,39.64,39.82,0.454,0.735,73.5,0.93,3.12,2.3,61.83,36.4688,45.1896,51.532
2026-01-23,LNTH,67.51,67.58,0.104,0.716,71.6,0.77,2.54,0.7,54.69,62.1092,76.9614,87.763
2026-01-23,GMAB,33.88,33.42,-1.358,0.724,72.4,0.95,2.76,2.51,66.46,31.1696,38.6232,44.044
2026-01-23,GMANQ,33.88,33.42,-1.358,0.724,72.4,0.95,2.76,2.51,66.46,31.1696,38.6232,44.044
2026-01-23,AMR,231.15,233.0,0.8,0.886,88.6,0.78,4.99,2.9,54.48,212.658,263.511,300.495
2026-01-23,BEAG,31.56,31.288,-0.862,0.743,74.3,1.07,7.32,5.0,62.61,29.0352,35.9784,41.028
2026-01-23,BEAM,31.56,31.288,-0.862,0.743,74.3,1.07,7.32,5.0,62.61,29.0352,35.9784,41.028
2026-01-23,HWC,66.6626,66.6626,-0.0,0.76,76.0,1.48,2.42,0.57,50.48,61.3296,75.9954,86.6614
2026-01-23,LGIQ,49.77,51.18,2.833,0.864,86.4,1.27,4.79,8.64,57.31,45.7884,56.7378,64.701
2026-01-23,LGL,49.77,51.18,2.833,0.864,86.4,1.27,4.79,8.64,57.31,45.7884,56.7378,64.701
2026-01-23,LGL-WT,49.77,51.18,2.833,0.864,86.4,1.27,4.79,8.64,57.31,45.7884,56.7378,64.701
2026-01-23,LGN,49.77,51.18,2.833,0.864,86.4,1.27,4.79,8.64,57.31,45.7884,56.7378,64.701
2026-01-23,HE,14.74,15.07,2.239,0.784,78.4,1.02,4.44,8.49,55.46,13.5608,16.8036,19.162
2026-01-23,HEAL1,14.74,15.07,2.239,0.784,78.4,1.02,4.44,8.49,55.46,13.5608,16.8036,19.162
2026-01-23,CSTM,22.94,23.24,1.308,0.87,87.0,0.63,3.04,9.92,29.32,21.1048,26.1516,29.822
2026-01-23,ATMP,56.5022,56.682,0.318,0.796,79.6,0.65,2.49,3.54,23.59,51.982,64.4125,73.4528
2026-01-23,ATMV,56.5022,56.682,0.318,0.796,79.6,0.65,2.49,3.54,23.59,51.982,64.4125,73.4528
2026-01-23,ATMVR,56.5022,56.682,0.318,0.796,79.6,0.65,2.49,3.54,23.59,51.982,64.4125,73.4528
2026-01-23,GOLD1,42.963,43.85,2.064,0.918,91.8,0.88,4.44,11.61,25.47,39.526,48.9779,55.852
2026-01-23,PATK,127.8394,127.4109,-0.335,0.789,78.9,0.67,3.15,8.37,40.79,117.6123,145.737,166.1913
2026-01-23,PLAB,34.72,34.72,0.0,0.898,89.8,0.94,5.4,2.59,42.09,31.9424,39.5808,45.136
2026-01-23,BOJA,131.4961,130.3714,-0.855,0.788,78.8,1.35,2.38,6.0,39.1,120.9764,149.9055,170.9449
2026-01-23,BOLD,131.4961,130.3714,-0.855,0.788,78.8,1.35,2.38,6.0,39.1,120.9764,149.9055,170.9449
2026-01-23,SDZ-SW,63.68,63.1,-0.911,0.842,84.2,1.06,2.13,5.91,43.26,58.5856,72.5952,82.784
2026-01-23,HUBG,47.43,47.62,0.401,0.848,84.8,0.7,2.32,4.03,25.62,43.6356,54.0702,61.659
2026-01-23,ASH,62.898,62.9874,0.142,0.817,81.7,0.85,2.56,2.97,35.66,57.8662,71.7037,81.7674
2026-01-23,AUB,38.5131,38.6816,0.437,0.722,72.2,1.52,2.57,4.56,40.44,35.4321,43.905,50.0671
2026-01-23,PAIYY,20.33,20.39,0.295,0.737,73.7,1.16,1.58,3.24,34.28,18.7036,23.1762,26.429
2026-01-23,PALDF,20.33,20.39,0.295,0.737,73.7,1.16,1.58,3.24,34.28,18.7036,23.1762,26.429
2026-01-23,OII,29.17,29.49,1.097,0.815,81.5,1.58,3.27,11.04,24.31,26.8364,33.2538,37.921
2026-01-23,OIIM,29.17,29.49,1.097,0.815,81.5,1.58,3.27,11.04,24.31,26.8364,33.2538,37.921
2026-01-23,AMRX,13.39,13.36,-0.224,0.846,84.6,0.63,2.43,2.29,18.43,12.3188,15.2646,17.407
2026-01-23,ACAN,26.84,26.58,-0.969,0.725,72.5,1.64,2.82,0.06,31.94,24.6928,30.5976,34.892
2026-01-23,ACAP,26.84,26.58,-0.969,0.725,72.5,1.64,2.82,0.06,31.94,24.6928,30.5976,34.892
2026-01-23,ACAQ,26.84,26.58,-0.969,0.725,72.5,1.64,2.82,0.06,31.94,24.6928,30.5976,34.892
2026-01-23,ACAS,26.84,26.58,-0.969,0.725,72.5,1.64,2.82,0.06,31.94,24.6928,30.5976,34.892
2026-01-23,ARCC1,89.581,89.4311,-0.167,0.761,76.1,0.71,3.46,6.09,28.24,82.4145,102.1223,116.4553
2026-01-23,ARCE,89.581,89.4311,-0.167,0.761,76.1,0.71,3.46,6.09,28.24,82.4145,102.1223,116.4553
2026-01-23,ARCH,89.581,89.4311,-0.167,0.763,76.3,0.71,3.46,6.09,28.24,82.4145,102.1223,116.4553
2026-01-23,ARCHQ,89.581,89.4311,-0.167,0.763,76.3,0.71,3.46,6.09,28.24,82.4145,102.1223,116.4553
2026-01-23,ARCIU,89.581,89.4311,-0.167,0.763,76.3,0.71,3.46,6.09,28.24,82.4145,102.1223,116.4553
2026-01-23,ARCK,89.581,89.4311,-0.167,0.763,76.3,0.71,3.46,6.09,28.24,82.4145,102.1223,116.4553
2026-01-23,AVNT1,37.4,37.67,0.722,0.705,70.5,1.07,2.62,10.49,28.1,34.408,42.636,48.62
2026-01-23,AXGN,32.83,32.67,-0.487,0.949,94.9,1.66,4.5,2.08,29.79,30.2036,37.4262,42.679
2026-01-23,BOST,4.47,4.53,1.342,0.891,89.1,1.94,4.07,6.4,18.88,4.1124,5.0958,5.811
2026-01-23,BOT,4.47,4.53,1.342,0.891,89.1,1.94,4.07,6.4,18.88,4.1124,5.0958,5.811
2026-01-23,OMCL,50.3,50.3,0.0,0.93,93.0,0.63,2.96,3.35,21.48,46.276,57.342,65.39
2026-01-23,CEDCQ,68.44,68.45,0.015,0.83,83.0,1.21,3.19,8.31,15.32,62.9648,78.0216,88.972
2026-01-23,CMBT,11.52,11.84,2.778,0.812,81.2,0.62,2.88,7.79,25.25,10.5984,13.1328,14.976
2026-01-23,J36-SI,74.77,74.99,0.294,0.805,80.5,1.36,2.0,3.79,20.41,68.7884,85.2378,97.201
2026-01-23,EWTLQ,28.61,28.33,-0.979,0.947,94.7,0.78,6.61,10.04,41.44,26.3212,32.6154,37.193
2026-01-23,COHU,28.23,28.88,2.303,0.766,76.6,1.16,3.74,6.36,19.33,25.9716,32.1822,36.699
2026-01-23,COLB,28.23,28.88,2.303,0.766,76.6,1.16,3.74,6.36,19.33,25.9716,32.1822,36.699
2026-01-23,NBR,64.96,66.2,1.909,0.878,87.8,0.95,4.17,8.3,22.65,59.7632,74.0544,84.448
2026-01-23,BMA,96.1965,96.1965,0.0,0.782,78.2,0.94,4.35,4.45,24.49,88.5008,109.6641,125.0555
2026-01-23,MBX,37.85,37.32,-1.4,0.962,96.2,1.27,8.74,7.88,25.66,34.822,43.149,49.205
2026-01-23,AZTR,40.05,40.05,0.0,0.813,81.3,1.14,3.07,7.28,19.85,36.846,45.657,52.065
2026-01-23,AZUL,40.05,40.05,0.0,0.813,81.3,1.14,3.07,7.28,19.85,36.846,45.657,52.065
2026-01-23,NVSGF,18.83,19.01,0.956,0.895,89.5,0.73,1.67,2.8,20.86,17.3236,21.4662,24.479
2026-01-23,GLDG,15.41,15.37,-0.26,0.884,88.4,1.15,3.39,10.79,13.24,14.1772,17.5674,20.033
2026-01-23,NEO,12.81,12.75,-0.468,0.818,81.8,1.51,4.48,1.85,25.61,11.7852,14.6034,16.653
2026-01-23,EZPW,21.13,21.09,-0.189,0.731,73.1,1.5,3.02,1.13,15.62,19.4396,24.0882,27.469
2026-01-23,GCTK,42.08,42.0,-0.19,0.904,90.4,1.17,4.56,3.25,20.69,38.7136,47.9712,54.704
2026-01-23,CAEP,33.18,33.19,0.03,0.71,71.0,1.13,1.98,2.66,17.51,30.5256,37.8252,43.134
2026-01-23,AZX,123.6,124.03,0.348,0.808,80.8,0.69,2.39,5.8,19.23,113.712,140.904,160.68
2026-01-23,AZZ,123.6,124.03,0.348,0.808,80.8,0.69,2.39,5.8,19.23,113.712,140.904,160.68
2026-01-23,B,123.6,124.03,0.348,0.808,80.8,0.69,2.39,5.8,19.23,113.712,140.904,160.68
2026-01-23,IDXG,46.68,47.97,2.763,0.914,91.4,0.71,8.3,3.18,33.94,42.9456,53.2152,60.684
2026-01-23,DBGI,70.01,70.01,0.0,0.758,75.8,1.22,3.26,2.11,14.33,64.4092,79.8114,91.013
2026-01-23,MAZE,44.27,44.2,-0.158,0.894,89.4,1.61,6.03,7.4,15.12,40.7284,50.4678,57.551
2026-01-23,DCO,112.87,111.99,-0.78,0.772,77.2,1.02,2.69,7.15,15.28,103.8404,128.6718,146.731
2026-01-23,ANDE,59.37,59.6,0.387,0.823,82.3,1.05,2.6,6.76,15.43,54.6204,67.6818,77.181
2026-01-23,ANDG,59.37,59.6,0.387,0.823,82.3,1.05,2.6,6.76,15.43,54.6204,67.6818,77.181
2026-01-23,ANDN1,59.37,59.6,0.387,0.823,82.3,1.05,2.6,6.76,15.43,54.6204,67.6818,77.181
2026-01-23,ANDR,59.37,59.6,0.387,0.823,82.3,1.05,2.6,6.76,15.43,54.6204,67.6818,77.181
2026-01-23,MCW,5.86,5.82,-0.683,0.718,71.8,1.39,3.43,0.03,6.01,5.3912,6.6804,7.618
2026-01-23,GROY,4.79,4.95,3.34,0.858,85.8,1.57,4.51,5.89,16.53,4.4068,5.4606,6.227
2026-01-23,MNSB,20.5432,20.6123,0.337,0.723,72.3,0.72,3.39,1.34,13.02,18.8998,23.4193,26.7062
2026-01-23,BIO-B,18.81,18.81,0.0,0.973,97.3,1.04,9.84,12.41,17.93,17.3052,21.4434,24.453
2026-01-23,BIOA,18.81,18.81,0.0,0.973,97.3,1.04,9.84,12.41,17.93,17.3052,21.4434,24.453
2026-01-23,PAX,16.9662,16.4518,-3.032,0.717,71.7,1.15,2.21,1.69,7.93,15.6089,19.3415,22.0561
2026-01-23,FBNK1,57.77,57.91,0.242,0.728,72.8,2.23,2.75,6.17,15.27,53.1484,65.8578,75.101
2026-01-23,BHFAL,49.24,49.25,0.02,0.732,73.2,0.98,2.92,5.95,9.86,45.3008,56.1336,64.012
2026-01-23,LIND,15.91,15.91,0.0,0.82,82.0,1.12,3.64,3.3,10.24,14.6372,18.1374,20.683
2026-01-23,BJGP,43.08,42.99,-0.209,0.875,87.5,0.74,3.34,0.56,14.11,39.6336,49.1112,56.004
2026-01-23,BJRI,43.08,42.99,-0.209,0.875,87.5,0.74,3.34,0.56,14.11,39.6336,49.1112,56.004
2026-01-23,CDO,20.42,20.45,0.147,0.887,88.7,0.86,5.04,4.33,14.78,18.7864,23.2788,26.546
2026-01-23,ORKA,34.39,33.99,-1.163,0.802,80.2,0.89,6.68,11.74,18.35,31.6388,39.2046,44.707
2026-01-23,CMPX,5.9,5.85,-0.847,0.897,89.7,1.01,7.01,7.9,13.68,5.428,6.726,7.67
2026-01-23,BBAO,19.336,19.3559,0.103,0.87,87.0,2.07,4.6,6.54,11.44,17.7891,22.043,25.1367
2026-01-23,BBAR,19.336,19.3559,0.103,0.87,87.0,2.07,4.6,6.54,11.44,17.7891,22.043,25.1367
2026-01-23,BBAR1,19.336,19.3559,0.103,0.87,87.0,2.07,4.6,6.54,11.44,17.7891,22.043,25.1367
2026-01-23,MUEL,68.9572,69.3965,0.637,0.779,77.9,1.05,2.29,6.66,9.3,63.4406,78.6112,89.6443
2026-01-23,GSL,35.5187,35.7745,0.72,0.818,81.8,0.77,2.19,1.57,10.85,32.6772,40.4913,46.1743
2026-01-23,ISSI,21.64,21.44,-0.924,0.961,96.1,0.72,6.62,7.95,13.85,19.9088,24.6696,28.132
2026-01-23,ISSX,21.64,21.44,-0.924,0.961,96.1,0.72,6.62,7.95,13.85,19.9088,24.6696,28.132
2026-01-23,ALLR,1.72,1.71,-0.581,0.885,88.5,1.63,6.69,12.79,7.97,1.5824,1.9608,2.236
2026-01-23,AVOI,13.46,13.62,1.189,0.704,70.4,1.35,3.64,10.23,13.14,12.3832,15.3444,17.498
2026-01-23,AVOL,13.46,13.62,1.189,0.704,70.4,1.35,3.64,10.23,13.14,12.3832,15.3444,17.498
2026-01-23,ARVLF,12.89,12.79,-0.776,0.853,85.3,1.18,4.44,6.52,8.92,11.8588,14.6946,16.757
2026-01-23,ARVN,12.89,12.79,-0.776,0.853,85.3,1.18,4.44,6.52,8.92,11.8588,14.6946,16.757
2026-01-23,MLKIQ,19.4132,19.4132,0.0,0.719,71.9,0.93,2.87,3.19,10.09,17.8601,22.131,25.2371
2026-01-23,MLKN,19.4132,19.4132,0.0,0.719,71.9,0.93,2.87,3.19,10.09,17.8601,22.131,25.2371
2026-01-23,AVBP,23.215,23.25,0.151,0.754,75.4,0.98,6.7,8.87,9.71,21.3578,26.4651,30.1795
2026-01-23,AVC,23.215,23.25,0.151,0.754,75.4,0.98,6.7,8.87,9.71,21.3578,26.4651,30.1795
2026-01-23,ALNT,63.02,62.92,-0.159,0.72,72.0,1.21,3.98,7.15,8.29,57.9784,71.8428,81.926
2026-01-23,NTBL,50.0196,49.8908,-0.257,0.77,77.0,0.95,1.56,0.43,7.39,46.0181,57.0224,65.0255
2026-01-23,CNOB1,27.7572,27.5188,-0.859,0.706,70.6,1.24,2.61,4.27,6.86,25.5366,31.6432,36.0843
2026-01-23,CNOBP,27.7572,27.5188,-0.859,0.706,70.6,1.24,2.61,4.27,6.86,25.5366,31.6432,36.0843
2026-01-23,LODE1,4.42,4.64,4.977,0.901,90.1,1.06,6.66,11.46,6.27,4.0664,5.0388,5.746
2026-01-23,CLB,19.4493,19.7291,1.439,0.705,70.5,0.95,3.53,6.97,6.25,17.8933,22.1722,25.2841
2026-01-26,GOOGL,333.0256,335.1341,0.633,0.802,80.2,0.92,2.2,2.77,9424.38,306.3835,379.6492,432.9332
2026-01-26,AMD,251.31,252.16,0.338,0.703,70.3,0.87,3.66,11.84,8835.83,231.2052,286.4934,326.703
2026-01-26,GOOG,333.59,335.63,0.612,0.801,80.1,0.98,2.18,2.72,6311.51,306.9028,380.2926,433.667
2026-01-26,XOM,133.9472,134.3545,0.304,0.735,73.5,0.91,1.9,6.87,2365.45,123.2314,152.6998,174.1313
2026-01-26,LRCX,222.87,230.63,3.482,0.897,89.7,0.88,4.08,8.84,2698.38,205.0404,254.0718,289.731
2026-01-26,AMAT,319.46,324.45,1.562,0.82,82.0,0.71,3.09,7.88,2139.91,293.9032,364.1844,415.298
2026-01-26,JNJ,221.49,222.0,0.23,0.751,75.1,0.82,1.67,4.49,1862.61,203.7708,252.4986,287.937
2026-01-26,CAT,635.92,640.0,0.642,0.779,77.9,1.15,2.47,3.11,1401.86,585.0464,724.9488,826.696
2026-01-26,TXN,195.3151,193.4275,-0.966,0.716,71.6,1.36,2.49,5.42,1312.66,179.6899,222.6592,253.9097
2026-01-26,CVNA,473.71,477.62,0.825,0.858,85.8,0.73,4.06,5.63,1227.23,435.8132,540.0294,615.823
2026-01-26,KLAC,1543.03,1561.5,1.197,0.86,86.0,1.22,3.33,10.2,1597.14,1419.5876,1759.0542,2005.939
2026-01-26,ASTS,104.78,106.28,1.432,0.873,87.3,0.66,10.36,10.84,1877.13,96.3976,119.4492,136.214
2026-01-26,NVO,63.98,62.89,-1.704,0.79,79.0,0.91,2.69,11.39,1417.86,58.8616,72.9372,83.174
2026-01-26,ADI,303.0611,304.2872,0.405,0.829,82.9,0.85,2.33,4.03,978.84,278.8162,345.4896,393.9794
2026-01-26,COHR1,197.76,201.38,1.831,0.903,90.3,0.78,6.43,3.85,782.55,181.9392,225.4464,257.088
2026-01-26,LMT,581.66,580.0,-0.285,0.767,76.7,0.74,2.81,7.68,1142.94,535.1272,663.0924,756.158
2026-01-26,GILD,137.78,137.54,-0.174,0.728,72.8,1.52,2.74,10.42,909.6,126.7576,157.0692,179.114
2026-01-26,SNPS,503.01,503.5,0.097,0.763,76.3,0.88,2.86,0.07,829.25,462.7692,573.4314,653.913
2026-01-26,AMGN,349.69,348.57,-0.32,0.766,76.6,1.26,2.25,5.17,862.38,321.7148,398.6466,454.597
2026-01-26,SLB,49.4086,49.9952,1.187,0.891,89.1,1.22,2.83,12.1,1029.58,45.4559,56.3258,64.2312
2026-01-26,PM,175.76,175.97,0.119,0.74,74.0,1.09,2.11,6.51,853.97,161.6992,200.3664,228.488
2026-01-26,TER,231.75,236.75,2.157,0.924,92.4,0.82,3.34,5.72,585.76,213.21,264.195,301.275
2026-01-26,MCHP,74.79,75.12,0.441,0.741,74.1,0.95,2.95,4.36,609.86,68.8068,85.2606,97.227
2026-01-26,FITB,50.49,50.56,0.139,0.764,76.4,1.1,2.36,2.81,437.17,46.4508,57.5586,65.637
2026-01-26,VALE,15.7,16.11,2.611,0.875,87.5,1.22,2.25,9.95,565.24,14.444,17.898,20.41
2026-01-26,SATS,119.72,120.79,0.894,0.922,92.2,1.53,4.79,1.18,715.43,110.1424,136.4808,155.636
2026-01-26,USB,55.83,55.95,0.215,0.752,75.2,0.77,1.79,2.04,621.31,51.3636,63.6462,72.579
2026-01-26,FDX,304.47,305.0,0.174,0.788,78.8,0.88,2.12,0.17,522.25,280.1124,347.0958,395.811
2026-01-26,PH,931.3143,934.1689,0.307,0.781,78.1,1.04,1.78,1.53,495.73,856.8091,1061.6983,1210.7086
2026-01-26,PNC,220.75,220.53,-0.1,0.781,78.1,0.88,1.93,2.53,623.59,203.09,251.655,286.975
2026-01-26,MDB,411.25,420.0,2.128,0.785,78.5,0.68,4.23,0.25,578.25,378.35,468.825,534.625
2026-01-26,AEM,215.41,217.0,0.738,0.884,88.4,1.49,3.27,12.53,549.29,198.1772,245.5674,280.033
2026-01-26,CMIIU,568.0503,569.4456,0.246,0.885,88.5,1.37,1.76,3.49,428.08,522.6063,647.5773,738.4654
2026-01-26,CMIKA,568.0503,569.4456,0.246,0.885,88.5,1.37,1.76,3.49,428.08,522.6063,647.5773,738.4654
2026-01-26,CMIN,568.0503,569.4456,0.246,0.885,88.5,1.37,1.76,3.49,428.08,522.6063,647.5773,738.4654
2026-01-26,CMIV,568.0503,569.4456,0.246,0.885,88.5,1.37,1.76,3.49,428.08,522.6063,647.5773,738.4654
2026-01-26,ELV,374.6207,349.4459,-6.72,0.92,92.0,1.31,2.24,6.81,420.63,344.651,427.0676,487.0069
2026-01-26,LHX,354.2,354.47,0.076,0.797,79.7,0.74,2.6,8.16,583.6,325.864,403.788,460.46
2026-01-26,CTSH,85.61,85.4,-0.245,0.823,82.3,0.72,2.07,1.49,356.59,78.7612,97.5954,111.293
2026-01-26,MNST,81.16,81.16,0.0,0.721,72.1,1.15,1.87,3.82,417.77,74.6672,92.5224,105.508
2026-01-26,CHSCL,177.5028,178.2104,0.399,0.891,89.1,0.95,1.94,4.47,268.87,163.3026,202.3532,230.7537
2026-01-26,BIDU,156.08,159.37,2.108,0.79,79.0,0.75,3.04,6.32,634.55,143.5936,177.9312,202.904
2026-01-26,EL,116.39,116.65,0.223,0.737,73.7,0.95,2.64,3.94,365.44,107.0788,132.6846,151.307
2026-01-26,DG,150.33,150.99,0.439,0.904,90.4,1.01,2.8,4.46,499.35,138.3036,171.3762,195.429
2026-01-26,SCCO,186.0173,188.0808,1.109,0.884,88.4,1.7,3.45,12.48,389.45,171.1359,212.0598,241.8225
2026-01-26,ODFL,173.99,173.53,-0.264,0.837,83.7,0.78,2.77,2.82,314.71,160.0708,198.3486,226.187
2026-01-26,PCAR,121.7929,116.1974,-4.594,0.718,71.8,1.09,2.07,4.11,349.95,112.0495,138.8439,158.3308
2026-01-26,ROK,420.4,420.09,-0.074,0.713,71.3,0.71,2.02,2.64,269.36,386.768,479.256,546.52
2026-01-26,KTTA,111.32,111.06,-0.234,0.798,79.8,0.73,6.37,7.21,451.58,102.4144,126.9048,144.716
2026-01-26,EXE,111.7498,111.71,-0.036,0.86,86.0,1.24,2.81,10.74,361.0,102.8098,127.3948,145.2748
2026-01-26,DLTR,125.4,125.69,0.231,0.91,91.0,1.35,2.95,0.56,359.88,115.368,142.956,163.02
2026-01-26,RIO,90.47,91.4,1.028,0.812,81.2,1.2,1.64,7.08,385.53,83.2324,103.1358,117.611
2026-01-26,ROG-SW,350.5,352.0,0.428,0.848,84.8,0.76,1.5,3.23,346.32,322.46,399.57,455.65
2026-01-26,CAH,210.93,210.6,-0.156,0.85,85.0,1.16,1.87,1.6,331.36,194.0556,240.4602,274.209
2026-01-26,KEX,21.0813,21.1704,0.423,0.787,78.7,1.05,2.22,0.55,310.08,19.3948,24.0327,27.4057
2026-01-26,TPR,125.8426,127.0693,0.975,0.98,98.0,1.11,2.48,6.73,249.67,115.7752,143.4606,163.5954
2026-01-26,LEN,110.0887,109.8099,-0.253,0.989,98.9,0.59,3.18,10.58,384.36,101.2816,125.5011,143.1153
2026-01-26,KEYS,214.36,215.75,0.648,0.814,81.4,0.88,2.14,1.95,193.65,197.2112,244.3704,278.668
2026-01-26,NUE,177.66,172.44,-2.938,0.725,72.5,1.58,2.45,4.12,289.45,163.4472,202.5324,230.958
2026-01-26,TEVA,32.14,32.22,0.249,0.928,92.8,1.39,2.23,0.85,281.09,29.5688,36.6396,41.782
2026-01-26,BHP,67.77,68.45,1.003,0.741,74.1,1.54,1.6,6.24,256.74,62.3484,77.2578,88.101
2026-01-26,PKZ,25.87,26.08,0.812,0.954,95.4,0.92,7.57,8.27,356.29,23.8004,29.4918,33.631
2026-01-26,PL,25.87,26.08,0.812,0.954,95.4,0.92,7.57,8.27,356.29,23.8004,29.4918,33.631
2026-01-26,IT,236.58,235.77,-0.342,0.801,80.1,0.78,3.16,5.88,200.27,217.6536,269.7012,307.554
2026-01-26,MOH,201.05,190.27,-5.362,0.794,79.4,1.06,3.51,9.05,250.71,184.966,229.197,261.365
2026-01-26,AME,219.8,218.16,-0.746,0.746,74.6,0.94,1.6,3.31,258.79,202.216,250.572,285.74
2026-01-26,DOV,207.2245,208.0027,0.376,0.971,97.1,0.71,1.71,12.26,252.78,190.6465,236.2359,269.3919
2026-01-26,MTB,214.25,215.24,0.462,0.747,74.7,1.27,2.17,1.82,236.89,197.11,244.245,278.525
2026-01-26,CNC,46.28,44.0,-4.927,0.89,89.0,0.7,2.8,3.38,257.01,42.5776,52.7592,60.164
2026-01-26,CNCE,46.28,44.0,-4.927,0.89,89.0,0.7,2.8,3.38,257.01,42.5776,52.7592,60.164
2026-01-26,TRGP,191.5647,192.1517,0.306,0.828,82.8,0.93,2.66,4.94,213.56,176.2395,218.3837,249.0341
2026-01-26,JBL,241.734,241.804,0.029,0.947,94.7,0.88,3.8,9.73,262.44,222.3953,275.5768,314.2542
2026-01-26,PODD,271.31,268.18,-1.154,0.99,99.0,1.16,2.78,8.06,215.58,249.6052,309.2934,352.703
2026-01-26,ATHXQ,123.36,123.36,0.0,0.805,80.5,0.97,2.67,1.74,151.47,113.4912,140.6304,160.368
2026-01-26,ATI,123.36,123.36,0.0,0.805,80.5,0.97,2.67,1.74,151.47,113.4912,140.6304,160.368
2026-01-26,ATI1,123.36,123.36,0.0,0.805,80.5,0.97,2.67,1.74,151.47,113.4912,140.6304,160.368
2026-01-26,SU,51.17,51.49,0.625,0.844,84.4,0.67,2.46,8.42,236.72,47.0764,58.3338,66.521
2026-01-26,EXPD,158.84,158.88,0.025,0.948,94.8,0.67,1.71,8.49,204.06,146.1328,181.0776,206.492
2026-01-26,FOXA,72.365,72.4347,0.096,0.898,89.8,0.88,1.79,1.85,199.24,66.5758,82.4961,94.0745
2026-01-26,PPG,112.0063,111.9168,-0.08,0.957,95.7,0.99,2.02,11.01,205.57,103.0458,127.6872,145.6082
2026-01-26,BRO,79.4374,74.1296,-6.682,0.928,92.8,1.14,2.2,5.5,198.05,73.0824,90.5587,103.2687
2026-01-26,AGNC,11.6752,11.7445,0.593,0.756,75.6,1.09,1.73,4.25,227.77,10.7412,13.3098,15.1778
2026-01-26,NTRA,241.39,240.46,-0.385,0.828,82.8,0.61,3.62,1.53,260.62,222.0788,275.1846,313.807
2026-01-26,HII,412.2717,412.172,-0.024,0.888,88.8,0.94,3.02,6.78,251.83,379.29,469.9897,535.9532
2026-01-26,BBIG,77.81,78.35,0.694,0.766,76.6,1.34,4.11,1.6,225.72,71.5852,88.7034,101.153
2026-01-26,BBIO,77.81,78.35,0.694,0.766,76.6,1.34,4.11,1.6,225.72,71.5852,88.7034,101.153
2026-01-26,ATO,167.5689,167.3103,-0.154,0.943,94.3,1.77,1.85,2.38,234.46,154.1634,191.0286,217.8396
2026-01-26,BR,208.87,207.51,-0.651,0.987,98.7,0.64,1.85,8.27,170.28,192.1604,238.1118,271.531
2026-01-26,CDW,126.7606,126.7606,-0.0,0.991,99.1,0.77,2.56,11.24,253.17,116.6198,144.5071,164.7888
2026-01-26,ITUB,8.39,8.68,3.456,0.83,83.0,0.95,1.73,12.04,156.5,7.7188,9.5646,10.907
2026-01-26,DD,44.0233,44.0233,0.0,0.849,84.9,0.66,2.12,3.52,212.1,40.5015,50.1866,57.2303
2026-01-26,GH,114.74,114.0,-0.645,0.931,93.1,0.59,4.53,5.44,217.93,105.5608,130.8036,149.162
2026-01-26,ETSY,60.09,60.14,0.083,0.902,90.2,0.97,3.54,3.81,171.52,55.2828,68.5026,78.117
2026-01-26,RL,360.32,361.96,0.455,0.962,96.2,0.9,2.35,6.44,171.97,331.4944,410.7648,468.416
2026-01-26,FNV,259.31,260.0,0.266,0.887,88.7,1.71,3.19,12.21,218.32,238.5652,295.6134,337.103
2026-01-26,ARWM,66.82,66.65,-0.254,0.938,93.8,0.62,5.21,0.11,173.24,61.4744,76.1748,86.866
2026-01-26,ARWR,66.82,66.65,-0.254,0.938,93.8,0.62,5.21,0.11,173.24,61.4744,76.1748,86.866
2026-01-26,ZBH,87.32,87.99,0.767,0.936,93.6,0.64,2.68,3.34,211.36,80.3344,99.5448,113.516
2026-01-26,AVB,177.77,177.66,-0.062,0.986,98.6,0.79,2.08,11.64,236.67,163.5484,202.6578,231.101
2026-01-26,CATA1,617.12,618.92,0.292,0.707,70.7,0.87,2.26,3.61,194.77,567.7504,703.5168,802.256
2026-01-26,EAXR,157.4,157.46,0.038,0.82,82.0,1.32,3.76,0.27,157.09,144.808,179.436,204.62
2026-01-26,EB,157.4,157.46,0.038,0.82,82.0,1.32,3.76,0.27,157.09,144.808,179.436,204.62
2026-01-26,EBBGF,157.4,157.46,0.038,0.82,82.0,1.32,3.76,0.27,157.09,144.808,179.436,204.62
2026-01-26,EBBNF,157.4,157.46,0.038,0.82,82.0,1.32,3.76,0.27,157.09,144.808,179.436,204.62
2026-01-26,EPAM,220.44,220.48,0.018,0.881,88.1,0.95,2.99,3.5,140.54,202.8048,251.3016,286.572
2026-01-26,NTR,70.23,70.65,0.598,0.791,79.1,0.83,2.56,9.71,197.84,64.6116,80.0622,91.299
2026-01-26,WAB,231.7,232.01,0.134,0.724,72.4,1.13,1.79,3.46,146.15,213.164,264.138,301.21
2026-01-26,BAP,349.0,352.82,1.095,0.871,87.1,2.17,2.04,12.52,132.53,321.08,397.86,453.7
2026-01-26,PQUEQ,14.76,14.86,0.678,0.777,77.7,0.89,3.04,3.94,138.59,13.5792,16.8264,19.188
2026-01-26,PRA,14.76,14.86,0.678,0.777,77.7,0.89,3.04,3.94,138.59,13.5792,16.8264,19.188
2026-01-26,ES,69.5942,69.4458,-0.213,0.938,93.8,0.76,2.35,8.18,144.78,64.0267,79.3374,90.4725
2026-01-26,TXT,94.6193,94.9292,0.328,0.979,97.9,0.72,2.02,12.47,168.03,87.0498,107.866,123.0051
2026-01-26,BWA,47.6289,47.9679,0.712,0.958,95.8,1.03,2.07,7.6,80.38,43.8186,54.297,61.9176
2026-01-26,AGI,42.64,42.67,0.07,0.877,87.7,1.97,3.71,4.39,121.86,39.2288,48.6096,55.432
2026-01-26,WHR,83.6072,83.1137,-0.59,0.883,88.3,1.16,3.88,10.38,98.06,76.9186,95.3122,108.6893
2026-01-26,ASX,19.83,19.78,-0.252,0.905,90.5,0.92,1.96,10.66,136.44,18.2436,22.6062,25.779
2026-01-26,GFS,44.22,46.12,4.297,0.832,83.2,0.93,3.95,10.3,165.4,40.6824,50.4108,57.486
2026-01-26,IEX,195.24,194.88,-0.184,0.907,90.7,1.03,1.95,10.22,117.19,179.6208,222.5736,253.812
2026-01-26,ASA,37.87,38.1,0.607,0.7,70.0,1.26,3.05,0.68,122.38,34.8404,43.1718,49.231
2026-01-26,FSLY,9.78,10.575,8.129,0.731,73.1,1.81,3.76,1.27,29.01,8.9976,11.1492,12.714
2026-01-26,NTRT,148.8157,149.0544,0.16,0.734,73.4,0.92,2.17,3.81,136.49,136.9104,169.6499,193.4604
2026-01-26,NTS,148.8157,149.0544,0.16,0.734,73.4,0.92,2.17,3.81,136.49,136.9104,169.6499,193.4604
2026-01-26,KMX,45.14,45.06,-0.177,0.932,93.2,0.84,3.72,9.36,157.46,41.5288,51.4596,58.682
2026-01-26,BBDA,3.962,4.1117,3.778,0.723,72.3,1.6,2.13,12.51,125.95,3.645,4.5167,5.1506
2026-01-26,BBDC,3.962,4.1117,3.778,0.723,72.3,1.6,2.13,12.51,125.95,3.645,4.5167,5.1506
2026-01-26,TAP,48.6392,48.4907,-0.305,0.921,92.1,0.96,2.2,7.1,130.69,44.7481,55.4487,63.231
2026-01-26,AGX,353.5,359.08,1.578,0.775,77.5,1.08,5.22,4.58,111.67,325.22,402.99,459.55
2026-01-26,AGX1,353.5,359.08,1.578,0.775,77.5,1.08,5.22,4.58,111.67,325.22,402.99,459.55
2026-01-26,VTRS,13.17,13.17,0.0,0.848,84.8,0.77,2.35,3.31,108.56,12.1164,15.0138,17.121
2026-01-26,AMFIQ,312.7591,314.8591,0.671,0.852,85.2,1.36,2.55,1.09,122.27,287.7384,356.5454,406.5869
2026-01-26,MAA,134.96,134.91,-0.037,0.96,96.0,0.63,1.91,7.82,134.46,124.1632,153.8544,175.448
2026-01-26,PNW,92.036,90.8378,-1.302,0.934,93.4,0.87,1.7,7.19,115.06,84.6732,104.9211,119.6468
2026-01-26,EG,325.0705,323.8879,-0.364,0.883,88.3,0.6,1.91,3.0,107.07,299.0648,370.5803,422.5916
2026-01-26,FLSCQ,77.75,78.67,1.183,0.904,90.4,0.95,2.01,5.11,82.77,71.53,88.635,101.075
2026-01-26,NXEN,12.18,12.13,-0.411,0.834,83.4,1.21,4.52,10.58,85.66,11.2056,13.8852,15.834
2026-01-26,HMYRQ,23.57,23.57,0.0,0.896,89.6,1.59,3.99,9.56,92.88,21.6844,26.8698,30.641
2026-01-26,GRAL,106.31,106.35,0.038,0.791,79.1,1.04,7.54,7.54,83.1,97.8052,121.1934,138.203
2026-01-26,JBLU,5.08,4.73,-6.89,0.784,78.4,1.2,4.69,2.17,95.26,4.6736,5.7912,6.604
2026-01-26,BTU,35.6401,35.3607,-0.784,0.853,85.3,1.13,4.78,5.52,104.14,32.7889,40.6297,46.3321
2026-01-26,BUTLQ,35.6401,35.3607,-0.784,0.853,85.3,1.13,4.78,5.52,104.14,32.7889,40.6297,46.3321
2026-01-26,APG,42.36,42.58,0.519,0.794,79.4,0.78,2.42,2.88,95.65,38.9712,48.2904,55.068
2026-01-26,MLIN,133.82,134.05,0.172,0.842,84.2,0.86,1.99,7.3,89.06,123.1144,152.5548,173.966
2026-01-26,PFSI,151.4617,151.6112,0.099,0.717,71.7,0.98,2.92,6.27,56.37,139.3448,172.6664,196.9003
2026-01-26,MT,53.62,54.35,1.361,0.878,87.8,1.08,1.91,10.58,83.41,49.3304,61.1268,69.706
2026-01-26,AIZ,232.9237,233.103,0.077,0.965,96.5,0.69,1.81,8.09,95.38,214.2898,265.533,302.8008
2026-01-26,FSM,11.48,11.51,0.261,0.895,89.5,1.77,4.7,10.27,88.23,10.5616,13.0872,14.924
2026-01-26,ACNAQ,51.13,51.57,0.861,0.817,81.7,0.84,5.49,5.94,75.43,47.0396,58.2882,66.469
2026-01-26,ACNB,51.13,51.57,0.861,0.817,81.7,0.84,5.49,5.94,75.43,47.0396,58.2882,66.469
2026-01-26,FRPT,72.11,71.82,-0.402,0.87,87.0,1.14,3.84,11.69,71.76,66.3412,82.2054,93.743
2026-01-26,CNX,37.43,37.28,-0.401,0.725,72.5,1.57,3.21,2.83,70.42,34.4356,42.6702,48.659
2026-01-26,FRT,101.57,101.51,-0.059,0.953,95.3,0.63,1.52,6.72,89.68,93.4444,115.7898,132.041
2026-01-26,JBTM,155.4454,156.1849,0.476,0.782,78.2,0.82,2.47,0.04,71.2,143.0098,177.2078,202.0791
2026-01-26,NVTAQ,24.05,23.94,-0.457,0.757,75.7,0.88,3.01,2.98,53.2,22.126,27.417,31.265
2026-01-26,BKEP,12.79,12.87,0.625,0.901,90.1,0.91,3.09,11.36,53.41,11.7668,14.5806,16.627
2026-01-26,SOLV,79.01,78.25,-0.962,0.944,94.4,0.73,2.43,5.39,93.6,72.6892,90.0714,102.713
2026-01-26,ORAL,123.455,123.9145,0.372,0.711,71.1,0.7,2.53,5.58,68.11,113.5786,140.7387,160.4915
2026-01-26,BIO,299.28,295.96,-1.109,0.935,93.5,0.85,2.77,1.52,81.96,275.3376,341.1792,389.064
2026-01-26,CELC,114.01,116.63,2.298,0.91,91.0,1.39,5.06,7.71,75.65,104.8892,129.9714,148.213
2026-01-26,CELH,114.01,116.63,2.298,0.91,91.0,1.39,5.06,7.71,75.65,104.8892,129.9714,148.213
2026-01-26,COGN,37.86,37.89,0.079,0.968,96.8,1.05,5.12,2.28,95.33,34.8312,43.1604,49.218
2026-01-26,COGT,37.86,37.89,0.079,0.968,96.8,1.05,5.12,2.28,95.33,34.8312,43.1604,49.218
2026-01-26,AMTM,34.89,34.94,0.143,0.922,92.2,0.99,2.81,6.45,60.1,32.0988,39.7746,45.357
2026-01-26,HUN,11.72,11.68,-0.341,0.856,85.6,0.85,4.45,4.92,50.91,10.7824,13.3608,15.236
2026-01-26,PAA,19.3,19.36,0.311,0.718,71.8,1.22,1.75,3.8,65.38,17.756,22.002,25.09
2026-01-26,CWPE,105.71,105.22,-0.464,0.762,76.2,0.67,2.51,3.44,66.64,97.2532,120.5094,137.423
2026-01-26,CWST,105.71,105.22,-0.464,0.762,76.2,0.67,2.51,3.44,66.64,97.2532,120.5094,137.423
2026-01-26,ARR,18.0501,18.06,0.055,0.719,71.9,0.6,1.85,0.95,69.84,16.6061,20.5772,23.4652
2026-01-26,ARRKF,18.0501,18.06,0.055,0.719,71.9,0.6,1.85,0.95,69.84,16.6061,20.5772,23.4652
2026-01-26,ARRO,18.0501,18.06,0.055,0.719,71.9,0.6,1.85,0.95,69.84,16.6061,20.5772,23.4652
2026-01-26,ARRS,18.0501,18.06,0.055,0.719,71.9,0.6,1.85,0.95,69.84,16.6061,20.5772,23.4652
2026-01-26,CNQR,95.5135,95.5235,0.01,0.749,74.9,0.87,3.83,1.32,62.01,87.8724,108.8854,124.1675
2026-01-26,CNR,95.5135,95.5235,0.01,0.749,74.9,0.87,3.83,1.32,62.01,87.8724,108.8854,124.1675
2026-01-26,CNR1,95.5135,95.5235,0.01,0.749,74.9,0.87,3.83,1.32,62.01,87.8724,108.8854,124.1675
2026-01-26,IPGP,87.97,88.56,0.671,0.934,93.4,1.17,3.16,12.76,31.71,80.9324,100.2858,114.361
2026-01-26,JBS,15.53,15.76,1.481,0.727,72.7,1.12,2.67,6.63,69.77,14.2876,17.7042,20.189
2026-01-26,PLXT,175.89,175.48,-0.233,0.787,78.7,0.93,3.52,6.91,41.74,161.8188,200.5146,228.657
2026-01-26,BTE,3.34,3.36,0.599,0.902,90.2,0.8,4.24,1.86,59.04,3.0728,3.8076,4.342
2026-01-26,BTSG,40.09,39.92,-0.424,0.73,73.0,0.74,3.15,3.15,63.62,36.8828,45.7026,52.117
2026-01-26,PPTA,33.19,33.2,0.03,0.856,85.6,1.34,5.92,12.35,67.56,30.5348,37.8366,43.147
2026-01-26,PPTV,33.19,33.2,0.03,0.856,85.6,1.34,5.92,12.35,67.56,30.5348,37.8366,43.147
2026-01-26,LNTH,67.81,67.37,-0.649,0.736,73.6,0.66,2.63,1.07,55.49,62.3852,77.3034,88.153
2026-01-26,BEAG,30.95,30.91,-0.129,0.722,72.2,0.84,7.46,2.49,63.38,28.474,35.283,40.235
2026-01-26,BEAM,30.95,30.91,-0.129,0.722,72.2,0.84,7.46,2.49,63.38,28.474,35.283,40.235
2026-01-26,HWC,66.9107,66.9703,0.089,0.753,75.3,1.27,2.43,0.78,53.23,61.5578,76.2782,86.9839
2026-01-26,LGIQ,51.17,51.62,0.879,0.846,84.6,1.24,4.96,10.86,61.82,47.0764,58.3338,66.521
2026-01-26,LGL,51.17,51.62,0.879,0.846,84.6,1.24,4.96,10.86,61.82,47.0764,58.3338,66.521
2026-01-26,LGL-WT,51.17,51.62,0.879,0.846,84.6,1.24,4.96,10.86,61.82,47.0764,58.3338,66.521
2026-01-26,LGN,51.17,51.62,0.879,0.846,84.6,1.24,4.96,10.86,61.82,47.0764,58.3338,66.521
2026-01-26,BANC,20.19,20.33,0.693,0.738,73.8,0.87,2.84,0.27,42.75,18.5748,23.0166,26.247
2026-01-26,CMPO,24.8375,25.1375,1.208,0.764,76.4,0.72,5.67,12.57,50.2,22.8505,28.3147,32.2887
2026-01-26,HE,15.03,15.01,-0.133,0.811,81.1,0.74,4.57,9.37,56.95,13.8276,17.1342,19.539
2026-01-26,HEAL1,15.03,15.01,-0.133,0.811,81.1,0.74,4.57,9.37,56.95,13.8276,17.1342,19.539
2026-01-26,MODG,15.38,15.03,-2.276,0.915,91.5,1.28,3.85,11.77,43.47,14.1496,17.5332,19.994
2026-01-26,CSTM,22.59,22.62,0.133,0.867,86.7,0.92,3.15,7.3,29.95,20.7828,25.7526,29.367
2026-01-26,ATMP,57.2516,57.1916,-0.105,0.803,80.3,1.39,2.45,4.54,25.05,52.6714,65.2668,74.427
2026-01-26,ATMV,57.2516,57.1916,-0.105,0.803,80.3,1.39,2.45,4.54,25.05,52.6714,65.2668,74.427
2026-01-26,ATMVR,57.2516,57.1916,-0.105,0.803,80.3,1.39,2.45,4.54,25.05,52.6714,65.2668,74.427
2026-01-26,GOLD1,43.9497,44.2785,0.748,0.926,92.6,1.42,4.39,12.82,26.55,40.4337,50.1026,57.1346
2026-01-26,PATK,128.4772,128.2779,-0.155,0.796,79.6,0.83,3.15,8.16,42.02,118.1991,146.464,167.0204
2026-01-26,PLAB,34.69,35.18,1.413,0.9,90.0,0.77,5.54,2.35,42.97,31.9148,39.5466,45.097
2026-01-26,BOJA,129.8439,130.3615,0.399,0.783,78.3,1.08,2.44,4.3,39.93,119.4564,148.0221,168.7971
2026-01-26,BOLD,129.8439,130.3615,0.399,0.783,78.3,1.08,2.44,4.3,39.93,119.4564,148.0221,168.7971
2026-01-26,SDZ-SW,62.74,62.56,-0.287,0.815,81.5,1.46,2.2,3.93,42.34,57.7208,71.5236,81.562
2026-01-26,HUBG,47.56,47.84,0.589,0.867,86.7,0.93,2.34,3.9,26.34,43.7552,54.2184,61.828
2026-01-26,ASH,62.0437,62.0636,0.032,0.813,81.3,0.74,2.59,1.32,35.94,57.0802,70.7299,80.6569
2026-01-26,AUB,38.5924,38.6419,0.128,0.73,73.0,1.1,2.64,4.44,42.17,35.505,43.9953,50.1701
2026-01-26,PAIYY,20.42,20.42,0.0,0.731,73.1,0.99,1.62,3.29,35.45,18.7864,23.2788,26.546
2026-01-26,PALDF,20.42,20.42,0.0,0.731,73.1,0.99,1.62,3.29,35.45,18.7864,23.2788,26.546
2026-01-26,LCAV,21.31,21.26,-0.235,0.735,73.5,1.14,3.7,5.76,34.31,19.6052,24.2934,27.703
2026-01-26,OII,29.09,29.39,1.031,0.809,80.9,1.58,3.38,9.74,25.76,26.7628,33.1626,37.817
2026-01-26,OIIM,29.09,29.39,1.031,0.809,80.9,1.58,3.38,9.74,25.76,26.7628,33.1626,37.817
2026-01-26,IP,2.89,2.87,-0.692,0.863,86.3,1.46,7.73,12.52,35.71,2.6588,3.2946,3.757
2026-01-26,AMRX,13.57,13.54,-0.221,0.862,86.2,0.79,2.45,3.39,18.87,12.4844,15.4698,17.641
2026-01-26,IMVT,26.6,26.62,0.075,0.773,77.3,1.02,4.43,2.12,41.5,24.472,30.324,34.58
2026-01-26,IMXI,26.6,26.62,0.075,0.773,77.3,1.02,4.43,2.12,41.5,24.472,30.324,34.58
2026-01-26,BLTE,162.47,162.9,0.265,0.943,94.3,1.84,5.18,2.1,37.76,149.4724,185.2158,211.211
2026-01-26,AX,93.46,94.05,0.631,0.705,70.5,0.9,2.77,2.33,30.04,85.9832,106.5444,121.498
2026-01-26,ARCC1,87.733,87.5133,-0.25,0.757,75.7,0.67,3.55,3.23,28.12,80.7144,100.0156,114.0529
2026-01-26,ARCE,87.733,87.5133,-0.25,0.757,75.7,0.67,3.55,3.23,28.12,80.7144,100.0156,114.0529
2026-01-26,ARCH,87.733,87.5133,-0.25,0.757,75.7,0.67,3.55,3.23,28.12,80.7144,100.0156,114.0529
2026-01-26,ARCHQ,87.733,87.5133,-0.25,0.757,75.7,0.67,3.55,3.23,28.12,80.7144,100.0156,114.0529
2026-01-26,ARCIU,87.733,87.5133,-0.25,0.757,75.7,0.67,3.55,3.23,28.12,80.7144,100.0156,114.0529
2026-01-26,ARCK,87.733,87.5133,-0.25,0.757,75.7,0.67,3.55,3.23,28.12,80.7144,100.0156,114.0529
2026-01-26,AXGN,34.72,34.94,0.634,0.949,94.9,1.67,4.73,7.61,33.53,31.9424,39.5808,45.136
2026-01-26,BOST,4.46,4.46,0.0,0.907,90.7,0.9,4.14,5.54,19.41,4.1032,5.0844,5.798
2026-01-26,BOT,4.46,4.46,0.0,0.907,90.7,0.9,4.14,5.54,19.41,4.1032,5.0844,5.798
2026-01-26,OMCL,50.32,50.22,-0.199,0.936,93.6,0.98,2.95,2.91,22.03,46.2944,57.3648,65.416
2026-01-26,DFTX,16.51,16.54,0.182,0.84,84.0,0.9,6.81,11.87,36.39,15.1892,18.8214,21.463
2026-01-26,CEDCQ,70.22,70.74,0.741,0.9,90.0,0.9,3.21,10.45,15.55,64.6024,80.0508,91.286
2026-01-26,CMBT,11.7,12.2,4.274,0.841,84.1,0.82,2.92,8.4,26.47,10.764,13.338,15.21
2026-01-26,MNMD,16.51,16.54,0.182,0.84,84.0,0.9,6.81,11.87,36.39,15.1892,18.8214,21.463
2026-01-26,J36-SI,74.81,74.0,-1.083,0.812,81.2,0.91,1.95,3.26,21.0,68.8252,85.2834,97.253
2026-01-26,EWTLQ,28.02,28.29,0.964,0.94,94.0,0.76,5.81,7.62,36.91,25.7784,31.9428,36.426
2026-01-26,OSS,10.12,10.13,0.099,0.953,95.3,0.73,11.57,10.62,33.43,9.3104,11.5368,13.156
2026-01-26,COHU,28.97,29.25,0.967,0.793,79.3,1.13,3.82,8.04,20.83,26.6524,33.0258,37.661
2026-01-26,COLB,28.97,29.25,0.967,0.793,79.3,1.13,3.82,8.04,20.83,26.6524,33.0258,37.661
2026-01-26,NBR,66.34,67.5,1.749,0.894,89.4,0.82,4.19,9.38,23.82,61.0328,75.6276,86.242
2026-01-26,BMA,97.8391,99.1532,1.343,0.747,74.7,1.03,4.54,5.82,26.0,90.012,111.5366,127.1909
2026-01-26,MBX,36.6,36.97,1.011,0.957,95.7,0.88,8.75,3.66,25.52,33.672,41.724,47.58
2026-01-26,AZTR,39.85,39.62,-0.577,0.826,82.6,1.18,3.19,5.99,20.49,36.662,45.429,51.805
2026-01-26,AZUL,39.85,39.62,-0.577,0.826,82.6,1.18,3.19,5.99,20.49,36.662,45.429,51.805
2026-01-26,NVSGF,18.63,18.68,0.268,0.898,89.8,0.66,1.73,1.59,20.78,17.1396,21.2382,24.219
2026-01-26,GLDG,14.89,14.89,0.0,0.877,87.7,0.91,3.5,6.53,13.3,13.6988,16.9746,19.357
2026-01-26,ANAB,47.12,47.0,-0.255,0.853,85.3,0.71,6.06,0.5,23.23,43.3504,53.7168,61.256
2026-01-26,GCTK,42.04,42.08,0.095,0.901,90.1,0.88,4.58,2.96,21.08,38.6768,47.9256,54.652
2026-01-26,DBGI,69.02,69.35,0.478,0.736,73.6,1.22,3.42,0.65,14.71,63.4984,78.6828,89.726
2026-01-26,MAZE,44.58,45.0,0.942,0.888,88.8,1.08,6.17,7.82,15.88,41.0136,50.8212,57.954
2026-01-26,PGEN,4.75,4.75,0.0,0.717,71.7,0.85,7.81,7.25,19.21,4.37,5.415,6.175
2026-01-26,ANDE,60.2,60.47,0.449,0.835,83.5,0.7,2.66,7.62,15.96,55.384,68.628,78.26
2026-01-26,ANDG,60.2,60.47,0.449,0.835,83.5,0.7,2.66,7.62,15.96,55.384,68.628,78.26
2026-01-26,ANDN1,60.2,60.47,0.449,0.835,83.5,0.7,2.66,7.62,15.96,55.384,68.628,78.26
2026-01-26,ANDR,60.2,60.47,0.449,0.835,83.5,0.7,2.66,7.62,15.96,55.384,68.628,78.26
2026-01-26,ANPA,63.01,61.77,-1.968,0.973,97.3,0.71,30.53,6.63,15.48,57.9692,71.8314,81.913
2026-01-26,ANPIQ,63.01,61.77,-1.968,0.973,97.3,0.71,30.53,6.63,15.48,57.9692,71.8314,81.913
2026-01-26,ANSLY,63.01,61.77,-1.968,0.973,97.3,0.71,30.53,6.63,15.48,57.9692,71.8314,81.913
2026-01-26,ANSS,63.01,61.77,-1.968,0.973,97.3,0.71,30.53,6.63,15.48,57.9692,71.8314,81.913
2026-01-26,ANST,63.01,61.77,-1.968,0.973,97.3,0.71,30.53,6.63,15.48,57.9692,71.8314,81.913
2026-01-26,FCELB,9.09,9.06,-0.33,0.748,74.8,1.0,7.51,10.24,22.01,8.3628,10.3626,11.817
2026-01-26,GROY,4.59,4.6,0.218,0.829,82.9,1.95,4.88,1.0,17.3,4.2228,5.2326,5.967
2026-01-26,HG,25.7738,25.8112,0.145,0.701,70.1,0.98,2.67,1.97,11.78,23.7119,29.3822,33.506
2026-01-26,BIO-B,18.27,19.44,6.404,0.966,96.6,0.72,9.64,7.84,17.88,16.8084,20.8278,23.751
2026-01-26,BIOA,18.27,19.44,6.404,0.966,96.6,0.72,9.64,7.84,17.88,16.8084,20.8278,23.751
2026-01-26,FBNK1,57.53,57.66,0.226,0.715,71.5,1.1,2.9,5.18,15.8,52.9276,65.5842,74.789
2026-01-26,BHFAL,49.28,49.01,-0.548,0.705,70.5,0.97,2.92,5.52,9.87,45.3376,56.1792,64.064
2026-01-26,LIND,16.08,16.02,-0.373,0.864,86.4,0.7,3.75,3.9,10.61,14.7936,18.3312,20.904
2026-01-26,CDO,20.8,20.78,-0.096,0.895,89.5,0.76,5.15,5.98,15.36,19.136,23.712,27.04
2026-01-26,ORKA,34.12,34.2,0.234,0.8,80.0,0.59,6.7,10.5,18.3,31.3904,38.8968,44.356
2026-01-26,CMPX,6.19,6.16,-0.485,0.908,90.8,1.17,7.26,12.13,15.03,5.6948,7.0566,8.047
2026-01-26,BBAO,19.4657,19.745,1.435,0.861,86.1,2.05,4.82,6.89,12.72,17.9084,22.1909,25.3054
2026-01-26,BBAR,19.4657,19.745,1.435,0.861,86.1,2.05,4.82,6.89,12.72,17.9084,22.1909,25.3054
2026-01-26,BBAR1,19.4657,19.745,1.435,0.861,86.1,2.05,4.82,6.89,12.72,17.9084,22.1909,25.3054
2026-01-26,MUEL,68.0387,68.0986,0.088,0.768,76.8,1.26,2.3,4.73,9.31,62.5956,77.5641,88.4503
2026-01-26,GSL,35.9222,36.2174,0.822,0.795,79.5,0.87,2.19,2.44,11.19,33.0484,40.9513,46.6988
2026-01-26,MRAM,13.15,13.26,0.837,0.809,80.9,1.65,9.31,9.8,11.49,12.098,14.991,17.095
2026-01-26,ISSI,20.5,20.77,1.317,0.956,95.6,1.17,6.82,2.02,13.49,18.86,23.37,26.65
2026-01-26,ISSX,20.5,20.77,1.317,0.956,95.6,1.17,6.82,2.02,13.49,18.86,23.37,26.65
2026-01-26,NX,18.56,18.43,-0.7,0.805,80.5,0.67,3.42,8.07,11.28,17.0752,21.1584,24.128
2026-01-26,AVOI,13.57,13.51,-0.442,0.71,71.0,1.0,3.64,10.31,13.72,12.4844,15.4698,17.641
2026-01-26,AVOL,13.57,13.51,-0.442,0.71,71.0,1.0,3.64,10.31,13.72,12.4844,15.4698,17.641
2026-01-26,ARVLF,13.29,13.18,-0.828,0.892,89.2,0.88,4.55,9.32,9.36,12.2268,15.1506,17.277
2026-01-26,ARVN,13.29,13.18,-0.828,0.892,89.2,0.88,4.55,9.32,9.36,12.2268,15.1506,17.277
2026-01-26,MLKIQ,19.5123,19.3339,-0.914,0.728,72.8,0.66,2.93,3.28,10.2,17.9513,22.244,25.366
2026-01-26,MLKN,19.5123,19.3339,-0.914,0.728,72.8,0.66,2.93,3.28,10.2,17.9513,22.244,25.366
2026-01-26,APEI,42.21,43.23,2.416,0.769,76.9,1.09,3.64,6.02,10.32,38.8332,48.1194,54.873
2026-01-26,APEX,42.21,43.23,2.416,0.769,76.9,1.09,3.64,6.02,10.32,38.8332,48.1194,54.873
2026-01-26,APEX1,42.21,43.23,2.416,0.769,76.9,1.09,3.64,6.02,10.32,38.8332,48.1194,54.873
2026-01-26,APFC,42.21,43.23,2.416,0.769,76.9,1.09,3.64,6.02,10.32,38.8332,48.1194,54.873
2026-01-26,APFH,42.21,43.23,2.416,0.769,76.9,1.09,3.64,6.02,10.32,38.8332,48.1194,54.873
2026-01-26,AVBP,23.6,23.52,-0.339,0.76,76.0,0.97,6.85,10.33,10.29,21.712,26.904,30.68
2026-01-26,AVC,23.6,23.52,-0.339,0.76,76.0,0.97,6.85,10.33,10.29,21.712,26.904,30.68
2026-01-26,CYD,44.13,44.42,0.657,0.724,72.4,0.9,4.09,8.33,6.8,40.5996,50.3082,57.369
2026-01-26,ALNT,63.39,63.61,0.347,0.715,71.5,0.9,3.98,7.15,8.48,58.3188,72.2646,82.407
2026-01-26,CGEM,11.97,11.97,0.0,0.894,89.4,0.63,6.13,10.26,8.52,11.0124,13.6458,15.561
2026-01-26,PLRE,37.78,37.86,0.212,0.765,76.5,1.74,2.28,6.56,6.3,34.7576,43.0692,49.114
2026-01-26,NTBL,50.297,50.5645,0.532,0.772,77.2,0.79,1.58,0.97,7.58,46.2733,57.3386,65.3861
2026-01-26,CNOB1,27.7572,27.8168,0.215,0.708,70.8,0.98,2.65,4.07,7.06,25.5366,31.6432,36.0843
2026-01-26,CNOBP,27.7572,27.8168,0.215,0.708,70.8,0.98,2.65,4.07,7.06,25.5366,31.6432,36.0843
2026-01-26,CLB,19.3094,19.4593,0.776,0.726,72.6,0.86,3.56,5.39,6.38,17.7646,22.0127,25.1022
2026-01-26,GUT-PC,2.18,2.18,0.0,0.939,93.9,2.29,7.7,4.86,6.85,2.0056,2.4852,2.834
2026-01-27,GOOGL,334.3146,335.8236,0.451,0.77,77.0,0.75,2.22,2.84,9640.34,307.5695,381.1187,434.609
2026-01-27,GOOG,335.0,336.61,0.481,0.769,76.9,0.83,2.2,2.84,6494.8,308.2,381.9,435.5
2026-01-27,XOM,135.924,136.7783,0.629,0.723,72.3,0.81,1.94,7.69,2444.2,125.0501,154.9534,176.7012
2026-01-27,AMAT,332.71,341.93,2.771,0.84,84.0,1.15,3.19,10.99,2325.95,306.0932,379.2894,432.523
2026-01-27,JNJ,224.44,226.4,0.873,0.76,76.0,0.94,1.74,5.46,1952.92,206.4848,255.8616,291.772
2026-01-27,RKLB,87.0,87.22,0.253,0.846,84.6,0.65,8.02,3.75,2365.31,80.04,99.18,113.1
2026-01-27,CVNA,477.72,474.06,-0.766,0.865,86.5,1.29,4.18,6.06,1290.55,439.5024,544.6008,621.036
2026-01-27,TMO,623.2938,618.029,-0.845,0.998,99.8,0.7,2.4,11.46,1458.05,573.4303,710.5549,810.2819
2026-01-27,NVO,62.89,61.48,-2.242,0.774,77.4,0.61,2.64,8.5,1394.24,57.8588,71.6946,81.757
2026-01-27,ADI,302.8816,312.023,3.018,0.832,83.2,1.07,2.39,3.49,1005.61,278.6511,345.285,393.7461
2026-01-27,COHR1,214.0,214.01,0.005,0.912,91.2,1.02,6.64,11.73,872.84,196.88,243.96,278.2
2026-01-27,LMT,594.95,592.9,-0.345,0.782,78.2,0.85,2.93,9.01,1201.92,547.354,678.243,773.435
2026-01-27,GILD,140.97,140.41,-0.397,0.739,73.9,1.51,2.82,12.24,990.87,129.6924,160.7058,183.261
2026-01-27,AMGN,351.32,349.0,-0.66,0.765,76.5,1.26,2.29,5.36,909.91,323.2144,400.5048,456.716
2026-01-27,SLB,50.363,50.1045,-0.513,0.885,88.5,0.81,2.9,12.63,1081.2,46.334,57.4138,65.4719
2026-01-27,PM,178.88,178.11,-0.43,0.778,77.8,0.8,2.19,7.82,869.96,164.5696,203.9232,232.544
2026-01-27,TER,238.94,243.56,1.934,0.876,87.6,1.08,3.36,8.02,622.54,219.8248,272.3916,310.622
2026-01-27,CIEN,247.52,247.52,0.0,0.84,84.0,0.86,6.54,3.66,566.81,227.7184,282.1728,321.776
2026-01-27,BMY,55.56,55.01,-0.99,0.85,85.0,0.94,1.99,1.12,667.87,51.1152,63.3384,72.228
2026-01-27,MCHP,75.16,79.82,6.2,0.765,76.5,0.74,2.95,4.14,621.49,69.1472,85.6824,97.708
2026-01-27,GM,86.38,86.07,-0.359,0.799,79.9,2.71,2.44,5.52,752.63,79.4696,98.4732,112.294
2026-01-27,FITB,50.84,50.84,0.0,0.776,77.6,0.85,2.39,3.22,448.93,46.7728,57.9576,66.092
2026-01-27,SATS,125.81,129.59,3.005,0.939,93.9,1.32,4.87,5.43,792.62,115.7452,143.4234,163.553
2026-01-27,USB,56.53,56.35,-0.318,0.773,77.3,1.1,1.83,3.12,654.08,52.0076,64.4442,73.489
2026-01-27,FDX,312.42,311.73,-0.221,0.805,80.5,1.19,2.24,2.51,558.08,287.4264,356.1588,406.146
2026-01-27,REGN,770.3234,764.2307,-0.791,0.717,71.7,0.77,2.5,0.57,642.16,708.6975,878.1686,1001.4204
2026-01-27,PH,924.2474,920.5343,-0.402,0.739,73.9,1.21,1.82,0.55,517.47,850.3076,1053.6421,1201.5217
2026-01-27,PNC,223.7,223.3,-0.179,0.793,79.3,0.77,1.97,3.62,646.81,205.804,255.018,290.81
2026-01-27,AEM,216.16,219.15,1.383,0.881,88.1,1.18,3.37,11.96,569.3,198.8672,246.4224,281.008
2026-01-27,CMIIU,574.2993,576.5916,0.399,0.841,84.1,0.98,1.82,4.09,447.59,528.3553,654.7012,746.589
2026-01-27,CMIKA,574.2993,576.5916,0.399,0.841,84.1,0.98,1.82,4.09,447.59,528.3553,654.7012,746.589
2026-01-27,CMIN,574.2993,576.5916,0.399,0.841,84.1,0.98,1.82,4.09,447.59,528.3553,654.7012,746.589
2026-01-27,CMIV,574.2993,576.5916,0.399,0.841,84.1,0.98,1.82,4.09,447.59,528.3553,654.7012,746.589
2026-01-27,LHX,360.54,357.22,-0.921,0.806,80.6,0.76,2.66,9.03,608.89,331.6968,411.0156,468.702
2026-01-27,BKR,56.5,57.16,1.168,0.705,70.5,1.39,2.93,12.07,527.55,51.98,64.41,73.45
2026-01-27,WM,231.34,229.88,-0.631,0.706,70.6,1.2,1.53,4.25,444.06,212.8328,263.7276,300.742
2026-01-27,TFC,50.89,50.84,-0.098,0.701,70.1,1.05,2.05,1.54,483.13,46.8188,58.0146,66.157
2026-01-27,CTSH,84.65,84.65,0.0,0.725,72.5,1.16,2.17,0.41,367.14,77.878,96.501,110.045
2026-01-27,MNST,81.41,81.26,-0.184,0.772,77.2,0.85,1.87,3.86,428.38,74.8972,92.8074,105.833
2026-01-27,CHSCL,179.8149,179.5758,-0.133,0.892,89.2,1.41,2.05,5.34,288.7,165.4297,204.989,233.7594
2026-01-27,EL,116.44,116.39,-0.043,0.742,74.2,0.95,2.68,3.58,377.93,107.1248,132.7416,151.372
2026-01-27,DG,147.66,146.97,-0.467,0.906,90.6,0.77,2.85,2.23,496.81,135.8472,168.3324,191.958
2026-01-27,ODFL,174.44,175.06,0.355,0.823,82.3,0.66,2.8,2.63,319.93,160.4848,198.8616,226.772
2026-01-27,PCAR,120.4963,122.2916,1.49,0.71,71.0,1.71,2.24,2.57,369.15,110.8566,137.3657,156.6451
2026-01-27,KTTA,118.06,120.0,1.643,0.83,83.0,0.75,6.43,11.54,487.67,108.6152,134.5884,153.478
2026-01-27,EXE,108.229,108.229,-0.0,0.836,83.6,1.03,3.0,5.62,362.6,99.5707,123.3811,140.6977
2026-01-27,RIO,92.91,93.09,0.194,0.818,81.8,0.75,1.65,9.28,402.18,85.4772,105.9174,120.783
2026-01-27,OKE,76.6896,76.9461,0.334,0.705,70.5,1.48,2.47,4.52,314.4,70.5544,87.4261,99.6965
2026-01-27,WAT,390.09,387.85,-0.574,0.995,99.5,0.75,2.66,9.09,192.49,358.8828,444.7026,507.117
2026-01-27,ROG-SW,350.0,342.3,-2.2,0.841,84.1,1.26,1.54,2.71,355.12,322.0,399.0,455.0
2026-01-27,CAH,214.04,212.62,-0.663,0.839,83.9,1.09,1.94,2.95,348.88,196.9168,244.0056,278.252
2026-01-27,KEX,21.2496,21.1011,-0.699,0.795,79.5,0.95,2.24,1.29,319.66,19.5496,24.2246,27.6245
2026-01-27,CFG,62.9778,62.9976,0.032,0.971,97.1,0.63,2.47,11.0,360.7,57.9396,71.7947,81.8711
2026-01-27,TPR,127.199,128.5853,1.09,0.981,98.1,0.95,2.56,4.25,260.61,117.0231,145.0068,165.3587
2026-01-27,KEYS,217.82,218.13,0.142,0.814,81.4,1.08,2.22,3.31,202.65,200.3944,248.3148,283.166
2026-01-27,TEVA,32.53,31.39,-3.504,0.924,92.4,1.52,2.31,1.97,303.33,29.9276,37.0842,42.289
2026-01-27,BHP,70.49,70.38,-0.156,0.769,76.9,1.34,1.7,9.77,280.82,64.8508,80.3586,91.637
2026-01-27,HUT,61.84,63.74,3.072,0.729,72.9,1.14,8.21,9.31,310.19,56.8928,70.4976,80.392
2026-01-27,IT,232.0,233.22,0.526,0.822,82.2,1.09,3.24,1.75,201.52,213.44,264.48,301.6
2026-01-27,AME,220.56,219.49,-0.485,0.741,74.1,0.72,1.64,3.37,263.64,202.9152,251.4384,286.728
2026-01-27,DOV,206.7855,206.8055,0.01,0.971,97.1,0.7,1.71,8.32,249.58,190.2427,235.7355,268.8212
2026-01-27,BTI,60.34,59.62,-1.193,0.718,71.8,1.87,1.51,6.36,223.52,55.5128,68.7876,78.442
2026-01-27,MTB,217.49,216.72,-0.354,0.759,75.9,0.94,2.2,3.11,247.97,200.0908,247.9386,282.737
2026-01-27,TRGP,194.0722,195.6543,0.815,0.831,83.1,0.99,2.68,5.96,223.55,178.5464,221.2423,252.2938
2026-01-27,JBL,242.2039,242.8237,0.256,0.949,94.9,0.79,3.91,7.11,266.4,222.8276,276.1124,314.865
2026-01-27,PODD,264.91,266.2,0.487,0.99,99.0,1.76,2.9,1.45,222.38,243.7172,301.9974,344.383
2026-01-27,ATHXQ,124.15,124.25,0.081,0.754,75.4,0.71,2.71,2.09,154.96,114.218,141.531,161.395
2026-01-27,ATI,124.15,124.25,0.081,0.754,75.4,0.71,2.71,2.09,154.96,114.218,141.531,161.395
2026-01-27,ATI1,124.15,124.25,0.081,0.754,75.4,0.71,2.71,2.09,154.96,114.218,141.531,161.395
2026-01-27,EXPD,158.38,157.84,-0.341,0.95,95.0,0.96,1.72,5.25,204.94,145.7096,180.5532,205.894
2026-01-27,LII,498.8,484.32,-2.903,0.996,99.6,1.22,2.72,6.09,228.61,458.896,568.632,648.44
2026-01-27,HUBB,482.8285,481.193,-0.339,0.988,98.8,0.78,2.42,10.06,309.59,444.2022,550.4245,627.6771
2026-01-27,TYL,426.16,435.45,2.18,0.972,97.2,0.75,2.33,2.96,206.86,392.0672,485.8224,554.008
2026-01-27,PPG,109.6498,114.2335,4.18,0.955,95.5,1.47,2.1,6.26,213.78,100.8778,125.0008,142.5448
2026-01-27,AGNC,12.0413,12.0018,-0.329,0.8,80.0,1.36,1.81,6.84,245.51,11.078,13.7271,15.6537
2026-01-27,HII,421.473,415.382,-1.445,0.896,89.6,0.64,3.09,8.16,258.88,387.7551,480.4792,547.9148
2026-01-27,AMLJ,50.74,51.99,2.464,0.914,91.4,0.59,5.67,4.24,215.51,46.6808,57.8436,65.962
2026-01-27,AMLN,50.74,51.99,2.464,0.914,91.4,0.59,5.67,4.24,215.51,46.6808,57.8436,65.962
2026-01-27,AMKR,50.643,51.8906,2.464,0.913,91.3,0.59,5.67,4.24,215.1,46.5915,57.733,65.8358
2026-01-27,ATO,168.096,168.0661,-0.018,0.94,94.0,1.43,1.75,2.14,240.26,154.6483,191.6294,218.5248
2026-01-27,BR,206.42,205.98,-0.213,0.985,98.5,0.92,1.87,2.9,165.96,189.9064,235.3188,268.346
2026-01-27,CDW,124.7707,124.8105,0.032,0.992,99.2,0.82,2.58,4.66,235.04,114.789,142.2385,162.2018
2026-01-27,DD,44.4317,44.5413,0.247,0.838,83.8,0.64,2.16,4.07,215.13,40.8772,50.6521,57.7612
2026-01-27,GH,114.59,114.86,0.236,0.919,91.9,0.68,4.53,4.74,219.1,105.4228,130.6326,148.967
2026-01-27,RL,357.79,357.25,-0.151,0.956,95.6,0.99,2.41,3.26,173.08,329.1668,407.8806,465.127
2026-01-27,POOL,262.8924,262.117,-0.295,0.989,98.9,0.73,2.37,12.45,210.31,241.861,299.6973,341.7601
2026-01-27,FNV,261.93,266.97,1.924,0.894,89.4,1.18,3.34,12.26,230.97,240.9756,298.6002,340.509
2026-01-27,LH,270.4413,268.9151,-0.564,0.986,98.6,0.84,2.27,11.77,208.37,248.806,308.3031,351.5737
2026-01-27,WSM,208.25,208.99,0.355,0.703,70.3,0.73,3.51,5.48,226.36,191.59,237.405,270.725
2026-01-27,TROW,105.31,105.4,0.085,0.934,93.4,0.61,2.34,5.75,190.62,96.8852,120.0534,136.903
2026-01-27,AVB,176.03,176.16,0.074,0.986,98.6,0.91,2.13,6.07,227.23,161.9476,200.6742,228.839
2026-01-27,EPAM,218.04,219.61,0.72,0.859,85.9,0.97,3.1,2.21,143.0,200.5968,248.5656,283.452
2026-01-27,NTR,70.32,71.2,1.251,0.794,79.4,0.74,2.57,9.2,199.97,64.6944,80.1648,91.416
2026-01-27,ZBRA,238.56,240.49,0.809,0.987,98.7,0.65,2.88,3.27,214.6,219.4752,271.9584,310.128
2026-01-27,STE,262.4027,260.6871,-0.654,0.993,99.3,0.7,2.25,10.46,184.48,241.4105,299.1391,341.1235
2026-01-27,JLL,356.03,356.99,0.27,0.702,70.2,0.71,2.43,2.17,129.28,327.5476,405.8742,462.839
2026-01-27,JLMI,356.03,356.99,0.27,0.702,70.2,0.71,2.43,2.17,129.28,327.5476,405.8742,462.839
2026-01-27,TKO,199.19,199.21,0.01,0.99,99.0,0.76,2.58,5.95,191.79,183.2548,227.0766,258.947
2026-01-27,PQUEQ,15.3,15.42,0.784,0.781,78.1,1.09,3.11,7.15,146.47,14.076,17.442,19.89
2026-01-27,PRA,15.3,15.42,0.784,0.781,78.1,1.09,3.11,7.15,146.47,14.076,17.442,19.89
2026-01-27,ES,69.8911,70.2572,0.524,0.942,94.2,0.91,2.28,6.41,148.19,64.2998,79.6758,90.8584
2026-01-27,TXT,94.2094,90.5102,-3.927,0.979,97.9,1.06,2.05,8.35,163.75,86.6727,107.3987,122.4722
2026-01-27,BWA,48.287,48.1773,-0.227,0.957,95.7,0.87,2.09,6.48,84.28,44.424,55.0472,62.7731
2026-01-27,AGI,43.64,44.5,1.971,0.875,87.5,1.2,3.85,6.46,130.26,40.1488,49.7496,56.732
2026-01-27,WHR,82.3833,82.3438,-0.048,0.88,88.0,1.32,3.77,6.11,101.65,75.7926,93.917,107.0983
2026-01-27,ASX,20.07,20.15,0.399,0.888,88.8,0.99,1.99,10.66,141.64,18.4644,22.8798,26.091
2026-01-27,IEX,194.85,194.36,-0.251,0.91,91.0,0.82,1.95,7.55,116.11,179.262,222.129,253.305
2026-01-27,JKHY,178.3119,179.1189,0.453,0.994,99.4,0.82,2.08,4.94,195.71,164.0469,203.2755,231.8054
2026-01-27,ASA,38.08,38.37,0.762,0.722,72.2,0.78,3.08,1.28,124.02,35.0336,43.4112,49.504
2026-01-27,FSLY,10.28,10.405,1.216,0.821,82.1,2.49,4.0,6.42,33.7,9.4576,11.7192,13.364
2026-01-27,PRAX,314.75,323.0,2.621,0.923,92.3,0.92,6.21,5.98,204.79,289.57,358.815,409.175
2026-01-27,NTRT,149.124,149.0345,-0.06,0.723,72.3,1.01,2.2,3.67,140.5,137.1941,170.0014,193.8612
2026-01-27,NTS,149.124,149.0345,-0.06,0.723,72.3,1.01,2.2,3.67,140.5,137.1941,170.0014,193.8612
2026-01-27,KMX,46.34,46.7,0.777,0.941,94.1,0.8,3.91,8.92,164.04,42.6328,52.8276,60.242
2026-01-27,TAP,47.9661,47.8672,-0.206,0.924,92.4,1.19,2.2,3.64,132.91,44.1288,54.6814,62.356
2026-01-27,ESS,251.73,252.26,0.211,0.993,99.3,0.65,2.08,8.03,168.12,231.5916,286.9722,327.249
2026-01-27,AGX,362.58,363.63,0.29,0.79,79.0,1.08,5.3,6.67,118.4,333.5736,413.3412,471.354
2026-01-27,AGX1,362.58,363.63,0.29,0.79,79.0,1.08,5.3,6.67,118.4,333.5736,413.3412,471.354
2026-01-27,VTRS,13.12,13.15,0.229,0.828,82.8,0.85,2.4,2.6,110.13,12.0704,14.9568,17.056
2026-01-27,CLGX,260.55,259.82,-0.28,0.736,73.6,0.58,2.21,3.22,105.6,239.706,297.027,338.715
2026-01-27,MAA,134.73,134.86,0.096,0.957,95.7,0.71,1.89,4.82,132.04,123.9516,153.5922,175.149
2026-01-27,PNW,93.8383,93.6601,-0.19,0.942,94.2,0.74,1.82,7.41,118.99,86.3313,106.9757,121.9898
2026-01-27,EG,321.9301,321.0754,-0.265,0.882,88.2,0.74,1.92,0.96,105.8,296.1757,367.0003,418.5091
2026-01-27,CE,46.8331,47.2729,0.939,0.956,95.6,0.61,4.04,9.34,113.02,43.0865,53.3898,60.8831
2026-01-27,HRMN1,25.2,25.1,-0.397,0.727,72.7,0.97,2.2,6.19,111.78,23.184,28.728,32.76
2026-01-27,HSIC,76.87,76.65,-0.286,0.984,98.4,0.81,2.5,6.4,117.17,70.7204,87.6318,99.931
2026-01-27,SEDG,34.81,35.5,1.982,0.951,95.1,0.67,5.65,9.82,112.7,32.0252,39.6834,45.253
2026-01-27,HMYRQ,24.16,24.92,3.146,0.904,90.4,1.14,4.1,11.67,97.54,22.2272,27.5424,31.408
2026-01-27,GRAL,108.98,108.51,-0.431,0.816,81.6,1.15,7.71,9.28,87.5,100.2616,124.2372,141.674
2026-01-27,BTU,36.0093,36.3884,1.053,0.859,85.9,0.64,4.86,5.73,106.62,33.1285,41.0506,46.8121
2026-01-27,BUTLQ,36.0093,36.3884,1.053,0.859,85.9,0.64,4.86,5.73,106.62,33.1285,41.0506,46.8121
2026-01-27,APG,41.86,41.93,0.167,0.767,76.7,0.73,2.48,1.38,96.44,38.5112,47.7204,54.418
2026-01-27,MLIN,134.43,134.41,-0.015,0.825,82.5,0.76,2.02,7.09,90.58,123.6756,153.2502,174.759
2026-01-27,PFSI,148.9699,149.0197,0.033,0.728,72.8,1.67,3.07,3.95,59.14,137.0523,169.8257,193.6609
2026-01-27,ESLT,729.88,738.1,1.126,0.909,90.9,0.8,2.68,8.21,94.58,671.4896,832.0632,948.844
2026-01-27,AIZ,236.0908,235.2044,-0.375,0.965,96.5,0.84,1.87,6.2,92.96,217.2036,269.1435,306.9181
2026-01-27,FSM,11.57,11.73,1.383,0.898,89.8,1.13,4.8,10.49,91.16,10.6444,13.1898,15.041
2026-01-27,ACNAQ,53.95,54.61,1.223,0.817,81.7,0.69,5.68,10.26,79.88,49.634,61.503,70.135
2026-01-27,ACNB,53.95,54.61,1.223,0.817,81.7,0.69,5.68,10.26,79.88,49.634,61.503,70.135
2026-01-27,FRPT,72.0,72.72,1.0,0.874,87.4,0.7,3.91,10.84,72.5,66.24,82.08,93.6
2026-01-27,FRT,101.48,101.5,0.02,0.952,95.2,0.91,1.54,4.32,83.79,93.3616,115.6872,131.924
2026-01-27,NEB,34.8542,35.4179,1.617,0.77,77.0,1.63,3.31,12.48,61.9,32.0659,39.7338,45.3104
2026-01-27,FLXT,29.35,29.33,-0.068,0.7,70.0,1.04,10.96,5.66,109.49,27.002,33.459,38.155
2026-01-27,NVTAQ,24.11,24.11,0.0,0.756,75.6,0.77,3.1,2.77,53.83,22.1812,27.4854,31.343
2026-01-27,BKEP,12.92,12.81,-0.851,0.9,90.0,1.37,3.12,11.51,56.68,11.8864,14.7288,16.796
2026-01-27,SOLV,77.61,77.08,-0.683,0.945,94.5,0.72,2.43,0.95,85.07,71.4012,88.4754,100.893
2026-01-27,ORAL,126.0621,125.7125,-0.277,0.713,71.3,0.82,2.57,7.2,70.97,115.9772,143.7108,163.8808
2026-01-27,CELC,117.25,117.17,-0.068,0.918,91.8,1.38,5.24,9.99,81.37,107.87,133.665,152.425
2026-01-27,CELH,117.25,117.17,-0.068,0.918,91.8,1.38,5.24,9.99,81.37,107.87,133.665,152.425
2026-01-27,COGN,38.51,38.39,-0.312,0.966,96.6,0.96,5.24,4.09,99.61,35.4292,43.9014,50.063
2026-01-27,COGT,38.51,38.39,-0.312,0.966,96.6,0.96,5.24,4.09,99.61,35.4292,43.9014,50.063
2026-01-27,AMTM,35.37,35.34,-0.085,0.928,92.8,0.83,2.85,6.99,62.0,32.5404,40.3218,45.981
2026-01-27,HUN,11.37,11.41,0.352,0.851,85.1,1.01,4.48,1.21,50.39,10.4604,12.9618,14.781
2026-01-27,PAA,19.55,19.45,-0.512,0.72,72.0,1.21,1.75,4.61,68.45,17.986,22.287,25.415
2026-01-27,CWPE,105.82,105.78,-0.038,0.803,80.3,0.92,2.57,3.31,67.7,97.3544,120.6348,137.566
2026-01-27,CWST,105.82,105.78,-0.038,0.803,80.3,0.92,2.57,3.31,67.7,97.3544,120.6348,137.566
2026-01-27,ARR,18.3265,18.3166,-0.054,0.733,73.3,0.79,1.89,2.14,72.35,16.8603,20.8922,23.8244
2026-01-27,ARRKF,18.3265,18.3166,-0.054,0.733,73.3,0.79,1.89,2.14,72.35,16.8603,20.8922,23.8244
2026-01-27,ARRO,18.3265,18.3166,-0.054,0.733,73.3,0.79,1.89,2.14,72.35,16.8603,20.8922,23.8244
2026-01-27,ARRS,18.3265,18.3166,-0.054,0.733,73.3,0.79,1.89,2.14,72.35,16.8603,20.8922,23.8244
2026-01-27,CNQR,96.7919,97.6609,0.898,0.783,78.3,0.6,3.85,2.22,63.41,89.0486,110.3428,125.8295
2026-01-27,CNR,96.7919,97.6609,0.898,0.783,78.3,0.6,3.85,2.22,63.41,89.0486,110.3428,125.8295
2026-01-27,CNR1,96.7919,97.6609,0.898,0.783,78.3,0.6,3.85,2.22,63.41,89.0486,110.3428,125.8295
2026-01-27,JBS,15.6,15.63,0.192,0.74,74.0,0.69,2.74,6.73,71.14,14.352,17.784,20.28
2026-01-27,PLXT,173.51,176.13,1.51,0.791,79.1,1.19,3.57,4.85,43.07,159.6292,197.8014,225.563
2026-01-27,BTE,3.41,3.46,1.466,0.901,90.1,0.79,4.28,3.54,61.8,3.1372,3.8874,4.433
2026-01-27,INDV,34.74,34.67,-0.202,0.878,87.8,1.18,3.4,0.5,62.5,31.9608,39.6036,45.162
2026-01-27,CGNX,55.1,54.9,-0.363,0.822,82.2,0.58,6.22,12.24,83.57,50.692,62.814,71.63
2026-01-27,LNTH,67.885,68.14,0.376,0.767,76.7,0.65,2.69,1.09,56.21,62.4542,77.3889,88.2505
2026-01-27,XRAY,12.77,12.77,0.0,0.972,97.2,0.76,3.57,11.2,52.98,11.7484,14.5578,16.601
2026-01-27,GMAB,34.4,33.02,-4.012,0.728,72.8,0.97,2.82,3.97,71.6,31.648,39.216,44.72
2026-01-27,GMANQ,34.4,33.02,-4.012,0.728,72.8,0.97,2.82,3.97,71.6,31.648,39.216,44.72
2026-01-27,HWC,66.9306,66.8015,-0.193,0.755,75.5,0.91,2.45,0.65,54.83,61.5761,76.3008,87.0097
2026-01-27,ERIE,272.5,272.5,0.0,0.995,99.5,0.64,2.67,5.71,74.61,250.7,310.65,354.25
2026-01-27,LGIQ,49.94,50.45,1.021,0.745,74.5,0.87,5.08,7.57,61.73,45.9448,56.9316,64.922
2026-01-27,LGL,49.94,50.45,1.021,0.745,74.5,0.87,5.08,7.57,61.73,45.9448,56.9316,64.922
2026-01-27,LGL-WT,49.94,50.45,1.021,0.745,74.5,0.87,5.08,7.57,61.73,45.9448,56.9316,64.922
2026-01-27,LGN,49.94,50.45,1.021,0.745,74.5,0.87,5.08,7.57,61.73,45.9448,56.9316,64.922
2026-01-27,BANC,20.16,20.16,0.0,0.735,73.5,0.79,2.92,0.0,43.51,18.5472,22.9824,26.208
2026-01-27,ORC,8.2182,8.2182,-0.0,0.725,72.5,0.86,2.19,7.42,56.07,7.5607,9.3687,10.6836
2026-01-27,CMPO,24.4975,24.9175,1.714,0.787,78.7,0.76,5.78,9.79,50.88,22.5377,27.9272,31.8468
2026-01-27,DAP,29.8071,29.9068,0.334,0.889,88.9,0.7,3.27,10.01,55.08,27.4225,33.9801,38.7492
2026-01-27,DAR,29.8071,29.9068,0.334,0.889,88.9,0.7,3.27,10.01,55.08,27.4225,33.9801,38.7492
2026-01-27,MODG,15.0,14.94,-0.4,0.917,91.7,1.46,4.0,7.73,44.64,13.8,17.1,19.5
2026-01-27,CSTM,22.69,22.89,0.881,0.89,89.0,0.71,3.18,6.82,30.74,20.8748,25.8666,29.497
2026-01-27,ATMP,56.682,56.4622,-0.388,0.752,75.2,0.9,2.49,3.19,24.94,52.1475,64.6175,73.6866
2026-01-27,ATMV,56.682,56.4622,-0.388,0.753,75.3,0.9,2.49,3.19,24.94,52.1475,64.6175,73.6866
2026-01-27,ATMVR,56.682,56.4622,-0.388,0.753,75.3,0.9,2.49,3.19,24.94,52.1475,64.6175,73.6866
2026-01-27,PATK,129.4838,129.7827,0.231,0.85,85.0,0.6,3.15,8.2,42.47,119.1251,147.6115,168.3289
2026-01-27,PLAB,35.62,36.3,1.909,0.903,90.3,0.93,5.63,4.8,44.96,32.7704,40.6068,46.306
2026-01-27,BOJA,129.1671,129.1671,-0.0,0.779,77.9,0.82,2.48,3.43,39.97,118.8338,147.2505,167.9173
2026-01-27,BOLD,129.1671,129.1671,-0.0,0.779,77.9,0.82,2.48,3.43,39.97,118.8338,147.2505,167.9173
2026-01-27,SDZ-SW,64.02,64.0,-0.031,0.813,81.3,1.02,2.24,5.55,43.36,58.8984,72.9828,83.226
2026-01-27,HUBG,47.53,47.66,0.274,0.858,85.8,0.83,2.35,3.43,26.54,43.7276,54.1842,61.789
2026-01-27,ASH,61.8848,62.1927,0.498,0.808,80.8,0.74,2.59,0.85,36.38,56.934,70.5487,80.4502
2026-01-27,AUB,38.959,38.959,0.0,0.761,76.1,0.74,2.64,5.02,43.27,35.8423,44.4133,50.6467
2026-01-27,PAIYY,20.71,20.67,-0.193,0.737,73.7,1.31,1.65,4.26,37.57,19.0532,23.6094,26.923
2026-01-27,PALDF,20.71,20.67,-0.193,0.737,73.7,1.31,1.65,4.26,37.57,19.0532,23.6094,26.923
2026-01-27,LCAV,20.81,20.7,-0.529,0.758,75.8,1.2,3.8,2.98,35.03,19.1452,23.7234,27.053
2026-01-27,FULT,20.38,20.37,-0.049,0.706,70.6,0.82,2.56,2.42,36.95,18.7496,23.2332,26.494
2026-01-27,AMRX,13.83,14.43,4.338,0.853,85.3,1.54,2.55,5.02,20.1,12.7236,15.7662,17.979
2026-01-27,BLTE,167.34,167.09,-0.149,0.938,93.8,0.84,5.36,4.75,39.96,153.9528,190.7676,217.542
2026-01-27,AX,92.47,92.58,0.119,0.704,70.4,1.04,2.81,1.01,30.51,85.0724,105.4158,120.211
2026-01-27,ARCC1,86.804,87.9228,1.289,0.748,74.8,0.59,3.55,1.56,27.93,79.8597,98.9566,112.8453
2026-01-27,ARCE,86.804,87.9228,1.289,0.748,74.8,0.59,3.55,1.56,27.93,79.8597,98.9566,112.8453
2026-01-27,ARCH,86.804,87.9228,1.289,0.748,74.8,0.59,3.55,1.56,27.93,79.8597,98.9566,112.8453
2026-01-27,ARCHQ,86.804,87.9228,1.289,0.748,74.8,0.59,3.55,1.56,27.93,79.8597,98.9566,112.8453
2026-01-27,ARCIU,86.804,87.9228,1.289,0.748,74.8,0.59,3.55,1.56,27.93,79.8597,98.9566,112.8453
2026-01-27,ARCK,86.804,87.9228,1.289,0.748,74.8,0.59,3.55,1.56,27.93,79.8597,98.9566,112.8453
2026-01-27,AXGN,34.59,34.59,0.0,0.913,91.3,0.88,4.74,6.91,34.19,31.8228,39.4326,44.967
2026-01-27,BOST,4.51,4.51,0.0,0.905,90.5,1.06,4.12,6.04,20.16,4.1492,5.1414,5.863
2026-01-27,BOT,4.51,4.51,0.0,0.905,90.5,1.06,4.12,6.04,20.16,4.1492,5.1414,5.863
2026-01-27,CEDCQ,71.02,70.86,-0.225,0.904,90.4,0.88,3.2,10.87,15.76,65.3384,80.9628,92.326
2026-01-27,CMBT,12.18,12.37,1.56,0.831,83.1,1.28,2.94,11.57,28.81,11.2056,13.8852,15.834
2026-01-27,J36-SI,76.28,76.02,-0.341,0.832,83.2,1.99,2.06,4.63,22.86,70.1776,86.9592,99.164
2026-01-27,EWTLQ,29.36,29.32,-0.136,0.944,94.4,0.76,5.66,12.11,36.51,27.0112,33.4704,38.168
2026-01-27,OSS,10.51,10.64,1.237,0.953,95.3,0.58,11.79,12.83,35.56,9.6692,11.9814,13.663
2026-01-27,NBR,67.26,68.24,1.457,0.829,82.9,0.66,4.22,9.58,24.46,61.8792,76.6764,87.438
2026-01-27,BMA,104.2303,105.5245,1.242,0.775,77.5,1.24,4.63,11.93,28.77,95.8919,118.8226,135.4995
2026-01-27,MBX,36.07,36.34,0.749,0.948,94.8,0.68,8.79,1.41,25.24,33.1844,41.1198,46.891
2026-01-27,AZTR,40.13,40.11,-0.05,0.862,86.2,0.62,3.16,5.97,20.54,36.9196,45.7482,52.169
2026-01-27,AZUL,40.13,40.11,-0.05,0.862,86.2,0.62,3.16,5.97,20.54,36.9196,45.7482,52.169
2026-01-27,NVSGF,18.81,18.87,0.319,0.903,90.3,0.95,1.7,2.33,20.85,17.3052,21.4434,24.453
2026-01-27,GLDG,15.2,15.25,0.329,0.852,85.2,0.72,3.54,8.03,13.87,13.984,17.328,19.76
2026-01-27,FTRE1,17.12,17.37,1.46,0.927,92.7,0.6,5.93,0.3,21.32,15.7504,19.5168,22.256
2026-01-27,ANAB,49.73,49.36,-0.744,0.879,87.9,0.75,6.29,6.1,24.96,45.7516,56.6922,64.649
2026-01-27,CAEP,33.92,33.88,-0.118,0.761,76.1,1.32,2.21,4.35,19.31,31.2064,38.6688,44.096
2026-01-27,KRUS,68.7,69.0,0.437,0.735,73.5,0.72,6.6,4.85,26.53,63.204,78.318,89.31
2026-01-27,MAZE,45.34,45.34,0.0,0.901,90.1,1.35,6.29,9.23,16.8,41.7128,51.6876,58.942
2026-01-27,DCO,111.29,111.89,0.539,0.73,73.0,0.85,2.81,4.3,15.68,102.3868,126.8706,144.677
2026-01-27,ANDE,60.63,60.97,0.561,0.833,83.3,1.42,2.75,7.67,16.75,55.7796,69.1182,78.819
2026-01-27,ANDG,60.63,60.97,0.561,0.833,83.3,1.42,2.75,7.67,16.75,55.7796,69.1182,78.819
2026-01-27,ANDN1,60.63,60.97,0.561,0.833,83.3,1.42,2.75,7.67,16.75,55.7796,69.1182,78.819
2026-01-27,ANDR,60.63,60.97,0.561,0.833,83.3,1.42,2.75,7.67,16.75,55.7796,69.1182,78.819
2026-01-27,PLCM,19.29,19.5,1.089,0.741,74.1,0.63,5.81,5.99,20.1,17.7468,21.9906,25.077
2026-01-27,GROY,4.84,4.9,1.24,0.854,85.4,0.98,5.11,5.77,18.81,4.4528,5.5176,6.292
2026-01-27,LIND,16.14,16.15,0.062,0.876,87.6,1.06,3.81,3.72,11.09,14.8488,18.3996,20.982
2026-01-27,CDO,20.58,20.72,0.68,0.899,89.9,1.13,5.24,4.57,15.75,18.9336,23.4612,26.754
2026-01-27,ORKA,34.9,35.23,0.946,0.806,80.6,1.06,6.7,12.45,19.04,32.108,39.786,45.37
2026-01-27,ANNSF,6.57,6.63,0.913,0.954,95.4,0.95,7.25,12.52,16.96,6.0444,7.4898,8.541
2026-01-27,ANNX,6.57,6.63,0.913,0.954,95.4,0.95,7.25,12.52,16.96,6.0444,7.4898,8.541
2026-01-27,ANOR,6.57,6.63,0.913,0.954,95.4,0.95,7.25,12.52,16.96,6.0444,7.4898,8.541
2026-01-27,ATEX,25.93,27.2,4.898,0.858,85.8,4.38,5.0,11.18,6.55,23.8556,29.5602,33.709
2026-01-27,MUEL,67.0303,67.3199,0.432,0.771,77.1,1.6,2.36,2.78,9.57,61.6679,76.4146,87.1394
2026-01-27,GSL,36.6111,36.6603,0.134,0.79,79.0,1.33,2.28,4.03,11.89,33.6822,41.7366,47.5944
2026-01-27,DHC,5.63,5.64,0.178,0.877,87.7,1.93,3.51,4.47,9.87,5.1796,6.4182,7.319
2026-01-27,DHCC,5.63,5.64,0.178,0.877,87.7,1.93,3.51,4.47,9.87,5.1796,6.4182,7.319
2026-01-27,NX,18.51,18.66,0.81,0.824,82.4,0.74,3.49,6.79,11.27,17.0292,21.1014,24.063
2026-01-27,AVOI,13.46,13.66,1.486,0.736,73.6,0.74,3.65,8.63,13.87,12.3832,15.3444,17.498
2026-01-27,AVOL,13.46,13.66,1.486,0.736,73.6,0.74,3.65,8.63,13.87,12.3832,15.3444,17.498
2026-01-27,ARVLF,13.62,13.63,0.073,0.895,89.5,0.85,4.62,11.37,9.74,12.5304,15.5268,17.706
2026-01-27,ARVN,13.62,13.63,0.073,0.895,89.5,0.85,4.62,11.37,9.74,12.5304,15.5268,17.706
2026-01-27,MLKIQ,19.3736,19.3736,-0.0,0.784,78.4,0.73,2.95,2.15,10.04,17.8237,22.0858,25.1856
2026-01-27,MLKN,19.3736,19.3736,-0.0,0.784,78.4,0.73,2.95,2.15,10.04,17.8237,22.0858,25.1856
2026-01-27,APEI,42.23,42.66,1.018,0.795,79.5,0.77,3.69,5.44,10.46,38.8516,48.1422,54.899
2026-01-27,APEX,42.23,42.66,1.018,0.795,79.5,0.77,3.69,5.44,10.46,38.8516,48.1422,54.899
2026-01-27,APEX1,42.23,42.66,1.018,0.795,79.5,0.77,3.69,5.44,10.46,38.8516,48.1422,54.899
2026-01-27,APFC,42.23,42.66,1.018,0.795,79.5,0.77,3.69,5.44,10.46,38.8516,48.1422,54.899
2026-01-27,APFH,42.23,42.66,1.018,0.795,79.5,0.77,3.69,5.44,10.46,38.8516,48.1422,54.899
2026-01-27,AVBP,23.11,23.25,0.606,0.785,78.5,0.77,7.0,7.76,10.22,21.2612,26.3454,30.043
2026-01-27,AVC,23.11,23.25,0.606,0.785,78.5,0.77,7.0,7.76,10.22,21.2612,26.3454,30.043
2026-01-27,CMCL,20.6815,20.6815,0.0,0.883,88.3,1.42,3.95,5.87,6.33,19.027,23.5769,26.8859
2026-01-27,CMCM,20.6815,20.6815,0.0,0.883,88.3,1.42,3.95,5.87,6.33,19.027,23.5769,26.8859
2026-01-27,CMCO,20.6815,20.6815,0.0,0.883,88.3,1.42,3.95,5.87,6.33,19.027,23.5769,26.8859
2026-01-27,CMD,20.6815,20.6815,0.0,0.883,88.3,1.42,3.95,5.87,6.33,19.027,23.5769,26.8859
2026-01-27,CGEM,12.34,12.51,1.378,0.921,92.1,1.1,6.39,12.64,8.75,11.3528,14.0676,16.042
2026-01-27,PLRE,37.88,37.88,0.0,0.766,76.6,1.28,2.28,6.17,6.52,34.8496,43.1832,49.244
2026-01-27,CNOB1,27.8367,27.8466,0.036,0.718,71.8,0.71,2.61,4.14,7.1,25.6097,31.7338,36.1877
2026-01-27,CNOBP,27.8367,27.8466,0.036,0.718,71.8,0.71,2.61,4.14,7.1,25.6097,31.7338,36.1877
2026-01-27,CLB,19.6592,19.7691,0.559,0.771,77.1,0.66,3.57,6.34,6.53,18.0864,22.4114,25.5569
2026-01-27,CFFN,6.94,6.95,0.144,0.707,70.7,1.06,2.36,2.69,6.48,6.3848,7.9116,9.022
2026-01-27,GUT-PC,2.12,2.17,2.358,0.937,93.7,1.59,8.06,2.34,7.11,1.9504,2.4168,2.756
2026-01-27,BSBR,7.1,7.17,0.986,0.809,80.9,0.93,2.09,11.48,6.09,6.532,8.094,9.23
2026-01-28,GOOGL,335.7737,340.0606,1.277,0.727,72.7,0.94,2.25,2.94,9813.58,308.9118,382.782,436.5057
2026-01-28,GOOG,336.28,340.35,1.21,0.727,72.7,0.89,2.24,2.89,6607.4,309.3776,383.3592,437.164
2026-01-28,INTC,48.78,47.56,-2.501,0.771,77.1,1.44,5.58,9.05,6852.8,44.8776,55.6092,63.414
2026-01-28,XOM,136.6691,139.3909,1.992,0.758,75.8,0.87,1.91,7.56,2463.44,125.7355,155.8027,177.6698
2026-01-28,AMAT,336.75,340.74,1.185,0.843,84.3,1.16,3.25,10.92,2460.01,309.81,383.895,437.775
2026-01-28,ASML,1421.0457,1457.3976,2.558,0.844,84.4,2.31,2.68,10.56,3103.44,1307.362,1619.992,1847.3594
2026-01-28,GS,936.81,937.3,0.052,0.726,72.6,0.69,2.39,0.07,2277.85,861.8652,1067.9634,1217.853
2026-01-28,JNJ,227.72,228.81,0.479,0.762,76.2,1.01,1.75,6.5,2034.72,209.5024,259.6008,296.036
2026-01-28,BA,241.59,242.08,0.203,0.756,75.6,1.13,2.59,1.27,2146.88,222.2628,275.4126,314.067
2026-01-28,RKLB,88.57,87.94,-0.711,0.901,90.1,0.6,7.99,4.47,2399.0,81.4844,100.9698,115.141
2026-01-28,TMO,607.4195,585.2214,-3.654,0.998,99.8,0.97,2.44,3.42,1466.1,558.8259,692.4582,789.6453
2026-01-28,NVO,60.33,59.93,-0.663,0.747,74.7,0.73,2.71,3.29,1335.49,55.5036,68.7762,78.429
2026-01-28,ADI,316.6385,315.0834,-0.491,0.868,86.8,1.13,2.48,7.42,1085.17,291.3075,360.9679,411.6301
2026-01-28,LMT,597.27,609.24,2.004,0.783,78.3,0.65,3.01,8.36,1218.28,549.4884,680.8878,776.451
2026-01-28,GILD,139.72,139.75,0.021,0.723,72.3,1.01,2.86,10.6,1011.82,128.5424,159.2808,181.636
2026-01-28,AMGN,342.22,341.66,-0.164,0.71,71.0,0.9,2.4,2.44,889.2,314.8424,390.1308,444.886
2026-01-28,SLB,48.5835,49.5876,2.067,0.862,86.2,1.1,3.07,7.34,1086.06,44.6968,55.3852,63.1585
2026-01-28,PM,178.59,178.71,0.067,0.787,78.7,0.9,2.23,7.11,875.44,164.3028,203.5926,232.167
2026-01-28,TER,250.48,251.39,0.363,0.887,88.7,1.44,3.48,11.89,680.06,230.4416,285.5472,325.624
2026-01-28,CIEN,257.3,257.0,-0.117,0.864,86.4,0.9,6.57,7.34,593.29,236.716,293.322,334.49
2026-01-28,MCHP,80.28,79.89,-0.486,0.835,83.5,1.69,3.0,10.04,704.09,73.8576,91.5192,104.364
2026-01-28,GM,84.9,86.19,1.519,0.79,79.0,1.12,2.49,3.58,762.29,78.108,96.786,110.37
2026-01-28,NOC,689.13,695.45,0.917,0.732,73.2,1.07,3.45,8.85,783.83,633.9996,785.6082,895.869
2026-01-28,FITB,49.69,50.08,0.785,0.728,72.8,1.43,2.5,0.65,459.2,45.7148,56.6466,64.597
2026-01-28,HL,27.1847,27.5446,1.324,0.955,95.5,1.34,7.52,9.99,761.86,25.0099,30.9905,35.3401
2026-01-28,SATS,128.57,128.01,-0.436,0.942,94.2,0.87,4.74,6.84,829.98,118.2844,146.5698,167.141
2026-01-28,USB,55.74,56.14,0.718,0.74,74.0,0.66,1.87,1.52,654.39,51.2808,63.5436,72.462
2026-01-28,FDX,314.65,317.24,0.823,0.816,81.6,0.78,2.24,2.87,562.64,289.478,358.701,409.045
2026-01-28,PNC,221.39,222.97,0.714,0.778,77.8,0.84,2.03,2.29,653.48,203.6788,252.3846,287.807
2026-01-28,MDB,411.04,395.4,-3.805,0.715,71.5,0.62,4.38,0.64,568.25,378.1568,468.5856,534.352
2026-01-28,CMIIU,575.9238,580.9768,0.877,0.844,84.4,0.68,1.88,3.79,449.74,529.8499,656.5532,748.701
2026-01-28,CMIKA,575.9238,580.9768,0.877,0.844,84.4,0.68,1.88,3.79,449.74,529.8499,656.5532,748.701
2026-01-28,CMIN,575.9238,580.9768,0.877,0.844,84.4,0.68,1.88,3.79,449.74,529.8499,656.5532,748.701
2026-01-28,CMIV,575.9238,580.9768,0.877,0.844,84.4,0.68,1.88,3.79,449.74,529.8499,656.5532,748.701
2026-01-28,LHX,360.3,360.0,-0.083,0.776,77.6,0.85,2.71,7.91,627.68,331.476,410.742,468.39
2026-01-28,BKR,56.63,57.99,2.402,0.7,70.0,1.15,3.0,11.09,538.45,52.0996,64.5582,73.619
2026-01-28,FIX,1169.05,1180.1899,0.953,0.767,76.7,0.76,4.3,9.58,460.06,1075.526,1332.7171,1519.7651
2026-01-28,MNST,80.92,80.92,0.0,0.768,76.8,0.82,1.9,3.02,429.79,74.4464,92.2488,105.196
2026-01-28,CHSCL,183.6518,192.1926,4.651,0.729,72.9,1.81,2.13,6.95,315.42,168.9597,209.3631,238.7474
2026-01-28,EL,114.62,115.67,0.916,0.707,70.7,1.04,2.73,1.6,376.98,105.4504,130.6668,149.006
2026-01-28,DG,145.04,145.08,0.028,0.903,90.3,0.64,2.9,0.14,480.06,133.4368,165.3456,188.552
2026-01-28,ODFL,172.72,173.36,0.371,0.807,80.7,1.05,2.8,1.23,320.49,158.9024,196.9008,224.536
2026-01-28,PCAR,122.7404,122.9199,0.146,0.731,73.1,1.23,2.34,3.96,391.45,112.9212,139.9241,159.5625
2026-01-28,KTTA,112.67,114.88,1.961,0.817,81.7,0.88,6.77,4.71,479.11,103.6564,128.4438,146.471
2026-01-28,EXE,109.0645,110.7055,1.505,0.848,84.8,0.7,3.06,4.8,371.66,100.3393,124.3335,141.7838
2026-01-28,RIO,93.37,96.72,3.588,0.828,82.8,0.9,1.67,8.98,400.06,85.9004,106.4418,121.381
2026-01-28,OKE,78.1891,79.1854,1.274,0.749,74.9,1.17,2.57,6.16,329.63,71.9339,89.1355,101.6458
2026-01-28,WAT,385.03,382.2,-0.735,0.992,99.2,0.81,2.52,2.75,182.57,354.2276,438.9342,500.539
2026-01-28,KEX,21.1011,21.2199,0.563,0.784,78.4,1.26,2.26,0.5,329.49,19.413,24.0552,27.4314
2026-01-28,CFG,62.4813,62.9381,0.731,0.972,97.2,0.72,2.31,6.19,346.27,57.4828,71.2286,81.2256
2026-01-28,LEN,110.2977,110.1584,-0.126,0.992,99.2,0.68,3.3,1.97,376.5,101.4739,125.7394,143.387
2026-01-28,KEYS,221.5,223.67,0.98,0.81,81.0,1.5,2.25,4.69,214.98,203.78,252.51,287.95
2026-01-28,TEVA,33.21,33.26,0.151,0.931,93.1,2.15,2.59,3.84,338.3,30.5532,37.8594,43.173
2026-01-28,BHP,70.96,74.65,5.2,0.791,79.1,1.12,1.73,9.6,289.91,65.2832,80.8944,92.248
2026-01-28,HUT,64.6,63.56,-1.61,0.847,84.7,1.17,8.22,12.62,330.94,59.432,73.644,83.98
2026-01-28,PKZ,27.88,27.7,-0.646,0.961,96.1,0.9,7.64,12.74,397.5,25.6496,31.7832,36.244
2026-01-28,PL,27.88,27.7,-0.646,0.961,96.1,0.9,7.64,12.74,397.5,25.6496,31.7832,36.244
2026-01-28,MOH,187.0,187.65,0.348,0.789,78.9,1.22,3.92,0.35,266.95,172.04,213.18,243.1
2026-01-28,CTVA,73.05,73.5,0.616,0.721,72.1,0.76,1.97,4.62,264.87,67.206,83.277,94.965
2026-01-28,DOV,205.5284,208.0626,1.233,0.97,97.0,1.17,1.76,4.26,245.4,189.0861,234.3024,267.1869
2026-01-28,BTI,60.16,60.11,-0.083,0.724,72.4,1.26,1.5,5.68,230.14,55.3472,68.5824,78.208
2026-01-28,MTB,216.89,218.29,0.645,0.733,73.3,1.08,2.17,2.53,254.14,199.5388,247.2546,281.957
2026-01-28,TRGP,200.1319,203.6544,1.76,0.852,85.2,1.31,2.77,8.76,237.59,184.1214,228.1504,260.1715
2026-01-28,CVE,19.81,20.25,2.221,0.714,71.4,0.99,3.17,12.11,265.9,18.2252,22.5834,25.753
2026-01-28,JBL,243.5434,244.833,0.53,0.949,94.9,0.91,3.95,4.94,272.58,224.06,277.6395,316.6065
2026-01-28,SU,53.0,54.1,2.075,0.849,84.9,0.88,2.51,10.17,251.83,48.76,60.42,68.9
2026-01-28,EXPD,160.07,161.4,0.831,0.95,95.0,1.25,1.78,3.53,210.48,147.2644,182.4798,208.091
2026-01-28,HUBB,484.4142,488.3335,0.809,0.99,99.0,1.15,2.49,6.06,264.18,445.6611,552.2322,629.7385
2026-01-28,PPG,113.3088,114.2037,0.79,0.96,96.0,2.64,2.16,7.18,246.63,104.2441,129.172,147.3014
2026-01-28,AGNC,11.8929,12.0018,0.915,0.797,79.7,1.17,1.83,4.91,247.15,10.9415,13.5579,15.4608
2026-01-28,HII,424.0649,427.8131,0.884,0.856,85.6,0.72,3.13,7.73,260.86,390.1397,483.434,551.2843
2026-01-28,AMLJ,50.96,51.23,0.53,0.922,92.2,0.68,5.77,3.54,219.64,46.8832,58.0944,66.248
2026-01-28,AMLN,50.96,51.23,0.53,0.922,92.2,0.68,5.77,3.54,219.64,46.8832,58.0944,66.248
2026-01-28,AMKR,50.8625,51.132,0.53,0.924,92.4,0.68,5.77,3.54,219.22,46.7935,57.9833,66.1213
2026-01-28,BBIG,77.49,77.99,0.645,0.777,77.7,0.63,4.22,0.92,227.62,71.2908,88.3386,100.737
2026-01-28,BBIO,77.49,77.99,0.645,0.777,77.7,0.63,4.22,0.92,227.62,71.2908,88.3386,100.737
2026-01-28,DD,44.4516,44.5313,0.179,0.842,84.2,0.7,2.17,3.67,214.59,40.8955,50.6749,57.7871
2026-01-28,POOL,256.9478,257.7033,0.294,0.99,99.0,1.0,2.4,5.52,200.14,236.392,292.9205,334.0322
2026-01-28,LH,267.369,267.1496,-0.082,0.985,98.5,1.15,2.31,6.31,208.66,245.9795,304.8007,347.5797
2026-01-28,WSM,205.72,207.24,0.739,0.729,72.9,0.62,3.59,3.01,216.08,189.2624,234.5208,267.436
2026-01-28,TROW,105.25,105.93,0.646,0.94,94.0,0.67,2.3,2.41,178.46,96.83,119.985,136.825
2026-01-28,AVB,172.97,174.59,0.937,0.986,98.6,0.94,2.17,0.28,206.11,159.1324,197.1858,224.861
2026-01-28,CATA1,615.29,615.3,0.002,0.723,72.3,0.61,2.25,2.47,196.9,566.0668,701.4306,799.877
2026-01-28,EPAM,218.35,216.33,-0.925,0.87,87.0,1.18,3.14,2.2,147.11,200.882,248.919,283.855
2026-01-28,NTR,71.6,72.2,0.838,0.842,84.2,1.07,2.62,10.43,209.33,65.872,81.624,93.08
2026-01-28,STE,260.1983,260.3479,0.058,0.993,99.3,0.77,2.18,4.66,149.12,239.3824,296.626,338.2578
2026-01-28,JLL,356.37,359.4,0.85,0.701,70.1,0.81,2.45,2.04,130.18,327.8604,406.2618,463.281
2026-01-28,JLMI,356.37,359.4,0.85,0.701,70.1,0.81,2.45,2.04,130.18,327.8604,406.2618,463.281
2026-01-28,PQUEQ,15.54,15.95,2.638,0.811,81.1,1.32,3.16,8.22,154.72,14.2968,17.7156,20.202
2026-01-28,PRA,15.54,15.95,2.638,0.811,81.1,1.32,3.16,8.22,154.72,14.2968,17.7156,20.202
2026-01-28,ES,69.1687,69.426,0.372,0.947,94.7,1.43,2.23,3.24,151.78,63.6352,78.8523,89.9193
2026-01-28,BWA,48.1374,48.5063,0.766,0.953,95.3,0.78,2.06,3.66,86.23,44.2864,54.8767,62.5787
2026-01-28,AGI,44.43,44.9,1.058,0.891,89.1,1.19,3.88,7.66,134.53,40.8756,50.6502,57.759
2026-01-28,WHR,79.8172,75.2573,-5.713,0.816,81.6,2.05,3.79,0.41,106.34,73.4318,90.9916,103.7623
2026-01-28,ASX,20.26,19.85,-2.024,0.859,85.9,1.32,1.96,10.41,146.53,18.6392,23.0964,26.338
2026-01-28,GFS,45.79,45.37,-0.917,0.815,81.5,0.95,4.35,11.23,180.53,42.1268,52.2006,59.527
2026-01-28,IEX,196.4,198.14,0.886,0.93,93.0,1.82,2.01,5.98,124.3,180.688,223.896,255.32
2026-01-28,JKHY,179.1588,179.1588,0.0,0.995,99.5,1.27,2.2,0.95,167.69,164.8261,204.241,232.9064
2026-01-28,WYNN,112.6343,108.7029,-3.49,0.999,99.9,0.95,2.51,1.88,147.97,103.6236,128.4031,146.4246
2026-01-28,FSLY,9.92,9.87,-0.504,0.794,79.4,1.09,4.25,2.85,33.42,9.1264,11.3088,12.896
2026-01-28,PRAX,309.92,309.45,-0.152,0.913,91.3,1.16,6.13,4.26,187.47,285.1264,353.3088,402.896
2026-01-28,NTRT,149.4124,150.4267,0.679,0.725,72.5,1.07,2.23,3.49,143.22,137.4594,170.3301,194.2361
2026-01-28,NTS,149.4124,150.4267,0.679,0.725,72.5,1.07,2.23,3.49,143.22,137.4594,170.3301,194.2361
2026-01-28,KMX,46.96,46.34,-1.32,0.943,94.3,0.91,4.06,7.09,168.71,43.2032,53.5344,61.048
2026-01-28,TAP,47.2535,47.4118,0.335,0.912,91.2,0.95,2.31,0.29,130.83,43.4732,53.869,61.4295
2026-01-28,ESS,245.48,247.75,0.925,0.993,99.3,0.89,2.08,0.96,150.23,225.8416,279.8472,319.124
2026-01-28,AGX,358.87,362.2,0.928,0.745,74.5,0.86,5.35,4.98,118.68,330.1604,409.1118,466.531
2026-01-28,AGX1,358.87,362.2,0.928,0.745,74.5,0.86,5.35,4.98,118.68,330.1604,409.1118,466.531
2026-01-28,VTRS,12.97,12.97,0.0,0.812,81.2,0.7,2.44,1.19,109.11,11.9324,14.7858,16.861
2026-01-28,AMFIQ,313.5691,316.049,0.791,0.847,84.7,0.72,2.56,0.81,122.2,288.4836,357.4688,407.6398
2026-01-28,CLGX,258.65,260.15,0.58,0.737,73.7,1.32,2.26,2.09,109.28,237.958,294.861,336.245
2026-01-28,MAA,132.46,133.3,0.634,0.956,95.6,0.63,1.96,0.52,126.51,121.8632,151.0044,172.198
2026-01-28,SNA,367.7269,370.2607,0.689,0.997,99.7,1.0,1.86,7.04,140.51,338.3087,419.2087,478.045
2026-01-28,PNW,92.7688,92.9867,0.235,0.942,94.2,0.92,1.78,4.39,117.45,85.3473,105.7565,120.5995
2026-01-28,EG,322.8941,326.7897,1.206,0.866,86.6,0.92,1.97,0.21,105.97,297.0625,368.0992,419.7623
2026-01-28,CE,46.1435,46.4534,0.671,0.967,96.7,0.61,4.13,4.45,99.51,42.4521,52.6036,59.9866
2026-01-28,HSIC,75.08,75.21,0.173,0.984,98.4,0.9,2.46,0.38,105.09,69.0736,85.5912,97.604
2026-01-28,JBLU,5.04,5.08,0.794,0.773,77.3,1.32,5.31,0.81,103.3,4.6368,5.7456,6.552
2026-01-28,BTU,35.1013,35.8197,2.047,0.865,86.5,1.01,4.98,2.35,106.95,32.2932,40.0155,45.6317
2026-01-28,BUTLQ,35.1013,35.8197,2.047,0.865,86.5,1.01,4.98,2.35,106.95,32.2932,40.0155,45.6317
2026-01-28,APG,41.92,42.11,0.453,0.73,73.0,0.77,2.52,1.19,97.91,38.5664,47.7888,54.496
2026-01-28,MLIN,134.51,135.93,1.056,0.818,81.8,0.97,2.07,6.44,91.29,123.7492,153.3414,174.863
2026-01-28,PFSI,146.498,147.1758,0.463,0.706,70.6,2.3,3.14,1.75,63.76,134.7782,167.0078,190.4475
2026-01-28,ESLT,730.83,731.68,0.116,0.914,91.4,0.86,2.73,7.13,96.4,672.3636,833.1462,950.079
2026-01-28,AIZ,236.3298,237.9632,0.691,0.963,96.3,0.83,1.9,3.15,85.69,217.4235,269.416,307.2288
2026-01-28,FSM,11.87,12.08,1.769,0.894,89.4,1.37,4.78,12.31,95.24,10.9204,13.5318,15.431
2026-01-28,IESC,475.04,480.0,1.044,0.773,77.3,0.79,4.96,10.14,75.45,437.0368,541.5456,617.552
2026-01-28,MFC,37.72,38.0,0.742,0.703,70.3,1.02,1.64,1.95,58.33,34.7024,43.0008,49.036
2026-01-28,ACNAQ,55.79,56.15,0.645,0.859,85.9,0.62,5.73,12.21,83.52,51.3268,63.6006,72.527
2026-01-28,ACNB,55.79,56.15,0.645,0.859,85.9,0.62,5.73,12.21,83.52,51.3268,63.6006,72.527
2026-01-28,FRPT,71.5,71.55,0.07,0.885,88.5,1.8,3.94,9.36,75.23,65.78,81.51,92.95
2026-01-28,FRT,99.82,100.42,0.601,0.95,95.0,0.71,1.58,0.49,73.4,91.8344,113.7948,129.766
2026-01-28,NEB,34.241,35.2399,2.917,0.722,72.2,1.33,3.51,9.4,63.29,31.5017,39.0347,44.5133
2026-01-28,CAKE,57.6067,57.6963,0.155,0.718,71.8,0.76,3.3,1.34,73.3,52.9982,65.6717,74.8887
2026-01-28,CAKR,57.6067,57.6963,0.155,0.718,71.8,0.76,3.3,1.34,73.3,52.9982,65.6717,74.8887
2026-01-28,FLXT,28.86,28.66,-0.693,0.711,71.1,0.94,11.03,2.92,108.59,26.5512,32.9004,37.518
2026-01-28,JBTM,157.3442,159.2729,1.226,0.817,81.7,1.03,2.48,1.19,73.99,144.7566,179.3723,204.5474
2026-01-28,NVTAQ,24.08,24.17,0.374,0.731,73.1,1.17,3.12,2.14,55.23,22.1536,27.4512,31.304
2026-01-28,BKEP,13.11,13.66,4.195,0.888,88.8,1.18,3.21,12.05,60.28,12.0612,14.9454,17.043
2026-01-28,ORAL,127.8302,128.1099,0.219,0.769,76.9,0.91,2.64,8.0,72.2,117.6038,145.7264,166.1793
2026-01-28,CELC,114.53,114.55,0.017,0.9,90.0,2.57,5.24,6.79,87.05,105.3676,130.5642,148.889
2026-01-28,CELH,114.53,114.55,0.017,0.9,90.0,2.57,5.24,6.79,87.05,105.3676,130.5642,148.889
2026-01-28,AMTM,35.71,37.51,5.041,0.927,92.7,0.84,2.89,6.97,63.35,32.8532,40.7094,46.423
2026-01-28,HUN,11.41,11.48,0.613,0.882,88.2,1.33,4.53,1.0,52.29,10.4972,13.0074,14.833
2026-01-28,PAA,19.73,19.9,0.862,0.721,72.1,1.13,1.77,5.01,71.27,18.1516,22.4922,25.649
2026-01-28,CWPE,104.39,104.31,-0.077,0.806,80.6,0.97,2.68,1.77,63.25,96.0388,119.0046,135.707
2026-01-28,CWST,104.39,104.31,-0.077,0.806,80.6,0.97,2.68,1.77,63.25,96.0388,119.0046,135.707
2026-01-28,ARR,18.2278,18.3363,0.596,0.75,75.0,0.64,1.9,1.28,72.21,16.7695,20.7797,23.6961
2026-01-28,ARRKF,18.2278,18.3363,0.596,0.75,75.0,0.64,1.9,1.28,72.21,16.7695,20.7797,23.6961
2026-01-28,ARRO,18.2278,18.3363,0.596,0.75,75.0,0.64,1.9,1.28,72.21,16.7695,20.7797,23.6961
2026-01-28,ARRS,18.2278,18.3363,0.596,0.75,75.0,0.64,1.9,1.28,72.21,16.7695,20.7797,23.6961
2026-01-28,JBS,15.46,15.46,0.0,0.715,71.5,1.1,2.81,5.44,72.53,14.2232,17.6244,20.098
2026-01-28,PLXT,180.85,179.5,-0.746,0.82,82.0,1.87,3.69,8.32,48.59,166.382,206.169,235.105
2026-01-28,BTE,3.45,3.52,2.029,0.91,91.0,1.28,4.31,4.31,63.82,3.174,3.933,4.485
2026-01-28,BTSG,39.55,39.48,-0.177,0.748,74.8,0.76,3.38,1.37,64.78,36.386,45.087,51.415
2026-01-28,INDV,34.93,34.87,-0.172,0.736,73.6,0.98,3.44,1.26,63.63,32.1356,39.8202,45.409
2026-01-28,PPTA,34.37,35.09,2.095,0.866,86.6,0.8,6.07,12.77,68.82,31.6204,39.1818,44.681
2026-01-28,PPTV,34.37,35.09,2.095,0.866,86.6,0.8,6.07,12.77,68.82,31.6204,39.1818,44.681
2026-01-28,XRAY,12.31,12.29,-0.162,0.973,97.3,1.27,3.71,3.37,50.82,11.3252,14.0334,16.003
2026-01-28,MYRX,251.55,254.42,1.141,0.706,70.6,0.8,4.4,5.91,49.43,231.426,286.767,327.015
2026-01-28,ATRO,76.59,77.78,1.554,0.916,91.6,0.63,4.65,12.36,70.56,70.4628,87.3126,99.567
2026-01-28,HWC,66.7817,67.139,0.535,0.752,75.2,0.98,2.45,0.23,56.24,61.4392,76.1311,86.8162
2026-01-28,ERIE,273.53,275.34,0.662,0.995,99.5,0.88,2.59,1.56,54.59,251.6476,311.8242,355.589
2026-01-28,LGIQ,51.22,51.66,0.859,0.821,82.1,0.68,5.19,9.46,62.78,47.1224,58.3908,66.586
2026-01-28,LGL,51.22,51.66,0.859,0.821,82.1,0.68,5.19,9.46,62.78,47.1224,58.3908,66.586
2026-01-28,LGL-WT,51.22,51.66,0.859,0.821,82.1,0.68,5.19,9.46,62.78,47.1224,58.3908,66.586
2026-01-28,LGN,51.22,51.66,0.859,0.821,82.1,0.68,5.19,9.46,62.78,47.1224,58.3908,66.586
2026-01-28,ORC,8.1886,8.2182,0.361,0.734,73.4,0.98,2.19,6.22,55.75,7.5335,9.335,10.6452
2026-01-28,CMPO,24.0276,24.3075,1.165,0.782,78.2,0.9,5.91,6.58,51.74,22.1054,27.3914,31.2358
2026-01-28,BBVA,25.14,25.68,2.148,0.808,80.8,0.98,1.51,3.44,43.66,23.1288,28.6596,32.682
2026-01-28,DRS,42.47,42.55,0.188,0.711,71.1,0.89,3.13,6.99,55.88,39.0724,48.4158,55.211
2026-01-28,DAP,29.0497,29.249,0.686,0.88,88.0,0.78,3.48,6.21,54.32,26.7257,33.1167,37.7646
2026-01-28,DAR,29.0497,29.249,0.686,0.88,88.0,0.78,3.48,6.21,54.32,26.7257,33.1167,37.7646
2026-01-28,HE,15.8,15.98,1.139,0.867,86.7,0.83,4.51,12.29,57.24,14.536,18.012,20.54
2026-01-28,HEAL1,15.8,15.98,1.139,0.867,86.7,0.83,4.51,12.29,57.24,14.536,18.012,20.54
2026-01-28,MODG,14.79,14.7,-0.609,0.926,92.6,0.89,4.04,5.11,44.96,13.6068,16.8606,19.227
2026-01-28,CSTM,23.07,23.59,2.254,0.89,89.0,0.7,3.2,7.56,31.51,21.2244,26.2998,29.991
2026-01-28,ATMP,56.692,57.4314,1.304,0.77,77.0,1.52,2.49,2.83,26.17,52.1567,64.6289,73.6996
2026-01-28,ATMV,56.692,57.4314,1.304,0.77,77.0,1.52,2.49,2.83,26.17,52.1567,64.6289,73.6996
2026-01-28,ATMVR,56.692,57.4314,1.304,0.77,77.0,1.52,2.49,2.83,26.17,52.1567,64.6289,73.6996
2026-01-28,PATK,129.2247,129.9223,0.54,0.826,82.6,0.59,3.17,7.18,42.08,118.8867,147.3161,167.9921
2026-01-28,PLAB,35.94,36.0,0.167,0.908,90.8,0.85,5.68,5.28,46.09,33.0648,40.9716,46.722
2026-01-28,BOJA,128.1619,128.7889,0.489,0.786,78.6,0.9,2.46,2.29,40.01,117.909,146.1046,166.6105
2026-01-28,BOLD,128.1619,128.7889,0.489,0.786,78.6,0.9,2.46,2.29,40.01,117.909,146.1046,166.6105
2026-01-28,SDZ-SW,61.38,60.76,-1.01,0.785,78.5,1.19,2.4,0.97,42.58,56.4696,69.9732,79.794
2026-01-28,HUBG,47.53,47.78,0.526,0.858,85.8,0.75,2.36,3.0,26.17,43.7276,54.1842,61.789
2026-01-28,ASH,61.706,62.0537,0.563,0.824,82.4,0.76,2.61,0.34,35.56,56.7695,70.3448,80.2178
2026-01-28,AUB,38.5429,38.8005,0.668,0.761,76.1,1.36,2.69,3.52,44.7,35.4594,43.9389,50.1057
2026-01-28,PAIYY,20.86,21.08,1.055,0.74,74.0,0.99,1.67,4.47,37.98,19.1912,23.7804,27.118
2026-01-28,PALDF,20.86,21.08,1.055,0.74,74.0,0.99,1.67,4.47,37.98,19.1912,23.7804,27.118
2026-01-28,OII,29.67,30.47,2.696,0.825,82.5,1.85,3.94,9.38,30.52,27.2964,33.8238,38.571
2026-01-28,OIIM,29.67,30.47,2.696,0.825,82.5,1.85,3.94,9.38,30.52,27.2964,33.8238,38.571
2026-01-28,IP,2.75,2.75,0.0,0.883,88.3,0.88,7.91,6.88,35.35,2.53,3.135,3.575
2026-01-28,AMRX,13.95,13.99,0.287,0.879,87.9,5.03,2.81,5.51,26.02,12.834,15.903,18.135
2026-01-28,BLTE,165.64,166.0,0.217,0.935,93.5,1.3,5.03,3.67,39.56,152.3888,188.8296,215.332
2026-01-28,IMNM,24.75,24.69,-0.242,0.913,91.3,0.58,6.15,10.62,52.68,22.77,28.215,32.175
2026-01-28,AXGN,34.11,34.11,0.0,0.909,90.9,1.11,4.85,5.32,34.58,31.3812,38.8854,44.343
2026-01-28,BOST,4.51,4.67,3.548,0.902,90.2,1.49,4.13,5.47,20.99,4.1492,5.1414,5.863
2026-01-28,BOT,4.51,4.67,3.548,0.902,90.2,1.49,4.13,5.47,20.99,4.1492,5.1414,5.863
2026-01-28,DFTX,16.84,17.145,1.811,0.803,80.3,0.85,7.01,11.17,38.07,15.4928,19.1976,21.892
2026-01-28,CEDCQ,69.58,70.04,0.661,0.901,90.1,1.86,3.28,7.9,16.42,64.0136,79.3212,90.454
2026-01-28,MNMD,16.84,17.145,1.811,0.803,80.3,0.85,7.01,11.17,38.07,15.4928,19.1976,21.892
2026-01-28,COHU,28.99,29.07,0.276,0.746,74.6,0.7,4.05,5.93,21.6,26.6708,33.0486,37.687
2026-01-28,COLB,28.99,29.07,0.276,0.746,74.6,0.7,4.05,5.93,21.6,26.6708,33.0486,37.687
2026-01-28,NBR,66.07,68.69,3.965,0.856,85.6,0.66,4.35,6.53,24.3,60.7844,75.3198,85.891
2026-01-28,BMA,103.4439,103.4339,-0.01,0.779,77.9,0.96,4.66,10.28,28.2,95.1684,117.926,134.4771
2026-01-28,AZTR,39.03,39.01,-0.051,0.836,83.6,0.89,3.27,2.48,19.84,35.9076,44.4942,50.739
2026-01-28,AZUL,39.03,39.01,-0.051,0.836,83.6,0.89,3.27,2.48,19.84,35.9076,44.4942,50.739
2026-01-28,NVSGF,18.84,19.08,1.274,0.911,91.1,3.14,1.82,2.24,23.36,17.3328,21.4776,24.492
2026-01-28,GLDG,15.32,15.34,0.131,0.857,85.7,1.1,3.64,8.05,14.56,14.0944,17.4648,19.916
2026-01-28,CASC2,85.71,86.1,0.455,0.801,80.1,0.97,2.6,11.76,21.24,78.8532,97.7094,111.423
2026-01-28,ANAB,47.45,47.16,-0.611,0.833,83.3,0.61,6.34,1.62,23.49,43.654,54.093,61.685
2026-01-28,CAEP,33.44,33.65,0.628,0.766,76.6,1.03,2.26,2.51,19.22,30.7648,38.1216,43.472
2026-01-28,KRUS,68.05,68.88,1.22,0.794,79.4,0.6,6.6,2.86,26.02,62.606,77.577,88.465
2026-01-28,AZX,123.15,124.33,0.958,0.791,79.1,1.06,2.37,3.74,19.12,113.298,140.391,160.095
2026-01-28,AZZ,123.15,124.33,0.958,0.791,79.1,1.06,2.37,3.74,19.12,113.298,140.391,160.095
2026-01-28,B,123.15,124.33,0.958,0.791,79.1,1.06,2.37,3.74,19.12,113.298,140.391,160.095
2026-01-28,DBGI,69.45,69.85,0.576,0.757,75.7,1.24,3.56,1.35,14.79,63.894,79.173,90.285
2026-01-28,MAZE,43.36,43.15,-0.484,0.836,83.6,1.24,6.47,4.11,16.15,39.8912,49.4304,56.368
2026-01-28,GPRE,11.93,12.06,1.09,0.749,74.9,0.74,5.5,9.41,14.15,10.9756,13.6002,15.509
2026-01-28,PFSB,21.9879,21.9187,-0.315,0.769,76.9,1.97,2.57,9.31,19.52,20.2289,25.0662,28.5843
2026-01-28,DCO,111.12,111.82,0.63,0.757,75.7,0.87,2.85,3.41,15.97,102.2304,126.6768,144.456
2026-01-28,ANDE,61.01,61.4,0.639,0.837,83.7,1.22,2.85,7.62,17.35,56.1292,69.5514,79.313
2026-01-28,ANDG,61.01,61.4,0.639,0.837,83.7,1.22,2.85,7.62,17.35,56.1292,69.5514,79.313
2026-01-28,ANDN1,61.01,61.4,0.639,0.837,83.7,1.22,2.85,7.62,17.35,56.1292,69.5514,79.313
2026-01-28,ANDR,61.01,61.4,0.639,0.837,83.7,1.22,2.85,7.62,17.35,56.1292,69.5514,79.313
2026-01-28,ANPA,70.98,68.7,-3.212,0.974,97.4,0.69,32.12,10.86,18.57,65.3016,80.9172,92.274
2026-01-28,ANPIQ,70.98,68.7,-3.212,0.974,97.4,0.69,32.12,10.86,18.57,65.3016,80.9172,92.274
2026-01-28,ANSLY,70.98,68.7,-3.212,0.974,97.4,0.69,32.12,10.86,18.57,65.3016,80.9172,92.274
2026-01-28,ANSS,70.98,68.7,-3.212,0.974,97.4,0.69,32.12,10.86,18.57,65.3016,80.9172,92.274
2026-01-28,ANST,70.98,68.7,-3.212,0.974,97.4,0.69,32.12,10.86,18.57,65.3016,80.9172,92.274
2026-01-28,PLCM,19.22,19.22,0.0,0.819,81.9,0.66,5.83,4.67,19.84,17.6824,21.9108,24.986
2026-01-28,GROY,4.85,4.91,1.237,0.826,82.6,1.34,5.19,5.07,19.4,4.462,5.529,6.305
2026-01-28,PAC,2.38,2.36,-0.84,0.779,77.9,0.89,8.36,7.77,20.03,2.1896,2.7132,3.094
2026-01-28,PACB,2.38,2.36,-0.84,0.779,77.9,0.89,8.36,7.77,20.03,2.1896,2.7132,3.094
2026-01-28,PACC,2.38,2.36,-0.84,0.779,77.9,0.89,8.36,7.77,20.03,2.1896,2.7132,3.094
2026-01-28,FBNK1,56.8,57.09,0.511,0.703,70.3,0.91,3.0,2.91,16.38,52.256,64.752,73.84
2026-01-28,LIND,16.24,16.41,1.047,0.879,87.9,1.24,3.87,3.71,11.74,14.9408,18.5136,21.112
2026-01-28,DGII,44.9,45.02,0.267,0.712,71.2,1.7,3.31,4.06,11.18,41.308,51.186,58.37
2026-01-28,ORKA,35.16,35.24,0.228,0.801,80.1,1.03,6.71,12.51,19.41,32.3472,40.0824,45.708
2026-01-28,ANNSF,6.29,6.41,1.908,0.959,95.9,1.39,7.35,6.55,16.99,5.7868,7.1706,8.177
2026-01-28,ANNX,6.29,6.41,1.908,0.959,95.9,1.39,7.35,6.55,16.99,5.7868,7.1706,8.177
2026-01-28,ANOR,6.29,6.41,1.908,0.959,95.9,1.39,7.35,6.55,16.99,5.7868,7.1706,8.177
2026-01-28,CMPX,6.16,6.17,0.162,0.931,93.1,0.62,7.58,9.36,15.49,5.6672,7.0224,8.008
2026-01-28,BBAO,20.214,20.2339,0.099,0.849,84.9,1.56,5.11,9.65,14.53,18.5968,23.0439,26.2781
2026-01-28,BBAR,20.214,20.2339,0.099,0.849,84.9,1.56,5.11,9.65,14.53,18.5968,23.0439,26.2781
2026-01-28,BBAR1,20.214,20.2339,0.099,0.849,84.9,1.56,5.11,9.65,14.53,18.5968,23.0439,26.2781
2026-01-28,MUEL,66.1618,66.1618,-0.0,0.736,73.6,1.88,2.41,1.13,9.78,60.8688,75.4244,86.0103
2026-01-28,GSL,36.9162,37.1524,0.64,0.799,79.9,1.19,2.3,4.53,12.33,33.9629,42.0844,47.991
2026-01-28,MRAM,13.11,13.02,-0.686,0.805,80.5,0.98,9.92,5.66,12.55,12.0612,14.9454,17.043
2026-01-28,NX,18.37,18.41,0.218,0.83,83.0,0.9,3.55,5.11,11.13,16.9004,20.9418,23.881
2026-01-28,ARVLF,12.93,12.91,-0.155,0.834,83.4,1.22,4.83,5.28,9.46,11.8956,14.7402,16.809
2026-01-28,ARVN,12.93,12.91,-0.155,0.834,83.4,1.22,4.83,5.28,9.46,11.8956,14.7402,16.809
2026-01-28,APEI,41.46,41.77,0.748,0.753,75.3,0.91,3.75,3.02,10.26,38.1432,47.2644,53.898
2026-01-28,APEX,41.46,41.77,0.748,0.753,75.3,0.91,3.75,3.02,10.26,38.1432,47.2644,53.898
2026-01-28,APEX1,41.46,41.77,0.748,0.753,75.3,0.91,3.75,3.02,10.26,38.1432,47.2644,53.898
2026-01-28,APFC,41.46,41.77,0.748,0.753,75.3,0.91,3.75,3.02,10.26,38.1432,47.2644,53.898
2026-01-28,APFH,41.46,41.77,0.748,0.753,75.3,0.91,3.75,3.02,10.26,38.1432,47.2644,53.898
2026-01-28,AVBP,22.57,22.47,-0.443,0.775,77.5,0.81,6.98,4.89,10.1,20.7644,25.7298,29.341
2026-01-28,AVC,22.57,22.47,-0.443,0.775,77.5,0.81,6.98,4.89,10.1,20.7644,25.7298,29.341
2026-01-28,CMCL,20.6815,20.9307,1.205,0.739,73.9,1.32,4.06,5.04,6.61,19.027,23.5769,26.8859
2026-01-28,CMCM,20.6815,20.9307,1.205,0.739,73.9,1.32,4.06,5.04,6.61,19.027,23.5769,26.8859
2026-01-28,CMCO,20.6815,20.9307,1.205,0.737,73.7,1.32,4.06,5.04,6.61,19.027,23.5769,26.8859
2026-01-28,CMD,20.6815,20.9307,1.205,0.737,73.7,1.32,4.06,5.04,6.61,19.027,23.5769,26.8859
2026-01-28,CYD,46.0,46.55,1.196,0.785,78.5,1.14,4.76,9.94,7.72,42.32,52.44,59.8
2026-01-28,CGEM,11.85,11.78,-0.591,0.918,91.8,0.74,6.64,7.33,8.23,10.902,13.509,15.405
2026-01-28,PLRE,37.0,37.22,0.595,0.767,76.7,1.23,2.38,3.18,6.54,34.04,42.18,48.1
2026-01-28,CNOB1,27.6678,27.4393,-0.826,0.704,70.4,1.0,2.64,3.28,7.14,25.4544,31.5413,35.9681
2026-01-28,CNOBP,27.6678,27.4393,-0.826,0.704,70.4,1.0,2.64,3.28,7.14,25.4544,31.5413,35.9681
2026-01-28,CLB,18.8096,19.4393,3.348,0.71,71.0,1.02,3.81,1.06,6.39,17.3049,21.443,24.4525
2026-01-28,CFFN,7.1,7.21,1.549,0.742,74.2,1.93,2.65,4.96,7.0,6.532,8.094,9.23
2026-01-28,BSBR,7.2,7.28,1.111,0.811,81.1,2.08,2.09,12.03,6.72,6.624,8.208,9.36
2026-01-29,GOOGL,338.0121,339.7608,0.517,0.746,74.6,1.31,2.41,3.24,10257.65,310.9711,385.3337,439.4157
2026-01-29,AMD,252.18,236.93,-6.047,0.707,70.7,0.86,4.13,9.49,9295.47,232.0056,287.4852,327.834
2026-01-29,GOOG,338.66,334.46,-1.24,0.746,74.6,1.21,2.4,3.24,6882.69,311.5672,386.0724,440.258
2026-01-29,XOM,139.5797,137.8214,-1.26,0.787,78.7,1.86,1.97,9.02,2687.65,128.4133,159.1208,181.4535
2026-01-29,AMAT,341.34,332.93,-2.464,0.828,82.8,0.98,3.37,10.89,2567.35,314.0328,389.1276,443.742
2026-01-29,ASML,1453.2432,1438.1431,-1.039,0.876,87.6,1.23,2.85,11.41,3319.92,1336.9837,1656.6972,1889.2161
2026-01-29,GS,940.12,933.95,-0.656,0.74,74.0,0.95,2.47,0.13,2309.5,864.9104,1071.7368,1222.156
2026-01-29,JNJ,227.29,228.26,0.427,0.758,75.8,1.05,1.78,5.79,2095.75,209.1068,259.1106,295.477
2026-01-29,RKLB,85.68,85.0,-0.794,0.87,87.0,0.6,8.04,0.16,2259.49,78.8256,97.6752,111.384
2026-01-29,NVO,59.33,59.27,-0.101,0.742,74.2,0.71,2.74,0.88,1325.04,54.5836,67.6362,77.129
2026-01-29,ADI,317.7052,313.9769,-1.174,0.874,87.4,0.89,2.59,6.99,1118.13,292.2888,362.184,413.0168
2026-01-29,COHR1,215.86,221.57,2.645,0.93,93.0,1.04,7.0,10.93,940.4,198.5912,246.0804,280.618
2026-01-29,NEM,126.93,118.0,-7.035,0.919,91.9,1.57,3.23,10.21,1222.44,116.7756,144.7002,165.009
2026-01-29,LMT,622.51,621.0,-0.243,0.819,81.9,1.8,3.28,11.58,1361.13,572.7092,709.6614,809.263
2026-01-29,GILD,139.55,139.08,-0.337,0.709,70.9,0.96,2.86,9.75,1037.74,128.386,159.087,181.415
2026-01-29,SLB,48.166,48.0168,-0.31,0.869,86.9,1.36,3.21,5.27,1135.12,44.3127,54.9092,62.6158
2026-01-29,PM,177.89,177.84,-0.028,0.789,78.9,1.48,2.28,6.18,913.63,163.6588,202.7946,231.257
2026-01-29,TER,251.87,248.38,-1.386,0.879,87.9,0.98,3.67,11.14,692.72,231.7204,287.1318,327.431
2026-01-29,CIEN,253.53,254.01,0.189,0.857,85.7,0.96,6.85,5.44,598.53,233.2476,289.0242,329.589
2026-01-29,SBUX,93.88,92.72,-1.236,0.701,70.1,1.43,3.14,2.57,1093.69,86.3696,107.0232,122.044
2026-01-29,MCHP,79.36,78.33,-1.298,0.826,82.6,0.87,3.24,7.69,709.81,73.0112,90.4704,103.168
2026-01-29,GM,86.26,86.01,-0.29,0.797,79.7,1.04,2.51,4.99,802.34,79.3592,98.3364,112.138
2026-01-29,NOC,695.35,688.0,-1.057,0.739,73.9,0.91,3.54,8.79,809.61,639.722,792.699,903.955
2026-01-29,FITB,49.79,49.66,-0.261,0.754,75.4,1.32,2.55,0.59,479.65,45.8068,56.7606,64.727
2026-01-29,ICE,175.1,174.24,-0.491,0.743,74.3,1.0,2.0,3.53,556.51,161.092,199.614,227.63
2026-01-29,HL,26.3148,23.5854,-10.372,0.954,95.4,1.28,7.84,5.02,763.16,24.2096,29.9989,34.2093
2026-01-29,USB,56.33,56.05,-0.497,0.767,76.7,0.68,1.91,2.35,670.13,51.8236,64.2162,73.229
2026-01-29,FDX,319.93,315.55,-1.369,0.816,81.6,0.9,2.25,4.11,583.5,294.3356,364.7202,415.909
2026-01-29,PH,946.6357,947.9433,0.138,0.774,77.4,1.83,1.98,2.52,610.55,870.9049,1079.1647,1230.6265
2026-01-29,PNC,224.46,222.94,-0.677,0.787,78.7,0.82,2.08,3.35,680.62,206.5032,255.8844,291.798
2026-01-29,CDE,24.57,21.54,-12.332,0.89,89.0,1.64,6.84,11.93,670.46,22.6044,28.0098,31.941
2026-01-29,AEM,215.51,202.53,-6.023,0.86,86.0,1.58,3.61,8.93,587.01,198.2692,245.6814,280.163
2026-01-29,CMIIU,581.9835,573.2628,-1.498,0.858,85.8,1.19,1.99,4.22,471.19,535.4248,663.4611,756.5785
2026-01-29,CMIKA,581.9835,573.2628,-1.498,0.858,85.8,1.19,1.99,4.22,471.19,535.4248,663.4611,756.5785
2026-01-29,CMIN,581.9835,573.2628,-1.498,0.858,85.8,1.19,1.99,4.22,471.19,535.4248,663.4611,756.5785
2026-01-29,CMIV,581.9835,573.2628,-1.498,0.858,85.8,1.19,1.99,4.22,471.19,535.4248,663.4611,756.5785
2026-01-29,LHX,356.02,350.92,-1.432,0.785,78.5,1.15,2.93,5.67,650.37,327.5384,405.8628,462.826
2026-01-29,BKR,56.73,56.34,-0.687,0.713,71.3,1.37,3.11,10.14,566.0,52.1916,64.6722,73.749
2026-01-29,FIX,1171.46,1155.7,-1.345,0.763,76.3,0.77,4.46,8.66,466.28,1077.7432,1335.4644,1522.8979
2026-01-29,WMB,67.24,67.2,-0.059,0.706,70.6,0.99,2.31,8.16,478.21,61.8608,76.6536,87.412
2026-01-29,MNST,80.04,79.98,-0.075,0.741,74.1,0.74,1.96,1.73,428.26,73.6368,91.2456,104.052
2026-01-29,CHSCL,193.0596,191.2658,-0.929,0.811,81.1,2.58,2.44,11.4,374.79,177.6149,220.088,250.9775
2026-01-29,EL,115.21,114.72,-0.425,0.738,73.8,0.69,2.78,1.7,381.11,105.9932,131.3394,149.773
2026-01-29,KMI,29.9494,30.0683,0.397,0.7,70.0,1.23,2.2,7.32,460.03,27.5534,34.1423,38.9342
2026-01-29,ODFL,172.59,170.7,-1.095,0.777,77.7,0.8,2.86,0.76,320.81,158.7828,196.7526,224.367
2026-01-29,PCAR,122.9997,121.5735,-1.16,0.717,71.7,1.35,2.36,3.57,406.88,113.1598,140.2197,159.8997
2026-01-29,KGC,36.6,33.55,-8.333,0.92,92.0,2.24,4.17,9.05,389.27,33.672,41.724,47.58
2026-01-29,EXE,109.3032,110.1585,0.783,0.852,85.2,0.77,3.11,3.41,380.59,100.5589,124.6056,142.0941
2026-01-29,RIO,95.13,92.63,-2.628,0.852,85.2,1.36,1.8,10.1,421.43,87.5196,108.4482,123.669
2026-01-29,OKE,77.4985,77.3407,-0.204,0.731,73.1,1.72,2.73,4.89,348.28,71.2986,88.3483,100.7481
2026-01-29,ROG-SW,347.0,347.0,0.0,0.854,85.4,1.68,1.78,1.41,382.79,319.24,395.58,451.1
2026-01-29,CNQ,37.87,37.54,-0.871,0.726,72.6,1.22,2.7,10.66,382.69,34.8404,43.1718,49.231
2026-01-29,KEX,21.4179,21.2793,-0.647,0.789,78.9,1.04,2.27,1.8,343.28,19.7045,24.4165,27.8433
2026-01-29,CFG,63.0473,62.6402,-0.646,0.975,97.5,0.79,2.34,3.39,347.92,58.0035,71.8739,81.9615
2026-01-29,KEYS,221.17,219.0,-0.981,0.756,75.6,1.19,2.36,4.16,221.34,203.4764,252.1338,287.521
2026-01-29,NUE,179.91,177.62,-1.273,0.748,74.8,1.13,2.84,4.47,323.45,165.5172,205.0974,233.883
2026-01-29,TEVA,33.07,32.49,-1.754,0.926,92.6,1.0,2.73,3.12,348.02,30.4244,37.6998,42.991
2026-01-29,BHP,72.17,70.01,-2.993,0.815,81.5,2.03,1.93,10.51,319.4,66.3964,82.2738,93.821
2026-01-29,AU,107.02,95.93,-10.363,0.924,92.4,2.25,4.17,8.2,309.75,98.4584,122.0028,139.126
2026-01-29,HUT,61.53,61.19,-0.553,0.765,76.5,1.01,8.35,5.86,321.34,56.6076,70.1442,79.989
2026-01-29,PKZ,26.35,25.715,-2.41,0.949,94.9,0.74,7.85,5.14,379.92,24.242,30.039,34.255
2026-01-29,PL,26.35,25.715,-2.41,0.949,94.9,0.74,7.85,5.14,379.92,24.242,30.039,34.255
2026-01-29,CTVA,73.84,73.55,-0.393,0.75,75.0,0.97,1.98,5.27,274.72,67.9328,84.1776,95.992
2026-01-29,BTI,60.22,60.11,-0.183,0.734,73.4,1.75,1.57,5.45,243.01,55.4024,68.6508,78.286
2026-01-29,MTB,221.44,220.05,-0.628,0.762,76.2,1.08,2.21,4.24,268.53,203.7248,252.4416,287.872
2026-01-29,TRGP,200.52,200.0,-0.259,0.841,84.1,1.65,2.91,8.51,251.22,184.4784,228.5928,260.676
2026-01-29,JBL,243.8434,241.3341,-1.029,0.948,94.8,0.97,4.12,2.43,277.49,224.3359,277.9814,316.9964
2026-01-29,SU,53.69,53.25,-0.82,0.863,86.3,1.05,2.56,10.55,261.33,49.3948,61.2066,69.797
2026-01-29,EXPD,161.5,159.81,-1.046,0.95,95.0,1.03,1.79,1.66,213.54,148.58,184.11,209.95
2026-01-29,HUBB,496.621,491.9637,-0.938,0.989,98.9,0.96,2.51,4.47,241.54,456.8914,566.148,645.6073
2026-01-29,PPG,115.8442,116.0928,0.215,0.962,96.2,1.23,2.18,6.89,263.85,106.5767,132.0624,150.5975
2026-01-29,AGNC,11.8434,11.7049,-1.17,0.77,77.0,1.3,1.94,3.9,254.02,10.896,13.5015,15.3965
2026-01-29,HII,426.4973,420.7353,-1.351,0.856,85.6,0.72,3.17,7.18,263.66,392.3775,486.2069,554.4464
2026-01-29,AMLJ,50.0,48.73,-2.54,0.914,91.4,0.78,6.05,0.6,217.95,46.0,57.0,65.0
2026-01-29,AMLN,50.0,48.73,-2.54,0.914,91.4,0.78,6.05,0.6,217.95,46.0,57.0,65.0
2026-01-29,AMKR,49.9044,48.6368,-2.54,0.914,91.4,0.78,6.05,0.6,217.54,45.912,56.891,64.8757
2026-01-29,NGD,12.1,10.4,-14.05,0.931,93.1,1.41,6.79,12.63,258.65,11.132,13.794,15.73
2026-01-29,GH,110.48,111.59,1.005,0.728,72.8,0.6,4.78,0.15,216.63,101.6416,125.9472,143.624
2026-01-29,CPAY,322.34,320.15,-0.679,0.786,78.6,0.9,2.7,0.67,161.02,296.5528,367.4676,419.042
2026-01-29,POOL,253.8662,252.4348,-0.564,0.988,98.8,1.09,2.49,0.32,198.73,233.5569,289.4075,330.0261
2026-01-29,CF,93.5307,92.8642,-0.713,0.99,99.0,1.23,3.31,9.78,236.44,86.0482,106.625,121.5899
2026-01-29,FNV,261.77,245.25,-6.311,0.883,88.3,1.35,3.52,9.53,244.09,240.8284,298.4178,340.301
2026-01-29,ARWM,69.12,70.15,1.49,0.927,92.7,0.74,5.37,3.98,187.03,63.5904,78.7968,89.856
2026-01-29,ARWR,69.12,70.15,1.49,0.927,92.7,0.74,5.37,3.98,187.03,63.5904,78.7968,89.856
2026-01-29,LH,269.1346,270.2418,0.411,0.984,98.4,0.95,2.34,3.06,211.34,247.6038,306.8134,349.875
2026-01-29,WSM,205.66,205.21,-0.219,0.748,74.8,0.69,3.65,1.82,216.02,189.2072,234.4524,267.358
2026-01-29,CATA1,611.32,605.73,-0.914,0.733,73.3,0.89,2.28,1.39,198.32,562.4144,696.9048,794.716
2026-01-29,TPL,352.8058,349.2099,-1.019,0.997,99.7,1.07,4.33,9.32,127.2,324.5813,402.1986,458.6475
2026-01-29,EAXR,160.64,159.11,-0.952,0.904,90.4,1.45,4.29,1.08,195.97,147.7888,183.1296,208.832
2026-01-29,EB,160.64,159.11,-0.952,0.904,90.4,1.45,4.29,1.08,195.97,147.7888,183.1296,208.832
2026-01-29,EBBGF,160.64,159.11,-0.952,0.904,90.4,1.45,4.29,1.08,195.97,147.7888,183.1296,208.832
2026-01-29,EBBNF,160.64,159.11,-0.952,0.904,90.4,1.45,4.29,1.08,195.97,147.7888,183.1296,208.832
2026-01-29,NTR,71.13,70.12,-1.42,0.836,83.6,0.78,2.73,8.97,207.75,65.4396,81.0882,92.469
2026-01-29,STE,260.9763,260.9663,-0.004,0.993,99.3,1.12,2.17,0.49,122.79,240.0982,297.513,339.2692
2026-01-29,GAP,27.7,27.51,-0.686,0.769,76.9,0.78,3.39,3.04,217.09,25.484,31.578,36.01
2026-01-29,JLL,358.66,354.47,-1.168,0.711,71.1,0.87,2.55,2.41,133.73,329.9672,408.8724,466.258
2026-01-29,JLMI,358.66,354.47,-1.168,0.711,71.1,0.87,2.55,2.41,133.73,329.9672,408.8724,466.258
2026-01-29,IAG,20.88,18.79,-10.01,0.946,94.6,1.74,4.73,12.81,186.87,19.2096,23.8032,27.144
2026-01-29,PQUEQ,16.05,16.0,-0.312,0.83,83.0,2.31,3.25,11.05,174.83,14.766,18.297,20.865
2026-01-29,PRA,16.05,16.0,-0.312,0.83,83.0,2.31,3.25,11.05,174.83,14.766,18.297,20.865
2026-01-29,BWA,48.7855,47.8483,-1.921,0.955,95.5,0.87,2.13,2.56,90.12,44.8827,55.6155,63.4212
2026-01-29,AGI,42.12,38.89,-7.669,0.875,87.5,1.75,4.21,1.69,136.13,38.7504,48.0168,54.756
2026-01-29,ASX,19.78,19.3,-2.427,0.784,78.4,1.38,2.13,6.71,149.72,18.1976,22.5492,25.714
2026-01-29,GFS,44.46,43.94,-1.17,0.795,79.5,0.87,4.57,6.91,178.45,40.9032,50.6844,57.798
2026-01-29,IEX,199.72,198.35,-0.686,0.933,93.3,1.29,2.07,5.33,129.83,183.7424,227.6808,259.636
2026-01-29,PRAX,314.28,315.0,0.229,0.922,92.2,0.69,6.04,5.42,185.64,289.1376,358.2792,408.564
2026-01-29,NTRT,149.8201,148.8356,-0.657,0.714,71.4,1.56,2.31,3.33,152.33,137.8345,170.7949,194.7661
2026-01-29,NTS,149.8201,148.8356,-0.657,0.714,71.4,1.56,2.31,3.33,152.33,137.8345,170.7949,194.7661
2026-01-29,KMX,45.53,45.46,-0.154,0.937,93.7,0.87,4.16,0.98,166.02,41.8876,51.9042,59.189
2026-01-29,TRP,59.24,58.93,-0.523,0.722,72.2,0.74,2.09,7.32,152.58,54.5008,67.5336,77.012
2026-01-29,VTRS,13.07,13.05,-0.153,0.822,82.2,0.67,2.44,1.76,109.05,12.0244,14.8998,16.991
2026-01-29,AMFIQ,312.7591,310.2392,-0.806,0.844,84.4,0.77,2.6,0.19,118.99,287.7384,356.5454,406.5869
2026-01-29,CLGX,258.16,255.6,-0.992,0.77,77.0,0.7,2.3,1.49,110.9,237.5072,294.3024,335.608
2026-01-29,SNA,364.3087,361.3277,-0.818,0.997,99.7,1.84,1.9,1.26,101.6,335.164,415.3119,473.6013
2026-01-29,PNW,92.1351,91.8875,-0.269,0.944,94.4,0.8,1.81,1.99,117.81,84.7643,105.034,119.7756
2026-01-29,EG,327.5748,325.7463,-0.558,0.855,85.5,1.09,2.02,0.52,107.16,301.3688,373.4353,425.8473
2026-01-29,SEDG,34.04,33.22,-2.409,0.949,94.9,0.93,6.23,2.83,88.59,31.3168,38.8056,44.252
2026-01-29,HMYRQ,24.5,22.36,-8.735,0.906,90.6,2.21,4.46,10.55,110.81,22.54,27.93,31.85
2026-01-29,JBLU,5.05,5.01,-0.792,0.745,74.5,0.92,5.44,0.55,103.93,4.646,5.757,6.565
2026-01-29,BTU,36.0492,35.3009,-2.076,0.85,85.0,1.0,5.09,4.16,113.49,33.1653,41.0961,46.8639
2026-01-29,BUTLQ,36.0492,35.3009,-2.076,0.85,85.0,1.0,5.09,4.16,113.49,33.1653,41.0961,46.8639
2026-01-29,MLIN,137.38,136.01,-0.997,0.832,83.2,1.45,2.09,7.82,95.56,126.3896,156.6132,178.594
2026-01-29,PFSI,149.2091,111.6327,-25.184,0.735,73.5,1.63,3.17,3.05,69.68,137.2724,170.0984,193.9719
2026-01-29,MT,55.79,54.47,-2.366,0.901,90.1,1.16,2.08,11.6,93.71,51.3268,63.6006,72.527
2026-01-29,ESLT,721.78,713.06,-1.208,0.91,91.0,0.86,2.8,4.71,94.92,664.0376,822.8292,938.314
2026-01-29,AIZ,237.5748,237.6545,0.034,0.966,96.6,0.8,1.97,0.68,75.94,218.5688,270.8353,308.8472
2026-01-29,FSM,11.49,10.25,-10.792,0.88,88.0,1.36,5.04,7.93,95.24,10.5708,13.0986,14.937
2026-01-29,IESC,474.61,425.86,-10.272,0.758,75.8,0.9,5.08,9.03,76.57,436.6412,541.0554,616.993
2026-01-29,MFC,38.55,38.16,-1.012,0.732,73.2,1.12,1.71,3.91,61.14,35.466,43.947,50.115
2026-01-29,ACNAQ,54.68,53.58,-2.012,0.847,84.7,0.71,5.69,8.4,80.56,50.3056,62.3352,71.084
2026-01-29,ACNB,54.68,53.58,-2.012,0.847,84.7,0.71,5.69,8.4,80.56,50.3056,62.3352,71.084
2026-01-29,FRPT,70.39,70.82,0.611,0.89,89.0,1.73,4.0,6.82,76.81,64.7588,80.2446,91.507
2026-01-29,NEB,35.6158,35.0421,-1.611,0.79,79.0,1.32,3.66,12.43,68.31,32.7665,40.602,46.3005
2026-01-29,CAKE,58.2337,57.5171,-1.231,0.723,72.3,0.81,3.3,1.69,74.03,53.575,66.3865,75.7039
2026-01-29,CAKR,58.2337,57.5171,-1.231,0.723,72.3,0.81,3.3,1.69,74.03,53.575,66.3865,75.7039
2026-01-29,JBTM,158.4434,156.8145,-1.028,0.804,80.4,0.75,2.51,1.73,74.83,145.7679,180.6255,205.9764
2026-01-29,GPCR,87.15,87.15,0.0,0.976,97.6,0.61,6.23,9.41,106.23,80.178,99.351,113.295
2026-01-29,GVA,121.57,120.29,-1.053,0.725,72.5,0.64,2.33,0.94,77.24,111.8444,138.5898,158.041
2026-01-29,ORAL,127.8802,126.8413,-0.812,0.749,74.9,1.22,2.67,7.3,74.32,117.6497,145.7834,166.2442
2026-01-29,CUKPF,30.7964,30.5874,-0.679,0.73,73.0,2.67,2.87,3.41,66.14,28.3327,35.108,40.0354
2026-01-29,IMO,105.71,103.0,-2.564,0.751,75.1,1.12,2.82,10.64,77.62,97.2532,120.5094,137.423
2026-01-29,CELC,112.12,110.13,-1.775,0.896,89.6,1.14,5.35,3.95,85.78,103.1504,127.8168,145.756
2026-01-29,CELH,112.12,110.13,-1.775,0.896,89.6,1.14,5.35,3.95,85.78,103.1504,127.8168,145.756
2026-01-29,AMTM,37.12,36.75,-0.997,0.932,93.2,1.58,3.04,9.9,69.0,34.1504,42.3168,48.256
2026-01-29,PAA,19.69,19.09,-3.047,0.74,74.0,1.21,1.82,4.29,74.11,18.1148,22.4466,25.597
2026-01-29,ARR,18.1291,18.1093,-0.109,0.719,71.9,0.77,1.99,0.44,73.11,16.6788,20.6672,23.5678
2026-01-29,ARRKF,18.1291,18.1093,-0.109,0.719,71.9,0.77,1.99,0.44,73.11,16.6788,20.6672,23.5678
2026-01-29,ARRO,18.1291,18.1093,-0.109,0.719,71.9,0.77,1.99,0.44,73.11,16.6788,20.6672,23.5678
2026-01-29,ARRS,18.1291,18.1093,-0.109,0.719,71.9,0.77,1.99,0.44,73.11,16.6788,20.6672,23.5678
2026-01-29,CNQR,95.7432,94.2351,-1.575,0.765,76.5,1.45,4.14,0.5,66.3,88.0838,109.1473,124.4662
2026-01-29,CNR,95.7432,94.2351,-1.575,0.765,76.5,1.45,4.14,0.5,66.3,88.0838,109.1473,124.4662
2026-01-29,CNR1,95.7432,94.2351,-1.575,0.765,76.5,1.45,4.14,0.5,66.3,88.0838,109.1473,124.4662
2026-01-29,JBS,15.71,15.6,-0.7,0.729,72.9,0.97,2.84,6.7,74.75,14.4532,17.9094,20.423
2026-01-29,BTE,3.49,3.45,-1.146,0.893,89.3,1.35,4.43,5.12,66.88,3.2108,3.9786,4.537
2026-01-29,OR,45.71,41.84,-8.466,0.889,88.9,0.93,3.93,11.01,77.02,42.0532,52.1094,59.423
2026-01-29,BTSG,39.83,39.28,-1.381,0.752,75.2,0.96,3.53,1.8,65.95,36.6436,45.4062,51.779
2026-01-29,INDV,34.71,34.63,-0.23,0.724,72.4,1.37,3.46,0.77,66.32,31.9332,39.5694,45.123
2026-01-29,NWG,18.32,18.3,-0.109,0.727,72.7,0.98,1.52,4.04,49.25,16.8544,20.8848,23.816
2026-01-29,KYMR,73.91,72.8,-1.502,0.736,73.6,0.81,4.86,1.54,54.75,67.9972,84.2574,96.083
2026-01-29,PPTA,32.06,30.13,-6.02,0.855,85.5,1.41,6.48,3.91,66.75,29.4952,36.5484,41.678
2026-01-29,PPTV,32.06,30.13,-6.02,0.855,85.5,1.41,6.48,3.91,66.75,29.4952,36.5484,41.678
2026-01-29,BVN,38.53,35.85,-6.956,0.935,93.5,1.23,4.49,12.39,71.13,35.4476,43.9242,50.089
2026-01-29,MYRX,254.66,251.13,-1.386,0.702,70.2,1.13,4.32,6.42,50.83,234.2872,290.3124,331.058
2026-01-29,HWC,68.2604,68.3101,0.073,0.759,75.9,1.02,2.5,2.12,58.76,62.7996,77.8169,88.7386
2026-01-29,ERIE,282.1,282.61,0.181,0.995,99.5,1.38,2.65,0.29,43.91,259.532,321.594,366.73
2026-01-29,ALH,91.44,89.89,-1.695,0.899,89.9,1.36,3.91,2.34,47.51,84.1248,104.2416,118.872
2026-01-29,ALHC,91.44,89.89,-1.695,0.899,89.9,1.36,3.91,2.34,47.51,84.1248,104.2416,118.872
2026-01-29,ALI,91.44,89.89,-1.695,0.899,89.9,1.36,3.91,2.34,47.51,84.1248,104.2416,118.872
2026-01-29,LGIQ,51.57,51.1,-0.911,0.791,79.1,0.67,5.26,9.27,62.94,47.4444,58.7898,67.041
2026-01-29,LGL,51.57,51.1,-0.911,0.791,79.1,0.67,5.26,9.27,62.94,47.4444,58.7898,67.041
2026-01-29,LGL-WT,51.57,51.1,-0.911,0.791,79.1,0.67,5.26,9.27,62.94,47.4444,58.7898,67.041
2026-01-29,LGN,51.57,51.1,-0.911,0.791,79.1,0.67,5.26,9.27,62.94,47.4444,58.7898,67.041
2026-01-29,BANC,20.25,20.09,-0.79,0.741,74.1,0.95,2.93,0.14,44.81,18.63,23.085,26.325
2026-01-29,ORC,8.1394,8.041,-1.209,0.725,72.5,1.73,2.27,4.84,56.88,7.4883,9.2789,10.5812
2026-01-29,CMPO,24.2675,24.1576,-0.453,0.769,76.9,0.7,6.0,6.45,53.64,22.3261,27.665,31.5478
2026-01-29,BBVA,25.44,25.6,0.629,0.813,81.3,1.13,1.64,4.25,45.01,23.4048,29.0016,33.072
2026-01-29,DAP,28.9002,28.3322,-1.966,0.892,89.2,0.67,3.54,4.73,53.97,26.5882,32.9463,37.5703
2026-01-29,DAR,28.9002,28.3322,-1.966,0.892,89.2,0.67,3.54,4.73,53.97,26.5882,32.9463,37.5703
2026-01-29,HE,15.87,15.76,-0.693,0.873,87.3,0.96,4.69,11.5,57.87,14.6004,18.0918,20.631
2026-01-29,HEAL1,15.87,15.76,-0.693,0.873,87.3,0.96,4.69,11.5,57.87,14.6004,18.0918,20.631
2026-01-29,MODG,14.53,14.08,-3.097,0.913,91.3,0.98,4.09,2.32,45.19,13.3676,16.5642,18.889
2026-01-29,CSTM,23.17,22.67,-2.158,0.901,90.1,0.85,3.34,6.98,32.28,21.3164,26.4138,30.121
2026-01-29,ATMP,57.911,56.9918,-1.587,0.82,82.0,1.02,2.53,4.5,27.12,53.2781,66.0185,75.2843
2026-01-29,ATMV,57.911,56.9918,-1.587,0.82,82.0,1.02,2.53,4.5,27.12,53.2781,66.0185,75.2843
2026-01-29,ATMVR,57.911,56.9918,-1.587,0.82,82.0,1.02,2.53,4.5,27.12,53.2781,66.0185,75.2843
2026-01-29,PATK,129.0752,127.9192,-0.896,0.79,79.0,0.83,3.19,6.26,42.6,118.7492,147.1457,167.7977
2026-01-29,PLAB,35.28,34.42,-2.438,0.902,90.2,0.74,5.96,3.11,45.29,32.4576,40.2192,45.864
2026-01-29,BOJA,129.9235,129.9634,0.031,0.802,80.2,1.01,2.44,3.25,40.78,119.5297,148.1128,168.9006
2026-01-29,BOLD,129.9235,129.9634,0.031,0.802,80.2,1.01,2.44,3.25,40.78,119.5297,148.1128,168.9006
2026-01-29,SDZ-SW,61.48,61.38,-0.163,0.759,75.9,1.02,2.42,0.82,42.79,56.5616,70.0872,79.924
2026-01-29,HUBG,48.29,47.78,-1.056,0.844,84.4,0.8,2.39,4.06,26.18,44.4268,55.0506,62.777
2026-01-29,AUB,38.8401,38.5825,-0.663,0.768,76.8,1.13,2.69,3.81,46.22,35.7329,44.2777,50.4921
2026-01-29,PAIYY,20.82,20.23,-2.834,0.752,75.2,1.41,1.71,3.81,39.46,19.1544,23.7348,27.066
2026-01-29,PALDF,20.82,20.23,-2.834,0.752,75.2,1.41,1.71,3.81,39.46,19.1544,23.7348,27.066
2026-01-29,OII,30.4,29.8,-1.974,0.835,83.5,1.11,4.1,10.83,31.92,27.968,34.656,39.52
2026-01-29,OIIM,30.4,29.8,-1.974,0.835,83.5,1.11,4.1,10.83,31.92,27.968,34.656,39.52
2026-01-29,IP,2.63,2.6,-1.141,0.858,85.8,0.83,8.05,2.49,34.03,2.4196,2.9982,3.419
2026-01-29,FULT,20.64,20.53,-0.533,0.742,74.2,0.91,2.63,3.28,38.98,18.9888,23.5296,26.832
2026-01-29,AMRX,14.11,14.03,-0.567,0.834,83.4,9.56,3.12,6.23,48.77,12.9812,16.0854,18.343
2026-01-29,ORLA,17.06,15.49,-9.203,0.931,93.1,2.23,5.91,8.4,40.35,15.6952,19.4484,22.178
2026-01-29,BLTE,169.02,166.63,-1.414,0.924,92.4,1.44,5.0,5.52,41.74,155.4984,192.6828,219.726
2026-01-29,AX,94.64,97.99,3.54,0.761,76.1,1.42,2.88,2.7,32.91,87.0688,107.8896,123.032
2026-01-29,JMP,13.78,13.32,-3.338,0.812,81.2,2.67,5.18,4.02,40.12,12.6776,15.7092,17.914
2026-01-29,ARIS,20.47,18.34,-10.405,0.957,95.7,1.21,4.92,11.66,37.1,18.8324,23.3358,26.611
2026-01-29,ARMO,20.47,18.34,-10.405,0.957,95.7,1.21,4.92,11.66,37.1,18.8324,23.3358,26.611
2026-01-29,AXGN,34.0,33.98,-0.059,0.912,91.2,0.71,4.81,4.77,34.61,31.28,38.76,44.2
2026-01-29,BOST,4.66,4.57,-1.931,0.908,90.8,1.09,4.38,8.22,22.18,4.2872,5.3124,6.058
2026-01-29,BOT,4.66,4.57,-1.931,0.908,90.8,1.09,4.38,8.22,22.18,4.2872,5.3124,6.058
2026-01-29,CEDCQ,70.13,69.21,-1.312,0.891,89.1,0.95,3.36,7.91,16.88,64.5196,79.9482,91.169
2026-01-29,PLPC,257.1,252.98,-1.602,0.76,76.0,1.63,4.43,8.12,26.93,236.532,293.094,334.23
2026-01-29,PLPL,257.1,252.98,-1.602,0.76,76.0,1.63,4.43,8.12,26.93,236.532,293.094,334.23
2026-01-29,PLPM,257.1,252.98,-1.602,0.76,76.0,1.63,4.43,8.12,26.93,236.532,293.094,334.23
2026-01-29,CUBI,78.95,78.49,-0.583,0.713,71.3,1.24,3.22,2.13,26.39,72.634,90.003,102.635
2026-01-29,OSS,10.62,10.32,-2.825,0.96,96.0,0.9,12.32,10.05,37.94,9.7704,12.1068,13.806
2026-01-29,COHU,29.36,28.7,-2.248,0.781,78.1,1.32,4.18,6.19,22.98,27.0112,33.4704,38.168
2026-01-29,COLB,29.36,28.7,-2.248,0.781,78.1,1.32,4.18,6.19,22.98,27.0112,33.4704,38.168
2026-01-29,NBR,67.06,66.11,-1.417,0.878,87.8,0.93,4.5,7.1,25.0,61.6952,76.4484,87.178
2026-01-29,AZTR,39.0,38.94,-0.154,0.829,82.9,2.54,3.39,1.73,21.8,35.88,44.46,50.7
2026-01-29,AZUL,39.0,38.94,-0.154,0.829,82.9,2.54,3.39,1.73,21.8,35.88,44.46,50.7
2026-01-29,NVSGF,18.99,18.79,-1.053,0.915,91.5,1.73,1.85,2.78,25.01,17.4708,21.6486,24.687
2026-01-29,GLDG,15.27,15.07,-1.31,0.861,86.1,0.67,3.79,6.91,14.78,14.0484,17.4078,19.851
2026-01-29,NWKC,4.1167,4.1167,-0.0,0.801,80.1,1.93,3.4,0.88,22.94,3.7873,4.693,5.3517
2026-01-29,FTRE1,17.05,16.98,-0.411,0.927,92.7,0.72,6.39,0.14,21.73,15.686,19.437,22.165
2026-01-29,ANAB,47.85,47.68,-0.355,0.841,84.1,0.67,6.08,2.51,23.17,44.022,54.549,62.205
2026-01-29,KB,96.91,95.21,-1.754,0.731,73.1,1.3,1.54,7.19,13.61,89.1572,110.4774,125.983
2026-01-29,CAEP,32.89,32.55,-1.034,0.708,70.8,1.04,2.31,0.49,18.72,30.2588,37.4946,42.757
2026-01-29,ASTI,5.24,5.16,-1.527,0.971,97.1,0.6,22.12,2.76,21.05,4.8208,5.9736,6.812
2026-01-29,AZX,124.97,123.72,-1.0,0.799,79.9,1.05,2.39,4.57,19.72,114.9724,142.4658,162.461
2026-01-29,AZZ,124.97,123.72,-1.0,0.799,79.9,1.05,2.39,4.57,19.72,114.9724,142.4658,162.461
2026-01-29,B,124.97,123.72,-1.0,0.799,79.9,1.05,2.39,4.57,19.72,114.9724,142.4658,162.461
2026-01-29,DBGI,69.35,69.0,-0.505,0.709,70.9,0.88,3.59,1.15,14.76,63.802,79.059,90.155
2026-01-29,MAZE,45.0,44.1,-2.0,0.874,87.4,1.61,6.68,7.41,17.63,41.4,51.3,58.5
2026-01-29,GPRE,12.09,11.86,-1.902,0.712,71.2,0.66,5.64,9.69,14.47,11.1228,13.7826,15.717
2026-01-29,PFSB,21.9879,21.978,-0.045,0.776,77.6,1.66,2.62,8.68,20.74,20.2289,25.0662,28.5843
2026-01-29,DCO,111.72,110.5,-1.092,0.767,76.7,1.03,2.95,3.18,16.56,102.7824,127.3608,145.236
2026-01-29,ANDE,62.44,61.94,-0.801,0.867,86.7,0.74,2.85,9.26,17.64,57.4448,71.1816,81.172
2026-01-29,ANDG,62.44,61.94,-0.801,0.867,86.7,0.74,2.85,9.26,17.64,57.4448,71.1816,81.172
2026-01-29,ANDN1,62.44,61.94,-0.801,0.867,86.7,0.74,2.85,9.26,17.64,57.4448,71.1816,81.172
2026-01-29,ANDR,62.44,61.94,-0.801,0.867,86.7,0.74,2.85,9.26,17.64,57.4448,71.1816,81.172
2026-01-29,PLCM,18.83,18.58,-1.328,0.825,82.5,0.77,5.9,1.74,19.41,17.3236,21.4662,24.479
2026-01-29,HLX,7.92,7.83,-1.136,0.716,71.6,2.19,3.59,10.48,12.55,7.2864,9.0288,10.296
2026-01-29,GROY,4.65,4.3,-7.527,0.806,80.6,1.05,5.42,0.16,19.04,4.278,5.301,6.045
2026-01-29,FBNK1,58.06,57.63,-0.741,0.745,74.5,1.23,3.04,4.55,17.43,53.4152,66.1884,75.478
2026-01-29,BHFAL,51.82,51.39,-0.83,0.728,72.8,1.17,3.09,8.83,11.13,47.6744,59.0748,67.366
2026-01-29,LIND,16.82,16.74,-0.476,0.882,88.2,1.26,3.92,6.59,12.78,15.4744,19.1748,21.866
2026-01-29,DGII,45.29,44.8,-1.082,0.782,78.2,1.19,3.43,4.83,11.59,41.6668,51.6306,58.877
2026-01-29,CDO,20.8,20.34,-2.212,0.879,87.9,0.66,5.22,4.89,16.1,19.136,23.712,27.04
2026-01-29,ORKA,35.26,34.7,-1.588,0.8,80.0,0.66,6.46,11.74,18.72,32.4392,40.1964,45.838
2026-01-29,CMPX,6.38,6.29,-1.411,0.937,93.7,1.04,7.58,12.26,16.37,5.8696,7.2732,8.294
2026-01-29,BBAO,20.4235,19.9745,-2.198,0.783,78.3,1.03,5.26,10.08,15.04,18.7896,23.2828,26.5505
2026-01-29,BBAR,20.4235,19.9745,-2.198,0.783,78.3,1.03,5.26,10.08,15.04,18.7896,23.2828,26.5505
2026-01-29,BBAR1,20.4235,19.9745,-2.198,0.783,78.3,1.03,5.26,10.08,15.04,18.7896,23.2828,26.5505
2026-01-29,ATEX,26.6,26.34,-0.977,0.845,84.5,1.11,5.59,11.33,8.02,24.472,30.324,34.58
2026-01-29,GSL,36.9752,36.5816,-1.065,0.763,76.3,0.97,2.44,4.31,12.56,34.0172,42.1518,48.0678
2026-01-29,DAKPQ,22.46,22.35,-0.49,0.736,73.6,1.67,3.02,5.82,8.75,20.6632,25.6044,29.198
2026-01-29,DAKT,22.46,22.35,-0.49,0.736,73.6,1.67,3.02,5.82,8.75,20.6632,25.6044,29.198
2026-01-29,MRAM,13.39,14.835,10.792,0.812,81.2,1.14,10.09,6.19,13.51,12.3188,15.2646,17.407
2026-01-29,DHC,5.87,5.79,-1.363,0.877,87.7,0.74,3.54,6.95,10.52,5.4004,6.6918,7.631
2026-01-29,DHCC,5.87,5.79,-1.363,0.877,87.7,0.74,3.54,6.95,10.52,5.4004,6.6918,7.631
2026-01-29,NX,18.67,18.52,-0.803,0.849,84.9,1.01,3.57,5.88,11.19,17.1764,21.2838,24.271
2026-01-29,ALLR,1.59,1.59,0.0,0.826,82.6,1.31,7.73,2.22,8.96,1.4628,1.8126,2.067
2026-01-29,ARVLF,13.38,13.6,1.644,0.848,84.8,1.23,4.96,8.22,10.07,12.3096,15.2532,17.394
2026-01-29,ARVN,13.38,13.6,1.644,0.848,84.8,1.23,4.96,8.22,10.07,12.3096,15.2532,17.394
2026-01-29,MLKIQ,19.2546,19.1853,-0.36,0.805,80.5,1.07,3.07,1.07,9.9,17.7143,21.9503,25.031
2026-01-29,MLKN,19.2546,19.1853,-0.36,0.805,80.5,1.07,3.07,1.07,9.9,17.7143,21.9503,25.031
2026-01-29,APEI,42.27,42.14,-0.308,0.807,80.7,0.65,3.91,4.4,10.24,38.8884,48.1878,54.951
2026-01-29,APEX,42.27,42.14,-0.308,0.807,80.7,0.65,3.91,4.4,10.24,38.8884,48.1878,54.951
2026-01-29,APEX1,42.27,42.14,-0.308,0.807,80.7,0.65,3.91,4.4,10.24,38.8884,48.1878,54.951
2026-01-29,APFC,42.27,42.14,-0.308,0.807,80.7,0.65,3.91,4.4,10.24,38.8884,48.1878,54.951
2026-01-29,APFH,42.27,42.14,-0.308,0.807,80.7,0.65,3.91,4.4,10.24,38.8884,48.1878,54.951
2026-01-29,CMCL,21.0503,20.6815,-1.752,0.837,83.7,1.01,4.11,5.98,6.93,19.3662,23.9973,27.3653
2026-01-29,CMCM,21.0503,20.6815,-1.752,0.837,83.7,1.01,4.11,5.98,6.93,19.3662,23.9973,27.3653
2026-01-29,CMCO,21.0503,20.6815,-1.752,0.838,83.8,1.01,4.11,5.98,6.93,19.3662,23.9973,27.3653
2026-01-29,CMD,21.0503,20.6815,-1.752,0.838,83.8,1.01,4.11,5.98,6.93,19.3662,23.9973,27.3653
2026-01-29,CYD,46.01,45.22,-1.717,0.788,78.8,0.79,4.88,8.58,7.87,42.3292,52.4514,59.813
2026-01-29,PLRE,37.48,37.06,-1.121,0.796,79.6,1.25,2.48,3.88,6.89,34.4816,42.7272,48.724
2026-01-29,IPX,52.81,50.7,-3.995,0.749,74.9,1.24,4.74,9.24,8.67,48.5852,60.2034,68.653
2026-01-29,CLB,19.6292,19.2494,-1.935,0.779,77.9,1.09,3.87,4.47,6.81,18.0588,22.3773,25.5179
2026-01-29,NBBK,21.45,21.34,-0.513,0.733,73.3,1.57,2.68,6.28,6.53,19.734,24.453,27.885
2026-01-29,CFFN,7.3,7.27,-0.411,0.777,77.7,1.17,2.68,7.52,7.22,6.716,8.322,9.49
2026-01-29,BSBR,7.14,7.02,-1.681,0.779,77.9,0.92,2.27,10.26,6.73,6.5688,8.1396,9.282
2026-01-29,ELVA,10.56,10.34,-2.083,0.928,92.8,1.28,7.08,10.97,7.5,9.7152,12.0384,13.728
2026-01-29,ELVN,10.56,10.34,-2.083,0.928,92.8,1.28,7.08,10.97,7.5,9.7152,12.0384,13.728
2026-01-30,GOOGL,337.7622,335.9835,-0.527,0.758,75.8,1.0,2.48,2.78,10497.42,310.7413,385.049,439.0909
2026-01-30,GOOG,338.53,336.55,-0.585,0.759,75.9,1.04,2.46,2.81,7064.86,311.4476,385.9242,440.089
2026-01-30,XOM,140.4637,138.9042,-1.11,0.816,81.6,1.47,2.07,8.82,2838.8,129.2266,160.1287,182.6029
2026-01-30,LRCX,233.46,233.33,-0.056,0.912,91.2,1.29,4.71,6.97,3311.93,214.7832,266.1444,303.498
2026-01-30,AMAT,322.32,320.6,-0.534,0.779,77.9,1.25,3.56,3.61,2533.7,296.5344,367.4448,419.016
2026-01-30,WDC,250.23,243.76,-2.586,0.925,92.5,2.11,7.63,10.87,2574.4,230.2116,285.2622,325.299
2026-01-30,ASML,1421.1255,1395.3995,-1.81,0.87,87.0,0.99,2.97,7.5,3374.27,1307.4354,1620.0831,1847.4631
2026-01-30,XLE,51.05,50.1,-1.861,0.716,71.6,1.4,1.96,6.56,2690.32,46.966,58.197,66.365
2026-01-30,JNJ,227.25,228.32,0.471,0.792,79.2,1.15,1.83,5.27,2174.48,209.07,259.065,295.425
2026-01-30,CVX,176.9,173.44,-1.956,0.707,70.7,1.73,2.17,7.25,2341.1,162.748,201.666,229.97
2026-01-30,TXN,215.55,215.44,-0.051,0.8,80.0,1.05,2.9,11.82,1867.86,198.306,245.727,280.215
2026-01-30,ASTS,111.21,109.89,-1.187,0.923,92.3,1.1,11.17,7.67,1995.01,102.3132,126.7794,144.573
2026-01-30,MRK,110.27,110.12,-0.136,0.878,87.8,1.51,2.33,1.17,1391.9,101.4484,125.7078,143.351
2026-01-30,GLE1,96.01,93.455,-2.661,0.773,77.3,4.18,2.15,2.07,1671.74,88.3292,109.4514,124.813
2026-01-30,ADI,309.9096,305.962,-1.274,0.871,87.1,1.21,2.64,3.68,1131.21,285.1169,353.297,402.8825
2026-01-30,COHR1,212.18,208.79,-1.598,0.928,92.8,1.54,7.5,8.27,976.49,195.2056,241.8852,275.834
2026-01-30,LMT,634.22,620.0,-2.242,0.85,85.0,0.93,3.41,12.16,1432.07,583.4824,723.0108,824.486
2026-01-30,GILD,141.95,141.05,-0.634,0.721,72.1,1.22,2.93,10.8,1100.37,130.594,161.823,184.535
2026-01-30,HON,227.52,226.24,-0.563,0.7,70.0,1.3,2.12,6.51,1174.06,209.3184,259.3728,295.776
2026-01-30,AMGN,341.88,339.47,-0.705,0.709,70.9,0.92,2.54,1.9,939.63,314.5296,389.7432,444.444
2026-01-30,SLB,48.0964,47.3905,-1.468,0.855,85.5,0.68,3.27,3.99,1158.13,44.2487,54.8299,62.5253
2026-01-30,CMCSA,29.75,29.62,-0.437,0.756,75.6,1.32,2.93,4.69,1157.55,27.37,33.915,38.675
2026-01-30,PM,179.44,180.86,0.791,0.813,81.3,1.52,2.37,6.5,972.27,165.0848,204.5616,233.272
2026-01-30,TER,241.05,241.05,0.0,0.856,85.6,1.29,3.89,5.26,693.22,221.766,274.797,313.365
2026-01-30,CIEN,251.81,247.93,-1.541,0.865,86.5,1.32,7.14,4.33,620.62,231.6652,287.0634,327.353
2026-01-30,COP,104.23,101.51,-2.61,0.751,75.1,0.98,3.01,5.97,977.09,95.8916,118.8222,135.499
2026-01-30,RCL,324.65,326.98,0.718,0.725,72.5,1.27,3.85,10.59,857.26,298.678,370.101,422.045
2026-01-30,MCHP,75.92,74.79,-1.488,0.79,79.0,1.34,3.39,2.18,709.21,69.8464,86.5488,98.696
2026-01-30,GM,84.0,84.25,0.298,0.797,79.7,0.82,2.63,2.07,795.11,77.28,95.76,109.2
2026-01-30,NOC,692.26,685.0,-1.049,0.772,77.2,0.8,3.6,7.29,824.48,636.8792,789.1764,899.938
2026-01-30,FITB,50.22,49.42,-1.593,0.783,78.3,7.13,2.63,1.11,733.59,46.2024,57.2508,65.286
2026-01-30,ICE,173.78,174.0,0.127,0.764,76.4,1.01,2.06,2.39,569.37,159.8776,198.1092,225.914
2026-01-30,VALE,16.07,16.1,0.187,0.855,85.5,1.5,2.75,7.31,718.2,14.7844,18.3198,20.891
2026-01-30,USB,56.11,56.14,0.053,0.781,78.1,0.81,1.93,1.7,678.11,51.6212,63.9654,72.943
2026-01-30,FDX,322.25,321.85,-0.124,0.834,83.4,1.35,2.32,4.3,616.51,296.47,367.365,418.925
2026-01-30,CL,90.29,90.55,0.288,0.776,77.6,1.83,1.97,8.93,687.91,83.0668,102.9306,117.377
2026-01-30,PH,934.0991,934.0092,-0.01,0.78,78.0,1.28,2.03,0.85,629.71,859.3712,1064.873,1214.3289
2026-01-30,PNC,223.3,223.7,0.179,0.794,79.4,0.69,2.09,2.44,685.95,205.436,254.562,290.29
2026-01-30,CMIIU,576.8806,575.8939,-0.171,0.862,86.2,1.19,2.06,2.68,483.84,530.7302,657.6439,749.9448
2026-01-30,CMIKA,576.8806,575.8939,-0.171,0.862,86.2,1.19,2.06,2.68,483.84,530.7302,657.6439,749.9448
2026-01-30,CMIN,576.8806,575.8939,-0.171,0.862,86.2,1.19,2.06,2.68,483.84,530.7302,657.6439,749.9448
2026-01-30,CMIV,576.8806,575.8939,-0.171,0.862,86.2,1.19,2.06,2.68,483.84,530.7302,657.6439,749.9448
2026-01-30,MRNA,44.07,43.45,-1.407,0.947,94.7,0.74,7.29,7.36,649.99,40.5444,50.2398,57.291
2026-01-30,LHX,342.85,338.0,-1.415,0.761,76.1,1.18,3.08,1.02,655.99,315.422,390.849,445.705
2026-01-30,CCJ,123.39,122.19,-0.973,0.788,78.8,1.5,4.74,7.33,596.34,113.5188,140.6646,160.407
2026-01-30,BKR,56.04,55.77,-0.482,0.701,70.1,0.84,3.14,7.7,572.05,51.5568,63.8856,72.852
2026-01-30,FIX,1142.1,1142.78,0.06,0.717,71.7,0.77,4.58,4.92,461.4,1050.732,1301.994,1484.73
2026-01-30,TFC,51.42,51.51,0.175,0.734,73.4,1.15,2.14,2.16,536.28,47.3064,58.6188,66.846
2026-01-30,MNST,80.76,81.0,0.297,0.778,77.8,1.1,1.99,2.38,445.44,74.2992,92.0664,104.988
2026-01-30,CHSCL,194.2854,193.538,-0.385,0.837,83.7,2.01,2.55,11.02,410.12,178.7426,221.4854,252.5711
2026-01-30,EL,115.28,116.78,1.301,0.805,80.5,0.85,2.8,1.29,387.58,106.0576,131.4192,149.864
2026-01-30,HSY,194.75,197.34,1.33,0.772,77.2,0.76,2.45,2.03,357.87,179.17,222.015,253.175
2026-01-30,SCCO,187.9031,187.0935,-0.431,0.892,89.2,1.63,4.31,6.99,489.23,172.8708,214.2095,244.274
2026-01-30,KMI,30.197,29.88,-1.05,0.718,71.8,1.2,2.26,7.63,478.16,27.7812,34.4246,39.2561
2026-01-30,ODFL,173.2,173.33,0.075,0.824,82.4,1.16,2.88,0.63,330.46,159.344,197.448,225.16
2026-01-30,PCAR,122.5908,121.7231,-0.708,0.724,72.4,0.71,2.38,2.66,407.19,112.7835,139.7535,159.3681
2026-01-30,ROK,421.65,420.01,-0.389,0.706,70.6,0.97,2.19,1.65,286.87,387.918,480.681,548.145
2026-01-30,EXE,111.7995,108.05,-3.354,0.873,87.3,0.92,3.16,5.66,398.13,102.8556,127.4515,145.3394
2026-01-30,RIO,91.03,92.43,1.538,0.842,84.2,1.56,1.97,4.69,432.53,83.7476,103.7742,118.339
2026-01-30,OKE,78.12,76.82,-1.664,0.776,77.6,1.19,2.82,5.33,362.73,71.8704,89.0568,101.556
2026-01-30,ROG-SW,350.7,348.0,-0.77,0.873,87.3,1.41,1.83,2.16,404.05,322.644,399.798,455.91
2026-01-30,CNQ,37.21,36.11,-2.956,0.711,71.1,0.91,2.86,8.2,383.52,34.2332,42.4194,48.373
2026-01-30,KEX,21.309,21.3288,0.093,0.803,80.3,0.84,2.32,1.07,346.98,19.6043,24.2923,27.7017
2026-01-30,FANG,163.95,158.61,-3.257,0.717,71.7,1.05,3.31,7.81,338.55,150.834,186.903,213.135
2026-01-30,NVS,148.68,149.63,0.639,0.767,76.7,0.65,1.5,2.95,260.48,136.7856,169.4952,193.284
2026-01-30,AMP,525.6365,524.8489,-0.15,0.718,71.8,1.97,2.5,4.4,309.86,483.5856,599.2257,683.3275
2026-01-30,CFG,62.5408,62.5806,0.064,0.972,97.2,1.17,2.37,2.18,358.52,57.5376,71.2966,81.3031
2026-01-30,SYY,83.85,84.12,0.322,0.703,70.3,1.19,2.3,8.75,369.63,77.142,95.589,109.005
2026-01-30,KEYS,216.33,215.92,-0.19,0.708,70.8,1.13,2.43,1.56,222.53,199.0236,246.6162,281.229
2026-01-30,NUE,177.72,176.0,-0.968,0.769,76.9,1.62,2.88,2.76,336.68,163.5024,202.6008,231.036
2026-01-30,TEVA,34.08,34.45,1.086,0.935,93.5,1.53,2.94,5.8,379.15,31.3536,38.8512,44.304
2026-01-30,BHP,68.73,69.28,0.8,0.788,78.8,1.26,2.12,4.57,311.94,63.2316,78.3522,89.349
2026-01-30,CTVA,72.8,72.8,0.0,0.734,73.4,0.97,2.05,3.36,276.77,66.976,82.992,94.64
2026-01-30,BTI,60.68,60.73,0.082,0.724,72.4,1.64,1.63,5.88,262.21,55.8256,69.1752,78.884
2026-01-30,MTB,221.57,221.18,-0.176,0.787,78.7,1.21,2.21,3.81,276.76,203.8444,252.5898,288.041
2026-01-30,TRGP,200.98,196.75,-2.105,0.843,84.3,1.02,2.97,8.25,258.35,184.9016,229.1172,261.274
2026-01-30,SU,52.97,51.44,-2.888,0.872,87.2,1.53,2.66,8.11,274.62,48.7324,60.3858,68.861
2026-01-30,EXPD,160.54,160.62,0.05,0.953,95.3,1.81,1.81,0.69,227.33,147.6968,183.0156,208.702
2026-01-30,HUBB,486.6182,486.6182,0.0,0.987,98.7,1.07,2.62,1.9,243.58,447.6888,554.7448,632.6037
2026-01-30,PPG,114.9693,115.4962,0.458,0.964,96.4,1.16,2.23,5.45,270.84,105.7717,131.0649,149.46
2026-01-30,HII,419.2001,416.4786,-0.649,0.866,86.6,0.76,3.24,4.29,263.64,385.6641,477.8881,544.9601
2026-01-30,BBIG,77.27,76.45,-1.061,0.811,81.1,0.77,4.31,0.35,231.25,71.0884,88.0878,100.451
2026-01-30,BBIO,77.27,76.45,-1.061,0.811,81.1,0.77,4.31,0.35,231.25,71.0884,88.0878,100.451
2026-01-30,CLF,13.76,13.43,-2.398,0.703,70.3,1.17,5.14,0.41,223.56,12.6592,15.6864,17.888
2026-01-30,ITUB,8.59,8.66,0.815,0.814,81.4,1.61,2.11,9.79,223.48,7.9028,9.7926,11.167
2026-01-30,DD,43.7445,43.6349,-0.25,0.828,82.8,0.92,2.34,1.12,213.51,40.2449,49.8687,56.8678
2026-01-30,CF,92.7349,90.9942,-1.877,0.989,98.9,0.74,3.38,7.84,234.44,85.3161,105.7178,120.5554
2026-01-30,ARWM,69.33,68.51,-1.183,0.945,94.5,1.32,5.57,4.06,196.93,63.7836,79.0362,90.129
2026-01-30,ARWR,69.33,68.51,-1.183,0.945,94.5,1.32,5.57,4.06,196.93,63.7836,79.0362,90.129
2026-01-30,LH,270.8403,267.7481,-1.142,0.984,98.4,0.89,2.34,3.31,217.15,249.1731,308.7579,352.0924
2026-01-30,WSM,204.65,204.69,0.02,0.735,73.5,0.99,3.73,0.65,216.83,188.278,233.301,266.045
2026-01-30,CATA1,606.5,607.82,0.218,0.745,74.5,0.98,2.26,0.14,200.08,557.98,691.41,788.45
2026-01-30,TPL,347.9613,339.6109,-2.4,0.997,99.7,1.07,4.39,6.81,127.1,320.1244,396.6759,452.3497
2026-01-30,NTR,68.89,68.18,-1.031,0.825,82.5,1.06,2.85,4.97,207.35,63.3788,78.5346,89.557
2026-01-30,STE,261.9339,261.4651,-0.179,0.992,99.2,2.03,2.2,0.69,131.2,240.9792,298.6046,340.514
2026-01-30,GAP,27.98,28.0,0.071,0.798,79.8,1.09,3.49,3.6,225.73,25.7416,31.8972,36.374
2026-01-30,JLL,357.91,357.0,-0.254,0.76,76.0,1.01,2.6,1.89,135.83,329.2772,408.0174,465.283
2026-01-30,JLMI,357.91,357.0,-0.254,0.76,76.0,1.01,2.6,1.89,135.83,329.2772,408.0174,465.283
2026-01-30,BAP,356.83,355.34,-0.418,0.884,88.4,1.98,2.34,10.12,175.68,328.2836,406.7862,463.879
2026-01-30,PQUEQ,16.13,15.59,-3.348,0.838,83.8,1.45,3.32,10.79,182.78,14.8396,18.3882,20.969
2026-01-30,PRA,16.13,15.59,-3.348,0.838,83.8,1.45,3.32,10.79,182.78,14.8396,18.3882,20.969
2026-01-30,ES,68.4068,68.387,-0.029,0.95,95.0,1.4,2.32,0.08,162.52,62.9342,77.9837,88.9288
2026-01-30,ASX,18.98,18.75,-1.212,0.723,72.3,1.22,2.24,1.6,147.19,17.4616,21.6372,24.674
2026-01-30,GFS,42.2,41.49,-1.682,0.747,74.7,0.67,4.74,0.6,170.38,38.824,48.108,54.86
2026-01-30,IEX,198.55,197.66,-0.448,0.937,93.7,1.54,2.1,4.13,134.82,182.666,226.347,258.115
2026-01-30,PRAX,314.0,307.43,-2.092,0.943,94.3,1.12,6.08,4.99,187.89,288.88,357.96,408.2
2026-01-30,HBM,23.68,23.62,-0.253,0.913,91.3,1.42,4.68,1.36,151.73,21.7856,26.9952,30.784
2026-01-30,NTRT,148.5969,148.5373,-0.04,0.735,73.5,1.23,2.32,2.04,156.26,136.7092,169.4005,193.176
2026-01-30,NTS,148.5969,148.5373,-0.04,0.735,73.5,1.23,2.32,2.04,156.26,136.7092,169.4005,193.176
2026-01-30,BBDA,4.0418,4.0319,-0.247,0.73,73.0,1.17,2.56,9.93,161.05,3.7185,4.6077,5.2544
2026-01-30,BBDC,4.0418,4.0319,-0.247,0.73,73.0,1.17,2.56,9.93,161.05,3.7185,4.6077,5.2544
2026-01-30,ASTTY,83.57,82.04,-1.831,0.941,94.1,1.17,22.0,9.16,209.27,76.8844,95.2698,108.641
2026-01-30,ASTX,83.57,82.04,-1.831,0.941,94.1,1.17,22.0,9.16,209.27,76.8844,95.2698,108.641
2026-01-30,SAN,12.75,12.86,0.863,0.814,81.4,1.08,1.52,3.87,48.03,11.73,14.535,16.575
2026-01-30,TRP,58.67,58.63,-0.068,0.722,72.2,0.84,2.16,5.94,151.28,53.9764,66.8838,76.271
2026-01-30,VTRS,13.09,13.05,-0.306,0.817,81.7,1.21,2.44,1.66,111.33,12.0428,14.9226,17.017
2026-01-30,CLGX,259.91,259.91,0.0,0.809,80.9,0.81,2.33,1.67,113.62,239.1172,296.2974,337.883
2026-01-30,SNA,363.7919,363.1163,-0.186,0.998,99.8,0.91,1.87,0.81,102.53,334.6886,414.7228,472.9295
2026-01-30,OUST,46.63,45.42,-2.595,0.771,77.1,3.45,2.12,1.96,157.4,42.8996,53.1582,60.619
2026-01-30,PNW,92.65,92.88,0.248,0.946,94.6,0.99,1.85,2.29,121.41,85.238,105.621,120.445
2026-01-30,EG,329.2245,326.6009,-0.797,0.87,87.0,0.89,2.06,1.15,108.51,302.8866,375.316,427.9919
2026-01-30,HRMN1,24.61,24.6,-0.041,0.705,70.5,2.6,2.49,3.11,122.33,22.6412,28.0554,31.993
2026-01-30,ZION,59.4815,59.4815,0.0,0.739,73.9,1.44,2.41,0.33,109.14,54.7229,67.8089,77.3259
2026-01-30,NXEN,12.57,12.44,-1.034,0.886,88.6,1.21,5.4,6.51,111.26,11.5644,14.3298,16.341
2026-01-30,TTE,72.4,71.53,-1.202,0.733,73.3,0.83,1.63,7.63,108.94,66.608,82.536,94.12
2026-01-30,BTU,35.1811,34.772,-1.163,0.743,74.3,0.95,5.26,0.84,112.62,32.3666,40.1065,45.7355
2026-01-30,BUTLQ,35.1811,34.772,-1.163,0.743,74.3,0.95,5.26,0.84,112.62,32.3666,40.1065,45.7355
2026-01-30,MLIN,136.14,135.49,-0.477,0.826,82.6,1.24,2.11,5.96,94.91,125.2488,155.1996,176.982
2026-01-30,MT,53.97,55.86,3.502,0.899,89.9,1.06,2.16,7.06,94.24,49.6524,61.5258,70.161
2026-01-30,ESLT,702.57,692.97,-1.366,0.911,91.1,0.83,2.96,1.01,94.35,646.3644,800.9298,913.341
2026-01-30,AIZ,237.1665,238.5508,0.584,0.967,96.7,1.03,1.98,0.57,76.26,218.1931,270.3698,308.3164
2026-01-30,FRPT,69.7,69.7,0.0,0.802,80.2,1.59,4.09,5.08,79.86,64.124,79.458,90.61
2026-01-30,BAR,47.72,46.5,-2.557,0.771,77.1,4.52,2.12,1.92,117.13,43.9024,54.4008,62.036
2026-01-30,NEB,35.23,34.3498,-2.499,0.777,77.7,1.07,3.73,9.95,69.2,32.4116,40.1622,45.799
2026-01-30,CAKE,57.6863,57.8058,0.207,0.791,79.1,0.99,3.38,0.08,74.45,53.0714,65.7624,74.9922
2026-01-30,CAKR,57.6863,57.8058,0.207,0.791,79.1,0.99,3.38,0.08,74.45,53.0714,65.7624,74.9922
2026-01-30,JBTM,157.2043,157.554,0.222,0.825,82.5,1.21,2.56,0.72,76.56,144.6279,179.2128,204.3655
2026-01-30,GPCR,88.45,87.58,-0.984,0.974,97.4,0.65,6.27,9.74,106.82,81.374,100.833,114.985
2026-01-30,GVA,120.74,121.08,0.282,0.741,74.1,0.61,2.33,0.03,76.83,111.0808,137.6436,156.962
2026-01-30,ORAL,124.8035,124.7036,-0.08,0.704,70.4,0.78,2.75,4.09,73.2,114.8192,142.276,162.2446
2026-01-30,CELC,109.42,105.98,-3.144,0.908,90.8,0.88,5.5,0.99,84.44,100.6664,124.7388,142.246
2026-01-30,CELH,109.42,105.98,-3.144,0.908,90.8,0.88,5.5,0.99,84.44,100.6664,124.7388,142.246
2026-01-30,AMTM,35.78,35.83,0.14,0.932,93.2,1.21,3.27,4.88,68.03,32.9176,40.7892,46.514
2026-01-30,COKE,152.06,152.26,0.132,0.71,71.0,1.05,2.33,1.28,61.31,139.8952,173.3484,197.678
2026-01-30,PAA,19.24,18.96,-1.455,0.743,74.3,1.72,1.83,1.57,76.24,17.7008,21.9336,25.012
2026-01-30,AUGO,63.69,60.565,-4.907,0.954,95.4,1.54,5.34,4.34,64.07,58.5948,72.6066,82.797
2026-01-30,IPGP,92.41,91.11,-1.407,0.837,83.7,1.7,3.66,12.33,34.98,85.0172,105.3474,120.133
2026-01-30,ARRT,11.325,11.135,-1.678,0.876,87.6,0.77,7.54,11.79,71.21,10.419,12.9105,14.7225
2026-01-30,ARRY,11.325,11.135,-1.678,0.876,87.6,0.77,7.54,11.79,71.21,10.419,12.9105,14.7225
2026-01-30,ARRY1,11.325,11.135,-1.678,0.876,87.6,0.77,7.54,11.79,71.21,10.419,12.9105,14.7225
2026-01-30,ARS,11.325,11.135,-1.678,0.876,87.6,0.77,7.54,11.79,71.21,10.419,12.9105,14.7225
2026-01-30,JBS,15.75,15.75,0.0,0.727,72.7,1.11,2.88,6.49,77.28,14.49,17.955,20.475
2026-01-30,BTE,3.43,3.29,-4.082,0.905,90.5,0.95,4.51,3.0,66.5,3.1556,3.9102,4.459
2026-01-30,BTSG,39.27,39.47,0.509,0.725,72.5,0.96,3.64,0.14,65.1,36.1284,44.7678,51.051
2026-01-30,NWG,18.23,18.41,0.987,0.736,73.6,1.0,1.54,3.32,50.57,16.7716,20.7822,23.699
2026-01-30,KYMR,72.69,71.55,-1.568,0.782,78.2,1.25,4.97,0.21,53.84,66.8748,82.8666,94.497
2026-01-30,XRAY,12.47,12.39,-0.642,0.983,98.3,0.82,3.83,0.68,51.89,11.4724,14.2158,16.211
2026-01-30,ATRO,75.75,75.82,0.092,0.921,92.1,0.59,4.82,7.67,69.26,69.69,86.355,98.475
2026-01-30,HWC,68.2803,68.3696,0.131,0.766,76.6,1.32,2.56,1.76,59.98,62.8179,77.8395,88.7644
2026-01-30,ERIE,283.01,284.65,0.579,0.995,99.5,3.43,2.71,0.65,50.87,260.3692,322.6314,367.913
2026-01-30,BBVA,25.42,25.54,0.472,0.831,83.1,0.73,1.68,3.71,45.82,23.3864,28.9788,33.046
2026-01-30,DAP,28.8006,28.7208,-0.277,0.895,89.5,0.66,3.6,3.41,54.07,26.4965,32.8327,37.4407
2026-01-30,DAR,28.8006,28.7208,-0.277,0.895,89.5,0.66,3.6,3.41,54.07,26.4965,32.8327,37.4407
2026-01-30,NOGNQ,25.0,24.0,-4.0,0.701,70.1,0.95,3.98,10.18,53.54,23.0,28.5,32.5
2026-01-30,HE,15.32,15.33,0.065,0.861,86.1,0.99,4.75,6.5,54.76,14.0944,17.4648,19.916
2026-01-30,HEAL1,15.32,15.33,0.065,0.861,86.1,0.99,4.75,6.5,54.76,14.0944,17.4648,19.916
2026-01-30,MODG,14.35,14.35,0.0,0.926,92.6,0.86,4.13,0.11,45.33,13.202,16.359,18.655
2026-01-30,CSTM,22.47,22.37,-0.445,0.889,88.9,1.1,3.48,2.88,32.35,20.6724,25.6158,29.211
2026-01-30,ATMP,57.921,57.4714,-0.776,0.822,82.2,1.34,2.56,3.95,28.11,53.2873,66.0299,75.2973
2026-01-30,ATMV,57.921,57.4714,-0.776,0.823,82.3,1.34,2.56,3.95,28.11,53.2873,66.0299,75.2973
2026-01-30,ATMVR,57.921,57.4714,-0.776,0.823,82.3,1.34,2.56,3.95,28.11,53.2873,66.0299,75.2973
2026-01-30,PATK,125.7367,126.5339,0.634,0.796,79.6,1.01,3.17,2.76,42.32,115.6777,143.3398,163.4577
2026-01-30,PLAB,34.57,34.12,-1.302,0.9,90.0,0.67,5.84,0.66,44.15,31.8044,39.4098,44.941
2026-01-30,BOJA,129.3264,129.5254,0.154,0.808,80.8,1.23,2.47,2.31,41.61,118.9803,147.4321,168.1243
2026-01-30,BOLD,129.3264,129.5254,0.154,0.808,80.8,1.23,2.47,2.31,41.61,118.9803,147.4321,168.1243
2026-01-30,HUBG,47.58,47.82,0.504,0.875,87.5,1.43,2.41,1.99,26.67,43.7736,54.2412,61.854
2026-01-30,ICH1,30.34,29.93,-1.351,0.86,86.0,0.93,7.81,9.13,30.76,27.9128,34.5876,39.442
2026-01-30,ICHR1,30.34,29.93,-1.351,0.86,86.0,0.93,7.81,9.13,30.76,27.9128,34.5876,39.442
2026-01-30,AUB,38.4834,38.3744,-0.283,0.757,75.7,1.23,2.7,2.38,47.61,35.4047,43.8711,50.0284
2026-01-30,PAIYY,20.48,20.22,-1.27,0.759,75.9,1.33,1.75,1.78,40.07,18.8416,23.3472,26.624
2026-01-30,PALDF,20.48,20.22,-1.27,0.759,75.9,1.33,1.75,1.78,40.07,18.8416,23.3472,26.624
2026-01-30,OII,30.1,29.22,-2.924,0.809,80.9,1.09,4.16,8.53,32.63,27.692,34.314,39.13
2026-01-30,OIIM,30.1,29.22,-2.924,0.809,80.9,1.09,4.16,8.53,32.63,27.692,34.314,39.13
2026-01-30,MFG,8.63,8.66,0.348,0.831,83.1,2.54,1.62,4.62,34.18,7.9396,9.8382,11.219
2026-01-30,FULT,20.65,20.62,-0.145,0.753,75.3,0.9,2.66,2.99,39.23,18.998,23.541,26.845
2026-01-30,AMRX,13.68,13.64,-0.292,0.786,78.6,1.24,3.14,2.58,49.22,12.5856,15.5952,17.784
2026-01-30,BLTE,169.0,166.9,-1.243,0.916,91.6,0.76,5.16,5.21,42.85,155.48,192.66,219.7
2026-01-30,IMNM,24.62,24.48,-0.569,0.906,90.6,0.64,6.41,8.33,52.23,22.6504,28.0668,32.006
2026-01-30,AX,98.99,98.27,-0.727,0.812,81.2,2.5,2.96,6.67,37.11,91.0708,112.8486,128.687
2026-01-30,ARCC1,90.1204,88.3224,-1.995,0.819,81.9,2.36,4.14,3.33,34.45,82.9108,102.7372,117.1565
2026-01-30,ARCE,90.1204,88.3224,-1.995,0.819,81.9,2.36,4.14,3.33,34.45,82.9108,102.7372,117.1565
2026-01-30,ARCH,90.1204,88.3224,-1.995,0.819,81.9,2.36,4.14,3.33,34.45,82.9108,102.7372,117.1565
2026-01-30,ARCHQ,90.1204,88.3224,-1.995,0.819,81.9,2.36,4.14,3.33,34.45,82.9108,102.7372,117.1565
2026-01-30,ARCIU,90.1204,88.3224,-1.995,0.819,81.9,2.36,4.14,3.33,34.45,82.9108,102.7372,117.1565
2026-01-30,ARCK,90.1204,88.3224,-1.995,0.819,81.9,2.36,4.14,3.33,34.45,82.9108,102.7372,117.1565
2026-01-30,JMP,13.37,13.15,-1.645,0.782,78.2,0.95,5.17,0.59,39.26,12.3004,15.2418,17.381
2026-01-30,AXGN,34.85,35.19,0.976,0.913,91.3,1.3,4.89,7.04,36.65,32.062,39.729,45.305
2026-01-30,BOST,4.68,4.54,-2.991,0.91,91.0,1.89,4.46,7.87,24.11,4.3056,5.3352,6.084
2026-01-30,BOT,4.68,4.54,-2.991,0.91,91.0,1.89,4.46,7.87,24.11,4.3056,5.3352,6.084
2026-01-30,AAUC,31.45,31.21,-0.763,0.959,95.9,1.4,3.45,12.39,44.65,28.934,35.853,40.885
2026-01-30,AAUGF,31.45,31.21,-0.763,0.959,95.9,1.4,3.45,12.39,44.65,28.934,35.853,40.885
2026-01-30,DFTX,16.88,16.79,-0.533,0.885,88.5,0.73,7.17,8.64,38.46,15.5296,19.2432,21.944
2026-01-30,CEDCQ,67.43,66.8,-0.934,0.845,84.5,1.16,3.56,3.15,16.28,62.0356,76.8702,87.659
2026-01-30,MNMD,16.88,16.79,-0.533,0.885,88.5,0.73,7.17,8.64,38.46,15.5296,19.2432,21.944
2026-01-30,PLPC,250.94,250.8,-0.056,0.751,75.1,1.78,4.51,4.55,27.84,230.8648,286.0716,326.222
2026-01-30,PLPL,250.94,250.8,-0.056,0.751,75.1,1.78,4.51,4.55,27.84,230.8648,286.0716,326.222
2026-01-30,PLPM,250.94,250.8,-0.056,0.751,75.1,1.78,4.51,4.55,27.84,230.8648,286.0716,326.222
2026-01-30,CUBI,79.02,78.9,-0.152,0.709,70.9,1.19,3.25,1.83,27.07,72.6984,90.0828,102.726
2026-01-30,EWTLQ,28.15,28.15,0.0,0.924,92.4,0.72,5.43,5.16,32.69,25.898,32.091,36.595
2026-01-30,OSS,9.89,9.71,-1.82,0.953,95.3,0.85,12.26,1.07,36.42,9.0988,11.2746,12.857
2026-01-30,COHU,28.54,28.0,-1.892,0.74,74.0,0.71,4.21,2.25,22.73,26.2568,32.5356,37.102
2026-01-30,COLB,28.54,28.0,-1.892,0.74,74.0,0.71,4.21,2.25,22.73,26.2568,32.5356,37.102
2026-01-30,NBR,66.84,64.13,-4.054,0.803,80.3,0.75,4.47,5.69,24.7,61.4928,76.1976,86.892
2026-01-30,MBX,36.85,37.02,0.461,0.948,94.8,1.3,9.05,1.33,26.86,33.902,42.009,47.905
2026-01-30,AZTR,38.88,38.48,-1.029,0.827,82.7,1.57,3.42,0.68,22.64,35.7696,44.3232,50.544
2026-01-30,AZUL,38.88,38.48,-1.029,0.827,82.7,1.57,3.42,0.68,22.64,35.7696,44.3232,50.544
2026-01-30,NVSGF,18.92,18.9,-0.106,0.921,92.1,0.65,1.84,2.13,24.5,17.4064,21.5688,24.596
2026-01-30,GLDG,14.98,14.94,-0.267,0.853,85.3,0.67,3.89,4.21,14.81,13.7816,17.0772,19.474
2026-01-30,NWKC,4.1856,4.1856,-0.0,0.874,87.4,1.18,3.49,1.92,23.73,3.8508,4.7716,5.4413
2026-01-30,EZPW,21.45,21.38,-0.326,0.747,74.7,1.01,3.34,0.9,16.35,19.734,24.453,27.885
2026-01-30,ANAB,47.41,47.05,-0.759,0.853,85.3,0.93,6.25,1.69,23.16,43.6172,54.0474,61.633
2026-01-30,LGIH,50.11,49.79,-0.639,0.793,79.3,0.82,5.51,0.02,20.4,46.1012,57.1254,65.143
2026-01-30,AZX,124.29,126.48,1.762,0.789,78.9,1.09,2.39,3.26,19.82,114.3468,141.6906,161.577
2026-01-30,AZZ,124.29,126.48,1.762,0.789,78.9,1.09,2.39,3.26,19.82,114.3468,141.6906,161.577
2026-01-30,B,124.29,126.48,1.762,0.789,78.9,1.09,2.39,3.26,19.82,114.3468,141.6906,161.577
2026-01-30,DBGI,69.01,69.36,0.507,0.726,72.6,1.03,3.63,0.57,14.81,63.4892,78.6714,89.713
2026-01-30,MAZE,43.58,43.56,-0.046,0.851,85.1,1.23,6.71,3.76,17.27,40.0936,49.6812,56.654
2026-01-30,PFSB,21.9088,21.9088,0.0,0.781,78.1,1.59,2.64,7.66,21.75,20.1561,24.976,28.4814
2026-01-30,DCO,113.35,113.86,0.45,0.778,77.8,0.99,3.07,3.81,17.32,104.282,129.219,147.355
2026-01-30,ANDE,61.99,61.64,-0.565,0.866,86.6,0.83,2.87,7.62,17.49,57.0308,70.6686,80.587
2026-01-30,ANDG,61.99,61.64,-0.565,0.866,86.6,0.83,2.87,7.62,17.49,57.0308,70.6686,80.587
2026-01-30,ANDN1,61.99,61.64,-0.565,0.866,86.6,0.83,2.87,7.62,17.49,57.0308,70.6686,80.587
2026-01-30,ANDR,61.99,61.64,-0.565,0.866,86.6,0.83,2.87,7.62,17.49,57.0308,70.6686,80.587
2026-01-30,GILT,19.29,18.98,-1.607,0.879,87.9,1.35,5.22,12.41,18.84,17.7468,21.9906,25.077
2026-01-30,PLCM,18.77,18.89,0.639,0.844,84.4,0.94,6.12,0.72,19.55,17.2684,21.3978,24.401
2026-01-30,HG,25.9327,25.9607,0.108,0.762,76.2,0.92,2.8,3.02,11.29,23.8581,29.5633,33.7125
2026-01-30,DGTC,200.24,190.46,-4.884,0.896,89.6,1.78,4.08,3.14,15.63,184.2208,228.2736,260.312
2026-01-30,DGWIY,200.24,190.46,-4.884,0.896,89.6,1.78,4.08,3.14,15.63,184.2208,228.2736,260.312
2026-01-30,FBNK1,57.93,58.15,0.38,0.727,72.7,1.14,3.08,3.65,17.65,53.2956,66.0402,75.309
2026-01-30,BHFAL,52.14,51.8,-0.652,0.754,75.4,1.89,3.14,8.44,11.76,47.9688,59.4396,67.782
2026-01-30,LIND,16.67,16.54,-0.78,0.883,88.3,0.83,3.97,4.9,13.0,15.3364,19.0038,21.671
2026-01-30,CDO,20.55,20.37,-0.876,0.891,89.1,0.66,5.3,3.18,16.0,18.906,23.427,26.715
2026-01-30,AD,48.19,48.16,-0.062,0.721,72.1,0.84,3.39,4.0,17.55,44.3348,54.9366,62.647
2026-01-30,ORKA,34.23,34.28,0.146,0.849,84.9,0.73,6.55,7.8,17.87,31.4916,39.0222,44.499
2026-01-30,ANNSF,6.24,6.13,-1.763,0.955,95.5,0.69,7.7,3.34,16.57,5.7408,7.1136,8.112
2026-01-30,ANNX,6.24,6.13,-1.763,0.955,95.5,0.69,7.7,3.34,16.57,5.7408,7.1136,8.112
2026-01-30,ANOR,6.24,6.13,-1.763,0.955,95.5,0.69,7.7,3.34,16.57,5.7408,7.1136,8.112
2026-01-30,CMPX,6.4,6.39,-0.156,0.942,94.2,1.09,7.54,11.61,16.74,5.888,7.296,8.32
2026-01-30,BBAO,20.174,19.8847,-1.434,0.737,73.7,0.83,5.35,8.11,15.19,18.5601,22.9984,26.2263
2026-01-30,BBAR,20.174,19.8847,-1.434,0.737,73.7,0.83,5.35,8.11,15.19,18.5601,22.9984,26.2263
2026-01-30,BBAR1,20.174,19.8847,-1.434,0.737,73.7,0.83,5.35,8.11,15.19,18.5601,22.9984,26.2263
2026-01-30,ATEX,26.265,26.28,0.057,0.871,87.1,1.07,5.54,8.91,8.07,24.1638,29.9421,34.1445
2026-01-30,ARCO,8.18,8.15,-0.367,0.716,71.6,1.69,2.66,5.5,10.87,7.5256,9.3252,10.634
2026-01-30,GSL,36.9457,36.7292,-0.586,0.777,77.7,0.69,2.46,3.87,12.53,33.9901,42.1181,48.0294
2026-01-30,DAKPQ,23.15,22.83,-1.382,0.765,76.5,1.3,3.19,8.21,8.23,21.298,26.391,30.095
2026-01-30,DAKT,23.15,22.83,-1.382,0.765,76.5,1.3,3.19,8.21,8.23,21.298,26.391,30.095
2026-01-30,MRAM,12.99,12.73,-2.002,0.806,80.6,2.59,11.19,1.52,15.0,11.9508,14.8086,16.887
2026-01-30,DHC,5.81,5.82,0.172,0.854,85.4,0.61,3.5,4.94,10.55,5.3452,6.6234,7.553
2026-01-30,DHCC,5.81,5.82,0.172,0.854,85.4,0.61,3.5,4.94,10.55,5.3452,6.6234,7.553
2026-01-30,NX,18.72,18.63,-0.481,0.874,87.4,1.03,3.62,5.16,11.19,17.2224,21.3408,24.336
2026-01-30,ARVLF,13.38,13.2,-1.345,0.886,88.6,1.4,5.07,7.56,10.41,12.3096,15.2532,17.394
2026-01-30,ARVN,13.38,13.2,-1.345,0.886,88.6,1.4,5.07,7.56,10.41,12.3096,15.2532,17.394
2026-01-30,MLKIQ,19.8988,19.8889,-0.05,0.868,86.8,1.41,3.2,3.97,10.27,18.3069,22.6846,25.8684
2026-01-30,MLKN,19.8988,19.8889,-0.05,0.868,86.8,1.41,3.2,3.97,10.27,18.3069,22.6846,25.8684
2026-01-30,APEI,41.78,41.9,0.287,0.84,84.0,1.36,4.12,2.69,9.31,38.4376,47.6292,54.314
2026-01-30,APEX,41.78,41.9,0.287,0.84,84.0,1.36,4.12,2.69,9.31,38.4376,47.6292,54.314
2026-01-30,APEX1,41.78,41.9,0.287,0.84,84.0,1.36,4.12,2.69,9.31,38.4376,47.6292,54.314
2026-01-30,APFC,41.78,41.9,0.287,0.84,84.0,1.36,4.12,2.69,9.31,38.4376,47.6292,54.314
2026-01-30,APFH,41.78,41.9,0.287,0.84,84.0,1.36,4.12,2.69,9.31,38.4376,47.6292,54.314
2026-01-30,AVBP,22.49,22.27,-0.978,0.829,82.9,1.14,7.38,3.52,9.39,20.6908,25.6386,29.237
2026-01-30,AVC,22.49,22.27,-0.978,0.829,82.9,1.14,7.38,3.52,9.39,20.6908,25.6386,29.237
2026-01-30,CMCL,21.0104,20.8709,-0.664,0.858,85.8,3.89,4.2,4.78,8.41,19.3296,23.9519,27.3135
2026-01-30,CMCM,21.0104,20.8709,-0.664,0.858,85.8,3.89,4.2,4.78,8.41,19.3296,23.9519,27.3135
2026-01-30,CMCO,21.0104,20.8709,-0.664,0.858,85.8,3.89,4.2,4.78,8.41,19.3296,23.9519,27.3135
2026-01-30,CMD,21.0104,20.8709,-0.664,0.858,85.8,3.89,4.2,4.78,8.41,19.3296,23.9519,27.3135
2026-01-30,CYD,45.38,44.94,-0.97,0.775,77.5,0.97,4.95,5.86,8.0,41.7496,51.7332,58.994
2026-01-30,NEXA,12.61,12.48,-1.031,0.965,96.5,1.25,6.27,7.62,12.01,11.6012,14.3754,16.393
2026-01-30,CGEM,11.96,12.2,2.007,0.919,91.9,1.06,6.67,6.59,8.2,11.0032,13.6344,15.548
2026-01-30,PLRE,37.68,37.75,0.186,0.835,83.5,0.77,2.44,3.71,6.94,34.6656,42.9552,48.984
2026-01-30,BHPLF,33.0853,33.0853,0.0,0.779,77.9,0.92,2.48,4.54,8.36,30.4385,37.7173,43.0109
2026-01-30,AVR,5.97,5.96,-0.168,0.884,88.4,0.67,8.87,10.21,11.23,5.4924,6.8058,7.761
2026-01-30,AVNR,13.32,13.26,-0.45,0.753,75.3,0.99,3.56,7.76,7.89,12.2544,15.1848,17.316
2026-01-30,AVNS,13.32,13.26,-0.45,0.753,75.3,0.99,3.56,7.76,7.89,12.2544,15.1848,17.316
2026-01-30,IPX,49.93,49.0,-1.863,0.764,76.4,0.83,4.87,1.83,8.32,45.9356,56.9202,64.909
2026-01-30,MANE,15.1,15.13,0.199,0.894,89.4,2.67,4.3,8.16,6.03,13.892,17.214,19.63
2026-01-30,CLB,19.5292,19.0595,-2.405,0.773,77.3,1.05,3.9,2.98,6.91,17.9669,22.2633,25.388
2026-01-30,NBBK,21.72,21.79,0.322,0.793,79.3,1.71,2.71,7.12,7.08,19.9824,24.7608,28.236
2026-01-30,CFFN,7.28,7.28,0.0,0.769,76.9,0.99,2.71,6.82,7.28,6.6976,8.2992,9.464
2026-01-30,BSBR,6.92,6.92,0.0,0.741,74.1,1.01,2.28,6.2,6.74,6.3664,7.8888,8.996
2026-01-30,ASXC,16.81,16.65,-0.952,0.961,96.1,0.93,6.53,10.72,7.61,15.4652,19.1634,21.853
2026-01-30,ASYS,16.81,16.65,-0.952,0.961,96.1,0.93,6.53,10.72,7.61,15.4652,19.1634,21.853
2026-01-30,ELVA,10.83,10.74,-0.831,0.939,93.9,0.91,7.23,12.08,7.92,9.9636,12.3462,14.079
2026-01-30,ELVN,10.83,10.74,-0.831,0.939,93.9,0.91,7.23,12.08,7.92,9.9636,12.3462,14.079
2026-02-02,GOOGL,343.4482,347.0956,1.062,0.769,76.9,1.03,2.42,4.05,10674.08,315.9724,391.531,446.4827
2026-02-02,GOOG,344.9,348.515,1.048,0.772,77.2,1.09,2.4,4.28,7210.41,317.308,393.186,448.37
2026-02-02,WMT,124.06,123.65,-0.33,0.744,74.4,0.67,2.21,5.58,5743.9,114.1352,141.4284,161.278
2026-02-02,XOM,137.4836,137.722,0.173,0.752,75.2,1.33,2.03,5.87,2871.79,126.4849,156.7313,178.7287
2026-02-02,LRCX,237.5,244.89,3.112,0.898,89.8,0.93,4.72,7.52,3385.18,218.5,270.75,308.75
2026-02-02,AMAT,328.4,336.94,2.6,0.749,74.9,0.94,3.6,4.57,2579.13,302.128,374.376,426.92
2026-02-02,ASML,1439.4913,1434.1484,-0.371,0.868,86.8,0.76,3.0,7.76,3350.85,1324.332,1641.0201,1871.3387
2026-02-02,GS,946.33,949.5,0.335,0.733,73.3,0.74,2.56,0.32,2308.51,870.6236,1078.8162,1230.229
2026-02-02,JNJ,230.75,231.5,0.325,0.776,77.6,0.85,1.82,6.32,2229.45,212.29,263.055,299.975
2026-02-02,CAT,690.91,694.36,0.499,0.796,79.6,1.71,2.99,8.57,1801.44,635.6372,787.6374,898.183
2026-02-02,BE,156.13,163.16,4.503,0.737,73.7,0.73,8.38,12.17,1980.57,143.6396,177.9882,202.969
2026-02-02,ASTS,104.55,108.0,3.3,0.9,90.0,0.73,10.61,0.2,1843.21,96.186,119.187,135.915
2026-02-02,MRK,113.37,111.67,-1.5,0.854,85.4,1.38,2.4,3.69,1476.42,104.3004,129.2418,147.381
2026-02-02,ADI,315.8709,315.871,0.0,0.86,86.0,1.03,2.72,4.92,1155.56,290.6013,360.0929,410.6322
2026-02-02,COHR1,222.44,232.01,4.302,0.933,93.3,1.11,7.75,12.7,1042.58,204.6448,253.5816,289.172
2026-02-02,LMT,636.0,640.0,0.629,0.832,83.2,0.86,3.41,11.11,1462.85,585.12,725.04,826.8
2026-02-02,SLB,47.7683,47.8478,0.166,0.84,84.0,0.69,3.12,2.42,1154.96,43.9468,54.4559,62.0988
2026-02-02,PM,179.94,180.43,0.272,0.759,75.9,1.15,2.38,6.18,997.01,165.5448,205.1316,233.922
2026-02-02,TER,249.53,258.16,3.459,0.879,87.9,2.16,3.94,7.98,759.43,229.5676,284.4642,324.389
2026-02-02,CIEN,268.49,276.55,3.002,0.894,89.4,1.02,7.39,10.73,669.1,247.0108,306.0786,349.037
2026-02-02,BMY,55.89,55.55,-0.608,0.771,77.1,0.73,2.1,1.17,717.24,51.4188,63.7146,72.657
2026-02-02,RCL,334.05,333.4,-0.195,0.82,82.0,0.81,3.95,12.82,895.91,307.326,380.817,434.265
2026-02-02,MCHP,78.08,77.7,-0.487,0.832,83.2,0.92,3.56,4.17,732.74,71.8336,89.0112,101.504
2026-02-02,GM,84.27,85.47,1.424,0.794,79.4,0.74,2.59,2.2,795.48,77.5284,96.0678,109.551
2026-02-02,NOC,685.02,694.2,1.34,0.718,71.8,0.96,3.53,5.35,839.92,630.2184,780.9228,890.526
2026-02-02,MPWR,1173.22,1185.01,1.005,0.755,75.5,1.25,3.87,12.43,683.0,1079.3624,1337.4708,1525.186
2026-02-02,TGT,108.4273,108.7836,0.329,0.761,76.1,1.63,3.06,3.01,703.49,99.7531,123.6071,140.9554
2026-02-02,FITB,51.95,51.85,-0.192,0.777,77.7,1.45,2.74,4.14,802.43,47.794,59.223,67.535
2026-02-02,ICE,173.18,170.58,-1.501,0.702,70.2,1.04,2.12,1.64,579.52,159.3256,197.4252,225.134
2026-02-02,UPS,110.27,110.68,0.372,0.733,73.3,1.36,2.55,3.16,704.73,101.4484,125.7078,143.351
2026-02-02,VALE,16.14,16.74,3.717,0.848,84.8,0.65,2.79,6.75,731.63,14.8488,18.3996,20.982
2026-02-02,USB,57.36,57.5,0.244,0.782,78.2,0.87,1.95,3.64,689.81,52.7712,65.3904,74.568
2026-02-02,FDX,335.3,343.34,2.398,0.838,83.8,1.32,2.43,7.79,663.35,308.476,382.242,435.89
2026-02-02,CL,91.89,90.98,-0.99,0.734,73.4,1.43,2.02,9.89,734.88,84.5388,104.7546,119.457
2026-02-02,PH,950.229,953.493,0.343,0.771,77.1,1.24,2.03,2.27,667.65,874.2107,1083.2611,1235.2977
2026-02-02,PNC,227.63,229.28,0.725,0.785,78.5,0.74,2.11,4.0,701.46,209.4196,259.4982,295.919
2026-02-02,CCL,32.45,31.93,-1.602,0.776,77.6,1.51,3.37,7.47,653.5,29.854,36.993,42.185
2026-02-02,CMIIU,593.1359,595.9963,0.482,0.864,86.4,1.12,2.09,4.89,506.68,545.6851,676.175,771.0767
2026-02-02,CMIKA,593.1359,595.9963,0.482,0.864,86.4,1.12,2.09,4.89,506.68,545.6851,676.175,771.0767
2026-02-02,CMIN,593.1359,595.9963,0.482,0.864,86.4,1.12,2.09,4.89,506.68,545.6851,676.175,771.0767
2026-02-02,CMIV,593.1359,595.9963,0.482,0.864,86.4,1.12,2.09,4.89,506.68,545.6851,676.175,771.0767
2026-02-02,MRNA,42.55,42.65,0.235,0.939,93.9,1.07,7.62,2.2,641.48,39.146,48.507,55.315
2026-02-02,CCJ,120.21,125.53,4.426,0.775,77.5,1.11,4.71,3.59,584.76,110.5932,137.0394,156.273
2026-02-02,BKR,56.45,56.34,-0.195,0.758,75.8,0.73,3.05,7.53,583.81,51.934,64.353,73.385
2026-02-02,FIX,1176.26,1195.0,1.593,0.759,75.9,0.82,4.42,7.21,471.3,1082.1592,1340.9364,1529.138
2026-02-02,WMB,66.34,66.92,0.874,0.705,70.5,0.81,2.35,5.64,490.09,61.0328,75.6276,86.242
2026-02-02,TFC,52.66,52.82,0.304,0.747,74.7,1.16,2.16,4.32,566.45,48.4472,60.0324,68.458
2026-02-02,MNST,81.1,81.32,0.271,0.74,74.0,1.7,2.01,2.49,468.91,74.612,92.454,105.43
2026-02-02,CHSCL,197.8233,198.3216,0.252,0.821,82.1,1.33,2.55,11.93,436.23,181.9975,225.5186,257.1703
2026-02-02,EL,118.76,119.31,0.463,0.809,80.9,1.4,2.88,3.8,413.09,109.2592,135.3864,154.388
2026-02-02,HSY,198.01,196.19,-0.919,0.732,73.2,0.9,2.46,3.31,368.62,182.1692,225.7314,257.413
2026-02-02,SCCO,190.3516,202.2485,6.25,0.902,90.2,0.9,4.33,7.06,507.24,175.1234,217.0008,247.457
2026-02-02,ODFL,186.13,185.0,-0.607,0.831,83.1,1.84,3.1,7.31,371.82,171.2396,212.1882,241.969
2026-02-02,ROK,429.15,431.0,0.431,0.729,72.9,0.92,2.2,3.08,294.0,394.818,489.231,557.895
2026-02-02,EXE,106.3592,106.2001,-0.15,0.801,80.1,0.98,3.18,0.66,384.08,97.8505,121.2495,138.267
2026-02-02,RIO,92.52,95.0,2.681,0.853,85.3,1.04,1.98,5.73,448.17,85.1184,105.4728,120.276
2026-02-02,MKSI,233.3448,239.5288,2.65,0.93,93.0,2.3,4.28,12.42,362.1,214.6772,266.0131,303.3482
2026-02-02,OKE,75.32,75.58,0.345,0.712,71.2,1.07,2.77,1.42,360.41,69.2944,85.8648,97.916
2026-02-02,ROG-SW,354.5,355.0,0.141,0.858,85.8,0.85,1.86,2.83,408.51,326.14,404.13,460.85
2026-02-02,KEX,21.7843,21.8437,0.273,0.811,81.1,0.95,2.31,3.08,353.98,20.0416,24.8341,28.3196
2026-02-02,NVS,151.04,149.68,-0.9,0.735,73.5,1.03,1.5,4.13,270.68,138.9568,172.1856,196.352
2026-02-02,AMP,530.6118,527.9298,-0.505,0.701,70.1,1.16,2.55,4.99,318.37,488.1629,604.8975,689.7954
2026-02-02,CFG,64.4077,64.7851,0.586,0.974,97.4,0.92,2.43,4.76,363.9,59.2551,73.4248,83.7301
2026-02-02,KEYS,223.26,225.0,0.779,0.781,78.1,0.98,2.54,4.41,234.1,205.3992,254.5164,290.238
2026-02-02,NUE,180.96,182.75,0.989,0.791,79.1,1.19,2.91,4.28,349.8,166.4832,206.2944,235.248
2026-02-02,TEVA,35.52,35.53,0.028,0.934,93.4,1.62,3.0,9.49,416.29,32.6784,40.4928,46.176
2026-02-02,BHP,69.39,71.68,3.3,0.804,80.4,0.81,2.16,4.96,320.84,63.8388,79.1046,90.207
2026-02-02,DOV,206.8454,207.0848,0.116,0.968,96.8,1.37,2.11,1.33,275.62,190.2978,235.8037,268.899
2026-02-02,MTB,225.54,225.45,-0.04,0.789,78.9,1.15,2.22,5.14,287.34,207.4968,257.1156,293.202
2026-02-02,TRGP,198.67,199.63,0.483,0.814,81.4,1.04,2.95,6.63,259.95,182.7764,226.4838,258.271
2026-02-02,JBL,243.1436,246.6425,1.439,0.954,95.4,0.81,4.25,1.88,277.36,223.6921,277.1837,316.0866
2026-02-02,SU,52.66,53.16,0.949,0.836,83.6,1.27,2.63,6.71,277.97,48.4472,60.0324,68.458
2026-02-02,EXPD,163.55,163.89,0.208,0.951,95.1,0.92,1.8,2.2,235.53,150.466,186.447,212.615
2026-02-02,HUBB,494.2475,498.7054,0.902,0.987,98.7,1.33,2.55,3.15,251.04,454.7077,563.4421,642.5217
2026-02-02,PPG,115.7945,115.4565,-0.292,0.961,96.1,1.04,2.18,5.62,276.73,106.5309,132.0057,150.5329
2026-02-02,HII,418.9907,422.4699,0.83,0.838,83.8,0.6,3.15,3.34,263.02,385.4714,477.6494,544.6879
2026-02-02,CLF,13.85,13.99,1.011,0.818,81.8,0.75,5.27,0.97,226.7,12.742,15.789,18.005
2026-02-02,ITUB,8.7,8.94,2.759,0.809,80.9,0.64,2.13,10.16,230.02,8.004,9.918,11.31
2026-02-02,DD,44.2524,44.5811,0.743,0.703,70.3,0.73,2.35,1.88,214.63,40.7122,50.4478,57.5281
2026-02-02,CF,89.3629,89.4823,0.134,0.988,98.8,0.96,3.33,3.34,223.9,82.2139,101.8737,116.1718
2026-02-02,ARWM,73.0,74.15,1.575,0.948,94.8,0.75,5.78,9.14,211.03,67.16,83.22,94.9
2026-02-02,ARWR,73.0,74.15,1.575,0.948,94.8,0.75,5.78,9.14,211.03,67.16,83.22,94.9
2026-02-02,LH,269.6134,268.8952,-0.266,0.982,98.2,0.64,2.4,2.48,217.73,248.0443,307.3593,350.4974
2026-02-02,WSM,214.03,214.05,0.009,0.807,80.7,1.25,3.78,4.58,222.67,196.9076,243.9942,278.239
2026-02-02,TROW,106.65,106.49,-0.15,0.934,93.4,1.13,2.36,0.43,189.33,98.118,121.581,138.645
2026-02-02,CATA1,625.86,626.41,0.088,0.729,72.9,0.86,2.35,2.75,209.72,575.7912,713.4804,813.618
2026-02-02,TPL,336.2947,334.6166,-0.499,0.997,99.7,0.94,4.23,2.62,122.05,309.3911,383.376,437.1831
2026-02-02,EAXR,162.12,161.0,-0.691,0.913,91.3,1.17,4.36,1.22,204.26,149.1504,184.8168,210.756
2026-02-02,EB,162.12,161.0,-0.691,0.913,91.3,1.17,4.36,1.22,204.26,149.1504,184.8168,210.756
2026-02-02,EBBGF,162.12,161.0,-0.691,0.913,91.3,1.17,4.36,1.22,204.26,149.1504,184.8168,210.756
2026-02-02,EBBNF,162.12,161.0,-0.691,0.913,91.3,1.17,4.36,1.22,204.26,149.1504,184.8168,210.756
2026-02-02,NTR,68.69,69.18,0.713,0.807,80.7,0.84,2.86,4.22,209.52,63.1948,78.3066,89.297
2026-02-02,STE,263.5697,262.1034,-0.556,0.992,99.2,1.17,2.12,1.04,130.74,242.4841,300.4695,342.6406
2026-02-02,GAP,28.67,28.67,0.0,0.812,81.2,0.85,3.42,5.44,229.57,26.3764,32.6838,37.271
2026-02-02,JLL,353.93,353.5,-0.121,0.704,70.4,0.92,2.64,0.49,135.6,325.6156,403.4802,460.109
2026-02-02,JLMI,353.93,353.5,-0.121,0.704,70.4,0.92,2.64,0.49,135.6,325.6156,403.4802,460.109
2026-02-02,BAP,367.91,372.81,1.332,0.88,88.0,0.66,2.44,12.13,182.23,338.4772,419.4174,478.283
2026-02-02,PQUEQ,15.74,15.83,0.572,0.808,80.8,1.16,3.3,7.62,183.44,14.4808,17.9436,20.462
2026-02-02,PRA,15.74,15.83,0.572,0.808,80.8,1.16,3.3,7.62,183.44,14.4808,17.9436,20.462
2026-02-02,BWA,48.0078,48.1275,0.249,0.951,95.1,1.28,2.1,0.52,92.46,44.1672,54.7289,62.4102
2026-02-02,ASX,19.41,19.71,1.546,0.795,79.5,1.09,2.36,3.2,149.06,17.8572,22.1274,25.233
2026-02-02,IEX,198.22,197.1,-0.565,0.927,92.7,1.36,2.1,3.42,139.17,182.3624,225.9708,257.686
2026-02-02,ASA,37.97,38.15,0.474,0.736,73.6,1.12,3.46,1.16,135.15,34.9324,43.2858,49.361
2026-02-02,PRAX,309.11,311.5,0.773,0.942,94.2,0.98,6.08,2.97,188.56,284.3812,352.3854,401.843
2026-02-02,HBM,24.1,25.46,5.643,0.925,92.5,0.74,4.65,2.28,155.9,22.172,27.474,31.33
2026-02-02,NTRT,150.7747,151.3615,0.389,0.727,72.7,1.0,2.32,3.1,161.65,138.7127,171.8832,196.0071
2026-02-02,NTS,150.7747,151.3615,0.389,0.727,72.7,1.0,2.32,3.1,161.65,138.7127,171.8832,196.0071
2026-02-02,BBDA,4.0817,4.2215,3.423,0.73,73.0,0.84,2.6,9.93,165.35,3.7552,4.6532,5.3063
2026-02-02,BBDC,4.0817,4.2215,3.423,0.73,73.0,0.84,2.6,9.93,165.35,3.7552,4.6532,5.3063
2026-02-02,SAN,13.06,13.03,-0.23,0.823,82.3,0.82,1.53,5.97,48.83,12.0152,14.8884,16.978
2026-02-02,VTRS,13.68,13.71,0.219,0.831,83.1,1.17,2.58,5.74,118.61,12.5856,15.5952,17.784
2026-02-02,AMFIQ,316.309,316.909,0.19,0.79,79.0,0.89,2.66,0.49,118.87,291.0043,360.5923,411.2017
2026-02-02,CLGX,261.38,259.82,-0.597,0.785,78.5,1.01,2.21,1.89,114.08,240.4696,297.9732,339.794
2026-02-02,SNA,369.1677,369.7539,0.159,0.998,99.8,1.28,1.84,2.01,106.8,339.6343,420.8512,479.918
2026-02-02,PNW,91.7,91.52,-0.196,0.936,93.6,0.81,1.9,0.99,120.29,84.364,104.538,119.21
2026-02-02,EG,329.7016,328.668,-0.313,0.83,83.0,0.85,2.03,1.34,106.4,303.3254,375.8598,428.612
2026-02-02,CE,45.8437,45.8537,0.022,0.967,96.7,0.7,4.67,0.15,95.52,42.1762,52.2618,59.5968
2026-02-02,ZION,60.5537,60.6232,0.115,0.786,78.6,1.1,2.4,1.99,113.75,55.7094,69.0313,78.7199
2026-02-02,PRIM,152.84,156.44,2.355,0.723,72.3,0.91,3.95,7.15,110.87,140.6128,174.2376,198.692
2026-02-02,NXEN,12.14,12.68,4.448,0.873,87.3,1.26,5.34,2.05,106.15,11.1688,13.8396,15.782
2026-02-02,GRAL,103.67,105.47,1.736,0.81,81.0,0.58,8.17,1.12,87.04,95.3764,118.1838,134.771
2026-02-02,JBLU,5.27,5.47,3.795,0.813,81.3,1.75,5.78,3.89,117.66,4.8484,6.0078,6.851
2026-02-02,APG,42.21,42.67,1.09,0.718,71.8,0.7,2.86,0.69,97.67,38.8332,48.1194,54.873
2026-02-02,MLIN,139.18,124.0,-10.907,0.819,81.9,1.73,2.15,7.39,102.22,128.0456,158.6652,180.934
2026-02-02,MT,56.51,56.94,0.761,0.911,91.1,1.22,2.21,11.08,102.22,51.9892,64.4214,73.463
2026-02-02,CACB,511.43,508.98,-0.479,0.715,71.5,1.54,3.71,10.76,84.88,470.5156,583.0302,664.859
2026-02-02,CACH,511.43,508.98,-0.479,0.715,71.5,1.54,3.71,10.76,84.88,470.5156,583.0302,664.859
2026-02-02,AIZ,239.4173,238.1823,-0.516,0.965,96.5,1.14,1.95,1.47,77.22,220.2639,272.9357,311.2425
2026-02-02,FRPT,70.01,70.53,0.743,0.783,78.3,0.75,4.13,4.77,80.58,64.4092,79.8114,91.013
2026-02-02,NEB,35.6059,35.6652,0.167,0.792,79.2,0.89,3.79,9.94,70.5,32.7574,40.5907,46.2876
2026-02-02,CAKE,58.3233,58.3532,0.051,0.764,76.4,0.7,3.25,0.69,75.04,53.6575,66.4886,75.8203
2026-02-02,CAKR,58.3233,58.3532,0.051,0.764,76.4,0.7,3.25,0.69,75.04,53.6575,66.4886,75.8203
2026-02-02,GPCR,89.84,88.97,-0.968,0.968,96.8,0.7,6.17,9.98,108.17,82.6528,102.4176,116.792
2026-02-02,GVA,123.59,124.0,0.332,0.735,73.5,0.79,2.27,2.18,78.01,113.7028,140.8926,160.667
2026-02-02,CUKPF,32.0008,31.4534,-1.711,0.85,85.0,1.36,3.29,7.28,75.08,29.4408,36.481,41.6011
2026-02-02,CELC,111.34,112.99,1.482,0.909,90.9,0.85,5.74,2.26,86.29,102.4328,126.9276,144.742
2026-02-02,CELH,111.34,112.99,1.482,0.909,90.9,0.85,5.74,2.26,86.29,102.4328,126.9276,144.742
2026-02-02,COGN,37.96,37.96,0.0,0.97,97.0,0.74,5.06,1.97,91.06,34.9232,43.2744,49.348
2026-02-02,COGT,37.96,37.96,0.0,0.97,97.0,0.74,5.06,1.97,91.06,34.9232,43.2744,49.348
2026-02-02,AMTM,35.89,36.91,2.842,0.926,92.6,1.32,3.19,4.38,68.55,33.0188,40.9146,46.657
2026-02-02,HUN,11.48,11.68,1.742,0.893,89.3,1.27,4.96,0.24,58.56,10.5616,13.0872,14.924
2026-02-02,ARRT,11.14,11.21,0.628,0.886,88.6,0.7,7.6,9.18,69.16,10.2488,12.6996,14.482
2026-02-02,ARRY,11.14,11.21,0.628,0.886,88.6,0.7,7.6,9.18,69.16,10.2488,12.6996,14.482
2026-02-02,ARRY1,11.14,11.21,0.628,0.886,88.6,0.7,7.6,9.18,69.16,10.2488,12.6996,14.482
2026-02-02,ARS,11.14,11.21,0.628,0.886,88.6,0.7,7.6,9.18,69.16,10.2488,12.6996,14.482
2026-02-02,BTE,3.37,3.42,1.484,0.89,89.0,1.06,4.46,1.09,65.7,3.1004,3.8418,4.381
2026-02-02,BTSG,40.49,40.73,0.593,0.796,79.6,1.19,3.74,2.97,67.77,37.2508,46.1586,52.637
2026-02-02,NWG,18.82,19.0,0.956,0.765,76.5,1.18,1.61,6.36,53.44,17.3144,21.4548,24.466
2026-02-02,KYMR,75.62,75.16,-0.608,0.794,79.4,0.83,4.89,4.05,55.07,69.5704,86.2068,98.306
2026-02-02,HWC,69.2132,69.2231,0.014,0.747,74.7,1.1,2.57,2.75,62.1,63.6761,78.903,89.9771
2026-02-02,ERIE,281.93,279.93,-0.709,0.996,99.6,0.92,2.63,0.17,50.68,259.3756,321.4002,366.509
2026-02-02,ALH,91.06,92.72,1.823,0.917,91.7,0.92,4.07,1.55,49.66,83.7752,103.8084,118.378
2026-02-02,ALHC,91.06,92.72,1.823,0.917,91.7,0.92,4.07,1.55,49.66,83.7752,103.8084,118.378
2026-02-02,ALI,91.06,92.72,1.823,0.917,91.7,0.92,4.07,1.55,49.66,83.7752,103.8084,118.378
2026-02-02,LGIQ,47.58,47.66,0.168,0.773,77.3,0.72,5.94,0.1,59.88,43.7736,54.2412,61.854
2026-02-02,LGL,47.58,47.66,0.168,0.773,77.3,0.72,5.94,0.1,59.88,43.7736,54.2412,61.854
2026-02-02,LGL-WT,47.58,47.66,0.168,0.773,77.3,0.72,5.94,0.1,59.88,43.7736,54.2412,61.854
2026-02-02,LGN,47.58,47.66,0.168,0.773,77.3,0.72,5.94,0.1,59.88,43.7736,54.2412,61.854
2026-02-02,BANC,20.38,19.65,-3.582,0.749,74.9,0.93,3.02,0.38,46.6,18.7496,23.2332,26.494
2026-02-02,ALM,11.35,11.83,4.229,0.943,94.3,0.74,7.41,12.53,58.8,10.442,12.939,14.755
2026-02-02,TAK,17.49,17.34,-0.858,0.813,81.3,1.22,1.5,6.7,62.95,16.0908,19.9386,22.737
2026-02-02,BBVA,25.93,25.9,-0.116,0.817,81.7,0.76,1.71,5.38,46.29,23.8556,29.5602,33.709
2026-02-02,DAP,29.3786,29.4384,0.204,0.888,88.8,0.8,3.54,4.63,54.96,27.0283,33.4916,38.1921
2026-02-02,DAR,29.3786,29.4384,0.204,0.888,88.8,0.8,3.54,4.63,54.96,27.0283,33.4916,38.1921
2026-02-02,CSTM,23.7,24.06,1.519,0.898,89.8,1.34,3.62,7.55,35.41,21.804,27.018,30.81
2026-02-02,ATMP,60.7386,60.3989,-0.559,0.834,83.4,1.53,2.78,8.2,29.94,55.8795,69.242,78.9602
2026-02-02,ATMV,60.7386,60.3989,-0.559,0.835,83.5,1.53,2.78,8.2,29.94,55.8795,69.242,78.9602
2026-02-02,ATMVR,60.7386,60.3989,-0.559,0.835,83.5,1.53,2.78,8.2,29.94,55.8795,69.242,78.9602
2026-02-02,PATK,126.2848,126.1851,-0.079,0.741,74.1,0.84,3.11,2.53,42.74,116.182,143.9647,164.1702
2026-02-02,CRI,36.39,36.39,0.0,0.765,76.5,0.69,4.99,2.63,49.35,33.4788,41.4846,47.307
2026-02-02,CRIC,36.39,36.39,0.0,0.765,76.5,0.69,4.99,2.63,49.35,33.4788,41.4846,47.307
2026-02-02,PLAB,36.1,36.95,2.355,0.922,92.2,0.74,5.98,4.7,46.01,33.212,41.154,46.93
2026-02-02,BOJA,129.6847,129.7942,0.084,0.788,78.8,1.23,2.45,2.13,42.83,119.3099,147.8405,168.5901
2026-02-02,BOLD,129.6847,129.7942,0.084,0.788,78.8,1.23,2.45,2.13,42.83,119.3099,147.8405,168.5901
2026-02-02,HUBG,49.68,49.56,-0.242,0.874,87.4,0.91,2.53,5.7,27.94,45.7056,56.6352,64.584
2026-02-02,ICH1,31.13,31.87,2.377,0.952,95.2,0.66,7.78,9.86,31.41,28.6396,35.4882,40.469
2026-02-02,ICHR1,31.13,31.87,2.377,0.952,95.2,0.66,7.78,9.86,31.41,28.6396,35.4882,40.469
2026-02-02,AUB,39.2067,39.1869,-0.051,0.767,76.7,0.88,2.73,3.75,48.89,36.0702,44.6956,50.9687
2026-02-02,PAIYY,20.56,20.64,0.389,0.711,71.1,1.26,1.77,1.88,40.88,18.9152,23.4384,26.728
2026-02-02,PALDF,20.56,20.64,0.389,0.711,71.1,1.26,1.77,1.88,40.88,18.9152,23.4384,26.728
2026-02-02,OII,30.53,30.67,0.459,0.837,83.7,1.03,4.17,8.97,33.49,28.0876,34.8042,39.689
2026-02-02,OIIM,30.53,30.67,0.459,0.837,83.7,1.03,4.17,8.97,33.49,28.0876,34.8042,39.689
2026-02-02,MFG,8.84,8.94,1.131,0.833,83.3,1.37,1.74,6.24,36.18,8.1328,10.0776,11.492
2026-02-02,IP,2.61,2.62,0.383,0.883,88.3,0.88,7.82,1.89,32.96,2.4012,2.9754,3.393
2026-02-02,FULT,21.03,21.03,0.0,0.753,75.3,1.15,2.7,4.48,40.77,19.3476,23.9742,27.339
2026-02-02,AMRX,14.19,14.2,0.07,0.784,78.4,0.79,3.21,5.79,52.26,13.0548,16.1766,18.447
2026-02-02,AX,98.42,98.99,0.579,0.781,78.1,2.26,2.96,5.43,39.1,90.5464,112.1988,127.946
2026-02-02,ARCC1,99.6399,99.2403,-0.401,0.869,86.9,1.74,4.48,12.79,40.33,91.6687,113.5894,129.5318
2026-02-02,ARCE,99.6399,99.2403,-0.401,0.869,86.9,1.74,4.48,12.79,40.33,91.6687,113.5894,129.5318
2026-02-02,ARCH,99.6399,99.2403,-0.401,0.869,86.9,1.74,4.48,12.79,40.33,91.6687,113.5894,129.5318
2026-02-02,ARCHQ,99.6399,99.2403,-0.401,0.869,86.9,1.74,4.48,12.79,40.33,91.6687,113.5894,129.5318
2026-02-02,ARCIU,99.6399,99.2403,-0.401,0.869,86.9,1.74,4.48,12.79,40.33,91.6687,113.5894,129.5318
2026-02-02,ARCK,99.6399,99.2403,-0.401,0.869,86.9,1.74,4.48,12.79,40.33,91.6687,113.5894,129.5318
2026-02-02,AXGN,35.02,35.17,0.428,0.896,89.6,1.26,4.68,6.91,37.75,32.2184,39.9228,45.526
2026-02-02,BOST,4.69,4.73,0.853,0.915,91.5,1.49,4.8,7.24,24.97,4.3148,5.3466,6.097
2026-02-02,BOT,4.69,4.73,0.853,0.915,91.5,1.49,4.8,7.24,24.97,4.3148,5.3466,6.097
2026-02-02,BCO,128.67,128.13,-0.42,0.743,74.3,0.98,2.16,3.46,28.98,118.3764,146.6838,167.271
2026-02-02,AAUC,31.1,31.7,1.929,0.959,95.9,0.84,3.26,9.58,45.09,28.612,35.454,40.43
2026-02-02,AAUGF,31.1,31.7,1.929,0.959,95.9,0.84,3.26,9.58,45.09,28.612,35.454,40.43
2026-02-02,CEDCQ,68.12,69.51,2.041,0.8,80.0,1.4,3.63,3.55,17.0,62.6704,77.6568,88.556
2026-02-02,CMBT,12.98,12.85,-1.002,0.88,88.0,0.78,3.06,12.07,34.06,11.9416,14.7972,16.874
2026-02-02,CUBI,79.58,79.96,0.478,0.714,71.4,1.46,3.26,2.22,28.27,73.2136,90.7212,103.454
2026-02-02,COHU,29.35,29.99,2.181,0.816,81.6,0.72,4.3,4.27,23.54,27.002,33.459,38.155
2026-02-02,COLB,29.35,29.99,2.181,0.816,81.6,0.72,4.3,4.27,23.54,27.002,33.459,38.155
2026-02-02,NBR,66.13,67.5,2.072,0.806,80.6,0.75,4.53,3.69,24.3,60.8396,75.3882,85.969
2026-02-02,MBX,39.07,39.2,0.333,0.948,94.8,0.87,9.07,6.19,28.62,35.9444,44.5398,50.791
2026-02-02,NVSGF,19.26,19.4,0.727,0.925,92.5,0.91,1.91,3.58,24.82,17.7192,21.9564,25.038
2026-02-02,GLDG,15.12,15.13,0.066,0.706,70.6,0.78,3.96,4.5,15.12,13.9104,17.2368,19.656
2026-02-02,DIOD,60.66,60.85,0.313,0.72,72.0,1.1,3.74,6.93,19.0,55.8072,69.1524,78.858
2026-02-02,DIOMQ,60.66,60.85,0.313,0.72,72.0,1.1,3.74,6.93,19.0,55.8072,69.1524,78.858
2026-02-02,DISA,60.66,60.85,0.313,0.72,72.0,1.1,3.74,6.93,19.0,55.8072,69.1524,78.858
2026-02-02,DISK,60.66,60.85,0.313,0.72,72.0,1.1,3.74,6.93,19.0,55.8072,69.1524,78.858
2026-02-02,IRW,4.94,5.0,1.215,0.969,96.9,0.6,7.8,5.12,17.44,4.5448,5.6316,6.422
2026-02-02,IRWD,4.94,5.0,1.215,0.969,96.9,0.6,7.8,5.12,17.44,4.5448,5.6316,6.422
2026-02-02,NWKC,4.2742,4.2644,-0.23,0.876,87.6,0.85,3.56,3.31,24.51,3.9323,4.8726,5.5565
2026-02-02,EZPW,21.63,21.63,0.0,0.752,75.2,1.1,3.32,1.38,16.51,19.8996,24.6582,28.119
2026-02-02,ANAB,50.54,51.2,1.306,0.892,89.2,1.11,6.22,7.75,24.81,46.4968,57.6156,65.702
2026-02-02,KRUS,69.29,69.35,0.087,0.736,73.6,0.82,6.58,1.15,25.85,63.7468,78.9906,90.077
2026-02-02,AZX,127.71,128.57,0.673,0.802,80.2,0.94,2.38,5.31,20.54,117.4932,145.5894,166.023
2026-02-02,AZZ,127.71,128.57,0.673,0.802,80.2,0.94,2.38,5.31,20.54,117.4932,145.5894,166.023
2026-02-02,B,127.71,128.57,0.673,0.802,80.2,0.94,2.38,5.31,20.54,117.4932,145.5894,166.023
2026-02-02,DBGI,71.06,71.75,0.971,0.795,79.5,1.71,3.39,3.03,15.35,65.3752,81.0084,92.378
2026-02-02,MAZE,46.53,46.82,0.623,0.884,88.4,1.8,6.72,9.89,19.14,42.8076,53.0442,60.489
2026-02-02,PFSB,22.4629,22.4827,0.088,0.789,78.9,1.06,2.75,9.6,22.65,20.6659,25.6077,29.2018
2026-02-02,PGEN,4.83,4.88,1.035,0.78,78.0,0.66,8.55,6.99,18.23,4.4436,5.5062,6.279
2026-02-02,DCO,115.02,116.51,1.295,0.791,79.1,0.89,3.14,4.47,17.93,105.8184,131.1228,149.526
2026-02-02,ANDE,63.18,63.34,0.253,0.855,85.5,1.18,2.98,8.73,17.52,58.1256,72.0252,82.134
2026-02-02,ANDG,63.18,63.34,0.253,0.855,85.5,1.18,2.98,8.73,17.52,58.1256,72.0252,82.134
2026-02-02,ANDN1,63.18,63.34,0.253,0.855,85.5,1.18,2.98,8.73,17.52,58.1256,72.0252,82.134
2026-02-02,ANDR,63.18,63.34,0.253,0.855,85.5,1.18,2.98,8.73,17.52,58.1256,72.0252,82.134
2026-02-02,GILT,18.66,19.18,2.787,0.868,86.8,1.0,5.3,7.1,18.8,17.1672,21.2724,24.258
2026-02-02,ANPA,77.0,77.78,1.013,0.977,97.7,0.62,33.21,6.96,21.64,70.84,87.78,100.1
2026-02-02,ANPIQ,77.0,77.78,1.013,0.977,97.7,0.62,33.21,6.96,21.64,70.84,87.78,100.1
2026-02-02,ANSLY,77.0,77.78,1.013,0.977,97.7,0.62,33.21,6.96,21.64,70.84,87.78,100.1
2026-02-02,ANSS,77.0,77.78,1.013,0.977,97.7,0.62,33.21,6.96,21.64,70.84,87.78,100.1
2026-02-02,ANST,77.0,77.78,1.013,0.977,97.7,0.62,33.21,6.96,21.64,70.84,87.78,100.1
2026-02-02,PLCM,20.08,20.03,-0.249,0.877,87.7,1.2,6.05,6.88,20.8,18.4736,22.8912,26.104
2026-02-02,HLX,8.06,8.09,0.372,0.743,74.3,1.2,3.75,9.88,13.71,7.4152,9.1884,10.478
2026-02-02,BIO-B,20.1,20.24,0.697,0.971,97.1,0.68,10.08,9.02,21.52,18.492,22.914,26.13
2026-02-02,BIOA,20.1,20.24,0.697,0.971,97.1,0.68,10.08,9.02,21.52,18.492,22.914,26.13
2026-02-02,FBNK1,58.68,58.72,0.068,0.715,71.5,0.81,3.11,4.26,18.03,53.9856,66.8952,76.284
2026-02-02,BHFAL,53.88,54.1,0.408,0.79,79.0,1.35,3.27,10.9,12.46,49.5696,61.4232,70.044
2026-02-02,LIND,17.28,17.2,-0.463,0.861,86.1,1.21,4.14,7.77,14.08,15.8976,19.6992,22.464
2026-02-02,DGII,45.0,45.01,0.022,0.797,79.7,1.13,3.53,3.96,12.24,41.4,51.3,58.5
2026-02-02,CDO,20.42,20.9,2.351,0.875,87.5,0.63,5.36,2.2,15.87,18.7864,23.2788,26.546
2026-02-02,AD,48.47,48.76,0.598,0.723,72.3,0.97,3.52,4.2,18.27,44.5924,55.2558,63.011
2026-02-02,ORKA,34.3,34.6,0.875,0.784,78.4,0.93,6.28,7.01,17.89,31.556,39.102,44.59
2026-02-02,ANNSF,6.38,6.36,-0.313,0.956,95.6,0.6,7.51,4.2,16.77,5.8696,7.2732,8.294
2026-02-02,ANNX,6.38,6.36,-0.313,0.956,95.6,0.6,7.51,4.2,16.77,5.8696,7.2732,8.294
2026-02-02,ANOR,6.38,6.36,-0.313,0.956,95.6,0.6,7.51,4.2,16.77,5.8696,7.2732,8.294
2026-02-02,PLUM,86.7738,86.5844,-0.218,0.716,71.6,1.29,3.21,0.2,12.17,79.8319,98.9221,112.8059
2026-02-02,PLUR,86.7738,86.5844,-0.218,0.716,71.6,1.29,3.21,0.2,12.17,79.8319,98.9221,112.8059
2026-02-02,PLUS,86.7738,86.5844,-0.218,0.716,71.6,1.29,3.21,0.2,12.17,79.8319,98.9221,112.8059
2026-02-02,CMPX,6.52,6.59,1.074,0.932,93.2,0.9,7.45,12.38,17.36,5.9984,7.4328,8.476
2026-02-02,IAALF,30.0,30.64,2.133,0.806,80.6,4.96,5.95,9.11,11.78,27.6,34.2,39.0
2026-02-02,BBAO,19.9346,20.1042,0.851,0.707,70.7,0.74,5.37,6.25,15.14,18.3398,22.7254,25.915
2026-02-02,BBAR,19.9346,20.1042,0.851,0.707,70.7,0.74,5.37,6.25,15.14,18.3398,22.7254,25.915
2026-02-02,BBAR1,19.9346,20.1042,0.851,0.707,70.7,0.74,5.37,6.25,15.14,18.3398,22.7254,25.915
2026-02-02,ATEX,27.45,27.5,0.182,0.882,88.2,2.23,5.54,12.61,8.7,25.254,31.293,35.685
2026-02-02,MUEL,67.1901,67.1901,0.0,0.737,73.7,1.07,2.88,1.57,13.19,61.8149,76.5967,87.3471
2026-02-02,ARCO,8.24,8.25,0.121,0.73,73.0,1.72,2.7,5.63,11.74,7.5808,9.3936,10.712
2026-02-02,GSL,37.3886,37.6445,0.684,0.782,78.2,0.83,2.43,4.67,12.37,34.3975,42.623,48.6052
2026-02-02,ADTM1,9.37,9.5,1.387,0.706,70.6,0.8,4.23,1.47,11.07,8.6204,10.6818,12.181
2026-02-02,ADTN,9.37,9.5,1.387,0.706,70.6,0.8,4.23,1.47,11.07,8.6204,10.6818,12.181
2026-02-02,DAKPQ,23.56,23.62,0.255,0.741,74.1,2.51,3.37,9.18,8.82,21.6752,26.8584,30.628
2026-02-02,DAKT,23.56,23.62,0.255,0.741,74.1,2.51,3.37,9.18,8.82,21.6752,26.8584,30.628
2026-02-02,MRAM,13.24,12.79,-3.399,0.843,84.3,0.87,11.4,2.21,15.84,12.1808,15.0936,17.212
2026-02-02,DHC,5.84,5.86,0.342,0.861,86.1,0.7,3.52,4.66,10.7,5.3728,6.6576,7.592
2026-02-02,DHCC,5.84,5.86,0.342,0.861,86.1,0.7,3.52,4.66,10.7,5.3728,6.6576,7.592
2026-02-02,NX,19.01,19.04,0.158,0.89,89.0,0.71,3.63,5.71,11.21,17.4892,21.6714,24.713
2026-02-02,ARVLF,13.83,13.75,-0.578,0.891,89.1,1.02,5.15,10.13,10.67,12.7236,15.7662,17.979
2026-02-02,ARVN,13.83,13.75,-0.578,0.891,89.1,1.02,5.15,10.13,10.67,12.7236,15.7662,17.979
2026-02-02,MLKIQ,20.3051,20.206,-0.488,0.851,85.1,0.87,3.27,5.48,10.38,18.6807,23.1478,26.3966
2026-02-02,MLKN,20.3051,20.206,-0.488,0.851,85.1,0.87,3.27,5.48,10.38,18.6807,23.1478,26.3966
2026-02-02,APEI,42.3,42.23,-0.165,0.841,84.1,1.11,4.02,3.18,9.22,38.916,48.222,54.99
2026-02-02,APEX,42.3,42.23,-0.165,0.841,84.1,1.11,4.02,3.18,9.22,38.916,48.222,54.99
2026-02-02,APEX1,42.3,42.23,-0.165,0.841,84.1,1.11,4.02,3.18,9.22,38.916,48.222,54.99
2026-02-02,APFC,42.3,42.23,-0.165,0.841,84.1,1.11,4.02,3.18,9.22,38.916,48.222,54.99
2026-02-02,APFH,42.3,42.23,-0.165,0.841,84.1,1.11,4.02,3.18,9.22,38.916,48.222,54.99
2026-02-02,AVBP,22.67,22.69,0.088,0.739,73.9,1.26,7.46,3.9,9.62,20.8564,25.8438,29.471
2026-02-02,AVC,22.67,22.69,0.088,0.739,73.9,1.26,7.46,3.9,9.62,20.8564,25.8438,29.471
2026-02-02,CMCL,21.0303,21.0901,0.284,0.866,86.6,1.15,4.26,3.87,8.77,19.3479,23.9746,27.3394
2026-02-02,CMCM,21.0303,21.0901,0.284,0.866,86.6,1.15,4.26,3.87,8.77,19.3479,23.9746,27.3394
2026-02-02,CMCO,21.0303,21.0901,0.284,0.867,86.7,1.15,4.26,3.87,8.77,19.3479,23.9746,27.3394
2026-02-02,CMD,21.0303,21.0901,0.284,0.867,86.7,1.15,4.26,3.87,8.77,19.3479,23.9746,27.3394
2026-02-02,CYD,46.05,47.44,3.018,0.816,81.6,0.81,5.02,6.3,8.27,42.366,52.497,59.865
2026-02-02,CGEM,12.71,12.71,0.0,0.932,93.2,1.36,6.6,11.98,8.8,11.6932,14.4894,16.523
2026-02-02,PLRE,38.51,38.65,0.364,0.825,82.5,1.4,2.47,5.2,7.39,35.4292,43.9014,50.063
2026-02-02,AVR,6.15,6.15,0.0,0.885,88.5,0.75,8.52,12.26,11.97,5.658,7.011,7.995
2026-02-02,AVNR,13.47,13.43,-0.297,0.719,71.9,1.1,3.6,7.97,8.09,12.3924,15.3558,17.511
2026-02-02,AVNS,13.47,13.43,-0.297,0.719,71.9,1.1,3.6,7.97,8.09,12.3924,15.3558,17.511
2026-02-02,MANE,15.43,15.29,-0.907,0.885,88.5,1.39,4.08,9.55,6.41,14.1956,17.5902,20.059
2026-02-02,CLB,19.5792,19.5692,-0.051,0.768,76.8,0.9,3.78,2.53,6.86,18.0129,22.3203,25.453
2026-02-02,NBBK,22.05,22.14,0.408,0.778,77.8,1.17,2.61,8.07,7.4,20.286,25.137,28.665
2026-02-02,CFFN,7.54,7.58,0.531,0.77,77.0,1.32,2.87,9.92,7.71,6.9368,8.5956,9.802
2026-02-02,DXMMQ,1.79,1.81,1.117,0.907,90.7,0.63,15.58,8.35,6.23,1.6468,2.0406,2.327
2026-02-02,DXPE,1.79,1.81,1.117,0.907,90.7,0.63,15.58,8.35,6.23,1.6468,2.0406,2.327
2026-02-02,DXR,1.79,1.81,1.117,0.907,90.7,0.63,15.58,8.35,6.23,1.6468,2.0406,2.327
2026-02-02,DXST,1.79,1.81,1.117,0.907,90.7,0.63,15.58,8.35,6.23,1.6468,2.0406,2.327
2026-02-02,DXT,1.79,1.81,1.117,0.907,90.7,0.63,15.58,8.35,6.23,1.6468,2.0406,2.327
2026-02-03,MU,419.44,410.59,-2.11,0.939,93.9,1.14,5.51,10.88,15796.45,385.8848,478.1616,545.272
2026-02-03,GOOGL,339.471,342.7187,0.957,0.725,72.5,1.16,2.52,2.49,10657.59,312.3133,386.9969,441.3123
2026-02-03,GOOG,340.7,343.755,0.897,0.731,73.1,1.22,2.5,2.64,7222.31,313.444,388.398,442.91
2026-02-03,WMT,127.71,128.13,0.329,0.8,80.0,0.68,2.32,8.0,5992.46,117.4932,145.5894,166.023
2026-02-03,XOM,142.7783,143.1657,0.271,0.809,80.9,1.77,2.12,9.18,3035.68,131.3561,162.7673,185.6118
2026-02-03,LRCX,230.1,229.87,-0.1,0.889,88.9,0.96,4.94,3.35,3247.86,211.692,262.314,299.13
2026-02-03,AMAT,318.67,323.99,1.669,0.718,71.8,1.36,3.81,0.92,2507.47,293.1764,363.2838,414.271
2026-02-03,ASML,1394.0413,1393.9214,-0.009,0.843,84.3,0.97,3.16,3.7,3169.39,1282.518,1589.207,1812.2536
2026-02-03,XLE,51.67,51.82,0.29,0.722,72.2,1.56,1.9,6.83,2770.36,47.5364,58.9038,67.171
2026-02-03,JNJ,233.1,235.0,0.815,0.8,80.0,0.97,1.8,6.7,2250.64,214.452,265.734,303.03
2026-02-03,CVX,178.04,178.88,0.472,0.704,70.4,1.44,2.07,6.9,2273.43,163.7968,202.9656,231.452
2026-02-03,CAT,702.89,707.0,0.585,0.775,77.5,1.35,3.0,9.7,1835.49,646.6588,801.2946,913.757
2026-02-03,ASTS,115.76,114.36,-1.209,0.925,92.5,0.9,10.45,9.64,2011.99,106.4992,131.9664,150.488
2026-02-03,MRK,115.84,116.9,0.915,0.871,87.1,1.91,2.58,5.54,1566.1,106.5728,132.0576,150.592
2026-02-03,GLE1,97.87,99.59,1.757,0.781,78.1,1.15,2.36,3.16,1932.61,90.0404,111.5718,127.231
2026-02-03,ADI,310.3184,314.7644,1.433,0.836,83.6,1.47,2.77,2.49,1174.64,285.4929,353.7629,403.4139
2026-02-03,NEM,117.14,120.77,3.099,0.888,88.8,1.04,3.67,0.07,1259.49,107.7688,133.5396,152.282
2026-02-03,LMT,628.26,630.82,0.407,0.844,84.4,0.99,3.51,8.65,1455.04,577.9992,716.2164,816.738
2026-02-03,GILD,143.28,144.14,0.6,0.701,70.1,0.87,2.97,9.85,1126.04,131.8176,163.3392,186.264
2026-02-03,HON,230.91,233.52,1.13,0.704,70.4,0.86,2.05,6.57,1215.14,212.4372,263.2374,300.183
2026-02-03,SLB,49.4683,49.5578,0.181,0.865,86.5,1.19,2.99,5.39,1123.7,45.5108,56.3938,64.3088
2026-02-03,PM,177.0,179.26,1.277,0.739,73.9,1.51,2.36,3.92,982.1,162.84,201.78,230.1
2026-02-03,COP,104.91,105.47,0.534,0.741,74.1,1.03,2.81,6.07,952.77,96.5172,119.5974,136.383
2026-02-03,LOW,274.85,276.32,0.535,0.702,70.2,1.14,2.65,2.25,830.36,252.862,313.329,357.305
2026-02-03,BMY,55.99,56.57,1.036,0.752,75.2,0.87,2.07,1.08,710.1,51.5108,63.8286,72.787
2026-02-03,RCL,326.29,330.0,1.137,0.812,81.2,0.85,4.0,9.35,875.13,300.1868,371.9706,424.177
2026-02-03,MCHP,76.66,77.6,1.226,0.806,80.6,0.91,3.55,1.63,716.66,70.5272,87.3924,99.658
2026-02-03,GM,85.71,86.16,0.525,0.791,79.1,0.75,2.49,3.78,793.79,78.8532,97.7094,111.423
2026-02-03,NOC,704.98,705.75,0.109,0.78,78.0,0.77,3.52,7.65,864.43,648.5816,803.6772,916.474
2026-02-03,TGT,110.1794,111.4168,1.123,0.76,76.0,1.28,3.05,4.23,720.1,101.3651,125.6046,143.2333
2026-02-03,FITB,52.75,53.31,1.062,0.794,79.4,1.14,2.68,5.31,845.97,48.53,60.135,68.575
2026-02-03,UPS,111.85,113.0,1.028,0.757,75.7,1.19,2.63,4.16,725.82,102.902,127.509,145.405
2026-02-03,VALE,17.0,17.1,0.588,0.868,86.8,0.79,2.8,11.17,765.14,15.64,19.38,22.1
2026-02-03,USB,58.69,59.18,0.835,0.804,80.4,1.53,1.92,5.74,727.01,53.9948,66.9066,76.297
2026-02-03,FDX,353.43,356.12,0.761,0.873,87.3,1.91,2.5,12.6,740.1,325.1556,402.9102,459.459
2026-02-03,AG,22.0343,22.8241,3.584,0.955,95.5,1.02,7.46,1.18,684.04,20.2716,25.1191,28.6446
2026-02-03,CL,93.15,93.4,0.268,0.751,75.1,1.11,2.06,10.29,750.72,85.698,106.191,121.095
2026-02-03,PH,962.5361,970.1319,0.789,0.789,78.9,1.08,2.01,3.28,682.7,885.5332,1097.2912,1251.297
2026-02-03,PNC,233.82,235.0,0.505,0.814,81.4,1.2,2.05,6.35,724.26,215.1144,266.5548,303.966
2026-02-03,CCL,31.94,32.43,1.534,0.718,71.8,1.41,3.39,5.71,655.74,29.3848,36.4116,41.522
2026-02-03,DAL,70.44,70.59,0.213,0.738,73.8,1.18,3.01,1.88,598.51,64.8048,80.3016,91.572
2026-02-03,CMIIU,600.6706,603.8998,0.538,0.866,86.6,1.07,2.14,5.57,516.38,552.6169,684.7645,780.8718
2026-02-03,CMIKA,600.6706,603.8998,0.538,0.866,86.6,1.07,2.14,5.57,516.38,552.6169,684.7645,780.8718
2026-02-03,CMIN,600.6706,603.8998,0.538,0.866,86.6,1.07,2.14,5.57,516.38,552.6169,684.7645,780.8718
2026-02-03,CMIV,600.6706,603.8998,0.538,0.866,86.6,1.07,2.14,5.57,516.38,552.6169,684.7645,780.8718
2026-02-03,MRNA,42.2,42.59,0.924,0.939,93.9,0.62,7.77,0.15,634.81,38.824,48.108,54.86
2026-02-03,LHX,351.57,352.18,0.174,0.765,76.5,0.74,2.97,2.44,684.89,323.4444,400.7898,457.041
2026-02-03,CCJ,126.15,125.29,-0.682,0.838,83.8,1.09,4.71,7.5,616.39,116.058,143.811,163.995
2026-02-03,BKR,58.0,58.21,0.362,0.77,77.0,0.91,3.02,9.55,583.84,53.36,66.12,75.4
2026-02-03,FIX,1209.97,1200.0,-0.824,0.759,75.9,0.9,4.46,9.4,480.1,1113.1724,1379.3658,1572.961
2026-02-03,WMB,68.5,68.89,0.569,0.733,73.3,1.24,2.29,8.44,512.93,63.02,78.09,89.05
2026-02-03,TFC,54.03,54.51,0.888,0.779,77.9,1.45,2.12,6.66,594.31,49.7076,61.5942,70.239
2026-02-03,MNST,81.97,82.44,0.573,0.742,74.2,1.87,2.01,3.18,501.43,75.4124,93.4458,106.561
2026-02-03,CHSCL,199.0292,200.9327,0.956,0.828,82.8,1.36,2.52,11.59,456.05,183.1069,226.8933,258.738
2026-02-03,BDX,162.3428,162.8145,0.291,0.701,70.1,1.55,2.32,1.17,384.44,149.3554,185.0708,211.0456
2026-02-03,EL,116.27,116.0,-0.232,0.816,81.6,1.0,3.03,1.27,410.13,106.9684,132.5478,151.151
2026-02-03,HSY,201.47,203.14,0.829,0.726,72.6,1.08,2.53,4.53,378.56,185.3524,229.6758,261.911
2026-02-03,ROST,191.12,191.83,0.371,0.707,70.7,0.94,1.79,0.79,466.81,175.8304,217.8768,248.456
2026-02-03,DG,148.04,149.34,0.878,0.899,89.9,1.29,2.94,1.0,498.77,136.1968,168.7656,192.452
2026-02-03,KMI,30.32,30.4,0.264,0.708,70.8,1.07,2.18,7.15,487.52,27.8944,34.5648,39.416
2026-02-03,ODFL,189.77,191.45,0.885,0.853,85.3,1.52,3.01,8.59,391.62,174.5884,216.3378,246.701
2026-02-03,PCAR,127.5678,128.8844,1.032,0.721,72.1,1.24,2.41,5.59,424.51,117.3624,145.4273,165.8382
2026-02-03,ROK,430.31,432.49,0.507,0.721,72.1,1.33,2.17,3.04,296.6,395.8852,490.5534,559.403
2026-02-03,APD,277.96,279.99,0.73,0.703,70.3,1.06,2.25,5.27,440.7,255.7232,316.8744,361.348
2026-02-03,EXE,107.9108,109.512,1.484,0.818,81.8,0.63,3.06,2.04,377.34,99.2779,123.0183,140.284
2026-02-03,IR,93.72,95.0,1.366,0.728,72.8,1.88,2.83,8.12,322.26,86.2224,106.8408,121.836
2026-02-03,RIO,96.37,98.6,2.314,0.874,87.4,0.95,2.0,9.31,476.17,88.6604,109.8618,125.281
2026-02-03,MKSI,229.3586,232.036,1.167,0.924,92.4,1.22,4.46,9.1,366.0,211.01,261.4689,298.1662
2026-02-03,OKE,78.27,78.47,0.256,0.731,73.1,1.18,2.68,5.0,375.99,72.0084,89.2278,101.751
2026-02-03,ROG-SW,352.5,352.5,0.0,0.856,85.6,0.69,1.8,1.92,402.98,324.3,401.85,458.25
2026-02-03,KEX,22.121,22.1408,0.09,0.821,82.1,1.11,2.23,4.43,358.41,20.3513,25.2179,28.7573
2026-02-03,FANG,162.88,162.91,0.018,0.724,72.4,0.92,3.05,6.33,333.53,149.8496,185.6832,211.744
2026-02-03,CFG,65.51,65.85,0.519,0.973,97.3,1.19,2.37,6.13,373.23,60.2692,74.6814,85.163
2026-02-03,KEYS,227.16,227.31,0.066,0.755,75.5,1.22,2.57,5.78,243.43,208.9872,258.9624,295.308
2026-02-03,NUE,186.5,187.91,0.756,0.82,82.0,1.23,2.91,6.91,362.81,171.58,212.61,242.45
2026-02-03,TEVA,36.25,36.18,-0.193,0.898,89.8,1.85,3.16,10.84,436.43,33.35,41.325,47.125
2026-02-03,GWW,1152.8204,1154.6071,0.155,0.737,73.7,3.21,2.23,9.15,321.65,1060.5948,1314.2153,1498.6666
2026-02-03,BHP,72.74,73.48,1.017,0.829,82.9,1.09,2.18,9.24,336.69,66.9208,82.9236,94.562
2026-02-03,AU,100.74,105.26,4.487,0.905,90.5,1.09,4.54,0.37,327.41,92.6808,114.8436,130.962
2026-02-03,HUT,59.02,57.68,-2.27,0.796,79.6,1.2,8.25,0.2,305.38,54.2984,67.2828,76.726
2026-02-03,CTVA,75.04,73.09,-2.599,0.709,70.9,1.43,2.0,5.59,297.92,69.0368,85.5456,97.552
2026-02-03,DOV,211.1754,212.3727,0.567,0.972,97.2,1.34,2.08,3.22,285.71,194.2814,240.74,274.5281
2026-02-03,MTB,228.12,230.0,0.824,0.795,79.5,1.34,2.14,5.88,299.49,209.8704,260.0568,296.556
2026-02-03,TRGP,203.64,203.85,0.103,0.796,79.6,1.08,2.74,8.69,263.51,187.3488,232.1496,264.732
2026-02-03,CVE,19.95,19.97,0.1,0.739,73.9,1.03,3.25,9.38,270.0,18.354,22.743,25.935
2026-02-03,JBL,245.5528,245.033,-0.212,0.953,95.3,0.85,3.91,2.41,265.69,225.9086,279.9302,319.2187
2026-02-03,ATHXQ,128.34,129.05,0.553,0.839,83.9,3.04,3.43,4.37,224.53,118.0728,146.3076,166.842
2026-02-03,ATI,128.34,129.05,0.553,0.839,83.9,3.04,3.43,4.37,224.53,118.0728,146.3076,166.842
2026-02-03,ATI1,128.34,129.05,0.553,0.839,83.9,3.04,3.43,4.37,224.53,118.0728,146.3076,166.842
2026-02-03,SU,53.46,53.79,0.617,0.824,82.4,1.52,2.46,7.38,271.78,49.1832,60.9444,69.498
2026-02-03,EXPD,162.22,162.49,0.166,0.948,94.8,1.34,1.86,1.12,238.86,149.2424,184.9308,210.886
2026-02-03,HUBB,502.4951,503.9312,0.286,0.987,98.7,1.98,2.79,4.45,268.93,462.2955,572.8444,653.2436
2026-02-03,PPG,118.837,120.3086,1.238,0.961,96.1,1.17,2.25,7.7,290.93,109.3301,135.4742,154.4881
2026-02-03,HII,428.3016,425.1913,-0.726,0.877,87.7,0.94,3.17,4.78,269.81,394.0375,488.2639,556.7921
2026-02-03,ADM,67.39,67.12,-0.401,0.741,74.1,1.79,3.17,3.28,278.57,61.9988,76.8246,87.607
2026-02-03,TD,95.49,95.6,0.115,0.712,71.2,0.85,1.56,1.23,223.7,87.8508,108.8586,124.137
2026-02-03,ATO,167.8772,170.1744,1.368,0.944,94.4,1.4,1.62,0.74,280.06,154.447,191.38,218.2404
2026-02-03,CLF,14.25,14.53,1.965,0.855,85.5,1.03,5.33,3.49,236.44,13.11,16.245,18.525
2026-02-03,ITUB,8.79,8.65,-1.593,0.815,81.5,1.15,2.11,10.31,234.98,8.0868,10.0206,11.427
2026-02-03,BTGO,5.0007,5.1103,2.191,0.785,78.5,1.34,4.9,1.94,252.28,4.6007,5.7008,6.5009
2026-02-03,BTHS,5.0007,5.1103,2.191,0.785,78.5,1.34,4.9,1.94,252.28,4.6007,5.7008,6.5009
2026-02-03,BTIC,5.0007,5.1103,2.191,0.785,78.5,1.34,4.9,1.94,252.28,4.6007,5.7008,6.5009
2026-02-03,GH,113.05,113.05,0.0,0.719,71.9,0.83,5.01,0.82,223.73,104.006,128.877,146.965
2026-02-03,CF,92.0088,89.92,-2.27,0.989,98.9,0.75,3.38,5.66,227.74,84.6481,104.89,119.6115
2026-02-03,ARWM,72.14,71.135,-1.393,0.937,93.7,0.82,5.6,7.2,207.3,66.3688,82.2396,93.782
2026-02-03,ARWR,72.14,71.135,-1.393,0.937,93.7,0.82,5.6,7.2,207.3,66.3688,82.2396,93.782
2026-02-03,LH,271.5186,272.7954,0.47,0.983,98.3,0.62,2.32,2.83,218.4,249.7971,309.5312,352.9742
2026-02-03,WSM,216.03,218.28,1.042,0.793,79.3,1.02,3.7,4.92,222.26,198.7476,246.2742,280.839
2026-02-03,CATA1,641.37,643.53,0.337,0.752,75.2,1.11,2.36,4.63,217.58,590.0604,731.1618,833.781
2026-02-03,TPL,335.7354,334.6665,-0.318,0.997,99.7,1.23,4.22,1.85,120.55,308.8765,382.7383,436.456
2026-02-03,EAXR,163.45,164.65,0.734,0.917,91.7,1.12,4.35,1.61,209.98,150.374,186.333,212.485
2026-02-03,EB,163.45,164.65,0.734,0.917,91.7,1.12,4.35,1.61,209.98,150.374,186.333,212.485
2026-02-03,EBBGF,163.45,164.65,0.734,0.917,91.7,1.12,4.35,1.61,209.98,150.374,186.333,212.485
2026-02-03,EBBNF,163.45,164.65,0.734,0.917,91.7,1.12,4.35,1.61,209.98,150.374,186.333,212.485
2026-02-03,NTR,70.41,70.77,0.511,0.828,82.8,1.33,2.85,6.16,221.65,64.7772,80.2674,91.533
2026-02-03,GAP,28.34,28.69,1.235,0.749,74.9,0.73,3.43,3.65,222.84,26.0728,32.3076,36.842
2026-02-03,TKO,203.12,204.36,0.61,0.989,98.9,0.87,2.85,0.22,187.32,186.8704,231.5568,264.056
2026-02-03,IAG,19.56,20.11,2.812,0.924,92.4,1.3,5.11,3.74,190.6,17.9952,22.2984,25.428
2026-02-03,PQUEQ,16.14,16.37,1.425,0.849,84.9,1.17,3.09,9.49,186.98,14.8488,18.3996,20.982
2026-02-03,PRA,16.14,16.37,1.425,0.849,84.9,1.17,3.09,9.49,186.98,14.8488,18.3996,20.982
2026-02-03,GFI,52.49,54.44,3.715,0.865,86.5,1.21,5.13,2.44,208.78,48.2908,59.8386,68.237
2026-02-03,BWA,48.4266,48.8154,0.803,0.947,94.7,1.22,2.1,1.29,93.18,44.5524,55.2063,62.9545
2026-02-03,WHR,84.3869,85.4035,1.205,0.914,91.4,1.47,4.32,2.55,153.54,77.6359,96.201,109.7029
2026-02-03,ASX,19.39,19.52,0.67,0.757,75.7,1.23,2.44,2.43,149.28,17.8388,22.1046,25.207
2026-02-03,IEX,201.61,199.91,-0.843,0.927,92.7,2.56,2.11,4.6,157.63,185.4812,229.8354,262.093
2026-02-03,PRAX,310.52,311.75,0.396,0.947,94.7,0.86,6.1,2.86,190.58,285.6784,353.9928,403.676
2026-02-03,HBM,26.26,27.06,3.046,0.928,92.8,1.37,4.66,10.29,176.74,24.1592,29.9364,34.138
2026-02-03,JJCTF,23.55,23.58,0.127,0.806,80.6,1.04,3.2,1.05,158.36,21.666,26.847,30.615
2026-02-03,TAP,48.8174,49.3321,1.054,0.92,92.0,0.98,2.38,1.29,140.25,44.912,55.6518,63.4626
2026-02-03,PFFVF,95.29,95.19,-0.105,0.716,71.6,0.91,2.25,3.71,152.56,87.6668,108.6306,123.877
2026-02-03,BLD,480.56,484.98,0.92,0.716,71.6,0.96,3.65,1.04,148.34,442.1152,547.8384,624.728
2026-02-03,ASTTY,88.66,85.99,-3.012,0.945,94.5,0.82,20.81,12.37,209.85,81.5672,101.0724,115.258
2026-02-03,ASTX,88.66,85.99,-3.012,0.945,94.5,0.82,20.81,12.37,209.85,81.5672,101.0724,115.258
2026-02-03,TRP,59.42,59.66,0.404,0.706,70.6,0.89,1.97,6.67,148.4,54.6664,67.7388,77.246
2026-02-03,VTRS,13.68,13.87,1.389,0.819,81.9,1.04,2.61,5.21,117.8,12.5856,15.5952,17.784
2026-02-03,CLGX,261.49,261.73,0.092,0.801,80.1,1.03,2.23,1.59,115.55,240.5708,298.0986,339.937
2026-02-03,SNA,376.0041,378.6175,0.695,0.998,99.8,1.93,1.9,3.56,115.99,345.9238,428.6447,488.8054
2026-02-03,OUST,47.55,48.42,1.83,0.778,77.8,0.9,2.34,3.09,172.16,43.746,54.207,61.815
2026-02-03,PNW,93.63,94.36,0.78,0.936,93.6,0.72,1.95,2.74,120.92,86.1396,106.7382,121.719
2026-02-03,EG,327.7835,331.0134,0.985,0.827,82.7,1.09,2.0,0.93,104.99,301.5608,373.6732,426.1186
2026-02-03,CE,48.0125,48.7321,1.499,0.972,97.2,1.17,4.86,4.26,102.24,44.1715,54.7342,62.4162
2026-02-03,ZION,61.9139,62.3607,0.722,0.775,77.5,0.92,2.37,4.1,116.7,56.9608,70.5819,80.4881
2026-02-03,PRIM,155.03,156.75,1.109,0.72,72.0,0.78,4.07,7.8,111.55,142.6276,176.7342,201.539
2026-02-03,NXEN,12.54,12.57,0.239,0.886,88.6,1.29,5.37,4.61,110.65,11.5368,14.2956,16.302
2026-02-03,PRY-MI,103.2,102.5,-0.678,0.717,71.7,0.8,3.33,9.15,115.8,94.944,117.648,134.16
2026-02-03,TTE,74.42,74.24,-0.242,0.753,75.3,1.45,1.64,9.53,116.98,68.4664,84.8388,96.746
2026-02-03,JBLU,5.57,5.64,1.257,0.825,82.5,1.38,5.79,8.98,129.1,5.1244,6.3498,7.241
2026-02-03,MT,56.67,57.14,0.829,0.906,90.6,1.32,2.32,10.31,106.73,52.1364,64.6038,73.671
2026-02-03,MICU,153.67,155.09,0.924,0.783,78.3,0.76,2.93,1.59,110.76,141.3764,175.1838,199.771
2026-02-03,AIZ,240.2539,240.1742,-0.033,0.965,96.5,1.04,1.93,1.8,77.85,221.0336,273.8895,312.3301
2026-02-03,FRPT,69.89,69.89,0.0,0.75,75.0,1.02,4.31,3.83,81.8,64.2988,79.6746,90.857
2026-02-03,BAR,48.72,49.59,1.786,0.779,77.9,1.24,2.33,3.16,137.94,44.8224,55.5408,63.336
2026-02-03,NEB,36.1597,36.3081,0.41,0.823,82.3,1.15,3.67,10.38,71.01,33.267,41.2221,47.0077
2026-02-03,CAKE,59.5376,59.657,0.201,0.788,78.8,0.83,3.18,2.33,74.81,54.7746,67.8728,77.3988
2026-02-03,CAKR,59.5376,59.657,0.201,0.788,78.8,0.83,3.18,2.33,74.81,54.7746,67.8728,77.3988
2026-02-03,GPCR,83.78,83.97,0.227,0.97,97.0,1.19,6.13,1.26,101.57,77.0776,95.5092,108.914
2026-02-03,GVA,124.83,124.96,0.104,0.748,74.8,1.18,2.23,3.0,77.52,114.8436,142.3062,162.279
2026-02-03,L,107.3481,107.7879,0.41,0.985,98.5,0.99,1.51,3.41,77.3,98.7603,122.3768,139.5525
2026-02-03,CUKPF,31.6126,31.971,1.133,0.826,82.6,1.78,3.3,5.88,77.76,29.0836,36.0384,41.0964
2026-02-03,IMO,106.86,107.05,0.178,0.742,74.2,0.97,2.92,9.12,83.46,98.3112,121.8204,138.918
2026-02-03,CELC,111.0,110.87,-0.117,0.902,90.2,0.76,5.73,1.61,85.01,102.12,126.54,144.3
2026-02-03,CELH,111.0,110.87,-0.117,0.902,90.2,0.76,5.73,1.61,85.01,102.12,126.54,144.3
2026-02-03,AMTM,36.21,36.59,1.049,0.923,92.3,1.04,3.29,4.58,68.51,33.3132,41.2794,47.073
2026-02-03,HUN,12.98,13.11,1.002,0.93,93.0,2.0,5.29,12.12,71.14,11.9416,14.7972,16.874
2026-02-03,BFNBQ,75.1812,75.6199,0.584,0.711,71.1,1.14,3.43,3.37,81.89,69.1667,85.7066,97.7356
2026-02-03,BFNH,75.1812,75.6199,0.584,0.711,71.1,1.14,3.43,3.37,81.89,69.1667,85.7066,97.7356
2026-02-03,PAA,19.64,19.69,0.255,0.734,73.4,1.14,1.77,3.04,80.36,18.0688,22.3896,25.532
2026-02-03,AUGO,64.72,65.55,1.282,0.948,94.8,1.4,5.48,4.01,72.38,59.5424,73.7808,84.136
2026-02-03,ARRT,11.33,11.69,3.177,0.859,85.9,0.71,7.55,9.8,69.58,10.4236,12.9162,14.729
2026-02-03,ARRY,11.33,11.69,3.177,0.859,85.9,0.71,7.55,9.8,69.58,10.4236,12.9162,14.729
2026-02-03,ARRY1,11.33,11.69,3.177,0.859,85.9,0.71,7.55,9.8,69.58,10.4236,12.9162,14.729
2026-02-03,ARS,11.33,11.69,3.177,0.859,85.9,0.71,7.55,9.8,69.58,10.4236,12.9162,14.729
2026-02-03,JBS,15.97,15.9,-0.438,0.707,70.7,1.28,2.96,6.7,77.07,14.6924,18.2058,20.761
2026-02-03,BTE,3.52,3.53,0.284,0.901,90.1,1.1,4.14,5.09,67.34,3.2384,4.0128,4.576
2026-02-03,CGNX,52.56,52.49,-0.133,0.871,87.1,0.89,6.53,0.63,79.02,48.3552,59.9184,68.328
2026-02-03,NWG,19.07,19.21,0.734,0.766,76.6,1.22,1.59,7.47,56.14,17.5444,21.7398,24.791
2026-02-03,KYMR,77.22,77.53,0.401,0.822,82.2,0.91,4.91,5.9,54.9,71.0424,88.0308,100.386
2026-02-03,BVN,36.59,37.28,1.886,0.929,92.9,1.23,4.97,3.86,67.27,33.6628,41.7126,47.567
2026-02-03,ATRO,80.4,80.09,-0.386,0.93,93.0,0.88,4.75,10.89,72.47,73.968,91.656,104.52
2026-02-03,HWC,71.3966,71.8928,0.695,0.771,77.1,1.2,2.48,5.56,65.58,65.6848,81.3921,92.8155
2026-02-03,ALH,92.78,94.33,1.671,0.813,81.3,1.08,4.03,3.42,51.59,85.3576,105.7692,120.614
2026-02-03,ALHC,92.78,94.33,1.671,0.813,81.3,1.08,4.03,3.42,51.59,85.3576,105.7692,120.614
2026-02-03,ALI,92.78,94.33,1.671,0.813,81.3,1.08,4.03,3.42,51.59,85.3576,105.7692,120.614
2026-02-03,LGIQ,49.66,49.59,-0.141,0.807,80.7,0.88,6.07,3.91,59.32,45.6872,56.6124,64.558
2026-02-03,LGL,49.66,49.59,-0.141,0.807,80.7,0.88,6.07,3.91,59.32,45.6872,56.6124,64.558
2026-02-03,LGL-WT,49.66,49.59,-0.141,0.807,80.7,0.88,6.07,3.91,59.32,45.6872,56.6124,64.558
2026-02-03,LGN,49.66,49.59,-0.141,0.807,80.7,0.88,6.07,3.91,59.32,45.6872,56.6124,64.558
2026-02-03,BBVA,25.65,26.03,1.481,0.794,79.4,1.27,1.73,3.93,47.23,23.598,29.241,33.345
2026-02-03,DAP,30.0463,30.116,0.232,0.878,87.8,0.76,3.61,6.05,55.91,27.6426,34.2528,39.0602
2026-02-03,DAR,30.0463,30.116,0.232,0.878,87.8,0.76,3.61,6.05,55.91,27.6426,34.2528,39.0602
2026-02-03,NOGNQ,24.5,24.85,1.429,0.754,75.4,0.84,3.65,6.7,51.61,22.54,27.93,31.85
2026-02-03,HE,15.88,16.0,0.756,0.862,86.2,0.92,4.82,8.23,56.21,14.6096,18.1032,20.644
2026-02-03,HEAL1,15.88,16.0,0.756,0.862,86.2,0.92,4.82,8.23,56.21,14.6096,18.1032,20.644
2026-02-03,CSTM,24.56,24.7,0.57,0.915,91.5,1.83,3.68,10.2,38.21,22.5952,27.9984,31.928
2026-02-03,ATMP,60.7686,61.0483,0.46,0.829,82.9,1.37,2.8,7.5,31.02,55.9071,69.2762,78.9992
2026-02-03,ATMV,60.7686,61.0483,0.46,0.829,82.9,1.37,2.8,7.5,31.02,55.9071,69.2762,78.9992
2026-02-03,ATMVR,60.7686,61.0483,0.46,0.829,82.9,1.37,2.8,7.5,31.02,55.9071,69.2762,78.9992
2026-02-03,PATK,131.5367,132.9219,1.053,0.784,78.4,1.24,3.19,5.9,46.3,121.0138,149.9518,170.9977
2026-02-03,PLAB,35.19,35.2,0.028,0.904,90.4,1.13,6.28,1.79,45.04,32.3748,40.1166,45.747
2026-02-03,BOJA,131.3667,132.3222,0.727,0.777,77.7,1.65,2.19,3.01,44.92,120.8574,149.7581,170.7767
2026-02-03,BOLD,131.3667,132.3222,0.727,0.777,77.7,1.65,2.19,3.01,44.92,120.8574,149.7581,170.7767
2026-02-03,HUBG,50.55,50.96,0.811,0.883,88.3,1.04,2.47,6.83,27.28,46.506,57.627,65.715
2026-02-03,ICH1,30.38,30.33,-0.165,0.942,94.2,0.6,7.94,5.45,30.52,27.9496,34.6332,39.494
2026-02-03,ICHR1,30.38,30.33,-0.165,0.942,94.2,0.6,7.94,5.45,30.52,27.9496,34.6332,39.494
2026-02-03,AUB,40.148,40.6236,1.185,0.791,79.1,1.12,2.69,5.64,51.24,36.9361,45.7687,52.1924
2026-02-03,PAIYY,21.11,21.18,0.332,0.761,76.1,1.39,1.73,4.2,42.97,19.4212,24.0654,27.443
2026-02-03,PALDF,21.11,21.18,0.332,0.761,76.1,1.39,1.73,4.2,42.97,19.4212,24.0654,27.443
2026-02-03,CRCL,54.24,54.62,0.701,0.71,71.0,0.84,3.59,10.99,51.7,49.9008,61.8336,70.512
2026-02-03,OII,31.4,31.36,-0.127,0.854,85.4,0.94,4.16,11.03,33.37,28.888,35.796,40.82
2026-02-03,OIIM,31.4,31.36,-0.127,0.854,85.4,0.94,4.16,11.03,33.37,28.888,35.796,40.82
2026-02-03,MFG,8.89,9.26,4.162,0.841,84.1,0.88,1.79,6.04,36.56,8.1788,10.1346,11.557
2026-02-03,IP,2.64,2.65,0.379,0.892,89.2,0.8,7.87,2.68,32.8,2.4288,3.0096,3.432
2026-02-03,FULT,21.59,21.65,0.278,0.776,77.6,1.22,2.7,6.81,42.91,19.8628,24.6126,28.067
2026-02-03,AMRX,14.25,14.4,1.053,0.751,75.1,0.72,3.16,5.63,53.16,13.11,16.245,18.525
2026-02-03,NBAK,7.5,7.45,-0.667,0.771,77.1,1.32,11.11,11.45,52.65,6.9,8.55,9.75
2026-02-03,CGAU,17.51,17.93,2.399,0.907,90.7,1.29,4.43,2.04,42.02,16.1092,19.9614,22.763
2026-02-03,AX,97.78,98.56,0.798,0.745,74.5,1.28,2.96,4.28,39.04,89.9576,111.4692,127.114
2026-02-03,AVNT1,37.4,37.88,1.283,0.74,74.0,0.84,3.11,5.09,35.62,34.408,42.636,48.62
2026-02-03,ARIS,19.44,20.23,4.064,0.951,95.1,1.02,5.4,4.25,37.93,17.8848,22.1616,25.272
2026-02-03,ARMO,19.44,20.23,4.064,0.951,95.1,1.02,5.4,4.25,37.93,17.8848,22.1616,25.272
2026-02-03,AXGN,35.21,34.98,-0.653,0.903,90.3,1.01,4.72,6.92,38.87,32.3932,40.1394,45.773
2026-02-03,BOST,4.91,4.9,-0.204,0.922,92.2,1.34,4.56,11.09,26.15,4.5172,5.5974,6.383
2026-02-03,BOT,4.91,4.9,-0.204,0.922,92.2,1.34,4.56,11.09,26.15,4.5172,5.5974,6.383
2026-02-03,CAPR,24.88,24.78,-0.402,0.984,98.4,1.0,5.92,3.37,31.04,22.8896,28.3632,32.344
2026-02-03,CPS,25.22,25.26,0.159,0.705,70.5,1.43,3.35,6.88,31.91,23.2024,28.7508,32.786
2026-02-03,DFTX,17.9,17.6,-1.676,0.912,91.2,0.88,7.39,11.99,40.15,16.468,20.406,23.27
2026-02-03,CEDCQ,70.86,71.36,0.706,0.812,81.2,0.95,3.54,7.0,17.27,65.1912,80.7804,92.118
2026-02-03,CMBT,12.76,12.51,-1.959,0.876,87.6,1.0,3.09,8.69,34.16,11.7392,14.5464,16.588
2026-02-03,MNMD,17.9,17.6,-1.676,0.912,91.2,0.88,7.39,11.99,40.15,16.468,20.406,23.27
2026-02-03,PLPC,269.98,272.57,0.959,0.81,81.0,1.27,4.44,10.35,29.48,248.3816,307.7772,350.974
2026-02-03,PLPL,269.98,272.57,0.959,0.81,81.0,1.27,4.44,10.35,29.48,248.3816,307.7772,350.974
2026-02-03,PLPM,269.98,272.57,0.959,0.81,81.0,1.27,4.44,10.35,29.48,248.3816,307.7772,350.974
2026-02-03,J36-SI,75.9,75.85,-0.066,0.749,74.9,1.44,2.35,2.56,31.67,69.828,86.526,98.67
2026-02-03,EWTLQ,29.65,29.73,0.27,0.931,93.1,0.9,5.54,8.49,33.91,27.278,33.801,38.545
2026-02-03,COHU,29.77,30.2,1.444,0.773,77.3,1.52,4.49,4.89,24.74,27.3884,33.9378,38.701
2026-02-03,COLB,29.77,30.2,1.444,0.773,77.3,1.52,4.49,4.89,24.74,27.3884,33.9378,38.701
2026-02-03,NBR,69.08,69.31,0.333,0.841,84.1,1.16,4.41,7.4,24.6,63.5536,78.7512,89.804
2026-02-03,MBX,39.22,39.82,1.53,0.934,93.4,3.29,8.89,5.18,32.63,36.0824,44.7108,50.986
2026-02-03,NVSGF,19.19,19.25,0.313,0.916,91.6,0.92,1.93,2.91,24.78,17.6548,21.8766,24.947
2026-02-03,GLDG,15.46,15.58,0.776,0.764,76.4,0.59,3.98,6.2,15.46,14.2232,17.6244,20.098
2026-02-03,IRW,4.79,4.8,0.209,0.964,96.4,0.79,7.58,1.71,14.25,4.4068,5.4606,6.227
2026-02-03,IRWD,4.79,4.8,0.209,0.964,96.4,0.79,7.58,1.71,14.25,4.4068,5.4606,6.227
2026-02-03,NWKC,4.3333,4.3333,0.0,0.874,87.4,1.03,3.62,3.91,24.66,3.9867,4.94,5.6333
2026-02-03,GET,1.51,1.5,-0.662,0.872,87.2,1.12,6.49,10.22,19.15,1.3892,1.7214,1.963
2026-02-03,GETI,1.51,1.5,-0.662,0.872,87.2,1.12,6.49,10.22,19.15,1.3892,1.7214,1.963
2026-02-03,EZPW,22.09,22.15,0.272,0.76,76.0,1.21,3.3,3.08,16.63,20.3228,25.1826,28.717
2026-02-03,ANAB,51.21,50.86,-0.683,0.884,88.4,0.61,6.27,8.26,24.69,47.1132,58.3794,66.573
2026-02-03,CONC1,22.81,22.87,0.263,0.727,72.7,1.35,3.19,7.33,23.45,20.9852,26.0034,29.653
2026-02-03,CONR,22.81,22.87,0.263,0.727,72.7,1.35,3.19,7.33,23.45,20.9852,26.0034,29.653
2026-02-03,GCTK,42.04,42.14,0.238,0.906,90.6,1.21,5.49,2.28,23.43,38.6768,47.9256,54.652
2026-02-03,KRUS,71.8,72.27,0.655,0.753,75.3,0.68,6.35,3.69,26.15,66.056,81.852,93.34
2026-02-03,AZX,127.58,127.27,-0.243,0.769,76.9,1.27,2.44,4.49,21.02,117.3736,145.4412,165.854
2026-02-03,AZZ,127.58,127.27,-0.243,0.769,76.9,1.27,2.44,4.49,21.02,117.3736,145.4412,165.854
2026-02-03,B,127.58,127.27,-0.243,0.769,76.9,1.27,2.44,4.49,21.02,117.3736,145.4412,165.854
2026-02-03,MAZE,47.97,48.22,0.521,0.919,91.9,1.73,6.57,12.06,20.78,44.1324,54.6858,62.361
2026-02-03,PFSB,22.74,22.9973,1.131,0.799,79.9,1.05,2.75,10.2,22.78,20.9208,25.9236,29.562
2026-02-03,PGEN,4.8,4.79,-0.208,0.737,73.7,0.71,8.55,5.6,17.92,4.416,5.472,6.24
2026-02-03,DCO,121.42,120.5,-0.758,0.831,83.1,1.47,3.23,9.23,19.63,111.7064,138.4188,157.846
2026-02-03,ANDE,65.23,65.0,-0.353,0.85,85.0,1.04,3.04,11.07,18.04,60.0116,74.3622,84.799
2026-02-03,ANDG,65.23,65.0,-0.353,0.85,85.0,1.04,3.04,11.07,18.04,60.0116,74.3622,84.799
2026-02-03,ANDN1,65.23,65.0,-0.353,0.85,85.0,1.04,3.04,11.07,18.04,60.0116,74.3622,84.799
2026-02-03,ANDR,65.23,65.0,-0.353,0.85,85.0,1.04,3.04,11.07,18.04,60.0116,74.3622,84.799
2026-02-03,GILT,19.66,19.98,1.628,0.9,90.0,0.9,5.2,11.14,19.75,18.0872,22.4124,25.558
2026-02-03,PLCM,19.43,19.76,1.698,0.858,85.8,0.73,6.14,2.72,19.66,17.8756,22.1502,25.259
2026-02-03,FBNK1,59.54,60.0,0.773,0.705,70.5,0.7,3.04,5.08,18.4,54.7768,67.8756,77.402
2026-02-03,LIND,17.45,17.73,1.605,0.875,87.5,1.16,4.06,7.86,14.77,16.054,19.893,22.685
2026-02-03,DGII,44.9,45.72,1.826,0.776,77.6,1.06,3.55,3.64,12.39,41.308,51.186,58.37
2026-02-03,BJGP,43.84,44.29,1.026,0.758,75.8,0.87,3.49,0.88,14.44,40.3328,49.9776,56.992
2026-02-03,BJRI,43.84,44.29,1.026,0.758,75.8,0.87,3.49,0.88,14.44,40.3328,49.9776,56.992
2026-02-03,CDO,20.63,20.56,-0.339,0.788,78.8,0.79,5.37,3.04,16.12,18.9796,23.5182,26.819
2026-02-03,AD,48.92,49.1,0.368,0.782,78.2,0.66,3.54,4.75,18.63,45.0064,55.7688,63.596
2026-02-03,ORKA,34.55,34.82,0.781,0.802,80.2,0.79,6.03,6.51,17.2,31.786,39.387,44.915
2026-02-03,ANNSF,6.48,6.42,-0.926,0.959,95.9,0.59,7.08,4.75,15.74,5.9616,7.3872,8.424
2026-02-03,ANNX,6.48,6.42,-0.926,0.959,95.9,0.59,7.08,4.75,15.74,5.9616,7.3872,8.424
2026-02-03,ANOR,6.48,6.42,-0.926,0.959,95.9,0.59,7.08,4.75,15.74,5.9616,7.3872,8.424
2026-02-03,CMPX,6.42,6.65,3.583,0.928,92.8,0.91,7.43,9.3,17.37,5.9064,7.3188,8.346
2026-02-03,IAALF,30.89,31.19,0.971,0.809,80.9,2.9,5.99,11.08,13.85,28.4188,35.2146,40.157
2026-02-03,ATEX,26.55,26.67,0.452,0.879,87.9,1.18,5.7,8.05,8.56,24.426,30.267,34.515
2026-02-03,MUEL,68.8374,69.3965,0.812,0.754,75.4,0.71,2.92,3.52,13.5,63.3304,78.4746,89.4886
2026-02-03,ARCO,8.41,8.5,1.07,0.722,72.2,2.86,2.63,7.33,12.79,7.7372,9.5874,10.933
2026-02-03,GSL,36.7981,36.5914,-0.562,0.73,73.0,0.99,2.55,2.62,12.05,33.8542,41.9498,47.8375
2026-02-03,DAKPQ,24.26,24.45,0.783,0.764,76.4,1.81,3.38,11.4,9.4,22.3192,27.6564,31.538
2026-02-03,DAKT,24.26,24.45,0.783,0.764,76.4,1.81,3.38,11.4,9.4,22.3192,27.6564,31.538
2026-02-03,ISSI,20.33,20.38,0.246,0.962,96.2,0.64,7.04,0.48,11.77,18.7036,23.1762,26.429
2026-02-03,ISSX,20.33,20.38,0.246,0.962,96.2,0.64,7.04,0.48,11.77,18.7036,23.1762,26.429
2026-02-03,NX,19.38,19.68,1.548,0.891,89.1,1.13,3.62,6.69,11.51,17.8296,22.0932,25.194
2026-02-03,ALLR,1.74,1.75,0.575,0.915,91.5,1.14,9.17,7.11,12.28,1.6008,1.9836,2.262
2026-02-03,ARVLF,13.65,13.68,0.22,0.885,88.5,0.83,5.12,7.64,10.5,12.558,15.561,17.745
2026-02-03,ARVN,13.65,13.68,0.22,0.885,88.5,0.83,5.12,7.64,10.5,12.558,15.561,17.745
2026-02-03,MLKIQ,20.6024,20.8402,1.154,0.861,86.1,1.34,3.36,6.37,10.66,18.9542,23.4867,26.7831
2026-02-03,MLKN,20.6024,20.8402,1.154,0.861,86.1,1.34,3.36,6.37,10.66,18.9542,23.4867,26.7831
2026-02-03,APEI,41.59,41.84,0.601,0.834,83.4,0.97,3.9,1.02,8.83,38.2628,47.4126,54.067
2026-02-03,APEX,41.59,41.84,0.601,0.834,83.4,0.97,3.9,1.02,8.83,38.2628,47.4126,54.067
2026-02-03,APEX1,41.59,41.84,0.601,0.834,83.4,0.97,3.9,1.02,8.83,38.2628,47.4126,54.067
2026-02-03,APFC,41.59,41.84,0.601,0.834,83.4,0.97,3.9,1.02,8.83,38.2628,47.4126,54.067
2026-02-03,APFH,41.59,41.84,0.601,0.834,83.4,0.97,3.9,1.02,8.83,38.2628,47.4126,54.067
2026-02-03,AVBP,22.635,21.65,-4.352,0.772,77.2,2.92,7.44,3.01,10.39,20.8242,25.8039,29.4255
2026-02-03,AVC,22.635,21.65,-4.352,0.772,77.2,2.92,7.44,3.01,10.39,20.8242,25.8039,29.4255
2026-02-03,CMCL,21.0004,21.2596,1.234,0.846,84.6,0.83,4.13,3.02,8.77,19.3204,23.9405,27.3006
2026-02-03,CMCM,21.0004,21.2596,1.234,0.846,84.6,0.83,4.13,3.02,8.77,19.3204,23.9405,27.3006
2026-02-03,CMCO,21.0004,21.2596,1.234,0.846,84.6,0.83,4.13,3.02,8.77,19.3204,23.9405,27.3006
2026-02-03,CMD,21.0004,21.2596,1.234,0.846,84.6,0.83,4.13,3.02,8.77,19.3204,23.9405,27.3006
2026-02-03,CYD,48.36,48.75,0.806,0.822,82.2,0.81,5.27,10.23,8.81,44.4912,55.1304,62.868
2026-02-03,NEXA,13.23,13.5,2.041,0.966,96.6,0.75,6.42,9.19,12.35,12.1716,15.0822,17.199
2026-02-03,ALNT,64.01,64.9,1.39,0.73,73.0,1.02,4.36,4.86,9.21,58.8892,72.9714,83.213
2026-02-03,PLRE,39.02,39.5,1.23,0.795,79.5,1.48,2.43,5.82,7.76,35.8984,44.4828,50.726
2026-02-03,BHPLF,34.5644,33.3675,-3.463,0.824,82.4,1.72,2.99,7.73,9.54,31.7993,39.4035,44.9338
2026-02-03,OCS,28.15,28.16,0.036,0.891,89.1,0.84,5.24,10.69,9.26,25.898,32.091,36.595
2026-02-03,MLAAU,87.3834,88.9209,1.759,0.709,70.9,2.1,4.44,4.26,8.34,80.3928,99.6171,113.5985
2026-02-03,MLAB,87.3834,88.9209,1.759,0.709,70.9,2.1,4.44,4.26,8.34,80.3928,99.6171,113.5985
2026-02-03,AVNR,13.42,13.63,1.565,0.797,79.7,0.94,3.67,6.67,7.87,12.3464,15.2988,17.446
2026-02-03,AVNS,13.42,13.63,1.565,0.797,79.7,0.94,3.67,6.67,7.87,12.3464,15.2988,17.446
2026-02-03,IPX,50.085,48.605,-2.955,0.831,83.1,1.2,4.77,0.46,8.67,46.0782,57.0969,65.1105
2026-02-03,BCAT,17.01,17.17,0.941,0.735,73.5,0.83,6.07,0.19,7.59,15.6492,19.3914,22.113
2026-02-03,BCAX,17.01,17.17,0.941,0.735,73.5,0.83,6.07,0.19,7.59,15.6492,19.3914,22.113
2026-02-03,BCBP,17.01,17.17,0.941,0.735,73.5,0.83,6.07,0.19,7.59,15.6492,19.3914,22.113
2026-02-03,MANE,15.38,15.5,0.78,0.886,88.6,0.72,3.99,8.2,6.3,14.1496,17.5332,19.994
2026-02-03,CLB,19.6292,19.7791,0.764,0.793,79.3,0.99,3.66,2.38,6.51,18.0588,22.3773,25.5179
2026-02-03,NBBK,21.91,22.07,0.73,0.734,73.4,1.31,2.65,6.87,7.49,20.1572,24.9774,28.483
2026-02-03,CFFN,7.54,7.63,1.194,0.755,75.5,1.33,3.01,9.25,7.93,6.9368,8.5956,9.802
2026-02-03,HTLD,11.08,11.19,0.993,0.888,88.8,2.88,3.6,6.13,6.23,10.1936,12.6312,14.404
2026-02-03,ASXC,17.6,17.96,2.045,0.967,96.7,0.97,6.9,12.57,8.28,16.192,20.064,22.88
2026-02-03,ASYS,17.6,17.96,2.045,0.967,96.7,0.97,6.9,12.57,8.28,16.192,20.064,22.88
2026-02-03,MBVA,34.05,34.24,0.558,0.756,75.6,1.39,3.76,3.99,5.95,31.326,38.817,44.265
2026-02-03,ELVA,11.12,11.18,0.54,0.952,95.2,1.45,7.52,11.65,8.17,10.2304,12.6768,14.456
2026-02-03,ELVN,11.12,11.18,0.54,0.952,95.2,1.45,7.52,11.65,8.17,10.2304,12.6768,14.456
2026-02-04,INTC,48.6,47.59,-2.078,0.71,71.0,0.85,6.2,2.98,7386.4,44.712,55.404,63.18
2026-02-04,WMT,128.0,128.58,0.453,0.783,78.3,0.58,2.29,7.62,6053.5,117.76,145.92,166.4
2026-02-04,XOM,146.6128,145.6095,-0.684,0.811,81.1,1.36,2.05,11.0,3161.91,134.8837,167.1385,190.5966
2026-02-04,XLE,52.83,52.26,-1.079,0.721,72.1,1.45,1.84,8.42,2855.23,48.6036,60.2262,68.679
2026-02-04,JNJ,234.47,235.0,0.226,0.784,78.4,0.89,1.8,6.6,2270.12,215.7124,267.2958,304.811
2026-02-04,CVX,181.23,179.64,-0.877,0.707,70.7,1.29,1.88,8.01,2274.34,166.7316,206.6022,235.599
2026-02-04,CAT,691.82,681.54,-1.486,0.729,72.9,2.52,3.2,7.38,1960.16,636.4744,788.6748,899.366
2026-02-04,TXN,222.92,221.65,-0.57,0.763,76.3,1.55,2.87,11.87,2097.1,205.0864,254.1288,289.796
2026-02-04,MRK,118.33,118.31,-0.017,0.863,86.3,1.58,2.63,7.34,1644.0,108.8636,134.8962,153.829
2026-02-04,GLE1,97.72,95.66,-2.108,0.759,75.9,0.97,2.51,2.53,1992.1,89.9024,111.4008,127.036
2026-02-04,ADI,319.4398,315.3526,-1.279,0.859,85.9,1.66,2.7,5.03,1206.73,293.8846,364.1614,415.2717
2026-02-04,COHR1,211.0,179.11,-15.114,0.831,83.1,2.57,8.08,5.31,1098.88,194.12,240.54,274.3
2026-02-04,LMT,602.76,602.73,-0.005,0.808,80.8,1.15,3.6,3.52,1391.22,554.5392,687.1464,783.588
2026-02-04,HON,235.35,233.73,-0.688,0.722,72.2,1.11,1.99,7.86,1261.32,216.522,268.299,305.955
2026-02-04,SLB,51.049,50.0846,-1.889,0.875,87.5,1.06,3.02,7.88,1146.31,46.965,58.1958,66.3637
2026-02-04,CMCSA,30.5,30.53,0.098,0.718,71.8,1.05,2.87,5.92,1189.08,28.06,34.77,39.65
2026-02-04,DE,567.26,563.83,-0.605,0.704,70.4,2.16,2.64,9.78,841.12,521.8792,646.6764,737.438
2026-02-04,PM,180.39,182.5,1.17,0.725,72.5,1.42,2.28,5.13,1026.52,165.9588,205.6446,234.507
2026-02-04,CIEN,253.5,242.64,-4.284,0.779,77.9,2.15,7.15,3.59,658.26,233.22,288.99,329.55
2026-02-04,COP,107.59,106.95,-0.595,0.79,79.0,1.13,2.77,8.21,984.32,98.9828,122.6526,139.867
2026-02-04,LOW,275.85,275.64,-0.076,0.706,70.6,0.92,2.61,2.05,836.15,253.782,314.469,358.605
2026-02-04,BMY,57.62,58.91,2.239,0.769,76.9,1.69,2.05,3.73,745.25,53.0104,65.6868,74.906
2026-02-04,RCL,328.65,327.51,-0.347,0.811,81.1,0.63,3.91,9.57,873.76,302.358,374.661,427.245
2026-02-04,MCHP,78.23,77.15,-1.381,0.839,83.9,1.59,3.43,3.48,715.79,71.9716,89.1822,101.699
2026-02-04,GM,86.29,85.15,-1.321,0.777,77.7,0.95,2.53,4.23,802.9,79.3868,98.3706,112.177
2026-02-04,NOC,689.75,680.25,-1.377,0.724,72.4,1.37,3.65,4.69,871.07,634.57,786.315,896.675
2026-02-04,TGT,112.9809,112.9809,0.0,0.808,80.8,1.48,3.01,6.39,750.37,103.9425,128.7983,146.8752
2026-02-04,FITB,54.09,53.85,-0.444,0.801,80.1,1.34,2.78,7.53,904.75,49.7628,61.6626,70.317
2026-02-04,CMG,39.93,39.9,-0.075,0.816,81.6,2.16,3.13,0.57,747.35,36.7356,45.5202,51.909
2026-02-04,UPS,116.74,116.0,-0.634,0.791,79.1,1.69,2.65,8.13,783.44,107.4008,133.0836,151.762
2026-02-04,VALE,17.03,16.68,-2.055,0.864,86.4,1.12,2.76,10.33,756.41,15.6676,19.4142,22.139
2026-02-04,USB,59.42,59.1,-0.539,0.799,79.9,1.44,1.96,6.74,763.23,54.6664,67.7388,77.246
2026-02-04,REGN,774.1288,776.8955,0.357,0.708,70.8,1.02,2.96,1.83,721.44,712.1985,882.5068,1006.3674
2026-02-04,AG,22.4242,20.7847,-7.312,0.957,95.7,1.07,7.42,2.1,705.09,20.6303,25.5636,29.1515
2026-02-04,CL,94.37,95.01,0.678,0.745,74.5,1.24,2.11,10.58,768.61,86.8204,107.5818,122.681
2026-02-04,PNC,237.25,236.34,-0.384,0.817,81.7,1.2,2.04,7.4,752.98,218.27,270.465,308.425
2026-02-04,CCL,32.09,31.84,-0.779,0.729,72.9,1.16,3.38,6.24,659.7,29.5228,36.5826,41.717
2026-02-04,DAL,70.86,70.41,-0.635,0.74,74.0,1.15,3.12,2.59,609.85,65.1912,80.7804,92.118
2026-02-04,CMIIU,603.6008,562.6783,-6.78,0.821,82.1,1.62,2.25,5.54,533.99,555.3127,688.1049,784.681
2026-02-04,CMIKA,603.6008,562.6783,-6.78,0.821,82.1,1.62,2.25,5.54,533.99,555.3127,688.1049,784.681
2026-02-04,CMIN,603.6008,562.6783,-6.78,0.821,82.1,1.62,2.25,5.54,533.99,555.3127,688.1049,784.681
2026-02-04,CMIV,603.6008,562.6783,-6.78,0.821,82.1,1.62,2.25,5.54,533.99,555.3127,688.1049,784.681
2026-02-04,EMRAF,156.7178,154.0181,-1.723,0.713,71.3,2.77,2.24,6.25,548.46,144.1804,178.6583,203.7331
2026-02-04,EMRI,156.7178,154.0181,-1.723,0.713,71.3,2.77,2.24,6.25,548.46,144.1804,178.6583,203.7331
2026-02-04,MRNA,42.77,42.03,-1.73,0.938,93.8,0.59,7.43,0.65,617.3,39.3484,48.7578,55.601
2026-02-04,BKR,59.17,58.29,-1.487,0.772,77.2,1.05,3.01,10.73,604.64,54.4364,67.4538,76.921
2026-02-04,TFC,55.11,54.75,-0.653,0.789,78.9,1.12,2.14,8.37,619.79,50.7012,62.8254,71.643
2026-02-04,MNST,81.44,82.25,0.995,0.743,74.3,1.74,2.1,2.15,526.15,74.9248,92.8416,105.872
2026-02-04,CHSCL,198.0625,197.056,-0.508,0.846,84.6,1.21,2.67,10.09,470.29,182.2175,225.7913,257.4813
2026-02-04,EL,119.61,104.75,-12.424,0.856,85.6,1.41,3.08,3.68,437.41,110.0412,136.3554,155.493
2026-02-04,HSY,205.79,218.85,6.346,0.756,75.6,1.71,2.54,6.04,402.8,189.3268,234.6006,267.527
2026-02-04,DG,149.25,148.56,-0.462,0.909,90.9,0.87,2.86,1.66,480.21,137.31,170.145,194.025
2026-02-04,SCCO,193.4813,189.4433,-2.087,0.884,88.4,1.7,5.02,5.97,565.32,178.0028,220.5687,251.5257
2026-02-04,PCAR,128.4456,127.7673,-0.528,0.715,71.5,1.84,2.31,5.81,425.1,118.1699,146.4279,166.9792
2026-02-04,EXE,108.597,108.3185,-0.256,0.847,84.7,0.65,3.11,2.51,377.82,99.9093,123.8006,141.1761
2026-02-04,IR,97.41,96.66,-0.77,0.776,77.6,3.39,2.94,11.48,387.97,89.6172,111.0474,126.633
2026-02-04,RIO,96.48,92.94,-3.669,0.865,86.5,0.99,2.08,8.74,479.41,88.7616,109.9872,125.424
2026-02-04,MKSI,219.7879,216.561,-1.468,0.872,87.2,1.42,4.82,3.64,365.16,202.2048,250.5582,285.7242
2026-02-04,OKE,80.34,80.3,-0.05,0.711,71.1,1.12,2.64,7.02,389.0,73.9128,91.5876,104.442
2026-02-04,ROG-SW,360.6,355.1,-1.525,0.854,85.4,1.06,1.86,3.92,411.74,331.752,411.084,468.78
2026-02-04,PBR,15.14,15.07,-0.462,0.764,76.4,0.83,2.62,11.0,448.32,13.9288,17.2596,19.682
2026-02-04,CNQ,38.53,38.01,-1.35,0.736,73.6,1.33,2.66,9.74,375.48,35.4476,43.9242,50.089
2026-02-04,KEX,22.4279,22.2794,-0.662,0.814,81.4,1.28,2.24,5.62,367.67,20.6337,25.5679,29.1563
2026-02-04,FANG,168.99,165.94,-1.805,0.723,72.3,1.28,3.09,9.44,352.63,155.4708,192.6486,219.687
2026-02-04,AMP,543.8926,543.3941,-0.092,0.701,70.1,1.69,2.55,7.01,348.54,500.3812,620.0375,707.0604
2026-02-04,CFG,66.6,66.0,-0.901,0.978,97.8,1.17,2.38,7.47,387.64,61.272,75.924,86.58
2026-02-04,WPM,140.23,135.34,-3.487,0.889,88.9,1.02,4.33,1.94,399.23,129.0116,159.8622,182.299
2026-02-04,LEN,115.27,115.93,0.573,0.991,99.1,1.04,3.77,1.21,403.41,106.0484,131.4078,149.851
2026-02-04,KEYS,221.6,218.94,-1.2,0.705,70.5,1.65,2.74,3.0,246.66,203.872,252.624,288.08
2026-02-04,NUE,189.95,186.5,-1.816,0.826,82.6,1.21,2.91,8.25,374.74,174.754,216.543,246.935
2026-02-04,TEVA,34.96,34.9,-0.172,0.879,87.9,1.02,3.19,6.43,408.53,32.1632,39.8544,45.448
2026-02-04,GWW,1192.6752,1192.745,0.006,0.779,77.9,2.06,2.32,12.04,355.66,1097.2612,1359.6497,1550.4777
2026-02-04,BHP,72.22,69.52,-3.739,0.809,80.9,1.04,2.25,7.86,337.08,66.4424,82.3308,93.886
2026-02-04,AU,100.87,97.1,-3.737,0.9,90.0,1.24,4.81,0.14,331.9,92.8004,114.9918,131.131
2026-02-04,DOV,219.5163,218.9376,-0.264,0.977,97.7,1.55,2.14,6.86,305.19,201.955,250.2486,285.3712
2026-02-04,MTB,232.26,231.72,-0.232,0.797,79.7,1.26,2.18,7.28,314.06,213.6792,264.7764,301.938
2026-02-04,TRGP,204.44,203.16,-0.626,0.723,72.3,1.07,2.7,8.32,267.76,188.0848,233.0616,265.772
2026-02-04,CVE,20.28,19.92,-1.775,0.72,72.0,1.24,3.12,9.97,273.72,18.6576,23.1192,26.364
2026-02-04,ATHXQ,127.5,125.89,-1.263,0.832,83.2,2.24,3.45,3.4,236.41,117.3,145.35,165.75
2026-02-04,ATI,127.5,125.89,-1.263,0.832,83.2,2.24,3.45,3.4,236.41,117.3,145.35,165.75
2026-02-04,ATI1,127.5,125.89,-1.263,0.832,83.2,2.24,3.45,3.4,236.41,117.3,145.35,165.75
2026-02-04,SU,53.14,52.35,-1.487,0.788,78.8,1.68,2.6,5.9,276.38,48.8888,60.5796,69.082
2026-02-04,EXPD,164.92,164.16,-0.461,0.955,95.5,1.21,1.85,2.57,249.59,151.7264,188.0088,214.396
2026-02-04,LII,534.53,529.41,-0.958,0.995,99.5,1.44,3.18,4.21,286.37,491.7676,609.3642,694.889
2026-02-04,HUBB,485.8403,485.8403,0.0,0.987,98.7,2.11,2.97,0.89,277.96,446.9731,553.858,631.5924
2026-02-04,PPG,125.2303,125.28,0.04,0.966,96.6,1.34,2.39,12.46,317.12,115.2119,142.7625,162.7994
2026-02-04,HII,411.853,353.5053,-14.167,0.852,85.2,1.51,3.32,0.2,270.05,378.9048,469.5125,535.4089
2026-02-04,ADM,67.34,67.56,0.327,0.704,70.4,1.41,3.11,2.67,284.93,61.9528,76.7676,87.542
2026-02-04,ATO,170.8805,172.6507,1.036,0.949,94.9,1.06,1.74,2.41,292.95,157.2101,194.8038,222.1447
2026-02-04,CLF,14.53,14.05,-3.304,0.882,88.2,0.94,5.53,5.05,243.07,13.3676,16.5642,18.889
2026-02-04,CDW,137.387,137.0388,-0.253,0.995,99.5,1.77,2.91,6.72,235.95,126.3961,156.6212,178.6031
2026-02-04,ITUB,8.49,8.59,1.178,0.752,75.2,1.44,2.23,5.85,233.5,7.8108,9.6786,11.037
2026-02-04,BTGO,5.0306,4.8214,-4.158,0.836,83.6,1.31,4.93,2.01,256.57,4.6282,5.7349,6.5398
2026-02-04,BTHS,5.0306,4.8214,-4.158,0.836,83.6,1.31,4.93,2.01,256.57,4.6282,5.7349,6.5398
2026-02-04,BTIC,5.0306,4.8214,-4.158,0.836,83.6,1.31,4.93,2.01,256.57,4.6282,5.7349,6.5398
2026-02-04,DD,47.6388,46.9117,-1.526,0.742,74.2,1.54,2.36,8.72,234.16,43.8277,54.3083,61.9305
2026-02-04,POOL,258.8763,258.9857,0.042,0.988,98.8,1.66,2.57,0.58,209.88,238.1662,295.119,336.5392
2026-02-04,CF,94.1971,94.4955,0.317,0.99,99.0,1.06,3.53,7.23,236.58,86.6614,107.3847,122.4563
2026-02-04,ARWM,68.06,67.0,-1.557,0.934,93.4,0.85,5.46,1.34,175.2,62.6152,77.5884,88.478
2026-02-04,ARWR,68.06,67.0,-1.557,0.934,93.4,0.85,5.46,1.34,175.2,62.6152,77.5884,88.478
2026-02-04,LH,275.4687,276.2767,0.293,0.984,98.4,0.84,2.26,4.02,221.76,253.4312,314.0343,358.1093
2026-02-04,WSM,215.83,215.34,-0.227,0.794,79.4,0.96,3.7,4.33,217.15,198.5636,246.0462,280.579
2026-02-04,CATA1,647.76,648.83,0.165,0.757,75.7,1.45,2.45,4.96,228.83,595.9392,738.4464,842.088
2026-02-04,TPL,346.0735,346.0136,-0.017,0.997,99.7,1.08,4.2,4.16,124.17,318.3876,394.5238,449.8955
2026-02-04,EAXR,162.06,162.8,0.457,0.913,91.3,1.39,4.31,0.56,214.51,149.0952,184.7484,210.678
2026-02-04,EB,162.06,162.8,0.457,0.913,91.3,1.39,4.31,0.56,214.51,149.0952,184.7484,210.678
2026-02-04,EBBGF,162.06,162.8,0.457,0.913,91.3,1.39,4.31,0.56,214.51,149.0952,184.7484,210.678
2026-02-04,EBBNF,162.06,162.8,0.457,0.913,91.3,1.39,4.31,0.56,214.51,149.0952,184.7484,210.678
2026-02-04,NTR,71.5,70.6,-1.259,0.805,80.5,1.41,2.87,6.93,228.46,65.78,81.51,92.95
2026-02-04,STE,263.5996,239.5807,-9.112,0.997,99.7,1.66,2.07,0.87,135.17,242.5116,300.5036,342.6795
2026-02-04,GAP,29.01,28.81,-0.689,0.8,80.0,0.79,3.31,5.69,219.88,26.6892,33.0714,37.713
2026-02-04,BAP,363.63,358.9,-1.301,0.87,87.0,0.77,2.61,8.34,191.0,334.5396,414.5382,472.719
2026-02-04,TKO,206.53,206.46,-0.034,0.99,99.0,1.01,2.91,1.81,189.1,190.0076,235.4442,268.489
2026-02-04,IAG,19.2,18.34,-4.479,0.918,91.8,1.16,5.36,1.2,191.93,17.664,21.888,24.96
2026-02-04,PQUEQ,16.61,16.39,-1.325,0.82,82.0,1.15,3.05,11.54,192.45,15.2812,18.9354,21.593
2026-02-04,PRA,16.61,16.39,-1.325,0.82,82.0,1.15,3.05,11.54,192.45,15.2812,18.9354,21.593
2026-02-04,GFI,52.54,50.5,-3.883,0.864,86.4,1.07,5.4,2.01,212.83,48.3368,59.8956,68.302
2026-02-04,BWA,50.3409,50.0617,-0.555,0.951,95.1,1.76,2.17,5.01,98.86,46.3136,57.3886,65.4432
2026-02-04,WHR,86.5484,85.3739,-1.357,0.91,91.0,1.0,4.26,4.64,160.35,79.6245,98.6651,112.5129
2026-02-04,OCAI,131.8739,131.6257,-0.188,0.796,79.6,1.23,3.48,8.51,190.86,121.324,150.3362,171.436
2026-02-04,IEX,212.25,212.23,-0.009,0.937,93.7,2.72,2.35,9.3,183.82,195.27,241.965,275.925
2026-02-04,WYNN,113.9614,113.263,-0.613,0.999,99.9,1.66,2.68,0.27,145.19,104.8445,129.916,148.1499
2026-02-04,ANF,105.56,104.54,-0.966,0.901,90.1,0.79,4.69,1.31,201.45,97.1152,120.3384,137.228
2026-02-04,HBM,25.55,24.4,-4.501,0.92,92.0,1.22,4.98,6.39,176.56,23.506,29.127,33.215
2026-02-04,KMX,47.26,46.7,-1.185,0.95,95.0,1.1,4.28,2.26,172.19,43.4792,53.8764,61.438
2026-02-04,JJCTF,23.44,23.28,-0.683,0.847,84.7,1.24,3.19,0.15,159.57,21.5648,26.7216,30.472
2026-02-04,TAP,50.7871,51.2226,0.858,0.933,93.3,1.29,2.5,4.82,144.47,46.7241,57.8973,66.0232
2026-02-04,BLD,499.83,498.36,-0.294,0.749,74.9,1.23,3.72,4.49,159.43,459.8436,569.8062,649.779
2026-02-04,ESS,252.57,250.01,-1.014,0.994,99.4,1.32,2.15,0.13,149.41,232.3644,287.9298,328.341
2026-02-04,SAN,12.43,12.33,-0.805,0.721,72.1,5.89,2.11,0.59,111.67,11.4356,14.1702,16.159
2026-02-04,PBSC,14.25,14.24,-0.07,0.748,74.8,0.97,2.35,11.11,171.73,13.11,16.245,18.525
2026-02-04,VTRS,14.36,14.27,-0.627,0.881,88.1,1.68,2.72,9.61,126.74,13.2112,16.3704,18.668
2026-02-04,CLGX,260.95,261.5,0.211,0.793,79.3,1.06,2.2,1.06,115.88,240.074,297.483,339.235
2026-02-04,MAA,135.05,133.78,-0.94,0.962,96.2,1.32,2.07,0.5,130.82,124.246,153.957,175.565
2026-02-04,CCK,115.24,113.5,-1.51,0.71,71.0,1.5,2.29,9.84,138.15,106.0208,131.3736,149.812
2026-02-04,SNA,380.4856,386.4973,1.58,0.998,99.8,1.83,1.87,4.43,123.89,350.0467,433.7536,494.6313
2026-02-04,OUST,47.53,46.49,-2.188,0.76,76.0,0.72,2.48,2.57,176.03,43.7276,54.1842,61.789
2026-02-04,PNW,94.0,94.67,0.713,0.939,93.9,0.81,1.93,2.83,121.7,86.48,107.16,122.2
2026-02-04,EG,331.3513,332.0767,0.219,0.819,81.9,1.91,2.04,2.01,110.11,304.8432,377.7405,430.7567
2026-02-04,ZION,63.3536,63.3436,-0.016,0.809,80.9,1.5,2.45,6.27,124.15,58.2853,72.2231,82.3596
2026-02-04,SEDG,35.04,33.795,-3.553,0.954,95.4,2.72,6.91,5.0,96.38,32.2368,39.9456,45.552
2026-02-04,TTE,74.86,72.99,-2.498,0.739,73.9,1.54,1.58,9.26,121.79,68.8712,85.3404,97.318
2026-02-04,MT,55.98,56.31,0.589,0.895,89.5,1.31,2.31,8.06,105.4,51.5016,63.8172,72.774
2026-02-04,MICU,158.13,157.0,-0.715,0.824,82.4,0.99,2.82,4.49,114.78,145.4796,180.2682,205.569
2026-02-04,CACB,507.26,499.75,-1.481,0.73,73.0,1.83,3.89,8.94,91.74,466.6792,578.2764,659.438
2026-02-04,CACH,507.26,499.75,-1.481,0.73,73.0,1.83,3.89,8.94,91.74,466.6792,578.2764,659.438
2026-02-04,MHI1,130.41,130.0,-0.314,0.731,73.1,1.43,3.31,8.24,99.54,119.9772,148.6674,169.533
2026-02-04,AIZ,240.3336,240.4332,0.041,0.967,96.7,1.19,1.87,1.72,76.83,221.1069,273.9803,312.4336
2026-02-04,LYG,6.16,5.83,-5.357,0.799,79.9,2.62,1.56,8.48,55.51,5.6672,7.0224,8.008
2026-02-04,ACNAQ,56.51,53.52,-5.291,0.943,94.3,1.36,6.46,5.66,89.25,51.9892,64.4214,73.463
2026-02-04,ACNB,56.51,53.52,-5.291,0.943,94.3,1.36,6.46,5.66,89.25,51.9892,64.4214,73.463
2026-02-04,FRPT,69.2,69.49,0.419,0.753,75.3,1.32,4.39,2.28,83.21,63.664,78.888,89.96
2026-02-04,BAR,48.67,47.605,-2.188,0.759,75.9,0.62,2.48,2.58,140.76,44.7764,55.4838,63.271
2026-02-04,FRT,103.6,103.34,-0.251,0.955,95.5,1.18,1.68,1.82,85.5,95.312,118.104,134.68
2026-02-04,CAKE,61.5281,61.6376,0.178,0.83,83.0,1.53,3.18,5.27,76.94,56.6059,70.1421,79.9866
2026-02-04,CAKR,61.5281,61.6376,0.178,0.83,83.0,1.53,3.18,5.27,76.94,56.6059,70.1421,79.9866
2026-02-04,GVA,123.0,122.45,-0.447,0.758,75.8,0.88,2.24,1.39,76.02,113.16,140.22,159.9
2026-02-04,CHRD1,101.15,99.36,-1.77,0.712,71.2,1.14,3.12,6.35,79.38,93.058,115.311,131.495
2026-02-04,CHRI1,101.15,99.36,-1.77,0.712,71.2,1.14,3.12,6.35,79.38,93.058,115.311,131.495
2026-02-04,L,109.3669,109.7067,0.311,0.986,98.6,1.57,1.51,5.14,80.48,100.6176,124.6783,142.177
2026-02-04,OLOXF,25.2398,24.8032,-1.73,0.845,84.5,1.52,6.19,9.85,95.76,23.2206,28.7733,32.8117
2026-02-04,CUKPF,31.7122,31.3638,-1.099,0.841,84.1,1.68,3.29,6.24,81.15,29.1752,36.1519,41.2258
2026-02-04,IMO,110.71,109.38,-1.201,0.737,73.7,1.54,3.01,11.73,85.08,101.8532,126.2094,143.923
2026-02-04,AMTM,36.45,35.75,-1.92,0.925,92.5,1.16,3.4,4.53,68.69,33.534,41.553,47.385
2026-02-04,BFNBQ,76.278,76.5373,0.34,0.715,71.5,0.85,3.31,5.15,82.25,70.1758,86.957,99.1614
2026-02-04,BFNH,76.278,76.5373,0.34,0.715,71.5,0.85,3.31,5.15,82.25,70.1758,86.957,99.1614
2026-02-04,PAA,19.8,19.62,-0.909,0.719,71.9,0.89,1.75,3.41,81.03,18.216,22.572,25.74
2026-02-04,AUGO,63.42,60.315,-4.896,0.951,95.1,0.72,5.65,1.1,70.49,58.3464,72.2988,82.446
2026-02-04,PLXT,196.28,196.28,0.0,0.856,85.6,1.85,4.52,9.61,74.36,180.5776,223.7592,255.164
2026-02-04,BTE,3.53,3.44,-2.55,0.894,89.4,1.15,4.07,4.73,67.51,3.2476,4.0242,4.589
2026-02-04,MUFG,18.55,18.3,-1.348,0.746,74.6,1.11,1.52,3.46,65.24,17.066,21.147,24.115
2026-02-04,NWG,18.95,17.98,-5.119,0.701,70.1,1.56,1.62,6.45,58.03,17.434,21.603,24.635
2026-02-04,KYMR,77.7,76.77,-1.197,0.795,79.5,1.19,4.76,6.25,54.59,71.484,88.578,101.01
2026-02-04,BVN,36.55,34.55,-5.472,0.927,92.7,0.81,5.12,2.81,65.1,33.626,41.667,47.515
2026-02-04,XRAY,12.54,12.53,-0.08,0.985,98.5,1.09,3.81,0.64,51.87,11.5368,14.2956,16.302
2026-02-04,ATRO,74.37,72.88,-2.004,0.912,91.2,1.17,5.15,1.53,67.03,68.4204,84.7818,96.681
2026-02-04,HWC,73.1036,72.8356,-0.367,0.797,79.7,1.34,2.51,7.54,70.02,67.2553,83.3381,95.0346
2026-02-04,ERIE,286.38,285.55,-0.29,0.996,99.6,1.39,2.67,1.73,53.55,263.4696,326.4732,372.294
2026-02-04,ALH,99.86,102.28,2.423,0.884,88.4,2.11,4.16,10.9,60.04,91.8712,113.8404,129.818
2026-02-04,ALHC,99.86,102.28,2.423,0.884,88.4,2.11,4.16,10.9,60.04,91.8712,113.8404,129.818
2026-02-04,ALI,99.86,102.28,2.423,0.884,88.4,2.11,4.16,10.9,60.04,91.8712,113.8404,129.818
2026-02-04,BBVA,25.67,23.88,-6.973,0.76,76.0,1.07,1.75,3.54,47.06,23.6164,29.2638,33.371
2026-02-04,DAP,30.2057,30.0363,-0.561,0.873,87.3,0.82,3.56,5.79,56.38,27.7893,34.4345,39.2674
2026-02-04,DAR,30.2057,30.0363,-0.561,0.873,87.3,0.82,3.56,5.79,56.38,27.7893,34.4345,39.2674
2026-02-04,NOGNQ,25.31,24.75,-2.213,0.783,78.3,0.96,3.68,9.21,52.4,23.2852,28.8534,32.903
2026-02-04,HE,16.47,16.27,-1.214,0.874,87.4,0.99,4.59,11.21,55.95,15.1524,18.7758,21.411
2026-02-04,HEAL1,16.47,16.27,-1.214,0.874,87.4,0.99,4.59,11.21,55.95,15.1524,18.7758,21.411
2026-02-04,MODG,14.69,14.56,-0.885,0.916,91.6,0.92,3.91,0.47,45.52,13.5148,16.7466,19.097
2026-02-04,CSTM,24.3,23.9,-1.646,0.911,91.1,1.23,3.83,7.96,36.92,22.356,27.702,31.59
2026-02-04,ATMP,61.1383,60.5288,-0.997,0.825,82.5,1.57,2.73,7.49,32.28,56.2472,69.6976,79.4797
2026-02-04,ATMV,61.1383,60.5288,-0.997,0.824,82.4,1.57,2.73,7.49,32.28,56.2472,69.6976,79.4797
2026-02-04,ATMVR,61.1383,60.5288,-0.997,0.824,82.4,1.57,2.73,7.49,32.28,56.2472,69.6976,79.4797
2026-02-04,PATK,134.2474,136.2305,1.477,0.81,81.0,1.48,3.19,7.14,48.8,123.5076,153.042,174.5216
2026-02-04,CRI,38.46,37.73,-1.898,0.765,76.5,0.82,5.02,7.42,50.07,35.3832,43.8444,49.998
2026-02-04,CRIC,38.46,37.73,-1.898,0.765,76.5,0.82,5.02,7.42,50.07,35.3832,43.8444,49.998
2026-02-04,BOJA,133.9743,133.9345,-0.03,0.794,79.4,1.53,2.16,4.55,47.15,123.2564,152.7307,174.1666
2026-02-04,BOLD,133.9743,133.9345,-0.03,0.794,79.4,1.53,2.16,4.55,47.15,123.2564,152.7307,174.1666
2026-02-04,HUBG,52.53,52.53,0.0,0.904,90.4,1.73,2.48,10.17,28.74,48.3276,59.8842,68.289
2026-02-04,ASH,64.1397,63.7423,-0.619,0.807,80.7,1.6,3.22,3.37,43.67,59.0085,73.1192,83.3816
2026-02-04,AUB,40.8019,41.1388,0.826,0.806,80.6,0.75,2.66,6.76,51.7,37.5378,46.5142,53.0425
2026-02-04,PAIYY,21.1,20.93,-0.806,0.735,73.5,1.4,1.71,3.67,43.17,19.412,24.054,27.43
2026-02-04,PALDF,21.1,20.93,-0.806,0.735,73.5,1.4,1.71,3.67,43.17,19.412,24.054,27.43
2026-02-04,OII,30.97,30.35,-2.002,0.857,85.7,1.17,4.21,8.67,33.48,28.4924,35.3058,40.261
2026-02-04,OIIM,30.97,30.35,-2.002,0.857,85.7,1.17,4.21,8.67,33.48,28.4924,35.3058,40.261
2026-02-04,MFG,9.29,9.14,-1.615,0.86,86.0,1.41,1.77,9.81,39.72,8.5468,10.5906,12.077
2026-02-04,FULT,22.06,21.98,-0.363,0.802,80.2,1.26,2.75,8.58,44.88,20.2952,25.1484,28.678
2026-02-04,AMRX,14.43,14.39,-0.277,0.757,75.7,0.63,3.05,6.4,54.45,13.2756,16.4502,18.759
2026-02-04,CGAU,17.48,16.75,-4.176,0.907,90.7,0.92,4.58,1.24,42.88,16.0816,19.9272,22.724
2026-02-04,BLTE,182.79,181.52,-0.695,0.922,92.2,0.83,5.9,11.55,47.33,168.1668,208.3806,237.627
2026-02-04,IMNM,26.41,26.16,-0.947,0.931,93.1,0.82,6.4,11.49,54.85,24.2972,30.1074,34.333
2026-02-04,AX,99.17,99.26,0.091,0.763,76.3,1.11,2.96,5.28,39.49,91.2364,113.0538,128.921
2026-02-04,AVNT1,39.22,38.96,-0.663,0.819,81.9,1.0,3.11,9.25,37.43,36.0824,44.7108,50.986
2026-02-04,ARIS,19.75,18.69,-5.367,0.956,95.6,0.94,5.57,4.97,39.2,18.17,22.515,25.675
2026-02-04,ARMO,19.75,18.69,-5.367,0.956,95.6,0.94,5.57,4.97,39.2,18.17,22.515,25.675
2026-02-04,AXGN,34.22,33.97,-0.731,0.876,87.6,0.92,4.71,3.42,38.1,31.4824,39.0108,44.486
2026-02-04,CAPR,24.5,24.14,-1.469,0.983,98.3,0.63,5.8,2.14,30.06,22.54,27.93,31.85
2026-02-04,DFTX,17.03,16.69,-1.996,0.898,89.8,0.9,7.43,5.39,37.86,15.6676,19.4142,22.139
2026-02-04,CEDCQ,68.85,68.38,-0.683,0.803,80.3,1.67,3.65,3.22,17.12,63.342,78.489,89.505
2026-02-04,CMBT,12.23,12.11,-0.981,0.828,82.8,0.82,3.07,3.11,32.4,11.2516,13.9422,15.899
2026-02-04,MNMD,17.03,16.69,-1.996,0.898,89.8,0.9,7.43,5.39,37.86,15.6676,19.4142,22.139
2026-02-04,PLPC,260.51,257.92,-0.994,0.775,77.5,1.88,4.68,5.87,29.8,239.6692,296.9814,338.663
2026-02-04,PLPL,260.51,257.92,-0.994,0.775,77.5,1.88,4.68,5.87,29.8,239.6692,296.9814,338.663
2026-02-04,PLPM,260.51,257.92,-0.994,0.775,77.5,1.88,4.68,5.87,29.8,239.6692,296.9814,338.663
2026-02-04,J36-SI,76.63,76.33,-0.391,0.743,74.3,1.08,2.33,3.2,32.28,70.4996,87.3582,99.619
2026-02-04,EWTLQ,28.47,28.2,-0.948,0.924,92.4,0.81,5.65,3.13,32.38,26.1924,32.4558,37.011
2026-02-04,COHU,28.69,28.77,0.279,0.75,75.0,1.3,4.78,0.79,22.78,26.3948,32.7066,37.297
2026-02-04,COLB,28.69,28.77,0.279,0.75,75.0,1.3,4.78,0.79,22.78,26.3948,32.7066,37.297
2026-02-04,NBR,68.64,66.64,-2.914,0.838,83.8,0.94,4.44,6.07,23.9,63.1488,78.2496,89.232
2026-02-04,ADNT,24.26,25.0,3.05,0.798,79.8,1.64,4.89,12.33,32.78,22.3192,27.6564,31.538
2026-02-04,BW,9.27,8.73,-5.825,0.942,94.2,1.23,11.39,3.25,33.72,8.5284,10.5678,12.051
2026-02-04,MBX,38.37,37.43,-2.45,0.907,90.7,0.89,8.94,1.58,32.42,35.3004,43.7418,49.881
2026-02-04,NVSGF,19.04,18.95,-0.473,0.909,90.9,0.64,1.95,1.88,24.4,17.5168,21.7056,24.752
2026-02-04,GLDG,14.98,14.76,-1.469,0.745,74.5,0.73,4.11,2.34,14.88,13.7816,17.0772,19.474
2026-02-04,CASC2,91.57,81.14,-11.39,0.85,85.0,1.31,2.79,12.78,26.32,84.2444,104.3898,119.041
2026-02-04,NWKC,4.5106,4.5303,0.437,0.899,89.9,1.27,3.59,7.31,25.6,4.1498,5.1421,5.8638
2026-02-04,ALT,5.13,5.09,-0.78,0.814,81.4,0.64,9.13,6.27,28.32,4.7196,5.8482,6.669
2026-02-04,GET,1.47,1.46,-0.68,0.852,85.2,0.92,6.58,6.72,19.12,1.3524,1.6758,1.911
2026-02-04,GETI,1.47,1.46,-0.68,0.852,85.2,0.92,6.58,6.72,19.12,1.3524,1.6758,1.911
2026-02-04,EZPW,21.96,23.38,6.466,0.764,76.4,1.22,3.02,2.36,15.9,20.2032,25.0344,28.548
2026-02-04,ANAB,48.38,47.91,-0.971,0.789,78.9,1.0,6.39,1.8,23.37,44.5096,55.1532,62.894
2026-02-04,CONC1,22.95,23.24,1.264,0.747,74.7,2.42,3.24,7.26,25.04,21.114,26.163,29.835
2026-02-04,CONR,22.95,23.24,1.264,0.747,74.7,2.42,3.24,7.26,25.04,21.114,26.163,29.835
2026-02-04,KRUS,76.79,76.35,-0.573,0.869,86.9,1.1,6.37,9.48,27.84,70.6468,87.5406,99.827
2026-02-04,LGIH,58.45,58.09,-0.616,0.788,78.8,1.21,5.81,12.82,23.65,53.774,66.633,75.985
2026-02-04,AZX,126.54,126.63,0.071,0.786,78.6,0.86,2.52,2.96,20.81,116.4168,144.2556,164.502
2026-02-04,AZZ,126.54,126.63,0.071,0.786,78.6,0.86,2.52,2.96,20.81,116.4168,144.2556,164.502
2026-02-04,B,126.54,126.63,0.071,0.786,78.6,0.86,2.52,2.96,20.81,116.4168,144.2556,164.502
2026-02-04,DRVN,16.89,16.86,-0.178,0.703,70.3,1.64,3.82,7.54,15.79,15.5388,19.2546,21.957
2026-02-04,DRWIQ,16.89,16.86,-0.178,0.703,70.3,1.64,3.82,7.54,15.79,15.5388,19.2546,21.957
2026-02-04,MAZE,48.14,46.7,-2.991,0.92,92.0,1.33,6.58,11.19,21.71,44.2888,54.8796,62.582
2026-02-04,GPRE,12.6,12.8,1.587,0.818,81.8,2.14,5.86,10.16,16.16,11.592,14.364,16.38
2026-02-04,PFSB,23.0567,23.0468,-0.043,0.807,80.7,0.97,2.84,10.9,23.4,21.2121,26.2846,29.9737
2026-02-04,BRCB,90.67,90.7,0.033,0.727,72.7,1.05,1.88,7.11,16.35,83.4164,103.3638,117.871
2026-02-04,BRCC,90.67,90.7,0.033,0.727,72.7,1.05,1.88,7.11,16.35,83.4164,103.3638,117.871
2026-02-04,DCO,118.71,117.02,-1.424,0.84,84.0,1.47,3.45,5.95,19.54,109.2132,135.3294,154.323
2026-02-04,ANDE,64.67,65.46,1.222,0.834,83.4,1.22,3.05,8.96,17.94,59.4964,73.7238,84.071
2026-02-04,ANDG,64.67,65.46,1.222,0.834,83.4,1.22,3.05,8.96,17.94,59.4964,73.7238,84.071
2026-02-04,ANDN1,64.67,65.46,1.222,0.834,83.4,1.22,3.05,8.96,17.94,59.4964,73.7238,84.071
2026-02-04,ANDR,64.67,65.46,1.222,0.834,83.4,1.22,3.05,8.96,17.94,59.4964,73.7238,84.071
2026-02-04,BCEIF,13.15,12.72,-3.27,0.772,77.2,15.91,5.38,5.53,7.13,12.098,14.991,17.095
2026-02-04,BCEL,13.15,12.72,-3.27,0.772,77.2,15.91,5.38,5.53,7.13,12.098,14.991,17.095
2026-02-04,BCEPF,13.15,12.72,-3.27,0.772,77.2,15.91,5.38,5.53,7.13,12.098,14.991,17.095
2026-02-04,GILT,18.7,18.39,-1.658,0.896,89.6,1.25,5.55,4.63,19.15,17.204,21.318,24.31
2026-02-04,PLCM,19.78,19.53,-1.264,0.896,89.6,0.82,6.09,3.71,19.85,18.1976,22.5492,25.714
2026-02-04,HLX,8.31,8.14,-2.046,0.78,78.0,1.69,3.79,11.03,15.22,7.6452,9.4734,10.803
2026-02-04,FBNK1,60.52,60.26,-0.43,0.717,71.7,0.69,3.03,6.05,18.76,55.6784,68.9928,78.676
2026-02-04,IOSP,86.89,86.5,-0.449,0.702,70.2,1.32,2.54,7.19,12.46,79.9388,99.0546,112.957
2026-02-04,BHFAL,55.98,55.71,-0.482,0.758,75.8,2.38,3.5,12.63,15.25,51.5016,63.8172,72.774
2026-02-04,LIND,17.98,17.89,-0.501,0.897,89.7,1.32,4.12,9.94,15.97,16.5416,20.4972,23.374
2026-02-04,DGII,46.55,39.56,-15.016,0.817,81.7,1.59,3.68,7.18,13.26,42.826,53.067,60.515
2026-02-04,BJGP,44.59,44.41,-0.404,0.803,80.3,0.73,3.28,2.45,14.36,41.0228,50.8326,57.967
2026-02-04,BJRI,44.59,44.41,-0.404,0.803,80.3,0.73,3.28,2.45,14.36,41.0228,50.8326,57.967
2026-02-04,CMPX,6.33,6.27,-0.948,0.913,91.3,0.96,7.5,6.48,17.19,5.8236,7.2162,8.229
2026-02-04,IAALF,30.76,30.47,-0.943,0.823,82.3,1.36,5.8,9.75,14.24,28.2992,35.0664,39.988
2026-02-04,ACT,43.8514,44.1599,0.703,0.719,71.9,2.95,2.58,11.13,14.21,40.3433,49.9906,57.0068
2026-02-04,ATEX,27.16,26.82,-1.252,0.902,90.2,1.54,5.8,9.56,9.17,24.9872,30.9624,35.308
2026-02-04,MUEL,71.4331,71.2335,-0.28,0.806,80.6,1.02,2.92,6.81,14.19,65.7185,81.4338,92.8631
2026-02-04,ARCO,8.9,8.86,-0.449,0.801,80.1,1.63,2.79,12.76,14.17,8.188,10.146,11.57
2026-02-04,DAKPQ,24.03,23.72,-1.29,0.766,76.6,1.85,3.33,9.5,9.55,22.1076,27.3942,31.239
2026-02-04,DAKT,24.03,23.72,-1.29,0.766,76.6,1.85,3.33,9.5,9.55,22.1076,27.3942,31.239
2026-02-04,DHC,6.01,6.0,-0.166,0.848,84.8,1.41,3.31,6.29,10.29,5.5292,6.8514,7.813
2026-02-04,DHCC,6.01,6.0,-0.166,0.848,84.8,1.41,3.31,6.29,10.29,5.5292,6.8514,7.813
2026-02-04,NX,20.1,19.95,-0.746,0.908,90.8,1.64,3.64,9.48,12.24,18.492,22.914,26.13
2026-02-04,ALLR,1.8,1.8,0.0,0.933,93.3,0.86,9.05,9.49,12.78,1.656,2.052,2.34
2026-02-04,ASTE,54.46,54.0,-0.845,0.705,70.5,1.49,3.26,11.01,9.56,50.1032,62.0844,70.798
2026-02-04,ARVLF,13.39,13.15,-1.792,0.842,84.2,1.16,4.91,4.94,10.34,12.3188,15.2646,17.407
2026-02-04,ARVN,13.39,13.15,-1.792,0.842,84.2,1.16,4.91,4.94,10.34,12.3188,15.2646,17.407
2026-02-04,MLKIQ,21.5141,21.4051,-0.507,0.903,90.3,1.13,3.37,10.27,11.07,19.7929,24.526,27.9683
2026-02-04,MLKN,21.5141,21.4051,-0.507,0.903,90.3,1.13,3.37,10.27,11.07,19.7929,24.526,27.9683
2026-02-04,APEI,43.01,43.02,0.023,0.866,86.6,1.33,3.9,3.98,9.15,39.5692,49.0314,55.913
2026-02-04,APEX,43.01,43.02,0.023,0.866,86.6,1.33,3.9,3.98,9.15,39.5692,49.0314,55.913
2026-02-04,APEX1,43.01,43.02,0.023,0.866,86.6,1.33,3.9,3.98,9.15,39.5692,49.0314,55.913
2026-02-04,APFC,43.01,43.02,0.023,0.866,86.6,1.33,3.9,3.98,9.15,39.5692,49.0314,55.913
2026-02-04,APFH,43.01,43.02,0.023,0.866,86.6,1.33,3.9,3.98,9.15,39.5692,49.0314,55.913
2026-02-04,CMCL,21.5087,21.2596,-1.158,0.86,86.0,2.06,4.04,4.95,9.62,19.788,24.52,27.9614
2026-02-04,CMCM,21.5087,21.2596,-1.158,0.86,86.0,2.06,4.04,4.95,9.62,19.788,24.52,27.9614
2026-02-04,CMCO,21.5087,21.2596,-1.158,0.86,86.0,2.06,4.04,4.95,9.62,19.788,24.52,27.9614
2026-02-04,CMD,21.5087,21.2596,-1.158,0.86,86.0,2.06,4.04,4.95,9.62,19.788,24.52,27.9614
2026-02-04,CYD,48.49,47.83,-1.361,0.777,77.7,1.64,5.13,9.22,8.64,44.6108,55.2786,63.037
2026-02-04,NEXA,12.78,12.28,-3.912,0.968,96.8,0.6,6.54,4.15,11.49,11.7576,14.5692,16.614
2026-02-04,ALNT,61.69,60.58,-1.799,0.733,73.3,0.93,4.36,0.72,8.69,56.7548,70.3266,80.197
2026-02-04,CGEM,12.33,12.1,-1.865,0.926,92.6,1.05,6.86,6.11,8.46,11.3436,14.0562,16.029
2026-02-04,PLRE,39.27,38.94,-0.84,0.792,79.2,1.15,2.33,5.9,7.75,36.1284,44.7678,51.051
2026-02-04,BHPLF,33.3675,33.3675,0.0,0.751,75.1,3.73,2.88,3.61,11.32,30.6981,38.039,43.3778
2026-02-04,OCS,26.37,26.35,-0.076,0.851,85.1,0.76,5.36,2.59,8.62,24.2604,30.0618,34.281
2026-02-04,AVR,5.57,5.5,-1.257,0.859,85.9,0.72,8.61,0.07,11.41,5.1244,6.3498,7.241
2026-02-04,MLAAU,91.3767,90.4683,-0.994,0.737,73.7,1.29,4.74,8.79,8.79,84.0666,104.1695,118.7898
2026-02-04,MLAB,91.3767,90.4683,-0.994,0.737,73.7,1.29,4.74,8.79,8.79,84.0666,104.1695,118.7898
2026-02-04,AVNR,13.9,13.85,-0.36,0.761,76.1,1.04,3.63,9.54,8.15,12.788,15.846,18.07
2026-02-04,AVNS,13.9,13.85,-0.36,0.761,76.1,1.04,3.63,9.54,8.15,12.788,15.846,18.07
2026-02-04,MANE,15.45,15.42,-0.194,0.883,88.3,1.0,4.1,7.64,6.51,14.214,17.613,20.085
2026-02-04,CLB,19.5992,18.9895,-3.111,0.802,80.2,1.02,3.71,1.84,6.4,18.0313,22.3431,25.479
2026-02-04,NBBK,22.33,22.27,-0.269,0.741,74.1,1.35,2.66,8.3,7.97,20.5436,25.4562,29.029
2026-02-04,ASTL,4.61,4.5,-2.386,0.781,78.1,0.98,6.26,5.16,6.15,4.2412,5.2554,5.993
2026-02-04,ASTLW,4.61,4.5,-2.386,0.781,78.1,0.98,6.26,5.16,6.15,4.2412,5.2554,5.993
2026-02-04,CFFN,7.59,7.55,-0.527,0.762,76.2,0.73,3.05,9.25,7.98,6.9828,8.6526,9.867
2026-02-04,DXMMQ,1.71,1.68,-1.754,0.944,94.4,0.69,16.12,1.66,6.11,1.5732,1.9494,2.223
2026-02-04,DXPE,1.71,1.68,-1.754,0.944,94.4,0.69,16.12,1.66,6.11,1.5732,1.9494,2.223
2026-02-04,DXR,1.71,1.68,-1.754,0.944,94.4,0.69,16.12,1.66,6.11,1.5732,1.9494,2.223
2026-02-04,DXST,1.71,1.68,-1.754,0.944,94.4,0.69,16.12,1.66,6.11,1.5732,1.9494,2.223
2026-02-04,DXT,1.71,1.68,-1.754,0.944,94.4,0.69,16.12,1.66,6.11,1.5732,1.9494,2.223
2026-02-04,HTLD,11.78,11.66,-1.019,0.908,90.8,2.02,3.63,12.09,6.62,10.8376,13.4292,15.314
2026-02-04,ASXC,15.75,15.49,-1.651,0.964,96.4,0.95,7.58,0.07,7.52,14.49,17.955,20.475
2026-02-04,ASYS,15.75,15.49,-1.651,0.964,96.4,0.95,7.58,0.07,7.52,14.49,17.955,20.475
2026-02-04,MBVA,34.61,31.31,-9.535,0.805,80.5,2.07,3.67,5.07,6.46,31.8412,39.4554,44.993
2026-02-06,MU,394.69,380.69,-3.547,0.941,94.1,0.96,5.93,2.35,15234.55,363.1148,449.9466,513.097
2026-02-06,INTC,50.59,49.59,-1.977,0.74,74.0,0.77,6.02,5.51,7627.22,46.5428,57.6726,65.767
2026-02-06,XOM,148.0631,148.2717,0.141,0.794,79.4,0.81,1.98,9.87,3156.63,136.2181,168.7919,192.482
2026-02-06,LRCX,231.01,229.01,-0.866,0.896,89.6,0.99,5.45,2.76,3220.84,212.5292,263.3514,300.313
2026-02-06,AMAT,322.51,317.56,-1.535,0.723,72.3,0.98,4.35,1.26,2742.34,296.7092,367.6614,419.263
2026-02-06,ASML,1411.1487,1413.9749,0.2,0.855,85.5,0.84,3.49,3.3,3300.8,1298.2568,1608.7095,1834.4933
2026-02-06,XLE,53.25,53.21,-0.075,0.702,70.2,0.77,1.78,7.76,2882.49,48.99,60.705,69.225
2026-02-06,JNJ,239.99,240.25,0.108,0.801,80.1,0.84,1.78,7.53,2376.82,220.7908,273.5886,311.987
2026-02-06,CAT,726.2,724.5,-0.234,0.796,79.6,1.17,3.24,10.97,2085.34,668.104,827.868,944.06
2026-02-06,BA,243.03,242.0,-0.424,0.772,77.2,0.77,2.81,0.34,2119.1,223.5876,277.0542,315.939
2026-02-06,TXN,221.44,221.26,-0.081,0.739,73.9,0.97,2.87,9.11,2141.23,203.7248,252.4416,287.872
2026-02-06,C,122.69,122.19,-0.408,0.735,73.5,1.01,2.75,6.01,1859.74,112.8748,139.8666,159.497
2026-02-06,MRK,121.93,121.41,-0.426,0.879,87.9,0.94,2.57,9.51,1697.02,112.1756,139.0002,158.509
2026-02-06,ADI,319.4498,318.3332,-0.35,0.87,87.0,1.67,2.82,4.17,1292.46,293.8938,364.1727,415.2847
2026-02-06,COHR1,227.68,227.0,-0.299,0.864,86.4,1.15,8.61,11.62,1304.23,209.4656,259.5552,295.984
2026-02-06,HON,238.38,237.4,-0.411,0.743,74.3,0.75,1.81,7.59,1262.23,219.3096,271.7532,309.894
2026-02-06,AMGN,384.32,380.7,-0.942,0.713,71.3,1.24,2.76,12.02,1186.13,353.5744,438.1248,499.616
2026-02-06,SLB,50.4028,50.1841,-0.434,0.87,87.0,0.72,2.97,5.04,1140.63,46.3706,57.4592,65.5236
2026-02-06,CMCSA,31.37,31.1,-0.861,0.775,77.5,0.8,2.79,7.67,1213.37,28.8604,35.7618,40.781
2026-02-06,DE,583.11,580.0,-0.533,0.754,75.4,0.96,2.43,10.99,872.49,536.4612,664.7454,758.043
2026-02-06,PM,182.81,182.17,-0.35,0.703,70.3,1.43,2.41,4.98,1096.8,168.1852,208.4034,237.653
2026-02-06,CIEN,271.32,270.7,-0.229,0.822,82.2,8.27,6.92,9.97,1097.84,249.6144,309.3048,352.716
2026-02-06,COP,107.62,107.6,-0.019,0.753,75.3,0.74,2.7,7.17,982.46,99.0104,122.6868,139.906
2026-02-06,LOW,278.38,278.33,-0.018,0.721,72.1,0.74,2.32,2.0,834.19,256.1096,317.3532,361.894
2026-02-06,BMY,61.99,61.37,-1.0,0.841,84.1,1.27,2.21,10.71,835.65,57.0308,70.6686,80.587
2026-02-06,MCHP,76.01,74.31,-2.237,0.869,86.9,2.06,3.59,0.11,746.07,69.9292,86.6514,98.813
2026-02-06,GM,84.24,82.27,-2.339,0.7,70.0,0.87,2.56,1.72,780.41,77.5008,96.0336,109.512
2026-02-06,NOC,709.11,712.15,0.429,0.789,78.9,0.59,3.09,5.72,760.7,652.3812,808.3854,921.843
2026-02-06,TGT,114.3866,114.1095,-0.242,0.81,81.0,1.17,3.0,6.89,763.31,105.2357,130.4008,148.7026
2026-02-06,FITB,55.08,55.02,-0.109,0.809,80.9,0.93,2.73,8.43,965.5,50.6736,62.7912,71.604
2026-02-06,UPS,117.34,117.17,-0.145,0.803,80.3,0.99,2.52,7.62,795.56,107.9528,133.7676,152.542
2026-02-06,VALE,16.3,16.52,1.35,0.841,84.1,0.89,2.81,4.17,716.14,14.996,18.582,21.19
2026-02-06,USB,60.69,60.46,-0.379,0.809,80.9,0.91,1.91,8.1,796.93,55.8348,69.1866,78.897
2026-02-06,REGN,784.5663,782.2291,-0.298,0.72,72.0,0.75,2.99,3.62,705.04,721.801,894.4056,1019.9362
2026-02-06,CL,94.41,94.0,-0.434,0.732,73.2,0.73,2.0,8.58,748.97,86.8572,107.6274,122.733
2026-02-06,PNC,242.48,241.75,-0.301,0.836,83.6,0.76,2.02,8.55,781.74,223.0816,276.4272,315.224
2026-02-06,CCL,33.99,33.47,-1.53,0.789,78.9,1.31,3.67,12.22,708.45,31.2708,38.7486,44.187
2026-02-06,UAL,115.91,115.46,-0.388,0.726,72.6,1.53,3.9,5.49,685.28,106.6372,132.1374,150.683
2026-02-06,DAL,75.35,75.2,-0.199,0.808,80.8,1.5,3.43,8.91,677.66,69.322,85.899,97.955
2026-02-06,CMIIU,575.7943,578.2061,0.419,0.717,71.7,2.42,2.76,0.37,622.6,529.7307,656.4054,748.5325
2026-02-06,CMIKA,575.7943,578.2061,0.419,0.717,71.7,2.42,2.76,0.37,622.6,529.7307,656.4054,748.5325
2026-02-06,CMIN,575.7943,578.2061,0.419,0.717,71.7,2.42,2.76,0.37,622.6,529.7307,656.4054,748.5325
2026-02-06,CMIV,575.7943,578.2061,0.419,0.717,71.7,2.42,2.76,0.37,622.6,529.7307,656.4054,748.5325
2026-02-06,EMRAF,156.7775,156.927,0.095,0.736,73.6,0.92,2.36,5.5,577.22,144.2353,178.7264,203.8108
2026-02-06,EMRI,156.7775,156.927,0.095,0.736,73.6,0.92,2.36,5.5,577.22,144.2353,178.7264,203.8108
2026-02-06,BKR,58.92,59.14,0.373,0.728,72.8,0.88,3.05,8.51,629.48,54.2064,67.1688,76.596
2026-02-06,FIX,1230.26,1228.85,-0.115,0.788,78.8,0.72,4.57,8.99,473.64,1131.8392,1402.4964,1599.338
2026-02-06,TFC,55.81,55.54,-0.484,0.777,77.7,0.65,2.09,8.74,635.21,51.3452,63.6234,72.553
2026-02-06,CHSCL,199.9062,200.6138,0.354,0.842,84.2,1.1,2.66,9.15,459.25,183.9137,227.8931,259.8781
2026-02-06,SCCO,197.4996,198.4474,0.48,0.895,89.5,0.76,5.02,6.14,582.39,181.6996,225.1496,256.7495
2026-02-06,ODFL,202.47,201.43,-0.514,0.902,90.2,1.19,3.22,12.4,493.5,186.2724,230.8158,263.211
2026-02-06,ITW,293.57,291.34,-0.76,0.731,73.1,0.96,2.1,10.84,468.88,270.0844,334.6698,381.641
2026-02-06,IR,98.5,97.91,-0.599,0.797,79.7,1.44,2.81,10.9,427.45,90.62,112.29,128.05
2026-02-06,RIO,93.41,94.93,1.627,0.843,84.3,0.8,2.02,4.37,451.44,85.9372,106.4874,121.433
2026-02-06,MKSI,242.7257,241.4769,-0.514,0.916,91.6,0.85,5.16,11.63,428.95,223.3077,276.7073,315.5435
2026-02-06,OKE,81.84,81.56,-0.342,0.741,74.1,0.78,2.63,7.51,404.73,75.2928,93.2976,106.392
2026-02-06,ROG-SW,356.4,352.0,-1.235,0.85,85.0,0.71,1.85,2.2,393.53,327.888,406.296,463.32
2026-02-06,CNQ,39.1,39.1,0.0,0.742,74.2,0.67,2.54,9.06,362.34,35.972,44.574,50.83
2026-02-06,KEX,22.9824,22.7547,-0.991,0.816,81.6,0.92,2.24,7.45,378.5,21.1439,26.2,29.8772
2026-02-06,CFG,68.12,67.6,-0.763,0.978,97.8,0.85,2.32,8.75,398.75,62.6704,77.6568,88.556
2026-02-06,KEYS,230.95,229.65,-0.563,0.782,78.2,0.9,2.82,6.52,248.14,212.474,263.283,300.235
2026-02-06,NUE,192.84,191.67,-0.607,0.853,85.3,0.83,2.81,8.45,386.19,177.4128,219.8376,250.692
2026-02-06,TEVA,34.69,34.57,-0.346,0.884,88.4,0.61,3.22,4.88,399.98,31.9148,39.5466,45.097
2026-02-06,GWW,1195.39,1187.3199,-0.675,0.785,78.5,0.76,2.19,10.52,366.63,1099.7588,1362.7446,1554.007
2026-02-06,BHP,69.64,70.72,1.551,0.771,77.1,1.18,2.32,3.08,338.14,64.0688,79.3896,90.532
2026-02-06,AU,103.95,103.65,-0.289,0.879,87.9,0.8,4.85,2.25,353.09,95.634,118.503,135.135
2026-02-06,DOV,223.148,222.4396,-0.317,0.977,97.7,0.84,2.08,7.59,321.93,205.2961,254.3887,290.0924
2026-02-06,MTB,238.01,236.79,-0.513,0.795,79.5,0.92,2.08,8.71,326.17,218.9692,271.3314,309.413
2026-02-06,TRGP,211.44,211.17,-0.128,0.779,77.9,0.76,2.68,10.06,269.52,194.5248,241.0416,274.872
2026-02-06,JBL,258.1689,256.8792,-0.5,0.963,96.3,1.06,4.08,6.22,285.86,237.5153,294.3125,335.6195
2026-02-06,ATHXQ,133.57,134.91,1.003,0.859,85.9,1.25,3.49,7.33,261.38,122.8844,152.2698,173.641
2026-02-06,ATI,133.57,134.91,1.003,0.859,85.9,1.25,3.49,7.33,261.38,122.8844,152.2698,173.641
2026-02-06,ATI1,133.57,134.91,1.003,0.859,85.9,1.25,3.49,7.33,261.38,122.8844,152.2698,173.641
2026-02-06,SU,53.8,53.75,-0.093,0.773,77.3,1.73,2.52,5.55,281.02,49.496,61.332,69.94
2026-02-06,EXPD,165.04,165.36,0.194,0.96,96.0,1.1,1.8,2.21,253.3,151.8368,188.1456,214.552
2026-02-06,LII,529.98,530.23,0.047,0.995,99.5,0.85,3.13,3.06,288.11,487.5816,604.1772,688.974
2026-02-06,HUBB,502.4352,498.8051,-0.723,0.988,98.8,1.57,2.96,3.67,300.99,462.2404,572.7762,653.1658
2026-02-06,PPG,125.7871,125.5186,-0.213,0.969,96.9,0.67,2.25,10.9,324.63,115.7241,143.3973,163.5232
2026-02-06,ADM,66.33,66.34,0.015,0.712,71.2,0.67,2.98,0.21,273.89,61.0236,75.6162,86.229
2026-02-06,PKKFF,238.86,237.42,-0.603,0.715,71.5,0.73,2.77,7.19,276.08,219.7512,272.3004,310.518
2026-02-06,PKOH,238.86,237.42,-0.603,0.715,71.5,0.73,2.77,7.19,276.08,219.7512,272.3004,310.518
2026-02-06,TD,96.68,96.7,0.021,0.706,70.6,1.33,1.53,2.28,214.98,88.9456,110.2152,125.684
2026-02-06,CLF,14.73,13.1,-11.066,0.884,88.4,1.15,5.14,4.87,239.51,13.5516,16.7922,19.149
2026-02-06,CDW,141.9042,140.4516,-1.024,0.996,99.6,0.97,2.71,9.33,245.93,130.5519,161.7708,184.4755
2026-02-06,ITUB,8.99,9.05,0.667,0.807,80.7,1.02,2.36,10.06,258.43,8.2708,10.2486,11.687
2026-02-06,CPAY,354.19,355.0,0.229,0.784,78.4,1.35,3.12,10.25,234.0,325.8548,403.7766,460.447
2026-02-06,POOL,264.5823,262.8228,-0.665,0.989,98.9,1.27,2.54,1.94,213.43,243.4157,301.6239,343.957
2026-02-06,CF,92.1481,92.3072,0.173,0.99,99.0,0.82,3.34,3.43,224.68,84.7762,105.0488,119.7925
2026-02-06,LH,276.5061,274.8403,-0.602,0.983,98.3,0.83,2.18,3.49,224.65,254.3856,315.217,359.4579
2026-02-06,ZBH,89.91,88.9,-1.123,0.953,95.3,0.65,2.66,2.36,208.71,82.7172,102.4974,116.883
2026-02-06,WSM,220.67,218.7,-0.893,0.842,84.2,0.8,3.51,5.53,219.48,203.0164,251.5638,286.871
2026-02-06,CATA1,660.9,663.33,0.368,0.764,76.4,1.19,2.45,5.77,239.54,608.028,753.426,859.17
2026-02-06,TPL,365.6111,366.6899,0.295,0.997,99.7,1.23,3.98,7.98,132.86,336.3622,416.7967,475.2944
2026-02-06,EAXR,168.93,170.0,0.633,0.921,92.1,0.95,4.34,4.39,229.67,155.4156,192.5802,219.609
2026-02-06,EB,168.93,170.0,0.633,0.921,92.1,0.95,4.34,4.39,229.67,155.4156,192.5802,219.609
2026-02-06,EBBGF,168.93,170.0,0.633,0.921,92.1,0.95,4.34,4.39,229.67,155.4156,192.5802,219.609
2026-02-06,EBBNF,168.93,170.0,0.633,0.921,92.1,0.95,4.34,4.39,229.67,155.4156,192.5802,219.609
2026-02-06,LDOS,192.99,194.32,0.689,0.997,99.7,0.84,2.75,1.0,168.14,177.5508,220.0086,250.887
2026-02-06,ZBRA,251.4,251.21,-0.076,0.989,98.9,0.95,3.28,1.96,176.81,231.288,286.596,326.82
2026-02-06,GAP,29.13,28.76,-1.27,0.737,73.7,0.59,3.35,5.68,196.08,26.7996,33.2082,37.869
2026-02-06,BAP,353.3,354.08,0.221,0.862,86.2,1.44,2.69,3.53,196.55,325.036,402.762,459.29
2026-02-06,TKO,211.9,211.54,-0.17,0.99,99.0,0.76,2.99,4.07,195.53,194.948,241.566,275.47
2026-02-06,PQUEQ,16.93,16.9,-0.177,0.814,81.4,0.82,2.99,11.54,191.97,15.5756,19.3002,22.009
2026-02-06,PRA,16.93,16.9,-0.177,0.814,81.4,0.82,2.99,11.54,191.97,15.5756,19.3002,22.009
2026-02-06,IOR,86.5,86.13,-0.428,0.768,76.8,0.84,3.33,6.32,205.63,79.58,98.61,112.45
2026-02-06,TXT,95.4192,95.0792,-0.356,0.977,97.7,0.89,2.36,3.19,200.72,87.7856,108.7778,124.0449
2026-02-06,GFI,53.51,53.59,0.15,0.79,79.0,0.82,5.45,2.67,221.63,49.2292,61.0014,69.563
2026-02-06,BWA,52.0758,52.0957,0.038,0.96,96.0,1.09,2.17,7.8,103.21,47.9097,59.3664,67.6985
2026-02-06,WHR,85.3936,85.0778,-0.37,0.902,90.2,0.61,3.93,2.43,156.35,78.5621,97.3487,111.0117
2026-02-06,ASX,20.89,21.05,0.766,0.854,85.4,2.06,3.28,8.16,182.52,19.2188,23.8146,27.157
2026-02-06,GFS,42.91,42.91,0.0,0.763,76.3,0.86,4.83,0.5,168.18,39.4772,48.9174,55.783
2026-02-06,OCAI,134.7629,134.6934,-0.052,0.839,83.9,1.38,3.23,9.14,203.4,123.9819,153.6297,175.1918
2026-02-06,IEX,211.37,211.96,0.279,0.95,95.0,1.44,2.31,7.18,202.05,194.4604,240.9618,274.781
2026-02-06,WYNN,117.7033,117.6434,-0.051,0.999,99.9,1.39,2.69,3.72,152.91,108.287,134.1817,153.0143
2026-02-06,ASA,37.51,37.9,1.04,0.769,76.9,1.07,3.79,0.97,144.44,34.5092,42.7614,48.763
2026-02-06,BCS,26.41,25.88,-2.007,0.703,70.3,1.08,1.57,0.36,142.33,24.2972,30.1074,34.333
2026-02-06,CNH1,12.36,12.34,-0.162,0.805,80.5,1.01,2.79,12.58,156.46,11.3712,14.0904,16.068
2026-02-06,CNJ,12.36,12.34,-0.162,0.805,80.5,1.01,2.79,12.58,156.46,11.3712,14.0904,16.068
2026-02-06,CNK,12.36,12.34,-0.162,0.805,80.5,1.01,2.79,12.58,156.46,11.3712,14.0904,16.068
2026-02-06,PRAX,319.57,317.73,-0.576,0.956,95.6,0.77,5.96,4.67,185.98,294.0044,364.3098,415.441
2026-02-06,HBM,24.73,24.95,0.89,0.9,90.0,0.67,5.04,1.72,174.34,22.7516,28.1922,32.149
2026-02-06,KMX,47.17,47.71,1.145,0.954,95.4,0.8,4.1,1.53,157.55,43.3964,53.7738,61.321
2026-02-06,JJCTF,23.64,23.63,-0.042,0.854,85.4,0.95,2.85,0.06,160.75,21.7488,26.9496,30.732
2026-02-06,TAP,51.2325,51.3909,0.309,0.942,94.2,0.82,2.38,4.7,141.0,47.1339,58.4051,66.6023
2026-02-06,BLD,517.5,517.4,-0.019,0.709,70.9,1.32,3.52,6.53,165.18,476.1,589.95,672.75
2026-02-06,HALL,81.23,82.0,0.948,0.711,71.1,1.25,3.07,11.15,146.39,74.7316,92.6022,105.599
2026-02-06,HALO,81.23,82.0,0.948,0.711,71.1,1.25,3.07,11.15,146.39,74.7316,92.6022,105.599
2026-02-06,ESS,258.06,256.77,-0.5,0.992,99.2,1.49,2.05,2.27,164.46,237.4152,294.1884,335.478
2026-02-06,SAN,12.71,12.77,0.472,0.709,70.9,2.18,2.29,2.36,147.36,11.6932,14.4894,16.523
2026-02-06,VTRS,14.58,14.76,1.235,0.894,89.4,0.97,2.74,9.67,126.71,13.4136,16.6212,18.954
2026-02-06,CLGX,265.98,265.75,-0.086,0.807,80.7,1.08,2.1,2.27,122.76,244.7016,303.2172,345.774
2026-02-06,SNA,367.0015,367.0015,-0.0,0.998,99.8,1.32,2.05,0.37,128.99,337.6414,418.3817,477.1019
2026-02-06,PNW,93.52,93.64,0.128,0.944,94.4,0.95,1.86,1.57,119.93,86.0384,106.6128,121.576
2026-02-06,EG,326.3525,324.5835,-0.542,0.783,78.3,1.1,2.31,0.71,118.16,300.2443,372.0418,424.2582
2026-02-06,FLSCQ,85.46,85.26,-0.234,0.751,75.1,2.32,2.86,10.05,120.74,78.6232,97.4244,111.098
2026-02-06,ZION,64.823,64.1776,-0.996,0.846,84.6,1.07,2.43,7.97,136.55,59.6371,73.8982,84.2699
2026-02-06,PRIM,160.54,160.54,0.0,0.77,77.0,1.29,4.62,8.91,120.58,147.6968,183.0156,208.702
2026-02-06,HSIC,79.72,79.36,-0.452,0.984,98.4,1.56,2.79,3.8,100.09,73.3424,90.8808,103.636
2026-02-06,SEDG,35.92,35.92,0.0,0.959,95.9,1.09,7.06,6.29,100.02,33.0464,40.9488,46.696
2026-02-06,PRY-MI,102.95,103.0,0.049,0.781,78.1,0.82,3.54,6.81,115.97,94.714,117.363,133.835
2026-02-06,BTU,36.8374,36.4782,-0.975,0.752,75.2,1.15,5.59,3.07,120.65,33.8904,41.9947,47.8886
2026-02-06,BUTLQ,36.8374,36.4782,-0.975,0.752,75.2,1.15,5.59,3.07,120.65,33.8904,41.9947,47.8886
2026-02-06,MICU,161.11,161.11,0.0,0.826,82.6,0.86,2.74,6.26,118.98,148.2212,183.6654,209.443
2026-02-06,MHI1,131.89,131.99,0.076,0.739,73.9,1.42,2.89,7.6,98.77,121.3388,150.3546,171.457
2026-02-06,AIZ,242.3255,241.2499,-0.444,0.971,97.1,1.08,1.86,2.32,79.41,222.9394,276.2511,315.0231
2026-02-06,LYG,5.91,5.62,-4.907,0.71,71.0,0.9,1.63,3.23,57.15,5.4372,6.7374,7.683
2026-02-06,FRPT,69.9,69.9,0.0,0.788,78.8,0.93,4.54,2.31,86.73,64.308,79.686,90.87
2026-02-06,FRT,105.76,105.59,-0.161,0.961,96.1,1.16,1.64,3.63,84.99,97.2992,120.5664,137.488
2026-02-06,CAKE,62.9514,63.23,0.443,0.865,86.5,0.99,3.12,6.49,77.81,57.9153,71.7646,81.8368
2026-02-06,CAKR,62.9514,63.23,0.443,0.865,86.5,0.99,3.12,6.49,77.81,57.9153,71.7646,81.8368
2026-02-06,COLD,31.682,31.6523,-0.094,0.719,71.9,0.93,2.85,8.9,93.54,29.1474,36.1174,41.1866
2026-02-06,GVA,130.18,130.48,0.23,0.823,82.3,1.33,2.39,6.55,76.37,119.7656,148.4052,169.234
2026-02-06,CHRD1,102.89,102.29,-0.583,0.713,71.3,1.07,3.0,7.14,80.7,94.6588,117.2946,133.757
2026-02-06,CHRI1,102.89,102.29,-0.583,0.713,71.3,1.07,3.0,7.14,80.7,94.6588,117.2946,133.757
2026-02-06,L,111.2059,112.735,1.375,0.987,98.7,0.94,1.53,6.33,83.1,102.3094,126.7747,144.5677
2026-02-06,OLOXF,24.6346,24.327,-1.248,0.817,81.7,0.95,6.19,6.25,95.19,22.6638,28.0834,32.0249
2026-02-06,CUKPF,33.5337,33.1455,-1.158,0.868,86.8,1.08,3.58,12.05,86.99,30.851,38.2284,43.5938
2026-02-06,AMTM,37.53,37.6,0.187,0.934,93.4,2.26,3.5,6.07,76.14,34.5276,42.7842,48.789
2026-02-06,HUN,13.46,13.32,-1.04,0.932,93.2,1.01,4.8,12.68,78.62,12.3832,15.3444,17.498
2026-02-06,BFNBQ,79.2992,79.2594,-0.05,0.771,77.1,0.68,3.43,9.65,89.75,72.9553,90.4011,103.089
2026-02-06,BFNH,79.2992,79.2594,-0.05,0.771,77.1,0.68,3.43,9.65,89.75,72.9553,90.4011,103.089
2026-02-06,CWPE,104.65,104.47,-0.172,0.704,70.4,0.97,2.81,0.94,60.16,96.278,119.301,136.045
2026-02-06,CWST,104.65,104.47,-0.172,0.704,70.4,0.97,2.81,0.94,60.16,96.278,119.301,136.045
2026-02-06,AUGO,65.99,66.94,1.44,0.952,95.2,0.62,5.66,3.03,75.32,60.7108,75.2286,85.787
2026-02-06,ARRT,11.86,11.85,-0.084,0.812,81.2,0.77,7.62,10.88,73.68,10.9112,13.5204,15.418
2026-02-06,ARRY,11.86,11.85,-0.084,0.812,81.2,0.77,7.62,10.88,73.68,10.9112,13.5204,15.418
2026-02-06,ARRY1,11.86,11.85,-0.084,0.812,81.2,0.77,7.62,10.88,73.68,10.9112,13.5204,15.418
2026-02-06,ARS,11.86,11.85,-0.084,0.812,81.2,0.77,7.62,10.88,73.68,10.9112,13.5204,15.418
2026-02-06,JBS,15.82,16.12,1.896,0.729,72.9,1.12,2.75,3.4,69.27,14.5544,18.0348,20.566
2026-02-06,PLXT,206.22,205.94,-0.136,0.878,87.8,1.21,4.75,12.11,85.47,189.7224,235.0908,268.086
2026-02-06,BTE,3.53,3.56,0.85,0.861,86.1,1.06,3.96,3.99,66.9,3.2476,4.0242,4.589
2026-02-06,MUFG,19.14,19.02,-0.627,0.782,78.2,1.06,1.5,5.53,70.59,17.6088,21.8196,24.882
2026-02-06,KYMR,79.59,79.24,-0.44,0.82,82.0,0.83,4.83,8.55,57.3,73.2228,90.7326,103.467
2026-02-06,BVN,36.95,37.65,1.894,0.92,92.0,0.77,5.1,2.49,66.19,33.994,42.123,48.035
2026-02-06,XRAY,13.76,13.68,-0.581,0.985,98.5,1.46,4.15,9.79,59.56,12.6592,15.6864,17.888
2026-02-06,ATRO,76.58,75.92,-0.862,0.926,92.6,0.7,5.04,2.66,64.82,70.4536,87.3012,99.554
2026-02-06,HWC,73.8479,73.4807,-0.497,0.795,79.5,0.84,2.43,7.57,72.08,67.9401,84.1866,96.0023
2026-02-06,ERIE,287.71,286.32,-0.483,0.995,99.5,1.0,2.71,2.09,55.25,264.6932,327.9894,374.023
2026-02-06,LGIQ,48.87,48.83,-0.082,0.846,84.6,1.0,6.2,2.19,51.58,44.9604,55.7118,63.531
2026-02-06,LGL,48.87,48.83,-0.082,0.846,84.6,1.0,6.2,2.19,51.58,44.9604,55.7118,63.531
2026-02-06,LGL-WT,48.87,48.83,-0.082,0.846,84.6,1.0,6.2,2.19,51.58,44.9604,55.7118,63.531
2026-02-06,LGN,48.87,48.83,-0.082,0.846,84.6,1.0,6.2,2.19,51.58,44.9604,55.7118,63.531
2026-02-06,BANC,20.85,20.74,-0.528,0.73,73.0,1.11,2.96,2.57,65.84,19.182,23.769,27.105
2026-02-06,DAP,31.581,31.581,0.0,0.905,90.5,0.98,3.63,8.78,57.52,29.0545,36.0023,41.0553
2026-02-06,DAR,31.581,31.581,0.0,0.905,90.5,0.98,3.63,8.78,57.52,29.0545,36.0023,41.0553
2026-02-06,HE,17.08,16.98,-0.585,0.913,91.3,1.16,4.57,12.66,59.26,15.7136,19.4712,22.204
2026-02-06,HEAL1,17.08,16.98,-0.585,0.913,91.3,1.16,4.57,12.66,59.26,15.7136,19.4712,22.204
2026-02-06,MODG,15.01,15.0,-0.067,0.882,88.2,1.0,3.75,1.69,47.43,13.8092,17.1114,19.513
2026-02-06,CSTM,24.74,24.88,0.566,0.915,91.5,0.78,4.01,8.04,38.28,22.7608,28.2036,32.162
2026-02-06,ATMP,61.408,61.3781,-0.049,0.76,76.0,1.49,2.59,6.56,34.15,56.4954,70.0052,79.8304
2026-02-06,ATMV,61.408,61.3781,-0.049,0.76,76.0,1.49,2.59,6.56,34.15,56.4954,70.0052,79.8304
2026-02-06,ATMVR,61.408,61.3781,-0.049,0.76,76.0,1.49,2.59,6.56,34.15,56.4954,70.0052,79.8304
2026-02-06,PATK,140.3663,140.8047,0.312,0.852,85.2,1.23,3.38,9.73,56.68,129.137,160.0176,182.4762
2026-02-06,PLAB,37.24,37.18,-0.161,0.939,93.9,0.9,6.48,7.15,45.28,34.2608,42.4536,48.412
2026-02-06,BOJA,135.9251,135.1886,-0.542,0.791,79.1,1.15,2.13,5.03,49.92,125.0511,154.9546,176.7026
2026-02-06,BOLD,135.9251,135.1886,-0.542,0.791,79.1,1.15,2.13,5.03,49.92,125.0511,154.9546,176.7026
2026-02-06,ASH,63.7324,63.6231,-0.171,0.818,81.8,0.94,3.03,2.06,43.05,58.6338,72.6549,82.8521
2026-02-06,ICH1,32.15,32.25,0.311,0.963,96.3,0.94,8.21,7.9,31.8,29.578,36.651,41.795
2026-02-06,ICHR1,32.15,32.25,0.311,0.963,96.3,0.94,8.21,7.9,31.8,29.578,36.651,41.795
2026-02-06,AUB,41.3964,41.119,-0.67,0.815,81.5,0.66,2.58,7.09,51.58,38.0847,47.1919,53.8153
2026-02-06,PACW1,38.68,38.66,-0.052,0.979,97.9,0.86,4.88,4.58,39.64,35.5856,44.0952,50.284
2026-02-06,PACX,38.68,38.66,-0.052,0.979,97.9,0.86,4.88,4.58,39.64,35.5856,44.0952,50.284
2026-02-06,PAE,38.68,38.66,-0.052,0.979,97.9,0.86,4.88,4.58,39.64,35.5856,44.0952,50.284
2026-02-06,PAET,38.68,38.66,-0.052,0.979,97.9,0.86,4.88,4.58,39.64,35.5856,44.0952,50.284
2026-02-06,OII,32.19,32.19,0.0,0.862,86.2,1.17,4.24,11.12,35.77,29.6148,36.6966,41.847
2026-02-06,OIIM,32.19,32.19,0.0,0.862,86.2,1.17,4.24,11.12,35.77,29.6148,36.6966,41.847
2026-02-06,MFG,9.61,9.73,1.249,0.885,88.5,0.63,1.88,11.63,42.26,8.8412,10.9554,12.493
2026-02-06,FULT,22.75,22.67,-0.352,0.818,81.8,0.94,2.69,10.47,48.26,20.93,25.935,29.575
2026-02-06,AMRX,14.52,14.64,0.826,0.79,79.0,0.82,3.17,5.96,56.43,13.3584,16.5528,18.876
2026-02-06,IMNM,24.88,24.59,-1.166,0.911,91.1,0.58,6.6,3.19,48.71,22.8896,28.3632,32.344
2026-02-06,AX,101.01,100.1,-0.901,0.753,75.3,1.22,2.95,6.38,42.33,92.9292,115.1514,131.313
2026-02-06,AVNT1,38.76,38.69,-0.181,0.835,83.5,0.82,2.9,6.22,37.39,35.6592,44.1864,50.388
2026-02-06,AXGN,34.93,34.78,-0.429,0.895,89.5,0.76,4.56,5.16,37.9,32.1356,39.8202,45.409
2026-02-06,ABBNY,86.73,88.26,1.764,0.745,74.5,2.5,1.51,8.29,33.17,79.7916,98.8722,112.749
2026-02-06,ABCB,86.73,88.26,1.764,0.745,74.5,2.5,1.51,8.29,33.17,79.7916,98.8722,112.749
2026-02-06,CAPR,24.72,24.72,0.0,0.986,98.6,0.91,6.21,3.95,30.71,22.7424,28.1808,32.136
2026-02-06,CEDCQ,72.37,72.86,0.677,0.845,84.5,0.88,3.89,6.84,18.64,66.5804,82.5018,94.081
2026-02-06,PLPC,280.41,280.61,0.071,0.827,82.7,1.26,4.73,12.17,33.88,257.9772,319.6674,364.533
2026-02-06,PLPL,280.41,280.61,0.071,0.827,82.7,1.26,4.73,12.17,33.88,257.9772,319.6674,364.533
2026-02-06,PLPM,280.41,280.61,0.071,0.827,82.7,1.26,4.73,12.17,33.88,257.9772,319.6674,364.533
2026-02-06,EWTLQ,29.1,29.23,0.447,0.925,92.5,0.81,5.88,4.15,32.86,26.772,33.174,37.83
2026-02-06,COHU,30.85,30.82,-0.097,0.792,79.2,1.03,4.87,7.07,24.71,28.382,35.169,40.105
2026-02-06,COLB,30.85,30.82,-0.097,0.792,79.2,1.03,4.87,7.07,24.71,28.382,35.169,40.105
2026-02-06,GFIG,94.5968,95.6541,1.118,0.836,83.6,3.76,2.87,12.83,29.78,87.0291,107.8404,122.9759
2026-02-06,NBR,69.78,70.62,1.204,0.848,84.8,1.11,4.35,6.89,21.95,64.1976,79.5492,90.714
2026-02-06,BW,9.5,9.5,0.0,0.867,86.7,0.78,10.71,3.24,31.54,8.74,10.83,12.35
2026-02-06,NVSGF,19.34,19.34,0.0,0.915,91.5,0.74,1.93,2.89,24.23,17.7928,22.0476,25.142
2026-02-06,GLDG,15.58,15.62,0.257,0.766,76.6,0.63,4.28,4.92,15.87,14.3336,17.7612,20.254
2026-02-06,CASC2,93.72,93.72,0.0,0.853,85.3,0.61,3.33,12.78,27.37,86.2224,106.8408,121.836
2026-02-06,DIOD,60.84,60.21,-1.036,0.824,82.4,0.97,3.97,5.14,18.99,55.9728,69.3576,79.092
2026-02-06,DIOMQ,60.84,60.21,-1.036,0.824,82.4,0.97,3.97,5.14,18.99,55.9728,69.3576,79.092
2026-02-06,DISA,60.84,60.21,-1.036,0.824,82.4,0.97,3.97,5.14,18.99,55.9728,69.3576,79.092
2026-02-06,DISK,60.84,60.21,-1.036,0.824,82.4,0.97,3.97,5.14,18.99,55.9728,69.3576,79.092
2026-02-06,NWKC,4.5598,4.5205,-0.864,0.897,89.7,2.39,4.25,7.16,27.21,4.1951,5.1982,5.9278
2026-02-06,GET,1.53,1.53,0.0,0.834,83.4,1.29,6.56,10.07,21.2,1.4076,1.7442,1.989
2026-02-06,GETI,1.53,1.53,0.0,0.834,83.4,1.29,6.56,10.07,21.2,1.4076,1.7442,1.989
2026-02-06,ANAB,49.73,49.88,0.302,0.898,89.8,1.2,6.4,3.7,20.75,45.7516,56.6922,64.649
2026-02-06,CONC1,23.5,23.37,-0.553,0.743,74.3,1.05,3.26,7.9,28.38,21.62,26.79,30.55
2026-02-06,CONR,23.5,23.37,-0.553,0.743,74.3,1.05,3.26,7.9,28.38,21.62,26.79,30.55
2026-02-06,ASTI,6.28,6.35,1.115,0.981,98.1,0.71,22.38,12.7,25.83,5.7776,7.1592,8.164
2026-02-06,KRUS,79.29,79.27,-0.025,0.935,93.5,1.15,5.71,10.42,25.0,72.9468,90.3906,103.077
2026-02-06,LGIH,59.12,58.03,-1.844,0.811,81.1,1.19,4.91,11.23,22.99,54.3904,67.3968,76.856
2026-02-06,AZX,130.0,129.64,-0.277,0.801,80.1,1.05,2.31,4.48,19.64,119.6,148.2,169.0
2026-02-06,AZZ,130.0,129.64,-0.277,0.801,80.1,1.05,2.31,4.48,19.64,119.6,148.2,169.0
2026-02-06,B,130.0,129.64,-0.277,0.801,80.1,1.05,2.31,4.48,19.64,119.6,148.2,169.0
2026-02-06,DRVN,17.06,17.1,0.234,0.759,75.9,1.03,3.73,7.36,16.36,15.6952,19.4484,22.178
2026-02-06,DRWIQ,17.06,17.1,0.234,0.759,75.9,1.03,3.73,7.36,16.36,15.6952,19.4484,22.178
2026-02-06,MAZE,45.03,45.09,0.133,0.904,90.4,1.31,7.16,2.86,22.86,41.4276,51.3342,58.539
2026-02-06,PFSB,23.5415,23.4822,-0.252,0.816,81.6,1.67,2.76,11.39,25.15,21.6582,26.8374,30.604
2026-02-06,BRCB,92.28,92.48,0.217,0.741,74.1,1.39,1.97,7.65,17.34,84.8976,105.1992,119.964
2026-02-06,BRCC,92.28,92.48,0.217,0.741,74.1,1.39,1.97,7.65,17.34,84.8976,105.1992,119.964
2026-02-06,DCO,121.08,121.33,0.206,0.781,78.1,0.93,3.38,6.41,21.02,111.3936,138.0312,157.404
2026-02-06,ANDE,66.86,66.9,0.06,0.831,83.1,0.93,2.89,10.16,18.54,61.5112,76.2204,86.918
2026-02-06,ANDG,66.86,66.9,0.06,0.831,83.1,0.93,2.89,10.16,18.54,61.5112,76.2204,86.918
2026-02-06,ANDN1,66.86,66.9,0.06,0.831,83.1,0.93,2.89,10.16,18.54,61.5112,76.2204,86.918
2026-02-06,ANDR,66.86,66.9,0.06,0.831,83.1,0.93,2.89,10.16,18.54,61.5112,76.2204,86.918
2026-02-06,KNAN,26.98,26.75,-0.852,0.707,70.7,2.35,3.47,10.54,18.53,24.8216,30.7572,35.074
2026-02-06,KNAP,26.98,26.75,-0.852,0.707,70.7,2.35,3.47,10.54,18.53,24.8216,30.7572,35.074
2026-02-06,MCW,6.14,6.18,0.651,0.749,74.9,1.05,3.92,5.5,6.63,5.6488,6.9996,7.982
2026-02-06,GILT,18.46,18.31,-0.813,0.904,90.4,1.34,6.1,0.95,20.21,16.9832,21.0444,23.998
2026-02-06,AIMT,58.78,58.58,-0.34,0.765,76.5,1.06,2.61,2.94,16.03,54.0776,67.0092,76.414
2026-02-06,AIN,58.78,58.58,-0.34,0.765,76.5,1.06,2.61,2.94,16.03,54.0776,67.0092,76.414
2026-02-06,HLX,8.56,8.55,-0.117,0.794,79.4,0.94,3.95,12.23,17.94,7.8752,9.7584,11.128
2026-02-06,MNSB,20.7407,20.9086,0.81,0.71,71.0,0.86,4.21,3.69,17.63,19.0815,23.6444,26.963
2026-02-06,BUUU,27.27,27.22,-0.183,0.722,72.2,1.72,2.66,9.55,19.26,25.0884,31.0878,35.451
2026-02-06,BIO-B,20.73,21.42,3.329,0.975,97.5,0.88,8.76,5.59,19.76,19.0716,23.6322,26.949
2026-02-06,BIOA,20.73,21.42,3.329,0.975,97.5,0.88,8.76,5.59,19.76,19.0716,23.6322,26.949
2026-02-06,FBNK1,62.23,61.78,-0.723,0.748,74.8,0.96,2.96,7.46,20.08,57.2516,70.9422,80.899
2026-02-06,DGII,44.16,44.03,-0.294,0.766,76.6,1.32,4.58,1.25,14.27,40.6272,50.3424,57.408
2026-02-06,BJGP,44.03,44.4,0.84,0.734,73.4,1.24,3.33,0.87,14.36,40.5076,50.1942,57.239
2026-02-06,BJRI,44.03,44.4,0.84,0.734,73.4,1.24,3.33,0.87,14.36,40.5076,50.1942,57.239
2026-02-06,CMPX,6.52,6.5,-0.307,0.913,91.3,0.75,7.23,7.76,17.48,5.9984,7.4328,8.476
2026-02-06,IAALF,29.98,29.73,-0.834,0.793,79.3,0.77,5.57,5.94,14.49,27.5816,34.1772,38.974
2026-02-06,ATEX,28.39,28.36,-0.106,0.918,91.8,1.57,6.17,12.27,10.53,26.1188,32.3646,36.907
2026-02-06,MUEL,72.6511,72.8408,0.261,0.804,80.4,0.75,2.8,7.33,14.82,66.839,82.8223,94.4465
2026-02-06,ARCO,8.55,8.51,-0.468,0.73,73.0,0.92,2.9,7.32,13.97,7.866,9.747,11.115
2026-02-06,ADTM1,9.86,9.92,0.609,0.749,74.9,0.99,4.47,5.26,11.98,9.0712,11.2404,12.818
2026-02-06,ADTN,9.86,9.92,0.609,0.749,74.9,0.99,4.47,5.26,11.98,9.0712,11.2404,12.818
2026-02-06,DHC,6.37,6.42,0.785,0.88,88.0,1.0,3.53,10.82,11.49,5.8604,7.2618,8.281
2026-02-06,DHCC,6.37,6.42,0.785,0.88,88.0,1.0,3.53,10.82,11.49,5.8604,7.2618,8.281
2026-02-06,ATEYY,171.0,176.5,3.216,0.78,78.0,1.47,3.82,11.57,13.47,157.32,194.94,222.3
2026-02-06,ARVLF,13.48,13.5,0.148,0.725,72.5,0.8,5.03,4.89,10.25,12.4016,15.3672,17.524
2026-02-06,ARVN,13.48,13.5,0.148,0.725,72.5,0.8,5.03,4.89,10.25,12.4016,15.3672,17.524
2026-02-06,FOXH,19.2,19.36,0.833,0.721,72.1,0.95,3.75,1.57,10.47,17.664,21.888,24.96
2026-02-06,MLKIQ,22.3366,22.2672,-0.311,0.927,92.7,1.09,3.27,12.63,11.27,20.5496,25.4637,29.0375
2026-02-06,MLKN,22.3366,22.2672,-0.311,0.927,92.7,1.09,3.27,12.63,11.27,20.5496,25.4637,29.0375
2026-02-06,APEI,44.89,44.8,-0.2,0.856,85.6,1.19,3.93,7.27,10.09,41.2988,51.1746,58.357
2026-02-06,APEX,44.89,44.8,-0.2,0.856,85.6,1.19,3.93,7.27,10.09,41.2988,51.1746,58.357
2026-02-06,APEX1,44.89,44.8,-0.2,0.856,85.6,1.19,3.93,7.27,10.09,41.2988,51.1746,58.357
2026-02-06,APFC,44.89,44.8,-0.2,0.856,85.6,1.19,3.93,7.27,10.09,41.2988,51.1746,58.357
2026-02-06,APFH,44.89,44.8,-0.2,0.856,85.6,1.19,3.93,7.27,10.09,41.2988,51.1746,58.357
2026-02-06,CMCL,22.6849,22.5553,-0.571,0.888,88.8,1.04,4.23,9.17,10.64,20.8701,25.8607,29.4903
2026-02-06,CMCM,22.6849,22.5553,-0.571,0.888,88.8,1.04,4.23,9.17,10.64,20.8701,25.8607,29.4903
2026-02-06,CMCO,22.6849,22.5553,-0.571,0.888,88.8,1.04,4.23,9.17,10.64,20.8701,25.8607,29.4903
2026-02-06,CMD,22.6849,22.5553,-0.571,0.888,88.8,1.04,4.23,9.17,10.64,20.8701,25.8607,29.4903
2026-02-06,APOG,41.79,41.61,-0.431,0.738,73.8,0.8,3.38,10.18,11.22,38.4468,47.6406,54.327
2026-02-06,CYD,50.0,50.17,0.34,0.776,77.6,0.94,4.98,10.49,8.48,46.0,57.0,65.0
2026-02-06,ALNT,65.74,66.44,1.065,0.777,77.7,1.63,4.47,6.06,10.23,60.4808,74.9436,85.462
2026-02-06,CGEM,12.23,12.16,-0.572,0.934,93.4,0.63,6.75,4.35,8.14,11.2516,13.9422,15.899
2026-02-06,PLRE,40.37,40.23,-0.347,0.826,82.6,0.84,2.35,7.54,8.38,37.1404,46.0218,52.481
2026-02-06,OCS,28.48,28.35,-0.456,0.899,89.9,0.83,5.55,8.07,9.42,26.2016,32.4672,37.024
2026-02-06,MANE,16.0,16.02,0.125,0.914,91.4,1.9,4.29,9.08,7.37,14.72,18.24,20.8
2026-02-06,NBBK,22.37,22.39,0.089,0.74,74.0,0.78,2.5,7.23,8.28,20.5804,25.5018,29.081
2026-02-06,ASTL,4.61,4.6,-0.217,0.733,73.3,0.98,6.36,4.62,6.37,4.2412,5.2554,5.993
2026-02-06,ASTLW,4.61,4.6,-0.217,0.733,73.3,0.98,6.36,4.62,6.37,4.2412,5.2554,5.993
2026-02-06,CFFN,7.6,7.57,-0.395,0.747,74.7,0.77,2.98,7.97,8.11,6.992,8.664,9.88
2026-02-06,HTLD,11.47,11.48,0.087,0.907,90.7,1.05,3.94,7.97,6.72,10.5524,13.0758,14.911
2026-02-06,ASGI,23.6126,23.6423,0.126,0.719,71.9,0.71,1.74,6.56,7.22,21.7236,26.9183,30.6963
2026-02-06,GSM,5.16,5.15,-0.194,0.84,84.0,0.66,4.93,3.1,6.37,4.7472,5.8824,6.708
2026-02-06,GSMGW,5.16,5.15,-0.194,0.84,84.0,0.66,4.93,3.1,6.37,4.7472,5.8824,6.708
2026-02-06,NWPX,74.32,74.47,0.202,0.784,78.4,1.48,3.16,8.7,6.55,68.3744,84.7248,96.616
2026-02-09,INTC,50.24,50.41,0.338,0.73,73.0,0.65,5.93,4.27,7343.73,46.2208,57.2736,65.312
2026-02-09,TSM,355.41,364.33,2.51,0.745,74.5,0.95,3.26,5.92,5485.82,326.9772,405.1674,462.033
2026-02-09,XOM,150.2088,150.3479,0.093,0.792,79.2,0.99,2.01,10.38,3241.13,138.1921,171.238,195.2714
2026-02-09,LRCX,229.28,229.28,0.0,0.889,88.9,0.73,5.24,1.74,3118.97,210.9376,261.3792,298.064
2026-02-09,AMAT,330.57,329.86,-0.215,0.753,75.3,0.89,4.32,3.32,2778.33,304.1244,376.8498,429.741
2026-02-09,JNJ,238.64,239.98,0.562,0.758,75.8,0.93,1.79,6.11,2401.92,219.5488,272.0496,310.232
2026-02-09,CAT,742.12,742.75,0.085,0.821,82.1,0.86,3.3,12.32,2156.09,682.7504,846.0168,964.756
2026-02-09,TXN,218.77,216.83,-0.887,0.722,72.2,0.94,2.86,7.01,2150.72,201.2684,249.3978,284.401
2026-02-09,BE,155.17,152.96,-1.424,0.74,74.0,0.9,9.72,4.7,1960.53,142.7564,176.8938,201.721
2026-02-09,STX,425.0,421.77,-0.76,0.898,89.8,0.61,6.91,12.66,2239.86,391.0,484.5,552.5
2026-02-09,C,123.77,123.72,-0.04,0.755,75.5,0.84,2.82,6.8,1909.05,113.8684,141.0978,160.901
2026-02-09,MRK,117.65,117.69,0.034,0.818,81.8,1.14,2.68,5.33,1667.55,108.238,134.121,152.945
2026-02-09,ADI,321.9619,319.7388,-0.69,0.87,87.0,0.78,2.81,4.62,1303.83,296.2049,367.0365,418.5504
2026-02-09,NEM,120.73,119.81,-0.762,0.851,85.1,0.67,4.06,1.9,1350.46,111.0716,137.6322,156.949
2026-02-09,APLD,38.26,37.64,-1.62,0.846,84.6,1.04,11.24,6.22,1362.29,35.1992,43.6164,49.738
2026-02-09,LMT,638.29,637.47,-0.128,0.878,87.8,0.8,3.13,6.75,1266.69,587.2268,727.6506,829.777
2026-02-09,GILD,151.68,151.47,-0.138,0.764,76.4,0.91,2.86,11.49,1244.87,139.5456,172.9152,197.184
2026-02-09,HON,239.84,239.97,0.054,0.719,71.9,0.58,1.77,7.46,1237.57,220.6528,273.4176,311.792
2026-02-09,SLB,50.2437,50.5917,0.693,0.852,85.2,0.61,2.95,4.13,1125.16,46.2242,57.2778,65.3168
2026-02-09,CMCSA,31.61,31.59,-0.063,0.761,76.1,0.63,2.8,7.84,1225.81,29.0812,36.0354,41.093
2026-02-09,DE,585.67,586.11,0.075,0.751,75.1,0.75,2.36,10.46,858.05,538.8164,667.6638,761.371
2026-02-09,COP,108.7,108.55,-0.138,0.727,72.7,0.7,2.63,7.64,978.17,100.004,123.918,141.31
2026-02-09,BMY,60.77,60.94,0.28,0.78,78.0,1.02,2.25,8.06,832.98,55.9084,69.2778,79.001
2026-02-09,NOC,698.02,702.32,0.616,0.757,75.7,0.67,2.99,3.46,722.42,642.1784,795.7428,907.426
2026-02-09,MPWR,1206.1801,1197.26,-0.74,0.786,78.6,0.96,4.64,10.02,830.03,1109.6856,1375.0453,1568.0341
2026-02-09,TGT,114.3569,114.3371,-0.017,0.798,79.8,0.69,2.96,6.37,751.78,105.2084,130.3669,148.664
2026-02-09,UPS,117.92,118.25,0.28,0.781,78.1,0.77,2.47,7.66,797.83,108.4864,134.4288,153.296
2026-02-09,VALE,16.79,16.71,-0.476,0.853,85.3,1.3,2.88,6.34,762.5,15.4468,19.1406,21.827
2026-02-09,FDX,364.6,364.2,-0.11,0.858,85.8,0.73,2.36,12.16,741.94,335.432,415.644,473.98
2026-02-09,AG,23.7439,23.404,-1.432,0.958,95.8,0.7,7.67,5.42,751.76,21.8444,27.068,30.8671
2026-02-09,CL,94.16,94.06,-0.106,0.706,70.6,0.72,1.95,7.47,744.64,86.6272,107.3424,122.408
2026-02-09,PNC,240.95,240.13,-0.34,0.826,82.6,0.71,2.02,7.27,769.57,221.674,274.683,313.235
2026-02-09,CCL,32.81,32.55,-0.792,0.746,74.6,0.87,3.67,8.21,689.39,30.1852,37.4034,42.653
2026-02-09,UAL,116.2,115.71,-0.422,0.744,74.4,0.81,3.81,5.81,693.2,106.904,132.468,151.06
2026-02-09,CDE,23.03,22.7,-1.433,0.906,90.6,0.81,7.66,1.79,716.48,21.1876,26.2542,29.939
2026-02-09,AEM,209.84,211.78,0.925,0.772,77.2,0.8,4.13,3.0,691.38,193.0528,239.2176,272.792
2026-02-09,DAL,75.0,74.63,-0.493,0.813,81.3,0.85,3.38,8.2,673.16,69.0,85.5,97.5
2026-02-09,CMIIU,599.365,599.973,0.101,0.788,78.8,1.22,2.88,4.03,665.68,551.4158,683.2761,779.1745
2026-02-09,CMIKA,599.365,599.973,0.101,0.788,78.8,1.22,2.88,4.03,665.68,551.4158,683.2761,779.1745
2026-02-09,CMIN,599.365,599.973,0.101,0.788,78.8,1.22,2.88,4.03,665.68,551.4158,683.2761,779.1745
2026-02-09,CMIV,599.365,599.973,0.101,0.788,78.8,1.22,2.88,4.03,665.68,551.4158,683.2761,779.1745
2026-02-09,EMRAF,159.3975,159.5867,0.119,0.76,76.0,0.82,2.39,6.7,591.24,146.6457,181.7131,207.2167
2026-02-09,EMRI,159.3975,159.5867,0.119,0.76,76.0,0.82,2.39,6.7,591.24,146.6457,181.7131,207.2167
2026-02-09,CCJ,120.68,120.28,-0.331,0.819,81.9,0.71,5.18,1.16,611.41,111.0256,137.5752,156.884
2026-02-09,BKR,59.55,59.74,0.319,0.735,73.5,0.81,3.03,8.72,645.4,54.786,67.887,77.415
2026-02-09,FIX,1283.65,1280.12,-0.275,0.85,85.0,0.93,4.67,12.36,493.76,1180.958,1463.361,1668.745
2026-02-09,TFC,54.78,54.55,-0.42,0.743,74.3,0.98,2.09,6.3,633.85,50.3976,62.4492,71.214
2026-02-09,CHSCL,199.6272,198.8199,-0.404,0.843,84.3,0.74,2.62,8.12,453.79,183.657,227.575,259.5153
2026-02-09,ROST,194.5,193.86,-0.329,0.711,71.1,0.77,1.82,2.35,480.33,178.94,221.73,252.85
2026-02-09,DG,147.37,148.36,0.672,0.883,88.3,0.74,2.89,0.09,445.92,135.5804,168.0018,191.581
2026-02-09,SCCO,205.635,202.89,-1.335,0.908,90.8,0.61,4.97,9.41,594.89,189.1842,234.4239,267.3255
2026-02-09,ODFL,196.11,195.32,-0.403,0.879,87.9,0.94,3.31,8.18,483.05,180.4212,223.5654,254.943
2026-02-09,ITW,290.58,291.55,0.334,0.706,70.6,1.16,2.1,8.99,471.94,267.3336,331.2612,377.754
2026-02-09,IR,98.39,98.69,0.305,0.791,79.1,1.08,2.82,9.98,438.25,90.5188,112.1646,127.907
2026-02-09,RIO,96.85,96.87,0.021,0.862,86.2,0.73,2.08,7.27,430.48,89.102,110.409,125.905
2026-02-09,OKE,83.13,83.7,0.686,0.737,73.7,0.8,2.7,8.39,417.25,76.4796,94.7682,108.069
2026-02-09,ROG-SW,353.8,356.0,0.622,0.829,82.9,0.81,1.88,1.29,385.69,325.496,403.332,459.94
2026-02-09,CNQ,39.17,39.47,0.766,0.725,72.5,0.9,2.53,8.19,362.63,36.0364,44.6538,50.921
2026-02-09,KEX,22.7844,22.7448,-0.174,0.801,80.1,0.73,2.21,6.08,373.58,20.9617,25.9742,29.6197
2026-02-09,CFG,67.7,67.47,-0.34,0.98,98.0,0.84,2.29,7.43,400.58,62.284,77.178,88.01
2026-02-09,WPM,142.78,142.24,-0.378,0.86,86.0,0.85,4.49,2.37,428.35,131.3576,162.7692,185.614
2026-02-09,KEYS,235.93,235.57,-0.153,0.808,80.8,1.24,2.87,8.1,261.2,217.0556,268.9602,306.709
2026-02-09,NUE,193.08,191.93,-0.596,0.849,84.9,0.69,2.71,7.7,381.33,177.6336,220.1112,251.004
2026-02-09,TEVA,34.47,34.59,0.348,0.86,86.0,0.66,3.13,3.83,393.96,31.7124,39.2958,44.811
2026-02-09,GWW,1190.15,1190.15,0.0,0.779,77.9,0.81,2.2,9.22,368.3,1094.938,1356.771,1547.195
2026-02-09,BHP,71.67,72.25,0.809,0.801,80.1,1.22,2.36,5.31,347.42,65.9364,81.7038,93.171
2026-02-09,AU,107.19,107.42,0.215,0.856,85.6,0.69,4.95,4.67,367.36,98.6148,122.1966,139.347
2026-02-09,DOV,224.4749,223.9461,-0.236,0.976,97.6,0.88,2.09,7.63,327.11,206.5169,255.9014,291.8174
2026-02-09,MTB,236.25,235.02,-0.521,0.793,79.3,0.84,2.12,7.31,323.78,217.35,269.325,307.125
2026-02-09,TRGP,217.7,218.6,0.413,0.783,78.3,1.13,2.73,12.1,282.21,200.284,248.178,283.01
2026-02-09,JBL,265.8764,264.3169,-0.587,0.963,96.3,0.85,4.11,8.51,293.65,244.6063,303.0991,345.6393
2026-02-09,EME,776.24,779.33,0.398,0.729,72.9,1.19,3.28,9.25,263.57,714.1408,884.9136,1009.112
2026-02-09,ATHXQ,135.66,135.9,0.177,0.867,86.7,0.85,3.4,8.43,269.5,124.8072,154.6524,176.358
2026-02-09,ATI,135.66,135.9,0.177,0.867,86.7,0.85,3.4,8.43,269.5,124.8072,154.6524,176.358
2026-02-09,ATI1,135.66,135.9,0.177,0.867,86.7,0.85,3.4,8.43,269.5,124.8072,154.6524,176.358
2026-02-09,SU,54.67,54.9,0.421,0.759,75.9,0.92,2.51,6.42,286.49,50.2964,62.3238,71.071
2026-02-09,EXPD,163.64,163.65,0.006,0.957,95.7,0.66,1.79,1.19,247.87,150.5488,186.5496,212.732
2026-02-09,LII,529.29,533.04,0.708,0.996,99.6,0.86,3.12,2.94,290.42,486.9468,603.3906,688.077
2026-02-09,WST,248.93,250.41,0.595,0.91,91.0,0.89,3.76,0.31,294.14,229.0156,283.7802,323.609
2026-02-09,HUBB,504.7689,502.4352,-0.462,0.987,98.7,1.0,2.97,3.77,307.13,464.3874,575.4366,656.1996
2026-02-09,AMLJ,52.52,54.27,3.332,0.914,91.4,2.01,6.95,6.21,222.17,48.3184,59.8728,68.276
2026-02-09,AMLN,52.52,54.27,3.332,0.914,91.4,2.01,6.95,6.21,222.17,48.3184,59.8728,68.276
2026-02-09,AMKR,52.4196,54.1662,3.332,0.913,91.3,2.01,6.95,6.21,221.74,48.226,59.7583,68.1454
2026-02-09,TD,98.21,98.22,0.01,0.718,71.8,1.08,1.5,3.68,221.92,90.3532,111.9594,127.673
2026-02-09,ATO,170.5126,170.9004,0.227,0.933,93.3,0.71,1.77,1.76,304.9,156.8716,194.3843,221.6663
2026-02-09,CDW,142.7201,142.7798,0.042,0.996,99.6,0.74,2.71,9.54,250.32,131.3025,162.7009,185.5362
2026-02-09,ITUB,9.32,9.37,0.536,0.812,81.2,0.9,2.46,12.82,272.08,8.5744,10.6248,12.116
2026-02-09,BTGO,5.4191,5.3793,-0.735,0.835,83.5,0.74,5.16,8.0,279.62,4.9856,6.1778,7.0449
2026-02-09,BTHS,5.4191,5.3793,-0.735,0.835,83.5,0.74,5.16,8.0,279.62,4.9856,6.1778,7.0449
2026-02-09,BTIC,5.4191,5.3793,-0.735,0.835,83.5,0.74,5.16,8.0,279.62,4.9856,6.1778,7.0449
2026-02-09,NGD,11.37,11.33,-0.352,0.917,91.7,0.89,7.63,2.36,286.17,10.4604,12.9618,14.781
2026-02-09,CPAY,355.91,357.55,0.461,0.745,74.5,0.96,3.18,10.37,234.59,327.4372,405.7374,462.683
2026-02-09,POOL,261.0136,263.2204,0.845,0.987,98.7,0.81,2.42,0.36,205.14,240.1325,297.5555,339.3177
2026-02-09,CF,94.4359,94.8138,0.4,0.99,99.0,0.72,3.34,5.27,224.97,86.881,107.6569,122.7666
2026-02-09,FNV,248.32,247.67,-0.262,0.797,79.7,0.77,3.92,1.16,272.11,228.4544,283.0848,322.816
2026-02-09,LH,273.3241,275.2792,0.715,0.981,98.1,0.88,2.14,1.88,224.98,251.4582,311.5895,355.3213
2026-02-09,ZBH,89.73,94.15,4.926,0.952,95.2,1.76,2.72,2.34,216.79,82.5516,102.2922,116.649
2026-02-09,WSM,217.57,217.48,-0.041,0.847,84.7,0.9,3.39,3.57,213.85,200.1644,248.0298,282.841
2026-02-09,CATA1,658.96,660.8,0.279,0.74,74.0,0.81,2.42,4.91,235.58,606.2432,751.2144,856.648
2026-02-09,TPL,374.0814,378.1667,1.092,0.997,99.7,1.48,4.01,9.47,137.32,344.1549,426.4528,486.3058
2026-02-09,EAXR,171.21,170.07,-0.666,0.926,92.6,0.86,4.37,5.43,235.85,157.5132,195.1794,222.573
2026-02-09,EB,171.21,170.07,-0.666,0.926,92.6,0.86,4.37,5.43,235.85,157.5132,195.1794,222.573
2026-02-09,EBBGF,171.21,170.07,-0.666,0.926,92.6,0.86,4.37,5.43,235.85,157.5132,195.1794,222.573
2026-02-09,EBBNF,171.21,170.07,-0.666,0.926,92.6,0.86,4.37,5.43,235.85,157.5132,195.1794,222.573
2026-02-09,LDOS,194.58,194.57,-0.005,0.997,99.7,0.77,2.64,1.93,166.27,179.0136,221.8212,252.954
2026-02-09,ZBRA,257.79,258.55,0.295,0.991,99.1,1.0,3.27,4.59,181.74,237.1668,293.8806,335.127
2026-02-09,BAP,356.74,357.62,0.247,0.863,86.3,1.57,2.72,3.71,208.06,328.2008,406.6836,463.762
2026-02-09,TKO,209.39,211.81,1.156,0.989,98.9,0.86,2.92,2.6,192.43,192.6388,238.7046,272.207
2026-02-09,IAG,21.28,21.12,-0.752,0.916,91.6,0.93,5.72,10.09,219.71,19.5776,24.2592,27.664
2026-02-09,PQUEQ,17.14,16.9,-1.4,0.799,79.9,1.18,2.98,11.77,195.92,15.7688,19.5396,22.282
2026-02-09,PRA,17.14,16.9,-1.4,0.799,79.9,1.18,2.98,11.77,195.92,15.7688,19.5396,22.282
2026-02-09,TXT,95.4491,95.7091,0.272,0.977,97.7,0.76,2.3,3.13,200.94,87.8132,108.812,124.0839
2026-02-09,BWA,52.5843,52.5643,-0.038,0.959,95.9,1.71,2.16,8.29,108.54,48.3775,59.9461,68.3595
2026-02-09,AGI,43.85,43.78,-0.16,0.848,84.8,1.03,5.01,6.8,213.73,40.342,49.989,57.005
2026-02-09,WHR,86.7162,87.338,0.717,0.894,89.4,0.66,3.91,3.74,158.14,79.7789,98.8564,112.731
2026-02-09,GFS,43.525,43.7,0.402,0.769,76.9,0.87,4.79,1.49,174.01,40.043,49.6185,56.5825
2026-02-09,OCAI,134.7729,136.5202,1.296,0.837,83.7,0.72,3.14,8.57,200.5,123.991,153.6411,175.2047
2026-02-09,IEX,210.75,211.56,0.384,0.948,94.8,1.24,2.32,6.14,210.28,193.89,240.255,273.975
2026-02-09,WYNN,116.6855,117.1345,0.385,0.999,99.9,1.6,2.66,2.86,155.27,107.3507,133.0215,151.6912
2026-02-09,ASA,39.54,40.34,2.023,0.822,82.2,2.03,3.81,6.29,163.71,36.3768,45.0756,51.402
2026-02-09,BCS,26.71,26.1,-2.284,0.72,72.0,1.27,1.7,1.35,148.28,24.5732,30.4494,34.723
2026-02-09,CNH1,12.37,12.38,0.081,0.771,77.1,0.68,2.66,11.57,155.76,11.3804,14.1018,16.081
2026-02-09,CNJ,12.37,12.38,0.081,0.771,77.1,0.68,2.66,11.57,155.76,11.3804,14.1018,16.081
2026-02-09,CNK,12.37,12.38,0.081,0.771,77.1,0.68,2.66,11.57,155.76,11.3804,14.1018,16.081
2026-02-09,PRAX,319.54,325.4,1.834,0.949,94.9,0.66,5.91,4.13,180.97,293.9768,364.2756,415.402
2026-02-09,NTRT,153.937,153.1912,-0.484,0.708,70.8,0.74,2.35,4.05,177.12,141.622,175.4882,200.1181
2026-02-09,NTS,153.937,153.1912,-0.484,0.708,70.8,0.74,2.35,4.05,177.12,141.622,175.4882,200.1181
2026-02-09,TAP,50.3516,50.5297,0.354,0.93,93.0,1.02,2.44,2.62,139.2,46.3235,57.4008,65.4571
2026-02-09,BLD,522.39,525.73,0.639,0.721,72.1,1.11,3.41,6.91,150.12,480.5988,595.5246,679.107
2026-02-09,ESS,257.8,258.44,0.248,0.993,99.3,0.68,1.95,2.03,159.29,237.176,293.892,335.14
2026-02-09,SAN,12.8,13.01,1.641,0.703,70.3,1.36,2.3,2.7,157.42,11.776,14.592,16.64
2026-02-09,CLGX,267.62,268.28,0.247,0.806,80.6,0.98,2.06,2.62,120.41,246.2104,305.0868,347.906
2026-02-09,PNW,93.11,93.23,0.129,0.938,93.8,0.63,1.86,0.86,116.41,85.6612,106.1454,121.043
2026-02-09,FLSCQ,85.61,85.63,0.023,0.757,75.7,1.09,2.85,9.39,121.45,78.7612,97.5954,111.293
2026-02-09,ZION,64.6939,64.2273,-0.721,0.844,84.4,0.92,2.42,7.32,138.86,59.5184,73.7511,84.1021
2026-02-09,PRIM,162.61,161.15,-0.898,0.813,81.3,1.06,4.61,9.11,123.78,149.6012,185.3754,211.393
2026-02-09,HSIC,80.1,80.05,-0.062,0.985,98.5,0.89,2.72,4.13,99.52,73.692,91.314,104.13
2026-02-09,SEDG,36.8,36.65,-0.408,0.96,96.0,0.81,6.91,8.27,98.02,33.856,41.952,47.84
2026-02-09,PRY-MI,106.1,106.1,0.0,0.79,79.0,0.96,3.58,8.93,118.28,97.612,120.954,137.93
2026-02-09,BTU,37.7454,37.6456,-0.264,0.805,80.5,1.02,5.51,5.02,122.12,34.7258,43.0297,49.069
2026-02-09,BUTLQ,37.7454,37.6456,-0.264,0.805,80.5,1.02,5.51,5.02,122.12,34.7258,43.0297,49.069
2026-02-09,APG,44.81,44.91,0.223,0.707,70.7,0.92,2.71,5.4,94.11,41.2252,51.0834,58.253
2026-02-09,MICU,161.04,161.05,0.006,0.818,81.8,0.59,2.68,6.1,115.04,148.1568,183.5856,209.352
2026-02-09,MHI1,132.14,132.26,0.091,0.731,73.1,1.0,2.84,7.22,94.45,121.5688,150.6396,171.782
2026-02-09,IESC,489.52,495.42,1.205,0.759,75.9,1.19,6.42,10.29,95.6,450.3584,558.0528,636.376
2026-02-09,FRPT,69.92,69.87,-0.072,0.766,76.6,0.78,4.4,1.9,87.5,64.3264,79.7088,90.896
2026-02-09,FRT,106.11,106.39,0.264,0.959,95.9,0.91,1.61,3.75,85.55,97.6212,120.9654,137.943
2026-02-09,CAKE,63.1902,62.4139,-1.229,0.864,86.4,0.89,3.11,6.37,77.88,58.135,72.0369,82.1473
2026-02-09,CAKR,63.1902,62.4139,-1.229,0.864,86.4,0.89,3.11,6.37,77.88,58.135,72.0369,82.1473
2026-02-09,COLD,32.0277,31.9783,-0.154,0.739,73.9,0.81,2.86,9.46,96.08,29.4655,36.5116,41.6361
2026-02-09,GVA,132.1,132.57,0.356,0.804,80.4,1.21,2.33,7.63,79.21,121.532,150.594,171.73
2026-02-09,L,110.8361,109.5268,-1.181,0.988,98.8,1.6,1.69,5.66,86.46,101.9692,126.3532,144.0869
2026-02-09,OLOXF,24.3667,24.6842,1.303,0.785,78.5,0.77,5.71,4.93,89.25,22.4174,27.778,31.6767
2026-02-09,CUKPF,32.4189,32.2099,-0.645,0.847,84.7,0.62,3.57,8.19,84.15,29.8254,36.9575,42.1446
2026-02-09,IMO,114.34,114.65,0.271,0.709,70.9,0.62,3.01,11.52,84.9,105.1928,130.3476,148.642
2026-02-09,AMTM,36.59,33.64,-8.062,0.921,92.1,1.69,3.51,2.98,76.21,33.6628,41.7126,47.567
2026-02-09,HUN,13.05,13.16,0.843,0.913,91.3,0.95,4.71,8.65,76.18,12.006,14.877,16.965
2026-02-09,AUGO,73.0,72.7,-0.411,0.962,96.2,1.07,5.91,12.21,85.49,67.16,83.22,94.9
2026-02-09,ARRT,11.92,11.98,0.503,0.808,80.8,0.6,7.6,9.94,73.63,10.9664,13.5888,15.496
2026-02-09,ARRY,11.92,11.98,0.503,0.808,80.8,0.6,7.6,9.94,73.63,10.9664,13.5888,15.496
2026-02-09,ARRY1,11.92,11.98,0.503,0.808,80.8,0.6,7.6,9.94,73.63,10.9664,13.5888,15.496
2026-02-09,ARS,11.92,11.98,0.503,0.808,80.8,0.6,7.6,9.94,73.63,10.9664,13.5888,15.496
2026-02-09,JBS,16.15,16.06,-0.557,0.737,73.7,0.9,2.7,4.81,71.91,14.858,18.411,20.995
2026-02-09,PLXT,208.36,209.0,0.307,0.89,89.0,0.91,4.82,11.74,88.94,191.6912,237.5304,270.868
2026-02-09,BTE,3.59,3.61,0.557,0.849,84.9,0.89,3.92,5.32,68.62,3.3028,4.0926,4.667
2026-02-09,KYMR,79.02,78.75,-0.342,0.765,76.5,0.8,4.85,7.46,56.81,72.6984,90.0828,102.726
2026-02-09,BVN,39.12,38.75,-0.946,0.94,94.0,0.76,5.16,7.48,71.24,35.9904,44.5968,50.856
2026-02-09,XRAY,13.7,13.77,0.511,0.986,98.6,1.17,4.04,8.92,57.88,12.604,15.618,17.81
2026-02-09,ATRO,77.72,77.33,-0.502,0.929,92.9,0.73,5.05,3.39,62.35,71.5024,88.6008,101.036
2026-02-09,HWC,73.0143,72.7761,-0.326,0.776,77.6,0.68,2.39,5.93,70.09,67.1731,83.2362,94.9185
2026-02-09,LGIQ,52.01,52.47,0.884,0.886,88.6,0.83,6.42,7.91,55.25,47.8492,59.2914,67.613
2026-02-09,LGL,52.01,52.47,0.884,0.886,88.6,0.83,6.42,7.91,55.25,47.8492,59.2914,67.613
2026-02-09,LGL-WT,52.01,52.47,0.884,0.886,88.6,0.83,6.42,7.91,55.25,47.8492,59.2914,67.613
2026-02-09,LGN,52.01,52.47,0.884,0.886,88.6,0.83,6.42,7.91,55.25,47.8492,59.2914,67.613
2026-02-09,BANC,21.0,20.91,-0.429,0.721,72.1,0.87,2.96,3.08,66.45,19.32,23.94,27.3
2026-02-09,CMPO,25.3174,25.4974,0.711,0.734,73.4,0.69,6.44,5.14,65.64,23.292,28.8619,32.9127
2026-02-09,CPA,151.5489,150.2441,-0.861,0.738,73.8,0.89,2.87,11.51,57.3,139.425,172.7657,197.0136
2026-02-09,CPAC,151.5489,150.2441,-0.861,0.738,73.8,0.89,2.87,11.51,57.3,139.425,172.7657,197.0136
2026-02-09,DAP,31.9896,31.8301,-0.498,0.896,89.6,0.6,3.68,9.17,56.97,29.4304,36.4681,41.5864
2026-02-09,DAR,31.9896,31.8301,-0.498,0.896,89.6,0.6,3.68,9.17,56.97,29.4304,36.4681,41.5864
2026-02-09,HE,16.8,16.94,0.833,0.893,89.3,0.59,4.18,10.07,55.47,15.456,19.152,21.84
2026-02-09,HEAL1,16.8,16.94,0.833,0.893,89.3,0.59,4.18,10.07,55.47,15.456,19.152,21.84
2026-02-09,MODG,14.92,15.0,0.536,0.888,88.8,0.59,3.79,0.69,46.85,13.7264,17.0088,19.396
2026-02-09,CSTM,24.7,24.7,0.0,0.908,90.8,0.92,3.96,6.96,37.68,22.724,28.158,32.11
2026-02-09,COLM,62.5068,62.5764,0.111,0.717,71.7,1.55,3.35,12.09,52.91,57.5063,71.2578,81.2588
2026-02-09,COLV,62.5068,62.5764,0.111,0.717,71.7,1.55,3.35,12.09,52.91,57.5063,71.2578,81.2588
2026-02-09,ATMP,62.0475,62.0275,-0.032,0.762,76.2,1.99,2.6,6.99,36.74,57.0837,70.7341,80.6617
2026-02-09,ATMV,62.0475,62.0275,-0.032,0.762,76.2,1.99,2.6,6.99,36.74,57.0837,70.7341,80.6617
2026-02-09,ATMVR,62.0475,62.0275,-0.032,0.762,76.2,1.99,2.6,6.99,36.74,57.0837,70.7341,80.6617
2026-02-09,PATK,141.1436,142.2298,0.77,0.852,85.2,0.86,3.39,9.38,57.33,129.8521,160.9037,183.4867
2026-02-09,PLAB,37.54,37.77,0.613,0.946,94.6,0.73,6.4,7.36,45.01,34.5368,42.7956,48.802
2026-02-09,BOJA,135.736,135.2483,-0.359,0.767,76.7,1.07,2.12,4.35,50.88,124.8771,154.739,176.4568
2026-02-09,BOLD,135.736,135.2483,-0.359,0.767,76.7,1.07,2.12,4.35,50.88,124.8771,154.739,176.4568
2026-02-09,SDZ-SW,63.14,63.04,-0.158,0.707,70.7,0.75,2.52,2.36,46.04,58.0888,71.9796,82.082
2026-02-09,ICH1,34.11,42.22,23.776,0.966,96.6,1.55,8.28,12.53,35.41,31.3812,38.8854,44.343
2026-02-09,ICHR1,34.11,42.22,23.776,0.966,96.6,1.55,8.28,12.53,35.41,31.3812,38.8854,44.343
2026-02-09,KT,21.77,21.88,0.505,0.701,70.1,0.92,1.82,7.56,37.76,20.0284,24.8178,28.301
2026-02-09,PACW1,38.2,37.89,-0.812,0.978,97.8,0.79,4.91,3.72,38.87,35.144,43.548,49.66
2026-02-09,PACX,38.2,37.89,-0.812,0.978,97.8,0.79,4.91,3.72,38.87,35.144,43.548,49.66
2026-02-09,PAE,38.2,37.89,-0.812,0.978,97.8,0.79,4.91,3.72,38.87,35.144,43.548,49.66
2026-02-09,PAET,38.2,37.89,-0.812,0.978,97.8,0.79,4.91,3.72,38.87,35.144,43.548,49.66
2026-02-09,MFG,9.8,10.05,2.551,0.891,89.1,0.85,1.87,12.62,42.8,9.016,11.172,12.74
2026-02-09,FULT,22.72,22.7,-0.088,0.803,80.3,0.8,2.64,9.55,47.85,20.9024,25.9008,29.536
2026-02-09,IMVT,27.49,27.5,0.036,0.712,71.2,1.27,4.84,5.02,42.13,25.2908,31.3386,35.737
2026-02-09,IMXI,27.49,27.5,0.036,0.712,71.2,1.27,4.84,5.02,42.13,25.2908,31.3386,35.737
2026-02-09,CGAU,18.59,18.4,-1.022,0.91,91.0,0.79,4.74,5.8,47.59,17.1028,21.1926,24.167
2026-02-09,ORLA,17.34,17.24,-0.577,0.931,93.1,0.82,6.49,6.19,45.67,15.9528,19.7676,22.542
2026-02-09,BLTE,183.01,181.34,-0.913,0.948,94.8,0.71,6.26,9.59,42.73,168.3692,208.6314,237.913
2026-02-09,AX,99.14,98.97,-0.171,0.727,72.7,0.75,2.97,4.04,41.94,91.2088,113.0196,128.882
2026-02-09,AVNT1,39.01,39.37,0.923,0.832,83.2,0.58,2.82,6.22,36.91,35.8892,44.4714,50.713
2026-02-09,AXGN,33.93,34.05,0.354,0.869,86.9,0.63,4.59,2.09,35.65,31.2156,38.6802,44.109
2026-02-09,ABBNY,89.55,89.68,0.145,0.775,77.5,0.77,1.54,10.82,34.17,82.386,102.087,116.415
2026-02-09,ABCB,89.55,89.68,0.145,0.775,77.5,0.77,1.54,10.82,34.17,82.386,102.087,116.415
2026-02-09,CAPR,25.19,25.2,0.04,0.984,98.4,0.58,5.78,5.62,28.86,23.1748,28.7166,32.747
2026-02-09,CEDCQ,73.78,73.75,-0.041,0.859,85.9,0.82,3.97,7.96,19.19,67.8776,84.1092,95.914
2026-02-09,CMBT,12.65,12.69,0.316,0.831,83.1,0.63,2.86,4.91,26.84,11.638,14.421,16.445
2026-02-09,EWTLQ,30.25,30.25,0.0,0.878,87.8,0.8,6.08,7.24,34.26,27.83,34.485,39.325
2026-02-09,COHU,31.67,32.1,1.358,0.856,85.6,1.08,5.03,9.01,26.3,29.1364,36.1038,41.171
2026-02-09,COLB,31.67,32.1,1.358,0.856,85.6,1.08,5.03,9.01,26.3,29.1364,36.1038,41.171
2026-02-09,GFIG,94.5769,94.8961,0.337,0.838,83.8,1.3,2.85,11.9,30.68,87.0107,107.8176,122.9499
2026-02-09,NBR,70.42,70.4,-0.028,0.853,85.3,0.86,4.25,7.3,21.76,64.7864,80.2788,91.546
2026-02-09,BW,9.52,9.54,0.21,0.871,87.1,0.92,10.58,2.58,30.63,8.7584,10.8528,12.376
2026-02-09,NVSGF,19.16,19.11,-0.261,0.882,88.2,0.61,1.9,1.72,23.63,17.6272,21.8424,24.908
2026-02-09,GLDG,16.06,16.05,-0.062,0.784,78.4,0.62,4.4,7.16,16.51,14.7752,18.3084,20.878
2026-02-09,CASC2,93.93,93.49,-0.468,0.854,85.4,1.05,3.31,11.71,28.05,86.4156,107.0802,122.109
2026-02-09,DIOD,61.11,61.23,0.196,0.816,81.6,0.88,4.05,5.06,19.23,56.2212,69.6654,79.443
2026-02-09,DIOMQ,61.11,61.23,0.196,0.816,81.6,0.88,4.05,5.06,19.23,56.2212,69.6654,79.443
2026-02-09,DISA,61.11,61.23,0.196,0.816,81.6,0.88,4.05,5.06,19.23,56.2212,69.6654,79.443
2026-02-09,DISK,61.11,61.23,0.196,0.816,81.6,0.88,4.05,5.06,19.23,56.2212,69.6654,79.443
2026-02-09,IRW,4.84,4.84,0.0,0.941,94.1,1.22,7.43,0.72,13.72,4.4528,5.5176,6.292
2026-02-09,IRWD,4.84,4.84,0.0,0.941,94.1,1.22,7.43,0.72,13.72,4.4528,5.5176,6.292
2026-02-09,NWKC,4.4712,4.4417,-0.661,0.88,88.0,1.14,4.24,4.68,26.35,4.1135,5.0972,5.8126
2026-02-09,ANAB,49.95,49.72,-0.46,0.902,90.2,1.11,6.27,3.58,20.5,45.954,56.943,64.935
2026-02-09,KRUS,76.8,75.95,-1.107,0.942,94.2,0.75,5.64,6.39,23.04,70.656,87.552,99.84
2026-02-09,LGIH,58.64,59.74,1.876,0.764,76.4,0.95,4.54,9.78,21.06,53.9488,66.8496,76.232
2026-02-09,AZX,133.27,133.59,0.24,0.827,82.7,1.28,2.25,6.63,19.93,122.6084,151.9278,173.251
2026-02-09,AZZ,133.27,133.59,0.24,0.827,82.7,1.28,2.25,6.63,19.93,122.6084,151.9278,173.251
2026-02-09,B,133.27,133.59,0.24,0.827,82.7,1.28,2.25,6.63,19.93,122.6084,151.9278,173.251
2026-02-09,DRVN,16.77,16.81,0.239,0.733,73.3,1.2,3.72,5.24,16.27,15.4284,19.1178,21.801
2026-02-09,DRWIQ,16.77,16.81,0.239,0.733,73.3,1.2,3.72,5.24,16.27,15.4284,19.1178,21.801
2026-02-09,MAZE,47.71,47.63,-0.168,0.897,89.7,0.66,7.36,8.07,24.53,43.8932,54.3894,62.023
2026-02-09,BRCB,92.84,92.84,0.0,0.754,75.4,1.24,1.95,7.64,18.1,85.4128,105.8376,120.692
2026-02-09,BRCC,92.84,92.84,0.0,0.754,75.4,1.24,1.95,7.64,18.1,85.4128,105.8376,120.692
2026-02-09,DCO,122.48,122.01,-0.384,0.777,77.7,1.19,3.36,6.95,21.29,112.6816,139.6272,159.224
2026-02-09,ANDE,67.34,67.65,0.46,0.824,82.4,0.88,2.95,9.82,18.73,61.9528,76.7676,87.542
2026-02-09,ANDG,67.34,67.65,0.46,0.824,82.4,0.88,2.95,9.82,18.73,61.9528,76.7676,87.542
2026-02-09,ANDN1,67.34,67.65,0.46,0.824,82.4,0.88,2.95,9.82,18.73,61.9528,76.7676,87.542
2026-02-09,ANDR,67.34,67.65,0.46,0.824,82.4,0.88,2.95,9.82,18.73,61.9528,76.7676,87.542
2026-02-09,KNAN,27.24,27.2,-0.147,0.715,71.5,2.01,3.49,10.67,19.79,25.0608,31.0536,35.412
2026-02-09,KNAP,27.24,27.2,-0.147,0.715,71.5,2.01,3.49,10.67,19.79,25.0608,31.0536,35.412
2026-02-09,MCW,6.16,6.17,0.162,0.724,72.4,0.8,3.86,5.81,6.64,5.6672,7.0224,8.008
2026-02-09,BCEIF,12.9,13.0,0.775,0.728,72.8,3.48,5.1,2.96,21.59,11.868,14.706,16.77
2026-02-09,BCEL,12.9,13.0,0.775,0.728,72.8,3.48,5.1,2.96,21.59,11.868,14.706,16.77
2026-02-09,BCEPF,12.9,13.0,0.775,0.728,72.8,3.48,5.1,2.96,21.59,11.868,14.706,16.77
2026-02-09,GILT,19.27,16.24,-15.724,0.916,91.6,0.78,6.18,4.18,21.48,17.7284,21.9678,25.051
2026-02-09,AIMT,58.96,59.42,0.78,0.814,81.4,0.79,2.51,3.05,15.36,54.2432,67.2144,76.648
2026-02-09,AIN,58.96,59.42,0.78,0.814,81.4,0.79,2.51,3.05,15.36,54.2432,67.2144,76.648
2026-02-09,HLX,8.65,8.64,-0.116,0.765,76.5,0.91,3.94,12.24,18.29,7.958,9.861,11.245
2026-02-09,MNSB,20.7802,20.7111,-0.333,0.716,71.6,0.73,4.06,3.82,17.31,19.1178,23.6895,27.0143
2026-02-09,BUUU,27.41,27.24,-0.62,0.713,71.3,0.93,2.7,9.33,19.82,25.2172,31.2474,35.633
2026-02-09,DGII,44.98,44.95,-0.067,0.779,77.9,0.83,4.54,2.65,14.43,41.3816,51.2772,58.474
2026-02-09,IAALF,29.71,29.4,-1.043,0.782,78.2,1.12,5.46,4.63,14.64,27.3332,33.8694,38.623
2026-02-09,ATEX,28.7,28.6,-0.348,0.922,92.2,0.77,6.35,12.09,10.93,26.404,32.718,37.31
2026-02-09,MUEL,71.9723,72.2218,0.347,0.778,77.8,0.68,2.83,5.88,14.77,66.2145,82.0484,93.5639
2026-02-09,ARCO,8.56,8.59,0.35,0.711,71.1,0.85,2.93,6.99,14.35,7.8752,9.7584,11.128
2026-02-09,ADTM1,10.4,10.3,-0.962,0.811,81.1,0.98,4.66,10.09,12.9,9.568,11.856,13.52
2026-02-09,ADTN,10.4,10.3,-0.962,0.811,81.1,0.98,4.66,10.09,12.9,9.568,11.856,13.52
2026-02-09,DHC,6.32,6.35,0.475,0.866,86.6,1.09,3.63,9.07,11.56,5.8144,7.2048,8.216
2026-02-09,DHCC,6.32,6.35,0.475,0.866,86.6,1.09,3.63,9.07,11.56,5.8144,7.2048,8.216
2026-02-09,FOXH,19.24,19.47,1.195,0.8,80.0,0.68,3.63,1.68,10.4,17.7008,21.9336,25.012
2026-02-09,MLKIQ,21.8708,22.3663,2.266,0.919,91.9,0.6,3.22,9.61,10.9,20.1211,24.9327,28.432
2026-02-09,MLKN,21.8708,22.3663,2.266,0.919,91.9,0.6,3.22,9.61,10.9,20.1211,24.9327,28.432
2026-02-09,APEI,44.15,44.42,0.612,0.795,79.5,0.77,4.09,5.02,9.55,40.618,50.331,57.395
2026-02-09,APEX,44.15,44.42,0.612,0.795,79.5,0.77,4.09,5.02,9.55,40.618,50.331,57.395
2026-02-09,APEX1,44.15,44.42,0.612,0.795,79.5,0.77,4.09,5.02,9.55,40.618,50.331,57.395
2026-02-09,APFC,44.15,44.42,0.612,0.795,79.5,0.77,4.09,5.02,9.55,40.618,50.331,57.395
2026-02-09,APFH,44.15,44.42,0.612,0.795,79.5,0.77,4.09,5.02,9.55,40.618,50.331,57.395
2026-02-09,CMCL,22.8244,23.4722,2.838,0.9,90.0,1.27,4.26,9.0,11.12,20.9984,26.0198,29.6717
2026-02-09,CMCM,22.8244,23.4722,2.838,0.9,90.0,1.27,4.26,9.0,11.12,20.9984,26.0198,29.6717
2026-02-09,CMCO,22.8244,23.4722,2.838,0.9,90.0,1.27,4.26,9.0,11.12,20.9984,26.0198,29.6717
2026-02-09,CMD,22.8244,23.4722,2.838,0.9,90.0,1.27,4.26,9.0,11.12,20.9984,26.0198,29.6717
2026-02-09,APOG,41.9,42.08,0.43,0.743,74.3,0.74,3.37,9.52,10.97,38.548,47.766,54.47
2026-02-09,CYD,49.9,49.57,-0.661,0.794,79.4,0.78,4.96,9.26,8.36,45.908,56.886,64.87
2026-02-09,ALNT,68.87,68.89,0.029,0.829,82.9,1.85,4.52,10.24,11.18,63.3604,78.5118,89.531
2026-02-09,CGEM,11.83,12.08,2.113,0.906,90.6,1.04,6.69,0.54,7.84,10.8836,13.4862,15.379
2026-02-09,PLRE,40.45,40.73,0.692,0.819,81.9,0.96,2.32,7.11,8.51,37.214,46.113,52.585
2026-02-09,BHPLF,34.6228,36.6371,5.818,0.858,85.8,1.72,2.86,5.58,12.6,31.853,39.47,45.0097
2026-02-09,OCS,28.35,28.1,-0.882,0.892,89.2,0.92,5.36,6.51,9.15,26.082,32.319,36.855
2026-02-09,AVNR,14.25,14.29,0.281,0.741,74.1,0.8,3.58,9.54,8.54,13.11,16.245,18.525
2026-02-09,AVNS,14.25,14.29,0.281,0.741,74.1,0.8,3.58,9.54,8.54,13.11,16.245,18.525
2026-02-09,MANE,15.84,16.12,1.768,0.915,91.5,1.07,4.45,6.91,7.44,14.5728,18.0576,20.592
2026-02-09,NBBK,22.0,22.0,0.0,0.703,70.3,0.86,2.52,4.92,8.3,20.24,25.08,28.6
2026-02-09,ASTL,4.92,4.94,0.407,0.83,83.0,1.96,6.67,10.81,7.28,4.5264,5.6088,6.396
2026-02-09,ASTLW,4.92,4.94,0.407,0.83,83.0,1.96,6.67,10.81,7.28,4.5264,5.6088,6.396
2026-02-09,CFFN,7.58,7.56,-0.264,0.71,71.0,0.65,2.92,7.01,8.0,6.9736,8.6412,9.854
2026-02-09,HTLD,11.6,11.59,-0.086,0.905,90.5,1.13,4.03,8.62,6.99,10.672,13.224,15.08
2026-02-09,ASGI,24.3359,24.3557,0.081,0.742,74.2,1.08,1.85,9.04,7.62,22.389,27.7429,31.6367
2026-02-09,GSM,5.17,5.17,0.0,0.872,87.2,0.84,4.96,3.01,6.48,4.7564,5.8938,6.721
2026-02-09,GSMGW,5.17,5.17,0.0,0.872,87.2,0.84,4.96,3.01,6.48,4.7564,5.8938,6.721
2026-02-10,TSM,361.91,370.08,2.257,0.775,77.5,0.94,3.18,7.37,5620.67,332.9572,412.5774,470.483
2026-02-10,XOM,150.5863,152.9505,1.57,0.814,81.4,0.73,2.0,9.56,3252.93,138.5394,171.6684,195.7622
2026-02-10,LRCX,226.61,235.55,3.945,0.869,86.9,0.59,5.27,0.42,3050.47,208.4812,258.3354,294.593
2026-02-10,AMAT,329.07,337.91,2.686,0.748,74.8,0.81,4.38,2.5,2768.57,302.7444,375.1398,427.791
2026-02-10,WDC,262.56,275.08,4.768,0.929,92.9,0.9,7.76,4.19,2793.18,241.5552,299.3184,341.328
2026-02-10,XLE,53.58,54.28,1.306,0.717,71.7,0.59,1.78,6.89,2910.64,49.2936,61.0812,69.654
2026-02-10,JNJ,238.35,239.34,0.415,0.761,76.1,0.69,1.7,5.31,2338.57,219.282,271.719,309.855
2026-02-10,CVX,182.26,183.94,0.922,0.724,72.4,0.62,1.74,5.91,2205.63,167.6792,207.7764,236.938
2026-02-10,CAT,742.37,758.68,2.197,0.819,81.9,1.33,3.26,11.4,2236.69,682.9804,846.3018,965.081
2026-02-10,STX,396.23,409.64,3.384,0.871,87.1,0.6,6.86,4.01,2090.33,364.5316,451.7022,515.099
2026-02-10,C,122.15,123.59,1.179,0.711,71.1,0.81,2.96,5.17,1836.39,112.378,139.251,158.795
2026-02-10,MRK,117.15,117.04,-0.094,0.813,81.3,0.83,2.64,4.51,1667.36,107.778,133.551,152.295
2026-02-10,ADI,324.1451,328.8503,1.452,0.849,84.9,0.66,2.81,4.79,1301.88,298.2134,369.5254,421.3886
2026-02-10,COHR1,228.37,234.98,2.894,0.898,89.8,1.29,8.71,9.08,1331.18,210.1004,260.3418,296.881
2026-02-10,NEM,121.53,125.0,2.855,0.827,82.7,0.61,4.07,2.21,1349.37,111.8076,138.5442,157.989
2026-02-10,APLD,37.47,38.37,2.402,0.883,88.3,0.71,11.12,4.13,1285.14,34.4724,42.7158,48.711
2026-02-10,LMT,629.56,631.23,0.265,0.867,86.7,0.64,3.09,4.61,1194.01,579.1952,717.6984,818.428
2026-02-10,GILD,147.23,148.9,1.134,0.724,72.4,1.29,2.83,7.25,1233.21,135.4516,167.8422,191.399
2026-02-10,HON,243.34,243.99,0.267,0.735,73.5,0.77,1.79,8.18,1235.77,223.8728,277.4076,316.342
2026-02-10,SLB,50.025,51.05,2.049,0.875,87.5,0.64,2.94,3.13,1106.29,46.023,57.0285,65.0325
2026-02-10,CMCSA,32.31,32.29,-0.062,0.776,77.6,0.84,2.79,9.56,1239.71,29.7252,36.8334,42.003
2026-02-10,DE,593.41,592.5,-0.153,0.764,76.4,1.1,2.31,10.84,871.22,545.9372,676.4874,771.433
2026-02-10,PM,182.69,182.5,-0.104,0.702,70.2,0.69,2.45,3.82,1087.7,168.0748,208.2666,237.497
2026-02-10,COP,107.5,108.5,0.93,0.737,73.7,0.6,2.49,5.83,940.62,98.9,122.55,139.75
2026-02-10,LOW,284.67,282.39,-0.801,0.738,73.8,0.97,2.23,3.81,823.58,261.8964,324.5238,370.071
2026-02-10,BMY,60.86,60.6,-0.427,0.783,78.3,0.89,2.28,7.73,830.67,55.9912,69.3804,79.118
2026-02-10,MCHP,76.86,78.22,1.769,0.869,86.9,1.18,3.62,1.05,783.65,70.7112,87.6204,99.918
2026-02-10,NOC,685.0,682.34,-0.388,0.755,75.5,0.94,3.02,1.11,698.45,630.2,780.9,890.5
2026-02-10,MPWR,1142.02,1165.0,2.012,0.712,71.2,1.1,4.81,3.35,810.39,1050.6584,1301.9028,1484.626
2026-02-10,TGT,112.09,112.94,0.758,0.758,75.8,0.76,2.97,3.93,731.62,103.1228,127.7826,145.717
2026-02-10,FITB,54.5,54.95,0.826,0.794,79.4,0.59,2.75,6.13,966.43,50.14,62.13,70.85
2026-02-10,UPS,118.7,119.7,0.842,0.784,78.4,0.85,2.49,7.85,812.06,109.204,135.318,154.31
2026-02-10,USB,60.55,61.0,0.743,0.797,79.7,0.66,1.92,6.78,776.4,55.706,69.027,78.715
2026-02-10,FDX,367.95,370.0,0.557,0.858,85.8,0.72,2.37,12.23,751.04,338.514,419.463,478.335
2026-02-10,AG,23.7839,24.8636,4.54,0.956,95.6,0.63,7.62,4.76,744.09,21.8812,27.1136,30.919
2026-02-10,CL,93.93,93.32,-0.649,0.725,72.5,0.7,1.95,6.45,736.83,86.4156,107.0802,122.109
2026-02-10,PNC,240.33,240.33,0.0,0.815,81.5,0.74,2.07,6.37,761.3,221.1036,273.9762,312.429
2026-02-10,CCL,33.35,33.28,-0.21,0.753,75.3,1.0,3.75,9.67,711.78,30.682,38.019,43.355
2026-02-10,AEM,211.89,217.09,2.454,0.747,74.7,0.64,4.08,3.56,687.02,194.9388,241.5546,275.457
2026-02-10,DAL,74.46,75.09,0.846,0.754,75.4,0.76,3.33,7.15,653.05,68.5032,84.8844,96.798
2026-02-10,CMIIU,586.0996,596.8734,1.838,0.756,75.6,0.98,2.91,1.5,662.64,539.2116,668.1536,761.9295
2026-02-10,CMIKA,586.0996,596.8734,1.838,0.756,75.6,0.98,2.91,1.5,662.64,539.2116,668.1536,761.9295
2026-02-10,CMIN,586.0996,596.8734,1.838,0.756,75.6,0.98,2.91,1.5,662.64,539.2116,668.1536,761.9295
2026-02-10,CMIV,586.0996,596.8734,1.838,0.756,75.6,0.98,2.91,1.5,662.64,539.2116,668.1536,761.9295
2026-02-10,MAR,359.35,358.63,-0.2,0.775,77.5,2.41,2.19,11.25,598.59,330.602,409.659,467.155
2026-02-10,EMRAF,161.071,162.6749,0.996,0.745,74.5,0.84,2.4,7.23,604.73,148.1853,183.621,209.3923
2026-02-10,EMRI,161.071,162.6749,0.996,0.745,74.5,0.84,2.4,7.23,604.73,148.1853,183.621,209.3923
2026-02-10,BKR,59.15,60.09,1.589,0.769,76.9,0.83,2.9,6.89,642.54,54.418,67.431,76.895
2026-02-10,FIX,1269.63,1314.3,3.518,0.822,82.2,0.83,4.62,10.01,474.42,1168.0596,1447.3782,1650.519
2026-02-10,TFC,55.1,55.27,0.309,0.739,73.9,0.72,2.13,6.41,627.29,50.692,62.814,71.63
2026-02-10,CHSCL,195.9398,197.0261,0.554,0.81,81.0,0.75,2.64,5.44,450.63,180.2646,223.3713,254.7217
2026-02-10,ROST,192.33,193.65,0.686,0.701,70.1,1.04,1.81,1.2,480.07,176.9436,219.2562,250.029
2026-02-10,SCCO,198.9,204.38,2.755,0.903,90.3,0.68,5.03,5.13,566.94,182.988,226.746,258.57
2026-02-10,ODFL,194.49,194.7,0.108,0.872,87.2,1.05,3.3,6.67,486.03,178.9308,221.7186,252.837
2026-02-10,ITW,294.25,291.96,-0.778,0.73,73.0,0.77,2.15,9.55,480.93,270.71,335.445,382.525
2026-02-10,IR,97.8,98.43,0.644,0.788,78.8,1.46,2.84,8.6,458.72,89.976,111.492,127.14
2026-02-10,RIO,97.24,99.72,2.55,0.854,85.4,0.62,2.07,6.85,425.67,89.4608,110.8536,126.412
2026-02-10,MKSI,252.2765,257.6513,2.131,0.938,93.8,0.89,5.37,12.63,467.62,232.0944,287.5952,327.9595
2026-02-10,OKE,83.46,84.0,0.647,0.751,75.1,0.65,2.7,7.98,416.32,76.7832,95.1444,108.498
2026-02-10,ROG-SW,351.1,350.8,-0.085,0.788,78.8,0.72,1.9,0.37,383.49,323.012,400.254,456.43
2026-02-10,CNQ,39.09,39.64,1.407,0.726,72.6,0.76,2.56,6.96,364.15,35.9628,44.5626,50.817
2026-02-10,KEX,22.7151,22.824,0.48,0.82,82.0,0.72,2.27,5.3,362.82,20.8979,25.8952,29.5296
2026-02-10,CFG,67.55,68.12,0.844,0.978,97.8,0.92,2.34,6.54,403.59,62.146,77.007,87.815
2026-02-10,WPM,144.6,149.34,3.278,0.844,84.4,0.64,4.53,3.08,431.76,133.032,164.844,187.98
2026-02-10,LEN,119.4,117.51,-1.583,0.991,99.1,0.84,3.5,4.32,353.59,109.848,136.116,155.22
2026-02-10,KEYS,235.0,236.0,0.426,0.797,79.7,0.88,2.86,7.03,261.24,216.2,267.9,305.5
2026-02-10,NUE,191.99,194.36,1.234,0.818,81.8,0.92,2.69,6.32,381.68,176.6308,218.8686,249.587
2026-02-10,GSK,58.82,58.74,-0.136,0.762,76.2,1.43,1.74,12.54,390.69,54.1144,67.0548,76.466
2026-02-10,GWW,1188.03,1194.3,0.528,0.79,79.0,0.7,2.24,8.24,370.24,1092.9876,1354.3542,1544.439
2026-02-10,AME,233.11,233.0,-0.047,0.704,70.4,0.72,2.02,4.63,352.63,214.4612,265.7454,303.043
2026-02-10,DOV,228.9546,230.2816,0.58,0.976,97.6,0.94,2.15,9.1,338.36,210.6383,261.0083,297.641
2026-02-10,MTB,236.21,237.64,0.605,0.792,79.2,0.66,2.14,6.69,320.36,217.3132,269.2794,307.073
2026-02-10,TRGP,217.06,220.17,1.433,0.798,79.8,1.14,2.67,10.55,287.26,199.6952,247.4484,282.178
2026-02-10,JBL,258.8486,264.4369,2.159,0.96,96.0,0.82,4.11,5.03,281.86,238.1407,295.0874,336.5032
2026-02-10,EME,779.09,800.0,2.684,0.733,73.3,1.04,3.29,8.74,262.1,716.7628,888.1626,1012.817
2026-02-10,ATHXQ,137.04,138.78,1.27,0.864,86.4,0.97,3.46,8.94,277.29,126.0768,156.2256,178.152
2026-02-10,ATI,137.04,138.78,1.27,0.864,86.4,0.97,3.46,8.94,277.29,126.0768,156.2256,178.152
2026-02-10,ATI1,137.04,138.78,1.27,0.864,86.4,0.97,3.46,8.94,277.29,126.0768,156.2256,178.152
2026-02-10,SU,54.61,55.29,1.245,0.763,76.3,0.9,2.53,5.48,289.07,50.2412,62.2554,70.993
2026-02-10,LII,548.56,546.82,-0.317,0.996,99.6,0.77,3.21,6.53,306.38,504.6752,625.3584,713.128
2026-02-10,HUBB,501.7372,508.6184,1.371,0.989,98.9,0.79,2.98,2.83,309.03,461.5982,571.9804,652.2583
2026-02-10,PPG,128.4021,128.243,-0.124,0.966,96.6,0.62,2.29,11.19,326.8,118.1299,146.3783,166.9227
2026-02-10,ADM,68.62,68.9,0.408,0.718,71.8,0.77,3.04,2.75,283.83,63.1304,78.2268,89.206
2026-02-10,AMLJ,53.46,54.32,1.609,0.923,92.3,1.88,7.16,7.91,235.87,49.1832,60.9444,69.498
2026-02-10,AMLN,53.46,54.32,1.609,0.923,92.3,1.88,7.16,7.91,235.87,49.1832,60.9444,69.498
2026-02-10,AMKR,53.3577,54.2161,1.609,0.922,92.2,1.88,7.16,7.91,235.42,49.0891,60.8278,69.3651
2026-02-10,PKKFF,241.78,243.89,0.873,0.734,73.4,0.65,2.78,7.44,280.15,222.4376,275.6292,314.314
2026-02-10,PKOH,241.78,243.89,0.873,0.734,73.4,0.65,2.78,7.44,280.15,222.4376,275.6292,314.314
2026-02-10,ATO,173.2076,173.1877,-0.011,0.928,92.8,0.63,1.81,3.17,311.37,159.351,197.4566,225.1699
2026-02-10,CDW,142.1331,142.6704,0.378,0.996,99.6,0.87,2.74,8.7,253.54,130.7624,162.0317,184.773
2026-02-10,ITUB,9.3,9.52,2.366,0.836,83.6,0.87,2.49,11.29,277.18,8.556,10.602,12.09
2026-02-10,BTGO,5.5984,5.7977,3.559,0.845,84.5,0.91,5.33,10.54,291.75,5.1506,6.3822,7.278
2026-02-10,BTHS,5.5984,5.7977,3.559,0.845,84.5,0.91,5.33,10.54,291.75,5.1506,6.3822,7.278
2026-02-10,BTIC,5.5984,5.7977,3.559,0.845,84.5,0.91,5.33,10.54,291.75,5.1506,6.3822,7.278
2026-02-10,DD,49.2324,49.6806,0.91,0.737,73.7,1.57,2.63,10.46,256.6,45.2938,56.125,64.0022
2026-02-10,NGD,11.32,11.6,2.474,0.909,90.9,0.67,7.6,1.56,284.5,10.4144,12.9048,14.716
2026-02-10,NXT,117.94,121.71,3.197,0.741,74.1,0.91,5.75,7.42,283.66,108.5048,134.4516,153.322
2026-02-10,CPAY,356.38,357.69,0.368,0.768,76.8,0.76,3.2,10.08,234.6,327.8696,406.2732,463.294
2026-02-10,POOL,265.7454,266.0038,0.097,0.987,98.7,0.82,2.44,2.01,196.9,244.4857,302.9497,345.469
2026-02-10,CF,95.7986,96.3855,0.613,0.989,98.9,0.67,3.29,5.88,222.18,88.1347,109.2104,124.5381
2026-02-10,FNV,255.01,260.46,2.137,0.796,79.6,0.68,3.95,3.37,277.68,234.6092,290.7114,331.513
2026-02-10,LH,283.7878,283.6681,-0.042,0.983,98.3,1.23,2.25,5.11,235.61,261.0848,323.5181,368.9242
2026-02-10,ZBH,91.4,90.87,-0.58,0.953,95.3,1.63,2.83,4.25,232.28,84.088,104.196,118.82
2026-02-10,WSM,216.78,218.22,0.664,0.808,80.8,0.81,3.22,2.92,209.8,199.4376,247.1292,281.814
2026-02-10,AVB,177.43,177.02,-0.231,0.985,98.5,0.86,2.39,0.38,231.58,163.2356,202.2702,230.659
2026-02-10,CATA1,653.72,656.45,0.418,0.742,74.2,1.1,2.34,3.65,236.07,601.4224,745.2408,849.836
2026-02-10,EAXR,163.17,164.19,0.625,0.886,88.6,0.79,4.38,0.62,225.34,150.1164,186.0138,212.121
2026-02-10,EB,163.17,164.19,0.625,0.886,88.6,0.79,4.38,0.62,225.34,150.1164,186.0138,212.121
2026-02-10,EBBGF,163.17,164.19,0.625,0.886,88.6,0.79,4.38,0.62,225.34,150.1164,186.0138,212.121
2026-02-10,EBBNF,163.17,164.19,0.625,0.886,88.6,0.79,4.38,0.62,225.34,150.1164,186.0138,212.121
2026-02-10,LDOS,194.72,194.72,0.0,0.997,99.7,0.9,2.6,2.03,164.43,179.1424,221.9808,253.136
2026-02-10,ZBRA,256.57,259.82,1.267,0.99,99.0,1.31,3.21,4.26,183.06,236.0444,292.4898,333.541
2026-02-10,BAP,348.54,351.39,0.818,0.836,83.6,1.05,2.82,0.72,210.52,320.6568,397.3356,453.102
2026-02-10,TKO,214.11,215.17,0.495,0.99,99.0,0.88,3.01,4.52,199.87,196.9812,244.0854,278.343
2026-02-10,IAG,21.58,22.1,2.41,0.911,91.1,0.77,5.82,10.56,223.0,19.8536,24.6012,28.054
2026-02-10,PQUEQ,16.86,17.3,2.61,0.8,80.0,1.67,2.93,8.94,203.07,15.5112,19.2204,21.918
2026-02-10,PRA,16.86,17.3,2.61,0.8,80.0,1.67,2.93,8.94,203.07,15.5112,19.2204,21.918
2026-02-10,ES,68.575,68.3771,-0.289,0.949,94.9,0.89,2.24,0.0,178.66,63.089,78.1755,89.1475
2026-02-10,TXT,95.8491,96.299,0.469,0.977,97.7,0.97,2.29,3.42,201.28,88.1811,109.2679,124.6038
2026-02-10,GFI,55.84,57.07,2.203,0.82,82.0,0.64,5.45,5.37,229.67,51.3728,63.6576,72.592
2026-02-10,BWA,53.8206,55.2763,2.705,0.964,96.4,2.2,2.2,10.19,116.51,49.515,61.3555,69.9668
2026-02-10,AGI,45.18,46.45,2.811,0.844,84.4,0.82,5.11,9.69,223.68,41.5656,51.5052,58.734
2026-02-10,WHR,89.9633,89.8745,-0.099,0.924,92.4,0.89,4.05,7.17,167.11,82.7663,102.5582,116.9523
2026-02-10,OCAI,136.9769,136.5103,-0.341,0.847,84.7,0.72,3.1,9.68,201.07,126.0187,156.1536,178.0699
2026-02-10,IEX,214.58,214.36,-0.103,0.948,94.8,0.91,2.34,7.29,218.39,197.4136,244.6212,278.954
2026-02-10,WYNN,116.6057,116.9948,0.334,0.999,99.9,1.09,2.71,2.79,156.5,107.2772,132.9305,151.5874
2026-02-10,ASA,40.2,40.62,1.045,0.801,80.1,1.85,3.83,7.74,178.96,36.984,45.828,52.26
2026-02-10,CNH1,12.39,12.42,0.242,0.721,72.1,1.0,2.61,10.68,158.16,11.3988,14.1246,16.107
2026-02-10,CNJ,12.39,12.42,0.242,0.721,72.1,1.0,2.61,10.68,158.16,11.3988,14.1246,16.107
2026-02-10,CNK,12.39,12.42,0.242,0.721,72.1,1.0,2.61,10.68,158.16,11.3988,14.1246,16.107
2026-02-10,PRAX,320.48,321.83,0.421,0.949,94.9,0.62,5.79,3.68,178.79,294.8416,365.3472,416.624
2026-02-10,HBM,25.39,26.43,4.096,0.91,91.0,0.61,5.15,2.91,180.62,23.3588,28.9446,33.007
2026-02-10,JJCTF,24.38,26.59,9.065,0.888,88.8,1.64,2.81,2.83,171.46,22.4296,27.7932,31.694
2026-02-10,TAP,51.4998,51.1731,-0.634,0.943,94.3,0.9,2.52,4.62,140.21,47.3798,58.7097,66.9497
2026-02-10,BLD,539.89,537.55,-0.433,0.747,74.7,1.12,3.34,9.76,151.84,496.6988,615.4746,701.857
2026-02-10,ESS,262.51,262.98,0.179,0.994,99.4,0.84,1.97,3.64,160.23,241.5092,299.2614,341.263
2026-02-10,CLGX,268.0,269.34,0.5,0.809,80.9,1.16,2.05,2.52,120.89,246.56,305.52,348.4
2026-02-10,MAA,136.45,136.01,-0.322,0.964,96.4,0.89,1.94,1.71,132.5,125.534,155.553,177.385
2026-02-10,SNA,375.0204,376.2525,0.329,0.998,99.8,1.28,2.11,2.22,140.13,345.0188,427.5233,487.5265
2026-02-10,PNW,95.2,94.97,-0.242,0.932,93.2,1.81,1.94,2.76,123.27,87.584,108.528,123.76
2026-02-10,EG,328.4295,327.6146,-0.248,0.789,78.9,1.3,2.41,1.49,122.18,302.1551,374.4096,426.9584
2026-02-10,FLSCQ,86.59,88.23,1.894,0.767,76.7,1.76,2.92,9.74,129.35,79.6628,98.7126,112.567
2026-02-10,ZION,63.6216,64.1181,0.78,0.812,81.2,0.78,2.5,5.13,137.96,58.5319,72.5287,82.7081
2026-02-10,PRIM,161.36,165.5,2.566,0.828,82.8,0.72,4.54,7.29,121.64,148.4512,183.9504,209.768
2026-02-10,HSIC,81.02,80.96,-0.074,0.984,98.4,1.17,2.67,4.99,98.65,74.5384,92.3628,105.326
2026-02-10,SEDG,36.79,37.57,2.12,0.963,96.3,0.93,6.61,8.01,94.59,33.8468,41.9406,47.827
2026-02-10,PRY-MI,103.8,103.8,0.0,0.755,75.5,0.79,3.61,5.61,116.68,95.496,118.332,134.94
2026-02-10,GRAL,103.68,103.73,0.048,0.742,74.2,0.77,8.03,1.38,84.1,95.3856,118.1952,134.784
2026-02-10,MICU,162.17,163.35,0.728,0.819,81.9,0.67,2.71,6.61,114.89,149.1964,184.8738,210.821
2026-02-10,MHI1,136.9,137.0,0.073,0.772,77.2,1.56,2.92,10.28,100.96,125.948,156.066,177.97
2026-02-10,FSM,11.09,11.5,3.697,0.806,80.6,0.61,5.7,3.12,101.18,10.2028,12.6426,14.417
2026-02-10,IESC,499.78,510.0,2.045,0.804,80.4,1.35,6.28,11.6,100.74,459.7976,569.7492,649.714
2026-02-10,FRPT,69.38,69.33,-0.072,0.773,77.3,0.61,4.41,0.73,86.21,63.8296,79.0932,90.194
2026-02-10,FRT,107.65,107.92,0.251,0.961,96.1,0.7,1.64,4.96,87.45,99.038,122.721,139.945
2026-02-10,CAKE,60.284,60.8115,0.875,0.83,83.0,1.32,3.14,1.42,74.12,55.4613,68.7238,78.3692
2026-02-10,CAKR,60.284,60.8115,0.875,0.83,83.0,1.32,3.14,1.42,74.12,55.4613,68.7238,78.3692
2026-02-10,COLD,31.6326,31.8499,0.687,0.715,71.5,0.78,2.92,7.49,96.17,29.102,36.0611,41.1224
2026-02-10,SOLV,80.46,80.38,-0.099,0.972,97.2,1.23,2.42,2.63,80.93,74.0232,91.7244,104.598
2026-02-10,GVA,132.91,134.43,1.144,0.818,81.8,0.79,2.29,7.85,79.79,122.2772,151.5174,172.783
2026-02-10,L,109.8966,109.6668,-0.209,0.988,98.8,1.0,1.74,4.49,85.69,101.1049,125.2822,142.8656
2026-02-10,OLOXF,25.7755,25.9839,0.808,0.831,83.1,0.84,5.79,10.36,94.77,23.7135,29.3841,33.5082
2026-02-10,CUKPF,32.8867,32.8768,-0.03,0.843,84.3,1.27,3.66,9.45,88.51,30.2558,37.4908,42.7527
2026-02-10,HUN,13.6,13.61,0.074,0.933,93.3,1.25,4.8,12.25,81.83,12.512,15.504,17.68
2026-02-10,BFNBQ,76.8863,77.2951,0.532,0.727,72.7,0.8,3.34,6.1,80.6,70.7354,87.6503,99.9521
2026-02-10,BFNH,76.8863,77.2951,0.532,0.727,72.7,0.8,3.34,6.1,80.6,70.7354,87.6503,99.9521
2026-02-10,CWPE,104.24,104.55,0.297,0.71,71.0,0.93,2.79,0.16,58.55,95.9008,118.8336,135.512
2026-02-10,CWST,104.24,104.55,0.297,0.71,71.0,0.93,2.79,0.16,58.55,95.9008,118.8336,135.512
2026-02-10,AUGO,72.97,74.28,1.795,0.959,95.9,0.88,5.87,10.78,86.83,67.1324,83.1858,94.861
2026-02-10,ARRT,11.61,11.89,2.412,0.86,86.0,0.65,7.29,6.3,68.94,10.6812,13.2354,15.093
2026-02-10,ARRY,11.61,11.89,2.412,0.86,86.0,0.65,7.29,6.3,68.94,10.6812,13.2354,15.093
2026-02-10,ARRY1,11.61,11.89,2.412,0.86,86.0,0.65,7.29,6.3,68.94,10.6812,13.2354,15.093
2026-02-10,ARS,11.61,11.89,2.412,0.86,86.0,0.65,7.29,6.3,68.94,10.6812,13.2354,15.093
2026-02-10,PLXT,206.0,209.93,1.908,0.877,87.7,0.88,4.83,9.14,90.26,189.52,234.84,267.8
2026-02-10,MUFG,19.39,19.53,0.722,0.774,77.4,1.15,1.54,5.67,65.92,17.8388,22.1046,25.207
2026-02-10,KYMR,79.49,78.98,-0.642,0.777,77.7,1.63,4.75,7.63,58.82,73.1308,90.6186,103.337
2026-02-10,LNTH,67.17,67.27,0.149,0.76,76.0,1.06,3.17,1.44,50.65,61.7964,76.5738,87.321
2026-02-10,XRAY,13.93,13.93,0.0,0.985,98.5,1.08,3.97,10.12,59.34,12.8156,15.8802,18.109
2026-02-10,HWC,71.4462,71.8729,0.597,0.741,74.1,0.68,2.47,3.36,67.19,65.7305,81.4486,92.88
2026-02-10,LGIQ,53.46,54.07,1.141,0.895,89.5,0.85,6.38,9.98,57.57,49.1832,60.9444,69.498
2026-02-10,LGL,53.46,54.07,1.141,0.895,89.5,0.85,6.38,9.98,57.57,49.1832,60.9444,69.498
2026-02-10,LGL-WT,53.46,54.07,1.141,0.895,89.5,0.85,6.38,9.98,57.57,49.1832,60.9444,69.498
2026-02-10,LGN,53.46,54.07,1.141,0.895,89.5,0.85,6.38,9.98,57.57,49.1832,60.9444,69.498
2026-02-10,CPA,151.371,152.1222,0.496,0.74,74.0,1.06,2.88,10.51,58.31,139.2613,172.5629,196.7823
2026-02-10,CPAC,151.371,152.1222,0.496,0.74,74.0,1.06,2.88,10.51,58.31,139.2613,172.5629,196.7823
2026-02-10,NOGNQ,25.65,26.34,2.69,0.706,70.6,0.92,3.56,6.99,52.98,23.598,29.241,33.345
2026-02-10,HE,16.7,16.75,0.299,0.89,89.0,0.98,4.02,8.57,54.35,15.364,19.038,21.71
2026-02-10,HEAL1,16.7,16.75,0.299,0.89,89.0,0.98,4.02,8.57,54.35,15.364,19.038,21.71
2026-02-10,CSTM,24.64,25.01,1.502,0.92,92.0,0.75,3.87,6.07,36.37,22.6688,28.0896,32.032
2026-02-10,ATMP,62.0675,62.8368,1.24,0.77,77.0,1.96,2.6,6.38,39.56,57.1021,70.7569,80.6877
2026-02-10,ATMV,62.0675,62.8368,1.24,0.77,77.0,1.96,2.6,6.38,39.56,57.1021,70.7569,80.6877
2026-02-10,ATMVR,62.0675,62.8368,1.24,0.77,77.0,1.96,2.6,6.38,39.56,57.1021,70.7569,80.6877
2026-02-10,PATK,142.0206,143.0171,0.702,0.866,86.6,0.87,3.42,9.02,58.67,130.6589,161.9034,184.6267
2026-02-10,PLAB,37.56,38.56,2.662,0.942,94.2,0.66,6.41,6.83,45.01,34.5552,42.8184,48.828
2026-02-10,BOJA,134.9895,136.1938,0.892,0.772,77.2,0.78,2.08,3.28,50.93,124.1904,153.888,175.4864
2026-02-10,BOLD,134.9895,136.1938,0.892,0.772,77.2,0.78,2.08,3.28,50.93,124.1904,153.888,175.4864
2026-02-10,KT,22.66,23.0,1.5,0.787,78.7,1.41,2.0,10.97,39.4,20.8472,25.8324,29.458
2026-02-10,PACW1,39.47,39.48,0.025,0.979,97.9,0.81,5.11,7.46,40.26,36.3124,44.9958,51.311
2026-02-10,PACX,39.47,39.48,0.025,0.979,97.9,0.81,5.11,7.46,40.26,36.3124,44.9958,51.311
2026-02-10,PAE,39.47,39.48,0.025,0.979,97.9,0.81,5.11,7.46,40.26,36.3124,44.9958,51.311
2026-02-10,PAET,39.47,39.48,0.025,0.979,97.9,0.81,5.11,7.46,40.26,36.3124,44.9958,51.311
2026-02-10,OII,32.77,33.56,2.411,0.873,87.3,0.8,4.24,10.66,37.92,30.1484,37.3578,42.601
2026-02-10,OIIM,32.77,33.56,2.411,0.873,87.3,0.8,4.24,10.66,37.92,30.1484,37.3578,42.601
2026-02-10,FULT,22.58,22.68,0.443,0.803,80.3,0.77,2.72,8.08,48.05,20.7736,25.7412,29.354
2026-02-10,AX,97.44,98.83,1.427,0.705,70.5,0.62,3.05,1.94,41.25,89.6448,111.0816,126.672
2026-02-10,ARCC1,106.06,106.34,0.264,0.935,93.5,0.71,4.33,11.49,45.99,97.5752,120.9084,137.878
2026-02-10,ARCE,106.06,106.34,0.264,0.935,93.5,0.71,4.33,11.49,45.99,97.5752,120.9084,137.878
2026-02-10,ARCH,106.06,106.34,0.264,0.936,93.6,0.71,4.33,11.49,45.99,97.5752,120.9084,137.878
2026-02-10,ARCHQ,106.06,106.34,0.264,0.936,93.6,0.71,4.33,11.49,45.99,97.5752,120.9084,137.878
2026-02-10,ARCIU,106.06,106.34,0.264,0.936,93.6,0.71,4.33,11.49,45.99,97.5752,120.9084,137.878
2026-02-10,ARCK,106.06,106.34,0.264,0.936,93.6,0.71,4.33,11.49,45.99,97.5752,120.9084,137.878
2026-02-10,AVNT1,40.08,40.55,1.173,0.856,85.6,0.63,2.81,8.28,37.85,36.8736,45.6912,52.104
2026-02-10,ARIS,19.38,19.77,2.012,0.945,94.5,0.83,6.03,1.52,41.25,17.8296,22.0932,25.194
2026-02-10,ARMO,19.38,19.77,2.012,0.945,94.5,0.83,6.03,1.52,41.25,17.8296,22.0932,25.194
2026-02-10,ABBNY,89.04,90.15,1.247,0.763,76.3,1.34,1.55,9.31,35.08,81.9168,101.5056,115.752
2026-02-10,ABCB,89.04,90.15,1.247,0.763,76.3,1.34,1.55,9.31,35.08,81.9168,101.5056,115.752
2026-02-10,CAPR,24.63,24.77,0.568,0.984,98.4,0.69,5.64,3.25,27.32,22.6596,28.0782,32.019
2026-02-10,CEDCQ,73.49,74.83,1.823,0.882,88.2,1.11,3.96,6.79,19.75,67.6108,83.7786,95.537
2026-02-10,PLPC,271.6,277.56,2.194,0.824,82.4,1.27,4.59,7.17,32.49,249.872,309.624,353.08
2026-02-10,PLPL,271.6,277.56,2.194,0.824,82.4,1.27,4.59,7.17,32.49,249.872,309.624,353.08
2026-02-10,PLPM,271.6,277.56,2.194,0.824,82.4,1.27,4.59,7.17,32.49,249.872,309.624,353.08
2026-02-10,EWTLQ,31.0,31.085,0.274,0.902,90.2,0.84,6.01,8.58,35.93,28.52,35.34,40.3
2026-02-10,COHU,32.53,33.58,3.228,0.879,87.9,0.95,4.97,11.03,26.6,29.9276,37.0842,42.289
2026-02-10,COLB,32.53,33.58,3.228,0.879,87.9,0.95,4.97,11.03,26.6,29.9276,37.0842,42.289
2026-02-10,GFIG,93.3999,92.971,-0.459,0.827,82.7,1.32,2.89,9.78,31.7,85.9279,106.4759,121.4199
2026-02-10,NBR,68.34,69.68,1.961,0.878,87.8,1.1,4.14,3.51,21.16,62.8728,77.9076,88.842
2026-02-10,BW,9.72,10.0,2.881,0.867,86.7,0.66,10.52,3.9,30.28,8.9424,11.0808,12.636
2026-02-10,NVSGF,18.86,19.04,0.954,0.88,88.0,0.91,1.89,0.04,23.1,17.3512,21.5004,24.518
2026-02-10,GLDG,16.14,16.94,4.957,0.777,77.7,0.67,4.41,6.78,16.73,14.8488,18.3996,20.982
2026-02-10,CASC2,92.36,92.93,0.617,0.839,83.9,1.14,3.42,8.62,28.38,84.9712,105.2904,120.068
2026-02-10,DIOD,61.7,72.04,16.759,0.832,83.2,0.94,4.06,5.41,19.63,56.764,70.338,80.21
2026-02-10,DIOMQ,61.7,72.04,16.759,0.832,83.2,0.94,4.06,5.41,19.63,56.764,70.338,80.21
2026-02-10,DISA,61.7,72.04,16.759,0.832,83.2,0.94,4.06,5.41,19.63,56.764,70.338,80.21
2026-02-10,DISK,61.7,72.04,16.759,0.832,83.2,0.94,4.06,5.41,19.63,56.764,70.338,80.21
2026-02-10,NWKC,4.4811,4.5106,0.659,0.862,86.2,1.2,4.43,4.43,26.76,4.1226,5.1084,5.8254
2026-02-10,EZPW,24.74,24.97,0.93,0.857,85.7,1.67,3.54,12.05,27.02,22.7608,28.2036,32.162
2026-02-10,ANAB,50.24,50.4,0.318,0.916,91.6,0.61,5.94,4.05,19.52,46.2208,57.2736,65.312
2026-02-10,CONC1,23.86,23.75,-0.461,0.72,72.0,0.77,3.26,7.95,28.79,21.9512,27.2004,31.018
2026-02-10,CONR,23.86,23.75,-0.461,0.72,72.0,0.77,3.26,7.95,28.79,21.9512,27.2004,31.018
2026-02-10,CAEP,32.54,32.68,0.43,0.704,70.4,0.9,2.59,0.06,20.93,29.9368,37.0956,42.302
2026-02-10,KRUS,74.46,74.9,0.591,0.925,92.5,0.9,5.54,2.84,21.53,68.5032,84.8844,96.798
2026-02-10,AZX,135.4,136.0,0.443,0.841,84.1,1.06,2.27,7.73,20.02,124.568,154.356,176.02
2026-02-10,AZZ,135.4,136.0,0.443,0.841,84.1,1.06,2.27,7.73,20.02,124.568,154.356,176.02
2026-02-10,B,135.4,136.0,0.443,0.841,84.1,1.06,2.27,7.73,20.02,124.568,154.356,176.02
2026-02-10,DRVN,17.08,17.0,-0.468,0.735,73.5,1.01,3.71,6.72,16.74,15.7136,19.4712,22.204
2026-02-10,DRWIQ,17.08,17.0,-0.468,0.735,73.5,1.01,3.71,6.72,16.74,15.7136,19.4712,22.204
2026-02-10,CCSI1,72.2964,71.3806,-1.267,0.732,73.2,0.85,4.12,8.26,21.94,66.5126,82.4178,93.9853
2026-02-10,PFSB,23.1556,23.0171,-0.598,0.791,79.1,0.83,2.85,7.75,24.71,21.3032,26.3974,30.1023
2026-02-10,BRCB,93.42,93.65,0.246,0.76,76.0,0.79,1.89,7.64,18.5,85.9464,106.4988,121.446
2026-02-10,BRCC,93.42,93.65,0.246,0.76,76.0,0.79,1.89,7.64,18.5,85.9464,106.4988,121.446
2026-02-10,DCO,121.17,124.36,2.633,0.792,79.2,0.71,3.42,5.26,20.26,111.4764,138.1338,157.521
2026-02-10,ANDE,67.53,67.95,0.622,0.85,85.0,1.25,2.96,9.04,19.24,62.1276,76.9842,87.789
2026-02-10,ANDG,67.53,67.95,0.622,0.85,85.0,1.25,2.96,9.04,19.24,62.1276,76.9842,87.789
2026-02-10,ANDN1,67.53,67.95,0.622,0.85,85.0,1.25,2.96,9.04,19.24,62.1276,76.9842,87.789
2026-02-10,ANDR,67.53,67.95,0.622,0.85,85.0,1.25,2.96,9.04,19.24,62.1276,76.9842,87.789
2026-02-10,KNAN,26.91,27.35,1.635,0.714,71.4,0.99,3.52,8.49,19.95,24.7572,30.6774,34.983
2026-02-10,KNAP,26.91,27.35,1.635,0.714,71.4,0.99,3.52,8.49,19.95,24.7572,30.6774,34.983
2026-02-10,AIMT,59.35,60.0,1.095,0.816,81.6,0.84,2.51,3.51,15.32,54.602,67.659,77.155
2026-02-10,AIN,59.35,60.0,1.095,0.816,81.6,0.84,2.51,3.51,15.32,54.602,67.659,77.155
2026-02-10,HLX,8.46,8.67,2.482,0.795,79.5,0.75,3.94,8.73,18.09,7.7832,9.6444,10.998
2026-02-10,MNSB,21.0568,22.5481,7.083,0.712,71.2,0.67,4.02,5.06,17.61,19.3722,24.0047,27.3738
2026-02-10,FBNK1,60.85,61.23,0.624,0.725,72.5,0.72,3.03,3.69,19.46,55.982,69.369,79.105
2026-02-10,IOSP,87.73,87.97,0.274,0.702,70.2,1.19,2.33,6.45,12.93,80.7116,100.0122,114.049
2026-02-10,BHFAL,58.27,59.42,1.974,0.813,81.3,1.01,3.57,11.48,17.5,53.6084,66.4278,75.751
2026-02-10,DGII,46.05,46.5,0.977,0.8,80.0,0.8,4.55,4.58,14.87,42.366,52.497,59.865
2026-02-10,CDO,20.57,20.77,0.972,0.79,79.0,0.85,4.88,1.5,13.99,18.9244,23.4498,26.741
2026-02-10,IAALF,29.12,29.11,-0.034,0.765,76.5,0.67,5.5,2.28,14.24,26.7904,33.1968,37.856
2026-02-10,ATEX,28.82,28.95,0.451,0.926,92.6,0.93,6.46,11.35,11.25,26.5144,32.8548,37.466
2026-02-10,MUEL,72.8009,73.4299,0.864,0.806,80.6,1.04,2.84,6.59,15.33,66.9768,82.993,94.6412
2026-02-10,ADTM1,10.35,10.56,2.029,0.807,80.7,0.95,4.48,8.99,12.49,9.522,11.799,13.455
2026-02-10,ADTN,10.35,10.56,2.029,0.807,80.7,0.95,4.48,8.99,12.49,9.522,11.799,13.455
2026-02-10,DHC,6.42,6.52,1.558,0.875,87.5,0.68,3.7,9.85,11.75,5.9064,7.3188,8.346
2026-02-10,DHCC,6.42,6.52,1.558,0.875,87.5,0.68,3.7,9.85,11.75,5.9064,7.3188,8.346
2026-02-10,ALLR,1.69,1.7,0.592,0.857,85.7,0.83,8.96,1.75,11.05,1.5548,1.9266,2.197
2026-02-10,ASTE,56.35,57.1,1.331,0.793,79.3,1.19,3.09,10.77,10.71,51.842,64.239,73.255
2026-02-10,ARVLF,13.44,13.39,-0.372,0.81,81.0,0.86,5.05,3.56,10.2,12.3648,15.3216,17.472
2026-02-10,ARVN,13.44,13.39,-0.372,0.81,81.0,0.86,5.05,3.56,10.2,12.3648,15.3216,17.472
2026-02-10,FOXH,19.82,19.6,-1.11,0.84,84.0,1.12,3.67,4.46,10.83,18.2344,22.5948,25.766
2026-02-10,MLKIQ,22.6537,22.6537,0.0,0.928,92.8,1.09,3.29,12.58,11.45,20.8414,25.8252,29.4498
2026-02-10,MLKN,22.6537,22.6537,0.0,0.928,92.8,1.09,3.29,12.58,11.45,20.8414,25.8252,29.4498
2026-02-10,APEI,43.75,44.23,1.097,0.778,77.8,0.7,4.1,3.68,9.53,40.25,49.875,56.875
2026-02-10,APEX,43.75,44.23,1.097,0.778,77.8,0.7,4.1,3.68,9.53,40.25,49.875,56.875
2026-02-10,APEX1,43.75,44.23,1.097,0.778,77.8,0.7,4.1,3.68,9.53,40.25,49.875,56.875
2026-02-10,APFC,43.75,44.23,1.097,0.778,77.8,0.7,4.1,3.68,9.53,40.25,49.875,56.875
2026-02-10,APFH,43.75,44.23,1.097,0.778,77.8,0.7,4.1,3.68,9.53,40.25,49.875,56.875
2026-02-10,CMCL,22.8543,23.0835,1.003,0.893,89.3,1.22,4.53,8.3,11.55,21.0259,26.0539,29.7106
2026-02-10,CMCM,22.8543,23.0835,1.003,0.893,89.3,1.22,4.53,8.3,11.55,21.0259,26.0539,29.7106
2026-02-10,CMCO,22.8543,23.0835,1.003,0.893,89.3,1.22,4.53,8.3,11.55,21.0259,26.0539,29.7106
2026-02-10,CMD,22.8543,23.0835,1.003,0.893,89.3,1.22,4.53,8.3,11.55,21.0259,26.0539,29.7106
2026-02-10,APOG,42.28,42.38,0.237,0.744,74.4,1.06,3.4,9.46,11.13,38.8976,48.1992,54.964
2026-02-10,CYD,49.2,49.2,0.0,0.799,79.9,0.85,4.69,7.28,7.83,45.264,56.088,63.96
2026-02-10,ALNT,66.42,67.99,2.364,0.776,77.6,0.97,4.56,5.85,10.55,61.1064,75.7188,86.346
2026-02-10,CGEM,12.19,12.27,0.656,0.9,90.0,0.78,6.58,2.91,8.06,11.2148,13.8966,15.847
2026-02-10,PLRE,40.79,41.22,1.054,0.828,82.8,0.61,2.31,7.34,8.65,37.5268,46.5006,53.027
2026-02-10,BHPLF,36.6371,36.9291,0.797,0.892,89.2,0.6,2.65,10.34,13.47,33.7062,41.7663,47.6283
2026-02-10,DDL,2.92,2.95,1.027,0.944,94.4,3.32,5.93,2.76,11.97,2.6864,3.3288,3.796
2026-02-10,OCS,28.89,28.89,0.0,0.919,91.9,1.1,5.24,7.38,9.51,26.5788,32.9346,37.557
2026-02-10,AVNR,14.72,14.69,-0.204,0.781,78.1,0.97,3.58,11.97,8.92,13.5424,16.7808,19.136
2026-02-10,AVNS,14.72,14.69,-0.204,0.781,78.1,0.97,3.58,11.97,8.92,13.5424,16.7808,19.136
2026-02-10,ENLT,61.94,62.0,0.097,0.925,92.5,1.51,3.47,9.99,6.38,56.9848,70.6116,80.522
2026-02-10,MANE,15.3,15.42,0.784,0.906,90.6,0.98,4.69,2.46,7.32,14.076,17.442,19.89
2026-02-10,NBBK,21.93,22.02,0.41,0.705,70.5,0.78,2.56,4.08,8.46,20.1756,25.0002,28.509
2026-02-10,CFFN,7.54,7.57,0.398,0.706,70.6,0.71,2.92,5.79,7.96,6.9368,8.5956,9.802
2026-02-10,HTLD,11.8,11.8,0.0,0.919,91.9,0.87,4.15,9.79,7.17,10.856,13.452,15.34
2026-02-10,ASGI,23.9197,24.1774,1.077,0.714,71.4,0.9,1.92,6.47,7.39,22.0061,27.2685,31.0956
2026-02-10,GSM,5.33,5.41,1.501,0.88,88.0,1.17,5.1,5.85,6.77,4.9036,6.0762,6.929
2026-02-10,GSMGW,5.33,5.41,1.501,0.88,88.0,1.17,5.1,5.85,6.77,4.9036,6.0762,6.929
2026-02-10,NWPX,75.38,75.64,0.345,0.815,81.5,1.2,3.21,8.9,6.64,69.3496,85.9332,97.994
2026-02-11,MU,410.34,422.25,2.902,0.929,92.9,1.2,6.11,4.54,16546.39,377.5128,467.7876,533.442
2026-02-11,TSM,374.09,379.0,1.313,0.813,81.3,1.17,3.25,10.29,5944.08,344.1628,426.4626,486.317
2026-02-11,XOM,154.53,153.89,-0.414,0.81,81.0,1.07,2.01,11.26,3349.49,142.1676,176.1642,200.889
2026-02-11,LRCX,235.12,236.33,0.515,0.873,87.3,0.72,5.32,3.72,3127.63,216.3104,268.0368,305.656
2026-02-11,AMAT,339.88,339.88,0.0,0.764,76.4,0.85,4.44,5.29,2859.76,312.6896,387.4632,441.844
2026-02-11,WDC,273.74,285.0,4.113,0.94,94.0,0.87,7.79,7.35,2951.5,251.8408,312.0636,355.862
2026-02-11,XLE,54.98,54.94,-0.073,0.723,72.3,1.05,1.79,8.82,3005.61,50.5816,62.6772,71.474
2026-02-11,JNJ,240.86,240.48,-0.158,0.737,73.7,0.71,1.65,5.78,2308.09,221.5912,274.5804,313.118
2026-02-11,TXN,226.56,226.68,0.053,0.753,75.3,0.91,3.04,8.9,2268.04,208.4352,258.2784,294.528
2026-02-11,BE,155.54,159.6,2.61,0.892,89.2,1.09,10.23,3.99,1950.29,143.0968,177.3156,202.202
2026-02-11,MRK,119.31,119.01,-0.251,0.791,79.1,0.76,2.68,5.92,1707.33,109.7652,136.0134,155.103
2026-02-11,ADI,335.9481,338.3107,0.703,0.866,86.6,0.96,2.84,7.9,1368.59,309.0722,382.9808,436.7325
2026-02-11,COHR1,223.69,227.26,1.596,0.914,91.4,0.95,8.9,6.0,1315.83,205.7948,255.0066,290.797
2026-02-11,NEM,124.6,122.9,-1.364,0.843,84.3,0.6,4.13,4.35,1375.21,114.632,142.044,161.98
2026-02-11,APLD,36.6,37.09,1.339,0.913,91.3,0.71,11.33,1.73,1239.71,33.672,41.724,47.58
2026-02-11,GILD,155.8,153.42,-1.528,0.748,74.8,1.32,3.0,12.11,1348.86,143.336,177.612,202.54
2026-02-11,HON,242.7,244.42,0.709,0.718,71.8,0.82,1.84,7.13,1233.38,223.284,276.678,315.51
2026-02-11,SLB,51.56,51.49,-0.136,0.873,87.3,1.03,2.94,5.64,1149.05,47.4352,58.7784,67.028
2026-02-11,CMCSA,32.48,32.7,0.677,0.748,74.8,0.72,2.73,9.33,1233.57,29.8816,37.0272,42.224
2026-02-11,PM,186.27,186.05,-0.118,0.704,70.4,1.08,2.52,5.24,1133.13,171.3684,212.3478,242.151
2026-02-11,COP,111.21,111.21,0.0,0.749,74.9,1.02,2.53,8.69,979.29,102.3132,126.7794,144.573
2026-02-11,LOW,287.04,289.39,0.819,0.739,73.9,1.02,2.27,4.41,830.41,264.0768,327.2256,373.152
2026-02-11,BMY,59.93,60.0,0.117,0.741,74.1,0.87,2.31,5.71,820.8,55.1356,68.3202,77.909
2026-02-11,RCL,333.75,338.92,1.549,0.804,80.4,1.04,4.08,7.82,879.21,307.05,380.475,433.875
2026-02-11,MCHP,80.75,81.81,1.313,0.887,88.7,1.28,3.72,5.7,856.29,74.29,92.055,104.975
2026-02-11,NXPI,249.75,252.17,0.969,0.74,74.0,1.41,3.59,7.4,859.92,229.77,284.715,324.675
2026-02-11,MPWR,1196.73,1206.25,0.796,0.793,79.3,1.05,4.84,7.26,874.77,1100.9916,1364.2722,1555.749
2026-02-11,TGT,114.61,114.98,0.323,0.773,77.3,1.02,2.98,5.91,741.59,105.4412,130.6554,148.993
2026-02-11,FITB,54.33,54.68,0.644,0.787,78.7,0.62,2.79,5.17,972.38,49.9836,61.9362,70.629
2026-02-11,UPS,120.0,120.38,0.317,0.77,77.0,0.96,2.47,8.37,832.61,110.4,136.8,156.0
2026-02-11,WBD,27.99,28.13,0.5,0.759,75.9,0.94,1.67,0.38,668.62,25.7508,31.9086,36.387
2026-02-11,VALE,17.38,17.53,0.863,0.848,84.8,0.97,2.9,7.99,800.75,15.9896,19.8132,22.594
2026-02-11,USB,58.96,59.39,0.729,0.751,75.1,1.12,2.03,3.53,751.9,54.2432,67.2144,76.648
2026-02-11,FDX,367.16,366.12,-0.283,0.836,83.6,0.9,2.41,11.01,757.19,337.7872,418.5624,477.308
2026-02-11,AG,23.8039,23.474,-1.386,0.954,95.4,0.71,7.65,3.94,738.47,21.8996,27.1364,30.945
2026-02-11,CL,95.31,95.41,0.105,0.714,71.4,0.84,1.97,7.24,738.69,87.6852,108.6534,123.903
2026-02-11,PNC,235.48,236.79,0.556,0.785,78.5,0.77,2.13,3.66,749.74,216.6416,268.4472,306.124
2026-02-11,CCL,33.09,33.33,0.725,0.761,76.1,0.89,3.71,8.44,705.0,30.4428,37.7226,43.017
2026-02-11,CMIIU,596.8933,597.6209,0.122,0.779,77.9,0.92,3.0,3.09,680.68,549.1418,680.4584,775.9613
2026-02-11,CMIKA,596.8933,597.6209,0.122,0.779,77.9,0.92,3.0,3.09,680.68,549.1418,680.4584,775.9613
2026-02-11,CMIN,596.8933,597.6209,0.122,0.779,77.9,0.92,3.0,3.09,680.68,549.1418,680.4584,775.9613
2026-02-11,CMIV,596.8933,597.6209,0.122,0.779,77.9,0.92,3.0,3.09,680.68,549.1418,680.4584,775.9613
2026-02-11,MAR,358.75,361.98,0.9,0.74,74.0,1.44,2.28,10.45,620.17,330.05,408.975,466.375
2026-02-11,EMRAF,154.0779,155.1438,0.692,0.701,70.1,1.93,2.68,2.29,607.55,141.7517,175.6488,200.3013
2026-02-11,EMRI,154.0779,155.1438,0.692,0.701,70.1,1.93,2.68,2.29,607.55,141.7517,175.6488,200.3013
2026-02-11,PWR,523.96,530.0,1.153,0.724,72.4,0.94,3.73,9.37,591.24,482.0432,597.3144,681.148
2026-02-11,BKR,61.25,61.19,-0.098,0.785,78.5,1.22,2.96,9.47,677.94,56.35,69.825,79.625
2026-02-11,CHSCL,195.6607,195.9597,0.153,0.795,79.5,0.75,2.68,4.65,452.68,180.0079,223.0532,254.359
2026-02-11,CARR,67.08,67.65,0.85,0.716,71.6,0.64,2.66,12.14,634.27,61.7136,76.4712,87.204
2026-02-11,DG,147.16,148.0,0.571,0.86,86.0,0.95,2.73,0.17,428.62,135.3872,167.7624,191.308
2026-02-11,ODFL,194.46,198.79,2.227,0.872,87.2,0.94,3.37,5.99,495.67,178.9032,221.6844,252.798
2026-02-11,ITW,298.07,299.91,0.617,0.72,72.0,0.86,2.23,10.12,488.14,274.2244,339.7998,387.491
2026-02-11,KGC,34.82,34.3,-1.493,0.827,82.7,0.73,4.88,0.62,468.93,32.0344,39.6948,45.266
2026-02-11,IR,96.75,97.87,1.158,0.767,76.7,1.83,2.88,6.79,486.59,89.01,110.295,125.775
2026-02-11,RIO,99.52,99.94,0.422,0.845,84.5,0.61,2.09,8.41,432.1,91.5584,113.4528,129.376
2026-02-11,OKE,84.9,85.25,0.412,0.735,73.5,0.7,2.69,9.02,423.57,78.108,96.786,110.37
2026-02-11,ROG-SW,356.8,358.1,0.364,0.733,73.3,0.89,1.92,1.81,383.51,328.256,406.752,463.84
2026-02-11,PBR,15.83,15.69,-0.884,0.709,70.9,1.1,2.77,9.32,479.9,14.5636,18.0462,20.579
2026-02-11,CNQ,40.63,40.35,-0.689,0.741,74.1,1.49,2.57,10.05,379.77,37.3796,46.3182,52.819
2026-02-11,KEX,22.319,22.4081,0.399,0.789,78.9,0.75,2.37,3.06,353.2,20.5335,25.4437,29.0147
2026-02-11,CFG,66.86,67.4,0.808,0.977,97.7,0.91,2.45,4.83,401.39,61.5112,76.2204,86.918
2026-02-11,WPM,149.11,147.3,-1.214,0.853,85.3,0.86,4.6,5.61,452.15,137.1812,169.9854,193.843
2026-02-11,LEN,120.99,121.8,0.669,0.991,99.1,0.75,3.52,5.79,349.99,111.3108,137.9286,157.287
2026-02-11,KEYS,238.02,239.13,0.466,0.814,81.4,0.88,2.89,7.7,262.37,218.9784,271.3428,309.426
2026-02-11,NUE,194.42,193.68,-0.381,0.815,81.5,0.82,2.66,6.93,388.57,178.8664,221.6388,252.746
2026-02-11,GSK,58.49,58.43,-0.103,0.722,72.2,1.02,1.74,11.0,398.03,53.8108,66.6786,76.037
2026-02-11,GWW,1202.47,1204.0,0.127,0.783,78.3,0.72,2.25,8.75,377.74,1106.2724,1370.8158,1563.211
2026-02-11,BHP,75.13,74.36,-1.025,0.817,81.7,0.95,2.37,8.75,360.7,69.1196,85.6482,97.669
2026-02-11,AME,235.29,238.19,1.233,0.706,70.6,0.75,2.05,5.05,357.17,216.4668,268.2306,305.877
2026-02-11,DOV,232.5364,234.0729,0.661,0.975,97.5,0.86,2.18,10.06,350.04,213.9335,265.0915,302.2973
2026-02-11,MTB,234.72,236.14,0.605,0.766,76.6,1.11,2.14,5.41,322.79,215.9424,267.5808,305.136
2026-02-11,TRGP,221.91,221.43,-0.216,0.807,80.7,0.9,2.61,11.81,292.02,204.1572,252.9774,288.483
2026-02-11,CVE,22.02,21.88,-0.636,0.731,73.1,1.14,3.08,12.79,297.58,20.2584,25.1028,28.626
2026-02-11,JBL,260.998,263.6471,1.015,0.959,95.9,0.8,4.05,5.42,280.13,240.1181,297.5377,339.2973
2026-02-11,EME,808.51,815.0,0.803,0.802,80.2,1.29,3.42,11.77,276.59,743.8292,921.7014,1051.063
2026-02-11,ATHXQ,138.72,140.0,0.923,0.849,84.9,0.91,3.54,9.66,285.51,127.6224,158.1408,180.336
2026-02-11,ATI,138.72,140.0,0.923,0.849,84.9,0.91,3.54,9.66,285.51,127.6224,158.1408,180.336
2026-02-11,ATI1,138.72,140.0,0.923,0.849,84.9,0.91,3.54,9.66,285.51,127.6224,158.1408,180.336
2026-02-11,SU,55.94,55.48,-0.822,0.777,77.7,0.94,2.45,7.24,294.65,51.4648,63.7716,72.722
2026-02-11,EXPD,161.89,162.94,0.649,0.953,95.3,0.81,1.8,0.05,248.68,148.9388,184.5546,210.457
2026-02-11,LII,557.51,562.35,0.868,0.997,99.7,1.09,3.2,7.99,322.73,512.9092,635.5614,724.763
2026-02-11,WST,246.16,250.21,1.645,0.886,88.6,1.32,3.78,0.3,309.88,226.4672,280.6224,320.008
2026-02-11,HUBB,514.6321,518.7909,0.808,0.989,98.9,1.09,3.02,5.1,322.58,473.4616,586.6806,669.0218
2026-02-11,PPG,130.2812,131.2457,0.74,0.967,96.7,0.64,2.26,11.69,329.9,119.8588,148.5206,169.3656
2026-02-11,CLX,125.95,126.51,0.445,0.716,71.6,0.99,2.58,10.72,306.97,115.874,143.583,163.735
2026-02-11,PKKFF,244.55,245.46,0.372,0.732,73.2,0.83,2.79,8.05,286.8,224.986,278.787,317.915
2026-02-11,PKOH,244.55,245.46,0.372,0.732,73.2,0.83,2.79,8.05,286.8,224.986,278.787,317.915
2026-02-11,ATO,174.9976,175.7037,0.403,0.901,90.1,0.72,1.81,4.0,315.83,160.9978,199.4973,227.4969
2026-02-11,CDW,134.2926,134.2926,-0.0,0.996,99.6,1.22,2.97,2.69,247.61,123.5492,153.0936,174.5804
2026-02-11,BTGO,5.6084,5.5984,-0.178,0.831,83.1,0.6,5.37,9.62,286.47,5.1597,6.3936,7.2909
2026-02-11,BTHS,5.6084,5.5984,-0.178,0.831,83.1,0.6,5.37,9.62,286.47,5.1597,6.3936,7.2909
2026-02-11,BTIC,5.6084,5.5984,-0.178,0.831,83.1,0.6,5.37,9.62,286.47,5.1597,6.3936,7.2909
2026-02-11,NGD,11.38,11.2,-1.582,0.908,90.8,0.59,7.64,1.58,284.99,10.4696,12.9732,14.794
2026-02-11,NXT,119.9,121.01,0.926,0.826,82.6,0.8,5.85,8.24,288.58,110.308,136.686,155.87
2026-02-11,CPAY,346.61,349.46,0.822,0.721,72.1,1.02,3.3,6.8,229.74,318.8812,395.1354,450.593
2026-02-11,RL,359.51,363.29,1.051,0.964,96.4,1.14,2.98,0.61,249.24,330.7492,409.8414,467.363
2026-02-11,POOL,269.8708,270.5567,0.254,0.988,98.8,1.13,2.46,3.41,199.19,248.2811,307.6527,350.832
2026-02-11,CF,96.4153,96.3457,-0.072,0.989,98.9,0.7,3.19,5.74,219.22,88.7021,109.9134,125.3399
2026-02-11,LH,289.1643,291.289,0.735,0.983,98.3,1.03,2.26,6.4,227.26,266.0312,329.6473,375.9136
2026-02-11,ZBH,95.61,95.55,-0.063,0.957,95.7,1.45,2.76,8.6,240.65,87.9612,108.9954,124.293
2026-02-11,WSM,213.16,214.6,0.676,0.782,78.2,1.36,3.27,1.06,207.82,196.1072,243.0024,277.108
2026-02-11,AVB,179.83,180.32,0.272,0.985,98.5,1.11,2.41,1.71,239.63,165.4436,205.0062,233.779
2026-02-11,CATA1,648.79,654.39,0.863,0.7,70.0,0.88,2.42,2.51,233.81,596.8868,739.6206,843.427
2026-02-11,EAXR,166.47,168.1,0.979,0.862,86.2,0.73,4.45,2.65,231.69,153.1524,189.7758,216.411
2026-02-11,EB,166.47,168.1,0.979,0.862,86.2,0.73,4.45,2.65,231.69,153.1524,189.7758,216.411
2026-02-11,EBBGF,166.47,168.1,0.979,0.862,86.2,0.73,4.45,2.65,231.69,153.1524,189.7758,216.411
2026-02-11,EBBNF,166.47,168.1,0.979,0.862,86.2,0.73,4.45,2.65,231.69,153.1524,189.7758,216.411
2026-02-11,NTR,73.07,73.26,0.26,0.736,73.6,0.84,2.68,5.22,234.85,67.2244,83.2998,94.991
2026-02-11,WAB,254.42,257.53,1.222,0.739,73.9,2.25,2.07,8.1,209.79,234.0664,290.0388,330.746
2026-02-11,ZBRA,252.5,293.64,16.293,0.99,99.0,1.5,3.36,2.8,184.63,232.3,287.85,328.25
2026-02-11,TKO,210.38,209.67,-0.337,0.99,99.0,0.71,2.91,2.67,190.3,193.5496,239.8332,273.494
2026-02-11,PQUEQ,17.18,17.09,-0.524,0.8,80.0,1.34,2.9,9.95,211.12,15.8056,19.5852,22.334
2026-02-11,PRA,17.18,17.09,-0.524,0.8,80.0,1.34,2.9,9.95,211.12,15.8056,19.5852,22.334
2026-02-11,ES,69.4854,69.5645,0.114,0.94,94.0,1.03,2.29,1.2,184.5,63.9265,79.2133,90.331
2026-02-11,TXT,97.2587,97.9886,0.75,0.976,97.6,0.67,2.29,4.72,204.49,89.478,110.875,126.4364
2026-02-11,GFI,57.27,56.63,-1.118,0.84,84.0,0.62,5.51,7.28,235.61,52.6884,65.2878,74.451
2026-02-11,AGI,46.25,45.97,-0.605,0.837,83.7,0.78,5.2,11.82,233.32,42.55,52.725,60.125
2026-02-11,WHR,91.6116,91.8682,0.28,0.934,93.4,0.6,4.12,8.64,171.27,84.2827,104.4372,119.0951
2026-02-11,GFS,48.74,49.235,1.016,0.887,88.7,1.74,5.12,12.36,216.27,44.8408,55.5636,63.362
2026-02-11,IEX,211.48,213.09,0.761,0.936,93.6,1.26,2.41,5.09,224.76,194.5616,241.0872,274.924
2026-02-11,WYNN,115.2586,115.7276,0.407,0.999,99.9,1.22,2.77,1.64,159.74,106.0379,131.3948,149.8362
2026-02-11,ASA,39.81,40.265,1.143,0.803,80.3,1.16,3.94,6.48,184.17,36.6252,45.3834,51.753
2026-02-11,PRAX,323.29,323.99,0.217,0.948,94.8,0.84,5.94,3.87,179.07,297.4268,368.5506,420.277
2026-02-11,HBM,26.43,25.99,-1.665,0.93,93.0,0.85,5.15,6.28,188.05,24.3156,30.1302,34.359
2026-02-11,JJCTF,26.0,26.31,1.192,0.904,90.4,2.02,3.03,9.06,193.73,23.92,29.64,33.8
2026-02-11,TAP,52.7271,52.7865,0.113,0.935,93.5,1.11,2.62,6.68,146.3,48.509,60.1089,68.5453
2026-02-11,BLD,544.12,548.92,0.882,0.776,77.6,1.36,3.36,10.01,153.09,500.5904,620.2968,707.356
2026-02-11,ESS,261.41,264.5,1.182,0.994,99.4,0.85,2.01,2.97,158.56,240.4972,298.0074,339.833
2026-02-11,BALL,67.1394,67.4684,0.49,0.8,80.0,0.87,2.29,12.75,166.17,61.7682,76.5389,87.2812
2026-02-11,CLGX,274.6,275.05,0.164,0.818,81.8,1.04,2.14,4.64,124.19,252.632,313.044,356.98
2026-02-11,MAA,136.03,136.36,0.243,0.958,95.8,1.0,1.92,1.28,133.95,125.1476,155.0742,176.839
2026-02-11,SNA,380.257,381.678,0.374,0.998,99.8,1.53,2.19,3.33,149.95,349.8365,433.493,494.3341
2026-02-11,PNW,96.02,96.5,0.5,0.937,93.7,0.77,1.92,3.33,122.79,88.3384,109.4628,124.826
2026-02-11,EG,330.3575,330.5165,0.048,0.769,76.9,0.97,2.32,1.89,122.94,303.9289,376.6075,429.4647
2026-02-11,FLSCQ,86.54,87.04,0.578,0.772,77.2,1.27,3.02,8.87,131.76,79.6168,98.6556,112.502
2026-02-11,ZION,62.46,62.91,0.72,0.794,79.4,0.96,2.61,2.84,137.07,57.4632,71.2044,81.198
2026-02-11,PRIM,165.62,168.08,1.485,0.864,86.4,0.89,4.7,9.12,122.94,152.3704,188.8068,215.306
2026-02-11,HSIC,81.69,81.78,0.11,0.984,98.4,1.11,2.68,5.46,100.37,75.1548,93.1266,106.197
2026-02-11,SEDG,36.33,36.5,0.468,0.961,96.1,0.99,6.68,6.34,93.12,33.4236,41.4162,47.229
2026-02-11,PRY-MI,103.2,104.8,1.55,0.703,70.3,1.18,3.44,4.26,114.25,94.944,117.648,134.16
2026-02-11,JBLU,5.81,5.95,2.41,0.819,81.9,0.59,6.11,7.1,131.54,5.3452,6.6234,7.553
2026-02-11,BTU,36.6878,37.7154,2.801,0.76,76.0,0.78,5.8,1.37,120.98,33.7527,41.824,47.6941
2026-02-11,BUTLQ,36.6878,37.7154,2.801,0.76,76.0,0.78,5.8,1.37,120.98,33.7527,41.824,47.6941
2026-02-11,MHI1,134.9,134.33,-0.423,0.742,74.2,1.46,3.0,8.05,102.01,124.108,153.786,175.37
2026-02-11,FSM,11.41,11.33,-0.701,0.825,82.5,0.58,5.72,5.59,103.22,10.4972,13.0074,14.833
2026-02-11,FRT,106.95,107.99,0.972,0.961,96.1,0.87,1.65,4.03,87.51,98.394,121.923,139.035
2026-02-11,CAKE,61.2793,61.7968,0.845,0.816,81.6,1.28,3.15,2.94,76.07,56.377,69.8584,79.6631
2026-02-11,CAKR,61.2793,61.7968,0.845,0.816,81.6,1.28,3.15,2.94,76.07,56.377,69.8584,79.6631
2026-02-11,SOLV,81.49,81.91,0.515,0.966,96.6,0.76,2.18,3.85,78.09,74.9708,92.8986,105.937
2026-02-11,GVA,133.17,135.82,1.99,0.794,79.4,1.52,2.35,7.65,83.05,122.5164,151.8138,173.121
2026-02-11,GXO,63.35,64.21,1.358,0.765,76.5,2.34,3.18,9.97,89.87,58.282,72.219,82.355
2026-02-11,GXP,63.35,64.21,1.358,0.765,76.5,2.34,3.18,9.97,89.87,58.282,72.219,82.355
2026-02-11,L,110.1065,111.1359,0.935,0.987,98.7,0.88,1.74,4.33,86.3,101.298,125.5214,143.1385
2026-02-11,OLOXF,26.1128,26.3708,0.988,0.774,77.4,1.04,5.73,11.1,97.79,24.0238,29.7686,33.9467
2026-02-11,CUKPF,32.6578,33.0261,1.128,0.835,83.5,1.33,3.63,8.32,90.86,30.0452,37.2299,42.4551
2026-02-11,BFNBQ,75.8094,76.6071,1.052,0.725,72.5,0.66,3.29,4.17,75.73,69.7446,86.4227,98.5522
2026-02-11,BFNH,75.8094,76.6071,1.052,0.725,72.5,0.66,3.29,4.17,75.73,69.7446,86.4227,98.5522
2026-02-11,CWPE,107.34,107.12,-0.205,0.708,70.8,1.13,2.89,2.78,61.43,98.7528,122.3676,139.542
2026-02-11,CWST,107.34,107.12,-0.205,0.708,70.8,1.13,2.89,2.78,61.43,98.7528,122.3676,139.542
2026-02-11,NXST,238.5491,238.5491,0.0,0.999,99.9,0.9,3.55,10.6,100.25,219.4652,271.946,310.1139
2026-02-11,AUGO,75.26,74.9,-0.478,0.962,96.2,0.72,5.86,12.73,90.6,69.2392,85.7964,97.838
2026-02-11,ARRT,11.1,11.23,1.171,0.877,87.7,1.1,7.43,1.12,65.57,10.212,12.654,14.43
2026-02-11,ARRY,11.1,11.23,1.171,0.877,87.7,1.1,7.43,1.12,65.57,10.212,12.654,14.43
2026-02-11,ARRY1,11.1,11.23,1.171,0.877,87.7,1.1,7.43,1.12,65.57,10.212,12.654,14.43
2026-02-11,ARS,11.1,11.23,1.171,0.877,87.7,1.1,7.43,1.12,65.57,10.212,12.654,14.43
2026-02-11,JBS,16.24,16.16,-0.493,0.734,73.4,0.83,2.51,4.16,69.57,14.9408,18.5136,21.112
2026-02-11,PLXT,204.5,205.96,0.714,0.88,88.0,0.68,4.7,7.43,88.63,188.14,233.13,265.85
2026-02-11,MUFG,19.62,20.0,1.937,0.768,76.8,1.16,1.56,6.3,68.45,18.0504,22.3668,25.506
2026-02-11,BTSG,40.06,40.11,0.125,0.756,75.6,0.82,3.86,1.9,57.27,36.8552,45.6684,52.078
2026-02-11,ERAS,11.56,11.87,2.682,0.986,98.6,0.69,8.15,9.69,79.84,10.6352,13.1784,15.028
2026-02-11,KYMR,82.27,82.78,0.62,0.788,78.8,0.86,4.88,10.78,60.75,75.6884,93.7878,106.951
2026-02-11,BVN,40.48,40.04,-1.087,0.935,93.5,0.76,5.14,9.6,72.21,37.2416,46.1472,52.624
2026-02-11,LNTH,67.28,67.68,0.595,0.761,76.1,1.27,3.16,1.5,51.02,61.8976,76.6992,87.464
2026-02-11,XRAY,13.71,13.75,0.292,0.984,98.4,1.27,3.83,7.71,58.01,12.6132,15.6294,17.823
2026-02-11,MYRX,270.73,275.75,1.854,0.728,72.8,0.97,4.93,6.49,58.43,249.0716,308.6322,351.949
2026-02-11,HWC,70.8706,71.5057,0.896,0.719,71.9,0.71,2.51,2.19,66.21,65.2009,80.7925,92.1317
2026-02-11,LGIQ,53.62,53.73,0.205,0.915,91.5,1.32,6.5,9.43,58.85,49.3304,61.1268,69.706
2026-02-11,LGL,53.62,53.73,0.205,0.915,91.5,1.32,6.5,9.43,58.85,49.3304,61.1268,69.706
2026-02-11,LGL-WT,53.62,53.73,0.205,0.915,91.5,1.32,6.5,9.43,58.85,49.3304,61.1268,69.706
2026-02-11,LGN,53.62,53.73,0.205,0.915,91.5,1.32,6.5,9.43,58.85,49.3304,61.1268,69.706
2026-02-11,CMPO,24.9775,24.8975,-0.32,0.751,75.1,0.82,5.98,2.11,65.94,22.9793,28.4743,32.4707
2026-02-11,CPA,148.8603,149.7499,0.598,0.71,71.0,0.88,2.92,7.88,57.94,136.9515,169.7008,193.5184
2026-02-11,CPAC,148.8603,149.7499,0.598,0.71,71.0,0.88,2.92,7.88,57.94,136.9515,169.7008,193.5184
2026-02-11,DAP,33.2851,32.9064,-1.138,0.912,91.2,1.08,3.69,11.55,56.59,30.6223,37.945,43.2706
2026-02-11,DAR,33.2851,32.9064,-1.138,0.912,91.2,1.08,3.69,11.55,56.59,30.6223,37.945,43.2706
2026-02-11,GU1,20.7183,20.7581,0.192,0.721,72.1,1.83,3.07,11.86,47.7,19.0608,23.6188,26.9338
2026-02-11,NOGNQ,26.58,26.32,-0.978,0.725,72.5,0.73,3.5,9.92,53.48,24.4536,30.3012,34.554
2026-02-11,SMFG,23.77,24.25,2.019,0.871,87.1,0.91,1.51,10.26,50.34,21.8684,27.0978,30.901
2026-02-11,HE,16.59,16.73,0.844,0.867,86.7,0.76,3.8,6.87,53.53,15.2628,18.9126,21.567
2026-02-11,HEAL1,16.59,16.73,0.844,0.867,86.7,0.76,3.8,6.87,53.53,15.2628,18.9126,21.567
2026-02-11,MODG,15.06,15.17,0.73,0.865,86.5,1.22,3.75,1.16,48.6,13.8552,17.1684,19.578
2026-02-11,CSTM,24.7,25.35,2.632,0.911,91.1,1.0,3.93,5.71,36.59,22.724,28.158,32.11
2026-02-11,ATMP,62.9467,63.6561,1.127,0.792,79.2,0.92,2.91,7.21,41.02,57.911,71.7593,81.8308
2026-02-11,ATMV,62.9467,63.6561,1.127,0.791,79.1,0.92,2.91,7.21,41.02,57.911,71.7593,81.8308
2026-02-11,ATMVR,62.9467,63.6561,1.127,0.791,79.1,0.92,2.91,7.21,41.02,57.911,71.7593,81.8308
2026-02-11,PATK,145.2494,146.0068,0.521,0.874,87.4,0.83,3.41,10.38,60.55,133.6295,165.5844,188.8243
2026-02-11,PLAB,38.1,38.32,0.577,0.944,94.4,0.65,6.41,7.64,45.14,35.052,43.434,49.53
2026-02-11,BOJA,134.9198,136.0545,0.841,0.752,75.2,0.77,2.15,2.72,51.42,124.1263,153.8086,175.3958
2026-02-11,BOLD,134.9198,136.0545,0.841,0.752,75.2,0.77,2.15,2.72,51.42,124.1263,153.8086,175.3958
2026-02-11,AUB,40.6236,41.119,1.22,0.762,76.2,0.87,2.7,3.35,49.32,37.3737,46.3109,52.8106
2026-02-11,PAIYY,21.18,21.26,0.378,0.702,70.2,0.76,1.85,2.6,44.48,19.4856,24.1452,27.534
2026-02-11,PALDF,21.18,21.26,0.378,0.702,70.2,0.76,1.85,2.6,44.48,19.4856,24.1452,27.534
2026-02-11,PACW1,39.18,39.74,1.429,0.98,98.0,1.1,5.16,7.1,40.46,36.0456,44.6652,50.934
2026-02-11,PACX,39.18,39.74,1.429,0.98,98.0,1.1,5.16,7.1,40.46,36.0456,44.6652,50.934
2026-02-11,PAE,39.18,39.74,1.429,0.98,98.0,1.1,5.16,7.1,40.46,36.0456,44.6652,50.934
2026-02-11,PAET,39.18,39.74,1.429,0.98,98.0,1.1,5.16,7.1,40.46,36.0456,44.6652,50.934
2026-02-11,FULT,22.18,22.33,0.676,0.765,76.5,0.63,2.8,5.44,46.84,20.4056,25.2852,28.834
2026-02-11,CGAU,19.84,19.67,-0.857,0.924,92.4,0.81,4.87,10.77,51.81,18.2528,22.6176,25.792
2026-02-11,ORLA,17.25,17.2,-0.29,0.868,86.8,0.66,6.57,4.1,44.4,15.87,19.665,22.425
2026-02-11,BLTE,175.06,175.84,0.446,0.906,90.6,0.68,6.13,3.58,38.54,161.0552,199.5684,227.578
2026-02-11,AVNT1,40.87,41.85,2.398,0.828,82.8,1.31,2.84,9.5,40.06,37.6004,46.5918,53.131
2026-02-11,AXGN,33.9,34.52,1.829,0.853,85.3,1.1,4.77,1.1,35.66,31.188,38.646,44.07
2026-02-11,ABBNY,90.31,91.24,1.03,0.775,77.5,1.44,1.57,9.9,36.75,83.0852,102.9534,117.403
2026-02-11,ABCB,90.31,91.24,1.03,0.775,77.5,1.44,1.57,9.9,36.75,83.0852,102.9534,117.403
2026-02-11,BNTT,55.04,55.05,0.018,0.832,83.2,1.39,1.49,3.34,25.04,50.6368,62.7456,71.552
2026-02-11,DFTX,17.35,17.35,0.0,0.889,88.9,0.63,6.76,2.94,32.34,15.962,19.779,22.555
2026-02-11,CEDCQ,76.18,76.94,0.998,0.903,90.3,1.07,4.18,9.74,20.82,70.0856,86.8452,99.034
2026-02-11,CMBT,12.96,13.05,0.694,0.796,79.6,0.79,2.76,6.23,25.34,11.9232,14.7744,16.848
2026-02-11,MNMD,17.35,17.35,0.0,0.889,88.9,0.63,6.76,2.94,32.34,15.962,19.779,22.555
2026-02-11,GFIG,93.6991,93.9186,0.234,0.813,81.3,1.89,3.03,9.44,34.13,86.2032,106.817,121.8089
2026-02-11,NBR,70.88,66.5,-6.179,0.877,87.7,1.27,4.24,6.65,22.57,65.2096,80.8032,92.144
2026-02-11,BW,9.61,9.76,1.561,0.884,88.4,0.63,10.9,2.11,29.43,8.8412,10.9554,12.493
2026-02-11,AERTW,12.01,12.0,-0.083,0.82,82.0,0.6,5.07,3.66,27.9,11.0492,13.6914,15.613
2026-02-11,AESK,12.01,12.0,-0.083,0.82,82.0,0.6,5.07,3.66,27.9,11.0492,13.6914,15.613
2026-02-11,AESP,12.01,12.0,-0.083,0.82,82.0,0.6,5.07,3.66,27.9,11.0492,13.6914,15.613
2026-02-11,NVSGF,19.38,19.42,0.206,0.882,88.2,1.48,1.97,2.57,24.78,17.8296,22.0932,25.194
2026-02-11,GLDG,16.95,16.92,-0.177,0.824,82.4,7.82,4.35,10.97,28.42,15.594,19.323,22.035
2026-02-11,CASC2,89.59,90.2,0.681,0.798,79.8,1.11,3.6,4.39,28.33,82.4228,102.1326,116.467
2026-02-11,NWKC,4.4417,4.4614,0.443,0.826,82.6,0.74,4.52,3.19,26.37,4.0863,5.0635,5.7742
2026-02-11,GET,1.61,1.64,1.863,0.844,84.4,1.11,6.09,12.75,22.04,1.4812,1.8354,2.093
2026-02-11,GETI,1.61,1.64,1.863,0.844,84.4,1.11,6.09,12.75,22.04,1.4812,1.8354,2.093
2026-02-11,EZPW,24.87,25.19,1.287,0.868,86.8,0.98,3.5,11.75,27.79,22.8804,28.3518,32.331
2026-02-11,CONC1,24.17,24.32,0.621,0.723,72.3,1.05,3.36,8.4,29.83,22.2364,27.5538,31.421
2026-02-11,CONR,24.17,24.32,0.621,0.723,72.3,1.05,3.36,8.4,29.83,22.2364,27.5538,31.421
2026-02-11,KRUS,73.07,73.22,0.205,0.902,90.2,1.23,5.5,0.85,21.03,67.2244,83.2998,94.991
2026-02-11,LGIH,60.93,61.94,1.658,0.758,75.8,0.97,4.55,12.38,20.72,56.0556,69.4602,79.209
2026-02-11,AZX,137.46,138.43,0.706,0.851,85.1,1.55,2.31,8.7,20.69,126.4632,156.7044,178.698
2026-02-11,AZZ,137.46,138.43,0.706,0.851,85.1,1.55,2.31,8.7,20.69,126.4632,156.7044,178.698
2026-02-11,B,137.46,138.43,0.706,0.851,85.1,1.55,2.31,8.7,20.69,126.4632,156.7044,178.698
2026-02-11,MAZE,47.22,47.3,0.169,0.885,88.5,1.53,7.69,5.29,25.19,43.4424,53.8308,61.386
2026-02-11,CCSI1,73.033,74.1379,1.513,0.743,74.3,1.21,4.09,9.02,22.19,67.1903,83.2576,94.9428
2026-02-11,PFSB,23.0072,23.2348,0.989,0.749,74.9,0.6,2.91,6.2,24.52,21.1666,26.2282,29.9093
2026-02-11,BRCB,94.61,95.0,0.412,0.754,75.4,0.92,1.89,8.22,18.77,87.0412,107.8554,122.993
2026-02-11,BRCC,94.61,95.0,0.412,0.754,75.4,0.92,1.89,8.22,18.77,87.0412,107.8554,122.993
2026-02-11,KBXRF,14.43,15.04,4.227,0.79,79.0,2.55,4.29,11.08,20.38,13.2756,16.4502,18.759
2026-02-11,PGEN,4.91,4.95,0.815,0.77,77.0,1.12,8.52,7.65,17.48,4.5172,5.5974,6.383
2026-02-11,ANDE,69.11,69.22,0.159,0.855,85.5,0.8,2.98,10.48,19.86,63.5812,78.7854,89.843
2026-02-11,ANDG,69.11,69.22,0.159,0.855,85.5,0.8,2.98,10.48,19.86,63.5812,78.7854,89.843
2026-02-11,ANDN1,69.11,69.22,0.159,0.855,85.5,0.8,2.98,10.48,19.86,63.5812,78.7854,89.843
2026-02-11,ANDR,69.11,69.22,0.159,0.855,85.5,0.8,2.98,10.48,19.86,63.5812,78.7854,89.843
2026-02-11,KNAN,27.0,27.22,0.815,0.73,73.0,1.48,3.59,8.07,20.97,24.84,30.78,35.1
2026-02-11,KNAP,27.0,27.22,0.815,0.73,73.0,1.48,3.59,8.07,20.97,24.84,30.78,35.1
2026-02-11,AIMT,58.79,59.26,0.799,0.797,79.7,0.98,2.57,2.39,15.46,54.0868,67.0206,76.427
2026-02-11,AIN,58.79,59.26,0.799,0.797,79.7,0.98,2.57,2.39,15.46,54.0868,67.0206,76.427
2026-02-11,HLX,8.85,8.84,-0.113,0.812,81.2,0.97,3.97,12.53,19.24,8.142,10.089,11.505
2026-02-11,BHFAL,58.93,59.53,1.018,0.828,82.8,1.05,3.55,11.54,18.03,54.2156,67.1802,76.609
2026-02-11,CMPX,6.44,6.44,0.0,0.82,82.0,0.68,6.8,3.37,15.37,5.9248,7.3416,8.372
2026-02-11,IAALF,28.74,29.04,1.044,0.771,77.1,0.84,5.54,0.69,14.17,26.4408,32.7636,37.362
2026-02-11,MUEL,74.0389,74.4083,0.499,0.788,78.8,0.72,2.82,7.78,15.69,68.1158,84.4043,96.2505
2026-02-11,ADTM1,10.38,10.38,0.0,0.823,82.3,1.03,4.44,8.52,12.7,9.5496,11.8332,13.494
2026-02-11,ADTN,10.38,10.38,0.0,0.823,82.3,1.03,4.44,8.52,12.7,9.5496,11.8332,13.494
2026-02-11,ARVLF,13.09,12.83,-1.986,0.789,78.9,0.9,5.13,0.56,10.06,12.0428,14.9226,17.017
2026-02-11,ARVN,13.09,12.83,-1.986,0.789,78.9,0.9,5.13,0.56,10.06,12.0428,14.9226,17.017
2026-02-11,FOXH,20.03,20.1,0.349,0.862,86.2,0.71,3.66,5.2,10.88,18.4276,22.8342,26.039
2026-02-11,MLKIQ,22.5645,22.6537,0.395,0.904,90.4,1.09,3.25,11.15,11.57,20.7593,25.7235,29.3338
2026-02-11,MLKN,22.5645,22.6537,0.395,0.904,90.4,1.09,3.25,11.15,11.57,20.7593,25.7235,29.3338
2026-02-11,APEI,43.23,43.52,0.671,0.744,74.4,0.81,4.19,2.05,9.22,39.7716,49.2822,56.199
2026-02-11,APEX,43.23,43.52,0.671,0.744,74.4,0.81,4.19,2.05,9.22,39.7716,49.2822,56.199
2026-02-11,APEX1,43.23,43.52,0.671,0.744,74.4,0.81,4.19,2.05,9.22,39.7716,49.2822,56.199
2026-02-11,APFC,43.23,43.52,0.671,0.744,74.4,0.81,4.19,2.05,9.22,39.7716,49.2822,56.199
2026-02-11,APFH,43.23,43.52,0.671,0.744,74.4,0.81,4.19,2.05,9.22,39.7716,49.2822,56.199
2026-02-11,CMCL,23.1932,23.0437,-0.645,0.894,89.4,1.6,4.57,9.07,12.33,21.3377,26.4402,30.1511
2026-02-11,CMCM,23.1932,23.0437,-0.645,0.894,89.4,1.6,4.57,9.07,12.33,21.3377,26.4402,30.1511
2026-02-11,CMCO,23.1932,23.0437,-0.645,0.894,89.4,1.6,4.57,9.07,12.33,21.3377,26.4402,30.1511
2026-02-11,CMD,23.1932,23.0437,-0.645,0.894,89.4,1.6,4.57,9.07,12.33,21.3377,26.4402,30.1511
2026-02-11,APOG,41.69,41.87,0.432,0.735,73.5,0.81,3.49,6.96,10.99,38.3548,47.5266,54.197
2026-02-11,CYD,51.63,52.52,1.724,0.845,84.5,0.99,4.66,11.56,8.1,47.4996,58.8582,67.119
2026-02-11,ALNT,65.63,66.23,0.914,0.783,78.3,1.19,4.74,4.23,10.68,60.3796,74.8182,85.319
2026-02-11,CGEM,11.96,12.03,0.585,0.875,87.5,1.07,6.79,0.45,8.15,11.0032,13.6344,15.548
2026-02-11,PLRE,41.58,41.97,0.938,0.819,81.9,0.86,2.29,8.71,8.89,38.2536,47.4012,54.054
2026-02-11,BHPLF,36.9291,33.9416,-8.09,0.857,85.7,1.39,2.47,10.26,14.41,33.9747,42.0991,48.0078
2026-02-11,DDL,3.0,2.94,-2.0,0.943,94.3,0.72,6.11,5.43,12.57,2.76,3.42,3.9
2026-02-11,OCS,28.58,28.58,0.0,0.885,88.5,1.29,5.05,5.15,9.64,26.2936,32.5812,37.154
2026-02-11,ENLT,63.71,64.36,1.02,0.933,93.3,1.61,3.57,12.02,6.99,58.6132,72.6294,82.823
2026-02-11,MANE,15.32,15.32,0.0,0.888,88.8,0.88,4.37,2.14,7.21,14.0944,17.4648,19.916
2026-02-11,ASTL,5.06,5.1,0.791,0.822,82.2,0.88,6.96,12.14,8.69,4.6552,5.7684,6.578
2026-02-11,ASTLW,5.06,5.1,0.791,0.822,82.2,0.88,6.96,12.14,8.69,4.6552,5.7684,6.578
2026-02-11,HTLD,11.82,11.96,1.184,0.907,90.7,0.64,4.19,9.23,7.16,10.8744,13.4748,15.366
2026-02-11,ASGI,24.4449,24.4449,-0.0,0.729,72.9,0.9,1.93,8.0,7.51,22.4893,27.8672,31.7784
2026-02-11,GSM,5.45,5.45,0.0,0.87,87.0,0.86,5.18,7.72,7.04,5.014,6.213,7.085
2026-02-11,GSMGW,5.45,5.45,0.0,0.87,87.0,0.86,5.18,7.72,7.04,5.014,6.213,7.085
2026-02-11,NWPX,75.23,75.5,0.359,0.806,80.6,1.79,3.22,8.07,6.97,69.2116,85.7622,97.799
2026-02-20,MU,428.17,422.31,-1.369,0.929,92.9,0.79,6.32,4.97,16238.27,393.9164,488.1138,556.621
2026-02-20,TSM,370.54,367.01,-0.953,0.812,81.2,0.71,3.81,6.11,4701.24,340.8968,422.4156,481.702
2026-02-20,SMH,415.03,413.57,-0.352,0.767,76.7,0.73,2.91,2.48,3266.41,381.8276,473.1342,539.539
2026-02-20,XOM,147.28,148.15,0.591,0.756,75.6,1.13,2.27,1.94,3362.3,135.4976,167.8992,191.464
2026-02-20,LRCX,244.6269,245.0564,0.176,0.87,87.0,0.73,5.09,5.52,2876.62,225.0568,278.8747,318.015
2026-02-20,AMAT,375.38,372.4,-0.794,0.844,84.4,0.94,4.7,12.03,3255.19,345.3496,427.9332,487.994
2026-02-20,WDC,285.3834,283.4843,-0.665,0.961,96.1,0.9,8.27,4.75,3327.0,262.5527,325.3371,370.9984
2026-02-20,XLE,54.88,55.04,0.292,0.716,71.6,0.91,1.88,4.65,3049.28,50.4896,62.5632,71.344
2026-02-20,CVX,183.93,184.67,0.402,0.701,70.1,0.82,1.79,3.25,2155.54,169.2156,209.6802,239.109
2026-02-20,CAT,759.74,758.95,-0.104,0.838,83.8,0.62,3.58,7.11,2580.78,698.9608,866.1036,987.662
2026-02-20,MRK,122.26,122.31,0.041,0.752,75.2,0.7,2.45,5.38,1649.24,112.4792,139.3764,158.938
2026-02-20,ADI,353.9218,351.4296,-0.704,0.898,89.8,1.19,3.12,9.41,1593.59,325.6081,403.4709,460.0984
2026-02-20,COHR1,248.18,248.18,0.0,0.943,94.3,1.06,8.77,12.56,1473.68,228.3256,282.9252,322.634
2026-02-20,NEM,121.8833,123.1109,1.007,0.874,87.4,1.17,4.7,0.6,1304.72,112.1327,138.947,158.4483
2026-02-20,LMT,654.8091,652.1829,-0.401,0.864,86.4,0.85,3.04,4.65,1109.96,602.4244,746.4824,851.2518
2026-02-20,HON,242.7647,242.5259,-0.098,0.768,76.8,0.61,1.86,3.95,1072.35,223.3436,276.7518,315.5942
2026-02-20,SLB,50.85,50.91,0.118,0.861,86.1,0.59,3.12,1.9,1092.33,46.782,57.969,66.105
2026-02-20,CMCSA,31.34,31.37,0.096,0.714,71.4,0.73,2.65,2.32,1087.77,28.8328,35.7276,40.742
2026-02-20,XLB,52.96,52.49,-0.887,0.709,70.9,0.86,1.68,2.85,1098.9,48.7232,60.3744,68.848
2026-02-20,COP,110.53,110.7,0.154,0.754,75.4,0.81,2.48,4.21,934.43,101.6876,126.0042,143.689
2026-02-20,BMY,60.66,60.97,0.511,0.798,79.8,0.73,2.27,4.32,793.53,55.8072,69.1524,78.858
2026-02-20,JCI,143.79,142.83,-0.668,0.755,75.5,0.85,2.54,10.05,778.36,132.2868,163.9206,186.927
2026-02-20,NOC,721.25,721.26,0.001,0.769,76.9,0.78,2.78,3.71,692.41,663.55,822.225,937.625
2026-02-20,TGT,116.69,116.08,-0.523,0.808,80.8,1.0,3.04,5.62,731.67,107.3548,133.0266,151.697
2026-02-20,UPS,116.73,116.17,-0.48,0.71,71.0,0.68,2.73,2.98,854.56,107.3916,133.0722,151.749
2026-02-20,WBD,28.75,28.82,0.243,0.719,71.9,0.85,1.6,3.09,670.84,26.45,32.775,37.375
2026-02-20,VALE,16.71,16.85,0.838,0.837,83.7,0.64,3.11,1.23,763.13,15.3732,19.0494,21.723
2026-02-20,USB,58.66,58.63,-0.051,0.716,71.6,0.8,2.16,1.13,645.84,53.9672,66.8724,76.258
2026-02-20,FDX,386.9114,386.1843,-0.188,0.869,86.9,0.75,2.57,10.1,781.46,355.9585,441.079,502.9848
2026-02-20,PNC,232.97,232.17,-0.343,0.74,74.0,0.72,2.11,0.95,598.34,214.3324,265.5858,302.861
2026-02-20,UAL,113.03,111.3,-1.531,0.7,70.0,0.74,4.54,2.78,643.68,103.9876,128.8542,146.939
2026-02-20,CDE,24.63,24.9,1.096,0.942,94.2,1.11,7.84,7.98,713.64,22.6596,28.0782,32.019
2026-02-20,AEM,227.8517,229.9879,0.938,0.863,86.3,0.76,4.39,8.68,716.08,209.6236,259.751,296.2073
2026-02-20,CMIIU,593.28,589.65,-0.612,0.746,74.6,0.81,3.28,1.41,686.41,545.8176,676.3392,771.264
2026-02-20,CMIKA,593.28,589.65,-0.612,0.746,74.6,0.81,3.28,1.41,686.41,545.8176,676.3392,771.264
2026-02-20,CMIN,593.28,589.65,-0.612,0.746,74.6,0.81,3.28,1.41,686.41,545.8176,676.3392,771.264
2026-02-20,CMIV,593.28,589.65,-0.612,0.746,74.6,0.81,3.28,1.41,686.41,545.8176,676.3392,771.264
2026-02-20,ELV,340.829,337.8473,-0.875,0.811,81.1,0.58,3.68,0.18,662.47,313.5627,388.545,443.0777
2026-02-20,OXY,51.595,52.0031,0.791,0.73,73.0,1.3,2.88,11.88,658.69,47.4674,58.8183,67.0735
2026-02-20,MRNA,49.87,48.695,-2.356,0.965,96.5,0.77,7.14,12.74,583.61,45.8804,56.8518,64.831
2026-02-20,CSX,42.1711,42.0415,-0.307,0.711,71.1,1.02,2.14,6.37,587.06,38.7974,48.0751,54.8225
2026-02-20,LHX,354.9037,354.0069,-0.253,0.769,76.9,0.79,2.62,1.69,472.54,326.5114,404.5903,461.3749
2026-02-20,PWR,552.66,552.0,-0.119,0.773,77.3,0.92,3.78,10.37,636.42,508.4472,630.0324,718.458
2026-02-20,CCJ,121.35,122.0,0.536,0.897,89.7,0.98,5.39,0.97,594.8,111.642,138.339,157.755
2026-02-20,MSI,462.76,460.1,-0.575,0.744,74.4,1.17,2.29,8.98,573.64,425.7392,527.5464,601.588
2026-02-20,CHSCL,189.4121,188.0069,-0.742,0.742,74.2,0.66,4.54,0.6,667.95,174.2591,215.9298,246.2357
2026-02-20,DG,150.64,150.3,-0.226,0.882,88.2,0.98,2.99,1.96,400.07,138.5888,171.7296,195.832
2026-02-20,ODFL,201.1091,201.0992,-0.005,0.887,88.7,0.74,3.63,6.51,542.84,185.0204,229.2644,261.4419
2026-02-20,LYV,162.67,162.88,0.129,0.723,72.3,2.32,3.55,9.02,483.31,149.6564,185.4438,211.471
2026-02-20,EXE,107.4732,107.4135,-0.056,0.831,83.1,1.49,3.46,1.11,427.0,98.8753,122.5194,139.7151
2026-02-20,DLTR,134.51,132.89,-1.204,0.936,93.6,1.25,3.4,8.21,431.53,123.7492,153.3414,174.863
2026-02-20,RIO,94.4488,94.264,-0.196,0.812,81.2,0.83,2.38,0.01,401.71,86.8929,107.6716,122.7834
2026-02-20,MKSI,259.02,258.98,-0.015,0.946,94.6,0.95,5.72,7.41,530.51,238.2984,295.2828,336.726
2026-02-20,OKE,87.33,87.42,0.103,0.739,73.9,0.91,2.6,7.22,431.48,80.3436,99.5562,113.529
2026-02-20,CNQ,42.4,42.43,0.071,0.76,76.0,0.82,2.63,9.1,391.58,39.008,48.336,55.12
2026-02-20,KEX,21.9824,21.8635,-0.541,0.746,74.6,2.41,2.43,0.73,363.32,20.2238,25.0599,28.5771
2026-02-20,CFG,65.29,65.0,-0.444,0.985,98.5,1.19,2.5,0.61,340.73,60.0668,74.4306,84.877
2026-02-20,WPM,150.38,152.41,1.35,0.891,89.1,0.7,4.64,4.98,436.85,138.3496,171.4332,195.494
2026-02-20,TPR,156.67,153.688,-1.903,0.982,98.2,0.87,3.6,10.9,410.61,144.1364,178.6038,203.671
2026-02-20,LEN,116.46,116.5,0.034,0.988,98.8,0.93,3.45,1.32,296.97,107.1432,132.7644,151.398
2026-02-20,KEYS,243.54,242.5,-0.427,0.852,85.2,1.45,3.15,6.87,278.04,224.0568,277.6356,316.602
2026-02-20,GSK,59.52,59.27,-0.42,0.752,75.2,1.07,1.62,6.35,400.94,54.7584,67.8528,77.376
2026-02-20,TEVA,34.22,33.96,-0.76,0.853,85.3,0.77,3.25,0.47,367.07,31.4824,39.0108,44.486
2026-02-20,BHP,75.3364,75.5228,0.247,0.858,85.8,0.93,2.73,5.4,369.8,69.3095,85.8835,97.9374
2026-02-20,CRSR,389.73,385.87,-0.99,0.751,75.1,1.02,4.95,10.5,401.31,358.5516,444.2922,506.649
2026-02-20,AU,112.3622,113.9456,1.409,0.859,85.9,1.5,5.38,6.59,369.01,103.3732,128.0929,146.0709
2026-02-20,DOV,232.7759,232.287,-0.21,0.977,97.7,0.91,2.32,6.22,363.56,214.1538,265.3645,302.6086
2026-02-20,MTB,230.9126,230.4359,-0.206,0.71,71.0,0.74,2.05,1.62,300.89,212.4396,263.2403,300.1864
2026-02-20,TRGP,231.35,230.29,-0.458,0.823,82.3,1.31,2.74,9.96,341.84,212.842,263.739,300.755
2026-02-20,CVE,22.4294,22.5288,0.443,0.736,73.6,0.85,3.34,8.5,302.72,20.6351,25.5695,29.1582
2026-02-20,JBL,271.09,267.59,-1.291,0.966,96.6,1.6,4.19,8.03,281.73,249.4028,309.0426,352.417
2026-02-20,EME,812.79,805.55,-0.891,0.846,84.6,1.05,3.53,7.6,284.83,747.7668,926.5806,1056.627
2026-02-20,SU,55.3118,55.5499,0.431,0.727,72.7,0.78,2.38,2.66,308.1,50.8868,63.0554,71.9053
2026-02-20,LII,561.01,562.02,0.18,0.996,99.6,0.63,3.42,6.09,327.73,516.1292,639.5514,729.313
2026-02-20,WST,241.12,238.32,-1.161,0.891,89.1,0.71,3.87,0.2,289.05,221.8304,274.8768,313.456
2026-02-20,HUBB,525.3031,523.4582,-0.351,0.987,98.7,0.8,3.02,4.6,335.41,483.2789,598.8455,682.894
2026-02-20,NOK,7.77,7.6,-2.188,0.782,78.2,1.66,3.02,11.05,332.27,7.1484,8.8578,10.101
2026-02-20,PPG,126.53,125.76,-0.609,0.971,97.1,0.74,2.47,3.72,313.78,116.4076,144.2442,164.489
2026-02-20,HII,436.2069,431.4019,-1.102,0.867,86.7,0.84,4.13,5.37,263.11,401.3104,497.2759,567.069
2026-02-20,ATO,179.97,180.19,0.122,0.903,90.3,0.61,1.71,4.97,307.81,165.5724,205.1658,233.961
2026-02-20,ITUB,9.5068,9.4068,-1.052,0.849,84.9,0.7,2.66,6.08,297.98,8.7462,10.8377,12.3588
2026-02-20,BTGO,5.3693,5.3892,0.371,0.855,85.5,0.7,6.18,2.31,262.72,4.9398,6.121,6.9801
2026-02-20,BTHS,5.3693,5.3892,0.371,0.855,85.5,0.7,6.18,2.31,262.72,4.9398,6.121,6.9801
2026-02-20,BTIC,5.3693,5.3892,0.371,0.855,85.5,0.7,6.18,2.31,262.72,4.9398,6.121,6.9801
2026-02-20,DD,50.2085,50.0591,-0.298,0.789,78.9,0.94,2.93,6.5,260.69,46.1918,57.2377,65.2711
2026-02-20,NGD,12.22,12.34,0.982,0.948,94.8,0.77,7.73,8.69,289.39,11.2424,13.9308,15.886
2026-02-20,RL,385.03,379.94,-1.322,0.971,97.1,0.7,3.09,6.95,278.52,354.2276,438.9342,500.539
2026-02-20,CF,97.18,97.58,0.412,0.989,98.9,1.56,3.27,3.77,223.16,89.4056,110.7852,126.334
2026-02-20,FNV,259.9688,261.9855,0.776,0.822,82.2,0.86,4.26,4.46,255.74,239.1713,296.3644,337.9595
2026-02-20,LH,281.9624,280.3365,-0.577,0.981,98.1,1.43,2.48,2.45,219.04,259.4054,321.4371,366.5511
2026-02-20,ZBH,98.75,98.69,-0.061,0.965,96.5,0.74,2.57,8.54,237.93,90.85,112.575,128.375
2026-02-20,WSM,214.86,211.78,-1.433,0.814,81.4,1.26,3.63,1.52,205.37,197.6712,244.9404,279.318
2026-02-20,NTR,71.2,70.87,-0.463,0.757,75.7,0.9,2.82,1.07,204.38,65.504,81.168,92.56
2026-02-20,WAB,264.78,265.0,0.083,0.793,79.3,0.93,2.3,8.45,257.09,243.5976,301.8492,344.214
2026-02-20,ZBRA,255.41,252.32,-1.21,0.99,99.0,1.01,4.2,2.77,213.99,234.9772,291.1674,332.033
2026-02-20,TKO,211.12,210.0,-0.531,0.989,98.9,0.7,3.02,2.48,167.07,194.2304,240.6768,274.456
2026-02-20,ELPW,94.02,93.35,-0.713,0.806,80.6,1.14,7.03,11.92,244.04,86.4984,107.1828,122.226
2026-02-20,ELRA,94.02,93.35,-0.713,0.806,80.6,1.14,7.03,11.92,244.04,86.4984,107.1828,122.226
2026-02-20,ELRC,94.02,93.35,-0.713,0.806,80.6,1.14,7.03,11.92,244.04,86.4984,107.1828,122.226
2026-02-20,ELRE,94.02,93.35,-0.713,0.806,80.6,1.14,7.03,11.92,244.04,86.4984,107.1828,122.226
2026-02-20,IAG,22.2,22.45,1.126,0.938,93.8,1.42,6.46,7.71,225.21,20.424,25.308,28.86
2026-02-20,PQUEQ,17.96,18.0,0.223,0.779,77.9,0.68,2.94,8.77,231.68,16.5232,20.4744,23.348
2026-02-20,PRA,17.96,18.0,0.223,0.779,77.9,0.68,2.94,8.77,231.68,16.5232,20.4744,23.348
2026-02-20,ES,72.7904,72.6024,-0.258,0.952,95.2,1.61,2.55,5.0,215.27,66.9672,82.9811,94.6275
2026-02-20,TXT,100.748,100.3781,-0.367,0.978,97.8,0.77,2.54,6.81,228.57,92.6881,114.8527,130.9724
2026-02-20,BWA,58.746,58.5566,-0.322,0.973,97.3,1.4,3.87,8.71,235.1,54.0463,66.9705,76.3698
2026-02-20,AGI,47.84,48.0,0.334,0.875,87.5,0.86,5.76,12.56,250.25,44.0128,54.5376,62.192
2026-02-20,BUD,78.52,78.67,0.191,0.74,74.0,0.86,1.54,4.79,210.32,72.2384,89.5128,102.076
2026-02-20,ASX,23.96,23.2,-3.172,0.94,94.0,0.74,3.92,12.37,228.2,22.0432,27.3144,31.148
2026-02-20,GFS,46.19,45.78,-0.888,0.821,82.1,0.61,5.07,3.44,188.21,42.4948,52.6566,60.047
2026-02-20,OCAI,131.7547,131.4867,-0.203,0.771,77.1,1.02,3.25,2.46,184.52,121.2144,150.2004,171.2812
2026-02-20,WYNN,114.62,113.78,-0.733,0.999,99.9,0.8,3.51,1.39,193.74,105.4504,130.6668,149.006
2026-02-20,ASA,41.96,41.75,-0.5,0.708,70.8,0.9,4.22,8.81,192.34,38.6032,47.8344,54.548
2026-02-20,ANF,96.41,93.86,-2.645,0.836,83.6,1.26,4.58,0.05,128.36,88.6972,109.9074,125.333
2026-02-20,CNH1,13.06,12.95,-0.842,0.809,80.9,1.23,3.32,9.65,194.4,12.0152,14.8884,16.978
2026-02-20,CNJ,13.06,12.95,-0.842,0.809,80.9,1.23,3.32,9.65,194.4,12.0152,14.8884,16.978
2026-02-20,CNK,13.06,12.95,-0.842,0.809,80.9,1.23,3.32,9.65,194.4,12.0152,14.8884,16.978
2026-02-20,PRAX,335.28,335.0,-0.084,0.958,95.8,1.28,5.89,5.7,170.11,308.4576,382.2192,435.864
2026-02-20,JJCTF,25.08,24.87,-0.837,0.808,80.8,0.87,3.14,3.21,177.04,23.0736,28.5912,32.604
2026-02-20,ESS,254.52,254.95,0.169,0.993,99.3,0.91,2.17,0.46,147.96,234.1584,290.1528,330.876
2026-02-20,SAN,12.75,13.13,2.98,0.733,73.3,0.88,2.66,1.68,205.99,11.73,14.535,16.575
2026-02-20,EQNR,28.82,28.84,0.069,0.734,73.4,1.15,2.12,6.1,159.61,26.5144,32.8548,37.466
2026-02-20,VTRS,15.92,15.86,-0.377,0.901,90.1,0.97,2.67,8.98,154.51,14.6464,18.1488,20.696
2026-02-20,BALL,66.3318,66.0825,-0.376,0.794,79.4,0.86,2.37,5.74,165.51,61.0252,75.6182,86.2313
2026-02-20,CLGX,284.69,279.05,-1.981,0.785,78.5,1.54,2.44,6.8,150.16,261.9148,324.5466,370.097
2026-02-20,SNA,383.4368,383.6454,0.054,0.997,99.7,0.73,2.28,2.76,153.99,352.7618,437.1179,498.4678
2026-02-20,PNW,98.34,98.64,0.305,0.945,94.5,0.95,2.08,3.71,124.02,90.4728,112.1076,127.842
2026-02-20,EG,340.3551,340.2855,-0.02,0.809,80.9,0.78,2.46,3.07,138.6,313.1267,388.0048,442.4616
2026-02-20,CE,54.079,53.6992,-0.702,0.978,97.8,0.95,5.19,3.78,140.25,49.7527,61.65,70.3027
2026-02-20,FLSCQ,88.94,88.51,-0.483,0.79,79.0,0.61,3.18,7.09,149.86,81.8248,101.3916,115.622
2026-02-20,ZION,62.5,62.18,-0.512,0.804,80.4,1.11,2.93,1.91,133.95,57.5,71.25,81.25
2026-02-20,PRIM,169.36,167.86,-0.886,0.87,87.0,1.1,4.74,7.89,111.3,155.8112,193.0704,220.168
2026-02-20,HSIC,79.57,81.6,2.551,0.98,98.0,1.31,2.92,2.8,98.33,73.2044,90.7098,103.441
2026-02-20,BBWI,24.38,23.8,-2.379,0.926,92.6,1.46,4.35,8.36,116.14,22.4296,27.7932,31.694
2026-02-20,BBX1,24.38,23.8,-2.379,0.926,92.6,1.46,4.35,8.36,116.14,22.4296,27.7932,31.694
2026-02-20,BBXIA,24.38,23.8,-2.379,0.926,92.6,1.46,4.35,8.36,116.14,22.4296,27.7932,31.694
2026-02-20,SEDG,37.9,37.3,-1.583,0.967,96.7,1.83,8.33,9.0,126.75,34.868,43.206,49.27
2026-02-20,NXEN,12.38,12.3,-0.646,0.918,91.8,0.86,6.74,2.04,137.86,11.3896,14.1132,16.094
2026-02-20,ALGM,38.93,38.79,-0.36,0.916,91.6,1.56,5.49,1.33,139.31,35.8156,44.3802,50.609
2026-02-20,MT,65.2,66.43,1.887,0.918,91.8,0.84,3.02,9.56,128.37,59.984,74.328,84.76
2026-02-20,MICU,160.78,160.77,-0.006,0.827,82.7,0.96,2.69,2.62,93.45,147.9176,183.2892,209.014
2026-02-20,ITX-MC,57.76,,,0.72,72.0,0.62,1.75,3.1,102.04,53.1392,65.8464,75.088
2026-02-20,ESLT,724.73,730.62,0.813,0.898,89.8,1.75,3.26,3.7,88.32,666.7516,826.1922,942.149
2026-02-20,FSM,12.27,12.42,1.222,0.884,88.4,1.7,6.51,12.82,114.31,11.2884,13.9878,15.951
2026-02-20,IESC,519.67,511.41,-1.589,0.848,84.8,1.26,6.71,11.03,114.35,478.0964,592.4238,675.571
2026-02-20,ACNAQ,66.59,66.44,-0.225,0.969,96.9,0.61,6.96,10.42,101.6,61.2628,75.9126,86.567
2026-02-20,ACNB,66.59,66.44,-0.225,0.969,96.9,0.61,6.96,10.42,101.6,61.2628,75.9126,86.567
2026-02-20,FRPT,74.51,72.05,-3.302,0.835,83.5,1.87,4.29,5.62,98.57,68.5492,84.9414,96.863
2026-02-20,FRT,107.45,108.18,0.679,0.962,96.2,1.99,1.86,3.49,104.48,98.854,122.493,139.685
2026-02-20,CAKE,63.24,63.0409,-0.315,0.847,84.7,1.33,3.62,5.06,93.15,58.1808,72.0936,82.212
2026-02-20,CAKR,63.24,63.0409,-0.315,0.847,84.7,1.33,3.62,5.06,93.15,58.1808,72.0936,82.212
2026-02-20,NVTAQ,29.12,29.0,-0.412,0.873,87.3,0.69,3.81,10.19,111.5,26.7904,33.1968,37.856
2026-02-20,GVA,135.79,135.47,-0.236,0.782,78.2,1.0,2.58,7.02,85.12,124.9268,154.8006,176.527
2026-02-20,GXO,65.59,65.11,-0.732,0.833,83.3,0.79,3.45,9.07,111.18,60.3428,74.7726,85.267
2026-02-20,GXP,65.59,65.11,-0.732,0.833,83.3,0.79,3.45,9.07,111.18,60.3428,74.7726,85.267
2026-02-20,L,109.7067,109.9966,0.264,0.99,99.0,0.78,1.76,2.03,82.22,100.9302,125.0657,142.6188
2026-02-20,OLOXF,24.1484,23.8409,-1.274,0.722,72.2,1.04,6.43,1.21,91.72,22.2165,27.5292,31.3929
2026-02-20,AURA,4.77,4.7,-1.468,0.753,75.3,1.02,6.53,8.64,82.51,4.3884,5.4378,6.201
2026-02-20,AVSR,66.9505,67.1594,0.312,0.878,87.8,0.59,3.48,7.27,116.45,61.5945,76.3236,87.0357
2026-02-20,AVT,66.9505,67.1594,0.312,0.878,87.8,0.59,3.48,7.27,116.45,61.5945,76.3236,87.0357
2026-02-20,CUKPF,31.83,31.82,-0.031,0.797,79.7,0.62,3.89,2.1,95.0,29.2836,36.2862,41.379
2026-02-20,IMO,120.0469,118.5549,-1.243,0.719,71.9,0.78,3.04,8.14,84.37,110.4432,136.8535,156.061
2026-02-20,ECG,108.16,107.5,-0.61,0.784,78.4,0.99,5.05,12.02,64.05,99.5072,123.3024,140.608
2026-02-20,ECGI,108.16,107.5,-0.61,0.784,78.4,0.99,5.05,12.02,64.05,99.5072,123.3024,140.608
2026-02-20,HUN,12.59,12.5,-0.715,0.883,88.3,0.82,5.78,0.15,89.21,11.5828,14.3526,16.367
2026-02-20,NXST,231.44,231.68,0.104,0.999,99.9,0.73,3.5,4.39,85.39,212.9248,263.8416,300.872
2026-02-20,MUFG,19.36,19.34,-0.103,0.765,76.5,0.72,1.81,3.12,68.15,17.8112,22.0704,25.168
2026-02-20,OR,43.68,44.68,2.289,0.817,81.7,1.13,5.08,2.67,64.18,40.1856,49.7952,56.784
2026-02-20,CGNX,57.63,56.59,-1.805,0.821,82.1,0.86,4.76,8.33,48.67,53.0196,65.6982,74.919
2026-02-20,KYMR,87.4,87.16,-0.275,0.795,79.5,1.33,4.84,11.48,68.61,80.408,99.636,113.62
2026-02-20,PPTA,30.18,30.21,0.099,0.824,82.4,0.94,7.87,0.68,59.83,27.7656,34.4052,39.234
2026-02-20,PPTV,30.18,30.21,0.099,0.824,82.4,0.94,7.87,0.68,59.83,27.7656,34.4052,39.234
2026-02-20,BVN,38.41,39.12,1.848,0.935,93.5,1.44,5.29,2.25,65.26,35.3372,43.7874,49.933
2026-02-20,LNTH,73.87,73.03,-1.137,0.794,79.4,0.91,3.19,8.6,54.88,67.9604,84.2118,96.031
2026-02-20,AM,21.63,21.51,-0.555,0.714,71.4,1.24,2.31,10.0,70.57,19.8996,24.6582,28.119
2026-02-20,MYRX,281.01,276.92,-1.455,0.836,83.6,0.97,4.92,7.43,60.5,258.5292,320.3514,365.313
2026-02-20,ATRO,78.25,77.64,-0.78,0.925,92.5,1.0,4.78,1.86,42.31,71.99,89.205,101.725
2026-02-20,LGIQ,55.24,54.865,-0.679,0.815,81.5,1.82,7.49,11.81,63.66,50.8208,62.9736,71.812
2026-02-20,LGL,55.24,54.865,-0.679,0.815,81.5,1.82,7.49,11.81,63.66,50.8208,62.9736,71.812
2026-02-20,LGL-WT,55.24,54.865,-0.679,0.815,81.5,1.82,7.49,11.81,63.66,50.8208,62.9736,71.812
2026-02-20,LGN,55.24,54.865,-0.679,0.815,81.5,1.82,7.49,11.81,63.66,50.8208,62.9736,71.812
2026-02-20,DAP,34.1521,34.1222,-0.088,0.92,92.0,0.86,3.68,8.67,52.45,31.4199,38.9334,44.3977
2026-02-20,DAR,34.1521,34.1222,-0.088,0.92,92.0,0.86,3.68,8.67,52.45,31.4199,38.9334,44.3977
2026-02-20,GLNCY,45.5469,45.5071,-0.087,0.76,76.0,1.02,2.67,8.13,54.47,41.9031,51.9234,59.2109
2026-02-20,GLNG,45.5469,45.5071,-0.087,0.76,76.0,1.02,2.67,8.13,54.47,41.9031,51.9234,59.2109
2026-02-20,NOGNQ,28.15,28.08,-0.249,0.805,80.5,0.69,4.01,11.08,55.14,25.898,32.091,36.595
2026-02-20,SMFG,23.38,23.38,0.0,0.829,82.9,0.8,1.74,4.93,53.87,21.5096,26.6532,30.394
2026-02-20,MODG,14.6,14.46,-0.959,0.869,86.9,1.55,4.54,0.58,56.01,13.432,16.644,18.98
2026-02-20,CSTM,25.44,25.39,-0.197,0.926,92.6,1.09,4.64,6.1,52.18,23.4048,29.0016,33.072
2026-02-20,ATMP,64.7,64.37,-0.51,0.818,81.8,1.11,3.09,6.18,60.54,59.524,73.758,84.11
2026-02-20,ATMV,64.7,64.37,-0.51,0.818,81.8,1.11,3.09,6.18,60.54,59.524,73.758,84.11
2026-02-20,ATMVR,64.7,64.37,-0.51,0.818,81.8,1.11,3.09,6.18,60.54,59.524,73.758,84.11
2026-02-20,GOLD1,58.82,59.0,0.306,0.97,97.0,0.65,7.97,7.19,66.81,54.1144,67.0548,76.466
2026-02-20,PATK,136.38,136.37,-0.007,0.792,79.2,0.72,3.2,0.94,47.21,125.4696,155.4732,177.294
2026-02-20,PLAB,38.0,37.98,-0.053,0.946,94.6,0.78,6.03,4.34,38.11,34.96,43.32,49.4
2026-02-20,CBRL,33.75,33.44,-0.919,0.735,73.5,0.77,5.72,6.54,39.83,31.05,38.475,43.875
2026-02-20,CBRRF,33.75,33.44,-0.919,0.735,73.5,0.77,5.72,6.54,39.83,31.05,38.475,43.875
2026-02-20,BOJA,134.09,133.52,-0.425,0.705,70.5,0.86,2.01,1.26,48.19,123.3628,152.8626,174.317
2026-02-20,BOLD,134.09,133.52,-0.425,0.705,70.5,0.86,2.01,1.26,48.19,123.3628,152.8626,174.317
2026-02-20,SDZ-SW,66.68,,,0.715,71.5,1.13,2.52,5.66,49.02,61.3456,76.0152,86.684
2026-02-20,ASH,64.3681,63.2755,-1.698,0.778,77.8,1.04,3.3,3.82,46.43,59.2187,73.3797,83.6786
2026-02-20,KT,24.54,24.25,-1.182,0.831,83.1,0.77,2.23,11.7,45.64,22.5768,27.9756,31.902
2026-02-20,AUB,40.65,40.54,-0.271,0.727,72.7,0.72,2.57,1.85,42.6,37.398,46.341,52.845
2026-02-20,PAIYY,22.27,22.31,0.18,0.712,71.2,0.84,1.79,5.56,51.11,20.4884,25.3878,28.951
2026-02-20,PALDF,22.27,22.31,0.18,0.712,71.2,0.84,1.79,5.56,51.11,20.4884,25.3878,28.951
2026-02-20,CRCL,59.22,59.0,-0.371,0.776,77.6,0.99,3.25,8.5,44.43,54.4824,67.5108,76.986
2026-02-20,PACW1,38.68,39.0,0.827,0.85,85.0,0.79,5.12,4.38,37.91,35.5856,44.0952,50.284
2026-02-20,PACX,38.68,39.0,0.827,0.85,85.0,0.79,5.12,4.38,37.91,35.5856,44.0952,50.284
2026-02-20,PAE,38.68,39.0,0.827,0.85,85.0,0.79,5.12,4.38,37.91,35.5856,44.0952,50.284
2026-02-20,PAET,38.68,39.0,0.827,0.85,85.0,0.79,5.12,4.38,37.91,35.5856,44.0952,50.284
2026-02-20,OII,34.79,35.24,1.293,0.867,86.7,1.56,5.34,9.35,50.51,32.0068,39.6606,45.227
2026-02-20,OIIM,34.79,35.24,1.293,0.867,86.7,1.56,5.34,9.35,50.51,32.0068,39.6606,45.227
2026-02-20,IP,2.87,2.87,0.0,0.771,77.1,0.92,7.16,8.36,28.58,2.6404,3.2718,3.731
2026-02-20,FULT,22.39,22.32,-0.313,0.745,74.5,0.97,2.72,3.63,42.0,20.5988,25.5246,29.107
2026-02-20,BDCC,145.79,145.63,-0.11,0.791,79.1,0.67,3.54,9.51,49.02,134.1268,166.2006,189.527
2026-02-20,CGAU,19.05,19.25,1.05,0.919,91.9,1.1,5.2,3.5,47.71,17.526,21.717,24.765
2026-02-20,ORLA,18.69,19.15,2.461,0.914,91.4,0.77,6.65,9.8,48.21,17.1948,21.3066,24.297
2026-02-20,ARCC1,105.09,104.93,-0.152,0.93,93.0,0.74,5.07,4.87,44.26,96.6828,119.8026,136.617
2026-02-20,ARCE,105.09,104.93,-0.152,0.93,93.0,0.74,5.07,4.87,44.26,96.6828,119.8026,136.617
2026-02-20,ARCH,105.09,104.93,-0.152,0.93,93.0,0.74,5.07,4.87,44.26,96.6828,119.8026,136.617
2026-02-20,ARCHQ,105.09,104.93,-0.152,0.93,93.0,0.74,5.07,4.87,44.26,96.6828,119.8026,136.617
2026-02-20,ARCIU,105.09,104.93,-0.152,0.93,93.0,0.74,5.07,4.87,44.26,96.6828,119.8026,136.617
2026-02-20,ARCK,105.09,104.93,-0.152,0.93,93.0,0.74,5.07,4.87,44.26,96.6828,119.8026,136.617
2026-02-20,AVNT1,42.57,41.98,-1.386,0.876,87.6,0.61,3.34,8.38,42.31,39.1644,48.5298,55.341
2026-02-20,ARIS,21.01,21.33,1.523,0.947,94.7,0.81,6.65,8.25,41.07,19.3292,23.9514,27.313
2026-02-20,ARMO,21.01,21.33,1.523,0.947,94.7,0.81,6.65,8.25,41.07,19.3292,23.9514,27.313
2026-02-20,AXGN,35.3,35.08,-0.623,0.788,78.8,0.6,4.86,2.8,32.97,32.476,40.242,45.89
2026-02-20,CLMS,28.14,28.55,1.457,0.889,88.9,0.8,4.34,12.77,41.76,25.8888,32.0796,36.582
2026-02-20,CLMT,28.14,28.55,1.457,0.889,88.9,0.8,4.34,12.77,41.76,25.8888,32.0796,36.582
2026-02-20,DFTX,17.13,17.04,-0.525,0.912,91.2,0.64,6.52,0.35,27.08,15.7596,19.5282,22.269
2026-02-20,CEDCQ,78.78,77.94,-1.066,0.906,90.6,1.07,4.71,8.13,24.09,72.4776,89.8092,102.414
2026-02-20,CMBT,13.98,13.94,-0.286,0.845,84.5,1.11,2.88,9.83,30.32,12.8616,15.9372,18.174
2026-02-20,MNMD,17.13,17.04,-0.525,0.912,91.2,0.64,6.52,0.35,27.08,15.7596,19.5282,22.269
2026-02-20,PLPC,262.62,262.62,0.0,0.839,83.9,0.97,5.05,0.35,33.62,241.6104,299.3868,341.406
2026-02-20,PLPL,262.62,262.62,0.0,0.839,83.9,0.97,5.05,0.35,33.62,241.6104,299.3868,341.406
2026-02-20,PLPM,262.62,262.62,0.0,0.839,83.9,0.97,5.05,0.35,33.62,241.6104,299.3868,341.406
2026-02-20,OSS,9.72,9.6,-1.235,0.968,96.8,1.06,9.79,2.21,20.63,8.9424,11.0808,12.636
2026-02-20,COHU,31.56,31.23,-1.046,0.861,86.1,0.86,5.6,4.44,33.51,29.0352,35.9784,41.028
2026-02-20,COLB,31.56,31.23,-1.046,0.861,86.1,0.86,5.6,4.44,33.51,29.0352,35.9784,41.028
2026-02-20,GFIG,88.3928,88.7319,0.384,0.709,70.9,0.89,3.4,1.07,35.24,81.3214,100.7678,114.9106
2026-02-20,GLDG,16.89,16.89,0.0,0.86,86.0,0.95,2.73,6.37,33.12,15.5388,19.2546,21.957
2026-02-20,CASC2,95.71,95.09,-0.648,0.825,82.5,0.67,3.77,5.4,30.65,88.0532,109.1094,124.423
2026-02-20,DIOD,68.45,68.27,-0.263,0.894,89.4,1.6,5.12,8.24,32.2,62.974,78.033,88.985
2026-02-20,DIOMQ,68.45,68.27,-0.263,0.894,89.4,1.6,5.12,8.24,32.2,62.974,78.033,88.985
2026-02-20,DISA,68.45,68.27,-0.263,0.894,89.4,1.6,5.12,8.24,32.2,62.974,78.033,88.985
2026-02-20,DISK,68.45,68.27,-0.263,0.894,89.4,1.6,5.12,8.24,32.2,62.974,78.033,88.985
2026-02-20,NWKC,4.8061,4.747,-1.23,0.883,88.3,0.76,4.99,8.37,28.24,4.4216,5.4789,6.2479
2026-02-20,EZPW,25.37,25.5,0.512,0.859,85.9,1.42,3.75,8.95,30.75,23.3404,28.9218,32.981
2026-02-20,ANAB,54.19,54.22,0.055,0.827,82.7,0.95,6.34,6.63,25.15,49.8548,61.7766,70.447
2026-02-20,IPAR,103.41,102.84,-0.551,0.777,77.7,0.82,2.87,3.81,22.47,95.1372,117.8874,134.433
2026-02-20,KRUS,71.97,71.63,-0.472,0.911,91.1,0.82,5.61,0.84,19.27,66.2124,82.0458,93.561
2026-02-20,ALG,213.46,212.36,-0.515,0.801,80.1,1.05,2.61,5.61,21.42,196.3832,243.3444,277.498
2026-02-20,AZX,134.9,134.9,0.0,0.786,78.6,0.87,2.49,3.51,22.56,124.108,153.786,175.37
2026-02-20,AZZ,134.9,134.9,0.0,0.786,78.6,0.87,2.49,3.51,22.56,124.108,153.786,175.37
2026-02-20,B,134.9,134.9,0.0,0.786,78.6,0.87,2.49,3.51,22.56,124.108,153.786,175.37
2026-02-20,DBGI,81.24,81.13,-0.135,0.791,79.1,1.04,3.98,10.98,26.26,74.7408,92.6136,105.612
2026-02-20,DRVN,17.08,16.9,-1.054,0.738,73.8,0.6,3.5,3.88,17.67,15.7136,19.4712,22.204
2026-02-20,DRWIQ,17.08,16.9,-1.054,0.738,73.8,0.6,3.5,3.88,17.67,15.7136,19.4712,22.204
2026-02-20,GPRE,14.02,14.02,0.0,0.863,86.3,1.18,6.58,7.93,24.55,12.8984,15.9828,18.226
2026-02-20,PFSB,23.08,23.03,-0.217,0.711,71.1,0.98,2.87,2.64,22.0,21.2336,26.3112,30.004
2026-02-20,DCO,126.58,125.45,-0.893,0.874,87.4,0.85,3.48,6.53,19.71,116.4536,144.3012,164.554
2026-02-20,ANDE,65.65,65.87,0.335,0.798,79.8,1.08,3.28,1.38,20.17,60.398,74.841,85.345
2026-02-20,ANDG,65.65,65.87,0.335,0.798,79.8,1.08,3.28,1.38,20.17,60.398,74.841,85.345
2026-02-20,ANDN1,65.65,65.87,0.335,0.798,79.8,1.08,3.28,1.38,20.17,60.398,74.841,85.345
2026-02-20,ANDR,65.65,65.87,0.335,0.798,79.8,1.08,3.28,1.38,20.17,60.398,74.841,85.345
2026-02-20,KNAN,27.54,27.38,-0.581,0.775,77.5,0.74,3.55,6.86,20.57,25.3368,31.3956,35.802
2026-02-20,KNAP,27.54,27.38,-0.581,0.775,77.5,0.74,3.55,6.86,20.57,25.3368,31.3956,35.802
2026-02-20,AIMT,59.44,58.98,-0.774,0.789,78.9,1.01,2.92,3.22,14.52,54.6848,67.7616,77.272
2026-02-20,AIN,59.44,58.98,-0.774,0.789,78.9,1.01,2.92,3.22,14.52,54.6848,67.7616,77.272
2026-02-20,HLX,8.94,8.95,0.112,0.844,84.4,0.94,4.47,8.0,19.94,8.2248,10.1916,11.622
2026-02-20,GROY,4.47,4.5,0.671,0.772,77.2,0.78,5.83,0.78,17.7,4.1124,5.0958,5.811
2026-02-20,MNSB,22.5086,22.5975,0.395,0.741,74.1,0.75,4.37,8.39,19.82,20.708,25.6599,29.2612
2026-02-20,BIO-B,20.51,20.53,0.098,0.972,97.2,0.86,6.77,3.79,13.79,18.8692,23.3814,26.663
2026-02-20,BIOA,20.51,20.53,0.098,0.972,97.2,0.86,6.77,3.79,13.79,18.8692,23.3814,26.663
2026-02-20,FBNK1,62.23,62.03,-0.321,0.718,71.8,0.92,2.93,4.05,16.21,57.2516,70.9422,80.899
2026-02-20,BHFAL,58.38,58.46,0.137,0.83,83.0,0.96,3.61,5.55,18.56,53.7096,66.5532,75.894
2026-02-20,LIND,20.85,20.84,-0.048,0.941,94.1,1.31,3.93,11.97,17.94,19.182,23.769,27.105
2026-02-20,DGII,50.2,50.18,-0.04,0.734,73.4,0.97,4.89,9.21,19.15,46.184,57.228,65.26
2026-02-20,AD,49.27,49.28,0.02,0.774,77.4,1.69,2.96,0.79,13.87,45.3284,56.1678,64.051
2026-02-20,MUEL,72.11,71.45,-0.915,0.703,70.3,0.86,3.1,2.45,15.82,66.3412,82.2054,93.743
2026-02-20,ARCO,8.94,8.89,-0.559,0.728,72.8,0.67,3.59,7.28,16.35,8.2248,10.1916,11.622
2026-02-20,ADTM1,10.07,10.07,0.0,0.842,84.2,0.86,4.51,2.81,11.9,9.2644,11.4798,13.091
2026-02-20,ADTN,10.07,10.07,0.0,0.842,84.2,0.86,4.51,2.81,11.9,9.2644,11.4798,13.091
2026-02-20,DAKPQ,27.73,27.95,0.793,0.902,90.2,0.68,4.25,11.86,16.25,25.5116,31.6122,36.049
2026-02-20,DAKT,27.73,27.95,0.793,0.902,90.2,0.68,4.25,11.86,16.25,25.5116,31.6122,36.049
2026-02-20,NX,22.55,22.42,-0.576,0.95,95.0,0.75,3.56,9.86,12.29,20.746,25.707,29.315
2026-02-20,AVOI,14.52,14.5,-0.138,0.743,74.3,0.59,2.95,4.87,10.01,13.3584,16.5528,18.876
2026-02-20,AVOL,14.52,14.5,-0.138,0.743,74.3,0.59,2.95,4.87,10.01,13.3584,16.5528,18.876
2026-02-20,HLIO,10.9,10.76,-1.284,0.704,70.4,2.7,4.34,6.85,10.16,10.028,12.426,14.17
2026-02-20,ASTE,58.72,58.7,-0.034,0.85,85.0,1.17,3.41,8.62,11.27,54.0224,66.9408,76.336
2026-02-20,CABA,2.91,2.93,0.687,0.846,84.6,0.98,8.43,5.51,9.84,2.6772,3.3174,3.783
2026-02-20,FOXH,19.72,19.46,-1.318,0.857,85.7,1.25,3.92,3.39,10.19,18.1424,22.4808,25.636
2026-02-20,MLKIQ,22.1384,22.0987,-0.179,0.881,88.1,0.94,3.31,5.34,11.08,20.3673,25.2377,28.7799
2026-02-20,MLKN,22.1384,22.0987,-0.179,0.881,88.1,0.94,3.31,5.34,11.08,20.3673,25.2377,28.7799
2026-02-20,APEI,43.85,43.74,-0.251,0.748,74.8,1.59,4.38,1.43,11.01,40.342,49.989,57.005
2026-02-20,APEX,43.85,43.74,-0.251,0.748,74.8,1.59,4.38,1.43,11.01,40.342,49.989,57.005
2026-02-20,APEX1,43.85,43.74,-0.251,0.748,74.8,1.59,4.38,1.43,11.01,40.342,49.989,57.005
2026-02-20,APFC,43.85,43.74,-0.251,0.748,74.8,1.59,4.38,1.43,11.01,40.342,49.989,57.005
2026-02-20,APFH,43.85,43.74,-0.251,0.748,74.8,1.59,4.38,1.43,11.01,40.342,49.989,57.005
2026-02-20,CYD,55.95,55.75,-0.357,0.917,91.7,0.99,4.68,12.78,9.38,51.474,63.783,72.735
2026-02-20,ALNT,68.37,68.28,-0.132,0.804,80.4,1.1,4.85,6.15,11.27,62.9004,77.9418,88.881
2026-02-20,IX,35.34,35.45,0.311,0.82,82.0,1.07,1.57,7.29,9.77,32.5128,40.2876,45.942
2026-02-20,CGEM,13.65,13.58,-0.513,0.868,86.8,1.29,7.15,10.84,9.84,12.558,15.561,17.745
2026-02-20,PLRE,42.79,42.11,-1.589,0.843,84.3,0.67,2.53,7.37,9.33,39.3668,48.7806,55.627
2026-02-20,OCS,29.17,29.1,-0.24,0.89,89.0,1.12,4.0,3.4,9.44,26.8364,33.2538,37.921
2026-02-20,AVNR,15.46,15.48,0.129,0.819,81.9,0.86,3.34,9.56,8.49,14.2232,17.6244,20.098
2026-02-20,AVNS,15.46,15.48,0.129,0.819,81.9,0.86,3.34,9.56,8.49,14.2232,17.6244,20.098
2026-02-20,MANE,15.89,15.75,-0.881,0.894,89.4,1.38,4.56,4.11,7.92,14.6188,18.1146,20.657
2026-02-20,AERO,21.04,20.3,-3.517,0.723,72.3,1.69,5.28,5.99,8.66,19.3568,23.9856,27.352
2026-02-20,AERO1,21.04,20.3,-3.517,0.723,72.3,1.69,5.28,5.99,8.66,19.3568,23.9856,27.352
2026-02-20,ASTL,4.95,4.89,-1.212,0.877,87.7,0.98,8.04,7.39,9.91,4.554,5.643,6.435
2026-02-20,ASTLW,4.95,4.89,-1.212,0.877,87.7,0.98,8.04,7.39,9.91,4.554,5.643,6.435
2026-02-20,HTLD,11.76,11.69,-0.595,0.91,91.0,1.66,4.61,5.74,7.75,10.8192,13.4064,15.288
2026-02-25,MU,429.0,424.84,-0.97,0.953,95.3,0.73,6.33,4.29,15954.48,394.68,489.06,557.7
2026-02-25,TSM,387.73,386.18,-0.4,0.857,85.7,0.86,3.88,8.89,4937.16,356.7116,442.0122,504.049
2026-02-25,SMH,426.16,423.72,-0.573,0.761,76.1,0.95,2.97,4.56,3461.48,392.0672,485.8224,554.008
2026-02-25,XOM,149.06,147.81,-0.839,0.826,82.6,0.67,2.32,1.59,3381.72,137.1352,169.9284,193.778
2026-02-25,LRCX,249.1814,245.7356,-1.383,0.917,91.7,0.85,5.03,6.21,2875.63,229.2469,284.0668,323.9359
2026-02-25,WDC,290.8108,286.0131,-1.65,0.957,95.7,0.9,8.34,4.6,3497.46,267.546,331.5243,378.0541
2026-02-25,ASML,1526.51,1512.8199,-0.897,0.901,90.1,0.74,3.39,6.59,2706.16,1404.3892,1740.2214,1984.463
2026-02-25,XLE,54.87,54.37,-0.911,0.777,77.7,0.66,1.91,2.96,3026.09,50.4804,62.5518,71.331
2026-02-25,JNJ,245.17,245.11,-0.024,0.708,70.8,0.82,1.5,2.77,2297.0,225.5564,279.4938,318.721
2026-02-25,CVX,184.22,182.9,-0.717,0.765,76.5,0.82,1.83,1.95,2130.14,169.4824,210.0108,239.486
2026-02-25,CAT,766.61,770.61,0.522,0.854,85.4,0.76,3.54,5.19,2637.97,705.2812,873.9354,996.593
2026-02-25,KLAC,1546.6801,1545.11,-0.102,0.796,79.6,0.73,4.37,5.55,1864.96,1422.9456,1763.2153,2010.6841
2026-02-25,STX,421.85,413.69,-1.934,0.925,92.5,0.67,6.93,0.45,2136.06,388.102,480.909,548.405
2026-02-25,MRK,122.46,122.4,-0.049,0.707,70.7,0.82,2.55,3.47,1657.47,112.6632,139.6044,159.198
2026-02-25,ADI,359.6738,359.6539,-0.006,0.877,87.7,0.74,3.08,8.54,1671.31,330.8999,410.0281,467.5759
2026-02-25,LIN,506.5685,505.1931,-0.272,0.785,78.5,1.18,1.98,7.12,1495.52,466.043,577.488,658.539
2026-02-25,NEM,124.5978,123.4901,-0.889,0.865,86.5,0.75,4.78,3.04,1291.1,114.63,142.0415,161.9772
2026-02-25,LMT,644.1055,643.0709,-0.161,0.885,88.5,0.99,3.07,1.36,1084.7,592.577,734.2802,837.3371
2026-02-25,HON,241.0035,241.5309,0.219,0.803,80.3,0.79,1.9,1.85,1033.19,221.7232,274.744,313.3045
2026-02-25,SLB,51.66,51.31,-0.678,0.904,90.4,0.6,3.0,2.89,979.55,47.5272,58.8924,67.158
2026-02-25,DE,623.61,624.96,0.216,0.85,85.0,0.99,3.01,5.67,1320.57,573.7212,710.9154,810.693
2026-02-25,PM,189.8,190.0,0.105,0.755,75.5,1.13,2.39,3.64,1099.75,174.616,216.372,246.74
2026-02-25,XLB,53.06,52.89,-0.32,0.731,73.1,0.6,1.75,2.12,1099.94,48.8152,60.4884,68.978
2026-02-25,COP,110.01,109.17,-0.764,0.797,79.7,0.84,2.56,2.09,904.75,101.2092,125.4114,143.013
2026-02-25,BMY,61.3,61.53,0.375,0.791,79.1,1.19,2.21,3.7,835.27,56.396,69.882,79.69
2026-02-25,JCI,144.49,144.78,0.201,0.781,78.1,0.58,2.54,7.04,808.16,132.9308,164.7186,187.837
2026-02-25,NOC,703.65,703.0,-0.092,0.785,78.5,1.71,2.79,0.14,673.8,647.358,802.161,914.745
2026-02-25,MPWR,1231.95,1237.2,0.426,0.851,85.1,0.63,5.2,4.5,857.87,1133.394,1404.4229,1601.5349
2026-02-25,TGT,116.44,117.48,0.893,0.828,82.8,0.71,2.97,3.87,739.08,107.1248,132.7416,151.372
2026-02-25,WBD,28.9,28.79,-0.381,0.74,74.0,0.95,1.56,3.24,678.91,26.588,32.946,37.57
2026-02-25,HL,23.3054,22.7455,-2.402,0.898,89.8,0.65,7.78,0.62,611.43,21.441,26.5682,30.2971
2026-02-25,VALE,17.53,17.01,-2.966,0.876,87.6,0.62,2.91,5.19,761.53,16.1276,19.9842,22.789
2026-02-25,FDX,381.0452,383.4454,0.63,0.871,87.1,0.71,2.54,5.03,741.31,350.5616,434.3915,495.3587
2026-02-25,MO,69.7,69.69,-0.014,0.739,73.9,0.62,2.38,6.17,731.32,64.124,79.458,90.61
2026-02-25,CL,96.67,97.16,0.507,0.745,74.5,0.78,2.12,2.97,702.45,88.9364,110.2038,125.671
2026-02-25,PH,1011.8,1014.75,0.292,0.701,70.1,0.7,2.3,2.97,746.0,930.856,1153.452,1315.34
2026-02-25,HWM,259.64,259.75,0.042,0.806,80.6,0.61,3.09,11.59,812.85,238.8688,295.9896,337.532
2026-02-25,AEM,240.1198,238.6624,-0.607,0.873,87.3,0.72,4.49,12.45,720.49,220.9102,273.7365,312.1557
2026-02-25,CMIIU,594.41,594.32,-0.015,0.729,72.9,0.8,3.34,1.0,678.26,546.8572,677.6274,772.733
2026-02-25,CMIKA,594.41,594.32,-0.015,0.729,72.9,0.8,3.34,1.0,678.26,546.8572,677.6274,772.733
2026-02-25,CMIN,594.41,594.32,-0.015,0.729,72.9,0.8,3.34,1.0,678.26,546.8572,677.6274,772.733
2026-02-25,CMIV,594.41,594.32,-0.015,0.729,72.9,0.8,3.34,1.0,678.26,546.8572,677.6274,772.733
2026-02-25,OXY,50.6993,50.0623,-1.256,0.764,76.4,0.68,2.98,7.37,650.06,46.6433,57.7972,65.9091
2026-02-25,CSX,42.0814,42.0814,0.0,0.726,72.6,0.79,2.04,4.25,538.81,38.7149,47.9728,54.7058
2026-02-25,PWR,562.77,565.54,0.492,0.754,75.4,0.78,3.95,9.53,681.19,517.7484,641.5578,731.601
2026-02-25,CCJ,119.72,118.39,-1.111,0.858,85.8,0.72,5.36,0.11,569.31,110.1424,136.4808,155.636
2026-02-25,BKR,64.81,64.55,-0.401,0.828,82.8,0.79,2.68,7.93,587.28,59.6252,73.8834,84.253
2026-02-25,FIX,1449.8468,1452.5355,0.185,0.91,91.0,0.9,5.32,12.76,656.22,1333.8591,1652.8254,1884.8008
2026-02-25,WMB,73.4418,73.4517,0.014,0.762,76.2,0.65,2.53,5.38,606.84,67.5664,83.7236,95.4743
2026-02-25,MSI,471.33,473.29,0.416,0.814,81.4,0.78,2.27,8.46,587.47,433.6236,537.3162,612.729
2026-02-25,BDX,179.8116,180.686,0.486,0.717,71.7,0.77,2.9,5.02,582.6,165.4267,204.9853,233.7551
2026-02-25,EL,112.5668,112.6466,0.071,0.737,73.7,0.61,4.47,2.13,539.55,103.5615,128.3262,146.3368
2026-02-25,HSY,229.64,230.43,0.344,0.751,75.1,0.68,2.77,5.7,566.15,211.2688,261.7896,298.532
2026-02-25,DG,154.79,154.5,-0.187,0.886,88.6,1.3,2.98,4.18,407.2,142.4068,176.4606,201.227
2026-02-25,SCCO,215.2,209.5,-2.649,0.938,93.8,0.91,5.43,7.99,505.76,197.984,245.328,279.76
2026-02-25,KMI,32.77,32.7,-0.214,0.759,75.9,0.7,1.94,4.69,464.47,30.1484,37.3578,42.601
2026-02-25,LYV,155.22,156.16,0.606,0.715,71.5,1.18,3.46,3.0,458.47,142.8024,176.9508,201.786
2026-02-25,EXE,105.4741,104.2607,-1.15,0.859,85.9,0.77,3.47,0.08,428.49,97.0361,120.2404,137.1163
2026-02-25,DLTR,127.7,127.77,0.055,0.933,93.3,0.9,3.38,2.17,380.49,117.484,145.578,166.01
2026-02-25,RIO,98.0384,95.8107,-2.272,0.862,86.2,0.83,2.39,3.01,411.14,90.1953,111.7638,127.4499
2026-02-25,ROG-SW,369.3,,,0.736,73.6,0.64,1.91,4.08,379.82,339.756,421.002,480.09
2026-02-25,PBR,16.71,16.52,-1.137,0.842,84.2,0.76,2.64,7.95,418.55,15.3732,19.0494,21.723
2026-02-25,CNQ,42.57,41.97,-1.409,0.813,81.3,0.75,2.61,6.97,400.71,39.1644,48.5298,55.341
2026-02-25,TPR,156.5004,159.0935,1.657,0.983,98.3,0.87,3.62,7.71,411.78,143.9804,178.4105,203.4506
2026-02-25,GSK,59.54,59.0,-0.907,0.778,77.8,0.67,1.54,3.82,408.45,54.7768,67.8756,77.402
2026-02-25,BHP,80.1026,79.3475,-0.943,0.898,89.8,1.06,2.72,9.85,387.39,73.6944,91.3169,104.1334
2026-02-25,HUT,55.3,55.85,0.995,0.825,82.5,1.24,9.44,0.32,308.89,50.876,63.042,71.89
2026-02-25,PKZ,24.63,24.5,-0.528,0.967,96.7,0.8,8.75,4.65,249.19,22.6596,28.0782,32.019
2026-02-25,PL,24.63,24.5,-0.528,0.967,96.7,0.8,8.75,4.65,249.19,22.6596,28.0782,32.019
2026-02-25,AME,233.02,234.73,0.734,0.722,72.2,0.7,2.29,0.99,330.79,214.3784,265.6428,302.926
2026-02-25,DOV,226.2109,227.1588,0.419,0.978,97.8,0.81,2.54,1.67,359.29,208.1141,257.8805,294.0742
2026-02-25,TRGP,230.14,226.94,-1.39,0.852,85.2,0.78,2.82,6.41,347.47,211.7288,262.3596,299.182
2026-02-25,CVE,21.8133,21.535,-1.276,0.781,78.1,1.14,3.38,3.2,309.33,20.0682,24.8671,28.3573
2026-02-25,JBL,277.57,279.17,0.576,0.969,96.9,1.28,4.36,8.92,295.78,255.3644,316.4298,360.841
2026-02-25,EME,801.8,780.0,-2.719,0.832,83.2,1.28,3.59,4.1,298.96,737.656,914.052,1042.34
2026-02-25,LII,539.95,541.94,0.369,0.996,99.6,1.04,3.56,0.85,303.15,496.754,615.543,701.935
2026-02-25,WST,247.88,248.97,0.44,0.906,90.6,0.74,3.77,2.59,279.31,228.0496,282.5832,322.244
2026-02-25,CLX,126.24,127.51,1.006,0.716,71.6,0.75,2.79,5.05,289.65,116.1408,143.9136,164.112
2026-02-25,HII,434.2231,434.5322,0.071,0.874,87.4,0.85,4.38,4.05,261.12,399.4853,495.0143,564.49
2026-02-25,AMLJ,50.94,50.64,-0.589,0.899,89.9,0.99,6.72,4.08,273.44,46.8648,58.0716,66.222
2026-02-25,AMLN,50.94,50.64,-0.589,0.899,89.9,0.99,6.72,4.08,273.44,46.8648,58.0716,66.222
2026-02-25,AMKR,50.8426,50.5431,-0.589,0.9,90.0,0.99,6.72,4.08,272.92,46.7752,57.9605,66.0953
2026-02-25,ITUB,9.2569,9.2569,0.0,0.838,83.8,0.91,2.76,1.98,289.36,8.5163,10.5528,12.0339
2026-02-25,ETSY,53.44,53.97,0.992,0.843,84.3,0.64,5.62,3.27,273.1,49.1648,60.9216,69.472
2026-02-25,RL,377.07,378.39,0.35,0.971,97.1,0.65,3.34,4.29,285.09,346.9044,429.8598,490.191
2026-02-25,CF,96.14,95.27,-0.905,0.989,98.9,1.01,3.32,1.93,223.9,88.4488,109.5996,124.982
2026-02-25,CP,85.77,85.93,0.187,0.722,72.2,0.75,2.38,5.73,283.07,78.9084,97.7778,111.501
2026-02-25,FTI,66.13,65.52,-0.922,0.769,76.9,0.86,3.43,10.08,284.44,60.8396,75.3882,85.969
2026-02-25,LH,282.0721,285.2342,1.121,0.983,98.3,0.73,2.6,1.57,222.65,259.5063,321.5622,366.6937
2026-02-25,ZBH,99.85,100.08,0.23,0.964,96.4,0.62,2.5,7.43,235.29,91.862,113.829,129.805
2026-02-25,AVB,178.27,179.23,0.539,0.984,98.4,0.63,2.42,1.25,211.0,164.0084,203.2278,231.751
2026-02-25,CATA1,675.74,676.36,0.092,0.714,71.4,0.87,2.39,3.71,221.17,621.6808,770.3436,878.462
2026-02-25,NTR,72.53,72.12,-0.565,0.798,79.8,0.88,2.75,2.54,208.34,66.7276,82.6842,94.289
2026-02-25,WAB,262.81,264.24,0.544,0.8,80.0,0.72,2.29,5.55,252.99,241.7852,299.6034,341.653
2026-02-25,HSBC,91.6203,91.1826,-0.478,0.82,82.0,1.16,1.76,4.76,244.4,84.2907,104.4471,119.1064
2026-02-25,STE,251.62,252.84,0.485,0.993,99.3,1.05,2.58,0.03,261.14,231.4904,286.8468,327.106
2026-02-25,BAP,355.14,353.27,-0.527,0.871,87.1,0.77,3.23,0.78,226.61,326.7288,404.8596,461.682
2026-02-25,TKO,207.21,217.67,5.048,0.989,98.9,1.74,3.13,0.22,165.25,190.6332,236.2194,269.373
2026-02-25,ELPW,93.09,93.59,0.537,0.773,77.3,0.67,7.11,10.27,239.13,85.6428,106.1226,121.017
2026-02-25,ELRA,93.09,93.59,0.537,0.773,77.3,0.67,7.11,10.27,239.13,85.6428,106.1226,121.017
2026-02-25,ELRC,93.09,93.59,0.537,0.773,77.3,0.67,7.11,10.27,239.13,85.6428,106.1226,121.017
2026-02-25,ELRE,93.09,93.59,0.537,0.773,77.3,0.67,7.11,10.27,239.13,85.6428,106.1226,121.017
2026-02-25,IAG,22.99,22.93,-0.261,0.91,91.0,0.6,6.18,10.1,226.51,21.1508,26.2086,29.887
2026-02-25,PQUEQ,17.61,17.22,-2.215,0.776,77.6,0.74,2.9,4.03,225.06,16.2012,20.0754,22.893
2026-02-25,PRA,17.61,17.22,-2.215,0.776,77.6,0.74,2.9,4.03,225.06,16.2012,20.0754,22.893
2026-02-25,ES,74.1362,74.2945,0.214,0.955,95.5,1.04,2.58,5.86,226.75,68.2053,84.5153,96.377
2026-02-25,GFI,56.5334,55.3673,-2.063,0.827,82.7,0.71,5.36,5.18,215.0,52.0107,64.448,73.4934
2026-02-25,BWA,59.2744,59.2944,0.034,0.972,97.2,0.62,4.0,6.49,250.67,54.5325,67.5729,77.0568
2026-02-25,BUD,78.59,79.17,0.738,0.806,80.6,1.26,1.56,2.84,217.63,72.3028,89.5926,102.167
2026-02-25,GFS,48.86,48.8,-0.123,0.868,86.8,0.74,4.73,8.43,185.27,44.9512,55.7004,63.518
2026-02-25,CCEP,108.24,108.66,0.388,0.716,71.6,0.7,1.93,9.39,207.08,99.5808,123.3936,140.712
2026-02-25,CNH1,12.35,12.37,0.162,0.833,83.3,0.83,3.49,1.47,184.76,11.362,14.079,16.055
2026-02-25,CNJ,12.35,12.37,0.162,0.833,83.3,0.83,3.49,1.47,184.76,11.362,14.079,16.055
2026-02-25,CNK,12.35,12.37,0.162,0.833,83.3,0.83,3.49,1.47,184.76,11.362,14.079,16.055
2026-02-25,PRAX,347.55,347.55,0.0,0.955,95.5,0.69,5.56,7.66,164.55,319.746,396.207,451.815
2026-02-25,HBM,27.71,27.36,-1.263,0.944,94.4,0.81,5.87,8.15,203.97,25.4932,31.5894,36.023
2026-02-25,JJCTF,24.75,24.85,0.404,0.804,80.4,0.74,3.32,1.56,166.57,22.77,28.215,32.175
2026-02-25,ESS,259.93,260.66,0.281,0.992,99.2,0.9,2.26,2.3,150.49,239.1356,296.3202,337.909
2026-02-25,LDO-MI,58.1,,,0.747,74.7,1.75,3.09,4.65,115.82,53.452,66.234,75.53
2026-02-25,SAN,13.21,13.06,-1.136,0.772,77.2,0.9,2.87,5.21,240.47,12.1532,15.0594,17.173
2026-02-25,PBSC,15.5,15.32,-1.161,0.816,81.6,0.62,2.4,7.03,171.37,14.26,17.67,20.15
2026-02-25,EQNR,29.16,28.55,-2.092,0.818,81.8,0.64,2.09,5.45,157.34,26.8272,33.2424,37.908
2026-02-25,VTRS,16.08,16.09,0.062,0.915,91.5,0.91,2.83,6.93,166.88,14.7936,18.3312,20.904
2026-02-25,BALL,65.8333,66.1224,0.439,0.786,78.6,0.63,2.43,2.65,166.67,60.5666,75.0499,85.5833
2026-02-25,CLGX,286.04,288.33,0.801,0.791,79.1,1.14,2.63,5.89,162.63,263.1568,326.0856,371.852
2026-02-25,MAA,134.05,134.69,0.477,0.96,96.0,1.15,2.2,0.13,144.75,123.326,152.817,174.265
2026-02-25,ATD-TO,83.47,,,0.725,72.5,0.6,2.9,7.37,167.57,76.7924,95.1558,108.511
2026-02-25,SNA,386.46,387.91,0.375,0.997,99.7,0.78,2.33,2.8,161.29,355.5432,440.5644,502.398
2026-02-25,PNW,99.79,100.04,0.251,0.949,94.9,1.51,2.08,4.02,128.84,91.8068,113.7606,129.727
2026-02-25,EG,333.7264,336.7973,0.92,0.817,81.7,1.01,2.61,0.47,141.59,307.0283,380.4481,433.8444
2026-02-25,FLSCQ,92.04,92.24,0.217,0.827,82.7,0.87,3.25,8.36,155.57,84.6768,104.9256,119.652
2026-02-25,BMO,148.13,147.95,-0.122,0.708,70.8,1.42,2.03,4.31,139.81,136.2796,168.8682,192.569
2026-02-25,HSIC,81.91,81.58,-0.403,0.98,98.0,1.57,3.38,4.86,128.77,75.3572,93.3774,106.483
2026-02-25,PRY-MI,101.5,,,0.724,72.4,0.59,3.77,1.08,114.62,93.38,115.71,131.95
2026-02-25,TTE,79.49,78.64,-1.069,0.743,74.3,0.71,1.55,5.23,126.67,73.1308,90.6186,103.337
2026-02-25,MT,67.12,65.57,-2.309,0.928,92.8,0.67,2.92,9.5,131.48,61.7504,76.5168,87.256
2026-02-25,ITX-MC,57.76,,,0.779,77.9,0.62,1.75,3.1,102.04,53.1392,65.8464,75.088
2026-02-25,ESLT,755.52,750.51,-0.663,0.936,93.6,1.31,3.55,7.31,108.37,695.0784,861.2928,982.176
2026-02-25,IESC,504.67,509.0,0.858,0.728,72.8,1.05,6.96,6.49,117.64,464.2964,575.3238,656.071
2026-02-25,ACNAQ,68.47,62.5,-8.719,0.966,96.6,0.89,6.91,9.33,104.21,62.9924,78.0558,89.011
2026-02-25,ACNB,68.47,62.5,-8.719,0.966,96.6,0.89,6.91,9.33,104.21,62.9924,78.0558,89.011
2026-02-25,FRPT,79.63,80.51,1.105,0.881,88.1,0.89,4.73,11.03,119.63,73.2596,90.7782,103.519
2026-02-25,CAKE,65.6287,65.6486,0.03,0.866,86.6,0.94,3.78,7.18,103.34,60.3784,74.8167,85.3173
2026-02-25,CAKR,65.6287,65.6486,0.03,0.866,86.6,0.94,3.78,7.18,103.34,60.3784,74.8167,85.3173
2026-02-25,NVTAQ,29.59,29.81,0.743,0.878,87.8,0.67,3.7,8.68,116.15,27.2228,33.7326,38.467
2026-02-25,GVA,135.47,136.44,0.716,0.81,81.0,0.99,2.58,4.82,83.48,124.6324,154.4358,176.111
2026-02-25,GXO,63.79,64.05,0.408,0.796,79.6,0.62,3.54,4.54,107.25,58.6868,72.7206,82.927
2026-02-25,GXP,63.79,64.05,0.408,0.796,79.6,0.62,3.54,4.54,107.25,58.6868,72.7206,82.927
2026-02-25,L,109.45,109.88,0.393,0.99,99.0,0.85,1.87,0.82,83.22,100.694,124.773,142.285
2026-02-25,AURA,4.88,4.88,0.0,0.737,73.7,0.85,6.39,9.76,84.02,4.4896,5.5632,6.344
2026-02-25,IMO,115.5908,114.5166,-0.929,0.702,70.2,1.49,3.25,2.17,85.67,106.3435,131.7735,150.268
2026-02-25,VOD,15.86,15.5,-2.27,0.807,80.7,0.86,1.5,3.41,91.82,14.5912,18.0804,20.618
2026-02-25,PAA,20.45,20.29,-0.782,0.705,70.5,0.66,1.98,2.38,73.37,18.814,23.313,26.585
2026-02-25,NXST,232.54,225.0,-3.242,0.999,99.9,0.67,3.43,3.34,88.09,213.9368,265.0956,302.302
2026-02-25,NTLI1,13.42,14.09,4.993,0.931,93.1,0.64,6.88,6.03,48.12,12.3464,15.2988,17.446
2026-02-25,GTH,27.51,27.67,0.582,0.758,75.8,0.75,3.49,5.0,86.89,25.3092,31.3614,35.763
2026-02-25,PLXT,204.09,206.43,1.147,0.882,88.2,0.66,4.75,1.96,84.01,187.7628,232.6626,265.317
2026-02-25,CGNX,56.99,57.03,0.07,0.807,80.7,0.68,5.03,5.99,45.34,52.4308,64.9686,74.087
2026-02-25,KYMR,90.68,86.0,-5.161,0.852,85.2,1.31,4.97,11.61,73.52,83.4256,103.3752,117.884
2026-02-25,PPTA,33.06,32.68,-1.149,0.841,84.1,0.78,8.05,11.72,63.12,30.4152,37.6884,42.978
2026-02-25,PPTV,33.06,32.68,-1.149,0.841,84.1,0.78,8.05,11.72,63.12,30.4152,37.6884,42.978
2026-02-25,BVN,40.01,39.33,-1.7,0.942,94.2,1.22,5.27,6.07,64.2,36.8092,45.6114,52.013
2026-02-25,LNTH,75.72,75.71,-0.013,0.816,81.6,1.55,3.21,9.74,60.43,69.6624,86.3208,98.436
2026-02-25,XRAY,12.8,12.81,0.078,0.981,98.1,1.68,4.57,0.13,64.47,11.776,14.592,16.64
2026-02-25,AM,22.28,22.17,-0.494,0.801,80.1,0.96,2.37,10.34,75.5,20.4976,25.3992,28.964
2026-02-25,MYRX,274.01,290.87,6.153,0.771,77.1,1.63,5.19,3.19,64.23,252.0892,312.3714,356.213
2026-02-25,BEAG,29.61,29.545,-0.22,0.712,71.2,1.32,6.83,6.56,47.54,27.2412,33.7554,38.493
2026-02-25,BEAM,29.61,29.545,-0.22,0.712,71.2,1.32,6.83,6.56,47.54,27.2412,33.7554,38.493
2026-02-25,POET,6.36,6.26,-1.572,0.835,83.5,0.79,7.56,9.68,43.99,5.8512,7.2504,8.268
2026-02-25,ATRO,78.84,77.61,-1.56,0.892,89.2,2.64,5.44,2.48,47.29,72.5328,89.8776,102.492
2026-02-25,LGIQ,55.76,56.26,0.897,0.748,74.8,0.66,7.66,11.51,59.39,51.2992,63.5664,72.488
2026-02-25,LGL,55.76,56.26,0.897,0.748,74.8,0.66,7.66,11.51,59.39,51.2992,63.5664,72.488
2026-02-25,LGL-WT,55.76,56.26,0.897,0.748,74.8,0.66,7.66,11.51,59.39,51.2992,63.5664,72.488
2026-02-25,LGN,55.76,56.26,0.897,0.748,74.8,0.66,7.66,11.51,59.39,51.2992,63.5664,72.488
2026-02-25,AEVA,13.64,14.17,3.886,0.82,82.0,0.61,8.33,5.29,25.21,12.5488,15.5496,17.732
2026-02-25,DRS,42.36,42.2,-0.378,0.79,79.0,1.89,4.79,6.0,52.78,38.9712,48.2904,55.068
2026-02-25,CPA,146.231,147.2096,0.669,0.789,78.9,0.65,3.28,1.79,58.01,134.5326,166.7034,190.1003
2026-02-25,CPAC,146.231,147.2096,0.669,0.789,78.9,0.65,3.28,1.79,58.01,134.5326,166.7034,190.1003
2026-02-25,DAP,35.6569,35.7964,0.391,0.934,93.4,0.81,3.65,10.84,53.76,32.8044,40.6489,46.354
2026-02-25,DAR,35.6569,35.7964,0.391,0.934,93.4,0.81,3.65,10.84,53.76,32.8044,40.6489,46.354
2026-02-25,GU1,20.2202,20.2601,0.197,0.758,75.8,0.87,3.74,4.82,53.99,18.6026,23.0511,26.2863
2026-02-25,NOGNQ,26.48,25.85,-2.379,0.763,76.3,1.04,4.11,2.43,50.27,24.3616,30.1872,34.424
2026-02-25,FMX,112.73,112.94,0.186,0.727,72.7,1.29,2.59,2.01,47.68,103.7116,128.5122,146.549
2026-02-25,KNGRF,88.58,89.27,0.779,0.727,72.7,0.71,3.97,10.01,60.65,81.4936,100.9812,115.154
2026-02-25,CSTM,25.99,25.96,-0.115,0.929,92.9,2.5,4.88,6.64,62.44,23.9108,29.6286,33.787
2026-02-25,FCFS,186.12,186.74,0.333,0.7,70.0,0.77,3.07,4.13,52.03,171.2304,212.1768,241.956
2026-02-25,CRI,41.92,42.08,0.382,0.821,82.1,0.74,4.53,8.27,45.89,38.5664,47.7888,54.496
2026-02-25,CRIC,41.92,42.08,0.382,0.821,82.1,0.74,4.53,8.27,45.89,38.5664,47.7888,54.496
2026-02-25,SDZ-SW,66.68,,,0.776,77.6,1.13,2.52,5.66,49.02,61.3456,76.0152,86.684
2026-02-25,KT,24.33,24.33,0.0,0.847,84.7,0.78,2.24,7.83,50.72,22.3836,27.7362,31.629
2026-02-25,CRCL,58.12,57.28,-1.445,0.788,78.8,0.6,3.21,4.08,43.13,53.4704,66.2568,75.556
2026-02-25,BDCC,148.56,149.72,0.781,0.825,82.5,0.67,3.6,7.9,50.88,136.6752,169.3584,193.128
2026-02-25,BLTE,188.04,187.75,-0.154,0.893,89.3,1.14,5.42,5.29,37.35,172.9968,214.3656,244.452
2026-02-25,LM,95.12,95.46,0.357,0.735,73.5,0.93,3.97,7.12,37.84,87.5104,108.4368,123.656
2026-02-25,AVNT1,41.66,41.78,0.288,0.868,86.8,0.73,3.44,4.07,40.44,38.3272,47.4924,54.158
2026-02-25,ABBNY,91.87,92.41,0.588,0.824,82.4,0.74,1.66,3.79,41.05,84.5204,104.7318,119.431
2026-02-25,ABCB,91.87,92.41,0.588,0.824,82.4,0.74,1.66,3.79,41.05,84.5204,104.7318,119.431
2026-02-25,DFTX,17.62,17.54,-0.454,0.895,89.5,0.84,6.24,3.03,24.44,16.2104,20.0868,22.906
2026-02-25,CMBT,14.36,14.15,-1.462,0.882,88.2,1.07,2.93,9.51,30.8,13.2112,16.3704,18.668
2026-02-25,MNMD,17.62,17.54,-0.454,0.895,89.5,0.86,6.24,3.04,23.43,16.2104,20.0868,22.906
2026-02-25,EWTLQ,30.12,29.9,-0.73,0.706,70.6,1.05,5.35,1.87,24.34,27.7104,34.3368,39.156
2026-02-25,NBR,77.95,75.96,-2.553,0.929,92.9,0.94,5.15,9.99,33.22,71.714,88.863,101.335
2026-02-25,BLACW,62.33,62.35,0.032,0.71,71.0,0.94,4.59,10.25,32.19,57.3436,71.0562,81.029
2026-02-25,DIOD,70.8,70.55,-0.353,0.921,92.1,0.87,5.28,8.81,33.58,65.136,80.712,92.04
2026-02-25,DIOMQ,70.8,70.55,-0.353,0.921,92.1,0.87,5.28,8.81,33.58,65.136,80.712,92.04
2026-02-25,DISA,70.8,70.55,-0.353,0.921,92.1,0.87,5.28,8.81,33.58,65.136,80.712,92.04
2026-02-25,DISK,70.8,70.55,-0.353,0.921,92.1,0.87,5.28,8.81,33.58,65.136,80.712,92.04
2026-02-25,NWKC,4.4909,4.5008,0.219,0.823,82.3,0.76,5.24,0.42,27.12,4.1316,5.1196,5.8382
2026-02-25,CMPS,7.44,7.33,-1.478,0.883,88.3,1.09,7.91,7.76,33.51,6.8448,8.4816,9.672
2026-02-25,GET,1.72,1.72,0.0,0.892,89.2,1.64,8.09,5.26,31.74,1.5824,1.9608,2.236
2026-02-25,GETI,1.72,1.72,0.0,0.892,89.2,1.64,8.09,5.26,31.74,1.5824,1.9608,2.236
2026-02-25,IPAR,101.61,102.52,0.896,0.801,80.1,2.16,3.17,1.36,24.4,93.4812,115.8354,132.093
2026-02-25,KB,118.21,116.75,-1.235,0.87,87.0,0.94,2.62,11.05,34.84,108.7532,134.7594,153.673
2026-02-25,ALG,213.09,214.8,0.802,0.847,84.7,1.18,2.75,3.82,23.06,196.0428,242.9226,277.017
2026-02-25,AZX,134.35,134.6,0.186,0.808,80.8,0.6,2.6,1.76,23.64,123.602,153.159,174.655
2026-02-25,AZZ,134.35,134.6,0.186,0.808,80.8,0.6,2.6,1.76,23.64,123.602,153.159,174.655
2026-02-25,B,134.35,134.6,0.186,0.808,80.8,0.6,2.6,1.76,23.64,123.602,153.159,174.655
2026-02-25,ASR,366.35,369.0,0.723,0.746,74.6,1.57,3.1,0.26,25.34,337.042,417.639,476.255
2026-02-25,DBGI,82.67,82.95,0.339,0.813,81.3,0.64,3.78,10.23,27.59,76.0564,94.2438,107.471
2026-02-25,MAZE,47.23,47.23,0.0,0.782,78.2,0.95,6.96,2.75,24.49,43.4516,53.8422,61.399
2026-02-25,DCO,126.77,120.45,-4.985,0.872,87.2,1.03,3.56,4.8,20.51,116.6284,144.5178,164.801
2026-02-25,LLYVA,92.72,93.14,0.453,0.744,74.4,0.97,3.36,7.05,18.39,85.3024,105.7008,120.536
2026-02-25,KNAN,28.48,28.64,0.562,0.804,80.4,0.72,3.44,8.06,22.12,26.2016,32.4672,37.024
2026-02-25,KNAP,28.48,28.64,0.562,0.804,80.4,0.72,3.44,8.06,22.12,26.2016,32.4672,37.024
2026-02-25,BCEIF,12.77,13.48,5.56,0.759,75.9,2.18,5.15,0.79,33.54,11.7484,14.5578,16.601
2026-02-25,BCEL,12.77,13.48,5.56,0.759,75.9,2.18,5.15,0.79,33.54,11.7484,14.5578,16.601
2026-02-25,BCEPF,12.77,13.48,5.56,0.759,75.9,2.18,5.15,0.79,33.54,11.7484,14.5578,16.601
2026-02-25,FCELB,8.6,8.43,-1.977,0.867,86.7,0.91,7.98,11.42,14.84,7.912,9.804,11.18
2026-02-25,HLX,9.6,9.34,-2.708,0.894,89.4,1.46,5.17,11.57,25.17,8.832,10.944,12.48
2026-02-25,WDS,19.4313,19.2269,-1.052,0.709,70.9,1.08,2.14,6.54,17.83,17.8768,22.1516,25.2606
2026-02-25,BIO-B,22.14,22.25,0.497,0.973,97.3,0.81,6.85,9.72,13.09,20.3688,25.2396,28.782
2026-02-25,BIOA,22.14,22.25,0.497,0.973,97.3,0.81,6.85,9.72,13.09,20.3688,25.2396,28.782
2026-02-25,BHFAL,60.36,59.96,-0.663,0.857,85.7,0.76,3.71,6.23,20.32,55.5312,68.8104,78.468
2026-02-25,LIND,20.75,20.16,-2.843,0.95,95.0,0.99,4.09,7.62,18.19,19.09,23.655,26.975
2026-02-25,DGII,49.91,50.27,0.721,0.703,70.3,0.64,5.14,6.54,19.41,45.9172,56.8974,64.883
2026-02-25,AD,49.1,49.23,0.265,0.763,76.3,1.04,2.8,0.09,11.55,45.172,55.974,63.83
2026-02-25,IAALF,31.0,31.49,1.581,0.815,81.5,2.04,6.69,7.46,19.44,28.52,35.34,40.3
2026-02-25,ADTM1,10.69,11.0,2.9,0.855,85.5,1.33,4.68,7.69,13.16,9.8348,12.1866,13.897
2026-02-25,ADTN,10.69,11.0,2.9,0.855,85.5,1.33,4.68,7.69,13.16,9.8348,12.1866,13.897
2026-02-25,DAKPQ,27.07,27.22,0.554,0.88,88.0,0.87,4.34,5.59,17.21,24.9044,30.8598,35.191
2026-02-25,DAKT,27.07,27.22,0.554,0.88,88.0,0.87,4.34,5.59,17.21,24.9044,30.8598,35.191
2026-02-25,DHC,6.39,6.38,-0.156,0.836,83.6,0.66,4.31,3.06,11.6,5.8788,7.2846,8.307
2026-02-25,DHCC,6.39,6.38,-0.156,0.836,83.6,0.66,4.31,3.06,11.6,5.8788,7.2846,8.307
2026-02-25,AVOI,14.44,14.46,0.139,0.741,74.1,0.88,2.88,3.3,8.66,13.2848,16.4616,18.772
2026-02-25,AVOL,14.44,14.46,0.139,0.741,74.1,0.88,2.88,3.3,8.66,13.2848,16.4616,18.772
2026-02-25,ASTE,61.31,61.94,1.028,0.875,87.5,2.6,4.07,10.08,13.4,56.4052,69.8934,79.703
2026-02-25,APEI,45.64,45.61,-0.066,0.83,83.0,0.67,4.59,4.79,11.64,41.9888,52.0296,59.332
2026-02-25,APEX,45.64,45.61,-0.066,0.83,83.0,0.67,4.59,4.79,11.64,41.9888,52.0296,59.332
2026-02-25,APEX1,45.64,45.61,-0.066,0.83,83.0,0.67,4.59,4.79,11.64,41.9888,52.0296,59.332
2026-02-25,APFC,45.64,45.61,-0.066,0.83,83.0,0.67,4.59,4.79,11.64,41.9888,52.0296,59.332
2026-02-25,APFH,45.64,45.61,-0.066,0.83,83.0,0.67,4.59,4.79,11.64,41.9888,52.0296,59.332
2026-02-25,ALNT,66.49,66.17,-0.481,0.761,76.1,0.82,4.81,2.25,10.63,61.1708,75.7986,86.437
2026-02-25,IX,35.62,35.49,-0.365,0.84,84.0,1.65,1.69,5.7,12.31,32.7704,40.6068,46.306
2026-02-25,AMBQ,32.61,32.81,0.613,0.86,86.0,1.34,5.29,7.61,9.94,30.0012,37.1754,42.393
2026-02-25,DAIO,114.23,114.16,-0.061,0.714,71.4,1.24,2.46,8.73,10.15,105.0916,130.2222,148.499
2026-02-25,OCS,29.56,29.63,0.237,0.928,92.8,0.8,4.05,3.66,9.82,27.1952,33.6984,38.428
2026-02-25,AVNR,14.36,14.31,-0.348,0.742,74.2,1.38,3.88,0.4,8.46,13.2112,16.3704,18.668
2026-02-25,AVNS,14.36,14.31,-0.348,0.742,74.2,1.38,3.88,0.4,8.46,13.2112,16.3704,18.668
2026-02-25,IPX,47.38,47.7,0.675,0.901,90.1,0.71,5.36,4.59,7.89,43.5896,54.0132,61.594
2026-02-25,ALMU,16.36,16.41,0.306,0.725,72.5,1.57,9.09,3.32,6.88,15.0512,18.6504,21.268
2026-02-25,HAIA,7.0974,7.2539,2.204,0.747,74.7,1.2,2.33,10.09,8.49,6.5296,8.0911,9.2267
2026-02-25,HAIAU,7.0974,7.2539,2.204,0.747,74.7,1.2,2.33,10.09,8.49,6.5296,8.0911,9.2267
2026-02-25,MANE,17.32,17.66,1.963,0.918,91.8,1.82,4.82,11.2,10.14,15.9344,19.7448,22.516
2026-02-25,GSM,5.27,5.23,-0.759,0.795,79.5,1.6,6.17,4.42,7.3,4.8484,6.0078,6.851
2026-02-25,GSMGW,5.27,5.23,-0.759,0.795,79.5,1.6,6.17,4.42,7.3,4.8484,6.0078,6.851
2026-02-26,MU,415.56,401.81,-3.309,0.954,95.4,0.96,6.46,1.26,15303.13,382.3152,473.7384,540.228
2026-02-26,TSM,376.81,370.14,-1.77,0.83,83.0,1.13,4.01,5.31,4843.25,346.6652,429.5634,489.853
2026-02-26,XOM,148.54,151.0,1.656,0.826,82.6,0.69,2.41,0.82,3369.89,136.6568,169.3356,193.102
2026-02-26,LRCX,238.7839,233.1806,-2.347,0.904,90.4,0.95,5.26,1.79,2696.78,219.6812,272.2137,310.4191
2026-02-26,AMAT,375.72,365.94,-2.603,0.899,89.9,0.88,4.85,8.71,3291.39,345.6624,428.3208,488.436
2026-02-26,WDC,282.115,275.668,-2.285,0.952,95.2,0.92,8.27,1.42,3318.83,259.5458,321.6111,366.7495
2026-02-26,ASML,1463.8,1430.34,-2.286,0.877,87.7,1.34,3.39,2.06,2385.75,1346.696,1668.7321,1902.9401
2026-02-26,XLE,55.05,55.64,1.072,0.763,76.3,0.85,2.0,2.81,3050.17,50.646,62.757,71.565
2026-02-26,JNJ,243.47,244.03,0.23,0.703,70.3,0.77,1.51,1.72,2258.5,223.9924,277.5558,316.511
2026-02-26,CVX,184.16,186.0,0.999,0.759,75.9,0.62,1.88,1.51,2110.42,169.4272,209.9424,239.408
2026-02-26,CAT,752.93,745.22,-1.024,0.84,84.0,0.96,3.67,2.54,2614.62,692.6956,858.3402,978.809
2026-02-26,BE,168.57,164.49,-2.42,0.924,92.4,0.92,11.03,9.57,1977.66,155.0844,192.1698,219.141
2026-02-26,KLAC,1524.3101,1497.01,-1.791,0.785,78.5,0.98,4.5,4.39,1845.04,1402.3653,1737.7135,1981.6031
2026-02-26,ADI,353.244,350.1935,-0.864,0.857,85.7,1.0,3.08,6.01,1655.11,324.9844,402.6981,459.2171
2026-02-26,LIN,496.8412,496.6019,-0.048,0.755,75.5,0.66,2.06,4.56,1458.46,457.0939,566.3989,645.8935
2026-02-26,COHR1,250.14,247.02,-1.247,0.918,91.8,1.22,8.77,8.72,1613.1,230.1288,285.1596,325.182
2026-02-26,NEM,127.2125,128.8093,1.255,0.885,88.5,0.71,4.82,5.41,1297.56,117.0355,145.0223,165.3763
2026-02-26,LMT,638.2662,644.6924,1.007,0.887,88.7,0.75,3.0,0.12,1073.12,587.2049,727.6235,829.7461
2026-02-26,HON,239.69,241.38,0.705,0.788,78.8,0.73,1.87,0.81,1002.78,220.5148,273.2466,311.597
2026-02-26,SLB,51.49,51.6,0.214,0.9,90.0,0.66,2.93,2.26,944.43,47.3708,58.6986,66.937
2026-02-26,DE,619.46,615.0,-0.72,0.856,85.6,0.67,3.02,4.13,1321.53,569.9032,706.1844,805.298
2026-02-26,PM,187.5,188.14,0.341,0.737,73.7,0.84,2.38,2.14,1090.86,172.5,213.75,243.75
2026-02-26,TER,332.7,324.0,-2.615,0.959,95.9,1.19,5.93,10.68,1378.15,306.084,379.278,432.51
2026-02-26,XLB,53.0,52.86,-0.264,0.723,72.3,0.75,1.76,1.7,1104.34,48.76,60.42,68.9
2026-02-26,COP,110.7,112.4,1.536,0.792,79.2,0.87,2.64,2.29,912.58,101.844,126.198,143.91
2026-02-26,BMY,61.1,61.18,0.131,0.8,80.0,0.78,2.18,2.79,841.0,56.212,69.654,79.43
2026-02-26,JCI,143.42,142.8,-0.432,0.772,77.2,0.72,2.58,5.21,804.89,131.9464,163.4988,186.446
2026-02-26,NOC,710.9,720.0,1.28,0.791,79.1,0.64,2.69,1.02,658.2,654.028,810.426,924.17
2026-02-26,MPWR,1180.13,1156.0699,-2.039,0.816,81.6,0.93,5.3,0.02,820.42,1085.7196,1345.3482,1534.169
2026-02-26,TGT,114.79,113.0,-1.559,0.82,82.0,0.92,3.01,1.76,735.99,105.6068,130.8606,149.227
2026-02-26,UPS,116.63,115.96,-0.574,0.758,75.8,0.83,2.34,1.33,744.37,107.2996,132.9582,151.619
2026-02-26,WBD,28.8,28.39,-1.424,0.733,73.3,0.85,1.54,2.73,680.63,26.496,32.832,37.44
2026-02-26,HL,24.5352,24.7251,0.774,0.905,90.5,0.79,7.76,6.54,622.19,22.5724,27.9701,31.8957
2026-02-26,VALE,17.31,17.33,0.116,0.873,87.3,0.95,2.95,3.7,749.68,15.9252,19.7334,22.503
2026-02-26,FDX,386.1146,384.8497,-0.328,0.889,88.9,0.91,2.54,5.39,758.77,355.2254,440.1706,501.949
2026-02-26,MO,69.47,69.74,0.389,0.732,73.2,0.63,2.37,5.31,711.01,63.9124,79.1958,90.311
2026-02-26,CL,97.55,97.42,-0.133,0.759,75.9,0.79,2.09,3.22,712.49,89.746,111.207,126.815
2026-02-26,PH,1014.97,999.94,-1.481,0.71,71.0,0.66,2.32,2.77,706.05,933.7724,1157.0658,1319.461
2026-02-26,CCL,32.7,31.38,-4.037,0.808,80.8,0.72,4.47,1.89,718.12,30.084,37.278,42.51
2026-02-26,OXY,51.187,52.4311,2.43,0.761,76.1,0.88,3.1,7.68,660.22,47.092,58.3531,66.5431
2026-02-26,CSX,42.51,42.12,-0.917,0.74,74.0,0.86,2.06,4.64,539.7,39.1092,48.4614,55.263
2026-02-26,LHX,353.9272,356.1793,0.636,0.813,81.3,1.18,2.99,1.83,467.19,325.613,403.477,460.1053
2026-02-26,PWR,565.05,558.78,-1.11,0.756,75.6,0.89,3.99,9.08,686.97,519.846,644.157,734.565
2026-02-26,BKR,64.9,65.27,0.57,0.827,82.7,0.82,2.69,7.34,576.15,59.708,73.986,84.37
2026-02-26,FIX,1437.4833,1417.9733,-1.357,0.91,91.0,0.99,5.47,10.64,661.91,1322.4846,1638.7309,1868.7283
2026-02-26,WMB,74.2361,74.5935,0.481,0.764,76.4,0.8,2.54,5.97,615.82,68.2972,84.6291,96.5069
2026-02-26,MSI,471.95,472.97,0.216,0.821,82.1,0.75,2.21,7.78,580.47,434.194,538.023,613.535
2026-02-26,EL,111.55,109.58,-1.766,0.716,71.6,0.74,4.49,1.35,535.38,102.626,127.167,145.015
2026-02-26,DG,154.0,153.52,-0.312,0.892,89.2,0.89,2.98,3.34,406.89,141.68,175.56,200.2
2026-02-26,SCCO,215.7,215.17,-0.246,0.938,93.8,0.8,5.4,7.7,502.13,198.444,245.898,280.41
2026-02-26,KMI,33.06,33.13,0.212,0.76,76.0,0.89,1.92,5.06,460.22,30.4152,37.6884,42.978
2026-02-26,ODFL,198.0933,196.0662,-1.023,0.907,90.7,0.82,3.98,2.63,533.35,182.2459,225.8264,257.5213
2026-02-26,LYV,157.91,157.9,-0.006,0.736,73.6,0.63,3.53,4.42,469.67,145.2772,180.0174,205.283
2026-02-26,KGC,36.7152,36.9748,0.707,0.834,83.4,0.64,5.06,8.27,508.07,33.7779,41.8553,47.7297
2026-02-26,EXE,105.7128,106.7173,0.95,0.864,86.4,0.71,3.48,0.47,432.34,97.2557,120.5126,137.4266
2026-02-26,DLTR,126.95,124.37,-2.032,0.931,93.1,0.71,3.41,1.25,370.34,116.794,144.723,165.035
2026-02-26,RIO,96.3944,96.4625,0.071,0.857,85.7,0.68,2.4,1.12,399.14,88.6828,109.8896,125.3127
2026-02-26,ROG-SW,369.3,,,0.743,74.3,0.64,1.91,4.08,379.82,339.756,421.002,480.09
2026-02-26,PBR,16.61,16.76,0.903,0.847,84.7,0.73,2.65,6.88,399.02,15.2812,18.9354,21.593
2026-02-26,CNQ,43.09,43.62,1.23,0.819,81.9,0.89,2.7,7.47,403.66,39.6428,49.1226,56.017
2026-02-26,SYY,89.12,89.14,0.022,0.706,70.6,0.75,2.05,1.84,359.04,81.9904,101.5968,115.856
2026-02-26,WPM,161.02,162.04,0.633,0.906,90.6,0.66,4.53,11.17,419.2,148.1384,183.5628,209.326
2026-02-26,TPR,160.0609,157.3681,-1.682,0.984,98.4,1.13,3.54,8.87,430.31,147.256,182.4694,208.0791
2026-02-26,GSK,58.07,58.43,0.62,0.75,75.0,0.91,1.53,0.56,399.36,53.4244,66.1998,75.491
2026-02-26,BHP,79.5044,80.6125,1.394,0.904,90.4,0.88,2.73,8.39,383.28,73.144,90.635,103.3557
2026-02-26,CRSR,397.53,393.17,-1.097,0.792,79.2,0.77,4.93,9.51,370.26,365.7276,453.1842,516.789
2026-02-26,HUT,54.82,53.118,-3.105,0.758,75.8,0.72,9.41,0.34,300.65,50.4344,62.4948,71.266
2026-02-26,PKZ,25.6,24.575,-4.004,0.968,96.8,0.78,8.78,9.3,252.57,23.552,29.184,33.28
2026-02-26,PL,25.6,24.575,-4.004,0.968,96.8,0.78,8.78,9.3,252.57,23.552,29.184,33.28
2026-02-26,AME,236.96,235.32,-0.692,0.733,73.3,0.78,2.28,2.38,334.53,218.0032,270.1344,308.048
2026-02-26,TRGP,231.22,233.36,0.926,0.849,84.9,0.76,2.88,6.15,344.24,212.7224,263.5908,300.586
2026-02-26,CVE,21.9325,22.2804,1.586,0.764,76.4,1.13,3.51,3.25,314.12,20.1779,25.0031,28.5123
2026-02-26,JBL,271.91,269.13,-1.022,0.967,96.7,0.86,4.5,6.1,288.3,250.1572,309.9774,353.483
2026-02-26,PODD,251.5,248.62,-1.145,0.986,98.6,0.91,3.63,1.06,296.47,231.38,286.71,326.95
2026-02-26,LII,544.41,546.34,0.355,0.996,99.6,0.58,3.35,1.14,281.64,500.8572,620.6274,707.733
2026-02-26,HUBB,522.77,517.04,-1.096,0.987,98.7,0.82,3.18,2.53,297.24,480.9484,595.9578,679.601
2026-02-26,TYL,353.11,344.03,-2.571,0.967,96.7,0.98,5.97,5.12,383.89,324.8612,402.5454,459.043
2026-02-26,NOK,7.5,7.5,0.0,0.773,77.3,1.09,2.92,5.17,301.86,6.9,8.55,9.75
2026-02-26,CLX,126.89,127.19,0.236,0.721,72.1,0.82,2.7,4.8,288.87,116.7388,144.6546,164.957
2026-02-26,BRO,71.22,71.87,0.913,0.902,90.2,0.8,3.01,1.28,285.72,65.5224,81.1908,92.586
2026-02-26,HII,441.62,441.68,0.014,0.893,89.3,0.72,4.4,5.61,265.33,406.2904,503.4468,574.106
2026-02-26,TD,98.78,98.29,-0.496,0.704,70.4,1.55,1.61,2.79,261.77,90.8776,112.6092,128.414
2026-02-26,ATO,183.63,184.36,0.398,0.895,89.5,0.65,1.66,5.13,261.38,168.9396,209.3382,238.719
2026-02-26,BR,183.26,181.8,-0.797,0.981,98.1,0.7,3.63,1.03,315.13,168.5992,208.9164,238.238
2026-02-26,ITUB,9.2569,9.1169,-1.512,0.828,82.8,0.7,2.77,1.77,267.61,8.5163,10.5528,12.0339
2026-02-26,CF,97.16,97.48,0.329,0.99,99.0,1.12,3.46,2.77,230.64,89.3872,110.7624,126.308
2026-02-26,CP,87.12,86.99,-0.149,0.734,73.4,0.73,2.36,6.39,287.29,80.1504,99.3168,113.256
2026-02-26,FTI,67.29,67.26,-0.045,0.796,79.6,0.8,3.46,10.9,291.66,61.9068,76.7106,87.477
2026-02-26,LH,286.9,287.03,0.045,0.983,98.3,0.79,2.61,2.94,222.34,263.948,327.066,372.97
2026-02-26,ZBH,100.99,100.47,-0.515,0.965,96.5,0.59,2.5,7.77,236.18,92.9108,115.1286,131.287
2026-02-26,AVB,179.67,178.41,-0.701,0.985,98.5,1.22,2.34,1.85,215.75,165.2964,204.8238,233.571
2026-02-26,CATA1,682.35,681.92,-0.063,0.729,72.9,0.77,2.4,4.19,225.33,627.762,777.879,887.055
2026-02-26,NTR,73.13,73.63,0.684,0.801,80.1,0.86,2.75,3.28,207.58,67.2796,83.3682,95.069
2026-02-26,WAB,263.41,261.7,-0.649,0.802,80.2,0.8,2.29,5.06,256.79,242.3372,300.2874,342.433
2026-02-26,HSBC,91.9121,91.4841,-0.466,0.826,82.6,1.03,1.77,4.8,249.62,84.5591,104.7798,119.4857
2026-02-26,STE,254.7,253.11,-0.624,0.995,99.5,0.8,2.63,1.36,269.55,234.324,290.358,331.11
2026-02-26,BAP,355.48,354.23,-0.352,0.876,87.6,0.59,3.21,0.92,223.88,327.0416,405.2472,462.124
2026-02-26,TKO,223.81,218.27,-2.475,0.991,99.1,2.37,3.42,7.49,191.76,205.9052,255.1434,290.953
2026-02-26,ELPW,94.65,92.76,-1.997,0.782,78.2,0.61,7.14,11.48,241.85,87.078,107.901,123.045
2026-02-26,ELRA,94.65,92.76,-1.997,0.782,78.2,0.61,7.14,11.48,241.85,87.078,107.901,123.045
2026-02-26,ELRC,94.65,92.76,-1.997,0.782,78.2,0.61,7.14,11.48,241.85,87.078,107.901,123.045
2026-02-26,ELRE,94.65,92.76,-1.997,0.782,78.2,0.61,7.14,11.48,241.85,87.078,107.901,123.045
2026-02-26,PQUEQ,18.12,18.3,0.993,0.804,80.4,1.36,3.13,6.24,235.67,16.6704,20.6568,23.556
2026-02-26,PRA,18.12,18.3,0.993,0.804,80.4,1.36,3.13,6.24,235.67,16.6704,20.6568,23.556
2026-02-26,ES,74.2648,74.3836,0.16,0.956,95.6,0.59,2.51,5.66,222.05,68.3236,84.6619,96.5443
2026-02-26,TXT,98.6084,97.7087,-0.912,0.978,97.8,0.71,2.55,3.31,196.45,90.7198,112.4136,128.191
2026-02-26,GFI,56.8638,56.8054,-0.103,0.849,84.9,0.68,5.25,6.25,205.59,52.3147,64.8247,73.9229
2026-02-26,BWA,57.739,57.4798,-0.449,0.972,97.2,0.74,4.15,2.85,249.39,53.1199,65.8225,75.0607
2026-02-26,BUD,79.48,80.06,0.73,0.827,82.7,0.84,1.51,3.35,222.09,73.1216,90.6072,103.324
2026-02-26,ASX,24.23,23.84,-1.61,0.938,93.8,0.83,4.09,9.01,228.1,22.2916,27.6222,31.499
2026-02-26,GFS,46.92,45.9,-2.174,0.837,83.7,1.12,4.78,4.0,179.19,43.1664,53.4888,60.996
2026-02-26,CCEP,108.35,108.94,0.545,0.711,71.1,1.09,1.95,8.56,212.26,99.682,123.519,140.855
2026-02-26,PRAX,340.47,334.93,-1.627,0.953,95.3,0.93,5.62,4.97,156.6,313.2324,388.1358,442.611
2026-02-26,HBM,28.03,28.04,0.036,0.944,94.4,0.92,5.88,9.2,203.14,25.7876,31.9542,36.439
2026-02-26,JJCTF,24.81,24.43,-1.532,0.798,79.8,0.92,3.33,1.63,168.54,22.8252,28.2834,32.253
2026-02-26,TRMB,68.23,67.02,-1.773,0.962,96.2,0.66,3.39,2.44,170.41,62.7716,77.7822,88.699
2026-02-26,ESS,262.74,259.83,-1.108,0.993,99.3,0.74,2.16,3.05,150.53,241.7208,299.5236,341.562
2026-02-26,LDO-MI,58.1,,,0.757,75.7,1.75,3.09,4.65,115.82,53.452,66.234,75.53
2026-02-26,SAN,12.94,12.82,-0.927,0.745,74.5,1.06,2.93,2.96,245.88,11.9048,14.7516,16.822
2026-02-26,PBSC,15.41,15.56,0.973,0.83,83.0,0.72,2.4,6.03,164.9,14.1772,17.5674,20.033
2026-02-26,EQNR,28.95,29.82,3.005,0.803,80.3,0.81,2.17,4.18,155.63,26.634,33.003,37.635
2026-02-26,VTRS,15.25,15.16,-0.59,0.897,89.7,1.69,3.16,0.65,168.02,14.03,17.385,19.825
2026-02-26,BALL,66.4315,66.5511,0.18,0.799,79.9,0.67,2.42,2.76,168.58,61.117,75.7319,86.3609
2026-02-26,CLGX,292.53,291.1,-0.489,0.823,82.3,1.03,2.69,7.62,166.82,269.1276,333.4842,380.289
2026-02-26,MAA,135.87,135.28,-0.434,0.962,96.2,0.67,2.13,1.36,147.55,125.0004,154.8918,176.631
2026-02-26,CCK,115.36,115.0,-0.312,0.722,72.2,0.67,2.61,3.05,153.41,106.1312,131.5104,149.968
2026-02-26,ATD-TO,83.47,,,0.728,72.8,0.6,2.9,7.37,167.57,76.7924,95.1558,108.511
2026-02-26,SNA,386.67,384.63,-0.528,0.997,99.7,1.09,2.33,2.6,162.86,355.7364,440.8038,502.671
2026-02-26,PNW,99.54,99.64,0.1,0.953,95.3,1.74,2.06,3.39,134.44,91.5768,113.4756,129.402
2026-02-26,EG,335.724,336.9165,0.355,0.831,83.1,0.83,2.59,0.88,143.31,308.8661,382.7253,436.4412
2026-02-26,FLSCQ,89.18,87.99,-1.334,0.797,79.7,0.96,3.34,4.24,153.59,82.0456,101.6652,115.934
2026-02-26,BMO,148.85,147.15,-1.142,0.71,71.0,1.01,2.0,4.46,141.7,136.942,169.689,193.505
2026-02-26,HSIC,81.47,81.23,-0.295,0.98,98.0,1.37,3.4,3.88,131.98,74.9524,92.8758,105.911
2026-02-26,BBWI,23.31,22.75,-2.402,0.862,86.2,0.88,4.52,2.3,118.08,21.4452,26.5734,30.303
2026-02-26,BBX1,23.31,22.75,-2.402,0.862,86.2,0.88,4.52,2.3,118.08,21.4452,26.5734,30.303
2026-02-26,BBXIA,23.31,22.75,-2.402,0.862,86.2,0.88,4.52,2.3,118.08,21.4452,26.5734,30.303
2026-02-26,SEDG,40.4,39.0,-3.465,0.971,97.1,1.03,8.72,12.05,150.15,37.168,46.056,52.52
2026-02-26,NXEN,12.76,12.66,-0.784,0.896,89.6,0.61,6.19,5.45,131.9,11.7392,14.5464,16.588
2026-02-26,PRY-MI,101.5,,,0.724,72.4,0.59,3.77,1.08,114.62,93.38,115.71,131.95
2026-02-26,TTE,78.93,80.04,1.406,0.737,73.7,0.61,1.55,3.98,120.85,72.6156,89.9802,102.609
2026-02-26,JBLU,5.8,5.69,-1.897,0.811,81.1,0.74,6.27,0.01,109.76,5.336,6.612,7.54
2026-02-26,MT,65.87,65.23,-0.972,0.919,91.9,0.79,2.93,6.6,129.21,60.6004,75.0918,85.631
2026-02-26,ERIC,11.29,11.4,0.974,0.702,70.2,0.66,1.67,1.65,86.43,10.3868,12.8706,14.677
2026-02-26,MICU,167.0,167.73,0.437,0.893,89.3,2.01,3.15,4.81,96.53,153.64,190.38,217.1
2026-02-26,CM,103.75,103.63,-0.116,0.744,74.4,1.24,1.89,6.95,104.55,95.45,118.275,134.875
2026-02-26,ITX-MC,57.76,,,0.777,77.7,0.62,1.75,3.1,102.04,53.1392,65.8464,75.088
2026-02-26,ESLT,765.29,762.26,-0.396,0.941,94.1,0.94,3.57,8.43,110.64,704.0668,872.4306,994.877
2026-02-26,AIZ,229.44,229.73,0.126,0.97,97.0,0.61,2.8,0.27,118.79,211.0848,261.5616,298.272
2026-02-26,IESC,515.05,500.18,-2.887,0.767,76.7,1.2,7.09,8.23,124.29,473.846,587.157,669.565
2026-02-26,FRPT,81.26,81.39,0.16,0.895,89.5,0.95,4.69,12.54,120.1,74.7592,92.6364,105.638
2026-02-26,FRT,108.44,107.74,-0.646,0.966,96.6,0.74,1.89,3.02,109.45,99.7648,123.6216,140.972
2026-02-26,NEB,44.4183,44.8733,1.024,0.913,91.3,0.58,4.56,7.47,119.46,40.8649,50.6369,57.7438
2026-02-26,CAKE,64.7727,63.6381,-1.752,0.869,86.9,0.66,3.74,5.17,102.24,59.5909,73.8409,84.2045
2026-02-26,CAKR,64.7727,63.6381,-1.752,0.869,86.9,0.66,3.74,5.17,102.24,59.5909,73.8409,84.2045
2026-02-26,NVTAQ,29.3,28.83,-1.604,0.885,88.5,0.73,3.7,6.6,115.31,26.956,33.402,38.09
2026-02-26,SOLV,76.94,73.0,-5.121,0.964,96.4,1.66,2.76,1.07,89.05,70.7848,87.7116,100.022
2026-02-26,GVA,136.09,135.03,-0.779,0.807,80.7,1.3,2.63,4.63,87.75,125.2028,155.1426,176.917
2026-02-26,L,109.43,109.63,0.183,0.99,99.0,0.97,1.87,0.49,84.44,100.6756,124.7502,142.259
2026-02-26,BAESY,114.94,114.52,-0.365,0.858,85.8,0.66,2.34,4.98,61.06,105.7448,131.0316,149.422
2026-02-26,BAFBF,114.94,114.52,-0.365,0.858,85.8,0.66,2.34,4.98,61.06,105.7448,131.0316,149.422
2026-02-26,PAA,20.62,20.62,0.0,0.712,71.2,0.86,1.99,3.0,72.91,18.9704,23.5068,26.806
2026-02-26,NXST,246.16,245.63,-0.215,0.999,99.9,1.47,3.83,8.41,97.65,226.4672,280.6224,320.008
2026-02-26,IPGP,129.47,128.24,-0.95,0.959,95.9,0.92,7.93,8.08,104.19,119.1124,147.5958,168.311
2026-02-26,NTLI1,14.28,13.84,-3.081,0.935,93.5,1.39,6.93,12.62,50.27,13.1376,16.2792,18.564
2026-02-26,GTH,27.18,26.83,-1.288,0.725,72.5,0.61,3.42,2.91,82.33,25.0056,30.9852,35.334
2026-02-26,MUFG,18.95,18.99,0.211,0.736,73.6,1.35,2.02,0.0,69.31,17.434,21.603,24.635
2026-02-26,OR,47.01,47.45,0.936,0.861,86.1,0.64,5.09,10.57,62.14,43.2492,53.5914,61.113
2026-02-26,CGNX,56.11,55.79,-0.57,0.795,79.5,0.92,5.1,4.14,44.86,51.6212,63.9654,72.943
2026-02-26,BVN,41.13,42.2,2.602,0.946,94.6,1.23,5.29,8.73,66.24,37.8396,46.8882,53.469
2026-02-26,LNTH,75.43,74.06,-1.816,0.821,82.1,2.51,3.42,8.6,65.8,69.3956,85.9902,98.059
2026-02-26,AM,22.36,22.48,0.537,0.8,80.0,0.98,2.37,9.72,76.07,20.5712,25.4904,29.068
2026-02-26,MYRX,272.47,268.54,-1.442,0.754,75.4,2.46,5.53,2.21,70.37,250.6724,310.6158,354.211
2026-02-26,POET,6.24,5.99,-4.006,0.801,80.1,1.01,7.35,7.6,40.68,5.7408,7.1136,8.112
2026-02-26,ATRO,80.2,79.33,-1.085,0.909,90.9,1.51,5.64,4.0,49.5,73.784,91.428,104.26
2026-02-26,ALH,106.5,104.0,-2.347,0.883,88.3,0.62,5.84,1.99,65.11,97.98,121.41,138.45
2026-02-26,ALHC,106.5,104.0,-2.347,0.883,88.3,0.62,5.84,1.99,65.11,97.98,121.41,138.45
2026-02-26,ALI,106.5,104.0,-2.347,0.883,88.3,0.62,5.84,1.99,65.11,97.98,121.41,138.45
2026-02-26,AEVA,13.64,13.74,0.733,0.761,76.1,1.47,8.35,5.6,25.38,12.5488,15.5496,17.732
2026-02-26,DRS,43.34,42.68,-1.523,0.808,80.8,1.0,4.81,8.34,54.17,39.8728,49.4076,56.342
2026-02-26,CPA,146.32,144.72,-1.093,0.77,77.0,0.67,3.29,1.43,57.9,134.6144,166.8048,190.216
2026-02-26,CPAC,146.32,144.72,-1.093,0.77,77.0,0.67,3.29,1.43,57.9,134.6144,166.8048,190.216
2026-02-26,DAP,34.76,34.34,-1.208,0.926,92.6,0.91,3.59,7.1,52.26,31.9792,39.6264,45.188
2026-02-26,DAR,34.76,34.34,-1.208,0.926,92.6,0.91,3.59,7.1,52.26,31.9792,39.6264,45.188
2026-02-26,GU1,20.3796,20.0708,-1.515,0.784,78.4,0.76,3.75,5.01,53.65,18.7492,23.2328,26.4935
2026-02-26,NOGNQ,26.25,26.71,1.752,0.73,73.0,1.4,4.25,1.17,50.52,24.15,29.925,34.125
2026-02-26,SMFG,22.84,22.92,0.35,0.797,79.7,0.65,1.99,0.98,56.1,21.0128,26.0376,29.692
2026-02-26,FMX,113.17,113.43,0.23,0.708,70.8,1.28,2.59,2.18,48.87,104.1164,129.0138,147.121
2026-02-26,KNGRF,89.38,87.84,-1.723,0.725,72.5,0.63,3.96,9.61,60.86,82.2296,101.8932,116.194
2026-02-26,CSTM,25.95,25.57,-1.464,0.925,92.5,0.95,4.89,5.85,64.15,23.874,29.583,33.735
2026-02-26,FCFS,189.27,188.53,-0.391,0.731,73.1,0.66,3.07,5.2,52.92,174.1284,215.7678,246.051
2026-02-26,ATMP,64.15,63.54,-0.951,0.809,80.9,0.67,3.1,2.72,65.69,59.018,73.131,83.395
2026-02-26,ATMV,64.15,63.54,-0.951,0.809,80.9,0.67,3.1,2.72,65.69,59.018,73.131,83.395
2026-02-26,ATMVR,64.15,63.54,-0.951,0.809,80.9,0.67,3.1,2.72,65.69,59.018,73.131,83.395
2026-02-26,CRI,42.07,36.42,-13.43,0.843,84.3,1.34,4.38,7.4,46.94,38.7044,47.9598,54.691
2026-02-26,CRIC,42.07,36.42,-13.43,0.843,84.3,1.34,4.38,7.4,46.94,38.7044,47.9598,54.691
2026-02-26,PLAB,38.66,37.57,-2.819,0.947,94.7,1.67,7.25,3.83,46.89,35.5672,44.0724,50.258
2026-02-26,SDZ-SW,66.68,,,0.776,77.6,1.13,2.52,5.66,49.02,61.3456,76.0152,86.684
2026-02-26,KT,23.97,23.8,-0.709,0.834,83.4,1.78,2.25,5.47,52.91,22.0524,27.3258,31.161
2026-02-26,PAIYY,22.2,22.35,0.676,0.73,73.0,1.05,1.77,3.73,48.64,20.424,25.308,28.86
2026-02-26,PALDF,22.2,22.35,0.676,0.73,73.0,1.05,1.77,3.73,48.64,20.424,25.308,28.86
2026-02-26,CRCL,57.33,58.29,1.675,0.748,74.8,0.94,3.2,2.08,41.54,52.7436,65.3562,74.529
2026-02-26,PACW1,41.67,38.4,-7.847,0.789,78.9,1.6,5.45,9.11,40.59,38.3364,47.5038,54.171
2026-02-26,PACX,41.67,38.4,-7.847,0.789,78.9,1.6,5.45,9.11,40.59,38.3364,47.5038,54.171
2026-02-26,PAE,41.67,38.4,-7.847,0.789,78.9,1.6,5.45,9.11,40.59,38.3364,47.5038,54.171
2026-02-26,PAET,41.67,38.4,-7.847,0.789,78.9,1.6,5.45,9.11,40.59,38.3364,47.5038,54.171
2026-02-26,OII,37.57,37.22,-0.932,0.923,92.3,0.78,5.3,12.33,55.86,34.5644,42.8298,48.841
2026-02-26,OIIM,37.57,37.22,-0.932,0.923,92.3,0.78,5.3,12.33,55.86,34.5644,42.8298,48.841
2026-02-26,BDCC,147.27,145.15,-1.44,0.831,83.1,0.87,3.65,5.86,51.04,135.4884,167.8878,191.451
2026-02-26,BLTE,188.55,186.31,-1.188,0.873,87.3,1.12,5.36,4.9,36.58,173.466,214.947,245.115
2026-02-26,LM,97.34,96.52,-0.842,0.766,76.6,0.95,3.98,8.86,38.52,89.5528,110.9676,126.542
2026-02-26,AVNT1,41.11,40.64,-1.143,0.868,86.8,0.93,3.5,2.07,39.84,37.8212,46.8654,53.443
2026-02-26,BOST,5.92,5.96,0.676,0.957,95.7,0.65,6.39,8.26,47.7,5.4464,6.7488,7.696
2026-02-26,BOT,5.92,5.96,0.676,0.957,95.7,0.65,6.39,8.26,47.7,5.4464,6.7488,7.696
2026-02-26,BCO,135.58,123.0,-9.279,0.746,74.6,2.01,2.59,4.7,36.98,124.7336,154.5612,176.254
2026-02-26,ABBNY,91.6,92.77,1.277,0.819,81.9,1.66,1.71,2.76,42.42,84.272,104.424,119.08
2026-02-26,ABCB,91.6,92.77,1.277,0.819,81.9,1.66,1.71,2.76,42.42,84.272,104.424,119.08
2026-02-26,CAPR,27.89,27.76,-0.466,0.991,99.1,0.63,6.67,10.87,29.73,25.6588,31.7946,36.257
2026-02-26,DFTX,17.29,17.01,-1.619,0.87,87.0,0.83,6.21,0.97,23.3,15.9068,19.7106,22.477
2026-02-26,CMBT,14.3,14.39,0.629,0.835,83.5,1.94,2.93,8.4,31.17,13.156,16.302,18.59
2026-02-26,MNMD,17.29,17.01,-1.619,0.87,87.0,0.87,6.21,0.98,22.3,15.9068,19.7106,22.477
2026-02-26,NBR,77.8,78.71,1.17,0.928,92.8,0.83,5.12,8.88,33.62,71.576,88.692,101.14
2026-02-26,ADNT,24.62,24.32,-1.219,0.805,80.5,0.61,4.39,0.1,25.7,22.6504,28.0668,32.006
2026-02-26,GLDG,16.91,16.91,0.0,0.847,84.7,0.74,2.12,4.26,34.35,15.5572,19.2774,21.983
2026-02-26,CASC2,94.88,93.59,-1.36,0.845,84.5,0.91,3.77,2.7,29.83,87.2896,108.1632,123.344
2026-02-26,DIOD,69.63,67.89,-2.499,0.915,91.5,0.8,5.27,6.23,32.59,64.0596,79.3782,90.519
2026-02-26,DIOMQ,69.63,67.89,-2.499,0.915,91.5,0.8,5.27,6.23,32.59,64.0596,79.3782,90.519
2026-02-26,DISA,69.63,67.89,-2.499,0.915,91.5,0.8,5.27,6.23,32.59,64.0596,79.3782,90.519
2026-02-26,DISK,69.63,67.89,-2.499,0.915,91.5,0.8,5.27,6.23,32.59,64.0596,79.3782,90.519
2026-02-26,NWKC,4.55,4.54,-0.22,0.806,80.6,0.8,5.28,1.39,27.61,4.186,5.187,5.915
2026-02-26,CMPS,7.33,7.34,0.136,0.845,84.5,0.86,7.95,5.69,34.04,6.7436,8.3562,9.529
2026-02-26,ANAB,56.11,55.84,-0.481,0.862,86.2,0.62,6.29,7.33,25.48,51.6212,63.9654,72.943
2026-02-26,IPAR,104.2,103.09,-1.065,0.828,82.8,1.05,3.16,3.48,25.72,95.864,118.788,135.46
2026-02-26,KB,115.32,110.73,-3.98,0.867,86.7,1.06,2.68,7.4,34.34,106.0944,131.4648,149.916
2026-02-26,ALG,216.5,214.32,-1.007,0.865,86.5,1.21,2.78,4.83,24.15,199.18,246.81,281.45
2026-02-26,DBGI,83.05,82.47,-0.698,0.824,82.4,0.62,3.71,9.75,27.47,76.406,94.677,107.965
2026-02-26,DCO,122.4,121.45,-0.776,0.852,85.2,1.18,3.82,0.72,20.23,112.608,139.536,159.12
2026-02-26,LLYVA,94.71,93.68,-1.088,0.769,76.9,0.91,3.42,8.57,18.55,87.1332,107.9694,123.123
2026-02-26,KNAN,27.92,27.42,-1.791,0.778,77.8,0.8,3.53,5.22,21.64,25.6864,31.8288,36.296
2026-02-26,KNAP,27.92,27.42,-1.791,0.778,77.8,0.8,3.53,5.22,21.64,25.6864,31.8288,36.296
2026-02-26,MCW,7.03,7.0,-0.427,0.842,84.2,0.59,2.69,12.15,29.75,6.4676,8.0142,9.139
2026-02-26,AIMT,58.27,58.03,-0.412,0.765,76.5,0.89,3.85,1.13,18.56,53.6084,66.4278,75.751
2026-02-26,AIN,58.27,58.03,-0.412,0.765,76.5,0.89,3.85,1.13,18.56,53.6084,66.4278,75.751
2026-02-26,HLX,9.02,9.03,0.111,0.867,86.7,0.95,5.19,3.95,24.01,8.2984,10.2828,11.726
2026-02-26,MNSB,21.63,21.37,-1.202,0.72,72.0,1.08,4.18,2.04,17.35,19.8996,24.6582,28.119
2026-02-26,WDS,19.2561,19.6453,2.021,0.704,70.4,0.99,2.12,5.05,17.91,17.7156,21.952,25.0329
2026-02-26,BHFAL,59.18,57.93,-2.112,0.846,84.6,0.85,3.87,3.3,19.66,54.4456,67.4652,76.934
2026-02-26,LIND,20.23,20.25,0.099,0.947,94.7,0.93,4.33,3.85,17.65,18.6116,23.0622,26.299
2026-02-26,DGII,49.93,49.19,-1.482,0.724,72.4,0.76,5.09,6.02,19.09,45.9356,56.9202,64.909
2026-02-26,IAALF,30.05,29.52,-1.764,0.822,82.2,0.9,6.98,3.6,19.3,27.646,34.257,39.065
2026-02-26,MUEL,71.09,70.4,-0.971,0.753,75.3,0.77,3.23,0.19,15.27,65.4028,81.0426,92.417
2026-02-26,ARCO,8.89,8.84,-0.562,0.711,71.1,0.76,3.62,4.19,15.89,8.1788,10.1346,11.557
2026-02-26,DAKPQ,26.6,26.28,-1.203,0.887,88.7,0.78,4.62,2.82,17.16,24.472,30.324,34.58
2026-02-26,DAKT,26.6,26.28,-1.203,0.887,88.7,0.78,4.62,2.82,17.16,24.472,30.324,34.58
2026-02-26,DHC,6.81,6.74,-1.028,0.891,89.1,1.51,4.58,8.74,13.11,6.2652,7.7634,8.853
2026-02-26,DHCC,6.81,6.74,-1.028,0.891,89.1,1.51,4.58,8.74,13.11,6.2652,7.7634,8.853
2026-02-26,ASTE,62.34,61.37,-1.556,0.89,89.0,1.69,4.15,10.48,14.53,57.3528,71.0676,81.042
2026-02-26,APEI,45.63,45.25,-0.833,0.837,83.7,0.73,4.54,4.27,11.54,41.9796,52.0182,59.319
2026-02-26,APEX,45.63,45.25,-0.833,0.837,83.7,0.73,4.54,4.27,11.54,41.9796,52.0182,59.319
2026-02-26,APEX1,45.63,45.25,-0.833,0.837,83.7,0.73,4.54,4.27,11.54,41.9796,52.0182,59.319
2026-02-26,APFC,45.63,45.25,-0.833,0.837,83.7,0.73,4.54,4.27,11.54,41.9796,52.0182,59.319
2026-02-26,APFH,45.63,45.25,-0.833,0.837,83.7,0.73,4.54,4.27,11.54,41.9796,52.0182,59.319
2026-02-26,IX,35.59,35.53,-0.169,0.832,83.2,0.87,1.68,4.79,12.58,32.7428,40.5726,46.267
2026-02-26,AMBQ,32.36,31.98,-1.174,0.844,84.4,0.63,5.33,6.84,9.35,29.7712,36.8904,42.068
2026-02-26,BHPLF,38.5541,42.4563,10.121,0.906,90.6,2.35,2.3,8.74,15.78,35.4698,43.9517,50.1204
2026-02-26,DAIO,116.56,116.42,-0.12,0.738,73.8,1.23,2.56,10.19,10.53,107.2352,132.8784,151.528
2026-02-26,OCS,29.99,29.77,-0.734,0.93,93.0,1.09,3.96,4.87,9.92,27.5908,34.1886,38.987
2026-02-26,AVNR,14.49,14.28,-1.449,0.773,77.3,1.64,4.0,0.73,8.87,13.3308,16.5186,18.837
2026-02-26,AVNS,14.49,14.28,-1.449,0.773,77.3,1.64,4.0,0.73,8.87,13.3308,16.5186,18.837
2026-02-26,IPX,48.31,47.35,-1.987,0.898,89.8,1.12,5.46,7.65,8.23,44.4452,55.0734,62.803
2026-02-26,ENLT,70.05,68.0,-2.926,0.954,95.4,0.92,4.29,8.39,11.89,64.446,79.857,91.065
2026-02-26,HAIA,7.2734,7.3027,0.403,0.779,77.9,1.22,2.36,11.63,8.73,6.6915,8.2917,9.4554
2026-02-26,HAIAU,7.2734,7.3027,0.403,0.779,77.9,1.22,2.36,11.63,8.73,6.6915,8.2917,9.4554
2026-02-26,MANE,17.03,17.0,-0.176,0.914,91.4,1.4,4.93,8.54,10.46,15.6676,19.4142,22.139
2026-02-26,ASGI,25.18,25.16,-0.079,0.705,70.5,0.74,2.44,5.23,6.33,23.1656,28.7052,32.734
2026-02-26,GSM,5.24,5.19,-0.954,0.717,71.7,1.15,6.17,3.47,7.5,4.8208,5.9736,6.812
2026-02-26,GSMGW,5.24,5.19,-0.954,0.717,71.7,1.15,6.17,3.47,7.5,4.8208,5.9736,6.812
2026-02-26,GON,12.76,12.67,-0.705,0.713,71.3,1.15,2.45,8.1,7.52,11.7392,14.5464,16.588
2026-02-26,NWPX,81.66,81.4,-0.318,0.879,87.9,1.66,3.8,12.06,8.14,75.1272,93.0924,106.158
