signal_date,ticker,signal_price,entry_price_actual,slippage_pct,entry_score,rs_percentile,rvol,adr_pct,dist_sma20,dollar_vol_M,stop_price,tp1,tp2
2024-01-02,COIN,156.88,146.0,-6.935,0.986,98.6,1.83,6.27,0.47,2279.57,144.3296,172.568,194.5312
2024-01-02,PDD,145.64,143.78,-1.277,0.952,95.2,1.16,2.51,0.37,1028.19,133.9888,160.204,180.5936
2024-01-02,ARM,68.92,67.07,-2.684,0.846,84.6,1.35,4.79,0.42,497.23,63.4064,75.812,85.4608
2024-01-02,C,49.4978,49.6938,0.396,0.881,88.1,1.25,2.0,6.52,983.92,45.538,54.4476,61.3773
2024-01-02,GBTC,33.2882,31.3279,-5.889,0.983,98.3,1.58,3.61,5.25,214.61,30.6251,36.617,41.2773
2024-01-02,TEAM,226.67,223.0,-1.619,0.707,70.7,1.13,3.18,3.03,395.63,208.5364,249.337,281.0708
2024-01-02,ELPW,139.66,138.01,-1.181,0.945,94.5,1.54,3.66,0.76,157.63,128.4872,153.626,173.1784
2024-01-02,ELRA,139.66,138.01,-1.181,0.945,94.5,1.54,3.66,0.76,157.63,128.4872,153.626,173.1784
2024-01-02,ELRC,139.66,138.01,-1.181,0.945,94.5,1.54,3.66,0.76,157.63,128.4872,153.626,173.1784
2024-01-02,ELRE,139.66,138.01,-1.181,0.945,94.5,1.54,3.66,0.76,157.63,128.4872,153.626,173.1784
2024-01-02,EXPE,147.5688,145.436,-1.445,0.953,95.3,1.38,2.34,0.66,309.16,135.7633,162.3257,182.9854
2024-01-02,ANF,90.96,89.74,-1.341,0.975,97.5,1.13,3.18,6.32,125.12,83.6832,100.056,112.7904
2024-01-02,NXT,47.42,46.21,-2.552,0.935,93.5,1.88,4.74,5.37,107.96,43.6264,52.162,58.8008
2024-01-02,CYBR,216.13,214.21,-0.888,0.896,89.6,1.37,2.48,3.08,110.76,198.8396,237.743,268.0012
2024-01-02,CYBR2,216.13,214.21,-0.888,0.896,89.6,1.37,2.48,3.08,110.76,198.8396,237.743,268.0012
2024-01-02,HRB,234.25,230.82,-1.464,0.729,72.9,1.2,2.2,5.14,107.69,215.51,257.675,290.47
2024-01-02,BN,25.5693,25.1942,-1.467,0.827,82.7,1.15,2.17,1.6,79.32,23.5238,28.1263,31.706
2024-01-02,INSM,29.94,29.35,-1.971,0.671,67.1,1.11,3.63,3.45,50.72,27.5448,32.934,37.1256
2024-01-02,EAXR,42.07,41.23,-1.997,0.903,90.3,1.17,2.74,1.4,45.48,38.7044,46.277,52.1668
2024-01-02,EB,42.07,41.23,-1.997,0.903,90.3,1.17,2.74,1.4,45.48,38.7044,46.277,52.1668
2024-01-02,EBBGF,42.07,41.23,-1.997,0.903,90.3,1.17,2.74,1.4,45.48,38.7044,46.277,52.1668
2024-01-02,EBBNF,42.07,41.23,-1.997,0.903,90.3,1.17,2.74,1.4,45.48,38.7044,46.277,52.1668
2024-01-02,HUT,12.6,11.7,-7.143,0.882,88.2,1.37,14.25,5.8,117.0,11.592,13.86,15.624
2024-01-02,OLED,182.5256,179.3365,-1.747,0.691,69.1,1.39,2.22,1.22,50.67,167.9236,200.7782,226.3318
2024-01-02,JLL,186.9,182.56,-2.322,0.914,91.4,1.34,2.53,5.33,53.53,171.948,205.59,231.756
2024-01-02,JLMI,186.9,182.56,-2.322,0.914,91.4,1.34,2.53,5.33,53.53,171.948,205.59,231.756
2024-01-02,KIM,34.6008,34.0097,-1.708,0.714,71.4,1.24,2.95,5.63,46.34,31.8328,38.0609,42.905
2024-01-02,KMX,34.6008,34.0097,-1.708,0.714,71.4,1.24,2.95,5.63,46.34,31.8328,38.0609,42.905
2024-01-02,KSS,34.6008,34.0097,-1.708,0.714,71.4,1.24,2.95,5.63,46.34,31.8328,38.0609,42.905
2024-01-02,KSU,34.6008,34.0097,-1.708,0.714,71.4,1.24,2.95,5.63,46.34,31.8328,38.0609,42.905
2024-01-02,AURA,3.73,3.47,-6.971,0.98,98.0,1.2,8.23,3.63,32.44,3.4316,4.103,4.6252
2024-01-02,BTC1,3.81,3.455,-9.318,0.984,98.4,1.45,11.85,6.17,47.09,3.5052,4.191,4.7244
2024-01-02,BTCM,3.81,3.455,-9.318,0.984,98.4,1.45,11.85,6.17,47.09,3.5052,4.191,4.7244
2024-01-02,CAKE,32.5844,32.5464,-0.116,0.61,61.0,1.29,2.58,0.23,27.71,29.9776,35.8428,40.4046
2024-01-02,CAKR,32.5844,32.5464,-0.116,0.61,61.0,1.29,2.58,0.23,27.71,29.9776,35.8428,40.4046
2024-01-02,BBBB,26.77,25.99,-2.914,0.978,97.8,1.14,5.39,6.15,41.53,24.6284,29.447,33.1948
2024-01-02,BBBY,26.77,25.99,-2.914,0.978,97.8,1.14,5.39,6.15,41.53,24.6284,29.447,33.1948
2024-01-02,BLMN,24.5742,25.519,3.845,0.599,59.9,1.13,2.51,4.0,32.34,22.6083,27.0316,30.472
2024-01-02,BLMT,24.5742,25.519,3.845,0.599,59.9,1.13,2.51,4.0,32.34,22.6083,27.0316,30.472
2024-01-02,BEPC,26.1054,25.7272,-1.449,0.815,81.5,1.22,2.89,2.63,27.12,24.017,28.7159,32.3707
2024-01-02,BEPH,26.1054,25.7272,-1.449,0.815,81.5,1.22,2.89,2.63,27.12,24.017,28.7159,32.3707
2024-01-02,BEPI,26.1054,25.7272,-1.449,0.815,81.5,1.22,2.89,2.63,27.12,24.017,28.7159,32.3707
2024-01-02,CAN,2.16,1.88,-12.963,0.591,59.1,1.29,15.79,4.32,53.14,1.9872,2.376,2.6784
2024-01-03,MSTR,63.106,63.86,1.195,0.985,98.5,1.53,4.94,5.37,773.71,58.0575,69.4166,78.2514
2024-01-03,URI,536.213,538.0947,0.351,0.843,84.3,1.21,2.76,0.54,368.05,493.3159,589.8342,664.9041
2024-01-03,TFC,33.0414,33.5391,1.506,0.922,92.2,1.21,2.31,1.77,331.53,30.3981,36.3455,40.9713
2024-01-03,HIMX,9.05,9.05,0.0,0.954,95.4,1.66,4.22,3.23,24.26,8.326,9.955,11.222
2024-01-03,SEDG,12.8465,12.8646,0.141,0.948,94.8,1.16,2.79,1.53,183.41,11.8188,14.1312,15.9297
2024-01-03,SEE,12.8465,12.8646,0.141,0.948,94.8,1.16,2.79,1.53,183.41,11.8188,14.1312,15.9297
2024-01-03,KEX,12.7206,12.7385,0.141,0.95,95.0,1.16,2.79,1.53,181.61,11.7029,13.9926,15.7735
2024-01-03,CBRE,89.05,88.52,-0.595,0.783,78.3,1.31,2.04,0.55,150.45,81.926,97.955,110.422
2024-01-03,NXT,46.41,46.39,-0.043,0.929,92.9,4.09,4.9,2.71,127.91,42.6972,51.051,57.5484
2024-01-03,CYBR,214.38,215.1,0.336,0.857,85.7,1.38,2.54,2.0,111.35,197.2296,235.818,265.8312
2024-01-03,CYBR2,214.38,215.1,0.336,0.857,85.7,1.38,2.54,2.0,111.35,197.2296,235.818,265.8312
2024-01-03,HRB,224.02,222.8,-0.545,0.665,66.5,1.14,2.33,0.02,104.47,206.0984,246.422,277.7848
2024-01-03,SCCO,75.7134,75.3704,-0.453,0.647,64.7,1.14,2.43,3.35,85.88,69.6563,83.2847,93.8846
2024-01-03,FRPT,83.5,82.7,-0.958,0.951,95.1,1.86,3.11,1.34,51.33,76.82,91.85,103.54
2024-01-03,BBIG,37.85,38.02,0.449,0.966,96.6,1.32,5.38,0.93,78.55,34.822,41.635,46.934
2024-01-03,BBIO,37.85,38.02,0.449,0.966,96.6,1.32,5.38,0.93,78.55,34.822,41.635,46.934
2024-01-03,TKO,23.3653,23.2768,-0.379,0.622,62.2,1.43,2.69,0.38,52.65,21.4961,25.7019,28.973
2024-01-03,TMK,23.3653,23.2768,-0.379,0.622,62.2,1.43,2.69,0.38,52.65,21.4961,25.7019,28.973
2024-01-03,TMO,23.3653,23.2768,-0.379,0.622,62.2,1.43,2.69,0.38,52.65,21.4961,25.7019,28.973
2024-01-03,TPL,23.3653,23.2768,-0.379,0.622,62.2,1.43,2.69,0.38,52.65,21.4961,25.7019,28.973
2024-01-03,TPR,23.3653,23.2768,-0.379,0.622,62.2,1.43,2.69,0.38,52.65,21.4961,25.7019,28.973
2024-01-03,RKT,12.6238,12.2263,-3.148,0.981,98.1,1.39,4.35,2.38,52.37,11.6139,13.8861,15.6535
2024-01-03,HE,14.77,14.96,1.286,0.811,81.1,1.12,3.78,6.14,41.14,13.5884,16.247,18.3148
2024-01-03,HEAL1,14.77,14.96,1.286,0.811,81.1,1.12,3.78,6.14,41.14,13.5884,16.247,18.3148
2024-01-03,CALM,47.7863,46.4013,-2.898,0.74,74.0,1.86,2.84,0.97,41.44,43.9634,52.5649,59.255
2024-01-03,BLMN,23.8723,23.9353,0.264,0.642,64.2,1.52,2.71,0.61,32.88,21.9626,26.2596,29.6017
2024-01-03,BLMT,23.8723,23.9353,0.264,0.642,64.2,1.52,2.71,0.61,32.88,21.9626,26.2596,29.6017
2024-01-03,ACIW,29.53,29.6,0.237,0.945,94.5,1.12,2.34,0.59,20.66,27.1676,32.483,36.6172
2024-01-03,BLACW,25.08,25.19,0.439,0.762,76.2,1.3,5.01,0.8,21.47,23.0736,27.588,31.0992
2024-01-03,AVNT1,37.3742,37.2416,-0.355,0.723,72.3,1.12,2.61,0.99,20.06,34.3843,41.1116,46.344
2024-01-04,C,50.1791,50.4217,0.484,0.902,90.2,1.13,2.11,6.56,1048.76,46.1647,55.197,62.222
2024-01-04,CVS,73.5035,73.604,0.137,0.612,61.2,2.41,1.92,4.7,672.47,67.6232,80.8539,91.1444
2024-01-04,GBTC,33.6495,33.4327,-0.644,0.982,98.2,1.14,3.43,5.78,212.08,30.9575,37.0145,41.7254
2024-01-04,PNC,140.4926,141.0821,0.42,0.853,85.3,1.22,2.05,1.9,320.04,129.2532,154.5419,174.2109
2024-01-04,FIS,58.1425,57.989,-0.264,0.696,69.6,1.29,2.07,1.42,341.22,53.4911,63.9568,72.0968
2024-01-04,ANF,92.5,93.09,0.638,0.974,97.4,1.23,3.24,6.49,130.69,85.1,101.75,114.7
2024-01-04,SEDG,12.9824,12.9915,0.07,0.949,94.9,1.27,2.73,2.09,183.1,11.9438,14.2806,16.0982
2024-01-04,SEE,12.9824,12.9915,0.07,0.949,94.9,1.27,2.73,2.09,183.1,11.9438,14.2806,16.0982
2024-01-04,KEX,12.8551,12.8641,0.07,0.951,95.1,1.27,2.73,2.09,181.31,11.8267,14.1406,15.9404
2024-01-04,TROW,99.8701,99.4622,-0.409,0.61,61.0,3.39,2.13,0.43,163.0,91.8805,109.8572,123.839
2024-01-04,TEVA,10.88,10.77,-1.011,0.797,79.7,1.79,3.14,5.75,84.01,10.0096,11.968,13.4912
2024-01-04,NTRA,59.69,59.36,-0.553,0.938,93.8,1.36,3.22,0.18,80.3,54.9148,65.659,74.0156
2024-01-04,EPAM,290.23,288.94,-0.444,0.703,70.3,1.26,2.48,1.02,124.54,267.0116,319.253,359.8852
2024-01-04,EDXC,76.3192,76.24,-0.104,0.848,84.8,1.19,4.07,2.28,164.57,70.2137,83.9511,94.6358
2024-01-04,VTR,46.3133,46.0407,-0.589,0.784,78.4,1.12,1.99,1.33,102.71,42.6083,50.9447,57.4285
2024-01-04,BN,25.3522,25.1613,-0.753,0.839,83.9,1.17,2.15,0.09,78.5,23.324,27.8874,31.4367
2024-01-04,INSM,29.13,28.87,-0.893,0.741,74.1,1.19,3.67,0.07,49.77,26.7996,32.043,36.1212
2024-01-04,FRPT,83.82,83.41,-0.489,0.953,95.3,1.12,3.1,0.98,52.22,77.1144,92.202,103.9368
2024-01-04,DOVA,28.0,27.6,-1.429,0.853,85.3,1.95,2.8,5.07,48.32,25.76,30.8,34.72
2024-01-04,DOVP,28.0,27.6,-1.429,0.853,85.3,1.95,2.8,5.07,48.32,25.76,30.8,34.72
2024-01-04,DOVR,28.0,27.6,-1.429,0.853,85.3,1.95,2.8,5.07,48.32,25.76,30.8,34.72
2024-01-04,DOX,28.0,27.6,-1.429,0.853,85.3,1.95,2.8,5.07,48.32,25.76,30.8,34.72
2024-01-04,BBDC,2.9654,3.0268,2.071,0.844,84.4,1.5,2.05,0.05,41.3,2.7281,3.2619,3.677
2024-01-04,BBDA,2.9654,3.0268,2.071,0.845,84.5,1.5,2.05,0.05,41.3,2.7281,3.2619,3.677
2024-01-04,AMFIQ,148.0494,147.1998,-0.574,0.616,61.6,1.19,2.05,0.47,35.25,136.2054,162.8543,183.5812
2024-01-04,CALM,49.0406,49.1887,0.302,0.769,76.9,2.18,3.13,3.0,46.27,45.1174,53.9447,60.8104
2024-01-05,BAC,32.8156,32.6917,-0.378,0.872,87.2,1.15,1.97,4.29,1404.6,30.1903,36.0971,40.6913
2024-01-05,NU,8.57,8.66,1.05,0.609,60.9,1.95,2.22,3.43,160.72,7.8844,9.427,10.6268
2024-01-05,COF,128.6306,127.6883,-0.733,0.938,93.8,1.24,2.11,3.65,364.47,118.3401,141.4936,159.5019
2024-01-05,ANF,90.54,92.69,2.375,0.971,97.1,1.28,3.31,3.43,130.88,83.2968,99.594,112.2696
2024-01-05,SEDG,13.2633,13.1727,-0.683,0.956,95.6,1.51,2.78,3.68,194.63,12.2022,14.5896,16.4464
2024-01-05,SEE,13.2633,13.1727,-0.683,0.956,95.6,1.51,2.78,3.68,194.63,12.2022,14.5896,16.4464
2024-01-05,KEX,13.1332,13.0435,-0.683,0.955,95.5,1.51,2.78,3.68,192.72,12.0826,14.4465,16.2852
2024-01-05,FOXA,30.5342,30.3054,-0.749,0.856,85.6,1.44,2.87,3.24,160.11,28.0914,33.5876,37.8624
2024-01-05,FRC,30.5342,30.3054,-0.749,0.856,85.6,1.44,2.87,3.24,160.11,28.0914,33.5876,37.8624
2024-01-05,FRT,30.5342,30.3054,-0.749,0.856,85.6,1.44,2.87,3.24,160.11,28.0914,33.5876,37.8624
2024-01-05,FTI,30.5342,30.3054,-0.749,0.856,85.6,1.44,2.87,3.24,160.11,28.0914,33.5876,37.8624
2024-01-05,EDXC,75.9628,74.0023,-2.581,0.804,80.4,1.37,4.13,1.9,169.17,69.8857,83.559,94.1938
2024-01-05,ALLY,33.0183,32.7555,-0.796,0.936,93.6,1.25,2.92,4.71,148.83,30.3768,36.3201,40.9427
2024-01-05,BROS,31.11,31.24,0.418,0.814,81.4,1.27,3.37,3.28,45.67,28.6212,34.221,38.5764
2024-01-05,MHI1,103.88,104.02,0.135,0.837,83.7,1.21,2.87,2.96,92.77,95.5696,114.268,128.8112
2024-01-05,TWTR,103.88,104.02,0.135,0.837,83.7,1.21,2.87,2.96,92.77,95.5696,114.268,128.8112
2024-01-05,BXP,63.2648,62.9411,-0.512,0.885,88.5,1.42,3.34,2.24,100.69,58.2036,69.5913,78.4484
2024-01-05,BXSL,63.2648,62.9411,-0.512,0.885,88.5,1.42,3.34,2.24,100.69,58.2036,69.5913,78.4484
2024-01-05,AZA.A,204.4377,204.587,0.073,0.663,66.3,1.51,1.95,2.65,59.35,188.0826,224.8814,253.5027
2024-01-05,AZEK,204.4377,204.587,0.073,0.663,66.3,1.51,1.95,2.65,59.35,188.0826,224.8814,253.5027
2024-01-05,AYRO,204.4377,204.5869,0.073,0.665,66.5,1.51,1.95,2.65,59.35,188.0826,224.8814,253.5027
2024-01-05,PNW,38.1242,38.1716,0.125,0.659,65.9,1.23,1.9,3.14,41.81,35.0742,41.9366,47.274
2024-01-05,PODD,38.1242,38.1716,0.125,0.659,65.9,1.23,1.9,3.14,41.81,35.0742,41.9366,47.274
2024-01-05,POOL,38.1242,38.1716,0.125,0.659,65.9,1.23,1.9,3.14,41.81,35.0742,41.9366,47.274
2024-01-05,PPG,38.1242,38.1716,0.125,0.659,65.9,1.23,1.9,3.14,41.81,35.0742,41.9366,47.274
2024-01-05,PPL,38.1242,38.1716,0.125,0.659,65.9,1.23,1.9,3.14,41.81,35.0742,41.9366,47.274
2024-01-05,CRI,67.7431,68.0436,0.444,0.629,62.9,1.35,2.09,0.24,41.45,62.3236,74.5174,84.0014
2024-01-05,CRIC,67.7431,68.0436,0.444,0.629,62.9,1.35,2.09,0.24,41.45,62.3236,74.5174,84.0014
2024-01-05,KIM,33.6188,33.533,-0.255,0.666,66.6,1.61,2.88,1.03,46.02,30.9293,36.9806,41.6873
2024-01-05,KMX,33.6188,33.533,-0.255,0.666,66.6,1.61,2.88,1.03,46.02,30.9293,36.9806,41.6873
2024-01-05,KSS,33.6188,33.533,-0.255,0.666,66.6,1.61,2.88,1.03,46.02,30.9293,36.9806,41.6873
2024-01-05,KSU,33.6188,33.533,-0.255,0.666,66.6,1.61,2.88,1.03,46.02,30.9293,36.9806,41.6873
2024-01-05,BBDC,3.0443,3.0355,-0.288,0.843,84.3,1.21,2.02,2.27,43.3,2.8008,3.3488,3.775
2024-01-05,BBDA,3.0443,3.0355,-0.288,0.844,84.4,1.21,2.02,2.27,43.3,2.8008,3.3488,3.775
2024-01-05,KD,19.59,20.32,3.726,0.855,85.5,1.17,2.6,0.18,33.11,18.0228,21.549,24.2916
2024-01-05,TKO,24.8959,24.8959,0.0,0.748,74.8,1.5,2.82,5.51,58.8,22.9042,27.3855,30.8709
2024-01-05,TMK,24.8959,24.8959,0.0,0.748,74.8,1.5,2.82,5.51,58.8,22.9042,27.3855,30.8709
2024-01-05,TMO,24.8959,24.8959,0.0,0.748,74.8,1.5,2.82,5.51,58.8,22.9042,27.3855,30.8709
2024-01-05,TPL,24.8959,24.8959,0.0,0.748,74.8,1.5,2.82,5.51,58.8,22.9042,27.3855,30.8709
2024-01-05,TPR,24.8959,24.8959,0.0,0.748,74.8,1.5,2.82,5.51,58.8,22.9042,27.3855,30.8709
2024-01-05,AMFIQ,149.3387,149.1788,-0.107,0.649,64.9,1.5,2.08,0.91,37.08,137.3916,164.2726,185.18
2024-01-05,KRHC1,35.7438,35.6905,-0.149,0.925,92.5,1.66,3.43,1.24,45.46,32.8843,39.3181,44.3223
2024-01-05,IMVT,42.78,42.12,-1.543,0.671,67.1,1.51,5.24,3.67,83.33,39.3576,47.058,53.0472
2024-01-05,IMXI,42.78,42.12,-1.543,0.671,67.1,1.51,5.24,3.67,83.33,39.3576,47.058,53.0472
2024-01-05,CACB,534.27,534.78,0.095,0.799,79.9,1.54,2.57,4.57,35.29,491.5284,587.697,662.4948
2024-01-05,CACH,534.27,534.78,0.095,0.799,79.9,1.54,2.57,4.57,35.29,491.5284,587.697,662.4948
2024-01-05,AZTR,64.3,64.37,0.109,0.835,83.5,1.39,2.82,2.66,31.03,59.156,70.73,79.732
2024-01-05,AZUL,64.3,64.37,0.109,0.835,83.5,1.39,2.82,2.66,31.03,59.156,70.73,79.732
2024-01-05,BEPC,26.6907,26.6727,-0.067,0.846,84.6,1.59,2.88,3.8,27.93,24.5555,29.3598,33.0965
2024-01-05,BEPH,26.6907,26.6727,-0.067,0.846,84.6,1.59,2.88,3.8,27.93,24.5555,29.3598,33.0965
2024-01-05,BEPI,26.6907,26.6727,-0.067,0.846,84.6,1.59,2.88,3.8,27.93,24.5555,29.3598,33.0965
2024-01-08,AMD,146.18,145.95,-0.157,0.735,73.5,1.23,3.07,2.95,8542.51,134.4856,160.798,181.2632
2024-01-08,CRWD,261.28,265.695,1.69,0.928,92.8,1.47,2.43,3.27,714.2,240.3776,287.408,323.9872
2024-01-08,ARM,72.84,72.8,-0.055,0.902,90.2,1.21,4.88,4.07,562.01,67.0128,80.124,90.3216
2024-01-08,ANET,61.4625,61.25,-0.346,0.858,85.8,1.39,2.08,5.18,395.39,56.5455,67.6088,76.2135
2024-01-08,AAL,14.58,14.51,-0.48,0.675,67.5,1.93,2.36,4.39,462.02,13.4136,16.038,18.0792
2024-01-08,DAL,40.698,40.4731,-0.552,0.648,64.8,1.33,2.15,2.06,366.82,37.4421,44.7678,50.4655
2024-01-08,FTNT,61.26,60.31,-1.551,0.643,64.3,1.36,1.94,3.84,272.77,56.3592,67.386,75.9624
2024-01-08,ELPW,150.65,149.25,-0.929,0.939,93.9,1.45,4.31,6.64,171.73,138.598,165.715,186.806
2024-01-08,ELRA,150.65,149.25,-0.929,0.939,93.9,1.45,4.31,6.64,171.73,138.598,165.715,186.806
2024-01-08,ELRC,150.65,149.25,-0.929,0.939,93.9,1.45,4.31,6.64,171.73,138.598,165.715,186.806
2024-01-08,ELRE,150.65,149.25,-0.929,0.939,93.9,1.45,4.31,6.64,171.73,138.598,165.715,186.806
2024-01-08,ALNY,196.83,196.83,0.0,0.687,68.7,1.16,3.17,5.51,114.41,181.0836,216.513,244.0692
2024-01-08,MNDY,185.47,183.39,-1.121,0.818,81.8,1.11,3.64,0.53,127.68,170.6324,204.017,229.9828
2024-01-08,CDW,38.8265,38.6164,-0.541,0.813,81.3,2.57,2.31,5.97,166.99,35.7203,42.7091,48.1448
2024-01-08,CE,38.8265,38.6164,-0.541,0.813,81.3,2.57,2.31,5.97,166.99,35.7203,42.7091,48.1448
2024-01-08,CELG,38.8265,38.6164,-0.541,0.813,81.3,2.57,2.31,5.97,166.99,35.7203,42.7091,48.1448
2024-01-08,CERN,38.8265,38.6164,-0.541,0.813,81.3,2.57,2.31,5.97,166.99,35.7203,42.7091,48.1448
2024-01-08,CF,38.8265,38.6164,-0.541,0.813,81.3,2.57,2.31,5.97,166.99,35.7203,42.7091,48.1448
2024-01-08,INSM,29.93,29.61,-1.069,0.734,73.4,1.46,3.71,2.04,50.9,27.5356,32.923,37.1132
2024-01-08,INTE,191.73,188.5,-1.685,0.659,65.9,1.2,4.89,2.8,151.81,176.3916,210.903,237.7452
2024-01-08,NICE,206.72,204.67,-0.992,0.83,83.0,1.58,2.24,3.59,62.18,190.1824,227.392,256.3328
2024-01-08,PNW,38.6369,37.6019,-2.679,0.697,69.7,2.28,1.96,3.96,45.84,35.546,42.5006,47.9098
2024-01-08,PODD,38.6369,37.6019,-2.679,0.697,69.7,2.28,1.96,3.96,45.84,35.546,42.5006,47.9098
2024-01-08,POOL,38.6369,37.6019,-2.679,0.697,69.7,2.28,1.96,3.96,45.84,35.546,42.5006,47.9098
2024-01-08,PPG,38.6369,37.6019,-2.679,0.697,69.7,2.28,1.96,3.96,45.84,35.546,42.5006,47.9098
2024-01-08,PPL,38.6369,37.6019,-2.679,0.697,69.7,2.28,1.96,3.96,45.84,35.546,42.5006,47.9098
2024-01-08,CRI,68.1073,67.5519,-0.816,0.597,59.7,1.25,2.04,0.66,42.31,62.6587,74.918,84.4531
2024-01-08,CRIC,68.1073,67.5519,-0.816,0.597,59.7,1.25,2.04,0.66,42.31,62.6587,74.918,84.4531
2024-01-08,MMSY,77.88,77.28,-0.77,0.721,72.1,1.37,2.41,5.72,55.09,71.6496,85.668,96.5712
2024-01-08,BTDR,9.08,8.695,-4.24,0.967,96.7,1.17,15.5,5.9,22.17,8.3536,9.988,11.2592
2024-01-08,CPAC,90.1095,89.6132,-0.551,0.745,74.5,1.42,2.26,0.43,22.06,82.9007,99.1204,111.7358
2024-01-08,CPA,90.1095,89.6132,-0.551,0.746,74.6,1.42,2.26,0.43,22.06,82.9007,99.1204,111.7358
2024-01-08,PFSI,85.1917,83.7873,-1.649,0.847,84.7,1.15,2.33,0.58,24.19,78.3764,93.7109,105.6378
2024-01-09,SHOP,80.11,80.69,0.724,0.949,94.9,1.17,3.11,5.25,743.72,73.7012,88.121,99.3364
2024-01-09,AAL,14.38,14.34,-0.278,0.691,69.1,1.12,2.36,2.73,459.7,13.2296,15.818,17.8312
2024-01-09,DAL,41.3725,41.2845,-0.213,0.712,71.2,1.3,2.17,3.51,379.45,38.0627,45.5098,51.3019
2024-01-09,ZS,226.26,228.31,0.906,0.872,87.2,1.41,2.55,3.77,392.68,208.1592,248.886,280.5624
2024-01-09,HUBB,138.04,137.87,-0.123,0.818,81.8,1.25,2.05,1.97,309.96,126.9968,151.844,171.1696
2024-01-09,GEHC,76.378,76.0592,-0.417,0.599,59.9,1.38,1.88,0.89,193.96,70.2678,84.0158,94.7088
2024-01-09,RMD,174.226,173.0013,-0.703,0.849,84.9,1.52,2.45,3.91,139.61,160.2879,191.6486,216.0403
2024-01-09,CCJ,44.5563,45.3233,1.721,0.761,76.1,1.3,3.23,1.98,222.02,40.9918,49.0119,55.2498
2024-01-09,ALNY,198.2,198.51,0.156,0.705,70.5,1.17,3.12,5.45,117.46,182.344,218.02,245.768
2024-01-09,MNDY,192.05,192.78,0.38,0.877,87.7,1.6,3.82,3.62,138.14,176.686,211.255,238.142
2024-01-09,TXT,44.61,44.46,-0.336,0.707,70.7,1.12,2.59,0.48,195.15,41.0412,49.071,55.3164
2024-01-09,COOL,92.8325,92.5,-0.358,0.694,69.4,1.38,2.14,1.35,102.27,85.4059,102.1157,115.1123
2024-01-09,HPQ,92.8325,92.5,-0.358,0.694,69.4,1.38,2.14,1.35,102.27,85.4059,102.1157,115.1123
2024-01-09,NICE,207.67,208.11,0.212,0.796,79.6,1.37,2.24,3.95,63.69,191.0564,228.437,257.5108
2024-01-09,CRDO,19.95,20.0,0.251,0.819,81.9,1.19,3.67,4.81,39.94,18.354,21.945,24.738
2024-01-09,CRDSQ,19.95,20.0,0.251,0.819,81.9,1.19,3.67,4.81,39.94,18.354,21.945,24.738
2024-01-09,PNW,37.8488,37.7064,-0.376,0.663,66.3,2.84,2.2,1.46,50.78,34.8209,41.6337,46.9325
2024-01-09,PODD,37.8488,37.7064,-0.376,0.663,66.3,2.84,2.2,1.46,50.78,34.8209,41.6337,46.9325
2024-01-09,POOL,37.8488,37.7064,-0.376,0.663,66.3,2.84,2.2,1.46,50.78,34.8209,41.6337,46.9325
2024-01-09,PPG,37.8488,37.7064,-0.376,0.663,66.3,2.84,2.2,1.46,50.78,34.8209,41.6337,46.9325
2024-01-09,PPL,37.8488,37.7064,-0.376,0.663,66.3,2.84,2.2,1.46,50.78,34.8209,41.6337,46.9325
2024-01-09,NXEN,7.05,7.12,0.993,0.81,81.0,1.43,4.08,3.28,40.04,6.486,7.755,8.742
2024-01-09,MMSY,77.99,77.89,-0.128,0.762,76.2,1.62,2.47,5.28,57.27,71.7508,85.789,96.7076
2024-01-09,KRHC1,36.5339,36.6227,0.243,0.916,91.6,1.13,3.33,2.7,43.0,33.6112,40.1873,45.3021
2024-01-10,XBI,92.0544,91.0296,-1.113,0.862,86.2,1.12,2.81,5.26,1091.27,84.69,101.2598,114.1474
2024-01-10,SPOT,196.79,198.27,0.752,0.814,81.4,1.21,2.27,2.27,302.23,181.0468,216.469,244.0196
2024-01-10,DDOG,120.19,121.455,1.052,0.898,89.8,1.34,2.51,0.35,378.82,110.5748,132.209,149.0356
2024-01-10,SWKS,143.4652,142.3987,-0.743,0.914,91.4,1.54,2.38,3.66,350.27,131.988,157.8118,177.8969
2024-01-10,SYF,143.4652,142.3987,-0.743,0.914,91.4,1.54,2.38,3.66,350.27,131.988,157.8118,177.8969
2024-01-10,SYMC,143.4652,142.3987,-0.743,0.914,91.4,1.54,2.38,3.66,350.27,131.988,157.8118,177.8969
2024-01-10,SPG,130.9817,130.1669,-0.622,0.901,90.1,1.11,1.88,1.55,197.46,120.5032,144.0799,162.4173
2024-01-10,RMD,173.6969,173.8145,0.068,0.796,79.6,1.17,2.49,3.18,142.91,159.8012,191.0666,215.3842
2024-01-10,CCJ,44.9746,45.1539,0.399,0.752,75.2,1.12,3.26,2.93,227.19,41.3767,49.4721,55.7685
2024-01-10,CYBR,218.8,213.69,-2.335,0.883,88.3,1.41,2.66,2.38,122.02,201.296,240.68,271.312
2024-01-10,CYBR2,218.8,213.69,-2.335,0.883,88.3,1.41,2.66,2.38,122.02,201.296,240.68,271.312
2024-01-10,COOL,96.2175,96.0925,-0.13,0.651,65.1,1.23,2.26,4.4,105.97,88.5201,105.8392,119.3097
2024-01-10,HPQ,96.2175,96.0925,-0.13,0.651,65.1,1.23,2.26,4.4,105.97,88.5201,105.8392,119.3097
2024-01-10,NICE,211.76,213.8,0.963,0.867,86.7,1.62,2.24,5.72,67.02,194.8192,232.936,262.5824
2024-01-10,FRPT,85.25,84.81,-0.516,0.943,94.3,1.33,3.08,0.56,54.7,78.43,93.775,105.71
2024-01-10,PNW,37.6399,37.374,-0.706,0.694,69.4,1.41,2.23,0.53,52.75,34.6287,41.4039,46.6735
2024-01-10,PODD,37.6399,37.374,-0.706,0.694,69.4,1.41,2.23,0.53,52.75,34.6287,41.4039,46.6735
2024-01-10,POOL,37.6399,37.374,-0.706,0.694,69.4,1.41,2.23,0.53,52.75,34.6287,41.4039,46.6735
2024-01-10,PPG,37.6399,37.374,-0.706,0.694,69.4,1.41,2.23,0.53,52.75,34.6287,41.4039,46.6735
2024-01-10,PPL,37.6399,37.374,-0.706,0.694,69.4,1.41,2.23,0.53,52.75,34.6287,41.4039,46.6735
2024-01-10,DDUP,356.7764,356.7764,0.0,0.905,90.5,1.13,3.34,1.25,40.73,328.2343,392.454,442.4027
2024-01-10,DEA,356.7764,356.7764,0.0,0.905,90.5,1.13,3.34,1.25,40.73,328.2343,392.454,442.4027
2024-01-10,NXEN,7.05,7.08,0.426,0.79,79.0,1.24,4.1,3.18,40.28,6.486,7.755,8.742
2024-01-11,NOW,145.292,144.96,-0.229,0.889,88.9,1.17,1.93,4.09,763.71,133.6686,159.8212,180.1621
2024-01-11,SNOW,195.62,190.0,-2.873,0.736,73.6,1.14,2.57,0.03,858.31,179.9704,215.182,242.5688
2024-01-11,XBI,90.0049,90.6615,0.73,0.866,86.6,1.33,2.79,2.31,1101.97,82.8045,99.0054,111.6061
2024-01-11,C,48.6019,48.8072,0.422,0.865,86.5,1.23,2.04,0.67,1005.02,44.7138,53.4621,60.2664
2024-01-11,SPOT,200.82,200.95,0.065,0.842,84.2,1.3,2.32,4.31,316.32,184.7544,220.902,249.0168
2024-01-11,DAL,41.3138,39.2511,-4.993,0.775,77.5,1.11,2.16,3.03,389.23,38.0087,45.4452,51.2292
2024-01-11,SWKS,145.196,145.4579,0.18,0.933,93.3,1.2,2.41,4.39,364.27,133.5803,159.7156,180.043
2024-01-11,SYF,145.196,145.4579,0.18,0.933,93.3,1.2,2.41,4.39,364.27,133.5803,159.7156,180.043
2024-01-11,SYMC,145.196,145.4579,0.18,0.933,93.3,1.2,2.41,4.39,364.27,133.5803,159.7156,180.043
2024-01-11,RMD,174.2848,174.9412,0.377,0.835,83.5,1.23,2.46,3.23,144.52,160.342,191.7133,216.1131
2024-01-11,CFG,40.8702,41.3822,1.253,0.924,92.4,1.27,3.11,0.02,135.51,37.6005,44.9572,50.679
2024-01-11,BBWI,40.5316,41.0394,1.253,0.926,92.6,1.27,3.11,0.02,134.38,37.289,44.5847,50.2591
2024-01-11,BBXIA,40.5316,41.0394,1.253,0.926,92.6,1.27,3.11,0.02,134.38,37.289,44.5847,50.2591
2024-01-11,BBX1,40.5316,41.0394,1.253,0.925,92.5,1.27,3.11,0.02,134.38,37.289,44.5847,50.2591
2024-01-11,CYBR,221.72,223.99,1.024,0.908,90.8,1.17,2.73,3.29,123.31,203.9824,243.892,274.9328
2024-01-11,CYBR2,221.72,223.99,1.024,0.908,90.8,1.17,2.73,3.29,123.31,203.9824,243.892,274.9328
2024-01-11,FIX,204.3471,206.4127,1.011,0.863,86.3,1.37,2.16,1.16,122.44,187.9993,224.7818,253.3904
2024-01-11,CRTDW,64.84,65.15,0.478,0.948,94.8,1.43,5.68,2.78,165.07,59.6528,71.324,80.4016
2024-01-11,CRDO,19.8,19.83,0.152,0.824,82.4,2.62,3.71,3.29,41.59,18.216,21.78,24.552
2024-01-11,CRDSQ,19.8,19.83,0.152,0.824,82.4,2.62,3.71,3.29,41.59,18.216,21.78,24.552
2024-01-11,DOVA,29.32,29.24,-0.273,0.891,89.1,1.78,3.05,5.72,53.95,26.9744,32.252,36.3568
2024-01-11,DOVP,29.32,29.24,-0.273,0.891,89.1,1.78,3.05,5.72,53.95,26.9744,32.252,36.3568
2024-01-11,DOVR,29.32,29.24,-0.273,0.891,89.1,1.78,3.05,5.72,53.95,26.9744,32.252,36.3568
2024-01-11,DOX,29.32,29.24,-0.273,0.891,89.1,1.78,3.05,5.72,53.95,26.9744,32.252,36.3568
2024-01-11,NXEN,7.05,7.44,5.532,0.853,85.3,1.14,4.11,2.99,40.08,6.486,7.755,8.742
2024-01-11,KRHC1,35.9568,36.6493,1.926,0.899,89.9,1.4,3.47,0.16,43.98,33.0803,39.5525,44.5865
2024-01-11,CLDX,41.03,41.63,1.462,0.964,96.4,1.79,4.62,5.43,25.5,37.7476,45.133,50.8772
2024-01-11,BEPC,26.4386,26.8078,1.396,0.847,84.7,1.19,3.03,0.55,28.01,24.3235,29.0824,32.7838
2024-01-11,BEPH,26.4386,26.8078,1.396,0.847,84.7,1.19,3.03,0.55,28.01,24.3235,29.0824,32.7838
2024-01-11,BEPI,26.4386,26.8078,1.396,0.847,84.7,1.19,3.03,0.55,28.01,24.3235,29.0824,32.7838
2024-01-12,META,371.8922,371.058,-0.224,0.581,58.1,1.2,2.27,4.77,6005.6,342.1408,409.0814,461.1463
2024-01-12,DELL,76.3726,76.0741,-0.391,0.694,69.4,1.23,2.03,4.44,301.77,70.2628,84.0098,94.702
2024-01-12,C,49.1059,48.322,-1.596,0.881,88.1,1.77,2.12,1.39,1053.98,45.1774,54.0165,60.8913
2024-01-12,SPOT,203.03,201.16,-0.921,0.878,87.8,1.23,2.3,5.36,317.43,186.7876,223.333,251.7572
2024-01-12,DDOG,123.0,122.76,-0.195,0.928,92.8,1.15,2.49,2.19,391.15,113.16,135.3,152.52
2024-01-12,GBTC,34.8509,34.1825,-1.918,0.982,98.2,4.23,3.99,5.21,433.11,32.0629,38.336,43.2152
2024-01-12,LYB,77.0555,76.7674,-0.374,0.751,75.1,2.6,1.98,0.23,120.78,70.891,84.761,95.5488
2024-01-12,M,77.0555,76.7674,-0.374,0.751,75.1,2.6,1.98,0.23,120.78,70.891,84.761,95.5488
2024-01-12,MAA,77.0555,76.7674,-0.374,0.751,75.1,2.6,1.98,0.23,120.78,70.891,84.761,95.5488
2024-01-12,MAC,77.0555,76.7674,-0.374,0.751,75.1,2.6,1.98,0.23,120.78,70.891,84.761,95.5488
2024-01-12,EPAM,307.73,304.18,-1.154,0.855,85.5,1.17,2.3,4.04,130.22,283.1116,338.503,381.5852
2024-01-12,FOUR1,74.72,74.1,-0.83,0.943,94.3,1.76,4.0,1.97,91.84,68.7424,82.192,92.6528
2024-01-12,DOVA,29.54,29.09,-1.523,0.899,89.9,1.48,2.99,5.58,56.02,27.1768,32.494,36.6296
2024-01-12,DOVP,29.54,29.09,-1.523,0.899,89.9,1.48,2.99,5.58,56.02,27.1768,32.494,36.6296
2024-01-12,DOVR,29.54,29.09,-1.523,0.899,89.9,1.48,2.99,5.58,56.02,27.1768,32.494,36.6296
2024-01-12,DOX,29.54,29.09,-1.523,0.899,89.9,1.48,2.99,5.58,56.02,27.1768,32.494,36.6296
2024-01-12,APLD,7.49,6.25,-16.555,0.932,93.2,1.5,8.07,3.95,27.08,6.8908,8.239,9.2876
2024-01-12,BIPH,47.88,47.12,-1.587,0.785,78.5,1.94,3.68,0.03,41.22,44.0496,52.668,59.3712
2024-01-12,BIPI,47.88,47.12,-1.587,0.785,78.5,1.94,3.68,0.03,41.22,44.0496,52.668,59.3712
2024-01-12,GTH,13.53,13.43,-0.739,0.713,71.3,1.3,2.17,2.91,29.79,12.4476,14.883,16.7772
2024-01-16,DELL,76.5748,75.5926,-1.283,0.699,69.9,1.15,1.99,4.23,289.8,70.4488,84.2323,94.9528
2024-01-16,ANET,63.315,62.725,-0.932,0.874,87.4,1.3,1.95,5.85,376.32,58.2498,69.6465,78.5106
2024-01-16,SHOP,81.32,80.03,-1.586,0.96,96.0,1.23,3.15,4.88,770.25,74.8144,89.452,100.8368
2024-01-16,SPOT,203.35,196.64,-3.3,0.922,92.2,1.37,2.31,5.33,318.87,187.082,223.685,252.154
2024-01-16,GBTC,34.6161,34.0199,-1.722,0.974,97.4,2.14,4.04,4.01,470.54,31.8468,38.0777,42.9239
2024-01-16,WDC,39.3276,39.2824,-0.115,0.664,66.4,1.78,1.97,2.28,235.62,36.1814,43.2604,48.7662
2024-01-16,FTNT,62.0,61.2,-1.29,0.671,67.1,1.11,2.61,3.15,368.91,57.04,68.2,76.88
2024-01-16,SWKS,140.799,139.536,-0.897,0.937,93.7,1.14,2.12,1.15,327.81,129.535,154.8789,174.5907
2024-01-16,SYF,140.799,139.536,-0.897,0.937,93.7,1.14,2.12,1.15,327.81,129.535,154.8789,174.5907
2024-01-16,SYMC,140.799,139.536,-0.897,0.937,93.7,1.14,2.12,1.15,327.81,129.535,154.8789,174.5907
2024-01-16,FICO,1224.39,1220.0,-0.359,0.907,90.7,1.29,1.88,5.29,203.98,1126.4388,1346.829,1518.2436
2024-01-16,STX,80.8295,80.7342,-0.118,0.811,81.1,1.52,1.98,1.98,160.21,74.3631,88.9124,100.2286
2024-01-16,COHR1,45.16,44.2,-2.126,0.925,92.5,2.13,3.19,4.8,68.42,41.5472,49.676,55.9984
2024-01-16,TEVA,11.0,10.92,-0.727,0.869,86.9,1.61,2.82,1.83,101.32,10.12,12.1,13.64
2024-01-16,CYBR,228.22,226.0,-0.973,0.912,91.2,1.4,2.57,5.18,125.29,209.9624,251.042,282.9928
2024-01-16,CYBR2,228.22,226.0,-0.973,0.912,91.2,1.4,2.57,5.18,125.29,209.9624,251.042,282.9928
2024-01-16,FOUR1,73.54,73.0,-0.734,0.941,94.1,1.11,3.48,0.17,79.67,67.6568,80.894,91.1896
2024-01-16,BIPH,49.43,48.61,-1.659,0.847,84.7,1.42,3.6,3.33,43.27,45.4756,54.373,61.2932
2024-01-16,BIPI,49.43,48.61,-1.659,0.847,84.7,1.42,3.6,3.33,43.27,45.4756,54.373,61.2932
2024-01-16,GTH,13.31,13.15,-1.202,0.715,71.5,1.5,2.04,0.96,29.29,12.2452,14.641,16.5044
2024-01-16,BAP,139.4372,137.1214,-1.661,0.697,69.7,1.11,2.39,0.6,40.79,128.2822,153.3809,172.9021
2024-01-16,CLDX,41.59,40.63,-2.308,0.975,97.5,2.34,4.52,5.14,28.22,38.2628,45.749,51.5716
2024-01-17,CRWD,276.27,281.67,1.955,0.955,95.5,1.51,2.52,5.38,806.57,254.1684,303.897,342.5748
2024-01-17,DELL,74.7837,75.7948,1.352,0.638,63.8,1.31,2.0,1.39,280.73,68.801,82.2621,92.7318
2024-01-17,SHOP,80.32,80.0,-0.398,0.961,96.1,1.63,3.23,3.36,782.74,73.8944,88.352,99.5968
2024-01-17,SPOT,198.68,200.81,1.072,0.879,87.9,2.06,2.4,2.74,322.37,182.7856,218.548,246.3632
2024-01-17,DDOG,126.03,128.21,1.73,0.943,94.3,2.03,2.57,4.42,383.27,115.9476,138.633,156.2772
2024-01-17,GBTC,34.2728,34.1012,-0.501,0.977,97.7,2.65,3.96,2.45,527.82,31.531,37.7001,42.4983
2024-01-17,DL1,35.07,37.2,6.074,0.816,81.6,2.08,3.26,2.11,349.5,32.2644,38.577,43.4868
2024-01-17,DLAPQ,35.07,37.2,6.074,0.816,81.6,2.08,3.26,2.11,349.5,32.2644,38.577,43.4868
2024-01-17,ZS,225.33,230.31,2.21,0.881,88.1,1.57,2.42,1.65,337.53,207.3036,247.863,279.4092
2024-01-17,WDC,39.3954,39.8923,1.261,0.732,73.2,1.22,1.96,2.29,231.12,36.2437,43.3349,48.8502
2024-01-17,STX,79.419,80.7342,1.656,0.805,80.5,1.31,2.04,0.21,146.66,73.0655,87.3609,98.4795
2024-01-17,COHR1,44.1,45.39,2.925,0.923,92.3,1.28,3.15,2.31,62.36,40.572,48.51,54.684
2024-01-17,TEVA,11.03,11.03,0.0,0.902,90.2,1.3,2.73,1.61,103.67,10.1476,12.133,13.6772
2024-01-17,NBIX,137.12,137.4,0.204,0.771,77.1,1.45,2.15,5.39,104.08,126.1504,150.832,170.0288
2024-01-17,CRBG,22.6612,22.7644,0.456,0.749,74.9,1.18,1.91,6.54,73.63,20.8483,24.9273,28.0998
2024-01-17,NICE,204.63,206.96,1.139,0.849,84.9,1.41,2.11,1.35,61.28,188.2596,225.093,253.7412
2024-01-17,PI,91.07,94.56,3.832,0.979,97.9,3.86,4.11,6.2,28.89,83.7844,100.177,112.9268
2024-01-17,DOVA,29.46,29.8,1.154,0.887,88.7,1.21,2.85,4.24,49.07,27.1032,32.406,36.5304
2024-01-17,DOVP,29.46,29.8,1.154,0.887,88.7,1.21,2.85,4.24,49.07,27.1032,32.406,36.5304
2024-01-17,DOVR,29.46,29.8,1.154,0.887,88.7,1.21,2.85,4.24,49.07,27.1032,32.406,36.5304
2024-01-17,DOX,29.46,29.8,1.154,0.887,88.7,1.21,2.85,4.24,49.07,27.1032,32.406,36.5304
2024-01-17,BIPH,49.98,43.95,-12.065,0.893,89.3,2.73,3.55,4.34,44.77,45.9816,54.978,61.9752
2024-01-17,BIPI,49.98,43.95,-12.065,0.893,89.3,2.73,3.55,4.34,44.77,45.9816,54.978,61.9752
2024-01-17,DVINQ,38.38,39.34,2.501,0.918,91.8,1.88,2.39,5.84,43.45,35.3096,42.218,47.5912
2024-01-17,CLDX,39.71,40.0,0.73,0.97,97.0,1.29,4.63,0.07,26.43,36.5332,43.681,49.2404
2024-01-17,IRW,12.36,12.37,0.081,0.866,86.6,1.11,3.61,4.19,33.03,11.3712,13.596,15.3264
2024-01-17,IRWD,12.36,12.37,0.081,0.866,86.6,1.11,3.61,4.19,33.03,11.3712,13.596,15.3264
2024-01-17,KYMR,27.81,28.08,0.971,0.991,99.1,1.11,7.25,5.09,32.12,25.5852,30.591,34.4844
2024-01-18,AVGO,111.8599,113.1703,1.171,0.749,74.9,1.28,2.05,4.88,2812.57,102.9111,123.0459,138.7063
2024-01-18,ARM,74.23,75.07,1.132,0.959,95.9,1.6,4.54,4.42,523.1,68.2916,81.653,92.0452
2024-01-18,VRT,50.7568,52.3626,3.164,0.908,90.8,1.16,3.01,5.12,182.89,46.6962,55.8325,62.9384
2024-01-18,SPOT,204.82,205.93,0.542,0.89,89.0,1.53,2.48,5.59,331.29,188.4344,225.302,253.9768
2024-01-18,DDOG,126.92,128.05,0.89,0.943,94.3,1.31,2.66,5.0,395.63,116.7664,139.612,157.3808
2024-01-18,MPWR,601.7375,611.686,1.653,0.938,93.8,1.45,2.72,1.17,289.4,553.5985,661.9112,746.1545
2024-01-18,ZS,227.91,229.0,0.478,0.921,92.1,1.3,2.46,2.69,334.81,209.6772,250.701,282.6084
2024-01-18,WDC,40.3215,40.6603,0.84,0.766,76.6,1.24,1.98,4.39,243.21,37.0958,44.3537,49.9987
2024-01-18,RCL,123.1166,123.834,0.583,0.96,96.0,1.27,2.64,0.87,277.73,113.2672,135.4282,152.6645
2024-01-18,ELPW,156.38,161.17,3.063,0.954,95.4,2.39,4.38,5.25,169.52,143.8696,172.018,193.9112
2024-01-18,ELRA,156.38,161.17,3.063,0.954,95.4,2.39,4.38,5.25,169.52,143.8696,172.018,193.9112
2024-01-18,ELRC,156.38,161.17,3.063,0.954,95.4,2.39,4.38,5.25,169.52,143.8696,172.018,193.9112
2024-01-18,ELRE,156.38,161.17,3.063,0.954,95.4,2.39,4.38,5.25,169.52,143.8696,172.018,193.9112
2024-01-18,TRIP,28.7222,28.8274,0.366,0.762,76.2,1.87,2.8,3.48,217.07,26.4244,31.5944,35.6156
2024-01-18,TRMB,28.7222,28.8274,0.366,0.762,76.2,1.87,2.8,3.48,217.07,26.4244,31.5944,35.6156
2024-01-18,RMD,169.2588,169.8564,0.353,0.677,67.7,1.17,2.38,0.14,132.25,155.7181,186.1846,209.8809
2024-01-18,COHR1,45.73,45.96,0.503,0.944,94.4,1.56,3.15,5.78,66.88,42.0716,50.303,56.7052
2024-01-18,CYBR,228.92,231.52,1.136,0.916,91.6,1.17,2.62,4.54,121.85,210.6064,251.812,283.8608
2024-01-18,CYBR2,228.92,231.52,1.136,0.916,91.6,1.17,2.62,4.54,121.85,210.6064,251.812,283.8608
2024-01-18,NBIX,136.75,137.12,0.271,0.737,73.7,1.3,2.22,4.43,104.77,125.81,150.425,169.57
2024-01-18,COOL,96.4375,96.53,0.096,0.647,64.7,1.27,1.93,2.96,84.29,88.7225,106.0812,119.5825
2024-01-18,HPQ,96.4375,96.53,0.096,0.647,64.7,1.27,1.93,2.96,84.29,88.7225,106.0812,119.5825
2024-01-18,AAP,59.59,59.8967,0.515,0.703,70.3,1.17,2.77,1.83,80.08,54.8228,65.549,73.8915
2024-01-18,CRBG,22.4359,22.5297,0.418,0.744,74.4,1.13,1.88,5.0,72.77,20.641,24.6795,27.8205
2024-01-18,ASX,8.4877,8.544,0.663,0.604,60.4,1.63,1.89,1.08,43.15,7.8087,9.3365,10.5248
2024-01-18,DOVA,30.05,30.15,0.333,0.883,88.3,1.11,2.87,5.73,50.47,27.646,33.055,37.262
2024-01-18,DOVP,30.05,30.15,0.333,0.883,88.3,1.11,2.87,5.73,50.47,27.646,33.055,37.262
2024-01-18,DOVR,30.05,30.15,0.333,0.883,88.3,1.11,2.87,5.73,50.47,27.646,33.055,37.262
2024-01-18,DOX,30.05,30.15,0.333,0.883,88.3,1.11,2.87,5.73,50.47,27.646,33.055,37.262
2024-01-18,MLIN,45.3883,44.8222,-1.247,0.85,85.0,1.15,1.99,0.35,23.4,41.7572,49.9271,56.2815
2024-01-18,PGNY,38.18,38.43,0.655,0.683,68.3,1.16,2.88,1.71,22.79,35.1256,41.998,47.3432
2024-01-18,PGOL,38.18,38.43,0.655,0.683,68.3,1.16,2.88,1.71,22.79,35.1256,41.998,47.3432
2024-01-19,META,380.7901,385.2588,1.174,0.659,65.9,1.31,2.21,4.25,6319.75,350.3269,418.8691,472.1798
2024-01-19,MU,86.8531,87.6074,0.868,0.602,60.2,1.37,2.14,4.16,1151.25,79.9049,95.5384,107.6979
2024-01-19,NXPI,210.7549,211.9807,0.582,0.649,64.9,1.4,2.3,0.24,412.67,193.8945,231.8304,261.3361
2024-01-19,MCHP,84.7775,85.3083,0.626,0.666,66.6,1.35,2.19,2.67,399.94,77.9953,93.2552,105.1241
2024-01-19,KKR,83.1931,83.9935,0.962,0.951,95.1,1.49,2.04,2.78,222.06,76.5377,91.5124,103.1594
2024-01-19,MPWR,621.8611,626.668,0.773,0.952,95.2,1.35,2.78,4.58,310.92,572.1122,684.0472,771.1077
2024-01-19,BAX,96.1317,96.5106,0.394,0.641,64.1,1.3,2.01,4.81,196.83,88.4412,105.7449,119.2033
2024-01-19,BBT,96.1317,96.5106,0.394,0.641,64.1,1.3,2.01,4.81,196.83,88.4412,105.7449,119.2033
2024-01-19,URI,560.5854,564.329,0.668,0.895,89.5,1.18,2.33,1.95,308.1,515.7386,616.644,695.126
2024-01-19,TFC,33.9102,34.0278,0.347,0.903,90.3,1.47,2.38,1.39,311.8,31.1973,37.3012,42.0486
2024-01-19,ELPW,157.79,153.22,-2.896,0.935,93.5,1.54,4.49,6.01,175.97,145.1668,173.569,195.6596
2024-01-19,ELRA,157.79,153.22,-2.896,0.935,93.5,1.54,4.49,6.01,175.97,145.1668,173.569,195.6596
2024-01-19,ELRC,157.79,153.22,-2.896,0.935,93.5,1.54,4.49,6.01,175.97,145.1668,173.569,195.6596
2024-01-19,ELRE,157.79,153.22,-2.896,0.935,93.5,1.54,4.49,6.01,175.97,145.1668,173.569,195.6596
2024-01-19,NET,81.35,83.88,3.11,0.879,87.9,1.25,3.14,0.6,210.96,74.842,89.485,100.874
2024-01-19,TER,107.8057,109.075,1.177,0.635,63.5,1.29,2.14,2.74,161.82,99.1813,118.5863,133.6791
2024-01-19,TRIP,28.684,28.7987,0.4,0.719,71.9,1.16,2.85,3.22,218.15,26.3892,31.5524,35.5681
2024-01-19,TRMB,28.684,28.7987,0.4,0.719,71.9,1.16,2.85,3.22,218.15,26.3892,31.5524,35.5681
2024-01-19,STX,81.4109,82.9072,1.838,0.829,82.9,1.24,2.19,2.55,153.05,74.898,89.552,100.9495
2024-01-19,CCJ,46.8075,46.7876,-0.043,0.7,70.0,1.16,3.17,5.27,261.59,43.0629,51.4882,58.0413
2024-01-19,COHR1,46.17,46.55,0.823,0.934,93.4,1.95,3.2,6.55,71.8,42.4764,50.787,57.2508
2024-01-19,MTB,130.9854,131.6995,0.545,0.743,74.3,2.31,2.39,2.44,141.37,120.5065,144.0839,162.4219
2024-01-19,NTRA,66.63,68.16,2.296,0.975,97.5,1.75,4.1,6.45,102.73,61.2996,73.293,82.6212
2024-01-19,EPAM,300.02,303.5,1.16,0.852,85.2,1.42,2.14,1.19,108.18,276.0184,330.022,372.0248
2024-01-19,CLS,30.9,31.83,3.01,0.645,64.5,2.55,3.31,6.76,44.02,28.428,33.99,38.316
2024-01-19,ALLY,33.3843,33.7879,1.209,0.958,95.8,2.93,2.67,3.97,141.69,30.7136,36.7228,41.3966
2024-01-19,COOL,96.875,97.8,0.955,0.646,64.6,1.52,1.88,3.13,83.68,89.125,106.5625,120.125
2024-01-19,HPQ,96.875,97.8,0.955,0.646,64.6,1.52,1.88,3.13,83.68,89.125,106.5625,120.125
2024-01-19,AAP,61.1044,61.5836,0.784,0.831,83.1,1.11,2.87,4.15,80.91,56.216,67.2148,75.7694
2024-01-19,NICE,212.22,211.65,-0.269,0.86,86.0,1.17,2.31,4.76,62.07,195.2424,233.442,263.1528
2024-01-19,ASX,8.694,8.8066,1.294,0.675,67.5,1.5,1.94,3.48,46.08,7.9985,9.5634,10.7806
2024-01-19,GCTK,19.9,19.93,0.151,0.994,99.4,1.18,12.57,2.59,62.82,18.308,21.89,24.676
2024-01-19,ITRI,75.89,76.35,0.606,0.841,84.1,1.86,2.4,3.69,20.89,69.8188,83.479,94.1036
2024-01-19,FSLY,18.76,19.72,5.117,0.826,82.6,2.0,4.57,5.47,42.81,17.2592,20.636,23.2624
2024-01-19,MMSY,79.0,79.67,0.848,0.682,68.2,1.27,2.11,2.86,56.14,72.68,86.9,97.96
2024-01-19,TSS,14.4699,14.6178,1.022,0.954,95.4,1.19,3.12,1.35,21.44,13.3123,15.9169,17.9427
2024-01-19,ATGFF,62.02,62.34,0.516,0.93,93.0,1.56,2.09,5.3,20.06,57.0584,68.222,76.9048
2024-01-19,HON1,23.0997,23.2311,0.569,0.673,67.3,1.33,2.0,0.11,23.1,21.2517,25.4096,28.6436
2024-01-19,HOND,23.0997,23.2311,0.569,0.673,67.3,1.33,2.0,0.11,23.1,21.2517,25.4096,28.6436
2024-01-19,IRW,12.67,12.72,0.395,0.901,90.1,1.18,3.73,5.76,34.97,11.6564,13.937,15.7108
2024-01-19,IRWD,12.67,12.72,0.395,0.901,90.1,1.18,3.73,5.76,34.97,11.6564,13.937,15.7108
2024-01-19,HUBG,44.5585,45.1098,1.237,0.644,64.4,1.53,2.38,1.46,20.48,40.9938,49.0144,55.2526
2024-01-22,SNOW,199.08,200.0,0.462,0.822,82.2,1.47,2.81,2.92,877.47,183.1536,218.988,246.8592
2024-01-22,C,49.3112,49.3765,0.132,0.867,86.7,1.14,1.95,1.04,932.32,45.3663,54.2423,61.1458
2024-01-22,NXPI,211.2182,212.6756,0.69,0.618,61.8,1.25,2.26,0.55,413.17,194.3207,232.34,261.9106
2024-01-22,FTNT,62.66,64.26,2.553,0.656,65.6,1.29,2.9,2.0,409.08,57.6472,68.926,77.6984
2024-01-22,URI,567.2984,571.1009,0.67,0.903,90.3,1.18,2.24,2.98,292.91,521.9145,624.0282,703.45
2024-01-22,TEAM,245.59,248.12,1.03,0.788,78.8,1.71,3.02,3.44,327.33,225.9428,270.149,304.5316
2024-01-22,ELPW,153.86,155.62,1.144,0.88,88.0,7.24,4.5,3.05,254.48,141.5512,169.246,190.7864
2024-01-22,ELRA,153.86,155.62,1.144,0.88,88.0,7.24,4.5,3.05,254.48,141.5512,169.246,190.7864
2024-01-22,ELRC,153.86,155.62,1.144,0.88,88.0,7.24,4.5,3.05,254.48,141.5512,169.246,190.7864
2024-01-22,ELRE,153.86,155.62,1.144,0.88,88.0,7.24,4.5,3.05,254.48,141.5512,169.246,190.7864
2024-01-22,DLR,132.2314,132.5983,0.277,0.597,59.7,1.64,1.91,3.93,192.65,121.6529,145.4546,163.967
2024-01-22,NET,84.68,84.97,0.342,0.897,89.7,1.66,3.14,4.59,226.9,77.9056,93.148,105.0032
2024-01-22,FIS,59.3521,59.6592,0.518,0.712,71.2,1.96,2.02,1.52,246.88,54.6039,65.2873,73.5965
2024-01-22,TER,109.1642,109.6699,0.463,0.639,63.9,1.22,2.11,3.72,163.62,100.4311,120.0806,135.3636
2024-01-22,TRIP,28.8466,29.6691,2.851,0.766,76.6,1.12,2.8,3.61,221.11,26.5388,31.7312,35.7697
2024-01-22,TRMB,28.8466,29.6691,2.851,0.766,76.6,1.12,2.8,3.61,221.11,26.5388,31.7312,35.7697
2024-01-22,STX,83.012,83.4409,0.517,0.788,78.8,2.09,2.24,4.23,165.53,76.3711,91.3132,102.9349
2024-01-22,DLCA,145.7915,146.7393,0.65,0.911,91.1,1.73,2.4,6.13,164.12,134.1281,160.3706,180.7814
2024-01-22,RMD,173.2365,173.7263,0.283,0.731,73.1,1.11,2.39,2.44,131.4,159.3775,190.5601,214.8132
2024-01-22,FITB,32.1347,32.3021,0.521,0.95,95.0,1.4,2.25,0.13,176.27,29.564,35.3482,39.8471
2024-01-22,MTB,133.4098,133.7481,0.254,0.791,79.1,1.45,2.29,4.03,146.03,122.737,146.7508,165.4282
2024-01-22,RL,202.8663,203.1791,0.154,0.642,64.2,1.73,2.06,5.84,152.49,186.637,223.1529,251.5542
2024-01-22,ROL,202.8663,203.1791,0.154,0.642,64.2,1.73,2.06,5.84,152.49,186.637,223.1529,251.5542
2024-01-22,RTN,202.8663,203.1791,0.154,0.642,64.2,1.73,2.06,5.84,152.49,186.637,223.1529,251.5542
2024-01-22,RVTY,202.8663,203.1791,0.154,0.642,64.2,1.73,2.06,5.84,152.49,186.637,223.1529,251.5542
2024-01-22,SBAC,202.8663,203.1791,0.154,0.642,64.2,1.73,2.06,5.84,152.49,186.637,223.1529,251.5542
2024-01-22,TEVA,11.49,11.78,2.524,0.888,88.8,1.4,2.71,4.65,111.07,10.5708,12.639,14.2476
2024-01-22,EPAM,298.83,300.8,0.659,0.84,84.0,1.53,2.15,0.65,112.01,274.9236,328.713,370.5492
2024-01-22,CYBR,234.29,235.3,0.431,0.887,88.7,1.28,2.52,6.04,120.1,215.5468,257.719,290.5196
2024-01-22,CYBR2,234.29,235.3,0.431,0.887,88.7,1.28,2.52,6.04,120.1,215.5468,257.719,290.5196
2024-01-22,ALLY,34.0883,34.2572,0.496,0.966,96.6,2.07,2.54,5.79,149.19,31.3612,37.4971,42.2694
2024-01-22,BN,26.4513,26.5105,0.224,0.805,80.5,1.75,2.07,2.02,76.14,24.3352,29.0964,32.7996
2024-01-22,BLD,383.05,378.71,-1.133,0.973,97.3,1.33,1.99,4.09,78.92,352.406,421.355,474.982
2024-01-22,AAP,62.7243,64.3249,2.552,0.857,85.7,1.32,2.88,6.37,83.38,57.7063,68.9967,77.7781
2024-01-22,NICE,213.58,213.91,0.155,0.845,84.5,1.14,2.26,5.03,62.6,196.4936,234.938,264.8392
2024-01-22,CRTDW,65.26,66.23,1.486,0.963,96.3,1.11,4.71,3.34,139.79,60.0392,71.786,80.9224
2024-01-22,OLED,180.0213,180.5397,0.288,0.615,61.5,1.42,2.03,0.89,44.45,165.6196,198.0234,223.2264
2024-01-22,VNO,27.0461,27.4213,1.387,0.886,88.6,1.12,4.07,0.34,70.2,24.8824,29.7507,33.5371
2024-01-22,MLIN,46.2277,46.5401,0.676,0.813,81.3,1.76,1.91,2.11,23.89,42.5295,50.8505,57.3224
2024-01-22,IDE,104.6089,104.9509,0.327,0.865,86.5,1.97,1.88,0.82,31.23,96.2402,115.0698,129.7151
2024-01-22,ITRI,76.86,77.66,1.041,0.839,83.9,1.47,2.33,4.81,20.93,70.7112,84.546,95.3064
2024-01-22,KD,21.32,21.9,2.72,0.933,93.3,1.22,2.26,3.58,27.72,19.6144,23.452,26.4368
2024-01-22,TKO,25.2228,25.4475,0.891,0.8,80.0,1.28,2.5,3.18,48.19,23.205,27.7451,31.2763
2024-01-22,TMK,25.2228,25.4475,0.891,0.8,80.0,1.28,2.5,3.18,48.19,23.205,27.7451,31.2763
2024-01-22,TMO,25.2228,25.4475,0.891,0.8,80.0,1.28,2.5,3.18,48.19,23.205,27.7451,31.2763
2024-01-22,TPL,25.2228,25.4475,0.891,0.8,80.0,1.28,2.5,3.18,48.19,23.205,27.7451,31.2763
2024-01-22,TPR,25.2228,25.4475,0.891,0.8,80.0,1.28,2.5,3.18,48.19,23.205,27.7451,31.2763
2024-01-22,BAP,139.4928,139.2056,-0.206,0.632,63.2,1.16,2.07,1.02,23.88,128.3333,153.442,172.971
2024-01-22,PGNY,38.05,38.52,1.235,0.619,61.9,1.16,2.8,1.08,22.03,35.006,41.855,47.182
2024-01-22,PGOL,38.05,38.52,1.235,0.619,61.9,1.16,2.8,1.08,22.03,35.006,41.855,47.182
2024-01-22,LBTYA,9.9794,10.0309,0.516,0.691,69.1,1.25,2.46,6.26,24.78,9.181,10.9773,12.3744
2024-01-22,BANC,12.4667,12.59,0.989,0.678,67.8,1.27,2.78,0.88,25.69,11.4694,13.7134,15.4588
2024-01-22,ASAPQ,20.0136,20.1973,0.917,0.9,90.0,1.43,2.07,2.13,23.48,18.4125,22.015,24.8169
2024-01-22,ASAQ,20.0136,20.1973,0.917,0.9,90.0,1.43,2.07,2.13,23.48,18.4125,22.015,24.8169
2024-01-22,TSS,14.8026,14.9874,1.248,0.962,96.2,1.34,3.05,3.44,21.85,13.6183,16.2828,18.3552
2024-01-22,ATGFF,62.21,62.51,0.482,0.894,89.4,1.16,2.04,5.37,20.07,57.2332,68.431,77.1404
2024-01-22,AZTR,67.26,67.69,0.639,0.83,83.0,1.25,2.66,3.46,22.65,61.8792,73.986,83.4024
2024-01-22,AZUL,67.26,67.69,0.639,0.83,83.0,1.25,2.66,3.46,22.65,61.8792,73.986,83.4024
2024-01-22,HUBG,45.6074,46.0025,0.866,0.722,72.2,1.39,2.35,3.57,20.67,41.9588,50.1681,56.5531
2024-01-23,MU,86.873,87.7464,1.005,0.583,58.3,1.28,2.12,3.16,1147.33,79.9231,95.5603,107.7225
2024-01-23,SNOW,205.58,209.18,1.751,0.896,89.6,1.89,2.93,6.04,952.88,189.1336,226.138,254.9192
2024-01-23,NXPI,216.1309,214.9728,-0.536,0.755,75.5,1.25,2.31,3.02,429.04,198.8405,237.744,268.0024
2024-01-23,DDOG,129.01,130.495,1.151,0.956,95.6,1.67,2.78,5.56,446.6,118.6892,141.911,159.9724
2024-01-23,AAL,14.0,14.16,1.143,0.735,73.5,1.29,2.98,1.62,541.6,12.88,15.4,17.36
2024-01-23,FTNT,64.41,65.06,1.009,0.715,71.5,1.22,2.59,4.31,434.46,59.2572,70.851,79.8684
2024-01-23,URI,566.5048,575.2266,1.54,0.905,90.5,1.14,2.26,2.77,296.83,521.1844,623.1552,702.4659
2024-01-23,TEAM,248.45,254.09,2.27,0.858,85.8,1.19,2.98,4.57,328.92,228.574,273.295,308.078
2024-01-23,TRIP,29.7552,29.956,0.675,0.808,80.8,1.35,2.79,6.6,232.97,27.3748,32.7307,36.8964
2024-01-23,TRMB,29.7552,29.956,0.675,0.808,80.8,1.35,2.79,6.6,232.97,27.3748,32.7307,36.8964
2024-01-23,STX,85.0421,85.8903,0.997,0.827,82.7,1.92,2.26,6.53,177.99,78.2387,93.5463,105.4522
2024-01-23,DLCA,143.8574,144.9776,0.779,0.874,87.4,1.12,2.49,4.6,164.83,132.3488,158.2431,178.3832
2024-01-23,SEDG,13.0549,13.227,1.319,0.923,92.3,1.18,2.9,0.84,218.22,12.0105,14.3604,16.1881
2024-01-23,SEE,13.0549,13.227,1.319,0.923,92.3,1.18,2.9,0.84,218.22,12.0105,14.3604,16.1881
2024-01-23,KEX,12.9269,13.0973,1.319,0.925,92.5,1.18,2.9,0.84,216.08,11.8927,14.2196,16.0293
2024-01-23,FOXA,30.2688,30.5433,0.907,0.884,88.4,1.28,2.55,0.82,148.14,27.8473,33.2957,37.5333
2024-01-23,FRC,30.2688,30.5433,0.907,0.884,88.4,1.28,2.55,0.82,148.14,27.8473,33.2957,37.5333
2024-01-23,FRT,30.2688,30.5433,0.907,0.884,88.4,1.28,2.55,0.82,148.14,27.8473,33.2957,37.5333
2024-01-23,FTI,30.2688,30.5433,0.907,0.884,88.4,1.28,2.55,0.82,148.14,27.8473,33.2957,37.5333
2024-01-23,MTB,133.2595,134.1146,0.642,0.761,76.1,1.17,2.31,3.7,148.11,122.5987,146.5854,165.2417
2024-01-23,EPAM,298.11,292.67,-1.825,0.857,85.7,1.38,2.1,0.35,116.42,274.2612,327.921,369.6564
2024-01-23,CLS,30.58,31.2,2.027,0.622,62.2,1.29,3.46,4.95,47.83,28.1336,33.638,37.9192
2024-01-23,BLD,368.86,373.91,1.369,0.972,97.2,1.28,2.08,0.32,75.54,339.3512,405.746,457.3864
2024-01-23,NICE,216.5,217.7,0.554,0.856,85.6,1.13,2.31,6.06,64.77,199.18,238.15,268.46
2024-01-23,BXP,63.3817,64.8023,2.241,0.847,84.7,1.59,3.04,0.65,82.91,58.3111,69.7198,78.5933
2024-01-23,BXSL,63.3817,64.8023,2.241,0.847,84.7,1.59,3.04,0.65,82.91,58.3111,69.7198,78.5933
2024-01-23,RYAAY,49.5172,50.2621,1.504,0.911,91.1,1.85,1.89,1.26,68.25,45.5558,54.4689,61.4013
2024-01-23,MLIN,45.9544,46.5986,1.402,0.732,73.2,1.32,1.94,1.45,24.2,42.2781,50.5499,56.9835
2024-01-23,MMYT,49.9,50.85,1.904,0.801,80.1,2.43,3.19,6.0,21.42,45.908,54.89,61.876
2024-01-23,IDE,103.622,104.9509,1.283,0.855,85.5,1.19,1.92,0.09,31.41,95.3322,113.9842,128.4912
2024-01-23,KD,20.97,21.37,1.907,0.93,93.0,1.15,2.39,1.67,27.62,19.2924,23.067,26.0028
2024-01-23,ARCC1,119.2299,120.6924,1.227,0.831,83.1,1.14,2.47,1.55,23.75,109.6915,131.1529,147.8451
2024-01-23,ARCE,119.2299,120.6924,1.227,0.831,83.1,1.14,2.47,1.55,23.75,109.6915,131.1529,147.8451
2024-01-23,ARCH,119.2299,120.6924,1.227,0.832,83.2,1.14,2.47,1.55,23.75,109.6915,131.1529,147.8451
2024-01-23,ARCHQ,119.2299,120.6924,1.227,0.832,83.2,1.14,2.47,1.55,23.75,109.6915,131.1529,147.8451
2024-01-23,ARCIU,119.2299,120.6924,1.227,0.832,83.2,1.14,2.47,1.55,23.75,109.6915,131.1529,147.8451
2024-01-23,ARCK,119.2299,120.6924,1.227,0.832,83.2,1.14,2.47,1.55,23.75,109.6915,131.1529,147.8451
2024-01-23,LBTYA,10.0618,10.0824,0.205,0.736,73.6,1.3,2.4,6.38,25.42,9.2569,11.068,12.4767
2024-01-23,ASAPQ,19.6923,19.931,1.212,0.869,86.9,1.35,2.12,0.43,23.35,18.1169,21.6616,24.4185
2024-01-23,ASAQ,19.6923,19.931,1.212,0.869,86.9,1.35,2.12,0.43,23.35,18.1169,21.6616,24.4185
2024-01-23,TSS,15.052,15.283,1.535,0.969,96.9,1.51,3.05,4.95,22.67,13.8479,16.5572,18.6645
2024-01-24,SNOW,203.81,205.36,0.761,0.908,90.8,1.65,3.03,4.91,1002.55,187.5052,224.191,252.7244
2024-01-24,ANET,65.6175,66.4375,1.25,0.946,94.6,1.64,2.02,6.51,383.19,60.3681,72.1793,81.3657
2024-01-24,VZ,36.1909,36.3399,0.412,0.657,65.7,1.19,1.91,6.39,849.37,33.2956,39.81,44.8767
2024-01-24,ABNB,141.19,143.2,1.424,0.67,67.0,1.27,2.33,2.52,538.46,129.8948,155.309,175.0756
2024-01-24,APP,43.31,43.92,1.408,0.6,60.0,1.4,3.41,6.35,119.27,39.8452,47.641,53.7044
2024-01-24,ISRG,370.07,372.61,0.686,0.888,88.8,2.66,2.1,5.97,689.88,340.4644,407.077,458.8868
2024-01-24,NXPI,213.969,215.2237,0.586,0.709,70.9,1.35,2.33,2.16,443.64,196.8515,235.3659,265.3215
2024-01-24,DDOG,122.58,123.61,0.84,0.94,94.0,2.71,3.02,0.29,475.19,112.7736,134.838,151.9992
2024-01-24,MCHP,85.8391,87.2893,1.69,0.729,72.9,1.36,2.19,3.68,420.45,78.972,94.423,106.4405
2024-01-24,DASH,107.12,109.064,1.815,0.933,93.3,1.35,2.54,5.56,333.85,98.5504,117.832,132.8288
2024-01-24,MPWR,622.5211,631.9868,1.521,0.949,94.9,1.15,2.87,4.14,290.65,572.7194,684.7732,771.9261
2024-01-24,FTNT,66.11,67.27,1.755,0.752,75.2,1.17,2.56,5.92,437.0,60.8212,72.721,81.9764
2024-01-24,URI,565.3581,596.6688,5.538,0.889,88.9,1.73,2.31,2.5,313.06,520.1294,621.8939,701.044
2024-01-24,TFC,33.9826,34.3898,1.198,0.829,82.9,1.2,2.44,1.29,311.38,31.2639,37.3808,42.1384
2024-01-24,FIS,58.6129,59.1889,0.983,0.766,76.6,3.22,2.16,0.11,297.72,53.9239,64.4742,72.68
2024-01-24,FICO,1275.55,1286.92,0.891,0.943,94.3,1.21,2.05,6.63,192.05,1173.506,1403.1051,1581.6821
2024-01-24,TER,109.7393,111.7324,1.816,0.795,79.5,1.26,2.23,3.89,166.96,100.9602,120.7133,136.0768
2024-01-24,TRIP,29.7552,31.0847,4.468,0.825,82.5,1.21,2.79,6.31,237.89,27.3748,32.7307,36.8964
2024-01-24,TRMB,29.7552,31.0847,4.468,0.825,82.5,1.21,2.79,6.31,237.89,27.3748,32.7307,36.8964
2024-01-24,STX,84.9849,86.9196,2.277,0.855,85.5,1.69,2.33,6.21,189.65,78.1861,93.4833,105.3812
2024-01-24,HIMX,8.94,8.97,0.336,0.916,91.6,1.35,4.78,2.55,25.16,8.2248,9.834,11.0856
2024-01-24,SEDG,13.0821,13.2723,1.454,0.9,90.0,1.16,2.92,0.99,227.29,12.0355,14.3903,16.2218
2024-01-24,SEE,13.0821,13.2723,1.454,0.9,90.0,1.16,2.92,0.99,227.29,12.0355,14.3903,16.2218
2024-01-24,KEX,12.9538,13.1422,1.454,0.902,90.2,1.16,2.92,0.99,225.06,11.9175,14.2492,16.0627
2024-01-24,MTDR,1204.8101,1218.0,1.095,0.677,67.7,1.39,2.57,1.45,183.93,1108.4253,1325.2911,1493.9645
2024-01-24,UHS,1204.8101,1218.0,1.095,0.677,67.7,1.39,2.57,1.45,183.93,1108.4253,1325.2911,1493.9645
2024-01-24,ULTA,1204.8101,1218.0,1.095,0.677,67.7,1.39,2.57,1.45,183.93,1108.4253,1325.2911,1493.9645
2024-01-24,UNM,1204.8101,1218.0,1.095,0.677,67.7,1.39,2.57,1.45,183.93,1108.4253,1325.2911,1493.9645
2024-01-24,UTX,1204.8101,1218.0,1.095,0.677,67.7,1.39,2.57,1.45,183.93,1108.4253,1325.2911,1493.9645
2024-01-24,MTB,134.077,135.3174,0.925,0.763,76.3,1.12,2.33,4.1,153.34,123.3508,147.4847,166.2555
2024-01-24,CYBR,231.72,235.46,1.614,0.917,91.7,1.63,2.72,4.01,128.21,213.1824,254.892,287.3328
2024-01-24,CYBR2,231.72,235.46,1.614,0.917,91.7,1.63,2.72,4.01,128.21,213.1824,254.892,287.3328
2024-01-24,BN,26.471,26.6553,0.696,0.837,83.7,1.26,2.1,2.02,76.65,24.3533,29.1181,32.8241
2024-01-24,HES,50.0401,50.6857,1.29,0.88,88.0,1.16,2.51,0.14,96.21,46.0369,55.0441,62.0497
2024-01-24,CMA,50.0401,50.6857,1.29,0.88,88.0,1.16,2.51,0.14,96.21,46.0369,55.0441,62.0497
2024-01-24,NICE,216.81,218.12,0.604,0.887,88.7,1.24,2.3,5.79,66.54,199.4652,238.491,268.8444
2024-01-24,BXP,63.3547,64.7754,2.242,0.819,81.9,1.29,3.0,0.57,85.88,58.2863,69.6902,78.5598
2024-01-24,BXSL,63.3547,64.7754,2.242,0.819,81.9,1.29,3.0,0.57,85.88,58.2863,69.6902,78.5598
2024-01-24,RYAAY,49.6716,49.8838,0.427,0.923,92.3,1.62,1.9,1.78,72.16,45.6978,54.6387,61.5927
2024-01-24,ASX,8.9285,9.0692,1.576,0.774,77.4,1.35,1.9,5.53,49.58,8.2142,9.8214,11.0713
2024-01-24,DOVA,29.72,30.04,1.077,0.875,87.5,1.45,3.03,2.28,54.77,27.3424,32.692,36.8528
2024-01-24,DOVP,29.72,30.04,1.077,0.875,87.5,1.45,3.03,2.28,54.77,27.3424,32.692,36.8528
2024-01-24,DOVR,29.72,30.04,1.077,0.875,87.5,1.45,3.03,2.28,54.77,27.3424,32.692,36.8528
2024-01-24,DOX,29.72,30.04,1.077,0.875,87.5,1.45,3.03,2.28,54.77,27.3424,32.692,36.8528
2024-01-24,MLIN,45.6811,46.2765,1.303,0.732,73.2,1.2,2.03,0.91,24.4,42.0266,50.2492,56.6446
2024-01-24,MMYT,47.89,48.26,0.773,0.771,77.1,1.65,3.37,1.56,21.86,44.0588,52.679,59.3836
2024-01-24,MMSY,79.88,80.69,1.014,0.739,73.9,1.26,2.08,2.67,60.19,73.4896,87.868,99.0512
2024-01-24,BANC,12.5047,12.4004,-0.834,0.601,60.1,1.41,2.79,1.49,26.84,11.5043,13.7551,15.5058
2024-01-24,ASAPQ,20.0687,20.1972,0.64,0.852,85.2,1.76,2.14,2.25,24.74,18.4632,22.0756,24.8852
2024-01-24,ASAQ,20.0687,20.1972,0.64,0.852,85.2,1.76,2.14,2.25,24.74,18.4632,22.0756,24.8852
2024-01-24,TSS,15.0705,15.3385,1.778,0.968,96.8,1.52,3.04,4.78,23.38,13.8649,16.5776,18.6874
2024-01-25,ARM,73.91,73.14,-1.042,0.923,92.3,1.17,4.88,2.04,558.54,67.9972,81.301,91.6484
2024-01-25,NXPI,211.7684,210.5233,-0.588,0.629,62.9,1.19,2.39,1.4,453.82,194.8269,232.9452,262.5928
2024-01-25,DDOG,122.19,121.46,-0.597,0.915,91.5,2.2,3.14,0.03,524.32,112.4148,134.409,151.5156
2024-01-25,MCHP,84.9765,83.9434,-1.216,0.668,66.8,1.28,2.28,2.74,433.67,78.1784,93.4742,105.3709
2024-01-25,KKR,84.3394,84.1615,-0.211,0.947,94.7,1.58,1.87,3.63,204.44,77.5922,92.7733,104.5808
2024-01-25,BX,115.458,115.7946,0.292,0.839,83.9,1.69,2.22,0.73,414.62,106.2214,127.0038,143.168
2024-01-25,MPWR,606.4457,599.9448,-1.072,0.926,92.6,1.11,2.99,1.62,284.87,557.9301,667.0903,751.9927
2024-01-25,UAL,42.96,43.0,0.093,0.707,70.7,1.31,3.32,4.71,480.11,39.5232,47.256,53.2704
2024-01-25,DAL,39.2804,39.3586,0.199,0.778,77.8,1.42,2.88,1.66,535.59,36.138,43.2085,48.7077
2024-01-25,BAX,97.1422,97.4434,0.31,0.682,68.2,1.36,2.06,4.63,212.84,89.3708,106.8564,120.4563
2024-01-25,BBT,97.1422,97.4434,0.31,0.682,68.2,1.36,2.06,4.63,212.84,89.3708,106.8564,120.4563
2024-01-25,COF,128.7568,128.7568,-0.0,0.831,83.1,1.64,1.93,1.94,330.32,118.4563,141.6325,159.6585
2024-01-25,TEAM,244.35,242.32,-0.831,0.846,84.6,1.24,3.03,2.81,323.59,224.802,268.785,302.994
2024-01-25,SWKS,139.9586,139.9774,0.013,0.882,88.2,1.3,2.04,0.05,309.49,128.7619,153.9544,173.5486
2024-01-25,SYF,139.9586,139.9774,0.013,0.882,88.2,1.3,2.04,0.05,309.49,128.7619,153.9544,173.5486
2024-01-25,SYMC,139.9586,139.9774,0.013,0.882,88.2,1.3,2.04,0.05,309.49,128.7619,153.9544,173.5486
2024-01-25,TER,109.0254,107.8256,-1.101,0.78,78.0,1.29,2.24,3.23,169.24,100.3034,119.9279,135.1915
2024-01-25,TRIP,29.0665,29.2004,0.461,0.834,83.4,2.25,3.18,3.63,253.34,26.7412,31.9732,36.0425
2024-01-25,TRMB,29.0665,29.2004,0.461,0.834,83.4,2.25,3.18,3.63,253.34,26.7412,31.9732,36.0425
2024-01-25,HIMX,9.09,9.13,0.44,0.945,94.5,1.4,4.81,4.03,26.44,8.3628,9.999,11.2716
2024-01-25,MTDR,1202.45,1224.21,1.81,0.633,63.3,1.12,2.59,1.32,189.82,1106.254,1322.6949,1491.0379
2024-01-25,UHS,1202.45,1224.21,1.81,0.633,63.3,1.12,2.59,1.32,189.82,1106.254,1322.6949,1491.0379
2024-01-25,ULTA,1202.45,1224.21,1.81,0.633,63.3,1.12,2.59,1.32,189.82,1106.254,1322.6949,1491.0379
2024-01-25,UNM,1202.45,1224.21,1.81,0.633,63.3,1.12,2.59,1.32,189.82,1106.254,1322.6949,1491.0379
2024-01-25,UTX,1202.45,1224.21,1.81,0.633,63.3,1.12,2.59,1.32,189.82,1106.254,1322.6949,1491.0379
2024-01-25,RL,201.5763,202.192,0.305,0.661,66.1,1.14,2.08,4.89,163.87,185.4502,221.7339,249.9546
2024-01-25,ROL,201.5763,202.192,0.305,0.661,66.1,1.14,2.08,4.89,163.87,185.4502,221.7339,249.9546
2024-01-25,RTN,201.5763,202.192,0.305,0.661,66.1,1.14,2.08,4.89,163.87,185.4502,221.7339,249.9546
2024-01-25,RVTY,201.5763,202.192,0.305,0.661,66.1,1.14,2.08,4.89,163.87,185.4502,221.7339,249.9546
2024-01-25,SBAC,201.5763,202.192,0.305,0.661,66.1,1.14,2.08,4.89,163.87,185.4502,221.7339,249.9546
2024-01-25,LYB,79.0911,79.3983,0.388,0.618,61.8,1.48,1.92,2.77,133.93,72.7638,87.0002,98.073
2024-01-25,M,79.0911,79.3983,0.388,0.618,61.8,1.48,1.92,2.77,133.93,72.7638,87.0002,98.073
2024-01-25,MAA,79.0911,79.3983,0.388,0.618,61.8,1.48,1.92,2.77,133.93,72.7638,87.0002,98.073
2024-01-25,MAC,79.0911,79.3983,0.388,0.618,61.8,1.48,1.92,2.77,133.93,72.7638,87.0002,98.073
2024-01-25,CYBR,231.34,231.62,0.121,0.899,89.9,1.25,2.86,3.59,132.78,212.8328,254.474,286.8616
2024-01-25,CYBR2,231.34,231.62,0.121,0.899,89.9,1.25,2.86,3.59,132.78,212.8328,254.474,286.8616
2024-01-25,BN,26.9251,26.9844,0.22,0.856,85.6,3.47,2.09,3.72,92.37,24.7711,29.6177,33.3872
2024-01-25,BLL,55.3091,55.6106,0.545,0.582,58.2,1.22,1.95,0.56,83.04,50.8843,60.84,68.5833
2024-01-25,BR,55.3091,55.6106,0.545,0.582,58.2,1.22,1.95,0.56,83.04,50.8843,60.84,68.5833
2024-01-25,BRO,55.3091,55.6106,0.545,0.582,58.2,1.22,1.95,0.56,83.04,50.8843,60.84,68.5833
2024-01-25,IEX,107.43,107.62,0.177,0.854,85.4,1.31,2.09,1.12,79.21,98.8356,118.173,133.2132
2024-01-25,CG,38.4102,38.4477,0.098,0.92,92.0,1.48,2.26,3.11,83.37,35.3374,42.2512,47.6286
2024-01-25,NICE,217.86,217.62,-0.11,0.875,87.5,1.36,2.32,5.91,70.03,200.4312,239.646,270.1464
2024-01-25,VNO,27.5368,27.6041,0.245,0.902,90.2,1.19,3.93,3.01,69.13,25.3338,30.2905,34.1456
2024-01-25,MLIN,47.1453,47.3893,0.518,0.727,72.7,1.33,2.03,4.11,25.73,43.3736,51.8598,58.4601
2024-01-25,ITRI,74.15,74.34,0.256,0.756,75.6,1.12,2.55,1.16,21.35,68.218,81.565,91.946
2024-01-25,HMYRQ,6.0879,6.1858,1.608,0.788,78.8,1.61,3.27,6.36,24.49,5.6009,6.6967,7.549
2024-01-25,BFNBQ,31.4446,31.9361,1.563,0.622,62.2,2.57,3.83,2.33,23.9,28.929,34.5891,38.9913
2024-01-25,BFNH,31.4446,31.9361,1.563,0.622,62.2,2.57,3.83,2.33,23.9,28.929,34.5891,38.9913
2024-01-25,AX,54.87,55.37,0.911,0.946,94.6,1.78,2.87,1.8,33.88,50.4804,60.357,68.0388
2024-01-25,LBUY,10.9058,10.8691,-0.336,0.702,70.2,1.12,2.75,6.13,35.35,10.0333,11.9963,13.5231
2024-01-25,ASAPQ,20.0871,20.3441,1.28,0.84,84.0,1.85,2.14,2.32,26.44,18.4801,22.0958,24.908
2024-01-25,ASAQ,20.0871,20.3441,1.28,0.84,84.0,1.85,2.14,2.32,26.44,18.4801,22.0958,24.908
2024-01-25,GFIG,58.4801,58.4996,0.033,0.925,92.5,1.16,2.17,1.26,22.57,53.8017,64.3281,72.5153
2024-01-25,CPAC,87.1058,87.132,0.03,0.718,71.8,1.12,2.84,1.48,31.87,80.1374,95.8164,108.0112
2024-01-25,CPA,87.1058,87.132,0.03,0.717,71.7,1.12,2.84,1.48,31.87,80.1374,95.8164,108.0112
2024-01-25,INMD,23.3,23.4,0.429,0.595,59.5,1.17,4.11,5.7,35.77,21.436,25.63,28.892
2024-01-25,HUBG,45.3927,45.661,0.591,0.792,79.2,1.35,2.33,3.21,20.36,41.7613,49.932,56.287
2024-01-26,SMH,186.8578,187.3044,0.239,0.843,84.3,1.19,1.94,6.13,1562.98,171.9092,205.5436,231.7037
2024-01-26,NOW,153.888,153.864,-0.016,0.828,82.8,1.43,1.87,6.57,966.29,141.577,169.2768,190.8211
2024-01-26,DHR,230.5511,230.4719,-0.034,0.698,69.8,2.2,2.3,1.23,665.23,212.107,253.6062,285.8833
2024-01-26,KKR,85.7228,85.8611,0.161,0.953,95.3,1.6,1.9,5.11,219.5,78.865,94.2951,106.2963
2024-01-26,COF,134.7503,135.6439,0.663,0.854,85.4,1.92,2.13,6.38,374.95,123.9702,148.2253,167.0903
2024-01-26,TFC,34.245,34.0912,-0.449,0.837,83.7,1.21,2.45,1.94,325.71,31.5054,37.6695,42.4638
2024-01-26,TRIP,28.7796,28.8561,0.266,0.816,81.6,1.11,3.35,2.45,258.41,26.4772,31.6576,35.6867
2024-01-26,TRMB,28.7796,28.8561,0.266,0.816,81.6,1.11,3.35,2.45,258.41,26.4772,31.6576,35.6867
2024-01-26,AVTR,22.66,22.59,-0.309,0.8,80.0,1.9,2.77,2.52,154.43,20.8472,24.926,28.0984
2024-01-26,HRB,220.28,219.4,-0.399,0.813,81.3,1.63,2.91,0.92,124.66,202.6576,242.308,273.1472
2024-01-26,BLD,366.23,367.32,0.298,0.962,96.2,1.12,2.35,0.11,81.07,336.9316,402.853,454.1252
2024-01-26,CRDO,20.84,20.88,0.192,0.942,94.2,1.46,4.67,5.77,47.25,19.1728,22.924,25.8416
2024-01-26,CRDSQ,20.84,20.88,0.192,0.942,94.2,1.46,4.67,5.77,47.25,19.1728,22.924,25.8416
2024-01-26,CPRI,329.05,327.69,-0.413,0.623,62.3,1.91,2.42,3.68,61.82,302.726,361.955,408.022
2024-01-26,CPT,329.05,327.69,-0.413,0.623,62.3,1.91,2.42,3.68,61.82,302.726,361.955,408.022
2024-01-26,CRL,329.05,327.69,-0.413,0.623,62.3,1.91,2.42,3.68,61.82,302.726,361.955,408.022
2024-01-26,CSGP,329.05,327.69,-0.413,0.623,62.3,1.91,2.42,3.68,61.82,302.726,361.955,408.022
2024-01-26,CTL,329.05,327.69,-0.413,0.623,62.3,1.91,2.42,3.68,61.82,302.726,361.955,408.022
2024-01-26,OLOXF,51.9358,52.2654,0.635,0.775,77.5,2.7,2.5,5.4,55.09,47.7809,57.1293,64.4003
2024-01-26,KNGRF,65.99,65.96,-0.045,0.818,81.8,1.24,2.37,2.99,21.16,60.7108,72.589,81.8276
2024-01-26,EEEI,99.41,99.55,0.141,0.777,77.7,1.38,1.89,0.04,23.33,91.4572,109.351,123.2684
2024-01-26,EEFT,99.41,99.55,0.141,0.777,77.7,1.38,1.89,0.04,23.33,91.4572,109.351,123.2684
2024-01-26,ASAPQ,19.8759,19.9127,0.185,0.83,83.0,1.31,2.27,1.27,27.13,18.2859,21.8635,24.6462
2024-01-26,ASAQ,19.8759,19.9127,0.185,0.83,83.0,1.31,2.27,1.27,27.13,18.2859,21.8635,24.6462
2024-01-26,HUBG,44.9585,44.9488,-0.022,0.792,79.2,1.16,2.37,2.3,20.6,41.3619,49.4544,55.7486
2024-01-29,TGT,130.3098,129.4811,-0.636,0.759,75.9,1.47,2.06,0.38,433.8,119.885,143.3408,161.5842
2024-01-29,XYZ,68.98,70.35,1.986,0.962,96.2,1.31,3.87,2.5,697.21,63.4616,75.878,85.5352
2024-01-29,MCHP,82.6827,81.896,-0.952,0.64,64.0,1.23,2.4,0.41,444.84,76.0681,90.951,102.5266
2024-01-29,BX,119.5158,119.1792,-0.282,0.85,85.0,1.16,2.27,4.84,443.32,109.9545,131.4673,148.1995
2024-01-29,HCA,282.3894,295.4585,4.628,0.715,71.5,1.57,1.88,2.14,313.24,259.7983,310.6283,350.1629
2024-01-29,AFRM,43.77,43.02,-1.714,0.991,99.1,1.18,6.14,1.89,582.78,40.2684,48.147,54.2748
2024-01-29,RCL,125.1901,125.7896,0.479,0.929,92.9,1.13,2.73,2.81,286.58,115.1749,137.7091,155.2358
2024-01-29,NSC,227.2168,225.7777,-0.633,0.699,69.9,1.92,1.94,2.32,326.7,209.0395,249.9385,281.7488
2024-01-29,FICO,1222.38,1216.62,-0.471,0.894,89.4,1.12,2.43,1.35,216.81,1124.5896,1344.618,1515.7512
2024-01-29,DPZ,421.0459,421.0265,-0.005,0.731,73.1,1.24,1.96,4.14,211.1,387.3622,463.1505,522.0969
2024-01-29,DQ,421.0459,421.0265,-0.005,0.731,73.1,1.24,1.96,4.14,211.1,387.3622,463.1505,522.0969
2024-01-29,AKAM,270.39,267.78,-0.965,0.906,90.6,1.51,3.28,1.06,208.66,248.7588,297.429,335.2836
2024-01-29,FOXA,31.3485,31.4504,0.325,0.902,90.2,1.19,2.65,4.21,165.44,28.8407,34.4834,38.8722
2024-01-29,FRC,31.3485,31.4504,0.325,0.902,90.2,1.19,2.65,4.21,165.44,28.8407,34.4834,38.8722
2024-01-29,FRT,31.3485,31.4504,0.325,0.902,90.2,1.19,2.65,4.21,165.44,28.8407,34.4834,38.8722
2024-01-29,FTI,31.3485,31.4504,0.325,0.902,90.2,1.19,2.65,4.21,165.44,28.8407,34.4834,38.8722
2024-01-29,LLL,324.1479,324.8693,0.223,0.652,65.2,2.49,1.88,1.79,111.83,298.2161,356.5627,401.9435
2024-01-29,LNC,324.1479,324.8693,0.223,0.652,65.2,2.49,1.88,1.79,111.83,298.2161,356.5627,401.9435
2024-01-29,LNT,324.1479,324.8693,0.223,0.652,65.2,2.49,1.88,1.79,111.83,298.2161,356.5627,401.9435
2024-01-29,NTRA,66.41,65.7,-1.069,0.959,95.9,1.64,4.26,3.42,106.37,61.0972,73.051,82.3484
2024-01-29,STI,24.3474,24.0699,-1.14,0.71,71.0,1.24,4.55,4.99,129.47,22.3996,26.7822,30.1908
2024-01-29,BLD,375.47,373.12,-0.626,0.954,95.4,1.73,2.41,2.66,89.12,345.4324,413.017,465.5828
2024-01-29,BALL,113.453,111.7033,-1.542,0.838,83.8,1.67,2.63,0.81,111.77,104.3767,124.7983,140.6817
2024-01-29,JBLU,5.5,5.13,-6.727,0.905,90.5,1.14,6.34,5.58,123.62,5.06,6.05,6.82
2024-01-29,MHI1,103.44,102.35,-1.054,0.747,74.7,1.12,2.75,1.41,75.15,95.1648,113.784,128.2656
2024-01-29,TWTR,103.44,102.35,-1.054,0.747,74.7,1.12,2.75,1.41,75.15,95.1648,113.784,128.2656
2024-01-29,GTM1,16.85,16.73,-0.712,0.774,77.4,1.67,3.24,3.55,103.71,15.502,18.535,20.894
2024-01-29,BXP,64.9282,64.065,-1.329,0.835,83.5,1.18,3.0,2.98,93.56,59.734,71.4211,80.511
2024-01-29,BXSL,64.9282,64.065,-1.329,0.835,83.5,1.18,3.0,2.98,93.56,59.734,71.4211,80.511
2024-01-29,RYAAY,51.5435,51.3428,-0.389,0.938,93.8,1.6,1.98,5.98,81.37,47.4201,56.6979,63.914
2024-01-29,VNO,28.0371,27.6715,-1.304,0.935,93.5,1.23,3.85,4.96,72.08,25.7941,30.8408,34.766
2024-01-29,MLIN,48.0433,47.8285,-0.447,0.781,78.1,2.02,2.13,5.89,28.03,44.1998,52.8476,59.5737
2024-01-29,KD,21.14,21.3,0.757,0.893,89.3,1.47,2.51,2.27,29.31,19.4488,23.254,26.2136
2024-01-29,WYNN,7.9741,7.8646,-1.373,0.784,78.4,1.15,3.6,2.94,26.75,7.3362,8.7715,9.8879
2024-01-29,XEC,7.9741,7.8646,-1.373,0.784,78.4,1.15,3.6,2.94,26.75,7.3362,8.7715,9.8879
2024-01-29,XLNX,7.9741,7.8646,-1.373,0.784,78.4,1.15,3.6,2.94,26.75,7.3362,8.7715,9.8879
2024-01-29,XRAY,7.9741,7.8646,-1.373,0.784,78.4,1.15,3.6,2.94,26.75,7.3362,8.7715,9.8879
2024-01-29,NWKC,7.8533,7.7455,-1.373,0.783,78.3,1.15,3.6,2.94,26.35,7.225,8.6386,9.7381
2024-01-29,CBRL,74.2704,73.6862,-0.787,0.594,59.4,1.2,3.25,6.33,40.26,68.3288,81.6975,92.0953
2024-01-29,CBRRF,74.2704,73.6862,-0.787,0.594,59.4,1.2,3.25,6.33,40.26,68.3288,81.6975,92.0953
2024-01-29,NUVL,77.97,77.69,-0.359,0.927,92.7,1.18,4.13,4.15,25.5,71.7324,85.767,96.6828
2024-01-29,AX,56.88,56.37,-0.897,0.947,94.7,1.13,2.92,5.6,34.37,52.3296,62.568,70.5312
2024-01-29,KNGRF,67.91,67.48,-0.633,0.825,82.5,1.76,2.51,5.91,23.0,62.4772,74.701,84.2084
2024-01-30,META,397.2848,386.3015,-2.765,0.607,60.7,1.13,2.01,3.27,6565.01,365.502,437.0133,492.6332
2024-01-30,BAC,33.1587,32.949,-0.632,0.819,81.9,1.37,1.93,4.73,1458.06,30.506,36.4745,41.1168
2024-01-30,GE,105.5852,105.459,-0.119,0.705,70.5,1.23,1.96,3.91,676.79,97.1384,116.1437,130.9256
2024-01-30,DHR,242.3754,243.0186,0.265,0.766,76.6,1.92,2.4,6.09,776.62,222.9854,266.613,300.5455
2024-01-30,XYZ,68.22,67.68,-0.792,0.96,96.0,1.28,3.94,2.07,706.67,62.7624,75.042,84.5928
2024-01-30,DASH,105.47,104.79,-0.645,0.873,87.3,1.32,2.77,2.32,345.22,97.0324,116.017,130.7828
2024-01-30,KKR,86.7307,86.8295,0.114,0.948,94.8,1.42,1.97,5.8,238.83,79.7922,95.4038,107.5461
2024-01-30,BAX,98.7162,98.0846,-0.64,0.652,65.2,1.36,2.06,5.09,226.11,90.8189,108.5878,122.4081
2024-01-30,BBT,98.7162,98.0846,-0.64,0.652,65.2,1.36,2.06,5.09,226.11,90.8189,108.5878,122.4081
2024-01-30,ZS,241.12,238.0,-1.294,0.947,94.7,1.17,2.77,5.42,419.36,221.8304,265.232,298.9888
2024-01-30,PSX,132.9056,134.8468,1.461,0.687,68.7,1.24,2.0,6.73,392.98,122.2732,146.1962,164.803
2024-01-30,NSC,225.7301,226.6926,0.426,0.711,71.1,1.2,1.98,1.64,337.11,207.6717,248.3031,279.9053
2024-01-30,LLL,335.6008,333.7488,-0.552,0.691,69.1,2.37,2.11,5.14,127.73,308.7527,369.1608,416.145
2024-01-30,LNC,335.6008,333.7488,-0.552,0.691,69.1,2.37,2.11,5.14,127.73,308.7527,369.1608,416.145
2024-01-30,LNT,335.6008,333.7488,-0.552,0.691,69.1,2.37,2.11,5.14,127.73,308.7527,369.1608,416.145
2024-01-30,ARES,115.9903,115.6867,-0.262,0.622,62.2,1.21,2.14,3.69,88.48,106.7111,127.5894,143.828
2024-01-30,AVTR,23.42,23.35,-0.299,0.84,84.0,1.47,2.88,5.82,172.79,21.5464,25.762,29.0408
2024-01-30,TEVA,11.73,11.67,-0.512,0.828,82.8,2.44,2.88,2.96,152.12,10.7916,12.903,14.5452
2024-01-30,BLD,374.8,371.66,-0.838,0.946,94.6,1.22,2.37,2.47,92.62,344.816,412.28,464.752
2024-01-30,JBLU,5.24,5.24,0.0,0.887,88.7,1.29,6.47,0.89,121.56,4.8208,5.764,6.4976
2024-01-30,OLOXF,50.3631,50.3631,-0.0,0.733,73.3,2.25,2.77,2.1,60.71,46.334,55.3994,62.4502
2024-01-30,IDE,105.078,104.433,-0.614,0.886,88.6,1.4,2.09,2.37,34.05,96.6717,115.5858,130.2967
2024-01-30,DVINQ,40.36,40.14,-0.545,0.907,90.7,1.61,2.5,6.52,53.44,37.1312,44.396,50.0464
2024-01-30,NXEN,7.74,7.75,0.129,0.744,74.4,1.5,4.28,6.44,52.99,7.1208,8.514,9.5976
2024-01-30,HMYRQ,5.9803,6.039,0.982,0.842,84.2,1.79,3.39,4.45,25.22,5.5018,6.5783,7.4155
2024-01-30,BEAG,25.84,25.58,-1.006,0.666,66.6,1.3,6.22,0.52,31.38,23.7728,28.424,32.0416
2024-01-30,BEAM,25.84,25.58,-1.006,0.666,66.6,1.3,6.22,0.52,31.38,23.7728,28.424,32.0416
2024-01-30,GFIG,59.6737,59.4487,-0.377,0.924,92.4,1.76,2.22,3.58,21.94,54.8998,65.6411,73.9954
2024-01-31,META,387.4337,391.2073,0.974,0.62,62.0,1.17,2.02,0.14,6691.09,356.439,426.177,480.4177
2024-01-31,SMH,184.4758,185.3293,0.463,0.85,85.0,1.24,1.97,3.45,1605.67,169.7177,202.9234,228.75
2024-01-31,BAC,32.4152,32.339,-0.235,0.788,78.8,1.22,1.97,2.36,1454.62,29.822,35.6568,40.1949
2024-01-31,C,52.4188,52.2788,-0.267,0.905,90.5,1.38,2.1,5.29,1098.97,48.2253,57.6607,64.9993
2024-01-31,ANET,64.67,65.5,1.283,0.744,74.4,1.8,2.19,1.87,438.86,59.4964,71.137,80.1908
2024-01-31,DHR,237.3884,236.8442,-0.229,0.792,79.2,1.53,2.46,3.79,788.1,218.3974,261.1273,294.3617
2024-01-31,ADI,185.5017,185.2606,-0.13,0.651,65.1,1.33,1.91,0.28,574.76,170.6616,204.0519,230.0221
2024-01-31,F,10.1977,10.2847,0.853,0.598,59.8,1.39,2.44,1.76,545.94,9.3819,11.2175,12.6452
2024-01-31,MDB,400.52,404.93,1.101,0.738,73.8,1.24,3.72,1.39,499.02,368.4784,440.572,496.6448
2024-01-31,KKR,85.5548,85.9995,0.52,0.947,94.7,1.58,1.95,4.04,240.6,78.7104,94.1103,106.088
2024-01-31,BAX,97.5502,97.9195,0.378,0.698,69.8,1.41,2.05,3.36,230.18,89.7462,107.3053,120.9623
2024-01-31,BBT,97.5502,97.9195,0.378,0.698,69.8,1.41,2.05,3.36,230.18,89.7462,107.3053,120.9623
2024-01-31,TEAM,249.77,253.5,1.493,0.905,90.5,1.6,3.19,3.74,359.55,229.7884,274.747,309.7148
2024-01-31,RCL,125.2982,128.0007,2.157,0.942,94.2,1.7,2.63,2.72,283.76,115.2744,137.8281,155.3698
2024-01-31,EW,78.47,78.29,-0.229,0.695,69.5,2.72,2.32,5.39,272.76,72.1924,86.317,97.3028
2024-01-31,NSC,224.1956,239.9446,7.025,0.752,75.2,1.13,1.97,0.96,346.36,206.26,246.6152,278.0026
2024-01-31,STX,81.6587,81.8493,0.233,0.708,70.8,1.83,2.73,1.03,232.47,75.126,89.8245,101.2568
2024-01-31,AKAM,267.32,303.0,13.347,0.917,91.7,1.82,3.42,0.11,223.11,245.9344,294.052,331.4768
2024-01-31,SEDG,13.1636,13.1817,0.138,0.885,88.5,1.73,2.99,1.24,256.02,12.1105,14.48,16.3229
2024-01-31,SEE,13.1636,13.1817,0.138,0.885,88.5,1.73,2.99,1.24,256.02,12.1105,14.48,16.3229
2024-01-31,KEX,13.0345,13.0525,0.138,0.884,88.4,1.73,2.99,1.24,253.51,11.9918,14.338,16.1628
2024-01-31,FOXA,30.2925,30.4407,0.489,0.875,87.5,1.9,2.68,0.52,174.33,27.8691,33.3217,37.5627
2024-01-31,FRC,30.2925,30.4407,0.489,0.875,87.5,1.9,2.68,0.52,174.33,27.8691,33.3217,37.5627
2024-01-31,FRT,30.2925,30.4407,0.489,0.875,87.5,1.9,2.68,0.52,174.33,27.8691,33.3217,37.5627
2024-01-31,FTI,30.2925,30.4407,0.489,0.875,87.5,1.9,2.68,0.52,174.33,27.8691,33.3217,37.5627
2024-01-31,LLL,327.0818,327.7934,0.218,0.702,70.2,1.69,2.19,2.32,131.25,300.9153,359.79,405.5815
2024-01-31,LNC,327.0818,327.7934,0.218,0.702,70.2,1.69,2.19,2.32,131.25,300.9153,359.79,405.5815
2024-01-31,LNT,327.0818,327.7934,0.218,0.702,70.2,1.69,2.19,2.32,131.25,300.9153,359.79,405.5815
2024-01-31,PSKY,14.1105,14.4103,2.125,0.757,75.7,4.42,3.98,5.59,228.57,12.9817,15.5216,17.497
2024-01-31,MTB,129.7732,129.106,-0.514,0.653,65.3,1.41,2.47,0.14,157.96,119.3913,142.7505,160.9187
2024-01-31,TEVA,12.1,12.17,0.579,0.908,90.8,2.17,3.12,5.54,166.93,11.132,13.31,15.004
2024-01-31,HRB,216.28,216.21,-0.032,0.781,78.1,1.18,3.16,0.11,129.73,198.9776,237.908,268.1872
2024-01-31,FIX,215.9662,217.5353,0.727,0.608,60.8,1.61,2.43,6.27,59.9,198.6889,237.5628,267.7981
2024-01-31,BN,26.1156,26.1748,0.227,0.78,78.0,1.14,2.15,0.29,89.95,24.0264,28.7272,32.3834
2024-01-31,AAP,64.0757,64.1237,0.075,0.838,83.8,1.28,3.27,5.42,89.0,58.9497,70.4833,79.4539
2024-01-31,CIEN,53.0,53.94,1.774,0.779,77.9,1.22,2.32,6.07,88.08,48.76,58.3,65.72
2024-01-31,VTRS,10.7587,10.713,-0.425,0.88,88.0,1.29,2.86,0.51,112.36,9.898,11.8346,13.3408
2024-01-31,MHI1,104.25,105.19,0.902,0.809,80.9,1.35,2.7,2.24,76.95,95.91,114.675,129.27
2024-01-31,TWTR,104.25,105.19,0.902,0.809,80.9,1.35,2.7,2.24,76.95,95.91,114.675,129.27
2024-01-31,PBSC,12.6393,12.9475,2.439,0.652,65.2,1.94,1.88,4.51,68.73,11.6281,13.9032,15.6727
2024-01-31,RYAAY,51.5667,51.7867,0.427,0.941,94.1,1.21,2.01,5.68,85.29,47.4414,56.7234,63.9427
2024-01-31,ASX,8.7128,8.6378,-0.861,0.672,67.2,1.17,1.92,2.72,50.29,8.0158,9.5841,10.8039
2024-01-31,JLL,177.06,177.2,0.079,0.84,84.0,2.77,2.15,0.66,48.47,162.8952,194.766,219.5544
2024-01-31,JLMI,177.06,177.2,0.079,0.84,84.0,2.77,2.15,0.66,48.47,162.8952,194.766,219.5544
2024-01-31,PLCM,53.53,53.75,0.411,0.958,95.8,1.13,3.4,5.4,59.73,49.2476,58.883,66.3772
2024-01-31,MLIN,46.8524,47.1941,0.729,0.75,75.0,1.33,2.29,2.82,28.77,43.1042,51.5377,58.097
2024-01-31,IDE,102.6545,103.3581,0.685,0.844,84.4,1.32,2.08,0.05,33.77,94.4422,112.92,127.2916
2024-01-31,DVINQ,40.01,40.44,1.075,0.945,94.5,1.45,2.56,5.05,54.19,36.8092,44.011,49.6124
2024-01-31,NXEN,7.64,8.04,5.236,0.735,73.5,1.15,4.19,4.44,53.32,7.0288,8.404,9.4736
2024-01-31,HMYRQ,6.0586,6.1956,2.262,0.912,91.2,1.68,3.35,5.72,26.43,5.5739,6.6644,7.5126
2024-01-31,AX,55.43,56.26,1.497,0.915,91.5,2.0,3.15,2.66,35.18,50.9956,60.973,68.7332
2024-01-31,PGNY,38.09,37.89,-0.525,0.777,77.7,1.28,2.95,0.84,21.21,35.0428,41.899,47.2316
2024-01-31,PGOL,38.09,37.89,-0.525,0.777,77.7,1.28,2.95,0.84,21.21,35.0428,41.899,47.2316
2024-01-31,BANC,13.064,13.2346,1.306,0.586,58.6,1.13,3.41,4.43,36.27,12.0189,14.3704,16.1994
2024-01-31,TSS,14.59,14.6085,0.127,0.96,96.0,1.2,3.01,0.25,23.6,13.4228,16.049,18.0916
2024-01-31,HUBG,44.178,44.1,-0.177,0.874,87.4,1.16,2.49,0.75,21.72,40.6438,48.5958,54.7807
2024-02-01,META,392.0415,456.4118,16.419,0.584,58.4,1.6,2.05,0.85,7294.94,360.6782,431.2456,486.1314
2024-02-01,BAC,31.9768,31.8053,-0.537,0.696,69.6,1.26,2.09,0.98,1452.69,29.4187,35.1745,39.6513
2024-02-01,WFC,46.563,46.3432,-0.472,0.661,66.1,1.45,1.93,0.14,883.39,42.838,51.2193,57.7381
2024-02-01,CAT,299.0103,298.3399,-0.224,0.869,86.9,1.21,1.91,5.38,792.77,275.0895,328.9114,370.7728
2024-02-01,ANET,65.745,68.66,4.434,0.81,81.0,1.28,2.15,2.89,459.76,60.4854,72.3195,81.5238
2024-02-01,T,16.3334,16.2338,-0.61,0.605,60.5,1.56,1.88,6.37,750.63,15.0267,17.9667,20.2534
2024-02-01,F,10.5284,10.4675,-0.579,0.586,58.6,1.5,2.48,4.88,569.4,9.6861,11.5812,13.0552
2024-02-01,KKR,87.1062,86.7505,-0.408,0.947,94.7,1.34,2.02,5.4,247.73,80.1377,95.8168,108.0117
2024-02-01,BX,116.2154,115.1885,-0.884,0.793,79.3,1.42,2.28,2.18,424.69,106.9181,127.8369,144.107
2024-02-01,BAX,97.696,98.1429,0.457,0.688,68.8,1.19,2.08,3.07,232.24,89.8803,107.4656,121.143
2024-02-01,BBT,97.696,98.1429,0.457,0.688,68.8,1.19,2.08,3.07,232.24,89.8803,107.4656,121.143
2024-02-01,PLD,121.9811,119.8957,-1.71,0.794,79.4,1.25,2.12,1.04,388.02,112.2226,134.1792,151.2565
2024-02-01,FTNT,66.45,66.34,-0.166,0.68,68.0,1.26,2.47,2.25,508.88,61.134,73.095,82.398
2024-02-01,TEAM,254.9,230.13,-9.718,0.946,94.6,1.69,3.22,5.11,382.6,234.508,280.39,316.076
2024-02-01,RCL,124.7675,124.0305,-0.591,0.92,92.0,3.17,2.95,1.9,308.75,114.7861,137.2443,154.7117
2024-02-01,EW,78.71,80.0,1.639,0.647,64.7,1.4,2.28,5.32,281.32,72.4132,86.581,97.6004
2024-02-01,AXON,252.7,252.7,0.0,0.625,62.5,1.45,1.91,0.46,90.79,232.484,277.97,313.348
2024-02-01,PWR,199.7681,198.2419,-0.764,0.679,67.9,1.17,2.19,0.17,194.42,183.7867,219.745,247.7125
2024-02-01,AKAM,273.38,270.0,-1.236,0.929,92.9,4.86,3.92,2.06,276.92,251.5096,300.718,338.9912
2024-02-01,LLL,335.0159,334.8892,-0.038,0.782,78.2,1.31,2.22,4.38,138.56,308.2147,368.5175,415.4198
2024-02-01,LNC,335.0159,334.8892,-0.038,0.782,78.2,1.31,2.22,4.38,138.56,308.2147,368.5175,415.4198
2024-02-01,LNT,335.0159,334.8892,-0.038,0.782,78.2,1.31,2.22,4.38,138.56,308.2147,368.5175,415.4198
2024-02-01,TXT,44.71,44.32,-0.872,0.644,64.4,1.24,2.24,2.77,189.2,41.1332,49.181,55.4404
2024-02-01,NTRA,68.19,67.28,-1.335,0.969,96.9,1.12,4.25,4.85,112.13,62.7348,75.009,84.5556
2024-02-01,CYBR,236.07,235.03,-0.441,0.887,88.7,1.11,2.72,3.74,136.96,217.1844,259.677,292.7268
2024-02-01,CYBR2,236.07,235.03,-0.441,0.887,88.7,1.11,2.72,3.74,136.96,217.1844,259.677,292.7268
2024-02-01,NBIX,142.45,142.73,0.197,0.85,85.0,1.17,1.91,3.88,104.91,131.054,156.695,176.638
2024-02-01,CFN,22.77,23.15,1.669,0.868,86.8,1.13,3.97,1.49,94.47,20.9484,25.047,28.2348
2024-02-01,CFNB,22.77,23.15,1.669,0.868,86.8,1.13,3.97,1.49,94.47,20.9484,25.047,28.2348
2024-02-01,BLL,57.7794,57.1958,-1.01,0.631,63.1,3.22,2.29,5.1,97.7,53.157,63.5573,71.6464
2024-02-01,BR,57.7794,57.1958,-1.01,0.631,63.1,3.22,2.29,5.1,97.7,53.157,63.5573,71.6464
2024-02-01,BRO,57.7794,57.1958,-1.01,0.631,63.1,3.22,2.29,5.1,97.7,53.157,63.5573,71.6464
2024-02-01,IEX,112.23,111.32,-0.811,0.941,94.1,1.16,2.23,4.75,86.32,103.2516,123.453,139.1652
2024-02-01,NICE,211.71,210.31,-0.661,0.844,84.4,1.25,2.43,1.09,69.83,194.7732,232.881,262.5204
2024-02-01,MICU,145.52,143.78,-1.196,0.811,81.1,2.27,2.3,3.47,42.57,133.8784,160.072,180.4448
2024-02-01,FMX,130.5118,130.6694,0.121,0.63,63.0,1.52,2.06,6.38,64.93,120.0709,143.563,161.8346
2024-02-01,JLL,180.32,176.78,-1.963,0.703,70.3,1.17,2.21,2.53,49.91,165.8944,198.352,223.5968
2024-02-01,JLMI,180.32,176.78,-1.963,0.703,70.3,1.17,2.21,2.53,49.91,165.8944,198.352,223.5968
2024-02-01,APG,22.0733,21.9067,-0.755,0.718,71.8,1.21,2.01,4.32,43.59,20.3075,24.2807,27.3709
2024-02-01,PLCM,54.3,53.32,-1.805,0.957,95.7,1.35,3.36,6.6,61.62,49.956,59.73,67.332
2024-02-01,BAM,37.3155,36.9543,-0.968,0.87,87.0,1.27,1.96,2.53,41.44,34.3303,41.047,46.2712
2024-02-01,AX,54.29,52.92,-2.523,0.899,89.9,2.15,3.45,0.43,36.14,49.9468,59.719,67.3196
2024-02-01,KNGRF,67.7,66.95,-1.108,0.809,80.9,1.6,2.43,4.93,23.16,62.284,74.47,83.948
2024-02-01,EEEI,104.2,103.51,-0.662,0.872,87.2,1.73,1.98,4.61,24.59,95.864,114.62,129.208
2024-02-01,EEFT,104.2,103.51,-0.662,0.872,87.2,1.73,1.98,4.61,24.59,95.864,114.62,129.208
2024-02-01,CUKPF,15.2788,15.1792,-0.651,0.912,91.2,1.69,3.86,0.1,30.5,14.0565,16.8067,18.9457
2024-02-01,TSS,14.6085,14.2944,-2.151,0.943,94.3,1.45,3.05,0.09,24.0,13.4398,16.0694,18.1146
2024-02-01,AZTR,66.13,65.26,-1.316,0.895,89.5,1.41,2.92,0.96,22.94,60.8396,72.743,82.0012
2024-02-01,AZUL,66.13,65.26,-1.316,0.895,89.5,1.41,2.92,0.96,22.94,60.8396,72.743,82.0012
2024-02-01,GFIG,57.8147,57.0614,-1.303,0.933,93.3,1.18,2.3,0.35,20.94,53.1896,63.5962,71.6903
2024-02-01,HUBG,44.0902,43.6121,-1.084,0.856,85.6,1.81,2.55,0.51,22.63,40.563,48.4992,54.6718
2024-02-02,ANET,68.275,68.75,0.696,0.837,83.7,1.76,2.17,5.97,503.74,62.813,75.1025,84.661
2024-02-02,SHOP,82.93,82.44,-0.591,0.915,91.5,1.82,3.53,3.34,806.4,76.2956,91.223,102.8332
2024-02-02,TGT,133.9653,132.796,-0.873,0.879,87.9,1.11,2.2,3.01,455.28,123.2481,147.3619,166.117
2024-02-02,F,10.5632,10.4501,-1.071,0.641,64.1,1.33,2.51,5.02,580.91,9.7181,11.6195,13.0983
2024-02-02,PLD,120.8682,119.2037,-1.377,0.779,77.9,1.31,2.19,0.16,387.99,111.1988,132.9551,149.8766
2024-02-02,EL,128.9324,153.2923,18.894,0.697,69.7,2.01,3.02,1.47,388.19,118.6178,141.8257,159.8762
2024-02-02,RBLX,40.67,40.53,-0.344,0.709,70.9,1.23,3.07,0.43,256.23,37.4164,44.737,50.4308
2024-02-02,NET,82.65,81.77,-1.065,0.874,87.4,1.41,3.78,2.35,241.75,76.038,90.915,102.486
2024-02-02,DPZ,409.9913,408.6605,-0.325,0.582,58.2,1.27,1.99,0.33,205.57,377.192,450.9905,508.3893
2024-02-02,DQ,409.9913,408.6605,-0.325,0.582,58.2,1.27,1.99,0.33,205.57,377.192,450.9905,508.3893
2024-02-02,NUE,177.8274,176.596,-0.692,0.708,70.8,1.19,2.32,5.53,314.35,163.6012,195.6102,220.506
2024-02-02,PWR,203.9977,201.8929,-1.032,0.733,73.3,1.17,2.33,2.18,197.11,187.6779,224.3975,252.9572
2024-02-02,AKAM,273.9,272.06,-0.672,0.921,92.1,1.22,3.98,2.01,282.25,251.988,301.29,339.636
2024-02-02,ARES,119.6812,118.9696,-0.595,0.749,74.9,1.22,2.18,5.97,89.33,110.1067,131.6493,148.4046
2024-02-02,RL,203.7557,201.977,-0.873,0.689,68.9,1.48,2.25,4.75,180.07,187.4552,224.1312,252.657
2024-02-02,ROL,203.7557,201.977,-0.873,0.689,68.9,1.48,2.25,4.75,180.07,187.4552,224.1312,252.657
2024-02-02,RTN,203.7557,201.977,-0.873,0.689,68.9,1.48,2.25,4.75,180.07,187.4552,224.1312,252.657
2024-02-02,RVTY,203.7557,201.977,-0.873,0.689,68.9,1.48,2.25,4.75,180.07,187.4552,224.1312,252.657
2024-02-02,SBAC,203.7557,201.977,-0.873,0.689,68.9,1.48,2.25,4.75,180.07,187.4552,224.1312,252.657
2024-02-02,ERIE,143.7422,143.0381,-0.49,0.755,75.5,1.14,2.17,0.18,95.47,132.2428,158.1164,178.2403
2024-02-02,ES,143.7422,143.0381,-0.49,0.755,75.5,1.14,2.17,0.18,95.47,132.2428,158.1164,178.2403
2024-02-02,ESS,143.7422,143.0381,-0.49,0.755,75.5,1.14,2.17,0.18,95.47,132.2428,158.1164,178.2403
2024-02-02,ETFC,143.7422,143.0381,-0.49,0.755,75.5,1.14,2.17,0.18,95.47,132.2428,158.1164,178.2403
2024-02-02,ETSY,143.7422,143.0381,-0.49,0.755,75.5,1.14,2.17,0.18,95.47,132.2428,158.1164,178.2403
2024-02-02,BLL,57.8474,56.7096,-1.967,0.648,64.8,1.54,2.42,4.96,100.36,53.2196,63.6322,71.7308
2024-02-02,BR,57.8474,56.7096,-1.967,0.648,64.8,1.54,2.42,4.96,100.36,53.2196,63.6322,71.7308
2024-02-02,BRO,57.8474,56.7096,-1.967,0.648,64.8,1.54,2.42,4.96,100.36,53.2196,63.6322,71.7308
2024-02-02,LH,76.14,75.8,-0.447,0.737,73.7,1.12,1.91,2.34,74.01,70.0488,83.754,94.4136
2024-02-02,LII,76.14,75.8,-0.447,0.737,73.7,1.12,1.91,2.34,74.01,70.0488,83.754,94.4136
2024-02-02,LKQ,76.14,75.8,-0.447,0.737,73.7,1.12,1.91,2.34,74.01,70.0488,83.754,94.4136
2024-02-02,MHI1,108.93,107.02,-1.753,0.875,87.5,1.21,2.86,5.94,83.19,100.2156,119.823,135.0732
2024-02-02,TWTR,108.93,107.02,-1.753,0.875,87.5,1.21,2.86,5.94,83.19,100.2156,119.823,135.0732
2024-02-02,MICU,143.12,141.25,-1.307,0.769,76.9,1.66,2.33,1.61,42.43,131.6704,157.432,177.4688
2024-02-02,FMX,130.7714,130.8456,0.057,0.629,62.9,1.2,2.06,6.0,67.76,120.3097,143.8486,162.1566
2024-02-02,KIM,32.5986,32.0551,-1.667,0.774,77.4,1.12,3.0,0.69,39.46,29.9907,35.8584,40.4222
2024-02-02,KMX,32.5986,32.0551,-1.667,0.774,77.4,1.12,3.0,0.69,39.46,29.9907,35.8584,40.4222
2024-02-02,KSS,32.5986,32.0551,-1.667,0.774,77.4,1.12,3.0,0.69,39.46,29.9907,35.8584,40.4222
2024-02-02,KSU,32.5986,32.0551,-1.667,0.774,77.4,1.12,3.0,0.69,39.46,29.9907,35.8584,40.4222
2024-02-02,AMLJ,30.7202,30.826,0.344,0.903,90.3,1.15,2.48,0.38,24.46,28.2626,33.7923,38.0931
2024-02-02,AMLN,30.7202,30.826,0.344,0.903,90.3,1.15,2.48,0.38,24.46,28.2626,33.7923,38.0931
2024-02-02,AMKR,30.6615,30.767,0.344,0.905,90.5,1.15,2.48,0.38,24.42,28.2086,33.7276,38.0203
2024-02-02,BAP,138.7703,137.5661,-0.868,0.771,77.1,1.92,2.23,0.56,26.76,127.6686,152.6473,172.0751
2024-02-02,LBTYA,10.0876,9.9227,-1.634,0.706,70.6,1.13,2.6,1.69,28.12,9.2806,11.0963,12.5086
2024-02-02,KNGRF,69.0,68.2,-1.159,0.623,62.3,1.46,2.49,6.4,24.13,63.48,75.9,85.56
2024-02-05,TGT,131.0557,131.3595,0.232,0.871,87.1,1.34,2.23,0.72,458.18,120.5712,144.1612,162.509
2024-02-05,NXPI,213.3223,213.2837,-0.018,0.721,72.1,1.77,2.38,3.01,496.03,196.2565,234.6545,264.5197
2024-02-05,ZBH,77.59,77.03,-0.722,0.626,62.6,1.73,3.19,4.96,716.75,71.3828,85.349,96.2116
2024-02-05,ZBRA,77.59,77.03,-0.722,0.626,62.6,1.73,3.19,4.96,716.75,71.3828,85.349,96.2116
2024-02-05,ZION,77.59,77.03,-0.722,0.626,62.6,1.73,3.19,4.96,716.75,71.3828,85.349,96.2116
2024-02-05,KKR,87.4027,90.9897,4.104,0.949,94.9,1.42,2.05,4.71,261.96,80.4104,96.1429,108.3793
2024-02-05,MPWR,636.5179,640.8716,0.684,0.892,89.2,1.17,3.25,5.72,281.76,585.5965,700.1697,789.2823
2024-02-05,FTNT,66.09,66.5,0.62,0.604,60.4,1.19,2.32,0.32,505.39,60.8028,72.699,81.9516
2024-02-05,MSCI,569.4581,572.9136,0.607,0.672,67.2,1.26,2.27,3.89,322.62,523.9015,626.4039,706.1281
2024-02-05,ANF,106.45,105.94,-0.479,0.968,96.8,1.15,3.66,4.9,143.4,97.934,117.095,131.998
2024-02-05,A,130.8514,130.6839,-0.128,0.743,74.3,1.75,2.33,1.13,177.8,120.3833,143.9366,162.2558
2024-02-05,LLL,342.1118,341.7999,-0.091,0.832,83.2,1.19,2.37,5.52,151.62,314.7428,376.323,424.2186
2024-02-05,LNC,342.1118,341.7999,-0.091,0.832,83.2,1.19,2.37,5.52,151.62,314.7428,376.323,424.2186
2024-02-05,LNT,342.1118,341.7999,-0.091,0.832,83.2,1.19,2.37,5.52,151.62,314.7428,376.323,424.2186
2024-02-05,CLF,19.9,19.89,-0.05,0.638,63.8,1.19,3.21,5.9,188.8,18.308,21.89,24.676
2024-02-05,GAP,18.8603,18.7659,-0.501,0.955,95.5,1.12,3.36,1.14,105.9,17.3515,20.7463,23.3868
2024-02-05,EDXC,78.5173,80.2005,2.144,0.675,67.5,1.32,4.08,4.12,150.46,72.2359,86.369,97.3615
2024-02-05,BILL,75.97,76.68,0.935,0.738,73.8,1.93,4.02,0.22,121.34,69.8924,83.567,94.2028
2024-02-05,BIMC,75.97,76.68,0.935,0.738,73.8,1.93,4.02,0.22,121.34,69.8924,83.567,94.2028
2024-02-05,CNH1,11.4522,11.5559,0.905,0.729,72.9,1.37,2.21,2.34,146.14,10.536,12.5974,14.2007
2024-02-05,CNJ,11.4522,11.5559,0.905,0.729,72.9,1.37,2.21,2.34,146.14,10.536,12.5974,14.2007
2024-02-05,CNK,11.4522,11.5559,0.905,0.729,72.9,1.37,2.21,2.34,146.14,10.536,12.5974,14.2007
2024-02-05,CFN,23.75,23.89,0.589,0.893,89.3,1.28,4.12,4.94,106.59,21.85,26.125,29.45
2024-02-05,CFNB,23.75,23.89,0.589,0.893,89.3,1.28,4.12,4.94,106.59,21.85,26.125,29.45
2024-02-05,BLL,56.8652,56.2135,-1.146,0.653,65.3,1.57,2.44,3.08,102.14,52.3159,62.5517,70.5128
2024-02-05,BR,56.8652,56.2135,-1.146,0.653,65.3,1.57,2.44,3.08,102.14,52.3159,62.5517,70.5128
2024-02-05,BRO,56.8652,56.2135,-1.146,0.653,65.3,1.57,2.44,3.08,102.14,52.3159,62.5517,70.5128
2024-02-05,INTE,216.16,219.69,1.633,0.907,90.7,1.25,3.82,6.66,98.3,198.8672,237.776,268.0384
2024-02-05,CIEN,54.77,55.3,0.968,0.843,84.3,1.38,2.24,6.74,92.88,50.3884,60.247,67.9148
2024-02-05,APLP,68.16,68.57,0.602,0.95,95.0,1.31,5.47,3.09,130.39,62.7072,74.976,84.5184
2024-02-05,APLS,68.16,68.57,0.602,0.95,95.0,1.31,5.47,3.09,130.39,62.7072,74.976,84.5184
2024-02-05,RYAAY,52.6166,52.246,-0.704,0.909,90.9,1.35,1.98,5.96,92.84,48.4072,57.8782,65.2445
2024-02-05,LEG,44.3972,44.3594,-0.085,0.58,58.0,1.24,1.92,0.5,37.2,40.8454,48.837,55.0526
2024-02-05,BAM,36.7691,36.8617,0.252,0.884,88.4,2.17,1.93,0.62,41.99,33.8275,40.446,45.5936
2024-02-05,AMLJ,31.0567,30.182,-2.816,0.935,93.5,2.07,2.52,1.16,26.17,28.5721,34.1623,38.5103
2024-02-05,AMLN,31.0567,30.182,-2.816,0.935,93.5,2.07,2.52,1.16,26.17,28.5721,34.1623,38.5103
2024-02-05,AMKR,30.9973,30.1242,-2.816,0.934,93.4,2.07,2.52,1.16,26.12,28.5175,34.097,38.4366
2024-02-05,NUVL,78.39,78.16,-0.293,0.929,92.9,1.39,4.23,3.65,23.93,72.1188,86.229,97.2036
2024-02-05,PGNY,38.84,38.63,-0.541,0.764,76.4,1.34,2.98,1.68,20.3,35.7328,42.724,48.1616
2024-02-05,PGOL,38.84,38.63,-0.541,0.764,76.4,1.34,2.98,1.68,20.3,35.7328,42.724,48.1616
2024-02-05,KNGRF,66.0,65.89,-0.167,0.715,71.5,1.61,2.55,1.62,23.42,60.72,72.6,81.84
2024-02-05,GFIG,58.5192,58.255,-0.451,0.945,94.5,1.34,2.38,1.31,21.77,53.8377,64.3711,72.5638
2024-02-06,DIS,97.3217,95.4594,-1.914,0.645,64.5,1.35,2.02,5.59,1187.91,89.536,107.0539,120.6789
2024-02-06,ANET,66.2225,66.52,0.449,0.835,83.5,1.32,2.25,1.58,502.2,60.9247,72.8448,82.1159
2024-02-06,VST,42.5946,42.762,0.393,0.826,82.6,1.69,2.39,6.52,135.31,39.187,46.854,52.8173
2024-02-06,XYZ,67.0,67.09,0.134,0.848,84.8,1.11,4.02,1.22,646.19,61.64,73.7,83.08
2024-02-06,F,10.5023,11.0766,5.468,0.704,70.4,1.65,2.66,4.48,626.76,9.6621,11.5525,13.0228
2024-02-06,NXPI,215.2333,217.1637,0.897,0.747,74.7,1.63,2.39,3.67,522.28,198.0147,236.7567,266.8893
2024-02-06,DASH,112.34,112.34,0.0,0.853,85.3,1.33,2.95,5.7,348.26,103.3528,123.574,139.3016
2024-02-06,MPWR,623.4863,631.8489,1.341,0.852,85.2,1.24,3.33,3.2,279.1,573.6074,685.8349,773.123
2024-02-06,PLD,122.0372,121.8595,-0.146,0.804,80.4,1.14,2.15,1.38,402.44,112.2742,134.2409,151.3261
2024-02-06,HAL,240.9524,242.2456,0.537,0.6,60.0,2.41,1.94,5.42,213.07,221.6762,265.0476,298.7809
2024-02-06,HAS,240.9524,242.2456,0.537,0.6,60.0,2.41,1.94,5.42,213.07,221.6762,265.0476,298.7809
2024-02-06,HBAN,240.9524,242.2456,0.537,0.6,60.0,2.41,1.94,5.42,213.07,221.6762,265.0476,298.7809
2024-02-06,HBI,240.9524,242.2456,0.537,0.6,60.0,2.41,1.94,5.42,213.07,221.6762,265.0476,298.7809
2024-02-06,HCP,240.9524,242.2456,0.537,0.6,60.0,2.41,1.94,5.42,213.07,221.6762,265.0476,298.7809
2024-02-06,CMIIU,240.1451,241.4339,0.537,0.604,60.4,2.41,1.94,5.42,212.35,220.9335,264.1596,297.7799
2024-02-06,CMIKA,240.1451,241.4339,0.537,0.604,60.4,2.41,1.94,5.42,212.35,220.9335,264.1596,297.7799
2024-02-06,CMIN,240.1451,241.4339,0.537,0.604,60.4,2.41,1.94,5.42,212.35,220.9335,264.1596,297.7799
2024-02-06,CMIV,240.1451,241.4339,0.537,0.604,60.4,2.41,1.94,5.42,212.35,220.9335,264.1596,297.7799
2024-02-06,FICO,1259.8101,1263.63,0.303,0.905,90.5,1.14,2.48,1.89,230.95,1159.0253,1385.7911,1562.1645
2024-02-06,IDXX,567.0,568.79,0.316,0.895,89.5,1.13,2.82,6.2,289.92,521.64,623.7,703.08
2024-02-06,A,133.8463,134.4966,0.486,0.798,79.8,1.28,2.37,3.35,184.92,123.1386,147.231,165.9695
2024-02-06,SPG,129.8138,130.3661,0.425,0.83,83.0,1.89,2.01,1.09,219.77,119.4287,142.7952,160.9691
2024-02-06,RMD,186.8548,186.9628,0.058,0.85,85.0,1.21,2.67,5.01,201.33,171.9064,205.5402,231.6999
2024-02-06,CDW,37.91,37.9959,0.227,0.635,63.5,1.25,1.95,1.58,110.4,34.8772,41.701,47.0084
2024-02-06,CE,37.91,37.9959,0.227,0.635,63.5,1.25,1.95,1.58,110.4,34.8772,41.701,47.0084
2024-02-06,CELG,37.91,37.9959,0.227,0.635,63.5,1.25,1.95,1.58,110.4,34.8772,41.701,47.0084
2024-02-06,CERN,37.91,37.9959,0.227,0.635,63.5,1.25,1.95,1.58,110.4,34.8772,41.701,47.0084
2024-02-06,CF,37.91,37.9959,0.227,0.635,63.5,1.25,1.95,1.58,110.4,34.8772,41.701,47.0084
2024-02-06,EDXC,79.9728,77.7252,-2.81,0.672,67.2,1.17,4.17,5.68,157.77,73.575,87.9701,99.1663
2024-02-06,BILL,76.7,77.48,1.017,0.766,76.6,1.74,4.04,1.28,127.37,70.564,84.37,95.108
2024-02-06,BIMC,76.7,77.48,1.017,0.766,76.6,1.74,4.04,1.28,127.37,70.564,84.37,95.108
2024-02-06,ERIE,144.6224,144.9941,0.257,0.817,81.7,1.2,2.19,1.03,95.7,133.0526,159.0847,179.3318
2024-02-06,ES,144.6224,144.9941,0.257,0.817,81.7,1.2,2.19,1.03,95.7,133.0526,159.0847,179.3318
2024-02-06,ESS,144.6224,144.9941,0.257,0.817,81.7,1.2,2.19,1.03,95.7,133.0526,159.0847,179.3318
2024-02-06,ETFC,144.6224,144.9941,0.257,0.817,81.7,1.2,2.19,1.03,95.7,133.0526,159.0847,179.3318
2024-02-06,ETSY,144.6224,144.9941,0.257,0.817,81.7,1.2,2.19,1.03,95.7,133.0526,159.0847,179.3318
2024-02-06,CNH1,11.7067,11.7255,0.161,0.733,73.3,1.51,2.18,4.55,151.72,10.7701,12.8773,14.5163
2024-02-06,CNJ,11.7067,11.7255,0.161,0.733,73.3,1.51,2.18,4.55,151.72,10.7701,12.8773,14.5163
2024-02-06,CNK,11.7067,11.7255,0.161,0.733,73.3,1.51,2.18,4.55,151.72,10.7701,12.8773,14.5163
2024-02-06,CFN,23.48,23.59,0.468,0.887,88.7,1.39,4.27,3.54,108.63,21.6016,25.828,29.1152
2024-02-06,CFNB,23.48,23.59,0.468,0.887,88.7,1.39,4.27,3.54,108.63,21.6016,25.828,29.1152
2024-02-06,CIEN,54.91,55.07,0.291,0.843,84.3,1.56,2.21,6.23,96.12,50.5172,60.401,68.0884
2024-02-06,CG,38.1851,40.3326,5.624,0.922,92.2,1.13,2.24,2.02,74.57,35.1303,42.0036,47.3496
2024-02-06,MKSI,106.107,107.2578,1.085,0.964,96.4,1.18,2.81,0.3,64.75,97.6184,116.7177,131.5727
2024-02-06,BRL,73.2981,73.9132,0.839,0.847,84.7,1.74,2.31,2.71,46.81,67.4342,80.6279,90.8896
2024-02-06,RYAAY,53.2689,53.3306,0.116,0.876,87.6,1.29,2.02,6.66,97.33,49.0074,58.5958,66.0534
2024-02-06,FMX,129.1674,129.2972,0.1,0.653,65.3,1.49,2.23,3.84,70.64,118.834,142.0841,160.1676
2024-02-06,APG,22.3867,22.5,0.506,0.8,80.0,1.15,2.0,4.62,39.0,20.5957,24.6253,27.7595
2024-02-06,KIM,32.57,32.8179,0.761,0.792,79.2,1.44,2.95,0.96,40.3,29.9644,35.827,40.3868
2024-02-06,KMX,32.57,32.8179,0.761,0.792,79.2,1.44,2.95,0.96,40.3,29.9644,35.827,40.3868
2024-02-06,KSS,32.57,32.8179,0.761,0.792,79.2,1.44,2.95,0.96,40.3,29.9644,35.827,40.3868
2024-02-06,KSU,32.57,32.8179,0.761,0.792,79.2,1.44,2.95,0.96,40.3,29.9644,35.827,40.3868
2024-02-06,MLIN,47.1355,47.4283,0.621,0.849,84.9,1.52,2.39,2.09,30.02,43.3647,51.849,58.448
2024-02-06,BAM,36.7691,37.2043,1.184,0.874,87.4,1.21,1.93,0.51,42.91,33.8275,40.446,45.5936
2024-02-06,PGNY,39.9,40.3,1.003,0.913,91.3,1.83,2.89,4.19,21.09,36.708,43.89,49.476
2024-02-06,PGOL,39.9,40.3,1.003,0.913,91.3,1.83,2.89,4.19,21.09,36.708,43.89,49.476
2024-02-06,EEEI,102.94,105.53,2.516,0.837,83.7,1.55,1.96,2.7,24.49,94.7048,113.234,127.6456
2024-02-06,EEFT,102.94,105.53,2.516,0.837,83.7,1.55,1.96,2.7,24.49,94.7048,113.234,127.6456
2024-02-06,TSS,15.3477,14.9042,-2.89,0.969,96.9,2.06,3.28,4.31,28.76,14.1199,16.8825,19.0312
2024-02-06,AZTR,66.72,66.84,0.18,0.923,92.3,1.31,2.76,1.34,22.02,61.3824,73.392,82.7328
2024-02-06,AZUL,66.72,66.84,0.18,0.923,92.3,1.31,2.76,1.34,22.02,61.3824,73.392,82.7328
2024-02-06,PFSI,87.5129,88.1274,0.702,0.797,79.7,1.25,2.66,2.84,20.42,80.5119,96.2642,108.516
2024-02-06,ALH,77.0835,77.0934,0.013,0.861,86.1,1.31,4.08,1.14,20.66,70.9169,84.7919,95.5836
2024-02-06,ALHC,77.0835,77.0934,0.013,0.861,86.1,1.31,4.08,1.14,20.66,70.9169,84.7919,95.5836
2024-02-06,ALI,77.0835,77.0934,0.013,0.861,86.1,1.31,4.08,1.14,20.66,70.9169,84.7919,95.5836
2024-02-07,ARM,77.01,94.41,22.594,0.949,94.9,3.12,4.56,5.76,563.06,70.8492,84.711,95.4924
2024-02-07,PANW,182.25,181.61,-0.351,0.691,69.1,2.26,2.41,5.72,1063.52,167.67,200.475,225.99
2024-02-07,MRVL,68.9315,69.7562,1.196,0.862,86.2,1.22,3.61,1.96,876.51,63.4169,75.8246,85.475
2024-02-07,ANET,66.7625,67.5,1.105,0.781,78.1,1.21,2.23,1.98,519.72,61.4215,73.4387,82.7855
2024-02-07,SHOP,85.17,85.03,-0.164,0.923,92.3,1.37,3.44,5.09,821.57,78.3564,93.687,105.6108
2024-02-07,TGT,135.1071,135.3649,0.191,0.913,91.3,1.14,2.25,3.62,469.81,124.2985,148.6178,167.5328
2024-02-07,NXPI,213.6601,213.7277,0.032,0.722,72.2,1.13,2.41,2.68,526.64,196.5673,235.0261,264.9385
2024-02-07,MPWR,635.7299,669.8011,5.359,0.883,88.3,1.8,3.33,4.79,303.62,584.8715,699.3028,788.305
2024-02-07,BAX,102.8941,101.5922,-1.265,0.784,78.4,1.4,2.1,6.65,241.35,94.6626,113.1836,127.5887
2024-02-07,BBT,102.8941,101.5922,-1.265,0.784,78.4,1.4,2.1,6.65,241.35,94.6626,113.1836,127.5887
2024-02-07,PLD,120.7186,120.6625,-0.046,0.77,77.0,1.17,2.1,0.44,402.91,111.0611,132.7905,149.6911
2024-02-07,ZS,244.66,244.64,-0.008,0.929,92.9,1.21,2.84,3.74,451.72,225.0872,269.126,303.3784
2024-02-07,FTNT,70.03,69.79,-0.343,0.586,58.6,2.57,3.07,5.18,695.96,64.4276,77.033,86.8372
2024-02-07,HUBB,139.83,139.99,0.114,0.716,71.6,1.21,2.16,4.15,309.72,128.6436,153.813,173.3892
2024-02-07,ELPW,164.82,167.67,1.729,0.968,96.8,2.17,4.27,2.64,317.44,151.6344,181.302,204.3768
2024-02-07,ELRA,164.82,167.67,1.729,0.968,96.8,2.17,4.27,2.64,317.44,151.6344,181.302,204.3768
2024-02-07,ELRC,164.82,167.67,1.729,0.968,96.8,2.17,4.27,2.64,317.44,151.6344,181.302,204.3768
2024-02-07,ELRE,164.82,167.67,1.729,0.968,96.8,2.17,4.27,2.64,317.44,151.6344,181.302,204.3768
2024-02-07,EXPE,153.1438,155.2469,1.373,0.897,89.7,1.24,2.56,2.63,283.91,140.8923,168.4582,189.8983
2024-02-07,NET,83.35,83.75,0.48,0.882,88.2,1.48,3.89,2.69,255.15,76.682,91.685,103.354
2024-02-07,AXON,265.47,265.0,-0.177,0.715,71.5,2.19,2.07,4.51,95.32,244.2324,292.017,329.1828
2024-02-07,WRK,51.3139,51.2461,-0.132,0.598,59.8,1.21,2.09,1.1,166.54,47.2088,56.4453,63.6292
2024-02-07,WSM,51.3139,51.2461,-0.132,0.598,59.8,1.21,2.09,1.1,166.54,47.2088,56.4453,63.6292
2024-02-07,WST,51.3139,51.2461,-0.132,0.598,59.8,1.21,2.09,1.1,166.54,47.2088,56.4453,63.6292
2024-02-07,WU,51.3139,51.2461,-0.132,0.598,59.8,1.21,2.09,1.1,166.54,47.2088,56.4453,63.6292
2024-02-07,WY,51.3139,51.2461,-0.132,0.598,59.8,1.21,2.09,1.1,166.54,47.2088,56.4453,63.6292
2024-02-07,A,130.8219,130.4573,-0.279,0.723,72.3,1.26,2.33,0.94,182.85,120.3561,143.904,162.2191
2024-02-07,MTDR,1213.23,1212.98,-0.021,0.593,59.3,1.14,2.36,0.89,202.01,1116.1716,1334.553,1504.4052
2024-02-07,UHS,1213.23,1212.98,-0.021,0.593,59.3,1.14,2.36,0.89,202.01,1116.1716,1334.553,1504.4052
2024-02-07,ULTA,1213.23,1212.98,-0.021,0.593,59.3,1.14,2.36,0.89,202.01,1116.1716,1334.553,1504.4052
2024-02-07,UNM,1213.23,1212.98,-0.021,0.593,59.3,1.14,2.36,0.89,202.01,1116.1716,1334.553,1504.4052
2024-02-07,UTX,1213.23,1212.98,-0.021,0.593,59.3,1.14,2.36,0.89,202.01,1116.1716,1334.553,1504.4052
2024-02-07,MNDY,217.96,219.03,0.491,0.964,96.4,1.22,3.77,5.97,127.62,200.5232,239.756,270.2704
2024-02-07,RL,209.3164,208.1218,-0.571,0.746,74.6,1.12,2.28,6.08,195.0,192.5711,230.2481,259.5524
2024-02-07,ROL,209.3164,208.1218,-0.571,0.746,74.6,1.12,2.28,6.08,195.0,192.5711,230.2481,259.5524
2024-02-07,RTN,209.3164,208.1218,-0.571,0.746,74.6,1.12,2.28,6.08,195.0,192.5711,230.2481,259.5524
2024-02-07,RVTY,209.3164,208.1218,-0.571,0.746,74.6,1.12,2.28,6.08,195.0,192.5711,230.2481,259.5524
2024-02-07,SBAC,209.3164,208.1218,-0.571,0.746,74.6,1.12,2.28,6.08,195.0,192.5711,230.2481,259.5524
2024-02-07,CDW,37.5949,37.2322,-0.965,0.66,66.0,1.94,1.94,0.9,112.59,34.5873,41.3544,46.6177
2024-02-07,CE,37.5949,37.2322,-0.965,0.66,66.0,1.94,1.94,0.9,112.59,34.5873,41.3544,46.6177
2024-02-07,CELG,37.5949,37.2322,-0.965,0.66,66.0,1.94,1.94,0.9,112.59,34.5873,41.3544,46.6177
2024-02-07,CERN,37.5949,37.2322,-0.965,0.66,66.0,1.94,1.94,0.9,112.59,34.5873,41.3544,46.6177
2024-02-07,CF,37.5949,37.2322,-0.965,0.66,66.0,1.94,1.94,0.9,112.59,34.5873,41.3544,46.6177
2024-02-07,CYBR,243.17,271.26,11.552,0.877,87.7,1.51,2.62,4.62,142.49,223.7164,267.487,301.5308
2024-02-07,CYBR2,243.17,271.26,11.552,0.877,87.7,1.51,2.62,4.62,142.49,223.7164,267.487,301.5308
2024-02-07,EDXC,80.5669,87.3196,8.381,0.649,64.9,1.41,4.3,6.0,168.29,74.1215,88.6236,99.9029
2024-02-07,CNH1,11.6595,11.6218,-0.323,0.686,68.6,1.27,2.13,3.95,151.11,10.7268,12.8255,14.4578
2024-02-07,CNJ,11.6595,11.6218,-0.323,0.686,68.6,1.27,2.13,3.95,151.11,10.7268,12.8255,14.4578
2024-02-07,CNK,11.6595,11.6218,-0.323,0.686,68.6,1.27,2.13,3.95,151.11,10.7268,12.8255,14.4578
2024-02-07,OCAI,151.7495,153.0223,0.839,0.85,85.0,1.38,2.0,4.67,67.58,139.6095,166.9244,188.1693
2024-02-07,CFN,24.29,31.34,29.024,0.932,93.2,2.14,4.4,6.71,121.04,22.3468,26.719,30.1196
2024-02-07,CFNB,24.29,31.34,29.024,0.932,93.2,2.14,4.4,6.71,121.04,22.3468,26.719,30.1196
2024-02-07,BLD,379.25,379.97,0.19,0.936,93.6,1.13,2.49,2.14,84.96,348.91,417.175,470.27
2024-02-07,ITUB,5.0133,5.0133,-0.0,0.604,60.4,2.25,1.88,4.27,108.38,4.6122,5.5146,6.2165
2024-02-07,MKSI,106.2644,108.1037,1.731,0.963,96.3,1.57,2.8,0.22,66.33,97.7632,116.8908,131.7678
2024-02-07,FRPT,88.38,88.57,0.215,0.868,86.8,1.67,2.33,1.52,41.6,81.3096,97.218,109.5912
2024-02-07,MICU,142.94,143.26,0.224,0.651,65.1,1.24,2.36,1.17,41.34,131.5048,157.234,177.2456
2024-02-07,CRI,71.6584,72.3412,0.953,0.582,58.2,1.43,2.1,4.92,40.95,65.9257,78.8242,88.8564
2024-02-07,CRIC,71.6584,72.3412,0.953,0.582,58.2,1.43,2.1,4.92,40.95,65.9257,78.8242,88.8564
2024-02-07,KIM,32.9323,33.1802,0.753,0.835,83.5,1.96,2.97,2.04,43.1,30.2977,36.2255,40.836
2024-02-07,KMX,32.9323,33.1802,0.753,0.835,83.5,1.96,2.97,2.04,43.1,30.2977,36.2255,40.836
2024-02-07,KSS,32.9323,33.1802,0.753,0.835,83.5,1.96,2.97,2.04,43.1,30.2977,36.2255,40.836
2024-02-07,KSU,32.9323,33.1802,0.753,0.835,83.5,1.96,2.97,2.04,43.1,30.2977,36.2255,40.836
2024-02-07,DVINQ,41.47,41.66,0.458,0.929,92.9,1.24,2.61,4.32,58.03,38.1524,45.617,51.4228
2024-02-07,BAM,36.8524,36.9728,0.327,0.84,84.0,1.96,2.14,0.6,45.98,33.9042,40.5376,45.697
2024-02-07,GGAL,17.4463,17.3469,-0.569,0.966,96.6,1.28,4.83,1.77,21.24,16.0506,19.1909,21.6334
2024-02-07,PGNY,39.79,39.71,-0.201,0.886,88.6,1.15,2.85,3.62,21.23,36.6068,43.769,49.3396
2024-02-07,PGOL,39.79,39.71,-0.201,0.886,88.6,1.15,2.85,3.62,21.23,36.6068,43.769,49.3396
2024-02-07,EEEI,103.54,102.92,-0.599,0.821,82.1,2.87,2.14,3.08,27.68,95.2568,113.894,128.3896
2024-02-07,EEFT,103.54,102.92,-0.599,0.821,82.1,2.87,2.14,3.08,27.68,95.2568,113.894,128.3896
2024-02-07,TSS,15.6711,15.6434,-0.177,0.972,97.2,1.93,3.48,6.0,31.23,14.4174,17.2382,19.4322
2024-02-08,MRVL,70.571,67.7987,-3.928,0.844,84.4,1.31,3.65,3.81,923.61,64.9253,77.6281,87.5081
2024-02-08,ANET,68.9725,70.5,2.215,0.869,86.9,1.23,2.3,4.82,547.53,63.4547,75.8698,85.5259
2024-02-08,VST,42.2401,42.1614,-0.186,0.768,76.8,1.16,2.28,4.52,134.46,38.8609,46.4641,52.3778
2024-02-08,NXPI,219.8951,221.8641,0.895,0.715,71.5,1.12,2.45,5.27,553.61,202.3035,241.8846,272.6699
2024-02-08,EL,135.3252,136.1135,0.583,0.729,72.9,1.12,3.49,5.39,526.37,124.4992,148.8577,167.8033
2024-02-08,PSX,137.0213,137.0307,0.007,0.849,84.9,1.19,2.2,6.65,464.58,126.0596,150.7235,169.9065
2024-02-08,EXPE,158.1931,129.5642,-18.097,0.881,88.1,3.45,2.61,5.75,339.42,145.5376,174.0124,196.1594
2024-02-08,ANF,107.32,107.47,0.14,0.959,95.9,1.11,3.4,4.3,131.94,98.7344,118.052,133.0768
2024-02-08,CBRE,85.96,85.9,-0.07,0.592,59.2,1.2,2.19,0.47,123.1,79.0832,94.556,106.5904
2024-02-08,MTDR,1224.97,1240.8,1.292,0.597,59.7,1.31,2.22,1.66,200.75,1126.9724,1347.467,1518.9628
2024-02-08,UHS,1224.97,1240.8,1.292,0.597,59.7,1.31,2.22,1.66,200.75,1126.9724,1347.467,1518.9628
2024-02-08,ULTA,1224.97,1240.8,1.292,0.597,59.7,1.31,2.22,1.66,200.75,1126.9724,1347.467,1518.9628
2024-02-08,UNM,1224.97,1240.8,1.292,0.597,59.7,1.31,2.22,1.66,200.75,1126.9724,1347.467,1518.9628
2024-02-08,UTX,1224.97,1240.8,1.292,0.597,59.7,1.31,2.22,1.66,200.75,1126.9724,1347.467,1518.9628
2024-02-08,TXT,46.43,46.67,0.517,0.658,65.8,1.31,2.19,6.48,196.72,42.7156,51.073,57.5732
2024-02-08,GAP,18.9264,18.8792,-0.25,0.948,94.8,1.3,3.26,2.68,104.44,17.4123,20.8191,23.4688
2024-02-08,CDW,38.626,38.6642,0.099,0.749,74.9,2.43,2.25,3.65,126.5,35.5359,42.4886,47.8962
2024-02-08,CE,38.626,38.6642,0.099,0.749,74.9,2.43,2.25,3.65,126.5,35.5359,42.4886,47.8962
2024-02-08,CELG,38.626,38.6642,0.099,0.749,74.9,2.43,2.25,3.65,126.5,35.5359,42.4886,47.8962
2024-02-08,CERN,38.626,38.6642,0.099,0.749,74.9,2.43,2.25,3.65,126.5,35.5359,42.4886,47.8962
2024-02-08,CF,38.626,38.6642,0.099,0.749,74.9,2.43,2.25,3.65,126.5,35.5359,42.4886,47.8962
2024-02-08,VLTO,81.8706,81.8805,0.012,0.594,59.4,1.48,2.46,6.67,115.67,75.321,90.0577,101.5196
2024-02-08,BILL,75.75,70.65,-6.733,0.88,88.0,3.6,4.16,0.19,154.42,69.69,83.325,93.93
2024-02-08,BIMC,75.75,70.65,-6.733,0.88,88.0,3.6,4.16,0.19,154.42,69.69,83.325,93.93
2024-02-08,INSM,28.57,28.67,0.35,0.668,66.8,1.51,3.46,0.84,44.44,26.2844,31.427,35.4268
2024-02-08,CNH1,11.4804,11.3391,-1.232,0.707,70.7,1.32,2.15,2.2,151.47,10.562,12.6285,14.2358
2024-02-08,CNJ,11.4804,11.3391,-1.232,0.707,70.7,1.32,2.15,2.2,151.47,10.562,12.6285,14.2358
2024-02-08,CNK,11.4804,11.3391,-1.232,0.707,70.7,1.32,2.15,2.2,151.47,10.562,12.6285,14.2358
2024-02-08,OCAI,152.6299,145.2037,-4.866,0.83,83.0,1.57,1.95,4.98,69.38,140.4195,167.8929,189.2611
2024-02-08,LULU,219.491,219.491,0.0,0.609,60.9,1.43,1.98,6.49,101.01,201.9317,241.44,272.1688
2024-02-08,LUMN,219.491,219.491,0.0,0.609,60.9,1.43,1.98,6.49,101.01,201.9317,241.44,272.1688
2024-02-08,LUV,219.491,219.491,0.0,0.609,60.9,1.43,1.98,6.49,101.01,201.9317,241.44,272.1688
2024-02-08,LW,219.491,219.491,0.0,0.609,60.9,1.43,1.98,6.49,101.01,201.9317,241.44,272.1688
2024-02-08,LH,74.9,74.86,-0.053,0.588,58.8,1.78,1.93,0.54,73.79,68.908,82.39,92.876
2024-02-08,LII,74.9,74.86,-0.053,0.588,58.8,1.78,1.93,0.54,73.79,68.908,82.39,92.876
2024-02-08,LKQ,74.9,74.86,-0.053,0.588,58.8,1.78,1.93,0.54,73.79,68.908,82.39,92.876
2024-02-08,MKSI,112.2346,113.5919,1.209,0.96,96.0,1.72,3.02,5.34,72.41,103.2559,123.4581,139.1709
2024-02-08,ALLB,127.6451,127.3224,-0.253,0.8,80.0,1.19,1.94,4.99,81.31,117.4335,140.4096,158.2799
2024-02-08,ALLE,127.6451,127.3224,-0.253,0.8,80.0,1.19,1.94,4.99,81.31,117.4335,140.4096,158.2799
2024-02-08,MHI1,109.61,105.59,-3.668,0.891,89.1,1.34,2.8,6.07,84.8,100.8412,120.571,135.9164
2024-02-08,TWTR,109.61,105.59,-3.668,0.891,89.1,1.34,2.8,6.07,84.8,100.8412,120.571,135.9164
2024-02-08,APLP,68.12,68.82,1.028,0.94,94.0,1.59,4.4,3.66,112.12,62.6704,74.932,84.4688
2024-02-08,APLS,68.12,68.82,1.028,0.94,94.0,1.59,4.4,3.66,112.12,62.6704,74.932,84.4688
2024-02-08,PFIS,72.57,72.73,0.22,0.631,63.1,1.58,1.92,1.11,64.54,66.7644,79.827,89.9868
2024-02-08,PFL,72.57,72.73,0.22,0.631,63.1,1.58,1.92,1.11,64.54,66.7644,79.827,89.9868
2024-02-08,OLED,177.4973,178.2702,0.435,0.583,58.3,1.23,2.68,2.86,43.13,163.2975,195.247,220.0967
2024-02-08,RYAAY,53.6471,53.7938,0.273,0.85,85.0,1.29,2.16,5.99,109.39,49.3554,59.0118,66.5224
2024-02-08,XRX,25.4628,25.5613,0.387,0.733,73.3,3.15,2.27,5.71,78.4,23.4258,28.0091,31.5739
2024-02-08,JLL,179.42,179.47,0.028,0.822,82.2,1.26,2.29,2.81,46.1,165.0664,197.362,222.4808
2024-02-08,JLMI,179.42,179.47,0.028,0.822,82.2,1.26,2.29,2.81,46.1,165.0664,197.362,222.4808
2024-02-08,KIM,33.2851,33.409,0.372,0.855,85.5,2.67,3.34,3.08,48.9,30.6223,36.6136,41.2735
2024-02-08,KMX,33.2851,33.409,0.372,0.855,85.5,2.67,3.34,3.08,48.9,30.6223,36.6136,41.2735
2024-02-08,KSS,33.2851,33.409,0.372,0.855,85.5,2.67,3.34,3.08,48.9,30.6223,36.6136,41.2735
2024-02-08,KSU,33.2851,33.409,0.372,0.855,85.5,2.67,3.34,3.08,48.9,30.6223,36.6136,41.2735
2024-02-08,MLIN,48.219,48.1604,-0.121,0.837,83.7,1.18,2.42,3.67,32.29,44.3614,53.0409,59.7915
2024-02-08,BAM,37.0284,36.9821,-0.125,0.84,84.0,1.79,2.22,0.99,49.01,34.0661,40.7312,45.9152
2024-02-08,KD,21.35,21.43,0.375,0.672,67.2,1.88,2.94,2.27,33.1,19.642,23.485,26.474
2024-02-08,NXEN,7.7,7.7,0.0,0.827,82.7,1.42,4.2,0.54,58.92,7.084,8.47,9.548
2024-02-08,AMMX,74.96,74.66,-0.4,0.736,73.6,1.13,3.43,0.13,32.86,68.9632,82.456,92.9504
2024-02-08,AMN,74.96,74.66,-0.4,0.736,73.6,1.13,3.43,0.13,32.86,68.9632,82.456,92.9504
2024-02-08,WYNN,7.7095,7.3811,-4.26,0.757,75.7,1.47,3.49,1.14,25.12,7.0928,8.4805,9.5598
2024-02-08,XEC,7.7095,7.3811,-4.26,0.757,75.7,1.47,3.49,1.14,25.12,7.0928,8.4805,9.5598
2024-02-08,XLNX,7.7095,7.3811,-4.26,0.757,75.7,1.47,3.49,1.14,25.12,7.0928,8.4805,9.5598
2024-02-08,XRAY,7.7095,7.3811,-4.26,0.757,75.7,1.47,3.49,1.14,25.12,7.0928,8.4805,9.5598
2024-02-08,NWKC,7.5927,7.2692,-4.26,0.76,76.0,1.47,3.49,1.14,24.74,6.9853,8.352,9.415
2024-02-08,BAP,140.8915,140.7989,-0.066,0.742,74.2,1.15,2.24,1.39,28.26,129.6202,154.9807,174.7055
2024-02-08,CAKE,33.7982,33.7792,-0.056,0.591,59.1,1.3,2.85,5.37,26.77,31.0943,37.178,41.9098
2024-02-08,CAKR,33.7982,33.7792,-0.056,0.591,59.1,1.3,2.85,5.37,26.77,31.0943,37.178,41.9098
2024-02-08,NUVL,80.58,80.96,0.472,0.923,92.3,2.26,4.2,5.23,25.5,74.1336,88.638,99.9192
2024-02-08,AREA1,9.27,9.43,1.726,0.987,98.7,1.18,5.67,4.8,49.65,8.5284,10.197,11.4948
2024-02-08,EEEI,101.09,101.4,0.307,0.738,73.8,2.03,2.21,0.54,29.37,93.0028,111.199,125.3516
2024-02-08,EEFT,101.09,101.4,0.307,0.738,73.8,2.03,2.21,0.54,29.37,93.0028,111.199,125.3516
2024-02-08,TSS,15.8282,15.8559,0.175,0.965,96.5,1.47,3.49,6.59,33.06,14.5619,17.411,19.627
2024-02-08,PFSI,88.0396,88.0981,0.066,0.771,77.1,1.16,2.71,3.11,20.41,80.9964,96.8435,109.1691
2024-02-09,MRVL,68.3949,68.6234,0.334,0.813,81.3,1.64,3.59,0.39,911.64,62.9233,75.2344,84.8096
2024-02-09,ANET,70.6125,73.165,3.615,0.873,87.3,1.53,2.32,6.69,587.75,64.9635,77.6738,87.5595
2024-02-09,ABNB,147.595,148.68,0.735,0.725,72.5,1.12,2.83,2.65,657.35,135.7874,162.3545,183.0178
2024-02-09,WDAY,304.89,301.76,-1.027,0.878,87.8,1.57,1.97,4.62,368.14,280.4988,335.379,378.0636
2024-02-09,XYZ,66.88,67.02,0.209,0.807,80.7,1.16,4.17,1.13,656.5,61.5296,73.568,82.9312
2024-02-09,DDOG,134.91,135.13,0.163,0.817,81.7,1.33,3.63,5.42,678.16,124.1172,148.401,167.2884
2024-02-09,GME,14.66,14.58,-0.546,0.672,67.2,1.25,4.63,2.16,41.8,13.4872,16.126,18.1784
2024-02-09,HOOD,11.55,11.73,1.558,0.906,90.6,1.47,3.46,5.86,93.78,10.626,12.705,14.322
2024-02-09,AFRM,43.86,43.78,-0.182,0.976,97.6,2.66,7.34,3.78,636.05,40.3512,48.246,54.3864
2024-02-09,HUBB,139.5,139.5,0.0,0.732,73.2,1.12,2.17,3.61,309.9,128.34,153.45,172.98
2024-02-09,ANF,110.11,111.56,1.317,0.961,96.1,1.14,3.38,6.4,133.12,101.3012,121.121,136.5364
2024-02-09,SPG,133.0186,133.073,0.041,0.814,81.4,1.27,2.04,3.46,232.67,122.3771,146.3205,164.9431
2024-02-09,CLF,19.87,19.76,-0.554,0.666,66.6,1.17,3.11,4.66,195.62,18.2804,21.857,24.6388
2024-02-09,GAP,18.9453,19.1247,0.947,0.947,94.7,1.12,3.24,3.02,106.68,17.4297,20.8398,23.4922
2024-02-09,CDW,37.7572,37.8909,0.354,0.604,60.4,1.4,2.4,1.38,127.97,34.7366,41.5329,46.819
2024-02-09,CE,37.7572,37.8909,0.354,0.604,60.4,1.4,2.4,1.38,127.97,34.7366,41.5329,46.819
2024-02-09,CELG,37.7572,37.8909,0.354,0.604,60.4,1.4,2.4,1.38,127.97,34.7366,41.5329,46.819
2024-02-09,CERN,37.7572,37.8909,0.354,0.604,60.4,1.4,2.4,1.38,127.97,34.7366,41.5329,46.819
2024-02-09,CF,37.7572,37.8909,0.354,0.604,60.4,1.4,2.4,1.38,127.97,34.7366,41.5329,46.819
2024-02-09,FOUR1,77.44,78.25,1.046,0.845,84.5,1.37,3.52,3.83,65.11,71.2448,85.184,96.0256
2024-02-09,CNH1,11.3956,11.4804,0.744,0.713,71.3,1.16,2.16,1.24,149.89,10.484,12.5352,14.1306
2024-02-09,CNJ,11.3956,11.4804,0.744,0.713,71.3,1.16,2.16,1.24,149.89,10.484,12.5352,14.1306
2024-02-09,CNK,11.3956,11.4804,0.744,0.713,71.3,1.16,2.16,1.24,149.89,10.484,12.5352,14.1306
2024-02-09,ALLB,129.0045,128.7697,-0.182,0.804,80.4,1.23,1.95,5.63,81.64,118.6841,141.9049,159.9656
2024-02-09,ALLE,129.0045,128.7697,-0.182,0.804,80.4,1.23,1.95,5.63,81.64,118.6841,141.9049,159.9656
2024-02-09,MHI1,110.01,113.82,3.463,0.903,90.3,2.36,3.16,6.17,93.33,101.2092,121.011,136.4124
2024-02-09,TWTR,110.01,113.82,3.463,0.903,90.3,2.36,3.16,6.17,93.33,101.2092,121.011,136.4124
2024-02-09,APLP,68.56,68.5,-0.088,0.935,93.5,1.55,4.16,4.14,114.9,63.0752,75.416,85.0144
2024-02-09,APLS,68.56,68.5,-0.088,0.935,93.5,1.55,4.16,4.14,114.9,63.0752,75.416,85.0144
2024-02-09,XRX,25.6599,25.8175,0.614,0.795,79.5,1.4,2.28,6.14,82.14,23.6071,28.2259,31.8182
2024-02-09,DVINQ,41.62,41.55,-0.168,0.874,87.4,1.28,2.76,3.19,61.69,38.2904,45.782,51.6088
2024-02-09,KD,21.96,22.63,3.051,0.77,77.0,1.34,2.97,4.94,34.96,20.2032,24.156,27.2304
2024-02-09,BAP,142.9109,143.5778,0.467,0.86,86.0,1.97,2.31,2.62,30.8,131.478,157.2019,177.2095
2024-02-09,PGNY,40.44,40.4,-0.099,0.862,86.2,1.24,2.99,4.64,22.23,37.2048,44.484,50.1456
2024-02-09,PGOL,40.44,40.4,-0.099,0.862,86.2,1.24,2.99,4.64,22.23,37.2048,44.484,50.1456
2024-02-09,EEEI,103.9,103.58,-0.308,0.825,82.5,1.58,2.26,3.09,31.61,95.588,114.29,128.836
2024-02-09,EEFT,103.9,103.58,-0.308,0.825,82.5,1.58,2.26,3.09,31.61,95.588,114.29,128.836
2024-02-09,TSS,15.6434,15.6804,0.236,0.963,96.3,1.46,3.55,4.9,34.18,14.3919,17.2077,19.3978
2024-02-12,LRCX,89.0699,85.8622,-3.601,0.587,58.7,1.22,2.76,6.2,919.43,81.9443,97.9769,110.4467
2024-02-12,ANET,70.22,64.4725,-8.185,0.873,87.3,3.79,2.47,5.52,699.91,64.6024,77.242,87.0728
2024-02-12,ABNB,153.8,149.21,-2.984,0.759,75.9,1.67,2.98,6.35,726.72,141.496,169.18,190.712
2024-02-12,VST,42.1515,41.9054,-0.584,0.776,77.6,1.31,2.34,3.3,137.18,38.7794,46.3667,52.2679
2024-02-12,DDOG,134.85,126.5,-6.192,0.801,80.1,1.77,3.65,4.89,716.61,124.062,148.335,167.214
2024-02-12,BX,122.5462,118.8815,-2.99,0.856,85.6,1.13,2.5,6.07,430.87,112.7425,134.8008,151.9572
2024-02-12,SWKS,148.2085,142.3425,-3.958,0.796,79.6,1.3,2.23,4.44,324.9,136.3519,163.0294,183.7786
2024-02-12,SYF,148.2085,142.3425,-3.958,0.796,79.6,1.3,2.23,4.44,324.9,136.3519,163.0294,183.7786
2024-02-12,SYMC,148.2085,142.3425,-3.958,0.796,79.6,1.3,2.23,4.44,324.9,136.3519,163.0294,183.7786
2024-02-12,FLUT,213.45,204.74,-4.081,0.898,89.8,2.09,2.6,5.58,22.08,196.374,234.795,264.678
2024-02-12,AXON,266.71,261.28,-2.036,0.729,72.9,1.4,2.11,3.83,91.73,245.3732,293.381,330.7204
2024-02-12,MNDY,212.01,205.63,-3.009,0.868,86.8,5.52,4.15,0.66,198.37,195.0492,233.211,262.8924
2024-02-12,GAP,19.4175,18.6525,-3.94,0.953,95.3,1.31,3.29,5.5,111.52,17.8641,21.3593,24.0777
2024-02-12,EPAM,290.76,281.73,-3.106,0.655,65.5,1.61,2.29,0.12,146.36,267.4992,319.836,360.5424
2024-02-12,HRB,225.78,220.85,-2.184,0.849,84.9,1.31,2.6,4.28,114.13,207.7176,248.358,279.9672
2024-02-12,FOUR1,78.92,75.3,-4.587,0.81,81.0,1.37,3.36,5.52,62.08,72.6064,86.812,97.8608
2024-02-12,IEX,114.3,112.28,-1.767,0.806,80.6,1.91,2.37,5.63,96.2,105.156,125.73,141.732
2024-02-12,ALLB,130.6279,126.1586,-3.421,0.847,84.7,1.19,1.92,6.38,84.08,120.1777,143.6907,161.9786
2024-02-12,ALLE,130.6279,126.1586,-3.421,0.847,84.7,1.19,1.92,6.38,84.08,120.1777,143.6907,161.9786
2024-02-12,GTM1,16.02,17.78,10.986,0.734,73.4,2.19,3.35,2.09,128.73,14.7384,17.622,19.8648
2024-02-12,PFIS,73.68,72.97,-0.964,0.667,66.7,1.26,2.03,2.34,70.88,67.7856,81.048,91.3632
2024-02-12,PFL,73.68,72.97,-0.964,0.667,66.7,1.26,2.03,2.34,70.88,67.7856,81.048,91.3632
2024-02-12,ARMK,30.216,30.1231,-0.307,0.688,68.8,1.22,2.69,6.28,80.23,27.7987,33.2375,37.4678
2024-02-12,MICU,148.44,143.79,-3.133,0.711,71.1,1.6,2.28,4.35,44.53,136.5648,163.284,184.0656
2024-02-12,DOVA,30.46,29.49,-3.185,0.72,72.0,1.44,4.38,5.28,67.26,28.0232,33.506,37.7704
2024-02-12,DOVP,30.46,29.49,-3.185,0.72,72.0,1.44,4.38,5.28,67.26,28.0232,33.506,37.7704
2024-02-12,DOVR,30.46,29.49,-3.185,0.72,72.0,1.44,4.38,5.28,67.26,28.0232,33.506,37.7704
2024-02-12,DOX,30.46,29.49,-3.185,0.72,72.0,1.44,4.38,5.28,67.26,28.0232,33.506,37.7704
2024-02-12,MLIN,48.9803,47.6919,-2.631,0.803,80.3,1.18,2.45,4.32,34.66,45.0619,53.8783,60.7356
2024-02-12,KD,21.34,20.68,-3.093,0.726,72.6,1.71,3.2,1.91,35.7,19.6328,23.474,26.4616
2024-02-12,TKO,24.5846,24.1531,-1.755,0.712,71.2,1.25,2.9,0.1,45.25,22.6178,27.043,30.4849
2024-02-12,TMK,24.5846,24.1531,-1.755,0.712,71.2,1.25,2.9,0.1,45.25,22.6178,27.043,30.4849
2024-02-12,TMO,24.5846,24.1531,-1.755,0.712,71.2,1.25,2.9,0.1,45.25,22.6178,27.043,30.4849
2024-02-12,TPL,24.5846,24.1531,-1.755,0.712,71.2,1.25,2.9,0.1,45.25,22.6178,27.043,30.4849
2024-02-12,TPR,24.5846,24.1531,-1.755,0.712,71.2,1.25,2.9,0.1,45.25,22.6178,27.043,30.4849
2024-02-12,RKT,11.4503,10.7406,-6.198,0.884,88.4,1.3,4.11,0.3,26.08,10.5343,12.5954,14.1984
2024-02-12,BAP,146.8662,145.2637,-1.091,0.872,87.2,1.35,2.4,5.1,33.12,135.1169,161.5528,182.1141
2024-02-12,KNGRF,68.15,66.28,-2.744,0.695,69.5,1.11,2.52,3.57,24.82,62.698,74.965,84.506
2024-02-12,MODG,14.3,13.51,-5.524,0.856,85.6,1.2,3.66,4.05,35.17,13.156,15.73,17.732
2024-02-12,EEEI,107.36,105.26,-1.956,0.865,86.5,1.61,2.36,6.11,34.8,98.7712,118.096,133.1264
2024-02-12,EEFT,107.36,105.26,-1.956,0.865,86.5,1.61,2.36,6.11,34.8,98.7712,118.096,133.1264
2024-02-12,TSS,15.819,15.089,-4.614,0.952,95.2,1.25,3.49,5.61,36.01,14.5534,17.4009,19.6155
2024-02-12,PFSI,90.012,86.2195,-4.213,0.731,73.1,1.12,2.69,4.78,20.6,82.811,99.0132,111.6149
2024-02-12,KRON1,57.35,55.55,-3.139,0.976,97.6,1.36,6.04,5.12,24.42,52.762,63.085,71.114
2024-02-13,NVDA,72.0879,73.1613,1.489,0.954,95.4,1.15,3.61,5.37,37670.46,66.3208,79.2966,89.3889
2024-02-13,AVGO,122.3955,124.1156,1.405,0.589,58.9,1.23,2.6,0.92,3169.69,112.6039,134.6351,151.7704
2024-02-13,SMH,197.8051,200.4848,1.355,0.857,85.7,1.23,2.15,4.18,1807.79,181.9807,217.5856,245.2783
2024-02-13,CRWD,322.44,327.76,1.65,0.969,96.9,1.42,3.24,6.66,1030.0,296.6448,354.684,399.8256
2024-02-13,PANW,184.13,184.405,0.149,0.863,86.3,2.16,3.07,3.5,1339.12,169.3996,202.543,228.3212
2024-02-13,NOW,154.752,157.0,1.453,0.78,78.0,1.3,2.14,0.2,1060.08,142.3718,170.2272,191.8925
2024-02-13,LRCX,87.5583,89.1317,1.797,0.653,65.3,1.2,2.87,3.7,920.46,80.5536,96.3141,108.5723
2024-02-13,ABNB,150.82,146.16,-3.09,0.76,76.0,2.34,3.04,3.72,760.05,138.7544,165.902,187.0168
2024-02-13,WDAY,296.75,299.41,0.896,0.889,88.9,1.34,2.06,1.28,357.47,273.01,326.425,367.97
2024-02-13,VST,43.5201,43.845,0.747,0.887,88.7,1.37,2.46,6.03,145.34,40.0385,47.8721,53.965
2024-02-13,DDOG,131.68,134.79,2.362,0.809,80.9,2.64,4.1,2.11,782.54,121.1456,144.848,163.2832
2024-02-13,DASH,116.39,119.27,2.474,0.839,83.9,1.11,2.93,6.22,365.88,107.0788,128.029,144.3236
2024-02-13,BX,117.7133,119.2865,1.337,0.815,81.5,1.75,2.58,1.57,434.12,108.2962,129.4846,145.9644
2024-02-13,PLD,122.3925,122.4486,0.046,0.788,78.8,1.39,2.21,1.8,420.07,112.6011,134.6318,151.7667
2024-02-13,ZS,242.8,247.66,2.002,0.915,91.5,1.73,3.0,1.15,481.81,223.376,267.08,301.072
2024-02-13,SWKS,142.3613,143.8067,1.015,0.797,79.7,1.36,2.31,0.26,314.47,130.9724,156.5974,176.528
2024-02-13,SYF,142.3613,143.8067,1.015,0.797,79.7,1.36,2.31,0.26,314.47,130.9724,156.5974,176.528
2024-02-13,SYMC,142.3613,143.8067,1.015,0.797,79.7,1.36,2.31,0.26,314.47,130.9724,156.5974,176.528
2024-02-13,FICO,1269.48,1283.5601,1.109,0.856,85.6,1.4,2.49,0.78,247.22,1167.9216,1396.428,1574.1552
2024-02-13,FLUT,204.05,208.88,2.367,0.899,89.9,1.93,2.57,0.01,23.36,187.726,224.455,253.022
2024-02-13,MLM,521.4122,529.7686,1.603,0.728,72.8,1.92,1.89,2.93,175.02,479.6992,573.5534,646.5511
2024-02-13,HIMX,9.48,9.67,2.004,0.844,84.4,1.21,4.27,5.19,23.31,8.7216,10.428,11.7552
2024-02-13,LPNT,255.4735,255.424,-0.019,0.739,73.9,1.29,2.45,5.88,167.6,235.0356,281.0209,316.7872
2024-02-13,MNDY,215.11,217.07,0.911,0.87,87.0,2.13,4.32,1.65,219.13,197.9012,236.621,266.7364
2024-02-13,TXT,45.66,44.1,-3.417,0.598,59.8,1.62,2.07,3.37,194.55,42.0072,50.226,56.6184
2024-02-13,CLF,19.17,19.25,0.417,0.607,60.7,1.35,3.13,0.4,193.41,17.6364,21.087,23.7708
2024-02-13,EME,241.6609,243.9407,0.943,0.626,62.6,1.51,2.17,5.39,70.52,222.3281,265.827,299.6596
2024-02-13,HRB,220.24,226.85,3.001,0.759,75.9,1.76,2.7,1.4,114.17,202.6208,242.264,273.0976
2024-02-13,FOUR1,76.3,77.53,1.612,0.825,82.5,1.16,3.49,1.83,58.85,70.196,83.93,94.612
2024-02-13,IEX,113.6,123.0,8.275,0.804,80.4,1.75,2.33,4.56,96.71,104.512,124.96,140.864
2024-02-13,CG,40.6889,41.1953,1.245,0.937,93.7,1.38,2.59,5.09,93.55,37.4338,44.7578,50.4543
2024-02-13,NICE,218.04,219.07,0.472,0.833,83.3,1.46,2.21,1.8,63.97,200.5968,239.844,270.3696
2024-02-13,VTRS,10.9415,10.969,0.251,0.905,90.5,1.61,2.4,2.1,83.5,10.0662,12.0357,13.5675
2024-02-13,ALLB,126.7356,128.183,1.142,0.835,83.5,1.31,1.92,2.79,81.19,116.5967,139.4091,157.1521
2024-02-13,ALLE,126.7356,128.183,1.142,0.835,83.5,1.31,1.92,2.79,81.19,116.5967,139.4091,157.1521
2024-02-13,CRDO,22.1,22.5,1.81,0.88,88.0,1.25,4.45,4.53,52.05,20.332,24.31,27.404
2024-02-13,CRDSQ,22.1,22.5,1.81,0.88,88.0,1.25,4.45,4.53,52.05,20.332,24.31,27.404
2024-02-13,PI,102.99,104.4,1.369,0.909,90.9,1.15,4.7,1.17,55.49,94.7508,113.289,127.7076
2024-02-13,BRL,76.1852,78.1694,2.605,0.855,85.5,3.57,2.79,6.57,62.46,70.0904,83.8037,94.4696
2024-02-13,XRX,25.384,25.581,0.776,0.85,85.0,1.2,2.2,4.18,83.14,23.3532,27.9224,31.4761
2024-02-13,DOVA,29.02,29.5,1.654,0.666,66.6,1.31,4.54,0.36,65.98,26.6984,31.922,35.9848
2024-02-13,DOVP,29.02,29.5,1.654,0.666,66.6,1.31,4.54,0.36,65.98,26.6984,31.922,35.9848
2024-02-13,DOVR,29.02,29.5,1.654,0.666,66.6,1.31,4.54,0.36,65.98,26.6984,31.922,35.9848
2024-02-13,DOX,29.02,29.5,1.654,0.666,66.6,1.31,4.54,0.36,65.98,26.6984,31.922,35.9848
2024-02-13,HR,79.53,80.06,0.666,0.758,75.8,1.17,2.82,3.78,47.65,73.1676,87.483,98.6172
2024-02-13,NSIX,189.21,191.31,1.11,0.861,86.1,1.47,2.07,1.3,34.93,174.0732,208.131,234.6204
2024-02-13,NUVL,80.5,82.24,2.161,0.932,93.2,1.94,4.75,3.55,28.62,74.06,88.55,99.82
2024-02-13,PGNY,40.16,40.81,1.619,0.845,84.5,1.25,3.02,3.32,22.08,36.9472,44.176,49.7984
2024-02-13,PGOL,40.16,40.81,1.619,0.845,84.5,1.25,3.02,3.32,22.08,36.9472,44.176,49.7984
2024-02-13,KNGRF,66.3,67.03,1.101,0.713,71.3,1.82,2.56,0.51,25.64,60.996,72.93,82.212
2024-02-13,TSS,15.4586,15.6804,1.435,0.949,94.9,1.35,3.61,2.83,36.49,14.2219,17.0045,19.1687
2024-02-13,FOHL,12.8,12.91,0.859,0.801,80.1,1.35,3.6,0.38,35.3,11.776,14.08,15.872
2024-02-13,FOLD,12.8,12.91,0.859,0.801,80.1,1.35,3.6,0.38,35.3,11.776,14.08,15.872
2024-02-14,NFLX,57.933,58.191,0.445,0.807,80.7,1.5,1.99,3.07,2175.34,53.2984,63.7263,71.8369
2024-02-14,AMAT,182.9163,185.677,1.509,0.759,75.9,1.27,2.62,5.93,1212.91,168.283,201.208,226.8163
2024-02-14,LRCX,89.8253,90.0263,0.224,0.792,79.2,1.11,2.84,5.28,961.18,82.6392,98.8078,111.3833
2024-02-14,KLAC,642.5859,645.1567,0.4,0.653,65.3,1.13,2.57,4.78,669.57,591.179,706.8445,796.8065
2024-02-14,ABNB,148.2,148.91,0.479,0.684,68.4,2.82,3.13,1.46,843.05,136.344,163.02,183.768
2024-02-14,APP,46.87,54.685,16.674,0.754,75.4,1.74,4.8,4.99,185.72,43.1204,51.557,58.1188
2024-02-14,WDAY,302.24,304.54,0.761,0.88,88.0,1.21,2.05,2.78,368.76,278.0608,332.464,374.7776
2024-02-14,DDOG,136.15,136.36,0.154,0.822,82.2,1.34,4.04,5.16,822.31,125.258,149.765,168.826
2024-02-14,PLD,122.0372,123.1593,0.92,0.733,73.3,1.24,2.15,1.37,421.18,112.2742,134.2409,151.3261
2024-02-14,FLUT,208.1,210.165,0.992,0.905,90.5,1.88,2.48,0.93,26.23,191.452,228.91,258.044
2024-02-14,MLM,533.4869,534.0209,0.1,0.686,68.6,1.39,1.95,4.84,185.19,490.808,586.8356,661.5238
2024-02-14,MNDY,219.95,220.33,0.173,0.883,88.3,1.35,4.24,3.23,234.73,202.354,241.945,272.738
2024-02-14,CNH1,11.8292,11.7067,-1.036,0.828,82.8,1.47,2.35,4.04,163.91,10.8829,13.0121,14.6682
2024-02-14,CNJ,11.8292,11.7067,-1.036,0.828,82.8,1.47,2.35,4.04,163.91,10.8829,13.0121,14.6682
2024-02-14,CNK,11.8292,11.7067,-1.036,0.828,82.8,1.47,2.35,4.04,163.91,10.8829,13.0121,14.6682
2024-02-14,BLD,391.46,394.64,0.812,0.901,90.1,1.21,2.67,3.67,84.49,360.1432,430.606,485.4104
2024-02-14,CIEN,57.38,56.69,-1.203,0.874,87.4,1.24,2.45,6.76,96.36,52.7896,63.118,71.1512
2024-02-14,CRBG,23.0648,23.2901,0.977,0.849,84.9,1.82,2.0,2.25,67.08,21.2196,25.3713,28.6004
2024-02-14,CG,41.2891,41.7111,1.022,0.927,92.7,1.3,2.54,5.94,97.84,37.986,45.418,51.1985
2024-02-14,NICE,224.7,224.7,0.0,0.609,60.9,1.25,2.32,4.42,65.24,206.724,247.17,278.628
2024-02-14,PCTY1,172.0,173.6,0.93,0.618,61.8,1.2,3.53,6.34,117.25,158.24,189.2,213.28
2024-02-14,PCX,172.0,173.6,0.93,0.618,61.8,1.2,3.53,6.34,117.25,158.24,189.2,213.28
2024-02-14,KNSL,424.7512,426.7142,0.462,0.763,76.3,1.35,2.19,5.62,65.93,390.7711,467.2263,526.6915
2024-02-14,FRPT,88.89,89.47,0.652,0.863,86.3,1.18,2.58,1.32,38.67,81.7788,97.779,110.2236
2024-02-14,MICU,144.13,144.79,0.458,0.679,67.9,1.21,2.28,0.89,43.61,132.5996,158.543,178.7212
2024-02-14,JLL,176.93,182.0,2.866,0.604,60.4,1.18,2.39,0.89,44.38,162.7756,194.623,219.3932
2024-02-14,JLMI,176.93,182.0,2.866,0.604,60.4,1.18,2.39,0.89,44.38,162.7756,194.623,219.3932
2024-02-14,AMR,390.8,382.99,-1.998,0.96,96.0,1.19,4.29,0.79,80.95,359.536,429.88,484.592
2024-02-14,MMYT,57.46,58.15,1.201,0.902,90.2,1.29,4.31,6.3,51.0,52.8632,63.206,71.2504
2024-02-14,NSIX,192.61,172.2,-10.597,0.853,85.3,1.94,2.13,2.81,37.59,177.2012,211.871,238.8364
2024-02-14,DDUP,362.683,366.0826,0.937,0.903,90.3,1.38,2.69,1.87,27.16,333.6684,398.9513,449.727
2024-02-14,DEA,362.683,366.0826,0.937,0.903,90.3,1.38,2.69,1.87,27.16,333.6684,398.9513,449.727
2024-02-14,PGNY,40.67,41.02,0.861,0.871,87.1,1.14,3.03,4.3,22.76,37.4164,44.737,50.4308
2024-02-14,PGOL,40.67,41.02,0.861,0.871,87.1,1.14,3.03,4.3,22.76,37.4164,44.737,50.4308
2024-02-14,KNGRF,68.93,71.61,3.888,0.78,78.0,1.19,2.64,3.96,27.49,63.4156,75.823,85.4732
2024-02-14,TSS,15.5048,15.7848,1.806,0.945,94.5,1.3,3.56,2.69,37.3,14.2644,17.0553,19.2259
2024-02-14,ACIW,31.32,31.65,1.054,0.794,79.4,1.12,2.5,3.77,20.3,28.8144,34.452,38.8368
2024-02-15,NFLX,59.346,59.695,0.588,0.838,83.8,1.32,2.06,5.1,2349.87,54.5983,65.2806,73.589
2024-02-15,AMAT,184.3605,198.468,7.652,0.812,81.2,1.22,2.61,5.53,1306.19,169.6116,202.7965,228.607
2024-02-15,WFC,49.7258,49.6302,-0.192,0.769,76.9,2.49,2.32,6.04,928.48,45.7477,54.6984,61.66
2024-02-15,SHOP,84.0,82.25,-2.083,0.781,78.1,1.25,3.92,1.98,1039.16,77.28,92.4,104.16
2024-02-15,WDAY,305.09,306.57,0.485,0.887,88.7,1.4,2.03,3.41,380.78,280.6828,335.599,378.3116
2024-02-15,FLUT,214.3,217.0,1.26,0.919,91.9,1.72,2.5,3.38,29.54,197.156,235.73,265.732
2024-02-15,MLM,529.7092,529.0762,-0.12,0.623,62.3,1.22,1.97,3.76,187.42,487.3325,582.6802,656.8394
2024-02-15,A,132.7528,131.61,-0.861,0.712,71.2,1.14,2.3,1.8,177.11,122.1326,146.0281,164.6135
2024-02-15,CLF,19.98,20.09,0.551,0.667,66.7,1.15,3.22,3.63,208.62,18.3816,21.978,24.7752
2024-02-15,PRU,99.3996,98.8934,-0.509,0.609,60.9,1.35,1.94,3.61,181.86,91.4476,109.3396,123.2555
2024-02-15,AVTR,24.05,23.99,-0.249,0.819,81.9,1.17,2.85,4.68,190.73,22.126,26.455,29.822
2024-02-15,CDW,39.0842,39.0556,-0.073,0.632,63.2,1.84,2.61,4.41,138.64,35.9575,42.9926,48.4644
2024-02-15,CE,39.0842,39.0556,-0.073,0.632,63.2,1.84,2.61,4.41,138.64,35.9575,42.9926,48.4644
2024-02-15,CELG,39.0842,39.0556,-0.073,0.632,63.2,1.84,2.61,4.41,138.64,35.9575,42.9926,48.4644
2024-02-15,CERN,39.0842,39.0556,-0.073,0.632,63.2,1.84,2.61,4.41,138.64,35.9575,42.9926,48.4644
2024-02-15,CF,39.0842,39.0556,-0.073,0.632,63.2,1.84,2.61,4.41,138.64,35.9575,42.9926,48.4644
2024-02-15,EPAM,301.2,300.0,-0.398,0.641,64.1,2.32,2.64,4.47,182.55,277.104,331.32,373.488
2024-02-15,BN,26.6751,26.4513,-0.839,0.732,73.2,1.37,2.22,1.12,110.82,24.541,29.3426,33.0771
2024-02-15,FOUR1,77.04,77.0,-0.052,0.709,70.9,1.13,3.44,2.28,58.59,70.8768,84.744,95.5296
2024-02-15,INSM,28.75,28.64,-0.383,0.617,61.7,1.24,3.49,2.13,47.0,26.45,31.625,35.65
2024-02-15,CNH1,11.6407,11.5936,-0.405,0.716,71.6,1.15,2.4,2.05,164.89,10.7094,12.8048,14.4344
2024-02-15,CNJ,11.6407,11.5936,-0.405,0.716,71.6,1.15,2.4,2.05,164.89,10.7094,12.8048,14.4344
2024-02-15,CNK,11.6407,11.5936,-0.405,0.716,71.6,1.15,2.4,2.05,164.89,10.7094,12.8048,14.4344
2024-02-15,CRBG,23.4966,22.9146,-2.477,0.873,87.3,2.38,2.08,3.92,72.65,21.6169,25.8463,29.1358
2024-02-15,NICE,224.53,225.5,0.432,0.6,60.0,1.27,2.28,3.83,66.21,206.5676,246.983,278.4172
2024-02-15,HABC,133.1073,132.4137,-0.521,0.64,64.0,1.82,1.95,2.99,100.22,122.4587,146.4181,165.0531
2024-02-15,FRPT,90.2,89.0,-1.33,0.866,86.6,1.22,2.56,2.52,39.46,82.984,99.22,111.848
2024-02-15,DDUP,382.0259,378.518,-0.918,0.889,88.9,1.32,2.81,6.75,29.18,351.4639,420.2285,473.7122
2024-02-15,DEA,382.0259,378.518,-0.918,0.889,88.9,1.32,2.81,6.75,29.18,351.4639,420.2285,473.7122
2024-02-15,AMMX,77.63,67.05,-13.629,0.637,63.7,2.22,3.68,2.87,35.34,71.4196,85.393,96.2612
2024-02-15,AMN,77.63,67.05,-13.629,0.637,63.7,2.22,3.68,2.87,35.34,71.4196,85.393,96.2612
2024-02-15,KNGRF,69.39,69.4,0.014,0.74,74.0,1.93,2.93,4.21,29.35,63.8388,76.329,86.0436
2024-02-15,CWPE,92.8,91.3,-1.616,0.61,61.0,1.37,1.88,6.51,25.61,85.376,102.08,115.072
2024-02-15,CWST,92.8,91.3,-1.616,0.61,61.0,1.37,1.88,6.51,25.61,85.376,102.08,115.072
2024-02-15,IRW,14.99,14.97,-0.133,0.946,94.6,1.58,3.36,4.75,54.99,13.7908,16.489,18.5876
2024-02-15,IRWD,14.99,14.97,-0.133,0.946,94.6,1.58,3.36,4.75,54.99,13.7908,16.489,18.5876
2024-02-15,EWTLQ,18.32,18.31,-0.055,0.991,99.1,1.12,6.89,3.59,24.68,16.8544,20.152,22.7168
2024-02-16,WFC,49.6016,49.2098,-0.79,0.798,79.8,1.31,2.23,5.33,923.07,45.6335,54.5617,61.506
2024-02-16,LRCX,90.8386,90.1411,-0.768,0.858,85.8,1.17,2.98,4.44,1031.49,83.5715,99.9224,112.6398
2024-02-16,TGT,137.759,139.1411,1.003,0.629,62.9,1.25,2.27,3.89,474.74,126.7383,151.5349,170.8212
2024-02-16,WDAY,302.67,303.0,0.109,0.868,86.8,1.12,2.02,2.37,379.47,278.4564,332.937,375.3108
2024-02-16,DASH,116.01,115.01,-0.862,0.783,78.3,4.45,3.28,3.6,507.13,106.7292,127.611,143.8524
2024-02-16,DG,135.289,136.5989,0.968,0.663,66.3,2.22,2.31,5.33,296.21,124.4659,148.8179,167.7584
2024-02-16,HUBB,143.37,144.62,0.872,0.831,83.1,1.27,2.31,5.0,298.05,131.9004,157.707,177.7788
2024-02-16,FLUT,213.39,212.16,-0.576,0.914,91.4,1.15,2.46,2.6,31.14,196.3188,234.729,264.6036
2024-02-16,NUE,179.951,178.0505,-1.056,0.721,72.1,1.1,2.25,2.32,310.73,165.555,197.9462,223.1393
2024-02-16,MLM,533.8923,529.2147,-0.876,0.733,73.3,1.74,2.04,4.24,198.54,491.1809,587.2815,662.0264
2024-02-16,PBR,13.581,13.6885,0.791,0.581,58.1,1.12,2.31,4.36,206.76,12.4946,14.9391,16.8405
2024-02-16,VEEV,219.35,217.75,-0.729,0.809,80.9,1.13,2.21,3.32,196.49,201.802,241.285,271.994
2024-02-16,ARES,128.059,126.7212,-1.045,0.844,84.4,2.06,2.21,6.19,126.67,117.8143,140.8649,158.7932
2024-02-16,AVTR,23.76,23.55,-0.884,0.799,79.9,1.33,2.89,2.93,194.69,21.8592,26.136,29.4624
2024-02-16,RL,207.309,202.256,-2.437,0.74,74.0,1.39,2.14,1.1,170.09,190.7242,228.0399,257.0631
2024-02-16,ROL,207.309,202.256,-2.437,0.74,74.0,1.39,2.14,1.1,170.09,190.7242,228.0399,257.0631
2024-02-16,RTN,207.309,202.256,-2.437,0.74,74.0,1.39,2.14,1.1,170.09,190.7242,228.0399,257.0631
2024-02-16,RVTY,207.309,202.256,-2.437,0.74,74.0,1.39,2.14,1.1,170.09,190.7242,228.0399,257.0631
2024-02-16,SBAC,207.309,202.256,-2.437,0.74,74.0,1.39,2.14,1.1,170.09,190.7242,228.0399,257.0631
2024-02-16,CDW,39.3515,39.2943,-0.146,0.657,65.7,1.43,2.67,4.78,144.43,36.2034,43.2867,48.7959
2024-02-16,CE,39.3515,39.2943,-0.146,0.657,65.7,1.43,2.67,4.78,144.43,36.2034,43.2867,48.7959
2024-02-16,CELG,39.3515,39.2943,-0.146,0.657,65.7,1.43,2.67,4.78,144.43,36.2034,43.2867,48.7959
2024-02-16,CERN,39.3515,39.2943,-0.146,0.657,65.7,1.43,2.67,4.78,144.43,36.2034,43.2867,48.7959
2024-02-16,CF,39.3515,39.2943,-0.146,0.657,65.7,1.43,2.67,4.78,144.43,36.2034,43.2867,48.7959
2024-02-16,NTRA,70.01,68.71,-1.857,0.868,86.8,1.26,3.11,2.94,83.26,64.4092,77.011,86.8124
2024-02-16,FOUR1,77.49,76.62,-1.123,0.766,76.6,1.21,3.36,2.73,58.85,71.2908,85.239,96.0876
2024-02-16,INSM,29.51,29.12,-1.322,0.764,76.4,1.27,3.63,4.55,44.66,27.1492,32.461,36.5924
2024-02-16,CRBG,23.797,23.6938,-0.434,0.888,88.8,1.59,2.21,5.02,77.11,21.8933,26.1767,29.5083
2024-02-16,LULU,221.0849,221.8625,0.352,0.653,65.3,1.54,1.91,4.24,112.42,203.3981,243.1934,274.1453
2024-02-16,LUMN,221.0849,221.8625,0.352,0.653,65.3,1.54,1.91,4.24,112.42,203.3981,243.1934,274.1453
2024-02-16,LUV,221.0849,221.8625,0.352,0.653,65.3,1.54,1.91,4.24,112.42,203.3981,243.1934,274.1453
2024-02-16,LW,221.0849,221.8625,0.352,0.653,65.3,1.54,1.91,4.24,112.42,203.3981,243.1934,274.1453
2024-02-16,CG,41.8048,41.4485,-0.852,0.93,93.0,1.37,2.5,5.88,103.76,38.4604,45.9853,51.838
2024-02-16,NICE,224.6,225.8,0.534,0.622,62.2,1.11,2.15,3.57,66.04,206.632,247.06,278.504
2024-02-16,ALLB,129.5032,125.3664,-3.194,0.847,84.7,1.55,1.95,3.6,84.17,119.143,142.4536,160.584
2024-02-16,ALLE,129.5032,125.3664,-3.194,0.847,84.7,1.55,1.95,3.6,84.17,119.143,142.4536,160.584
2024-02-16,MICU,144.54,144.75,0.145,0.626,62.6,1.39,2.21,0.84,45.13,132.9768,158.994,179.2296
2024-02-16,CVLL,93.78,92.92,-0.917,0.898,89.8,1.45,2.7,4.96,36.38,86.2776,103.158,116.2872
2024-02-16,AFG,109.609,108.7211,-0.81,0.647,64.7,2.64,2.09,4.04,46.52,100.8403,120.5699,135.9152
2024-02-16,AFGB,109.609,108.7211,-0.81,0.647,64.7,2.64,2.09,4.04,46.52,100.8403,120.5699,135.9152
2024-02-16,PGNY,40.78,40.36,-1.03,0.813,81.3,1.49,3.0,3.71,23.36,37.5176,44.858,50.5672
2024-02-16,PGOL,40.78,40.36,-1.03,0.813,81.3,1.49,3.0,3.71,23.36,37.5176,44.858,50.5672
2024-02-16,SATS,13.77,13.33,-3.195,0.882,88.2,1.31,5.37,1.49,22.9,12.6684,15.147,17.0748
2024-02-16,CLDX,38.25,37.94,-0.81,0.933,93.3,1.75,3.85,3.31,26.11,35.19,42.075,47.43
2024-02-16,KNGRF,69.59,68.9,-0.992,0.789,78.9,1.3,2.94,4.07,30.42,64.0228,76.549,86.2916
2024-02-16,CWPE,91.83,91.66,-0.185,0.586,58.6,3.4,2.22,4.96,29.37,84.4836,101.013,113.8692
2024-02-16,CWST,91.83,91.66,-0.185,0.586,58.6,3.4,2.22,4.96,29.37,84.4836,101.013,113.8692
2024-02-16,BGC,7.3138,7.2254,-1.208,0.589,58.9,1.66,3.11,2.95,20.63,6.7287,8.0451,9.0691
2024-02-16,BGC2,7.3138,7.2254,-1.208,0.589,58.9,1.66,3.11,2.95,20.63,6.7287,8.0451,9.0691
2024-02-16,TSS,16.0742,15.8035,-1.684,0.953,95.3,1.13,3.61,5.14,41.4,14.7883,17.6816,19.932
2024-02-16,FOHL,13.76,13.6,-1.163,0.838,83.8,1.54,3.63,6.39,39.22,12.6592,15.136,17.0624
2024-02-16,FOLD,13.76,13.6,-1.163,0.838,83.8,1.54,3.63,6.39,39.22,12.6592,15.136,17.0624
2024-02-16,MLCI,8.83,8.83,0.0,0.749,74.9,1.62,4.52,4.32,23.72,8.1236,9.713,10.9492
2024-02-20,SMH,196.2965,194.1725,-1.082,0.807,80.7,1.29,2.14,1.4,1723.74,180.5927,215.9261,243.4076
2024-02-20,CRWD,323.71,283.03,-12.567,0.957,95.7,1.35,3.32,4.15,988.89,297.8132,356.081,401.4004
2024-02-20,PANW,183.045,137.6,-24.827,0.889,88.9,2.27,3.12,0.08,1684.97,168.4014,201.3495,226.9758
2024-02-20,AMAT,185.8145,184.9288,-0.477,0.861,86.1,1.29,3.15,3.48,1619.08,170.9493,204.3959,230.4099
2024-02-20,VRT,61.8576,54.8859,-11.271,0.944,94.4,1.22,4.22,4.64,483.12,56.909,68.0434,76.7035
2024-02-20,KLAC,641.9752,635.4743,-1.013,0.764,76.4,1.14,2.69,2.2,713.95,590.6171,706.1727,796.0492
2024-02-20,WDAY,301.98,299.55,-0.805,0.873,87.3,1.24,2.07,1.93,388.69,277.8216,332.178,374.4552
2024-02-20,DASH,115.48,115.22,-0.225,0.798,79.8,1.71,3.34,2.63,537.65,106.2416,127.028,143.1952
2024-02-20,HAL,250.8189,251.317,0.199,0.702,70.2,1.43,2.05,5.36,326.7,230.7534,275.9008,311.0154
2024-02-20,HAS,250.8189,251.317,0.199,0.702,70.2,1.43,2.05,5.36,326.7,230.7534,275.9008,311.0154
2024-02-20,HBAN,250.8189,251.317,0.199,0.702,70.2,1.43,2.05,5.36,326.7,230.7534,275.9008,311.0154
2024-02-20,HBI,250.8189,251.317,0.199,0.702,70.2,1.43,2.05,5.36,326.7,230.7534,275.9008,311.0154
2024-02-20,HCP,250.8189,251.317,0.199,0.702,70.2,1.43,2.05,5.36,326.7,230.7534,275.9008,311.0154
2024-02-20,CMIIU,249.9785,250.4749,0.199,0.699,69.9,1.43,2.05,5.36,325.6,229.9802,274.9763,309.9733
2024-02-20,CMIKA,249.9785,250.4749,0.199,0.699,69.9,1.43,2.05,5.36,325.6,229.9802,274.9763,309.9733
2024-02-20,CMIN,249.9785,250.4749,0.199,0.699,69.9,1.43,2.05,5.36,325.6,229.9802,274.9763,309.9733
2024-02-20,CMIV,249.9785,250.4749,0.199,0.699,69.9,1.43,2.05,5.36,325.6,229.9802,274.9763,309.9733
2024-02-20,COF,134.0524,132.7547,-0.968,0.893,89.3,5.76,2.36,1.81,384.95,123.3282,147.4577,166.225
2024-02-20,DG,136.2356,136.2451,0.007,0.651,65.1,1.27,2.29,5.76,296.9,125.3367,149.8591,168.9321
2024-02-20,HUBB,146.29,146.28,-0.007,0.85,85.0,1.48,2.27,6.55,314.15,134.5868,160.919,181.3996
2024-02-20,DLCA,159.3681,159.9809,0.384,0.923,92.3,1.24,2.28,5.06,136.79,146.6187,175.305,197.6165
2024-02-20,PBR,13.535,13.581,0.34,0.629,62.9,1.38,2.36,3.41,214.68,12.4522,14.8885,16.7834
2024-02-20,HIMX,9.61,9.41,-2.081,0.859,85.9,1.4,4.12,3.28,24.24,8.8412,10.571,11.9164
2024-02-20,CBRE,90.97,90.92,-0.055,0.666,66.6,1.39,2.25,4.56,163.11,83.6924,100.067,112.8028
2024-02-20,COHR1,56.78,55.58,-2.113,0.967,96.7,1.12,4.08,4.3,183.95,52.2376,62.458,70.4072
2024-02-20,EME,250.0332,249.6152,-0.167,0.692,69.2,1.24,1.98,6.28,76.95,230.0306,275.0366,310.0412
2024-02-20,CDW,39.8766,39.7811,-0.239,0.708,70.8,1.32,2.71,5.77,150.75,36.6865,43.8643,49.447
2024-02-20,CE,39.8766,39.7811,-0.239,0.708,70.8,1.32,2.71,5.77,150.75,36.6865,43.8643,49.447
2024-02-20,CELG,39.8766,39.7811,-0.239,0.708,70.8,1.32,2.71,5.77,150.75,36.6865,43.8643,49.447
2024-02-20,CERN,39.8766,39.7811,-0.239,0.708,70.8,1.32,2.71,5.77,150.75,36.6865,43.8643,49.447
2024-02-20,CF,39.8766,39.7811,-0.239,0.708,70.8,1.32,2.71,5.77,150.75,36.6865,43.8643,49.447
2024-02-20,CYBR,250.0,234.98,-6.008,0.899,89.9,1.48,3.42,1.04,196.05,230.0,275.0,310.0
2024-02-20,CYBR2,250.0,234.98,-6.008,0.899,89.9,1.48,3.42,1.04,196.05,230.0,275.0,310.0
2024-02-20,HRB,238.94,236.43,-1.05,0.827,82.7,1.31,3.06,6.64,144.08,219.8248,262.834,296.2856
2024-02-20,ERIE,146.7649,144.5444,-1.513,0.613,61.3,1.84,2.24,1.44,96.0,135.0237,161.4414,181.9885
2024-02-20,ES,146.7649,144.5444,-1.513,0.613,61.3,1.84,2.24,1.44,96.0,135.0237,161.4414,181.9885
2024-02-20,ESS,146.7649,144.5444,-1.513,0.613,61.3,1.84,2.24,1.44,96.0,135.0237,161.4414,181.9885
2024-02-20,ETFC,146.7649,144.5444,-1.513,0.613,61.3,1.84,2.24,1.44,96.0,135.0237,161.4414,181.9885
2024-02-20,ETSY,146.7649,144.5444,-1.513,0.613,61.3,1.84,2.24,1.44,96.0,135.0237,161.4414,181.9885
2024-02-20,ALLY,34.7126,34.2207,-1.417,0.92,92.0,1.66,2.45,0.69,133.59,31.9356,38.1839,43.0437
2024-02-20,BN,26.5961,26.4118,-0.693,0.741,74.1,1.79,2.16,0.73,115.2,24.4684,29.2557,32.9791
2024-02-20,FOUR1,76.66,75.71,-1.239,0.773,77.3,1.3,3.32,1.51,58.99,70.5272,84.326,95.0584
2024-02-20,COOL,95.7,95.76,0.063,0.58,58.0,1.48,1.95,1.78,83.8,88.044,105.27,118.668
2024-02-20,HPQ,95.7,95.76,0.063,0.58,58.0,1.48,1.95,1.78,83.8,88.044,105.27,118.668
2024-02-20,BLD,383.69,385.23,0.401,0.893,89.3,1.16,2.72,1.1,84.23,352.9948,422.059,475.7756
2024-02-20,CG,41.5048,41.2422,-0.633,0.924,92.4,1.26,2.49,4.58,106.04,38.1844,45.6552,51.4659
2024-02-20,NICE,228.41,226.57,-0.806,0.693,69.3,2.19,2.17,4.96,71.11,210.1372,251.251,283.2284
2024-02-20,ALLB,129.1512,128.7013,-0.348,0.865,86.5,2.23,2.19,3.05,88.67,118.8191,142.0663,160.1474
2024-02-20,ALLE,129.1512,128.7013,-0.348,0.865,86.5,2.23,2.19,3.05,88.67,118.8191,142.0663,160.1474
2024-02-20,OLED,181.7821,180.0506,-0.953,0.591,59.1,1.46,2.63,4.41,41.51,167.2396,199.9603,225.4098
2024-02-20,MICU,148.31,149.38,0.721,0.765,76.5,2.07,2.41,3.3,49.51,136.4452,163.141,183.9044
2024-02-20,XRX,25.8668,25.7289,-0.533,0.805,80.5,1.17,2.19,4.13,87.29,23.7975,28.4535,32.0748
2024-02-20,CLGX,187.4,185.88,-0.811,0.594,59.4,1.87,2.23,6.51,59.51,172.408,206.14,232.376
2024-02-20,DDUP,383.6852,387.9596,1.114,0.9,90.0,1.34,2.7,6.25,29.96,352.9904,422.0538,475.7697
2024-02-20,DEA,383.6852,387.9596,1.114,0.9,90.0,1.34,2.7,6.25,29.96,352.9904,422.0538,475.7697
2024-02-20,BTC1,2.87,2.73,-4.878,0.885,88.5,1.19,8.68,2.88,21.77,2.6404,3.157,3.5588
2024-02-20,BTCM,2.87,2.73,-4.878,0.885,88.5,1.19,8.68,2.88,21.77,2.6404,3.157,3.5588
2024-02-20,CALM,50.9074,50.6019,-0.6,0.807,80.7,1.28,2.25,4.24,24.25,46.8348,55.9982,63.1252
2024-02-20,PGNY,40.4,40.16,-0.594,0.81,81.0,1.12,2.95,2.44,23.08,37.168,44.44,50.096
2024-02-20,PGOL,40.4,40.16,-0.594,0.81,81.0,1.12,2.95,2.44,23.08,37.168,44.44,50.096
2024-02-20,SATS,13.78,13.8,0.145,0.894,89.4,1.33,5.17,1.86,22.46,12.6776,15.158,17.0872
2024-02-20,IMVT,37.5,37.5,0.0,0.585,58.5,1.29,4.14,1.14,41.89,34.5,41.25,46.5
2024-02-20,IMXI,37.5,37.5,0.0,0.585,58.5,1.29,4.14,1.14,41.89,34.5,41.25,46.5
2024-02-21,HAL,252.1121,253.0761,0.382,0.705,70.5,2.27,2.03,5.33,358.28,231.9431,277.3233,312.619
2024-02-21,HAS,252.1121,253.0761,0.382,0.705,70.5,2.27,2.03,5.33,358.28,231.9431,277.3233,312.619
2024-02-21,HBAN,252.1121,253.0761,0.382,0.705,70.5,2.27,2.03,5.33,358.28,231.9431,277.3233,312.619
2024-02-21,HBI,252.1121,253.0761,0.382,0.705,70.5,2.27,2.03,5.33,358.28,231.9431,277.3233,312.619
2024-02-21,HCP,252.1121,253.0761,0.382,0.705,70.5,2.27,2.03,5.33,358.28,231.9431,277.3233,312.619
2024-02-21,CMIIU,251.2673,252.2282,0.382,0.702,70.2,2.27,2.03,5.33,357.08,231.1659,276.394,311.5715
2024-02-21,CMIKA,251.2673,252.2282,0.382,0.702,70.2,2.27,2.03,5.33,357.08,231.1659,276.394,311.5715
2024-02-21,CMIN,251.2673,252.2282,0.382,0.702,70.2,2.27,2.03,5.33,357.08,231.1659,276.394,311.5715
2024-02-21,CMIV,251.2673,252.2282,0.382,0.702,70.2,2.27,2.03,5.33,357.08,231.1659,276.394,311.5715
2024-02-21,AXON,263.73,267.58,1.46,0.672,67.2,1.14,2.35,1.02,91.7,242.6316,290.103,327.0252
2024-02-21,PWR,210.7012,221.6542,5.198,0.64,64.0,1.16,2.15,3.22,202.0,193.8451,231.7714,261.2695
2024-02-21,DLCA,159.0235,160.383,0.855,0.929,92.9,1.23,2.18,4.31,134.58,146.3016,174.9258,197.1891
2024-02-21,PSA,266.3304,266.4319,0.038,0.627,62.7,1.89,1.94,1.68,190.89,245.024,292.9635,330.2497
2024-02-21,ARES,124.8805,127.4992,2.097,0.823,82.3,1.34,2.21,2.43,129.39,114.8901,137.3686,154.8519
2024-02-21,CFG,44.0184,44.4851,1.06,0.961,96.1,1.28,2.78,5.8,101.98,40.4969,48.4202,54.5828
2024-02-21,BBWI,43.6537,44.1165,1.06,0.963,96.3,1.28,2.78,5.8,101.13,40.1614,48.0191,54.1306
2024-02-21,BBXIA,43.6537,44.1165,1.06,0.963,96.3,1.28,2.78,5.8,101.13,40.1614,48.0191,54.1306
2024-02-21,BBX1,43.6537,44.1165,1.06,0.962,96.2,1.28,2.78,5.8,101.13,40.1614,48.0191,54.1306
2024-02-21,ERIE,147.7574,147.3545,-0.273,0.63,63.0,2.69,2.65,1.96,106.38,135.9368,162.5331,183.2191
2024-02-21,ES,147.7574,147.3545,-0.273,0.63,63.0,2.69,2.65,1.96,106.38,135.9368,162.5331,183.2191
2024-02-21,ESS,147.7574,147.3545,-0.273,0.63,63.0,2.69,2.65,1.96,106.38,135.9368,162.5331,183.2191
2024-02-21,ETFC,147.7574,147.3545,-0.273,0.63,63.0,2.69,2.65,1.96,106.38,135.9368,162.5331,183.2191
2024-02-21,ETSY,147.7574,147.3545,-0.273,0.63,63.0,2.69,2.65,1.96,106.38,135.9368,162.5331,183.2191
2024-02-21,FIX,240.1875,241.1607,0.405,0.831,83.1,1.14,2.85,5.12,71.29,220.9725,264.2063,297.8325
2024-02-21,COOL,98.08,98.08,0.0,0.659,65.9,2.0,2.04,4.23,91.44,90.2336,107.888,121.6192
2024-02-21,HPQ,98.08,98.08,0.0,0.659,65.9,2.0,2.04,4.23,91.44,90.2336,107.888,121.6192
2024-02-21,CG,41.8236,42.1827,0.859,0.93,93.0,1.19,2.52,4.76,110.22,38.4777,46.0059,51.8613
2024-02-21,NICE,225.89,239.38,5.972,0.67,67.0,2.23,2.12,3.58,74.87,207.8188,248.479,280.1036
2024-02-21,ALLB,128.2221,129.5521,1.037,0.863,86.3,1.5,2.2,2.04,91.57,117.9643,141.0443,158.9954
2024-02-21,ALLE,128.2221,129.5521,1.037,0.863,86.3,1.5,2.2,2.04,91.57,117.9643,141.0443,158.9954
2024-02-21,MICU,150.64,151.86,0.81,0.822,82.2,2.53,2.35,4.62,55.66,138.5888,165.704,186.7936
2024-02-21,MMYT,57.4,58.81,2.456,0.921,92.1,1.32,4.41,2.73,53.5,52.808,63.14,71.176
2024-02-21,CVLL,92.39,93.6,1.31,0.908,90.8,1.14,2.76,2.0,37.27,84.9988,101.629,114.5636
2024-02-21,DDUP,380.042,381.4038,0.358,0.903,90.3,1.69,2.68,4.81,30.95,349.6387,418.0462,471.2521
2024-02-21,DEA,380.042,381.4038,0.358,0.903,90.3,1.69,2.68,4.81,30.95,349.6387,418.0462,471.2521
2024-02-21,CALM,50.0171,49.8774,-0.279,0.812,81.2,1.2,2.24,2.18,24.08,46.0157,55.0188,62.0212
2024-02-21,PGNY,40.3,40.09,-0.521,0.774,77.4,1.53,2.87,1.86,24.19,37.076,44.33,49.972
2024-02-21,PGOL,40.3,40.09,-0.521,0.774,77.4,1.53,2.87,1.86,24.19,37.076,44.33,49.972
2024-02-21,ARCC1,137.3305,137.6866,0.259,0.591,59.1,1.35,3.86,4.67,42.74,126.3441,151.0635,170.2898
2024-02-21,ARCE,137.3305,137.6866,0.259,0.591,59.1,1.35,3.86,4.67,42.74,126.3441,151.0635,170.2898
2024-02-21,ARCH,137.3305,137.6865,0.259,0.592,59.2,1.35,3.86,4.67,42.74,126.3441,151.0635,170.2898
2024-02-21,ARCHQ,137.3305,137.6865,0.259,0.592,59.2,1.35,3.86,4.67,42.74,126.3441,151.0635,170.2898
2024-02-21,ARCIU,137.3305,137.6865,0.259,0.592,59.2,1.35,3.86,4.67,42.74,126.3441,151.0635,170.2898
2024-02-21,ARCK,137.3305,137.6865,0.259,0.592,59.2,1.35,3.86,4.67,42.74,126.3441,151.0635,170.2898
2024-02-21,SATS,13.51,13.14,-2.739,0.887,88.7,1.21,5.0,0.46,21.24,12.4292,14.861,16.7524
2024-02-21,KNGRF,71.93,72.43,0.695,0.832,83.2,1.83,3.01,6.54,34.41,66.1756,79.123,89.1932
2024-02-21,GFIG,65.2116,65.8867,1.035,0.949,94.9,1.27,2.99,4.65,29.78,59.9947,71.7327,80.8624
2024-02-21,IART,44.75,44.72,-0.067,0.622,62.2,1.22,2.43,5.93,21.7,41.17,49.225,55.49
2024-02-21,ARVLF,47.7,49.21,3.166,0.989,98.9,1.36,6.21,4.23,38.48,43.884,52.47,59.148
2024-02-21,ARVN,47.7,49.21,3.166,0.989,98.9,1.36,6.21,4.23,38.48,43.884,52.47,59.148
2024-02-22,AMD,181.86,181.86,0.0,0.792,79.2,1.68,3.96,5.34,10894.85,167.3112,200.046,225.5064
2024-02-22,AMZN,174.58,174.28,-0.172,0.627,62.7,1.13,2.04,2.34,8541.66,160.6136,192.038,216.4792
2024-02-22,META,483.27,485.1787,0.395,0.918,91.8,1.11,2.15,3.0,9398.89,444.6084,531.597,599.2548
2024-02-22,AVGO,127.6027,127.942,0.266,0.768,76.8,1.51,2.48,3.51,3451.37,117.3945,140.363,158.2273
2024-02-22,TSM,125.5763,126.9676,1.108,0.898,89.8,1.22,2.44,4.86,1756.21,115.5302,138.1339,155.7146
2024-02-22,ASML,935.7346,936.1574,0.045,0.925,92.5,1.37,2.1,5.11,1218.74,860.8758,1029.3081,1160.3109
2024-02-22,DELL,84.9162,86.1446,1.447,0.721,72.1,2.36,2.52,3.97,298.03,78.1229,93.4078,105.2961
2024-02-22,SNOW,225.62,234.28,3.838,0.894,89.4,1.11,3.71,3.43,1189.49,207.5704,248.182,279.7688
2024-02-22,MRVL,69.4283,69.4084,-0.029,0.84,84.0,1.32,3.59,2.44,875.59,63.874,76.3711,86.0911
2024-02-22,ANET,67.19,67.3825,0.286,0.809,80.9,1.18,2.81,0.44,824.53,61.8148,73.909,83.3156
2024-02-22,VRT,62.7353,63.254,0.827,0.95,95.0,1.31,4.67,4.81,557.69,57.7165,69.0089,77.7918
2024-02-22,MELI,1817.98,1670.0,-8.14,0.636,63.6,1.98,2.44,3.9,654.31,1672.5416,1999.778,2254.2952
2024-02-22,WDAY,306.62,309.1,0.809,0.882,88.2,1.34,2.06,3.17,406.15,282.0904,337.282,380.2088
2024-02-22,SNPS,580.9,583.95,0.525,0.639,63.9,2.42,3.01,3.56,798.98,534.428,638.99,720.316
2024-02-22,NXPI,231.1587,232.4327,0.551,0.763,76.3,1.27,2.39,6.25,576.83,212.666,254.2745,286.6368
2024-02-22,DAL,41.177,41.128,-0.119,0.668,66.8,1.45,2.27,4.67,350.65,37.8828,45.2947,51.0595
2024-02-22,MRNA,99.44,99.6,0.161,0.859,85.9,2.87,4.48,4.72,393.37,91.4848,109.384,123.3056
2024-02-22,HCA,308.1042,309.0004,0.291,0.833,83.3,1.3,1.92,2.69,382.5,283.4558,338.9146,382.0492
2024-02-22,CRH,76.332,76.9472,0.806,0.876,87.6,1.38,1.89,5.69,299.79,70.2255,83.9652,94.6517
2024-02-22,HAL,253.4328,253.4907,0.023,0.679,67.9,1.2,2.04,5.28,367.7,233.1582,278.7761,314.2567
2024-02-22,HAS,253.4328,253.4907,0.023,0.679,67.9,1.2,2.04,5.28,367.7,233.1582,278.7761,314.2567
2024-02-22,HBAN,253.4328,253.4907,0.023,0.679,67.9,1.2,2.04,5.28,367.7,233.1582,278.7761,314.2567
2024-02-22,HBI,253.4328,253.4907,0.023,0.679,67.9,1.2,2.04,5.28,367.7,233.1582,278.7761,314.2567
2024-02-22,HCP,253.4328,253.4907,0.023,0.679,67.9,1.2,2.04,5.28,367.7,233.1582,278.7761,314.2567
2024-02-22,CMIIU,252.5837,252.6413,0.023,0.684,68.4,1.2,2.04,5.28,366.47,232.377,277.842,313.2038
2024-02-22,CMIKA,252.5837,252.6413,0.023,0.684,68.4,1.2,2.04,5.28,366.47,232.377,277.842,313.2038
2024-02-22,CMIN,252.5837,252.6413,0.023,0.684,68.4,1.2,2.04,5.28,366.47,232.377,277.842,313.2038
2024-02-22,CMIV,252.5837,252.6413,0.023,0.684,68.4,1.2,2.04,5.28,366.47,232.377,277.842,313.2038
2024-02-22,RCL,120.4435,119.1267,-1.093,0.687,68.7,1.84,3.13,1.34,397.0,110.808,132.4879,149.35
2024-02-22,DLCA,161.6948,161.915,0.136,0.926,92.6,1.43,2.2,5.46,139.82,148.7592,177.8642,200.5015
2024-02-22,PBR,13.489,13.3432,-1.081,0.613,61.3,1.2,2.24,2.04,216.51,12.4099,14.8379,16.7263
2024-02-22,HIMX,9.45,9.45,0.0,0.622,62.2,1.51,4.07,0.93,24.31,8.694,10.395,11.718
2024-02-22,CBRE,91.53,91.38,-0.164,0.64,64.0,1.92,2.22,4.62,180.86,84.2076,100.683,113.4972
2024-02-22,LLL,355.4945,357.0345,0.433,0.793,79.3,1.42,2.21,3.99,168.54,327.0549,391.0439,440.8132
2024-02-22,LNC,355.4945,357.0345,0.433,0.793,79.3,1.42,2.21,3.99,168.54,327.0549,391.0439,440.8132
2024-02-22,LNT,355.4945,357.0345,0.433,0.793,79.3,1.42,2.21,3.99,168.54,327.0549,391.0439,440.8132
2024-02-22,RL,206.6529,208.6506,0.967,0.629,62.9,1.16,2.37,0.82,177.35,190.1206,227.3182,256.2496
2024-02-22,ROL,206.6529,208.6506,0.967,0.629,62.9,1.16,2.37,0.82,177.35,190.1206,227.3182,256.2496
2024-02-22,RTN,206.6529,208.6506,0.967,0.629,62.9,1.16,2.37,0.82,177.35,190.1206,227.3182,256.2496
2024-02-22,RVTY,206.6529,208.6506,0.967,0.629,62.9,1.16,2.37,0.82,177.35,190.1206,227.3182,256.2496
2024-02-22,SBAC,206.6529,208.6506,0.967,0.629,62.9,1.16,2.37,0.82,177.35,190.1206,227.3182,256.2496
2024-02-22,CYBR,251.29,252.0,0.283,0.883,88.3,1.39,3.68,1.03,211.86,231.1868,276.419,311.5996
2024-02-22,CYBR2,251.29,252.0,0.283,0.883,88.3,1.39,3.68,1.03,211.86,231.1868,276.419,311.5996
2024-02-22,EDXC,89.0622,90.1018,1.167,0.743,74.3,1.84,3.9,6.7,174.41,81.9372,97.9684,110.4371
2024-02-22,FIX,246.1361,266.0474,8.09,0.838,83.8,1.15,2.86,6.62,75.3,226.4452,270.7497,305.2088
2024-02-22,BN,27.0568,27.0568,0.0,0.76,76.0,1.16,2.17,2.39,121.35,24.8922,29.7625,33.5504
2024-02-22,COOL,97.78,97.53,-0.256,0.625,62.5,2.17,1.98,3.76,97.07,89.9576,107.558,121.2472
2024-02-22,HPQ,97.78,97.53,-0.256,0.625,62.5,2.17,1.98,3.76,97.07,89.9576,107.558,121.2472
2024-02-22,BLD,404.98,406.5,0.375,0.92,92.0,1.39,2.62,5.91,89.83,372.5816,445.478,502.1752
2024-02-22,CIEN,56.32,56.29,-0.053,0.8,80.0,1.21,2.48,2.84,95.94,51.8144,61.952,69.8368
2024-02-22,ALLB,126.804,124.9361,-1.473,0.83,83.0,1.75,2.31,0.65,95.84,116.6597,139.4844,157.237
2024-02-22,ALLE,126.804,124.9361,-1.473,0.83,83.0,1.75,2.31,0.65,95.84,116.6597,139.4844,157.237
2024-02-22,ASX,9.3224,9.3974,0.805,0.641,64.1,1.48,2.02,5.55,57.01,8.5766,10.2546,11.5598
2024-02-22,MMYT,58.56,58.51,-0.085,0.924,92.4,1.43,4.18,3.81,56.42,53.8752,64.416,72.6144
2024-02-22,BIPH,51.3,51.17,-0.253,0.79,79.0,2.04,4.07,6.7,28.64,47.196,56.43,63.612
2024-02-22,BIPI,51.3,51.17,-0.253,0.79,79.0,2.04,4.07,6.7,28.64,47.196,56.43,63.612
2024-02-22,GGAL,19.4239,19.5052,0.418,0.936,93.6,1.35,4.89,4.96,20.04,17.87,21.3663,24.0856
2024-02-22,KNGRF,72.14,72.2,0.083,0.805,80.5,1.19,3.0,6.14,35.04,66.3688,79.354,89.4536
2024-02-22,BLACW,31.19,31.13,-0.192,0.974,97.4,1.74,4.59,2.1,21.02,28.6948,34.309,38.6756
2024-02-22,ARVLF,46.51,47.0,1.054,0.988,98.8,1.31,6.28,0.56,38.95,42.7892,51.161,57.6724
2024-02-22,ARVN,46.51,47.0,1.054,0.988,98.8,1.31,6.28,0.56,38.95,42.7892,51.161,57.6724
2024-02-23,AMD,176.52,178.78,1.28,0.709,70.9,1.11,4.27,1.82,11030.75,162.3984,194.172,218.8848
2024-02-23,DELL,87.3924,89.5881,2.512,0.78,78.0,1.88,2.66,6.54,325.39,80.401,96.1316,108.3666
2024-02-23,DAL,40.883,40.9222,0.096,0.645,64.5,1.14,2.18,3.71,327.12,37.6124,44.9713,50.6949
2024-02-23,MRNA,96.46,93.68,-2.882,0.827,82.7,1.12,4.64,1.92,390.47,88.7432,106.106,119.6104
2024-02-23,NU,10.22,10.29,0.685,0.839,83.9,1.92,3.29,5.2,409.95,9.4024,11.242,12.6728
2024-02-23,HAL,254.4836,254.5126,0.011,0.695,69.5,1.47,2.04,5.15,390.52,234.125,279.932,315.5597
2024-02-23,HAS,254.4836,254.5126,0.011,0.695,69.5,1.47,2.04,5.15,390.52,234.125,279.932,315.5597
2024-02-23,HBAN,254.4836,254.5126,0.011,0.695,69.5,1.47,2.04,5.15,390.52,234.125,279.932,315.5597
2024-02-23,HBI,254.4836,254.5126,0.011,0.695,69.5,1.47,2.04,5.15,390.52,234.125,279.932,315.5597
2024-02-23,HCP,254.4836,254.5126,0.011,0.695,69.5,1.47,2.04,5.15,390.52,234.125,279.932,315.5597
2024-02-23,CMIIU,253.631,253.6598,0.011,0.699,69.9,1.47,2.04,5.15,389.21,233.3405,278.9941,314.5024
2024-02-23,CMIKA,253.631,253.6598,0.011,0.699,69.9,1.47,2.04,5.15,389.21,233.3405,278.9941,314.5024
2024-02-23,CMIN,253.631,253.6598,0.011,0.699,69.9,1.47,2.04,5.15,389.21,233.3405,278.9941,314.5024
2024-02-23,CMIV,253.631,253.6598,0.011,0.699,69.9,1.47,2.04,5.15,389.21,233.3405,278.9941,314.5024
2024-02-23,HUBB,145.88,145.62,-0.178,0.846,84.6,1.49,2.21,4.64,317.98,134.2096,160.468,180.8912
2024-02-23,HIMX,9.52,9.77,2.626,0.594,59.4,1.29,4.02,1.44,24.12,8.7584,10.472,11.8048
2024-02-23,ARES,125.1462,125.0893,-0.045,0.781,78.1,1.26,2.24,1.55,135.8,115.1345,137.6608,155.1813
2024-02-23,BN,27.1489,27.0831,-0.242,0.773,77.3,2.8,2.16,2.7,122.79,24.977,29.8638,33.6647
2024-02-23,COOL,96.75,96.29,-0.475,0.607,60.7,1.4,1.99,2.56,98.48,89.01,106.425,119.97
2024-02-23,HPQ,96.75,96.29,-0.475,0.607,60.7,1.4,1.99,2.56,98.48,89.01,106.425,119.97
2024-02-23,CRBG,23.5717,23.6093,0.159,0.782,78.2,1.17,2.4,3.45,84.63,21.686,25.9289,29.229
2024-02-23,LH,79.86,79.5,-0.451,0.671,67.1,2.88,2.22,5.97,89.71,73.4712,87.846,99.0264
2024-02-23,LII,79.86,79.5,-0.451,0.671,67.1,2.88,2.22,5.97,89.71,73.4712,87.846,99.0264
2024-02-23,LKQ,79.86,79.5,-0.451,0.671,67.1,2.88,2.22,5.97,89.71,73.4712,87.846,99.0264
2024-02-23,ALLB,126.2466,125.9336,-0.248,0.832,83.2,1.2,2.31,0.08,97.66,116.1468,138.8712,156.5457
2024-02-23,ALLE,126.2466,125.9336,-0.248,0.832,83.2,1.2,2.31,0.08,97.66,116.1468,138.8712,156.5457
2024-02-23,FRPT,92.01,108.47,17.889,0.905,90.5,2.64,2.8,3.82,43.82,84.6492,101.211,114.0924
2024-02-23,MICU,153.34,152.78,-0.365,0.807,80.7,1.28,2.26,5.63,60.37,141.0728,168.674,190.1416
2024-02-23,DVINQ,42.36,43.0,1.511,0.892,89.2,1.11,2.76,2.28,56.75,38.9712,46.596,52.5264
2024-02-23,CLDX,37.75,39.22,3.894,0.872,87.2,1.71,3.77,2.24,26.35,34.73,41.525,46.81
2024-02-23,FOHL,13.53,13.55,0.148,0.868,86.8,2.57,3.46,2.98,40.38,12.4476,14.883,16.7772
2024-02-23,FOLD,13.53,13.55,0.148,0.868,86.8,2.57,3.46,2.98,40.38,12.4476,14.883,16.7772
2024-02-23,BLMN,24.6282,25.2761,2.631,0.592,59.2,1.48,2.84,1.99,27.42,22.6579,27.091,30.539
2024-02-23,BLMT,24.6282,25.2761,2.631,0.592,59.2,1.48,2.84,1.99,27.42,22.6579,27.091,30.539
2024-02-23,MLCI,8.59,8.6,0.116,0.691,69.1,1.4,4.69,0.63,20.21,7.9028,9.449,10.6516
2024-02-23,ARVLF,47.0,46.77,-0.489,0.98,98.0,1.13,6.14,0.61,39.93,43.24,51.7,58.28
2024-02-23,ARVN,47.0,46.77,-0.489,0.98,98.0,1.13,6.14,0.61,39.93,43.24,51.7,58.28
2024-02-26,CRWD,321.03,323.4,0.738,0.95,95.0,1.16,3.63,2.39,1078.22,295.3476,353.133,398.0772
2024-02-26,WDAY,307.21,292.59,-4.759,0.862,86.2,3.04,2.03,2.81,461.4,282.6332,337.931,380.9404
2024-02-26,LOW,222.6608,223.7293,0.48,0.627,62.7,1.16,1.88,3.63,560.65,204.848,244.9269,276.0994
2024-02-26,EW,86.15,86.12,-0.035,0.86,86.0,1.3,2.97,1.95,421.9,79.258,94.765,106.826
2024-02-26,ODFL,220.2032,219.7636,-0.2,0.594,59.4,1.12,2.96,5.73,349.28,202.5869,242.2235,273.0519
2024-02-26,TEVA,13.29,13.15,-1.053,0.907,90.7,1.28,2.9,5.56,174.07,12.2268,14.619,16.4796
2024-02-26,CFG,44.2851,44.4851,0.452,0.944,94.4,1.17,2.7,4.56,104.1,40.7423,48.7136,54.9135
2024-02-26,BBWI,43.9182,44.1165,0.452,0.942,94.2,1.17,2.7,4.56,103.24,40.4047,48.31,54.4585
2024-02-26,BBXIA,43.9182,44.1165,0.452,0.942,94.2,1.17,2.7,4.56,103.24,40.4047,48.31,54.4585
2024-02-26,BBX1,43.9182,44.1165,0.452,0.942,94.2,1.17,2.7,4.56,103.24,40.4047,48.31,54.4585
2024-02-26,INSM,28.75,29.27,1.809,0.76,76.0,1.19,4.32,1.67,47.68,26.45,31.625,35.65
2024-02-26,BLD,409.42,413.66,1.036,0.923,92.3,1.27,2.61,5.89,92.6,376.6664,450.362,507.6808
2024-02-26,CIEN,56.16,56.36,0.356,0.815,81.5,1.15,2.56,1.77,101.45,51.6672,61.776,69.6384
2024-02-26,CRBG,23.0648,23.093,0.122,0.693,69.3,1.19,2.48,1.25,85.82,21.2196,25.3713,28.6004
2024-02-26,LH,80.57,79.71,-1.067,0.718,71.8,2.11,2.29,6.46,97.54,74.1244,88.627,99.9068
2024-02-26,LII,80.57,79.71,-1.067,0.718,71.8,2.11,2.29,6.46,97.54,74.1244,88.627,99.9068
2024-02-26,LKQ,80.57,79.71,-1.067,0.718,71.8,2.11,2.29,6.46,97.54,74.1244,88.627,99.9068
2024-02-26,CRDO,22.31,22.33,0.09,0.751,75.1,1.19,4.41,2.54,49.49,20.5252,24.541,27.6644
2024-02-26,CRDSQ,22.31,22.33,0.09,0.751,75.1,1.19,4.41,2.54,49.49,20.5252,24.541,27.6644
2024-02-26,MICU,154.87,154.92,0.032,0.819,81.9,1.27,2.28,6.18,63.68,142.4804,170.357,192.0388
2024-02-26,JLL,184.84,192.0,3.874,0.704,70.4,1.14,2.54,3.1,53.7,170.0528,203.324,229.2016
2024-02-26,JLMI,184.84,192.0,3.874,0.704,70.4,1.14,2.54,3.1,53.7,170.0528,203.324,229.2016
2024-02-26,CRI,74.1805,77.8499,4.947,0.766,76.6,1.38,2.13,2.27,48.33,68.2461,81.5986,91.9838
2024-02-26,CRIC,74.1805,77.8499,4.947,0.766,76.6,1.38,2.13,2.27,48.33,68.2461,81.5986,91.9838
2024-02-26,IPGP,41.5219,41.6479,0.303,0.585,58.5,1.36,2.04,3.12,46.01,38.2002,45.6741,51.4872
2024-02-26,FLSCQ,41.5219,41.6479,0.303,0.586,58.6,1.36,2.04,3.12,46.01,38.2002,45.6741,51.4872
2024-02-26,HR,83.5,83.85,0.419,0.826,82.6,1.22,2.31,5.39,42.14,76.82,91.85,103.54
2024-02-26,DVINQ,42.5,42.3,-0.471,0.877,87.7,1.13,2.78,2.39,57.94,39.1,46.75,52.7
2024-02-26,DDUP,391.0346,398.5824,1.93,0.893,89.3,1.2,2.8,6.52,33.51,359.7519,430.1381,484.883
2024-02-26,DEA,391.0346,398.5824,1.93,0.893,89.3,1.2,2.8,6.52,33.51,359.7519,430.1381,484.883
2024-02-26,CIFR,3.4,3.6,5.882,0.846,84.6,1.12,11.17,5.8,29.57,3.128,3.74,4.216
2024-02-26,PGNY,39.87,40.4,1.329,0.672,67.2,1.19,3.44,0.45,30.36,36.6804,43.857,49.4388
2024-02-26,PGOL,39.87,40.4,1.329,0.672,67.2,1.19,3.44,0.45,30.36,36.6804,43.857,49.4388
2024-02-26,BLMN,25.0781,25.1951,0.466,0.678,67.8,1.6,2.85,3.53,28.65,23.0719,27.5859,31.0969
2024-02-26,BLMT,25.0781,25.1951,0.466,0.678,67.8,1.6,2.85,3.53,28.65,23.0719,27.5859,31.0969
2024-02-26,BDCC,85.0225,85.6203,0.703,0.862,86.2,1.23,2.72,6.65,29.08,78.2207,93.5248,105.4279
2024-02-26,MLCI,8.59,8.61,0.233,0.698,69.8,1.97,4.65,0.54,21.53,7.9028,9.449,10.6516
2024-02-27,NFLX,60.167,59.579,-0.977,0.781,78.1,1.21,2.23,3.36,2230.13,55.3536,66.1837,74.6071
2024-02-27,LOW,226.5785,229.0908,1.109,0.688,68.8,1.91,2.01,4.9,603.16,208.4522,249.2363,280.9573
2024-02-27,WDC,43.2807,42.7988,-1.113,0.771,77.1,1.12,2.11,1.53,322.99,39.8182,47.6088,53.668
2024-02-27,HAL,258.8894,259.1112,0.086,0.743,74.3,2.53,2.05,5.78,460.03,238.1783,284.7784,321.0229
2024-02-27,HAS,258.8894,259.1112,0.086,0.743,74.3,2.53,2.05,5.78,460.03,238.1783,284.7784,321.0229
2024-02-27,HBAN,258.8894,259.1112,0.086,0.743,74.3,2.53,2.05,5.78,460.03,238.1783,284.7784,321.0229
2024-02-27,HBI,258.8894,259.1112,0.086,0.743,74.3,2.53,2.05,5.78,460.03,238.1783,284.7784,321.0229
2024-02-27,HCP,258.8894,259.1112,0.086,0.743,74.3,2.53,2.05,5.78,460.03,238.1783,284.7784,321.0229
2024-02-27,CMIIU,258.022,258.243,0.086,0.739,73.9,2.53,2.05,5.78,458.49,237.3802,283.8242,319.9472
2024-02-27,CMIKA,258.022,258.243,0.086,0.739,73.9,2.53,2.05,5.78,458.49,237.3802,283.8242,319.9472
2024-02-27,CMIN,258.022,258.243,0.086,0.739,73.9,2.53,2.05,5.78,458.49,237.3802,283.8242,319.9472
2024-02-27,CMIV,258.022,258.243,0.086,0.739,73.9,2.53,2.05,5.78,458.49,237.3802,283.8242,319.9472
2024-02-27,ODFL,217.8178,215.0473,-1.272,0.586,58.6,1.11,2.96,4.04,352.22,200.3924,239.5996,270.0941
2024-02-27,FIS,64.2957,64.2477,-0.075,0.628,62.8,1.72,2.13,6.2,258.98,59.152,70.7252,79.7266
2024-02-27,DPZ,433.509,433.3051,-0.047,0.596,59.6,1.69,1.95,4.34,270.09,398.8283,476.8599,537.5512
2024-02-27,DQ,433.509,433.3051,-0.047,0.596,59.6,1.69,1.95,4.34,270.09,398.8283,476.8599,537.5512
2024-02-27,AXON,271.82,280.7,3.267,0.736,73.6,2.25,2.38,2.63,101.83,250.0744,299.002,337.0568
2024-02-27,WRK,52.3307,51.7981,-1.018,0.629,62.9,1.23,2.05,2.54,151.6,48.1442,57.5637,64.89
2024-02-27,WSM,52.3307,51.7981,-1.018,0.629,62.9,1.23,2.05,2.54,151.6,48.1442,57.5637,64.89
2024-02-27,WST,52.3307,51.7981,-1.018,0.629,62.9,1.23,2.05,2.54,151.6,48.1442,57.5637,64.89
2024-02-27,WU,52.3307,51.7981,-1.018,0.629,62.9,1.23,2.05,2.54,151.6,48.1442,57.5637,64.89
2024-02-27,WY,52.3307,51.7981,-1.018,0.629,62.9,1.23,2.05,2.54,151.6,48.1442,57.5637,64.89
2024-02-27,STX,86.4431,85.8807,-0.65,0.64,64.0,1.57,2.26,3.72,185.7,79.5276,95.0874,107.1894
2024-02-27,VEEV,222.92,222.46,-0.206,0.856,85.6,1.11,2.21,3.41,207.37,205.0864,245.212,276.4208
2024-02-27,VLTO,87.057,86.8586,-0.228,0.69,69.0,1.24,2.18,6.52,129.26,80.0924,95.7627,107.9506
2024-02-27,CFG,45.1517,44.5803,-1.266,0.943,94.3,1.3,2.67,6.09,107.53,41.5396,49.6669,55.9881
2024-02-27,BBWI,44.7776,44.211,-1.266,0.941,94.1,1.3,2.67,6.09,106.64,41.1954,49.2554,55.5243
2024-02-27,BBXIA,44.7776,44.211,-1.266,0.941,94.1,1.3,2.67,6.09,106.64,41.1954,49.2554,55.5243
2024-02-27,BBX1,44.7776,44.211,-1.266,0.941,94.1,1.3,2.67,6.09,106.64,41.1954,49.2554,55.5243
2024-02-27,CYTHW,80.99,77.94,-3.766,0.99,99.0,1.33,4.02,3.27,144.57,74.5108,89.089,100.4276
2024-02-27,FOUR1,76.83,76.19,-0.833,0.623,62.3,2.86,3.85,1.96,75.57,70.6836,84.513,95.2692
2024-02-27,INSM,29.23,28.97,-0.889,0.638,63.8,1.17,4.35,3.18,49.68,26.8916,32.153,36.2452
2024-02-27,BLD,413.15,383.51,-7.174,0.92,92.0,1.34,2.63,6.34,91.06,380.098,454.465,512.306
2024-02-27,AAP,62.0629,63.0022,1.513,0.831,83.1,1.95,3.31,0.4,95.05,57.0979,68.2692,76.958
2024-02-27,LH,77.85,78.13,0.36,0.642,64.2,2.0,2.66,2.69,101.67,71.622,85.635,96.534
2024-02-27,LII,77.85,78.13,0.36,0.642,64.2,2.0,2.66,2.69,101.67,71.622,85.635,96.534
2024-02-27,LKQ,77.85,78.13,0.36,0.642,64.2,2.0,2.66,2.69,101.67,71.622,85.635,96.534
2024-02-27,APLP,69.35,70.45,1.586,0.911,91.1,2.09,3.7,3.33,97.1,63.802,76.285,85.994
2024-02-27,APLS,69.35,70.45,1.586,0.911,91.1,2.09,3.7,3.33,97.1,63.802,76.285,85.994
2024-02-27,MICU,153.48,152.54,-0.612,0.769,76.9,1.36,2.24,4.92,65.46,141.2016,168.828,190.3152
2024-02-27,JLL,186.92,183.65,-1.749,0.705,70.5,1.28,2.69,4.0,55.22,171.9664,205.612,231.7808
2024-02-27,JLMI,186.92,183.65,-1.749,0.705,70.5,1.28,2.69,4.0,55.22,171.9664,205.612,231.7808
2024-02-27,CRI,73.3428,73.3155,-0.037,0.707,70.7,2.61,2.65,0.9,51.34,67.4754,80.6771,90.9451
2024-02-27,CRIC,73.3428,73.3155,-0.037,0.707,70.7,2.61,2.65,0.9,51.34,67.4754,80.6771,90.9451
2024-02-27,DVINQ,41.55,37.6,-9.507,0.835,83.5,1.25,2.82,0.13,58.29,38.226,45.705,51.522
2024-02-27,DDUP,392.9283,386.9767,-1.515,0.887,88.7,1.77,2.84,6.58,35.77,361.494,432.2211,487.2311
2024-02-27,DEA,392.9283,386.9767,-1.515,0.887,88.7,1.77,2.84,6.58,35.77,361.494,432.2211,487.2311
2024-02-27,RKT,11.3084,11.2611,-0.418,0.825,82.5,1.37,3.99,2.18,27.03,10.4037,12.4392,14.0224
2024-02-27,AREA1,9.67,9.534,-1.406,0.983,98.3,1.18,5.57,6.48,56.35,8.8964,10.637,11.9908
2024-02-27,ACAN,26.36,24.64,-6.525,0.699,69.9,1.35,3.62,2.96,40.46,24.2512,28.996,32.6864
2024-02-27,ACAP,26.36,24.64,-6.525,0.699,69.9,1.35,3.62,2.96,40.46,24.2512,28.996,32.6864
2024-02-27,ACAQ,26.36,24.64,-6.525,0.699,69.9,1.35,3.62,2.96,40.46,24.2512,28.996,32.6864
2024-02-27,ACAS,26.36,24.64,-6.525,0.699,69.9,1.35,3.62,2.96,40.46,24.2512,28.996,32.6864
2024-02-27,FOHL,13.85,13.49,-2.599,0.858,85.8,1.6,3.14,4.5,43.4,12.742,15.235,17.174
2024-02-27,FOLD,13.85,13.49,-2.599,0.858,85.8,1.6,3.14,4.5,43.4,12.742,15.235,17.174
2024-02-27,BLMN,24.4212,24.4662,0.184,0.649,64.9,1.62,2.9,0.82,28.91,22.4675,26.8634,30.2823
2024-02-27,BLMT,24.4212,24.4662,0.184,0.649,64.9,1.62,2.9,0.82,28.91,22.4675,26.8634,30.2823
2024-02-27,IBRX,4.59,4.5,-1.961,0.603,60.3,1.15,11.55,6.66,21.01,4.2228,5.049,5.6916
2024-02-27,ARVLF,48.01,47.55,-0.958,0.979,97.9,1.47,6.01,0.57,43.63,44.1692,52.811,59.5324
2024-02-27,ARVN,48.01,47.55,-0.958,0.979,97.9,1.47,6.01,0.57,43.63,44.1692,52.811,59.5324
2024-02-28,SNOW,230.0,181.17,-21.23,0.794,79.4,3.22,3.68,3.08,1388.05,211.6,253.0,285.2
2024-02-28,GS,378.8692,380.835,0.519,0.654,65.4,1.15,1.88,2.45,845.46,348.5597,416.7561,469.7978
2024-02-28,LOW,229.8608,230.0245,0.071,0.761,76.1,1.22,1.95,5.84,618.18,211.472,252.8469,285.0274
2024-02-28,BAX,109.028,109.2329,0.188,0.783,78.3,1.26,2.36,3.34,303.6,100.3058,119.9308,135.1948
2024-02-28,BBT,109.028,109.2329,0.188,0.783,78.3,1.26,2.36,3.34,303.6,100.3058,119.9308,135.1948
2024-02-28,HAL,260.644,261.3478,0.27,0.773,77.3,1.45,2.07,5.89,490.9,239.7925,286.7084,323.1986
2024-02-28,HAS,260.644,261.3478,0.27,0.773,77.3,1.45,2.07,5.89,490.9,239.7925,286.7084,323.1986
2024-02-28,HBAN,260.644,261.3478,0.27,0.773,77.3,1.45,2.07,5.89,490.9,239.7925,286.7084,323.1986
2024-02-28,HBI,260.644,261.3478,0.27,0.773,77.3,1.45,2.07,5.89,490.9,239.7925,286.7084,323.1986
2024-02-28,HCP,260.644,261.3478,0.27,0.773,77.3,1.45,2.07,5.89,490.9,239.7925,286.7084,323.1986
2024-02-28,CMIIU,259.7707,260.4721,0.27,0.77,77.0,1.45,2.07,5.89,489.26,238.989,285.7478,322.1157
2024-02-28,CMIKA,259.7707,260.4721,0.27,0.77,77.0,1.45,2.07,5.89,489.26,238.989,285.7478,322.1157
2024-02-28,CMIN,259.7707,260.4721,0.27,0.77,77.0,1.45,2.07,5.89,489.26,238.989,285.7478,322.1157
2024-02-28,CMIV,259.7707,260.4721,0.27,0.77,77.0,1.45,2.07,5.89,489.26,238.989,285.7478,322.1157
2024-02-28,MLM,559.8319,563.6888,0.689,0.782,78.2,1.19,1.95,6.18,232.66,515.0454,615.8151,694.1916
2024-02-28,BBY,72.4768,75.5058,4.179,0.584,58.4,1.73,2.27,5.89,198.83,66.6787,79.7245,89.8712
2024-02-28,WRK,52.9698,52.9698,-0.0,0.626,62.6,1.57,2.25,3.69,159.62,48.7322,58.2668,65.6826
2024-02-28,WSM,52.9698,52.9698,-0.0,0.626,62.6,1.57,2.25,3.69,159.62,48.7322,58.2668,65.6826
2024-02-28,WST,52.9698,52.9698,-0.0,0.626,62.6,1.57,2.25,3.69,159.62,48.7322,58.2668,65.6826
2024-02-28,WU,52.9698,52.9698,-0.0,0.626,62.6,1.57,2.25,3.69,159.62,48.7322,58.2668,65.6826
2024-02-28,WY,52.9698,52.9698,-0.0,0.626,62.6,1.57,2.25,3.69,159.62,48.7322,58.2668,65.6826
2024-02-28,CLF,20.3,20.37,0.345,0.714,71.4,1.11,2.57,1.98,189.56,18.676,22.33,25.172
2024-02-28,BLD,391.53,393.86,0.595,0.888,88.8,2.56,2.77,0.56,92.17,360.2076,430.683,485.4972
2024-02-28,AAP,63.6636,66.2515,4.065,0.881,88.1,4.03,3.66,3.05,118.64,58.5705,70.0299,78.9428
2024-02-28,LH,76.49,76.8,0.405,0.614,61.4,1.26,2.85,0.78,102.36,70.3708,84.139,94.8476
2024-02-28,LII,76.49,76.8,0.405,0.614,61.4,1.26,2.85,0.78,102.36,70.3708,84.139,94.8476
2024-02-28,LKQ,76.49,76.8,0.405,0.614,61.4,1.26,2.85,0.78,102.36,70.3708,84.139,94.8476
2024-02-28,CRDO,22.17,22.52,1.579,0.813,81.3,2.15,4.8,1.42,55.3,20.3964,24.387,27.4908
2024-02-28,CRDSQ,22.17,22.52,1.579,0.813,81.3,2.15,4.8,1.42,55.3,20.3964,24.387,27.4908
2024-02-28,CRI,74.6176,74.9545,0.452,0.752,75.2,1.43,2.69,2.37,54.09,68.6481,82.0793,92.5258
2024-02-28,CRIC,74.6176,74.9545,0.452,0.752,75.2,1.43,2.69,2.37,54.09,68.6481,82.0793,92.5258
2024-02-28,APG,23.3333,22.9133,-1.8,0.633,63.3,1.6,2.3,1.42,39.5,21.4667,25.6667,28.9333
2024-02-28,HR,83.0,83.92,1.108,0.816,81.6,1.2,2.29,3.98,42.08,76.36,91.3,102.92
2024-02-28,DDUP,376.4079,380.3035,1.035,0.846,84.6,1.39,2.98,1.85,35.73,346.2953,414.0487,466.7458
2024-02-28,DEA,376.4079,380.3035,1.035,0.846,84.6,1.39,2.98,1.85,35.73,346.2953,414.0487,466.7458
2024-02-28,CIFR,3.27,3.3,0.917,0.704,70.4,1.5,11.54,0.92,28.74,3.0084,3.597,4.0548
2024-02-28,RKT,11.3652,11.5544,1.665,0.859,85.9,1.42,4.08,2.99,28.24,10.456,12.5017,14.0928
2024-02-28,KNGRF,72.31,73.46,1.59,0.764,76.4,1.23,2.84,4.59,35.46,66.5252,79.541,89.6644
2024-02-28,BLMN,24.9251,25.1141,0.758,0.718,71.8,1.22,2.97,2.78,29.94,22.9311,27.4177,30.9072
2024-02-28,BLMT,24.9251,25.1141,0.758,0.718,71.8,1.22,2.97,2.78,29.94,22.9311,27.4177,30.9072
2024-02-28,CAN,1.85,1.85,0.0,0.792,79.2,1.27,12.98,5.85,46.37,1.702,2.035,2.294
2024-02-29,AVGO,127.1714,129.6592,1.956,0.747,74.7,1.25,2.03,1.91,2809.14,116.9977,139.8886,157.6926
2024-02-29,CRM,305.1128,303.3146,-0.589,0.768,76.8,3.73,1.99,6.13,1776.06,280.7038,335.6241,378.3399
2024-02-29,CRWD,324.15,319.25,-1.512,0.925,92.5,1.12,3.66,2.22,1103.32,298.218,356.565,401.946
2024-02-29,BAC,33.1331,33.1427,0.029,0.589,58.9,1.17,2.03,3.43,1239.77,30.4825,36.4464,41.085
2024-02-29,AMAT,198.4107,200.5265,1.066,0.896,89.6,1.11,2.64,2.44,1686.48,182.5379,218.2518,246.0293
2024-02-29,GS,374.8896,375.4484,0.149,0.597,59.7,1.42,1.87,1.27,831.29,344.8984,412.3785,464.8631
2024-02-29,MRVL,71.207,73.5222,3.251,0.917,91.7,1.18,3.41,5.08,860.55,65.5104,78.3277,88.2967
2024-02-29,LRCX,92.0373,92.6994,0.719,0.844,84.4,1.44,2.19,1.48,837.14,84.6743,101.241,114.1262
2024-02-29,XBI,97.9141,98.9288,1.036,0.86,86.0,1.71,2.58,6.01,1189.52,90.0809,107.7055,121.4134
2024-02-29,KLAC,672.0463,677.9366,0.876,0.81,81.0,1.14,1.99,2.04,588.61,618.2826,739.251,833.3374
2024-02-29,GM,40.2617,40.0947,-0.415,0.864,86.4,1.11,2.14,5.07,654.39,37.0408,44.2879,49.9246
2024-02-29,ABNB,157.47,157.23,-0.152,0.727,72.7,1.29,3.13,4.68,978.47,144.8724,173.217,195.2628
2024-02-29,TGT,141.8497,142.1466,0.209,0.666,66.6,1.34,1.96,3.75,472.3,130.5018,156.0347,175.8937
2024-02-29,LOW,231.6608,231.2758,-0.166,0.765,76.5,1.16,1.92,6.02,619.29,213.128,254.8269,287.2594
2024-02-29,REGN,960.7616,962.1637,0.146,0.763,76.3,1.55,1.89,0.97,492.57,883.9007,1056.8378,1191.3444
2024-02-29,KKR,97.2638,99.0851,1.873,0.893,89.3,1.48,2.09,3.87,435.51,89.4827,106.9901,120.6071
2024-02-29,BX,120.417,120.417,0.0,0.604,60.4,1.12,2.16,1.19,414.25,110.7837,132.4587,149.3171
2024-02-29,MPWR,709.2405,716.047,0.96,0.874,87.4,1.43,3.72,2.36,427.08,652.5013,780.1646,879.4583
2024-02-29,MPC,163.0394,164.1185,0.662,0.591,59.1,1.78,2.47,0.48,417.54,149.9963,179.3434,202.1689
2024-02-29,AAL,15.68,15.7,0.128,0.793,79.3,1.17,2.6,5.04,445.12,14.4256,17.248,19.4432
2024-02-29,PLD,124.6275,124.4124,-0.173,0.633,63.3,1.53,1.99,1.12,418.0,114.6573,137.0903,154.5382
2024-02-29,VLO,133.4615,134.3955,0.7,0.609,60.9,1.18,2.82,0.71,477.97,122.7845,146.8076,165.4922
2024-02-29,DHI,146.3586,146.4174,0.04,0.669,66.9,1.88,2.03,2.91,294.25,134.65,160.9945,181.4847
2024-02-29,WDC,44.7791,45.9311,2.573,0.828,82.8,1.41,2.13,4.9,323.27,41.1968,49.257,55.5261
2024-02-29,HAL,258.9569,261.261,0.89,0.782,78.2,1.88,2.07,4.58,529.41,238.2403,284.8526,321.1065
2024-02-29,HAS,258.9569,261.261,0.89,0.782,78.2,1.88,2.07,4.58,529.41,238.2403,284.8526,321.1065
2024-02-29,HBAN,258.9569,261.261,0.89,0.782,78.2,1.88,2.07,4.58,529.41,238.2403,284.8526,321.1065
2024-02-29,HBI,258.9569,261.261,0.89,0.782,78.2,1.88,2.07,4.58,529.41,238.2403,284.8526,321.1065
2024-02-29,HCP,258.9569,261.261,0.89,0.782,78.2,1.88,2.07,4.58,529.41,238.2403,284.8526,321.1065
2024-02-29,CMIIU,258.0892,260.3856,0.89,0.779,77.9,1.88,2.07,4.58,527.64,237.4421,283.8981,320.0306
2024-02-29,CMIKA,258.0892,260.3856,0.89,0.779,77.9,1.88,2.07,4.58,527.64,237.4421,283.8981,320.0306
2024-02-29,CMIN,258.0892,260.3856,0.89,0.779,77.9,1.88,2.07,4.58,527.64,237.4421,283.8981,320.0306
2024-02-29,CMIV,258.0892,260.3856,0.89,0.779,77.9,1.88,2.07,4.58,527.64,237.4421,283.8981,320.0306
2024-02-29,URI,681.0729,681.2498,0.026,0.926,92.6,1.25,2.07,5.56,336.91,626.5871,749.1802,844.5304
2024-02-29,COF,134.2671,134.3744,0.08,0.807,80.7,1.17,2.19,1.55,418.39,123.5257,147.6938,166.4912
2024-02-29,SWKS,148.7717,148.7717,-0.0,0.801,80.1,1.73,2.04,3.26,276.46,136.87,163.6489,184.4769
2024-02-29,SYF,148.7717,148.7717,-0.0,0.801,80.1,1.73,2.04,3.26,276.46,136.87,163.6489,184.4769
2024-02-29,SYMC,148.7717,148.7717,-0.0,0.801,80.1,1.73,2.04,3.26,276.46,136.87,163.6489,184.4769
2024-02-29,HUBB,146.68,145.98,-0.477,0.715,71.5,1.18,2.14,3.03,314.27,134.9456,161.348,181.8832
2024-02-29,DPZ,435.5296,435.1896,-0.078,0.629,62.9,1.23,1.92,4.41,279.6,400.6872,479.0826,540.0567
2024-02-29,DQ,435.5296,435.1896,-0.078,0.629,62.9,1.23,1.92,4.41,279.6,400.6872,479.0826,540.0567
2024-02-29,FLUT,217.86,216.56,-0.597,0.932,93.2,1.15,2.18,3.01,32.69,200.4312,239.646,270.1464
2024-02-29,LVS,52.3875,51.3113,-2.054,0.733,73.3,1.34,2.16,2.13,234.01,48.1965,57.6263,64.9605
2024-02-29,IDXX,575.23,575.23,0.0,0.775,77.5,1.26,2.27,2.14,252.25,529.2116,632.753,713.2852
2024-02-29,WRK,53.5702,54.0156,0.832,0.686,68.6,1.54,2.22,4.64,154.08,49.2846,58.9272,66.427
2024-02-29,WSM,53.5702,54.0156,0.832,0.686,68.6,1.54,2.22,4.64,154.08,49.2846,58.9272,66.427
2024-02-29,WST,53.5702,54.0156,0.832,0.686,68.6,1.54,2.22,4.64,154.08,49.2846,58.9272,66.427
2024-02-29,WU,53.5702,54.0156,0.832,0.686,68.6,1.54,2.22,4.64,154.08,49.2846,58.9272,66.427
2024-02-29,WY,53.5702,54.0156,0.832,0.686,68.6,1.54,2.22,4.64,154.08,49.2846,58.9272,66.427
2024-02-29,STX,88.6828,90.5412,2.096,0.761,76.1,1.11,2.17,5.72,175.15,81.5882,97.5511,109.9666
2024-02-29,LYV,96.98,96.93,-0.052,0.684,68.4,1.34,2.53,6.47,250.82,89.2216,106.678,120.2552
2024-02-29,SPG,134.1141,133.933,-0.135,0.728,72.8,1.93,2.19,1.46,234.09,123.385,147.5255,166.3015
2024-02-29,VEEV,225.51,221.25,-1.889,0.857,85.7,1.75,2.17,3.83,219.56,207.4692,248.061,279.6324
2024-02-29,CBRE,91.89,91.44,-0.49,0.615,61.5,1.69,2.2,3.84,194.23,84.5388,101.079,113.9436
2024-02-29,MTDR,1247.22,1241.55,-0.455,0.616,61.6,1.29,2.22,3.78,180.62,1147.4424,1371.942,1546.5528
2024-02-29,UHS,1247.22,1241.55,-0.455,0.616,61.6,1.29,2.22,3.78,180.62,1147.4424,1371.942,1546.5528
2024-02-29,ULTA,1247.22,1241.55,-0.455,0.616,61.6,1.29,2.22,3.78,180.62,1147.4424,1371.942,1546.5528
2024-02-29,UNM,1247.22,1241.55,-0.455,0.616,61.6,1.29,2.22,3.78,180.62,1147.4424,1371.942,1546.5528
2024-02-29,UTX,1247.22,1241.55,-0.455,0.616,61.6,1.29,2.22,3.78,180.62,1147.4424,1371.942,1546.5528
2024-02-29,LPNT,265.4724,265.4824,0.004,0.795,79.5,1.14,2.38,4.91,170.49,244.2346,292.0197,329.1858
2024-02-29,LLL,372.2769,372.2085,-0.018,0.853,85.3,2.24,1.97,6.15,158.65,342.4948,409.5046,461.6234
2024-02-29,LNC,372.2769,372.2085,-0.018,0.853,85.3,2.24,1.97,6.15,158.65,342.4948,409.5046,461.6234
2024-02-29,LNT,372.2769,372.2085,-0.018,0.853,85.3,2.24,1.97,6.15,158.65,342.4948,409.5046,461.6234
2024-02-29,FITB,31.9302,31.6884,-0.757,0.637,63.7,1.15,2.28,2.13,156.26,29.3758,35.1232,39.5934
2024-02-29,PRU,100.3201,100.182,-0.138,0.61,61.0,1.31,1.94,2.82,187.43,92.2944,110.3521,124.3969
2024-02-29,CDW,39.3396,39.3396,0.0,0.604,60.4,1.28,2.7,1.41,161.75,36.1925,43.2736,48.7811
2024-02-29,CE,39.3396,39.3396,0.0,0.604,60.4,1.28,2.7,1.41,161.75,36.1925,43.2736,48.7811
2024-02-29,CELG,39.3396,39.3396,0.0,0.604,60.4,1.28,2.7,1.41,161.75,36.1925,43.2736,48.7811
2024-02-29,CERN,39.3396,39.3396,0.0,0.604,60.4,1.28,2.7,1.41,161.75,36.1925,43.2736,48.7811
2024-02-29,CF,39.3396,39.3396,0.0,0.604,60.4,1.28,2.7,1.41,161.75,36.1925,43.2736,48.7811
2024-02-29,VLTO,85.6984,84.9844,-0.833,0.626,62.6,1.96,2.17,3.66,129.01,78.8425,94.2682,106.266
2024-02-29,CFG,43.5232,42.9517,-1.313,0.916,91.6,2.94,2.85,1.35,116.39,40.0413,47.8755,53.9687
2024-02-29,BBWI,43.1626,42.5959,-1.313,0.914,91.4,2.94,2.85,1.35,115.42,39.7096,47.4788,53.5216
2024-02-29,BBXIA,43.1626,42.5959,-1.313,0.914,91.4,2.94,2.85,1.35,115.42,39.7096,47.4788,53.5216
2024-02-29,BBX1,43.1626,42.5959,-1.313,0.913,91.3,2.94,2.85,1.35,115.42,39.7096,47.4788,53.5216
2024-02-29,STI,24.174,24.3561,0.754,0.739,73.9,1.14,4.25,2.37,104.72,22.24,26.5913,29.9757
2024-02-29,ALLY,34.9965,35.0248,0.081,0.8,80.0,1.12,2.38,1.99,128.05,32.1968,38.4961,43.3956
2024-02-29,BLD,402.38,396.9,-1.362,0.898,89.8,1.41,2.74,2.91,98.64,370.1896,442.618,498.9512
2024-02-29,BLL,62.4617,62.1592,-0.484,0.655,65.5,1.35,2.42,5.44,146.31,57.4648,68.7079,77.4525
2024-02-29,BR,62.4617,62.1592,-0.484,0.655,65.5,1.35,2.42,5.44,146.31,57.4648,68.7079,77.4525
2024-02-29,BRO,62.4617,62.1592,-0.484,0.655,65.5,1.35,2.42,5.44,146.31,57.4648,68.7079,77.4525
2024-02-29,AAP,64.7371,64.7563,0.03,0.85,85.0,1.39,3.81,4.73,123.5,59.5581,71.2108,80.274
2024-02-29,CIEN,56.98,57.14,0.281,0.815,81.5,1.43,2.49,2.23,104.06,52.4216,62.678,70.6552
2024-02-29,CRBG,23.3089,23.4685,0.685,0.829,82.9,3.9,2.55,2.16,107.3,21.4442,25.6398,28.903
2024-02-29,CG,43.3359,43.4776,0.327,0.892,89.2,1.13,2.45,5.08,120.25,39.869,47.6694,53.7365
2024-02-29,EAXR,46.34,46.54,0.432,0.832,83.2,1.19,3.23,2.39,54.17,42.6328,50.974,57.4616
2024-02-29,EB,46.34,46.54,0.432,0.832,83.2,1.19,3.23,2.39,54.17,42.6328,50.974,57.4616
2024-02-29,EBBGF,46.34,46.54,0.432,0.832,83.2,1.19,3.23,2.39,54.17,42.6328,50.974,57.4616
2024-02-29,EBBNF,46.34,46.54,0.432,0.832,83.2,1.19,3.23,2.39,54.17,42.6328,50.974,57.4616
2024-02-29,BORD,92.5,92.19,-0.335,0.75,75.0,1.29,3.24,5.85,86.88,85.1,101.75,114.7
2024-02-29,PFIS,76.77,76.89,0.156,0.744,74.4,1.24,1.99,3.55,79.38,70.6284,84.447,95.1948
2024-02-29,PFL,76.77,76.89,0.156,0.744,74.4,1.24,1.99,3.55,79.38,70.6284,84.447,95.1948
2024-02-29,XRX,26.4876,26.4876,-0.0,0.807,80.7,1.9,2.12,4.13,91.71,24.3686,29.1364,32.8446
2024-02-29,JLL,190.24,189.37,-0.457,0.758,75.8,1.38,2.65,5.22,53.08,175.0208,209.264,235.8976
2024-02-29,JLMI,190.24,189.37,-0.457,0.758,75.8,1.38,2.65,5.22,53.08,175.0208,209.264,235.8976
2024-02-29,CRI,73.707,73.7526,0.062,0.684,68.4,1.18,2.63,0.78,55.08,67.8105,81.0777,91.3967
2024-02-29,CRIC,73.707,73.7526,0.062,0.684,68.4,1.18,2.63,0.78,55.08,67.8105,81.0777,91.3967
2024-02-29,APPHQ,242.09,241.75,-0.14,0.875,87.5,1.34,2.85,3.68,56.55,222.7228,266.299,300.1916
2024-02-29,APG,23.3667,23.5133,0.628,0.61,61.0,2.85,2.35,1.05,43.99,21.4973,25.7033,28.9747
2024-02-29,MMYT,61.69,62.0,0.503,0.948,94.8,1.6,4.0,6.1,53.16,56.7548,67.859,76.4956
2024-02-29,HR,82.61,82.59,-0.024,0.771,77.1,1.7,2.32,3.04,43.06,76.0012,90.871,102.4364
2024-02-29,NSIX,188.0,188.64,0.34,0.749,74.9,1.48,2.51,0.96,56.3,172.96,206.8,233.12
2024-02-29,CVLL,95.71,95.68,-0.031,0.868,86.8,1.24,2.11,1.8,32.77,88.0532,105.281,118.6804
2024-02-29,DDUP,373.9911,375.7496,0.47,0.796,79.6,1.35,3.04,0.86,36.29,344.0719,411.3903,463.749
2024-02-29,DEA,373.9911,375.7496,0.47,0.796,79.6,1.35,3.04,0.86,36.29,344.0719,411.3903,463.749
2024-02-29,BAP,158.2876,159.3992,0.702,0.904,90.4,1.31,2.41,5.53,42.41,145.6246,174.1163,196.2766
2024-02-29,BFNBQ,37.1144,37.192,0.209,0.894,89.4,1.32,3.36,5.12,21.64,34.1453,40.8259,46.0219
2024-02-29,BFNH,37.1144,37.192,0.209,0.894,89.4,1.32,3.36,5.12,21.64,34.1453,40.8259,46.0219
2024-02-29,AFG,113.3651,112.8945,-0.415,0.6,60.0,1.21,2.03,4.77,51.42,104.2959,124.7016,140.5727
2024-02-29,AFGB,113.3651,112.8945,-0.415,0.6,60.0,1.21,2.03,4.77,51.42,104.2959,124.7016,140.5727
2024-02-29,ARCC1,141.2864,141.3952,0.077,0.675,67.5,1.27,3.69,3.07,48.08,129.9835,155.4151,175.1952
2024-02-29,ARCE,141.2864,141.3952,0.077,0.675,67.5,1.27,3.69,3.07,48.08,129.9835,155.4151,175.1952
2024-02-29,ARCH,141.2865,141.3952,0.077,0.672,67.2,1.27,3.69,3.07,48.08,129.9835,155.4151,175.1952
2024-02-29,ARCHQ,141.2865,141.3952,0.077,0.672,67.2,1.27,3.69,3.07,48.08,129.9835,155.4151,175.1952
2024-02-29,ARCIU,141.2865,141.3952,0.077,0.672,67.2,1.27,3.69,3.07,48.08,129.9835,155.4151,175.1952
2024-02-29,ARCK,141.2865,141.3952,0.077,0.672,67.2,1.27,3.69,3.07,48.08,129.9835,155.4151,175.1952
2024-02-29,ARWM,32.1,32.36,0.81,0.927,92.7,1.61,5.86,3.01,53.99,29.532,35.31,39.804
2024-02-29,ARWR,32.1,32.36,0.81,0.927,92.7,1.61,5.86,3.01,53.99,29.532,35.31,39.804
2024-02-29,AZTR,65.15,65.46,0.476,0.595,59.5,1.11,2.71,0.46,28.25,59.938,71.665,80.786
2024-02-29,AZUL,65.15,65.46,0.476,0.595,59.5,1.11,2.71,0.46,28.25,59.938,71.665,80.786
2024-02-29,BLMN,24.4572,24.6372,0.736,0.622,62.2,1.35,3.03,0.75,30.07,22.5007,26.903,30.327
2024-02-29,BLMT,24.4572,24.6372,0.736,0.622,62.2,1.35,3.03,0.75,30.07,22.5007,26.903,30.327
2024-02-29,MYRX,162.46,164.48,1.243,0.866,86.6,3.26,3.04,3.62,23.47,149.4632,178.706,201.4504
2024-03-01,TSM,130.2756,136.1521,4.511,0.926,92.6,1.74,2.68,5.14,1824.32,119.8535,143.3031,161.5417
2024-03-01,NFLX,61.934,62.156,0.358,0.862,86.2,1.29,2.16,4.75,2052.91,56.9793,68.1274,76.7982
2024-03-01,QCOM,157.2289,159.1859,1.245,0.593,59.3,1.29,1.93,5.02,1266.68,144.6506,172.9518,194.9638
2024-03-01,ASML,974.1629,975.7947,0.168,0.943,94.3,1.54,2.05,6.68,1077.24,896.2299,1071.5792,1207.962
2024-03-01,LRCX,96.2828,97.2284,0.982,0.838,83.8,1.19,2.42,5.39,900.62,88.5802,105.9111,119.3907
2024-03-01,KLAC,706.7863,713.8584,1.001,0.806,80.6,1.27,2.25,6.28,626.06,650.2434,777.4649,876.415
2024-03-01,CDNS,315.24,315.24,0.0,0.598,59.8,1.3,2.24,4.87,447.9,290.0208,346.764,390.8976
2024-03-01,KKR,97.927,94.9871,-3.002,0.887,88.7,1.2,2.13,3.97,446.56,90.0928,107.7197,121.4294
2024-03-01,BAX,108.2673,107.3408,-0.856,0.827,82.7,1.17,2.35,1.56,301.39,99.6059,119.094,134.2515
2024-03-01,BBT,108.2673,107.3408,-0.856,0.827,82.7,1.17,2.35,1.56,301.39,99.6059,119.094,134.2515
2024-03-01,ADSK,264.74,263.01,-0.653,0.777,77.7,2.78,2.04,2.52,366.42,243.5608,291.214,328.2776
2024-03-01,TER,105.1138,105.8683,0.718,0.629,62.9,1.21,2.53,5.33,173.97,96.7047,115.6252,130.3411
2024-03-01,LYV,97.15,97.37,0.226,0.684,68.4,1.29,2.46,6.2,254.84,89.378,106.865,120.466
2024-03-01,VEEV,222.01,223.0,0.446,0.829,82.9,2.49,2.25,1.8,220.2,204.2492,244.211,275.2924
2024-03-01,EVRG,78.6357,78.5689,-0.085,0.581,58.1,1.26,2.37,5.63,177.57,72.3448,86.4992,97.5082
2024-03-01,EXE,78.6357,78.5689,-0.085,0.581,58.1,1.26,2.37,5.63,177.57,72.3448,86.4992,97.5082
2024-03-01,EXPD,78.6357,78.5689,-0.085,0.581,58.1,1.26,2.37,5.63,177.57,72.3448,86.4992,97.5082
2024-03-01,CFG,43.5041,43.7041,0.46,0.831,83.1,1.5,2.91,1.04,119.56,40.0238,47.8545,53.9451
2024-03-01,BBWI,43.1437,43.342,0.46,0.832,83.2,1.5,2.91,1.04,118.57,39.6922,47.4581,53.4982
2024-03-01,BBXIA,43.1437,43.342,0.46,0.832,83.2,1.5,2.91,1.04,118.57,39.6922,47.4581,53.4982
2024-03-01,BBX1,43.1437,43.342,0.46,0.831,83.1,1.5,2.91,1.04,118.57,39.6922,47.4581,53.4982
2024-03-01,BLD,410.61,414.94,1.055,0.881,88.1,1.48,2.8,4.58,104.71,377.7612,451.671,509.1564
2024-03-01,CRBG,22.9991,23.1024,0.449,0.79,79.0,1.42,2.53,0.58,108.15,21.1592,25.299,28.5189
2024-03-01,MICU,154.15,154.93,0.506,0.685,68.5,1.25,2.1,4.45,67.31,141.818,169.565,191.146
2024-03-01,ASX,9.2943,9.4068,1.211,0.661,66.1,1.41,1.98,4.03,57.41,8.5507,10.2237,11.5249
2024-03-01,JLL,192.86,192.59,-0.14,0.753,75.3,1.16,2.59,6.3,53.81,177.4312,212.146,239.1464
2024-03-01,JLMI,192.86,192.59,-0.14,0.753,75.3,1.16,2.59,6.3,53.81,177.4312,212.146,239.1464
2024-03-01,KIM,34.8146,34.8146,-0.0,0.672,67.2,1.55,3.31,0.42,63.12,32.0294,38.296,43.17
2024-03-01,KMX,34.8146,34.8146,-0.0,0.672,67.2,1.55,3.31,0.42,63.12,32.0294,38.296,43.17
2024-03-01,KSS,34.8146,34.8146,-0.0,0.672,67.2,1.55,3.31,0.42,63.12,32.0294,38.296,43.17
2024-03-01,KSU,34.8146,34.8146,-0.0,0.672,67.2,1.55,3.31,0.42,63.12,32.0294,38.296,43.17
2024-03-01,ALGM,32.48,32.45,-0.092,0.755,75.5,1.11,3.11,5.37,62.38,29.8816,35.728,40.2752
2024-03-01,BAM,38.871,38.6746,-0.505,0.746,74.6,1.12,2.09,3.39,44.75,35.7613,42.7581,48.2
2024-03-01,NXEN,7.72,7.8,1.036,0.68,68.0,2.19,4.52,4.11,50.73,7.1024,8.492,9.5728
2024-03-01,BFNBQ,37.1144,37.0756,-0.104,0.882,88.2,1.39,3.14,4.8,22.15,34.1453,40.8259,46.0219
2024-03-01,BFNH,37.1144,37.0756,-0.104,0.882,88.2,1.39,3.14,4.8,22.15,34.1453,40.8259,46.0219
2024-03-01,SATS,13.22,12.87,-2.648,0.717,71.7,2.44,5.83,0.57,22.57,12.1624,14.542,16.3928
2024-03-01,BLMN,25.1861,25.0601,-0.5,0.664,66.4,1.49,3.13,3.64,32.06,23.1712,27.7047,31.2307
2024-03-01,BLMT,25.1861,25.0601,-0.5,0.664,66.4,1.49,3.13,3.64,32.06,23.1712,27.7047,31.2307
2024-03-01,ACIW,32.13,32.23,0.311,0.702,70.2,1.28,2.48,4.89,21.0,29.5596,35.343,39.8412
2024-03-01,MYRX,166.28,166.77,0.295,0.868,86.8,1.16,3.01,5.45,24.5,152.9776,182.908,206.1872
2024-03-04,BAC,33.7378,33.5266,-0.626,0.642,64.2,1.33,2.01,4.85,1245.65,31.0388,37.1116,41.8349
2024-03-04,MARA,25.71,24.71,-3.89,0.967,96.7,1.38,12.03,3.22,2221.36,23.6532,28.281,31.8804
2024-03-04,F,11.3844,11.3039,-0.706,0.804,80.4,1.4,2.75,4.04,664.07,10.4736,12.5228,14.1166
2024-03-04,KKR,97.6201,97.0064,-0.629,0.879,87.9,1.59,2.21,3.15,468.81,89.8105,107.3821,121.0489
2024-03-04,CLSK,16.47,16.0,-2.854,0.973,97.3,1.32,14.67,5.93,767.57,15.1524,18.117,20.4228
2024-03-04,CLSR,16.47,16.0,-2.854,0.973,97.3,1.32,14.67,5.93,767.57,15.1524,18.117,20.4228
2024-03-04,CLST,16.47,16.0,-2.854,0.973,97.3,1.32,14.67,5.93,767.57,15.1524,18.117,20.4228
2024-03-04,MPWR,724.646,711.5258,-1.811,0.891,89.1,1.28,3.73,2.9,455.41,666.6743,797.1106,898.561
2024-03-04,MPC,167.3941,166.9124,-0.288,0.673,67.3,1.22,2.43,2.71,432.15,154.0026,184.1335,207.5687
2024-03-04,BAX,108.6087,108.4623,-0.135,0.801,80.1,1.16,2.39,1.48,308.19,99.92,119.4695,134.6747
2024-03-04,BBT,108.6087,108.4623,-0.135,0.801,80.1,1.16,2.39,1.48,308.19,99.92,119.4695,134.6747
2024-03-04,VLO,136.5182,136.4145,-0.076,0.647,64.7,1.23,2.63,2.58,475.03,125.5968,150.1701,169.2826
2024-03-04,ADSK,260.7,257.35,-1.285,0.696,69.6,1.39,2.02,0.87,365.42,239.844,286.77,323.268
2024-03-04,DHI,149.3261,149.1107,-0.144,0.67,67.0,1.28,2.04,4.57,291.98,137.38,164.2587,185.1644
2024-03-04,HAL,261.5598,260.9043,-0.251,0.722,72.2,1.66,2.01,4.47,592.44,240.6351,287.7158,324.3342
2024-03-04,HAS,261.5598,260.9043,-0.251,0.722,72.2,1.66,2.01,4.47,592.44,240.6351,287.7158,324.3342
2024-03-04,HBAN,261.5598,260.9043,-0.251,0.722,72.2,1.66,2.01,4.47,592.44,240.6351,287.7158,324.3342
2024-03-04,HBI,261.5598,260.9043,-0.251,0.722,72.2,1.66,2.01,4.47,592.44,240.6351,287.7158,324.3342
2024-03-04,HCP,261.5598,260.9043,-0.251,0.722,72.2,1.66,2.01,4.47,592.44,240.6351,287.7158,324.3342
2024-03-04,CMIIU,260.6835,260.0302,-0.251,0.727,72.7,1.66,2.01,4.47,590.45,239.8288,286.7519,323.2475
2024-03-04,CMIKA,260.6835,260.0302,-0.251,0.727,72.7,1.66,2.01,4.47,590.45,239.8288,286.7519,323.2475
2024-03-04,CMIN,260.6835,260.0302,-0.251,0.727,72.7,1.66,2.01,4.47,590.45,239.8288,286.7519,323.2475
2024-03-04,CMIV,260.6835,260.0302,-0.251,0.727,72.7,1.66,2.01,4.47,590.45,239.8288,286.7519,323.2475
2024-03-04,EW,87.02,86.79,-0.264,0.835,83.5,1.53,2.6,0.72,386.35,80.0584,95.722,107.9048
2024-03-04,DLCA,172.0736,172.3033,0.134,0.887,88.7,1.52,1.95,6.49,153.85,158.3077,189.2809,213.3712
2024-03-04,VEEV,226.0,223.4,-1.15,0.845,84.5,1.21,2.22,3.17,228.23,207.92,248.6,280.24
2024-03-04,TCOM,42.3741,41.9461,-1.01,0.86,86.0,1.13,2.48,1.46,198.08,38.9841,46.6115,52.5438
2024-03-04,SEDG,13.4016,13.3004,-0.754,0.602,60.2,1.12,2.97,4.67,221.7,12.3294,14.7417,16.6179
2024-03-04,SEE,13.4016,13.3004,-0.754,0.602,60.2,1.12,2.97,4.67,221.7,12.3294,14.7417,16.6179
2024-03-04,KEX,13.2702,13.17,-0.754,0.604,60.4,1.12,2.97,4.67,219.53,12.2086,14.5972,16.455
2024-03-04,MTDR,1286.54,1285.0,-0.12,0.707,70.7,1.1,2.29,6.52,192.47,1183.6168,1415.194,1595.3096
2024-03-04,UHS,1286.54,1285.0,-0.12,0.707,70.7,1.1,2.29,6.52,192.47,1183.6168,1415.194,1595.3096
2024-03-04,ULTA,1286.54,1285.0,-0.12,0.707,70.7,1.1,2.29,6.52,192.47,1183.6168,1415.194,1595.3096
2024-03-04,UNM,1286.54,1285.0,-0.12,0.707,70.7,1.1,2.29,6.52,192.47,1183.6168,1415.194,1595.3096
2024-03-04,UTX,1286.54,1285.0,-0.12,0.707,70.7,1.1,2.29,6.52,192.47,1183.6168,1415.194,1595.3096
2024-03-04,FITB,32.9902,32.953,-0.113,0.711,71.1,1.47,2.19,5.18,159.63,30.351,36.2892,40.9078
2024-03-04,TEVA,13.44,13.48,0.298,0.893,89.3,1.32,2.51,4.24,142.83,12.3648,14.784,16.6656
2024-03-04,CDW,40.8586,41.8777,2.494,0.731,73.1,1.5,2.78,4.56,175.57,37.5899,44.9445,50.6647
2024-03-04,CE,40.8586,41.8777,2.494,0.731,73.1,1.5,2.78,4.56,175.57,37.5899,44.9445,50.6647
2024-03-04,CELG,40.8586,41.8777,2.494,0.731,73.1,1.5,2.78,4.56,175.57,37.5899,44.9445,50.6647
2024-03-04,CERN,40.8586,41.8777,2.494,0.731,73.1,1.5,2.78,4.56,175.57,37.5899,44.9445,50.6647
2024-03-04,CF,40.8586,41.8777,2.494,0.731,73.1,1.5,2.78,4.56,175.57,37.5899,44.9445,50.6647
2024-03-04,CFG,43.4756,43.2375,-0.548,0.872,87.2,1.72,2.86,0.71,125.84,39.9975,47.8231,53.9097
2024-03-04,BBWI,43.1154,42.8792,-0.548,0.87,87.0,1.72,2.86,0.71,124.8,39.6661,47.4269,53.463
2024-03-04,BBXIA,43.1154,42.8792,-0.548,0.87,87.0,1.72,2.86,0.71,124.8,39.6661,47.4269,53.463
2024-03-04,BBX1,43.1154,42.8792,-0.548,0.873,87.3,1.72,2.86,0.71,124.8,39.6661,47.4269,53.463
2024-03-04,JBLU,6.75,6.62,-1.926,0.939,93.9,1.13,4.76,4.28,113.19,6.21,7.425,8.37
2024-03-04,APPHQ,238.75,235.98,-1.16,0.794,79.4,1.21,2.67,1.67,55.43,219.65,262.625,296.05
2024-03-04,ALGM,31.08,30.68,-1.287,0.668,66.8,1.72,3.24,0.44,59.36,28.5936,34.188,38.5392
2024-03-04,BAM,38.8149,38.7962,-0.048,0.718,71.8,1.32,2.07,3.04,46.18,35.7097,42.6964,48.1304
2024-03-04,CVLL,97.92,97.46,-0.47,0.851,85.1,1.12,1.93,3.84,31.26,90.0864,107.712,121.4208
2024-03-04,BANC,13.8698,13.7561,-0.82,0.702,70.2,1.21,3.46,4.65,31.16,12.7603,15.2568,17.1986
2024-03-04,GFIG,68.7257,68.559,-0.243,0.926,92.6,1.14,2.87,3.61,29.21,63.2276,75.5983,85.2199
2024-03-04,BLMN,25.6,25.3641,-0.922,0.735,73.5,1.88,3.1,5.12,34.67,23.552,28.16,31.744
2024-03-04,BLMT,25.6,25.3641,-0.922,0.735,73.5,1.88,3.1,5.12,34.67,23.552,28.16,31.744
2024-03-05,NFLX,59.85,60.299,0.75,0.803,80.3,1.18,2.01,0.29,1949.12,55.062,65.835,74.214
2024-03-05,CRM,295.1636,300.9929,1.975,0.754,75.4,1.36,2.23,1.4,1949.74,271.5505,324.68,366.0029
2024-03-05,BAC,33.9681,34.2177,0.735,0.669,66.9,1.28,2.07,5.15,1260.98,31.2507,37.365,42.1205
2024-03-05,GS,376.6818,380.623,1.046,0.638,63.8,1.22,1.87,1.43,831.5,346.5473,414.35,467.0855
2024-03-05,LRCX,94.4749,95.8071,1.41,0.651,65.1,1.43,2.17,2.16,864.14,86.9169,103.9224,117.1489
2024-03-05,KLAC,695.2622,701.0735,0.836,0.588,58.8,1.32,2.12,2.86,583.56,639.6412,764.7884,862.1251
2024-03-05,GM,39.9375,39.9375,-0.0,0.813,81.3,1.22,2.15,3.25,620.79,36.7425,43.9313,49.5225
2024-03-05,HAL,261.5984,261.6177,0.007,0.715,71.5,2.32,2.01,3.85,652.68,240.6706,287.7583,324.3821
2024-03-05,HAS,261.5984,261.6177,0.007,0.715,71.5,2.32,2.01,3.85,652.68,240.6706,287.7583,324.3821
2024-03-05,HBAN,261.5984,261.6177,0.007,0.715,71.5,2.32,2.01,3.85,652.68,240.6706,287.7583,324.3821
2024-03-05,HBI,261.5984,261.6177,0.007,0.715,71.5,2.32,2.01,3.85,652.68,240.6706,287.7583,324.3821
2024-03-05,HCP,261.5984,261.6177,0.007,0.715,71.5,2.32,2.01,3.85,652.68,240.6706,287.7583,324.3821
2024-03-05,CMIIU,260.722,260.7411,0.007,0.712,71.2,2.32,2.01,3.85,650.49,239.8642,286.7941,323.2952
2024-03-05,CMIKA,260.722,260.7411,0.007,0.712,71.2,2.32,2.01,3.85,650.49,239.8642,286.7941,323.2952
2024-03-05,CMIN,260.722,260.7411,0.007,0.712,71.2,2.32,2.01,3.85,650.49,239.8642,286.7941,323.2952
2024-03-05,CMIV,260.722,260.7411,0.007,0.712,71.2,2.32,2.01,3.85,650.49,239.8642,286.7941,323.2952
2024-03-05,URI,667.4175,675.3258,1.185,0.939,93.9,1.65,2.12,2.26,328.37,614.0241,734.1592,827.5977
2024-03-05,TFC,34.0397,34.1315,0.27,0.597,59.7,1.19,2.51,4.24,321.07,31.3165,37.4437,42.2092
2024-03-05,AIG,70.8565,70.7127,-0.203,0.593,59.3,1.13,1.94,4.63,332.6,65.188,77.9422,87.8621
2024-03-05,LYV,98.2,98.74,0.55,0.741,74.1,1.92,2.55,6.11,281.33,90.344,108.02,121.768
2024-03-05,VEEV,221.64,224.0,1.065,0.816,81.6,1.56,2.23,0.78,233.31,203.9088,243.804,274.8336
2024-03-05,CLF,20.28,20.54,1.282,0.662,66.2,1.18,2.45,1.39,167.88,18.6576,22.308,25.1472
2024-03-05,TEVA,13.54,13.58,0.295,0.919,91.9,1.15,2.54,4.54,142.28,12.4568,14.894,16.7896
2024-03-05,CDW,40.7721,40.8105,0.094,0.734,73.4,1.53,2.9,3.81,183.9,37.5103,44.8493,50.5574
2024-03-05,CE,40.7721,40.8105,0.094,0.734,73.4,1.53,2.9,3.81,183.9,37.5103,44.8493,50.5574
2024-03-05,CELG,40.7721,40.8105,0.094,0.734,73.4,1.53,2.9,3.81,183.9,37.5103,44.8493,50.5574
2024-03-05,CERN,40.7721,40.8105,0.094,0.734,73.4,1.53,2.9,3.81,183.9,37.5103,44.8493,50.5574
2024-03-05,CF,40.7721,40.8105,0.094,0.734,73.4,1.53,2.9,3.81,183.9,37.5103,44.8493,50.5574
2024-03-05,VLTO,87.761,88.0783,0.362,0.67,67.0,1.11,2.13,4.06,132.66,80.7401,96.5371,108.8237
2024-03-05,EPAM,306.5,308.49,0.649,0.72,72.0,1.31,2.48,3.08,183.37,281.98,337.15,380.06
2024-03-05,PQUEQ,14.2414,14.4334,1.349,0.819,81.9,1.26,2.89,6.58,156.12,13.102,15.6655,17.6593
2024-03-05,PRA,14.2414,14.4334,1.349,0.819,81.9,1.26,2.89,6.58,156.12,13.102,15.6655,17.6593
2024-03-05,STI,24.3561,23.9745,-1.567,0.815,81.5,1.31,4.2,2.15,103.11,22.4076,26.7917,30.2016
2024-03-05,ALLY,34.5329,34.1544,-1.096,0.821,82.1,1.27,2.5,0.44,124.78,31.7702,37.9862,42.8208
2024-03-05,AER,77.9298,78.6367,0.907,0.64,64.0,1.46,2.03,2.33,127.31,71.6954,85.7227,96.6329
2024-03-05,BLD,401.83,406.21,1.09,0.856,85.6,1.16,2.79,1.63,107.99,369.6836,442.013,498.2692
2024-03-05,CLGX,189.8,191.1,0.685,0.66,66.0,1.37,2.37,3.99,68.22,174.616,208.78,235.352
2024-03-05,MMYT,58.76,60.0,2.11,0.915,91.5,1.27,4.02,0.4,47.89,54.0592,64.636,72.8624
2024-03-05,BFNBQ,36.6587,36.9108,0.688,0.874,87.4,1.94,3.34,2.7,23.11,33.726,40.3246,45.4568
2024-03-05,BFNH,36.6587,36.9108,0.688,0.874,87.4,1.94,3.34,2.7,23.11,33.726,40.3246,45.4568
2024-03-05,AREA1,9.59,9.78,1.981,0.985,98.5,1.38,5.78,4.48,57.71,8.8228,10.549,11.8916
2024-03-05,ASAPQ,19.8859,19.8488,-0.187,0.611,61.1,1.24,2.6,5.37,29.32,18.295,21.8745,24.6585
2024-03-05,ASAQ,19.8859,19.8488,-0.187,0.611,61.1,1.24,2.6,5.37,29.32,18.295,21.8745,24.6585
2024-03-06,CRM,300.1234,302.3267,0.734,0.788,78.8,1.21,2.16,2.79,2043.47,276.1135,330.1358,372.153
2024-03-06,CRWD,329.57,329.75,0.055,0.914,91.4,4.34,4.22,3.15,1750.21,303.2044,362.527,408.6668
2024-03-06,BAC,33.9969,34.1697,0.508,0.659,65.9,1.29,2.1,4.84,1299.38,31.2772,37.3966,42.1562
2024-03-06,ASML,986.9329,998.4742,1.169,0.938,93.8,1.14,2.19,6.49,1127.93,907.9783,1085.6262,1223.7968
2024-03-06,GS,375.3906,377.6358,0.598,0.595,59.5,1.19,1.96,0.98,851.26,345.3594,412.9297,465.4844
2024-03-06,LRCX,96.3152,97.0166,0.728,0.702,70.2,1.45,2.18,3.27,950.38,88.61,105.9467,119.4308
2024-03-06,C,53.9743,54.2098,0.436,0.727,72.7,1.2,1.9,3.88,801.17,49.6563,59.3717,66.9281
2024-03-06,KLAC,704.7081,708.4707,0.534,0.647,64.7,1.22,2.14,3.3,613.92,648.3314,775.1789,873.838
2024-03-06,PSX,137.9644,138.8104,0.613,0.711,71.1,1.11,1.97,1.44,400.71,126.9272,151.7608,171.0758
2024-03-06,HUBB,149.14,151.0,1.247,0.693,69.3,1.49,1.95,3.17,335.95,137.2088,164.054,184.9336
2024-03-06,AIG,71.748,71.9397,0.267,0.618,61.8,1.11,2.01,5.49,345.46,66.0081,78.9228,88.9675
2024-03-06,STX,89.7216,90.1886,0.52,0.768,76.8,2.25,2.66,4.45,210.94,82.5439,98.6938,111.2548
2024-03-06,DLCA,172.897,174.9172,1.168,0.892,89.2,2.27,2.16,5.5,168.85,159.0652,190.1867,214.3922
2024-03-06,SPG,137.8983,138.4669,0.412,0.65,65.0,1.18,2.06,2.65,216.83,126.8665,151.6882,170.9939
2024-03-06,FOXA,31.0892,31.3578,0.864,0.666,66.6,1.7,2.87,6.41,176.56,28.602,34.1981,38.5506
2024-03-06,FRC,31.0892,31.3578,0.864,0.666,66.6,1.7,2.87,6.41,176.56,28.602,34.1981,38.5506
2024-03-06,FRT,31.0892,31.3578,0.864,0.666,66.6,1.7,2.87,6.41,176.56,28.602,34.1981,38.5506
2024-03-06,FTI,31.0892,31.3578,0.864,0.666,66.6,1.7,2.87,6.41,176.56,28.602,34.1981,38.5506
2024-03-06,FITB,33.5109,33.7061,0.583,0.698,69.8,1.17,2.34,5.96,162.16,30.83,36.862,41.5535
2024-03-06,NXT,58.48,58.85,0.633,0.948,94.8,1.14,3.84,0.41,173.23,53.8016,64.328,72.5152
2024-03-06,PQUEQ,14.2962,14.4609,1.152,0.801,80.1,1.92,2.81,6.08,168.85,13.1525,15.7259,17.7273
2024-03-06,PRA,14.2962,14.4609,1.152,0.801,80.1,1.92,2.81,6.08,168.85,13.1525,15.7259,17.7273
2024-03-06,EDXC,94.1911,92.191,-2.123,0.721,72.1,1.14,3.13,4.56,151.97,86.6558,103.6102,116.7969
2024-03-06,SCCO,74.1975,76.431,3.01,0.615,61.5,1.15,1.94,0.42,59.59,68.2617,81.6173,92.0049
2024-03-06,CRI,75.437,75.5281,0.121,0.585,58.5,1.11,2.68,1.94,62.4,69.4021,82.9807,93.5419
2024-03-06,CRIC,75.437,75.5281,0.121,0.585,58.5,1.11,2.68,1.94,62.4,69.4021,82.9807,93.5419
2024-03-06,MMYT,60.45,60.62,0.281,0.907,90.7,1.25,3.92,2.98,50.4,55.614,66.495,74.958
2024-03-06,CVLL,99.42,99.6,0.181,0.889,88.9,1.16,1.89,4.91,31.99,91.4664,109.362,123.2808
2024-03-06,BAP,161.0665,161.6408,0.357,0.926,92.6,1.18,2.35,4.58,42.16,148.1812,177.1732,199.7225
2024-03-06,BANC,14.1258,14.3059,1.275,0.758,75.8,1.47,3.4,5.17,31.91,12.9957,15.5384,17.516
2024-03-07,META,509.1767,511.1649,0.39,0.876,87.6,1.27,1.97,3.98,7433.98,468.4426,560.0944,631.3791
2024-03-07,LLY,770.7111,770.5531,-0.021,0.873,87.3,1.18,2.42,2.32,2594.57,709.0542,847.7822,955.6818
2024-03-07,CRWD,329.68,331.0,0.4,0.908,90.8,1.74,4.25,2.99,1844.95,303.3056,362.648,408.8032
2024-03-07,LRCX,97.562,97.3805,-0.186,0.687,68.7,1.13,2.12,4.06,946.44,89.757,107.3182,120.9769
2024-03-07,MPWR,756.0873,758.8649,0.367,0.895,89.5,1.25,3.7,5.22,467.27,695.6003,831.696,937.5482
2024-03-07,VLO,140.6034,140.2543,-0.248,0.787,78.7,1.11,2.59,4.97,457.06,129.3551,154.6637,174.3482
2024-03-07,HAL,256.6432,257.7325,0.424,0.647,64.7,3.63,1.91,1.05,840.51,236.1117,282.3075,318.2376
2024-03-07,HAS,256.6432,257.7325,0.424,0.647,64.7,3.63,1.91,1.05,840.51,236.1117,282.3075,318.2376
2024-03-07,HBAN,256.6432,257.7325,0.424,0.647,64.7,3.63,1.91,1.05,840.51,236.1117,282.3075,318.2376
2024-03-07,HBI,256.6432,257.7325,0.424,0.647,64.7,3.63,1.91,1.05,840.51,236.1117,282.3075,318.2376
2024-03-07,HCP,256.6432,257.7325,0.424,0.647,64.7,3.63,1.91,1.05,840.51,236.1117,282.3075,318.2376
2024-03-07,CMIIU,255.7832,256.869,0.424,0.644,64.4,3.63,1.91,1.05,837.69,235.3206,281.3616,317.1712
2024-03-07,CMIKA,255.7832,256.869,0.424,0.644,64.4,3.63,1.91,1.05,837.69,235.3206,281.3616,317.1712
2024-03-07,CMIN,255.7832,256.869,0.424,0.644,64.4,3.63,1.91,1.05,837.69,235.3206,281.3616,317.1712
2024-03-07,CMIV,255.7832,256.869,0.424,0.644,64.4,3.63,1.91,1.05,837.69,235.3206,281.3616,317.1712
2024-03-07,SWKS,154.3186,154.8442,0.341,0.707,70.7,1.52,2.01,5.63,282.92,141.9731,169.7505,191.3551
2024-03-07,SYF,154.3186,154.8442,0.341,0.707,70.7,1.52,2.01,5.63,282.92,141.9731,169.7505,191.3551
2024-03-07,SYMC,154.3186,154.8442,0.341,0.707,70.7,1.52,2.01,5.63,282.92,141.9731,169.7505,191.3551
2024-03-07,FICO,1334.99,1336.37,0.103,0.702,70.2,1.19,2.12,3.65,206.17,1228.1908,1468.489,1655.3876
2024-03-07,FLUT,221.32,220.57,-0.339,0.898,89.8,1.44,2.03,3.88,30.54,203.6144,243.452,274.4368
2024-03-07,ANF,127.78,127.95,0.133,0.966,96.6,1.77,4.06,3.72,251.49,117.5576,140.558,158.4472
2024-03-07,STX,89.4071,88.9877,-0.469,0.696,69.6,1.86,2.74,3.68,222.76,82.2545,98.3478,110.8648
2024-03-07,SPG,137.2839,138.0267,0.541,0.592,59.2,1.19,2.1,1.91,216.39,126.3012,151.0123,170.232
2024-03-07,RMD,189.1728,188.5834,-0.312,0.713,71.3,1.67,2.28,6.3,164.1,174.0389,208.09,234.5742
2024-03-07,COHR1,64.32,65.22,1.399,0.96,96.0,1.19,4.02,5.29,156.67,59.1744,70.752,79.7568
2024-03-07,CLF,20.93,21.34,1.959,0.749,74.9,1.16,2.63,4.25,173.47,19.2556,23.023,25.9532
2024-03-07,SU,32.9702,32.9987,0.086,0.601,60.1,1.31,2.11,4.9,180.51,30.3326,36.2672,40.8831
2024-03-07,TEVA,13.71,13.69,-0.146,0.926,92.6,1.14,2.6,4.7,146.02,12.6132,15.081,17.0004
2024-03-07,CPAY,293.07,293.0,-0.024,0.6,60.0,1.35,2.33,5.98,171.22,269.6244,322.377,363.4068
2024-03-07,AER,80.6397,80.679,0.049,0.586,58.6,1.18,2.05,5.43,136.57,74.1885,88.7037,99.9932
2024-03-07,COOL,102.08,102.0,-0.078,0.774,77.4,1.28,2.12,5.84,139.96,93.9136,112.288,126.5792
2024-03-07,HPQ,102.08,102.0,-0.078,0.774,77.4,1.28,2.12,5.84,139.96,93.9136,112.288,126.5792
2024-03-07,BLD,417.92,420.66,0.656,0.871,87.1,1.21,2.76,4.67,115.84,384.4864,459.712,518.2208
2024-03-07,ALLB,128.9947,129.601,0.47,0.74,74.0,1.37,2.32,1.4,129.63,118.6751,141.8941,159.9534
2024-03-07,ALLE,128.9947,129.601,0.47,0.74,74.0,1.37,2.32,1.4,129.63,118.6751,141.8941,159.9534
2024-03-07,CATA1,304.5945,304.9614,0.12,0.609,60.9,1.29,2.1,4.22,75.87,280.2269,335.0539,377.6972
2024-03-07,ARMK,30.9248,30.7879,-0.443,0.665,66.5,1.34,2.25,2.96,70.53,28.4508,34.0173,38.3467
2024-03-07,PLCM,63.24,63.48,0.38,0.896,89.6,1.16,3.48,3.14,51.75,58.1808,69.564,78.4176
2024-03-07,IPGP,42.2292,42.5198,0.688,0.581,58.1,1.43,1.91,3.03,54.93,38.8508,46.4521,52.3641
2024-03-07,FLSCQ,42.2292,42.5198,0.688,0.58,58.0,1.43,1.91,3.03,54.93,38.8508,46.4521,52.3641
2024-03-07,ALGM,31.29,31.62,1.055,0.662,66.2,1.22,3.59,0.74,57.67,28.7868,34.419,38.7996
2024-03-07,CVLL,99.77,100.0,0.231,0.887,88.7,1.2,1.93,4.93,32.75,91.7884,109.747,123.7148
2024-03-07,BAP,162.317,162.4189,0.063,0.93,93.0,1.21,2.3,4.73,43.46,149.3317,178.5487,201.2731
2024-03-07,ARCC1,144.6193,146.2215,1.108,0.906,90.6,2.0,2.75,3.47,43.6,133.0498,159.0812,179.3279
2024-03-07,ARCE,144.6193,146.2215,1.108,0.906,90.6,2.0,2.75,3.47,43.6,133.0498,159.0812,179.3279
2024-03-07,ARCH,144.6193,146.2215,1.108,0.903,90.3,2.0,2.75,3.47,43.6,133.0497,159.0812,179.3279
2024-03-07,ARCHQ,144.6193,146.2215,1.108,0.903,90.3,2.0,2.75,3.47,43.6,133.0497,159.0812,179.3279
2024-03-07,ARCIU,144.6193,146.2215,1.108,0.903,90.3,2.0,2.75,3.47,43.6,133.0497,159.0812,179.3279
2024-03-07,ARCK,144.6193,146.2215,1.108,0.903,90.3,2.0,2.75,3.47,43.6,133.0497,159.0812,179.3279
2024-03-07,EEEI,112.19,112.31,0.107,0.808,80.8,1.2,2.12,3.87,34.08,103.2148,123.409,139.1156
2024-03-07,EEFT,112.19,112.31,0.107,0.808,80.8,1.2,2.12,3.87,34.08,103.2148,123.409,139.1156
2024-03-08,NVDA,87.4834,86.3849,-1.256,0.935,93.5,1.99,4.02,4.58,50253.73,80.4847,96.2317,108.4794
2024-03-08,AMD,207.39,203.01,-2.112,0.66,66.0,1.59,4.18,5.51,15719.9,190.7988,228.129,257.1636
2024-03-08,META,502.9734,494.086,-1.767,0.875,87.5,1.27,2.2,2.26,7354.62,462.7355,553.2707,623.687
2024-03-08,SMH,223.3024,220.4738,-1.267,0.917,91.7,2.33,2.34,6.71,2157.34,205.4382,245.6326,276.895
2024-03-08,ASML,977.4955,962.9165,-1.491,0.93,93.0,1.4,2.41,4.38,1145.29,899.2959,1075.2451,1212.0945
2024-03-08,MRVL,74.9432,73.5819,-1.816,0.924,92.4,2.67,3.76,5.29,1149.95,68.9477,82.4375,92.9296
2024-03-08,NU,11.07,11.12,0.452,0.917,91.7,1.39,3.13,3.87,446.76,10.1844,12.177,13.7268
2024-03-08,HAL,258.9473,260.885,0.748,0.649,64.9,2.94,1.95,1.56,984.42,238.2315,284.842,321.0946
2024-03-08,HAS,258.9473,260.885,0.748,0.649,64.9,2.94,1.95,1.56,984.42,238.2315,284.842,321.0946
2024-03-08,HBAN,258.9473,260.885,0.748,0.649,64.9,2.94,1.95,1.56,984.42,238.2315,284.842,321.0946
2024-03-08,HBI,258.9473,260.885,0.748,0.649,64.9,2.94,1.95,1.56,984.42,238.2315,284.842,321.0946
2024-03-08,HCP,258.9473,260.885,0.748,0.649,64.9,2.94,1.95,1.56,984.42,238.2315,284.842,321.0946
2024-03-08,CMIIU,258.0796,260.0109,0.748,0.646,64.6,2.94,1.95,1.56,981.12,237.4333,283.8876,320.0187
2024-03-08,CMIKA,258.0796,260.0109,0.748,0.646,64.6,2.94,1.95,1.56,981.12,237.4333,283.8876,320.0187
2024-03-08,CMIN,258.0796,260.0109,0.748,0.646,64.6,2.94,1.95,1.56,981.12,237.4333,283.8876,320.0187
2024-03-08,CMIV,258.0796,260.0109,0.748,0.646,64.6,2.94,1.95,1.56,981.12,237.4333,283.8876,320.0187
2024-03-08,EW,92.14,91.73,-0.445,0.891,89.1,1.51,2.19,5.81,360.28,84.7688,101.354,114.2536
2024-03-08,HUBB,147.91,147.91,0.0,0.7,70.0,1.59,1.96,1.71,345.2,136.0772,162.701,183.4084
2024-03-08,ELPW,200.91,199.06,-0.921,0.961,96.1,1.12,4.36,5.66,265.83,184.8372,221.001,249.1284
2024-03-08,ELRA,200.91,199.06,-0.921,0.961,96.1,1.12,4.36,5.66,265.83,184.8372,221.001,249.1284
2024-03-08,ELRC,200.91,199.06,-0.921,0.961,96.1,1.12,4.36,5.66,265.83,184.8372,221.001,249.1284
2024-03-08,ELRE,200.91,199.06,-0.921,0.961,96.1,1.12,4.36,5.66,265.83,184.8372,221.001,249.1284
2024-03-08,MLM,590.9985,590.5529,-0.075,0.86,86.0,1.42,1.88,6.34,331.37,543.7186,650.0983,732.8381
2024-03-08,DLCA,173.4044,172.7725,-0.364,0.895,89.5,1.47,2.16,4.44,175.78,159.5321,190.7448,215.0215
2024-03-08,RMD,185.0868,182.2482,-1.534,0.672,67.2,1.13,2.4,3.87,161.33,170.2798,203.5955,229.5076
2024-03-08,COHR1,63.86,63.01,-1.331,0.96,96.0,1.11,4.01,4.36,152.27,58.7512,70.246,79.1864
2024-03-08,SU,32.6668,32.5151,-0.464,0.662,66.2,1.16,2.13,3.53,181.43,30.0534,35.9335,40.5068
2024-03-08,BJ,75.48,75.33,-0.199,0.634,63.4,1.81,2.42,6.29,110.44,69.4416,83.028,93.5952
2024-03-08,BJCT,75.48,75.33,-0.199,0.634,63.4,1.81,2.42,6.29,110.44,69.4416,83.028,93.5952
2024-03-08,ALLY,35.4128,34.9681,-1.256,0.844,84.4,1.32,2.46,2.68,127.6,32.5797,38.954,43.9118
2024-03-08,SCCO,78.6554,78.236,-0.533,0.679,67.9,1.89,2.01,5.82,68.94,72.3629,86.5209,97.5327
2024-03-08,MKSI,126.1898,124.6921,-1.187,0.955,95.5,1.14,3.21,4.2,79.47,116.0946,138.8088,156.4754
2024-03-08,CRDO,22.22,22.06,-0.72,0.797,79.7,1.17,5.33,0.31,57.82,20.4424,24.442,27.5528
2024-03-08,CRDSQ,22.22,22.06,-0.72,0.797,79.7,1.17,5.33,0.31,57.82,20.4424,24.442,27.5528
2024-03-08,MLIN,50.5225,50.6104,0.174,0.796,79.6,1.14,2.27,3.21,34.47,46.4807,55.5748,62.6479
2024-03-08,CIFR,3.51,3.66,4.274,0.941,94.1,1.26,12.9,3.08,35.73,3.2292,3.861,4.3524
2024-03-08,DYN,25.16,24.99,-0.676,0.988,98.8,1.21,6.88,1.81,38.37,23.1472,27.676,31.1984
2024-03-08,DYN1,25.16,24.99,-0.676,0.988,98.8,1.21,6.88,1.81,38.37,23.1472,27.676,31.1984
2024-03-08,BFNBQ,37.7349,37.2308,-1.336,0.834,83.4,2.86,3.31,4.28,27.41,34.7161,41.5084,46.7913
2024-03-08,BFNH,37.7349,37.2308,-1.336,0.834,83.4,2.86,3.31,4.28,27.41,34.7161,41.5084,46.7913
2024-03-08,GFIG,67.902,67.4902,-0.606,0.905,90.5,1.14,2.45,0.74,24.61,62.4699,74.6923,84.1985
2024-03-11,NVDA,85.7303,88.0041,2.652,0.943,94.3,1.15,4.29,1.68,50741.74,78.8718,94.3033,106.3055
2024-03-11,TSM,135.257,140.6081,3.956,0.929,92.9,1.68,3.05,4.89,2346.87,124.4364,148.7827,167.7186
2024-03-11,SMH,219.3224,222.8657,1.616,0.909,90.9,1.29,2.34,4.38,2175.93,201.7767,241.2547,271.9598
2024-03-11,ASML,946.3715,950.4316,0.429,0.913,91.3,1.23,2.41,0.99,1101.41,870.6617,1041.0086,1173.5006
2024-03-11,MRVL,71.9025,72.618,0.995,0.912,91.2,1.35,3.79,0.77,1098.65,66.1503,79.0928,89.1592
2024-03-11,VRT,66.8246,68.5401,2.567,0.919,91.9,1.36,4.84,1.53,579.0,61.4786,73.5071,82.8625
2024-03-11,SPOT,254.45,255.5,0.413,0.887,88.7,1.3,2.61,0.36,488.65,234.094,279.895,315.518
2024-03-11,WDC,46.7218,47.1735,0.967,0.854,85.4,1.14,2.75,5.56,394.77,42.984,51.3939,57.935
2024-03-11,HAL,260.4416,262.5432,0.807,0.68,68.0,3.91,2.0,1.76,1221.43,239.6062,286.4857,322.9475
2024-03-11,HAS,260.4416,262.5432,0.807,0.68,68.0,3.91,2.0,1.76,1221.43,239.6062,286.4857,322.9475
2024-03-11,HBAN,260.4416,262.5432,0.807,0.68,68.0,3.91,2.0,1.76,1221.43,239.6062,286.4857,322.9475
2024-03-11,HBI,260.4416,262.5432,0.807,0.68,68.0,3.91,2.0,1.76,1221.43,239.6062,286.4857,322.9475
2024-03-11,HCP,260.4416,262.5432,0.807,0.68,68.0,3.91,2.0,1.76,1221.43,239.6062,286.4857,322.9475
2024-03-11,CMIIU,259.5689,261.6636,0.807,0.684,68.4,3.91,2.0,1.76,1217.33,238.8034,285.5258,321.8654
2024-03-11,CMIKA,259.5689,261.6636,0.807,0.684,68.4,3.91,2.0,1.76,1217.33,238.8034,285.5258,321.8654
2024-03-11,CMIN,259.5689,261.6636,0.807,0.684,68.4,3.91,2.0,1.76,1217.33,238.8034,285.5258,321.8654
2024-03-11,CMIV,259.5689,261.6636,0.807,0.684,68.4,3.91,2.0,1.76,1217.33,238.8034,285.5258,321.8654
2024-03-11,PSX,140.5212,140.5306,0.007,0.794,79.4,1.13,2.05,2.88,401.54,129.2795,154.5733,174.2462
2024-03-11,SWKS,154.037,153.2768,-0.494,0.728,72.8,1.33,2.03,4.7,294.34,141.7141,169.4407,191.0059
2024-03-11,SYF,154.037,153.2768,-0.494,0.728,72.8,1.33,2.03,4.7,294.34,141.7141,169.4407,191.0059
2024-03-11,SYMC,154.037,153.2768,-0.494,0.728,72.8,1.33,2.03,4.7,294.34,141.7141,169.4407,191.0059
2024-03-11,RMD,186.3735,185.8824,-0.263,0.603,60.3,1.48,2.44,4.45,167.9,171.4636,205.0108,231.1031
2024-03-11,MTDR,1297.97,1300.0,0.156,0.702,70.2,1.23,2.22,5.08,171.25,1194.1324,1427.767,1609.4828
2024-03-11,UHS,1297.97,1300.0,0.156,0.702,70.2,1.23,2.22,5.08,171.25,1194.1324,1427.767,1609.4828
2024-03-11,ULTA,1297.97,1300.0,0.156,0.702,70.2,1.23,2.22,5.08,171.25,1194.1324,1427.767,1609.4828
2024-03-11,UNM,1297.97,1300.0,0.156,0.702,70.2,1.23,2.22,5.08,171.25,1194.1324,1427.767,1609.4828
2024-03-11,UTX,1297.97,1300.0,0.156,0.702,70.2,1.23,2.22,5.08,171.25,1194.1324,1427.767,1609.4828
2024-03-11,FITB,34.1432,34.0967,-0.136,0.811,81.1,1.18,2.22,6.54,167.06,31.4117,37.5575,42.3375
2024-03-11,IBKR,26.6511,26.7426,0.343,0.893,89.3,1.21,2.09,1.24,110.47,24.519,29.3162,33.0473
2024-03-11,FIX,294.953,295.2114,0.088,0.966,96.6,1.34,3.49,5.95,138.9,271.3568,324.4483,365.7418
2024-03-11,CLS,43.66,44.3,1.466,0.97,97.0,1.81,4.32,3.84,103.34,40.1672,48.026,54.1384
2024-03-11,SCCO,78.8104,79.3117,0.636,0.71,71.0,1.44,2.02,5.57,70.05,72.5055,86.6914,97.7248
2024-03-11,KNSL,504.3479,502.5138,-0.364,0.963,96.3,1.23,3.11,1.84,100.68,464.0,554.7827,625.3914
2024-03-11,KIM,37.3821,38.1581,2.076,0.807,80.7,1.17,2.96,4.41,62.85,34.3915,41.1203,46.3538
2024-03-11,KMX,37.3821,38.1581,2.076,0.807,80.7,1.17,2.96,4.41,62.85,34.3915,41.1203,46.3538
2024-03-11,KSS,37.3821,38.1581,2.076,0.807,80.7,1.17,2.96,4.41,62.85,34.3915,41.1203,46.3538
2024-03-11,KSU,37.3821,38.1581,2.076,0.807,80.7,1.17,2.96,4.41,62.85,34.3915,41.1203,46.3538
2024-03-11,MLIN,50.708,50.6592,-0.096,0.823,82.3,1.24,2.23,3.35,34.96,46.6514,55.7788,62.8779
2024-03-11,RKT,11.6775,11.6491,-0.243,0.639,63.9,1.14,4.15,3.42,29.25,10.7433,12.8452,14.48
2024-03-11,MTG,19.9996,19.9421,-0.287,0.647,64.7,2.06,1.92,6.71,40.57,18.3996,21.9995,24.7995
2024-03-11,MTGE,19.9996,19.9421,-0.287,0.647,64.7,2.06,1.92,6.71,40.57,18.3996,21.9995,24.7995
2024-03-11,CALM,51.0558,51.4923,0.855,0.789,78.9,1.28,2.47,2.31,23.69,46.9714,56.1614,63.3092
2024-03-11,FTRE1,36.41,36.43,0.055,0.642,64.2,2.98,4.0,0.97,33.38,33.4972,40.051,45.1484
2024-03-11,AGR,87.3956,87.4444,0.056,0.839,83.9,1.12,2.07,2.54,30.72,80.4039,96.1351,108.3705
2024-03-11,AGRI,87.3956,87.4444,0.056,0.839,83.9,1.12,2.07,2.54,30.72,80.4039,96.1351,108.3705
2024-03-11,CXT,58.2137,58.3114,0.168,0.746,74.6,1.38,2.47,0.54,21.32,53.5566,64.0351,72.185
2024-03-12,WFC,55.0481,55.0577,0.017,0.825,82.5,1.12,2.13,6.2,1165.98,50.6443,60.5529,68.2597
2024-03-12,HAL,260.0752,260.885,0.311,0.666,66.6,2.4,1.96,1.34,1371.26,239.2692,286.0827,322.4932
2024-03-12,HAS,260.0752,260.885,0.311,0.666,66.6,2.4,1.96,1.34,1371.26,239.2692,286.0827,322.4932
2024-03-12,HBAN,260.0752,260.885,0.311,0.666,66.6,2.4,1.96,1.34,1371.26,239.2692,286.0827,322.4932
2024-03-12,HBI,260.0752,260.885,0.311,0.666,66.6,2.4,1.96,1.34,1371.26,239.2692,286.0827,322.4932
2024-03-12,HCP,260.0752,260.885,0.311,0.666,66.6,2.4,1.96,1.34,1371.26,239.2692,286.0827,322.4932
2024-03-12,CMIIU,259.2038,260.0109,0.311,0.67,67.0,2.4,1.96,1.34,1366.66,238.4675,285.1242,321.4127
2024-03-12,CMIKA,259.2038,260.0109,0.311,0.67,67.0,2.4,1.96,1.34,1366.66,238.4675,285.1242,321.4127
2024-03-12,CMIN,259.2038,260.0109,0.311,0.67,67.0,2.4,1.96,1.34,1366.66,238.4675,285.1242,321.4127
2024-03-12,CMIV,259.2038,260.0109,0.311,0.67,67.0,2.4,1.96,1.34,1366.66,238.4675,285.1242,321.4127
2024-03-12,SWKS,155.7734,155.7734,-0.0,0.705,70.5,1.16,1.99,5.61,292.48,143.3115,171.3507,193.159
2024-03-12,SYF,155.7734,155.7734,-0.0,0.705,70.5,1.16,1.99,5.61,292.48,143.3115,171.3507,193.159
2024-03-12,SYMC,155.7734,155.7734,-0.0,0.705,70.5,1.16,1.99,5.61,292.48,143.3115,171.3507,193.159
2024-03-12,HUBB,149.69,129.15,-13.722,0.708,70.8,1.36,1.93,2.36,359.64,137.7148,164.659,185.6156
2024-03-12,HWM,65.7121,65.6325,-0.121,0.832,83.2,1.61,1.93,0.57,238.21,60.4551,72.2833,81.483
2024-03-12,DLCA,174.4959,174.4959,0.0,0.913,91.3,1.24,2.17,4.07,181.53,160.5362,191.9455,216.3749
2024-03-12,RMD,190.3318,190.2335,-0.052,0.647,64.7,1.5,2.48,6.34,176.31,175.1052,209.3649,236.0114
2024-03-12,FITB,34.1153,34.1246,0.027,0.701,70.1,1.32,2.16,6.05,170.37,31.386,37.5268,42.3029
2024-03-12,FIX,300.1808,300.797,0.205,0.966,96.6,1.23,3.48,6.72,145.68,276.1664,330.1989,372.2242
2024-03-12,ALLY,36.0656,36.0277,-0.105,0.783,78.3,1.34,2.44,4.22,133.8,33.1803,39.6721,44.7213
2024-03-12,ATHXQ,48.3,48.15,-0.311,0.758,75.8,1.4,3.19,1.29,69.7,44.436,53.13,59.892
2024-03-12,ATI,48.3,48.15,-0.311,0.758,75.8,1.4,3.19,1.29,69.7,44.436,53.13,59.892
2024-03-12,ATI1,48.3,48.15,-0.311,0.758,75.8,1.4,3.19,1.29,69.7,44.436,53.13,59.892
2024-03-12,ARMK,31.8927,32.0589,0.521,0.809,80.9,1.17,2.04,5.25,68.86,29.3413,35.082,39.547
2024-03-12,ITRI,91.52,91.68,0.175,0.864,86.4,1.47,3.18,6.37,53.23,84.1984,100.672,113.4848
2024-03-12,DDUP,382.3325,385.2182,0.755,0.731,73.1,1.15,2.93,1.89,41.11,351.7459,420.5658,474.0923
2024-03-12,DEA,382.3325,385.2182,0.755,0.731,73.1,1.15,2.93,1.89,41.11,351.7459,420.5658,474.0923
2024-03-12,KD,22.29,22.04,-1.122,0.828,82.8,1.13,2.3,2.69,31.53,20.5068,24.519,27.6396
2024-03-12,MTG,20.0475,20.0475,-0.0,0.637,63.7,1.22,1.88,6.5,41.04,18.4437,22.0522,24.8589
2024-03-12,MTGE,20.0475,20.0475,-0.0,0.637,63.7,1.22,1.88,6.5,41.04,18.4437,22.0522,24.8589
2024-03-12,NUVL,87.02,87.0,-0.023,0.744,74.4,1.46,4.54,2.86,33.53,80.0584,95.722,107.9048
2024-03-12,FTRE1,38.01,38.0,-0.026,0.781,78.1,1.42,4.17,4.64,36.38,34.9692,41.811,47.1324
2024-03-12,AGR,88.7726,89.0851,0.352,0.866,86.6,1.42,2.16,3.63,32.37,81.6708,97.6498,110.078
2024-03-12,AGRI,88.7726,89.0851,0.352,0.866,86.6,1.42,2.16,3.63,32.37,81.6708,97.6498,110.078
2024-03-12,IMO,63.216,63.8377,0.984,0.827,82.7,1.14,2.24,6.64,25.8,58.1587,69.5376,78.3878
2024-03-13,ANET,70.1775,70.4025,0.321,0.849,84.9,1.25,2.73,2.55,677.41,64.5633,77.1952,87.0201
2024-03-13,GM,39.5544,39.4758,-0.199,0.659,65.9,1.26,2.12,1.34,600.29,36.39,43.5098,49.0474
2024-03-13,ABNB,164.76,165.74,0.595,0.672,67.2,1.25,2.98,4.95,985.45,151.5792,181.236,204.3024
2024-03-13,TGT,154.6044,154.6878,0.054,0.821,82.1,1.12,1.92,6.29,762.73,142.236,170.0648,191.7094
2024-03-13,HAL,260.5283,254.0402,-2.49,0.581,58.1,1.68,2.01,1.19,1485.39,239.686,286.5811,323.0551
2024-03-13,HAS,260.5283,254.0402,-2.49,0.581,58.1,1.68,2.01,1.19,1485.39,239.686,286.5811,323.0551
2024-03-13,HBAN,260.5283,254.0402,-2.49,0.581,58.1,1.68,2.01,1.19,1485.39,239.686,286.5811,323.0551
2024-03-13,HBI,260.5283,254.0402,-2.49,0.581,58.1,1.68,2.01,1.19,1485.39,239.686,286.5811,323.0551
2024-03-13,HCP,260.5283,254.0402,-2.49,0.581,58.1,1.68,2.01,1.19,1485.39,239.686,286.5811,323.0551
2024-03-13,CMIIU,259.6554,253.189,-2.49,0.586,58.6,1.68,2.01,1.19,1480.41,238.883,285.621,321.9727
2024-03-13,CMIKA,259.6554,253.189,-2.49,0.586,58.6,1.68,2.01,1.19,1480.41,238.883,285.621,321.9727
2024-03-13,CMIN,259.6554,253.189,-2.49,0.586,58.6,1.68,2.01,1.19,1480.41,238.883,285.621,321.9727
2024-03-13,CMIV,259.6554,253.189,-2.49,0.586,58.6,1.68,2.01,1.19,1480.41,238.883,285.621,321.9727
2024-03-13,EW,92.93,93.03,0.108,0.833,83.3,1.77,2.1,5.73,370.08,85.4956,102.223,115.2332
2024-03-13,PSX,145.2024,146.4902,0.887,0.834,83.4,1.42,2.09,5.68,410.68,133.5862,159.7226,180.0509
2024-03-13,DLCA,179.7715,199.9929,11.248,0.914,91.4,2.02,2.18,6.54,199.82,165.3898,197.7486,222.9166
2024-03-13,AKAM,320.69,322.26,0.49,0.884,88.4,1.14,2.66,3.86,195.12,295.0348,352.759,397.6556
2024-03-13,NXT,60.54,60.8,0.429,0.917,91.7,1.34,3.8,2.8,174.88,55.6968,66.594,75.0696
2024-03-13,EDXC,93.8841,91.7256,-2.299,0.831,83.1,1.3,3.25,3.14,149.42,86.3734,103.2725,116.4163
2024-03-13,AER,82.515,82.3972,-0.143,0.679,67.9,1.85,2.17,6.46,155.82,75.9138,90.7665,102.3186
2024-03-13,NBIX,141.8,141.8,0.0,0.779,77.9,1.26,2.37,5.48,120.72,130.456,155.98,175.832
2024-03-13,CG,43.8273,43.7139,-0.259,0.656,65.6,1.12,2.04,1.98,111.35,40.3212,48.2101,54.3459
2024-03-13,EAXR,48.71,48.34,-0.76,0.751,75.1,1.33,3.05,4.28,50.94,44.8132,53.581,60.4004
2024-03-13,EB,48.71,48.34,-0.76,0.751,75.1,1.33,3.05,4.28,50.94,44.8132,53.581,60.4004
2024-03-13,EBBGF,48.71,48.34,-0.76,0.751,75.1,1.33,3.05,4.28,50.94,44.8132,53.581,60.4004
2024-03-13,EBBNF,48.71,48.34,-0.76,0.751,75.1,1.33,3.05,4.28,50.94,44.8132,53.581,60.4004
2024-03-13,ATHXQ,49.0,48.51,-1.0,0.72,72.0,1.3,3.17,1.97,70.9,45.08,53.9,60.76
2024-03-13,ATI,49.0,48.51,-1.0,0.72,72.0,1.3,3.17,1.97,70.9,45.08,53.9,60.76
2024-03-13,ATI1,49.0,48.51,-1.0,0.72,72.0,1.3,3.17,1.97,70.9,45.08,53.9,60.76
2024-03-13,KIM,38.3018,38.6275,0.85,0.692,69.2,1.15,2.86,6.19,64.47,35.2376,42.1319,47.4942
2024-03-13,KMX,38.3018,38.6275,0.85,0.692,69.2,1.15,2.86,6.19,64.47,35.2376,42.1319,47.4942
2024-03-13,KSS,38.3018,38.6275,0.85,0.692,69.2,1.15,2.86,6.19,64.47,35.2376,42.1319,47.4942
2024-03-13,KSU,38.3018,38.6275,0.85,0.692,69.2,1.15,2.86,6.19,64.47,35.2376,42.1319,47.4942
2024-03-13,BFNBQ,37.2501,37.2695,0.052,0.71,71.0,1.86,3.44,2.65,29.86,34.2701,40.9752,46.1902
2024-03-13,BFNH,37.2501,37.2695,0.052,0.71,71.0,1.86,3.44,2.65,29.86,34.2701,40.9752,46.1902
2024-03-13,NUVL,88.41,87.54,-0.984,0.673,67.3,2.11,4.23,4.01,34.66,81.3372,97.251,109.6284
2024-03-13,FTRE1,38.91,38.69,-0.565,0.82,82.0,1.91,4.32,6.17,39.56,35.7972,42.801,48.2484
2024-03-13,KYMR,42.3,41.62,-1.608,0.982,98.2,1.19,5.15,2.24,26.38,38.916,46.53,52.452
2024-03-14,AMZN,178.75,176.64,-1.18,0.752,75.2,1.25,1.92,1.66,6260.04,164.45,196.625,221.65
2024-03-14,SMH,217.8139,215.3128,-1.148,0.913,91.3,1.14,2.41,2.09,2191.08,200.3887,239.5952,270.0892
2024-03-14,WFC,54.8188,54.3315,-0.889,0.746,74.6,1.13,2.09,3.99,1204.85,50.4333,60.3007,67.9753
2024-03-14,C,53.7858,53.1829,-1.121,0.764,76.4,1.33,1.95,1.54,763.2,49.483,59.1644,66.6944
2024-03-14,ANET,71.005,69.795,-1.704,0.833,83.3,1.31,2.68,3.41,682.49,65.3246,78.1055,88.0462
2024-03-14,URI,660.6486,655.5599,-0.77,0.8,80.0,1.5,2.24,0.0,323.67,607.7967,726.7135,819.2043
2024-03-14,EW,93.36,92.46,-0.964,0.844,84.4,1.27,2.12,5.78,372.21,85.8912,102.696,115.7664
2024-03-14,PSX,145.1178,144.9674,-0.104,0.824,82.4,1.27,2.08,5.25,414.43,133.5084,159.6296,179.9461
2024-03-14,DG,143.4733,143.2343,-0.167,0.768,76.8,3.27,2.96,1.12,413.16,131.9954,157.8206,177.9069
2024-03-14,FIS,65.8253,65.2078,-0.938,0.758,75.8,1.2,2.15,1.74,294.4,60.5593,72.4078,81.6234
2024-03-14,PCAR,108.2046,109.1694,0.892,0.75,75.0,1.29,2.01,0.84,240.39,99.5482,119.025,134.1736
2024-03-14,CPRT,56.42,56.45,0.053,0.755,75.5,1.48,1.96,6.73,343.02,51.9064,62.062,69.9608
2024-03-14,RMD,188.3379,185.4797,-1.518,0.715,71.5,1.55,2.5,4.52,186.37,173.2709,207.1717,233.539
2024-03-14,MOH,406.68,403.04,-0.895,0.685,68.5,2.05,2.03,2.21,146.53,374.1456,447.348,504.2832
2024-03-14,NXT,59.1,58.57,-0.897,0.869,86.9,1.39,3.83,0.51,172.5,54.372,65.01,73.284
2024-03-14,NBIX,139.16,138.67,-0.352,0.766,76.6,1.36,2.37,3.23,121.26,128.0272,153.076,172.5584
2024-03-14,KOOP,69.885,71.02,1.624,0.954,95.4,1.24,7.17,1.92,120.85,64.2942,76.8735,86.6574
2024-03-14,QSR,76.0402,75.6205,-0.552,0.662,66.2,1.25,1.92,4.16,111.2,69.9569,83.6442,94.2898
2024-03-14,CRBG,24.1608,23.9807,-0.745,0.783,78.3,1.25,2.9,3.8,131.79,22.2279,26.5768,29.9593
2024-03-14,CCEP,68.1874,67.9695,-0.32,0.653,65.3,1.12,1.87,3.12,112.16,62.7324,75.0061,84.5524
2024-03-14,JBLU,7.19,7.15,-0.556,0.917,91.7,1.14,4.2,5.21,90.88,6.6148,7.909,8.9156
2024-03-14,ARMK,31.0617,31.0421,-0.063,0.791,79.1,1.18,2.08,1.96,66.98,28.5767,34.1678,38.5165
2024-03-14,DDUP,395.1918,394.3982,-0.201,0.63,63.0,1.12,2.98,4.39,43.12,363.5764,434.7109,490.0378
2024-03-14,DEA,395.1918,394.3982,-0.201,0.63,63.0,1.12,2.98,4.39,43.12,363.5764,434.7109,490.0378
2024-03-14,BAP,159.3528,159.8901,0.337,0.73,73.0,1.16,1.99,0.38,38.88,146.6046,175.2881,197.5975
2024-03-14,BFNBQ,36.4551,35.8734,-1.596,0.707,70.7,1.16,3.47,0.42,30.08,33.5387,40.1006,45.2043
2024-03-14,BFNH,36.4551,35.8734,-1.596,0.707,70.7,1.16,3.47,0.42,30.08,33.5387,40.1006,45.2043
2024-03-14,CWPE,94.49,94.85,0.381,0.582,58.2,1.14,2.26,2.4,30.63,86.9308,103.939,117.1676
2024-03-14,CWST,94.49,94.85,0.381,0.582,58.2,1.14,2.26,2.4,30.63,86.9308,103.939,117.1676
2024-03-14,GFIG,68.7159,67.8922,-1.199,0.879,87.9,1.31,2.42,1.54,24.84,63.2186,75.5875,85.2077
2024-03-14,CXT,58.497,58.204,-0.501,0.689,68.9,1.19,2.57,0.81,22.11,53.8172,64.3467,72.5363
2024-03-15,TSM,133.2722,136.9394,2.752,0.941,94.1,1.25,3.11,1.55,2429.27,122.6104,146.5994,165.2575
2024-03-15,SMH,216.206,220.5035,1.988,0.898,89.8,1.11,2.45,0.98,2221.38,198.9095,237.8266,268.0955
2024-03-15,GE,133.1463,133.2015,0.041,0.949,94.9,1.46,2.22,6.07,1205.73,122.4946,146.4609,165.1014
2024-03-15,C,54.2757,54.5019,0.417,0.787,78.7,1.79,1.94,2.25,795.39,49.9337,59.7033,67.3019
2024-03-15,IBM,180.3698,180.9645,0.33,0.808,80.8,1.75,1.9,0.76,909.99,165.9402,198.4067,223.6585
2024-03-15,ANET,69.4325,70.6025,1.685,0.772,77.2,1.55,2.65,0.92,684.81,63.8779,76.3758,86.0963
2024-03-15,GM,39.9768,40.1733,0.492,0.746,74.6,4.41,2.28,2.05,750.21,36.7787,43.9745,49.5713
2024-03-15,ABNB,160.64,161.945,0.812,0.592,59.2,1.38,2.76,1.64,834.6,147.7888,176.704,199.1936
2024-03-15,ISRG,396.28,399.6,0.838,0.843,84.3,2.45,2.12,2.23,632.47,364.5776,435.908,491.3872
2024-03-15,CEG,163.7841,165.9314,1.311,0.954,95.4,1.47,3.98,4.32,503.39,150.6814,180.1625,203.0923
2024-03-15,MRNA,103.85,104.98,1.088,0.856,85.6,1.18,4.92,5.85,481.43,95.542,114.235,128.774
2024-03-15,URI,663.6942,668.6258,0.743,0.819,81.9,1.7,2.26,0.36,342.26,610.5987,730.0636,822.9808
2024-03-15,EW,92.31,92.48,0.184,0.868,86.8,1.38,2.14,4.22,381.74,84.9252,101.541,114.4644
2024-03-15,DG,145.2803,144.4676,-0.559,0.852,85.2,1.38,2.97,1.82,436.99,133.6579,159.8084,180.1476
2024-03-15,ELPW,199.37,202.0,1.319,0.944,94.4,1.3,4.32,0.89,254.84,183.4204,219.307,247.2188
2024-03-15,ELRA,199.37,202.0,1.319,0.944,94.4,1.3,4.32,0.89,254.84,183.4204,219.307,247.2188
2024-03-15,ELRC,199.37,202.0,1.319,0.944,94.4,1.3,4.32,0.89,254.84,183.4204,219.307,247.2188
2024-03-15,ELRE,199.37,202.0,1.319,0.944,94.4,1.3,4.32,0.89,254.84,183.4204,219.307,247.2188
2024-03-15,FIS,66.6937,66.6648,-0.043,0.759,75.9,1.25,2.22,2.63,307.81,61.3582,73.3631,82.7002
2024-03-15,IQV,252.71,253.98,0.503,0.671,67.1,1.17,2.07,1.04,246.72,232.4932,277.981,313.3604
2024-03-15,PCAR,111.1348,111.4645,0.297,0.771,77.1,2.67,2.04,3.11,303.48,102.244,122.2483,137.8072
2024-03-15,AXON,307.65,310.7,0.991,0.839,83.9,2.25,2.96,3.61,214.29,283.038,338.415,381.486
2024-03-15,ANF,125.89,127.63,1.382,0.961,96.1,1.96,4.37,0.36,284.44,115.8188,138.479,156.1036
2024-03-15,CPRT,56.13,56.56,0.766,0.748,74.8,1.63,1.94,5.54,360.38,51.6396,61.743,69.6012
2024-03-15,LYV,103.77,104.34,0.549,0.656,65.6,1.3,2.35,6.47,278.47,95.4684,114.147,128.6748
2024-03-15,RMD,186.6682,187.6405,0.521,0.679,67.9,1.39,2.46,3.38,192.5,171.7347,205.335,231.4685
2024-03-15,VEEV,226.98,228.34,0.599,0.883,88.3,1.71,2.27,0.85,246.37,208.8216,249.678,281.4552
2024-03-15,CPNG,18.13,18.37,1.324,0.683,68.3,1.43,3.56,1.75,348.15,16.6796,19.943,22.4812
2024-03-15,AKAM,314.35,318.56,1.339,0.837,83.7,1.23,2.66,1.49,189.98,289.202,345.785,389.794
2024-03-15,MOH,404.45,403.22,-0.304,0.63,63.0,1.46,1.99,1.57,149.56,372.094,444.895,501.518
2024-03-15,MTDR,1324.45,1324.45,0.0,0.665,66.5,2.31,2.15,5.12,183.2,1218.494,1456.8949,1642.3179
2024-03-15,UHS,1324.45,1324.45,0.0,0.665,66.5,2.31,2.15,5.12,183.2,1218.494,1456.8949,1642.3179
2024-03-15,ULTA,1324.45,1324.45,0.0,0.665,66.5,2.31,2.15,5.12,183.2,1218.494,1456.8949,1642.3179
2024-03-15,UNM,1324.45,1324.45,0.0,0.665,66.5,2.31,2.15,5.12,183.2,1218.494,1456.8949,1642.3179
2024-03-15,UTX,1324.45,1324.45,0.0,0.665,66.5,2.31,2.15,5.12,183.2,1218.494,1456.8949,1642.3179
2024-03-15,NXT,59.49,59.96,0.79,0.894,89.4,2.34,3.85,1.27,184.92,54.7308,65.439,73.7676
2024-03-15,EVRG,79.5126,80.1798,0.839,0.58,58.0,4.85,2.44,2.5,271.27,73.1516,87.4638,98.5956
2024-03-15,EXE,79.5126,80.1798,0.839,0.58,58.0,4.85,2.44,2.5,271.27,73.1516,87.4638,98.5956
2024-03-15,EXPD,79.5126,80.1798,0.839,0.58,58.0,4.85,2.44,2.5,271.27,73.1516,87.4638,98.5956
2024-03-15,PQUEQ,15.2161,15.2346,0.121,0.874,87.4,1.43,2.48,6.72,190.13,13.9988,16.7377,18.868
2024-03-15,PRA,15.2161,15.2346,0.121,0.874,87.4,1.43,2.48,6.72,190.13,13.9988,16.7377,18.868
2024-03-15,GRMN,141.6704,142.1078,0.309,0.76,76.0,2.29,2.05,5.75,214.53,130.3368,155.8374,175.6713
2024-03-15,HRB,258.97,260.91,0.749,0.71,71.0,1.46,2.77,1.04,147.95,238.2524,284.867,321.1228
2024-03-15,FIX,306.6808,308.4896,0.59,0.97,97.0,1.93,3.37,5.78,162.54,282.1463,337.3489,380.2842
2024-03-15,BJ,75.09,74.82,-0.36,0.715,71.5,1.15,2.67,3.52,121.34,69.0828,82.599,93.1116
2024-03-15,BJCT,75.09,74.82,-0.36,0.715,71.5,1.15,2.67,3.52,121.34,69.0828,82.599,93.1116
2024-03-15,ALLY,35.5925,35.5925,-0.0,0.659,65.9,1.75,2.47,2.1,138.11,32.7451,39.1518,44.1347
2024-03-15,NBIX,139.1,139.25,0.108,0.767,76.7,1.88,2.39,2.99,128.87,127.972,153.01,172.484
2024-03-15,CHKR,164.59,165.75,0.705,0.631,63.1,1.13,1.99,2.46,143.88,151.4228,181.049,204.0916
2024-03-15,CHKR1,164.59,165.75,0.705,0.631,63.1,1.13,1.99,2.46,143.88,151.4228,181.049,204.0916
2024-03-15,CHL,164.59,165.75,0.705,0.631,63.1,1.13,1.99,2.46,143.88,151.4228,181.049,204.0916
2024-03-15,CHLD1,164.59,165.75,0.705,0.631,63.1,1.13,1.99,2.46,143.88,151.4228,181.049,204.0916
2024-03-15,BLD,409.8,413.04,0.791,0.66,66.0,2.06,2.73,1.5,127.82,377.016,450.78,508.152
2024-03-15,IEX,136.65,135.26,-1.017,0.912,91.2,4.16,2.58,5.31,142.08,125.718,150.315,169.446
2024-03-15,CRBG,24.0755,24.1039,0.118,0.795,79.5,1.7,2.84,3.3,133.89,22.1494,26.483,29.8536
2024-03-15,CCEP,67.1926,67.0978,-0.141,0.59,59.0,1.91,1.88,1.34,116.07,61.8172,73.9118,83.3188
2024-03-15,EAXR,47.93,47.67,-0.542,0.776,77.6,1.4,3.03,1.87,50.65,44.0956,52.723,59.4332
2024-03-15,EB,47.93,47.67,-0.542,0.776,77.6,1.4,3.03,1.87,50.65,44.0956,52.723,59.4332
2024-03-15,EBBGF,47.93,47.67,-0.542,0.776,77.6,1.4,3.03,1.87,50.65,44.0956,52.723,59.4332
2024-03-15,EBBNF,47.93,47.67,-0.542,0.776,77.6,1.4,3.03,1.87,50.65,44.0956,52.723,59.4332
2024-03-15,ALLB,127.9807,129.0211,0.813,0.65,65.0,1.44,2.44,0.64,136.48,117.7422,140.7787,158.696
2024-03-15,ALLE,127.9807,129.0211,0.813,0.65,65.0,1.44,2.44,0.64,136.48,117.7422,140.7787,158.696
2024-03-15,CATA1,302.8888,303.702,0.268,0.692,69.2,2.23,2.22,2.13,92.95,278.6577,333.1777,375.5821
2024-03-15,MHI1,117.83,118.0,0.144,0.733,73.3,1.91,2.16,0.01,78.08,108.4036,129.613,146.1092
2024-03-15,TWTR,117.83,118.0,0.144,0.733,73.3,1.91,2.16,0.01,78.08,108.4036,129.613,146.1092
2024-03-15,ATHXQ,49.37,49.37,0.0,0.755,75.5,1.74,2.92,2.05,68.67,45.4204,54.307,61.2188
2024-03-15,ATI,49.37,49.37,0.0,0.755,75.5,1.74,2.92,2.05,68.67,45.4204,54.307,61.2188
2024-03-15,ATI1,49.37,49.37,0.0,0.755,75.5,1.74,2.92,2.05,68.67,45.4204,54.307,61.2188
2024-03-15,HRMN1,31.5039,31.3747,-0.41,0.593,59.3,1.3,2.23,4.95,131.17,28.9836,34.6543,39.0648
2024-03-15,LEN,31.5039,31.3747,-0.41,0.594,59.4,1.3,2.23,4.95,131.17,28.9836,34.6543,39.0648
2024-03-15,BRL,91.4274,92.0826,0.717,0.893,89.3,1.42,2.33,4.87,87.31,84.1132,100.5702,113.37
2024-03-15,KNSL,514.4448,515.3221,0.171,0.972,97.2,1.47,3.1,0.28,100.95,473.2892,565.8893,637.9116
2024-03-15,ASX,10.1384,10.4385,2.96,0.814,81.4,1.48,2.26,4.92,71.19,9.3273,11.1522,12.5716
2024-03-15,AVATQ,148.6,148.66,0.04,0.805,80.5,2.13,4.37,3.69,90.58,136.712,163.46,184.264
2024-03-15,CRI,79.0941,78.6804,-0.523,0.781,78.1,3.02,2.68,4.66,75.08,72.7666,87.0035,98.0767
2024-03-15,CRIC,79.0941,78.6804,-0.523,0.781,78.1,3.02,2.68,4.66,75.08,72.7666,87.0035,98.0767
2024-03-15,APG,25.3667,25.4667,0.394,0.697,69.7,1.23,2.41,3.09,69.42,23.3373,27.9033,31.4547
2024-03-15,PLCM,62.67,62.71,0.064,0.907,90.7,2.1,3.16,0.62,47.08,57.6564,68.937,77.7108
2024-03-15,MLIN,51.3451,51.4431,0.191,0.774,77.4,4.99,2.07,3.59,41.12,47.2375,56.4796,63.668
2024-03-15,MMYT,63.96,64.34,0.594,0.95,95.0,1.4,3.71,5.98,51.15,58.8432,70.356,79.3104
2024-03-15,OLOXF,55.0538,54.9687,-0.155,0.657,65.7,2.21,2.41,6.74,53.32,50.6495,60.5591,68.2667
2024-03-15,IPGP,42.8589,42.9557,0.226,0.653,65.3,1.56,2.04,2.92,61.25,39.4302,47.1447,53.145
2024-03-15,FLSCQ,42.8589,42.9557,0.226,0.652,65.2,1.56,2.04,2.92,61.25,39.4302,47.1448,53.145
2024-03-15,CVLL,97.91,97.87,-0.041,0.87,87.0,2.59,1.88,1.37,34.37,90.0772,107.701,121.4084
2024-03-15,DDUP,384.9747,387.7251,0.714,0.621,62.1,1.31,2.97,1.65,42.87,354.1768,423.4722,477.3687
2024-03-15,DEA,384.9747,387.7251,0.714,0.621,62.1,1.31,2.97,1.65,42.87,354.1768,423.4722,477.3687
2024-03-15,GVA,53.7394,53.6703,-0.129,0.645,64.5,1.71,2.65,4.76,23.22,49.4402,59.1133,66.6368
2024-03-15,MTG,20.1049,20.1049,-0.0,0.663,66.3,3.49,1.91,5.44,47.79,18.4965,22.1154,24.9301
2024-03-15,MTGE,20.1049,20.1049,-0.0,0.663,66.3,3.49,1.91,5.44,47.79,18.4965,22.1154,24.9301
2024-03-15,FTRE1,39.3,39.23,-0.178,0.829,82.9,1.2,3.96,5.87,39.53,36.156,43.23,48.732
2024-03-15,PRIM,40.0442,40.0641,0.05,0.872,87.2,2.65,2.93,1.53,21.56,36.8407,44.0487,49.6548
2024-03-15,KNGRF,75.26,75.55,0.385,0.773,77.3,2.67,2.26,1.8,37.59,69.2392,82.786,93.3224
2024-03-15,CWPE,96.07,95.88,-0.198,0.608,60.8,1.36,2.17,3.92,31.46,88.3844,105.677,119.1268
2024-03-15,CWST,96.07,95.88,-0.198,0.608,60.8,1.36,2.17,3.92,31.46,88.3844,105.677,119.1268
2024-03-15,VNT,42.9578,43.2263,0.625,0.881,88.1,2.13,2.07,1.11,42.44,39.5212,47.2536,53.2676
2024-03-15,AGR,88.7042,88.7042,0.0,0.904,90.4,2.65,2.13,2.28,35.77,81.6079,97.5746,109.9932
2024-03-15,AGRI,88.7042,88.7042,0.0,0.904,90.4,2.65,2.13,2.28,35.77,81.6079,97.5746,109.9932
2024-03-15,GFIG,69.0395,69.618,0.838,0.884,88.4,4.34,2.37,1.89,30.37,63.5163,75.9434,85.6089
2024-03-15,ARQT,10.66,10.43,-2.158,0.998,99.8,2.72,10.32,3.11,59.95,9.8072,11.726,13.2184
2024-03-15,IBRX,5.13,5.17,0.78,0.869,86.9,1.85,11.07,6.22,24.86,4.7196,5.643,6.3612
2024-03-15,FCFS,115.8768,115.33,-0.472,0.597,59.7,2.43,2.01,1.63,22.8,106.6066,127.4644,143.6872
2024-03-15,BDCC,86.058,85.5296,-0.614,0.745,74.5,2.0,2.23,0.92,26.64,79.1733,94.6638,106.7119
2024-03-15,KRON1,67.35,66.93,-0.624,0.989,98.9,3.83,5.61,1.99,29.59,61.962,74.085,83.514
2024-03-15,PENG,22.16,22.71,2.482,0.842,84.2,6.35,3.51,0.98,23.29,20.3872,24.376,27.4784
2024-03-18,GOOGL,146.5725,147.0489,0.325,0.605,60.5,1.86,2.07,6.43,5466.27,134.8467,161.2298,181.7499
2024-03-18,GOOG,147.3747,147.8709,0.337,0.582,58.2,1.72,2.04,6.16,4089.48,135.5847,162.1121,182.7446
2024-03-18,ANET,72.33,71.0,-1.839,0.879,87.9,1.53,2.67,4.6,734.22,66.5436,79.563,89.6892
2024-03-18,DL1,43.52,43.21,-0.712,0.869,86.9,1.18,3.91,3.34,443.72,40.0384,47.872,53.9648
2024-03-18,DLAPQ,43.52,43.21,-0.712,0.869,86.9,1.18,3.91,3.34,443.72,40.0384,47.872,53.9648
2024-03-18,HAL,275.8376,275.317,-0.189,0.814,81.4,1.33,2.22,6.4,1695.4,253.7706,303.4214,342.0387
2024-03-18,HAS,275.8376,275.317,-0.189,0.814,81.4,1.33,2.22,6.4,1695.4,253.7706,303.4214,342.0387
2024-03-18,HBAN,275.8376,275.317,-0.189,0.814,81.4,1.33,2.22,6.4,1695.4,253.7706,303.4214,342.0387
2024-03-18,HBI,275.8376,275.317,-0.189,0.814,81.4,1.33,2.22,6.4,1695.4,253.7706,303.4214,342.0387
2024-03-18,HCP,275.8376,275.317,-0.189,0.814,81.4,1.33,2.22,6.4,1695.4,253.7706,303.4214,342.0387
2024-03-18,CMIIU,274.9134,274.3946,-0.189,0.811,81.1,1.33,2.22,6.4,1689.72,252.9203,302.4047,340.8926
2024-03-18,CMIKA,274.9134,274.3946,-0.189,0.811,81.1,1.33,2.22,6.4,1689.72,252.9203,302.4047,340.8926
2024-03-18,CMIN,274.9134,274.3946,-0.189,0.811,81.1,1.33,2.22,6.4,1689.72,252.9203,302.4047,340.8926
2024-03-18,CMIV,274.9134,274.3946,-0.189,0.811,81.1,1.33,2.22,6.4,1689.72,252.9203,302.4047,340.8926
2024-03-18,FUST,55.6674,54.8077,-1.544,0.594,59.4,1.11,4.12,3.23,103.73,51.214,61.2341,69.0276
2024-03-18,MOH,410.35,412.05,0.414,0.749,74.9,1.28,2.05,2.94,156.76,377.522,451.385,508.834
2024-03-18,NXT,59.16,58.51,-1.099,0.938,93.8,1.33,3.88,0.8,190.36,54.4272,65.076,73.3584
2024-03-18,CFG,44.1613,44.1613,-0.0,0.646,64.6,1.11,2.79,0.86,144.72,40.6284,48.5774,54.76
2024-03-18,BBWI,43.7954,43.7954,0.0,0.647,64.7,1.11,2.79,0.86,143.52,40.2917,48.1749,54.3063
2024-03-18,BBXIA,43.7954,43.7954,0.0,0.647,64.7,1.11,2.79,0.86,143.52,40.2917,48.1749,54.3063
2024-03-18,BBX1,43.7954,43.7954,-0.0,0.645,64.5,1.11,2.79,0.86,143.52,40.2917,48.1749,54.3063
2024-03-18,JBLU,6.94,6.84,-1.441,0.868,86.8,1.36,4.17,1.66,87.56,6.3848,7.634,8.6056
2024-03-18,KIM,39.0203,38.9149,-0.27,0.782,78.2,1.17,3.03,6.72,73.24,35.8987,42.9223,48.3852
2024-03-18,KMX,39.0203,38.9149,-0.27,0.782,78.2,1.17,3.03,6.72,73.24,35.8987,42.9223,48.3852
2024-03-18,KSS,39.0203,38.9149,-0.27,0.782,78.2,1.17,3.03,6.72,73.24,35.8987,42.9223,48.3852
2024-03-18,KSU,39.0203,38.9149,-0.27,0.782,78.2,1.17,3.03,6.72,73.24,35.8987,42.9223,48.3852
2024-03-18,DYN,26.28,26.08,-0.761,0.991,99.1,1.27,7.27,2.36,48.2,24.1776,28.908,32.5872
2024-03-18,DYN1,26.28,26.08,-0.761,0.991,99.1,1.27,7.27,2.36,48.2,24.1776,28.908,32.5872
2024-03-18,FCFS,116.0427,116.1892,0.126,0.6,60.0,1.12,1.99,1.76,22.1,106.7593,127.647,143.893
2024-03-18,PENG,22.78,23.44,2.897,0.887,88.7,1.25,3.43,3.29,24.67,20.9576,25.058,28.2472
2024-03-19,ANET,71.73,72.2575,0.735,0.857,85.7,1.98,2.82,3.23,764.76,65.9916,78.903,88.9452
2024-03-19,GBTC,51.8609,51.0569,-1.55,0.98,98.0,1.11,4.68,1.24,1340.34,47.712,57.047,64.3075
2024-03-19,HAL,270.9113,270.6317,-0.103,0.78,78.0,1.58,2.25,4.1,1780.97,249.2384,298.0024,335.93
2024-03-19,HAS,270.9113,270.6317,-0.103,0.78,78.0,1.58,2.25,4.1,1780.97,249.2384,298.0024,335.93
2024-03-19,HBAN,270.9113,270.6317,-0.103,0.78,78.0,1.58,2.25,4.1,1780.97,249.2384,298.0024,335.93
2024-03-19,HBI,270.9113,270.6317,-0.103,0.78,78.0,1.58,2.25,4.1,1780.97,249.2384,298.0024,335.93
2024-03-19,HCP,270.9113,270.6317,-0.103,0.78,78.0,1.58,2.25,4.1,1780.97,249.2384,298.0024,335.93
2024-03-19,CMIIU,270.0036,269.7249,-0.103,0.776,77.6,1.58,2.25,4.1,1775.0,248.4033,297.0039,334.8044
2024-03-19,CMIKA,270.0036,269.7249,-0.103,0.776,77.6,1.58,2.25,4.1,1775.0,248.4033,297.0039,334.8044
2024-03-19,CMIN,270.0036,269.7249,-0.103,0.776,77.6,1.58,2.25,4.1,1775.0,248.4033,297.0039,334.8044
2024-03-19,CMIV,270.0036,269.7249,-0.103,0.776,77.6,1.58,2.25,4.1,1775.0,248.4033,297.0039,334.8044
2024-03-19,MTDR,1302.65,1300.01,-0.203,0.598,59.8,1.24,2.16,2.42,185.67,1198.438,1432.915,1615.286
2024-03-19,UHS,1302.65,1300.01,-0.203,0.598,59.8,1.24,2.16,2.42,185.67,1198.438,1432.915,1615.286
2024-03-19,ULTA,1302.65,1300.01,-0.203,0.598,59.8,1.24,2.16,2.42,185.67,1198.438,1432.915,1615.286
2024-03-19,UNM,1302.65,1300.01,-0.203,0.598,59.8,1.24,2.16,2.42,185.67,1198.438,1432.915,1615.286
2024-03-19,UTX,1302.65,1300.01,-0.203,0.598,59.8,1.24,2.16,2.42,185.67,1198.438,1432.915,1615.286
2024-03-19,ALLY,35.829,35.8007,-0.079,0.668,66.8,1.12,2.31,2.33,135.74,32.9627,39.4119,44.428
2024-03-19,COOL,102.25,102.5,0.244,0.691,69.1,1.31,1.88,2.69,155.68,94.07,112.475,126.79
2024-03-19,HPQ,102.25,102.5,0.244,0.691,69.1,1.31,1.88,2.69,155.68,94.07,112.475,126.79
2024-03-19,MDH,265.68,267.5,0.685,0.817,81.7,1.23,7.04,5.32,198.6,244.4256,292.248,329.4432
2024-03-19,MDIA,265.68,267.5,0.685,0.817,81.7,1.23,7.04,5.32,198.6,244.4256,292.248,329.4432
2024-03-19,CRI,77.0071,77.0071,0.0,0.663,66.3,1.14,2.68,1.49,77.38,70.8466,84.7078,95.4888
2024-03-19,CRIC,77.0071,77.0071,0.0,0.663,66.3,1.14,2.68,1.49,77.38,70.8466,84.7078,95.4888
2024-03-19,HR,83.53,82.76,-0.922,0.917,91.7,1.44,2.24,1.85,43.6,76.8476,91.883,103.5772
2024-03-19,AGR,89.4171,89.1632,-0.284,0.887,88.7,1.19,2.15,2.21,37.78,82.2638,98.3588,110.8772
2024-03-19,AGRI,89.4171,89.1632,-0.284,0.887,88.7,1.19,2.15,2.21,37.78,82.2638,98.3588,110.8772
2024-03-20,MU,95.5275,112.519,17.787,0.699,69.9,1.77,3.28,1.17,2148.63,87.8853,105.0803,118.4541
2024-03-20,C,56.6499,56.8195,0.299,0.821,82.1,1.34,2.04,5.59,859.46,52.1179,62.3149,70.2459
2024-03-20,ANET,74.145,74.75,0.816,0.891,89.1,1.22,2.9,5.9,801.32,68.2134,81.5595,91.9398
2024-03-20,BAX,109.857,111.1737,1.199,0.85,85.0,1.39,2.04,1.87,270.67,101.0685,120.8427,136.2227
2024-03-20,BBT,109.857,111.1737,1.199,0.85,85.0,1.39,2.04,1.87,270.67,101.0685,120.8427,136.2227
2024-03-20,HAL,276.8113,277.6501,0.303,0.797,79.7,1.51,2.32,5.86,1920.12,254.6664,304.4925,343.2461
2024-03-20,HAS,276.8113,277.6501,0.303,0.797,79.7,1.51,2.32,5.86,1920.12,254.6664,304.4925,343.2461
2024-03-20,HBAN,276.8113,277.6501,0.303,0.797,79.7,1.51,2.32,5.86,1920.12,254.6664,304.4925,343.2461
2024-03-20,HBI,276.8113,277.6501,0.303,0.797,79.7,1.51,2.32,5.86,1920.12,254.6664,304.4925,343.2461
2024-03-20,HCP,276.8113,277.6501,0.303,0.797,79.7,1.51,2.32,5.86,1920.12,254.6664,304.4925,343.2461
2024-03-20,CMIIU,275.8839,276.7198,0.303,0.801,80.1,1.51,2.32,5.86,1913.68,253.8131,303.4722,342.096
2024-03-20,CMIKA,275.8839,276.7198,0.303,0.801,80.1,1.51,2.32,5.86,1913.68,253.8131,303.4722,342.096
2024-03-20,CMIN,275.8839,276.7198,0.303,0.801,80.1,1.51,2.32,5.86,1913.68,253.8131,303.4722,342.096
2024-03-20,CMIV,275.8839,276.7198,0.303,0.801,80.1,1.51,2.32,5.86,1913.68,253.8131,303.4722,342.096
2024-03-20,URI,696.8503,704.9651,1.164,0.871,87.1,1.95,2.41,4.23,382.34,641.1023,766.5353,864.0943
2024-03-20,IQV,252.72,254.13,0.558,0.605,60.5,1.3,1.98,0.04,241.06,232.5024,277.992,313.3728
2024-03-20,SPG,142.5111,143.2448,0.515,0.622,62.2,1.22,1.88,3.63,232.81,131.1102,156.7623,176.7138
2024-03-20,RMD,188.9567,190.0076,0.556,0.61,61.0,1.11,2.44,3.67,205.65,173.8402,207.8524,234.3063
2024-03-20,MNDY,232.38,235.0,1.127,0.861,86.1,1.36,3.42,5.32,172.4,213.7896,255.618,288.1512
2024-03-20,JBLU,7.17,7.2,0.418,0.879,87.9,1.2,4.47,4.9,89.88,6.5964,7.887,8.8908
2024-03-20,AU,20.1006,20.318,1.081,0.714,71.4,1.25,3.29,4.43,52.91,18.4926,22.1107,24.9248
2024-03-20,BFNBQ,38.9372,39.3638,1.096,0.789,78.9,1.12,3.37,6.44,33.93,35.8222,42.8309,48.2821
2024-03-20,BFNH,38.9372,39.3638,1.096,0.789,78.9,1.12,3.37,6.44,33.93,35.8222,42.8309,48.2821
2024-03-20,DIGE,3.99,3.94,-1.253,0.644,64.4,1.81,3.71,3.77,23.18,3.6708,4.389,4.9476
2024-03-20,DIGF,3.99,3.94,-1.253,0.644,64.4,1.81,3.71,3.77,23.18,3.6708,4.389,4.9476
2024-03-20,DIGI1,3.99,3.94,-1.253,0.644,64.4,1.81,3.71,3.77,23.18,3.6708,4.389,4.9476
2024-03-20,PRIM,40.5202,40.8475,0.808,0.878,87.8,1.29,3.01,2.12,23.06,37.2786,44.5723,50.2451
2024-03-20,BDCC,90.7431,91.7001,1.055,0.788,78.8,1.13,2.19,5.09,28.15,83.4837,99.8175,112.5215
2024-03-21,SMH,224.6125,223.9078,-0.314,0.916,91.6,1.13,2.46,3.05,2324.62,206.6435,247.0737,278.5195
2024-03-21,LRCX,96.5923,96.8066,0.222,0.74,74.0,1.2,2.5,4.69,1130.04,88.8649,106.2515,119.7745
2024-03-21,ABNB,168.18,167.0,-0.702,0.805,80.5,1.2,2.57,4.71,840.51,154.7256,184.998,208.5432
2024-03-21,KKR,100.6095,100.6293,0.02,0.87,87.0,1.36,2.36,4.31,352.68,92.5607,110.6704,124.7557
2024-03-21,BAX,111.7003,111.476,-0.201,0.879,87.9,1.43,2.06,3.44,282.13,102.7643,122.8704,138.5084
2024-03-21,BBT,111.7003,111.476,-0.201,0.879,87.9,1.43,2.06,3.44,282.13,102.7643,122.8704,138.5084
2024-03-21,WDC,47.9943,47.8964,-0.204,0.819,81.9,1.78,2.88,4.21,413.48,44.1547,52.7937,59.5129
2024-03-21,FIS,69.7235,69.6367,-0.125,0.82,82.0,1.23,2.25,5.01,333.68,64.1456,76.6959,86.4571
2024-03-21,FLUT,218.04,219.08,0.477,0.836,83.6,2.35,1.92,0.33,23.74,200.5968,239.844,270.3696
2024-03-21,NUE,190.4235,190.9665,0.285,0.61,61.0,1.15,2.22,4.13,263.2,175.1896,209.4658,236.1251
2024-03-21,COHR1,63.24,62.53,-1.123,0.952,95.2,1.2,4.1,3.03,129.52,58.1808,69.564,78.4176
2024-03-21,ARES,130.4874,130.0957,-0.3,0.797,79.7,1.36,2.0,2.95,150.6,120.0484,143.5361,161.8043
2024-03-21,CLS,47.05,46.48,-1.211,0.975,97.5,1.14,4.06,6.01,107.59,43.286,51.755,58.342
2024-03-21,NBIX,143.74,145.31,1.092,0.635,63.5,2.5,2.61,5.04,144.58,132.2408,158.114,178.2376
2024-03-21,NICE,256.4,259.96,1.388,0.902,90.2,1.56,2.24,5.58,93.38,235.888,282.04,317.936
2024-03-21,MKSI,125.6282,125.0074,-0.494,0.895,89.5,1.34,3.15,2.52,78.22,115.5779,138.191,155.779
2024-03-21,CPRI,351.99,354.07,0.591,0.586,58.6,1.15,2.23,4.78,64.61,323.8308,387.189,436.4676
2024-03-21,CPT,351.99,354.07,0.591,0.586,58.6,1.15,2.23,4.78,64.61,323.8308,387.189,436.4676
2024-03-21,CRL,351.99,354.07,0.591,0.586,58.6,1.15,2.23,4.78,64.61,323.8308,387.189,436.4676
2024-03-21,CSGP,351.99,354.07,0.591,0.586,58.6,1.15,2.23,4.78,64.61,323.8308,387.189,436.4676
2024-03-21,CTL,351.99,354.07,0.591,0.586,58.6,1.15,2.23,4.78,64.61,323.8308,387.189,436.4676
2024-03-21,ARMK,30.6413,30.8075,0.542,0.678,67.8,1.59,2.11,0.11,71.82,28.19,33.7054,37.9952
2024-03-21,CLGX,195.63,195.7,0.036,0.613,61.3,1.14,1.89,4.28,60.8,179.9796,215.193,242.5812
2024-03-21,PLCM,62.65,62.57,-0.128,0.778,77.8,1.6,3.06,0.03,46.85,57.638,68.915,77.686
2024-03-21,HR,82.2,82.84,0.779,0.874,87.4,1.27,2.43,0.15,46.49,75.624,90.42,101.928
2024-03-21,BFNBQ,37.318,37.0659,-0.676,0.696,69.6,1.24,3.69,1.77,33.5,34.3326,41.0498,46.2743
2024-03-21,BFNH,37.318,37.0659,-0.676,0.696,69.6,1.24,3.69,1.77,33.5,34.3326,41.0498,46.2743
2024-03-21,ARCC1,136.6382,137.5184,0.644,0.739,73.9,1.26,3.55,1.01,46.72,125.7072,150.302,169.4314
2024-03-21,ARCE,136.6382,137.5184,0.644,0.739,73.9,1.26,3.55,1.01,46.72,125.7072,150.302,169.4314
2024-03-21,ARCH,136.6382,137.5184,0.644,0.735,73.5,1.26,3.55,1.01,46.72,125.7071,150.302,169.4313
2024-03-21,ARCHQ,136.6382,137.5184,0.644,0.735,73.5,1.26,3.55,1.01,46.72,125.7071,150.302,169.4313
2024-03-21,ARCIU,136.6382,137.5184,0.644,0.735,73.5,1.26,3.55,1.01,46.72,125.7071,150.302,169.4313
2024-03-21,ARCK,136.6382,137.5184,0.644,0.735,73.5,1.26,3.55,1.01,46.72,125.7071,150.302,169.4313
2024-03-21,PRIM,41.0756,41.2541,0.435,0.875,87.5,1.97,2.97,3.28,23.89,37.7895,45.1831,50.9337
2024-03-21,TSS,16.0929,16.2142,0.754,0.672,67.2,1.17,3.08,5.21,32.89,14.8054,17.7022,19.9552
2024-03-21,BDCC,92.3879,92.7967,0.442,0.806,80.6,1.16,2.18,6.37,29.25,84.9969,101.6267,114.5611
2024-03-21,ACW,19.04,19.08,0.21,0.876,87.6,1.12,3.96,6.52,32.58,17.5168,20.944,23.6096
2024-03-21,ACXP,19.04,19.08,0.21,0.876,87.6,1.12,3.96,6.52,32.58,17.5168,20.944,23.6096
2024-03-22,FICO,1276.74,1276.74,0.0,0.616,61.6,1.13,2.89,0.44,231.7,1174.6008,1404.414,1583.1576
2024-03-22,FLUT,218.87,219.01,0.064,0.842,84.2,1.28,1.94,0.56,24.72,201.3604,240.757,271.3988
2024-03-22,COHR1,63.3,63.0,-0.474,0.95,95.0,1.14,4.09,2.76,131.87,58.236,69.63,78.492
2024-03-22,CPRI,350.46,350.06,-0.114,0.6,60.0,1.76,2.29,4.13,65.21,322.4232,385.506,434.5704
2024-03-22,CPT,350.46,350.06,-0.114,0.6,60.0,1.76,2.29,4.13,65.21,322.4232,385.506,434.5704
2024-03-22,CRL,350.46,350.06,-0.114,0.6,60.0,1.76,2.29,4.13,65.21,322.4232,385.506,434.5704
2024-03-22,CSGP,350.46,350.06,-0.114,0.6,60.0,1.76,2.29,4.13,65.21,322.4232,385.506,434.5704
2024-03-22,CTL,350.46,350.06,-0.114,0.6,60.0,1.76,2.29,4.13,65.21,322.4232,385.506,434.5704
2024-03-25,ARM,138.31,141.1,2.017,0.991,99.1,1.21,5.28,3.49,1475.69,127.2452,152.141,171.5044
2024-03-25,DIS,116.9939,117.2585,0.226,0.93,93.0,1.15,1.89,5.68,1235.89,107.6344,128.6933,145.0724
2024-03-25,UAL,44.89,45.03,0.312,0.581,58.1,1.78,2.53,1.41,338.13,41.2988,49.379,55.6636
2024-03-25,RMD,189.8701,190.0567,0.098,0.696,69.6,1.56,2.34,3.37,223.07,174.6805,208.8572,235.439
2024-03-25,VEEV,229.42,230.0,0.253,0.836,83.6,1.11,2.14,0.64,243.8,211.0664,252.362,284.4808
2024-03-25,BJ,74.93,74.9,-0.04,0.662,66.2,1.28,2.81,0.3,132.03,68.9356,82.423,92.9132
2024-03-25,BJCT,74.93,74.9,-0.04,0.662,66.2,1.28,2.81,0.3,132.03,68.9356,82.423,92.9132
2024-03-25,NICE,260.3,263.05,1.056,0.908,90.8,2.58,2.1,6.31,95.71,239.476,286.33,322.772
2024-03-25,CATA1,316.7228,317.7244,0.316,0.791,79.1,1.34,2.2,4.6,107.58,291.385,348.3951,392.7362
2024-03-26,C,58.0913,58.4399,0.6,0.844,84.4,1.12,2.06,6.24,928.29,53.444,63.9005,72.0333
2024-03-26,SPOT,262.81,267.0,1.594,0.955,95.5,1.3,2.55,0.95,394.52,241.7852,289.091,325.8844
2024-03-26,UAL,45.42,45.69,0.594,0.598,59.8,1.13,2.54,2.54,345.97,41.7864,49.962,56.3208
2024-03-26,NET,99.07,99.53,0.464,0.8,80.0,1.14,3.72,2.11,320.77,91.1444,108.977,122.8468
2024-03-26,FIS,69.7621,70.4375,0.968,0.825,82.5,1.47,1.92,3.84,305.76,64.1811,76.7383,86.505
2024-03-26,STX,91.0103,91.9135,0.992,0.639,63.9,2.15,3.03,4.58,311.13,83.7295,100.1113,112.8528
2024-03-26,JBLU,7.33,7.4,0.955,0.896,89.6,1.13,4.58,4.78,92.06,6.7436,8.063,9.0892
2024-03-26,MKSI,124.6527,126.2391,1.273,0.842,84.2,1.15,3.03,0.97,77.07,114.6805,137.118,154.5694
2024-03-26,CATA1,313.827,316.5839,0.878,0.764,76.4,1.22,2.29,3.38,110.15,288.7209,345.2097,389.1455
2024-03-26,GVA,56.0493,56.5538,0.9,0.654,65.4,1.37,2.16,5.78,20.95,51.5653,61.6542,69.5011
2024-03-27,MRVL,71.8529,71.5448,-0.429,0.812,81.2,1.21,3.92,1.02,1353.23,66.1046,79.0382,89.0976
2024-03-27,CMG,58.4692,58.9,0.737,0.893,89.3,1.13,1.89,5.31,730.5,53.7917,64.3161,72.5018
2024-03-27,ANET,72.1025,71.9475,-0.215,0.844,84.4,1.13,2.95,0.34,817.92,66.3343,79.3128,89.4071
2024-03-27,UAL,47.24,47.18,-0.127,0.708,70.8,1.39,2.65,6.35,371.13,43.4608,51.964,58.5776
2024-03-27,DL1,45.35,46.04,1.522,0.899,89.9,2.84,4.09,3.02,486.05,41.722,49.885,56.234
2024-03-27,DLAPQ,45.35,46.04,1.522,0.899,89.9,2.84,4.09,3.02,486.05,41.722,49.885,56.234
2024-03-27,FIS,70.8814,71.1612,0.395,0.85,85.0,1.59,1.91,4.98,323.29,65.2109,77.9695,87.8929
2024-03-27,CNQ,35.461,35.7618,0.848,0.752,75.2,1.28,1.94,3.99,203.48,32.6242,39.0072,43.9717
2024-03-27,AVTR,25.58,25.68,0.391,0.64,64.0,1.19,1.93,0.8,104.12,23.5336,28.138,31.7192
2024-03-27,TEVA,14.43,14.35,-0.554,0.946,94.6,1.43,2.36,5.97,123.63,13.2756,15.873,17.8932
2024-03-27,CARS2,37.09,37.23,0.377,0.975,97.5,1.2,4.12,4.36,142.36,34.1228,40.799,45.9916
2024-03-27,PQUEQ,15.8347,15.9732,0.875,0.89,89.0,1.13,2.2,5.0,197.02,14.5679,17.4182,19.635
2024-03-27,PRA,15.8347,15.9732,0.875,0.89,89.0,1.13,2.2,5.0,197.02,14.5679,17.4182,19.635
2024-03-27,MKSI,129.9833,129.5301,-0.349,0.896,89.6,1.13,3.16,4.77,82.96,119.5847,142.9817,161.1793
2024-03-27,BORD,91.32,91.56,0.263,0.79,79.0,1.15,2.61,3.78,53.47,84.0144,100.452,113.2368
2024-03-27,DYN,28.5,28.51,0.035,0.992,99.2,1.29,7.78,4.87,54.35,26.22,31.35,35.34
2024-03-27,DYN1,28.5,28.51,0.035,0.992,99.2,1.29,7.78,4.87,54.35,26.22,31.35,35.34
2024-03-27,BANC,14.4794,14.4126,-0.461,0.684,68.4,1.35,3.24,3.85,35.14,13.3211,15.9274,17.9545
2024-03-27,CVIIW,33.6267,33.5881,-0.115,0.759,75.9,1.14,3.23,1.51,30.95,30.9365,36.9893,41.6971
2024-03-27,BBBB,36.02,36.29,0.75,0.913,91.3,1.18,4.58,4.51,41.56,33.1384,39.622,44.6648
2024-03-27,BBBY,36.02,36.29,0.75,0.913,91.3,1.18,4.58,4.51,41.56,33.1384,39.622,44.6648
2024-03-28,AMAT,202.9474,203.6362,0.339,0.589,58.9,1.16,2.2,0.3,1004.48,186.7116,223.2421,251.6547
2024-03-28,GE,138.381,138.4362,0.04,0.944,94.4,1.28,2.54,3.77,1314.75,127.3105,152.2191,171.5924
2024-03-28,CMG,58.1354,58.3834,0.427,0.891,89.1,1.15,1.9,4.3,740.15,53.4846,63.9489,72.0879
2024-03-28,F,11.8669,11.9116,0.376,0.617,61.7,1.21,2.49,6.09,609.05,10.9176,13.0536,14.715
2024-03-28,AAL,15.35,15.42,0.456,0.667,66.7,1.25,2.66,4.83,448.6,14.122,16.885,19.034
2024-03-28,COF,145.2731,145.2341,-0.027,0.643,64.3,1.65,1.94,6.76,356.29,133.6512,159.8004,180.1386
2024-03-28,RCL,136.6095,137.6905,0.791,0.701,70.1,1.14,2.42,6.17,330.57,125.6807,150.2704,169.3957
2024-03-28,TEVA,14.11,14.18,0.496,0.907,90.7,1.2,2.44,3.26,120.68,12.9812,15.521,17.4964
2024-03-28,SMCI,87.11,86.33,-0.895,0.671,67.1,1.29,2.35,5.5,131.15,80.1412,95.821,108.0164
2024-03-28,SNA,87.11,86.33,-0.895,0.671,67.1,1.29,2.35,5.5,131.15,80.1412,95.821,108.0164
2024-03-28,SOLV,87.11,86.33,-0.895,0.671,67.1,1.29,2.35,5.5,131.15,80.1412,95.821,108.0164
2024-03-28,STE,87.11,86.33,-0.895,0.671,67.1,1.29,2.35,5.5,131.15,80.1412,95.821,108.0164
2024-03-28,KNSL,523.037,522.4988,-0.103,0.962,96.2,1.19,2.29,0.58,81.98,481.1941,575.3408,648.5659
2024-03-28,ARMK,31.7949,31.6972,-0.308,0.727,72.7,1.44,2.13,3.18,84.66,29.2514,34.9744,39.4257
2024-03-28,APPHQ,246.74,245.42,-0.535,0.958,95.8,8.13,2.8,6.73,106.0,227.0008,271.414,305.9576
2024-03-28,PLCM,62.6,62.68,0.128,0.694,69.4,1.87,3.17,0.85,54.26,57.592,68.86,77.624
2024-03-28,OSM1,14.87,14.77,-0.672,0.978,97.8,1.4,5.58,3.77,43.16,13.6804,16.357,18.4388
2024-03-28,HR,81.63,81.43,-0.245,0.842,84.2,1.12,2.44,0.37,45.38,75.0996,89.793,101.2212
2024-03-28,ITRI,92.52,92.01,-0.551,0.841,84.1,1.46,2.45,1.75,42.38,85.1184,101.772,114.7248
2024-03-28,PEET,32.2155,31.9962,-0.681,0.939,93.9,1.44,2.61,0.57,30.04,29.6383,35.437,39.9472
2024-03-28,PEGI,32.2155,31.9962,-0.681,0.939,93.9,1.44,2.61,0.57,30.04,29.6383,35.437,39.9472
2024-03-28,ARCC1,140.9304,141.0095,0.056,0.752,75.2,1.47,3.79,4.79,48.59,129.656,155.0234,174.7537
2024-03-28,ARCE,140.9304,141.0095,0.056,0.752,75.2,1.47,3.79,4.79,48.59,129.656,155.0234,174.7537
2024-03-28,ARCH,140.9304,141.0095,0.056,0.754,75.4,1.47,3.79,4.79,48.59,129.656,155.0234,174.7537
2024-03-28,ARCHQ,140.9304,141.0095,0.056,0.754,75.4,1.47,3.79,4.79,48.59,129.656,155.0234,174.7537
2024-03-28,ARCIU,140.9304,141.0095,0.056,0.754,75.4,1.47,3.79,4.79,48.59,129.656,155.0234,174.7537
2024-03-28,ARCK,140.9304,141.0095,0.056,0.754,75.4,1.47,3.79,4.79,48.59,129.656,155.0234,174.7537
2024-03-28,BANC,14.5176,14.5749,0.394,0.688,68.8,1.85,3.21,3.88,36.71,13.3562,15.9694,18.0018
2024-03-28,CVIIW,34.3885,34.7164,0.953,0.716,71.6,1.27,3.22,3.37,31.49,31.6374,37.8274,42.6418
2024-04-01,TCOM,46.7329,47.4295,1.491,0.88,88.0,1.41,2.1,6.63,169.52,42.9943,51.4062,57.9488
2024-04-01,AKAM,319.65,312.41,-2.265,0.844,84.4,1.15,2.61,1.1,156.95,294.078,351.615,396.366
2024-04-01,CDW,41.8681,41.3201,-1.309,0.654,65.4,1.17,1.97,2.54,162.94,38.5186,46.0549,51.9164
2024-04-01,CE,41.8681,41.3201,-1.309,0.654,65.4,1.17,1.97,2.54,162.94,38.5186,46.0549,51.9164
2024-04-01,CELG,41.8681,41.3201,-1.309,0.654,65.4,1.17,1.97,2.54,162.94,38.5186,46.0549,51.9164
2024-04-01,CERN,41.8681,41.3201,-1.309,0.654,65.4,1.17,1.97,2.54,162.94,38.5186,46.0549,51.9164
2024-04-01,CF,41.8681,41.3201,-1.309,0.654,65.4,1.17,1.97,2.54,162.94,38.5186,46.0549,51.9164
2024-04-01,SMCI,85.94,85.13,-0.943,0.728,72.8,1.32,2.28,3.66,132.52,79.0648,94.534,106.5656
2024-04-01,SNA,85.94,85.13,-0.943,0.728,72.8,1.32,2.28,3.66,132.52,79.0648,94.534,106.5656
2024-04-01,SOLV,85.94,85.13,-0.943,0.728,72.8,1.32,2.28,3.66,132.52,79.0648,94.534,106.5656
2024-04-01,STE,85.94,85.13,-0.943,0.728,72.8,1.32,2.28,3.66,132.52,79.0648,94.534,106.5656
2024-04-01,INTE,209.63,205.05,-2.185,0.866,86.6,1.34,4.64,5.61,86.89,192.8596,230.593,259.9412
2024-04-01,EAXR,50.96,51.0,0.078,0.825,82.5,1.67,2.96,6.42,63.82,46.8832,56.056,63.1904
2024-04-01,EB,50.96,51.0,0.078,0.825,82.5,1.67,2.96,6.42,63.82,46.8832,56.056,63.1904
2024-04-01,EBBGF,50.96,51.0,0.078,0.825,82.5,1.67,2.96,6.42,63.82,46.8832,56.056,63.1904
2024-04-01,EBBNF,50.96,51.0,0.078,0.825,82.5,1.67,2.96,6.42,63.82,46.8832,56.056,63.1904
2024-04-01,FRPT,115.85,114.99,-0.742,0.93,93.0,1.11,2.62,3.81,60.43,106.582,127.435,143.654
2024-04-01,AGQPF,29.02,30.22,4.135,0.635,63.5,1.37,3.27,2.62,32.53,26.6984,31.922,35.9848
2024-04-01,PLCM,64.43,63.69,-1.149,0.853,85.3,1.38,3.14,3.64,57.5,59.2756,70.873,79.8932
2024-04-01,AGI,14.4315,14.5408,0.758,0.598,59.8,1.47,2.95,6.65,42.28,13.277,15.8747,17.8951
2024-04-01,ARCC1,140.515,137.9041,-1.858,0.799,79.9,1.18,3.82,4.48,49.66,129.2738,154.5665,174.2386
2024-04-01,ARCE,140.515,137.9041,-1.858,0.799,79.9,1.18,3.82,4.48,49.66,129.2738,154.5665,174.2386
2024-04-01,ARCH,140.515,137.9041,-1.858,0.795,79.5,1.18,3.82,4.48,49.66,129.2738,154.5665,174.2386
2024-04-01,ARCHQ,140.515,137.9041,-1.858,0.795,79.5,1.18,3.82,4.48,49.66,129.2738,154.5665,174.2386
2024-04-01,ARCIU,140.515,137.9041,-1.858,0.795,79.5,1.18,3.82,4.48,49.66,129.2738,154.5665,174.2386
2024-04-01,ARCK,140.515,137.9041,-1.858,0.795,79.5,1.18,3.82,4.48,49.66,129.2738,154.5665,174.2386
2024-04-01,PRIM,42.4464,41.9598,-1.146,0.917,91.7,1.17,2.24,4.93,21.6,39.0507,46.6911,52.6336
2024-04-01,CVIIW,35.4107,35.6325,0.626,0.763,76.3,1.12,3.3,5.83,32.39,32.5779,38.9518,43.9093
2024-04-01,BBBB,34.9,34.25,-1.862,0.929,92.9,2.01,4.58,0.72,39.88,32.108,38.39,43.276
2024-04-01,BBBY,34.9,34.25,-1.862,0.929,92.9,2.01,4.58,0.72,39.88,32.108,38.39,43.276
2024-04-02,DIS,120.3853,119.8462,-0.448,0.93,93.0,1.38,1.95,6.38,1350.74,110.7545,132.4238,149.2777
2024-04-02,GE,134.8073,136.4668,1.231,0.938,93.8,2.04,2.83,0.3,1353.53,124.0227,148.288,167.161
2024-04-02,SPOT,269.58,285.04,5.735,0.945,94.5,1.39,2.76,3.2,373.87,248.0136,296.538,334.2792
2024-04-02,RCL,135.0764,134.8307,-0.182,0.702,70.2,2.05,2.35,3.85,346.18,124.2703,148.584,167.4947
2024-04-02,LYV,104.88,104.01,-0.83,0.763,76.3,1.14,1.96,1.4,223.42,96.4896,115.368,130.0512
2024-04-02,RH,310.58,311.83,0.402,0.729,72.9,1.56,4.79,5.89,304.54,285.7336,341.638,385.1192
2024-04-02,SMCI,83.81,83.68,-0.155,0.731,73.1,1.33,2.3,0.84,133.69,77.1052,92.191,103.9244
2024-04-02,SNA,83.81,83.68,-0.155,0.731,73.1,1.33,2.3,0.84,133.69,77.1052,92.191,103.9244
2024-04-02,SOLV,83.81,83.68,-0.155,0.731,73.1,1.33,2.3,0.84,133.69,77.1052,92.191,103.9244
2024-04-02,STE,83.81,83.68,-0.155,0.731,73.1,1.33,2.3,0.84,133.69,77.1052,92.191,103.9244
2024-04-02,CARS2,37.1,36.97,-0.35,0.979,97.9,1.32,3.79,2.67,131.08,34.132,40.81,46.004
2024-04-02,CLS,46.9,46.42,-1.023,0.981,98.1,1.27,3.93,3.01,95.71,43.148,51.59,58.156
2024-04-02,EAXR,49.67,49.79,0.242,0.815,81.5,1.17,3.06,3.41,63.6,45.6964,54.637,61.5908
2024-04-02,EB,49.67,49.79,0.242,0.815,81.5,1.17,3.06,3.41,63.6,45.6964,54.637,61.5908
2024-04-02,EBBGF,49.67,49.79,0.242,0.815,81.5,1.17,3.06,3.41,63.6,45.6964,54.637,61.5908
2024-04-02,EBBNF,49.67,49.79,0.242,0.815,81.5,1.17,3.06,3.41,63.6,45.6964,54.637,61.5908
2024-04-02,MKSI,128.1408,126.2883,-1.446,0.913,91.3,1.13,3.02,2.49,81.0,117.8895,140.9549,158.8946
2024-04-02,MHI1,125.13,124.64,-0.392,0.843,84.3,1.18,2.23,1.83,69.42,115.1196,137.643,155.1612
2024-04-02,TWTR,125.13,124.64,-0.392,0.843,84.3,1.18,2.23,1.83,69.42,115.1196,137.643,155.1612
2024-04-02,IPG,41.5,41.56,0.145,0.653,65.3,1.42,2.47,5.13,61.53,38.18,45.65,51.46
2024-04-02,HR,82.785,82.33,-0.55,0.804,80.4,1.49,2.44,1.73,48.18,76.1622,91.0635,102.6534
2024-04-02,GFI,15.6765,16.0355,2.29,0.853,85.3,1.37,3.23,6.67,63.24,14.4224,17.2442,19.4389
2024-04-02,GVA,55.703,55.4358,-0.48,0.678,67.8,1.43,2.09,3.06,21.58,51.2467,61.2733,69.0717
2024-04-02,PRIM,41.9598,41.93,-0.071,0.934,93.4,1.15,2.4,3.35,22.13,38.603,46.1558,52.0301
2024-04-02,CVIIW,35.0636,35.3721,0.88,0.775,77.5,1.31,3.33,4.16,32.68,32.2585,38.5699,43.4788
2024-04-03,DIS,116.6214,116.8566,0.202,0.898,89.8,1.94,2.04,2.78,1352.54,107.2917,128.2835,144.6105
2024-04-03,GE,143.8458,144.8632,0.707,0.95,95.0,1.55,3.0,6.26,1503.29,132.3381,158.2304,178.3688
2024-04-03,C,58.1196,58.553,0.746,0.684,68.4,1.13,1.95,3.14,928.67,53.47,63.9316,72.0683
2024-04-03,DAL,45.6357,46.2727,1.396,0.692,69.2,1.17,2.24,4.07,438.86,41.9848,50.1993,56.5883
2024-04-03,HIMX,15.51,15.58,0.451,0.989,98.9,1.43,5.39,1.3,79.72,14.2692,17.061,19.2324
2024-04-03,SMCI,83.62,83.94,0.383,0.672,67.2,1.63,2.26,0.4,139.72,76.9304,91.982,103.6888
2024-04-03,SNA,83.62,83.94,0.383,0.672,67.2,1.63,2.26,0.4,139.72,76.9304,91.982,103.6888
2024-04-03,SOLV,83.62,83.94,0.383,0.672,67.2,1.63,2.26,0.4,139.72,76.9304,91.982,103.6888
2024-04-03,STE,83.62,83.94,0.383,0.672,67.2,1.63,2.26,0.4,139.72,76.9304,91.982,103.6888
2024-04-03,CPAY,316.14,319.05,0.92,0.603,60.3,1.57,2.0,4.85,146.45,290.8488,347.754,392.0136
2024-04-03,ERIE,168.283,166.0526,-1.325,0.679,67.9,1.26,2.04,4.94,118.11,154.8204,185.1113,208.6709
2024-04-03,ES,168.283,166.0526,-1.325,0.679,67.9,1.26,2.04,4.94,118.11,154.8204,185.1113,208.6709
2024-04-03,ESS,168.283,166.0526,-1.325,0.679,67.9,1.26,2.04,4.94,118.11,154.8204,185.1113,208.6709
2024-04-03,ETFC,168.283,166.0526,-1.325,0.679,67.9,1.26,2.04,4.94,118.11,154.8204,185.1113,208.6709
2024-04-03,ETSY,168.283,166.0526,-1.325,0.679,67.9,1.26,2.04,4.94,118.11,154.8204,185.1113,208.6709
2024-04-03,INTE,210.19,210.05,-0.067,0.78,78.0,1.45,4.69,4.53,91.85,193.3748,231.209,260.6356
2024-04-03,CG,44.2999,44.3377,0.085,0.786,78.6,1.15,1.99,0.99,98.62,40.7559,48.7299,54.9319
2024-04-03,CAKE,35.4165,35.5885,0.486,0.585,58.5,1.49,2.38,2.7,28.13,32.5832,38.9581,43.9164
2024-04-03,CAKR,35.4165,35.5885,0.486,0.585,58.5,1.49,2.38,2.7,28.13,32.5832,38.9581,43.9164
2024-04-03,ACW,18.51,18.72,1.135,0.93,93.0,1.38,3.4,1.28,20.92,17.0292,20.361,22.9524
2024-04-03,ACXP,18.51,18.72,1.135,0.93,93.0,1.38,3.4,1.28,20.92,17.0292,20.361,22.9524
2024-04-03,BHC,10.04,10.15,1.096,0.807,80.7,3.05,3.59,4.44,22.18,9.2368,11.044,12.4496
2024-04-03,BHC.A,10.04,10.15,1.096,0.807,80.7,3.05,3.59,4.44,22.18,9.2368,11.044,12.4496
2024-04-03,BHE,10.04,10.15,1.096,0.807,80.7,3.05,3.59,4.44,22.18,9.2368,11.044,12.4496
2024-04-05,NOW,156.7,156.668,-0.02,0.623,62.3,1.19,2.51,2.2,846.73,144.164,172.37,194.308
2024-04-05,DL1,47.2,47.2,0.0,0.934,93.4,1.14,4.02,5.56,539.35,43.424,51.92,58.528
2024-04-05,DLAPQ,47.2,47.2,0.0,0.934,93.4,1.14,4.02,5.56,539.35,43.424,51.92,58.528
2024-04-05,DPZ,480.7013,480.2627,-0.091,0.802,80.2,1.17,1.87,5.65,286.54,442.2452,528.7714,596.0696
2024-04-05,DQ,480.7013,480.2627,-0.091,0.802,80.2,1.17,1.87,5.65,286.54,442.2452,528.7714,596.0696
2024-04-05,ARES,128.1753,128.5575,0.298,0.745,74.5,1.14,2.12,0.93,137.12,117.9213,140.9929,158.9374
2024-04-05,AVTR,25.87,25.75,-0.464,0.752,75.2,1.26,1.88,1.65,103.02,23.8004,28.457,32.0788
2024-04-05,TEVA,14.25,14.33,0.561,0.855,85.5,1.19,2.28,3.4,110.25,13.11,15.675,17.67
2024-04-05,CG,44.5646,45.0561,1.103,0.811,81.1,1.18,2.04,1.61,98.58,40.9994,49.021,55.2601
2024-04-05,AZA.A,270.8116,271.3396,0.195,0.784,78.4,1.12,1.91,3.24,74.95,249.1467,297.8928,335.8064
2024-04-05,AZEK,270.8116,271.3396,0.195,0.784,78.4,1.12,1.91,3.24,74.95,249.1467,297.8928,335.8064
2024-04-05,AYRO,270.8116,271.3396,0.195,0.784,78.4,1.12,1.91,3.24,74.95,249.1467,297.8928,335.8064
2024-04-05,BZ,18.9864,19.3241,1.778,0.893,89.3,1.22,3.76,1.68,83.08,17.4675,20.8851,23.5432
2024-04-05,BZ2,18.9864,19.3241,1.778,0.893,89.3,1.22,3.76,1.68,83.08,17.4675,20.8851,23.5432
2024-04-05,HALL,41.07,41.09,0.049,0.755,75.5,1.39,2.57,0.86,39.14,37.7844,45.177,50.9268
2024-04-05,HALO,41.07,41.09,0.049,0.755,75.5,1.39,2.57,0.86,39.14,37.7844,45.177,50.9268
2024-04-05,KIM,40.3232,41.1758,2.115,0.839,83.9,1.77,2.88,0.39,73.06,37.0973,44.3555,50.0007
2024-04-05,KMX,40.3232,41.1758,2.115,0.839,83.9,1.77,2.88,0.39,73.06,37.0973,44.3555,50.0007
2024-04-05,KSS,40.3232,41.1758,2.115,0.839,83.9,1.77,2.88,0.39,73.06,37.0973,44.3555,50.0007
2024-04-05,KSU,40.3232,41.1758,2.115,0.839,83.9,1.77,2.88,0.39,73.06,37.0973,44.3555,50.0007
2024-04-05,CVLL,100.2,100.8,0.599,0.917,91.7,1.16,1.91,0.88,27.71,92.184,110.22,124.248
2024-04-05,CALM,54.9053,54.9926,0.159,0.73,73.0,1.32,2.68,4.8,51.24,50.5129,60.3958,68.0826
2024-04-08,TSM,139.4891,142.8789,2.43,0.939,93.9,1.12,2.61,2.47,2039.05,128.3299,153.438,172.9664
2024-04-08,CAT,362.9348,364.4508,0.418,0.894,89.4,1.19,1.91,4.35,822.36,333.9,399.2283,450.0392
2024-04-08,AKAM,320.06,322.52,0.769,0.723,72.3,1.22,2.69,0.59,169.37,294.4552,352.066,396.8744
2024-04-08,ARES,129.1307,129.2167,0.067,0.699,69.9,1.22,2.04,1.61,139.23,118.8003,142.0438,160.1221
2024-04-08,MEDP,408.71,412.15,0.842,0.94,94.0,1.53,2.5,1.92,87.26,376.0132,449.581,506.8004
2024-04-08,MEDP1,408.71,412.15,0.842,0.94,94.0,1.53,2.5,1.92,87.26,376.0132,449.581,506.8004
2024-04-08,ARMK,31.8047,31.7754,-0.092,0.649,64.9,1.36,2.28,2.31,89.16,29.2603,34.9852,39.4379
2024-04-08,NEB,45.1293,45.4652,0.744,0.708,70.8,1.43,2.32,6.09,53.88,41.519,49.6423,55.9604
2024-04-08,AU,22.2553,23.1153,3.864,0.935,93.5,1.2,3.39,6.61,52.52,20.4749,24.4808,27.5966
2024-04-08,NXEN,7.98,8.06,1.003,0.658,65.8,1.72,4.68,2.52,49.47,7.3416,8.778,9.8952
2024-04-09,TSM,142.0387,143.2403,0.846,0.947,94.7,1.31,2.59,4.09,1999.74,130.6756,156.2426,176.128
2024-04-09,DELL,119.6797,117.2229,-2.053,0.969,96.9,1.11,4.51,6.69,1074.73,110.1053,131.6477,148.4028
2024-04-09,VRT,81.6134,79.9472,-2.042,0.974,97.4,1.21,4.95,2.5,689.68,75.0843,89.7747,101.2006
2024-04-09,VST,68.6969,67.7583,-1.366,0.988,98.8,1.33,4.71,2.35,435.59,63.2011,75.5666,85.1842
2024-04-09,DAL,46.3707,46.89,1.12,0.626,62.6,1.32,2.42,3.83,467.63,42.661,51.0077,57.4996
2024-04-09,AKAM,330.25,322.56,-2.329,0.788,78.8,1.12,2.68,3.44,177.61,303.83,363.275,409.51
2024-04-09,CLF,21.91,21.52,-1.78,0.798,79.8,1.4,2.71,1.91,170.32,20.1572,24.101,27.1684
2024-04-09,ARES,127.8314,126.0544,-1.39,0.671,67.1,1.61,2.15,0.5,143.53,117.6049,140.6145,158.5109
2024-04-09,TEVA,13.97,13.8,-1.217,0.84,84.0,1.32,2.29,0.92,108.24,12.8524,15.367,17.3228
2024-04-09,PQUEQ,16.6934,16.601,-0.553,0.933,93.3,1.45,2.1,5.18,170.1,15.3579,18.3627,20.6998
2024-04-09,PRA,16.6934,16.601,-0.553,0.933,93.3,1.45,2.1,5.18,170.1,15.3579,18.3627,20.6998
2024-04-09,CLS,47.05,45.75,-2.763,0.975,97.5,1.43,4.01,1.88,93.29,43.286,51.755,58.342
2024-04-09,PCTY1,172.39,169.05,-1.937,0.653,65.3,1.23,2.4,2.05,59.68,158.5988,189.629,213.7636
2024-04-09,PCX,172.39,169.05,-1.937,0.653,65.3,1.23,2.4,2.05,59.68,158.5988,189.629,213.7636
2024-04-09,ARMK,31.4919,31.0226,-1.49,0.614,61.4,1.46,2.32,1.23,91.46,28.9725,34.641,39.0499
2024-04-09,MMYT,69.61,67.47,-3.074,0.954,95.4,1.93,3.65,1.77,60.51,64.0412,76.571,86.3164
2024-04-09,AMLJ,32.5144,31.7244,-2.43,0.596,59.6,2.72,3.11,6.14,30.71,29.9133,35.7659,40.3179
2024-04-09,AMLN,32.5144,31.7244,-2.43,0.596,59.6,2.72,3.11,6.14,30.71,29.9133,35.7659,40.3179
2024-04-09,AMKR,32.4522,31.6638,-2.43,0.595,59.5,2.72,3.11,6.14,30.65,29.8561,35.6975,40.2408
2024-04-09,GVA,55.3072,54.2486,-1.914,0.753,75.3,1.7,2.02,0.68,21.65,50.8826,60.8379,68.5809
2024-04-09,PENG,25.92,22.88,-11.728,0.867,86.7,1.25,3.53,3.37,31.4,23.8464,28.512,32.1408
2024-04-11,KKR,99.4315,98.0853,-1.354,0.841,84.1,2.04,2.49,1.14,282.99,91.477,109.3747,123.2951
2024-04-11,DAL,46.6744,45.8513,-1.764,0.875,87.5,1.26,2.59,3.69,520.86,42.9405,51.3419,57.8763
2024-04-11,AXON,324.09,322.23,-0.574,0.893,89.3,1.58,2.02,3.61,144.23,298.1628,356.499,401.8716
2024-04-11,ARES,128.0893,127.2104,-0.686,0.716,71.6,1.34,2.25,0.66,151.93,117.8422,140.8983,158.8308
2024-04-11,IPG,42.22,42.01,-0.497,0.689,68.9,1.16,2.64,2.82,63.35,38.8424,46.442,52.3528
2024-04-11,BZ,19.1056,19.0162,-0.468,0.915,91.5,2.79,3.16,1.76,76.93,17.5772,21.0162,23.6909
2024-04-11,BZ2,19.1056,19.0162,-0.468,0.915,91.5,2.79,3.16,1.76,76.93,17.5772,21.0162,23.6909
2024-04-11,BTE,3.7049,3.763,1.567,0.874,87.4,1.36,3.64,4.57,37.19,3.4085,4.0754,4.5941
2024-04-11,KNGRF,82.05,81.64,-0.5,0.894,89.4,1.22,2.29,4.12,29.84,75.486,90.255,101.742
2024-04-11,CACB,572.49,566.63,-1.024,0.58,58.0,1.57,1.93,3.91,36.68,526.6908,629.739,709.8876
2024-04-11,CACH,572.49,566.63,-1.024,0.58,58.0,1.57,1.93,3.91,36.68,526.6908,629.739,709.8876
2024-04-11,IMO,68.1133,68.7542,0.941,0.853,85.3,1.49,1.9,1.96,24.45,62.6643,74.9247,84.4606
2024-05-03,GOOGL,165.9859,166.2042,0.132,0.802,80.2,1.13,2.22,4.92,5088.24,152.707,182.5845,205.8225
2024-05-03,CEG,192.8164,195.6761,1.483,0.963,96.3,1.37,3.47,3.87,489.86,177.3911,212.0981,239.0924
2024-05-03,MCHP,87.0667,87.3622,0.339,0.698,69.8,1.28,2.74,3.38,476.32,80.1014,95.7734,107.9628
2024-05-03,NU,11.68,11.74,0.514,0.87,87.0,1.47,3.03,5.44,220.63,10.7456,12.848,14.4832
2024-05-03,AIG,75.5861,76.1929,0.803,0.76,76.0,1.63,1.96,4.59,310.87,69.5392,83.1447,93.7268
2024-05-03,EXC,35.0246,35.0808,0.16,0.708,70.8,1.32,1.94,0.44,179.81,32.2226,38.527,43.4305
2024-05-03,WRK,74.6373,75.7279,1.461,0.954,95.4,1.31,3.35,5.33,242.65,68.6663,82.101,92.5503
2024-05-03,WSM,74.6373,75.7279,1.461,0.954,95.4,1.31,3.35,5.33,242.65,68.6663,82.101,92.5503
2024-05-03,WST,74.6373,75.7279,1.461,0.954,95.4,1.31,3.35,5.33,242.65,68.6663,82.101,92.5503
2024-05-03,WU,74.6373,75.7279,1.461,0.954,95.4,1.31,3.35,5.33,242.65,68.6663,82.101,92.5503
2024-05-03,WY,74.6373,75.7279,1.461,0.954,95.4,1.31,3.35,5.33,242.65,68.6663,82.101,92.5503
2024-05-03,LYV,94.66,95.5,0.887,0.634,63.4,2.19,2.38,1.12,249.33,87.0872,104.126,117.3784
2024-05-03,VMC,261.0877,263.6942,0.998,0.741,74.1,1.13,2.21,1.51,186.92,240.2007,287.1965,323.7488
2024-05-03,AFL,80.2084,80.7771,0.709,0.581,58.1,1.14,2.04,0.54,207.38,73.7917,88.2292,99.4584
2024-05-03,XYL,134.5009,135.3047,0.598,0.725,72.5,1.13,1.98,5.58,169.43,123.7408,147.951,166.7811
2024-05-03,IBKR,29.7162,29.8745,0.533,0.903,90.3,1.37,2.44,5.6,127.0,27.3389,32.6878,36.8481
2024-05-03,IEX,134.45,135.48,0.766,0.86,86.0,3.47,2.55,1.01,98.41,123.694,147.895,166.718
2024-05-03,CRBG,27.1737,27.4201,0.907,0.883,88.3,1.53,2.72,5.76,107.91,24.9998,29.8911,33.6954
2024-05-03,TSCO,123.6929,125.1623,1.188,0.614,61.4,1.26,2.02,3.21,105.46,113.7975,136.0622,153.3792
2024-05-03,TSN,123.6929,125.1623,1.188,0.614,61.4,1.26,2.02,3.21,105.46,113.7975,136.0622,153.3792
2024-05-03,FRPT,109.58,124.62,13.725,0.887,88.7,1.65,2.48,1.85,50.99,100.8136,120.538,135.8792
2024-05-03,JLL,185.52,193.44,4.269,0.629,62.9,1.32,2.16,2.15,45.36,170.6784,204.072,230.0448
2024-05-03,JLMI,185.52,193.44,4.269,0.629,62.9,1.32,2.16,2.15,45.36,170.6784,204.072,230.0448
2024-05-03,HEI-A,168.5286,169.257,0.432,0.759,75.9,1.56,1.94,4.48,42.94,155.0463,185.3815,208.9755
2024-05-03,ABR,10.4177,10.5146,0.931,0.652,65.2,1.83,2.9,1.69,40.08,9.5842,11.4594,12.9179
2024-05-03,ABR-PD,10.4177,10.5146,0.931,0.652,65.2,1.83,2.9,1.69,40.08,9.5842,11.4594,12.9179
2024-05-03,POR1,40.3598,40.5165,0.388,0.726,72.6,1.48,2.02,3.34,40.94,37.131,44.3958,50.0461
2024-05-03,CORSQ,24.52,24.52,0.0,0.697,69.7,1.36,5.14,4.58,30.56,22.5584,26.972,30.4048
2024-05-03,CORT,24.52,24.52,0.0,0.697,69.7,1.36,5.14,4.58,30.56,22.5584,26.972,30.4048
2024-05-03,KNGRF,78.99,80.09,1.393,0.847,84.7,1.3,3.03,0.43,24.42,72.6708,86.889,97.9476
2024-05-03,AVSR,46.9504,47.4446,1.052,0.767,76.7,1.26,2.28,2.36,27.83,43.1944,51.6455,58.2186
2024-05-03,AVT,46.9504,47.4446,1.052,0.767,76.7,1.26,2.28,2.36,27.83,43.1944,51.6455,58.2186
2024-05-03,BDCC,87.952,88.6298,0.771,0.851,85.1,1.17,2.25,4.1,20.93,80.9158,96.7472,109.0605
2024-05-06,MU,119.3433,119.3632,0.017,0.641,64.1,1.27,3.23,5.86,2110.71,109.7959,131.2777,147.9857
2024-05-06,MCHP,89.354,89.6875,0.373,0.724,72.4,1.3,2.76,5.82,498.52,82.2056,98.2893,110.7989
2024-05-06,HOOD,17.78,17.75,-0.169,0.974,97.4,1.97,5.03,1.65,168.79,16.3576,19.558,22.0472
2024-05-06,FANG,193.3033,193.54,0.122,0.918,91.8,1.16,2.27,0.33,298.82,177.8391,212.6337,239.6961
2024-05-06,AIG,77.0211,77.2523,0.3,0.828,82.8,1.11,1.99,6.43,323.09,70.8595,84.7233,95.5062
2024-05-06,AXON,327.64,312.82,-4.523,0.864,86.4,1.55,2.63,6.16,163.17,301.4288,360.404,406.2736
2024-05-06,PWR,268.93,270.0477,0.416,0.908,90.8,1.45,2.95,6.08,256.0,247.4156,295.823,333.4732
2024-05-06,EXC,35.1557,35.2774,0.346,0.737,73.7,1.13,1.94,0.85,181.87,32.3432,38.6712,43.593
2024-05-06,WRK,75.8447,75.8058,-0.051,0.957,95.7,1.29,3.37,6.7,250.11,69.7772,83.4292,94.0475
2024-05-06,WSM,75.8447,75.8058,-0.051,0.957,95.7,1.29,3.37,6.7,250.11,69.7772,83.4292,94.0475
2024-05-06,WST,75.8447,75.8058,-0.051,0.957,95.7,1.29,3.37,6.7,250.11,69.7772,83.4292,94.0475
2024-05-06,WU,75.8447,75.8058,-0.051,0.957,95.7,1.29,3.37,6.7,250.11,69.7772,83.4292,94.0475
2024-05-06,WY,75.8447,75.8058,-0.051,0.957,95.7,1.29,3.37,6.7,250.11,69.7772,83.4292,94.0475
2024-05-06,CCJ,50.533,51.3298,1.577,0.745,74.5,1.14,4.34,4.48,218.33,46.4903,55.5862,62.6609
2024-05-06,CPAY,302.6,303.26,0.218,0.761,76.1,1.2,1.89,0.53,116.61,278.392,332.86,375.224
2024-05-06,CFG,45.1231,45.466,0.76,0.588,58.8,1.39,3.02,5.13,110.92,41.5133,49.6355,55.9527
2024-05-06,LYB,85.5384,89.3397,4.444,0.678,67.8,1.75,2.17,4.33,121.62,78.6954,94.0923,106.0677
2024-05-06,M,85.5384,89.3397,4.444,0.678,67.8,1.75,2.17,4.33,121.62,78.6954,94.0923,106.0677
2024-05-06,MAA,85.5384,89.3397,4.444,0.678,67.8,1.75,2.17,4.33,121.62,78.6954,94.0923,106.0677
2024-05-06,MAC,85.5384,89.3397,4.444,0.678,67.8,1.75,2.17,4.33,121.62,78.6954,94.0923,106.0677
2024-05-06,BBWI,44.7493,45.0893,0.76,0.589,58.9,1.39,3.02,5.13,110.0,41.1694,49.2242,55.4891
2024-05-06,BBXIA,44.7493,45.0893,0.76,0.589,58.9,1.39,3.02,5.13,110.0,41.1694,49.2242,55.4891
2024-05-06,BBX1,44.7493,45.0893,0.76,0.587,58.7,1.39,3.02,5.13,110.0,41.1694,49.2242,55.4891
2024-05-06,CARS2,36.53,37.44,2.491,0.941,94.1,1.43,4.05,1.29,136.74,33.6076,40.183,45.2972
2024-05-06,IEX,136.87,136.68,-0.139,0.873,87.3,1.84,2.65,2.71,107.43,125.9204,150.557,169.7188
2024-05-06,TSCO,127.2456,128.4174,0.921,0.695,69.5,1.27,1.94,5.94,108.17,117.0659,139.9701,157.7845
2024-05-06,TSN,127.2456,128.4174,0.921,0.695,69.5,1.27,1.94,5.94,108.17,117.0659,139.9701,157.7845
2024-05-06,HEI,212.3017,212.3117,0.005,0.755,75.5,1.6,1.93,5.62,78.36,195.3175,233.5318,263.2541
2024-05-06,GTM1,16.62,16.55,-0.421,0.669,66.9,1.7,3.26,4.29,70.39,15.2904,18.282,20.6088
2024-05-06,FNV,124.4665,124.2101,-0.206,0.817,81.7,1.15,2.37,4.43,85.83,114.5092,136.9131,154.3384
2024-05-06,BZ,20.1185,19.9099,-1.037,0.947,94.7,1.85,3.01,5.6,83.31,18.509,22.1303,24.9469
2024-05-06,BZ2,20.1185,19.9099,-1.037,0.947,94.7,1.85,3.01,5.6,83.31,18.509,22.1303,24.9469
2024-05-06,HALL,40.86,41.1,0.587,0.806,80.6,1.17,2.32,4.84,34.18,37.5912,44.946,50.6664
2024-05-06,HALO,40.86,41.1,0.587,0.806,80.6,1.17,2.32,4.84,34.18,37.5912,44.946,50.6664
2024-05-06,IPGP,46.8626,47.028,0.353,0.825,82.5,1.61,2.0,2.85,55.2,43.1136,51.5488,58.1096
2024-05-06,FLSCQ,46.8626,47.028,0.353,0.824,82.4,1.61,2.0,2.85,55.2,43.1136,51.5488,58.1096
2024-05-06,DDUP,404.718,407.3256,0.644,0.748,74.8,1.73,3.33,5.06,37.34,372.3406,445.1899,501.8504
2024-05-06,DEA,404.718,407.3256,0.644,0.748,74.8,1.73,3.33,5.06,37.34,372.3406,445.1899,501.8504
2024-05-06,TKO,26.4257,26.7085,1.07,0.703,70.3,1.19,3.02,3.15,46.74,24.3117,29.0683,32.7679
2024-05-06,TMK,26.4257,26.7085,1.07,0.703,70.3,1.19,3.02,3.15,46.74,24.3117,29.0683,32.7679
2024-05-06,TMO,26.4257,26.7085,1.07,0.703,70.3,1.19,3.02,3.15,46.74,24.3117,29.0683,32.7679
2024-05-06,TPL,26.4257,26.7085,1.07,0.703,70.3,1.19,3.02,3.15,46.74,24.3117,29.0683,32.7679
2024-05-06,TPR,26.4257,26.7085,1.07,0.703,70.3,1.19,3.02,3.15,46.74,24.3117,29.0683,32.7679
2024-05-06,HEI-A,168.788,168.5186,-0.16,0.784,78.4,2.37,1.98,4.12,46.85,155.285,185.6668,209.2972
2024-05-06,ABR,10.846,10.8864,0.373,0.777,77.7,1.15,2.98,5.67,43.17,9.9783,11.9306,13.449
2024-05-06,ABR-PD,10.846,10.8864,0.373,0.777,77.7,1.15,2.98,5.67,43.17,9.9783,11.9306,13.449
2024-05-06,POR1,40.8485,40.8577,0.023,0.743,74.3,2.02,2.03,4.27,44.69,37.5806,44.9333,50.6521
2024-05-06,PRIM,47.4717,47.71,0.502,0.912,91.2,1.54,3.03,4.99,22.18,43.6739,52.2188,58.8649
2024-05-06,AVSR,47.264,47.3875,0.261,0.728,72.8,1.11,2.34,2.93,28.47,43.4829,51.9904,58.6074
2024-05-06,AVT,47.264,47.3875,0.261,0.728,72.8,1.11,2.34,2.93,28.47,43.4829,51.9904,58.6074
2024-05-06,AMX,18.8128,18.8797,0.355,0.753,75.3,1.34,2.57,5.95,24.84,17.3078,20.6941,23.3279
2024-05-06,EHVVF,18.7,18.73,0.16,0.986,98.6,2.31,6.58,4.56,27.81,17.204,20.57,23.188
2024-05-06,EI,18.7,18.73,0.16,0.986,98.6,2.31,6.58,4.56,27.81,17.204,20.57,23.188
2024-05-06,EIC,18.7,18.73,0.16,0.986,98.6,2.31,6.58,4.56,27.81,17.204,20.57,23.188
2024-05-06,EICA,18.7,18.73,0.16,0.986,98.6,2.31,6.58,4.56,27.81,17.204,20.57,23.188
2024-05-07,PANW,152.76,151.45,-0.858,0.591,59.1,1.48,2.62,3.8,953.62,140.5392,168.036,189.4224
2024-05-07,MCHP,87.7338,86.7904,-1.075,0.621,62.1,1.3,2.9,3.88,500.14,80.7151,96.5072,108.79
2024-05-07,HOOD,17.99,17.6,-2.168,0.979,97.9,1.28,4.99,2.94,174.89,16.5508,19.789,22.3076
2024-05-07,SO,72.5757,72.5191,-0.078,0.81,81.0,1.58,1.93,6.1,409.83,66.7696,79.8333,89.9938
2024-05-07,TFC,35.9129,35.665,-0.69,0.65,65.0,1.14,2.57,3.8,318.24,33.0399,39.5042,44.5321
2024-05-07,FIS,71.7015,71.9814,0.39,0.868,86.8,2.36,1.99,5.27,291.84,65.9654,78.8717,88.9099
2024-05-07,AXON,312.73,312.55,-0.058,0.797,79.7,1.91,2.75,1.3,166.94,287.7116,344.003,387.7852
2024-05-07,PWR,266.3156,265.2778,-0.39,0.904,90.4,1.17,2.85,4.83,254.7,245.0104,292.9472,330.2314
2024-05-07,EXC,35.4927,35.4272,-0.185,0.749,74.9,1.74,1.98,1.81,193.76,32.6533,39.042,44.0109
2024-05-07,WRK,71.4726,72.1348,0.926,0.952,95.2,2.3,3.82,0.48,253.5,65.7548,78.6199,88.6261
2024-05-07,WSM,71.4726,72.1348,0.926,0.952,95.2,2.3,3.82,0.48,253.5,65.7548,78.6199,88.6261
2024-05-07,WST,71.4726,72.1348,0.926,0.952,95.2,2.3,3.82,0.48,253.5,65.7548,78.6199,88.6261
2024-05-07,WU,71.4726,72.1348,0.926,0.952,95.2,2.3,3.82,0.48,253.5,65.7548,78.6199,88.6261
2024-05-07,WY,71.4726,72.1348,0.926,0.952,95.2,2.3,3.82,0.48,253.5,65.7548,78.6199,88.6261
2024-05-07,CCJ,51.549,50.9015,-1.256,0.833,83.3,1.46,4.25,6.16,230.73,47.4251,56.7039,63.9207
2024-05-07,CPNG,23.65,22.09,-6.596,0.981,98.1,1.28,3.31,6.35,374.69,21.758,26.015,29.326
2024-05-07,CTVA,56.4489,56.2526,-0.348,0.606,60.6,1.9,1.88,4.3,164.0,51.933,62.0938,69.9966
2024-05-07,TEVA,13.95,14.57,4.444,0.808,80.8,1.44,2.66,3.21,131.83,12.834,15.345,17.298
2024-05-07,CARS2,37.52,36.74,-2.079,0.957,95.7,1.36,4.1,4.17,147.83,34.5184,41.272,46.5248
2024-05-07,ERIE,160.6226,159.4381,-0.737,0.69,69.0,1.33,2.12,4.38,91.19,147.7728,176.6848,199.172
2024-05-07,ES,160.6226,159.4381,-0.737,0.69,69.0,1.33,2.12,4.38,91.19,147.7728,176.6848,199.172
2024-05-07,ESS,160.6226,159.4381,-0.737,0.69,69.0,1.33,2.12,4.38,91.19,147.7728,176.6848,199.172
2024-05-07,ETFC,160.6226,159.4381,-0.737,0.69,69.0,1.33,2.12,4.38,91.19,147.7728,176.6848,199.172
2024-05-07,ETSY,160.6226,159.4381,-0.737,0.69,69.0,1.33,2.12,4.38,91.19,147.7728,176.6848,199.172
2024-05-07,OCAI,168.2232,167.5314,-0.411,0.851,85.1,1.34,2.53,4.59,112.62,154.7653,185.0455,208.5968
2024-05-07,IEX,137.69,137.69,0.0,0.896,89.6,1.19,2.68,3.19,112.66,126.6748,151.459,170.7356
2024-05-07,INTE,245.63,179.14,-27.069,0.899,89.9,1.99,4.55,3.39,130.31,225.9796,270.193,304.5812
2024-05-07,HEI,208.0688,208.1387,0.034,0.703,70.3,1.32,1.97,2.99,78.58,191.4233,228.8757,258.0054
2024-05-07,AZA.A,259.7208,260.3287,0.234,0.631,63.1,1.21,2.0,2.81,60.42,238.9431,285.6928,322.0537
2024-05-07,AZEK,259.7208,260.3287,0.234,0.631,63.1,1.21,2.0,2.81,60.42,238.9431,285.6928,322.0537
2024-05-07,AYRO,259.7207,260.3286,0.234,0.63,63.0,1.21,2.0,2.81,60.42,238.943,285.6928,322.0537
2024-05-07,HALL,41.21,41.95,1.796,0.804,80.4,1.48,2.26,5.59,35.63,37.9132,45.331,51.1004
2024-05-07,HALO,41.21,41.95,1.796,0.804,80.4,1.48,2.26,5.59,35.63,37.9132,45.331,51.1004
2024-05-07,JLL,190.28,188.0,-1.198,0.602,60.2,1.64,2.28,5.07,50.75,175.0576,209.308,235.9472
2024-05-07,JLMI,190.28,188.0,-1.198,0.602,60.2,1.64,2.28,5.07,50.75,175.0576,209.308,235.9472
2024-05-07,IPGP,47.1545,47.0183,-0.289,0.824,82.4,1.94,1.96,3.41,58.97,43.3822,51.87,58.4716
2024-05-07,FLSCQ,47.1545,47.0183,-0.289,0.824,82.4,1.94,1.96,3.41,58.97,43.3822,51.87,58.4716
2024-05-07,HEI-A,166.5628,166.6526,0.054,0.729,72.9,1.28,2.0,2.29,48.63,153.2378,183.2191,206.5379
2024-05-07,BAP,157.2686,156.7499,-0.33,0.685,68.5,1.5,1.99,2.23,38.33,144.6871,172.9955,195.0131
2024-05-07,KOSN,5.99,5.85,-2.337,0.697,69.7,2.34,3.54,0.66,35.21,5.5108,6.589,7.4276
2024-05-07,GLNCY,24.2382,24.2004,-0.156,0.875,87.5,3.15,2.28,2.32,21.53,22.2991,26.662,30.0554
2024-05-07,GLNG,24.2382,24.2004,-0.156,0.875,87.5,3.15,2.28,2.32,21.53,22.2991,26.662,30.0554
2024-05-07,PRIM,47.3426,47.3426,-0.0,0.905,90.5,3.18,2.93,4.5,25.25,43.5552,52.0768,58.7048
2024-05-07,KNGRF,78.88,77.52,-1.724,0.798,79.8,2.15,3.39,0.33,26.2,72.5696,86.768,97.8112
2024-05-07,MODG,16.62,16.41,-1.264,0.866,86.6,1.35,2.84,3.95,24.01,15.2904,18.282,20.6088
2024-05-07,AVSR,48.5468,48.2808,-0.548,0.766,76.6,1.25,2.44,5.54,30.1,44.6631,53.4015,60.1981
2024-05-07,AVT,48.5468,48.2808,-0.548,0.766,76.6,1.25,2.44,5.54,30.1,44.6631,53.4015,60.1981
2024-05-07,VNT,40.9685,40.7895,-0.437,0.727,72.7,1.87,2.21,1.1,26.94,37.691,45.0654,50.801
2024-05-07,FSM,4.94,4.9,-0.81,0.984,98.4,1.22,4.72,5.91,31.56,4.5448,5.434,6.1256
2024-05-07,HEVVQ,30.9976,31.0244,0.086,0.679,67.9,1.63,2.03,1.17,27.01,28.5178,34.0974,38.4371
2024-05-07,BDCC,90.1251,89.537,-0.653,0.639,63.9,1.15,2.46,6.69,22.13,82.9151,99.1376,111.7551
2024-05-07,AMX,18.679,18.5071,-0.921,0.753,75.3,1.84,2.49,5.02,26.02,17.1847,20.547,23.162
2024-05-07,OGS,60.3227,59.9598,-0.602,0.608,60.8,2.12,2.01,1.55,21.38,55.4969,66.355,74.8002
2024-05-08,APP,74.0,83.272,12.53,0.98,98.0,1.87,4.38,2.45,251.15,68.08,81.4,91.76
2024-05-08,HOOD,17.85,19.042,6.678,0.972,97.2,2.2,4.91,2.28,187.18,16.422,19.635,22.134
2024-05-08,SO,73.217,73.1793,-0.052,0.808,80.8,1.2,1.94,6.46,407.12,67.3597,80.5387,90.7891
2024-05-08,EMRAF,108.8346,110.5156,1.545,0.661,66.1,1.95,2.11,2.98,343.66,100.1278,119.718,134.9549
2024-05-08,EMRI,108.8346,110.5156,1.545,0.661,66.1,1.95,2.11,2.98,343.66,100.1278,119.718,134.9549
2024-05-08,FIS,71.4507,71.7112,0.365,0.864,86.4,1.29,2.07,4.8,300.12,65.7346,78.5957,88.5988
2024-05-08,EXC,35.4084,35.3897,-0.053,0.734,73.4,1.33,1.96,1.44,196.91,32.5758,38.9493,43.9065
2024-05-08,WRK,73.8291,73.9751,0.198,0.967,96.7,1.64,3.89,3.58,264.54,67.9228,81.212,91.5481
2024-05-08,WSM,73.8291,73.9751,0.198,0.967,96.7,1.64,3.89,3.58,264.54,67.9228,81.212,91.5481
2024-05-08,WST,73.8291,73.9751,0.198,0.967,96.7,1.64,3.89,3.58,264.54,67.9228,81.212,91.5481
2024-05-08,WU,73.8291,73.9751,0.198,0.967,96.7,1.64,3.89,3.58,264.54,67.9228,81.212,91.5481
2024-05-08,WY,73.8291,73.9751,0.198,0.967,96.7,1.64,3.89,3.58,264.54,67.9228,81.212,91.5481
2024-05-08,A,140.912,141.2179,0.217,0.65,65.0,1.11,2.44,3.32,180.46,129.6391,155.0032,174.7309
2024-05-08,ADM,58.1662,58.335,0.29,0.818,81.8,1.12,2.18,2.02,222.62,53.5129,63.9828,72.1261
2024-05-08,SU,37.0192,37.095,0.205,0.888,88.8,1.29,2.12,1.36,145.67,34.0576,40.7211,45.9038
2024-05-08,NTRA,95.66,94.98,-0.711,0.946,94.6,1.16,3.33,3.38,102.71,88.0072,105.226,118.6184
2024-05-08,CARS2,37.48,37.75,0.72,0.948,94.8,1.6,4.04,4.21,156.78,34.4816,41.228,46.4752
2024-05-08,ERIE,161.1556,165.39,2.628,0.663,66.3,1.33,2.05,4.59,89.74,148.2632,177.2712,199.833
2024-05-08,ES,161.1556,165.39,2.628,0.663,66.3,1.33,2.05,4.59,89.74,148.2632,177.2712,199.833
2024-05-08,ESS,161.1556,165.39,2.628,0.663,66.3,1.33,2.05,4.59,89.74,148.2632,177.2712,199.833
2024-05-08,ETFC,161.1556,165.39,2.628,0.663,66.3,1.33,2.05,4.59,89.74,148.2632,177.2712,199.833
2024-05-08,ETSY,161.1556,165.39,2.628,0.663,66.3,1.33,2.05,4.59,89.74,148.2632,177.2712,199.833
2024-05-08,AER,88.4847,89.3586,0.988,0.829,82.9,2.09,2.17,5.65,142.09,81.4059,97.3332,109.7211
2024-05-08,NTR,52.5024,53.1749,1.281,0.756,75.6,1.14,2.04,4.6,80.87,48.3022,57.7527,65.103
2024-05-08,BORD,103.6,104.64,1.004,0.834,83.4,1.52,3.32,0.12,75.21,95.312,113.96,128.464
2024-05-08,JANL,55.37,54.0,-2.474,0.998,99.8,1.62,8.88,3.55,53.18,50.9404,60.907,68.6588
2024-05-08,JANX,55.37,54.0,-2.474,0.998,99.8,1.62,8.88,3.55,53.18,50.9404,60.907,68.6588
2024-05-08,GLNCY,24.5031,24.5409,0.154,0.87,87.0,1.4,2.21,3.34,22.23,22.5428,26.9534,30.3838
2024-05-08,GLNG,24.5031,24.5409,0.154,0.87,87.0,1.4,2.21,3.34,22.23,22.5428,26.9534,30.3838
2024-05-08,PRIM,47.4717,51.2654,7.992,0.918,91.8,2.32,2.84,4.49,27.16,43.6739,52.2188,58.8649
2024-05-08,MODG,16.35,15.81,-3.303,0.801,80.1,1.6,2.74,2.22,24.22,15.042,17.985,20.274
2024-05-08,FSM,4.81,4.9,1.871,0.986,98.6,1.48,4.69,3.04,31.07,4.4252,5.291,5.9644
2024-05-08,HEVVQ,31.283,31.2027,-0.257,0.688,68.8,1.92,2.09,2.1,29.04,28.7804,34.4113,38.7909
2024-05-08,PAIYY,16.5315,16.5404,0.054,0.797,79.7,1.54,2.1,1.03,38.44,15.209,18.1846,20.499
2024-05-08,PALDF,16.5315,16.5404,0.054,0.797,79.7,1.54,2.1,1.03,38.44,15.209,18.1846,20.499
2024-05-08,AMX,18.7937,18.851,0.305,0.804,80.4,1.94,2.47,5.33,27.94,17.2902,20.6731,23.3042
2024-05-08,BCO,91.3293,90.9068,-0.463,0.762,76.2,2.49,2.17,5.06,20.09,84.023,100.4622,113.2483
2024-05-09,CAT,343.1028,346.2434,0.915,0.697,69.7,1.18,2.35,0.64,935.75,315.6546,377.4131,425.4475
2024-05-09,MCK,550.8511,551.9924,0.207,0.606,60.6,1.29,1.87,4.12,417.0,506.783,605.9362,683.0554
2024-05-09,NU,11.79,11.9,0.933,0.82,82.0,1.17,2.95,6.03,235.12,10.8468,12.969,14.6196
2024-05-09,EMRAF,111.675,112.3706,0.623,0.636,63.6,1.5,2.13,5.57,371.11,102.741,122.8425,138.477
2024-05-09,EMRI,111.675,112.3706,0.623,0.636,63.6,1.5,2.13,5.57,371.11,102.741,122.8425,138.477
2024-05-09,AXON,309.09,309.38,0.094,0.788,78.8,1.31,2.53,0.47,164.56,284.3628,339.999,383.2716
2024-05-09,TCOM,52.9626,53.1318,0.319,0.929,92.9,1.11,2.3,5.74,179.52,48.7256,58.2589,65.6736
2024-05-09,HIMX,12.92,12.88,-0.31,0.936,93.6,1.46,5.52,4.19,92.53,11.8864,14.212,16.0208
2024-05-09,MTDR,1290.42,1389.72,7.695,0.65,65.0,1.38,2.66,4.33,160.12,1187.1864,1419.462,1600.1209
2024-05-09,UHS,1290.42,1389.72,7.695,0.65,65.0,1.38,2.66,4.33,160.12,1187.1864,1419.462,1600.1209
2024-05-09,ULTA,1290.42,1389.72,7.695,0.65,65.0,1.38,2.66,4.33,160.12,1187.1864,1419.462,1600.1209
2024-05-09,UNM,1290.42,1389.72,7.695,0.65,65.0,1.38,2.66,4.33,160.12,1187.1864,1419.462,1600.1209
2024-05-09,UTX,1290.42,1389.72,7.695,0.65,65.0,1.38,2.66,4.33,160.12,1187.1864,1419.462,1600.1209
2024-05-09,SU,38.0622,38.4036,0.897,0.906,90.6,1.15,2.14,3.98,149.16,35.0173,41.8685,47.1972
2024-05-09,NTRA,95.55,108.11,13.145,0.942,94.2,2.7,3.4,3.32,112.77,87.906,105.105,118.482
2024-05-09,CARS2,36.09,35.57,-1.441,0.912,91.2,1.72,4.36,0.69,159.48,33.2028,39.699,44.7516
2024-05-09,ERIE,159.3295,159.4085,0.05,0.664,66.4,2.47,2.3,3.35,95.55,146.5832,175.2625,197.5686
2024-05-09,ES,159.3295,159.4085,0.05,0.664,66.4,2.47,2.3,3.35,95.55,146.5832,175.2625,197.5686
2024-05-09,ESS,159.3295,159.4085,0.05,0.664,66.4,2.47,2.3,3.35,95.55,146.5832,175.2625,197.5686
2024-05-09,ETFC,159.3295,159.4085,0.05,0.664,66.4,2.47,2.3,3.35,95.55,146.5832,175.2625,197.5686
2024-05-09,ETSY,159.3295,159.4085,0.05,0.664,66.4,2.47,2.3,3.35,95.55,146.5832,175.2625,197.5686
2024-05-09,BORD,107.0,107.25,0.234,0.86,86.0,1.25,3.39,3.08,78.53,98.44,117.7,132.68
2024-05-09,HABC,151.034,151.6291,0.394,0.839,83.9,2.56,2.28,1.43,87.04,138.9512,166.1374,187.2821
2024-05-09,BZ,20.2277,20.1979,-0.147,0.944,94.4,1.47,3.0,5.59,77.37,18.6095,22.2505,25.0824
2024-05-09,BZ2,20.2277,20.1979,-0.147,0.944,94.4,1.47,3.0,5.59,77.37,18.6095,22.2505,25.0824
2024-05-09,JLL,193.89,193.89,0.0,0.703,70.3,1.32,2.2,6.5,49.26,178.3788,213.279,240.4236
2024-05-09,JLMI,193.89,193.89,0.0,0.703,70.3,1.32,2.2,6.5,49.26,178.3788,213.279,240.4236
2024-05-09,AGQPF,36.41,36.74,0.906,0.976,97.6,1.12,3.97,4.92,57.81,33.4972,40.051,45.1484
2024-05-09,DYN,25.95,25.96,0.039,0.677,67.7,1.29,5.42,2.94,20.26,23.874,28.545,32.178
2024-05-09,DYN1,25.95,25.96,0.039,0.677,67.7,1.29,5.42,2.94,20.26,23.874,28.545,32.178
2024-05-09,BAP,163.0303,166.93,2.392,0.645,64.5,1.45,2.13,5.53,39.24,149.9879,179.3333,202.1575
2024-05-09,KOSN,6.17,6.22,0.81,0.644,64.4,3.3,3.45,4.1,38.92,5.6764,6.787,7.6508
2024-05-09,SATS,15.61,15.59,-0.128,0.875,87.5,1.56,4.8,0.02,23.83,14.3612,17.171,19.3564
2024-05-09,AGII1,32.92,32.94,0.061,0.915,91.5,1.21,4.43,4.2,23.57,30.2864,36.212,40.8208
2024-05-09,AGIL1,32.92,32.94,0.061,0.915,91.5,1.21,4.43,4.2,23.57,30.2864,36.212,40.8208
2024-05-09,AGIO,32.92,32.94,0.061,0.915,91.5,1.21,4.43,4.2,23.57,30.2864,36.212,40.8208
2024-05-09,AGL1,32.92,32.94,0.061,0.915,91.5,1.21,4.43,4.2,23.57,30.2864,36.212,40.8208
2024-05-10,MRNA,117.31,119.47,1.841,0.941,94.1,1.25,4.4,4.79,399.36,107.9252,129.041,145.4644
2024-05-10,CRH,82.1397,81.2474,-1.086,0.722,72.2,1.7,2.16,5.88,244.62,75.5686,90.3537,101.8533
2024-05-10,HLT,207.1855,207.7331,0.264,0.608,60.8,1.45,1.9,3.84,346.78,190.6106,227.904,256.91
2024-05-10,EXC,35.6211,35.8197,0.557,0.726,72.6,1.54,1.91,1.63,206.16,32.7715,39.1833,44.1702
2024-05-10,D,48.8739,48.8094,-0.132,0.854,85.4,1.27,2.27,4.79,194.56,44.964,53.7613,60.6036
2024-05-10,FOXA,33.8111,33.9986,0.555,0.805,80.5,1.38,2.19,4.59,150.53,31.1062,37.1922,41.9257
2024-05-10,FRC,33.8111,33.9986,0.555,0.805,80.5,1.38,2.19,4.59,150.53,31.1062,37.1922,41.9257
2024-05-10,FRT,33.8111,33.9986,0.555,0.805,80.5,1.38,2.19,4.59,150.53,31.1062,37.1922,41.9257
2024-05-10,FTI,33.8111,33.9986,0.555,0.805,80.5,1.38,2.19,4.59,150.53,31.1062,37.1922,41.9257
2024-05-10,MTB,145.7509,146.4433,0.475,0.754,75.4,1.41,2.04,5.32,144.68,134.0908,160.326,180.7311
2024-05-10,SU,38.0148,38.2898,0.723,0.92,92.0,1.35,2.05,3.52,148.93,34.9736,41.8163,47.1384
2024-05-10,BAIDF,150.0295,150.0295,-0.0,0.58,58.0,1.15,1.92,6.44,104.75,138.0272,165.0325,186.0366
2024-05-10,WPM,54.2987,54.1702,-0.237,0.907,90.7,1.4,2.76,3.48,100.8,49.9548,59.7286,67.3304
2024-05-10,ARMK,32.6442,32.6638,0.06,0.613,61.3,1.23,2.35,5.13,86.65,30.0327,35.9086,40.4788
2024-05-10,HL,5.3057,5.3255,0.374,0.972,97.2,1.11,4.17,5.03,54.09,4.8813,5.8363,6.5791
2024-05-10,BAP,162.0298,161.7335,-0.183,0.59,59.0,2.82,2.24,4.58,40.99,149.0675,178.2328,200.917
2024-05-13,NVO,128.3776,128.1546,-0.174,0.686,68.6,1.46,1.87,4.85,541.26,118.1074,141.2154,159.1883
2024-05-13,NU,11.38,11.28,-0.879,0.674,67.4,1.16,2.96,1.93,225.39,10.4696,12.518,14.1112
2024-05-13,CRH,80.5219,80.1394,-0.475,0.658,65.8,1.31,2.05,3.68,242.93,74.0801,88.574,99.8471
2024-05-13,SE,64.46,67.28,4.375,0.96,96.0,1.65,3.75,3.28,434.55,59.3032,70.906,79.9304
2024-05-13,KVUE,18.9761,19.1066,0.688,0.64,64.0,1.15,1.97,5.33,344.91,17.458,20.8737,23.5303
2024-05-13,L,16.5988,16.6848,0.518,0.809,80.9,1.24,2.22,2.4,160.04,15.2709,18.2587,20.5825
2024-05-13,LDOS,16.5988,16.6848,0.518,0.809,80.9,1.24,2.22,2.4,160.04,15.2709,18.2587,20.5825
2024-05-13,HPE,16.5988,16.6848,0.518,0.809,80.9,1.24,2.22,2.4,160.04,15.2709,18.2587,20.5825
2024-05-13,FIS,73.091,73.3419,0.343,0.866,86.6,1.27,1.96,6.43,324.48,67.2437,80.4001,90.6328
2024-05-13,EXC,36.0561,36.3114,0.708,0.75,75.0,1.47,1.87,2.56,217.92,33.1716,39.6617,44.7096
2024-05-13,D,48.8463,49.1041,0.528,0.855,85.5,1.37,2.18,4.2,197.22,44.9386,53.7309,60.5694
2024-05-13,LB,16.5988,16.6848,0.518,0.809,80.9,1.24,2.22,2.4,160.04,15.2709,18.2587,20.5825
2024-05-13,ERIE,158.1648,158.8755,0.449,0.591,59.1,1.49,2.27,2.38,96.18,145.5117,173.9813,196.1244
2024-05-13,ES,158.1648,158.8755,0.449,0.591,59.1,1.49,2.27,2.38,96.18,145.5117,173.9813,196.1244
2024-05-13,ESS,158.1648,158.8755,0.449,0.591,59.1,1.49,2.27,2.38,96.18,145.5117,173.9813,196.1244
2024-05-13,ETFC,158.1648,158.8755,0.449,0.591,59.1,1.49,2.27,2.38,96.18,145.5117,173.9813,196.1244
2024-05-13,ETSY,158.1648,158.8755,0.449,0.591,59.1,1.49,2.27,2.38,96.18,145.5117,173.9813,196.1244
2024-05-13,BJ,78.47,79.08,0.777,0.796,79.6,1.18,2.16,3.65,133.18,72.1924,86.317,97.3028
2024-05-13,BJCT,78.47,79.08,0.777,0.796,79.6,1.18,2.16,3.65,133.18,72.1924,86.317,97.3028
2024-05-13,AAP,72.4073,73.4458,1.434,0.842,84.2,1.13,3.05,0.07,89.39,66.6147,79.648,89.785
2024-05-13,BORD,106.86,107.5,0.599,0.853,85.3,1.88,3.5,2.29,82.68,98.3112,117.546,132.5064
2024-05-13,CHDN,133.8593,134.0282,0.126,0.767,76.7,1.13,2.46,4.04,76.06,123.1506,147.2453,165.9856
2024-05-13,CVLL,108.36,108.27,-0.083,0.801,80.1,1.75,2.43,6.3,35.61,99.6912,119.196,134.3664
2024-05-13,ABR,11.04,11.533,4.466,0.628,62.8,2.02,3.23,5.72,50.47,10.1568,12.144,13.6896
2024-05-13,ABR-PD,11.04,11.533,4.466,0.628,62.8,2.02,3.23,5.72,50.47,10.1568,12.144,13.6896
2024-05-13,DYN,26.62,26.91,1.089,0.775,77.5,1.22,5.35,5.32,21.02,24.4904,29.282,33.0088
2024-05-13,DYN1,26.62,26.91,1.089,0.775,77.5,1.22,5.35,5.32,21.02,24.4904,29.282,33.0088
2024-05-13,GLNCY,24.8721,24.8626,-0.038,0.907,90.7,1.12,2.0,4.32,22.22,22.8823,27.3593,30.8414
2024-05-13,GLNG,24.8721,24.8626,-0.038,0.907,90.7,1.12,2.0,4.32,22.22,22.8823,27.3593,30.8414
2024-05-13,CPAC,93.7933,94.1826,0.415,0.636,63.6,1.85,2.36,5.77,21.37,86.2898,103.1726,116.3036
2024-05-13,CPA,93.7933,94.1826,0.415,0.636,63.6,1.85,2.36,5.77,21.37,86.2898,103.1726,116.3036
2024-05-14,BABA,76.5253,77.3723,1.107,0.591,59.1,2.66,2.11,4.16,1283.79,70.4033,84.1778,94.8914
2024-05-14,FSLR,186.97,192.08,2.733,0.85,85.0,1.15,3.89,2.11,387.08,172.0124,205.667,231.8428
2024-05-14,IRM,186.97,192.08,2.733,0.85,85.0,1.15,3.89,2.11,387.08,172.0124,205.667,231.8428
2024-05-14,NU,11.55,12.025,4.113,0.713,71.3,1.31,3.02,3.12,234.24,10.626,12.705,14.322
2024-05-14,HOOD,18.02,18.35,1.831,0.918,91.8,2.27,5.42,4.16,266.93,16.5784,19.822,22.3448
2024-05-14,RCL,138.3685,139.1449,0.561,0.871,87.1,1.99,2.27,2.2,369.88,127.299,152.2054,171.577
2024-05-14,SE,66.26,67.41,1.736,0.96,96.0,2.46,3.75,5.33,459.78,60.9592,72.886,82.1624
2024-05-14,KVUE,19.2277,18.827,-2.084,0.652,65.2,1.17,2.02,6.26,350.43,17.6895,21.1505,23.8424
2024-05-14,L,16.8567,16.9522,0.567,0.845,84.5,1.19,2.15,3.84,162.76,15.5081,18.5423,20.9023
2024-05-14,LDOS,16.8567,16.9522,0.567,0.845,84.5,1.19,2.15,3.84,162.76,15.5081,18.5423,20.9023
2024-05-14,HPE,16.8567,16.9522,0.567,0.845,84.5,1.19,2.15,3.84,162.76,15.5081,18.5423,20.9023
2024-05-14,SU,37.1614,37.114,-0.128,0.861,86.1,1.84,2.03,0.67,146.99,34.1885,40.8776,46.0802
2024-05-14,GAP,20.4548,20.6354,0.883,0.659,65.9,1.16,3.93,0.87,136.35,18.8185,22.5003,25.364
2024-05-14,LB,16.8567,16.9522,0.567,0.845,84.5,1.19,2.15,3.84,162.76,15.5081,18.5423,20.9023
2024-05-14,CHRD1,165.3582,165.3582,-0.0,0.77,77.0,1.26,1.96,1.11,101.25,152.1296,181.894,205.0442
2024-05-14,CHRI1,165.3582,165.3582,-0.0,0.77,77.0,1.26,1.96,1.11,101.25,152.1296,181.894,205.0442
2024-05-14,FIX,332.5605,335.7834,0.969,0.936,93.6,1.14,3.81,5.58,129.03,305.9556,365.8165,412.375
2024-05-14,ALLY,38.8801,39.3472,1.202,0.777,77.7,1.37,2.13,4.35,132.25,35.7697,42.7681,48.2113
2024-05-14,BORD,107.03,106.72,-0.29,0.832,83.2,2.19,3.44,2.17,87.74,98.4676,117.733,132.7172
2024-05-14,CNX,24.19,24.19,0.0,0.872,87.2,1.36,2.28,1.85,60.13,22.2548,26.609,29.9956
2024-05-14,CVLL,108.83,109.56,0.671,0.802,80.2,1.26,2.42,6.07,37.07,100.1236,119.713,134.9492
2024-05-14,DDUP,413.9212,413.9302,0.002,0.612,61.2,1.42,3.22,6.0,40.15,380.8075,455.3134,513.2623
2024-05-14,DEA,413.9212,413.9302,0.002,0.612,61.2,1.42,3.22,6.0,40.15,380.8075,455.3134,513.2623
2024-05-14,AURA,3.14,3.18,1.274,0.59,59.0,1.16,8.17,3.1,23.5,2.8888,3.454,3.8936
2024-05-14,LOPE,144.5,145.35,0.588,0.697,69.7,1.74,2.33,6.43,33.34,132.94,158.95,179.18
2024-05-14,CPAC,95.0497,95.5718,0.549,0.67,67.0,1.21,2.29,6.57,21.82,87.4458,104.5547,117.8617
2024-05-14,CPA,95.0497,95.5718,0.549,0.669,66.9,1.21,2.29,6.57,21.82,87.4457,104.5547,117.8617
2024-05-14,APGE,54.0,55.54,2.852,0.963,96.3,4.8,5.93,6.72,20.01,49.68,59.4,66.96
2024-05-15,COIN,219.91,215.0,-2.233,0.886,88.6,1.14,6.54,1.19,1804.52,202.3172,241.901,272.6884
2024-05-15,QCOM,187.6161,187.9921,0.2,0.681,68.1,1.22,2.2,6.19,1741.75,172.6068,206.3777,232.644
2024-05-15,IBIT,37.67,37.635,-0.093,0.887,88.7,1.54,2.88,5.29,993.18,34.6564,41.437,46.7108
2024-05-15,PANW,156.16,157.26,0.704,0.782,78.2,1.19,2.18,3.76,967.05,143.6672,171.776,193.6384
2024-05-15,KLAC,749.8253,750.1016,0.037,0.613,61.3,1.13,2.25,6.26,565.18,689.8392,824.8078,929.7833
2024-05-15,FSLR,191.93,193.09,0.604,0.875,87.5,1.18,3.83,4.42,388.07,176.5756,211.123,237.9932
2024-05-15,IRM,191.93,193.09,0.604,0.875,87.5,1.18,3.83,4.42,388.07,176.5756,211.123,237.9932
2024-05-15,GBTC,53.1346,53.0985,-0.068,0.882,88.2,1.16,2.85,5.22,417.37,48.8838,58.4481,65.8869
2024-05-15,HOOD,18.52,18.41,-0.594,0.917,91.7,1.28,5.4,6.61,282.74,17.0384,20.372,22.9648
2024-05-15,KVUE,19.1438,19.2464,0.536,0.607,60.7,4.32,2.09,5.39,432.78,17.6123,21.0582,23.7384
2024-05-15,APTV,123.4591,124.4656,0.815,0.669,66.9,1.62,4.04,3.44,299.99,113.5824,135.805,153.0893
2024-05-15,ARE,123.4591,124.4656,0.815,0.669,66.9,1.62,4.04,3.44,299.99,113.5824,135.805,153.0893
2024-05-15,ARNC,123.4591,124.4656,0.815,0.669,66.9,1.62,4.04,3.44,299.99,113.5824,135.805,153.0893
2024-05-15,ATO,123.4591,124.4656,0.815,0.669,66.9,1.62,4.04,3.44,299.99,113.5824,135.805,153.0893
2024-05-15,L,17.1623,17.1718,0.056,0.839,83.9,1.17,2.11,5.43,165.75,15.7893,18.8785,21.2812
2024-05-15,LDOS,17.1623,17.1718,0.056,0.839,83.9,1.17,2.11,5.43,165.75,15.7893,18.8785,21.2812
2024-05-15,HPE,17.1623,17.1718,0.056,0.841,84.1,1.17,2.11,5.43,165.75,15.7893,18.8785,21.2812
2024-05-15,BKR,31.8668,31.7991,-0.213,0.745,74.5,1.14,2.21,1.73,195.66,29.3175,35.0535,39.5148
2024-05-15,SU,37.37,37.5407,0.457,0.855,85.5,1.57,2.06,1.04,153.68,34.3804,41.107,46.3388
2024-05-15,LB,17.1623,17.1718,0.056,0.839,83.9,1.17,2.11,5.43,165.75,15.7893,18.8785,21.2812
2024-05-15,ARJ,22.02,22.0,-0.091,0.883,88.3,1.5,2.83,5.16,101.81,20.2584,24.222,27.3048
2024-05-15,ARKB,22.02,22.0,-0.091,0.883,88.3,1.5,2.83,5.16,101.81,20.2584,24.222,27.3048
2024-05-15,FIX,337.7729,336.2012,-0.465,0.936,93.6,1.26,3.75,6.56,133.08,310.751,371.5501,418.8383
2024-05-15,AER,91.1455,90.9001,-0.269,0.828,82.8,1.36,2.04,6.3,152.98,83.8539,100.2601,113.0205
2024-05-15,HES,50.8753,50.7739,-0.199,0.653,65.3,1.27,2.37,4.84,86.17,46.8053,55.9628,63.0853
2024-05-15,CMA,50.8753,50.7739,-0.199,0.653,65.3,1.27,2.37,4.84,86.17,46.8053,55.9628,63.0854
2024-05-15,BORD,109.98,109.98,0.0,0.858,85.8,2.17,3.57,4.54,97.79,101.1816,120.978,136.3752
2024-05-15,BITA,36.06,36.01,-0.139,0.888,88.8,2.08,2.83,5.28,75.04,33.1752,39.666,44.7144
2024-05-15,BITB,36.06,36.01,-0.139,0.888,88.8,2.08,2.83,5.28,75.04,33.1752,39.666,44.7144
2024-05-15,ARMK,32.9776,32.8599,-0.357,0.616,61.6,1.26,2.33,5.03,91.06,30.3394,36.2754,40.8922
2024-05-15,CNX,24.38,24.45,0.287,0.865,86.5,1.14,2.32,2.53,61.8,22.4296,26.818,30.2312
2024-05-15,AZA.A,265.3616,265.2919,-0.026,0.658,65.8,1.16,1.99,4.16,56.67,244.1327,291.8978,329.0484
2024-05-15,AZEK,265.3616,265.2919,-0.026,0.658,65.8,1.16,1.99,4.16,56.67,244.1327,291.8978,329.0484
2024-05-15,AYRO,265.3616,265.2918,-0.026,0.657,65.7,1.16,1.99,4.16,56.67,244.1327,291.8978,329.0484
2024-05-15,CLGX,212.71,212.69,-0.009,0.723,72.3,1.14,2.14,4.74,69.8,195.6932,233.981,263.7604
2024-05-15,NOK,3.7091,3.6995,-0.258,0.691,69.1,1.46,1.89,4.94,56.31,3.4124,4.08,4.5993
2024-05-15,HMYRQ,9.2722,9.292,0.213,0.975,97.5,1.12,3.35,5.07,42.03,8.5305,10.1995,11.4976
2024-05-15,APGE,53.3,52.89,-0.769,0.963,96.3,1.72,6.01,5.15,20.31,49.036,58.63,66.092
2024-05-16,PANW,158.39,158.5,0.069,0.835,83.5,1.17,2.03,4.5,993.67,145.7188,174.229,196.4036
2024-05-16,KKR,103.2708,104.0145,0.72,0.701,70.1,1.19,3.05,6.13,428.45,95.0092,113.5979,128.0558
2024-05-16,NU,11.71,11.82,0.939,0.796,79.6,1.35,3.26,3.46,271.03,10.7732,12.881,14.5204
2024-05-16,HOOD,17.9,18.96,5.922,0.921,92.1,1.39,5.58,2.79,285.98,16.468,19.69,22.196
2024-05-16,TT,320.098,321.9413,0.576,0.824,82.4,1.14,2.05,3.05,344.11,294.4901,352.1078,396.9215
2024-05-16,SWKS,155.5639,155.997,0.278,0.624,62.4,1.3,2.41,4.71,255.85,143.1188,171.1203,192.8992
2024-05-16,SYF,155.5639,155.997,0.278,0.624,62.4,1.3,2.41,4.71,255.85,143.1188,171.1203,192.8992
2024-05-16,SYMC,155.5639,155.997,0.278,0.624,62.4,1.3,2.41,4.71,255.85,143.1188,171.1203,192.8992
2024-05-16,KVUE,19.1998,19.3116,0.583,0.582,58.2,2.79,2.11,5.37,491.94,17.6638,21.1197,23.8077
2024-05-16,BKR,31.9539,31.9926,0.121,0.742,74.2,1.57,2.19,1.84,203.01,29.3976,35.1493,39.6228
2024-05-16,ADM,58.2257,58.3958,0.292,0.781,78.1,1.15,2.16,1.63,237.78,53.5676,64.0482,72.1998
2024-05-16,SU,37.7114,37.9295,0.578,0.838,83.8,1.37,2.06,1.74,156.97,34.6945,41.4825,46.7621
2024-05-16,IFF,377.926,380.8461,0.773,0.58,58.0,1.13,1.89,3.81,117.99,347.6919,415.7186,468.6283
2024-05-16,FIX,319.9074,322.2947,0.746,0.927,92.7,1.22,3.88,0.46,128.68,294.3148,351.8982,396.6852
2024-05-16,NTR,54.1505,54.3873,0.437,0.767,76.7,1.16,1.96,4.98,86.71,49.8185,59.5656,67.1466
2024-05-16,BORD,111.69,112.17,0.43,0.88,88.0,1.42,3.65,5.51,102.48,102.7548,122.859,138.4956
2024-05-16,AZA.A,262.9498,263.4082,0.174,0.677,67.7,1.2,1.96,2.87,56.32,241.9138,289.2448,326.0578
2024-05-16,AZEK,262.9498,263.4082,0.174,0.677,67.7,1.2,1.96,2.87,56.32,241.9138,289.2448,326.0578
2024-05-16,AYRO,262.9498,263.4082,0.174,0.676,67.6,1.2,1.96,2.87,56.32,241.9138,289.2447,326.0577
2024-05-16,COKE,92.1299,92.0904,-0.043,0.679,67.9,1.23,2.5,5.6,47.68,84.7595,101.3429,114.241
2024-05-16,GTH,17.4,17.4,0.0,0.864,86.4,4.49,2.77,2.32,49.66,16.008,19.14,21.576
2024-05-16,CVLL,110.73,110.75,0.018,0.839,83.9,1.32,2.56,6.15,39.33,101.8716,121.803,137.3052
2024-05-16,BFNBQ,39.5326,39.6886,0.394,0.699,69.9,1.64,4.16,4.91,38.53,36.37,43.4859,49.0205
2024-05-16,BFNH,39.5326,39.6886,0.394,0.699,69.9,1.64,4.16,4.91,38.53,36.37,43.4859,49.0205
2024-05-16,APGE,53.75,54.59,1.563,0.962,96.2,1.26,5.69,5.48,20.74,49.45,59.125,66.65
2024-05-16,HWC,45.0725,45.1289,0.125,0.65,65.0,1.17,2.21,1.93,20.46,41.4667,49.5797,55.8899
2024-05-16,EHVVF,18.98,19.58,3.161,0.987,98.7,1.77,5.51,5.86,25.18,17.4616,20.878,23.5352
2024-05-16,EI,18.98,19.58,3.161,0.987,98.7,1.77,5.51,5.86,25.18,17.4616,20.878,23.5352
2024-05-16,EIC,18.98,19.58,3.161,0.987,98.7,1.77,5.51,5.86,25.18,17.4616,20.878,23.5352
2024-05-16,EICA,18.98,19.58,3.161,0.987,98.7,1.77,5.51,5.86,25.18,17.4616,20.878,23.5352
2024-05-17,CEG,210.875,211.7062,0.394,0.972,97.2,1.11,3.35,6.68,580.63,194.005,231.9626,261.4851
2024-05-17,VRTX,445.21,444.72,-0.11,0.658,65.8,1.15,2.17,4.63,534.39,409.5932,489.731,552.0604
2024-05-17,NU,11.66,11.73,0.6,0.736,73.6,1.21,3.23,2.49,270.52,10.7272,12.826,14.4584
2024-05-17,VLO,156.6705,156.6139,-0.036,0.833,83.3,1.6,2.57,3.41,400.46,144.1368,172.3375,194.2714
2024-05-17,KVUE,19.0786,19.1066,0.147,0.592,59.2,1.16,2.12,4.41,509.41,17.5523,20.9865,23.6575
2024-05-17,CHRD1,163.7442,164.3699,0.382,0.741,74.1,1.25,1.9,0.07,103.64,150.6447,180.1187,203.0429
2024-05-17,CHRI1,163.7442,164.3699,0.382,0.741,74.1,1.25,1.9,0.07,103.64,150.6447,180.1187,203.0429
2024-05-17,COKE,92.5824,93.1367,0.599,0.788,78.8,1.33,2.44,5.4,49.51,85.1758,101.8406,114.8022
2024-05-17,NXEN,7.99,8.0,0.125,0.782,78.2,1.22,5.8,1.64,59.43,7.3508,8.789,9.9076
2024-05-17,DYN,27.68,31.7,14.523,0.881,88.1,1.63,5.54,5.95,22.44,25.4656,30.448,34.3232
2024-05-17,DYN1,27.68,31.7,14.523,0.881,88.1,1.63,5.54,5.95,22.44,25.4656,30.448,34.3232
2024-05-17,CAKE,36.7353,36.6397,-0.26,0.66,66.0,2.12,2.71,6.6,47.69,33.7965,40.4088,45.5518
2024-05-17,CAKR,36.7353,36.6397,-0.26,0.66,66.0,2.12,2.71,6.6,47.69,33.7965,40.4088,45.5518
2024-05-17,EHVVF,19.15,20.05,4.7,0.986,98.6,1.37,5.37,6.31,26.24,17.618,21.065,23.746
2024-05-17,EI,19.15,20.05,4.7,0.986,98.6,1.37,5.37,6.31,26.24,17.618,21.065,23.746
2024-05-17,EIC,19.15,20.05,4.7,0.986,98.6,1.37,5.37,6.31,26.24,17.618,21.065,23.746
2024-05-17,EICA,19.15,20.05,4.7,0.986,98.6,1.37,5.37,6.31,26.24,17.618,21.065,23.746
2024-05-20,COIN,225.19,231.97,3.011,0.925,92.5,1.33,6.73,4.18,1905.52,207.1748,247.709,279.2356
2024-05-20,QCOM,190.6529,188.9658,-0.885,0.766,76.6,1.22,2.1,5.42,1387.38,175.4007,209.7182,236.4096
2024-05-20,PANW,161.885,150.58,-6.983,0.856,85.6,2.19,2.11,5.25,1180.61,148.9342,178.0735,200.7374
2024-05-20,MCHP,91.9271,90.3874,-1.675,0.802,80.2,1.12,2.46,4.56,504.84,84.5729,101.1198,113.9896
2024-05-20,VLO,154.5194,153.9911,-0.342,0.793,79.3,1.19,2.55,2.06,402.37,142.1579,169.9714,191.6041
2024-05-20,RCL,145.1494,144.3239,-0.569,0.861,86.1,1.34,2.3,5.06,378.31,133.5374,159.6643,179.9852
2024-05-20,ISP-MI,3.1781,3.1701,-0.253,0.899,89.9,1.28,1.88,3.27,299.83,2.9239,3.4959,3.9408
2024-05-20,BJ,80.69,81.0,0.384,0.745,74.5,1.34,2.14,4.96,115.51,74.2348,88.759,100.0556
2024-05-20,BJCT,80.69,81.0,0.384,0.745,74.5,1.34,2.14,4.96,115.51,74.2348,88.759,100.0556
2024-05-20,BSY,56.4983,56.4983,0.0,0.668,66.8,1.11,1.88,4.81,64.48,51.9784,62.1481,70.0579
2024-05-20,GTH,17.73,17.65,-0.451,0.86,86.0,1.51,2.82,4.05,54.11,16.3116,19.503,21.9852
2024-05-20,ORAL,70.5356,70.2484,-0.407,0.703,70.3,1.2,2.2,4.79,32.1,64.8927,77.5891,87.4641
2024-05-20,APGE,52.42,51.94,-0.916,0.953,95.3,1.14,5.7,2.15,20.78,48.2264,57.662,65.0008
2024-05-21,COIN,225.78,225.01,-0.341,0.809,80.9,1.24,6.71,4.71,1948.51,207.7176,248.358,279.9672
2024-05-21,QCOM,193.6319,195.6371,1.036,0.757,75.7,1.51,2.13,5.89,1476.59,178.1413,212.9951,240.1035
2024-05-21,PDD,145.45,150.26,3.307,0.767,76.7,1.3,3.25,6.66,1310.62,133.814,159.995,180.358
2024-05-21,PANW,155.83,156.045,0.138,0.707,70.7,3.02,2.4,1.11,1421.57,143.3636,171.413,193.2292
2024-05-21,JD,32.3367,32.0064,-1.021,0.949,94.9,3.39,2.93,3.96,450.21,29.7497,35.5703,40.0975
2024-05-21,TCOM,55.56,55.5898,0.054,0.869,86.9,1.73,2.39,5.23,206.66,51.1152,61.116,68.8944
2024-05-21,ARES,137.2133,138.5891,1.003,0.669,66.9,2.0,2.89,3.26,177.53,126.2363,150.9346,170.1445
2024-05-21,SU,38.9251,38.7924,-0.341,0.877,87.7,1.89,2.05,4.45,168.47,35.8111,42.8177,48.2672
2024-05-21,LYB,94.4531,93.7199,-0.776,0.897,89.7,1.17,2.06,6.4,177.23,86.8968,103.8984,117.1218
2024-05-21,M,94.4531,93.7199,-0.776,0.897,89.7,1.17,2.06,6.4,177.23,86.8968,103.8984,117.1218
2024-05-21,MAA,94.4531,93.7199,-0.776,0.897,89.7,1.17,2.06,6.4,177.23,86.8968,103.8984,117.1218
2024-05-21,MAC,94.4531,93.7199,-0.776,0.897,89.7,1.17,2.06,6.4,177.23,86.8968,103.8984,117.1218
2024-05-21,PKN-WA,63.1761,63.1502,-0.041,0.622,62.2,1.78,2.07,6.55,89.85,58.122,69.4938,78.3384
2024-05-21,IPG,40.88,40.83,-0.122,0.779,77.9,1.2,2.3,3.55,54.06,37.6096,44.968,50.6912
2024-05-21,BZ,21.8265,21.9655,0.637,0.95,95.0,1.18,3.21,6.35,102.05,20.0803,24.0091,27.0648
2024-05-21,BZ2,21.8265,21.9655,0.637,0.95,95.0,1.18,3.21,6.35,102.05,20.0803,24.0091,27.0648
2024-05-21,AG,7.6099,7.5003,-1.44,0.98,98.0,1.25,4.77,6.48,64.01,7.0011,8.3709,9.4363
2024-05-21,NOGNQ,36.9971,36.8526,-0.391,0.847,84.7,1.41,2.29,0.26,44.28,34.0373,40.6968,45.8764
2024-05-21,CWPE,98.81,98.53,-0.283,0.631,63.1,1.22,2.22,3.99,23.97,90.9052,108.691,122.5244
2024-05-21,CWST,98.81,98.53,-0.283,0.631,63.1,1.22,2.22,3.99,23.97,90.9052,108.691,122.5244
2024-05-21,IMO,66.5542,66.3725,-0.273,0.714,71.4,1.39,1.94,0.09,22.15,61.2299,73.2097,82.5272
2024-05-21,ACW,18.88,18.82,-0.318,0.771,77.1,1.92,3.91,5.54,20.87,17.3696,20.768,23.4112
2024-05-21,ACXP,18.88,18.82,-0.318,0.771,77.1,1.92,3.91,5.54,20.87,17.3696,20.768,23.4112
2024-05-22,NVDA,94.9016,101.976,7.454,0.679,67.9,1.53,2.69,2.43,34138.58,87.3095,104.3917,117.678
2024-05-22,SMH,234.8154,242.3186,3.195,0.761,76.1,1.32,2.02,6.07,1440.17,216.0301,258.2969,291.171
2024-05-22,QCOM,195.6371,198.4811,1.454,0.851,85.1,1.38,2.05,5.74,1588.28,179.9861,215.2008,242.59
2024-05-22,MELI,1736.78,1749.34,0.723,0.836,83.6,1.11,2.18,0.66,534.18,1597.8376,1910.458,2153.6072
2024-05-22,JD,31.7441,30.9865,-2.387,0.95,95.0,1.88,2.96,1.36,468.27,29.2046,34.9186,39.3627
2024-05-22,L,17.3342,18.0027,3.857,0.893,89.3,1.13,2.07,4.93,164.15,15.9475,19.0676,21.4944
2024-05-22,LDOS,17.3342,18.0027,3.857,0.893,89.3,1.13,2.07,4.93,164.15,15.9475,19.0676,21.4944
2024-05-22,HPE,17.3342,18.0027,3.857,0.892,89.2,1.13,2.07,4.93,164.15,15.9475,19.0676,21.4944
2024-05-22,SU,38.3941,38.7924,1.037,0.884,88.4,1.13,2.11,2.86,169.68,35.3226,42.2335,47.6087
2024-05-22,LB,17.3342,18.0027,3.857,0.893,89.3,1.13,2.07,4.93,164.15,15.9475,19.0676,21.4944
2024-05-22,BJ,80.49,80.61,0.149,0.722,72.2,1.83,2.12,4.01,119.8,74.0508,88.539,99.8076
2024-05-22,BJCT,80.49,80.61,0.149,0.722,72.2,1.83,2.12,4.01,119.8,74.0508,88.539,99.8076
2024-05-22,MMYT,78.12,79.52,1.792,0.94,94.0,1.5,4.92,3.75,67.4,71.8704,85.932,96.8688
2024-05-22,NEB,41.1078,41.099,-0.021,0.686,68.6,1.26,2.67,0.42,33.85,37.8192,45.2186,50.9737
2024-05-22,GH,22.51,22.51,0.0,0.804,80.4,1.35,5.32,6.75,52.3,20.7092,24.761,27.9124
2024-05-22,CDE,5.49,5.48,-0.182,0.998,99.8,1.23,6.12,5.8,42.6,5.0508,6.039,6.8076
2024-05-22,CIFR,4.13,4.21,1.937,0.868,86.8,1.8,8.93,3.5,23.99,3.7996,4.543,5.1212
2024-05-22,HMYRQ,9.5981,9.5685,-0.309,0.993,99.3,1.16,3.23,6.07,40.85,8.8303,10.5579,11.9017
2024-05-22,AGI,16.4392,16.3696,-0.423,0.96,96.0,1.16,2.99,5.25,37.49,15.1241,18.0831,20.3846
2024-05-22,BFNBQ,40.595,40.4781,-0.288,0.755,75.5,1.38,3.95,3.98,37.92,37.3474,44.6545,50.3378
2024-05-22,BFNH,40.595,40.4781,-0.288,0.755,75.5,1.38,3.95,3.98,37.92,37.3474,44.6545,50.3378
2024-05-22,BTHS,2.6538,2.6256,-1.064,0.86,86.0,1.29,3.04,4.64,25.63,2.4415,2.9192,3.2907
2024-05-22,BTIC,2.6538,2.6256,-1.064,0.86,86.0,1.29,3.04,4.64,25.63,2.4415,2.9192,3.2907
2024-05-22,BTGO,2.6538,2.6256,-1.064,0.862,86.2,1.29,3.04,4.64,25.63,2.4415,2.9192,3.2907
2024-05-22,AVSR,52.0626,52.2622,0.383,0.87,87.0,1.25,2.13,6.43,36.34,47.8976,57.2689,64.5577
2024-05-22,AVT,52.0626,52.2622,0.383,0.87,87.0,1.25,2.13,6.43,36.34,47.8976,57.2689,64.5577
2024-05-22,EEEI,115.34,115.69,0.303,0.606,60.6,1.15,2.32,3.84,34.33,106.1128,126.874,143.0216
2024-05-22,EEFT,115.34,115.69,0.303,0.606,60.6,1.15,2.32,3.84,34.33,106.1128,126.874,143.0216
2024-05-22,HBM,9.4623,9.5321,0.738,0.982,98.2,3.63,3.8,4.86,41.68,8.7053,10.4085,11.7332
2024-05-23,LT-NS,3524.5642,3525.1541,0.017,0.652,65.2,1.36,2.27,2.99,11685.79,3242.5991,3877.0206,4370.4596
2024-05-23,QCOM,194.5091,196.5626,1.056,0.82,82.0,1.61,2.35,3.98,1753.43,178.9484,213.96,241.1913
2024-05-23,GE,163.5369,164.101,0.345,0.938,93.8,1.34,2.11,1.33,904.98,150.454,179.8906,202.7858
2024-05-23,CAT,342.0494,343.9416,0.553,0.651,65.1,1.14,1.99,0.49,827.48,314.6855,376.2544,424.1413
2024-05-23,ANET,75.355,76.1075,0.999,0.739,73.9,2.34,3.15,2.61,856.99,69.3266,82.8905,93.4402
2024-05-23,VRT,101.009,101.3682,0.356,0.977,97.7,1.4,4.2,4.9,779.94,92.9283,111.1099,125.2512
2024-05-23,KLAC,755.1352,764.0871,1.185,0.718,71.8,1.16,2.49,2.14,539.16,694.7244,830.6487,936.3676
2024-05-23,NXPI,264.3557,269.7936,2.057,0.781,78.1,1.12,2.33,3.91,549.73,243.2072,290.7913,327.801
2024-05-23,MCHP,93.9685,95.7781,1.926,0.884,88.4,1.32,2.39,5.41,522.98,86.451,103.3653,116.5209
2024-05-23,MPWR,736.5768,745.0737,1.154,0.598,59.8,1.53,3.31,4.43,369.4,677.6507,810.2345,913.3553
2024-05-23,L,17.4201,17.5061,0.493,0.903,90.3,1.59,2.21,5.06,171.26,16.0265,19.1622,21.601
2024-05-23,LDOS,17.4201,17.5061,0.493,0.903,90.3,1.59,2.21,5.06,171.26,16.0265,19.1622,21.601
2024-05-23,HPE,17.4201,17.5061,0.493,0.903,90.3,1.59,2.21,5.06,171.26,16.0265,19.1622,21.601
2024-05-23,PWR,275.9651,277.412,0.524,0.838,83.8,2.05,2.56,4.2,280.59,253.8879,303.5616,342.1967
2024-05-23,IR,94.9667,95.3362,0.389,0.629,62.9,1.56,1.91,3.16,320.69,87.3694,104.4634,117.7588
2024-05-23,FUST,72.0999,71.6017,-0.691,0.96,96.0,1.19,3.9,2.46,146.29,66.3319,79.3099,89.4039
2024-05-23,EME,388.6261,388.8253,0.051,0.924,92.4,1.34,2.21,4.34,157.1,357.536,427.4887,481.8963
2024-05-23,SU,38.0433,38.3562,0.823,0.883,88.3,1.11,2.2,1.84,171.54,34.9998,41.8476,47.1737
2024-05-23,LB,17.4201,17.5061,0.493,0.903,90.3,1.59,2.21,5.06,171.26,16.0265,19.1622,21.601
2024-05-23,ARJ,22.3767,22.4567,0.358,0.755,75.5,1.11,2.98,5.29,94.58,20.5865,24.6143,27.7471
2024-05-23,ARKB,22.3767,22.4567,0.358,0.755,75.5,1.11,2.98,5.29,94.58,20.5865,24.6143,27.7471
2024-05-23,CHSCL,80.9555,81.1373,0.225,0.813,81.3,1.14,2.63,5.39,157.56,74.4791,89.0511,100.3848
2024-05-23,CNX,24.61,24.7,0.366,0.866,86.6,1.16,2.11,2.87,57.38,22.6412,27.071,30.5164
2024-05-23,ASX,10.3072,10.3916,0.819,0.823,82.3,1.7,2.09,4.99,51.89,9.4826,11.3379,12.7809
2024-05-23,HALL,43.92,43.65,-0.615,0.747,74.7,1.13,3.13,3.49,45.72,40.4064,48.312,54.4608
2024-05-23,HALO,43.92,43.65,-0.615,0.747,74.7,1.13,3.13,3.49,45.72,40.4064,48.312,54.4608
2024-05-23,JLL,196.02,197.13,0.566,0.61,61.0,1.37,2.32,1.34,53.79,180.3384,215.622,243.0648
2024-05-23,JLMI,196.02,197.13,0.566,0.61,61.0,1.37,2.32,1.34,53.79,180.3384,215.622,243.0648
2024-05-23,CHDN,133.6905,134.3758,0.513,0.74,74.0,1.41,2.01,0.15,70.53,122.9953,147.0595,165.7762
2024-05-23,COKE,96.2432,96.3746,0.137,0.851,85.1,1.26,2.6,6.2,57.52,88.5438,105.8675,119.3416
2024-05-23,DDUP,400.0262,408.1467,2.03,0.638,63.8,1.13,3.28,1.11,41.16,368.0241,440.0288,496.0324
2024-05-23,DEA,400.0262,408.1467,2.03,0.638,63.8,1.13,3.28,1.11,41.16,368.0241,440.0288,496.0324
2024-05-23,AGI,16.4491,16.5485,0.604,0.964,96.4,1.74,2.75,4.79,35.86,15.1332,18.0941,20.3969
2024-05-23,BFNBQ,40.1174,40.4488,0.826,0.742,74.2,1.26,3.64,2.16,36.9,36.908,44.1292,49.7456
2024-05-23,BFNH,40.1174,40.4488,0.826,0.742,74.2,1.26,3.64,2.16,36.9,36.908,44.1292,49.7456
2024-05-23,CALM,53.0378,53.2244,0.352,0.627,62.7,1.19,2.43,3.44,28.08,48.7948,58.3416,65.7669
2024-05-23,GLNCY,25.0518,25.1748,0.491,0.918,91.8,1.45,1.94,2.15,23.9,23.0477,27.557,31.0642
2024-05-23,GLNG,25.0518,25.1748,0.491,0.918,91.8,1.45,1.94,2.15,23.9,23.0477,27.557,31.0642
2024-05-23,CWPE,97.86,98.01,0.153,0.7,70.0,1.1,2.22,2.59,23.92,90.0312,107.646,121.3464
2024-05-23,CWST,97.86,98.01,0.153,0.7,70.0,1.1,2.22,2.59,23.92,90.0312,107.646,121.3464
2024-05-23,BDCC,96.2059,97.1928,1.026,0.814,81.4,1.17,2.13,6.6,21.05,88.5094,105.8265,119.2953
2024-05-23,HBM,9.2826,9.4323,1.613,0.979,97.9,1.45,3.73,2.2,42.1,8.54,10.2109,11.5104
2024-05-24,CLSK,17.63,17.92,1.645,0.601,60.1,1.12,9.41,5.2,495.14,16.2196,19.393,21.8612
2024-05-24,CLSR,17.63,17.92,1.645,0.601,60.1,1.12,9.41,5.2,495.14,16.2196,19.393,21.8612
2024-05-24,CLST,17.63,17.92,1.645,0.601,60.1,1.12,9.41,5.2,495.14,16.2196,19.393,21.8612
2024-05-24,EBAY,52.8511,52.5888,-0.496,0.823,82.3,1.45,2.01,5.75,283.69,48.623,58.1362,65.5354
2024-05-24,L,17.5825,17.6589,0.435,0.887,88.7,1.35,2.18,5.66,176.74,16.1759,19.3408,21.8023
2024-05-24,LDOS,17.5825,17.6589,0.435,0.887,88.7,1.35,2.18,5.66,176.74,16.1759,19.3408,21.8023
2024-05-24,HPE,17.5825,17.6589,0.435,0.887,88.7,1.35,2.18,5.66,176.74,16.1759,19.3408,21.8023
2024-05-24,PWR,282.8305,286.2633,1.214,0.842,84.2,1.15,2.55,6.36,287.37,260.2041,311.1136,350.7099
2024-05-24,LPNT,282.4706,283.1758,0.25,0.628,62.8,1.22,2.07,5.41,151.65,259.8729,310.7176,350.2635
2024-05-24,SU,38.214,38.5933,0.993,0.859,85.9,1.13,2.22,2.18,177.45,35.1568,42.0354,47.3853
2024-05-24,LB,17.5825,17.6589,0.435,0.887,88.7,1.35,2.18,5.66,176.74,16.1759,19.3408,21.8023
2024-05-24,BAH,152.3848,153.8846,0.984,0.657,65.7,1.85,2.02,4.58,120.89,140.1941,167.6233,188.9572
2024-05-24,BAK,152.3848,153.8846,0.984,0.657,65.7,1.85,2.02,4.58,120.89,140.1941,167.6233,188.9572
2024-05-24,BAKR,152.3848,153.8846,0.984,0.657,65.7,1.85,2.02,4.58,120.89,140.1941,167.6233,188.9572
2024-05-24,BAIDF,152.3848,153.8846,0.984,0.657,65.7,1.85,2.02,4.58,120.89,140.1941,167.6233,188.9572
2024-05-24,CHRD1,165.6701,166.2691,0.362,0.811,81.1,1.21,1.94,1.55,117.98,152.4165,182.2371,205.4309
2024-05-24,CHRI1,165.6701,166.2691,0.362,0.811,81.1,1.21,1.94,1.55,117.98,152.4165,182.2371,205.4309
2024-05-24,IEX,138.54,138.05,-0.354,0.712,71.2,1.19,2.67,0.67,136.54,127.4568,152.394,171.7896
2024-05-24,BNTX,96.95,97.72,0.794,0.71,71.0,1.69,3.11,4.62,71.38,89.194,106.645,120.218
2024-05-24,IPG,41.96,42.15,0.453,0.801,80.1,1.3,2.37,6.14,56.79,38.6032,46.156,52.0304
2024-05-24,TRI,172.1205,171.3078,-0.472,0.767,76.7,1.18,1.92,5.68,68.68,158.3508,189.3325,213.4294
2024-05-24,CIFR,4.09,4.06,-0.734,0.949,94.9,1.14,9.36,3.72,24.09,3.7628,4.499,5.0716
2024-05-24,GLNCY,25.4302,25.5438,0.446,0.936,93.6,1.25,1.98,3.34,24.55,23.3958,27.9733,31.5335
2024-05-24,GLNG,25.4302,25.5438,0.446,0.936,93.6,1.25,1.98,3.34,24.55,23.3958,27.9733,31.5335
2024-05-24,AVSR,52.2147,52.1957,-0.036,0.861,86.1,1.11,2.18,5.79,36.83,48.0375,57.4361,64.7462
2024-05-24,AVT,52.2147,52.1957,-0.036,0.861,86.1,1.11,2.18,5.79,36.83,48.0375,57.4361,64.7462
2024-05-24,HBM,9.612,10.0412,4.465,0.983,98.3,1.28,3.62,5.25,43.72,8.843,10.5732,11.9189
2024-05-24,IESC,160.5,161.25,0.467,0.965,96.5,1.35,5.46,0.37,30.41,147.66,176.55,199.02
2024-05-28,AMD,171.61,167.46,-2.418,0.686,68.6,1.2,4.27,4.97,9509.05,157.8812,188.771,212.7964
2024-05-28,CRWD,346.82,342.01,-1.387,0.765,76.5,1.27,3.23,5.97,885.13,319.0744,381.502,430.0568
2024-05-28,QCOM,205.4223,201.1515,-2.079,0.913,91.3,1.19,2.78,6.68,2164.22,188.9885,225.9645,254.7237
2024-05-28,PDD,149.72,146.49,-2.157,0.856,85.6,1.52,3.98,5.97,1754.67,137.7424,164.692,185.6528
2024-05-28,TXN,189.5793,186.7869,-1.473,0.888,88.8,1.42,2.1,1.14,1152.48,174.4129,208.5372,235.0783
2024-05-28,APP,83.23,82.13,-1.322,0.943,94.3,1.23,4.03,4.06,419.66,76.5716,91.553,103.2052
2024-05-28,BAX,113.1984,112.4052,-0.701,0.614,61.4,1.17,2.53,3.13,242.52,104.1425,124.5182,140.366
2024-05-28,BBT,113.1984,112.4052,-0.701,0.614,61.4,1.17,2.53,3.13,242.52,104.1425,124.5182,140.366
2024-05-28,NU,12.18,11.92,-2.135,0.703,70.3,1.29,3.33,4.47,292.03,11.2056,13.398,15.1032
2024-05-28,TT,323.6368,321.1625,-0.765,0.821,82.1,1.15,1.9,0.19,310.16,297.7459,356.0005,401.3097
2024-05-28,SE,69.63,68.57,-1.522,0.948,94.8,1.2,3.5,2.14,467.81,64.0596,76.593,86.3412
2024-05-28,EBAY,51.3844,50.7627,-1.21,0.771,77.1,1.33,2.16,2.8,279.07,47.2736,56.5228,63.7166
2024-05-28,L,17.5825,17.4201,-0.923,0.872,87.2,1.7,2.21,5.29,185.19,16.1759,19.3408,21.8023
2024-05-28,LDOS,17.5825,17.4201,-0.923,0.872,87.2,1.7,2.21,5.29,185.19,16.1759,19.3408,21.8023
2024-05-28,HPE,17.5825,17.4201,-0.923,0.871,87.1,1.7,2.21,5.29,185.19,16.1759,19.3408,21.8023
2024-05-28,TTWO,156.79,155.72,-0.682,0.603,60.3,1.18,2.05,6.07,294.8,144.2468,172.469,194.4196
2024-05-28,PWR,279.0486,275.6657,-1.212,0.835,83.5,1.21,2.61,4.59,288.64,256.7248,306.9535,346.0203
2024-05-28,FUST,75.1383,72.8913,-2.991,0.954,95.4,1.77,4.01,5.33,155.25,69.1272,82.6521,93.1715
2024-05-28,EME,392.1925,390.4192,-0.452,0.901,90.1,1.33,2.16,4.26,149.89,360.8171,431.4118,486.3187
2024-05-28,SU,38.5458,38.2424,-0.787,0.841,84.1,1.41,2.24,2.94,188.27,35.4622,42.4004,47.7968
2024-05-28,LB,17.5825,17.4201,-0.923,0.872,87.2,1.7,2.21,5.29,185.19,16.1759,19.3408,21.8023
2024-05-28,GMG-AX,33.6634,33.2507,-1.226,0.814,81.4,1.27,1.94,1.68,105.34,30.9703,37.0297,41.7426
2024-05-28,CHRD1,168.7207,168.0755,-0.382,0.828,82.8,1.72,1.98,3.37,126.77,155.223,185.5927,209.2136
2024-05-28,CHRI1,168.7207,168.0755,-0.382,0.828,82.8,1.72,1.98,3.37,126.77,155.223,185.5927,209.2136
2024-05-28,OCAI,170.8847,168.8958,-1.164,0.848,84.8,1.19,2.06,1.14,96.17,157.2139,187.9732,211.8971
2024-05-28,IEX,143.67,142.54,-0.787,0.8,80.0,1.18,2.69,4.19,142.95,132.1764,158.037,178.1508
2024-05-28,IPG,42.21,41.82,-0.924,0.825,82.5,1.22,2.42,6.59,57.84,38.8332,46.431,52.3404
2024-05-28,NEB,41.7177,41.3376,-0.911,0.755,75.5,1.45,2.78,1.89,36.03,38.3803,45.8894,51.7299
2024-05-28,TRI,168.8893,168.0864,-0.475,0.718,71.8,1.39,1.91,3.09,70.18,155.3782,185.7783,209.4228
2024-05-28,COKE,97.6611,96.3993,-1.292,0.87,87.0,1.15,2.58,5.89,61.15,89.8482,107.4272,121.0998
2024-05-28,CIFR,4.0,3.92,-2.0,0.928,92.8,1.11,9.17,1.49,23.78,3.68,4.4,4.96
2024-05-28,CALM,53.7662,53.2421,-0.975,0.766,76.6,1.42,2.38,4.11,27.67,49.4649,59.1428,66.6701
2024-05-28,BTHS,2.6726,2.6726,-0.0,0.79,79.0,1.27,2.99,4.39,25.73,2.4588,2.9399,3.314
2024-05-28,BTIC,2.6726,2.6726,-0.0,0.79,79.0,1.27,2.99,4.39,25.73,2.4588,2.9399,3.314
2024-05-28,BTGO,2.6726,2.6726,-0.0,0.789,78.9,1.27,2.99,4.39,25.73,2.4588,2.9399,3.314
2024-05-28,BMI,193.4233,191.0059,-1.25,0.898,89.8,1.21,2.01,1.14,37.85,177.9494,212.7656,239.8449
2024-05-28,BTE,3.5695,3.5502,-0.542,0.823,82.3,1.24,3.94,4.38,34.65,3.2839,3.9264,4.4262
2024-05-28,AVSR,52.1006,51.2169,-1.696,0.833,83.3,1.23,2.18,5.07,37.17,47.9326,57.3107,64.6048
2024-05-28,AVT,52.1006,51.2169,-1.696,0.833,83.3,1.23,2.18,5.07,37.17,47.9326,57.3107,64.6048
2024-05-29,TSM,150.7721,150.0394,-0.486,0.819,81.9,1.3,2.28,3.43,1833.0,138.7103,165.8493,186.9574
2024-05-29,NFLX,65.462,65.352,-0.168,0.706,70.6,1.13,2.23,2.88,2140.52,60.225,72.0082,81.1729
2024-05-29,QCOM,200.7755,201.3466,0.284,0.904,90.4,1.14,2.72,3.27,2212.42,184.7135,220.8531,248.9617
2024-05-29,KLAC,762.3007,758.9252,-0.443,0.804,80.4,1.18,2.38,0.71,553.24,701.3166,838.5307,945.2528
2024-05-29,CEG,218.7589,220.3347,0.72,0.915,91.5,1.35,3.7,4.07,617.95,201.2582,240.6348,271.2611
2024-05-29,SNPS,580.21,573.82,-1.101,0.728,72.8,1.15,2.44,0.43,500.81,533.7932,638.231,719.4604
2024-05-29,MCHP,91.4981,91.5364,0.042,0.793,79.3,1.36,2.37,1.81,507.36,84.1783,100.6479,113.4577
2024-05-29,HCA,320.866,323.5009,0.821,0.629,62.9,1.88,2.02,2.22,304.23,295.1967,352.9526,397.8738
2024-05-29,WDC,58.3024,57.7377,-0.969,0.888,88.8,1.39,2.9,6.03,417.79,53.6382,64.1327,72.295
2024-05-29,EBAY,50.5976,50.4519,-0.288,0.726,72.6,1.19,2.11,1.18,274.12,46.5498,55.6573,62.741
2024-05-29,L,17.3628,17.678,1.815,0.722,72.2,1.32,2.15,3.63,186.46,15.9738,19.0991,21.5299
2024-05-29,LDOS,17.3628,17.678,1.815,0.722,72.2,1.32,2.15,3.63,186.46,15.9738,19.0991,21.5299
2024-05-29,HPE,17.3628,17.678,1.815,0.721,72.1,1.32,2.15,3.63,186.46,15.9738,19.0991,21.5299
2024-05-29,EME,392.4117,392.8699,0.117,0.9,90.0,1.17,2.1,3.81,148.96,361.0187,431.6528,486.5904
2024-05-29,GAP,20.5784,20.6354,0.277,0.834,83.4,1.9,3.6,0.47,134.59,18.9321,22.6363,25.5172
2024-05-29,LB,17.3628,17.678,1.815,0.722,72.2,1.32,2.15,3.63,186.46,15.9738,19.0991,21.5299
2024-05-29,IT,149.49,147.22,-1.518,0.949,94.9,1.3,3.5,5.16,155.08,137.5308,164.439,185.3676
2024-05-29,CHRD1,165.3383,165.3475,0.006,0.839,83.9,1.94,1.97,1.15,128.48,152.1112,181.8721,205.0195
2024-05-29,CHRI1,165.3383,165.3475,0.006,0.839,83.9,1.94,1.97,1.15,128.48,152.1112,181.8721,205.0195
2024-05-29,IEX,146.69,147.08,0.266,0.865,86.5,1.21,2.78,6.08,147.92,134.9548,161.359,181.8956
2024-05-29,ASX,10.4197,10.4854,0.63,0.792,79.2,1.21,1.97,4.56,52.17,9.5861,11.4617,12.9204
2024-05-29,CALM,53.8017,53.9083,0.198,0.764,76.4,1.57,2.38,3.71,28.03,49.4976,59.1819,66.7142
2024-05-29,CWPE,98.11,98.47,0.367,0.709,70.9,1.41,1.88,1.47,22.35,90.2612,107.921,121.6564
2024-05-29,CWST,98.11,98.47,0.367,0.709,70.9,1.41,1.88,1.47,22.35,90.2612,107.921,121.6564
2024-05-29,AVSR,50.7228,51.0174,0.581,0.828,82.8,1.53,2.15,1.85,34.71,46.665,55.7951,62.8963
2024-05-29,AVT,50.7228,51.0174,0.581,0.828,82.8,1.53,2.15,1.85,34.71,46.665,55.7951,62.8963
2024-05-29,BDCC,94.0128,94.3019,0.307,0.755,75.5,1.18,2.13,1.94,20.61,86.4918,103.4141,116.5759
2024-05-30,IBIT,39.16,39.17,0.026,0.775,77.5,1.13,2.78,5.24,896.81,36.0272,43.076,48.5584
2024-05-30,ISRG,403.39,404.94,0.384,0.589,58.9,1.55,1.88,2.75,429.93,371.1188,443.729,500.2036
2024-05-30,MCHP,92.2354,92.3886,0.166,0.804,80.4,1.28,2.22,2.2,510.63,84.8566,101.4589,114.3719
2024-05-30,NU,12.17,12.15,-0.164,0.747,74.7,1.29,3.34,3.43,299.42,11.1964,13.387,15.0908
2024-05-30,HCA,330.7052,330.6954,-0.003,0.67,67.0,1.61,2.06,4.94,326.34,304.2488,363.7757,410.0744
2024-05-30,WDC,56.8567,56.8567,0.0,0.864,86.4,1.19,2.83,3.05,398.56,52.3082,62.5424,70.5023
2024-05-30,EBAY,51.8215,51.8312,0.019,0.687,68.7,1.11,2.14,3.39,274.34,47.6757,57.0036,64.2586
2024-05-30,AEM,66.6819,67.2198,0.807,0.929,92.9,1.67,1.88,1.0,151.95,61.3474,73.3501,82.6856
2024-05-30,GAP,21.4053,25.7492,20.293,0.806,80.6,3.33,3.65,3.86,157.11,19.6929,23.5459,26.5426
2024-05-30,CVE,19.7105,19.8924,0.923,0.864,86.4,1.16,2.04,1.13,116.36,18.1337,21.6816,24.441
2024-05-30,CFG,48.2945,48.5707,0.572,0.795,79.5,1.28,2.7,4.82,103.3,44.431,53.124,59.8852
2024-05-30,BBWI,47.8944,48.1683,0.572,0.795,79.5,1.28,2.7,4.82,102.45,44.0629,52.6838,59.3891
2024-05-30,BBXIA,47.8944,48.1683,0.572,0.795,79.5,1.28,2.7,4.82,102.45,44.0629,52.6838,59.3891
2024-05-30,BBX1,47.8944,48.1683,0.572,0.794,79.4,1.28,2.7,4.82,102.45,44.0629,52.6838,59.3891
2024-05-30,CHRD1,166.0848,166.3244,0.144,0.789,78.9,5.77,1.91,1.35,169.26,152.798,182.6933,205.9452
2024-05-30,CHRI1,166.0848,166.3244,0.144,0.789,78.9,5.77,1.91,1.35,169.26,152.798,182.6933,205.9452
2024-05-30,BNTX,98.75,99.5,0.759,0.73,73.0,3.17,3.57,5.46,86.93,90.85,108.625,122.45
2024-05-30,HUT,8.99,9.04,0.556,0.869,86.9,1.19,6.87,2.67,23.55,8.2708,9.889,11.1476
2024-05-30,OLED,172.3934,172.7464,0.205,0.581,58.1,1.26,2.23,1.05,50.88,158.6019,189.6327,213.7678
2024-05-30,CNX,25.85,25.95,0.387,0.875,87.5,1.29,1.93,6.64,57.69,23.782,28.435,32.054
2024-05-30,MLIN,57.0774,57.3321,0.446,0.827,82.7,1.32,2.19,0.07,30.18,52.5112,62.7851,70.7759
2024-05-30,AU,23.3137,23.0208,-1.257,0.839,83.9,1.32,2.66,1.43,33.62,21.4486,25.6451,28.909
2024-05-30,CALM,53.402,53.4997,0.183,0.703,70.3,2.92,2.42,2.51,30.68,49.1299,58.7422,66.2185
2024-05-30,GGAL,33.3032,33.5922,0.868,0.991,99.1,1.51,5.51,5.36,36.4,30.639,36.6336,41.296
2024-05-30,AVSR,51.8631,52.0626,0.385,0.835,83.5,1.37,1.97,3.49,34.97,47.714,57.0494,64.3102
2024-05-30,AVT,51.8631,52.0626,0.385,0.835,83.5,1.37,1.97,3.49,34.97,47.714,57.0494,64.3102
2024-05-31,NVDA,109.5771,113.5631,3.638,0.932,93.2,1.2,3.74,5.75,56197.64,100.8109,120.5348,135.8756
2024-05-31,LT-NS,3607.0408,3789.9828,5.072,0.635,63.5,1.81,2.34,5.16,12821.15,3318.4775,3967.7448,4472.7306
2024-05-31,M&M-NS,2468.2029,2535.9582,2.745,0.944,94.4,2.28,2.71,5.07,9508.01,2270.7467,2715.0232,3060.5716
2024-05-31,AMD,166.9,170.82,2.349,0.689,68.9,1.13,4.35,0.65,9504.68,153.548,183.59,206.956
2024-05-31,MSTR,152.449,160.1,5.019,0.893,89.3,1.7,7.38,4.72,1982.61,140.2531,167.6939,189.0368
2024-05-31,LLY,811.7858,815.2395,0.425,0.623,62.3,1.69,2.04,4.6,2142.92,746.843,892.9644,1006.6144
2024-05-31,TSM,147.5483,151.534,2.701,0.674,67.4,1.13,2.15,0.12,1805.95,135.7445,162.3032,182.9599
2024-05-31,QCOM,197.523,202.8568,2.7,0.924,92.4,1.28,3.03,0.46,2330.4,181.7212,217.2753,244.9286
2024-05-31,PFE,25.5236,25.5236,-0.0,0.667,66.7,1.99,2.0,1.1,1004.22,23.4817,28.076,31.6493
2024-05-31,GE,163.4182,164.3879,0.593,0.933,93.3,2.03,2.12,0.7,939.96,150.3447,179.76,202.6385
2024-05-31,ETN,327.4981,328.6297,0.346,0.801,80.1,2.24,1.92,0.11,561.32,301.2983,360.2479,406.0977
2024-05-31,VST,97.8928,98.6734,0.797,0.988,98.8,1.28,5.34,5.37,1154.34,90.0614,107.6821,121.3871
2024-05-31,CEG,215.3002,213.566,-0.806,0.887,88.7,1.93,3.99,0.71,628.29,198.0762,236.8303,266.9723
2024-05-31,NXPI,263.7547,267.1667,1.294,0.725,72.5,1.74,1.93,1.27,465.11,242.6544,290.1302,327.0559
2024-05-31,MCHP,93.0971,93.7291,0.679,0.774,77.4,1.31,2.25,2.71,524.73,85.6494,102.4068,115.4404
2024-05-31,MRNA,142.55,139.75,-1.964,0.973,97.3,1.5,5.81,3.58,682.29,131.146,156.805,176.762
2024-05-31,BAX,113.7468,114.5105,0.671,0.677,67.7,2.43,2.52,2.75,240.72,104.647,125.1214,141.046
2024-05-31,BBT,113.7468,114.5105,0.671,0.677,67.7,2.43,2.52,2.75,240.72,104.647,125.1214,141.046
2024-05-31,NU,11.88,11.885,0.042,0.632,63.2,1.22,3.45,0.58,298.22,10.9296,13.068,14.7312
2024-05-31,HCA,335.2943,332.8369,-0.733,0.619,61.9,1.96,2.1,5.88,350.66,308.4707,368.8237,415.7649
2024-05-31,WDC,56.6911,57.06,0.651,0.847,84.7,1.44,2.85,2.36,402.37,52.1558,62.3602,70.2969
2024-05-31,RCL,145.1297,145.6899,0.386,0.846,84.6,1.6,2.17,2.26,310.32,133.5194,159.6427,179.9609
2024-05-31,EBAY,52.9344,52.7685,-0.314,0.712,71.2,1.45,2.01,5.09,271.17,48.6997,58.2279,65.6387
2024-05-31,FIS,73.2164,73.255,0.053,0.733,73.3,1.63,1.89,0.49,331.76,67.3591,80.5381,90.7884
2024-05-31,EQT,40.224,41.0169,1.971,0.742,74.2,1.63,2.53,1.2,246.21,37.0061,44.2464,49.8777
2024-05-31,TER,140.0405,142.922,2.058,0.946,94.6,1.4,2.48,6.3,320.46,128.8373,154.0446,173.6503
2024-05-31,TTWO,160.36,160.25,-0.069,0.776,77.6,1.18,2.05,6.64,308.01,147.5312,176.396,198.8464
2024-05-31,PWR,275.3564,277.6815,0.844,0.818,81.8,1.83,2.51,1.99,280.47,253.3279,302.8921,341.442
2024-05-31,BKR,32.399,32.399,-0.0,0.752,75.2,2.03,1.98,2.98,179.12,29.8071,35.6389,40.1748
2024-05-31,ADM,59.0292,58.6605,-0.625,0.845,84.5,2.19,1.94,2.3,227.21,54.3069,64.9322,73.1962
2024-05-31,AEM,66.7015,67.0829,0.572,0.928,92.8,1.12,1.91,0.77,153.29,61.3654,73.3716,82.7099
2024-05-31,EME,387.1915,389.5226,0.602,0.874,87.4,7.51,2.21,1.46,223.4,356.2161,425.9106,480.1174
2024-05-31,SU,38.707,38.6312,-0.196,0.85,85.0,2.45,2.22,2.53,204.49,35.6105,42.5777,47.9967
2024-05-31,CVE,19.9307,19.969,0.192,0.859,85.9,1.19,2.03,2.18,116.3,18.3362,21.9238,24.714
2024-05-31,CFG,49.4659,49.6088,0.289,0.84,84.0,2.1,2.66,6.47,110.11,45.5087,54.4125,61.3378
2024-05-31,LYB,92.7936,92.5621,-0.25,0.915,91.5,1.66,2.04,0.55,175.18,85.3702,102.073,115.0641
2024-05-31,M,92.7936,92.5621,-0.25,0.915,91.5,1.66,2.04,0.55,175.18,85.3702,102.073,115.0641
2024-05-31,MAA,92.7936,92.5621,-0.25,0.915,91.5,1.66,2.04,0.55,175.18,85.3702,102.073,115.0641
2024-05-31,MAC,92.7936,92.5621,-0.25,0.915,91.5,1.66,2.04,0.55,175.18,85.3702,102.073,115.0641
2024-05-31,BBWI,49.0561,49.1978,0.289,0.841,84.1,2.1,2.66,6.47,109.2,45.1316,53.9617,60.8296
2024-05-31,BBXIA,49.0561,49.1978,0.289,0.841,84.1,2.1,2.66,6.47,109.2,45.1316,53.9617,60.8296
2024-05-31,BBX1,49.0561,49.1978,0.289,0.842,84.2,2.1,2.66,6.47,109.2,45.1316,53.9617,60.8296
2024-05-31,CHRD1,170.8772,172.1675,0.755,0.836,83.6,4.17,2.02,3.9,213.04,157.2071,187.965,211.8878
2024-05-31,CHRI1,170.8772,172.1675,0.755,0.836,83.6,4.17,2.02,3.9,213.04,157.2071,187.965,211.8878
2024-05-31,CHSCL,82.6493,83.032,0.463,0.883,88.3,3.51,2.34,3.6,154.45,76.0373,90.9142,102.4851
2024-05-31,OCAI,173.9786,175.833,1.066,0.881,88.1,1.95,1.98,2.27,99.71,160.0603,191.3765,215.7335
2024-05-31,IEX,147.12,146.27,-0.578,0.777,77.7,1.39,2.68,5.92,142.83,135.3504,161.832,182.4288
2024-05-31,ATHXQ,61.34,61.54,0.326,0.899,89.9,1.17,2.36,1.68,75.75,56.4328,67.474,76.0616
2024-05-31,ATI,61.34,61.54,0.326,0.899,89.9,1.17,2.36,1.68,75.75,56.4328,67.474,76.0616
2024-05-31,ATI1,61.34,61.54,0.326,0.899,89.9,1.17,2.36,1.68,75.75,56.4328,67.474,76.0616
2024-05-31,OLED,172.3051,174.1586,1.076,0.581,58.1,1.24,2.23,0.44,49.52,158.5207,189.5356,213.6583
2024-05-31,XRX,26.8947,27.0925,0.736,0.608,60.8,1.2,2.08,5.46,85.11,24.7431,29.5841,33.3494
2024-05-31,BZ,21.1016,21.2604,0.753,0.922,92.2,3.06,3.32,0.33,107.45,19.4134,23.2117,26.1659
2024-05-31,BZ2,21.1016,21.2604,0.753,0.922,92.2,3.06,3.32,0.33,107.45,19.4134,23.2117,26.1659
2024-05-31,LDO-MI,23.019,23.1264,0.467,0.81,81.0,1.18,2.82,2.85,68.38,21.1775,25.3209,28.5435
2024-05-31,AGQPF,41.29,41.52,0.557,0.977,97.7,1.28,4.65,3.32,70.97,37.9868,45.419,51.1996
2024-05-31,MLIN,57.7241,57.9103,0.323,0.855,85.5,1.28,2.19,1.02,31.08,53.1062,63.4965,71.5779
2024-05-31,COKE,96.9339,97.0287,0.098,0.887,88.7,1.23,2.64,2.62,63.77,89.1792,106.6273,120.198
2024-05-31,HL,5.8471,5.8074,-0.679,0.976,97.6,1.16,4.35,5.76,62.23,5.3794,6.4319,7.2505
2024-05-31,ATMV,30.5691,31.1043,1.751,0.954,95.4,1.56,2.5,2.39,41.66,28.1236,33.626,37.9057
2024-05-31,ATMVR,30.5691,31.1043,1.751,0.954,95.4,1.56,2.5,2.39,41.66,28.1236,33.626,37.9057
2024-05-31,ATMP,30.5691,31.1043,1.751,0.956,95.6,1.56,2.5,2.39,41.66,28.1236,33.626,37.9057
2024-05-31,PRY-MI,58.9508,58.8919,-0.1,0.94,94.0,2.35,2.23,5.08,55.72,54.2348,64.8459,73.099
2024-05-31,COLM,82.8935,83.2226,0.397,0.68,68.0,1.16,1.96,2.48,30.24,76.262,91.1828,102.7879
2024-05-31,COLV,82.8935,83.2226,0.397,0.68,68.0,1.16,1.96,2.48,30.24,76.262,91.1828,102.7879
2024-05-31,GGAL,32.3731,32.5537,0.558,0.986,98.6,1.24,5.64,1.85,36.22,29.7833,35.6104,40.1427
2024-05-31,SDZ-SW,31.4781,31.0854,-1.248,0.848,84.8,1.92,2.35,0.82,32.83,28.9599,34.626,39.0329
2024-05-31,ORAL,74.6544,74.793,0.186,0.844,84.4,1.11,2.24,5.31,31.77,68.6821,82.1199,92.5715
2024-05-31,PRIM,54.3839,54.7315,0.639,0.963,96.3,1.51,2.92,6.52,35.5,50.0331,59.8222,67.436
2024-05-31,AVSR,51.8821,52.0816,0.385,0.827,82.7,1.23,1.94,2.95,35.08,47.7315,57.0703,64.3338
2024-05-31,AVT,51.8821,52.0816,0.385,0.827,82.7,1.23,1.94,2.95,35.08,47.7315,57.0703,64.3338
2024-05-31,AGII1,36.34,36.87,1.458,0.819,81.9,1.14,3.89,5.87,29.71,33.4328,39.974,45.0616
2024-05-31,AGIL1,36.34,36.87,1.458,0.819,81.9,1.14,3.89,5.87,29.71,33.4328,39.974,45.0616
2024-05-31,AGIO,36.34,36.87,1.458,0.819,81.9,1.14,3.89,5.87,29.71,33.4328,39.974,45.0616
2024-05-31,AGL1,36.34,36.87,1.458,0.819,81.9,1.14,3.89,5.87,29.71,33.4328,39.974,45.0616
2024-05-31,IMO,67.4342,67.7615,0.485,0.753,75.3,2.27,1.93,1.67,21.29,62.0395,74.1777,83.6185
2024-05-31,BCO,101.6847,101.9014,0.213,0.896,89.6,1.22,2.21,5.91,27.75,93.55,111.8532,126.0891
2024-06-03,SPOT,313.62,312.64,-0.312,0.843,84.3,1.8,2.55,4.08,398.0,288.5304,344.982,388.8888
2024-06-03,VRTX,470.18,472.57,0.508,0.877,87.7,1.49,2.07,4.49,620.39,432.5656,517.198,583.0232
2024-06-03,BAX,114.1286,113.2571,-0.764,0.662,66.2,1.34,2.45,2.75,238.68,104.9984,125.5415,141.5195
2024-06-03,BBT,114.1286,113.2571,-0.764,0.662,66.2,1.34,2.45,2.75,238.68,104.9984,125.5415,141.5195
2024-06-03,EBAY,52.3389,52.1339,-0.392,0.685,68.5,1.19,2.02,3.49,265.88,48.1518,57.5728,64.9002
2024-06-03,EQT,40.1163,39.852,-0.659,0.778,77.8,1.12,2.62,0.82,247.37,36.907,44.1279,49.7442
2024-06-03,CTLT,229.8,229.82,0.009,0.64,64.0,1.17,2.43,2.57,239.36,211.416,252.78,284.952
2024-06-03,CTRA,229.8,229.82,0.009,0.64,64.0,1.17,2.43,2.57,239.36,211.416,252.78,284.952
2024-06-03,PSKY,12.4326,12.2869,-1.172,0.874,87.4,2.37,3.68,3.23,180.75,11.438,13.6758,15.4164
2024-06-03,CFG,49.3421,45.2089,-8.377,0.866,86.6,2.76,2.6,5.58,120.01,45.3948,54.2764,61.1842
2024-06-03,BBWI,48.9333,44.8343,-8.377,0.864,86.4,2.76,2.6,5.58,119.02,45.0187,53.8267,60.6773
2024-06-03,BBXIA,48.9333,44.8343,-8.377,0.864,86.4,2.76,2.6,5.58,119.02,45.0187,53.8267,60.6773
2024-06-03,BBX1,48.9333,44.8343,-8.377,0.865,86.5,2.76,2.6,5.58,119.02,45.0187,53.8267,60.6773
2024-06-03,OCAI,173.306,172.4028,-0.521,0.841,84.1,1.43,2.09,1.71,100.64,159.4415,190.6366,214.8994
2024-06-03,NBIX,139.92,139.0,-0.658,0.587,58.7,1.17,2.69,0.31,103.39,128.7264,153.912,173.5008
2024-06-03,LNTH,83.05,82.83,-0.265,0.947,94.7,1.25,2.78,5.02,67.22,76.406,91.355,102.982
2024-06-03,CRSR,108.6276,107.2772,-1.243,0.988,98.8,1.14,2.88,1.29,58.17,99.9374,119.4904,134.6982
2024-06-03,LDO-MI,23.5757,23.5757,0.0,0.839,83.9,1.2,2.8,4.96,71.47,21.6896,25.9332,29.2338
2024-06-03,ABG,242.73,240.51,-0.915,0.837,83.7,1.19,2.24,4.16,38.65,223.3116,267.003,300.9852
2024-06-03,GET,3.83,3.87,1.044,0.993,99.3,1.59,4.79,3.93,27.46,3.5236,4.213,4.7492
2024-06-03,GETI,3.83,3.87,1.044,0.993,99.3,1.59,4.79,3.93,27.46,3.5236,4.213,4.7492
2024-06-03,COLM,84.2101,83.6196,-0.701,0.722,72.2,1.32,1.89,3.72,31.29,77.4733,92.6312,104.4206
2024-06-03,COLV,84.2101,83.6196,-0.701,0.722,72.2,1.32,1.89,3.72,31.29,77.4733,92.6312,104.4206
2024-06-03,CWPE,98.92,98.64,-0.283,0.645,64.5,1.75,1.97,0.98,24.01,91.0064,108.812,122.6608
2024-06-03,CWST,98.92,98.64,-0.283,0.645,64.5,1.75,1.97,0.98,24.01,91.0064,108.812,122.6608
2024-06-04,M&M-NS,2533.8408,2533.8409,0.0,0.949,94.9,1.59,3.04,6.11,10153.95,2331.1336,2787.2249,3141.9626
2024-06-04,PFE,26.2628,26.3251,0.237,0.774,77.4,1.23,2.11,3.36,986.06,24.1618,28.8891,32.5659
2024-06-04,RCL,152.4806,153.0899,0.4,0.905,90.5,1.22,2.25,6.53,324.33,140.2821,167.7286,189.0759
2024-06-04,TER,138.729,141.0938,1.705,0.95,95.0,1.14,2.63,3.8,314.28,127.6306,152.6019,172.0239
2024-06-04,ADM,58.4431,58.4431,-0.0,0.83,83.0,1.28,1.97,0.83,228.52,53.7677,64.2874,72.4694
2024-06-04,CCJ,53.4117,53.7205,0.578,0.947,94.7,1.15,3.51,2.3,190.87,49.1388,58.7529,66.2305
2024-06-04,HEI,228.2148,227.7656,-0.197,0.912,91.2,1.66,1.91,6.29,97.11,209.9576,251.0363,282.9864
2024-06-04,BNTX,99.48,99.7,0.221,0.756,75.6,1.11,3.74,4.86,94.18,91.5216,109.428,123.3552
2024-06-04,IPG,42.87,42.92,0.117,0.819,81.9,1.56,2.46,6.42,52.61,39.4404,47.157,53.1588
2024-06-04,HR,83.4,83.61,0.252,0.596,59.6,2.14,2.58,5.5,54.82,76.728,91.74,103.416
2024-06-04,CNQR,97.8058,97.9245,0.121,0.727,72.7,1.72,4.03,5.65,42.16,89.9814,107.5864,121.2792
2024-06-04,CNR,97.8058,97.9245,0.121,0.727,72.7,1.72,4.03,5.65,42.16,89.9814,107.5864,121.2792
2024-06-04,CNR1,97.8058,97.9245,0.121,0.727,72.7,1.72,4.03,5.65,42.16,89.9814,107.5864,121.2792
2024-06-04,TKO,29.5271,29.6092,0.278,0.899,89.9,1.72,2.1,4.54,44.4,27.165,32.4799,36.6137
2024-06-04,TMK,29.5271,29.6092,0.278,0.899,89.9,1.72,2.1,4.54,44.4,27.165,32.4799,36.6137
2024-06-04,TMO,29.5271,29.6092,0.278,0.899,89.9,1.72,2.1,4.54,44.4,27.165,32.4799,36.6137
2024-06-04,TPL,29.5271,29.6092,0.278,0.899,89.9,1.72,2.1,4.54,44.4,27.165,32.4799,36.6137
2024-06-04,TPR,29.5271,29.6092,0.278,0.899,89.9,1.72,2.1,4.54,44.4,27.165,32.4799,36.6137
2024-06-04,COLM,82.2642,82.4287,0.2,0.672,67.2,1.11,2.0,1.09,31.0,75.683,90.4906,102.0075
2024-06-04,COLV,82.2642,82.4287,0.2,0.672,67.2,1.11,2.0,1.09,31.0,75.683,90.4906,102.0075
2024-06-04,BLACW,54.17,55.17,1.846,0.989,98.9,1.23,4.35,4.81,43.14,49.8364,59.587,67.1708
2024-06-05,AVGO,138.7708,139.633,0.621,0.802,80.2,1.11,2.67,2.73,4102.51,127.6691,152.6479,172.0758
2024-06-05,TSM,159.1537,160.7167,0.982,0.85,85.0,1.78,2.28,6.41,2072.42,146.4214,175.0691,197.3506
2024-06-05,MU,132.8344,132.9636,0.097,0.86,86.0,1.4,3.55,3.97,2120.0,122.2077,146.1179,164.7147
2024-06-05,CRWD,342.18,342.93,0.219,0.704,70.4,4.22,3.9,2.93,1299.9,314.8056,376.398,424.3032
2024-06-05,AMAT,220.2153,218.5393,-0.761,0.835,83.5,1.35,2.74,2.52,1290.04,202.5981,242.2368,273.067
2024-06-05,LRCX,95.5257,94.5721,-0.998,0.739,73.9,1.2,2.85,1.94,924.37,87.8836,105.0783,118.4519
2024-06-05,KLAC,774.7465,770.1669,-0.591,0.89,89.0,1.19,2.76,2.03,614.58,712.7667,852.2211,960.6856
2024-06-05,ADI,229.2565,228.1281,-0.492,0.87,87.0,1.11,2.1,6.37,829.96,210.916,252.1821,284.278
2024-06-05,ISRG,417.24,413.92,-0.796,0.756,75.6,1.91,2.03,4.95,486.63,383.8608,458.964,517.3776
2024-06-05,MPWR,747.6493,747.215,-0.058,0.641,64.1,1.17,2.96,2.97,318.22,687.8373,822.4142,927.0851
2024-06-05,STX,92.8167,92.4612,-0.383,0.667,66.7,1.21,2.73,2.34,226.77,85.3913,102.0983,115.0926
2024-06-05,CLS,56.37,56.37,0.0,0.938,93.8,1.15,4.09,5.67,131.55,51.8604,62.007,69.8988
2024-06-05,FRPT,131.49,131.42,-0.053,0.897,89.7,1.29,2.52,3.39,72.48,120.9708,144.639,163.0476
2024-06-05,MMYT,81.49,81.42,-0.086,0.945,94.5,1.17,5.46,3.57,69.66,74.9708,89.639,101.0476
2024-06-05,COKE,98.6887,98.2125,-0.483,0.886,88.6,1.22,2.26,3.14,60.5,90.7936,108.5576,122.374
2024-06-05,CVLL,113.05,112.96,-0.08,0.833,83.3,2.06,2.19,2.55,39.61,104.006,124.355,140.182
2024-06-05,TKO,29.9376,29.9285,-0.03,0.901,90.1,1.3,2.14,5.37,45.2,27.5426,32.9314,37.1227
2024-06-05,TMK,29.9376,29.9285,-0.03,0.901,90.1,1.3,2.14,5.37,45.2,27.5426,32.9314,37.1227
2024-06-05,TMO,29.9376,29.9285,-0.03,0.901,90.1,1.3,2.14,5.37,45.2,27.5426,32.9314,37.1227
2024-06-05,TPL,29.9376,29.9285,-0.03,0.901,90.1,1.3,2.14,5.37,45.2,27.5426,32.9314,37.1227
2024-06-05,TPR,29.9376,29.9285,-0.03,0.901,90.1,1.3,2.14,5.37,45.2,27.5426,32.9314,37.1227
2024-06-05,CIFR,4.04,4.11,1.733,0.934,93.4,1.11,8.23,3.74,23.76,3.7168,4.444,5.0096
2024-06-05,ORAL,74.8326,74.1495,-0.913,0.778,77.8,1.72,2.19,3.82,32.99,68.846,82.3159,92.7925
2024-06-05,CWPE,98.33,98.37,0.041,0.629,62.9,1.33,2.06,0.06,25.42,90.4636,108.163,121.9292
2024-06-05,CWST,98.33,98.37,0.041,0.629,62.9,1.33,2.06,0.06,25.42,90.4636,108.163,121.9292
2024-06-06,NVDA,120.9363,119.7089,-1.015,0.978,97.8,1.19,4.2,6.7,67813.33,111.2614,133.0299,149.961
2024-06-06,HAL-NS,4566.8638,4566.9126,0.001,0.965,96.5,1.63,6.05,0.73,25547.54,4201.5147,5023.5501,5662.9111
2024-06-06,TSM,158.3234,159.7887,0.926,0.814,81.4,1.12,2.29,5.22,2098.15,145.6575,174.1557,196.321
2024-06-06,SMH,250.5167,250.348,-0.067,0.776,77.6,1.39,2.0,6.25,1770.65,230.4754,275.5684,310.6407
2024-06-06,CRWD,340.49,343.0,0.737,0.597,59.7,1.19,3.93,2.01,1337.92,313.2508,374.539,422.2076
2024-06-06,MARA,20.8,20.77,-0.144,0.582,58.2,1.22,9.04,3.96,983.29,19.136,22.88,25.792
2024-06-06,PYPL,66.8654,66.3466,-0.776,0.592,59.2,1.95,2.16,6.5,756.58,61.5162,73.552,82.9131
2024-06-06,ISRG,418.15,418.13,-0.005,0.703,70.3,1.45,2.12,4.68,500.76,384.698,459.965,518.506
2024-06-06,UAL,53.3,52.72,-1.088,0.938,93.8,1.29,2.75,0.45,357.92,49.036,58.63,66.092
2024-06-06,NEM,41.2594,39.5896,-4.047,0.937,93.7,1.2,2.29,0.74,342.37,37.9587,45.3854,51.1617
2024-06-06,FRPT,128.53,127.75,-0.607,0.859,85.9,1.17,2.56,0.69,69.82,118.2476,141.383,159.3772
2024-06-06,COKE,100.5878,100.5196,-0.068,0.92,92.0,1.14,2.1,4.73,59.24,92.5408,110.6466,124.7288
2024-06-06,GFI,15.7541,15.1042,-4.126,0.763,76.3,1.19,2.86,0.31,39.11,14.4938,17.3296,19.5351
2024-06-06,CVLL,115.67,115.67,0.0,0.862,86.2,1.77,2.4,4.61,42.51,106.4164,127.237,143.4308
2024-06-06,TKO,29.5271,29.3812,-0.494,0.912,91.2,1.42,2.17,3.41,45.46,27.165,32.4799,36.6137
2024-06-06,TMK,29.5271,29.3812,-0.494,0.912,91.2,1.42,2.17,3.41,45.46,27.165,32.4799,36.6137
2024-06-06,TMO,29.5271,29.3812,-0.494,0.912,91.2,1.42,2.17,3.41,45.46,27.165,32.4799,36.6137
2024-06-06,TPL,29.5271,29.3812,-0.494,0.912,91.2,1.42,2.17,3.41,45.46,27.165,32.4799,36.6137
2024-06-06,TPR,29.5271,29.3812,-0.494,0.912,91.2,1.42,2.17,3.41,45.46,27.165,32.4799,36.6137
2024-06-06,CIFR,4.11,4.11,0.0,0.948,94.8,1.91,8.21,5.09,25.73,3.7812,4.521,5.0964
2024-06-06,AGI,16.8169,16.3001,-3.073,0.922,92.2,1.11,2.47,2.42,35.05,15.4715,18.4986,20.8529
2024-06-06,ORAL,74.4564,73.1098,-1.809,0.84,84.0,1.26,2.11,2.81,33.64,68.4999,81.902,92.3259
2024-06-06,CARI,25.17,25.27,0.397,0.751,75.1,1.63,2.91,5.07,22.65,23.1564,27.687,31.2108
2024-06-07,CRWD,349.12,367.1,5.15,0.662,66.2,1.25,3.97,4.11,1423.12,321.1904,384.032,432.9088
2024-06-07,PYPL,67.1448,66.8155,-0.49,0.659,65.9,1.14,2.24,5.98,777.61,61.7732,73.8593,83.2595
2024-06-07,SPOT,308.21,309.46,0.406,0.906,90.6,1.51,2.87,0.87,437.27,283.5532,339.031,382.1804
2024-06-07,GME,28.22,28.97,2.658,0.991,99.1,2.92,25.07,4.25,2697.35,25.9624,31.042,34.9928
2024-06-07,ALNY,152.78,151.93,-0.556,0.601,60.1,1.4,2.55,2.06,94.26,140.5576,168.058,189.4472
2024-06-07,AMCCF,4.91,4.93,0.407,0.83,83.0,1.15,19.66,1.46,669.98,4.5172,5.401,6.0884
2024-06-07,IEX,143.18,142.31,-0.608,0.623,62.3,1.13,2.2,1.69,121.31,131.7256,157.498,177.5432
2024-06-07,EAXR,68.96,68.32,-0.928,0.968,96.8,1.51,2.93,3.89,92.36,63.4432,75.856,85.5104
2024-06-07,EB,68.96,68.32,-0.928,0.968,96.8,1.51,2.93,3.89,92.36,63.4432,75.856,85.5104
2024-06-07,EBBGF,68.96,68.32,-0.928,0.968,96.8,1.51,2.93,3.89,92.36,63.4432,75.856,85.5104
2024-06-07,EBBNF,68.96,68.32,-0.928,0.968,96.8,1.51,2.93,3.89,92.36,63.4432,75.856,85.5104
2024-06-07,HUT,9.68,9.61,-0.723,0.934,93.4,1.26,7.57,5.96,33.2,8.9056,10.648,12.0032
2024-06-07,OLED,179.4935,177.7871,-0.951,0.831,83.1,1.67,1.98,3.69,45.05,165.134,197.4428,222.5719
2024-06-07,ARMK,32.605,32.5854,-0.06,0.581,58.1,1.17,2.06,2.18,78.86,29.9966,35.8655,40.4302
2024-06-07,CNX,25.38,25.34,-0.158,0.878,87.8,1.5,1.95,1.92,60.09,23.3496,27.918,31.4712
2024-06-07,CVLL,114.72,113.94,-0.68,0.86,86.0,1.18,2.38,3.58,43.25,105.5424,126.192,142.2528
2024-06-07,CIFR,4.03,3.99,-0.993,0.896,89.6,1.81,8.57,2.94,26.77,3.7076,4.433,4.9972
2024-06-10,LRCX,98.6076,98.2114,-0.402,0.715,71.5,1.12,2.88,4.86,931.9,90.719,108.4683,122.2734
2024-06-10,GM,46.8595,47.5392,1.451,0.897,89.7,1.4,1.96,6.1,622.84,43.1108,51.5455,58.1058
2024-06-10,KKR,108.0303,107.5345,-0.459,0.795,79.5,4.51,3.14,4.95,488.35,99.3879,118.8333,133.9576
2024-06-10,MRNA,148.59,148.3,-0.195,0.968,96.8,1.22,6.17,1.61,729.2,136.7028,163.449,184.2516
2024-06-10,BAX,116.3025,115.9304,-0.32,0.716,71.6,2.06,2.87,4.06,265.73,106.9983,127.9328,144.2151
2024-06-10,BBT,116.3025,115.9304,-0.32,0.716,71.6,2.06,2.87,4.06,265.73,106.9983,127.9328,144.2151
2024-06-10,HCA,336.7845,335.4423,-0.399,0.634,63.4,1.16,2.1,4.29,340.72,309.8417,370.4629,417.6127
2024-06-10,WDC,58.0539,58.0314,-0.039,0.929,92.9,1.13,2.94,3.25,412.42,53.4096,63.8593,71.9869
2024-06-10,DPZ,513.2061,513.2061,-0.0,0.874,87.4,1.2,1.92,2.62,218.95,472.1496,564.5267,636.3756
2024-06-10,DQ,513.2061,513.2061,-0.0,0.874,87.4,1.2,1.92,2.62,218.95,472.1496,564.5267,636.3756
2024-06-10,EQT,40.2631,40.1359,-0.316,0.91,91.0,1.2,2.57,0.74,247.35,37.0421,44.2895,49.9263
2024-06-10,EXR,138.9577,137.9187,-0.748,0.637,63.7,1.47,2.04,2.08,111.83,127.8411,152.8535,172.3076
2024-06-10,NTRA,111.66,111.4,-0.233,0.936,93.6,1.37,2.9,3.18,111.47,102.7272,122.826,138.4584
2024-06-10,BJ,89.21,89.18,-0.034,0.897,89.7,1.19,2.59,6.41,165.55,82.0732,98.131,110.6204
2024-06-10,BJCT,89.21,89.18,-0.034,0.897,89.7,1.19,2.59,6.41,165.55,82.0732,98.131,110.6204
2024-06-10,EAXR,67.38,67.09,-0.43,0.964,96.4,1.76,2.97,0.86,95.57,61.9896,74.118,83.5512
2024-06-10,EB,67.38,67.09,-0.43,0.964,96.4,1.76,2.97,0.86,95.57,61.9896,74.118,83.5512
2024-06-10,EBBGF,67.38,67.09,-0.43,0.964,96.4,1.76,2.97,0.86,95.57,61.9896,74.118,83.5512
2024-06-10,EBBNF,67.38,67.09,-0.43,0.964,96.4,1.76,2.97,0.86,95.57,61.9896,74.118,83.5512
2024-06-10,HEI,224.3314,223.393,-0.418,0.892,89.2,1.11,1.97,3.2,96.97,206.3849,246.7645,278.1709
2024-06-10,OLED,182.4453,182.1315,-0.172,0.841,84.1,1.12,1.97,4.95,44.37,167.8497,200.6898,226.2321
2024-06-10,ARMK,33.1149,32.5854,-1.599,0.68,68.0,1.16,2.02,3.71,79.29,30.4657,36.4264,41.0625
2024-06-10,FRPT,129.93,129.93,0.0,0.877,87.7,1.12,2.57,1.08,71.61,119.5356,142.923,161.1132
2024-06-10,LDO-MI,23.8296,23.9077,0.328,0.866,86.6,1.3,2.44,3.96,60.32,21.9232,26.2125,29.5487
2024-06-10,ITRI,108.6,107.87,-0.672,0.921,92.1,1.36,2.1,0.65,36.16,99.912,119.46,134.664
2024-06-10,PAA,15.249,15.249,0.0,0.643,64.3,1.14,1.92,0.54,32.37,14.0291,16.7739,18.9087
2024-06-10,CIFR,4.18,3.98,-4.785,0.948,94.8,1.41,8.54,6.15,28.63,3.8456,4.598,5.1832
2024-06-10,AMLJ,32.99,32.8838,-0.322,0.725,72.5,1.5,3.03,3.92,25.58,30.3508,36.289,40.9077
2024-06-10,AMLN,32.99,32.8838,-0.322,0.725,72.5,1.5,3.03,3.92,25.58,30.3508,36.289,40.9077
2024-06-10,AMKR,32.9269,32.8209,-0.322,0.724,72.4,1.5,3.03,3.92,25.53,30.2928,36.2196,40.8294
2024-06-10,CORSQ,31.93,31.66,-0.846,0.956,95.6,1.54,4.91,5.88,35.76,29.3756,35.123,39.5932
2024-06-10,CORT,31.93,31.66,-0.846,0.956,95.6,1.54,4.91,5.88,35.76,29.3756,35.123,39.5932
2024-06-10,GLNCY,26.4933,26.5984,0.397,0.872,87.2,1.83,2.77,5.5,27.78,24.3739,29.1427,32.8517
2024-06-10,GLNG,26.4933,26.5984,0.397,0.872,87.2,1.83,2.77,5.5,27.78,24.3739,29.1427,32.8517
2024-06-10,PRIM,52.7253,52.6062,-0.226,0.949,94.9,1.15,2.77,0.58,28.39,48.5073,57.9979,65.3794
2024-06-10,BEPC,29.1909,28.9043,-0.982,0.952,95.2,1.4,2.78,1.15,22.79,26.8556,32.11,36.1967
2024-06-10,BEPH,29.1909,28.9043,-0.982,0.952,95.2,1.4,2.78,1.15,22.79,26.8556,32.11,36.1967
2024-06-10,BEPI,29.1909,28.9043,-0.982,0.952,95.2,1.4,2.78,1.15,22.79,26.8556,32.11,36.1967
2024-06-10,EXTR,11.86,11.79,-0.59,0.598,59.8,1.43,3.35,4.69,21.69,10.9112,13.046,14.7064
2024-06-11,AAPL,205.7525,205.7785,0.013,0.894,89.4,2.49,1.89,6.3,14268.8,189.2923,226.3278,255.1332
2024-06-11,AVGO,143.4787,147.3057,2.667,0.761,76.1,1.13,2.88,5.42,4417.12,132.0004,157.8266,177.9136
2024-06-11,LLY,856.7916,862.9072,0.714,0.835,83.5,1.58,2.08,6.47,2225.02,788.2483,942.4708,1062.4216
2024-06-11,SPOT,310.0,311.0,0.323,0.912,91.2,1.21,2.87,0.88,463.28,285.2,341.0,384.4
2024-06-11,KKR,109.2797,112.7402,3.167,0.823,82.3,1.77,3.06,5.65,513.47,100.5373,120.2076,135.5068
2024-06-11,BAX,114.2853,116.3809,1.834,0.674,67.4,1.19,2.86,1.92,266.93,105.1425,125.7138,141.7138
2024-06-11,BBT,114.2853,116.3809,1.834,0.674,67.4,1.19,2.86,1.92,266.93,105.1425,125.7138,141.7138
2024-06-11,EQT,40.3023,40.782,1.19,0.928,92.8,1.42,2.54,0.67,253.33,37.0781,44.3325,49.9749
2024-06-11,STX,97.6593,99.0621,1.436,0.889,88.9,1.12,2.92,6.3,242.36,89.8465,107.4252,121.0975
2024-06-11,ALNY,156.43,159.54,1.988,0.643,64.3,1.14,2.56,4.16,98.58,143.9156,172.073,193.9732
2024-06-11,EXR,140.3493,143.791,2.452,0.745,74.5,1.22,2.1,2.98,115.72,129.1213,154.3842,174.0331
2024-06-11,TEVA,17.34,17.5,0.923,0.946,94.6,1.19,2.76,3.45,160.41,15.9528,19.074,21.5016
2024-06-11,HUT,9.93,10.24,3.122,0.951,95.1,1.34,7.87,6.41,36.58,9.1356,10.923,12.3132
2024-06-11,AVATQ,211.35,214.38,1.434,0.967,96.7,2.02,2.47,5.86,52.22,194.442,232.485,262.074
2024-06-11,ARRT,13.14,13.93,6.012,0.803,80.3,1.94,6.93,1.24,75.45,12.0888,14.454,16.2936
2024-06-11,ARRY,13.14,13.93,6.012,0.803,80.3,1.94,6.93,1.24,75.45,12.0888,14.454,16.2936
2024-06-11,ARRY1,13.14,13.93,6.012,0.803,80.3,1.94,6.93,1.24,75.45,12.0888,14.454,16.2936
2024-06-11,ARS,13.14,13.93,6.012,0.803,80.3,1.94,6.93,1.24,75.45,12.0888,14.454,16.2936
2024-06-11,CHDN,135.2101,136.6205,1.043,0.848,84.8,1.29,2.08,2.1,60.86,124.3933,148.7312,167.6606
2024-06-11,COKE,102.3653,102.2655,-0.097,0.93,93.0,1.25,2.24,5.39,63.01,94.1761,112.6018,126.933
2024-06-11,CIFR,4.195,4.32,2.98,0.888,88.8,1.3,8.71,5.89,30.08,3.8594,4.6145,5.2018
2024-06-12,CVNA,111.07,111.01,-0.054,0.956,95.6,2.24,5.29,2.21,396.2,102.1844,122.177,137.7268
2024-06-12,CDNS,311.7,312.59,0.286,0.796,79.6,1.27,2.32,5.91,523.54,286.764,342.87,386.508
2024-06-12,ZBH,76.22,74.17,-2.69,0.585,58.5,1.24,3.12,3.98,411.05,70.1224,83.842,94.5128
2024-06-12,ZBRA,76.22,74.17,-2.69,0.585,58.5,1.24,3.12,3.98,411.05,70.1224,83.842,94.5128
2024-06-12,ZION,76.22,74.17,-2.69,0.585,58.5,1.24,3.12,3.98,411.05,70.1224,83.842,94.5128
2024-06-12,KKR,110.5489,110.3803,-0.152,0.858,85.8,1.39,3.09,6.42,533.98,101.705,121.6038,137.0806
2024-06-12,UAL,52.93,52.86,-0.132,0.898,89.8,1.15,2.86,0.12,350.28,48.6956,58.223,65.6332
2024-06-12,BAX,115.9206,115.5681,-0.304,0.698,69.8,1.18,2.86,3.02,278.43,106.647,127.5127,143.7416
2024-06-12,BBT,115.9206,115.5681,-0.304,0.698,69.8,1.18,2.86,3.02,278.43,106.647,127.5127,143.7416
2024-06-12,TT,328.2683,328.6044,0.102,0.811,81.1,1.93,2.23,1.73,364.19,302.0068,361.0951,407.0527
2024-06-12,CARR,62.9011,62.7643,-0.217,0.796,79.6,1.12,2.12,0.72,215.66,57.869,69.1912,77.9974
2024-06-12,TER,147.91,144.5118,-2.297,0.965,96.5,1.18,2.86,5.66,322.0,136.0772,162.701,183.4084
2024-06-12,TTWO,159.67,158.64,-0.645,0.757,75.7,1.57,2.36,1.55,349.01,146.8964,175.637,197.9908
2024-06-12,EXR,143.5776,144.1806,0.42,0.782,78.2,1.8,2.15,5.13,124.42,132.0914,157.9354,178.0362
2024-06-12,RKLB,4.64,4.695,1.185,0.837,83.7,1.35,4.42,6.23,26.95,4.2688,5.104,5.7536
2024-06-12,ALLY,38.0792,37.9076,-0.451,0.654,65.4,1.62,2.24,2.55,82.2,35.0329,41.8871,47.2182
2024-06-12,MEDP,403.74,404.46,0.178,0.589,58.9,1.23,2.24,2.08,66.31,371.4408,444.114,500.6376
2024-06-12,MEDP1,403.74,404.46,0.178,0.589,58.9,1.23,2.24,2.08,66.31,371.4408,444.114,500.6376
2024-06-12,EAXR,68.19,67.65,-0.792,0.961,96.1,1.13,2.89,1.19,97.89,62.7348,75.009,84.5556
2024-06-12,EB,68.19,67.65,-0.792,0.961,96.1,1.13,2.89,1.19,97.89,62.7348,75.009,84.5556
2024-06-12,EBBGF,68.19,67.65,-0.792,0.961,96.1,1.13,2.89,1.19,97.89,62.7348,75.009,84.5556
2024-06-12,EBBNF,68.19,67.65,-0.792,0.961,96.1,1.13,2.89,1.19,97.89,62.7348,75.009,84.5556
2024-06-12,MKSI,134.3516,132.9599,-1.036,0.799,79.9,2.14,3.42,5.13,128.34,123.6035,147.7868,166.596
2024-06-12,CNX,26.04,25.92,-0.461,0.913,91.3,1.21,1.97,3.05,61.29,23.9568,28.644,32.2896
2024-06-12,JLL,204.24,202.63,-0.788,0.77,77.0,1.59,2.07,2.01,51.55,187.9008,224.664,253.2576
2024-06-12,JLMI,204.24,202.63,-0.788,0.77,77.0,1.59,2.07,2.01,51.55,187.9008,224.664,253.2576
2024-06-12,APPHQ,240.07,239.75,-0.133,0.714,71.4,1.18,2.83,2.25,49.8,220.8644,264.077,297.6868
2024-06-12,COKE,101.1974,101.1786,-0.019,0.911,91.1,1.4,2.35,3.82,65.15,93.1016,111.3171,125.4848
2024-06-12,ITRI,108.22,108.22,0.0,0.915,91.5,1.13,2.2,0.25,36.01,99.5624,119.042,134.1928
2024-06-12,COLD,17.4095,17.3185,-0.523,0.71,71.0,1.79,2.41,0.2,33.3,16.0167,19.1504,21.5878
2024-06-12,RKT,14.0905,14.1473,0.403,0.896,89.6,2.02,3.8,4.88,28.64,12.9633,15.4996,17.4723
2024-06-12,AURA,2.53,2.54,0.395,0.602,60.2,1.35,7.12,2.33,24.07,2.3276,2.783,3.1372
2024-06-12,BTC1,2.74,2.82,2.92,0.932,93.2,1.35,8.69,6.66,20.9,2.5208,3.014,3.3976
2024-06-12,BTCM,2.74,2.82,2.92,0.932,93.2,1.35,8.69,6.66,20.9,2.5208,3.014,3.3976
2024-06-12,GVA,61.7779,61.5107,-0.432,0.833,83.3,1.39,2.25,1.68,29.63,56.8356,67.9556,76.6045
2024-06-12,CAKE,38.7747,38.3897,-0.993,0.805,80.5,1.11,2.4,4.46,42.02,35.6727,42.6521,48.0806
2024-06-12,CAKR,38.7747,38.3897,-0.993,0.805,80.5,1.11,2.4,4.46,42.02,35.6727,42.6521,48.0806
2024-06-12,ADSW,7.1049,7.1193,0.202,0.819,81.9,1.36,2.06,2.96,28.11,6.5365,7.8154,8.81
2024-06-12,ADT,7.1049,7.1193,0.202,0.819,81.9,1.36,2.06,2.96,28.11,6.5365,7.8154,8.81
2024-06-12,ORAL,74.694,74.2287,-0.623,0.87,87.0,1.21,1.92,2.09,31.73,68.7185,82.1634,92.6206
2024-06-12,PRIM,53.6489,53.8078,0.296,0.953,95.3,1.38,2.7,1.61,28.82,49.357,59.0138,66.5247
2024-06-12,MODG,15.78,15.8,0.127,0.802,80.2,1.26,2.18,3.5,26.78,14.5176,17.358,19.5672
2024-06-12,BDCC,96.6246,96.3852,-0.248,0.773,77.3,1.36,2.07,1.79,20.75,88.8946,106.287,119.8145
2024-06-12,BCO,99.4588,99.0254,-0.436,0.869,86.9,1.77,1.9,0.25,24.07,91.5021,109.4046,123.3289
2024-06-12,CHPT,36.2,37.2,2.762,0.632,63.2,1.57,6.84,2.46,21.87,33.304,39.82,44.888
2024-06-13,AMZN,183.83,183.08,-0.408,0.583,58.3,1.16,1.93,0.47,6320.34,169.1236,202.213,227.9492
2024-06-13,MRVL,72.4702,71.794,-0.933,0.787,78.7,1.4,3.95,0.89,907.47,66.6726,79.7172,89.863
2024-06-13,CMG,65.3052,65.3998,0.145,0.86,86.0,1.8,1.92,3.67,881.54,60.0808,71.8357,80.9784
2024-06-13,GM,46.9383,46.4359,-1.07,0.84,84.0,1.37,2.03,5.18,668.68,43.1833,51.6322,58.2035
2024-06-13,KKR,108.4369,107.2866,-1.061,0.828,82.8,1.32,2.95,4.3,534.6,99.7619,119.2805,134.4617
2024-06-13,WDC,59.9213,58.8521,-1.784,0.95,95.0,1.3,2.82,5.5,415.59,55.1276,65.9134,74.3024
2024-06-13,TT,329.6916,326.9044,-0.845,0.816,81.6,1.16,2.3,2.14,372.3,303.3163,362.6608,408.8176
2024-06-13,RMD,209.065,207.677,-0.664,0.757,75.7,1.11,2.11,0.02,171.27,192.3398,229.9716,259.2407
2024-06-13,MTDR,1474.4399,1464.86,-0.65,0.808,80.8,1.22,2.02,1.03,216.46,1356.4847,1621.8839,1828.3055
2024-06-13,UHS,1474.4399,1464.86,-0.65,0.808,80.8,1.22,2.02,1.03,216.46,1356.4847,1621.8839,1828.3055
2024-06-13,ULTA,1474.4399,1464.86,-0.65,0.808,80.8,1.22,2.02,1.03,216.46,1356.4847,1621.8839,1828.3055
2024-06-13,UNM,1474.4399,1464.86,-0.65,0.808,80.8,1.22,2.02,1.03,216.46,1356.4847,1621.8839,1828.3055
2024-06-13,UTX,1474.4399,1464.86,-0.65,0.808,80.8,1.22,2.02,1.03,216.46,1356.4847,1621.8839,1828.3055
2024-06-13,TEVA,17.4,17.33,-0.402,0.938,93.8,1.26,2.83,3.57,155.55,16.008,19.14,21.576
2024-06-13,ALLY,37.9171,37.3546,-1.484,0.666,66.6,1.21,2.19,2.29,81.42,34.8837,41.7088,47.0172
2024-06-13,BIKR1,15.5,14.68,-5.29,0.944,94.4,1.51,4.34,4.66,101.95,14.26,17.05,19.22
2024-06-13,BILI,15.5,14.68,-5.29,0.944,94.4,1.51,4.34,4.66,101.95,14.26,17.05,19.22
2024-06-13,IPG,44.35,43.78,-1.285,0.802,80.2,1.22,2.68,4.77,64.0,40.802,48.785,54.994
2024-06-13,AVATQ,215.51,213.1,-1.118,0.97,97.0,1.31,2.42,6.72,53.71,198.2692,237.061,267.2324
2024-06-13,CHDN,138.3786,137.2363,-0.825,0.878,87.8,1.22,2.05,4.11,62.46,127.3083,152.2165,171.5895
2024-06-13,HEI-A,178.5271,178.4174,-0.061,0.865,86.5,1.15,1.9,1.9,47.0,164.245,196.3799,221.3737
2024-06-13,GGAL,32.0799,31.5696,-1.591,0.968,96.8,2.23,6.17,3.78,36.15,29.5135,35.2879,39.7791
2024-06-13,SDZ-SW,31.596,31.6549,0.186,0.831,83.1,1.28,2.09,1.01,29.62,29.0683,34.7556,39.179
2024-06-13,CUKPF,14.8209,14.4924,-2.216,0.58,58.0,1.15,2.92,3.41,23.76,13.6352,16.303,18.3779
2024-06-13,BDCC,97.5421,96.2256,-1.35,0.772,77.2,1.87,2.05,2.61,21.95,89.7388,107.2963,120.9522
2024-06-14,HAL-NS,5089.4019,5343.4041,4.991,0.988,98.8,1.11,5.63,6.4,29013.59,4682.2497,5598.342,6310.8583
2024-06-14,NFLX,66.938,66.911,-0.04,0.904,90.4,1.78,2.2,3.44,1673.08,61.583,73.6318,83.0031
2024-06-14,SPOT,313.02,312.67,-0.112,0.914,91.4,1.32,3.05,1.15,484.61,287.9784,344.322,388.1448
2024-06-14,CARR,62.8718,62.5591,-0.497,0.818,81.8,1.31,2.21,0.87,210.68,57.842,69.159,77.961
2024-06-14,TEVA,17.16,17.22,0.35,0.95,95.0,1.13,2.7,1.88,147.46,15.7872,18.876,21.2784
2024-06-14,ARGX,387.0,385.88,-0.289,0.772,77.2,1.11,2.42,3.6,103.67,356.04,425.7,479.88
2024-06-14,RBA,79.0379,78.6921,-0.438,0.7,70.0,1.5,2.19,6.08,98.48,72.7149,86.9417,98.007
2024-06-14,CDE,5.74,5.61,-2.265,0.991,99.1,1.3,5.48,2.21,42.19,5.2808,6.314,7.1176
2024-06-14,AMLJ,33.6661,33.724,0.172,0.822,82.2,1.11,3.16,4.9,28.3,30.9728,37.0327,41.7459
2024-06-14,AMLN,33.6661,33.724,0.172,0.822,82.2,1.11,3.16,4.9,28.3,30.9728,37.0327,41.7459
2024-06-14,AMKR,33.6017,33.6595,0.172,0.824,82.4,1.11,3.16,4.9,28.24,30.9135,36.9618,41.6661
2024-06-14,VMI,268.7078,266.4596,-0.837,0.944,94.4,1.41,1.96,5.98,46.06,247.2112,295.5786,333.1977
2024-06-17,TSLA,187.44,186.56,-0.469,0.684,68.4,1.44,4.08,5.61,14261.87,172.4448,206.184,232.4256
2024-06-17,NFLX,67.583,67.563,-0.03,0.89,89.0,1.38,2.15,3.76,1777.58,62.1764,74.3413,83.8029
2024-06-17,QCOM,215.1118,219.5647,2.07,0.94,94.0,1.44,2.56,4.77,1815.17,197.9029,236.623,266.7387
2024-06-17,GE,161.5281,161.6963,0.104,0.883,88.3,1.65,2.6,0.69,938.04,148.6058,177.6809,200.2948
2024-06-17,CMG,67.3092,68.7,2.066,0.882,88.2,1.51,1.93,6.38,945.11,61.9245,74.0401,83.4634
2024-06-17,SNPS,612.72,611.41,-0.214,0.868,86.8,1.53,2.45,5.07,481.29,563.7024,673.992,759.7728
2024-06-17,CDNS,322.08,320.39,-0.525,0.87,87.0,1.48,2.52,6.5,488.84,296.3136,354.288,399.3792
2024-06-17,FTNT,60.9,60.88,-0.033,0.683,68.3,1.28,2.07,1.47,237.78,56.028,66.99,75.516
2024-06-17,PINS,43.83,43.55,-0.639,0.952,95.2,1.3,2.39,3.5,316.7,40.3236,48.213,54.3492
2024-06-17,CARR,63.6241,63.1454,-0.752,0.799,79.9,1.58,2.29,2.08,223.21,58.5342,69.9865,78.8939
2024-06-17,TER,143.8163,146.3699,1.776,0.957,95.7,1.21,2.83,1.21,292.0,132.311,158.1979,178.3322
2024-06-17,ONON,41.63,41.48,-0.36,0.893,89.3,1.38,3.76,0.7,187.29,38.2996,45.793,51.6212
2024-06-17,ALNY,157.3,157.3,0.0,0.765,76.5,1.26,2.54,3.34,97.35,144.716,173.03,195.052
2024-06-17,EXR,145.1912,145.3505,0.11,0.809,80.9,1.39,2.3,5.67,137.49,133.5759,159.7103,180.0371
2024-06-17,TXRH,167.8456,167.8162,-0.017,0.85,85.0,1.14,1.9,1.45,116.5,154.4179,184.6301,208.1285
2024-06-17,CPB,41.6757,41.62,-0.134,0.717,71.7,1.11,2.04,1.5,127.52,38.3417,45.8433,51.6779
2024-06-17,EAXR,68.52,68.24,-0.409,0.983,98.3,1.15,2.94,0.44,99.19,63.0384,75.372,84.9648
2024-06-17,EB,68.52,68.24,-0.409,0.983,98.3,1.15,2.94,0.44,99.19,63.0384,75.372,84.9648
2024-06-17,EBBGF,68.52,68.24,-0.409,0.983,98.3,1.15,2.94,0.44,99.19,63.0384,75.372,84.9648
2024-06-17,EBBNF,68.52,68.24,-0.409,0.983,98.3,1.15,2.94,0.44,99.19,63.0384,75.372,84.9648
2024-06-17,RBA,79.4529,79.6801,0.286,0.715,71.5,1.69,2.23,6.23,105.28,73.0966,87.3982,98.5216
2024-06-17,EVR,196.1705,196.9933,0.419,0.675,67.5,1.24,2.03,0.71,50.23,180.4769,215.7876,243.2514
2024-06-17,CLH,226.1,225.75,-0.155,0.881,88.1,1.37,2.09,4.31,60.08,208.012,248.71,280.364
2024-06-17,AVATQ,215.11,215.82,0.33,0.979,97.9,2.51,2.55,5.38,58.62,197.9012,236.621,266.7364
2024-06-17,GMED,66.68,66.23,-0.675,0.952,95.2,1.31,2.02,0.81,56.42,61.3456,73.348,82.6832
2024-06-17,CLGX,226.1,225.75,-0.155,0.881,88.1,1.37,2.09,4.31,60.08,208.012,248.71,280.364
2024-06-17,LEG,49.5789,49.799,0.444,0.777,77.7,1.16,2.48,2.08,48.31,45.6126,54.5368,61.4778
2024-06-17,VMI,268.2148,268.2148,-0.0,0.938,93.8,1.72,1.95,5.5,48.21,246.7576,295.0363,332.5864
2024-06-17,PRMB,21.4293,21.5327,0.483,0.946,94.6,5.21,2.6,1.3,29.72,19.7149,23.5722,26.5723
2024-06-17,BDCC,96.096,96.4949,0.415,0.699,69.9,1.17,2.11,0.86,22.5,88.4083,105.7056,119.159
2024-06-18,NFLX,68.567,68.18,-0.564,0.858,85.8,1.12,2.19,4.4,1799.05,63.0816,75.4237,85.0231
2024-06-18,QCOM,219.826,217.0285,-1.273,0.933,93.3,2.21,2.54,5.94,2193.66,202.24,241.8087,272.5843
2024-06-18,DELL,144.8286,152.0919,5.015,0.959,95.9,1.53,5.57,3.22,3171.06,133.2423,159.3115,179.5875
2024-06-18,KLAC,852.0661,852.1254,0.007,0.915,91.5,1.24,2.87,6.31,603.72,783.9008,937.2727,1056.562
2024-06-18,ISRG,435.0,435.99,0.228,0.792,79.2,1.11,2.11,5.41,544.71,400.2,478.5,539.4
2024-06-18,SNPS,620.31,622.93,0.422,0.843,84.3,1.3,2.49,5.31,496.89,570.6852,682.341,769.1844
2024-06-18,CDNS,326.5,328.79,0.701,0.852,85.2,1.47,2.52,6.58,537.35,300.38,359.15,404.86
2024-06-18,TT,341.3643,337.2427,-1.207,0.864,86.4,1.35,2.35,5.29,397.41,314.0552,375.5008,423.2918
2024-06-18,PINS,44.22,44.545,0.735,0.954,95.4,1.12,2.46,4.22,322.03,40.6824,48.642,54.8328
2024-06-18,FIS,74.6923,73.9265,-1.025,0.783,78.3,1.19,1.91,1.17,290.15,68.7169,82.1615,92.6184
2024-06-18,FICO,1421.8,1428.25,0.454,0.808,80.8,1.29,2.65,5.29,235.78,1308.056,1563.9801,1763.0321
2024-06-18,TER,150.7815,149.5594,-0.811,0.965,96.5,1.44,2.8,5.66,302.27,138.719,165.8597,186.9691
2024-06-18,PSA,274.7378,273.1353,-0.583,0.701,70.1,1.25,1.9,6.17,197.18,252.7588,302.2116,340.6749
2024-06-18,TOST,24.04,24.04,0.0,0.59,59.0,1.69,4.23,1.66,207.37,22.1168,26.444,29.8096
2024-06-18,MTB,140.5142,139.9304,-0.415,0.671,67.1,1.14,1.97,0.29,97.15,129.2731,154.5656,174.2376
2024-06-18,TXRH,166.2905,167.2197,0.559,0.824,82.4,1.28,1.91,0.45,118.51,152.9873,182.9196,206.2003
2024-06-18,WSO,469.4462,468.2128,-0.263,0.829,82.9,1.14,2.35,3.3,113.44,431.8905,516.3908,582.1133
2024-06-18,BROS,39.63,39.36,-0.681,0.896,89.6,1.22,4.34,6.56,112.13,36.4596,43.593,49.1412
2024-06-18,MKSI,135.3781,133.2363,-1.582,0.756,75.6,1.16,3.39,4.88,122.97,124.5479,148.9159,167.8689
2024-06-18,RBA,79.1071,78.9292,-0.225,0.677,67.7,1.49,2.3,5.41,111.18,72.7785,87.0178,98.0928
2024-06-18,EVR,200.4023,200.2651,-0.068,0.729,72.9,1.16,2.09,2.83,52.09,184.3701,220.4425,248.4988
2024-06-18,ARMK,33.1443,33.2522,0.325,0.78,78.0,1.53,2.25,3.69,72.97,30.4928,36.4587,41.0989
2024-06-18,GMED,67.02,66.72,-0.448,0.953,95.3,1.4,1.97,1.27,57.02,61.6584,73.722,83.1048
2024-06-18,JLL,211.6,212.43,0.392,0.8,80.0,1.47,2.04,5.56,53.4,194.672,232.76,262.384
2024-06-18,JLMI,211.6,212.43,0.392,0.8,80.0,1.47,2.04,5.56,53.4,194.672,232.76,262.384
2024-06-18,LEG,50.8232,50.7849,-0.075,0.782,78.2,1.17,2.56,4.63,50.15,46.7573,55.9055,63.0207
2024-06-18,CHDN,135.8657,135.3691,-0.366,0.876,87.6,1.33,2.2,1.87,63.48,124.9964,149.4522,168.4734
2024-06-18,MMYT,82.33,82.58,0.304,0.913,91.3,1.25,4.81,5.17,61.62,75.7436,90.563,102.0892
2024-06-18,ADLTQ,10.62,10.82,1.883,0.989,98.9,1.17,2.98,5.22,30.11,9.7704,11.682,13.1688
2024-06-18,ADMA,10.62,10.82,1.883,0.989,98.9,1.17,2.98,5.22,30.11,9.7704,11.682,13.1688
2024-06-18,SDZ-SW,31.6352,31.6254,-0.031,0.887,88.7,1.42,1.99,1.17,29.79,29.1044,34.7988,39.2277
2024-06-18,CWPE,99.49,98.83,-0.663,0.623,62.3,1.26,2.11,1.58,26.96,91.5308,109.439,123.3676
2024-06-18,CWST,99.49,98.83,-0.663,0.623,62.3,1.26,2.11,1.58,26.96,91.5308,109.439,123.3676
2024-06-18,LFUS,257.9326,256.7367,-0.464,0.848,84.8,1.48,2.08,2.83,26.84,237.298,283.7259,319.8364
2024-06-18,BDCC,95.7768,95.5773,-0.208,0.653,65.3,1.12,2.1,0.44,22.79,88.1147,105.3545,118.7632
2024-06-18,JMP,7.85,7.9,0.637,0.972,97.2,1.53,9.53,3.6,35.21,7.222,8.635,9.734
2024-06-20,NVDA,130.7241,127.0656,-2.799,0.976,97.6,1.44,4.23,3.09,46842.29,120.2661,143.7965,162.0978
2024-06-20,AMD,161.78,161.75,-0.019,0.678,67.8,1.81,3.28,0.58,8353.01,148.8376,177.958,200.6072
2024-06-20,LLY,876.7513,876.4247,-0.037,0.863,86.3,1.3,2.05,4.98,2263.82,806.6112,964.4264,1087.1716
2024-06-20,MU,143.2458,136.7486,-4.536,0.92,92.0,1.96,4.02,2.87,3024.25,131.7861,157.5704,177.6248
2024-06-20,SMH,266.9029,263.578,-1.246,0.897,89.7,1.73,2.21,6.05,2173.93,245.5506,293.5931,330.9595
2024-06-20,QCOM,208.5777,204.9864,-1.722,0.914,91.4,1.75,2.81,0.35,2228.98,191.8915,229.4355,258.6364
2024-06-20,AMAT,236.6006,234.9542,-0.696,0.873,87.3,1.5,2.81,2.36,1111.62,217.6725,260.2606,293.3847
2024-06-20,DELL,144.2169,141.5563,-1.845,0.956,95.6,1.7,5.93,2.74,3397.87,132.6796,158.6386,178.829
2024-06-20,MRVL,72.8382,72.5498,-0.396,0.807,80.7,1.18,3.85,1.5,894.06,67.0111,80.122,90.3193
2024-06-20,LRCX,104.528,104.396,-0.126,0.876,87.6,1.47,2.99,3.57,1039.65,96.1657,114.9808,129.6147
2024-06-20,CMG,64.2884,64.504,0.335,0.806,80.6,2.54,2.32,1.14,1072.75,59.1453,70.7172,79.7176
2024-06-20,KLAC,818.7853,819.2196,0.053,0.878,87.8,1.73,3.0,1.6,607.87,753.2825,900.6638,1015.2937
2024-06-20,HUM,349.4401,350.408,0.277,0.64,64.0,1.13,2.19,0.91,457.0,321.4849,384.3841,433.3057
2024-06-20,SNPS,610.18,613.6,0.56,0.811,81.1,1.44,2.31,3.21,489.33,561.3656,671.198,756.6232
2024-06-20,KKR,109.121,109.0714,-0.045,0.781,78.1,1.37,2.95,3.98,594.25,100.3913,120.0331,135.3101
2024-06-20,MPWR,814.479,812.5744,-0.234,0.93,93.0,1.43,3.24,6.63,382.67,749.3207,895.9269,1009.954
2024-06-20,NEM,41.5604,41.4342,-0.304,0.95,95.0,1.14,2.27,3.45,322.48,38.2355,45.7164,51.5349
2024-06-20,APH,67.5918,67.256,-0.497,0.913,91.3,1.47,2.2,1.87,506.14,62.1845,74.351,83.8139
2024-06-20,TT,332.0241,330.0474,-0.595,0.832,83.2,1.42,2.42,2.39,401.46,305.4622,365.2266,411.7099
2024-06-20,SE,76.0,76.17,0.224,0.971,97.1,1.23,2.53,5.47,320.7,69.92,83.6,94.24
2024-06-20,HLT,217.0328,216.7239,-0.142,0.652,65.2,1.28,1.92,6.31,382.93,199.6702,238.7361,269.1207
2024-06-20,LNG,161.21,161.1707,-0.024,0.631,63.1,1.4,1.94,3.52,271.87,148.3132,177.331,199.9004
2024-06-20,CARR,62.7448,62.5782,-0.265,0.831,83.1,1.28,2.39,0.85,220.95,57.7252,69.0192,77.8035
2024-06-20,FIS,74.1397,73.9458,-0.262,0.751,75.1,1.15,1.93,0.5,294.42,68.2086,81.5537,91.9333
2024-06-20,TER,147.0058,146.658,-0.237,0.965,96.5,1.59,2.84,2.74,304.84,135.2453,161.7064,182.2872
2024-06-20,STX,99.2564,99.2467,-0.01,0.882,88.2,1.24,2.92,5.4,247.91,91.3159,109.182,123.0779
2024-06-20,TRGP,121.7317,124.9697,2.66,0.856,85.6,1.55,1.9,6.66,169.57,111.9932,133.9049,150.9473
2024-06-20,RMD,209.9412,210.0297,0.042,0.804,80.4,1.33,2.22,1.1,196.23,193.1459,230.9353,260.327
2024-06-20,NTAP,123.3091,122.7577,-0.447,0.924,92.4,1.21,2.15,4.97,309.4,113.4444,135.64,152.9033
2024-06-20,HIMX,22.39,22.5,0.491,0.969,96.9,1.26,7.1,6.73,272.86,20.5988,24.629,27.7636
2024-06-20,ALNY,157.4,160.81,2.166,0.647,64.7,1.23,2.65,3.02,101.85,144.808,173.14,195.176
2024-06-20,CROX,157.85,156.5,-0.855,0.821,82.1,1.37,3.21,3.24,177.38,145.222,173.635,195.734
2024-06-20,MTB,141.4713,141.366,-0.074,0.679,67.9,1.12,2.0,1.12,99.48,130.1536,155.6184,175.4244
2024-06-20,VLTO,99.543,99.2651,-0.279,0.831,83.1,1.16,1.94,0.1,149.0,91.5796,109.4973,123.4334
2024-06-20,CSL,412.0678,411.1456,-0.224,0.767,76.7,1.34,2.05,1.35,136.44,379.1024,453.2746,510.9641
2024-06-20,AER,90.6267,90.095,-0.587,0.747,74.7,1.11,2.0,0.71,128.49,83.3765,99.6893,112.3771
2024-06-20,ITX-MC,45.157,45.0332,-0.274,0.693,69.3,1.24,1.89,4.6,94.93,41.5444,49.6727,55.9947
2024-06-20,BROS,38.49,38.34,-0.39,0.862,86.2,1.2,4.53,3.19,112.6,35.4108,42.339,47.7276
2024-06-20,EAXR,71.45,71.5,0.07,0.983,98.3,1.43,2.98,3.89,105.39,65.734,78.595,88.598
2024-06-20,EB,71.45,71.5,0.07,0.983,98.3,1.43,2.98,3.89,105.39,65.734,78.595,88.598
2024-06-20,EBBGF,71.45,71.5,0.07,0.983,98.3,1.43,2.98,3.89,105.39,65.734,78.595,88.598
2024-06-20,EBBNF,71.45,71.5,0.07,0.983,98.3,1.43,2.98,3.89,105.39,65.734,78.595,88.598
2024-06-20,MKSI,130.2555,129.6337,-0.477,0.687,68.7,1.38,3.49,0.89,122.85,119.8351,143.2811,161.5169
2024-06-20,BORD,128.68,128.19,-0.381,0.982,98.2,1.39,3.11,4.27,98.27,118.3856,141.548,159.5632
2024-06-20,LNTH,81.48,81.54,0.074,0.969,96.9,1.15,2.79,0.96,52.11,74.9616,89.628,101.0352
2024-06-20,RBA,77.2497,78.376,1.458,0.649,64.9,1.51,2.37,2.74,115.44,71.0697,84.9747,95.7896
2024-06-20,EVR,197.1501,197.9533,0.407,0.683,68.3,1.22,2.11,1.25,51.56,181.3781,216.8651,244.4661
2024-06-20,PNW,44.1788,44.3713,0.436,0.61,61.0,2.05,1.9,1.3,37.1,40.6445,48.5966,54.7817
2024-06-20,PODD,44.1788,44.3713,0.436,0.61,61.0,2.05,1.9,1.3,37.1,40.6445,48.5966,54.7817
2024-06-20,POOL,44.1788,44.3713,0.436,0.61,61.0,2.05,1.9,1.3,37.1,40.6445,48.5966,54.7817
2024-06-20,PPG,44.1788,44.3713,0.436,0.61,61.0,2.05,1.9,1.3,37.1,40.6445,48.5966,54.7817
2024-06-20,PPL,44.1788,44.3713,0.436,0.61,61.0,2.05,1.9,1.3,37.1,40.6445,48.5966,54.7817
2024-06-20,ASX,11.0106,10.9074,-0.937,0.698,69.8,1.46,2.44,5.15,62.45,10.1297,12.1116,13.6531
2024-06-20,GMED,67.0,67.0,0.0,0.955,95.5,1.11,1.97,1.2,57.26,61.64,73.7,83.08
2024-06-20,JLL,209.85,211.17,0.629,0.783,78.3,1.52,2.07,4.43,55.36,193.062,230.835,260.214
2024-06-20,JLMI,209.85,211.17,0.629,0.783,78.3,1.52,2.07,4.43,55.36,193.062,230.835,260.214
2024-06-20,CRUS,124.85,123.71,-0.913,0.97,97.0,1.22,2.22,5.2,53.78,114.862,137.335,154.814
2024-06-20,APPF,231.87,231.66,-0.091,0.624,62.4,1.26,2.66,0.02,48.25,213.3204,255.057,287.5188
2024-06-20,APPHQ,231.87,231.66,-0.091,0.624,62.4,1.26,2.66,0.02,48.25,213.3204,255.057,287.5188
2024-06-20,AGQPF,41.36,39.95,-3.409,0.98,98.0,1.11,4.58,1.66,72.3,38.0512,45.496,51.2864
2024-06-20,CHDN,136.9384,136.4318,-0.37,0.883,88.3,1.76,2.25,2.58,68.04,125.9833,150.6322,169.8036
2024-06-20,AU,22.416,22.8601,1.981,0.814,81.4,1.19,3.06,0.41,40.7,20.6227,24.6575,27.7958
2024-06-20,CDE,5.87,5.79,-1.363,0.992,99.2,1.42,5.29,5.25,40.15,5.4004,6.457,7.2788
2024-06-20,VMI,267.2386,267.3371,0.037,0.94,94.0,1.35,2.05,4.48,50.68,245.8595,293.9624,331.3758
2024-06-20,GVA,61.7976,61.8471,0.08,0.837,83.7,2.31,2.47,1.66,33.07,56.8538,67.9774,76.6291
2024-06-20,R,116.673,117.8021,0.968,0.701,70.1,1.22,1.91,0.51,23.7,107.3392,128.3403,144.6746
2024-06-20,JBTM,98.976,99.1053,0.131,0.583,58.3,1.12,2.53,4.27,32.45,91.058,108.8736,122.7303
2024-06-20,VIRT,22.1569,22.2907,0.604,0.877,87.7,1.29,3.18,1.05,32.15,20.3844,24.3726,27.4746
2024-06-20,LFUS,257.2268,257.3444,0.046,0.84,84.0,1.49,2.14,2.52,27.91,236.6487,282.9495,318.9612
2024-06-20,IBRX,6.5,6.7,3.077,0.912,91.2,1.83,7.53,3.75,22.43,5.98,7.15,8.06
2024-06-20,EXTR,12.38,12.46,0.646,0.713,71.3,1.48,3.22,6.25,20.52,11.3896,13.618,15.3512
2024-06-21,M&M-NS,2796.8369,2793.4392,-0.121,0.983,98.3,2.07,3.11,4.13,11347.37,2573.09,3076.5206,3468.0778
2024-06-21,AMD,161.23,159.75,-0.918,0.674,67.4,1.16,3.27,0.58,8552.6,148.3316,177.353,199.9252
2024-06-21,AVGO,162.8838,161.7676,-0.685,0.942,94.2,1.55,3.45,2.12,10440.51,149.8531,179.1721,201.9759
2024-06-21,LLY,874.6633,880.6997,0.69,0.858,85.8,1.29,2.06,4.23,2331.83,804.6902,962.1296,1084.5825
2024-06-21,TSM,170.4746,167.0153,-2.029,0.944,94.4,1.24,2.82,5.97,2764.85,156.8367,187.5221,211.3886
2024-06-21,NFLX,68.612,68.5,-0.163,0.839,83.9,1.6,1.99,3.43,1933.49,63.123,75.4732,85.0789
2024-06-21,INTC,30.894,30.9437,0.161,0.637,63.7,2.19,2.19,1.09,1279.62,28.4225,33.9834,38.3086
2024-06-21,SMH,262.9031,259.5385,-1.28,0.883,88.3,1.4,2.27,3.88,2187.9,241.8708,289.1934,325.9998
2024-06-21,PANW,160.165,159.37,-0.496,0.699,69.9,2.31,2.77,1.74,996.26,147.3518,176.1815,198.6046
2024-06-21,ASML,1021.1689,1017.7901,-0.331,0.733,73.3,1.48,2.37,2.46,1125.0,939.4754,1123.2858,1266.2494
2024-06-21,LRCX,103.4485,103.2092,-0.231,0.864,86.4,1.53,3.02,1.61,1116.52,95.1726,113.7934,128.2762
2024-06-21,GE,162.5276,162.389,-0.085,0.894,89.4,2.68,2.63,0.91,1042.72,149.5254,178.7803,201.5342
2024-06-21,TMUS,172.8265,173.5306,0.407,0.799,79.9,1.78,1.89,1.2,1188.07,159.0004,190.1092,214.3049
2024-06-21,CMG,64.2098,64.295,0.133,0.775,77.5,1.62,2.31,0.92,1134.35,59.073,70.6308,79.6202
2024-06-21,GM,47.0073,47.0565,0.105,0.778,77.8,1.14,2.11,3.95,686.92,43.2467,51.708,58.289
2024-06-21,ISRG,432.56,432.78,0.051,0.779,77.9,2.08,2.09,4.03,572.09,397.9552,475.816,536.3744
2024-06-21,CEG,216.1723,216.0435,-0.06,0.884,88.4,1.48,4.74,0.87,807.23,198.8786,237.7896,268.0537
2024-06-21,HUM,347.5435,348.7949,0.36,0.609,60.9,1.21,2.22,0.37,469.08,319.74,382.2978,430.9539
2024-06-21,SNPS,605.53,599.26,-1.035,0.797,79.7,1.94,2.13,1.87,521.38,557.0876,666.083,750.8572
2024-06-21,CVNA,112.99,113.09,0.089,0.939,93.9,1.17,5.71,6.54,422.92,103.9508,124.289,140.1076
2024-06-21,CDNS,318.39,317.52,-0.273,0.842,84.2,1.52,2.59,2.43,565.0,292.9188,350.229,394.8036
2024-06-21,KKR,107.9014,107.6039,-0.276,0.761,76.1,11.58,3.0,2.67,1356.6,99.2693,118.6915,133.7977
2024-06-21,MMM,98.9809,98.7779,-0.205,0.909,90.9,1.59,1.9,2.33,488.51,91.0625,108.879,122.7364
2024-06-21,TYL,98.9809,98.7779,-0.205,0.908,90.8,1.59,1.9,2.33,488.51,91.0625,108.879,122.7364
2024-06-21,MPWR,815.3079,809.0612,-0.766,0.936,93.6,1.99,3.23,6.29,405.7,750.0833,896.8387,1010.9818
2024-06-21,AMT,185.2383,185.0957,-0.077,0.604,60.4,1.13,1.95,1.36,463.42,170.4192,203.7621,229.6955
2024-06-21,BAX,115.3331,114.8631,-0.408,0.641,64.1,1.5,2.83,1.62,290.54,106.1064,126.8664,143.013
2024-06-21,BBT,115.3331,114.8631,-0.408,0.641,64.1,1.5,2.83,1.62,290.54,106.1064,126.8664,143.013
2024-06-21,NEM,41.0264,41.0944,0.166,0.941,94.1,2.05,2.15,2.1,332.73,37.7443,45.1291,50.8728
2024-06-21,APH,67.8782,67.3449,-0.786,0.92,92.0,1.29,2.21,2.19,518.09,62.448,74.6661,84.169
2024-06-21,HCA,335.124,337.0422,0.572,0.636,63.6,1.94,1.99,1.64,355.28,308.314,368.6364,415.5537
2024-06-21,TT,330.2352,329.1282,-0.335,0.827,82.7,1.48,2.45,1.82,418.3,303.8164,363.2587,409.4916
2024-06-21,TTD,97.71,97.02,-0.706,0.835,83.5,1.3,2.92,2.52,300.99,89.8932,107.481,121.1604
2024-06-21,SE,75.42,75.31,-0.146,0.968,96.8,1.37,2.54,4.54,327.25,69.3864,82.962,93.5208
2024-06-21,HLT,215.1097,215.2293,0.056,0.582,58.2,1.24,1.88,5.07,369.33,197.9009,236.6206,266.736
2024-06-21,PINS,43.62,43.56,-0.138,0.933,93.3,1.14,2.48,2.24,316.09,40.1304,47.982,54.0888
2024-06-21,LNG,162.1836,162.9999,0.503,0.635,63.5,2.38,1.92,3.95,297.78,149.2089,178.402,201.1077
2024-06-21,EBAY,52.8661,53.0321,0.314,0.723,72.3,1.86,2.24,1.58,297.63,48.6368,58.1527,65.554
2024-06-21,L,20.1003,20.0138,-0.43,0.896,89.6,2.1,3.41,6.36,574.09,18.4923,22.1104,24.9244
2024-06-21,LDOS,20.1003,20.0138,-0.43,0.896,89.6,2.1,3.41,6.36,574.09,18.4923,22.1104,24.9244
2024-06-21,HPE,20.1003,20.0138,-0.43,0.895,89.5,2.1,3.41,6.36,574.09,18.4923,22.1104,24.9244
2024-06-21,FICO,1436.11,1429.23,-0.479,0.828,82.8,1.5,2.47,5.93,224.66,1321.2212,1579.721,1780.7764
2024-06-21,DPZ,510.0623,509.0262,-0.203,0.772,77.2,1.85,2.04,0.78,235.89,469.2574,561.0686,632.4773
2024-06-21,DQ,510.0623,509.0262,-0.203,0.772,77.2,1.85,2.04,0.78,235.89,469.2574,561.0686,632.4773
2024-06-21,TER,147.5026,145.7936,-1.159,0.969,96.9,2.71,2.84,2.89,336.21,135.7024,162.2529,182.9032
2024-06-21,STX,99.7013,99.4305,-0.272,0.788,78.8,1.34,2.98,5.39,255.46,91.7252,109.6715,123.6297
2024-06-21,DKS,221.7905,220.5139,-0.576,0.704,70.4,1.66,3.14,5.91,327.22,204.0473,243.9696,275.0203
2024-06-21,DLCA,221.7905,220.5139,-0.576,0.704,70.4,1.66,3.14,5.91,327.22,204.0473,243.9696,275.0203
2024-06-21,TRGP,120.556,120.9801,0.352,0.852,85.2,2.24,1.95,5.18,179.77,110.9115,132.6116,149.4895
2024-06-21,NTAP,123.4736,122.603,-0.705,0.928,92.8,1.62,2.21,4.53,325.47,113.5957,135.8209,153.1072
2024-06-21,PSA,274.3608,273.5689,-0.289,0.733,73.3,1.88,1.89,5.58,217.54,252.4119,301.7969,340.2074
2024-06-21,PSTG,64.48,63.81,-1.039,0.935,93.5,1.73,4.07,0.36,328.21,59.3216,70.928,79.9552
2024-06-21,MTDR,1463.48,1468.51,0.344,0.815,81.5,1.16,1.94,1.29,209.64,1346.4016,1609.828,1814.7152
2024-06-21,UHS,1463.48,1468.51,0.344,0.815,81.5,1.16,1.94,1.29,209.64,1346.4016,1609.828,1814.7152
2024-06-21,ULTA,1463.48,1468.51,0.344,0.815,81.5,1.16,1.94,1.29,209.64,1346.4016,1609.828,1814.7152
2024-06-21,UNM,1463.48,1468.51,0.344,0.815,81.5,1.16,1.94,1.29,209.64,1346.4016,1609.828,1814.7152
2024-06-21,UTX,1463.48,1468.51,0.344,0.815,81.5,1.16,1.94,1.29,209.64,1346.4016,1609.828,1814.7152
2024-06-21,MTD,1463.48,1468.51,0.344,0.815,81.5,1.16,1.94,1.29,209.64,1346.4016,1609.828,1814.7152
2024-06-21,WING,411.8131,411.2073,-0.147,0.843,84.3,1.16,3.8,4.97,175.15,378.868,452.9944,510.6482
2024-06-21,CROX,154.74,153.32,-0.918,0.805,80.5,1.5,3.21,0.77,181.3,142.3608,170.214,191.8776
2024-06-21,MTB,141.1746,141.9785,0.569,0.681,68.1,1.95,2.03,1.05,104.96,129.8806,155.2921,175.0565
2024-06-21,LB,20.1003,20.0138,-0.43,0.896,89.6,2.1,3.41,6.36,574.09,18.4923,22.1104,24.9244
2024-06-21,CSL,409.3598,410.9886,0.398,0.749,74.9,5.17,2.1,0.77,173.14,376.611,450.2958,507.6062
2024-06-21,BAH,149.3677,149.5221,0.103,0.689,68.9,1.8,1.92,1.61,109.96,137.4183,164.3045,185.216
2024-06-21,BAK,149.3677,149.5221,0.103,0.689,68.9,1.8,1.92,1.61,109.96,137.4183,164.3045,185.216
2024-06-21,BAKR,149.3677,149.5221,0.103,0.689,68.9,1.8,1.92,1.61,109.96,137.4183,164.3045,185.216
2024-06-21,BAIDF,149.3677,149.5221,0.103,0.691,69.1,1.8,1.92,1.61,109.96,137.4183,164.3045,185.216
2024-06-21,CHSCL,83.632,83.9596,0.392,0.908,90.8,2.44,2.03,1.46,148.47,76.9415,91.9952,103.7037
2024-06-21,FOUR,71.14,70.92,-0.309,0.685,68.5,1.2,3.77,2.01,84.87,65.4488,78.254,88.2136
2024-06-21,TXRH,166.6622,166.6622,-0.0,0.835,83.5,2.04,2.01,0.49,132.08,153.3292,183.3284,206.6611
2024-06-21,BJ,88.49,88.32,-0.192,0.888,88.8,1.11,2.62,1.14,154.07,81.4108,97.339,109.7276
2024-06-21,BJCT,88.49,88.32,-0.192,0.888,88.8,1.11,2.62,1.14,154.07,81.4108,97.339,109.7276
2024-06-21,ALLY,37.9648,38.1841,0.578,0.611,61.1,1.31,2.13,2.42,80.62,34.9276,41.7613,47.0763
2024-06-21,AER,91.8672,92.133,0.289,0.729,72.9,1.48,2.04,1.98,135.77,84.5178,101.0539,113.9153
2024-06-21,FOUR1,71.14,70.92,-0.309,0.685,68.5,1.2,3.77,2.01,84.87,65.4488,78.254,88.2136
2024-06-21,PKN-WA,56.7225,56.7225,0.0,0.656,65.6,2.52,2.04,2.46,127.35,52.1847,62.3948,70.3359
2024-06-21,CPB,41.3045,41.4252,0.292,0.632,63.2,1.64,2.1,1.11,137.44,38.0002,45.435,51.2176
2024-06-21,ITX-MC,44.5858,44.6429,0.128,0.654,65.4,1.93,1.93,2.99,100.56,41.0189,49.0443,55.2863
2024-06-21,EAXR,71.25,71.25,0.0,0.981,98.1,1.43,3.03,3.1,108.73,65.55,78.375,88.35
2024-06-21,EB,71.25,71.25,0.0,0.981,98.1,1.43,3.03,3.1,108.73,65.55,78.375,88.35
2024-06-21,EBBGF,71.25,71.25,0.0,0.981,98.1,1.43,3.03,3.1,108.73,65.55,78.375,88.35
2024-06-21,EBBNF,71.25,71.25,0.0,0.981,98.1,1.43,3.03,3.1,108.73,65.55,78.375,88.35
2024-06-21,EQH,39.5306,39.6845,0.389,0.807,80.7,2.03,1.89,1.45,120.1,36.3682,43.4837,49.018
2024-06-21,MKSI,129.6929,128.7454,-0.731,0.648,64.8,1.44,3.5,0.47,127.67,119.3175,142.6622,160.8192
2024-06-21,MTZ,111.63,109.3,-2.087,0.922,92.2,3.26,3.04,1.71,80.16,102.6996,122.793,138.4212
2024-06-21,MUSA,475.3341,475.8594,0.111,0.872,87.2,1.59,2.56,5.5,96.21,437.3074,522.8675,589.4143
2024-06-21,CRDO,27.49,27.0,-1.782,0.945,94.5,1.16,5.63,5.98,80.57,25.2908,30.239,34.0876
2024-06-21,CRDSQ,27.49,27.0,-1.782,0.945,94.5,1.16,5.63,5.98,80.57,25.2908,30.239,34.0876
2024-06-21,BXP,56.2001,56.4103,0.374,0.609,60.9,1.21,2.58,2.52,72.71,51.7041,61.8201,69.6881
2024-06-21,BXSL,56.2001,56.4103,0.374,0.609,60.9,1.21,2.58,2.52,72.71,51.7041,61.8201,69.6881
2024-06-21,RBA,76.6668,76.489,-0.232,0.616,61.6,9.62,2.56,1.84,216.58,70.5335,84.3335,95.0668
2024-06-21,IPG,45.02,45.13,0.244,0.795,79.5,1.32,2.73,3.0,69.75,41.4184,49.522,55.8248
2024-06-21,ARMK,33.2522,33.2032,-0.147,0.786,78.6,1.15,2.19,3.67,73.35,30.592,36.5774,41.2327
2024-06-21,PNW,44.044,44.2269,0.415,0.589,58.9,2.48,1.93,1.09,40.75,40.5205,48.4484,54.6145
2024-06-21,PODD,44.044,44.2269,0.415,0.589,58.9,2.48,1.93,1.09,40.75,40.5205,48.4484,54.6145
2024-06-21,POOL,44.044,44.2269,0.415,0.589,58.9,2.48,1.93,1.09,40.75,40.5205,48.4484,54.6145
2024-06-21,PPG,44.044,44.2269,0.415,0.589,58.9,2.48,1.93,1.09,40.75,40.5205,48.4484,54.6145
2024-06-21,PPL,44.044,44.2269,0.415,0.589,58.9,2.48,1.93,1.09,40.75,40.5205,48.4484,54.6145
2024-06-21,TTEK,41.7131,41.7685,0.133,0.871,87.1,2.87,2.06,0.87,60.45,38.3761,45.8844,51.7243
2024-06-21,ASX,10.8605,10.7855,-0.691,0.684,68.4,1.26,2.49,3.43,63.25,9.9917,11.9466,13.467
2024-06-21,CLH,226.13,227.99,0.823,0.853,85.3,1.79,2.12,3.51,65.31,208.0396,248.743,280.4012
2024-06-21,GMED,66.52,66.65,0.195,0.954,95.4,2.31,2.0,0.53,60.67,61.1984,73.172,82.4848
2024-06-21,JLL,208.67,208.94,0.129,0.787,78.7,1.79,2.1,3.58,57.66,191.9764,229.537,258.7508
2024-06-21,JLMI,208.67,208.94,0.129,0.787,78.7,1.79,2.1,3.58,57.66,191.9764,229.537,258.7508
2024-06-21,CLGX,226.13,227.99,0.823,0.853,85.3,1.79,2.12,3.51,65.31,208.0396,248.743,280.4012
2024-06-21,LEG,50.8902,50.9859,0.188,0.844,84.4,2.27,2.57,4.76,54.57,46.8189,55.9792,63.1038
2024-06-21,CRUS,125.96,124.31,-1.31,0.974,97.4,3.83,2.31,5.63,63.7,115.8832,138.556,156.1904
2024-06-21,CHDN,137.9714,138.0607,0.065,0.863,86.3,1.85,2.27,3.24,71.42,126.9337,151.7685,171.0845
2024-06-21,CUBE,41.5766,41.5032,-0.177,0.698,69.8,2.01,2.13,5.22,51.88,38.2505,45.7343,51.555
2024-06-21,HR,83.64,83.89,0.299,0.675,67.5,1.61,2.95,1.17,60.75,76.9488,92.004,103.7136
2024-06-21,AU,22.6144,23.0019,1.713,0.826,82.6,2.84,3.0,1.46,46.1,20.8053,24.8758,28.0419
2024-06-21,NSIX,201.77,203.0,0.61,0.804,80.4,3.86,2.09,1.07,42.47,185.6284,221.947,250.1948
2024-06-21,CVLL,119.67,119.67,0.0,0.912,91.2,2.54,2.35,5.43,50.03,110.0964,131.637,148.3908
2024-06-21,CDE,5.75,5.83,1.391,0.991,99.1,2.41,5.18,2.86,41.6,5.29,6.325,7.13
2024-06-21,HEI-A,178.3475,178.2976,-0.028,0.875,87.5,1.24,2.04,1.02,47.65,164.0797,196.1823,221.1509
2024-06-21,HMYRQ,8.9069,9.0748,1.885,0.878,87.8,2.26,3.5,2.43,33.62,8.1943,9.7976,11.0445
2024-06-21,ABR,11.7561,11.7894,0.283,0.847,84.7,1.35,2.29,3.06,30.7,10.8156,12.9317,14.5776
2024-06-21,ABR-PD,11.7561,11.7894,0.283,0.847,84.7,1.35,2.29,3.06,30.7,10.8156,12.9317,14.5776
2024-06-21,VMI,270.0587,272.238,0.807,0.94,94.0,2.32,2.06,5.28,54.96,248.454,297.0646,334.8728
2024-06-21,GVA,61.8076,61.9065,0.16,0.802,80.2,1.6,2.49,1.66,35.18,56.8629,67.9883,76.6414
2024-06-21,CAKE,38.5052,38.5629,0.15,0.876,87.6,1.28,2.55,2.63,35.63,35.4248,42.3557,47.7465
2024-06-21,CAKR,38.5052,38.5629,0.15,0.876,87.6,1.28,2.55,2.63,35.63,35.4248,42.3557,47.7465
2024-06-21,COLM,80.9087,80.8313,-0.096,0.713,71.3,2.6,2.15,0.52,32.42,74.436,88.9996,100.3268
2024-06-21,COLV,80.9087,80.8313,-0.096,0.713,71.3,2.6,2.15,0.52,32.42,74.436,88.9996,100.3268
2024-06-21,PPC,31.2086,31.2425,0.109,0.742,74.2,1.27,2.2,4.44,20.37,28.7119,34.3295,38.6987
2024-06-21,CR,143.3862,144.0899,0.491,0.768,76.8,2.11,2.56,0.24,28.44,131.9153,157.7248,177.7989
2024-06-21,AX,53.66,53.79,0.242,0.628,62.8,1.37,3.42,0.4,49.39,49.3672,59.026,66.5384
2024-06-21,SDZ-SW,32.1851,32.1851,-0.0,0.933,93.3,2.12,1.94,2.59,32.22,29.6103,35.4036,39.9095
2024-06-21,VIRT,22.004,22.0709,0.304,0.863,86.3,7.38,3.19,0.15,48.38,20.2437,24.2044,27.2849
2024-06-21,CWPE,98.2,98.45,0.255,0.604,60.4,1.78,2.1,0.33,27.56,90.344,108.02,121.768
2024-06-21,CWST,98.2,98.45,0.255,0.604,60.4,1.78,2.1,0.33,27.56,90.344,108.02,121.768
2024-06-21,ATGFF,65.66,64.01,-2.513,0.951,95.1,7.27,2.4,1.31,32.63,60.4072,72.226,81.4184
2024-06-21,LFUS,260.6578,260.0893,-0.218,0.862,86.2,2.79,2.13,3.81,31.71,239.8052,286.7236,323.2157
2024-06-21,AGII1,45.22,45.62,0.885,0.985,98.5,2.31,5.19,5.57,51.65,41.6024,49.742,56.0728
2024-06-21,AGIL1,45.22,45.62,0.885,0.985,98.5,2.31,5.19,5.57,51.65,41.6024,49.742,56.0728
2024-06-21,AGIO,45.22,45.62,0.885,0.985,98.5,2.31,5.19,5.57,51.65,41.6024,49.742,56.0728
2024-06-21,AGL1,45.22,45.62,0.885,0.985,98.5,2.31,5.19,5.57,51.65,41.6024,49.742,56.0728
2024-06-21,ACIW,37.14,36.91,-0.619,0.872,87.2,3.61,2.56,4.89,24.01,34.1688,40.854,46.0536
2024-06-21,BCO,101.2317,101.6749,0.438,0.857,85.7,2.81,2.08,1.13,27.98,93.1331,111.3548,125.5273
2024-06-21,AGIS,6.52,6.55,0.46,0.958,95.8,1.39,6.01,0.7,23.14,5.9984,7.172,8.0848
2024-06-21,AGIXQ,6.52,6.55,0.46,0.958,95.8,1.39,6.01,0.7,23.14,5.9984,7.172,8.0848
2024-06-21,AGL,6.52,6.55,0.46,0.958,95.8,1.39,6.01,0.7,23.14,5.9984,7.172,8.0848
2024-06-21,CARI,25.2,25.15,-0.198,0.777,77.7,3.63,2.62,1.25,21.86,23.184,27.72,31.248
2024-06-21,CXT,63.2785,62.9847,-0.464,0.765,76.5,5.18,2.03,4.84,20.05,58.2162,69.6063,78.4653
2024-06-24,TSM,164.4478,166.545,1.275,0.94,94.0,1.22,2.79,1.88,2657.8,151.292,180.8926,203.9153
2024-06-24,NFLX,66.902,67.344,0.661,0.806,80.6,1.3,2.15,0.43,2021.76,61.5498,73.5922,82.9585
2024-06-24,CMG,63.8748,64.326,0.706,0.803,80.3,1.14,2.35,0.31,1160.48,58.7648,70.2623,79.2048
2024-06-24,GM,47.3915,47.2831,-0.229,0.78,78.0,2.84,2.13,4.29,777.96,43.6002,52.1306,58.7654
2024-06-24,ISRG,429.04,431.12,0.485,0.766,76.6,1.2,2.08,2.81,576.47,394.7168,471.944,532.0096
2024-06-24,MPWR,787.6465,799.7946,1.542,0.912,91.2,1.51,3.21,2.34,391.33,724.6348,866.4111,976.6816
2024-06-24,RCL,151.8516,153.4142,1.029,0.828,82.8,1.19,2.32,1.67,277.32,139.7035,167.0368,188.296
2024-06-24,FANG,189.3295,189.1957,-0.071,0.615,61.5,1.22,1.99,2.9,281.64,174.1831,208.2624,234.7686
2024-06-24,LNG,163.2064,163.2064,-0.0,0.657,65.7,1.14,1.89,4.32,305.76,150.1499,179.527,202.3759
2024-06-24,TDG,1176.9343,1178.6624,0.147,0.773,77.3,1.22,2.21,0.19,253.15,1082.7796,1294.6278,1459.3986
2024-06-24,FICO,1441.5,1445.37,0.268,0.88,88.0,1.61,2.49,5.98,226.66,1326.18,1585.65,1787.46
2024-06-24,NRG,79.4184,79.7787,0.454,0.936,93.6,1.11,4.08,1.16,312.76,73.0649,87.3602,98.4788
2024-06-24,WRK,79.4184,79.7787,0.454,0.937,93.7,1.11,4.08,1.16,312.76,73.0649,87.3602,98.4788
2024-06-24,WSM,79.4184,79.7787,0.454,0.937,93.7,1.11,4.08,1.16,312.76,73.0649,87.3602,98.4788
2024-06-24,WST,79.4184,79.7787,0.454,0.937,93.7,1.11,4.08,1.16,312.76,73.0649,87.3602,98.4788
2024-06-24,WU,79.4184,79.7787,0.454,0.937,93.7,1.11,4.08,1.16,312.76,73.0649,87.3602,98.4788
2024-06-24,WY,79.4184,79.7787,0.454,0.937,93.7,1.11,4.08,1.16,312.76,73.0649,87.3602,98.4788
2024-06-24,SFM,80.67,80.53,-0.174,0.949,94.9,1.16,2.28,3.5,107.82,74.2164,88.737,100.0308
2024-06-24,ALLY,38.5178,38.5082,-0.025,0.63,63.0,1.29,2.12,3.63,81.3,35.4363,42.3695,47.762
2024-06-24,WSO,461.2812,460.4303,-0.184,0.843,84.3,1.15,2.42,1.62,126.14,424.3787,507.4093,571.9887
2024-06-24,PKN-WA,58.1952,58.1952,-0.0,0.773,77.3,1.24,2.03,4.96,126.18,53.5395,64.0147,72.162
2024-06-24,MEDP,408.08,410.0,0.47,0.591,59.1,1.32,2.37,2.75,75.85,375.4336,448.888,506.0192
2024-06-24,MEDP1,408.08,410.0,0.47,0.591,59.1,1.32,2.37,2.75,75.85,375.4336,448.888,506.0192
2024-06-24,ITX-MC,44.9476,44.7857,-0.36,0.649,64.9,1.75,1.95,3.55,109.08,41.3517,49.4423,55.735
2024-06-24,WFRD,117.2638,116.8543,-0.349,0.656,65.6,1.88,2.93,4.27,89.75,107.8827,128.9902,145.4072
2024-06-24,DOL-TO,125.5106,125.411,-0.079,0.933,93.3,1.2,2.14,1.07,114.18,115.4697,138.0616,155.6331
2024-06-24,PNW,44.612,44.5061,-0.237,0.584,58.4,1.54,1.88,2.35,43.3,41.043,49.0732,55.3189
2024-06-24,PODD,44.612,44.5061,-0.237,0.584,58.4,1.54,1.88,2.35,43.3,41.043,49.0732,55.3189
2024-06-24,POOL,44.612,44.5061,-0.237,0.584,58.4,1.54,1.88,2.35,43.3,41.043,49.0732,55.3189
2024-06-24,PPG,44.612,44.5061,-0.237,0.584,58.4,1.54,1.88,2.35,43.3,41.043,49.0732,55.3189
2024-06-24,PPL,44.612,44.5061,-0.237,0.584,58.4,1.54,1.88,2.35,43.3,41.043,49.0732,55.3189
2024-06-24,ASX,10.6823,10.7198,0.351,0.661,66.1,1.19,2.44,1.55,61.28,9.8277,11.7506,13.2461
2024-06-24,CHDN,138.7957,138.6468,-0.107,0.852,85.2,1.22,2.23,3.66,71.02,127.6921,152.6753,172.1067
2024-06-24,BFNBQ,42.905,42.6711,-0.545,0.907,90.7,1.16,3.0,6.74,29.44,39.4726,47.1955,53.2022
2024-06-24,BFNH,42.905,42.6711,-0.545,0.907,90.7,1.16,3.0,6.74,29.44,39.4726,47.1955,53.2022
2024-06-24,R,120.7262,120.7648,0.032,0.729,72.9,1.58,1.92,3.8,27.96,111.0681,132.7988,149.7005
2024-06-24,SDZ-SW,31.5469,31.4487,-0.311,0.925,92.5,1.12,1.98,0.62,32.72,29.0231,34.7016,39.1181
2024-06-24,ATGFF,65.35,65.39,0.061,0.949,94.9,1.27,2.56,0.81,33.95,60.122,71.885,81.034
2024-06-24,LFUS,259.0012,258.8442,-0.061,0.826,82.6,2.05,2.0,3.03,33.65,238.2811,284.9013,321.1614
2024-06-24,IMO,66.1733,66.0963,-0.116,0.581,58.1,1.94,2.53,3.31,25.39,60.8795,72.7907,82.0549
2024-06-24,BCO,101.2021,101.2612,0.058,0.86,86.0,1.5,2.17,0.95,29.15,93.1059,111.3223,125.4906
2024-06-25,CMG,65.6608,65.81,0.227,0.863,86.3,1.25,2.43,2.9,1238.23,60.4079,72.2269,81.4194
2024-06-25,ISRG,442.31,441.25,-0.24,0.837,83.7,1.75,2.1,5.52,625.11,406.9252,486.541,548.4644
2024-06-25,CHTH,290.8,288.67,-0.732,0.583,58.3,1.36,2.59,3.86,312.43,267.536,319.88,360.592
2024-06-25,CHTP,290.8,288.67,-0.732,0.583,58.3,1.36,2.59,3.86,312.43,267.536,319.88,360.592
2024-06-25,CHTRQ,290.8,288.67,-0.732,0.583,58.3,1.36,2.59,3.86,312.43,267.536,319.88,360.592
2024-06-25,FTV,290.8,288.67,-0.732,0.583,58.3,1.36,2.59,3.86,312.43,267.536,319.88,360.592
2024-06-25,GDDY,290.8,288.67,-0.732,0.583,58.3,1.36,2.59,3.86,312.43,267.536,319.88,360.592
2024-06-25,GEN,290.8,288.67,-0.732,0.583,58.3,1.36,2.59,3.86,312.43,267.536,319.88,360.592
2024-06-25,GIS,290.8,288.67,-0.732,0.583,58.3,1.36,2.59,3.86,312.43,267.536,319.88,360.592
2024-06-25,NU,12.5,12.61,0.88,0.715,71.5,1.41,3.71,5.27,346.76,11.5,13.75,15.5
2024-06-25,CHTR,290.8,288.67,-0.732,0.583,58.3,1.36,2.59,3.86,312.43,267.536,319.88,360.592
2024-06-25,RCL,157.9544,157.237,-0.454,0.887,88.7,1.95,2.47,5.33,303.33,145.318,173.7498,195.8634
2024-06-25,SE,74.19,73.87,-0.431,0.97,97.0,2.25,2.49,2.39,338.98,68.2548,81.609,91.9956
2024-06-25,PINS,44.98,44.63,-0.778,0.963,96.3,1.26,2.64,4.77,338.81,41.3816,49.478,55.7752
2024-06-25,LNG,166.963,167.9956,0.618,0.742,74.2,1.6,1.97,6.29,330.52,153.6059,183.6593,207.0341
2024-06-25,MTB,141.2033,140.5046,-0.495,0.656,65.6,1.34,2.07,1.08,108.63,129.907,155.3236,175.092
2024-06-25,NTRA,111.35,111.35,0.0,0.932,93.2,1.13,3.16,1.66,116.69,102.442,122.485,138.074
2024-06-25,BJ,89.17,88.82,-0.393,0.902,90.2,1.12,2.29,1.55,141.85,82.0364,98.087,110.5708
2024-06-25,BJCT,89.17,88.82,-0.393,0.902,90.2,1.12,2.29,1.55,141.85,82.0364,98.087,110.5708
2024-06-25,CFR-SW,138.1932,138.4804,0.208,0.773,77.3,1.48,1.87,0.09,133.14,127.1377,152.0125,171.3596
2024-06-25,AER,95.4115,94.6337,-0.815,0.85,85.0,1.73,2.13,5.54,149.62,87.7786,104.9527,118.3103
2024-06-25,PKN-WA,58.6283,58.6456,0.03,0.715,71.5,1.12,1.99,5.58,129.26,53.938,64.4911,72.6991
2024-06-25,SN,77.25,77.03,-0.285,0.947,94.7,1.16,3.09,0.02,73.9,71.07,84.975,95.79
2024-06-25,USFD,55.44,55.14,-0.541,0.665,66.5,1.15,1.94,4.28,120.33,51.0048,60.984,68.7456
2024-06-25,LNTH,81.91,80.6,-1.599,0.964,96.4,1.16,2.96,1.4,58.12,75.3572,90.101,101.5684
2024-06-25,PNW,44.3232,44.0729,-0.565,0.723,72.3,1.33,1.92,1.73,44.38,40.7773,48.7555,54.9607
2024-06-25,PODD,44.3232,44.0729,-0.565,0.723,72.3,1.33,1.92,1.73,44.38,40.7773,48.7555,54.9607
2024-06-25,POOL,44.3232,44.0729,-0.565,0.723,72.3,1.33,1.92,1.73,44.38,40.7773,48.7555,54.9607
2024-06-25,PPG,44.3232,44.0729,-0.565,0.723,72.3,1.33,1.92,1.73,44.38,40.7773,48.7555,54.9607
2024-06-25,PPL,44.3232,44.0729,-0.565,0.723,72.3,1.33,1.92,1.73,44.38,40.7773,48.7555,54.9607
2024-06-25,ASX,10.7573,10.7573,-0.0,0.707,70.7,1.11,2.44,2.11,62.67,9.8968,11.8331,13.3391
2024-06-25,CLH,228.93,226.79,-0.935,0.869,86.9,1.26,2.02,4.23,68.05,210.6156,251.823,283.8732
2024-06-25,CLGX,228.93,226.79,-0.935,0.869,86.9,1.26,2.02,4.23,68.05,210.6156,251.823,283.8732
2024-06-25,USD,35.3352,35.2955,-0.112,0.978,97.8,1.11,5.89,3.28,78.43,32.5084,38.8688,43.8157
2024-06-25,RYAN,58.1728,58.0051,-0.288,0.763,76.3,2.37,2.11,6.76,53.26,53.5189,63.99,72.1342
2024-06-25,VMI,268.9543,267.988,-0.359,0.915,91.5,1.31,2.09,4.07,58.0,247.438,295.8498,333.5034
2024-06-25,BFNBQ,42.2617,42.252,-0.023,0.897,89.7,1.31,3.0,4.95,30.21,38.8808,46.4879,52.4045
2024-06-25,BFNH,42.2617,42.252,-0.023,0.897,89.7,1.31,3.0,4.95,30.21,38.8808,46.4879,52.4045
2024-06-25,R,120.1472,120.041,-0.088,0.696,69.6,1.59,1.95,3.18,29.53,110.5354,132.1619,148.9825
2024-06-25,BCO,102.1674,101.3203,-0.829,0.859,85.9,1.38,2.15,1.79,29.92,93.994,112.3841,126.6875
2024-06-26,TSLA,196.37,195.17,-0.611,0.878,87.8,1.18,4.27,6.67,15879.37,180.6604,216.007,243.4988
2024-06-26,AMZN,193.61,195.01,0.723,0.689,68.9,1.45,2.19,3.98,8674.18,178.1212,212.971,240.0764
2024-06-26,NFLX,67.769,67.935,0.245,0.823,82.3,1.11,2.22,0.87,2155.35,62.3475,74.5459,84.0336
2024-06-26,CMG,65.86,65.88,0.03,0.88,88.0,1.39,2.65,2.99,1292.69,60.5912,72.446,81.6664
2024-06-26,NU,12.68,12.68,0.0,0.779,77.9,1.39,3.66,6.56,357.1,11.6656,13.948,15.7232
2024-06-26,RCL,158.6128,158.829,0.136,0.883,88.3,1.23,2.47,5.38,309.51,145.9238,174.4741,196.6799
2024-06-26,LNG,168.2316,168.9003,0.397,0.784,78.4,1.36,1.95,6.6,341.29,154.7731,185.0547,208.6072
2024-06-26,AER,93.1766,93.216,0.042,0.839,83.9,1.75,2.2,2.91,154.19,85.7225,102.4943,115.539
2024-06-26,PKN-WA,58.2731,58.2731,-0.0,0.74,74.0,1.46,1.95,4.75,131.3,53.6113,64.1004,72.2587
2024-06-26,CPB,42.3439,42.3903,0.11,0.669,66.9,1.24,2.25,3.67,149.85,38.9564,46.5783,52.5064
2024-06-26,CRS,105.3509,104.8048,-0.518,0.984,98.4,1.61,3.63,1.67,67.53,96.9228,115.886,130.6351
2024-06-26,CRSR,105.3509,104.8048,-0.518,0.984,98.4,1.61,3.63,1.67,67.53,96.9228,115.886,130.6351
2024-06-26,PNW,44.2943,46.1619,4.216,0.758,75.8,1.73,1.89,1.65,46.77,40.7507,48.7237,54.9249
2024-06-26,PODD,44.2943,46.1619,4.216,0.758,75.8,1.73,1.89,1.65,46.77,40.7507,48.7237,54.9249
2024-06-26,POOL,44.2943,46.1619,4.216,0.758,75.8,1.73,1.89,1.65,46.77,40.7507,48.7237,54.9249
2024-06-26,PPG,44.2943,46.1619,4.216,0.758,75.8,1.73,1.89,1.65,46.77,40.7507,48.7237,54.9249
2024-06-26,PPL,44.2943,46.1619,4.216,0.758,75.8,1.73,1.89,1.65,46.77,40.7507,48.7237,54.9249
2024-06-26,CLH,227.98,228.52,0.237,0.889,88.9,1.14,2.02,3.48,69.71,209.7416,250.778,282.6952
2024-06-26,CLGX,227.98,228.52,0.237,0.889,88.9,1.14,2.02,3.48,69.71,209.7416,250.778,282.6952
2024-06-26,LEG,51.3687,51.3687,-0.0,0.855,85.5,1.16,2.19,4.84,54.31,47.2592,56.5056,63.6972
2024-06-26,CHDN,139.789,139.9082,0.085,0.873,87.3,1.16,2.22,3.78,74.18,128.6059,153.7679,173.3384
2024-06-26,RYAN,56.7825,56.9107,0.226,0.768,76.8,2.34,2.19,3.89,57.59,52.2399,62.4608,70.4103
2024-06-26,R,118.4777,118.4198,-0.049,0.659,65.9,1.25,1.98,1.66,30.11,108.9994,130.3254,146.9123
2024-06-26,CWPE,98.44,99.04,0.61,0.61,61.0,1.2,2.07,0.53,28.29,90.5648,108.284,122.0656
2024-06-26,CWST,98.44,99.04,0.61,0.61,61.0,1.2,2.07,0.53,28.29,90.5648,108.284,122.0656
2024-06-26,AGIS,6.55,6.49,-0.916,0.857,85.7,1.11,5.72,0.02,23.05,6.026,7.205,8.122
2024-06-26,AGIXQ,6.55,6.49,-0.916,0.857,85.7,1.11,5.72,0.02,23.05,6.026,7.205,8.122
2024-06-26,AGL,6.55,6.49,-0.916,0.857,85.7,1.11,5.72,0.02,23.05,6.026,7.205,8.122
2024-06-27,M&M-NS,2845.0928,2811.6583,-1.175,0.987,98.7,1.62,3.4,3.36,12151.4,2617.4854,3129.6021,3527.915
2024-06-27,AMZN,197.85,197.73,-0.061,0.716,71.6,1.52,2.31,5.64,9663.72,182.022,217.635,245.334
2024-06-27,PANW,170.41,170.0,-0.241,0.844,84.4,1.67,3.03,6.16,1155.54,156.7772,187.451,211.3084
2024-06-27,ZTS,172.5849,172.5849,-0.0,0.754,75.4,1.65,2.27,2.15,434.76,158.7781,189.8434,214.0053
2024-06-27,LNG,169.3428,171.821,1.463,0.782,78.2,1.11,1.88,6.7,349.7,155.7954,186.2771,209.9851
2024-06-27,TRGP,123.9096,124.4204,0.412,0.862,86.2,1.26,2.07,5.61,197.49,113.9969,136.3006,153.648
2024-06-27,PSA,270.1188,271.0426,0.342,0.61,61.0,1.16,1.91,2.33,210.82,248.5093,297.1307,334.9473
2024-06-27,EXR,145.9691,146.5221,0.379,0.77,77.0,1.24,2.27,2.49,154.55,134.2916,160.566,181.0017
2024-06-27,TXRH,170.2417,170.5351,0.172,0.867,86.7,1.51,1.94,2.19,135.14,156.6224,187.2659,211.0997
2024-06-27,BIKR1,15.98,16.08,0.626,0.971,97.1,1.3,4.29,3.11,112.37,14.7016,17.578,19.8152
2024-06-27,BILI,15.98,16.08,0.626,0.971,97.1,1.3,4.29,3.11,112.37,14.7016,17.578,19.8152
2024-06-27,MEDP,424.34,427.0,0.627,0.768,76.8,1.4,2.5,5.94,80.05,390.3928,466.774,526.1816
2024-06-27,MEDP1,424.34,427.0,0.627,0.768,76.8,1.4,2.5,5.94,80.05,390.3928,466.774,526.1816
2024-06-27,ITX-MC,44.2525,44.5286,0.624,0.589,58.9,1.13,1.89,1.04,109.04,40.7123,48.6778,54.8731
2024-06-27,MUSA,469.9221,472.3704,0.521,0.846,84.6,1.12,2.54,2.63,98.34,432.3283,516.9143,582.7034
2024-06-27,TTEK,42.5138,42.5138,0.0,0.856,85.6,1.27,1.94,2.81,59.49,39.1127,46.7652,52.7171
2024-06-27,GMED,68.85,68.93,0.116,0.96,96.0,1.32,2.0,3.3,66.21,63.342,75.735,85.374
2024-06-27,CHDN,139.5804,139.5804,0.0,0.85,85.0,1.49,2.24,3.23,77.28,128.414,153.5385,173.0797
2024-06-27,JONEQ,5.1,5.1,0.0,0.653,65.3,2.07,4.4,2.12,24.64,4.692,5.61,6.324
2024-06-27,RYAN,57.6305,57.1966,-0.753,0.833,83.3,8.61,2.27,5.04,100.04,53.02,63.3935,71.4618
2024-06-27,HLNE,118.7628,120.104,1.129,0.809,80.9,1.38,2.55,1.43,28.99,109.2618,130.6391,147.2659
2024-06-27,KD,26.05,26.2,0.576,0.92,92.0,1.24,2.61,0.62,47.9,23.966,28.655,32.302
2024-06-27,CNXC,59.8834,60.3031,0.701,0.619,61.9,3.38,3.32,3.97,31.24,55.0927,65.8717,74.2554
2024-06-27,AMS,24.27,24.57,1.236,0.993,99.3,1.19,7.61,6.03,34.25,22.3284,26.697,30.0948
2024-06-27,AMSC,24.27,24.57,1.236,0.993,99.3,1.19,7.61,6.03,34.25,22.3284,26.697,30.0948
2024-06-27,AMSF,24.27,24.57,1.236,0.993,99.3,1.19,7.61,6.03,34.25,22.3284,26.697,30.0948
2024-06-27,FULT,15.5709,15.7484,1.14,0.78,78.0,1.35,1.89,2.17,21.3,14.3253,17.128,19.308
2024-06-28,TSLA,197.88,201.02,1.587,0.871,87.1,1.24,3.76,5.45,15186.43,182.0496,217.668,245.3712
2024-06-28,AMD,162.21,161.25,-0.592,0.587,58.7,1.13,3.42,1.67,8089.02,149.2332,178.431,201.1404
2024-06-28,AMZN,193.25,193.49,0.124,0.658,65.8,1.46,2.37,2.67,10158.09,177.79,212.575,239.63
2024-06-28,LLY,895.9391,902.2625,0.706,0.894,89.4,1.23,1.98,3.95,2460.76,824.264,985.5331,1110.9645
2024-06-28,UNH,493.3715,490.9398,-0.493,0.839,83.9,4.75,2.03,3.5,2362.04,453.9018,542.7087,611.7807
2024-06-28,PANW,169.505,169.0,-0.298,0.788,78.8,1.19,3.0,4.97,1190.08,155.9446,186.4555,210.1862
2024-06-28,ORCL,138.7363,139.2177,0.347,0.852,85.2,2.06,2.21,5.99,1739.3,127.6374,152.6099,172.033
2024-06-28,WFC,57.0752,57.2866,0.37,0.686,68.6,1.54,1.97,2.03,1148.65,52.5092,62.7827,70.7733
2024-06-28,LRCX,104.8766,104.6215,-0.243,0.857,85.7,1.12,3.21,0.85,1143.06,96.4865,115.3643,130.047
2024-06-28,C,60.3065,60.4871,0.299,0.656,65.6,1.57,2.0,3.9,768.12,55.482,66.3372,74.7801
2024-06-28,APP,83.22,85.12,2.283,0.876,87.6,2.31,4.77,3.82,388.5,76.5624,91.542,103.1928
2024-06-28,ISRG,444.85,445.85,0.225,0.887,88.7,2.04,1.97,4.5,675.83,409.262,489.335,551.614
2024-06-28,HUM,366.2006,366.0144,-0.051,0.924,92.4,4.06,2.1,4.74,494.62,336.9045,402.8206,454.0887
2024-06-28,MMM,98.7876,99.4353,0.656,0.823,82.3,1.25,1.99,1.2,491.51,90.8846,108.6664,122.4966
2024-06-28,TYL,98.7876,99.4353,0.656,0.823,82.3,1.25,1.99,1.2,491.51,90.8846,108.6664,122.4966
2024-06-28,MPWR,812.1292,798.4896,-1.679,0.943,94.3,1.43,3.36,3.75,409.96,747.1588,893.3421,1007.0401
2024-06-28,ZTS,169.5529,169.4552,-0.058,0.744,74.4,1.62,2.21,0.24,438.02,155.9887,186.5082,210.2457
2024-06-28,CHTH,298.96,292.8,-2.06,0.781,78.1,3.59,2.78,5.53,379.58,275.0432,328.856,370.7104
2024-06-28,CHTP,298.96,292.8,-2.06,0.781,78.1,3.59,2.78,5.53,379.58,275.0432,328.856,370.7104
2024-06-28,CHTRQ,298.96,292.8,-2.06,0.781,78.1,3.59,2.78,5.53,379.58,275.0432,328.856,370.7104
2024-06-28,FTV,298.96,292.8,-2.06,0.781,78.1,3.59,2.78,5.53,379.58,275.0432,328.856,370.7104
2024-06-28,GDDY,298.96,292.8,-2.06,0.781,78.1,3.59,2.78,5.53,379.58,275.0432,328.856,370.7104
2024-06-28,GEN,298.96,292.8,-2.06,0.781,78.1,3.59,2.78,5.53,379.58,275.0432,328.856,370.7104
2024-06-28,GIS,298.96,292.8,-2.06,0.781,78.1,3.59,2.78,5.53,379.58,275.0432,328.856,370.7104
2024-06-28,BAX,115.6171,116.5963,0.847,0.715,71.5,4.63,2.59,1.13,374.5,106.3677,127.1788,143.3652
2024-06-28,BBT,115.6171,116.5963,0.847,0.715,71.5,4.63,2.59,1.13,374.5,106.3677,127.1788,143.3652
2024-06-28,NEM,40.6478,40.8711,0.549,0.864,86.4,1.28,2.09,0.94,326.44,37.396,44.7126,50.4033
2024-06-28,APH,66.5351,66.9005,0.549,0.897,89.7,3.43,2.13,0.06,537.63,61.2123,73.1886,82.5035
2024-06-28,CHTR,298.96,292.8,-2.06,0.781,78.1,3.59,2.78,5.53,379.58,275.0432,328.856,370.7104
2024-06-28,RCL,156.6768,156.9913,0.201,0.883,88.3,1.4,2.53,3.28,316.7,144.1427,172.3445,194.2793
2024-06-28,TTD,97.67,97.43,-0.246,0.856,85.6,1.87,2.78,1.65,330.12,89.8564,107.437,121.1108
2024-06-28,RBLX,37.21,37.11,-0.269,0.602,60.2,1.27,2.88,4.39,221.68,34.2332,40.931,46.1404
2024-06-28,TFC,36.1514,36.1235,-0.077,0.655,65.5,1.28,2.04,5.73,270.49,33.2593,39.7666,44.8278
2024-06-28,ELF,210.72,215.765,2.394,0.949,94.9,5.13,5.02,6.64,337.92,193.8624,231.792,261.2928
2024-06-28,ELPW,210.72,215.765,2.394,0.949,94.9,5.13,5.02,6.64,337.92,193.8624,231.792,261.2928
2024-06-28,ELRA,210.72,215.765,2.394,0.949,94.9,5.13,5.02,6.64,337.92,193.8624,231.792,261.2928
2024-06-28,ELRC,210.72,215.765,2.394,0.949,94.9,5.13,5.02,6.64,337.92,193.8624,231.792,261.2928
2024-06-28,ELRE,210.72,215.765,2.394,0.949,94.9,5.13,5.02,6.64,337.92,193.8624,231.792,261.2928
2024-06-28,EBAY,52.4463,52.5732,0.242,0.663,66.3,1.37,2.07,0.38,276.26,48.2506,57.6909,65.0334
2024-06-28,TER,147.3436,147.0555,-0.196,0.971,97.1,1.28,2.79,1.96,324.5,135.5561,162.078,182.7061
2024-06-28,CTLT,231.82,231.41,-0.177,0.855,85.5,1.96,2.63,1.56,265.31,213.2744,255.002,287.4568
2024-06-28,CTRA,231.82,231.41,-0.177,0.855,85.5,1.96,2.63,1.56,265.31,213.2744,255.002,287.4568
2024-06-28,BURL,240.0,240.85,0.354,0.864,86.4,1.35,2.44,2.16,241.52,220.8,264.0,297.6
2024-06-28,TRGP,124.1024,125.2588,0.932,0.845,84.5,2.03,2.06,5.25,210.17,114.1742,136.5126,153.8869
2024-06-28,NTAP,124.5957,125.2342,0.512,0.923,92.3,1.26,2.11,3.0,315.13,114.6281,137.0553,154.4987
2024-06-28,PSA,271.1557,268.422,-1.008,0.656,65.6,2.15,1.92,2.31,225.3,249.4632,298.2713,336.2331
2024-06-28,FOXA,33.7829,33.9517,0.5,0.672,67.2,1.54,2.3,3.97,180.18,31.0803,37.1612,41.8908
2024-06-28,FRC,33.7829,33.9517,0.5,0.672,67.2,1.54,2.3,3.97,180.18,31.0803,37.1612,41.8908
2024-06-28,FRT,33.7829,33.9517,0.5,0.672,67.2,1.54,2.3,3.97,180.18,31.0803,37.1612,41.8908
2024-06-28,FTI,33.7829,33.9517,0.5,0.672,67.2,1.54,2.3,3.97,180.18,31.0803,37.1612,41.8908
2024-06-28,FITB,34.5999,34.5999,-0.0,0.63,63.0,1.84,2.02,2.13,158.89,31.8319,38.0599,42.9039
2024-06-28,FCNCA,1672.166,1672.0868,-0.005,0.742,74.2,1.87,2.1,1.23,153.7,1538.3927,1839.3826,2073.4859
2024-06-28,MTB,144.8592,145.2229,0.251,0.817,81.7,2.32,2.07,3.42,124.1,133.2705,159.3452,179.6255
2024-06-28,ACGL,95.9361,96.9631,1.07,0.809,80.9,1.9,1.88,0.3,193.19,88.2613,105.5298,118.9608
2024-06-28,EXR,145.6598,144.5726,-0.746,0.776,77.6,2.01,2.32,1.77,167.12,134.007,160.2258,180.6182
2024-06-28,RKLB,4.8,4.78,-0.417,0.933,93.3,1.87,4.88,4.36,38.54,4.416,5.28,5.952
2024-06-28,SFM,83.66,83.72,0.072,0.961,96.1,1.47,2.14,6.57,110.4,76.9672,92.026,103.7384
2024-06-28,CHSCL,84.9136,85.0967,0.216,0.932,93.2,1.94,2.03,1.83,150.1,78.1206,93.405,105.2929
2024-06-28,FOUR,73.35,73.57,0.3,0.733,73.3,1.72,3.4,3.09,88.04,67.482,80.685,90.954
2024-06-28,TXRH,167.9336,169.0485,0.664,0.86,86.0,1.86,1.98,0.81,140.24,154.4989,184.727,208.2377
2024-06-28,ALLY,37.8218,37.8599,0.101,0.611,61.1,2.53,2.12,1.03,92.6,34.796,41.6039,46.899
2024-06-28,GWRE,137.89,137.36,-0.384,0.914,91.4,1.49,2.94,5.44,132.32,126.8588,151.679,170.9836
2024-06-28,FOUR1,73.35,73.57,0.3,0.733,73.3,1.72,3.4,3.09,88.04,67.482,80.685,90.954
2024-06-28,MDH,280.16,277.02,-1.121,0.877,87.7,1.42,5.76,4.95,170.54,257.7472,308.176,347.3984
2024-06-28,MDIA,280.16,277.02,-1.121,0.877,87.7,1.42,5.76,4.95,170.54,257.7472,308.176,347.3984
2024-06-28,MEDP,411.85,413.61,0.427,0.66,66.0,2.7,2.73,2.49,86.32,378.902,453.035,510.694
2024-06-28,MEDP1,411.85,413.61,0.427,0.66,66.0,2.7,2.73,2.49,86.32,378.902,453.035,510.694
2024-06-28,BROS,41.4,41.75,0.845,0.941,94.1,2.57,4.43,6.43,148.96,38.088,45.54,51.336
2024-06-28,FHN,14.9493,15.0441,0.634,0.768,76.8,2.24,2.25,5.76,109.44,13.7534,16.4443,18.5372
2024-06-28,CASY,378.5361,378.7941,0.068,0.921,92.1,1.5,2.57,6.67,162.8,348.2532,416.3897,469.3848
2024-06-28,TW,105.3117,105.6693,0.34,0.727,72.7,1.65,2.26,0.51,87.03,96.8867,115.8428,130.5864
2024-06-28,CATA1,378.8894,379.1476,0.068,0.921,92.1,1.5,2.57,6.67,162.95,348.5783,416.7783,469.8229
2024-06-28,CRS,108.8063,108.8758,0.064,0.983,98.3,4.09,3.75,5.3,87.85,100.1018,119.687,134.9198
2024-06-28,MUSA,465.3328,465.9672,0.136,0.845,84.5,1.43,2.58,1.2,101.12,428.1062,511.8661,577.0127
2024-06-28,BORD,128.93,130.17,0.962,0.958,95.8,1.14,3.1,0.55,104.72,118.6156,141.823,159.8732
2024-06-28,WAL,60.8152,60.457,-0.589,0.659,65.9,1.87,2.52,4.68,53.46,55.95,66.8967,75.4109
2024-06-28,LBRDK,51.3296,50.7772,-1.076,0.625,62.5,1.49,2.92,5.18,79.66,47.2232,56.4625,63.6487
2024-06-28,EVR,204.1736,204.9475,0.379,0.79,79.0,2.54,2.32,5.33,66.4,187.8398,224.591,253.1753
2024-06-28,CRSR,108.8063,108.8758,0.064,0.983,98.3,4.09,3.75,5.3,87.85,100.1018,119.6869,134.9198
2024-06-28,PI,156.77,156.32,-0.287,0.946,94.6,1.17,3.11,1.69,67.93,144.2284,172.447,194.3948
2024-06-28,TTC,90.7854,90.4358,-0.385,0.769,76.9,2.16,2.83,2.23,140.89,83.5225,99.8639,112.5738
2024-06-28,ARMK,33.3601,33.4385,0.235,0.729,72.9,1.17,2.02,2.23,68.89,30.6912,36.6961,41.3665
2024-06-28,FRPT,129.39,130.63,0.958,0.889,88.9,2.15,2.59,0.4,74.4,119.0388,142.329,160.4436
2024-06-28,ASX,10.7105,10.7855,0.701,0.64,64.0,1.12,2.55,1.31,61.78,9.8536,11.7815,13.281
2024-06-28,HALL,52.36,52.23,-0.248,0.953,95.3,1.47,3.26,5.33,83.2,48.1712,57.596,64.9264
2024-06-28,HALO,52.36,52.23,-0.248,0.953,95.3,1.47,3.26,5.33,83.2,48.1712,57.596,64.9264
2024-06-28,CLH,226.15,227.51,0.601,0.88,88.0,1.73,2.08,1.97,71.12,208.058,248.765,280.426
2024-06-28,GMED,68.49,68.75,0.38,0.956,95.6,2.13,1.97,2.61,70.43,63.0108,75.339,84.9276
2024-06-28,JLL,205.28,205.15,-0.063,0.724,72.4,2.06,1.94,1.05,59.62,188.8576,225.808,254.5472
2024-06-28,JLMI,205.28,205.15,-0.063,0.724,72.4,2.06,1.94,1.05,59.62,188.8576,225.808,254.5472
2024-06-28,CLGX,226.15,227.51,0.601,0.88,88.0,1.73,2.08,1.97,71.12,208.058,248.765,280.426
2024-06-28,LEG,51.9047,51.8951,-0.018,0.891,89.1,2.31,2.13,4.97,58.07,47.7523,57.0952,64.3618
2024-06-28,MLI,55.8167,55.9245,0.193,0.763,76.3,3.95,2.33,1.67,44.43,51.3513,61.3983,69.2127
2024-06-28,CRUS,127.66,127.83,0.133,0.974,97.4,1.28,2.36,4.6,66.57,117.4472,140.426,158.2984
2024-06-28,APPF,244.57,243.96,-0.249,0.69,69.0,7.09,2.9,4.6,83.85,225.0044,269.027,303.2668
2024-06-28,APPHQ,244.57,243.96,-0.249,0.69,69.0,7.09,2.9,4.6,83.85,225.0044,269.027,303.2668
2024-06-28,CHDN,138.6567,138.9348,0.201,0.85,85.0,1.75,2.22,2.11,81.31,127.5642,152.5224,171.9343
2024-06-28,MLIN,55.9935,56.1016,0.193,0.762,76.2,3.95,2.33,1.67,44.57,51.514,61.5928,69.4319
2024-06-28,CUBE,41.4756,41.1785,-0.717,0.592,59.2,1.35,2.14,2.73,51.14,38.1576,45.6232,51.4298
2024-06-28,FLS,47.0203,47.294,0.582,0.628,62.8,1.19,1.91,0.87,45.69,43.2586,51.7223,58.3051
2024-06-28,JONEQ,5.1,5.1,0.0,0.647,64.7,4.56,4.4,1.83,30.83,4.692,5.61,6.324
2024-06-28,IPGP,47.0203,47.294,0.582,0.629,62.9,1.19,1.91,0.87,45.69,43.2586,51.7223,58.3051
2024-06-28,FLSCQ,47.0203,47.294,0.582,0.628,62.8,1.19,1.91,0.87,45.69,43.2586,51.7223,58.3051
2024-06-28,HR,86.2,86.5,0.348,0.771,77.1,1.91,2.93,2.84,62.66,79.304,94.82,106.888
2024-06-28,COKE,107.2059,108.0191,0.759,0.964,96.4,7.17,2.65,6.47,101.8,98.6294,117.9265,132.9353
2024-06-28,HLNE,120.9852,121.1908,0.17,0.813,81.3,4.82,2.58,3.32,36.77,111.3063,133.0837,150.0216
2024-06-28,SF,54.4407,54.7254,0.523,0.816,81.6,2.92,1.88,5.41,48.11,50.0855,59.8848,67.5065
2024-06-28,ADLTQ,11.18,11.25,0.626,0.991,99.1,3.06,2.96,5.51,37.76,10.2856,12.298,13.8632
2024-06-28,ADMA,11.18,11.25,0.626,0.991,99.1,3.06,2.96,5.51,37.76,10.2856,12.298,13.8632
2024-06-28,CNQR,100.9012,102.7209,1.803,0.917,91.7,1.66,3.58,2.97,45.13,92.8291,110.9913,125.1175
2024-06-28,CNR,100.9012,102.7209,1.803,0.917,91.7,1.66,3.58,2.97,45.13,92.8291,110.9913,125.1175
2024-06-28,CNR1,100.9012,102.7209,1.803,0.917,91.7,1.66,3.58,2.97,45.13,92.8291,110.9913,125.1175
2024-06-28,DDS,397.5856,398.9307,0.338,0.621,62.1,4.98,2.44,2.74,40.47,365.7787,437.3441,493.0061
2024-06-28,HLI,131.7261,132.4587,0.556,0.698,69.8,1.64,1.88,2.56,43.62,121.188,144.8987,163.3404
2024-06-28,CVLL,121.57,121.75,0.148,0.926,92.6,1.21,2.41,4.89,56.12,111.8444,133.727,150.7468
2024-06-28,SAM,305.05,304.17,-0.288,0.633,63.3,1.18,3.87,2.89,85.02,280.646,335.555,378.262
2024-06-28,DDUP,397.5856,398.9307,0.338,0.619,61.9,4.98,2.44,2.74,40.47,365.7788,437.3442,493.0061
2024-06-28,DEA,397.5856,398.9307,0.338,0.619,61.9,4.98,2.44,2.74,40.47,365.7788,437.3442,493.0061
2024-06-28,KD,26.31,26.31,0.0,0.919,91.9,1.57,2.63,1.69,50.42,24.2052,28.941,32.6244
2024-06-28,COLD,18.1011,18.0829,-0.101,0.808,80.8,1.6,2.57,5.78,35.44,16.6531,19.9113,22.4454
2024-06-28,CDE,5.62,5.63,0.178,0.925,92.5,1.71,5.0,0.55,40.53,5.1704,6.182,6.9688
2024-06-28,ABR,11.9476,11.9476,0.0,0.871,87.1,1.25,2.06,2.94,28.71,10.9918,13.1424,14.815
2024-06-28,ABR-PD,11.9476,11.9476,0.0,0.871,87.1,1.25,2.06,2.94,28.71,10.9918,13.1424,14.815
2024-06-28,VMI,271.2235,271.2236,0.0,0.936,93.6,1.39,2.13,3.58,63.14,249.5257,298.3459,336.3172
2024-06-28,BPOP,84.9198,85.0062,0.102,0.665,66.5,2.16,2.02,2.9,27.32,78.1262,93.4118,105.3006
2024-06-28,CORSQ,32.49,32.49,0.0,0.944,94.4,1.28,5.03,3.52,39.49,29.8908,35.739,40.2876
2024-06-28,CORT,32.49,32.49,0.0,0.944,94.4,1.28,5.03,3.52,39.49,29.8908,35.739,40.2876
2024-06-28,GVA,61.4426,61.7598,0.516,0.821,82.1,2.41,2.69,1.02,40.59,56.5272,67.5868,76.1888
2024-06-28,CALM,54.2814,54.6012,0.589,0.595,59.5,3.13,2.17,2.8,34.69,49.9389,59.7095,67.3089
2024-06-28,R,119.5489,120.0507,0.42,0.667,66.7,3.08,2.04,2.28,34.91,109.9849,131.5037,148.2406
2024-06-28,CR,143.6934,144.5657,0.607,0.71,71.0,1.39,2.64,0.62,31.23,132.198,158.0628,178.1799
2024-06-28,ESI,26.5532,26.6413,0.332,0.791,79.1,1.18,2.25,5.61,50.45,24.4289,29.2085,32.9259
2024-06-28,AHRN,13.9642,13.9834,0.137,0.736,73.6,6.8,2.39,0.46,24.56,12.8471,15.3607,17.3157
2024-06-28,AHRO,13.9642,13.9834,0.137,0.736,73.6,6.8,2.39,0.46,24.56,12.8471,15.3607,17.3157
2024-06-28,AHT,13.9642,13.9834,0.137,0.736,73.6,6.8,2.39,0.46,24.56,12.8471,15.3607,17.3157
2024-06-28,AHR,13.9642,13.9834,0.137,0.736,73.6,6.8,2.39,0.46,24.56,12.8471,15.3607,17.3157
2024-06-28,CNXC,60.3699,59.7021,-1.106,0.829,82.9,1.39,3.47,4.62,32.81,55.5403,66.4069,74.8587
2024-06-28,CWPE,99.22,99.51,0.292,0.711,71.1,2.37,2.1,1.24,30.68,91.2824,109.142,123.0328
2024-06-28,CWST,99.22,99.51,0.292,0.711,71.1,2.37,2.1,1.24,30.68,91.2824,109.142,123.0328
2024-06-28,BGC,8.178,8.2175,0.482,0.636,63.6,4.36,2.6,0.89,24.56,7.5238,8.9959,10.1408
2024-06-28,BGC2,8.178,8.2175,0.482,0.636,63.6,4.36,2.6,0.89,24.56,7.5238,8.9959,10.1408
2024-06-28,ASAPQ,19.8298,19.8298,-0.0,0.613,61.3,2.49,1.94,3.44,23.43,18.2434,21.8127,24.5889
2024-06-28,ASAQ,19.8298,19.8298,-0.0,0.613,61.3,2.49,1.94,3.44,23.43,18.2434,21.8127,24.5889
2024-06-28,ATGFF,68.21,68.38,0.249,0.964,96.4,2.09,2.46,4.87,41.04,62.7532,75.031,84.5804
2024-06-28,OGS,60.0215,60.2377,0.36,0.591,59.1,3.43,1.93,4.14,26.88,55.2198,66.0237,74.4267
2024-06-28,BCO,100.8574,101.4877,0.625,0.873,87.3,1.86,2.15,0.36,32.54,92.7888,110.9431,125.0632
2024-06-28,IESC,139.33,140.56,0.883,0.82,82.0,1.73,5.05,2.87,23.81,128.1836,153.263,172.7692
2024-06-28,AMS,23.39,23.57,0.77,0.993,99.3,4.02,6.81,0.88,35.5,21.5188,25.729,29.0036
2024-06-28,AMSC,23.39,23.57,0.77,0.993,99.3,4.02,6.81,0.88,35.5,21.5188,25.729,29.0036
2024-06-28,AMSF,23.39,23.57,0.77,0.993,99.3,4.02,6.81,0.88,35.5,21.5188,25.729,29.0036
2024-06-28,FULT,15.8605,15.7945,-0.416,0.837,83.7,3.06,1.9,3.96,24.73,14.5917,17.4466,19.667
2024-06-28,HWC,45.3689,45.2361,-0.293,0.816,81.6,1.94,2.22,5.16,22.31,41.7394,49.9058,56.2574
2024-06-28,CARI,26.2,26.2,0.0,0.884,88.4,1.6,2.59,3.22,23.96,24.104,28.82,32.488
2024-06-28,MGNB,13.29,13.26,-0.226,0.962,96.2,2.31,3.73,0.31,23.23,12.2268,14.619,16.4796
2024-06-28,MGNI,13.29,13.26,-0.226,0.962,96.2,2.31,3.73,0.31,23.23,12.2268,14.619,16.4796
2024-07-01,BA,186.7,186.34,-0.193,0.59,59.0,1.45,2.67,2.27,1166.37,171.764,205.37,231.508
2024-07-01,C,60.278,60.145,-0.221,0.681,68.1,1.21,2.03,3.76,761.68,55.4558,66.3058,74.7448
2024-07-01,CCL,17.71,17.67,-0.226,0.893,89.3,1.17,3.71,5.39,630.6,16.2932,19.481,21.9604
2024-07-01,CLSK,17.92,17.94,0.112,0.85,85.0,1.26,8.56,5.76,574.35,16.4864,19.712,22.2208
2024-07-01,CLSR,17.92,17.94,0.112,0.85,85.0,1.26,8.56,5.76,574.35,16.4864,19.712,22.2208
2024-07-01,CLST,17.92,17.94,0.112,0.85,85.0,1.26,8.56,5.76,574.35,16.4864,19.712,22.2208
2024-07-01,MPWR,809.8757,809.4605,-0.051,0.94,94.0,1.11,3.21,2.91,400.18,745.0857,890.8633,1004.2459
2024-07-01,TFC,36.5237,36.3375,-0.51,0.674,67.4,1.24,2.03,6.6,271.04,33.6018,40.176,45.2893
2024-07-01,ANF,184.59,184.59,0.0,0.978,97.8,1.33,3.96,3.07,270.57,169.8228,203.049,228.8916
2024-07-01,PBR,12.2077,12.2413,0.276,0.609,60.9,1.14,1.99,1.84,211.84,11.2311,13.4284,15.1375
2024-07-01,CHWY,25.44,25.36,-0.314,0.984,98.4,3.44,9.01,2.87,458.83,23.4048,27.984,31.5456
2024-07-01,CYBR,269.67,269.0,-0.248,0.686,68.6,1.21,2.51,6.74,159.9,248.0964,296.637,334.3908
2024-07-01,CYBR2,269.67,269.0,-0.248,0.686,68.6,1.21,2.51,6.74,159.9,248.0964,296.637,334.3908
2024-07-01,TLN,116.0,116.45,0.388,0.925,92.5,1.39,3.22,1.0,72.43,106.72,127.6,143.84
2024-07-01,TXRH,166.6133,166.7013,0.053,0.876,87.6,1.48,2.13,0.07,143.15,153.2842,183.2746,206.6005
2024-07-01,AER,90.9122,90.1935,-0.791,0.757,75.7,1.17,2.24,0.16,140.16,83.6392,100.0034,112.7311
2024-07-01,CHKR,165.0,164.9,-0.061,0.581,58.1,1.16,1.96,4.85,101.62,151.8,181.5,204.6
2024-07-01,CHKR1,165.0,164.9,-0.061,0.581,58.1,1.16,1.96,4.85,101.62,151.8,181.5,204.6
2024-07-01,CHL,165.0,164.9,-0.061,0.581,58.1,1.16,1.96,4.85,101.62,151.8,181.5,204.6
2024-07-01,CHLD1,165.0,164.9,-0.061,0.581,58.1,1.16,1.96,4.85,101.62,151.8,181.5,204.6
2024-07-01,EAXR,72.55,72.81,0.358,0.981,98.1,1.17,3.25,2.57,110.46,66.746,79.805,89.962
2024-07-01,EB,72.55,72.81,0.358,0.981,98.1,1.17,3.25,2.57,110.46,66.746,79.805,89.962
2024-07-01,EBBGF,72.55,72.81,0.358,0.981,98.1,1.17,3.25,2.57,110.46,66.746,79.805,89.962
2024-07-01,EBBNF,72.55,72.81,0.358,0.981,98.1,1.17,3.25,2.57,110.46,66.746,79.805,89.962
2024-07-01,FHN,14.8925,14.8071,-0.573,0.759,75.9,1.39,2.31,5.35,113.32,13.7011,16.3817,18.4667
2024-07-01,BORD,130.13,129.95,-0.138,0.956,95.6,1.23,2.99,1.05,106.98,119.7196,143.143,161.3612
2024-07-01,EVR,206.7695,205.7802,-0.478,0.821,82.1,1.29,2.31,6.45,67.8,190.228,227.4465,256.3942
2024-07-01,BTU,23.1869,23.1576,-0.126,0.6,60.0,1.84,2.87,3.57,58.67,21.3319,25.5056,28.7517
2024-07-01,BUTLQ,23.1869,23.1576,-0.126,0.6,60.0,1.84,2.87,3.57,58.67,21.3319,25.5056,28.7517
2024-07-01,CHDN,137.6237,137.9316,0.224,0.885,88.5,1.17,2.18,1.02,79.96,126.6138,151.3861,170.6534
2024-07-01,DDS,386.2373,386.9325,0.18,0.618,61.8,1.32,2.6,0.03,40.45,355.3383,424.8611,478.9343
2024-07-01,DDUP,386.2373,386.9325,0.18,0.616,61.6,1.32,2.6,0.03,40.45,355.3383,424.8611,478.9343
2024-07-01,DEA,386.2373,386.9325,0.18,0.616,61.6,1.32,2.6,0.03,40.45,355.3383,424.8611,478.9343
2024-07-01,COLD,18.0465,17.9737,-0.403,0.797,79.7,1.32,2.56,5.31,36.19,16.6028,19.8512,22.3777
2024-07-01,ABR,11.8144,11.8144,-0.0,0.859,85.9,1.67,2.1,1.61,28.8,10.8692,12.9958,14.6498
2024-07-01,ABR-PD,11.8144,11.8144,-0.0,0.859,85.9,1.67,2.1,1.61,28.8,10.8692,12.9958,14.6498
2024-07-01,LOPE,141.5,141.5,0.0,0.738,73.8,1.39,1.88,1.79,27.69,130.18,155.65,175.46
2024-07-02,LLY,897.2553,901.5004,0.473,0.882,88.2,1.67,2.02,3.1,2469.82,825.4749,986.9808,1112.5966
2024-07-02,LCID,27.5,27.7,0.727,0.701,70.1,1.48,3.84,4.18,50.72,25.3,30.25,34.1
2024-07-02,TLN,118.0,118.1,0.085,0.937,93.7,1.67,3.26,2.53,76.84,108.56,129.8,146.32
2024-07-02,KGC,7.92,8.0682,1.87,0.939,93.9,1.22,3.29,3.83,135.09,7.2864,8.7121,9.8209
2024-07-02,ALLY,38.432,38.6036,0.447,0.714,71.4,1.16,2.15,2.4,96.53,35.3574,42.2752,47.6556
2024-07-02,AER,92.704,92.7237,0.021,0.769,76.9,1.17,2.24,2.08,145.36,85.2877,101.9744,114.953
2024-07-02,CHKR,167.73,168.1,0.221,0.598,59.8,1.22,1.96,6.03,105.15,154.3116,184.503,207.9852
2024-07-02,CHKR1,167.73,168.1,0.221,0.598,59.8,1.22,1.96,6.03,105.15,154.3116,184.503,207.9852
2024-07-02,CHL,167.73,168.1,0.221,0.598,59.8,1.22,1.96,6.03,105.15,154.3116,184.503,207.9852
2024-07-02,CHLD1,167.73,168.1,0.221,0.598,59.8,1.22,1.96,6.03,105.15,154.3116,184.503,207.9852
2024-07-02,EAXR,71.06,71.2,0.197,0.984,98.4,1.11,3.28,0.5,108.57,65.3752,78.166,88.1144
2024-07-02,EB,71.06,71.2,0.197,0.984,98.4,1.11,3.28,0.5,108.57,65.3752,78.166,88.1144
2024-07-02,EBBGF,71.06,71.2,0.197,0.984,98.4,1.11,3.28,0.5,108.57,65.3752,78.166,88.1144
2024-07-02,EBBNF,71.06,71.2,0.197,0.984,98.4,1.11,3.28,0.5,108.57,65.3752,78.166,88.1144
2024-07-02,EVR,207.0928,208.0822,0.478,0.802,80.2,1.17,2.24,6.35,69.65,190.5254,227.8021,256.7951
2024-07-02,ABR,12.1141,12.1641,0.412,0.881,88.1,1.17,2.16,4.01,28.98,11.145,13.3255,15.0215
2024-07-02,ABR-PD,12.1141,12.1641,0.412,0.881,88.1,1.17,2.16,4.01,28.98,11.145,13.3255,15.0215
2024-07-02,OGS,60.1625,60.0779,-0.141,0.581,58.1,2.98,1.9,4.19,30.09,55.3495,66.1788,74.6016
2024-07-03,CHKR,168.72,168.02,-0.415,0.617,61.7,1.13,2.0,6.06,107.7,155.2224,185.592,209.2128
2024-07-03,CHKR1,168.72,168.02,-0.415,0.617,61.7,1.13,2.0,6.06,107.7,155.2224,185.592,209.2128
2024-07-03,CHL,168.72,168.02,-0.415,0.617,61.7,1.13,2.0,6.06,107.7,155.2224,185.592,209.2128
2024-07-03,CHLD1,168.72,168.02,-0.415,0.617,61.7,1.13,2.0,6.06,107.7,155.2224,185.592,209.2128
2024-07-03,AGQPF,40.59,41.48,2.193,0.87,87.0,1.31,3.59,5.35,59.49,37.3428,44.649,50.3316
2024-07-03,SDZ-SW,32.2342,32.2931,0.183,0.946,94.6,1.17,1.99,1.76,31.54,29.6554,35.4576,39.9704
2024-07-03,FOXH,48.4,48.1,-0.62,0.721,72.1,1.11,3.4,1.72,33.96,44.528,53.24,60.016
2024-07-05,AMD,171.9,174.9,1.745,0.692,69.2,1.31,3.54,6.19,8115.91,158.148,189.09,213.156
2024-07-05,META,537.2665,539.6945,0.452,0.889,88.9,1.67,2.63,5.76,6889.57,494.2852,590.9932,666.2105
2024-07-05,INTC,31.8182,32.8218,3.154,0.588,58.8,1.13,1.96,3.4,1275.6,29.2727,35.0,39.4545
2024-07-05,NEM,43.2108,42.8807,-0.764,0.86,86.0,1.38,2.19,6.49,324.76,39.7539,47.5318,53.5813
2024-07-05,PBR,12.4013,12.275,-1.018,0.612,61.2,1.49,2.09,3.67,223.2,11.4092,13.6414,15.3776
2024-07-05,FUST,69.2667,69.7552,0.705,0.916,91.6,1.93,3.4,1.73,92.14,63.7254,76.1934,85.8908
2024-07-05,FOXA,33.0422,33.2954,0.766,0.616,61.6,1.24,2.22,0.93,172.05,30.3988,36.3464,40.9723
2024-07-05,FRC,33.0422,33.2954,0.766,0.616,61.6,1.24,2.22,0.93,172.05,30.3988,36.3464,40.9723
2024-07-05,FRT,33.0422,33.2954,0.766,0.616,61.6,1.24,2.22,0.93,172.05,30.3988,36.3464,40.9723
2024-07-05,FTI,33.0422,33.2954,0.766,0.616,61.6,1.24,2.22,0.93,172.05,30.3988,36.3464,40.9723
2024-07-05,COHR,74.56,75.33,1.033,0.955,95.5,1.23,3.54,4.95,141.83,68.5952,82.016,92.4544
2024-07-05,COHR1,74.56,75.33,1.033,0.955,95.5,1.23,3.54,4.95,141.83,68.5952,82.016,92.4544
2024-07-05,IBKR,30.7314,31.009,0.903,0.846,84.6,1.23,2.05,0.99,90.21,28.2728,33.8045,38.1069
2024-07-05,ALLY,37.9839,38.6417,1.732,0.632,63.2,1.96,2.23,0.69,100.63,34.9451,41.7822,47.1
2024-07-05,CHKR,169.45,169.19,-0.153,0.661,66.1,1.24,1.99,6.0,109.22,155.894,186.395,210.118
2024-07-05,CHKR1,169.45,169.19,-0.153,0.661,66.1,1.24,1.99,6.0,109.22,155.894,186.395,210.118
2024-07-05,CHL,169.45,169.19,-0.153,0.661,66.1,1.24,1.99,6.0,109.22,155.894,186.395,210.118
2024-07-05,CHLD1,169.45,169.19,-0.153,0.661,66.1,1.24,1.99,6.0,109.22,155.894,186.395,210.118
2024-07-05,WAL,60.9508,61.3283,0.619,0.675,67.5,1.14,2.44,4.02,52.81,56.0747,67.0458,75.5789
2024-07-05,LEG,52.3928,52.6034,0.402,0.898,89.8,1.24,2.14,4.01,59.53,48.2014,57.6321,64.9671
2024-07-05,MMYT,85.95,86.15,0.233,0.933,93.3,1.33,3.79,4.94,51.32,79.074,94.545,106.578
2024-07-05,KD,25.92,26.02,0.386,0.894,89.4,1.3,2.56,0.14,48.67,23.8464,28.512,32.1408
2024-07-05,COLD,17.4095,17.637,1.307,0.619,61.9,1.32,2.42,0.87,35.24,16.0167,19.1504,21.5878
2024-07-05,ABR,12.2723,12.2723,0.0,0.893,89.3,1.18,2.07,4.8,29.38,11.2905,13.4995,15.2177
2024-07-05,ABR-PD,12.2723,12.2723,0.0,0.893,89.3,1.18,2.07,4.8,29.38,11.2905,13.4995,15.2177
2024-07-05,R,118.2171,118.1592,-0.049,0.607,60.7,1.13,2.03,0.73,35.54,108.7597,130.0388,146.5892
2024-07-05,ESI,26.514,26.5923,0.295,0.725,72.5,1.11,2.15,2.83,48.03,24.3929,29.1654,32.8774
2024-07-05,AMBA,58.06,58.8,1.275,0.884,88.4,1.16,3.01,4.19,33.0,53.4152,63.866,71.9944
2024-07-05,CNXC,60.5703,61.3621,1.307,0.653,65.3,1.28,3.8,3.81,35.15,55.7246,66.6273,75.1071
2024-07-05,CUKPF,15.7466,15.8959,0.948,0.864,86.4,1.28,3.34,3.08,36.88,14.4869,17.3213,19.5258
2024-07-05,FSM,5.02,4.96,-1.195,0.698,69.8,1.24,3.26,1.0,34.79,4.6184,5.522,6.2248
2024-07-05,NSA,36.3533,36.505,0.417,0.638,63.8,1.18,2.3,0.49,29.83,33.4451,39.9887,45.0781
2024-07-08,META,526.7283,531.1367,0.837,0.845,84.5,1.23,2.71,2.98,6362.46,484.5901,579.4012,653.1431
2024-07-08,BA,185.84,185.11,-0.393,0.681,68.1,1.69,2.61,2.19,1086.93,170.9728,204.424,230.4416
2024-07-08,MRVL,74.499,74.7974,0.4,0.644,64.4,1.23,3.26,5.35,776.13,68.5391,81.9489,92.3788
2024-07-08,RCL,158.0527,157.237,-0.516,0.92,92.0,1.19,2.42,3.47,297.65,145.4085,173.8579,195.9853
2024-07-08,PBR,12.7381,12.7465,0.066,0.586,58.6,1.15,2.21,6.35,233.95,11.719,14.0119,15.7952
2024-07-08,PSKY,10.9127,10.7956,-1.073,0.695,69.5,2.16,4.74,5.31,216.07,10.0397,12.004,13.5318
2024-07-08,BIKR1,16.44,16.62,1.095,0.971,97.1,1.44,4.31,4.04,121.1,15.1248,18.084,20.3856
2024-07-08,BILI,16.44,16.62,1.095,0.971,97.1,1.44,4.31,4.04,121.1,15.1248,18.084,20.3856
2024-07-08,OLLI,99.86,100.4,0.541,0.964,96.4,1.3,3.0,5.99,136.91,91.8712,109.846,123.8264
2024-07-08,WPM,55.6447,55.714,0.125,0.772,77.2,1.85,2.11,5.22,76.82,51.1931,61.2091,68.9994
2024-07-08,WAL,59.1985,59.1501,-0.082,0.701,70.1,1.15,2.55,0.84,52.85,54.4626,65.1184,73.4062
2024-07-08,LBRDK,49.3071,49.1199,-0.38,0.68,68.0,1.22,2.7,0.54,51.33,45.3625,54.2378,61.1408
2024-07-08,FRPT,135.56,135.55,-0.007,0.902,90.2,1.22,2.6,4.79,69.95,124.7152,149.116,168.0944
2024-07-08,HALL,52.55,52.55,0.0,0.957,95.7,1.13,2.79,2.74,75.95,48.346,57.805,65.162
2024-07-08,HALO,52.55,52.55,0.0,0.957,95.7,1.13,2.79,2.74,75.95,48.346,57.805,65.162
2024-07-08,RVMD,39.58,40.83,3.158,0.739,73.9,1.34,3.17,2.61,51.28,36.4136,43.538,49.0792
2024-07-08,MMYT,86.66,87.24,0.669,0.923,92.3,1.56,3.81,5.45,53.11,79.7272,95.326,107.4584
2024-07-08,VVV,43.83,43.67,-0.365,0.598,59.8,1.41,1.94,4.11,52.04,40.3236,48.213,54.3492
2024-07-08,RGLD,129.0807,129.061,-0.015,0.693,69.3,2.74,1.88,5.46,49.96,118.7543,141.9888,160.0601
2024-07-08,ADLTQ,11.64,11.81,1.46,0.99,99.0,1.45,2.97,6.47,36.92,10.7088,12.804,14.4336
2024-07-08,ADMA,11.64,11.81,1.46,0.99,99.0,1.45,2.97,6.47,36.92,10.7088,12.804,14.4336
2024-07-08,HBM,9.4523,9.4523,0.0,0.907,90.7,1.21,2.95,4.6,25.35,8.6961,10.3975,11.7208
2024-07-08,PENG,23.96,24.02,0.25,0.915,91.5,1.29,3.44,5.82,22.42,22.0432,26.356,29.7104
2024-07-09,TSM,180.8231,184.5077,2.038,0.938,93.8,1.26,2.87,5.42,2870.49,166.3572,198.9054,224.2206
2024-07-09,AMAT,247.9184,249.4268,0.608,0.868,86.8,1.13,2.27,4.92,1075.42,228.085,272.7103,307.4188
2024-07-09,ORCL,138.2253,138.6577,0.313,0.856,85.6,1.18,2.24,0.59,1678.36,127.1673,152.0478,171.3994
2024-07-09,ZBH,73.48,74.44,1.306,0.631,63.1,1.12,2.84,3.12,385.48,67.6016,80.828,91.1152
2024-07-09,ZBRA,73.48,74.44,1.306,0.631,63.1,1.12,2.84,3.12,385.48,67.6016,80.828,91.1152
2024-07-09,ZION,73.48,74.44,1.306,0.631,63.1,1.12,2.84,3.12,385.48,67.6016,80.828,91.1152
2024-07-09,TTD,101.52,102.18,0.65,0.871,87.1,1.27,2.54,4.18,330.89,93.3984,111.672,125.8848
2024-07-09,FITB,34.3344,34.3724,0.11,0.65,65.0,1.74,2.09,1.13,167.8,31.5877,37.7679,42.5747
2024-07-09,ALLY,39.1184,39.1375,0.049,0.756,75.6,1.27,2.33,3.12,106.93,35.9889,43.0303,48.5068
2024-07-09,ATD-TO,78.4877,78.5566,0.088,0.678,67.8,1.65,2.18,2.68,166.31,72.2087,86.3365,97.3247
2024-07-09,WAL,60.4377,60.5442,0.176,0.771,77.1,1.35,2.59,2.65,55.74,55.6027,66.4814,74.9427
2024-07-09,UAA,6.8,6.81,0.147,0.582,58.2,1.19,3.47,0.22,70.32,6.256,7.48,8.432
2024-07-09,EVR,210.2275,211.2364,0.48,0.806,80.6,1.25,2.12,6.09,71.33,193.4093,231.2502,260.6821
2024-07-09,OLED,217.5281,219.2673,0.8,0.963,96.3,1.2,2.54,6.39,83.85,200.1258,239.2809,269.7348
2024-07-09,ASX,11.545,11.6415,0.836,0.782,78.2,1.23,2.41,6.61,63.45,10.6214,12.6995,14.3158
2024-07-09,HALL,52.88,52.92,0.076,0.96,96.0,1.4,2.83,3.18,76.92,48.6496,58.168,65.5712
2024-07-09,HALO,52.88,52.92,0.076,0.96,96.0,1.4,2.83,3.18,76.92,48.6496,58.168,65.5712
2024-07-09,PRY-MI,58.9312,59.8152,1.5,0.905,90.5,1.62,2.17,3.6,53.68,54.2167,64.8243,73.0747
2024-07-09,COLD,18.3469,18.3924,0.248,0.862,86.2,1.34,2.43,5.77,36.09,16.8791,20.1815,22.7501
2024-07-09,BPOP,84.1131,84.3148,0.24,0.678,67.8,1.15,2.01,1.77,27.32,77.3841,92.5245,104.3003
2024-07-09,ZG,46.35,46.92,1.23,0.643,64.3,1.14,3.47,2.17,26.46,42.642,50.985,57.474
2024-07-09,HIW,23.5487,23.6283,0.338,0.739,73.9,1.13,2.34,2.82,20.08,21.6648,25.9035,29.2003
2024-07-09,PENG,23.22,25.71,10.724,0.9,90.0,2.11,3.58,2.14,23.78,21.3624,25.542,28.7928
2024-07-10,KLAC,880.7278,884.6463,0.445,0.815,81.5,1.21,2.43,5.45,484.77,810.2696,968.8006,1092.1025
2024-07-10,MCHP,91.9003,91.2013,-0.761,0.774,77.4,1.16,2.43,4.47,506.13,84.5482,101.0903,113.9563
2024-07-10,MMM,98.2849,98.9713,0.698,0.766,76.6,1.25,1.99,0.18,356.01,90.4221,108.1134,121.8733
2024-07-10,TYL,98.2849,98.9713,0.698,0.765,76.5,1.25,1.99,0.18,356.01,90.4221,108.1134,121.8733
2024-07-10,TTD,99.82,101.05,1.232,0.83,83.0,1.36,2.59,2.06,322.29,91.8344,109.802,123.7768
2024-07-10,FICO,1534.09,1535.76,0.109,0.938,93.8,1.11,2.44,5.01,274.02,1411.3628,1687.499,1902.2716
2024-07-10,CCJ,53.5113,53.5113,0.0,0.672,67.2,2.11,3.4,5.4,148.98,49.2304,58.8625,66.3541
2024-07-10,MNDY,234.61,235.37,0.324,0.89,89.0,1.27,3.36,1.06,124.62,215.8412,258.071,290.9164
2024-07-10,TEVA,16.98,17.0,0.118,0.93,93.0,1.53,2.94,1.59,154.29,15.6216,18.678,21.0552
2024-07-10,IT,142.12,145.7,2.519,0.661,66.1,1.45,3.0,3.13,111.19,130.7504,156.332,176.2288
2024-07-10,ESTC,115.35,116.32,0.841,0.87,87.0,1.24,3.01,2.35,126.56,106.122,126.885,143.034
2024-07-10,BJ,89.63,90.0,0.413,0.847,84.7,1.14,2.16,1.78,122.25,82.4596,98.593,111.1412
2024-07-10,BJCT,89.63,90.0,0.413,0.847,84.7,1.14,2.16,1.78,122.25,82.4596,98.593,111.1412
2024-07-10,ATD-TO,80.3775,80.3677,-0.012,0.649,64.9,1.51,2.25,4.83,177.5,73.9473,88.4153,99.6681
2024-07-10,CHKR,170.31,171.43,0.658,0.596,59.6,1.12,1.97,5.15,110.78,156.6852,187.341,211.1844
2024-07-10,CHKR1,170.31,171.43,0.658,0.596,59.6,1.12,1.97,5.15,110.78,156.6852,187.341,211.1844
2024-07-10,CHL,170.31,171.43,0.658,0.596,59.6,1.12,1.97,5.15,110.78,156.6852,187.341,211.1844
2024-07-10,CHLD1,170.31,171.43,0.658,0.596,59.6,1.12,1.97,5.15,110.78,156.6852,187.341,211.1844
2024-07-10,HALL,52.96,54.0,1.964,0.953,95.3,1.11,2.69,3.16,75.46,48.7232,58.256,65.6704
2024-07-10,HALO,52.96,54.0,1.964,0.953,95.3,1.11,2.69,3.16,75.46,48.7232,58.256,65.6704
2024-07-10,APLD,5.86,6.04,3.072,0.992,99.2,1.17,12.01,1.81,47.64,5.3912,6.446,7.2664
2024-07-10,VVV,44.65,45.19,1.209,0.64,64.0,1.13,1.95,5.21,55.87,41.078,49.115,55.366
2024-07-10,TKO,29.1412,29.3449,0.699,0.788,78.8,1.24,2.16,1.93,41.49,26.8099,32.0553,36.1351
2024-07-10,TMK,29.1412,29.3449,0.699,0.788,78.8,1.24,2.16,1.93,41.49,26.8099,32.0553,36.1351
2024-07-10,TMO,29.1412,29.3449,0.699,0.788,78.8,1.24,2.16,1.93,41.49,26.8099,32.0553,36.1351
2024-07-10,TPL,29.1412,29.3449,0.699,0.788,78.8,1.24,2.16,1.93,41.49,26.8099,32.0553,36.1351
2024-07-10,TPR,29.1412,29.3449,0.699,0.788,78.8,1.24,2.16,1.93,41.49,26.8099,32.0553,36.1351
2024-07-10,ABR,12.5637,12.7968,1.856,0.926,92.6,1.35,1.95,5.89,29.02,11.5586,13.8201,15.579
2024-07-10,ABR-PD,12.5637,12.7968,1.856,0.926,92.6,1.35,1.95,5.89,29.02,11.5586,13.8201,15.579
2024-07-10,FNB,13.2695,13.3169,0.357,0.668,66.8,1.17,2.03,5.64,28.3,12.2079,14.5964,16.4541
2024-07-10,FSM,5.28,5.45,3.22,0.813,81.3,1.3,3.18,6.31,29.44,4.8576,5.808,6.5472
2024-07-11,NVDA,127.3455,128.2051,0.675,0.69,69.0,1.42,3.75,0.28,33722.09,117.1579,140.0801,157.9084
2024-07-11,TSLA,241.03,235.8,-2.17,0.942,94.2,1.48,5.61,2.4,36097.71,221.7476,265.133,298.8772
2024-07-11,AAPL,226.0348,227.1631,0.499,0.848,84.8,1.11,2.05,2.25,13178.89,207.952,248.6383,280.2831
2024-07-11,AVGO,168.0627,168.5632,0.298,0.864,86.4,1.18,3.36,1.23,7271.77,154.6177,184.869,208.3977
2024-07-11,TSM,180.8035,179.4021,-0.775,0.929,92.9,1.29,2.92,4.14,3023.41,166.3392,198.8838,224.1963
2024-07-11,INTC,33.2888,33.5571,0.806,0.587,58.7,1.11,2.73,3.5,1653.66,30.6257,36.6177,41.2781
2024-07-11,SMH,268.9871,269.7612,0.288,0.891,89.1,1.63,2.32,1.42,2032.81,247.4681,295.8858,333.544
2024-07-11,ASML,1046.6836,1056.7908,0.966,0.68,68.0,1.22,2.19,1.34,989.55,962.9489,1151.352,1297.8877
2024-07-11,PFE,25.5236,25.7374,0.837,0.704,70.4,1.54,2.17,2.96,782.28,23.4817,28.076,31.6493
2024-07-11,C,62.4447,63.3,1.37,0.726,72.6,1.54,1.92,5.07,814.98,57.4492,68.6892,77.4315
2024-07-11,KLAC,841.8411,842.7293,0.106,0.608,60.8,1.54,2.6,0.33,477.04,774.4938,926.0252,1043.8829
2024-07-11,GM,47.2142,47.3028,0.188,0.709,70.9,1.19,1.97,1.97,659.1,43.437,51.9356,58.5456
2024-07-11,NXPI,267.1158,270.2579,1.176,0.848,84.8,1.22,2.33,1.01,458.86,245.7465,293.8273,331.2235
2024-07-11,MCHP,88.1756,88.9799,0.912,0.591,59.1,1.17,2.55,0.31,499.17,81.1216,96.9932,109.3377
2024-07-11,ZBH,74.24,74.86,0.835,0.724,72.4,1.37,2.87,3.94,402.33,68.3008,81.664,92.0576
2024-07-11,ZBRA,74.24,74.86,0.835,0.724,72.4,1.37,2.87,3.94,402.33,68.3008,81.664,92.0576
2024-07-11,ZION,74.24,74.86,0.835,0.724,72.4,1.37,2.87,3.94,402.33,68.3008,81.664,92.0576
2024-07-11,MMM,99.793,100.3343,0.542,0.743,74.3,1.23,2.0,1.62,370.2,91.8095,109.7723,123.7433
2024-07-11,TYL,99.793,100.3343,0.542,0.743,74.3,1.23,2.0,1.62,370.2,91.8095,109.7723,123.7433
2024-07-11,MPWR,821.2914,823.3967,0.256,0.913,91.3,1.31,3.09,0.46,395.16,755.5881,903.4206,1018.4014
2024-07-11,AMT,196.9791,198.7473,0.898,0.81,81.0,1.2,1.93,6.18,371.62,181.2207,216.677,244.254
2024-07-11,CHTH,304.14,306.75,0.858,0.827,82.7,1.16,3.02,4.7,397.32,279.8088,334.554,377.1336
2024-07-11,CHTP,304.14,306.75,0.858,0.827,82.7,1.16,3.02,4.7,397.32,279.8088,334.554,377.1336
2024-07-11,CHTRQ,304.14,306.75,0.858,0.827,82.7,1.16,3.02,4.7,397.32,279.8088,334.554,377.1336
2024-07-11,FTV,304.14,306.75,0.858,0.827,82.7,1.16,3.02,4.7,397.32,279.8088,334.554,377.1336
2024-07-11,GDDY,304.14,306.75,0.858,0.827,82.7,1.16,3.02,4.7,397.32,279.8088,334.554,377.1336
2024-07-11,GEN,304.14,306.75,0.858,0.827,82.7,1.16,3.02,4.7,397.32,279.8088,334.554,377.1336
2024-07-11,GIS,304.14,306.75,0.858,0.827,82.7,1.16,3.02,4.7,397.32,279.8088,334.554,377.1336
2024-07-11,JD,27.8101,28.1112,1.083,0.71,71.0,2.29,2.35,3.63,274.8,25.5853,30.5911,34.4846
2024-07-11,CHTR,304.14,306.75,0.858,0.827,82.7,1.16,3.02,4.7,397.32,279.8088,334.554,377.1336
2024-07-11,RCL,160.3621,161.1679,0.503,0.912,91.2,1.45,2.58,4.12,330.51,147.5331,176.3983,198.849
2024-07-11,CARR,65.077,65.4298,0.542,0.859,85.9,1.15,2.64,4.25,270.69,59.8708,71.5847,80.6955
2024-07-11,BURL,252.65,251.7,-0.376,0.946,94.6,1.27,2.14,6.42,191.39,232.438,277.915,313.286
2024-07-11,FITB,36.2782,36.2119,-0.183,0.682,68.2,1.22,2.11,6.12,170.63,33.376,39.9061,44.985
2024-07-11,RF,19.2707,19.3079,0.193,0.621,62.1,1.62,2.14,6.63,149.13,17.729,21.1978,23.8957
2024-07-11,TEVA,17.1,17.13,0.175,0.915,91.5,1.31,2.77,2.38,156.2,15.732,18.81,21.204
2024-07-11,NTRA,110.81,111.1,0.262,0.877,87.7,1.37,3.0,0.78,118.02,101.9452,121.891,137.4044
2024-07-11,ESTC,120.61,120.75,0.116,0.905,90.5,1.7,3.11,6.59,135.24,110.9612,132.671,149.5564
2024-07-11,BJ,90.65,90.86,0.232,0.842,84.2,1.26,2.21,2.81,125.33,83.398,99.715,112.406
2024-07-11,BJCT,90.65,90.86,0.232,0.842,84.2,1.26,2.21,2.81,125.33,83.398,99.715,112.406
2024-07-11,CLS,59.48,59.4,-0.134,0.934,93.4,1.17,4.04,3.79,108.73,54.7216,65.428,73.7552
2024-07-11,ALLY,40.3292,40.4532,0.307,0.796,79.6,1.17,2.24,5.46,110.0,37.1029,44.3622,50.0083
2024-07-11,WSO,468.1459,472.6586,0.964,0.838,83.8,1.17,2.34,2.44,130.73,430.6943,514.9605,580.501
2024-07-11,MKSI,139.2768,140.3526,0.772,0.811,81.1,1.22,3.05,5.41,139.26,128.1347,153.2045,172.7032
2024-07-11,IPG,46.55,47.1,1.182,0.779,77.9,1.21,2.45,4.93,79.22,42.826,51.205,57.722
2024-07-11,CNX,26.0,26.24,0.923,0.63,63.0,1.2,2.17,5.3,68.88,23.92,28.6,32.24
2024-07-11,ST,39.0369,39.2997,0.673,0.825,82.5,1.19,1.94,4.79,75.97,35.9139,42.9406,48.4058
2024-07-11,USD,37.1189,37.4543,0.903,0.981,98.1,1.86,5.89,0.74,85.48,34.1494,40.8308,46.0274
2024-07-11,IOR,47.31,47.33,0.042,0.744,74.4,1.11,3.39,5.73,78.06,43.5252,52.041,58.6644
2024-07-11,IONS,47.31,47.33,0.042,0.744,74.4,1.11,3.39,5.73,78.06,43.5252,52.041,58.6644
2024-07-11,GH,29.97,30.19,0.734,0.982,98.2,1.74,4.37,2.27,45.03,27.5724,32.967,37.1628
2024-07-11,ITRI,103.42,104.29,0.841,0.774,77.4,1.53,2.54,2.69,92.06,95.1464,113.762,128.2408
2024-07-11,TKO,29.5763,29.6226,0.156,0.789,78.9,1.48,2.17,3.26,43.18,27.2102,32.5339,36.6746
2024-07-11,TMK,29.5763,29.6226,0.156,0.789,78.9,1.48,2.17,3.26,43.18,27.2102,32.5339,36.6746
2024-07-11,TMO,29.5763,29.6226,0.156,0.789,78.9,1.48,2.17,3.26,43.18,27.2102,32.5339,36.6746
2024-07-11,TPL,29.5763,29.6226,0.156,0.789,78.9,1.48,2.17,3.26,43.18,27.2102,32.5339,36.6746
2024-07-11,TPR,29.5763,29.6226,0.156,0.789,78.9,1.48,2.17,3.26,43.18,27.2102,32.5339,36.6746
2024-07-11,RKT,13.3997,13.5606,1.201,0.864,86.4,2.23,3.78,1.6,34.88,12.3278,14.7397,16.6157
2024-07-11,GET,4.76,4.84,1.681,0.949,94.9,1.45,4.93,4.36,50.5,4.3792,5.236,5.9024
2024-07-11,GETI,4.76,4.84,1.681,0.949,94.9,1.45,4.93,4.36,50.5,4.3792,5.236,5.9024
2024-07-11,GVA,62.1961,63.0488,1.371,0.776,77.6,2.42,2.98,1.81,43.84,57.2204,68.4157,77.1231
2024-07-11,NUVL,77.99,78.91,1.18,0.847,84.7,1.14,3.46,1.67,27.79,71.7508,85.789,96.7076
2024-07-11,CR,145.0116,145.7352,0.499,0.685,68.5,1.95,2.52,1.89,33.94,133.4107,159.5128,179.8144
2024-07-11,ZG,48.35,49.07,1.489,0.749,74.9,2.12,3.49,5.41,30.08,44.482,53.185,59.954
2024-07-11,ASAPQ,20.261,20.4204,0.787,0.581,58.1,1.18,2.07,5.34,24.16,18.6402,22.2872,25.1237
2024-07-11,ASAQ,20.261,20.4204,0.787,0.581,58.1,1.18,2.07,5.34,24.16,18.6402,22.2872,25.1237
2024-07-11,ACIW,40.18,40.48,0.747,0.906,90.6,1.34,2.03,6.1,29.82,36.9656,44.198,49.8232
2024-07-11,NSA,37.5312,37.9417,1.094,0.815,81.5,1.37,2.32,2.52,32.27,34.5287,41.2843,46.5387
2024-07-11,PFSI,96.445,96.9543,0.528,0.73,73.0,1.3,2.09,6.05,23.03,88.7294,106.0895,119.5918
2024-07-11,FULT,16.4549,16.587,0.803,0.841,84.1,1.93,2.04,6.42,25.19,15.1385,18.1004,20.4041
2024-07-11,MGNB,14.04,14.16,0.855,0.978,97.8,1.3,3.34,4.27,21.64,12.9168,15.444,17.4096
2024-07-11,MGNI,14.04,14.16,0.855,0.978,97.8,1.3,3.34,4.27,21.64,12.9168,15.444,17.4096
2024-07-12,TSM,183.5964,184.8997,0.71,0.927,92.7,1.15,2.99,5.31,3060.11,168.9087,201.956,227.6595
2024-07-12,INTC,34.2726,34.4813,0.609,0.717,71.7,1.19,3.11,5.29,1814.29,31.5308,37.6998,42.498
2024-07-12,SMH,272.3914,274.3367,0.714,0.887,88.7,1.11,2.37,2.48,2063.19,250.6001,299.6305,337.7653
2024-07-12,PDD,142.42,137.31,-3.588,0.891,89.1,1.27,2.64,1.81,999.26,131.0264,156.662,176.6008
2024-07-12,ASML,1069.1047,1081.1035,1.122,0.63,63.0,1.11,2.25,3.43,1014.77,983.5764,1176.0152,1325.6899
2024-07-12,MARA,20.77,21.91,5.489,0.956,95.6,1.25,6.62,3.98,898.12,19.1084,22.847,25.7548
2024-07-12,C,61.3139,61.4659,0.248,0.701,70.1,2.18,2.07,2.8,845.36,56.4088,67.4453,76.0292
2024-07-12,KLAC,846.5488,847.3385,0.093,0.623,62.3,1.13,2.77,0.38,491.97,778.8249,931.2037,1049.7205
2024-07-12,GM,48.278,48.7607,1.0,0.735,73.5,1.16,2.04,4.25,678.94,44.4158,53.1058,59.8648
2024-07-12,JD,27.3439,26.4599,-3.233,0.659,65.9,1.21,2.44,2.16,269.63,25.1564,30.0783,33.9064
2024-07-12,ZS,201.9,202.65,0.371,0.752,75.2,1.13,3.16,6.25,429.2,185.748,222.09,250.356
2024-07-12,ELF,210.9,210.01,-0.422,0.9,90.0,1.24,4.92,2.8,322.05,194.028,231.99,261.516
2024-07-12,ELPW,210.9,210.01,-0.422,0.9,90.0,1.24,4.92,2.8,322.05,194.028,231.99,261.516
2024-07-12,ELRA,210.9,210.01,-0.422,0.9,90.0,1.24,4.92,2.8,322.05,194.028,231.99,261.516
2024-07-12,ELRC,210.9,210.01,-0.422,0.9,90.0,1.24,4.92,2.8,322.05,194.028,231.99,261.516
2024-07-12,ELRE,210.9,210.01,-0.422,0.9,90.0,1.24,4.92,2.8,322.05,194.028,231.99,261.516
2024-07-12,CTLT,230.06,230.06,0.0,0.791,79.1,1.51,2.59,0.74,225.15,211.6552,253.066,285.2744
2024-07-12,CTRA,230.06,230.06,0.0,0.791,79.1,1.51,2.59,0.74,225.15,211.6552,253.066,285.2744
2024-07-12,DKS,214.363,213.0091,-0.632,0.652,65.2,1.76,3.06,3.13,239.4,197.214,235.7993,265.8101
2024-07-12,BURL,252.45,252.44,-0.004,0.944,94.4,1.14,2.13,5.87,191.5,232.254,277.695,313.038
2024-07-12,DLCA,214.3631,213.0091,-0.632,0.653,65.3,1.76,3.06,3.13,239.4,197.214,235.7994,265.8102
2024-07-12,ENTG,143.4372,143.755,0.222,0.605,60.5,1.24,3.16,5.4,209.22,131.9622,157.7809,177.8621
2024-07-12,RF,19.0474,19.373,1.71,0.603,60.3,1.48,2.07,4.91,147.86,17.5236,20.9521,23.6187
2024-07-12,NTRA,111.6,111.72,0.108,0.873,87.3,1.11,2.91,1.55,119.66,102.672,122.76,138.384
2024-07-12,WCC,167.5868,169.26,0.998,0.605,60.5,1.63,2.89,5.49,128.8,154.1798,184.3454,207.8076
2024-07-12,AER,94.3482,94.9094,0.595,0.767,76.7,1.33,2.2,2.7,141.94,86.8003,103.783,116.9918
2024-07-12,MDH,285.86,286.56,0.245,0.861,86.1,1.24,3.93,2.05,96.37,262.9912,314.446,354.4664
2024-07-12,MDIA,285.86,286.56,0.245,0.861,86.1,1.24,3.93,2.05,96.37,262.9912,314.446,354.4664
2024-07-12,TECH,76.6069,76.4979,-0.142,0.849,84.9,1.17,2.45,5.34,86.85,70.4784,84.2676,94.9926
2024-07-12,ASX,11.4871,11.574,0.756,0.695,69.5,1.55,2.41,4.27,71.81,10.5681,12.6358,14.244
2024-07-12,ST,39.621,39.29,-0.835,0.852,85.2,1.23,1.93,6.21,79.85,36.4513,43.5831,49.13
2024-07-12,FNF,47.7351,48.0192,0.595,0.638,63.8,1.25,1.94,6.0,53.31,43.9163,52.5086,59.1916
2024-07-12,CUBE,43.9924,44.4939,1.14,0.685,68.5,2.1,2.03,6.29,50.45,40.473,48.3916,54.5506
2024-07-12,GH,31.07,31.3,0.74,0.985,98.5,1.12,4.36,6.16,45.19,28.5844,34.177,38.5268
2024-07-12,ONC,152.17,150.19,-1.301,0.686,68.6,1.59,3.41,0.74,36.29,139.9964,167.387,188.6908
2024-07-12,GVA,62.6423,63.138,0.791,0.772,77.2,1.59,2.96,2.47,45.72,57.6309,68.9065,77.6764
2024-07-12,R,124.2486,124.8083,0.45,0.75,75.0,1.12,2.29,5.42,39.79,114.3087,136.6734,154.0682
2024-07-12,CR,145.7352,146.3497,0.422,0.641,64.1,1.19,2.51,2.35,35.08,134.0763,160.3087,180.7116
2024-07-12,LFUS,264.9319,264.5986,-0.126,0.79,79.0,1.21,2.16,4.99,36.41,243.7373,291.4251,328.5155
2024-07-12,FULT,16.4266,16.7568,2.01,0.855,85.5,1.49,2.01,5.82,26.18,15.1125,18.0693,20.369
2024-07-12,HIW,24.7527,24.7881,0.143,0.834,83.4,1.31,2.11,6.57,21.06,22.7724,27.2279,30.6933
2024-07-15,AAPL,232.8187,233.1964,0.162,0.842,84.2,1.11,1.96,3.45,13187.07,214.1932,256.1006,288.6952
2024-07-15,PANW,170.455,170.3,-0.091,0.739,73.9,1.19,2.66,0.74,732.43,156.8186,187.5005,211.3642
2024-07-15,ASML,1047.7969,1058.5247,1.024,0.765,76.5,1.42,2.33,1.31,1008.13,963.9731,1152.5766,1299.2681
2024-07-15,GS,477.1844,478.9003,0.36,0.845,84.5,1.55,1.9,6.25,1101.29,439.0097,524.9029,591.7087
2024-07-15,C,61.9031,61.77,-0.215,0.642,64.2,1.18,2.1,3.38,876.08,56.9508,68.0934,76.7598
2024-07-15,GEV,176.8905,178.2264,0.755,0.916,91.6,1.18,3.77,1.2,455.08,162.7392,194.5795,219.3442
2024-07-15,KLAC,846.9437,850.0922,0.372,0.608,60.8,1.14,2.76,0.04,474.24,779.1882,931.6381,1050.2102
2024-07-15,HUM,376.55,387.1445,2.814,0.797,79.7,1.27,2.2,4.84,463.49,346.426,414.2051,466.9221
2024-07-15,WDC,59.3491,58.9123,-0.736,0.625,62.5,1.25,2.92,1.55,339.36,54.6011,65.284,73.5928
2024-07-15,BKR,34.557,34.4119,-0.42,0.623,62.3,1.46,2.23,5.19,207.11,31.7925,38.0127,42.8507
2024-07-15,STX,105.3693,105.7175,0.33,0.907,90.7,1.16,2.14,4.64,201.46,96.9397,115.9062,130.6579
2024-07-15,DKS,208.4346,210.2817,0.886,0.581,58.1,1.26,3.14,0.36,239.36,191.7598,229.278,258.4589
2024-07-15,IR,98.5217,99.1409,0.628,0.586,58.6,1.29,2.18,6.54,215.37,90.64,108.3739,122.167
2024-07-15,DLCA,208.4346,210.2818,0.886,0.581,58.1,1.26,3.14,0.36,239.36,191.7598,229.278,258.4589
2024-07-15,WAB,162.9608,163.6656,0.433,0.671,67.1,1.16,1.91,2.73,175.45,149.9239,179.2568,202.0714
2024-07-15,CYBR,275.31,277.04,0.628,0.747,74.7,1.11,2.3,3.48,136.92,253.2852,302.841,341.3844
2024-07-15,CYBR2,275.31,277.04,0.628,0.747,74.7,1.11,2.3,3.48,136.92,253.2852,302.841,341.3844
2024-07-15,FTAI,100.0519,100.8489,0.797,0.953,95.3,1.14,4.57,2.84,133.7,92.0478,110.0571,124.0644
2024-07-15,IBKR,30.8999,30.9321,0.104,0.688,68.8,1.48,1.96,1.43,94.41,28.4279,33.9899,38.3159
2024-07-15,CLS,61.23,61.81,0.947,0.932,93.2,1.18,4.15,6.01,108.51,56.3316,67.353,75.9252
2024-07-15,GWRE,141.22,141.87,0.46,0.908,90.8,1.28,1.94,2.76,84.01,129.9224,155.342,175.1128
2024-07-15,CRBG,28.5561,28.6134,0.201,0.687,68.7,1.2,2.01,1.97,96.93,26.2716,31.4117,35.4095
2024-07-15,BORD,128.73,130.25,1.181,0.893,89.3,1.65,3.1,0.24,93.81,118.4316,141.603,159.6252
2024-07-15,CNX,26.31,26.42,0.418,0.587,58.7,1.45,2.09,6.4,71.51,24.2052,28.941,32.6244
2024-07-15,ROIV,11.5,11.47,-0.261,0.585,58.5,1.18,2.54,6.19,68.04,10.58,12.65,14.26
2024-07-15,BITS1,2.77,2.81,1.444,0.967,96.7,1.53,7.35,2.2,65.94,2.5484,3.047,3.4348
2024-07-15,ST,39.8254,40.0007,0.44,0.843,84.3,1.34,1.97,6.54,83.02,36.6394,43.808,49.3835
2024-07-15,CHDN,143.8017,144.636,0.58,0.806,80.6,1.28,1.89,3.81,81.74,132.2976,158.1819,178.3141
2024-07-15,CNQR,104.224,104.4317,0.199,0.851,85.1,1.5,3.36,5.1,44.83,95.8861,114.6464,129.2378
2024-07-15,CNR,104.224,104.4317,0.199,0.851,85.1,1.5,3.36,5.1,44.83,95.8861,114.6464,129.2378
2024-07-15,CNR1,104.224,104.4317,0.199,0.851,85.1,1.5,3.36,5.1,44.83,95.8861,114.6464,129.2378
2024-07-15,RKT,13.7783,13.977,1.442,0.895,89.5,1.19,3.53,4.74,35.4,12.676,15.1561,17.085
2024-07-15,NUVL,81.45,82.82,1.682,0.888,88.8,1.6,3.46,6.1,30.31,74.934,89.595,100.998
2024-07-15,CR,151.2458,151.9991,0.498,0.765,76.5,1.25,2.61,5.95,37.95,139.1462,166.3704,187.5449
2024-07-15,LBTYA,9.6239,9.6651,0.428,0.706,70.6,1.56,2.0,5.43,39.15,8.854,10.5863,11.9336
2024-07-15,PRIM,51.8227,52.4392,1.19,0.828,82.8,1.2,3.2,2.22,38.03,47.6769,57.005,64.2602
2024-07-15,CWPE,105.26,105.98,0.684,0.675,67.5,1.6,2.12,5.84,33.56,96.8392,115.786,130.5224
2024-07-15,CWST,105.26,105.98,0.684,0.675,67.5,1.6,2.12,5.84,33.56,96.8392,115.786,130.5224
2024-07-15,HBM,9.1429,9.053,-0.983,0.822,82.2,1.22,3.02,0.58,24.79,8.4114,10.0571,11.3371
2024-07-15,LOPE,147.96,148.78,0.554,0.65,65.0,1.15,1.99,6.21,29.88,136.1232,162.756,183.4704
2024-07-16,ASML,1052.2888,964.0128,-8.389,0.777,77.7,1.24,2.33,1.55,1020.37,968.1057,1157.5177,1304.8381
2024-07-16,C,63.9272,63.5186,-0.639,0.695,69.5,1.44,2.21,6.09,938.79,58.813,70.3199,79.2697
2024-07-16,RDDT,70.44,68.48,-2.783,0.973,97.3,1.54,6.64,5.82,209.46,64.8048,77.484,87.3456
2024-07-16,PLD,115.4387,118.2418,2.428,0.71,71.0,1.31,1.89,6.71,396.5,106.2036,126.9826,143.144
2024-07-16,BKR,35.128,35.1667,0.11,0.613,61.3,1.35,2.28,6.11,215.84,32.3177,38.6408,43.5587
2024-07-16,HWM,80.9889,79.8444,-1.413,0.883,88.3,1.12,2.06,2.59,244.82,74.5098,89.0878,100.4262
2024-07-16,ONON,39.2,38.85,-0.893,0.751,75.1,1.49,3.66,1.59,199.64,36.064,43.12,48.608
2024-07-16,WAB,167.4081,166.2962,-0.664,0.708,70.8,1.19,1.91,5.26,185.75,154.0154,184.1489,207.586
2024-07-16,GAP,23.0175,22.4818,-2.328,0.656,65.6,1.19,3.62,0.4,131.27,21.1761,25.3192,28.5417
2024-07-16,SFM,85.13,84.38,-0.881,0.913,91.3,1.32,2.32,4.38,103.47,78.3196,93.643,105.5612
2024-07-16,OC,175.0702,173.0552,-1.151,0.614,61.4,1.34,2.44,5.32,126.82,161.0645,192.5772,217.087
2024-07-16,AER,96.1401,95.5001,-0.666,0.706,70.6,1.41,2.15,3.8,144.78,88.4489,105.7541,119.2137
2024-07-16,OCAI,175.0701,173.0552,-1.151,0.614,61.4,1.34,2.44,5.32,126.82,161.0645,192.5772,217.087
2024-07-16,MTZ,106.33,105.25,-1.016,0.876,87.6,1.28,2.91,0.32,92.63,97.8236,116.963,131.8492
2024-07-16,MUSA,491.4809,490.1825,-0.264,0.774,77.4,1.23,2.02,5.04,87.94,452.1624,540.629,609.4363
2024-07-16,BORD,130.98,127.53,-2.634,0.904,90.4,1.15,3.1,1.81,96.96,120.5016,144.078,162.4152
2024-07-16,HALL,55.1,54.58,-0.944,0.948,94.8,1.28,2.72,5.79,78.62,50.692,60.61,68.324
2024-07-16,HALO,55.1,54.58,-0.944,0.948,94.8,1.28,2.72,5.79,78.62,50.692,60.61,68.324
2024-07-16,MMYT,86.03,85.0,-1.197,0.93,93.0,1.57,4.56,0.79,57.02,79.1476,94.633,106.6772
2024-07-16,ONC,152.92,151.28,-1.072,0.676,67.6,1.69,3.58,2.2,38.17,140.6864,168.212,189.6208
2024-07-16,CNQR,105.4602,105.5986,0.131,0.871,87.1,1.2,3.44,5.86,47.01,97.0234,116.0062,130.7706
2024-07-16,CNR,105.4602,105.5986,0.131,0.871,87.1,1.2,3.44,5.86,47.01,97.0234,116.0062,130.7706
2024-07-16,CNR1,105.4602,105.5986,0.131,0.871,87.1,1.2,3.44,5.86,47.01,97.0234,116.0062,130.7706
2024-07-16,KD,27.41,27.14,-0.985,0.93,93.0,1.11,2.25,5.21,45.85,25.2172,30.151,33.9884
2024-07-16,MMSY,87.06,86.76,-0.345,0.812,81.2,1.34,1.9,2.92,40.66,80.0952,95.766,107.9544
2024-07-16,CAKE,38.6881,38.4763,-0.547,0.765,76.5,1.65,2.71,3.24,32.13,35.593,42.5569,47.9732
2024-07-16,CAKR,38.6881,38.4763,-0.547,0.765,76.5,1.65,2.71,3.24,32.13,35.593,42.5569,47.9732
2024-07-16,GPCR,44.66,40.0,-10.434,0.823,82.3,1.47,6.53,6.77,43.81,41.0872,49.126,55.3784
2024-07-16,CWPE,105.38,105.04,-0.323,0.629,62.9,1.8,2.15,5.48,35.76,96.9496,115.918,130.6712
2024-07-16,CWST,105.38,105.04,-0.323,0.629,62.9,1.8,2.15,5.48,35.76,96.9496,115.918,130.6712
2024-07-16,BCO,105.5161,104.7873,-0.691,0.837,83.7,1.13,2.23,4.36,30.9,97.0748,116.0677,130.84
2024-07-16,BEPC,28.0632,27.906,-0.56,0.923,92.3,1.27,2.41,3.09,23.55,25.8181,30.8695,34.7984
2024-07-16,BEPH,28.0632,27.906,-0.56,0.923,92.3,1.27,2.41,3.09,23.55,25.8181,30.8695,34.7984
2024-07-16,BEPI,28.0632,27.906,-0.56,0.923,92.3,1.27,2.41,3.09,23.55,25.8181,30.8695,34.7984
2024-07-17,INTC,34.2428,34.7396,1.451,0.658,65.8,1.87,3.8,1.97,2054.78,31.5034,37.6671,42.461
2024-07-17,PFE,26.7437,26.6368,-0.4,0.749,74.9,1.47,2.07,6.4,823.86,24.6042,29.4181,33.1622
2024-07-17,C,64.2503,64.1933,-0.089,0.697,69.7,1.17,2.16,6.0,948.96,59.1103,70.6754,79.6704
2024-07-17,ADI,229.1884,230.0347,0.369,0.905,90.5,1.56,1.88,1.46,653.99,210.8533,252.1072,284.1936
2024-07-17,NXPI,268.7793,272.3203,1.317,0.903,90.3,2.46,2.58,1.03,494.7,247.277,295.6572,333.2863
2024-07-17,ZBH,75.46,76.29,1.1,0.854,85.4,1.81,2.96,4.66,414.92,69.4232,83.006,93.5704
2024-07-17,ZBRA,75.46,76.29,1.1,0.854,85.4,1.81,2.96,4.66,414.92,69.4232,83.006,93.5704
2024-07-17,ZION,75.46,76.29,1.1,0.854,85.4,1.81,2.96,4.66,414.92,69.4232,83.006,93.5704
2024-07-17,RCL,161.62,162.8385,0.754,0.894,89.4,1.29,2.46,2.95,328.95,148.6904,177.782,200.4088
2024-07-17,EQT-ST,336.3206,318.5782,-5.275,0.793,79.3,1.13,2.35,5.95,149.09,309.4149,369.9526,417.0375
2024-07-17,CARR,66.2235,66.2039,-0.03,0.89,89.0,1.23,2.6,4.95,278.32,60.9256,72.8459,82.1172
2024-07-17,TER,151.3777,150.8611,-0.341,0.97,97.0,1.52,2.8,0.33,311.96,139.2675,166.5155,187.7084
2024-07-17,BBY,82.9186,82.528,-0.471,0.778,77.8,1.15,2.42,3.37,287.87,76.2851,91.2105,102.8191
2024-07-17,STX,101.4714,102.3032,0.82,0.898,89.8,1.43,2.12,0.52,200.91,93.3537,111.6185,125.8245
2024-07-17,IR,97.8826,97.603,-0.286,0.591,59.1,1.17,2.0,5.08,218.56,90.052,107.6709,121.3745
2024-07-17,ONON,40.36,41.28,2.279,0.896,89.6,1.67,3.61,4.77,210.62,37.1312,44.396,50.0464
2024-07-17,COHR,75.82,76.6,1.029,0.963,96.3,1.3,3.55,1.95,133.46,69.7544,83.402,94.0168
2024-07-17,WAB,165.7006,165.1348,-0.341,0.717,71.7,1.62,1.9,4.02,191.87,152.4446,182.2707,205.4688
2024-07-17,COHR1,75.82,76.6,1.029,0.963,96.3,1.3,3.55,1.95,133.46,69.7544,83.402,94.0168
2024-07-17,QRVO,123.59,125.53,1.57,0.768,76.8,1.56,2.81,4.08,171.78,113.7028,135.949,153.2516
2024-07-17,EXR,157.2819,156.2884,-0.632,0.897,89.7,1.11,1.99,6.45,145.97,144.6993,173.01,195.0295
2024-07-17,NTRA,110.37,111.44,0.969,0.907,90.7,1.65,3.0,0.15,127.71,101.5404,121.407,136.8588
2024-07-17,ARGX,463.41,459.79,-0.781,0.902,90.2,1.46,2.36,5.31,170.54,426.3372,509.751,574.6284
2024-07-17,TRU,78.5432,78.345,-0.252,0.79,79.0,1.33,2.45,4.3,111.0,72.2597,86.3975,97.3935
2024-07-17,FLEX,31.03,31.13,0.322,0.686,68.6,1.22,2.64,2.65,102.64,28.5476,34.133,38.4772
2024-07-17,IBKR,30.5801,30.4265,-0.503,0.588,58.8,2.99,2.18,0.15,118.26,28.1337,33.6382,37.9194
2024-07-17,ALLY,41.4066,41.4066,-0.0,0.616,61.6,2.17,2.32,6.12,126.69,38.0941,45.5473,51.3442
2024-07-17,AER,94.358,95.4214,1.127,0.703,70.3,1.23,2.16,1.61,145.25,86.8094,103.7938,117.004
2024-07-17,CRBG,28.2314,28.174,-0.203,0.582,58.2,1.31,2.01,0.38,92.73,25.9728,31.0545,35.0069
2024-07-17,MEDP,436.99,436.99,0.0,0.76,76.0,1.38,2.97,4.87,95.51,402.0308,480.689,541.8676
2024-07-17,MEDP1,436.99,436.99,0.0,0.76,76.0,1.38,2.97,4.87,95.51,402.0308,480.689,541.8676
2024-07-17,FHN,15.5845,15.1674,-2.676,0.655,65.5,2.52,2.44,5.54,119.14,14.3377,17.1429,19.3248
2024-07-17,WWD,177.8446,177.4382,-0.228,0.83,83.0,1.83,2.1,0.98,67.6,163.617,195.6291,220.5273
2024-07-17,OLED,220.9868,223.5416,1.156,0.96,96.0,1.64,2.12,3.93,73.07,203.3079,243.0855,274.0237
2024-07-17,ONC,153.64,150.74,-1.888,0.785,78.5,1.17,3.57,2.87,39.94,141.3488,169.004,190.5136
2024-07-17,CVLL,121.96,122.23,0.221,0.901,90.1,1.35,2.05,0.32,47.73,112.2032,134.156,151.2304
2024-07-17,RBC,297.59,296.17,-0.477,0.827,82.7,1.56,2.03,6.52,55.89,273.7828,327.349,369.0116
2024-07-17,VMI,283.4679,282.6773,-0.279,0.926,92.6,1.56,1.88,5.57,53.31,260.7905,311.8147,351.5002
2024-07-17,GET,4.76,4.73,-0.63,0.903,90.3,1.25,4.91,4.53,48.72,4.3792,5.236,5.9024
2024-07-17,GETI,4.76,4.73,-0.63,0.903,90.3,1.25,4.91,4.53,48.72,4.3792,5.236,5.9024
2024-07-17,CAKE,38.3416,37.8989,-1.155,0.772,77.2,1.57,2.68,2.44,32.57,35.2743,42.1758,47.5436
2024-07-17,CAKR,38.3416,37.8989,-1.155,0.772,77.2,1.57,2.68,2.44,32.57,35.2743,42.1758,47.5436
2024-07-17,CALM,58.2786,58.2608,-0.03,0.595,59.5,1.58,2.06,6.19,36.37,53.6163,64.1064,72.2654
2024-07-17,NUVL,80.5,80.66,0.199,0.9,90.0,2.15,3.73,4.22,34.49,74.06,88.55,99.82
2024-07-17,IAG,4.13,4.16,0.726,0.637,63.7,1.12,3.58,5.48,34.83,3.7996,4.543,5.1212
2024-07-17,CR,150.8692,150.9088,0.026,0.767,76.7,1.36,2.44,4.72,38.15,138.7997,165.9562,187.0778
2024-07-17,AMBA,59.82,60.24,0.702,0.953,95.3,1.49,3.25,3.73,36.31,55.0344,65.802,74.1768
2024-07-17,ARWM,28.02,28.02,0.0,0.872,87.2,1.17,4.91,6.27,31.64,25.7784,30.822,34.7448
2024-07-17,ARWR,28.02,28.02,0.0,0.872,87.2,1.17,4.91,6.27,31.64,25.7784,30.822,34.7448
2024-07-17,PRIM,52.3,52.6182,0.608,0.818,81.8,1.14,3.3,3.3,39.84,48.116,57.53,64.852
2024-07-17,VIRT,22.4723,24.1642,7.529,0.635,63.5,1.26,2.5,3.47,45.75,20.6746,24.7196,27.8657
2024-07-17,CWPE,106.76,106.64,-0.112,0.678,67.8,1.77,2.14,6.43,38.24,98.2192,117.436,132.3824
2024-07-17,CWST,106.76,106.64,-0.112,0.678,67.8,1.77,2.14,6.43,38.24,98.2192,117.436,132.3824
2024-07-17,BDCC,95.3978,95.4676,0.073,0.74,74.0,1.34,2.33,2.05,29.92,87.766,104.9376,118.2933
2024-07-17,BCO,104.2357,103.8319,-0.387,0.833,83.3,1.37,2.12,2.83,31.1,95.8969,114.6593,129.2523
2024-07-17,IESC,146.44,149.06,1.789,0.887,88.7,1.17,4.28,3.28,20.69,134.7248,161.084,181.5856
2024-07-17,PENG,25.42,25.7,1.101,0.958,95.8,1.25,4.6,3.73,41.18,23.3864,27.962,31.5208
2024-07-17,HUBG,45.1325,44.1316,-2.218,0.715,71.5,1.54,2.37,6.11,20.68,41.5219,49.6458,55.9643
2024-07-18,INTC,34.6502,34.3521,-0.86,0.779,77.9,1.28,4.17,2.08,2287.55,31.8782,38.1152,42.9662
2024-07-18,BAC,41.5331,41.3882,-0.349,0.746,74.6,1.26,2.01,4.99,1601.89,38.2104,45.6864,51.501
2024-07-18,GS,471.3484,474.1695,0.599,0.798,79.8,1.27,2.06,3.42,1236.81,433.6405,518.4833,584.472
2024-07-18,PFE,26.4587,26.6636,0.774,0.75,75.0,1.49,2.16,4.84,838.18,24.342,29.1046,32.8088
2024-07-18,XBI,97.1595,97.3388,0.185,0.791,79.1,1.54,1.92,3.07,805.83,89.3868,106.8755,120.4778
2024-07-18,MS,99.7039,99.6088,-0.095,0.751,75.1,1.22,1.96,4.0,748.47,91.7276,109.6743,123.6329
2024-07-18,HUM,381.1367,378.3044,-0.743,0.835,83.5,1.34,2.47,4.33,532.19,350.6458,419.2504,472.6096
2024-07-18,NXPI,271.6783,271.4351,-0.09,0.916,91.6,1.18,2.68,1.98,507.63,249.944,298.8461,336.881
2024-07-18,MPWR,833.6659,842.5612,1.067,0.951,95.1,1.38,3.39,0.98,425.65,766.9726,917.0325,1033.7457
2024-07-18,PLD,116.5124,116.8355,0.277,0.82,82.0,1.23,2.22,6.56,438.29,107.1914,128.1637,144.4754
2024-07-18,EQT-ST,318.9703,317.2059,-0.553,0.717,71.7,3.14,2.58,0.21,157.45,293.4527,350.8673,395.5232
2024-07-18,PSA,286.21,287.3695,0.405,0.8,80.0,1.14,1.98,3.62,205.14,263.3132,314.831,354.9004
2024-07-18,TOST,26.51,26.42,-0.339,0.834,83.4,1.81,3.69,3.51,157.86,24.3892,29.161,32.8724
2024-07-18,ONON,40.12,40.16,0.1,0.896,89.6,1.27,3.74,4.43,214.38,36.9104,44.132,49.7488
2024-07-18,COHR,74.53,74.91,0.51,0.959,95.9,1.69,3.74,0.14,134.92,68.5676,81.983,92.4172
2024-07-18,COHR1,74.53,74.91,0.51,0.959,95.9,1.69,3.74,0.14,134.92,68.5676,81.983,92.4172
2024-07-18,ARES,141.8011,141.753,-0.034,0.675,67.5,1.31,2.2,6.55,189.86,130.457,155.9812,175.8333
2024-07-18,EXR,156.7289,157.1319,0.257,0.913,91.3,1.16,2.0,5.81,141.97,144.1906,172.4018,194.3438
2024-07-18,ARGX,466.56,466.1,-0.099,0.903,90.3,1.26,2.39,4.97,176.91,429.2352,513.216,578.5344
2024-07-18,GMG-AX,36.6809,36.0592,-1.695,0.849,84.9,1.93,1.97,5.24,109.6,33.7464,40.349,45.4843
2024-07-18,TRU,76.948,76.8092,-0.18,0.753,75.3,1.19,2.59,1.76,108.26,70.7921,84.6428,95.4155
2024-07-18,KGC,8.799,8.5422,-2.918,0.943,94.3,1.13,3.06,5.44,156.8,8.095,9.6789,10.9107
2024-07-18,MEDP,423.96,421.94,-0.476,0.68,68.0,1.34,3.15,1.48,96.23,390.0432,466.356,525.7104
2024-07-18,MEDP1,423.96,421.94,-0.476,0.68,68.0,1.34,3.15,1.48,96.23,390.0432,466.356,525.7104
2024-07-18,FHN,15.357,15.3475,-0.062,0.614,61.4,1.45,2.6,3.42,121.93,14.1284,16.8927,19.0426
2024-07-18,LITE,55.5,55.51,0.018,0.932,93.2,2.13,3.42,3.52,60.41,51.06,61.05,68.82
2024-07-18,REXR,45.8414,46.0197,0.389,0.742,74.2,1.27,2.36,5.83,88.78,42.1741,50.4255,56.8433
2024-07-18,LPX,87.0657,86.8209,-0.281,0.863,86.3,1.26,2.31,5.72,80.83,80.1004,95.7723,107.9615
2024-07-18,OLED,218.4812,218.4812,0.0,0.961,96.1,1.27,2.21,2.44,73.08,201.0027,240.3293,270.9167
2024-07-18,GMED,71.93,72.39,0.64,0.95,95.0,1.36,1.88,3.95,66.6,66.1756,79.123,89.1932
2024-07-18,MMYT,87.98,86.69,-1.466,0.952,95.2,1.54,4.62,2.48,64.35,80.9416,96.778,109.0952
2024-07-18,FLS,49.1611,49.2002,0.08,0.612,61.2,1.14,2.0,4.44,47.3,45.2282,54.0772,60.9598
2024-07-18,GLPI,43.1585,43.0602,-0.228,0.736,73.6,2.07,1.99,5.78,58.82,39.7058,47.4743,53.5165
2024-07-18,IPGP,49.1611,49.2002,0.08,0.611,61.1,1.14,2.0,4.44,47.3,45.2282,54.0772,60.9598
2024-07-18,FLSCQ,49.1611,49.2002,0.08,0.612,61.2,1.14,2.0,4.44,47.3,45.2282,54.0772,60.9598
2024-07-18,PRY-MI,59.6187,60.1491,0.89,0.83,83.0,1.47,2.31,1.94,58.3,54.8492,65.5806,73.9272
2024-07-18,RKT,14.0716,13.9959,-0.538,0.885,88.5,1.25,3.9,6.24,42.25,12.9459,15.4788,17.4488
2024-07-18,HMYRQ,10.003,9.4796,-5.232,0.786,78.6,1.22,3.24,6.26,43.02,9.2027,11.0033,12.4037
2024-07-18,CAKE,38.2646,38.3801,0.302,0.794,79.4,1.63,2.68,2.21,33.66,35.2034,42.0911,47.4481
2024-07-18,CAKR,38.2646,38.3801,0.302,0.794,79.4,1.63,2.68,2.21,33.66,35.2034,42.0911,47.4481
2024-07-18,IAG,4.05,3.98,-1.728,0.778,77.8,1.43,3.5,3.04,34.82,3.726,4.455,5.022
2024-07-18,BTHS,2.847,2.7897,-2.013,0.842,84.2,1.17,3.15,6.09,31.36,2.6192,3.1317,3.5303
2024-07-18,BTIC,2.847,2.7897,-2.013,0.842,84.2,1.17,3.15,6.09,31.36,2.6192,3.1317,3.5303
2024-07-18,BTGO,2.847,2.7897,-2.013,0.842,84.2,1.17,3.15,6.09,31.36,2.6192,3.1317,3.5303
2024-07-18,FNB,13.6107,13.5728,-0.279,0.589,58.9,2.68,2.31,3.89,38.67,12.5218,14.9718,16.8773
2024-07-18,MGNB,14.54,14.61,0.481,0.981,98.1,1.37,3.55,5.61,25.01,13.3768,15.994,18.0296
2024-07-18,MGNI,14.54,14.61,0.481,0.981,98.1,1.37,3.55,5.61,25.01,13.3768,15.994,18.0296
2024-07-22,BAC,40.8475,40.7702,-0.189,0.664,66.4,1.13,2.08,2.54,1545.05,37.5797,44.9322,50.6509
2024-07-22,HD,350.429,352.532,0.6,0.631,63.1,1.18,2.03,4.04,1205.71,322.3947,385.4719,434.5319
2024-07-22,PFE,26.3608,26.3786,0.068,0.75,75.0,1.48,2.17,3.71,827.59,24.2519,28.9968,32.6874
2024-07-22,MS,97.4494,97.4589,0.01,0.641,64.1,1.14,2.04,1.1,764.41,89.6535,107.1944,120.8373
2024-07-22,GM,48.8198,48.6031,-0.444,0.645,64.5,1.23,2.13,4.12,677.5,44.9142,53.7018,60.5366
2024-07-22,ISRG,461.12,459.1,-0.438,0.879,87.9,1.4,2.06,4.68,846.64,424.2304,507.232,571.7888
2024-07-22,F,12.7708,12.7165,-0.425,0.65,65.0,1.14,2.37,6.63,665.08,11.7491,14.0478,15.8358
2024-07-22,NXPI,276.0949,253.7006,-8.111,0.862,86.2,2.17,2.88,3.31,509.31,254.0073,303.7044,342.3577
2024-07-22,ZBH,77.33,75.0,-3.013,0.812,81.2,1.45,3.26,5.9,414.53,71.1436,85.063,95.8892
2024-07-22,ZBRA,77.33,75.0,-3.013,0.812,81.2,1.45,3.26,5.9,414.53,71.1436,85.063,95.8892
2024-07-22,ZION,77.33,75.0,-3.013,0.812,81.2,1.45,3.26,5.9,414.53,71.1436,85.063,95.8892
2024-07-22,RDDT,68.13,67.8,-0.484,0.974,97.4,1.25,6.69,0.19,198.85,62.6796,74.943,84.4812
2024-07-22,MPWR,847.4341,830.1671,-2.038,0.93,93.0,1.28,3.63,2.54,415.27,779.6394,932.1775,1050.8183
2024-07-22,CHTH,312.97,314.65,0.537,0.817,81.7,1.25,3.11,2.7,442.0,287.9324,344.267,388.0828
2024-07-22,CHTP,312.97,314.65,0.537,0.817,81.7,1.25,3.11,2.7,442.0,287.9324,344.267,388.0828
2024-07-22,CHTRQ,312.97,314.65,0.537,0.817,81.7,1.25,3.11,2.7,442.0,287.9324,344.267,388.0828
2024-07-22,FTV,312.97,314.65,0.537,0.817,81.7,1.25,3.11,2.7,442.0,287.9324,344.267,388.0828
2024-07-22,GDDY,312.97,314.65,0.537,0.817,81.7,1.25,3.11,2.7,442.0,287.9324,344.267,388.0828
2024-07-22,GEN,312.97,314.65,0.537,0.817,81.7,1.25,3.11,2.7,442.0,287.9324,344.267,388.0828
2024-07-22,GIS,312.97,314.65,0.537,0.817,81.7,1.25,3.11,2.7,442.0,287.9324,344.267,388.0828
2024-07-22,NU,12.99,12.85,-1.078,0.857,85.7,1.25,3.43,0.55,421.5,11.9508,14.289,16.1076
2024-07-22,CHTR,312.97,314.65,0.537,0.817,81.7,1.25,3.11,2.7,442.0,287.9324,344.267,388.0828
2024-07-22,HOOD,23.42,23.23,-0.811,0.932,93.2,1.27,4.47,2.79,308.87,21.5464,25.762,29.0408
2024-07-22,TTD,100.44,100.7,0.259,0.839,83.9,1.47,2.78,1.99,323.76,92.4048,110.484,124.5456
2024-07-22,TER,153.4743,150.871,-1.696,0.972,97.2,1.25,2.92,1.64,276.66,141.1963,168.8217,190.3081
2024-07-22,BBY,82.7326,82.2676,-0.562,0.859,85.9,1.18,2.43,3.72,262.67,76.114,91.0059,102.5884
2024-07-22,HWM,79.8643,79.8046,-0.075,0.895,89.5,1.35,2.22,1.48,239.61,73.4752,87.8508,99.0318
2024-07-22,STX,102.6997,101.7228,-0.951,0.874,87.4,1.26,2.1,1.67,188.69,94.4838,112.9697,127.3477
2024-07-22,BURL,252.25,252.18,-0.028,0.956,95.6,1.48,2.46,3.94,178.8,232.07,277.475,312.79
2024-07-22,SPG,146.5632,145.8756,-0.469,0.688,68.8,1.17,2.01,5.23,213.89,134.8381,161.2195,181.7384
2024-07-22,TOST,27.42,27.36,-0.219,0.83,83.0,1.28,3.6,6.33,155.63,25.2264,30.162,34.0008
2024-07-22,CSL,419.3186,416.12,-0.763,0.741,74.1,1.13,2.38,2.42,144.66,385.7731,461.2505,519.9551
2024-07-22,FTAI,103.5349,104.0563,0.504,0.962,96.2,1.17,4.61,2.91,137.9,95.2521,113.8884,128.3833
2024-07-22,AMCCF,5.28,5.3,0.379,0.976,97.6,1.87,6.56,3.43,107.0,4.8576,5.808,6.5472
2024-07-22,GWRE,144.59,145.28,0.477,0.909,90.9,1.47,1.9,4.01,86.28,133.0228,159.049,179.2916
2024-07-22,MEDP,437.18,360.81,-17.469,0.636,63.6,1.36,3.25,3.98,97.0,402.2056,480.898,542.1032
2024-07-22,MEDP1,437.18,360.81,-17.469,0.636,63.6,1.36,3.25,3.98,97.0,402.2056,480.898,542.1032
2024-07-22,GFS,56.24,55.2,-1.849,0.83,83.0,1.16,3.02,5.57,91.09,51.7408,61.864,69.7376
2024-07-22,TTEK,41.1873,41.0291,-0.384,0.644,64.4,1.12,2.42,1.65,59.25,37.8923,45.306,51.0722
2024-07-22,LEG,54.8048,54.5559,-0.454,0.843,84.3,1.11,1.98,5.08,54.04,50.4204,60.2853,67.9579
2024-07-22,CUBE,44.8747,44.8097,-0.145,0.784,78.4,1.18,2.12,5.58,48.97,41.2847,49.3621,55.6446
2024-07-22,NSIX,216.81,216.34,-0.217,0.804,80.4,1.7,2.19,6.36,35.4,199.4652,238.491,268.8444
2024-07-22,AGI,17.0723,17.0922,0.117,0.717,71.7,1.31,2.45,3.3,25.22,15.7065,18.7795,21.1696
2024-07-22,CAKE,37.7257,37.3215,-1.071,0.684,68.4,1.19,2.67,0.96,32.98,34.7076,41.4982,46.7798
2024-07-22,CAKR,37.7257,37.3215,-1.071,0.684,68.4,1.19,2.67,0.96,32.98,34.7076,41.4982,46.7798
2024-07-22,IAG,4.08,4.1,0.49,0.723,72.3,1.29,3.5,3.07,35.51,3.7536,4.488,5.0592
2024-07-22,BTHS,2.8566,2.8757,0.669,0.841,84.1,1.15,3.11,5.3,28.8,2.628,3.1422,3.5421
2024-07-22,BTIC,2.8566,2.8757,0.669,0.841,84.1,1.15,3.11,5.3,28.8,2.628,3.1422,3.5421
2024-07-22,BTGO,2.8566,2.8757,0.669,0.841,84.1,1.15,3.11,5.3,28.8,2.628,3.1422,3.5421
2024-07-22,BMI,198.8403,199.5606,0.362,0.642,64.2,1.49,2.11,5.9,35.55,182.933,218.7243,246.5619
2024-07-22,ACIW,42.31,42.46,0.355,0.908,90.8,1.66,2.03,6.15,33.37,38.9252,46.541,52.4644
2024-07-22,PFSI,97.1894,97.4343,0.252,0.582,58.2,1.58,2.37,3.37,30.42,89.4143,106.9084,120.5149
2024-07-23,BA,186.48,185.62,-0.461,0.668,66.8,1.31,2.78,2.08,1084.31,171.5616,205.128,231.2352
2024-07-23,PANW,167.78,167.0,-0.465,0.653,65.3,1.12,2.86,0.46,823.4,154.3576,184.558,208.0472
2024-07-23,ZBH,73.39,73.1,-0.395,0.636,63.6,1.38,3.29,0.12,402.9,67.5188,80.729,91.0036
2024-07-23,ZBRA,73.39,73.1,-0.395,0.636,63.6,1.38,3.29,0.12,402.9,67.5188,80.729,91.0036
2024-07-23,ZION,73.39,73.1,-0.395,0.636,63.6,1.38,3.29,0.12,402.9,67.5188,80.729,91.0036
2024-07-23,CHTH,320.04,320.84,0.25,0.866,86.6,1.38,3.27,4.44,455.22,294.4368,352.044,396.8496
2024-07-23,CHTP,320.04,320.84,0.25,0.866,86.6,1.38,3.27,4.44,455.22,294.4368,352.044,396.8496
2024-07-23,CHTRQ,320.04,320.84,0.25,0.866,86.6,1.38,3.27,4.44,455.22,294.4368,352.044,396.8496
2024-07-23,FTV,320.04,320.84,0.25,0.866,86.6,1.38,3.27,4.44,455.22,294.4368,352.044,396.8496
2024-07-23,GDDY,320.04,320.84,0.25,0.866,86.6,1.38,3.27,4.44,455.22,294.4368,352.044,396.8496
2024-07-23,GEN,320.04,320.84,0.25,0.866,86.6,1.38,3.27,4.44,455.22,294.4368,352.044,396.8496
2024-07-23,GIS,320.04,320.84,0.25,0.866,86.6,1.38,3.27,4.44,455.22,294.4368,352.044,396.8496
2024-07-23,CHTR,320.04,320.84,0.25,0.866,86.6,1.38,3.27,4.44,455.22,294.4368,352.044,396.8496
2024-07-23,CARR,66.8997,66.1157,-1.172,0.741,74.1,1.14,2.57,5.0,268.98,61.5477,73.5896,82.9556
2024-07-23,HWM,82.0139,81.5561,-0.558,0.898,89.8,1.19,2.19,3.97,243.2,75.4528,90.2153,101.6973
2024-07-23,STX,101.8486,105.4273,3.514,0.848,84.8,1.96,2.12,0.73,197.36,93.7007,112.0334,126.2922
2024-07-23,SPG,145.7084,145.8385,0.089,0.657,65.7,1.23,1.94,4.39,209.17,134.0517,160.2792,180.6784
2024-07-23,PSA,284.6546,285.0034,0.123,0.811,81.1,1.44,1.98,2.49,191.35,261.8822,313.12,352.9717
2024-07-23,Z,51.25,50.88,-0.722,0.83,83.0,1.16,3.44,5.39,169.07,47.15,56.375,63.55
2024-07-23,TOST,27.04,26.66,-1.405,0.793,79.3,1.4,3.67,4.57,158.29,24.8768,29.744,33.5296
2024-07-23,THC,138.68,146.0,5.278,0.955,95.5,1.54,3.01,3.76,159.19,127.5856,152.548,171.9632
2024-07-23,ARGX,472.87,468.2,-0.988,0.904,90.4,1.22,2.33,4.25,171.84,435.0404,520.157,586.3588
2024-07-23,SFM,83.86,83.34,-0.62,0.897,89.7,1.16,2.39,1.32,92.55,77.1512,92.246,103.9864
2024-07-23,FTAI,106.1028,110.1958,3.858,0.962,96.2,1.13,4.54,4.62,144.1,97.6146,116.7131,131.5675
2024-07-23,ESTC,117.39,116.16,-1.048,0.675,67.5,1.22,3.23,2.03,125.95,107.9988,129.129,145.5636
2024-07-23,CHKR,170.0,175.0,2.941,0.651,65.1,1.96,1.94,1.09,116.09,156.4,187.0,210.8
2024-07-23,CHKR1,170.0,175.0,2.941,0.651,65.1,1.96,1.94,1.09,116.09,156.4,187.0,210.8
2024-07-23,CHL,170.0,175.0,2.941,0.651,65.1,1.96,1.94,1.09,116.09,156.4,187.0,210.8
2024-07-23,CHLD1,170.0,175.0,2.941,0.651,65.1,1.96,1.94,1.09,116.09,156.4,187.0,210.8
2024-07-23,LBRDK,53.6798,53.7172,0.07,0.767,76.7,1.5,2.83,4.39,47.45,49.3854,59.0478,66.5629
2024-07-23,OLED,227.2067,223.2763,-1.73,0.963,96.3,1.55,2.3,5.26,76.12,209.0301,249.9273,281.7363
2024-07-23,BAM,39.7578,39.5501,-0.522,0.596,59.6,1.39,2.03,6.11,31.82,36.5771,43.7335,49.2996
2024-07-23,HLI,141.23,140.8882,-0.242,0.733,73.3,1.19,1.99,4.06,42.02,129.9316,155.353,175.1253
2024-07-23,KD,27.57,27.23,-1.233,0.938,93.8,1.5,2.44,3.95,43.89,25.3644,30.327,34.1868
2024-07-23,GET,4.62,4.25,-8.009,0.911,91.1,1.25,4.58,1.04,39.83,4.2504,5.082,5.7288
2024-07-23,GETI,4.62,4.25,-8.009,0.911,91.1,1.25,4.58,1.04,39.83,4.2504,5.082,5.7288
2024-07-23,CAKE,37.3022,37.3022,0.0,0.671,67.1,1.18,2.71,0.03,33.08,34.318,41.0324,46.2547
2024-07-23,CAKR,37.3022,37.3022,0.0,0.671,67.1,1.18,2.71,0.03,33.08,34.318,41.0324,46.2547
2024-07-23,CNMD,72.0603,72.3357,0.382,0.821,82.1,1.11,3.67,6.53,27.92,66.2955,79.2663,89.3547
2024-07-23,CWPE,105.73,105.63,-0.095,0.678,67.8,1.1,2.19,3.85,36.88,97.2716,116.303,131.1052
2024-07-23,CWST,105.73,105.63,-0.095,0.678,67.8,1.1,2.19,3.85,36.88,97.2716,116.303,131.1052
2024-07-23,FNB,14.2457,14.1983,-0.333,0.659,65.9,1.25,2.46,6.77,42.38,13.1061,15.6703,17.6647
2024-07-23,PFSI,98.3453,97.307,-1.056,0.784,78.4,1.7,2.37,4.22,32.52,90.4776,108.1798,121.9481
2024-07-31,M&M-NS,2884.6248,2903.1757,0.643,0.942,94.2,1.38,2.64,2.97,8871.71,2653.8548,3173.0872,3576.9347
2024-07-31,IWM,219.9646,219.8762,-0.04,0.644,64.4,1.3,1.87,3.97,8834.64,202.3674,241.9611,272.7561
2024-07-31,PFE,27.5817,27.7443,0.589,0.692,69.2,1.12,2.3,4.98,1010.65,25.3752,30.3399,34.2014
2024-07-31,XBI,98.6736,99.1418,0.474,0.62,62.0,1.16,2.11,1.2,813.53,90.7797,108.541,122.3553
2024-07-31,IBM,183.1803,183.8191,0.349,0.808,80.8,1.48,1.95,4.42,687.41,168.5259,201.4984,227.1436
2024-07-31,NEE,73.1125,73.0455,-0.092,0.606,60.6,1.57,2.26,4.48,726.56,67.2635,80.4238,90.6595
2024-07-31,ANET,86.6375,87.625,1.14,0.916,91.6,2.38,3.27,0.47,810.87,79.7065,95.3012,107.4305
2024-07-31,CVS,56.7513,57.2687,0.912,0.59,59.0,1.45,2.61,2.77,500.66,52.2112,62.4265,70.3717
2024-07-31,REGN,1073.2377,1055.0087,-1.698,0.686,68.6,1.34,2.04,0.99,418.34,987.3787,1180.5614,1330.8147
2024-07-31,GILD,72.6953,72.7431,0.066,0.833,83.3,1.12,2.35,5.53,458.64,66.8797,79.9649,90.1422
2024-07-31,CVNA,133.23,147.34,10.591,0.601,60.1,1.94,6.26,2.2,566.24,122.5716,146.553,165.2052
2024-07-31,ZBH,78.25,76.28,-2.518,0.645,64.5,1.44,4.14,5.05,598.86,71.99,86.075,97.03
2024-07-31,ZBRA,78.25,76.28,-2.518,0.645,64.5,1.44,4.14,5.05,598.86,71.99,86.075,97.03
2024-07-31,ZION,78.25,76.28,-2.518,0.645,64.5,1.44,4.14,5.05,598.86,71.99,86.075,97.03
2024-07-31,MPWR,853.0578,832.46,-2.415,0.888,88.8,1.57,4.38,3.17,468.36,784.8132,938.3636,1057.7917
2024-07-31,AMT,209.5279,211.8095,1.089,0.889,88.9,1.71,2.01,5.95,357.77,192.7657,230.4807,259.8146
2024-07-31,EQIX,760.7852,762.9609,0.286,0.707,70.7,1.85,2.18,0.79,294.91,699.9224,836.8637,943.3737
2024-07-31,BAX,122.7066,117.507,-4.237,0.745,74.5,1.88,2.16,3.35,238.93,112.8901,134.9773,152.1562
2024-07-31,BBT,122.7066,117.507,-4.237,0.745,74.5,1.88,2.16,3.35,238.93,112.8901,134.9773,152.1562
2024-07-31,ILMN,764.9317,767.1193,0.286,0.706,70.6,1.85,2.18,0.79,296.52,703.7372,841.4249,948.5153
2024-07-31,NEM,47.6376,47.8124,0.367,0.871,87.1,1.37,2.32,5.21,376.19,43.8266,52.4014,59.0707
2024-07-31,ORLY,75.0893,75.3867,0.396,0.645,64.5,1.29,2.05,6.6,441.13,69.0822,82.5983,93.1108
2024-07-31,JCI,70.2908,70.5364,0.349,0.761,76.1,3.05,2.17,3.81,322.11,64.6675,77.3199,87.1606
2024-07-31,MCO,451.3969,453.4933,0.464,0.854,85.4,1.11,1.88,2.74,372.99,415.2851,496.5365,559.7321
2024-07-31,TFC,41.5858,41.6509,0.157,0.795,79.5,1.14,2.29,6.36,307.96,38.2589,45.7444,51.5664
2024-07-31,WELL,108.1723,109.2905,1.034,0.801,80.1,1.23,1.96,3.63,280.35,99.5185,118.9895,134.1337
2024-07-31,EA,149.8567,149.6482,-0.139,0.798,79.8,1.76,2.01,4.86,380.77,137.8682,164.8424,185.8223
2024-07-31,EQT-ST,340.0455,339.9475,-0.029,0.752,75.2,1.59,2.54,3.86,178.9,312.8418,374.05,421.6564
2024-07-31,EBAY,54.2915,53.7545,-0.989,0.682,68.2,1.9,1.89,3.22,217.69,49.9482,59.7206,67.3214
2024-07-31,FICO,1600.0,1554.6801,-2.832,0.943,94.3,1.53,2.44,1.16,265.47,1472.0,1760.0,1984.0
2024-07-31,CCI,101.6733,102.3568,0.672,0.742,74.2,1.19,2.02,6.5,221.46,93.5394,111.8406,126.0749
2024-07-31,TEL,151.1605,151.8559,0.46,0.591,59.1,1.15,1.97,0.28,295.11,139.0676,166.2765,187.439
2024-07-31,IR,100.2593,91.8711,-8.367,0.769,76.9,1.52,2.17,3.79,218.02,92.2386,110.2852,124.3215
2024-07-31,SPG,142.5679,144.0266,1.023,0.585,58.5,1.43,2.06,1.42,176.65,131.1624,156.8247,176.7842
2024-07-31,AEM,75.4633,75.434,-0.039,0.845,84.5,1.5,2.21,4.64,145.41,69.4263,83.0097,93.5745
2024-07-31,ARES,147.3907,146.7847,-0.411,0.806,80.6,1.6,2.36,6.07,156.24,135.5995,162.1298,182.7645
2024-07-31,GAP,22.4626,22.6157,0.681,0.6,60.0,1.49,3.96,2.99,154.02,20.6656,24.7089,27.8537
2024-07-31,AWX,136.4889,137.0929,0.443,0.647,64.7,1.35,1.88,3.14,113.68,125.5698,150.1378,169.2462
2024-07-31,TEVA,17.43,17.25,-1.033,0.908,90.8,3.08,3.24,4.11,169.78,16.0356,19.173,21.6132
2024-07-31,AWK,136.4889,137.0929,0.443,0.648,64.8,1.35,1.88,3.14,113.68,125.5698,150.1378,169.2462
2024-07-31,LYB,96.3783,96.9015,0.543,0.758,75.8,1.23,2.02,2.04,101.09,88.6681,106.0162,119.5091
2024-07-31,M,96.3783,96.9015,0.543,0.758,75.8,1.23,2.02,2.04,101.09,88.6681,106.0162,119.5091
2024-07-31,MAA,96.3783,96.9015,0.543,0.758,75.8,1.23,2.02,2.04,101.09,88.6681,106.0162,119.5091
2024-07-31,MAC,96.3783,96.9015,0.543,0.758,75.8,1.23,2.02,2.04,101.09,88.6681,106.0162,119.5091
2024-07-31,IT,155.68,155.98,0.193,0.799,79.9,2.42,3.7,2.34,146.59,143.2256,171.248,193.0432
2024-07-31,CHSCL,85.8098,95.2628,11.016,0.628,62.8,2.92,2.17,1.0,130.5,78.945,94.3908,106.4042
2024-07-31,TLN,124.65,124.65,0.0,0.898,89.8,3.44,5.94,2.13,127.39,114.678,137.115,154.566
2024-07-31,KGC,8.9471,8.8681,-0.883,0.953,95.3,1.23,2.92,2.38,145.59,8.2313,9.8418,11.0944
2024-07-31,CIEN,52.74,52.75,0.019,0.624,62.4,1.94,2.6,6.73,59.56,48.5208,58.014,65.3976
2024-07-31,ERIC,6.5389,6.5294,-0.145,0.938,93.8,1.21,1.88,4.79,134.64,6.0158,7.1928,8.1083
2024-07-31,JBLU,6.41,6.41,0.0,0.631,63.1,1.46,5.4,5.89,87.54,5.8972,7.051,7.9484
2024-07-31,CASY,384.7663,386.4252,0.431,0.901,90.1,1.4,1.88,2.93,85.36,353.985,423.2429,477.1102
2024-07-31,SUI,117.0758,116.965,-0.095,0.587,58.7,1.27,1.98,2.67,59.35,107.7098,128.7834,145.174
2024-07-31,CATA1,385.1255,386.7859,0.431,0.902,90.2,1.4,1.88,2.93,85.44,354.3154,423.638,477.5556
2024-07-31,MKTX,217.7513,217.0791,-0.309,0.618,61.8,1.17,2.45,3.16,72.45,200.3312,239.5264,270.0116
2024-07-31,MUSA,500.4811,489.0624,-2.282,0.921,92.1,1.94,2.21,3.49,94.71,460.4426,550.5292,620.5966
2024-07-31,BXP,66.2255,67.2099,1.486,0.842,84.2,2.53,3.07,6.7,88.55,60.9275,72.8481,82.1196
2024-07-31,BXSL,66.2255,67.2099,1.486,0.842,84.2,2.53,3.07,6.7,88.55,60.9275,72.8481,82.1196
2024-07-31,REXR,47.0334,47.5027,0.998,0.722,72.2,1.19,2.62,3.54,87.88,43.2708,51.7368,58.3214
2024-07-31,TTC,92.9407,92.8436,-0.104,0.585,58.5,1.38,2.39,1.58,80.33,85.5054,102.2347,115.2464
2024-07-31,CW,293.7437,294.561,0.278,0.616,61.6,1.48,1.88,5.23,64.05,270.2442,323.118,364.2421
2024-07-31,CNX,26.47,26.54,0.264,0.716,71.6,1.14,2.45,3.16,82.59,24.3524,29.117,32.8228
2024-07-31,CLH,238.73,241.28,1.068,0.75,75.0,1.97,2.43,5.1,68.52,219.6316,262.603,296.0252
2024-07-31,CLGX,238.73,241.28,1.068,0.75,75.0,1.97,2.43,5.1,68.52,219.6316,262.603,296.0252
2024-07-31,VNO,28.8549,29.1821,1.134,0.732,73.2,1.18,3.41,5.48,44.62,26.5465,31.7404,35.7801
2024-07-31,CUBE,44.1874,44.6146,0.967,0.756,75.6,1.47,2.22,1.34,53.18,40.6524,48.6062,54.7924
2024-07-31,RYAN,60.7264,60.8053,0.13,0.852,85.2,1.16,2.34,5.44,47.73,55.8683,66.7991,75.3008
2024-07-31,ITT,139.3252,139.857,0.382,0.63,63.0,2.18,2.2,3.93,52.57,128.1792,153.2577,172.7632
2024-07-31,COKE,113.2736,115.3939,1.872,0.943,94.3,1.19,2.2,4.59,46.18,104.2117,124.6009,140.4592
2024-07-31,HLNE,141.3386,141.4169,0.055,0.911,91.1,1.18,2.75,5.04,43.12,130.0315,155.4725,175.2599
2024-07-31,HL,5.7379,5.7578,0.346,0.886,88.6,1.28,4.04,0.64,47.09,5.2789,6.3117,7.115
2024-07-31,BRX,23.8688,24.0843,0.903,0.778,77.8,1.8,1.97,5.96,51.28,21.9593,26.2557,29.5973
2024-07-31,NSIX,224.5,221.69,-1.252,0.772,77.2,1.49,2.52,5.92,35.1,206.54,246.95,278.38
2024-07-31,HLI,146.7585,147.8232,0.725,0.732,73.2,2.34,2.44,4.91,49.68,135.0178,161.4343,181.9805
2024-07-31,TKO,30.826,32.4367,5.225,0.855,85.5,1.23,2.23,3.66,36.29,28.3599,33.9086,38.2242
2024-07-31,TMK,30.826,32.4367,5.225,0.855,85.5,1.23,2.23,3.66,36.29,28.3599,33.9086,38.2242
2024-07-31,TMO,30.826,32.4367,5.225,0.855,85.5,1.23,2.23,3.66,36.29,28.3599,33.9086,38.2242
2024-07-31,TPL,30.826,32.4367,5.225,0.855,85.5,1.23,2.23,3.66,36.29,28.3599,33.9086,38.2242
2024-07-31,TPR,30.826,32.4367,5.225,0.855,85.5,1.23,2.23,3.66,36.29,28.3599,33.9086,38.2242
2024-07-31,CDE,6.49,6.49,0.0,0.941,94.1,1.12,4.66,1.37,35.29,5.9708,7.139,8.0476
2024-07-31,PRMB,20.6206,20.7617,0.684,0.632,63.2,1.31,2.15,4.15,23.96,18.971,22.6827,25.5696
2024-07-31,BTC1,3.81,3.76,-1.312,0.988,98.8,1.14,9.05,1.88,48.51,3.5052,4.191,4.7244
2024-07-31,BTCM,3.81,3.76,-1.312,0.988,98.8,1.14,9.05,1.88,48.51,3.5052,4.191,4.7244
2024-07-31,CAKE,37.4273,37.2926,-0.36,0.785,78.5,1.43,3.08,1.53,38.65,34.4331,41.1701,46.4099
2024-07-31,CAKR,37.4273,37.2926,-0.36,0.785,78.5,1.43,3.08,1.53,38.65,34.4331,41.1701,46.4099
2024-07-31,ADSW,7.4546,7.4259,-0.386,0.812,81.2,2.17,2.17,2.64,29.53,6.8582,8.2001,9.2437
2024-07-31,ADT,7.4546,7.4259,-0.386,0.812,81.2,2.17,2.17,2.64,29.53,6.8582,8.2001,9.2437
2024-07-31,KRHC1,33.9114,34.526,1.812,0.638,63.8,1.68,3.0,6.55,33.24,31.1985,37.3026,42.0502
2024-07-31,KRC,33.9114,34.526,1.812,0.637,63.7,1.68,3.0,6.55,33.24,31.1985,37.3026,42.0502
2024-07-31,BMI,203.4186,204.0304,0.301,0.593,59.3,1.73,2.67,4.89,38.96,187.1451,223.7604,252.239
2024-07-31,ORAL,76.8723,76.4465,-0.554,0.753,75.3,1.56,2.22,4.19,32.38,70.7225,84.5595,95.3216
2024-07-31,LBUY,10.5288,10.4398,-0.845,0.791,79.1,1.11,2.72,4.97,30.78,9.6865,11.5817,13.0557
2024-07-31,LBTYK,10.5288,10.4398,-0.845,0.791,79.1,1.11,2.72,4.97,30.78,9.6865,11.5817,13.0557
2024-07-31,CBSH,56.862,56.6072,-0.448,0.77,77.0,1.4,2.05,6.13,47.26,52.3131,62.5482,70.5089
2024-07-31,CWPE,103.56,103.11,-0.435,0.69,69.0,1.21,2.36,0.36,40.5,95.2752,113.916,128.4144
2024-07-31,CWST,103.56,103.11,-0.435,0.69,69.0,1.21,2.36,0.36,40.5,95.2752,113.916,128.4144
2024-07-31,TSS,15.1045,15.3026,1.312,0.7,70.0,1.7,3.19,1.54,23.01,13.8961,16.615,18.7296
2024-07-31,ATGFF,78.41,78.55,0.179,0.925,92.5,1.17,2.47,5.05,34.05,72.1372,86.251,97.2284
2024-07-31,ACIW,43.23,48.25,11.612,0.897,89.7,1.81,2.4,4.55,31.4,39.7716,47.553,53.6052
2024-07-31,LOPE,155.95,156.33,0.244,0.735,73.5,1.18,2.06,5.17,22.69,143.474,171.545,193.378
2024-07-31,BCO,108.5754,108.3089,-0.245,0.885,88.5,1.78,2.25,4.11,28.91,99.8894,119.4329,134.6335
2024-07-31,AGIS,6.89,6.89,0.0,0.964,96.4,1.32,6.42,3.71,26.82,6.3388,7.579,8.5436
2024-07-31,AGIXQ,6.89,6.89,0.0,0.964,96.4,1.32,6.42,3.71,26.82,6.3388,7.579,8.5436
2024-07-31,AGL,6.89,6.89,0.0,0.964,96.4,1.32,6.42,3.71,26.82,6.3388,7.579,8.5436
2024-07-31,FHN-PB,32.7644,32.6976,-0.204,0.581,58.1,1.78,2.04,0.7,21.58,30.1432,36.0408,40.6278
2024-07-31,HHH,70.7054,71.18,0.671,0.632,63.2,1.98,2.71,5.87,23.57,65.049,77.776,87.6747
2024-07-31,MGNB,14.54,14.62,0.55,0.979,97.9,1.43,3.92,0.89,27.42,13.3768,15.994,18.0296
2024-07-31,MGNI,14.54,14.62,0.55,0.979,97.9,1.43,3.92,0.89,27.42,13.3768,15.994,18.0296
2024-07-31,KMPR,61.332,61.8107,0.781,0.592,59.2,1.31,2.41,2.89,21.08,56.4254,67.4652,76.0516
2024-08-14,TCS-NS,4066.8323,4118.6712,1.275,0.843,84.3,1.33,1.9,0.31,9856.04,3741.4857,4473.5155,5042.872
2024-08-14,EQIX,810.1249,806.9095,-0.397,0.683,68.3,1.18,2.61,5.68,387.57,745.3149,891.1374,1004.5548
2024-08-14,ILMN,814.5403,811.3073,-0.397,0.684,68.4,1.18,2.61,5.68,389.68,749.3771,895.9943,1010.03
2024-08-14,EXPE,127.9968,129.2071,0.946,0.86,86.0,1.17,3.33,2.62,309.94,117.7571,140.7965,158.716
2024-08-14,MSCI,544.3852,545.3869,0.184,0.795,79.5,1.53,2.29,4.17,309.36,500.8344,598.8237,675.0376
2024-08-14,MSI,412.1851,413.9478,0.428,0.867,86.7,1.38,1.95,4.4,304.74,379.2103,453.4036,511.1095
2024-08-14,ALL,175.8194,177.6947,1.067,0.737,73.7,1.38,2.69,4.9,283.99,161.7538,193.4013,218.0161
2024-08-14,XEL,56.1419,55.8848,-0.458,0.736,73.6,1.55,2.33,2.22,188.56,51.6505,61.7561,69.6159
2024-08-14,TRGP,135.8285,137.1076,0.942,0.914,91.4,1.13,2.38,4.47,253.59,124.9622,149.4113,168.4273
2024-08-14,D,51.7673,51.385,-0.739,0.657,65.7,1.11,2.32,3.66,196.68,47.6259,56.9441,64.1915
2024-08-14,ONON,40.56,42.0,3.55,0.709,70.9,1.12,4.64,2.7,215.0,37.3152,44.616,50.2944
2024-08-14,ETR,56.544,56.0887,-0.805,0.671,67.1,1.31,2.23,3.32,172.2,52.0204,62.1984,70.1145
2024-08-14,PARA,478.67,481.99,0.694,0.701,70.1,1.2,2.5,0.96,196.14,440.3764,526.537,593.5508
2024-08-14,PAYC,478.67,481.99,0.694,0.701,70.1,1.2,2.5,0.96,196.14,440.3764,526.537,593.5508
2024-08-14,TEVA,18.01,18.1,0.5,0.818,81.8,1.51,3.41,6.03,191.97,16.5692,19.811,22.3324
2024-08-14,ARGX,522.36,527.24,0.934,0.985,98.5,1.17,2.81,4.71,239.07,480.5712,574.596,647.7264
2024-08-14,DVA,148.88,150.07,0.799,0.711,71.1,1.53,3.43,6.62,107.29,136.9696,163.768,184.6112
2024-08-14,IEX,148.88,150.07,0.799,0.711,71.1,1.53,3.43,6.62,107.29,136.9696,163.768,184.6112
2024-08-14,CPB,46.4331,46.4519,0.04,0.745,74.5,1.27,2.32,3.91,104.73,42.7185,51.0765,57.5771
2024-08-14,SUI,121.852,121.9906,0.114,0.764,76.4,1.23,2.27,2.91,73.85,112.1038,134.0372,151.0965
2024-08-14,HALL,57.41,58.09,1.184,0.963,96.3,1.95,3.22,4.54,68.02,52.8172,63.151,71.1884
2024-08-14,HALO,57.41,58.09,1.184,0.963,96.3,1.95,3.22,4.54,68.02,52.8172,63.151,71.1884
2024-08-14,LEG,54.4794,54.9101,0.791,0.79,79.0,1.4,2.23,0.96,46.52,50.121,59.9273,67.5544
2024-08-14,HEI-A,184.4789,194.7134,5.548,0.733,73.3,1.46,2.24,1.17,36.7,169.7206,202.9268,228.7539
2024-08-14,SDZ-SW,36.8489,36.9274,0.213,0.899,89.9,1.21,2.93,5.2,35.25,33.901,40.5338,45.6926
2024-08-15,LOW,233.304,233.6636,0.154,0.62,62.0,1.25,2.64,1.0,564.31,214.6397,256.6345,289.297
2024-08-15,EQIX,799.1403,795.0199,-0.516,0.612,61.2,1.13,2.56,4.02,390.87,735.209,879.0543,990.9339
2024-08-15,ILMN,803.4958,799.3529,-0.516,0.612,61.2,1.13,2.56,4.02,393.0,739.2161,883.8454,996.3348
2024-08-15,KDP,33.7972,33.7111,-0.255,0.633,63.3,1.12,1.97,3.4,283.11,31.0934,37.1769,41.9085
2024-08-15,MSCI,553.0372,552.3575,-0.123,0.768,76.8,1.43,2.32,5.19,326.18,508.7943,608.341,685.7662
2024-08-15,L,18.025,17.9577,-0.373,0.654,65.4,1.16,2.76,0.37,203.12,16.583,19.8275,22.3509
2024-08-15,LDOS,18.025,17.9577,-0.373,0.654,65.4,1.16,2.76,0.37,203.12,16.583,19.8275,22.3509
2024-08-15,HPE,18.025,17.9577,-0.373,0.653,65.3,1.16,2.76,0.37,203.12,16.583,19.8275,22.3509
2024-08-15,CARR,67.0271,66.9389,-0.132,0.583,58.3,1.45,2.87,3.89,246.32,61.6649,73.7298,83.1135
2024-08-15,FICO,1733.79,1726.9301,-0.396,0.906,90.6,1.61,3.27,5.2,313.98,1595.0868,1907.169,2149.8996
2024-08-15,ALL,173.0599,173.4777,0.241,0.676,67.6,1.41,2.68,3.21,277.19,159.2151,190.3659,214.5943
2024-08-15,BURL,264.98,260.64,-1.638,0.981,98.1,1.35,2.94,5.0,176.46,243.7816,291.478,328.5752
2024-08-15,TRGP,138.4159,137.8442,-0.413,0.935,93.5,1.18,2.34,6.17,262.69,127.3427,152.2575,171.6357
2024-08-15,SPG,146.6747,146.8419,0.114,0.754,75.4,1.3,2.77,2.53,209.38,134.9407,161.3422,181.8766
2024-08-15,NTAP,127.6495,126.9016,-0.586,0.884,88.4,1.24,2.46,6.2,194.08,117.4375,140.4144,158.2853
2024-08-15,CZR,37.24,36.97,-0.725,0.671,67.1,1.22,4.33,4.02,222.06,34.2608,40.964,46.1776
2024-08-15,HSIC,37.24,36.97,-0.725,0.671,67.1,1.22,4.33,4.02,222.06,34.2608,40.964,46.1776
2024-08-15,INSM,74.14,73.34,-1.079,0.999,99.9,1.71,4.02,0.24,124.13,68.2088,81.554,91.9336
2024-08-15,CPB,45.7876,45.8344,0.102,0.666,66.6,1.38,2.3,2.36,105.64,42.1246,50.3664,56.7766
2024-08-15,EAXR,67.06,66.95,-0.164,0.58,58.0,1.49,4.52,3.4,144.27,61.6952,73.766,83.1544
2024-08-15,EB,67.06,66.95,-0.164,0.58,58.0,1.49,4.52,3.4,144.27,61.6952,73.766,83.1544
2024-08-15,EBBGF,67.06,66.95,-0.164,0.58,58.0,1.49,4.52,3.4,144.27,61.6952,73.766,83.1544
2024-08-15,EBBNF,67.06,66.95,-0.164,0.58,58.0,1.49,4.52,3.4,144.27,61.6952,73.766,83.1544
2024-08-15,CASY,375.9056,374.4653,-0.383,0.845,84.5,1.6,2.4,0.5,86.36,345.8332,413.4962,466.123
2024-08-15,AVB,51.5948,49.0745,-4.885,0.749,74.9,1.27,1.88,4.11,142.16,47.4672,56.7543,63.9776
2024-08-15,GLOB,194.37,205.0,5.469,0.845,84.5,1.17,3.3,2.05,89.05,178.8204,213.807,241.0188
2024-08-15,AMCR,50.9265,48.4388,-4.885,0.749,74.9,1.27,1.88,4.11,140.32,46.8524,56.0191,63.1488
2024-08-15,CATA1,376.2565,374.8147,-0.383,0.844,84.4,1.6,2.4,0.5,86.44,346.156,413.8821,466.558
2024-08-15,HEI,239.1043,239.7135,0.255,0.809,80.9,1.9,2.67,2.76,84.58,219.9759,263.0147,296.4893
2024-08-15,MKTX,227.8532,227.8532,0.0,0.74,74.0,1.2,2.97,2.59,86.67,209.6249,250.6385,282.538
2024-08-15,LBRDK,59.176,59.3165,0.237,0.893,89.3,1.19,3.17,0.71,57.88,54.4419,65.0936,73.3783
2024-08-15,VIK,35.63,35.52,-0.309,0.901,90.1,1.11,4.05,3.37,40.41,32.7796,39.193,44.1812
2024-08-15,XRX,27.2804,27.1518,-0.471,0.597,59.7,1.23,2.37,1.6,82.86,25.098,30.0085,33.8277
2024-08-15,MPLX,37.198,37.2425,0.119,0.603,60.3,1.42,1.88,0.89,74.6,34.2222,40.9178,46.1255
2024-08-15,IFC-TO,247.1296,246.9254,-0.083,0.825,82.5,1.34,2.02,3.57,57.26,227.3593,271.8426,306.4408
2024-08-15,REG,65.3724,65.2323,-0.214,0.89,89.0,1.55,2.08,2.77,72.96,60.1426,71.9096,81.0617
2024-08-15,ANTM,179.966,180.494,0.293,0.69,69.0,1.61,2.39,5.62,61.32,165.5687,197.9626,223.1578
2024-08-15,AOS,179.966,180.494,0.293,0.69,69.0,1.61,2.39,5.62,61.32,165.5687,197.9626,223.1578
2024-08-15,APA,179.966,180.494,0.293,0.69,69.0,1.61,2.39,5.62,61.32,165.5687,197.9626,223.1578
2024-08-15,APC,179.966,180.494,0.293,0.69,69.0,1.61,2.39,5.62,61.32,165.5687,197.9626,223.1578
2024-08-15,APO,179.966,180.494,0.293,0.69,69.0,1.61,2.39,5.62,61.32,165.5687,197.9626,223.1578
2024-08-15,LEG,55.0249,62.0215,12.715,0.734,73.4,1.78,2.25,1.8,49.4,50.6229,60.5274,68.2309
2024-08-15,IDE,134.2994,134.2994,-0.0,0.946,94.6,3.75,2.39,4.57,68.17,123.5555,147.7293,166.5313
2024-08-15,GLPI,44.0163,43.9448,-0.162,0.703,70.3,1.61,1.88,0.16,64.81,40.495,48.4179,54.5802
2024-08-15,BRX,24.2436,24.4123,0.696,0.892,89.2,1.22,2.32,3.22,60.34,22.3041,26.668,30.0621
2024-08-15,HEI-A,186.3561,188.363,1.077,0.694,69.4,1.9,2.51,1.92,39.19,171.4476,204.9917,231.0816
2024-08-15,DYN,45.74,45.36,-0.831,0.962,96.2,1.34,5.37,6.25,43.02,42.0808,50.314,56.7176
2024-08-15,DYN1,45.74,45.36,-0.831,0.962,96.2,1.34,5.37,6.25,43.02,42.0808,50.314,56.7176
2024-08-15,DXCM,19.63,19.53,-0.509,0.924,92.4,1.16,3.38,1.07,28.37,18.0596,21.593,24.3412
2024-08-15,CRCL,48.0577,47.4576,-1.249,0.592,59.2,1.27,3.28,3.08,39.25,44.213,52.8634,59.5915
2024-08-15,LAZ,45.1049,44.9918,-0.251,0.891,89.1,1.23,3.59,5.57,44.76,41.4965,49.6154,55.9301
2024-08-15,PPC,37.4351,37.1217,-0.837,0.873,87.3,1.61,3.25,4.3,36.63,34.4403,41.1786,46.4195
2024-08-15,DXC,19.63,19.53,-0.509,0.924,92.4,1.16,3.38,1.07,28.37,18.0596,21.593,24.3412
2024-08-15,VIRT,27.8347,27.7487,-0.309,0.954,95.4,1.14,3.09,2.62,37.76,25.608,30.6182,34.5151
2024-08-15,EXLS,35.79,35.66,-0.363,0.87,87.0,1.12,2.79,4.22,36.84,32.9268,39.369,44.3796
2024-08-15,BGC,9.2422,9.2816,0.426,0.621,62.1,1.29,2.99,2.23,25.27,8.5028,10.1664,11.4603
2024-08-15,BGC2,9.2422,9.2816,0.426,0.621,62.1,1.29,2.99,2.23,25.27,8.5028,10.1664,11.4603
2024-08-15,CLVT,6.35,6.29,-0.945,0.685,68.5,1.29,5.89,0.75,36.75,5.842,6.985,7.874
2024-08-15,BDCC,100.1353,99.846,-0.289,0.665,66.5,1.32,3.94,5.76,31.13,92.1244,110.1488,124.1677
2024-08-15,HIW,28.2938,28.2584,-0.125,0.93,93.0,1.15,3.06,6.17,28.4,26.0303,31.1232,35.0843
2024-08-15,CWEN,26.2272,26.2272,-0.0,0.762,76.2,1.17,2.73,5.99,21.42,24.1291,28.85,32.5218
2024-08-16,M&M-NS,2817.8115,2837.1064,0.685,0.833,83.3,1.59,2.68,2.05,7759.11,2592.3866,3099.5927,3494.0863
2024-08-16,FISV,167.32,167.63,0.185,0.748,74.8,1.37,2.03,4.14,464.02,153.9344,184.052,207.4768
2024-08-16,WELL,113.3601,113.4383,0.069,0.868,86.8,1.27,2.24,2.85,311.06,104.2913,124.6961,140.5665
2024-08-16,BK,63.5136,63.5427,0.046,0.804,80.4,1.63,1.89,2.71,273.71,58.4325,69.865,78.7569
2024-08-16,XEL,57.1131,57.1226,0.017,0.668,66.8,1.5,2.3,3.35,196.28,52.5441,62.8244,70.8203
2024-08-16,OKE,81.1268,81.1639,0.046,0.663,66.3,1.93,1.89,5.25,236.03,74.6366,89.2394,100.5972
2024-08-16,CPAY,293.09,293.41,0.109,0.687,68.7,1.11,2.31,2.84,116.63,269.6428,322.399,363.4316
2024-08-16,DTE,115.9039,115.9229,0.016,0.602,60.2,2.33,1.94,1.58,120.4,106.6316,127.4943,143.7208
2024-08-16,DTEAF,115.9039,115.9229,0.016,0.601,60.1,2.33,1.94,1.58,120.4,106.6316,127.4943,143.7208
2024-08-16,DTEC1,115.9039,115.9229,0.016,0.601,60.1,2.33,1.94,1.58,120.4,106.6316,127.4943,143.7208
2024-08-16,INSM,76.2,75.9,-0.394,0.999,99.9,2.74,4.19,3.01,142.29,70.104,83.82,94.488
2024-08-16,PKKFF,189.5664,189.8171,0.132,0.73,73.0,2.19,2.06,0.55,120.45,174.4011,208.523,235.0623
2024-08-16,PKOH,189.5664,189.8171,0.132,0.73,73.0,2.19,2.06,0.55,120.45,174.4011,208.523,235.0623
2024-08-16,PKG,188.4593,188.7085,0.132,0.731,73.1,2.19,2.06,0.55,119.75,173.3825,207.3052,233.6895
2024-08-16,ITX-MC,44.3573,44.3573,0.0,0.609,60.9,1.3,1.92,4.47,61.48,40.8087,48.793,55.003
2024-08-16,HEI,240.3228,240.3927,0.029,0.799,79.9,1.15,2.64,2.87,85.8,221.097,264.3551,298.0003
2024-08-16,CPRI,325.58,325.7,0.037,0.814,81.4,1.59,3.56,0.53,76.31,299.5336,358.138,403.7192
2024-08-16,CPT,325.58,325.7,0.037,0.814,81.4,1.59,3.56,0.53,76.31,299.5336,358.138,403.7192
2024-08-16,CRL,325.58,325.7,0.037,0.814,81.4,1.59,3.56,0.53,76.31,299.5336,358.138,403.7192
2024-08-16,CSGP,325.58,325.7,0.037,0.814,81.4,1.59,3.56,0.53,76.31,299.5336,358.138,403.7192
2024-08-16,CTL,325.58,325.7,0.037,0.814,81.4,1.59,3.56,0.53,76.31,299.5336,358.138,403.7192
2024-08-16,BWXT,97.1435,97.1732,0.031,0.794,79.4,1.14,2.54,0.47,54.18,89.372,106.8579,120.458
2024-08-16,DTM,71.8932,72.0171,0.172,0.852,85.2,1.24,2.38,2.07,52.96,66.1417,79.0825,89.1476
2024-08-16,PPC,36.6812,36.8591,0.485,0.86,86.0,1.92,3.33,1.73,38.56,33.7467,40.3493,45.4846
2024-08-16,SLGN,48.9238,49.0019,0.16,0.676,67.6,1.54,2.24,2.76,33.51,45.0099,53.8162,60.6655
2024-08-16,BDCC,101.2822,101.4318,0.148,0.675,67.5,1.16,3.89,6.43,32.43,93.1797,111.4105,125.59
2024-08-16,EXTR,14.52,14.48,-0.275,0.945,94.5,1.14,3.89,5.89,22.82,13.3584,15.972,18.0048
2024-08-19,MELI,2028.0,2020.0,-0.394,0.895,89.5,1.12,2.53,5.94,728.62,1865.76,2230.8,2514.72
2024-08-19,LOW,236.3654,233.2457,-1.32,0.722,72.2,1.13,2.61,2.15,564.46,217.4562,260.0019,293.0931
2024-08-19,TFC,40.4668,40.2596,-0.512,0.766,76.6,1.16,2.16,1.16,291.78,37.2295,44.5135,50.1789
2024-08-19,BURL,264.45,264.86,0.155,0.982,98.2,1.13,2.89,4.13,176.59,243.294,290.895,327.918
2024-08-19,RL,172.5841,172.9975,0.24,0.736,73.6,1.2,3.08,5.18,149.9,158.7773,189.8425,214.0042
2024-08-19,ROL,172.5841,172.9975,0.24,0.736,73.6,1.2,3.08,5.18,149.9,158.7773,189.8425,214.0042
2024-08-19,RTN,172.5841,172.9975,0.24,0.736,73.6,1.2,3.08,5.18,149.9,158.7773,189.8425,214.0042
2024-08-19,RVTY,172.5841,172.9975,0.24,0.736,73.6,1.2,3.08,5.18,149.9,158.7773,189.8425,214.0042
2024-08-19,SBAC,172.5841,172.9975,0.24,0.736,73.6,1.2,3.08,5.18,149.9,158.7773,189.8425,214.0042
2024-08-19,JBHT,172.5841,172.9975,0.24,0.739,73.9,1.2,3.08,5.18,149.9,158.7773,189.8425,214.0043
2024-08-19,UTHR,348.58,348.0,-0.166,0.939,93.9,1.97,3.07,5.8,180.41,320.6936,383.438,432.2392
2024-08-19,INSM,77.59,77.23,-0.464,0.999,99.9,1.27,4.18,4.8,147.86,71.3828,85.349,96.2116
2024-08-19,CPB,46.7325,46.4051,-0.701,0.678,67.8,1.15,2.22,3.77,109.19,42.9939,51.4058,57.9483
2024-08-19,OLLI,97.37,97.44,0.072,0.961,96.1,1.12,3.22,2.94,95.72,89.5804,107.107,120.7388
2024-08-19,ITX-MC,45.2237,45.4522,0.505,0.595,59.5,1.39,1.94,6.25,63.11,41.6058,49.746,56.0773
2024-08-19,WPM,59.9555,60.6492,1.157,0.626,62.6,1.18,2.93,4.69,100.07,55.1591,65.9511,74.3448
2024-08-19,GLOB,201.98,199.96,-1.0,0.875,87.5,1.12,3.5,5.58,96.74,185.8216,222.178,250.4552
2024-08-19,IFC-TO,247.081,247.081,-0.0,0.786,78.6,1.24,1.98,2.91,59.46,227.3145,271.7891,306.3805
2024-08-19,GFI,16.6369,16.8988,1.574,0.604,60.4,1.15,3.42,5.7,51.22,15.306,18.3006,20.6298
2024-08-19,DYN,46.12,45.82,-0.65,0.986,98.6,1.6,5.47,6.29,45.86,42.4304,50.732,57.1888
2024-08-19,DYN1,46.12,45.82,-0.65,0.986,98.6,1.6,5.47,6.29,45.86,42.4304,50.732,57.1888
2024-08-19,BGC,9.4002,9.3805,-0.21,0.719,71.9,1.19,3.02,4.2,26.3,8.6482,10.3403,11.6563
2024-08-19,BGC2,9.4002,9.3805,-0.21,0.719,71.9,1.19,3.02,4.2,26.3,8.6482,10.3403,11.6563
2024-08-20,LOW,233.5664,234.7035,0.487,0.717,71.7,1.58,2.67,0.88,577.63,214.8811,256.9231,289.6224
2024-08-20,RBLX,40.54,40.68,0.345,0.935,93.5,1.7,3.61,3.39,279.84,37.2968,44.594,50.2696
2024-08-20,IQV,246.94,247.55,0.247,0.643,64.3,1.17,2.42,3.31,252.05,227.1848,271.634,306.2056
2024-08-20,TOL,131.9424,135.3219,2.561,0.739,73.9,1.49,3.65,0.84,178.75,121.387,145.1366,163.6085
2024-08-20,UTHR,346.88,348.93,0.591,0.93,93.0,1.24,3.17,5.12,184.86,319.1296,381.568,430.1312
2024-08-20,SFM,98.16,98.79,0.642,0.896,89.6,1.2,3.17,3.88,169.06,90.3072,107.976,121.7184
2024-08-20,CYTHW,56.85,57.0,0.264,0.824,82.4,1.14,4.06,0.51,75.55,52.302,62.535,70.494
2024-08-20,KGC,9.2828,9.2631,-0.213,0.875,87.5,1.28,4.01,6.68,148.76,8.5402,10.2111,11.5107
2024-08-20,INSM,76.19,76.15,-0.053,0.999,99.9,1.13,4.28,2.89,148.99,70.0948,83.809,94.4756
2024-08-20,SIRI,30.261,32.4025,7.077,0.88,88.0,1.25,5.84,0.29,62.94,27.8401,33.2871,37.5236
2024-08-20,WPM,61.115,60.9014,-0.35,0.718,71.8,1.2,2.94,6.6,105.61,56.2258,67.2265,75.7826
2024-08-20,GLOB,201.38,203.62,1.112,0.847,84.7,1.14,3.44,4.95,96.72,185.2696,221.518,249.7112
2024-08-20,VIK,35.93,36.07,0.39,0.929,92.9,1.86,3.94,4.78,42.99,33.0556,39.523,44.5532
2024-08-20,BIRK,61.6,61.87,0.438,0.959,95.9,1.12,3.32,5.52,52.2,56.672,67.76,76.384
2024-08-20,FNF,51.9506,52.1613,0.406,0.799,79.9,1.2,2.15,2.95,54.68,47.7945,57.1456,64.4187
2024-08-20,IDE,132.734,132.7635,0.022,0.907,90.7,2.54,2.41,1.95,77.03,122.1153,146.0074,164.5902
2024-08-20,BIPH,61.6,61.87,0.438,0.959,95.9,1.12,3.32,5.52,52.2,56.672,67.76,76.384
2024-08-20,BIPI,61.6,61.87,0.438,0.959,95.9,1.12,3.32,5.52,52.2,56.672,67.76,76.384
2024-08-20,GFI,16.6854,16.2392,-2.674,0.648,64.8,1.29,3.5,5.8,54.0,15.3506,18.354,20.6899
2024-08-20,MMSY,90.92,90.82,-0.11,0.755,75.5,1.69,2.53,2.83,44.06,83.6464,100.012,112.7408
2024-08-21,HD,357.3845,358.3878,0.281,0.793,79.3,1.29,2.36,3.8,1274.27,328.7937,393.1229,443.1568
2024-08-21,DHI,183.3062,182.9916,-0.172,0.944,94.4,1.14,2.9,5.7,437.53,168.6417,201.6369,227.2997
2024-08-21,PH,576.2377,578.4604,0.386,0.7,70.0,1.29,2.69,5.24,419.71,530.1387,633.8615,714.5348
2024-08-21,SWKS,169.1964,169.1964,0.0,0.797,79.7,1.44,2.88,3.47,333.36,155.6607,186.1161,209.8036
2024-08-21,SYF,169.1964,169.1964,0.0,0.797,79.7,1.44,2.88,3.47,333.36,155.6607,186.1161,209.8036
2024-08-21,SYMC,169.1964,169.1964,0.0,0.797,79.7,1.44,2.88,3.47,333.36,155.6607,186.1161,209.8036
2024-08-21,EBAY,57.2887,57.3961,0.187,0.632,63.2,1.16,2.55,5.31,273.59,52.7056,63.0176,71.038
2024-08-21,ALL,173.7692,174.3231,0.319,0.648,64.8,1.13,2.64,2.91,287.58,159.8677,191.1461,215.4738
2024-08-21,BURL,271.68,267.48,-1.546,0.969,96.9,1.15,2.88,6.26,190.0,249.9456,298.848,336.8832
2024-08-21,TOL,139.3636,139.828,0.333,0.799,79.9,2.78,3.7,6.08,208.86,128.2145,153.2999,172.8108
2024-08-21,BMRN,92.57,92.73,0.173,0.901,90.1,1.33,2.4,5.83,139.58,85.1644,101.827,114.7868
2024-08-21,UTHR,351.61,351.36,-0.071,0.942,94.2,1.23,3.19,6.23,192.05,323.4812,386.771,435.9964
2024-08-21,GRMN,174.2842,174.4502,0.095,0.656,65.6,1.14,1.98,4.26,149.67,160.3414,191.7126,216.1124
2024-08-21,TRU,93.1778,93.1679,-0.011,0.904,90.4,1.21,3.68,6.54,188.16,85.7236,102.4955,115.5404
2024-08-21,KGC,9.194,9.0156,-1.94,0.815,81.5,1.15,3.96,5.38,148.91,8.4585,10.1134,11.4005
2024-08-21,SIRI,30.4472,30.9128,1.529,0.879,87.9,1.71,5.93,1.99,60.03,28.0114,33.4919,37.7545
2024-08-21,TSCO,143.7963,144.52,0.503,0.823,82.3,1.11,2.14,2.66,110.19,132.2926,158.1759,178.3074
2024-08-21,TSN,143.7963,144.52,0.503,0.823,82.3,1.11,2.14,2.66,110.19,132.2926,158.1759,178.3074
2024-08-21,FWONK,78.18,78.43,0.32,0.67,67.0,2.91,2.56,0.57,102.36,71.9256,85.998,96.9432
2024-08-21,VIK,36.44,34.7,-4.775,0.902,90.2,1.58,3.71,5.97,44.1,33.5248,40.084,45.1856
2024-08-21,RVMD,45.28,45.27,-0.022,0.874,87.4,1.57,3.86,3.13,48.86,41.6576,49.808,56.1472
2024-08-21,BITS1,2.38,2.38,0.0,0.851,85.1,1.57,9.13,2.09,45.87,2.1896,2.618,2.9512
2024-08-21,CRCL,49.0672,49.0005,-0.136,0.673,67.3,1.19,3.35,5.5,42.48,45.1418,53.9739,60.8433
2024-08-21,AGII1,47.1,47.1,0.0,0.984,98.4,1.5,4.27,4.34,21.06,43.332,51.81,58.404
2024-08-21,AGIL1,47.1,47.1,0.0,0.984,98.4,1.5,4.27,4.34,21.06,43.332,51.81,58.404
2024-08-21,AGIO,47.1,47.1,0.0,0.984,98.4,1.5,4.27,4.34,21.06,43.332,51.81,58.404
2024-08-21,AGL1,47.1,47.1,0.0,0.984,98.4,1.5,4.27,4.34,21.06,43.332,51.81,58.404
2024-08-21,CCSI1,94.2376,94.471,0.248,0.816,81.6,1.55,4.14,1.45,29.01,86.6986,103.6614,116.8547
2024-08-22,HD,352.4645,353.7186,0.356,0.716,71.6,1.14,2.34,2.2,1270.82,324.2673,387.7109,437.056
2024-08-22,MDT,84.3693,84.7823,0.49,0.606,60.6,1.36,1.98,6.64,524.38,77.6197,92.8062,104.6179
2024-08-22,ALL,176.0914,176.6939,0.342,0.683,68.3,1.61,2.3,3.81,280.49,162.0041,193.7006,218.3534
2024-08-22,PSA,314.1315,315.3004,0.372,0.916,91.6,1.15,2.31,6.29,231.69,289.001,345.5446,389.523
2024-08-22,TOL,139.6008,140.9447,0.963,0.84,84.0,1.18,3.53,5.91,213.06,128.4327,153.5608,173.1049
2024-08-22,AEM,79.6682,80.431,0.957,0.861,86.1,1.11,2.81,6.04,192.17,73.2948,87.6351,98.7886
2024-08-22,BMRN,90.02,90.0,-0.022,0.885,88.5,1.5,2.44,2.65,136.84,82.8184,99.022,111.6248
2024-08-22,KGC,8.9562,9.0751,1.327,0.696,69.6,1.17,3.91,2.35,140.28,8.2397,9.8518,11.1057
2024-08-22,INSM,79.01,79.09,0.101,0.99,99.0,1.66,4.29,6.19,161.71,72.6892,86.911,97.9724
2024-08-22,ITUB,5.0174,5.086,1.368,0.599,59.9,1.39,2.07,4.41,117.23,4.616,5.5191,6.2215
2024-08-22,IFC-TO,246.4295,246.7212,0.118,0.75,75.0,1.23,1.97,1.89,62.31,226.7151,271.0725,305.5726
2024-08-22,MLI,67.7564,68.3151,0.825,0.898,89.8,1.11,3.09,1.18,51.27,62.3359,74.532,84.0179
2024-08-22,NDSN,250.6303,252.1378,0.601,0.645,64.5,1.41,2.25,6.28,80.91,230.5799,275.6933,310.7816
2024-08-22,MLIN,67.971,68.5315,0.825,0.898,89.8,1.11,3.09,1.18,51.43,62.5333,74.7681,84.284
2024-08-22,AU,29.1067,29.3902,0.974,0.914,91.4,1.4,3.57,5.04,50.2,26.7782,32.0174,36.0923
2024-08-22,LYG,2.907,2.9261,0.658,0.685,68.5,1.64,1.98,3.96,29.76,2.6744,3.1977,3.6047
2024-08-23,BABA,83.9904,80.5289,-4.121,0.584,58.4,1.2,2.31,6.43,1208.86,77.2712,92.3895,104.1481
2024-08-23,GILD,73.3261,73.4026,0.104,0.861,86.1,1.21,2.08,2.05,414.15,67.4601,80.6588,90.9244
2024-08-23,BX,132.8694,133.8902,0.768,0.838,83.8,1.56,2.8,3.58,416.23,122.2398,146.1563,164.7581
2024-08-23,ADSK,255.26,256.93,0.654,0.862,86.2,1.15,2.02,4.91,313.09,234.8392,280.786,316.5224
2024-08-23,TFC,41.3054,41.4561,0.365,0.796,79.6,1.36,2.22,3.75,308.98,38.001,45.4359,51.2187
2024-08-23,BURL,275.5,275.51,0.004,0.968,96.8,1.75,2.84,6.75,191.35,253.46,303.05,341.62
2024-08-23,RH,283.16,285.74,0.911,0.632,63.2,1.74,4.9,6.75,172.94,260.5072,311.476,351.1184
2024-08-23,FOXA,40.6099,40.875,0.653,0.902,90.2,1.2,2.58,5.62,198.91,37.3611,44.6709,50.3563
2024-08-23,FRC,40.6099,40.875,0.653,0.902,90.2,1.2,2.58,5.62,198.91,37.3611,44.6709,50.3563
2024-08-23,FRT,40.6099,40.875,0.653,0.902,90.2,1.2,2.58,5.62,198.91,37.3611,44.6709,50.3563
2024-08-23,FTI,40.6099,40.875,0.653,0.902,90.2,1.2,2.58,5.62,198.91,37.3611,44.6709,50.3563
2024-08-23,STT,80.2699,80.6902,0.524,0.716,71.6,1.39,1.88,4.23,136.55,73.8483,88.2969,99.5347
2024-08-23,FCNCA,2001.3533,2009.3286,0.398,0.73,73.0,1.12,2.29,0.64,205.3,1841.245,2201.4886,2481.6781
2024-08-23,RF,21.2247,21.4015,0.833,0.884,88.4,1.6,2.43,6.43,143.65,19.5268,23.3472,26.3187
2024-08-23,INSM,78.84,79.0,0.203,0.979,97.9,2.23,4.36,5.66,175.33,72.5328,86.724,97.7616
2024-08-23,SUI,122.8774,123.7828,0.737,0.746,74.6,1.17,1.94,1.74,69.86,113.0472,135.1652,152.368
2024-08-23,HEI,246.4255,247.704,0.519,0.737,73.7,1.12,2.45,3.99,84.44,226.7115,271.0681,305.5676
2024-08-23,RNR,249.6491,250.6002,0.381,0.665,66.5,1.5,1.9,6.62,74.6,229.6772,274.6141,309.5649
2024-08-23,VIK,35.63,35.67,0.112,0.826,82.6,1.27,4.01,3.69,49.84,32.7796,39.193,44.1812
2024-08-23,NDSN,251.9714,252.5588,0.233,0.628,62.8,1.13,2.25,6.6,83.07,231.8137,277.1685,312.4445
2024-08-23,WBS,45.4479,45.9177,1.034,0.617,61.7,1.44,3.06,4.73,49.58,41.812,49.9927,56.3554
2024-08-23,FR,53.7739,54.1457,0.691,0.882,88.2,1.3,1.92,4.42,46.11,49.472,59.1513,66.6796
2024-08-23,COLD,23.0751,23.2414,0.721,0.969,96.9,1.31,3.22,5.39,39.77,21.2291,25.3826,28.6131
2024-08-23,HMYRQ,10.24,10.3683,1.254,0.711,71.1,1.55,4.0,5.18,38.11,9.4208,11.264,12.6975
2024-08-23,BPOP,95.5504,97.2981,1.829,0.706,70.6,1.43,2.59,2.12,35.02,87.9064,105.1054,118.4825
2024-08-23,PEGA,35.0138,35.1185,0.299,0.788,78.8,1.13,2.87,4.33,47.76,32.2127,38.5152,43.4172
2024-08-23,PEET,35.0138,35.1185,0.299,0.787,78.7,1.13,2.87,4.33,47.76,32.2127,38.5152,43.4171
2024-08-23,PEGI,35.0138,35.1185,0.299,0.787,78.7,1.13,2.87,4.33,47.76,32.2127,38.5152,43.4171
2024-08-23,BEAG,26.81,27.17,1.343,0.66,66.0,1.55,5.78,2.08,24.6,24.6652,29.491,33.2444
2024-08-23,BEAM,26.81,27.17,1.343,0.66,66.0,1.55,5.78,2.08,24.6,24.6652,29.491,33.2444
2024-08-23,CBSH,55.7812,56.08,0.536,0.765,76.5,1.11,2.14,2.89,31.7,51.3187,61.3593,69.1687
2024-08-23,HON1,26.7711,26.8767,0.394,0.87,87.0,1.16,2.35,5.07,26.66,24.6294,29.4482,33.1961
2024-08-23,HOND,26.7711,26.8767,0.394,0.87,87.0,1.16,2.35,5.07,26.66,24.6294,29.4482,33.1961
2024-08-23,HWC,49.7607,50.2918,1.067,0.772,77.2,1.81,3.13,4.44,28.25,45.7798,54.7367,61.7032
2024-08-23,EPR,42.7101,42.8178,0.252,0.843,84.3,1.35,1.97,6.18,25.77,39.2933,46.9811,52.9605
2024-08-23,OSK,150.0,149.73,-0.18,0.613,61.3,1.45,2.68,4.93,22.65,138.0,165.0,186.0
2024-08-26,RIVN,14.36,14.35,-0.07,0.952,95.2,1.12,6.23,1.65,423.6,13.2112,15.796,17.8064
2024-08-26,BX,135.4261,134.1954,-0.909,0.828,82.8,1.18,2.81,5.53,434.18,124.592,148.9687,167.9283
2024-08-26,TFC,41.6634,41.588,-0.181,0.846,84.6,1.35,2.2,4.62,317.89,38.3303,45.8298,51.6626
2024-08-26,FICO,1706.27,1701.55,-0.277,0.953,95.3,1.12,3.0,0.44,289.19,1569.7684,1876.897,2115.7748
2024-08-26,ALL,177.8987,178.3943,0.279,0.637,63.7,1.17,2.25,4.13,283.37,163.6668,195.6886,220.5944
2024-08-26,BBY,82.6675,81.9049,-0.922,0.597,59.7,1.54,2.41,5.49,196.61,76.0541,90.9343,102.5077
2024-08-26,XEL,58.5224,58.5986,0.13,0.72,72.0,1.14,2.11,3.89,189.01,53.8406,64.3746,72.5678
2024-08-26,BURL,275.61,271.17,-1.611,0.776,77.6,1.56,2.8,6.32,200.22,253.5612,303.171,341.7564
2024-08-26,CHWY,25.81,25.78,-0.116,0.831,83.1,1.39,5.13,3.88,113.35,23.7452,28.391,32.0044
2024-08-26,ETR,57.2676,57.1574,-0.192,0.653,65.3,1.46,1.94,1.84,194.6,52.6862,62.9944,71.0118
2024-08-26,CPAY,300.89,300.67,-0.073,0.68,68.0,1.27,2.34,4.89,127.77,276.8188,330.979,373.1036
2024-08-26,SFM,101.02,100.83,-0.188,0.919,91.9,1.25,3.14,3.88,169.44,92.9384,111.122,125.2648
2024-08-26,ALLY,41.1565,40.9646,-0.466,0.675,67.5,1.13,2.97,2.95,90.52,37.864,45.2722,51.0341
2024-08-26,BN,32.6239,32.5182,-0.324,0.752,75.2,2.05,2.7,6.7,138.6,30.014,35.8863,40.4537
2024-08-26,CPB,47.191,47.3687,0.377,0.771,77.1,1.36,2.01,2.58,110.76,43.4157,51.9101,58.5168
2024-08-26,HEI,245.6065,238.9545,-2.708,0.72,72.0,1.68,2.45,3.46,87.94,225.958,270.1671,304.552
2024-08-26,BIRK,62.4,62.22,-0.288,0.648,64.8,1.84,3.14,4.69,55.42,57.408,68.64,77.376
2024-08-26,BIPH,62.4,62.22,-0.288,0.648,64.8,1.84,3.14,4.69,55.42,57.408,68.64,77.376
2024-08-26,BIPI,62.4,62.22,-0.288,0.648,64.8,1.84,3.14,4.69,55.42,57.408,68.64,77.376
2024-08-26,FR,53.8978,53.4593,-0.814,0.875,87.5,1.84,1.88,4.45,47.67,49.586,59.2876,66.8333
2024-08-26,SSB,92.4413,91.8813,-0.606,0.912,91.2,1.27,2.89,5.0,46.07,85.046,101.6854,114.6272
2024-08-26,COLD,23.1398,22.8995,-1.038,0.965,96.5,1.11,3.08,5.84,38.59,21.2886,25.4537,28.6933
2024-08-26,BPOP,95.5792,94.7053,-0.914,0.666,66.6,1.13,2.6,2.28,35.25,87.9329,105.1371,118.5182
2024-08-26,PEGA,34.2808,34.1063,-0.509,0.838,83.8,1.33,2.98,1.93,47.91,31.5384,37.7089,42.5082
2024-08-26,PEET,34.2808,34.1063,-0.509,0.839,83.9,1.33,2.98,1.93,47.91,31.5384,37.7089,42.5083
2024-08-26,PEGI,34.2808,34.1063,-0.509,0.839,83.9,1.33,2.98,1.93,47.91,31.5384,37.7089,42.5083
2024-08-26,KRHC1,33.3702,33.0767,-0.88,0.687,68.7,1.49,3.36,6.07,32.08,30.7006,36.7073,41.3791
2024-08-26,KRC,33.3702,33.0767,-0.88,0.687,68.7,1.49,3.36,6.07,32.08,30.7006,36.7073,41.3791
2024-08-26,BGC,9.6076,9.5681,-0.411,0.712,71.2,1.14,2.89,6.22,25.66,8.839,10.5683,11.9134
2024-08-26,BGC2,9.6076,9.5681,-0.411,0.712,71.2,1.14,2.89,6.22,25.66,8.839,10.5683,11.9134
2024-08-26,PFSI,101.2493,100.6499,-0.592,0.716,71.6,1.13,2.78,5.44,26.15,93.1493,111.3742,125.5491
2024-08-26,DEI,14.7506,14.5558,-1.321,0.828,82.8,1.68,3.3,4.44,24.76,13.5706,16.2257,18.2908
2024-08-27,CRM,261.7763,259.428,-0.897,0.722,72.2,1.11,2.24,3.56,1244.16,240.8342,287.9539,324.6026
2024-08-27,BX,134.7487,134.3099,-0.326,0.825,82.5,1.19,2.77,5.01,439.02,123.9688,148.2236,167.0884
2024-08-27,CHTH,360.77,359.68,-0.302,0.915,91.5,1.11,2.59,0.92,338.39,331.9084,396.847,447.3548
2024-08-27,CHTP,360.77,359.68,-0.302,0.915,91.5,1.11,2.59,0.92,338.39,331.9084,396.847,447.3548
2024-08-27,CHTRQ,360.77,359.68,-0.302,0.915,91.5,1.11,2.59,0.92,338.39,331.9084,396.847,447.3548
2024-08-27,FTV,360.77,359.68,-0.302,0.915,91.5,1.11,2.59,0.92,338.39,331.9084,396.847,447.3548
2024-08-27,GDDY,360.77,359.68,-0.302,0.915,91.5,1.11,2.59,0.92,338.39,331.9084,396.847,447.3548
2024-08-27,GEN,360.77,359.68,-0.302,0.915,91.5,1.11,2.59,0.92,338.39,331.9084,396.847,447.3548
2024-08-27,GIS,360.77,359.68,-0.302,0.915,91.5,1.11,2.59,0.92,338.39,331.9084,396.847,447.3548
2024-08-27,CHTR,360.77,359.68,-0.302,0.915,91.5,1.11,2.59,0.92,338.39,331.9084,396.847,447.3548
2024-08-27,NSC,241.3007,241.1359,-0.068,0.678,67.8,1.71,2.06,2.96,222.08,221.9966,265.4307,299.2128
2024-08-27,FICO,1714.9,1723.37,0.494,0.964,96.4,1.18,2.96,0.57,292.39,1577.708,1886.39,2126.476
2024-08-27,NTAP,129.2908,127.4649,-1.412,0.664,66.4,1.22,2.26,5.49,198.28,118.9476,142.2199,160.3207
2024-08-27,CHWY,25.86,26.25,1.508,0.888,88.8,1.72,5.11,3.86,118.91,23.7912,28.446,32.0664
2024-08-27,VEEV,200.25,199.86,-0.195,0.771,77.1,1.18,2.42,4.68,143.74,184.23,220.275,248.31
2024-08-27,ALNY,280.26,280.0,-0.093,0.996,99.6,1.3,3.62,4.36,256.86,257.8392,308.286,347.5224
2024-08-27,OKTA,96.98,96.89,-0.093,0.624,62.4,1.17,3.11,4.28,151.99,89.2216,106.678,120.2552
2024-08-27,STT,81.6453,81.3874,-0.316,0.752,75.2,1.23,1.91,6.05,146.08,75.1137,89.8098,101.2402
2024-08-27,SJM,113.7101,106.39,-6.437,0.616,61.6,1.53,1.96,1.19,125.67,104.6132,125.0811,141.0005
2024-08-27,CPB,46.6296,46.6203,-0.02,0.728,72.8,1.34,2.03,1.13,111.57,42.8993,51.2926,57.8207
2024-08-27,OLLI,95.03,94.2,-0.873,0.776,77.6,1.2,3.23,0.56,92.57,87.4276,104.533,117.8372
2024-08-27,HEI,247.0947,247.704,0.247,0.688,68.8,2.32,2.75,3.89,94.52,227.3271,271.8042,306.3975
2024-08-27,AMH,36.9831,36.9926,0.026,0.598,59.8,1.25,1.9,1.81,75.85,34.0245,40.6814,45.859
2024-08-27,BIRK,61.97,61.5,-0.758,0.603,60.3,1.94,3.13,3.7,59.11,57.0124,68.167,76.8428
2024-08-27,BIPH,61.97,61.5,-0.758,0.603,60.3,1.94,3.13,3.7,59.11,57.0124,68.167,76.8428
2024-08-27,BIPI,61.97,61.5,-0.758,0.603,60.3,1.94,3.13,3.7,59.11,57.0124,68.167,76.8428
2024-08-27,BRX,25.6868,25.7243,0.146,0.898,89.8,1.4,1.89,6.08,56.18,23.6319,28.2555,31.8517
2024-08-27,HMYRQ,10.1215,10.003,-1.171,0.715,71.5,1.36,3.96,2.61,39.08,9.3117,11.1336,12.5506
2024-08-27,BPOP,95.9633,95.5312,-0.45,0.696,69.6,1.39,2.61,2.93,36.07,88.2863,105.5596,118.9945
2024-08-27,GVA,73.2413,73.3503,0.149,0.846,84.6,1.83,3.0,5.15,40.33,67.382,80.5654,90.8192
2024-08-27,KRHC1,33.517,33.2969,-0.657,0.66,66.0,1.17,3.37,6.6,32.88,30.8356,36.8687,41.5611
2024-08-27,KRC,33.517,33.2969,-0.657,0.661,66.1,1.17,3.37,6.6,32.88,30.8356,36.8687,41.5611
2024-08-28,CRM,256.5249,268.5238,4.677,0.633,63.3,2.17,2.27,1.48,1300.45,236.0029,282.1774,318.0908
2024-08-28,GILD,75.0847,75.4384,0.471,0.921,92.1,1.15,2.01,4.45,406.43,69.078,82.5932,93.1051
2024-08-28,NSC,242.658,244.4419,0.735,0.709,70.9,1.3,2.03,3.5,226.99,223.2453,266.9238,300.8959
2024-08-28,BURL,272.89,282.0,3.338,0.805,80.5,2.2,2.85,4.59,219.74,251.0588,300.179,338.3836
2024-08-28,NTAP,128.1156,121.4821,-5.178,0.678,67.8,1.26,2.23,4.33,195.38,117.8664,140.9272,158.8634
2024-08-28,VEEV,199.35,214.19,7.444,0.8,80.0,1.64,2.36,4.01,144.09,183.402,219.285,247.194
2024-08-28,OKTA,96.54,83.01,-14.015,0.615,61.5,2.34,3.12,3.67,167.26,88.8168,106.194,119.7096
2024-08-28,MOH,352.42,354.27,0.525,0.734,73.4,1.35,2.3,2.36,168.96,324.2264,387.662,437.0008
2024-08-28,FOXA,40.4395,40.5436,0.258,0.91,91.0,1.56,2.54,5.22,189.99,37.2043,44.4834,50.145
2024-08-28,FRC,40.4395,40.5436,0.258,0.91,91.0,1.56,2.54,5.22,189.99,37.2043,44.4834,50.145
2024-08-28,FRT,40.4395,40.5436,0.258,0.91,91.0,1.56,2.54,5.22,189.99,37.2043,44.4834,50.145
2024-08-28,FTI,40.4395,40.5436,0.258,0.91,91.0,1.56,2.54,5.22,189.99,37.2043,44.4834,50.145
2024-08-28,STT,80.9385,81.3683,0.531,0.735,73.5,1.22,1.93,5.15,148.39,74.4634,89.0324,100.3637
2024-08-28,MTB,163.1102,163.5122,0.246,0.772,77.2,1.2,2.11,4.35,137.32,150.0614,179.4212,202.2566
2024-08-28,TRU,94.4905,94.8079,0.336,0.964,96.4,1.18,3.26,5.39,173.85,86.9312,103.9395,117.1682
2024-08-28,ALLY,40.7918,41.0414,0.612,0.666,66.6,1.11,2.91,2.47,89.13,37.5285,44.871,50.5818
2024-08-28,SIRI,30.1679,30.1679,-0.0,0.832,83.2,1.14,5.61,4.5,50.41,27.7544,33.1847,37.4082
2024-08-28,HES,52.8902,52.9744,0.159,0.788,78.8,1.18,2.86,3.94,92.26,48.6589,58.1792,65.5838
2024-08-28,CMA,52.8902,52.9744,0.159,0.789,78.9,1.18,2.86,3.94,92.26,48.6589,58.1792,65.5838
2024-08-28,CPB,46.9384,46.4331,-1.076,0.762,76.2,1.42,2.04,1.46,116.19,43.1833,51.6322,58.2036
2024-08-28,PCTY1,161.03,162.14,0.689,0.802,80.2,1.73,3.54,4.25,84.03,148.1476,177.133,199.6772
2024-08-28,PCX,161.03,162.14,0.689,0.802,80.2,1.73,3.54,4.25,84.03,148.1476,177.133,199.6772
2024-08-28,ACM,98.4091,98.4879,0.08,0.812,81.2,1.12,2.84,4.75,96.82,90.5364,108.25,122.0273
2024-08-28,PCTY,161.03,162.14,0.689,0.802,80.2,1.73,3.54,4.25,84.03,148.1476,177.133,199.6772
2024-08-28,CPRI,328.75,330.41,0.505,0.741,74.1,1.11,3.25,1.64,72.28,302.45,361.625,407.65
2024-08-28,CPT,328.75,330.41,0.505,0.741,74.1,1.11,3.25,1.64,72.28,302.45,361.625,407.65
2024-08-28,CRL,328.75,330.41,0.505,0.741,74.1,1.11,3.25,1.64,72.28,302.45,361.625,407.65
2024-08-28,CSGP,328.75,330.41,0.505,0.741,74.1,1.11,3.25,1.64,72.28,302.45,361.625,407.65
2024-08-28,CTL,328.75,330.41,0.505,0.741,74.1,1.11,3.25,1.64,72.28,302.45,361.625,407.65
2024-08-28,ACME,98.4091,98.4879,0.08,0.812,81.2,1.12,2.84,4.75,96.82,90.5364,108.25,122.0273
2024-08-28,ACMM,98.4091,98.4879,0.08,0.812,81.2,1.12,2.84,4.75,96.82,90.5364,108.25,122.0273
2024-08-28,ANTM,189.6849,190.1836,0.263,0.723,72.3,1.13,2.26,6.09,68.3,174.5101,208.6534,235.2093
2024-08-28,AOS,189.6849,190.1836,0.263,0.723,72.3,1.13,2.26,6.09,68.3,174.5101,208.6534,235.2093
2024-08-28,APA,189.6849,190.1836,0.263,0.723,72.3,1.13,2.26,6.09,68.3,174.5101,208.6534,235.2093
2024-08-28,APC,189.6849,190.1836,0.263,0.723,72.3,1.13,2.26,6.09,68.3,174.5101,208.6534,235.2093
2024-08-28,APO,189.6849,190.1836,0.263,0.723,72.3,1.13,2.26,6.09,68.3,174.5101,208.6534,235.2093
2024-08-28,SMG,66.3713,66.5873,0.325,0.675,67.5,1.15,3.38,0.04,54.06,61.0616,73.0085,82.3004
2024-08-28,ALSN,89.238,89.543,0.342,0.894,89.4,2.14,2.36,5.42,42.28,82.0989,98.1617,110.6551
2024-08-28,HMYRQ,10.082,10.2301,1.469,0.678,67.8,1.28,3.92,1.96,39.29,9.2754,11.0902,12.5016
2024-08-28,BPOP,97.7879,97.9512,0.167,0.794,79.4,1.13,2.64,4.93,37.42,89.9649,107.5667,121.257
2024-08-28,AGI,19.0234,19.0433,0.105,0.728,72.8,1.15,3.53,3.45,45.7,17.5015,20.9257,23.589
2024-08-28,LBUY,10.3403,10.3665,0.253,0.79,79.0,1.31,2.19,1.65,21.84,9.5131,11.3743,12.822
2024-08-28,LBTYK,10.3403,10.3665,0.253,0.79,79.0,1.31,2.19,1.65,21.84,9.5131,11.3743,12.822
2024-08-28,CBSH,55.8164,56.1503,0.598,0.798,79.8,4.21,2.08,3.39,33.42,51.351,61.398,69.2123
2024-08-28,NSA,41.0916,41.0648,-0.065,0.942,94.2,1.2,2.67,5.77,27.91,37.8042,45.2007,50.9535
2024-08-28,UA,7.55,7.61,0.795,0.681,68.1,1.13,3.53,0.92,22.74,6.946,8.305,9.362
2024-08-28,THG,135.5323,135.2723,-0.192,0.624,62.4,1.5,2.06,4.55,20.6,124.6897,149.0855,168.06
2024-08-28,FULT,18.0683,18.2382,0.94,0.831,83.1,1.2,2.73,6.52,20.12,16.6229,19.8752,22.4047
2024-08-29,CRM,254.6522,255.0783,0.167,0.606,60.6,2.6,2.31,0.66,1402.67,234.2801,280.1175,315.7688
2024-08-29,NOW,166.254,167.352,0.66,0.896,89.6,1.3,2.42,1.89,796.25,152.9537,182.8794,206.155
2024-08-29,PYPL,72.9913,73.3405,0.478,0.88,88.0,1.16,2.48,2.87,832.53,67.152,80.2904,90.5092
2024-08-29,ANET,86.6475,87.75,1.272,0.819,81.9,1.16,3.29,1.4,515.27,79.7157,95.3122,107.4429
2024-08-29,GEV,190.7674,195.2535,2.352,0.804,80.4,1.24,4.1,6.52,484.16,175.506,209.8441,236.5516
2024-08-29,REGN,1172.4276,1172.6962,0.023,0.829,82.9,1.18,2.07,2.23,534.46,1078.6334,1289.6704,1453.8102
2024-08-29,SE,77.52,79.02,1.935,0.638,63.8,1.48,3.57,4.66,487.98,71.3184,85.272,96.1248
2024-08-29,BURL,267.17,267.23,0.022,0.789,78.9,2.03,2.92,2.16,231.96,245.7964,293.887,331.2908
2024-08-29,ALNY,287.01,266.0,-7.32,0.997,99.7,1.46,3.37,5.66,248.12,264.0492,315.711,355.8924
2024-08-29,FOXA,40.4111,40.4773,0.164,0.919,91.9,1.17,2.37,4.89,190.02,37.1782,44.4522,50.1097
2024-08-29,FRC,40.4111,40.4773,0.164,0.919,91.9,1.17,2.37,4.89,190.02,37.1782,44.4522,50.1097
2024-08-29,FRT,40.4111,40.4773,0.164,0.919,91.9,1.17,2.37,4.89,190.02,37.1782,44.4522,50.1097
2024-08-29,FTI,40.4111,40.4773,0.164,0.919,91.9,1.17,2.37,4.89,190.02,37.1782,44.4522,50.1097
2024-08-29,AEM,80.2745,80.1369,-0.171,0.922,92.2,1.41,2.7,4.51,190.25,73.8526,88.302,99.5404
2024-08-29,QRVO,113.87,116.27,2.108,0.781,78.1,1.19,3.34,3.78,139.27,104.7604,125.257,141.1988
2024-08-29,TEVA,18.73,18.73,0.0,0.688,68.8,1.13,2.52,4.91,140.91,17.2316,20.603,23.2252
2024-08-29,CYBR,286.51,287.77,0.44,0.907,90.7,1.75,2.89,5.74,144.93,263.5892,315.161,355.2724
2024-08-29,CYBR2,286.51,287.77,0.44,0.907,90.7,1.75,2.89,5.74,144.93,263.5892,315.161,355.2724
2024-08-29,TRU,95.2443,95.8494,0.635,0.957,95.7,1.12,3.06,5.73,176.81,87.6248,104.7688,118.103
2024-08-29,FIX,345.8329,347.8541,0.584,0.761,76.1,1.87,4.01,6.55,108.23,318.1662,380.4161,428.8327
2024-08-29,ALLY,40.7534,40.907,0.377,0.689,68.9,1.74,2.68,2.38,90.83,37.4931,44.8288,50.5342
2024-08-29,S,24.26,24.54,1.154,0.98,98.0,1.5,4.48,5.69,121.76,22.3192,26.686,30.0824
2024-08-29,KOOP,75.34,76.86,2.018,0.992,99.2,1.13,6.22,6.57,62.56,69.3128,82.874,93.4216
2024-08-29,HEI,254.7156,255.6345,0.361,0.661,66.1,1.14,2.76,6.58,99.89,234.3384,280.1872,315.8474
2024-08-29,MKTX,240.4392,240.4294,-0.004,0.897,89.7,1.24,2.65,4.9,85.16,221.2041,264.4831,298.1446
2024-08-29,LNTH,104.81,105.44,0.601,0.932,93.2,1.29,3.79,4.68,83.98,96.4252,115.291,129.9644
2024-08-29,CLH,242.06,242.72,0.273,0.71,71.0,1.49,2.04,1.96,56.26,222.6952,266.266,300.1544
2024-08-29,CLGX,242.06,242.72,0.273,0.71,71.0,1.49,2.04,1.96,56.26,222.6952,266.266,300.1544
2024-08-29,IOR,49.9,50.0,0.2,0.903,90.3,1.34,2.61,5.06,47.76,45.908,54.89,61.876
2024-08-29,IONS,49.9,50.0,0.2,0.903,90.3,1.34,2.61,5.06,47.76,45.908,54.89,61.876
2024-08-29,CUBE,47.8279,48.0973,0.563,0.875,87.5,1.21,2.08,4.5,55.63,44.0017,52.6107,59.3066
2024-08-29,DTM,74.3338,73.9143,-0.564,0.772,77.2,1.48,1.95,4.56,42.12,68.3871,81.7672,92.1739
2024-08-29,COLD,23.1028,23.2044,0.44,0.972,97.2,1.36,2.86,6.0,36.83,21.2546,25.4131,28.6475
2024-08-29,HEI-A,197.7288,197.7487,0.01,0.608,60.8,1.57,2.66,5.88,39.96,181.9105,217.5016,245.1837
2024-08-29,GVA,73.3702,73.7073,0.459,0.891,89.1,1.28,2.61,4.58,37.12,67.5005,80.7072,90.979
2024-08-29,SDZ-SW,36.4561,36.3678,-0.242,0.826,82.6,1.53,2.73,0.97,31.21,33.5396,40.1017,45.2056
2024-08-29,LBUY,10.2618,10.2932,0.306,0.613,61.3,1.44,2.14,0.92,21.91,9.4408,11.288,12.7246
2024-08-29,LBTYA,9.8867,9.9021,0.156,0.627,62.7,1.32,2.0,1.55,24.78,9.0957,10.8753,12.2595
2024-08-29,LBTYK,10.2618,10.2932,0.306,0.613,61.3,1.44,2.14,0.92,21.91,9.4408,11.288,12.7246
2024-08-29,CBSH,55.6055,55.8427,0.427,0.791,79.1,1.24,1.98,2.96,33.47,51.157,61.166,68.9508
2024-08-29,CCSI1,96.9159,98.027,1.147,0.872,87.2,1.18,3.54,4.89,24.63,89.1626,106.6075,120.1757
2024-08-29,PFSI,103.4209,103.303,-0.114,0.787,78.7,1.2,2.55,6.59,26.66,95.1472,113.7629,128.2419
2024-08-29,THG,138.6228,138.6421,0.014,0.687,68.7,1.8,1.95,6.58,21.49,127.533,152.4851,171.8923
2024-08-29,DEI,14.9083,15.0753,1.12,0.837,83.7,1.3,3.01,5.44,24.88,13.7157,16.3992,18.4863
2024-08-30,M&M-NS,2783.0408,2826.095,1.547,0.602,60.2,1.91,2.11,2.15,7135.43,2560.3975,3061.3448,3450.9706
2024-08-30,NFLX,70.135,70.01,-0.178,0.63,63.0,1.19,2.29,1.33,1932.35,64.5242,77.1485,86.9674
2024-08-30,NOW,171.0,171.28,0.164,0.88,88.0,1.97,2.37,4.39,834.04,157.32,188.1,212.04
2024-08-30,AMGN,320.7413,318.8774,-0.581,0.586,58.6,1.12,2.03,2.81,621.98,295.082,352.8155,397.7193
2024-08-30,AXP,254.6608,251.8252,-1.113,0.623,62.3,1.4,1.88,5.24,624.38,234.2879,280.1268,315.7794
2024-08-30,MELI,2061.6599,2050.0,-0.566,0.908,90.8,1.53,1.91,2.35,517.48,1896.7271,2267.8259,2556.4583
2024-08-30,GILD,75.5053,76.2603,1.0,0.917,91.7,1.15,1.94,4.68,407.31,69.4648,83.0558,93.6265
2024-08-30,BX,135.8076,134.9205,-0.653,0.806,80.6,1.11,2.56,5.41,417.73,124.943,149.3884,168.4015
2024-08-30,EQIX,807.4055,802.6736,-0.586,0.623,62.3,1.2,2.01,2.44,351.47,742.8131,888.1461,1001.1828
2024-08-30,ILMN,811.8062,807.0483,-0.586,0.624,62.4,1.2,2.01,2.44,353.39,746.8617,892.9868,1006.6396
2024-08-30,NEM,51.8315,50.9384,-1.723,0.944,94.4,1.38,2.44,6.33,324.66,47.685,57.0147,64.2711
2024-08-30,PLD,121.4534,120.2372,-1.001,0.83,83.0,1.32,2.09,2.92,332.22,111.7371,133.5988,150.6022
2024-08-30,ADSK,258.4,261.77,1.304,0.847,84.7,3.03,1.96,4.53,346.31,237.728,284.24,320.416
2024-08-30,HAL,305.1992,302.8773,-0.761,0.686,68.6,1.24,1.9,4.72,216.8,280.7832,335.7191,378.447
2024-08-30,HAS,305.1992,302.8773,-0.761,0.686,68.6,1.24,1.9,4.72,216.8,280.7832,335.7191,378.447
2024-08-30,HBAN,305.1992,302.8773,-0.761,0.686,68.6,1.24,1.9,4.72,216.8,280.7832,335.7191,378.447
2024-08-30,HBI,305.1992,302.8773,-0.761,0.686,68.6,1.24,1.9,4.72,216.8,280.7832,335.7191,378.447
2024-08-30,HCP,305.1992,302.8773,-0.761,0.686,68.6,1.24,1.9,4.72,216.8,280.7832,335.7191,378.447
2024-08-30,CMIIU,304.1766,301.8625,-0.761,0.69,69.0,1.24,1.9,4.72,216.07,279.8424,334.5942,377.179
2024-08-30,CMIKA,304.1766,301.8625,-0.761,0.69,69.0,1.24,1.9,4.72,216.07,279.8424,334.5942,377.179
2024-08-30,CMIN,304.1766,301.8625,-0.761,0.69,69.0,1.24,1.9,4.72,216.07,279.8424,334.5942,377.179
2024-08-30,CMIV,304.1766,301.8625,-0.761,0.69,69.0,1.24,1.9,4.72,216.07,279.8424,334.5942,377.179
2024-08-30,TT,357.455,358.0382,0.163,0.667,66.7,2.13,2.13,5.59,367.12,328.8586,393.2005,443.2442
2024-08-30,CMI,304.1765,301.8625,-0.761,0.686,68.6,1.24,1.9,4.72,216.07,279.8424,334.5942,377.1789
2024-08-30,NSC,248.349,246.9626,-0.558,0.747,74.7,1.55,1.92,5.5,233.1,228.4811,273.1839,307.9527
2024-08-30,EBAY,57.9658,57.7696,-0.338,0.663,66.3,1.3,2.24,4.07,241.94,53.3285,63.7624,71.8776
2024-08-30,NET,82.14,81.6,-0.657,0.803,80.3,1.29,3.61,2.22,154.44,75.5688,90.354,101.8536
2024-08-30,IQV,251.55,249.03,-1.002,0.732,73.2,1.49,2.08,3.99,201.79,231.426,276.705,311.922
2024-08-30,FLUT,212.41,212.46,0.024,0.706,70.6,4.32,2.66,5.63,431.45,195.4172,233.651,263.3884
2024-08-30,BKR,34.2428,33.6489,-1.734,0.656,65.6,1.19,2.01,0.83,177.47,31.5034,37.6671,42.4611
2024-08-30,HWM,96.2792,96.7772,0.517,0.717,71.7,1.38,2.0,2.5,222.66,88.5769,105.9071,119.3862
2024-08-30,PHM,130.1745,130.2141,0.03,0.712,71.2,1.38,2.78,4.25,217.82,119.7606,143.192,161.4164
2024-08-30,BURL,268.24,266.06,-0.813,0.707,70.7,1.17,2.84,2.21,237.12,246.7808,295.064,332.6176
2024-08-30,TRGP,142.3602,141.6915,-0.47,0.913,91.3,1.29,1.99,4.62,256.77,130.9714,156.5962,176.5266
2024-08-30,SPG,155.4923,152.4261,-1.972,0.621,62.1,1.31,2.36,4.73,207.81,143.0529,171.0415,192.8104
2024-08-30,PSA,324.0106,322.9548,-0.326,0.919,91.9,1.39,1.95,5.69,219.4,298.0897,356.4116,401.7731
2024-08-30,FOXA,40.7614,40.4774,-0.697,0.924,92.4,1.13,2.26,5.3,186.19,37.5005,44.8375,50.5441
2024-08-30,FRC,40.7614,40.4774,-0.697,0.924,92.4,1.13,2.26,5.3,186.19,37.5005,44.8375,50.5441
2024-08-30,FRT,40.7614,40.4774,-0.697,0.924,92.4,1.13,2.26,5.3,186.19,37.5005,44.8375,50.5441
2024-08-30,FTI,40.7614,40.4774,-0.697,0.924,92.4,1.13,2.26,5.3,186.19,37.5005,44.8375,50.5441
2024-08-30,CBRE,115.14,114.67,-0.408,0.962,96.2,2.1,2.04,3.13,152.64,105.9288,126.654,142.7736
2024-08-30,TWLO,62.76,62.24,-0.829,0.608,60.8,1.31,2.78,3.55,131.64,57.7392,69.036,77.8224
2024-08-30,QRVO,115.89,113.84,-1.769,0.773,77.3,1.48,3.31,5.24,138.12,106.6188,127.479,143.7036
2024-08-30,EXAS,61.69,61.81,0.195,0.969,96.9,1.16,3.83,5.19,116.79,56.7548,67.859,76.4956
2024-08-30,EXAR,61.69,61.81,0.195,0.969,96.9,1.16,3.83,5.19,116.79,56.7548,67.859,76.4956
2024-08-30,TEVA,18.87,18.63,-1.272,0.661,66.1,1.36,2.4,5.14,140.06,17.3604,20.757,23.3988
2024-08-30,SFM,104.05,103.34,-0.682,0.956,95.6,1.38,2.52,6.07,131.74,95.726,114.455,129.022
2024-08-30,SWK,95.0711,94.6311,-0.463,0.879,87.9,1.12,2.46,4.97,99.78,87.4655,104.5783,117.8882
2024-08-30,PNR,87.376,86.647,-0.834,0.632,63.2,1.37,2.24,4.82,97.42,80.3859,96.1136,108.3463
2024-08-30,ALLY,41.4541,41.0989,-0.857,0.702,70.2,1.65,2.58,3.83,91.57,38.1377,45.5995,51.403
2024-08-30,VFC,17.5464,17.5849,0.22,0.973,97.3,1.29,4.72,5.4,128.18,16.1426,19.301,21.7575
2024-08-30,GWRE,148.77,148.88,0.074,0.788,78.8,1.81,2.12,1.81,85.45,136.8684,163.647,184.4748
2024-08-30,S,23.56,23.27,-1.231,0.971,97.1,1.25,4.51,2.09,120.4,21.6752,25.916,29.2144
2024-08-30,CPB,46.5174,46.7419,0.483,0.702,70.2,1.35,2.04,0.35,116.3,42.796,51.1691,57.6815
2024-08-30,MANH,264.43,263.56,-0.329,0.86,86.0,1.6,2.17,4.01,81.02,243.2756,290.873,327.8932
2024-08-30,DAY,57.17,56.82,-0.612,0.748,74.8,1.74,3.23,3.94,80.21,52.5964,62.887,70.8908
2024-08-30,DBA,57.17,56.82,-0.612,0.748,74.8,1.74,3.23,3.94,80.21,52.5964,62.887,70.8908
2024-08-30,HST,57.17,56.82,-0.612,0.748,74.8,1.74,3.23,3.94,80.21,52.5964,62.887,70.8908
2024-08-30,HEI,256.2538,256.5035,0.097,0.682,68.2,1.71,2.7,6.68,105.63,235.7535,281.8792,317.7547
2024-08-30,MKTX,236.8819,235.2597,-0.685,0.899,89.9,1.17,2.41,3.16,79.85,217.9314,260.5701,293.7336
2024-08-30,MUSA,515.5129,514.2034,-0.254,0.8,80.0,1.21,1.88,1.93,70.22,474.2719,567.0642,639.236
2024-08-30,FBIN,77.3155,77.3155,0.0,0.828,82.8,1.56,2.54,3.88,87.11,71.1303,85.0471,95.8713
2024-08-30,HII,273.5742,273.1582,-0.152,0.692,69.2,1.57,1.93,5.6,66.86,251.6883,300.9316,339.232
2024-08-30,RBRK,34.82,34.32,-1.436,0.635,63.5,1.78,4.28,3.85,27.72,32.0344,38.302,43.1768
2024-08-30,BXP,69.8567,69.3831,-0.678,0.931,93.1,1.57,2.69,6.61,70.95,64.2682,76.8424,86.6223
2024-08-30,BXSL,69.8567,69.3831,-0.678,0.931,93.1,1.57,2.69,6.61,70.95,64.2682,76.8424,86.6223
2024-08-30,PCTY1,161.4,160.88,-0.322,0.78,78.0,5.36,2.92,3.9,99.59,148.488,177.54,200.136
2024-08-30,PCX,161.4,160.88,-0.322,0.78,78.0,5.36,2.92,3.9,99.59,148.488,177.54,200.136
2024-08-30,REXR,47.7937,47.3056,-1.021,0.771,77.1,1.64,1.92,1.17,56.96,43.9702,52.5731,59.2642
2024-08-30,ACM,98.6751,97.6898,-0.999,0.777,77.7,1.31,2.76,3.89,98.34,90.7811,108.5426,122.3572
2024-08-30,PCTY,161.4,160.88,-0.322,0.78,78.0,5.36,2.92,3.9,99.59,148.488,177.54,200.136
2024-08-30,ACME,98.6751,97.6898,-0.999,0.777,77.7,1.31,2.76,3.89,98.34,90.7811,108.5426,122.3572
2024-08-30,ACMM,98.6751,97.6898,-0.999,0.777,77.7,1.31,2.76,3.89,98.34,90.7811,108.5426,122.3572
2024-08-30,TTC,89.9019,90.2125,0.346,0.787,78.7,2.55,2.04,3.04,57.61,82.7097,98.892,111.4783
2024-08-30,PNW,58.0677,57.6415,-0.734,0.957,95.7,1.12,2.11,5.84,67.26,53.4223,63.8744,72.0039
2024-08-30,PODD,58.0677,57.6415,-0.734,0.957,95.7,1.12,2.11,5.84,67.26,53.4223,63.8744,72.0039
2024-08-30,POOL,58.0677,57.6415,-0.734,0.957,95.7,1.12,2.11,5.84,67.26,53.4223,63.8744,72.0039
2024-08-30,PPG,58.0677,57.6415,-0.734,0.957,95.7,1.12,2.11,5.84,67.26,53.4223,63.8744,72.0039
2024-08-30,PPL,58.0677,57.6415,-0.734,0.957,95.7,1.12,2.11,5.84,67.26,53.4223,63.8744,72.0039
2024-08-30,JLL,255.23,252.41,-1.105,0.927,92.7,1.36,2.87,4.27,76.36,234.8116,280.753,316.4852
2024-08-30,JLMI,255.23,252.41,-1.105,0.927,92.7,1.36,2.87,4.27,76.36,234.8116,280.753,316.4852
2024-08-30,ANTM,191.9827,192.7187,0.383,0.718,71.8,1.39,2.16,6.1,70.3,176.624,211.1809,238.0585
2024-08-30,AOS,191.9827,192.7187,0.383,0.718,71.8,1.39,2.16,6.1,70.3,176.624,211.1809,238.0585
2024-08-30,APA,191.9827,192.7187,0.383,0.718,71.8,1.39,2.16,6.1,70.3,176.624,211.1809,238.0585
2024-08-30,APC,191.9827,192.7187,0.383,0.718,71.8,1.39,2.16,6.1,70.3,176.624,211.1809,238.0585
2024-08-30,APO,191.9827,192.7187,0.383,0.718,71.8,1.39,2.16,6.1,70.3,176.624,211.1809,238.0585
2024-08-30,IOR,47.68,47.5,-0.378,0.849,84.9,2.12,2.78,0.54,47.45,43.8656,52.448,59.1232
2024-08-30,IONS,47.68,47.5,-0.378,0.849,84.9,2.12,2.78,0.54,47.45,43.8656,52.448,59.1232
2024-08-30,CUBE,48.1344,47.9394,-0.405,0.885,88.5,1.19,1.94,4.84,52.99,44.2836,52.9478,59.6867
2024-08-30,COKE,132.699,133.1754,0.359,0.966,96.6,1.27,2.17,4.13,56.56,122.0831,145.9689,164.5467
2024-08-30,SSB,93.735,92.6826,-1.123,0.95,95.0,1.32,2.57,6.21,42.06,86.2362,103.1085,116.2314
2024-08-30,CVLL,155.4,154.9,-0.322,0.978,97.8,1.28,2.78,4.24,56.79,142.968,170.94,192.696
2024-08-30,VNOM,43.8808,43.0603,-1.87,0.963,96.3,1.37,2.7,3.32,38.52,40.3703,48.2689,54.4122
2024-08-30,HEI-A,199.7856,199.9953,0.105,0.634,63.4,2.12,2.61,6.48,43.33,183.8028,219.7642,247.7342
2024-08-30,DXCM,20.67,20.42,-1.209,0.964,96.4,1.53,3.01,5.3,27.78,19.0164,22.737,25.6308
2024-08-30,GET,4.75,4.74,-0.211,0.834,83.4,1.31,4.72,4.0,40.23,4.37,5.225,5.89
2024-08-30,GETI,4.75,4.74,-0.211,0.834,83.4,1.31,4.72,4.0,40.23,4.37,5.225,5.89
2024-08-30,BAP,166.1106,164.993,-0.673,0.595,59.5,2.08,2.19,6.22,30.28,152.8218,182.7217,205.9772
2024-08-30,PEGA,35.3429,35.1086,-0.663,0.882,88.2,1.38,2.48,4.82,44.54,32.5155,38.8772,43.8252
2024-08-30,LAZ,47.2254,46.6882,-1.137,0.935,93.5,1.29,2.56,6.54,29.41,43.4474,51.948,58.5595
2024-08-30,PEET,35.3429,35.1086,-0.663,0.881,88.1,1.38,2.48,4.82,44.54,32.5155,38.8772,43.8252
2024-08-30,PEGI,35.3429,35.1086,-0.663,0.881,88.1,1.38,2.48,4.82,44.54,32.5155,38.8772,43.8252
2024-08-30,KRHC1,33.2693,32.9575,-0.937,0.681,68.1,1.38,2.81,5.41,29.88,30.6078,36.5963,41.254
2024-08-30,R,140.9903,139.0391,-1.384,0.874,87.4,1.44,2.17,6.3,29.99,129.7111,155.0894,174.828
2024-08-30,DXC,20.67,20.42,-1.209,0.964,96.4,1.53,3.01,5.3,27.78,19.0164,22.737,25.6308
2024-08-30,KRC,33.2693,32.9575,-0.937,0.681,68.1,1.38,2.81,5.41,29.88,30.6078,36.5963,41.254
2024-08-30,SDZ-SW,36.623,36.4365,-0.509,0.81,81.0,1.76,2.7,1.38,31.65,33.6932,40.2854,45.4126
2024-08-30,BMI,204.5302,203.2256,-0.638,0.59,59.0,2.16,1.89,4.3,26.88,188.1678,224.9833,253.6175
2024-08-30,VIRT,29.5846,29.4304,-0.521,0.979,97.9,1.68,2.63,4.88,29.56,27.2178,32.543,36.6849
2024-08-30,EXLS,36.54,36.3,-0.657,0.901,90.1,1.49,1.92,3.67,30.29,33.6168,40.194,45.3096
2024-08-30,HEVVQ,33.9431,33.7977,-0.428,0.646,64.6,1.52,2.21,3.35,30.37,31.2277,37.3374,42.0895
2024-08-30,BDCC,106.9971,105.7205,-1.193,0.638,63.8,1.5,2.93,5.96,27.23,98.4374,117.6968,132.6764
2024-08-30,NSA,41.7073,41.5645,-0.342,0.891,89.1,1.51,2.62,6.51,28.9,38.3707,45.878,51.717
2024-08-30,AVNT1,47.1185,46.476,-1.364,0.604,60.4,1.19,2.67,6.31,20.09,43.3491,51.8304,58.427
2024-09-03,NOW,167.172,165.944,-0.735,0.863,86.3,1.35,2.28,1.71,783.68,153.7982,183.8892,207.2933
2024-09-03,AMGN,317.5515,316.9942,-0.176,0.622,62.2,1.12,1.9,1.67,602.23,292.1474,349.3067,393.7639
2024-09-03,GEV,191.9537,192.4322,0.249,0.884,88.4,1.66,3.94,5.24,493.0,176.5974,211.1491,238.0226
2024-09-03,ISRG,483.44,480.96,-0.513,0.786,78.6,1.2,1.9,1.5,547.3,444.7648,531.784,599.4656
2024-09-03,REGN,1162.3635,1162.3634,-0.0,0.819,81.9,1.31,1.89,0.48,513.53,1069.3744,1278.5999,1441.3308
2024-09-03,KKR,117.4521,117.1145,-0.287,0.867,86.7,1.57,2.28,0.25,318.62,108.056,129.1974,145.6407
2024-09-03,NEM,50.7442,50.453,-0.574,0.926,92.6,1.32,2.3,3.56,309.01,46.6847,55.8187,62.9229
2024-09-03,PLD,121.976,122.2041,0.187,0.84,84.0,1.33,2.0,2.98,323.7,112.2179,134.1736,151.2503
2024-09-03,ADSK,257.83,256.56,-0.493,0.873,87.3,1.53,2.06,3.63,341.5,237.2036,283.613,319.7092
2024-09-03,ZS,193.19,158.74,-17.832,0.597,59.7,3.39,2.76,2.6,274.12,177.7348,212.509,239.5556
2024-09-03,TT,342.155,342.8468,0.202,0.622,62.2,1.23,2.21,0.6,335.83,314.7826,376.3705,424.2722
2024-09-03,PH,567.3904,567.7455,0.063,0.708,70.8,1.13,2.07,0.0,368.74,521.9992,624.1294,703.5641
2024-09-03,SWKS,168.5633,167.8451,-0.426,0.763,76.3,1.15,2.46,1.69,257.14,155.0782,185.4196,209.0185
2024-09-03,SYF,168.5633,167.8451,-0.426,0.763,76.3,1.15,2.46,1.69,257.14,155.0782,185.4196,209.0185
2024-09-03,SYMC,168.5633,167.8451,-0.426,0.763,76.3,1.15,2.46,1.69,257.14,155.0782,185.4196,209.0185
2024-09-03,IQV,248.81,249.32,0.205,0.724,72.4,1.53,2.06,2.54,200.02,228.9052,273.691,308.5244
2024-09-03,GEHC,84.5825,83.994,-0.696,0.658,65.8,1.21,1.93,1.17,137.14,77.8159,93.0407,104.8822
2024-09-03,DKS,224.4888,209.8272,-6.531,0.651,65.1,2.29,2.92,4.25,206.91,206.5297,246.9377,278.3661
2024-09-03,PHM,127.3466,126.3973,-0.745,0.721,72.1,1.22,2.76,1.77,211.67,117.1589,140.0812,157.9098
2024-09-03,DLCA,224.4888,209.8272,-6.531,0.652,65.2,2.29,2.92,4.25,206.91,206.5297,246.9377,278.3661
2024-09-03,TRGP,145.2481,146.9634,1.181,0.959,95.9,1.73,1.98,5.91,263.52,133.6282,159.7729,180.1076
2024-09-03,SPG,152.3053,152.3796,0.049,0.598,59.8,1.41,2.25,2.08,202.17,140.1209,167.5358,188.8586
2024-09-03,CBRE,115.66,115.65,-0.009,0.981,98.1,1.31,1.96,3.18,150.33,106.4072,127.226,143.4184
2024-09-03,THC,161.65,161.35,-0.186,0.883,88.3,1.13,2.21,2.99,132.63,148.718,177.815,200.446
2024-09-03,AEM,77.641,77.2184,-0.544,0.786,78.6,1.16,2.35,0.25,170.44,71.4297,85.4051,96.2748
2024-09-03,CBOE,210.4753,210.9599,0.23,0.915,91.5,1.13,2.25,3.7,203.55,193.6373,231.5229,260.9894
2024-09-03,EFX,210.9951,211.4808,0.23,0.912,91.2,1.13,2.25,3.7,204.05,194.1155,232.0946,261.6339
2024-09-03,EG,210.9951,211.4808,0.23,0.912,91.2,1.13,2.25,3.7,204.05,194.1155,232.0946,261.6339
2024-09-03,EIX,210.9951,211.4808,0.23,0.912,91.2,1.13,2.25,3.7,204.05,194.1155,232.0946,261.6339
2024-09-03,ELV,210.9951,211.4808,0.23,0.912,91.2,1.13,2.25,3.7,204.05,194.1155,232.0946,261.6339
2024-09-03,EMN,210.9951,211.4808,0.23,0.912,91.2,1.13,2.25,3.7,204.05,194.1155,232.0946,261.6339
2024-09-03,TEVA,18.52,18.64,0.648,0.69,69.0,1.48,2.17,2.67,135.61,17.0384,20.372,22.9648
2024-09-03,BMRN,91.6,91.19,-0.448,0.733,73.3,1.25,2.32,1.65,144.91,84.272,100.76,113.584
2024-09-03,SFM,99.69,99.09,-0.602,0.955,95.5,1.12,2.45,1.38,122.83,91.7148,109.659,123.6156
2024-09-03,FTAI,116.3637,114.4692,-1.628,0.991,99.1,1.2,3.69,4.03,98.76,107.0546,128.0001,144.291
2024-09-03,TLN,138.275,138.73,0.329,0.94,94.0,1.24,6.05,2.28,94.43,127.213,152.1025,171.461
2024-09-03,ALLY,40.2255,40.1775,-0.119,0.645,64.5,1.51,2.45,0.46,88.96,37.0075,44.2481,49.8797
2024-09-03,MAS,76.2691,75.9867,-0.37,0.826,82.6,1.2,2.2,2.3,109.21,70.1676,83.896,94.5737
2024-09-03,BN,31.6593,31.5074,-0.48,0.741,74.1,1.27,2.47,2.01,96.83,29.1266,34.8253,39.2576
2024-09-03,KOOP,73.88,72.42,-1.976,0.997,99.7,1.23,6.13,5.14,61.65,67.9696,81.268,91.6112
2024-09-03,MANH,256.39,253.9,-0.971,0.815,81.5,1.2,2.19,0.5,74.92,235.8788,282.029,317.9236
2024-09-03,CIEN,55.35,58.2,5.149,0.75,75.0,3.18,2.79,4.27,84.73,50.922,60.885,68.634
2024-09-03,USFD,58.77,58.49,-0.476,0.633,63.3,1.29,2.11,4.33,120.83,54.0684,64.647,72.8748
2024-09-03,MKTX,235.6701,235.7385,0.029,0.838,83.8,1.11,2.32,2.22,74.61,216.8165,259.2371,292.2309
2024-09-03,CRDO,31.63,31.48,-0.474,0.91,91.0,1.75,5.41,0.73,60.18,29.0996,34.793,39.2212
2024-09-03,CRDSQ,31.63,31.48,-0.474,0.91,91.0,1.75,5.41,0.73,60.18,29.0996,34.793,39.2212
2024-09-03,UAA,8.2,8.17,-0.366,0.851,85.1,1.14,3.71,3.32,124.95,7.544,9.02,10.168
2024-09-03,DBX,24.0,23.86,-0.583,0.679,67.9,1.2,2.55,2.78,85.59,22.08,26.4,29.76
2024-09-03,RBA,83.485,83.2669,-0.261,0.769,76.9,1.21,2.01,2.41,55.3,76.8062,91.8335,103.5214
2024-09-03,CPRI,334.31,331.11,-0.957,0.79,79.0,1.97,2.69,3.37,69.86,307.5652,367.741,414.5444
2024-09-03,CPT,334.31,331.11,-0.957,0.79,79.0,1.97,2.69,3.37,69.86,307.5652,367.741,414.5444
2024-09-03,CRL,334.31,331.11,-0.957,0.79,79.0,1.97,2.69,3.37,69.86,307.5652,367.741,414.5444
2024-09-03,CSGP,334.31,331.11,-0.957,0.79,79.0,1.97,2.69,3.37,69.86,307.5652,367.741,414.5444
2024-09-03,CTL,334.31,331.11,-0.957,0.79,79.0,1.97,2.69,3.37,69.86,307.5652,367.741,414.5444
2024-09-03,CW,301.9868,301.7974,-0.063,0.672,67.2,1.42,2.11,0.91,78.07,277.8279,332.1855,374.4637
2024-09-03,PNW,55.4718,55.4428,-0.052,0.956,95.6,1.49,2.08,0.68,62.95,51.0341,61.019,68.7851
2024-09-03,PODD,55.4718,55.4428,-0.052,0.956,95.6,1.49,2.08,0.68,62.95,51.0341,61.019,68.7851
2024-09-03,POOL,55.4718,55.4428,-0.052,0.956,95.6,1.49,2.08,0.68,62.95,51.0341,61.019,68.7851
2024-09-03,PPG,55.4718,55.4428,-0.052,0.956,95.6,1.49,2.08,0.68,62.95,51.0341,61.019,68.7851
2024-09-03,PPL,55.4718,55.4428,-0.052,0.956,95.6,1.49,2.08,0.68,62.95,51.0341,61.019,68.7851
2024-09-03,ROIV,11.77,11.69,-0.68,0.677,67.7,1.24,3.08,2.84,48.79,10.8284,12.947,14.5948
2024-09-03,HALL,61.22,61.0,-0.359,0.865,86.5,1.63,3.01,2.76,85.1,56.3224,67.342,75.9128
2024-09-03,HALO,61.22,61.0,-0.359,0.865,86.5,1.63,3.01,2.76,85.1,56.3224,67.342,75.9128
2024-09-03,JLL,250.88,249.86,-0.407,0.944,94.4,1.13,2.67,2.1,70.05,230.8096,275.968,311.0912
2024-09-03,JLMI,250.88,249.86,-0.407,0.944,94.4,1.13,2.67,2.1,70.05,230.8096,275.968,311.0912
2024-09-03,LEGH,57.33,56.99,-0.593,0.927,92.7,1.7,3.05,1.38,35.63,52.7436,63.063,71.0892
2024-09-03,COKE,131.3585,130.8811,-0.363,0.969,96.9,1.37,2.06,2.63,54.95,120.8498,144.4944,162.8846
2024-09-03,THO,101.8411,101.3378,-0.494,0.605,60.5,1.26,2.45,2.06,36.75,93.6939,112.0253,126.283
2024-09-03,HLI,148.4709,148.4219,-0.033,0.779,77.9,1.14,1.92,0.36,30.05,136.5933,163.318,184.104
2024-09-03,TPG,46.3204,46.3109,-0.02,0.905,90.5,2.02,3.02,1.74,37.26,42.6148,50.9524,57.4373
2024-09-03,PNFP,96.5285,96.1942,-0.346,0.96,96.0,1.24,2.41,6.14,37.9,88.8062,106.1814,119.6954
2024-09-03,WTFC,105.2084,104.5927,-0.585,0.75,75.0,1.26,2.25,5.47,30.88,96.7917,115.7292,130.4584
2024-09-03,GVA,72.0812,71.7937,-0.399,0.901,90.1,1.15,2.38,2.06,34.19,66.3147,79.2894,89.3807
2024-09-03,PEGA,33.8121,33.4232,-1.15,0.806,80.6,1.14,2.53,0.08,42.94,31.1072,37.1933,41.927
2024-09-03,LAZ,45.4725,45.1426,-0.725,0.952,95.2,1.73,2.56,1.97,28.18,41.8347,50.0197,56.3859
2024-09-03,PEET,33.8121,33.4232,-1.15,0.807,80.7,1.14,2.53,0.08,42.94,31.1072,37.1934,41.9271
2024-09-03,PEGI,33.8121,33.4232,-1.15,0.807,80.7,1.14,2.53,0.08,42.94,31.1072,37.1934,41.9271
2024-09-03,R,135.3018,134.8941,-0.301,0.809,80.9,1.81,2.09,1.62,27.46,124.4776,148.832,167.7742
2024-09-03,ESI,25.2194,25.1114,-0.428,0.621,62.1,1.28,2.01,0.5,27.98,23.2018,27.7413,31.272
2024-09-03,IMVT,30.46,30.15,-1.018,0.879,87.9,1.15,4.1,0.02,22.63,28.0232,33.506,37.7704
2024-09-03,IMXI,30.46,30.15,-1.018,0.879,87.9,1.15,4.1,0.02,22.63,28.0232,33.506,37.7704
2024-09-03,VIRT,29.9121,29.9795,0.225,0.988,98.8,1.39,2.54,5.43,29.67,27.5191,32.9033,37.091
2024-09-03,BGC,9.5681,9.5187,-0.516,0.829,82.9,1.58,2.33,2.95,23.92,8.8026,10.5249,11.8644
2024-09-03,BGC2,9.5681,9.5187,-0.516,0.829,82.9,1.58,2.33,2.95,23.92,8.8026,10.5249,11.8644
2024-09-03,CCSI1,93.7773,92.9585,-0.873,0.783,78.3,1.68,3.19,1.13,23.47,86.2751,103.155,116.2838
2024-09-03,NSA,41.6805,41.6627,-0.043,0.929,92.9,1.42,2.42,5.92,28.97,38.3461,45.8486,51.6838
2024-09-03,UA,7.89,7.8,-1.141,0.821,82.1,1.22,3.42,2.92,24.63,7.2588,8.679,9.7836
2024-09-03,PFSI,104.1283,104.0989,-0.028,0.834,83.4,1.19,2.3,6.17,23.88,95.7981,114.5412,129.1192
2024-09-04,NEM,50.1035,50.9912,1.772,0.953,95.3,1.24,2.23,1.85,301.86,46.0952,55.1139,62.1283
2024-09-04,PLD,121.881,122.6412,0.624,0.812,81.2,1.19,1.95,2.6,317.81,112.1305,134.0691,151.1324
2024-09-04,ADSK,255.79,257.02,0.481,0.83,83.0,1.14,1.99,2.36,329.7,235.3268,281.369,317.1796
2024-09-04,KVUE,21.1834,21.2305,0.222,0.92,92.0,1.63,1.91,4.48,294.63,19.4888,23.3018,26.2675
2024-09-04,IQV,248.84,249.54,0.281,0.729,72.9,1.31,1.99,2.3,201.77,228.9328,273.724,308.5616
2024-09-04,GEHC,87.3254,87.1758,-0.171,0.755,75.5,1.26,2.02,4.08,138.62,80.3394,96.0579,108.2835
2024-09-04,PHM,126.8522,127.2081,0.281,0.767,76.7,1.12,2.63,1.19,209.53,116.704,139.5374,157.2967
2024-09-04,TRGP,142.6024,143.0773,0.333,0.938,93.8,1.32,1.99,3.42,252.22,131.1942,156.8627,176.827
2024-09-04,CHWY,27.15,27.25,0.368,0.844,84.4,1.64,5.39,3.6,180.16,24.978,29.865,33.666
2024-09-04,DOCU,57.42,57.43,0.017,0.648,64.8,1.19,2.42,2.21,90.3,52.8264,63.162,71.2008
2024-09-04,THC,162.12,161.89,-0.142,0.884,88.4,1.19,2.13,2.77,130.01,149.1504,178.332,201.0288
2024-09-04,FITB,39.9193,40.2417,0.808,0.817,81.7,1.12,1.97,2.95,129.0,36.7258,43.9113,49.5
2024-09-04,EXR,164.7143,166.0171,0.791,0.86,86.0,1.3,1.89,2.89,112.48,151.5372,181.1858,204.2458
2024-09-04,TEVA,18.96,18.94,-0.105,0.712,71.2,1.68,2.15,4.51,141.0,17.4432,20.856,23.5104
2024-09-04,SMCI,81.85,82.35,0.611,0.827,82.7,1.2,2.51,1.54,105.8,75.302,90.035,101.494
2024-09-04,SNA,81.85,82.35,0.611,0.827,82.7,1.2,2.51,1.54,105.8,75.302,90.035,101.494
2024-09-04,SOLV,81.85,82.35,0.611,0.827,82.7,1.2,2.51,1.54,105.8,75.302,90.035,101.494
2024-09-04,STE,81.85,82.35,0.611,0.827,82.7,1.2,2.51,1.54,105.8,75.302,90.035,101.494
2024-09-04,EPAM,200.5,202.0,0.748,0.723,72.3,2.27,2.98,0.98,110.68,184.46,220.55,248.62
2024-09-04,TLN,142.85,152.06,6.447,0.954,95.4,1.2,6.05,4.68,98.95,131.422,157.135,177.134
2024-09-04,VFC,17.3536,17.4115,0.333,0.975,97.5,1.63,4.44,2.95,120.05,15.9654,19.089,21.5185
2024-09-04,BN,31.3819,31.5801,0.632,0.748,74.8,3.18,2.42,0.82,101.38,28.8713,34.52,38.9135
2024-09-04,GWRE,147.08,145.46,-1.101,0.72,72.0,2.55,1.93,0.27,90.87,135.3136,161.788,182.3792
2024-09-04,INSP,197.01,196.83,-0.091,0.933,93.3,1.48,4.41,4.57,109.57,181.2492,216.711,244.2924
2024-09-04,INTE,197.01,196.83,-0.091,0.933,93.3,1.48,4.41,4.57,109.57,181.2492,216.711,244.2924
2024-09-04,MANH,256.78,251.51,-2.052,0.797,79.7,1.16,2.17,0.35,75.77,236.2376,282.458,318.4072
2024-09-04,CIEN,54.93,54.01,-1.675,0.866,86.6,2.82,2.98,2.68,93.26,50.5356,60.423,68.1132
2024-09-04,USFD,58.52,58.66,0.239,0.631,63.1,1.23,2.01,3.24,121.7,53.8384,64.372,72.5648
2024-09-04,MTN,172.2062,173.0897,0.513,0.609,60.9,1.52,2.09,5.79,55.8,158.4297,189.4268,213.5357
2024-09-04,MHK,150.63,151.19,0.372,0.971,97.1,1.12,2.49,0.66,77.55,138.5796,165.693,186.7812
2024-09-04,MHI1,150.63,151.19,0.372,0.971,97.1,1.12,2.49,0.66,77.55,138.5796,165.693,186.7812
2024-09-04,TWTR,150.63,151.19,0.372,0.971,97.1,1.12,2.49,0.66,77.55,138.5796,165.693,186.7812
2024-09-04,MKTX,236.364,244.319,3.366,0.895,89.5,1.27,2.19,2.34,71.97,217.4549,260.0004,293.0914
2024-09-04,CPRI,330.91,330.17,-0.224,0.769,76.9,1.12,2.61,2.25,69.44,304.4372,364.001,410.3284
2024-09-04,CPT,330.91,330.17,-0.224,0.769,76.9,1.12,2.61,2.25,69.44,304.4372,364.001,410.3284
2024-09-04,CRL,330.91,330.17,-0.224,0.769,76.9,1.12,2.61,2.25,69.44,304.4372,364.001,410.3284
2024-09-04,CSGP,330.91,330.17,-0.224,0.769,76.9,1.12,2.61,2.25,69.44,304.4372,364.001,410.3284
2024-09-04,CTL,330.91,330.17,-0.224,0.769,76.9,1.12,2.61,2.25,69.44,304.4372,364.001,410.3284
2024-09-04,ARMK,35.5036,35.425,-0.222,0.608,60.8,1.21,2.0,1.69,62.53,32.6634,39.054,44.0245
2024-09-04,PNW,55.8883,56.237,0.624,0.962,96.2,1.25,2.02,1.09,63.51,51.4173,61.4771,69.3015
2024-09-04,PODD,55.8883,56.237,0.624,0.962,96.2,1.25,2.02,1.09,63.51,51.4173,61.4771,69.3015
2024-09-04,POOL,55.8883,56.237,0.624,0.962,96.2,1.25,2.02,1.09,63.51,51.4173,61.4771,69.3015
2024-09-04,PPG,55.8883,56.237,0.624,0.962,96.2,1.25,2.02,1.09,63.51,51.4173,61.4771,69.3015
2024-09-04,PPL,55.8883,56.237,0.624,0.962,96.2,1.25,2.02,1.09,63.51,51.4173,61.4771,69.3015
2024-09-04,LEG,61.5908,61.6148,0.039,0.957,95.7,1.39,2.61,4.7,108.64,56.6635,67.7498,76.3726
2024-09-04,IOR,47.65,47.69,0.084,0.903,90.3,1.43,2.74,0.38,44.94,43.838,52.415,59.086
2024-09-04,IONS,47.65,47.69,0.084,0.903,90.3,1.43,2.74,0.38,44.94,43.838,52.415,59.086
2024-09-04,COKE,133.6924,133.6924,0.0,0.969,96.9,1.45,1.97,4.07,55.89,122.997,147.0617,165.7786
2024-09-04,HLNE,146.0183,146.449,0.295,0.945,94.5,1.18,2.36,3.06,32.1,134.3368,160.6201,181.0626
2024-09-04,CFR,106.8854,107.6605,0.725,0.692,69.2,1.23,1.97,3.02,36.97,98.3346,117.574,132.538
2024-09-04,TPG,46.9749,47.3164,0.727,0.945,94.5,1.12,2.84,2.44,36.21,43.2169,51.6724,58.2489
2024-09-04,RKT,19.106,19.1911,0.446,0.987,98.7,1.4,4.13,5.09,60.52,17.5775,21.0166,23.6914
2024-09-04,WTFC,103.8403,104.5341,0.668,0.69,69.0,1.58,2.21,3.61,30.13,95.533,114.2243,128.7619
2024-09-04,BPOP,95.1951,95.8769,0.716,0.776,77.6,1.25,2.21,1.01,35.23,87.5795,104.7146,118.0419
2024-09-04,R,134.6223,136.5249,1.413,0.79,79.0,1.77,1.97,0.84,28.24,123.8525,148.0845,166.9316
2024-09-04,LBUY,10.6963,10.7539,0.538,0.647,64.7,1.18,1.96,4.59,24.79,9.8406,11.766,13.2635
2024-09-04,LBTYA,10.3194,10.3864,0.649,0.661,66.1,1.44,1.9,5.25,26.4,9.4939,11.3514,12.7961
2024-09-04,IMVT,30.69,31.1,1.336,0.893,89.3,1.19,3.94,0.31,22.91,28.2348,33.759,38.0556
2024-09-04,IMXI,30.69,31.1,1.336,0.893,89.3,1.19,3.94,0.31,22.91,28.2348,33.759,38.0556
2024-09-04,LBTYK,10.6963,10.7539,0.538,0.647,64.7,1.18,1.96,4.59,24.79,9.8406,11.766,13.2635
2024-09-04,ACIW,48.58,48.31,-0.556,0.984,98.4,1.12,2.15,1.36,31.35,44.6936,53.438,60.2392
2024-09-04,CCSI1,93.4264,93.3679,-0.063,0.826,82.6,1.71,3.07,0.57,24.2,85.9523,102.769,115.8487
2024-09-05,PYPL,71.8639,71.7741,-0.125,0.929,92.9,1.16,2.6,0.11,711.46,66.1148,79.0503,89.1112
2024-09-05,GEV,197.8255,198.3738,0.277,0.854,85.4,1.18,3.97,6.49,515.17,181.9994,217.608,245.3036
2024-09-05,ADSK,251.77,252.7,0.369,0.783,78.3,1.75,1.96,0.37,343.61,231.6284,276.947,312.1948
2024-09-05,SWKS,168.0436,168.5728,0.315,0.766,76.6,1.16,2.09,0.88,241.76,154.6001,184.8479,208.374
2024-09-05,SYF,168.0436,168.5728,0.315,0.766,76.6,1.16,2.09,0.88,241.76,154.6001,184.8479,208.374
2024-09-05,SYMC,168.0436,168.5728,0.315,0.766,76.6,1.16,2.09,0.88,241.76,154.6001,184.8479,208.374
2024-09-05,GEHC,87.0661,87.0062,-0.069,0.776,77.6,1.47,1.88,3.28,137.86,80.1008,95.7727,107.9619
2024-09-05,ROKU,66.7,66.81,0.165,0.777,77.7,1.43,4.26,6.69,230.81,61.364,73.37,82.708
2024-09-05,PHM,126.8324,127.485,0.515,0.736,73.6,1.12,2.42,0.84,206.12,116.6858,139.5156,157.2722
2024-09-05,CAH,109.4087,109.5653,0.143,0.744,74.4,1.48,1.92,2.96,206.97,100.656,120.3495,135.6668
2024-09-05,TRGP,145.1512,145.3547,0.14,0.942,94.2,1.26,1.91,4.66,246.57,133.5391,159.6663,179.9874
2024-09-05,DOCU,56.93,60.24,5.814,0.702,70.2,2.62,2.31,0.81,97.57,52.3756,62.623,70.5932
2024-09-05,FOXA,39.3885,39.3885,-0.0,0.912,91.2,1.18,1.95,0.44,173.46,36.2374,43.3273,48.8417
2024-09-05,FRC,39.3885,39.3885,-0.0,0.912,91.2,1.18,1.95,0.44,173.46,36.2374,43.3273,48.8417
2024-09-05,FRT,39.3885,39.3885,-0.0,0.912,91.2,1.18,1.95,0.44,173.46,36.2374,43.3273,48.8417
2024-09-05,FTI,39.3885,39.3885,-0.0,0.912,91.2,1.18,1.95,0.44,173.46,36.2374,43.3273,48.8417
2024-09-05,THC,161.98,162.15,0.105,0.827,82.7,2.03,2.11,2.14,134.05,149.0216,178.178,200.8552
2024-09-05,EXAS,60.91,60.93,0.033,0.987,98.7,1.58,4.0,2.95,111.7,56.0372,67.001,75.5284
2024-09-05,EXAR,60.91,60.93,0.033,0.987,98.7,1.58,4.0,2.95,111.7,56.0372,67.001,75.5284
2024-09-05,AVTR,25.64,25.69,0.195,0.648,64.8,1.67,2.2,1.18,88.52,23.5888,28.204,31.7936
2024-09-05,EXR,162.6711,162.5774,-0.058,0.818,81.8,1.21,1.87,1.26,108.26,149.6574,178.9382,201.7121
2024-09-05,CDW,37.9356,37.9356,-0.0,0.848,84.8,1.71,2.25,5.52,141.7,34.9008,41.7292,47.0402
2024-09-05,CE,37.9356,37.9356,-0.0,0.848,84.8,1.71,2.25,5.52,141.7,34.9008,41.7292,47.0402
2024-09-05,CELG,37.9356,37.9356,-0.0,0.848,84.8,1.71,2.25,5.52,141.7,34.9008,41.7292,47.0402
2024-09-05,CERN,37.9356,37.9356,-0.0,0.848,84.8,1.71,2.25,5.52,141.7,34.9008,41.7292,47.0402
2024-09-05,CF,37.9356,37.9356,-0.0,0.848,84.8,1.71,2.25,5.52,141.7,34.9008,41.7292,47.0402
2024-09-05,EPAM,204.0,205.49,0.73,0.779,77.9,1.16,3.02,2.85,111.22,187.68,224.4,252.96
2024-09-05,KOOP,72.1,71.67,-0.596,0.998,99.8,1.31,5.99,2.3,58.8,66.332,79.31,89.404
2024-09-05,SN,97.34,97.2,-0.144,0.96,96.0,1.2,3.41,6.77,172.47,89.5528,107.074,120.7016
2024-09-05,CASY,378.2102,377.7136,-0.131,0.8,80.0,3.09,2.31,2.67,89.12,347.9534,416.0313,468.9807
2024-09-05,CATA1,378.5632,378.066,-0.131,0.8,80.0,3.09,2.31,2.67,89.2,348.2781,416.4195,469.4183
2024-09-05,WAL,77.3538,77.7235,0.478,0.984,98.4,1.27,2.5,1.87,57.81,71.1655,85.0892,95.9187
2024-09-05,HII,262.1192,262.632,0.196,0.662,66.2,1.22,1.88,0.09,60.5,241.1497,288.3312,325.0278
2024-09-05,BXP,69.3367,69.5317,0.281,0.954,95.4,1.12,2.1,4.2,62.43,63.7897,76.2703,85.9775
2024-09-05,BXSL,69.3367,69.5317,0.281,0.954,95.4,1.12,2.1,4.2,62.43,63.7897,76.2703,85.9775
2024-09-05,EVR,235.0474,234.8902,-0.067,0.925,92.5,1.14,1.95,0.22,48.79,216.2436,258.5522,291.4588
2024-09-05,ARMK,36.7523,36.8408,0.241,0.688,68.8,2.22,1.94,4.71,66.14,33.8121,40.4275,45.5729
2024-09-05,ROIV,12.19,12.18,-0.082,0.775,77.5,1.36,3.11,4.93,51.6,11.2148,13.409,15.1156
2024-09-05,KIM,36.037,35.7578,-0.775,0.654,65.4,1.41,2.5,1.44,47.34,33.154,39.6407,44.6859
2024-09-05,KMX,36.037,35.7578,-0.775,0.654,65.4,1.41,2.5,1.44,47.34,33.154,39.6407,44.6859
2024-09-05,KSS,36.037,35.7578,-0.775,0.654,65.4,1.41,2.5,1.44,47.34,33.154,39.6407,44.6859
2024-09-05,KSU,36.037,35.7578,-0.775,0.654,65.4,1.41,2.5,1.44,47.34,33.154,39.6407,44.6859
2024-09-05,BBDC,2.6144,2.6235,0.35,0.91,91.0,1.15,2.28,2.37,62.04,2.4052,2.8758,3.2418
2024-09-05,BBDA,2.6144,2.6235,0.35,0.91,91.0,1.15,2.28,2.37,62.04,2.4052,2.8758,3.2418
2024-09-05,COKE,133.2901,132.9629,-0.245,0.978,97.8,1.45,2.0,3.38,57.45,122.6269,146.6191,165.2797
2024-09-05,BAM,39.2722,39.3961,0.315,0.657,65.7,1.48,2.16,2.24,40.53,36.1305,43.1995,48.6976
2024-09-05,CFR,104.8092,105.2302,0.402,0.735,73.5,1.11,1.95,0.75,35.18,96.4244,115.2901,129.9634
2024-09-05,BAP,160.4013,159.6283,-0.482,0.592,59.2,1.13,2.04,1.68,29.05,147.5692,176.4415,198.8976
2024-09-05,LBTYA,10.4534,10.4482,-0.049,0.759,75.9,1.66,1.93,6.19,27.45,9.6171,11.4987,12.9622
2024-09-05,CNXC,70.7653,70.9187,0.217,0.905,90.5,1.54,3.09,6.29,20.89,65.1041,77.8419,87.749
2024-09-05,ASAPQ,20.6566,20.7607,0.504,0.624,62.4,1.23,2.22,1.58,22.15,19.004,22.7222,25.6141
2024-09-05,ASAQ,20.6566,20.7607,0.504,0.624,62.4,1.23,2.22,1.58,22.15,19.004,22.7222,25.6141
2024-09-05,NSA,41.0737,41.0916,0.043,0.882,88.2,1.22,2.09,3.41,24.86,37.7878,45.1811,50.9314
2024-09-10,PLD,125.8053,124.1995,-1.276,0.858,85.8,1.14,1.9,4.51,334.36,115.7409,138.3858,155.9986
2024-09-10,ADSK,257.61,255.63,-0.769,0.792,79.2,1.29,1.97,1.8,378.54,237.0012,283.371,319.4364
2024-09-10,SWKS,170.3115,168.0247,-1.343,0.814,81.4,1.12,2.13,1.3,255.58,156.6866,187.3426,211.1863
2024-09-10,SYF,170.3115,168.0247,-1.343,0.814,81.4,1.12,2.13,1.3,255.58,156.6866,187.3426,211.1863
2024-09-10,SYMC,170.3115,168.0247,-1.343,0.814,81.4,1.12,2.13,1.3,255.58,156.6866,187.3426,211.1863
2024-09-10,PNC,169.6625,167.9448,-1.012,0.86,86.0,1.65,1.88,0.75,269.48,156.0895,186.6288,210.3815
2024-09-10,BBY,89.6239,89.3449,-0.311,0.687,68.7,1.16,2.36,5.58,282.89,82.454,98.5863,111.1336
2024-09-10,LYV,96.06,95.84,-0.229,0.595,59.5,1.18,1.97,0.58,129.43,88.3752,105.666,119.1144
2024-09-10,RF,20.9929,20.6825,-1.478,0.885,88.5,1.25,2.13,0.97,142.65,19.3135,23.0922,26.0312
2024-09-10,AVTR,26.47,26.29,-0.68,0.882,88.2,1.73,2.45,3.8,99.09,24.3524,29.117,32.8228
2024-09-10,EXR,166.317,163.7208,-1.561,0.739,73.9,1.17,1.88,2.51,118.9,153.0117,182.9488,206.2331
2024-09-10,CDW,38.3167,38.1408,-0.459,0.825,82.5,1.17,2.29,5.61,150.14,35.2514,42.1484,47.5128
2024-09-10,CE,38.3167,38.1408,-0.459,0.825,82.5,1.17,2.29,5.61,150.14,35.2514,42.1484,47.5128
2024-09-10,CELG,38.3167,38.1408,-0.459,0.825,82.5,1.17,2.29,5.61,150.14,35.2514,42.1484,47.5128
2024-09-10,CERN,38.3167,38.1408,-0.459,0.825,82.5,1.17,2.29,5.61,150.14,35.2514,42.1484,47.5128
2024-09-10,CF,38.3167,38.1408,-0.459,0.825,82.5,1.17,2.29,5.61,150.14,35.2514,42.1484,47.5128
2024-09-10,EPAM,206.5,205.25,-0.605,0.801,80.1,2.28,2.75,2.97,103.88,189.98,227.15,256.06
2024-09-10,KGC,8.9364,8.9265,-0.111,0.915,91.5,1.39,2.78,0.95,119.14,8.2215,9.83,11.0811
2024-09-10,MAS,76.2886,75.7334,-0.728,0.704,70.4,1.45,2.05,0.7,104.11,70.1855,83.9174,94.5979
2024-09-10,KOOP,73.96,73.28,-0.919,0.998,99.8,1.11,5.37,3.09,55.97,68.0432,81.356,91.7104
2024-09-10,HES,53.7136,53.0024,-1.324,0.893,89.3,2.47,2.44,2.84,94.31,49.4165,59.085,66.6049
2024-09-10,CMA,53.7136,53.0024,-1.324,0.893,89.3,2.47,2.44,2.84,94.31,49.4165,59.085,66.6049
2024-09-10,CPB,47.8085,47.9488,0.294,0.853,85.3,1.38,2.02,1.47,125.05,43.9838,52.5893,59.2825
2024-09-10,FBIN,77.8023,76.9845,-1.051,0.809,80.9,1.31,2.26,2.56,83.95,71.5782,85.5826,96.4749
2024-09-10,WAL,78.2974,77.4706,-1.056,0.983,98.3,1.45,2.82,1.79,77.18,72.0336,86.1271,97.0888
2024-09-10,ARMK,37.1751,37.1161,-0.159,0.722,72.2,1.29,1.95,4.7,68.02,34.2011,40.8926,46.0971
2024-09-10,ROIV,12.19,12.27,0.656,0.732,73.2,1.54,3.04,3.22,59.85,11.2148,13.409,15.1156
2024-09-10,EXEL,26.31,26.21,-0.38,0.879,87.9,1.17,1.9,1.19,42.46,24.2052,28.941,32.6244
2024-09-10,HLNE,145.4504,145.2253,-0.155,0.952,95.2,1.99,2.65,0.81,40.01,133.8144,159.9955,180.3585
2024-09-10,ATMV,34.4212,34.173,-0.721,0.902,90.2,2.27,2.92,2.74,28.81,31.6675,37.8634,42.6823
2024-09-10,ATMVR,34.4212,34.173,-0.721,0.902,90.2,2.27,2.92,2.74,28.81,31.6675,37.8634,42.6823
2024-09-10,ATMP,34.4212,34.173,-0.721,0.901,90.1,2.27,2.92,2.74,28.81,31.6675,37.8634,42.6823
2024-09-10,HLI,149.7356,149.4219,-0.209,0.877,87.7,1.3,1.93,0.42,31.0,137.7567,164.7091,185.6721
2024-09-10,TPG,47.601,48.3125,1.495,0.921,92.1,1.18,2.38,1.75,35.41,43.7929,52.3611,59.0252
2024-09-11,NVDA,116.86,116.8,-0.051,0.702,70.2,1.17,5.85,4.54,44273.67,107.5112,128.546,144.9064
2024-09-11,AMD,149.86,148.43,-0.954,0.586,58.6,1.41,4.19,5.32,5417.65,137.8712,164.846,185.8264
2024-09-11,AVGO,155.9207,155.7532,-0.107,0.638,63.8,1.14,5.19,3.99,5421.56,143.447,171.5127,193.3416
2024-09-11,SBUX,95.0722,95.324,0.265,0.924,92.4,1.42,2.45,4.58,1294.6,87.4665,104.5795,117.8896
2024-09-11,AXP,250.2597,250.24,-0.008,0.724,72.4,1.19,2.14,0.98,659.87,230.2389,275.2857,310.322
2024-09-11,MELI,2045.88,2056.0,0.495,0.942,94.2,1.22,2.47,1.42,543.24,1882.2096,2250.468,2536.8912
2024-09-11,DASH,130.02,130.61,0.454,0.79,79.0,1.13,2.68,1.95,351.67,119.6184,143.022,161.2248
2024-09-11,BX,136.6758,137.4198,0.544,0.851,85.1,1.12,2.29,3.59,382.66,125.7417,150.3433,169.4779
2024-09-11,MPWR,884.7551,875.6225,-1.032,0.661,66.1,1.42,4.5,0.13,479.11,813.9747,973.2306,1097.0964
2024-09-11,PLD,124.1805,124.5701,0.314,0.82,82.0,1.43,1.91,2.84,337.31,114.246,136.5985,153.9838
2024-09-11,ADSK,258.98,259.13,0.058,0.754,75.4,1.41,2.04,2.05,394.29,238.2616,284.878,321.1352
2024-09-11,RBLX,44.99,45.01,0.044,0.955,95.5,1.11,2.95,4.72,268.59,41.3908,49.489,55.7876
2024-09-11,NSC,246.0319,243.3463,-1.092,0.79,79.0,1.47,1.91,2.34,263.96,226.3493,270.6351,305.0795
2024-09-11,EBAY,59.5645,59.7215,0.263,0.811,81.1,1.3,1.95,4.31,246.65,54.7994,65.521,73.86
2024-09-11,CARR,72.1913,71.9659,-0.312,0.761,76.1,1.69,2.2,5.13,225.03,66.416,79.4104,89.5172
2024-09-11,GEHC,86.9663,86.7968,-0.195,0.737,73.7,1.56,1.94,2.51,146.39,80.009,95.663,107.8383
2024-09-11,VKTX,60.83,62.71,3.091,0.806,80.6,1.67,6.85,0.58,202.86,55.9636,66.913,75.4292
2024-09-11,LYV,97.33,97.24,-0.092,0.623,62.3,1.72,2.04,1.62,137.08,89.5436,107.063,120.6892
2024-09-11,FAST,33.5249,33.6315,0.318,0.64,64.0,1.18,1.89,2.84,141.44,30.8429,36.8774,41.5709
2024-09-11,CPNG,23.42,23.49,0.299,0.618,61.8,1.22,3.55,3.34,148.88,21.5464,25.762,29.0408
2024-09-11,TOST,25.0,25.1,0.4,0.633,63.3,1.5,3.69,3.12,112.11,23.0,27.5,31.0
2024-09-11,MOH,344.73,345.37,0.186,0.696,69.6,1.6,2.53,0.46,168.09,317.1516,379.203,427.4652
2024-09-11,CP,85.2441,85.8185,0.674,0.692,69.2,1.5,1.91,4.95,137.22,78.4246,93.7685,105.7027
2024-09-11,TOL,137.7529,138.4248,0.488,0.812,81.2,1.26,2.9,0.45,205.36,126.7326,151.5281,170.8135
2024-09-11,AVTR,26.91,26.88,-0.111,0.925,92.5,1.28,2.48,5.18,101.96,24.7572,29.601,33.3684
2024-09-11,EXR,164.9768,165.2111,0.142,0.699,69.9,1.17,1.91,1.39,120.92,151.7786,181.4744,204.5712
2024-09-11,CART,35.32,35.38,0.17,0.582,58.2,1.5,3.25,2.64,110.37,32.4944,38.852,43.7968
2024-09-11,NTRA,123.83,123.75,-0.065,0.697,69.7,1.41,3.88,3.9,143.87,113.9236,136.213,153.5492
2024-09-11,EPAM,203.6,204.98,0.678,0.753,75.3,1.71,2.59,1.35,104.84,187.312,223.96,252.464
2024-09-11,CARS2,35.32,35.38,0.17,0.582,58.2,1.5,3.25,2.64,110.37,32.4944,38.852,43.7968
2024-09-11,TLN,152.1,149.52,-1.696,0.967,96.7,1.2,5.52,6.47,112.38,139.932,167.31,188.604
2024-09-11,BN,31.7717,31.765,-0.021,0.821,82.1,2.95,2.25,0.59,113.44,29.2299,34.9488,39.3969
2024-09-11,KOOP,72.72,74.25,2.104,0.998,99.8,1.15,5.22,0.9,55.79,66.9024,79.992,90.1728
2024-09-11,HES,52.7966,52.8902,0.177,0.884,88.4,1.2,2.45,0.91,94.22,48.5728,58.0762,65.4677
2024-09-11,CMA,52.7966,52.8902,0.177,0.885,88.5,1.2,2.45,0.91,94.22,48.5728,58.0762,65.4678
2024-09-11,SN,99.01,100.0,1.0,0.945,94.5,1.2,3.14,6.63,132.51,91.0892,108.911,122.7724
2024-09-11,MANH,268.12,268.48,0.134,0.816,81.6,1.35,2.08,3.71,82.34,246.6704,294.932,332.4688
2024-09-11,BORD,148.23,147.87,-0.243,0.818,81.8,1.29,3.17,6.74,80.2,136.3716,163.053,183.8052
2024-09-11,BXP,70.8504,71.0455,0.275,0.941,94.1,1.37,2.12,4.56,69.07,65.1824,77.9355,87.8546
2024-09-11,BXSL,70.8504,71.0455,0.275,0.941,94.1,1.37,2.12,4.56,69.07,65.1824,77.9355,87.8546
2024-09-11,DOL-TO,135.0368,133.3829,-1.225,0.62,62.0,2.1,2.07,1.58,75.67,124.2339,148.5405,167.4457
2024-09-11,ARMK,37.3521,37.5782,0.605,0.78,78.0,1.12,1.97,4.83,67.62,34.3639,41.0873,46.3166
2024-09-11,MMYT,99.85,99.96,0.11,0.969,96.9,1.34,4.28,4.14,52.29,91.862,109.835,123.814
2024-09-11,JONEQ,5.32,5.28,-0.752,0.61,61.0,1.35,4.12,5.25,25.85,4.8944,5.852,6.5968
2024-09-11,QS,5.86,5.86,0.0,0.771,77.1,1.33,4.42,1.99,27.92,5.3912,6.446,7.2664
2024-09-11,ATMV,34.5007,34.5702,0.201,0.934,93.4,1.89,2.97,2.63,29.13,31.7406,37.9507,42.7808
2024-09-11,ATMVR,34.5007,34.5702,0.201,0.934,93.4,1.89,2.97,2.63,29.13,31.7406,37.9507,42.7808
2024-09-11,ATMP,34.5007,34.5702,0.201,0.934,93.4,1.89,2.97,2.63,29.13,31.7406,37.9507,42.7808
2024-09-11,TPG,48.5591,49.0144,0.938,0.947,94.7,1.23,2.37,3.35,36.3,44.6744,53.415,60.2133
2024-09-11,BAP,161.3327,161.3141,-0.012,0.658,65.8,1.2,1.9,1.55,30.32,148.4261,177.466,200.0526
2024-09-11,LBTYA,10.0773,10.0464,-0.307,0.675,67.5,1.21,2.07,1.36,29.28,9.2711,11.085,12.4958
2024-09-11,CUKPF,14.8806,15.01,0.87,0.596,59.6,1.18,3.21,2.45,22.71,13.6902,16.3687,18.452
2024-09-11,TSS,15.2125,15.3175,0.69,0.668,66.8,1.46,2.82,4.11,20.51,13.9955,16.7337,18.8635
2024-09-12,META,523.0266,517.7923,-1.001,0.643,64.3,1.14,2.71,2.49,5510.31,481.1844,575.3292,648.5529
2024-09-12,SBUX,96.1178,95.9726,-0.151,0.902,90.2,1.21,2.31,5.4,1159.45,88.4284,105.7296,119.1861
2024-09-12,MELI,2140.1001,2136.96,-0.147,0.947,94.7,1.54,2.61,5.34,607.72,1968.8921,2354.1101,2653.7241
2024-09-12,KKR,119.5277,120.1235,0.499,0.609,60.9,1.82,2.34,0.48,301.94,109.9655,131.4805,148.2143
2024-09-12,BX,139.7571,141.1881,1.024,0.88,88.0,1.25,2.33,5.53,395.27,128.5765,153.7328,173.2988
2024-09-12,NEM,51.5863,52.1033,1.002,0.957,95.7,1.61,2.14,2.77,326.01,47.4594,56.7449,63.967
2024-09-12,PLD,123.8004,124.6556,0.691,0.805,80.5,1.93,1.96,2.25,357.17,113.8964,136.1804,153.5125
2024-09-12,NSC,246.8268,247.777,0.385,0.766,76.6,1.16,1.9,2.41,269.0,227.0807,271.5095,306.0653
2024-09-12,KR,53.8079,53.8664,0.109,0.591,59.1,2.08,2.04,4.56,257.78,49.5033,59.1887,66.7218
2024-09-12,AXON,384.51,382.98,-0.398,0.955,95.5,2.04,2.29,5.13,184.19,353.7492,422.961,476.7924
2024-09-12,VKTX,62.81,63.08,0.43,0.88,88.0,1.21,6.9,3.46,215.48,57.7852,69.091,77.8844
2024-09-12,CP,85.9373,86.2939,0.415,0.659,65.9,1.31,1.94,5.24,141.41,79.0624,94.5311,106.5623
2024-09-12,TOL,143.1385,145.2631,1.484,0.877,87.7,1.13,2.95,3.7,216.08,131.6874,157.4523,177.4917
2024-09-12,AEM,80.4416,81.6699,1.527,0.945,94.5,1.58,1.98,2.1,163.13,74.0062,88.4857,99.7476
2024-09-12,AVTR,26.48,26.67,0.718,0.9,90.0,1.12,2.57,3.21,101.48,24.3616,29.128,32.8352
2024-09-12,CART,36.32,36.45,0.358,0.603,60.3,1.29,3.22,4.86,112.68,33.4144,39.952,45.0368
2024-09-12,CPAY,305.81,306.46,0.213,0.891,89.1,1.25,2.12,0.97,131.4,281.3452,336.391,379.2044
2024-09-12,EPAM,202.3,203.24,0.465,0.772,77.2,1.57,2.61,0.65,106.83,186.116,222.53,250.852
2024-09-12,CARS2,36.32,36.45,0.358,0.603,60.3,1.29,3.22,4.86,112.68,33.4144,39.952,45.0368
2024-09-12,FTAI,119.462,121.2282,1.478,0.975,97.5,1.25,4.01,2.63,99.87,109.905,131.4082,148.1329
2024-09-12,PNR,89.4548,90.0754,0.694,0.795,79.5,1.66,2.05,5.36,99.86,82.2984,98.4002,110.9239
2024-09-12,DVA,157.64,159.31,1.059,0.673,67.3,1.66,2.26,3.65,107.72,145.0288,173.404,195.4736
2024-09-12,IEX,157.64,159.31,1.059,0.673,67.3,1.66,2.26,3.65,107.72,145.0288,173.404,195.4736
2024-09-12,INSP,203.68,202.97,-0.349,0.925,92.5,1.27,3.84,5.82,100.79,187.3856,224.048,252.5632
2024-09-12,INTE,203.68,202.97,-0.349,0.925,92.5,1.27,3.84,5.82,100.79,187.3856,224.048,252.5632
2024-09-12,VTRS,11.0806,11.0995,0.17,0.812,81.2,1.17,2.22,1.04,79.91,10.1942,12.1887,13.74
2024-09-12,WPM,60.9709,61.8055,1.369,0.797,79.7,1.2,2.07,1.54,77.68,56.0933,67.068,75.604
2024-09-12,LNTH,104.03,104.1,0.067,0.937,93.7,1.16,3.84,1.04,72.75,95.7076,114.433,128.9972
2024-09-12,DOL-TO,134.6582,134.0106,-0.481,0.622,62.2,1.42,2.11,1.17,77.44,123.8856,148.124,166.9762
2024-09-12,DOCS,38.22,38.35,0.34,0.978,97.8,1.4,2.73,4.97,58.98,35.1624,42.042,47.3928
2024-09-12,JLL,251.38,252.18,0.318,0.887,88.7,1.52,2.15,0.41,61.88,231.2696,276.518,311.7112
2024-09-12,JLMI,251.38,252.18,0.318,0.887,88.7,1.52,2.15,0.41,61.88,231.2696,276.518,311.7112
2024-09-12,DOVA,38.22,38.35,0.34,0.978,97.8,1.4,2.73,4.97,58.98,35.1624,42.042,47.3928
2024-09-12,DOVP,38.22,38.35,0.34,0.978,97.8,1.4,2.73,4.97,58.98,35.1624,42.042,47.3928
2024-09-12,DOVR,38.22,38.35,0.34,0.978,97.8,1.4,2.73,4.97,58.98,35.1624,42.042,47.3928
2024-09-12,DOX,38.22,38.35,0.34,0.978,97.8,1.4,2.73,4.97,58.98,35.1624,42.042,47.3928
2024-09-12,VNO,34.5701,35.1089,1.559,0.986,98.6,1.49,2.85,6.38,80.75,31.8045,38.0271,42.8669
2024-09-12,MMYT,101.23,102.5,1.255,0.947,94.7,1.13,4.37,5.23,54.53,93.1316,111.353,125.5252
2024-09-12,HLNE,146.8504,148.5343,1.147,0.957,95.7,1.33,2.75,1.14,42.29,135.1024,161.5355,182.0945
2024-09-12,ONC,196.27,200.0,1.9,0.905,90.5,1.63,2.42,0.45,58.35,180.5684,215.897,243.3748
2024-09-12,RGLD,138.6087,139.7702,0.838,0.788,78.8,1.34,1.92,1.9,32.7,127.52,152.4696,171.8748
2024-09-12,ADLTQ,17.65,17.85,1.133,0.996,99.6,1.46,4.52,1.36,66.25,16.238,19.415,21.886
2024-09-12,ADMA,17.65,17.85,1.133,0.996,99.6,1.46,4.52,1.36,66.25,16.238,19.415,21.886
2024-09-12,NVTAQ,18.67,18.79,0.643,0.582,58.2,1.56,3.75,3.81,48.8,17.1764,20.537,23.1508
2024-09-12,NVST,18.67,18.79,0.643,0.582,58.2,1.56,3.75,3.81,48.8,17.1764,20.537,23.1508
2024-09-12,AGI,19.9955,20.3942,1.994,0.962,96.2,3.06,2.46,5.24,45.14,18.3959,21.9951,24.7944
2024-09-12,JANL,46.53,47.23,1.504,0.774,77.4,3.38,6.16,5.08,21.58,42.8076,51.183,57.6972
2024-09-12,JANX,46.53,47.23,1.504,0.774,77.4,3.38,6.16,5.08,21.58,42.8076,51.183,57.6972
2024-09-12,AWI,122.5948,123.87,1.04,0.598,59.8,1.11,1.99,0.46,26.28,112.7872,134.8542,152.0175
2024-09-12,AWIN,122.5948,123.87,1.04,0.598,59.8,1.11,1.99,0.46,26.28,112.7872,134.8542,152.0175
2024-09-12,CUKPF,15.2091,15.2887,0.524,0.583,58.3,1.5,3.2,4.09,23.84,13.9924,16.73,18.8593
2024-09-12,TSS,15.4893,15.7374,1.602,0.714,71.4,1.67,2.84,5.4,21.91,14.2501,17.0382,19.2067
2024-09-12,NSA,42.555,42.7536,0.467,0.785,78.5,1.41,2.03,4.72,25.75,39.1506,46.8105,52.7682
2024-09-12,ACW,19.94,20.0,0.301,0.671,67.1,1.17,3.24,6.33,32.89,18.3448,21.934,24.7256
2024-09-12,ACXP,19.94,20.0,0.301,0.671,67.1,1.17,3.24,6.33,32.89,18.3448,21.934,24.7256
2024-09-12,DEI,15.1681,15.3444,1.162,0.935,93.5,1.39,2.42,4.64,20.9,13.9547,16.6849,18.8084
2024-09-13,DASH,131.35,131.22,-0.099,0.749,74.9,1.23,2.53,2.82,349.84,120.842,144.485,162.874
2024-09-13,KKR,121.9508,123.1425,0.977,0.628,62.8,1.37,2.34,2.4,311.32,112.1948,134.1459,151.219
2024-09-13,NEM,52.396,52.2302,-0.317,0.94,94.0,1.14,2.1,3.91,336.92,48.2043,57.6356,64.971
2024-09-13,PLD,123.5058,124.2812,0.628,0.782,78.2,1.26,1.97,1.79,361.86,113.6254,135.8564,153.1472
2024-09-13,DHI,191.5052,193.1371,0.852,0.974,97.4,1.33,2.26,4.58,370.2,176.1848,210.6557,237.4664
2024-09-13,URI,720.0186,724.3715,0.605,0.685,68.5,1.14,2.49,1.71,249.14,662.4171,792.0205,892.8231
2024-09-13,SWKS,175.6789,177.1247,0.823,0.91,91.0,1.18,2.18,3.46,276.8,161.6246,193.2468,217.8419
2024-09-13,SYF,175.6789,177.1247,0.823,0.91,91.0,1.18,2.18,3.46,276.8,161.6246,193.2468,217.8419
2024-09-13,SYMC,175.6789,177.1247,0.823,0.91,91.0,1.18,2.18,3.46,276.8,161.6246,193.2468,217.8419
2024-09-13,GEHC,86.687,86.9264,0.276,0.62,62.0,5.09,1.9,1.85,179.23,79.7521,95.3558,107.4919
2024-09-13,HWM,94.9046,95.3329,0.451,0.8,80.0,1.34,2.17,0.04,198.89,87.3123,104.3951,117.6818
2024-09-13,RMD,245.6304,246.4494,0.333,0.775,77.5,1.5,2.49,3.94,219.52,225.98,270.1934,304.5817
2024-09-13,CPNG,23.95,23.95,0.0,0.772,77.2,1.22,3.51,4.96,153.5,22.034,26.345,29.698
2024-09-13,TOL,148.03,148.3956,0.247,0.935,93.5,1.13,2.94,6.45,229.29,136.1876,162.833,183.5572
2024-09-13,AEM,81.7289,81.611,-0.144,0.942,94.2,1.28,1.89,3.39,168.42,75.1906,89.9018,101.3438
2024-09-13,FITB,39.8909,39.9099,0.048,0.781,78.1,1.12,2.15,1.27,138.22,36.6996,43.88,49.4647
2024-09-13,MTB,162.9046,163.6087,0.432,0.74,74.0,1.32,1.93,1.41,135.12,149.8722,179.195,202.0016
2024-09-13,CPAY,307.43,309.19,0.572,0.856,85.6,1.14,2.11,1.26,133.49,282.8356,338.173,381.2132
2024-09-13,SWK,94.8932,95.5018,0.641,0.852,85.2,1.37,2.21,2.88,93.46,87.3018,104.3826,117.6676
2024-09-13,FTAI,123.5668,123.3398,-0.184,0.962,96.2,1.35,4.07,5.32,105.05,113.6814,135.9234,153.2228
2024-09-13,FOUR,82.92,82.5,-0.507,0.827,82.7,1.19,3.57,4.18,103.01,76.2864,91.212,102.8208
2024-09-13,FOUR1,82.92,82.5,-0.507,0.827,82.7,1.19,3.57,4.18,103.01,76.2864,91.212,102.8208
2024-09-13,KNX,51.6769,51.9999,0.625,0.67,67.0,1.48,2.5,1.15,80.36,47.5428,56.8446,64.0794
2024-09-13,WPM,62.1532,62.342,0.304,0.803,80.3,1.62,2.02,3.08,82.13,57.1809,68.3685,77.07
2024-09-13,MHK,156.55,157.21,0.422,0.975,97.5,1.29,2.51,3.46,81.7,144.026,172.205,194.122
2024-09-13,MHI1,156.55,157.21,0.422,0.975,97.5,1.29,2.51,3.46,81.7,144.026,172.205,194.122
2024-09-13,TWTR,156.55,157.21,0.422,0.975,97.5,1.29,2.51,3.46,81.7,144.026,172.205,194.122
2024-09-13,WAL,79.6787,79.5328,-0.183,0.971,97.1,1.56,2.85,2.67,84.71,73.3044,87.6466,98.8016
2024-09-13,LNTH,105.55,105.6,0.047,0.944,94.4,1.53,3.85,2.0,77.18,97.106,116.105,130.882
2024-09-13,CW,308.9442,310.4792,0.497,0.625,62.5,1.3,2.01,1.64,68.57,284.2286,339.8386,383.0908
2024-09-13,LPX,96.1559,96.529,0.388,0.603,60.3,1.54,2.32,3.18,43.5,88.4634,105.7715,119.2333
2024-09-13,ROIV,11.94,11.95,0.084,0.587,58.7,1.29,3.06,0.11,59.63,10.9848,13.134,14.8056
2024-09-13,JLL,254.28,255.0,0.283,0.828,82.8,1.43,2.16,1.36,64.74,233.9376,279.708,315.3072
2024-09-13,JLMI,254.28,255.0,0.283,0.828,82.8,1.43,2.16,1.36,64.74,233.9376,279.708,315.3072
2024-09-13,RVMD,43.7,43.79,0.206,0.738,73.8,1.34,3.42,2.0,31.6,40.204,48.07,54.188
2024-09-13,MAT,19.01,19.24,1.21,0.63,63.0,1.63,1.91,0.16,40.06,17.4892,20.911,23.5724
2024-09-13,KIM,36.3354,36.4447,0.301,0.609,60.9,1.56,2.67,2.2,50.79,33.4286,39.969,45.056
2024-09-13,KMX,36.3354,36.4447,0.301,0.609,60.9,1.56,2.67,2.2,50.79,33.4286,39.969,45.056
2024-09-13,KSS,36.3354,36.4447,0.301,0.609,60.9,1.56,2.67,2.2,50.79,33.4286,39.969,45.056
2024-09-13,KSU,36.3354,36.4447,0.301,0.609,60.9,1.56,2.67,2.2,50.79,33.4286,39.969,45.056
2024-09-13,HLNE,149.6602,150.8977,0.827,0.95,95.0,1.27,2.8,2.7,44.7,137.6873,164.6262,185.5786
2024-09-13,RGLD,140.9415,141.0399,0.07,0.776,77.6,1.64,1.94,3.22,33.96,129.6662,155.0356,174.7675
2024-09-13,CFR,104.6848,105.2397,0.53,0.658,65.8,1.73,2.16,0.16,35.2,96.31,115.1533,129.8091
2024-09-13,ADLTQ,18.09,18.27,0.995,0.992,99.2,1.11,4.52,3.73,69.11,16.6428,19.899,22.4316
2024-09-13,ADMA,18.09,18.27,0.995,0.992,99.2,1.11,4.52,3.73,69.11,16.6428,19.899,22.4316
2024-09-13,HLI,151.0492,151.9315,0.584,0.733,73.3,1.15,1.93,1.01,31.96,138.9653,166.1542,187.3011
2024-09-13,SSB,91.6303,92.6054,1.064,0.947,94.7,1.47,2.36,0.85,35.67,84.2999,100.7933,113.6216
2024-09-13,RKT,18.5666,18.7558,1.019,0.968,96.8,1.81,3.87,0.33,58.96,17.0813,20.4232,23.0226
2024-09-13,HE,11.62,11.5,-1.033,0.884,88.4,1.23,5.7,1.25,29.8,10.6904,12.782,14.4088
2024-09-13,HEAL1,11.62,11.5,-1.033,0.884,88.4,1.23,5.7,1.25,29.8,10.6904,12.782,14.4088
2024-09-13,GVA,75.72,76.2554,0.707,0.855,85.5,2.35,2.42,4.9,33.83,69.6624,83.292,93.8928
2024-09-13,NUVL,87.45,102.7,17.439,0.647,64.7,1.52,4.19,4.83,29.83,80.454,96.195,108.438
2024-09-13,CNMD,74.1753,74.3726,0.266,0.637,63.7,1.45,3.45,5.11,26.52,68.2413,81.5929,91.9774
2024-09-13,LBTYA,10.3246,10.3555,0.299,0.744,74.4,1.15,2.07,3.23,30.18,9.4986,11.357,12.8025
2024-09-13,VIRT,30.8658,30.8177,-0.156,0.973,97.3,1.11,2.29,4.82,26.54,28.3966,33.9524,38.2736
2024-09-13,BANC,13.7636,13.8702,0.774,0.609,60.9,1.27,2.95,1.34,22.66,12.6625,15.14,17.0669
2024-09-13,TSS,15.7374,15.8233,0.546,0.66,66.0,1.27,2.84,6.52,22.13,14.4784,17.3111,19.5144
2024-09-13,ACIW,48.53,48.55,0.041,0.963,96.3,1.21,2.15,0.26,29.84,44.6476,53.383,60.1772
2024-09-13,NSA,43.0335,43.2954,0.608,0.711,71.1,1.23,2.03,5.26,26.58,39.5909,47.3369,53.3616
2024-09-13,ACW,19.87,19.84,-0.151,0.649,64.9,1.25,3.33,5.71,32.46,18.2804,21.857,24.6388
2024-09-13,ACXP,19.87,19.84,-0.151,0.649,64.9,1.25,3.33,5.71,32.46,18.2804,21.857,24.6388
2024-09-16,NOW,178.492,178.13,-0.203,0.854,85.4,1.18,2.36,5.62,815.53,164.2126,196.3412,221.3301
2024-09-16,XBI,100.8849,101.0244,0.138,0.65,65.0,1.14,2.04,1.34,630.21,92.8142,110.9734,125.0973
2024-09-16,BMY,46.5456,46.6387,0.2,0.885,88.5,1.36,2.19,1.99,404.18,42.8219,51.2001,57.7165
2024-09-16,CVNA,152.9,154.97,1.354,0.969,96.9,2.13,4.54,3.66,405.53,140.668,168.19,189.596
2024-09-16,DASH,130.87,131.35,0.367,0.791,79.1,1.25,2.51,2.37,340.51,120.4004,143.957,162.2788
2024-09-16,KKR,125.665,126.668,0.798,0.705,70.5,1.27,2.4,5.2,326.04,115.6118,138.2315,155.8245
2024-09-16,PLD,123.7547,123.7069,-0.039,0.802,80.2,1.3,1.94,1.7,368.56,113.8543,136.1302,153.4558
2024-09-16,RCL,166.8088,168.3222,0.907,0.654,65.4,1.19,2.81,4.59,290.23,153.4641,183.4897,206.8429
2024-09-16,SWKS,176.9074,178.3154,0.796,0.911,91.1,1.23,2.18,3.74,286.09,162.7548,194.5981,219.3652
2024-09-16,SYF,176.9074,178.3154,0.796,0.911,91.1,1.23,2.18,3.74,286.09,162.7548,194.5981,219.3652
2024-09-16,SYMC,176.9074,178.3154,0.796,0.911,91.1,1.23,2.18,3.74,286.09,162.7548,194.5981,219.3652
2024-09-16,RBLX,46.24,46.42,0.389,0.938,93.8,1.34,3.05,5.5,283.72,42.5408,50.864,57.3376
2024-09-16,CNC,76.57,77.02,0.588,0.668,66.8,1.18,1.94,0.64,282.45,70.4444,84.227,94.9468
2024-09-16,CNCE,76.57,77.02,0.588,0.668,66.8,1.18,1.94,0.64,282.45,70.4444,84.227,94.9468
2024-09-16,HOLX,76.57,77.02,0.588,0.668,66.8,1.18,1.94,0.64,282.45,70.4444,84.227,94.9468
2024-09-16,HP,76.57,77.02,0.588,0.668,66.8,1.18,1.94,0.64,282.45,70.4444,84.227,94.9468
2024-09-16,FLUT,224.34,226.2,0.829,0.77,77.0,1.13,2.13,5.13,450.13,206.3928,246.774,278.1816
2024-09-16,RMD,248.4328,249.0248,0.238,0.783,78.3,1.2,2.51,4.6,227.86,228.5581,273.276,308.0566
2024-09-16,CPNG,23.95,24.12,0.71,0.68,68.0,1.62,3.53,4.62,157.1,22.034,26.345,29.698
2024-09-16,STT,81.6262,81.9032,0.339,0.798,79.8,1.69,2.03,1.87,168.51,75.0961,89.7888,101.2165
2024-09-16,MTB,166.9559,167.7855,0.497,0.774,77.4,1.54,1.98,3.58,142.21,153.5995,183.6515,207.0254
2024-09-16,AVTR,27.2,27.36,0.588,0.915,91.5,1.13,2.58,5.35,106.28,25.024,29.92,33.728
2024-09-16,EXR,168.0157,167.8739,-0.084,0.666,66.6,1.71,1.88,2.25,125.27,154.5745,184.8173,208.3395
2024-09-16,SFM,106.61,106.56,-0.047,0.966,96.6,1.45,2.6,6.09,135.18,98.0812,117.271,132.1964
2024-09-16,FTAI,125.2738,126.5466,1.016,0.964,96.4,2.41,3.95,6.18,111.99,115.2519,137.8012,155.3395
2024-09-16,KGC,9.3921,9.3525,-0.422,0.886,88.6,1.68,3.09,4.75,137.51,8.6407,10.3313,11.6462
2024-09-16,MANH,270.4,271.33,0.344,0.729,72.9,1.36,2.18,3.84,80.79,248.768,297.44,335.296
2024-09-16,WAL,80.1067,80.5834,0.595,0.968,96.8,1.12,2.79,2.98,85.74,73.6982,88.1174,99.3323
2024-09-16,DOL-TO,135.9834,135.9834,-0.0,0.592,59.2,1.72,2.15,2.18,86.19,125.1047,149.5817,168.6194
2024-09-16,EVR,237.9664,239.0966,0.475,0.833,83.3,1.21,2.23,1.24,52.84,218.9291,261.763,295.0783
2024-09-16,CNX,28.04,28.17,0.464,0.743,74.3,1.14,1.95,2.82,53.81,25.7968,30.844,34.7696
2024-09-16,PNW,57.7965,57.8739,0.134,0.945,94.5,1.58,2.14,3.15,63.37,53.1727,63.5761,71.6676
2024-09-16,PODD,57.7965,57.8739,0.134,0.945,94.5,1.58,2.14,3.15,63.37,53.1727,63.5761,71.6676
2024-09-16,POOL,57.7965,57.8739,0.134,0.945,94.5,1.58,2.14,3.15,63.37,53.1727,63.5761,71.6676
2024-09-16,PPG,57.7965,57.8739,0.134,0.945,94.5,1.58,2.14,3.15,63.37,53.1727,63.5761,71.6676
2024-09-16,PPL,57.7965,57.8739,0.134,0.945,94.5,1.58,2.14,3.15,63.37,53.1727,63.5761,71.6676
2024-09-16,RVMD,44.54,44.22,-0.718,0.788,78.8,1.2,3.38,3.75,32.68,40.9768,48.994,55.2296
2024-09-16,EXEL,27.47,27.36,-0.4,0.917,91.7,1.33,1.91,5.4,41.2,25.2724,30.217,34.0628
2024-09-16,HLNE,150.495,151.8209,0.881,0.943,94.3,1.64,2.86,2.91,47.41,138.4554,165.5445,186.6138
2024-09-16,ATMV,35.2056,35.3942,0.536,0.918,91.8,1.88,3.02,3.91,31.64,32.3891,38.7261,43.6549
2024-09-16,ATMVR,35.2056,35.3942,0.536,0.918,91.8,1.88,3.02,3.91,31.64,32.3891,38.7261,43.6549
2024-09-16,ATMP,35.2056,35.3942,0.536,0.919,91.9,1.88,3.02,3.91,31.64,32.3891,38.7261,43.6549
2024-09-16,RGLD,138.8351,138.7071,-0.092,0.67,67.0,1.21,1.93,1.52,33.35,127.7283,152.7186,172.1555
2024-09-16,ADLTQ,18.2,18.29,0.495,0.992,99.2,1.64,4.69,4.17,73.01,16.744,20.02,22.568
2024-09-16,ADMA,18.2,18.29,0.495,0.992,99.2,1.64,4.69,4.17,73.01,16.744,20.02,22.568
2024-09-16,SSB,94.3142,95.3183,1.065,0.961,96.1,1.34,2.37,3.47,36.7,86.7691,103.7457,116.9497
2024-09-16,COLD,22.8348,23.0473,0.931,0.963,96.3,1.15,2.69,2.04,37.27,21.008,25.1183,28.3151
2024-09-16,HEI-A,203.7097,203.3901,-0.157,0.688,68.8,1.14,2.29,4.33,35.56,187.4129,224.0806,252.6
2024-09-16,AMG,173.7702,175.6497,1.082,0.636,63.6,1.62,2.07,2.14,26.83,159.8686,191.1472,215.475
2024-09-16,AMFIQ,173.7702,175.6496,1.082,0.636,63.6,1.62,2.07,2.14,26.83,159.8686,191.1472,215.475
2024-09-16,RARE,59.36,59.32,-0.067,0.99,99.0,1.39,3.12,5.02,39.4,54.6112,65.296,73.6064
2024-09-16,GLNCY,31.2005,31.5181,1.018,0.647,64.7,1.77,2.02,0.74,29.91,28.7045,34.3206,38.6886
2024-09-16,GLNG,31.2005,31.5181,1.018,0.647,64.7,1.77,2.02,0.74,29.91,28.7045,34.3206,38.6886
2024-09-16,LBTYA,10.51,10.4534,-0.539,0.789,78.9,1.15,2.1,4.58,30.73,9.6692,11.5611,13.0325
2024-09-16,VIRT,31.2415,31.2126,-0.092,0.974,97.4,1.19,2.27,5.57,27.12,28.7422,34.3657,38.7395
2024-09-16,CLDX,42.86,43.34,1.12,0.823,82.3,1.58,4.85,6.7,27.14,39.4312,47.146,53.1464
2024-09-16,BANC,13.7927,14.0058,1.545,0.631,63.1,1.35,2.84,1.4,23.24,12.6893,15.172,17.1029
2024-09-16,BGC,9.7853,9.8544,0.706,0.845,84.5,1.21,2.75,2.97,25.93,9.0025,10.7639,12.1338
2024-09-16,BGC2,9.7853,9.8544,0.706,0.845,84.5,1.21,2.75,2.97,25.93,9.0025,10.7639,12.1338
2024-09-16,CLVT,6.68,6.71,0.449,0.866,86.6,1.12,3.28,1.19,23.98,6.1456,7.348,8.2832
2024-09-16,CCSI1,100.9707,102.6959,1.709,0.94,94.0,1.3,2.96,5.57,25.6,92.893,111.0678,125.2037
2024-09-16,CGNX,37.0,37.01,0.027,0.709,70.9,2.36,5.42,1.33,22.81,34.04,40.7,45.88
2024-09-17,MSFT,431.1006,430.952,-0.034,0.581,58.1,1.12,1.96,3.95,7288.89,396.6126,474.2107,534.5648
2024-09-17,NOW,177.166,177.552,0.218,0.792,79.2,1.11,2.38,4.51,826.86,162.9927,194.8826,219.6858
2024-09-17,SHOP,74.45,74.83,0.51,0.698,69.8,1.54,3.0,2.76,395.47,68.494,81.895,92.318
2024-09-17,CVNA,156.58,157.35,0.492,0.971,97.1,1.18,4.62,6.12,422.16,144.0536,172.238,194.1592
2024-09-17,ENPH,118.53,118.59,0.051,0.608,60.8,1.6,4.3,3.22,255.97,109.0476,130.383,146.9772
2024-09-17,TT,371.1537,370.8664,-0.077,0.646,64.6,1.12,2.15,6.18,374.62,341.4614,408.2691,460.2306
2024-09-17,PNC,172.2343,172.5759,0.198,0.818,81.8,1.23,2.06,1.18,284.55,158.4555,189.4577,213.5705
2024-09-17,FICO,1884.45,1885.34,0.047,0.945,94.5,1.29,2.31,6.4,248.66,1733.694,2072.8949,2336.7179
2024-09-17,LYV,102.92,103.34,0.408,0.591,59.1,1.31,2.09,6.3,153.37,94.6864,113.212,127.6208
2024-09-17,RMD,247.5546,230.5332,-6.876,0.873,87.3,1.11,2.49,3.81,230.13,227.7502,272.31,306.9677
2024-09-17,MTB,167.6698,167.6891,0.012,0.804,80.4,1.26,2.02,3.69,146.62,154.2562,184.4367,207.9105
2024-09-17,ARES,147.9393,149.0043,0.72,0.751,75.1,1.2,2.2,6.52,137.01,136.1042,162.7333,183.4448
2024-09-17,AVTR,26.87,26.98,0.409,0.856,85.6,1.21,2.63,3.78,108.41,24.7204,29.557,33.3188
2024-09-17,EXR,169.1035,171.7614,1.572,0.676,67.6,2.03,1.91,2.58,136.11,155.5752,186.0139,209.6883
2024-09-17,SFM,106.83,106.38,-0.421,0.97,97.0,1.17,2.66,5.9,139.99,98.2836,117.513,132.4692
2024-09-17,KGC,9.303,9.3426,0.426,0.891,89.1,1.13,3.06,3.72,137.64,8.5587,10.2332,11.5357
2024-09-17,DVA,164.22,162.32,-1.157,0.736,73.6,1.27,2.36,6.56,113.8,151.0824,180.642,203.6328
2024-09-17,S,24.93,25.1,0.682,0.961,96.1,1.86,4.32,6.22,142.69,22.9356,27.423,30.9132
2024-09-17,IEX,164.22,162.32,-1.157,0.736,73.6,1.27,2.36,6.56,113.8,151.0824,180.642,203.6328
2024-09-17,INSP,206.7,205.13,-0.76,0.925,92.5,1.16,3.96,6.12,109.62,190.164,227.37,256.308
2024-09-17,INTE,206.7,205.13,-0.76,0.925,92.5,1.16,3.96,6.12,109.62,190.164,227.37,256.308
2024-09-17,MANH,272.54,274.36,0.668,0.675,67.5,1.83,2.24,4.4,84.56,250.7368,299.794,337.9496
2024-09-17,TW,117.85,118.4367,0.498,0.638,63.8,1.28,1.96,1.71,74.67,108.422,129.635,146.134
2024-09-17,LITE,58.37,58.58,0.36,0.823,82.3,1.17,4.51,5.29,83.17,53.7004,64.207,72.3788
2024-09-17,WAL,80.953,81.3421,0.481,0.975,97.5,1.31,2.84,3.8,89.44,74.4768,89.0483,100.3818
2024-09-17,FMC,58.9691,59.1833,0.363,0.675,67.5,1.23,2.3,0.02,43.0,54.2516,64.866,73.1217
2024-09-17,PSN,98.1,98.12,0.02,0.907,90.7,1.75,1.89,3.23,69.37,90.252,107.91,121.644
2024-09-17,CPRI,333.66,335.1,0.432,0.727,72.7,1.12,2.65,2.68,72.43,306.9672,367.026,413.7384
2024-09-17,CPT,333.66,335.1,0.432,0.727,72.7,1.12,2.65,2.68,72.43,306.9672,367.026,413.7384
2024-09-17,CRL,333.66,335.1,0.432,0.727,72.7,1.12,2.65,2.68,72.43,306.9672,367.026,413.7384
2024-09-17,CSGP,333.66,335.1,0.432,0.727,72.7,1.12,2.65,2.68,72.43,306.9672,367.026,413.7384
2024-09-17,CTL,333.66,335.1,0.432,0.727,72.7,1.12,2.65,2.68,72.43,306.9672,367.026,413.7384
2024-09-17,CW,314.4263,314.4263,0.0,0.705,70.5,1.19,2.07,3.04,73.96,289.2722,345.869,389.8886
2024-09-17,MIDD,139.19,139.49,0.216,0.586,58.6,1.53,2.44,1.99,78.53,128.0548,153.109,172.5956
2024-09-17,LPX,98.9644,99.2491,0.288,0.776,77.6,1.12,2.41,5.49,46.15,91.0472,108.8608,122.7158
2024-09-17,ARMK,37.9518,37.9027,-0.13,0.687,68.7,1.45,1.88,5.04,69.98,34.9157,41.747,47.0603
2024-09-17,RRX,161.3759,163.2877,1.185,0.74,74.0,1.37,3.48,3.93,64.78,148.4658,177.5135,200.1061
2024-09-17,MICU,139.19,139.49,0.216,0.586,58.6,1.53,2.44,1.99,78.53,128.0548,153.109,172.5956
2024-09-17,PNW,58.92,59.1234,0.345,0.955,95.5,1.73,2.29,4.86,68.19,54.2064,64.812,73.0608
2024-09-17,PODD,58.92,59.1234,0.345,0.955,95.5,1.73,2.29,4.86,68.19,54.2064,64.812,73.0608
2024-09-17,POOL,58.92,59.1234,0.345,0.955,95.5,1.73,2.29,4.86,68.19,54.2064,64.812,73.0608
2024-09-17,PPG,58.92,59.1234,0.345,0.955,95.5,1.73,2.29,4.86,68.19,54.2064,64.812,73.0608
2024-09-17,PPL,58.92,59.1234,0.345,0.955,95.5,1.73,2.29,4.86,68.19,54.2064,64.812,73.0608
2024-09-17,HALL,61.93,61.93,0.0,0.83,83.0,1.25,2.68,0.37,73.8,56.9756,68.123,76.7932
2024-09-17,HALO,61.93,61.93,0.0,0.83,83.0,1.25,2.68,0.37,73.8,56.9756,68.123,76.7932
2024-09-17,MLI,70.0244,70.28,0.365,0.933,93.3,1.12,2.43,3.18,43.67,64.4224,77.0268,86.8302
2024-09-17,RVMD,43.77,44.02,0.571,0.699,69.9,1.37,3.45,1.94,32.18,40.2684,48.147,54.2748
2024-09-17,WBS,44.0768,44.2781,0.457,0.673,67.3,1.11,2.72,0.9,43.32,40.5506,48.4844,54.6552
2024-09-17,AAON,95.6865,95.776,0.094,0.855,85.5,1.11,2.81,4.62,27.87,88.0316,105.2552,118.6513
2024-09-17,MLIN,70.2462,70.5026,0.365,0.933,93.3,1.12,2.43,3.18,43.81,64.6265,77.2708,87.1053
2024-09-17,EXEL,27.6,27.66,0.217,0.9,90.0,1.36,1.88,5.7,40.86,25.392,30.36,34.224
2024-09-17,BC,78.8753,79.241,0.464,0.609,60.9,1.42,2.56,5.06,39.81,72.5653,86.7629,97.8054
2024-09-17,THO,101.8799,102.0154,0.133,0.741,74.1,1.37,2.62,1.47,43.26,93.7295,112.0679,126.331
2024-09-17,ALSN,87.034,87.1718,0.158,0.814,81.4,1.64,2.18,0.07,44.66,80.0713,95.7375,107.9222
2024-09-17,HLNE,154.5611,154.8165,0.165,0.958,95.8,1.53,2.88,5.24,51.27,142.1962,170.0172,191.6558
2024-09-17,SF,58.2376,58.2377,0.0,0.636,63.6,1.78,1.94,4.54,28.55,53.5786,64.0614,72.2147
2024-09-17,HLI,156.1666,154.5,-1.067,0.882,88.2,1.22,1.99,4.03,33.46,143.6732,171.7832,193.6465
2024-09-17,SSB,95.3086,95.3086,0.0,0.961,96.1,1.67,2.46,4.21,38.64,87.684,104.8395,118.1827
2024-09-17,SAIC,131.4786,131.5473,0.052,0.701,70.1,1.14,1.99,2.08,35.34,120.9603,144.6265,163.0335
2024-09-17,PNFP,94.503,94.4342,-0.073,0.91,91.0,1.35,2.64,0.75,37.34,86.9427,103.9533,117.1837
2024-09-17,WTFC,105.609,105.7459,0.13,0.722,72.2,1.38,2.55,2.67,31.07,97.1603,116.1699,130.9552
2024-09-17,AMG,175.8096,176.1795,0.21,0.632,63.2,1.14,2.09,3.23,27.66,161.7448,193.3906,218.0039
2024-09-17,AMFIQ,175.8096,176.1795,0.21,0.632,63.2,1.14,2.09,3.23,27.66,161.7448,193.3906,218.0039
2024-09-17,GVA,77.0089,77.1973,0.245,0.902,90.2,1.42,2.43,5.78,35.57,70.8482,84.7098,95.4911
2024-09-17,RARE,58.49,58.72,0.393,0.984,98.4,1.21,3.17,3.05,39.18,53.8108,64.339,72.5276
2024-09-17,LAZ,46.8484,46.5563,-0.624,0.971,97.1,1.26,2.62,3.04,27.54,43.1006,51.5333,58.0921
2024-09-17,GLNCY,32.2014,32.8462,2.002,0.753,75.3,1.58,2.11,3.86,32.3,29.6253,35.4215,39.9297
2024-09-17,GLNG,32.2014,32.8462,2.002,0.753,75.3,1.58,2.11,3.86,32.3,29.6253,35.4215,39.9297
2024-09-17,AX,65.71,66.08,0.563,0.874,87.4,1.35,3.08,0.14,29.75,60.4532,72.281,81.4804
2024-09-17,CLDX,41.24,41.5,0.63,0.762,76.2,1.73,5.0,1.94,27.26,37.9408,45.364,51.1376
2024-09-17,BANC,14.2286,14.3157,0.613,0.747,74.7,2.37,2.84,4.43,25.94,13.0903,15.6514,17.6434
2024-09-17,BDCC,106.0633,106.7019,0.602,0.625,62.5,1.34,2.54,2.74,23.06,97.5782,116.6696,131.5185
2024-09-17,CGNX,37.75,37.84,0.238,0.829,82.9,1.23,5.41,3.14,24.14,34.73,41.525,46.81
2024-09-18,NFLX,69.047,70.5,2.104,0.69,69.0,1.25,2.34,0.69,1653.05,63.5232,75.9517,85.6183
2024-09-18,PYPL,72.9514,74.827,2.571,0.773,77.3,1.32,2.93,3.73,747.34,67.1152,80.2465,90.4597
2024-09-18,SHOP,75.22,77.4,2.898,0.778,77.8,1.34,3.06,3.8,394.02,69.2024,82.742,93.2728
2024-09-18,DASH,132.48,137.56,3.835,0.835,83.5,1.89,2.56,3.41,344.26,121.8816,145.728,164.2752
2024-09-18,KKR,128.3562,131.8022,2.685,0.86,86.0,1.37,2.51,6.63,344.64,118.0877,141.1918,159.1617
2024-09-18,NEM,51.7619,52.9325,2.262,0.915,91.5,1.4,2.12,1.95,333.48,47.621,56.9381,64.1848
2024-09-18,DHI,190.9055,195.2114,2.256,0.959,95.9,1.4,2.26,3.01,375.17,175.633,209.996,236.7228
2024-09-18,ENPH,119.74,124.4,3.892,0.624,62.4,1.78,4.46,4.15,277.09,110.1608,131.714,148.4776
2024-09-18,TTD,108.02,110.91,2.675,0.677,67.7,1.46,2.68,4.51,279.31,99.3784,118.822,133.9448
2024-09-18,KVUE,21.8234,21.9645,0.647,0.901,90.1,1.17,1.88,3.04,283.39,20.0775,24.0057,27.061
2024-09-18,EBAY,61.9577,62.6737,1.156,0.791,79.1,1.36,2.12,4.93,293.0,57.0011,68.1535,76.8276
2024-09-18,GEHC,88.3029,89.44,1.288,0.665,66.5,1.45,1.98,3.29,213.86,81.2387,97.1332,109.4956
2024-09-18,LYV,102.8,105.33,2.461,0.734,73.4,1.16,2.14,5.85,152.83,94.576,113.08,127.472
2024-09-18,PHM,139.6092,143.4512,2.752,0.918,91.8,1.21,2.59,6.2,255.02,128.4405,153.5701,173.1154
2024-09-18,TRGP,147.4867,149.5702,1.413,0.827,82.7,1.12,2.05,3.76,239.42,135.6877,162.2353,182.8835
2024-09-18,CPNG,24.18,24.55,1.53,0.726,72.6,1.46,3.29,5.16,155.23,22.2456,26.598,29.9832
2024-09-18,CBRE,120.35,122.0,1.371,0.959,95.9,1.13,1.92,3.73,168.7,110.722,132.385,149.234
2024-09-18,COHR,80.98,84.68,4.569,0.68,68.0,2.32,4.19,6.21,167.32,74.5016,89.078,100.4152
2024-09-18,TOL,148.3659,152.4768,2.771,0.928,92.8,1.16,3.04,4.67,231.45,136.4967,163.2025,183.9738
2024-09-18,THC,161.07,164.22,1.956,0.814,81.4,1.39,3.13,0.3,158.7,148.1844,177.177,199.7268
2024-09-18,COHR1,80.98,84.68,4.569,0.68,68.0,2.32,4.19,6.21,167.32,74.5016,89.078,100.4152
2024-09-18,STT,83.2499,84.377,1.354,0.863,86.3,1.26,2.11,3.13,177.95,76.5899,91.5749,103.2299
2024-09-18,AEM,79.8815,81.3456,1.833,0.905,90.5,1.47,2.07,0.77,161.63,73.4909,87.8696,99.053
2024-09-18,FITB,40.4124,41.0572,1.595,0.79,79.0,1.15,2.22,1.97,139.23,37.1794,44.4537,50.1114
2024-09-18,MTB,167.8916,170.6022,1.614,0.784,78.4,1.25,2.11,3.43,150.53,154.4603,184.6808,208.1856
2024-09-18,AVTR,27.06,27.53,1.737,0.854,85.4,1.31,2.72,4.21,112.99,24.8952,29.766,33.5544
2024-09-18,EXR,171.8182,173.5586,1.013,0.74,74.0,1.67,1.98,3.82,146.4,158.0727,189.0,213.0545
2024-09-18,SFM,104.86,105.7,0.801,0.938,93.8,1.56,2.69,3.6,137.25,96.4712,115.346,130.0264
2024-09-18,SWK,98.189,100.8106,2.67,0.91,91.0,1.89,2.4,5.32,104.27,90.3339,108.0079,121.7544
2024-09-18,KGC,9.1246,9.293,1.846,0.868,86.8,1.47,3.22,1.82,135.58,8.3946,10.0371,11.3145
2024-09-18,MAS,79.561,80.7395,1.481,0.859,85.9,1.38,2.09,3.32,103.8,73.1961,87.5171,98.6557
2024-09-18,DVA,163.16,165.26,1.287,0.698,69.8,1.19,2.31,5.34,113.65,150.1072,179.476,202.3184
2024-09-18,IEX,163.16,165.26,1.287,0.698,69.8,1.19,2.31,5.34,113.65,150.1072,179.476,202.3184
2024-09-18,HES,56.5742,57.6735,1.943,0.908,90.8,1.69,2.54,6.66,103.55,52.0483,62.2316,70.152
2024-09-18,CMA,56.5742,57.6735,1.943,0.907,90.7,1.69,2.54,6.66,103.55,52.0483,62.2316,70.152
2024-09-18,INSP,208.39,209.63,0.595,0.988,98.8,1.23,3.96,6.36,110.54,191.7188,229.229,258.4036
2024-09-18,INTE,208.39,209.63,0.595,0.988,98.8,1.23,3.96,6.36,110.54,191.7188,229.229,258.4036
2024-09-18,DAY,59.18,60.0,1.386,0.802,80.2,1.21,3.13,3.52,71.93,54.4456,65.098,73.3832
2024-09-18,DBA,59.18,60.0,1.386,0.802,80.2,1.21,3.13,3.52,71.93,54.4456,65.098,73.3832
2024-09-18,HST,59.18,60.0,1.386,0.802,80.2,1.21,3.13,3.52,71.93,54.4456,65.098,73.3832
2024-09-18,BFAC,46.0444,46.3437,0.65,0.6,60.0,1.54,2.21,4.46,86.1,42.3608,50.6488,57.095
2024-09-18,WPM,60.9014,62.4413,2.529,0.746,74.6,1.45,2.12,0.64,76.42,56.0293,66.9915,75.5177
2024-09-18,BF-B,45.6233,45.9199,0.65,0.599,59.9,1.54,2.21,4.46,85.31,41.9734,50.1856,56.5729
2024-09-18,MKTX,253.9256,256.4568,0.997,0.951,95.1,1.34,2.17,4.72,87.88,233.6116,279.3182,314.8678
2024-09-18,CRS,146.166,150.8691,3.218,0.984,98.4,1.55,3.25,4.84,60.22,134.4727,160.7826,181.2458
2024-09-18,FBIN,82.6705,84.5982,2.332,0.927,92.7,1.17,2.26,6.18,82.93,76.0568,90.9375,102.5114
2024-09-18,WAL,82.5386,84.6009,2.499,0.975,97.5,1.85,3.02,5.35,98.55,75.9355,90.7925,102.3479
2024-09-18,PSN,97.78,98.63,0.869,0.889,88.9,1.29,1.92,2.7,71.74,89.9576,107.558,121.2472
2024-09-18,EVR,242.3595,247.8435,2.263,0.922,92.2,1.22,2.35,2.75,54.91,222.9707,266.5954,300.5258
2024-09-18,CRSR,146.166,150.8692,3.218,0.985,98.5,1.55,3.25,4.84,60.22,134.4727,160.7826,181.2458
2024-09-18,CPRI,340.45,345.56,1.501,0.845,84.5,1.31,2.71,4.42,73.75,313.214,374.495,422.158
2024-09-18,CPT,340.45,345.56,1.501,0.845,84.5,1.31,2.71,4.42,73.75,313.214,374.495,422.158
2024-09-18,CRL,340.45,345.56,1.501,0.845,84.5,1.31,2.71,4.42,73.75,313.214,374.495,422.158
2024-09-18,CSGP,340.45,345.56,1.501,0.845,84.5,1.31,2.71,4.42,73.75,313.214,374.495,422.158
2024-09-18,CTL,340.45,345.56,1.501,0.845,84.5,1.31,2.71,4.42,73.75,313.214,374.495,422.158
2024-09-18,LPX,99.7107,102.5879,2.886,0.828,82.8,1.38,2.48,5.77,47.72,91.7338,109.6817,123.6412
2024-09-18,RPM,119.412,121.1348,1.443,0.652,65.2,1.13,1.92,4.7,71.81,109.859,131.3532,148.0709
2024-09-18,AYI,266.988,272.4193,2.034,0.626,62.6,1.25,2.46,6.55,47.91,245.629,293.6868,331.0652
2024-09-18,RRX,163.3173,169.5457,3.814,0.773,77.3,2.43,3.5,4.91,70.52,150.2519,179.649,202.5135
2024-09-18,AZA.A,267.1608,272.5955,2.034,0.627,62.7,1.25,2.46,6.55,47.94,245.788,293.8769,331.2794
2024-09-18,AZEK,267.1608,272.5955,2.034,0.627,62.7,1.25,2.46,6.55,47.94,245.788,293.8769,331.2794
2024-09-18,AYRO,267.1608,272.5955,2.034,0.627,62.7,1.25,2.46,6.55,47.94,245.788,293.8769,331.2794
2024-09-18,PNW,58.8716,59.9661,1.859,0.947,94.7,1.53,2.3,4.45,71.49,54.1619,64.7588,73.0008
2024-09-18,PODD,58.8716,59.9661,1.859,0.947,94.7,1.53,2.3,4.45,71.49,54.1619,64.7588,73.0008
2024-09-18,POOL,58.8716,59.9661,1.859,0.947,94.7,1.53,2.3,4.45,71.49,54.1619,64.7588,73.0008
2024-09-18,PPG,58.8716,59.9661,1.859,0.947,94.7,1.53,2.3,4.45,71.49,54.1619,64.7588,73.0008
2024-09-18,PPL,58.8716,59.9661,1.859,0.947,94.7,1.53,2.3,4.45,71.49,54.1619,64.7588,73.0008
2024-09-18,JLL,257.27,262.19,1.912,0.916,91.6,1.35,2.37,2.0,69.16,236.6884,282.997,319.0148
2024-09-18,JLMI,257.27,262.19,1.912,0.916,91.6,1.35,2.37,2.0,69.16,236.6884,282.997,319.0148
2024-09-18,MLI,69.7491,71.686,2.777,0.921,92.1,1.55,2.49,2.53,45.42,64.1691,76.724,86.4888
2024-09-18,RVMD,44.06,45.42,3.087,0.719,71.9,1.17,3.56,2.54,33.16,40.5352,48.466,54.6344
2024-09-18,WBS,44.863,46.0136,2.565,0.647,64.7,1.3,2.87,2.5,45.72,41.274,49.3493,55.6301
2024-09-18,KIM,37.1024,37.9633,2.32,0.691,69.1,1.33,2.9,3.54,54.09,34.1342,40.8127,46.007
2024-09-18,KMX,37.1024,37.9633,2.32,0.691,69.1,1.33,2.9,3.54,54.09,34.1342,40.8127,46.007
2024-09-18,KSS,37.1024,37.9633,2.32,0.691,69.1,1.33,2.9,3.54,54.09,34.1342,40.8127,46.007
2024-09-18,KSU,37.1024,37.9633,2.32,0.691,69.1,1.33,2.9,3.54,54.09,34.1342,40.8127,46.007
2024-09-18,MLIN,69.97,71.9131,2.777,0.921,92.1,1.55,2.49,2.53,45.56,64.3724,76.967,86.7628
2024-09-18,QS,5.8,6.0,3.448,0.783,78.3,1.15,4.47,0.46,26.5,5.336,6.38,7.192
2024-09-18,SMG,68.3055,69.9767,2.447,0.586,58.6,1.18,2.71,4.17,40.61,62.841,75.136,84.6988
2024-09-18,EXEL,26.82,26.9,0.298,0.852,85.2,1.14,2.05,2.64,40.23,24.6744,29.502,33.2568
2024-09-18,THO,101.2507,102.9446,1.673,0.753,75.3,2.15,2.75,0.68,46.22,93.1506,111.3757,125.5508
2024-09-18,HLNE,155.7888,160.3853,2.95,0.961,96.1,2.64,2.89,5.5,58.26,143.3257,171.3676,193.1781
2024-09-18,SF,58.4912,59.5702,1.845,0.633,63.3,1.29,1.99,4.66,29.22,53.8119,64.3403,72.5291
2024-09-18,RGLD,136.9551,140.1048,2.3,0.651,65.1,1.22,2.07,0.05,33.11,125.9987,150.6506,169.8243
2024-09-18,CFR,106.962,108.7895,1.709,0.701,70.1,2.13,2.31,2.01,37.95,98.405,117.6582,132.6329
2024-09-18,HLI,151.7354,154.4412,1.783,0.828,82.8,2.07,2.01,0.95,33.98,139.5966,166.909,188.1519
2024-09-18,LAMR,122.4885,123.059,0.466,0.662,66.2,1.45,1.94,6.06,45.81,112.6894,134.7373,151.8857
2024-09-18,SSB,95.6755,97.7609,2.18,0.957,95.7,1.26,2.61,4.17,39.08,88.0215,105.2431,118.6376
2024-09-18,PNFP,95.7321,98.3279,2.712,0.924,92.4,1.65,2.85,1.77,39.67,88.0735,105.3053,118.7078
2024-09-18,COLD,23.3153,23.8698,2.378,0.958,95.8,1.39,2.94,3.56,39.87,21.4501,25.6469,28.911
2024-09-18,HEI-A,200.9139,202.811,0.944,0.672,67.2,1.54,2.33,2.1,36.09,184.8408,221.0053,249.1332
2024-09-18,RKT,19.3236,19.7021,1.959,0.978,97.8,1.34,4.04,3.33,65.62,17.7777,21.256,23.9613
2024-09-18,WTFC,105.3647,107.4658,1.994,0.654,65.4,1.35,2.63,2.09,31.91,96.9356,115.9012,130.6523
2024-09-18,AMG,175.7096,178.9987,1.872,0.61,61.0,1.48,2.12,3.0,28.13,161.6529,193.2806,217.8799
2024-09-18,AMFIQ,175.7096,178.9987,1.872,0.609,60.9,1.48,2.12,3.0,28.13,161.6528,193.2806,217.8799
2024-09-18,AGI,20.1351,20.5537,2.079,0.936,93.6,1.16,2.46,4.61,46.3,18.5243,22.1486,24.9675
2024-09-18,BAP,168.0386,170.218,1.297,0.634,63.4,1.25,2.1,4.53,33.35,154.5955,184.8424,208.3679
2024-09-18,GVA,76.8404,78.3276,1.936,0.914,91.4,1.28,2.42,5.04,36.39,70.6931,84.5244,95.2821
2024-09-18,MTG,24.6177,24.947,1.338,0.792,79.2,1.12,1.91,1.72,31.59,22.6483,27.0795,30.526
2024-09-18,MTGE,24.6177,24.947,1.338,0.792,79.2,1.12,1.91,1.72,31.59,22.6483,27.0795,30.526
2024-09-18,CALM,64.0471,64.4422,0.617,0.814,81.4,1.18,1.92,1.23,27.75,58.9233,70.4518,79.4184
2024-09-18,IAG,5.29,5.45,3.025,0.976,97.6,1.13,3.39,3.84,38.0,4.8668,5.819,6.5596
2024-09-18,IAC,44.3396,45.0533,1.61,0.747,74.7,1.16,2.06,4.57,24.59,40.7925,48.7736,54.9811
2024-09-18,AX,66.34,68.05,2.578,0.855,85.5,1.25,3.26,0.88,30.77,61.0328,72.974,82.2616
2024-09-18,BMI,209.3534,214.6313,2.521,0.7,70.0,2.09,2.31,4.65,30.77,192.6052,230.2888,259.5983
2024-09-18,VIRT,31.1837,31.5691,1.236,0.97,97.0,1.12,2.29,4.38,26.96,28.689,34.3021,38.6678
2024-09-18,CLDX,41.85,42.89,2.485,0.753,75.3,1.56,4.98,2.67,28.87,38.502,46.035,51.894
2024-09-18,CBSH,55.0582,55.8878,1.507,0.755,75.5,1.24,2.02,0.16,34.82,50.6536,60.5641,68.2722
2024-09-18,BANC,14.2576,14.5288,1.902,0.758,75.8,1.88,2.95,4.32,27.76,13.117,15.6834,17.6794
2024-09-18,TSS,15.9951,16.3196,2.029,0.712,71.2,1.35,2.94,6.36,22.83,14.7155,17.5946,19.8339
2024-09-18,ATGFF,73.57,75.27,2.311,0.669,66.9,1.14,2.49,0.39,28.34,67.6844,80.927,91.2268
2024-09-18,BDCC,106.4824,109.0269,2.39,0.696,69.6,2.29,2.59,2.97,24.85,97.9638,117.1306,132.0382
2024-09-18,CGNX,37.06,38.09,2.779,0.767,76.7,2.01,5.38,1.04,25.5,34.0952,40.766,45.9544
2024-09-18,NSA,43.7017,44.1351,0.992,0.754,75.4,1.17,2.11,4.88,29.39,40.2056,48.0719,54.1901
2024-09-18,KTTA,23.41,23.98,2.435,0.719,71.9,2.21,3.15,5.98,20.78,21.5372,25.751,29.0284
2024-09-18,HAYW,14.72,15.07,2.378,0.59,59.0,1.55,3.19,2.79,25.22,13.5424,16.192,18.2528
2024-09-18,DEI,15.7804,16.1236,2.175,0.929,92.9,1.27,2.59,6.36,23.25,14.518,17.3584,19.5677
2024-09-18,HBANL,14.72,15.07,2.378,0.59,59.0,1.55,3.19,2.79,25.22,13.5424,16.192,18.2528
2024-09-18,HBCO,14.72,15.07,2.378,0.59,59.0,1.55,3.19,2.79,25.22,13.5424,16.192,18.2528
2024-09-19,AMD,156.74,156.0,-0.472,0.828,82.8,1.32,3.52,6.18,5299.05,144.2008,172.414,194.3576
2024-09-19,AMZN,189.87,190.23,0.19,0.726,72.6,1.18,2.25,3.62,6369.96,174.6804,208.857,235.4388
2024-09-19,NFLX,70.432,70.555,0.175,0.695,69.5,1.6,2.4,2.4,1856.54,64.7974,77.4752,87.3357
2024-09-19,QCOM,169.2268,168.03,-0.707,0.591,59.1,1.48,2.67,4.93,1245.44,155.6887,186.1495,209.8413
2024-09-19,BKNG,3981.2805,3973.5108,-0.195,0.829,82.9,1.44,2.0,2.84,827.83,3662.7781,4379.4086,4936.7878
2024-09-19,IBM,205.6996,206.1228,0.206,0.888,88.8,1.44,1.91,4.28,755.98,189.2437,226.2696,255.0675
2024-09-19,MELI,2109.3999,2116.1499,0.32,0.63,63.0,1.25,2.46,1.74,606.92,1940.6479,2320.3399,2615.6559
2024-09-19,NEM,52.2107,52.9618,1.439,0.913,91.3,1.55,2.19,2.64,350.2,48.0338,57.4317,64.7412
2024-09-19,DHI,193.7269,189.2145,-2.329,0.962,96.2,1.14,2.27,4.24,375.69,178.2288,213.0996,240.2214
2024-09-19,TTD,110.14,109.6,-0.49,0.606,60.6,1.2,2.68,6.26,290.73,101.3288,121.154,136.5736
2024-09-19,SE,85.01,83.86,-1.353,0.675,67.5,1.49,2.74,6.27,354.61,78.2092,93.511,105.4124
2024-09-19,PH,617.389,611.2058,-1.002,0.879,87.9,1.28,1.88,6.15,310.41,567.9979,679.1279,765.5624
2024-09-19,USB,43.5607,43.3919,-0.387,0.744,74.4,1.14,2.24,2.38,344.81,40.0758,47.9167,54.0152
2024-09-19,SWKS,181.859,175.282,-3.617,0.921,92.1,1.54,2.23,5.43,296.13,167.3103,200.0449,225.5052
2024-09-19,SYF,181.859,175.282,-3.617,0.921,92.1,1.54,2.23,5.43,296.13,167.3103,200.0449,225.5052
2024-09-19,SYMC,181.859,175.282,-3.617,0.921,92.1,1.54,2.23,5.43,296.13,167.3103,200.0449,225.5052
2024-09-19,RBLX,46.3,45.99,-0.67,0.93,93.0,1.28,2.86,4.14,257.03,42.596,50.93,57.412
2024-09-19,TFC,40.448,40.2596,-0.466,0.741,74.1,1.33,2.04,0.09,327.81,37.2122,44.4928,50.1555
2024-09-19,ODFL,202.8171,200.5759,-1.105,0.737,73.7,1.81,2.7,5.52,241.21,186.5917,223.0988,251.4932
2024-09-19,PNC,177.6531,176.4478,-0.678,0.881,88.1,1.25,2.2,3.71,304.09,163.4408,195.4184,220.2898
2024-09-19,EBAY,62.0067,61.4869,-0.838,0.747,74.7,1.13,2.03,4.59,292.63,57.0462,68.2074,76.8884
2024-09-19,CCI,107.7913,107.1081,-0.634,0.835,83.5,1.11,1.89,0.65,231.78,99.168,118.5705,133.6613
2024-09-19,GEHC,90.3875,90.1182,-0.298,0.691,69.1,1.24,2.03,5.35,228.6,83.1565,99.4263,112.0805
2024-09-19,HWM,97.0462,96.8669,-0.185,0.885,88.5,1.13,2.33,2.41,215.74,89.2825,106.7508,120.3373
2024-09-19,VEEV,214.39,213.84,-0.257,0.693,69.3,1.18,2.46,0.65,231.27,197.2388,235.829,265.8436
2024-09-19,SEDG,16.3656,16.2524,-0.692,0.916,91.6,1.15,2.82,5.33,213.88,15.0564,18.0022,20.2934
2024-09-19,SEE,16.3656,16.2524,-0.692,0.916,91.6,1.15,2.82,5.33,213.88,15.0564,18.0022,20.2934
2024-09-19,KEX,16.2052,16.093,-0.692,0.917,91.7,1.15,2.82,5.33,211.78,14.9088,17.8257,20.0944
2024-09-19,ONON,49.73,49.13,-1.207,0.912,91.2,1.43,4.06,6.22,263.07,45.7516,54.703,61.6652
2024-09-19,FOXA,39.9661,39.7956,-0.426,0.83,83.0,1.23,2.43,1.76,205.96,36.7688,43.9627,49.5579
2024-09-19,FRC,39.9661,39.7956,-0.426,0.83,83.0,1.23,2.43,1.76,205.96,36.7688,43.9627,49.5579
2024-09-19,FRT,39.9661,39.7956,-0.426,0.83,83.0,1.23,2.43,1.76,205.96,36.7688,43.9627,49.5579
2024-09-19,FTI,39.9661,39.7956,-0.426,0.83,83.0,1.23,2.43,1.76,205.96,36.7688,43.9627,49.5579
2024-09-19,CBRE,122.49,121.27,-0.996,0.959,95.9,1.27,1.92,5.11,177.27,112.6908,134.739,151.8876
2024-09-19,KEYS,155.38,154.21,-0.753,0.619,61.9,1.13,2.08,3.24,140.56,142.9496,170.918,192.6712
2024-09-19,TOL,151.3107,149.1664,-1.417,0.942,94.2,1.26,2.91,6.3,218.25,139.2059,166.4418,187.6253
2024-09-19,KEY,16.2052,16.093,-0.692,0.917,91.7,1.15,2.82,5.33,211.78,14.9088,17.8257,20.0944
2024-09-19,TWLO,62.63,62.39,-0.383,0.62,62.0,1.24,2.72,3.77,114.22,57.6196,68.893,77.6612
2024-09-19,THC,167.2,166.7,-0.299,0.875,87.5,1.33,3.23,3.82,170.55,153.824,183.92,207.328
2024-09-19,AEM,80.4121,81.5618,1.43,0.901,90.1,1.52,2.16,1.47,167.37,73.9791,88.4533,99.711
2024-09-19,MTB,173.4961,172.57,-0.534,0.854,85.4,1.61,2.2,6.3,162.83,159.6164,190.8457,215.1351
2024-09-19,RF,21.9711,21.8958,-0.342,0.877,87.7,1.24,2.39,3.66,161.0,20.2134,24.1682,27.2441
2024-09-19,EXR,170.3426,168.6873,-0.972,0.7,70.0,1.41,2.0,2.62,152.16,156.7152,187.3768,211.2248
2024-09-19,RL,172.0723,170.7435,-0.772,0.595,59.5,1.17,2.45,1.95,130.9,158.3065,189.2795,213.3696
2024-09-19,ROL,172.0723,170.7435,-0.772,0.595,59.5,1.17,2.45,1.95,130.9,158.3065,189.2795,213.3696
2024-09-19,RTN,172.0723,170.7435,-0.772,0.595,59.5,1.17,2.45,1.95,130.9,158.3065,189.2795,213.3696
2024-09-19,RVTY,172.0723,170.7435,-0.772,0.595,59.5,1.17,2.45,1.95,130.9,158.3065,189.2795,213.3696
2024-09-19,SBAC,172.0723,170.7435,-0.772,0.595,59.5,1.17,2.45,1.95,130.9,158.3065,189.2795,213.3696
2024-09-19,JBHT,172.0723,170.7435,-0.772,0.598,59.8,1.17,2.45,1.95,130.9,158.3065,189.2795,213.3696
2024-09-19,BILL,54.76,54.52,-0.438,0.634,63.4,1.13,4.9,4.03,139.15,50.3792,60.236,67.9024
2024-09-19,BIMC,54.76,54.52,-0.438,0.634,63.4,1.13,4.9,4.03,139.15,50.3792,60.236,67.9024
2024-09-19,KGC,9.2534,9.3723,1.285,0.865,86.5,1.18,3.2,3.23,136.89,8.5131,10.1788,11.4742
2024-09-19,VFC,18.0628,17.995,-0.375,0.942,94.2,1.33,3.99,4.08,110.55,16.6178,19.8691,22.3979
2024-09-19,MAS,81.0706,80.5544,-0.637,0.908,90.8,1.14,2.08,4.95,106.81,74.585,89.1777,100.5276
2024-09-19,DVA,163.14,163.13,-0.006,0.658,65.8,1.19,2.36,4.9,116.14,150.0888,179.454,202.2936
2024-09-19,IEX,163.14,163.13,-0.006,0.658,65.8,1.19,2.36,4.9,116.14,150.0888,179.454,202.2936
2024-09-19,DAY,59.64,59.35,-0.486,0.793,79.3,1.13,3.11,3.87,74.6,54.8688,65.604,73.9536
2024-09-19,DBA,59.64,59.35,-0.486,0.793,79.3,1.13,3.11,3.87,74.6,54.8688,65.604,73.9536
2024-09-19,HST,59.64,59.35,-0.486,0.793,79.3,1.13,3.11,3.87,74.6,54.8688,65.604,73.9536
2024-09-19,VTRS,11.2221,11.0617,-1.429,0.725,72.5,1.16,2.33,1.82,76.58,10.3243,12.3443,13.9154
2024-09-19,ALLB,141.6644,141.1404,-0.37,0.872,87.2,1.55,1.9,3.96,79.53,130.3313,155.8309,175.6639
2024-09-19,ALLE,141.6644,141.1404,-0.37,0.872,87.2,1.55,1.9,3.96,79.53,130.3313,155.8309,175.6639
2024-09-19,MHK,158.17,153.84,-2.738,0.98,98.0,1.35,2.66,3.45,85.39,145.5164,173.987,196.1308
2024-09-19,MHI1,158.17,153.84,-2.738,0.98,98.0,1.35,2.66,3.45,85.39,145.5164,173.987,196.1308
2024-09-19,TWTR,158.17,153.84,-2.738,0.98,98.0,1.35,2.66,3.45,85.39,145.5164,173.987,196.1308
2024-09-19,MKTX,253.437,252.5281,-0.359,0.947,94.7,1.43,2.24,3.96,90.07,233.162,278.7807,314.2619
2024-09-19,DBX,24.47,24.36,-0.45,0.583,58.3,1.27,2.29,1.1,72.8,22.5124,26.917,30.3428
2024-09-19,LNTH,108.56,108.74,0.166,0.941,94.1,1.34,4.01,3.05,76.54,99.8752,119.416,134.6144
2024-09-19,PSN,99.92,99.19,-0.731,0.861,86.1,1.72,1.95,4.69,76.73,91.9264,109.912,123.9008
2024-09-19,REXR,48.9763,48.7511,-0.46,0.77,77.0,1.15,1.93,2.62,76.95,45.0582,53.874,60.7306
2024-09-19,ACM,99.759,99.7098,-0.049,0.64,64.0,1.55,2.15,3.62,77.3,91.7783,109.735,123.7012
2024-09-19,CPRI,344.6,343.6,-0.29,0.861,86.1,1.19,2.72,5.23,76.43,317.032,379.06,427.304
2024-09-19,CPT,344.6,343.6,-0.29,0.861,86.1,1.19,2.72,5.23,76.43,317.032,379.06,427.304
2024-09-19,CRL,344.6,343.6,-0.29,0.861,86.1,1.19,2.72,5.23,76.43,317.032,379.06,427.304
2024-09-19,CSGP,344.6,343.6,-0.29,0.861,86.1,1.19,2.72,5.23,76.43,317.032,379.06,427.304
2024-09-19,CTL,344.6,343.6,-0.29,0.861,86.1,1.19,2.72,5.23,76.43,317.032,379.06,427.304
2024-09-19,ACME,99.759,99.7098,-0.049,0.639,63.9,1.55,2.15,3.62,77.3,91.7783,109.7349,123.7012
2024-09-19,ACMM,99.759,99.7098,-0.049,0.639,63.9,1.55,2.15,3.62,77.3,91.7783,109.7349,123.7012
2024-09-19,CW,316.9481,316.968,0.006,0.722,72.2,1.95,2.12,3.33,81.61,291.5923,348.6429,393.0157
2024-09-19,MIDD,144.15,143.08,-0.742,0.728,72.8,1.57,2.56,5.41,84.94,132.618,158.565,178.746
2024-09-19,RPM,121.6702,119.1784,-2.048,0.719,71.9,1.3,1.94,6.28,75.66,111.9366,133.8372,150.871
2024-09-19,MICU,144.15,143.08,-0.742,0.728,72.8,1.57,2.56,5.41,84.94,132.618,158.565,178.746
2024-09-19,PNW,60.3342,60.0533,-0.466,0.952,95.2,1.86,2.37,6.6,78.25,55.5075,66.3676,74.8144
2024-09-19,PODD,60.3342,60.0533,-0.466,0.952,95.2,1.86,2.37,6.6,78.25,55.5075,66.3676,74.8144
2024-09-19,POOL,60.3342,60.0533,-0.466,0.952,95.2,1.86,2.37,6.6,78.25,55.5075,66.3676,74.8144
2024-09-19,PPG,60.3342,60.0533,-0.466,0.952,95.2,1.86,2.37,6.6,78.25,55.5075,66.3676,74.8144
2024-09-19,PPL,60.3342,60.0533,-0.466,0.952,95.2,1.86,2.37,6.6,78.25,55.5075,66.3676,74.8144
2024-09-19,JLL,263.26,260.75,-0.953,0.92,92.0,1.34,2.34,4.03,72.74,242.1992,289.586,326.4424
2024-09-19,JLMI,263.26,260.75,-0.953,0.92,92.0,1.34,2.34,4.03,72.74,242.1992,289.586,326.4424
2024-09-19,MLI,72.4234,72.2268,-0.272,0.926,92.6,1.27,2.48,6.17,47.39,66.6295,79.6658,89.805
2024-09-19,MAT,19.54,19.3,-1.228,0.769,76.9,1.16,2.01,2.76,42.13,17.9768,21.494,24.2296
2024-09-19,WBS,46.3683,46.1862,-0.393,0.736,73.6,1.37,2.93,5.57,48.6,42.6589,51.0052,57.4967
2024-09-19,KIM,38.2341,38.4952,0.683,0.788,78.8,1.33,2.99,6.29,56.92,35.1754,42.0575,47.4103
2024-09-19,KMX,38.2341,38.4952,0.683,0.788,78.8,1.33,2.99,6.29,56.92,35.1754,42.0575,47.4103
2024-09-19,KSS,38.2341,38.4952,0.683,0.788,78.8,1.33,2.99,6.29,56.92,35.1754,42.0575,47.4103
2024-09-19,KSU,38.2341,38.4952,0.683,0.788,78.8,1.33,2.99,6.29,56.92,35.1754,42.0575,47.4103
2024-09-19,MLIN,72.6528,72.4556,-0.272,0.926,92.6,1.27,2.48,6.17,47.54,66.8406,79.9181,90.0895
2024-09-19,CUBE,50.224,50.1125,-0.222,0.818,81.8,1.12,1.9,3.05,57.08,46.2061,55.2464,62.2777
2024-09-19,GTES,18.13,18.07,-0.331,0.703,70.3,1.93,2.83,4.87,35.89,16.6796,19.943,22.4812
2024-09-19,EXEL,26.83,26.8,-0.112,0.807,80.7,1.58,2.0,2.58,41.36,24.6836,29.513,33.2692
2024-09-19,GTH,18.13,18.07,-0.331,0.703,70.3,1.93,2.83,4.87,35.89,16.6796,19.943,22.4812
2024-09-19,HLNE,158.3718,158.3031,-0.043,0.956,95.6,1.76,2.94,6.66,63.65,145.7021,174.209,196.3811
2024-09-19,OZK,41.4816,41.1042,-0.91,0.683,68.3,1.47,2.79,4.92,43.7,38.1631,45.6297,51.4372
2024-09-19,RGLD,138.2051,139.6127,1.018,0.667,66.7,1.37,2.1,0.98,33.83,127.1487,152.0257,171.3744
2024-09-19,CFR,110.5692,109.8611,-0.64,0.771,77.1,2.23,2.36,5.07,42.13,101.7236,121.6261,137.1058
2024-09-19,PRY-MI,64.51,64.3725,-0.213,0.626,62.6,1.44,2.01,5.81,38.77,59.3492,70.961,79.9924
2024-09-19,HLI,155.2352,155.4117,0.114,0.821,82.1,1.28,2.03,3.07,35.26,142.8164,170.7588,192.4917
2024-09-19,LAMR,123.0965,123.6296,0.433,0.618,61.8,1.7,1.96,6.0,48.59,113.2487,135.4061,152.6396
2024-09-19,SSB,98.1181,97.6643,-0.462,0.96,96.0,1.31,2.68,6.26,41.5,90.2686,107.9299,121.6664
2024-09-19,CVLL,153.23,152.9,-0.215,0.897,89.7,1.47,2.93,2.98,46.53,140.9716,168.553,190.0052
2024-09-19,SAIC,132.1554,132.0279,-0.096,0.684,68.4,1.24,2.13,1.93,37.62,121.583,145.3709,163.8727
2024-09-19,PNFP,98.8786,98.3771,-0.507,0.94,94.0,1.34,2.9,4.67,42.61,90.9683,108.7664,122.6094
2024-09-19,NWL,6.9167,6.8427,-1.07,0.774,77.4,1.22,4.19,1.89,39.68,6.3634,7.6084,8.5767
2024-09-19,WTFC,107.6905,107.3387,-0.327,0.698,69.8,1.6,2.63,3.95,34.05,99.0753,118.4596,133.5363
2024-09-19,WYNN,7.0231,6.948,-1.07,0.775,77.5,1.22,4.19,1.89,40.29,6.4613,7.7254,8.7087
2024-09-19,XEC,7.0231,6.948,-1.07,0.775,77.5,1.22,4.19,1.89,40.29,6.4613,7.7254,8.7087
2024-09-19,XLNX,7.0231,6.948,-1.07,0.775,77.5,1.22,4.19,1.89,40.29,6.4613,7.7254,8.7087
2024-09-19,XRAY,7.0231,6.948,-1.07,0.775,77.5,1.22,4.19,1.89,40.29,6.4613,7.7254,8.7087
2024-09-19,AMG,179.6885,179.2286,-0.256,0.603,60.3,1.35,2.06,5.1,28.27,165.3134,197.6574,222.8137
2024-09-19,NWKC,6.9167,6.8427,-1.07,0.778,77.8,1.22,4.19,1.89,39.68,6.3634,7.6084,8.5767
2024-09-19,DXCM,21.06,21.27,0.997,0.625,62.5,2.49,2.35,1.33,21.24,19.3752,23.166,26.1144
2024-09-19,AMFIQ,179.6885,179.2286,-0.256,0.603,60.3,1.35,2.06,5.1,28.27,165.3134,197.6574,222.8137
2024-09-19,MMSY,100.23,100.2,-0.03,0.817,81.7,1.26,1.95,4.01,44.39,92.2116,110.253,124.2852
2024-09-19,MTG,24.8986,24.7823,-0.467,0.815,81.5,1.58,1.95,2.57,32.79,22.9067,27.3884,30.8742
2024-09-19,MTGE,24.8986,24.7823,-0.467,0.815,81.5,1.58,1.95,2.57,32.79,22.9067,27.3884,30.8742
2024-09-19,CALM,66.1754,66.1574,-0.027,0.845,84.5,1.15,2.02,4.46,29.27,60.8814,72.7929,82.0575
2024-09-19,LAZ,47.772,47.7061,-0.138,0.963,96.3,1.11,2.64,4.58,29.05,43.9503,52.5492,59.2373
2024-09-19,GLNCY,33.0868,33.0579,-0.087,0.607,60.7,1.19,2.34,6.4,34.05,30.4398,36.3955,41.0276
2024-09-19,GLNG,33.0868,33.0579,-0.087,0.607,60.7,1.19,2.34,6.4,34.05,30.4398,36.3955,41.0276
2024-09-19,IAC,44.8318,44.5447,-0.64,0.74,74.0,1.14,2.09,5.39,24.84,41.2453,49.315,55.5915
2024-09-19,DXC,21.06,21.27,0.997,0.625,62.5,2.49,2.35,1.33,21.24,19.3752,23.166,26.1144
2024-09-19,AX,68.11,67.68,-0.631,0.886,88.6,1.24,3.35,3.27,32.71,62.6612,74.921,84.4564
2024-09-19,LBTYA,10.6955,10.6955,0.0,0.833,83.3,1.12,2.09,5.09,33.08,9.8399,11.7651,13.2624
2024-09-19,VIRT,30.4805,30.7791,0.98,0.959,95.9,1.34,2.37,1.67,26.92,28.042,33.5285,37.7958
2024-09-19,CLDX,41.16,41.13,-0.073,0.637,63.7,1.69,4.99,0.35,29.46,37.8672,45.276,51.0384
2024-09-19,FNB,13.9428,13.8568,-0.617,0.616,61.6,1.28,2.46,2.01,23.57,12.8274,15.3371,17.2891
2024-09-19,ESAB,105.4337,105.0157,-0.396,0.611,61.1,1.23,2.69,5.74,22.84,96.999,115.9771,130.7378
2024-09-19,ACIW,49.46,49.31,-0.303,0.931,93.1,1.63,2.37,1.62,31.54,45.5032,54.406,61.3304
2024-09-19,BDCC,109.8951,109.8252,-0.064,0.764,76.4,1.46,2.57,6.02,26.96,101.1035,120.8846,136.2699
2024-09-19,CGNX,39.11,39.0,-0.281,0.882,88.2,2.36,5.42,6.26,29.72,35.9812,43.021,48.4964
2024-09-19,PFSI,111.6749,111.7338,0.053,0.849,84.9,1.27,2.44,5.04,32.62,102.7409,122.8424,138.4769
2024-09-19,THG,144.3268,144.0943,-0.161,0.847,84.7,1.43,1.89,3.55,27.99,132.7806,158.7594,178.9652
2024-09-19,KTTA,22.8,22.76,-0.175,0.621,62.1,1.63,3.45,2.79,21.46,20.976,25.08,28.272
2024-09-19,FULT,17.9268,17.8796,-0.263,0.762,76.2,1.34,2.79,2.76,21.01,16.4927,19.7195,22.2292
2024-09-19,HAYW,15.04,14.98,-0.399,0.866,86.6,1.72,3.22,4.81,27.69,13.8368,16.544,18.6496
2024-09-19,HBANL,15.04,14.98,-0.399,0.866,86.6,1.72,3.22,4.81,27.69,13.8368,16.544,18.6496
2024-09-19,HBCO,15.04,14.98,-0.399,0.866,86.6,1.72,3.22,4.81,27.69,13.8368,16.544,18.6496
2024-09-19,AVNT1,47.2302,46.854,-0.796,0.694,69.4,2.75,2.32,4.2,21.6,43.4518,51.9532,58.5654
2024-09-20,TSLA,238.25,242.61,1.83,0.808,80.8,1.31,3.61,3.83,18177.56,219.19,262.075,295.43
2024-09-20,AMD,155.95,156.45,0.321,0.671,67.1,1.19,3.32,4.12,5276.31,143.474,171.545,193.378
2024-09-20,AMZN,191.6,191.64,0.021,0.71,71.0,2.55,2.06,3.42,7556.75,176.272,210.76,237.584
2024-09-20,BKNG,4027.3611,4027.3612,0.0,0.809,80.9,1.98,1.96,3.15,902.17,3705.1722,4430.0972,4993.9277
2024-09-20,SBUX,92.9907,92.9907,0.0,0.846,84.6,1.75,2.31,0.86,1039.39,85.5515,102.2898,115.3085
2024-09-20,CAT,361.1875,361.354,0.046,0.636,63.6,2.27,2.18,6.39,867.16,332.2925,397.3062,447.8725
2024-09-20,IBM,209.3638,209.6522,0.138,0.907,90.7,2.44,1.94,5.58,853.08,192.6147,230.3001,259.6111
2024-09-20,AXP,264.8413,267.1747,0.881,0.733,73.3,2.02,2.22,4.89,765.54,243.654,291.3254,328.4032
2024-09-20,BMY,46.0055,46.1452,0.304,0.764,76.4,2.86,2.22,0.47,435.59,42.3251,50.6061,57.0468
2024-09-20,AMT,223.4648,224.3869,0.413,0.842,84.2,1.78,2.0,0.82,462.21,205.5876,245.8112,277.0963
2024-09-20,NEM,53.1374,53.1179,-0.037,0.938,93.8,2.56,2.18,4.13,392.55,48.8864,58.4512,65.8904
2024-09-20,DHI,188.6443,189.7454,0.584,0.959,95.9,2.55,2.25,1.34,395.34,173.5528,207.5088,233.919
2024-09-20,ENPH,114.9,115.39,0.426,0.58,58.0,1.5,4.68,0.05,284.28,105.708,126.39,142.476
2024-09-20,CRH,91.8459,91.3812,-0.506,0.915,91.5,1.12,2.25,5.46,392.66,84.4983,101.0305,113.889
2024-09-20,FTNT,76.78,77.2,0.547,0.591,59.1,2.42,2.15,1.51,397.31,70.6376,84.458,95.2072
2024-09-20,COF,149.8761,150.5847,0.473,0.592,59.2,1.41,2.73,6.31,363.05,137.886,164.8637,185.8463
2024-09-20,TTD,109.51,110.0,0.447,0.598,59.8,1.21,2.67,5.33,295.1,100.7492,120.461,135.7924
2024-09-20,USB,43.1295,43.2513,0.283,0.741,74.1,1.34,2.23,1.16,354.75,39.6791,47.4424,53.4805
2024-09-20,KVUE,21.6634,21.4846,-0.825,0.891,89.1,4.62,1.88,1.68,355.84,19.9303,23.8297,26.8626
2024-09-20,RBLX,46.03,46.26,0.5,0.886,88.6,1.42,2.86,3.22,252.86,42.3476,50.633,57.0772
2024-09-20,JCI,72.8061,73.6904,1.215,0.612,61.2,1.7,2.0,3.87,302.13,66.9816,80.0867,90.2796
2024-09-20,PNC,176.8559,177.0837,0.129,0.875,87.5,1.5,2.17,2.91,312.63,162.7074,194.5415,219.3013
2024-09-20,CNC,75.61,75.9,0.384,0.584,58.4,1.65,2.11,0.05,313.8,69.5612,83.171,93.7564
2024-09-20,CNCE,75.61,75.9,0.384,0.584,58.4,1.65,2.11,0.05,313.8,69.5612,83.171,93.7564
2024-09-20,HOLX,75.61,75.9,0.384,0.584,58.4,1.65,2.11,0.05,313.8,69.5612,83.171,93.7564
2024-09-20,HP,75.61,75.9,0.384,0.584,58.4,1.65,2.11,0.05,313.8,69.5612,83.171,93.7564
2024-09-20,EXPE,142.8866,142.8767,-0.007,0.627,62.7,1.87,2.61,5.25,202.32,131.4557,157.1753,177.1794
2024-09-20,EBAY,61.5163,61.5654,0.08,0.743,74.3,3.59,2.03,3.43,339.27,56.595,67.668,76.2803
2024-09-20,CCI,107.9411,108.5682,0.581,0.84,84.0,2.02,1.91,0.47,249.24,99.3058,118.7352,133.8469
2024-09-20,PCG,19.8845,19.8944,0.05,0.67,67.0,1.94,1.97,2.03,358.73,18.2937,21.873,24.6568
2024-09-20,FLUT,231.86,231.93,0.03,0.914,91.4,5.5,2.16,6.45,688.11,213.3112,255.046,287.5064
2024-09-20,KR,53.9931,53.7884,-0.379,0.622,62.2,1.85,2.13,3.33,268.37,49.6737,59.3924,66.9515
2024-09-20,GEHC,90.0484,90.2678,0.244,0.713,71.3,3.21,2.07,4.59,266.22,82.8445,99.0532,111.66
2024-09-20,WBD,8.24,8.19,-0.607,0.65,65.0,1.37,5.01,5.15,285.79,7.5808,9.064,10.2176
2024-09-20,AXON,393.29,394.29,0.254,0.948,94.8,2.32,2.36,6.47,204.25,361.8268,432.619,487.6796
2024-09-20,HWM,97.0661,97.1557,0.092,0.872,87.2,2.64,2.36,2.39,240.6,89.3008,106.7727,120.362
2024-09-20,LYV,103.64,103.73,0.087,0.685,68.5,3.53,2.2,5.87,187.04,95.3488,114.004,128.5136
2024-09-20,PHM,140.4707,141.6391,0.832,0.918,91.8,3.56,2.65,5.68,299.44,129.233,154.5178,174.1837
2024-09-20,BURL,271.39,271.39,0.0,0.638,63.8,1.26,2.5,0.46,242.15,249.6788,298.529,336.5236
2024-09-20,TRGP,148.1069,148.4655,0.242,0.818,81.8,2.39,2.23,3.5,265.27,136.2583,162.9176,183.6525
2024-09-20,RMD,241.6933,241.7525,0.025,0.937,93.7,1.5,2.58,0.21,252.26,222.3578,265.8626,299.6997
2024-09-20,VEEV,214.88,215.57,0.321,0.729,72.9,1.2,2.39,0.46,238.9,197.6896,236.368,266.4512
2024-09-20,PSA,343.8509,345.8186,0.572,0.902,90.2,3.0,1.91,3.77,251.74,316.3428,378.236,426.3751
2024-09-20,SEDG,16.158,16.1674,0.058,0.911,91.1,1.49,2.84,3.71,217.56,14.8653,17.7738,20.0359
2024-09-20,SEE,16.158,16.1674,0.058,0.911,91.1,1.49,2.84,3.71,217.56,14.8653,17.7738,20.0359
2024-09-20,KEX,15.9996,16.0089,0.058,0.913,91.3,1.49,2.84,3.71,215.43,14.7196,17.5995,19.8395
2024-09-20,DOCU,57.97,58.45,0.828,0.606,60.6,1.27,2.87,1.17,160.99,53.3324,63.767,71.8828
2024-09-20,MOH,351.42,351.48,0.017,0.708,70.8,1.14,2.69,1.51,180.87,323.3064,386.562,435.7608
2024-09-20,FOXA,39.4358,39.5116,0.192,0.823,82.3,1.81,2.43,0.38,217.02,36.281,43.3794,48.9004
2024-09-20,FRC,39.4358,39.5116,0.192,0.823,82.3,1.81,2.43,0.38,217.02,36.281,43.3794,48.9004
2024-09-20,FRT,39.4358,39.5116,0.192,0.823,82.3,1.81,2.43,0.38,217.02,36.281,43.3794,48.9004
2024-09-20,FTI,39.4358,39.5116,0.192,0.823,82.3,1.81,2.43,0.38,217.02,36.281,43.3794,48.9004
2024-09-20,CBRE,121.6,122.14,0.444,0.962,96.2,2.21,1.92,3.95,192.44,111.872,133.76,150.784
2024-09-20,KEYS,152.42,152.92,0.328,0.6,60.0,1.97,2.0,1.35,139.56,140.2264,167.662,189.0008
2024-09-20,TOL,148.6624,150.451,1.203,0.923,92.3,3.12,2.93,4.11,238.2,136.7694,163.5287,184.3414
2024-09-20,KEY,15.9996,16.0089,0.058,0.912,91.2,1.49,2.84,3.71,215.43,14.7196,17.5995,19.8395
2024-09-20,PARA,513.59,515.0,0.275,0.694,69.4,2.44,1.87,3.72,149.26,472.5028,564.949,636.8516
2024-09-20,PAYC,513.59,515.0,0.275,0.694,69.4,2.44,1.87,3.72,149.26,472.5028,564.949,636.8516
2024-09-20,TWLO,63.22,63.62,0.633,0.677,67.7,1.89,2.74,4.38,120.62,58.1624,69.542,78.3928
2024-09-20,THC,165.16,166.25,0.66,0.837,83.7,2.26,3.23,2.41,183.0,151.9472,181.676,204.7984
2024-09-20,STT,84.5298,85.2271,0.825,0.85,85.0,1.61,2.14,3.83,188.14,77.7674,92.9828,104.817
2024-09-20,AEM,81.6896,81.7289,0.048,0.908,90.8,1.64,2.18,2.95,173.28,75.1544,89.8585,101.2951
2024-09-20,FITB,41.0003,41.152,0.37,0.833,83.3,2.39,2.27,2.81,154.51,37.7203,45.1003,50.8404
2024-09-20,FCNCA,1953.4305,1960.2098,0.347,0.801,80.1,1.52,2.37,1.96,169.63,1797.1561,2148.7736,2422.2539
2024-09-20,MTB,173.2067,172.8691,-0.195,0.855,85.5,2.44,2.21,5.62,178.63,159.3501,190.5273,214.7763
2024-09-20,RF,21.7359,21.8018,0.303,0.873,87.3,1.96,2.34,2.28,168.79,19.997,23.9095,26.9525
2024-09-20,AVTR,26.99,27.09,0.371,0.861,86.1,2.21,2.71,3.1,123.02,24.8308,29.689,33.4676
2024-09-20,EXR,170.6453,171.8371,0.698,0.715,71.5,2.47,2.02,2.56,167.33,156.9937,187.7098,211.6001
2024-09-20,NTRA,127.78,127.89,0.086,0.683,68.3,2.09,3.81,5.48,133.84,117.5576,140.558,158.4472
2024-09-20,SFM,105.7,106.97,1.202,0.905,90.5,1.71,2.71,3.55,142.29,97.244,116.27,131.068
2024-09-20,SWK,100.1178,100.7451,0.627,0.938,93.8,1.94,2.43,6.34,120.13,92.1083,110.1295,124.146
2024-09-20,PNR,93.3955,93.9176,0.559,0.903,90.3,1.92,2.18,6.63,115.7,85.9239,102.735,115.8104
2024-09-20,CHSCL,101.0215,101.0215,-0.0,0.744,74.4,5.14,1.93,2.38,138.23,92.9398,111.1237,125.2667
2024-09-20,KGC,9.4714,9.4912,0.209,0.84,84.0,4.37,3.18,5.36,168.17,8.7137,10.4185,11.7445
2024-09-20,VFC,18.0628,18.024,-0.214,0.943,94.3,3.25,3.97,3.47,128.67,16.6178,19.8691,22.3979
2024-09-20,MAS,79.9701,80.5252,0.694,0.879,87.9,2.46,2.08,3.24,115.07,73.5725,87.9671,99.1629
2024-09-20,COO,110.49,110.51,0.018,0.894,89.4,1.46,2.12,4.65,145.36,101.6508,121.539,137.0076
2024-09-20,DVA,164.0,165.0,0.61,0.704,70.4,2.68,2.37,5.06,131.05,150.88,180.4,203.36
2024-09-20,S,24.4,24.52,0.492,0.905,90.5,1.45,4.48,3.81,144.36,22.448,26.84,30.256
2024-09-20,COOL,110.49,110.51,0.018,0.894,89.4,1.46,2.12,4.65,145.36,101.6508,121.539,137.0076
2024-09-20,HPQ,110.49,110.51,0.018,0.894,89.4,1.46,2.12,4.65,145.36,101.6508,121.539,137.0076
2024-09-20,IEX,164.0,165.0,0.61,0.704,70.4,2.68,2.37,5.06,131.05,150.88,180.4,203.36
2024-09-20,NTRS,88.3353,89.0177,0.773,0.604,60.4,2.28,2.01,3.3,103.6,81.2684,97.1688,109.5357
2024-09-20,NTRT,88.3353,89.0177,0.773,0.604,60.4,2.28,2.01,3.3,103.6,81.2684,97.1688,109.5357
2024-09-20,NTS,88.3353,89.0177,0.773,0.604,60.4,2.28,2.01,3.3,103.6,81.2684,97.1688,109.5357
2024-09-20,CPB,47.9114,47.6307,-0.586,0.627,62.7,2.08,2.16,0.86,134.5,44.0785,52.7025,59.4101
2024-09-20,MANH,275.94,276.13,0.069,0.663,66.3,3.06,2.25,4.87,97.64,253.8648,303.534,342.1656
2024-09-20,CIEN,58.73,60.4,2.844,0.868,86.8,2.06,3.27,5.84,129.83,54.0316,64.603,72.8252
2024-09-20,DAY,58.91,59.18,0.458,0.765,76.5,2.39,3.15,2.26,79.34,54.1972,64.801,73.0484
2024-09-20,DBA,58.91,59.18,0.458,0.765,76.5,2.39,3.15,2.26,79.34,54.1972,64.801,73.0484
2024-09-20,HST,58.91,59.18,0.458,0.765,76.5,2.39,3.15,2.26,79.34,54.1972,64.801,73.0484
2024-09-20,SUI,129.9632,130.6653,0.54,0.809,80.9,3.36,1.88,1.03,128.87,119.5661,142.9595,161.1543
2024-09-20,ALLB,138.8266,139.6671,0.605,0.86,86.0,2.94,1.94,1.66,87.21,127.7205,152.7093,172.145
2024-09-20,ALLE,138.8266,139.6671,0.605,0.86,86.0,2.94,1.94,1.66,87.21,127.7205,152.7093,172.145
2024-09-20,WPM,62.1929,62.2029,0.016,0.79,79.0,2.0,2.19,2.61,78.61,57.2175,68.4122,77.1192
2024-09-20,MHK,157.6,158.85,0.793,0.975,97.5,4.22,2.76,2.82,103.39,144.992,173.36,195.424
2024-09-20,TW,118.8046,119.7095,0.762,0.62,62.0,1.44,1.99,2.11,79.6,109.3002,130.6851,147.3177
2024-09-20,MHI1,157.6,158.85,0.793,0.975,97.5,4.22,2.76,2.82,103.39,144.992,173.36,195.424
2024-09-20,TWTR,157.6,158.85,0.793,0.975,97.5,4.22,2.76,2.82,103.39,144.992,173.36,195.424
2024-09-20,HEI,265.4927,266.122,0.237,0.764,76.4,1.2,2.35,4.31,113.23,244.2533,292.042,329.211
2024-09-20,MKTX,251.4238,253.1047,0.669,0.936,93.6,3.81,2.23,2.69,106.16,231.3099,276.5662,311.7655
2024-09-20,UAA,7.99,7.82,-2.128,0.641,64.1,1.7,4.41,2.44,122.29,7.3508,8.789,9.9076
2024-09-20,DBX,24.7,24.82,0.486,0.628,62.8,2.2,2.24,1.89,78.18,22.724,27.17,30.628
2024-09-20,LNTH,110.05,111.71,1.508,0.968,96.8,1.63,3.98,4.08,78.25,101.246,121.055,136.462
2024-09-20,RBRK,33.29,32.89,-1.202,0.596,59.6,3.98,4.95,1.39,85.69,30.6268,36.619,41.2796
2024-09-20,PSN,99.89,99.7,-0.19,0.863,86.3,6.62,2.03,4.38,111.6,91.8988,109.879,123.8636
2024-09-20,BXP,75.2432,75.7354,0.654,0.95,95.0,2.02,2.35,5.67,91.48,69.2237,82.7675,93.3016
2024-09-20,BXSL,75.2432,75.7354,0.654,0.95,95.0,2.02,2.35,5.67,91.48,69.2237,82.7675,93.3016
2024-09-20,ATHXQ,63.84,65.44,2.506,0.638,63.8,1.37,3.2,2.27,101.6,58.7328,70.224,79.1616
2024-09-20,ATI,63.84,65.44,2.506,0.638,63.8,1.37,3.2,2.27,101.6,58.7328,70.224,79.1616
2024-09-20,ATI1,63.84,65.44,2.506,0.638,63.8,1.37,3.2,2.27,101.6,58.7328,70.224,79.1616
2024-09-20,PCTY1,162.58,163.16,0.357,0.866,86.6,1.32,2.78,1.98,86.98,149.5736,178.838,201.5992
2024-09-20,PCX,162.58,163.16,0.357,0.866,86.6,1.32,2.78,1.98,86.98,149.5736,178.838,201.5992
2024-09-20,REXR,47.9908,48.4319,0.919,0.749,74.9,1.56,2.0,0.57,80.11,44.1515,52.7899,59.5086
2024-09-20,ACM,99.7098,100.1827,0.474,0.68,68.0,2.0,2.16,3.32,83.68,91.733,109.6808,123.6401
2024-09-20,PFGC,77.01,77.16,0.195,0.657,65.7,1.64,1.94,3.98,63.14,70.8492,84.711,95.4924
2024-09-20,EVR,252.3349,253.8878,0.615,0.94,94.0,2.29,2.4,6.21,63.22,232.1481,277.5684,312.8953
2024-09-20,PCTY,162.58,163.16,0.357,0.866,86.6,1.32,2.78,1.98,86.98,149.5736,178.838,201.5992
2024-09-20,SGI,53.087,53.5214,0.818,0.73,73.0,1.81,2.54,4.75,56.6,48.84,58.3957,65.8279
2024-09-20,CPRI,330.01,330.7,0.209,0.786,78.6,11.52,2.85,0.47,165.84,303.6092,363.011,409.2124
2024-09-20,CPT,330.01,330.7,0.209,0.786,78.6,11.52,2.85,0.47,165.84,303.6092,363.011,409.2124
2024-09-20,CRL,330.01,330.7,0.209,0.786,78.6,11.52,2.85,0.47,165.84,303.6092,363.011,409.2124
2024-09-20,CSGP,330.01,330.7,0.209,0.786,78.6,11.52,2.85,0.47,165.84,303.6092,363.011,409.2124
2024-09-20,CTL,330.01,330.7,0.209,0.786,78.6,11.52,2.85,0.47,165.84,303.6092,363.011,409.2124
2024-09-20,ACME,99.7098,100.1828,0.474,0.68,68.0,2.0,2.16,3.32,83.68,91.733,109.6808,123.6401
2024-09-20,ACMM,99.7098,100.1828,0.474,0.68,68.0,2.0,2.16,3.32,83.68,91.733,109.6808,123.6401
2024-09-20,PFIS,77.01,77.16,0.195,0.657,65.7,1.64,1.94,3.98,63.14,70.8492,84.711,95.4924
2024-09-20,PFL,77.01,77.16,0.195,0.657,65.7,1.64,1.94,3.98,63.14,70.8492,84.711,95.4924
2024-09-20,CW,327.434,327.4339,-0.0,0.811,81.1,2.07,2.22,6.33,90.26,301.2392,360.1774,406.0181
2024-09-20,TEM,54.43,54.56,0.239,0.998,99.8,1.41,12.45,1.22,65.33,50.0756,59.873,67.4932
2024-09-20,MIDD,141.31,141.48,0.12,0.692,69.2,1.15,2.57,3.27,85.64,130.0052,155.441,175.2244
2024-09-20,ARMK,37.1161,37.1751,0.159,0.615,61.5,1.57,2.06,1.62,74.48,34.1468,40.8277,46.024
2024-09-20,RPM,119.6261,120.288,0.553,0.679,67.9,4.6,1.9,4.12,90.56,110.056,131.5887,148.3364
2024-09-20,RRX,167.21,168.2941,0.648,0.879,87.9,1.6,3.53,6.63,79.62,153.8332,183.931,207.3404
2024-09-20,MICU,141.31,141.48,0.12,0.692,69.2,1.15,2.57,3.27,85.64,130.0052,155.441,175.2244
2024-09-20,PNW,60.1211,60.5667,0.741,0.954,95.4,3.54,2.41,5.8,91.35,55.3114,66.1332,74.5502
2024-09-20,PODD,60.1211,60.5667,0.741,0.954,95.4,3.54,2.41,5.8,91.35,55.3114,66.1332,74.5502
2024-09-20,POOL,60.1211,60.5667,0.741,0.954,95.4,3.54,2.41,5.8,91.35,55.3114,66.1332,74.5502
2024-09-20,PPG,60.1211,60.5667,0.741,0.954,95.4,3.54,2.41,5.8,91.35,55.3114,66.1332,74.5502
2024-09-20,PPL,60.1211,60.5667,0.741,0.954,95.4,3.54,2.41,5.8,91.35,55.3114,66.1332,74.5502
2024-09-20,JLL,262.4,264.53,0.812,0.926,92.6,1.67,2.33,3.38,76.63,241.408,288.64,325.376
2024-09-20,JLMI,262.4,264.53,0.812,0.926,92.6,1.67,2.33,3.38,76.63,241.408,288.64,325.376
2024-09-20,MLI,71.3419,71.7647,0.593,0.925,92.5,6.41,2.5,4.31,64.26,65.6345,78.4761,88.4639
2024-09-20,RVMD,45.42,45.22,-0.44,0.77,77.0,4.21,3.42,5.33,39.75,41.7864,49.962,56.3208
2024-09-20,MAT,19.23,19.37,0.728,0.782,78.2,3.72,2.05,1.13,48.61,17.6916,21.153,23.8452
2024-09-20,WBS,46.0519,46.1478,0.208,0.72,72.0,2.1,2.92,4.51,51.69,42.3678,50.6571,57.1044
2024-09-20,KIM,37.3152,37.4313,0.311,0.7,70.0,3.78,2.98,3.39,65.07,34.33,41.0468,46.2709
2024-09-20,KMX,37.3152,37.4313,0.311,0.7,70.0,3.78,2.98,3.39,65.07,34.33,41.0468,46.2709
2024-09-20,KSS,37.3152,37.4313,0.311,0.7,70.0,3.78,2.98,3.39,65.07,34.33,41.0468,46.2709
2024-09-20,KSU,37.3152,37.4313,0.311,0.7,70.0,3.78,2.98,3.39,65.07,34.33,41.0468,46.2709
2024-09-20,MLIN,71.5679,71.992,0.593,0.924,92.4,6.41,2.5,4.31,64.46,65.8424,78.7246,88.7442
2024-09-20,GTES,17.72,17.82,0.564,0.612,61.2,2.81,2.84,2.44,38.82,16.3024,19.492,21.9728
2024-09-20,QS,5.83,5.86,0.515,0.798,79.8,1.4,4.18,1.17,26.41,5.3636,6.413,7.2292
2024-09-20,IDE,136.4063,137.0462,0.469,0.805,80.5,2.7,1.95,2.81,44.61,125.4938,150.0469,169.1438
2024-09-20,EXEL,26.42,26.5,0.303,0.765,76.5,3.36,1.99,0.89,46.04,24.3064,29.062,32.7608
2024-09-20,ITT,142.656,143.3075,0.457,0.65,65.0,3.28,2.33,6.37,45.67,131.2435,156.9216,176.8934
2024-09-20,BC,79.8184,80.5498,0.916,0.734,73.4,2.41,2.64,4.92,45.99,73.433,87.8003,98.9749
2024-09-20,GTH,17.72,17.82,0.564,0.612,61.2,2.81,2.84,2.44,38.82,16.3024,19.492,21.9728
2024-09-20,ALSN,89.5921,89.1297,-0.516,0.862,86.2,2.59,2.25,2.51,51.38,82.4248,98.5513,111.0942
2024-09-20,ONC,201.99,200.75,-0.614,0.962,96.2,1.51,2.49,2.74,55.22,185.8308,222.189,250.4676
2024-09-20,SSD,187.3371,189.2474,1.02,0.599,59.9,3.67,2.79,5.14,33.52,172.3501,206.0708,232.2979
2024-09-20,SF,60.1098,60.2658,0.26,0.706,70.6,2.4,2.03,6.58,33.68,55.301,66.1208,74.5361
2024-09-20,RGLD,141.3549,141.9947,0.453,0.702,70.2,2.83,2.12,3.11,38.18,130.0465,155.4904,175.2801
2024-09-20,CFR,109.3062,108.9043,-0.368,0.721,72.1,3.08,2.4,3.59,47.65,100.5617,120.2368,135.5397
2024-09-20,PRY-MI,64.51,64.7457,0.365,0.622,62.2,3.39,2.03,5.48,44.81,59.3492,70.961,79.9924
2024-09-20,HLI,157.1469,157.9409,0.505,0.848,84.8,3.3,2.07,4.08,40.83,144.5751,172.8616,194.8621
2024-09-20,NVTAQ,19.0,19.6,3.158,0.695,69.5,1.37,4.12,3.69,47.76,17.48,20.9,23.56
2024-09-20,SSB,95.3666,95.8783,0.537,0.952,95.2,3.27,2.74,2.9,46.81,87.7373,104.9032,118.2546
2024-09-20,CVLL,152.14,152.9,0.5,0.915,91.5,2.45,2.85,2.13,50.92,139.9688,167.354,188.6536
2024-09-20,SAIC,132.8812,133.2637,0.288,0.697,69.7,2.31,2.18,2.16,41.7,122.2507,146.1693,164.7727
2024-09-20,PNFP,98.3181,98.5148,0.2,0.931,93.1,2.86,2.92,3.74,47.52,90.4526,108.1499,121.9144
2024-09-20,COLD,23.8421,23.8698,0.116,0.966,96.6,2.54,3.03,4.71,45.98,21.9347,26.2263,29.5642
2024-09-20,NVST,19.0,19.6,3.158,0.695,69.5,1.37,4.12,3.69,47.76,17.48,20.9,23.56
2024-09-20,HEI-A,206.765,205.6467,-0.541,0.725,72.5,2.06,2.33,4.34,39.49,190.2238,227.4415,256.3886
2024-09-20,NWL,6.8797,6.9445,0.941,0.751,75.1,7.22,4.22,1.2,59.99,6.3294,7.5677,8.5309
2024-09-20,WTFC,105.7947,106.0293,0.222,0.657,65.7,3.29,2.63,1.86,38.34,97.3311,116.3742,131.1854
2024-09-20,HMYRQ,10.161,10.4967,3.304,0.666,66.6,2.04,3.8,6.65,50.32,9.3481,11.1771,12.5996
2024-09-20,WYNN,6.9856,7.0513,0.941,0.752,75.2,7.22,4.22,1.2,60.91,6.4267,7.6841,8.6621
2024-09-20,XEC,6.9856,7.0513,0.941,0.752,75.2,7.22,4.22,1.2,60.91,6.4267,7.6841,8.6621
2024-09-20,XLNX,6.9856,7.0513,0.941,0.752,75.2,7.22,4.22,1.2,60.91,6.4267,7.6841,8.6621
2024-09-20,XRAY,6.9856,7.0513,0.941,0.752,75.2,7.22,4.22,1.2,60.91,6.4267,7.6841,8.6621
2024-09-20,AMG,178.1889,179.2586,0.6,0.645,64.5,4.12,2.06,4.06,33.83,163.9338,196.0078,220.9543
2024-09-20,NWKC,6.8797,6.9445,0.941,0.755,75.5,7.22,4.22,1.2,59.99,6.3294,7.5677,8.5309
2024-09-20,DXCM,21.34,21.5,0.75,0.662,66.2,5.53,2.42,2.38,28.58,19.6328,23.474,26.4616
2024-09-20,BPOP,97.1722,97.2495,0.08,0.748,74.8,2.07,2.28,1.79,44.22,89.3984,106.8894,120.4935
2024-09-20,AMFIQ,178.1889,179.2586,0.6,0.644,64.4,4.12,2.06,4.06,33.83,163.9338,196.0078,220.9543
2024-09-20,MMSY,99.56,99.93,0.372,0.81,81.0,1.97,1.96,2.92,47.43,91.5952,109.516,123.4544
2024-09-20,PEGA,33.9817,34.5701,1.731,0.735,73.5,2.75,3.01,0.31,45.37,31.2631,37.3798,42.1373
2024-09-20,MTG,24.579,24.7242,0.591,0.821,82.1,4.28,1.97,1.01,38.95,22.6127,27.0369,30.4779
2024-09-20,MTGE,24.579,24.7242,0.591,0.821,82.1,4.28,1.97,1.01,38.95,22.6127,27.0369,30.4779
2024-09-20,RARE,58.75,59.17,0.715,0.973,97.3,1.37,2.91,2.71,36.08,54.05,64.625,72.85
2024-09-20,CALM,67.1093,66.9207,-0.281,0.885,88.5,2.59,2.03,5.73,32.75,61.7406,73.8203,83.2156
2024-09-20,LAZ,47.4704,48.0076,1.132,0.969,96.9,1.35,2.64,3.71,29.69,43.6728,52.2175,58.8634
2024-09-20,GLNCY,32.8269,32.7788,-0.147,0.594,59.4,1.43,2.3,5.23,34.81,30.2008,36.1096,40.7054
2024-09-20,GLNG,32.8269,32.7788,-0.147,0.594,59.4,1.43,2.3,5.23,34.81,30.2008,36.1096,40.7054
2024-09-20,PEET,33.9817,34.5701,1.731,0.736,73.6,2.75,3.01,0.31,45.37,31.2631,37.3798,42.1373
2024-09-20,PEGI,33.9817,34.5701,1.731,0.736,73.6,2.75,3.01,0.31,45.37,31.2631,37.3798,42.1373
2024-09-20,CNMD,74.2148,74.6389,0.571,0.592,59.2,2.0,3.64,2.47,28.53,68.2776,81.6363,92.0264
2024-09-20,IAC,44.5939,44.758,0.368,0.739,73.9,1.62,2.08,4.52,24.22,41.0264,49.0533,55.2965
2024-09-20,R,141.7281,142.2911,0.397,0.805,80.5,2.3,2.56,4.68,37.91,130.3899,155.9009,175.7428
2024-09-20,JHG,36.4287,36.6672,0.655,0.684,68.4,2.37,1.97,3.78,29.33,33.5144,40.0716,45.1716
2024-09-20,AWI,129.8015,130.3057,0.388,0.745,74.5,2.71,2.11,4.73,28.83,119.4174,142.7817,160.9539
2024-09-20,AWIN,129.8015,130.3057,0.388,0.745,74.5,2.71,2.11,4.73,28.83,119.4174,142.7817,160.9539
2024-09-20,DXC,21.34,21.5,0.75,0.662,66.2,5.53,2.42,2.38,28.58,19.6328,23.474,26.4616
2024-09-20,AX,66.22,66.7,0.725,0.819,81.9,2.35,3.37,0.27,35.23,60.9224,72.842,82.1128
2024-09-20,BMI,214.5423,215.4615,0.428,0.762,76.2,3.57,2.41,6.47,37.9,197.3789,235.9965,266.0324
2024-09-20,LBUY,11.0628,11.0576,-0.047,0.78,78.0,3.29,2.19,4.23,31.45,10.1778,12.1691,13.7179
2024-09-20,LBTYA,10.6285,10.644,0.145,0.789,78.9,2.03,2.08,3.97,35.2,9.7783,11.6914,13.1794
2024-09-20,LBTYK,11.0628,11.0576,-0.047,0.78,78.0,3.29,2.19,4.23,31.45,10.1778,12.1691,13.7179
2024-09-20,BANC,14.5772,14.5869,0.066,0.881,88.1,2.89,3.02,5.65,33.61,13.4111,16.035,18.0758
2024-09-20,BGC,9.6372,9.657,0.205,0.828,82.8,2.99,2.73,0.63,27.54,8.8662,10.6009,11.9501
2024-09-20,BGC2,9.6372,9.657,0.205,0.828,82.8,2.99,2.73,0.63,27.54,8.8662,10.6009,11.9501
2024-09-20,ATGFF,75.3,76.0,0.93,0.664,66.4,3.11,2.37,2.54,32.64,69.276,82.83,93.372
2024-09-20,ACIW,50.33,50.45,0.238,0.94,94.0,3.29,2.48,3.17,37.13,46.3036,55.363,62.4092
2024-09-20,CLVT,6.94,6.94,0.0,0.837,83.7,1.36,3.37,3.94,24.81,6.3848,7.634,8.6056
2024-09-20,CCSI1,100.6588,101.8674,1.201,0.931,93.1,4.07,3.16,3.15,30.68,92.6061,110.7247,124.8169
2024-09-20,CGNX,39.0,40.0,2.564,0.908,90.8,6.72,5.39,5.52,43.77,35.88,42.9,48.36
2024-09-20,NSA,43.8552,44.1712,0.721,0.811,81.1,2.16,2.08,4.23,32.51,40.3468,48.2407,54.3805
2024-09-20,LYG,2.9739,2.9644,-0.322,0.661,66.1,1.14,1.88,2.13,31.67,2.736,3.2713,3.6877
2024-09-20,PFSI,109.857,110.2894,0.394,0.846,84.6,2.08,2.52,2.75,34.81,101.0685,120.8427,136.2227
2024-09-20,THG,142.2252,142.7773,0.388,0.82,82.0,1.6,1.9,1.62,29.35,130.8472,156.4478,176.3593
2024-09-20,HON1,26.3295,26.5023,0.656,0.777,77.7,3.75,2.23,0.49,22.5,24.2232,28.9625,32.6486
2024-09-20,HOND,26.3295,26.5023,0.656,0.777,77.7,3.75,2.23,0.49,22.5,24.2232,28.9625,32.6486
2024-09-20,KTTA,22.91,23.37,2.008,0.711,71.1,3.48,3.48,2.99,24.99,21.0772,25.201,28.4084
2024-09-20,HWC,49.1582,49.3494,0.389,0.621,62.1,2.94,2.89,0.66,26.03,45.2255,54.074,60.9562
2024-09-20,HAYW,14.75,14.8,0.339,0.835,83.5,2.53,3.25,2.67,30.39,13.57,16.225,18.29
2024-09-20,EXTR,15.32,15.44,0.783,0.746,74.6,2.23,3.85,3.78,20.34,14.0944,16.852,18.9968
2024-09-20,DEI,15.9845,16.1144,0.813,0.932,93.2,2.5,2.62,6.24,26.95,14.7057,17.5829,19.8208
2024-09-20,HBANL,14.75,14.8,0.339,0.835,83.5,2.53,3.25,2.67,30.39,13.57,16.225,18.29
2024-09-20,HBCO,14.75,14.8,0.339,0.835,83.5,2.53,3.25,2.67,30.39,13.57,16.225,18.29
2024-09-20,CARI,30.35,30.57,0.725,0.794,79.4,3.86,2.76,6.13,23.55,27.922,33.385,37.634
2024-09-20,GSHD,83.9495,84.2334,0.338,0.989,98.9,3.99,3.73,3.79,21.58,77.2335,92.3445,104.0974
2024-09-20,CWEN,27.2173,27.3184,0.372,0.744,74.4,2.54,1.93,3.88,20.58,25.0399,29.939,33.7494
2024-09-20,AVNT1,46.3911,46.6901,0.644,0.598,59.8,2.51,2.34,2.17,23.56,42.6798,51.0302,57.5249
2024-09-23,BKNG,4060.1326,4090.7731,0.755,0.801,80.1,1.13,1.9,3.22,914.67,3735.322,4466.1458,5034.5644
2024-09-23,BMY,46.5642,46.5642,-0.0,0.856,85.6,1.27,2.2,1.49,449.95,42.839,51.2206,57.7396
2024-09-23,NEM,53.1472,53.3423,0.367,0.941,94.1,1.11,2.21,3.89,402.9,48.8954,58.4619,65.9025
2024-09-23,SWKS,175.575,174.7812,-0.452,0.893,89.3,1.41,2.23,1.67,345.62,161.529,193.1325,217.713
2024-09-23,SYF,175.575,174.7812,-0.452,0.893,89.3,1.41,2.23,1.67,345.62,161.529,193.1325,217.713
2024-09-23,SYMC,175.575,174.7812,-0.452,0.893,89.3,1.41,2.23,1.67,345.62,161.529,193.1325,217.713
2024-09-23,KVUE,21.6634,21.6728,0.043,0.903,90.3,1.17,1.89,1.41,370.24,19.9303,23.8297,26.8626
2024-09-23,RBLX,45.53,45.31,-0.483,0.856,85.6,1.62,2.88,1.94,256.64,41.8876,50.083,56.4572
2024-09-23,JCI,73.9557,74.2308,0.372,0.595,59.5,1.68,2.02,5.22,309.9,68.0392,81.3512,91.705
2024-09-23,PCG,19.835,19.627,-1.048,0.678,67.8,1.35,1.97,1.46,369.63,18.2482,21.8185,24.5954
2024-09-23,TRGP,150.7234,151.8185,0.727,0.844,84.4,1.15,2.26,4.92,279.54,138.6656,165.7958,186.8971
2024-09-23,KEYS,151.56,152.81,0.825,0.586,58.6,1.12,1.99,0.89,138.86,139.4352,166.716,187.9344
2024-09-23,FCNCA,1944.1962,1940.3291,-0.199,0.729,72.9,1.79,2.42,1.63,173.23,1788.6605,2138.6158,2410.8032
2024-09-23,MTB,171.3353,171.0942,-0.141,0.839,83.9,1.21,2.17,4.16,179.97,157.6285,188.4688,212.4558
2024-09-23,CHSCL,103.2029,103.0187,-0.178,0.855,85.5,1.45,2.01,4.33,148.91,94.9466,113.5232,127.9716
2024-09-23,MANH,281.28,282.4,0.398,0.582,58.2,1.16,2.31,6.52,101.13,258.7776,309.408,348.7872
2024-09-23,SUI,129.5382,128.5404,-0.77,0.766,76.6,1.37,1.9,0.44,133.31,119.1751,142.492,160.6274
2024-09-23,ALLB,141.0514,141.1799,0.091,0.863,86.3,1.27,1.9,3.06,90.82,129.7673,155.1565,174.9037
2024-09-23,ALLE,141.0514,141.1799,0.091,0.863,86.3,1.27,1.9,3.06,90.82,129.7673,155.1565,174.9037
2024-09-23,FMC,59.1739,59.9467,1.306,0.609,60.9,1.22,2.41,0.62,54.01,54.44,65.0913,73.3757
2024-09-23,UAA,7.76,7.96,2.577,0.635,63.5,1.18,4.45,0.01,121.58,7.1392,8.536,9.6224
2024-09-23,SGI,53.4622,53.6991,0.443,0.78,78.0,1.13,2.4,5.34,56.98,49.1852,58.8084,66.2931
2024-09-23,PNW,60.1114,60.2567,0.242,0.914,91.4,1.15,2.37,5.51,94.16,55.3025,66.1226,74.5382
2024-09-23,PODD,60.1114,60.2567,0.242,0.914,91.4,1.15,2.37,5.51,94.16,55.3025,66.1226,74.5382
2024-09-23,POOL,60.1114,60.2567,0.242,0.914,91.4,1.15,2.37,5.51,94.16,55.3025,66.1226,74.5382
2024-09-23,PPG,60.1114,60.2567,0.242,0.914,91.4,1.15,2.37,5.51,94.16,55.3025,66.1226,74.5382
2024-09-23,PPL,60.1114,60.2567,0.242,0.914,91.4,1.15,2.37,5.51,94.16,55.3025,66.1226,74.5382
2024-09-23,KIM,37.4216,37.6151,0.517,0.722,72.2,1.21,2.87,3.59,66.48,34.4279,41.1638,46.4028
2024-09-23,KMX,37.4216,37.6151,0.517,0.722,72.2,1.21,2.87,3.59,66.48,34.4279,41.1638,46.4028
2024-09-23,KSS,37.4216,37.6151,0.517,0.722,72.2,1.21,2.87,3.59,66.48,34.4279,41.1638,46.4028
2024-09-23,KSU,37.4216,37.6151,0.517,0.722,72.2,1.21,2.87,3.59,66.48,34.4279,41.1638,46.4028
2024-09-23,BC,78.4615,79.1448,0.871,0.702,70.2,1.17,2.46,3.07,46.09,72.1846,86.3077,97.2923
2024-09-23,SSD,190.1383,190.5639,0.224,0.584,58.4,1.27,2.69,6.54,35.08,174.9272,209.1521,235.7715
2024-09-23,RGLD,141.5222,142.9298,0.995,0.681,68.1,2.2,2.12,3.13,40.91,130.2004,155.6744,175.4875
2024-09-23,PNFP,98.0821,98.2394,0.16,0.933,93.3,1.19,2.78,3.42,48.05,90.2355,107.8903,121.6218
2024-09-23,COLD,23.7866,24.0546,1.127,0.964,96.4,1.17,2.77,4.31,45.89,21.8837,26.1653,29.4954
2024-09-23,GVA,78.5457,78.5953,0.063,0.929,92.9,1.74,2.49,5.7,48.4,72.2621,86.4003,97.3967
2024-09-23,PEGA,34.8892,35.0537,0.472,0.746,74.6,1.49,2.96,3.0,47.43,32.098,38.3781,43.2626
2024-09-23,PEET,34.8892,35.0537,0.472,0.747,74.7,1.49,2.96,3.0,47.43,32.098,38.3781,43.2626
2024-09-23,PEGI,34.8892,35.0537,0.472,0.747,74.7,1.49,2.96,3.0,47.43,32.098,38.3781,43.2626
2024-09-23,JHG,36.6195,36.6385,0.052,0.692,69.2,1.36,1.95,4.16,30.08,33.6899,40.2814,45.4081
2024-09-23,BANC,14.3738,14.5579,1.28,0.83,83.0,1.12,2.89,4.06,33.06,13.2239,15.8112,17.8236
2024-09-23,KRON1,54.54,54.76,0.403,0.835,83.5,1.84,4.92,4.47,20.23,50.1768,59.994,67.6296
2024-09-23,KYMR,49.98,50.18,0.4,0.992,99.2,2.3,4.67,5.44,20.41,45.9816,54.978,61.9752
2024-09-24,NFLX,72.226,72.1,-0.174,0.649,64.9,1.21,2.28,3.3,2123.0,66.4479,79.4486,89.5602
2024-09-24,PYPL,78.1593,78.0496,-0.14,0.875,87.5,1.12,2.29,6.42,1023.64,71.9066,85.9752,96.9175
2024-09-24,BMY,47.4301,47.7187,0.609,0.885,88.5,1.61,2.28,3.1,485.62,43.6357,52.1731,58.8133
2024-09-24,NEM,54.4837,54.4154,-0.125,0.947,94.7,1.22,2.31,6.11,424.62,50.125,59.932,67.5597
2024-09-24,HAL,315.6472,316.9056,0.399,0.757,75.7,1.54,2.2,6.56,213.56,290.3954,347.2119,391.4025
2024-09-24,HAS,315.6472,316.9056,0.399,0.757,75.7,1.54,2.2,6.56,213.56,290.3954,347.2119,391.4025
2024-09-24,HBAN,315.6472,316.9056,0.399,0.757,75.7,1.54,2.2,6.56,213.56,290.3954,347.2119,391.4025
2024-09-24,HBI,315.6472,316.9056,0.399,0.757,75.7,1.54,2.2,6.56,213.56,290.3954,347.2119,391.4025
2024-09-24,HCP,315.6472,316.9056,0.399,0.757,75.7,1.54,2.2,6.56,213.56,290.3954,347.2119,391.4025
2024-09-24,CMIIU,314.5896,315.8438,0.399,0.76,76.0,1.54,2.2,6.56,212.85,289.4225,346.0486,390.0911
2024-09-24,CMIKA,314.5896,315.8438,0.399,0.76,76.0,1.54,2.2,6.56,212.85,289.4225,346.0486,390.0911
2024-09-24,CMIN,314.5896,315.8438,0.399,0.76,76.0,1.54,2.2,6.56,212.85,289.4225,346.0486,390.0911
2024-09-24,CMIV,314.5896,315.8438,0.399,0.76,76.0,1.54,2.2,6.56,212.85,289.4225,346.0486,390.0911
2024-09-24,RBLX,47.11,47.45,0.722,0.909,90.9,1.61,3.01,5.11,278.11,43.3412,51.821,58.4164
2024-09-24,JCI,74.2308,74.5862,0.479,0.637,63.7,1.26,2.02,5.3,312.46,68.2923,81.6539,92.0462
2024-09-24,CMI,314.5896,315.8438,0.399,0.756,75.6,1.54,2.2,6.56,212.85,289.4224,346.0486,390.0911
2024-09-24,PCG,19.627,19.7162,0.454,0.63,63.0,1.22,1.98,0.19,376.59,18.0569,21.5897,24.3375
2024-09-24,GEHC,91.9734,92.552,0.629,0.783,78.3,1.13,2.11,5.98,287.83,84.6156,101.1708,114.0471
2024-09-24,VKTX,61.93,62.69,1.227,0.733,73.3,1.11,6.47,0.27,206.38,56.9756,68.123,76.7932
2024-09-24,HWM,98.9287,99.2574,0.332,0.919,91.9,1.17,2.41,4.12,256.54,91.0144,108.8216,122.6716
2024-09-24,WAB,179.5303,180.3951,0.482,0.66,66.0,1.13,1.89,6.75,180.85,165.1679,197.4833,222.6176
2024-09-24,UTHR,357.87,358.4,0.148,0.602,60.2,1.57,2.23,2.22,155.56,329.2404,393.657,443.7588
2024-09-24,IT,150.84,150.94,0.066,0.649,64.9,1.4,2.91,3.34,113.3,138.7728,165.924,187.0416
2024-09-24,CHSCL,105.5491,105.5491,0.0,0.881,88.1,1.12,2.11,6.32,157.83,97.1051,116.104,130.8808
2024-09-24,WPM,63.0573,62.8387,-0.347,0.843,84.3,1.36,2.23,3.92,81.51,58.0127,69.363,78.191
2024-09-24,FMC,60.1887,60.3377,0.247,0.601,60.1,1.97,2.5,2.39,59.09,55.3736,66.2076,74.634
2024-09-24,ACM,100.7444,101.1484,0.401,0.715,71.5,1.17,2.1,4.04,87.78,92.6849,110.8189,124.9231
2024-09-24,PFGC,77.4,78.29,1.15,0.74,74.0,1.19,1.9,4.12,62.7,71.208,85.14,95.976
2024-09-24,ACME,100.7444,101.1484,0.401,0.713,71.3,1.17,2.1,4.04,87.78,92.6849,110.8188,124.9231
2024-09-24,ACMM,100.7444,101.1484,0.401,0.713,71.3,1.17,2.1,4.04,87.78,92.6849,110.8188,124.9231
2024-09-24,PFIS,77.4,78.29,1.15,0.74,74.0,1.19,1.9,4.12,62.7,71.208,85.14,95.976
2024-09-24,PFL,77.4,78.29,1.15,0.74,74.0,1.19,1.9,4.12,62.7,71.208,85.14,95.976
2024-09-24,PNW,60.5182,60.3923,-0.208,0.905,90.5,1.19,2.35,5.84,97.72,55.6768,66.5701,75.0426
2024-09-24,PODD,60.5182,60.3923,-0.208,0.905,90.5,1.19,2.35,5.84,97.72,55.6768,66.5701,75.0426
2024-09-24,POOL,60.5182,60.3923,-0.208,0.905,90.5,1.19,2.35,5.84,97.72,55.6768,66.5701,75.0426
2024-09-24,PPG,60.5182,60.3923,-0.208,0.905,90.5,1.19,2.35,5.84,97.72,55.6768,66.5701,75.0426
2024-09-24,PPL,60.5182,60.3923,-0.208,0.905,90.5,1.19,2.35,5.84,97.72,55.6768,66.5701,75.0426
2024-09-24,RVMD,44.4,44.88,1.081,0.658,65.8,1.72,3.72,3.04,42.23,40.848,48.84,55.056
2024-09-24,THO,105.9647,105.3452,-0.585,0.768,76.8,2.98,3.06,5.33,63.17,97.4876,116.5612,131.3963
2024-09-24,ONC,209.31,206.73,-1.233,0.98,98.0,1.17,2.52,5.99,55.81,192.5652,230.241,259.5444
2024-09-24,SSD,189.386,190.1086,0.382,0.638,63.8,2.09,2.7,5.96,37.14,174.2351,208.3246,234.8387
2024-09-24,RGLD,144.0617,144.1109,0.034,0.747,74.7,1.43,2.19,4.8,43.41,132.5368,158.4679,178.6365
2024-09-24,PNFP,96.2729,96.3319,0.061,0.865,86.5,1.12,2.83,1.5,47.8,88.5711,105.9002,119.3784
2024-09-24,COLD,24.1008,23.9437,-0.652,0.942,94.2,1.59,2.77,5.46,48.07,22.1728,26.5109,29.885
2024-09-24,HEI-A,206.5354,207.3541,0.396,0.722,72.2,1.26,2.34,3.42,40.36,190.0125,227.1889,256.1038
2024-09-24,AMG,178.1189,178.3889,0.152,0.647,64.7,1.11,2.0,3.75,34.73,163.8694,195.9308,220.8675
2024-09-24,BPOP,96.9209,96.9209,-0.0,0.651,65.1,1.47,2.16,1.37,44.54,89.1672,106.613,120.1819
2024-09-24,AMFIQ,178.1189,178.3889,0.152,0.647,64.7,1.11,2.0,3.75,34.73,163.8694,195.9308,220.8675
2024-09-24,CALM,67.262,67.3697,0.16,0.878,87.8,1.2,2.14,5.48,34.03,61.881,73.9882,83.4049
2024-09-24,IAC,44.3314,44.2412,-0.204,0.686,68.6,1.18,2.05,3.49,24.24,40.7849,48.7646,54.971
2024-09-24,JHG,36.8961,36.9533,0.155,0.711,71.1,1.23,1.93,4.73,31.31,33.9444,40.5857,45.7511
2024-09-24,ASA,15.21,15.21,0.0,0.835,83.5,1.49,3.48,6.35,20.07,13.9932,16.731,18.8604
2024-09-24,AS,15.21,15.21,0.0,0.835,83.5,1.49,3.48,6.35,20.07,13.9932,16.731,18.8604
2024-09-24,VIRT,30.1626,30.336,0.575,0.968,96.8,1.31,2.49,0.06,37.16,27.7496,33.1788,37.4016
2024-09-25,AMD,162.02,167.06,3.111,0.668,66.8,1.15,2.77,4.93,4981.77,149.0584,178.222,200.9048
2024-09-25,NOW,178.006,178.73,0.407,0.611,61.1,1.8,2.48,1.99,1131.46,163.7655,195.8066,220.7274
2024-09-25,BMY,46.5083,46.3873,-0.26,0.861,86.1,1.44,2.4,0.91,495.73,42.7876,51.1591,57.6703
2024-09-25,BX,145.7385,147.4843,1.198,0.898,89.8,1.19,2.55,3.67,480.28,134.0794,160.3124,180.7158
2024-09-25,NEM,53.9081,53.9276,0.036,0.947,94.7,1.11,2.31,4.71,430.12,49.5954,59.2989,66.846
2024-09-25,RBLX,47.64,47.81,0.357,0.922,92.2,1.3,3.01,5.88,287.24,43.8288,52.404,59.0736
2024-09-25,JCI,74.8726,75.6131,0.989,0.712,71.2,1.27,2.01,5.86,321.8,68.8828,82.3598,92.842
2024-09-25,EXPE,144.325,146.3884,1.43,0.791,79.1,1.24,2.41,5.48,203.82,132.779,158.7575,178.963
2024-09-25,TDG,1262.1967,1267.9216,0.454,0.641,64.1,1.33,1.99,4.66,231.47,1161.2209,1388.4163,1565.1239
2024-09-25,GEHC,92.7714,90.7865,-2.14,0.848,84.8,1.24,2.14,6.37,303.48,85.3497,102.0485,115.0365
2024-09-25,CPNG,24.89,24.8,-0.362,0.763,76.3,1.15,3.26,6.1,165.27,22.8988,27.379,30.8636
2024-09-25,CBRE,122.36,123.14,0.637,0.97,97.0,1.25,1.89,3.78,199.97,112.5712,134.596,151.7264
2024-09-25,ARGX,549.01,540.0,-1.641,0.904,90.4,1.19,2.08,3.19,160.28,505.0892,603.911,680.7724
2024-09-25,COO,108.41,108.77,0.332,0.895,89.5,1.16,2.13,0.56,136.96,99.7372,119.251,134.4284
2024-09-25,COOL,108.41,108.77,0.332,0.895,89.5,1.16,2.13,0.56,136.96,99.7372,119.251,134.4284
2024-09-25,HPQ,108.41,108.77,0.332,0.895,89.5,1.16,2.13,0.56,136.96,99.7372,119.251,134.4284
2024-09-25,HES,55.6361,56.1099,0.852,0.737,73.7,1.15,2.49,2.58,116.75,51.1852,61.1997,68.9887
2024-09-25,CMA,55.6361,56.1099,0.852,0.738,73.8,1.15,2.49,2.58,116.75,51.1852,61.1997,68.9887
2024-09-25,MANH,284.13,287.63,1.232,0.694,69.4,1.22,2.38,6.65,108.59,261.3996,312.543,352.3212
2024-09-25,WPM,63.7428,63.7925,0.078,0.868,86.8,1.86,2.27,4.91,87.49,58.6434,70.1171,79.0411
2024-09-25,ACM,99.5817,101.247,1.672,0.769,76.9,1.3,2.08,2.87,87.25,91.6151,109.5398,123.4813
2024-09-25,ACME,99.5817,101.247,1.672,0.77,77.0,1.3,2.08,2.87,87.25,91.6151,109.5398,123.4813
2024-09-25,ACMM,99.5817,101.247,1.672,0.77,77.0,1.3,2.08,2.87,87.25,91.6151,109.5398,123.4813
2024-09-25,BWXT,105.1251,105.5998,0.452,0.629,62.9,1.11,2.26,6.49,60.66,96.7151,115.6376,130.3551
2024-09-25,WEX,204.63,205.0,0.181,0.721,72.1,1.31,1.91,4.14,77.95,188.2596,225.093,253.7412
2024-09-25,PNW,60.0242,57.2831,-4.567,0.883,88.3,1.36,2.35,4.68,102.04,55.2223,66.0267,74.4301
2024-09-25,PODD,60.0242,57.2831,-4.567,0.883,88.3,1.36,2.35,4.68,102.04,55.2223,66.0267,74.4301
2024-09-25,POOL,60.0242,57.2831,-4.567,0.883,88.3,1.36,2.35,4.68,102.04,55.2223,66.0267,74.4301
2024-09-25,PPG,60.0242,57.2831,-4.567,0.883,88.3,1.36,2.35,4.68,102.04,55.2223,66.0267,74.4301
2024-09-25,PPL,60.0242,57.2831,-4.567,0.883,88.3,1.36,2.35,4.68,102.04,55.2223,66.0267,74.4301
2024-09-25,JLL,267.31,270.5,1.193,0.949,94.9,1.21,2.28,4.57,78.32,245.9252,294.041,331.4644
2024-09-25,JLMI,267.31,270.5,1.193,0.949,94.9,1.21,2.28,4.57,78.32,245.9252,294.041,331.4644
2024-09-25,RVMD,44.86,45.36,1.115,0.687,68.7,1.5,3.79,3.95,44.96,41.2712,49.346,55.6264
2024-09-25,KIM,36.9283,37.3152,1.048,0.783,78.3,1.29,2.92,2.14,69.96,33.9741,40.6212,45.7911
2024-09-25,KMX,36.9283,37.3152,1.048,0.783,78.3,1.29,2.92,2.14,69.96,33.9741,40.6212,45.7911
2024-09-25,KSS,36.9283,37.3152,1.048,0.783,78.3,1.29,2.92,2.14,69.96,33.9741,40.6212,45.7911
2024-09-25,KSU,36.9283,37.3152,1.048,0.783,78.3,1.29,2.92,2.14,69.96,33.9741,40.6212,45.7911
2024-09-25,EHC,95.7912,95.8803,0.093,0.63,63.0,1.68,1.88,4.27,54.73,88.1279,105.3704,118.7811
2024-09-25,MMYT,106.84,106.3,-0.505,0.874,87.4,1.19,3.82,6.53,55.43,98.2928,117.524,132.4816
2024-09-25,RYAN,66.1323,66.1323,0.0,0.765,76.5,1.28,1.88,4.32,47.37,60.8417,72.7455,82.004
2024-09-25,IDE,134.6932,135.9337,0.921,0.762,76.2,1.39,2.04,1.13,46.73,123.9178,148.1625,167.0196
2024-09-25,AU,27.281,27.3095,0.105,0.67,67.0,1.15,2.64,0.65,55.05,25.0985,30.009,33.8284
2024-09-25,THO,103.0318,105.8583,2.743,0.71,71.0,1.32,3.19,2.49,64.34,94.7892,113.3349,127.7594
2024-09-25,SSD,186.8916,188.802,1.022,0.682,68.2,1.4,2.71,4.36,38.36,171.9403,205.5808,231.7456
2024-09-25,COLD,23.685,24.0823,1.678,0.935,93.5,1.2,2.78,3.46,48.03,21.7902,26.0535,29.3694
2024-09-25,AGI,20.6035,20.6135,0.048,0.946,94.6,1.26,2.59,5.44,56.1,18.9553,22.6639,25.5484
2024-09-25,GVA,79.0613,79.4678,0.514,0.938,93.8,1.89,2.35,5.55,48.52,72.7364,86.9674,98.036
2024-09-25,CALM,65.6815,65.6276,-0.082,0.759,75.9,1.48,2.2,2.86,34.07,60.4269,72.2496,81.445
2024-09-25,IAG,5.5,5.54,0.727,0.982,98.2,1.24,3.54,6.71,41.33,5.06,6.05,6.82
2024-09-25,IAC,43.4865,44.0033,1.188,0.684,68.4,1.16,2.12,1.43,24.45,40.0075,47.8351,53.9232
2024-09-25,R,144.3103,144.6403,0.229,0.845,84.5,1.26,2.48,5.79,41.29,132.7655,158.7413,178.9447
2024-09-25,JHG,36.2379,36.6195,1.053,0.663,66.3,1.44,1.97,2.74,31.84,33.3389,39.8617,44.935
2024-09-26,ACN,349.3795,349.89,0.146,0.74,74.0,1.81,1.94,3.76,860.09,321.4291,384.3174,433.2305
2024-09-26,NEM,54.1715,53.7618,-0.756,0.947,94.7,1.2,2.33,4.83,445.08,49.8378,59.5886,67.1726
2024-09-26,ENPH,113.61,115.34,1.523,0.759,75.9,1.19,4.51,0.29,270.45,104.5212,124.971,140.8764
2024-09-26,HAL,316.6813,316.8666,0.059,0.846,84.6,1.41,2.36,6.39,223.36,291.3468,348.3494,392.6848
2024-09-26,HAS,316.6813,316.8666,0.059,0.846,84.6,1.41,2.36,6.39,223.36,291.3468,348.3494,392.6848
2024-09-26,HBAN,316.6813,316.8666,0.059,0.846,84.6,1.41,2.36,6.39,223.36,291.3468,348.3494,392.6848
2024-09-26,HBI,316.6813,316.8666,0.059,0.846,84.6,1.41,2.36,6.39,223.36,291.3468,348.3494,392.6848
2024-09-26,HCP,316.6813,316.8666,0.059,0.846,84.6,1.41,2.36,6.39,223.36,291.3468,348.3494,392.6848
2024-09-26,CMIIU,315.6202,315.8049,0.059,0.849,84.9,1.41,2.36,6.39,222.61,290.3706,347.1822,391.3691
2024-09-26,CMIKA,315.6202,315.8049,0.059,0.849,84.9,1.41,2.36,6.39,222.61,290.3706,347.1822,391.3691
2024-09-26,CMIN,315.6202,315.8049,0.059,0.849,84.9,1.41,2.36,6.39,222.61,290.3706,347.1822,391.3691
2024-09-26,CMIV,315.6202,315.8049,0.059,0.849,84.9,1.41,2.36,6.39,222.61,290.3706,347.1822,391.3691
2024-09-26,PH,626.6097,627.3099,0.112,0.886,88.6,1.54,1.89,6.1,362.44,576.481,689.2707,776.9961
2024-09-26,CMI,315.6202,315.8049,0.059,0.849,84.9,1.41,2.36,6.39,222.61,290.3706,347.1822,391.3691
2024-09-26,CTAS,204.9608,205.6142,0.319,0.745,74.5,1.37,1.9,1.91,308.74,188.5639,225.4568,254.1513
2024-09-26,GEHC,92.2527,92.4422,0.205,0.829,82.9,1.52,2.26,5.26,320.89,84.8725,101.478,114.3934
2024-09-26,A,145.0687,145.5036,0.3,0.71,71.0,1.4,2.26,5.11,222.9,133.4632,159.5756,179.8852
2024-09-26,KEYS,158.64,159.0,0.227,0.699,69.9,1.27,1.98,5.44,147.18,145.9488,174.504,196.7136
2024-09-26,STT,84.1382,84.6636,0.624,0.773,77.3,1.25,2.01,2.4,185.88,77.4072,92.552,104.3314
2024-09-26,AEM,82.6231,81.9942,-0.761,0.919,91.9,1.44,2.22,3.62,189.84,76.0133,90.8854,102.4527
2024-09-26,FITB,40.6874,41.0477,0.886,0.691,69.1,1.32,2.22,1.7,160.19,37.4324,44.7561,50.4524
2024-09-26,MAS,80.983,81.5284,0.673,0.921,92.1,1.23,1.92,3.78,115.2,74.5043,89.0813,100.4189
2024-09-26,DAY,58.79,59.4,1.038,0.685,68.5,1.25,2.99,1.56,79.68,54.0868,64.669,72.8996
2024-09-26,DBA,58.79,59.4,1.038,0.685,68.5,1.25,2.99,1.56,79.68,54.0868,64.669,72.8996
2024-09-26,HST,58.79,59.4,1.038,0.685,68.5,1.25,2.99,1.56,79.68,54.0868,64.669,72.8996
2024-09-26,RGEN,147.18,148.3,0.761,0.86,86.0,1.18,3.85,2.42,134.62,135.4056,161.898,182.5032
2024-09-26,BFAC,45.9285,46.1989,0.589,0.588,58.8,1.34,2.46,2.85,131.24,42.2542,50.5214,56.9514
2024-09-26,ALLB,142.0896,143.3553,0.891,0.879,87.9,1.2,1.88,3.04,91.81,130.7225,156.2986,176.1911
2024-09-26,ALLE,142.0896,143.3553,0.891,0.879,87.9,1.2,1.88,3.04,91.81,130.7225,156.2986,176.1911
2024-09-26,WPM,63.8024,63.6434,-0.249,0.857,85.7,1.12,2.3,4.76,89.09,58.6982,70.1826,79.115
2024-09-26,BF-B,45.5085,45.7764,0.589,0.588,58.8,1.34,2.46,2.85,130.04,41.8678,50.0594,56.4305
2024-09-26,TW,120.9623,120.4154,-0.452,0.658,65.8,1.12,1.98,3.17,85.25,111.2853,133.0586,149.9933
2024-09-26,PSN,103.6,103.52,-0.077,0.922,92.2,1.15,2.02,6.56,124.64,95.312,113.96,128.464
2024-09-26,ACM,101.6805,101.9958,0.31,0.821,82.1,1.25,2.05,4.87,89.07,93.5461,111.8486,126.0838
2024-09-26,PFGC,78.64,78.81,0.216,0.841,84.1,1.43,1.91,5.32,65.29,72.3488,86.504,97.5136
2024-09-26,BRKR,70.0308,70.7168,0.98,0.639,63.9,1.29,3.21,6.62,81.19,64.4284,77.0339,86.8382
2024-09-26,BRL,70.0308,70.7168,0.98,0.639,63.9,1.29,3.21,6.62,81.19,64.4284,77.0339,86.8382
2024-09-26,ACME,101.6805,101.9958,0.31,0.821,82.1,1.25,2.05,4.87,89.07,93.5461,111.8486,126.0839
2024-09-26,ACMM,101.6805,101.9958,0.31,0.821,82.1,1.25,2.05,4.87,89.07,93.5461,111.8486,126.0839
2024-09-26,PFIS,78.64,78.81,0.216,0.841,84.1,1.43,1.91,5.32,65.29,72.3488,86.504,97.5136
2024-09-26,PFL,78.64,78.81,0.216,0.841,84.1,1.43,1.91,5.32,65.29,72.3488,86.504,97.5136
2024-09-26,ARMK,37.706,37.7159,0.026,0.677,67.7,2.19,2.26,2.21,91.07,34.6895,41.4766,46.7555
2024-09-26,WEX,205.45,206.72,0.618,0.647,64.7,1.33,2.0,4.07,78.99,189.014,225.995,254.758
2024-09-26,PNW,59.23,59.4043,0.294,0.83,83.0,1.66,2.59,3.04,106.94,54.4916,65.153,73.4452
2024-09-26,PODD,59.23,59.4043,0.294,0.83,83.0,1.66,2.59,3.04,106.94,54.4916,65.153,73.4452
2024-09-26,POOL,59.23,59.4043,0.294,0.83,83.0,1.66,2.59,3.04,106.94,54.4916,65.153,73.4452
2024-09-26,PPG,59.23,59.4043,0.294,0.83,83.0,1.66,2.59,3.04,106.94,54.4916,65.153,73.4452
2024-09-26,PPL,59.23,59.4043,0.294,0.83,83.0,1.66,2.59,3.04,106.94,54.4916,65.153,73.4452
2024-09-26,TTEK,46.1708,46.2896,0.257,0.712,71.2,1.73,1.99,0.33,50.13,42.4771,50.7879,57.2518
2024-09-26,EHC,96.2071,96.0388,-0.175,0.614,61.4,1.41,1.88,4.41,56.99,88.5105,105.8278,119.2968
2024-09-26,QS,5.8,5.86,1.034,0.794,79.4,1.18,4.11,1.38,26.28,5.336,6.38,7.192
2024-09-26,BC,79.8281,81.0503,1.531,0.777,77.7,1.62,2.47,4.56,47.3,73.4418,87.8109,98.9868
2024-09-26,AU,27.7379,27.2238,-1.853,0.654,65.4,1.35,2.72,2.44,57.44,25.5188,30.5116,34.3949
2024-09-26,RGLD,143.3333,143.3333,0.0,0.672,67.2,1.31,2.18,3.9,46.06,131.8666,157.6666,177.7333
2024-09-26,PRY-MI,65.3547,65.0404,-0.481,0.607,60.7,1.13,2.18,5.7,48.67,60.1263,71.8902,81.0398
2024-09-26,BPOP,96.2154,96.9692,0.784,0.603,60.3,1.13,2.1,0.77,44.39,88.5181,105.8369,119.307
2024-09-26,AGI,20.3743,20.1351,-1.174,0.933,93.3,1.29,2.59,3.91,56.29,18.7443,22.4117,25.2641
2024-09-26,BAP,170.1578,170.8867,0.428,0.634,63.4,1.34,2.37,3.89,38.26,156.5451,187.1735,210.9956
2024-09-26,CALM,65.7803,65.879,0.15,0.788,78.8,1.94,2.23,2.89,36.71,60.5178,72.3583,81.5675
2024-09-26,IAG,5.52,5.46,-1.087,0.982,98.2,1.84,3.4,6.5,43.48,5.0784,6.072,6.8448
2024-09-26,R,140.505,140.7574,0.18,0.743,74.3,1.16,2.56,2.87,41.66,129.2646,154.5555,174.2262
2024-09-26,PRIM,57.2615,57.7891,0.921,0.837,83.7,1.17,3.42,5.58,30.22,52.6806,62.9877,71.0043
2024-09-26,AGII1,48.05,45.57,-5.161,0.635,63.5,4.21,4.24,5.26,20.47,44.206,52.855,59.582
2024-09-26,AGIL1,48.05,45.57,-5.161,0.635,63.5,4.21,4.24,5.26,20.47,44.206,52.855,59.582
2024-09-26,AGIO,48.05,45.57,-5.161,0.635,63.5,4.21,4.24,5.26,20.47,44.206,52.855,59.582
2024-09-26,AGL1,48.05,45.57,-5.161,0.635,63.5,4.21,4.24,5.26,20.47,44.206,52.855,59.582
2024-09-26,INTA,48.1,48.29,0.395,0.924,92.4,1.13,3.18,3.52,37.03,44.252,52.91,59.644
2024-09-26,LOAR,74.09,74.29,0.27,0.954,95.4,1.96,5.51,0.04,21.37,68.1628,81.499,91.8716
2024-09-26,DEI,16.0773,16.2999,1.385,0.921,92.1,1.34,2.47,4.94,25.9,14.7911,17.685,19.9358
2024-09-27,SPOT,369.2,369.05,-0.041,0.725,72.5,2.01,2.7,6.29,534.63,339.664,406.12,457.808
2024-09-27,BMY,47.4022,47.9608,1.179,0.922,92.2,2.01,2.33,2.62,542.52,43.61,52.1424,58.7787
2024-09-27,NEM,52.5814,52.1326,-0.853,0.886,88.6,1.16,2.38,1.66,439.88,48.3749,57.8395,65.2009
2024-09-27,RCL,174.8818,175.5418,0.377,0.644,64.4,1.28,2.79,5.93,325.36,160.8913,192.37,216.8535
2024-09-27,GEHC,91.754,92.2727,0.565,0.777,77.7,3.12,2.32,4.22,371.27,84.4137,100.9294,113.775
2024-09-27,BBY,96.0126,96.2942,0.293,0.894,89.4,1.41,2.04,4.06,273.7,88.3316,105.6138,119.0556
2024-09-27,A,146.3736,146.0177,-0.243,0.727,72.7,1.41,2.28,5.84,229.56,134.6637,161.011,181.5033
2024-09-27,WAB,181.1704,181.6177,0.247,0.673,67.3,1.15,1.87,6.21,193.05,166.6767,199.2874,224.6513
2024-09-27,THC,163.22,163.91,0.423,0.798,79.8,1.14,3.6,0.87,190.43,150.1624,179.542,202.3928
2024-09-27,STT,84.2433,84.0427,-0.238,0.775,77.5,1.38,1.97,2.39,192.88,77.5038,92.6676,104.4617
2024-09-27,EXR,167.6374,166.8902,-0.446,0.684,68.4,1.37,1.89,0.06,190.43,154.2264,184.4011,207.8704
2024-09-27,NTRA,125.72,124.96,-0.605,0.592,59.2,1.23,3.76,2.72,137.86,115.6624,138.292,155.8928
2024-09-27,PNR,95.553,95.2871,-0.278,0.927,92.7,1.6,2.02,6.03,129.14,87.9088,105.1083,118.4858
2024-09-27,DAY,60.2,59.93,-0.449,0.729,72.9,1.24,3.0,3.8,84.19,55.384,66.22,74.648
2024-09-27,LH,73.22,73.34,0.164,0.598,59.8,1.29,2.46,4.25,140.41,67.3624,80.542,90.7928
2024-09-27,LII,73.22,73.34,0.164,0.598,59.8,1.29,2.46,4.25,140.41,67.3624,80.542,90.7928
2024-09-27,LKQ,73.22,73.34,0.164,0.598,59.8,1.29,2.46,4.25,140.41,67.3624,80.542,90.7928
2024-09-27,DBA,60.2,59.93,-0.449,0.729,72.9,1.24,3.0,3.8,84.19,55.384,66.22,74.648
2024-09-27,HST,60.2,59.93,-0.449,0.729,72.9,1.24,3.0,3.8,84.19,55.384,66.22,74.648
2024-09-27,WPM,62.0439,61.5968,-0.721,0.65,65.0,1.16,2.39,1.81,88.98,57.0804,68.2483,76.9344
2024-09-27,HEI,259.0105,259.4699,0.177,0.611,61.1,1.18,1.98,0.36,98.31,238.2897,284.9115,321.173
2024-09-27,FMC,61.52,61.2946,-0.366,0.768,76.8,1.14,2.58,4.62,64.29,56.5984,67.6721,76.2849
2024-09-27,ACM,101.7199,101.5229,-0.194,0.765,76.5,1.34,2.01,4.71,90.37,93.5823,111.8919,126.1327
2024-09-27,PFGC,78.21,78.25,0.051,0.835,83.5,1.75,1.93,4.52,68.76,71.9532,86.031,96.9804
2024-09-27,ACME,101.7199,101.5229,-0.194,0.764,76.4,1.34,2.01,4.71,90.37,93.5823,111.8919,126.1327
2024-09-27,ACMM,101.7199,101.5229,-0.194,0.764,76.4,1.34,2.01,4.71,90.37,93.5823,111.8919,126.1327
2024-09-27,PFIS,78.21,78.25,0.051,0.835,83.5,1.75,1.93,4.52,68.76,71.9532,86.031,96.9804
2024-09-27,PFL,78.21,78.25,0.051,0.835,83.5,1.75,1.93,4.52,68.76,71.9532,86.031,96.9804
2024-09-27,QS,6.01,5.91,-1.664,0.769,76.9,1.56,4.23,4.82,28.32,5.5292,6.611,7.4524
2024-09-27,BC,81.3486,80.877,-0.58,0.846,84.6,1.3,2.49,6.17,49.88,74.8407,89.4835,100.8723
2024-09-27,BAP,175.1373,174.2569,-0.503,0.685,68.5,1.45,2.45,6.5,41.38,161.1263,192.6511,217.1703
2024-09-27,IAC,44.8728,44.6432,-0.512,0.739,73.9,1.64,2.11,4.07,26.83,41.283,49.3601,55.6423
2024-09-27,R,141.1845,139.7575,-1.011,0.771,77.1,1.24,2.55,3.2,43.19,129.8897,155.3029,175.0688
2024-09-27,LBTYA,10.9531,10.9274,-0.235,0.792,79.2,1.43,2.09,4.71,38.78,10.0769,12.0484,13.5819
2024-09-27,KNGRF,89.07,88.39,-0.763,0.9,90.0,1.28,3.03,6.69,39.27,81.9444,97.977,110.4468
2024-09-27,DEI,16.2628,16.1503,-0.692,0.926,92.6,1.32,2.44,5.68,26.16,14.9618,17.8891,20.1659
2024-09-30,GE,187.2065,186.1244,-0.578,0.727,72.7,1.12,2.63,6.45,939.32,172.23,205.9271,232.136
2024-09-30,BMY,48.175,48.3705,0.406,0.921,92.1,1.21,2.36,4.1,562.18,44.321,52.9925,59.737
2024-09-30,KKR,129.677,129.677,0.0,0.855,85.5,1.11,2.6,4.08,386.63,119.3029,142.6447,160.7995
2024-09-30,NEM,52.1424,52.4936,0.674,0.79,79.0,1.46,2.37,0.78,446.2,47.971,57.3566,64.6565
2024-09-30,TT,385.1537,387.5614,0.625,0.713,71.3,1.2,2.13,5.86,410.62,354.3414,423.6691,477.5906
2024-09-30,RCL,174.7045,174.9015,0.113,0.605,60.5,1.28,2.77,5.41,322.86,160.7282,192.175,216.6336
2024-09-30,CTAS,203.8419,203.1588,-0.335,0.679,67.9,1.15,1.97,1.18,321.75,187.5346,224.2261,252.764
2024-09-30,CARR,78.8744,78.8842,0.012,0.895,89.5,1.23,2.35,5.82,299.6,72.5644,86.7618,97.8042
2024-09-30,TWLO,65.22,65.2,-0.031,0.613,61.3,1.22,2.52,6.53,116.97,60.0024,71.742,80.8728
2024-09-30,LLL,421.5181,422.1872,0.159,0.665,66.5,1.17,2.53,5.91,168.83,387.7966,463.6699,522.6824
2024-09-30,LNC,421.5181,422.1872,0.159,0.665,66.5,1.17,2.53,5.91,168.83,387.7966,463.6699,522.6824
2024-09-30,LNT,421.5181,422.1872,0.159,0.665,66.5,1.17,2.53,5.91,168.83,387.7966,463.6699,522.6824
2024-09-30,ARES,150.8826,150.7858,-0.064,0.609,60.9,1.29,2.37,4.79,135.26,138.812,165.9709,187.0944
2024-09-30,EXR,170.4372,171.6006,0.683,0.724,72.4,1.37,1.93,1.6,200.79,156.8022,187.4809,211.3421
2024-09-30,NTRA,126.95,126.77,-0.142,0.581,58.1,1.26,3.8,3.36,142.67,116.794,139.645,157.418
2024-09-30,PNR,96.3412,96.5185,0.184,0.931,93.1,1.74,2.02,6.38,134.58,88.6339,105.9753,119.4631
2024-09-30,DAY,61.25,61.1,-0.245,0.784,78.4,1.12,2.89,5.24,82.82,56.35,67.375,75.95
2024-09-30,DBA,61.25,61.1,-0.245,0.784,78.4,1.12,2.89,5.24,82.82,56.35,67.375,75.95
2024-09-30,HST,61.25,61.1,-0.245,0.784,78.4,1.12,2.89,5.24,82.82,56.35,67.375,75.95
2024-09-30,ALLB,144.1068,144.1958,0.062,0.893,89.3,1.23,1.88,3.98,95.6,132.5782,158.5175,178.6924
2024-09-30,ALLE,144.1068,144.1958,0.062,0.893,89.3,1.23,1.88,3.98,95.6,132.5782,158.5175,178.6924
2024-09-30,TW,122.9709,122.9809,0.008,0.688,68.8,1.33,2.05,4.43,90.08,113.1332,135.268,152.4839
2024-09-30,HEI,261.1679,261.947,0.298,0.658,65.8,1.31,1.95,1.1,96.23,240.2745,287.2847,323.8482
2024-09-30,EVR,248.9836,248.5511,-0.174,0.762,76.2,1.53,2.4,3.19,68.87,229.0649,273.882,308.7397
2024-09-30,SGI,53.9065,53.7287,-0.33,0.802,80.2,1.16,2.33,5.09,65.64,49.5939,59.2971,66.844
2024-09-30,CW,327.8344,326.9767,-0.262,0.809,80.9,1.15,2.12,5.04,86.25,301.6077,360.6179,406.5147
2024-09-30,KNSL,464.3839,464.6133,0.049,0.826,82.6,1.57,2.29,1.36,67.48,427.2332,510.8223,575.836
2024-09-30,AYI,274.4423,292.9882,6.758,0.661,66.1,1.6,2.59,5.84,60.96,252.4869,301.8865,340.3084
2024-09-30,WEX,209.73,209.8,0.033,0.734,73.4,1.22,1.97,5.25,82.53,192.9516,230.703,260.0652
2024-09-30,AZA.A,274.6199,293.1778,6.758,0.66,66.0,1.6,2.59,5.84,61.0,252.6503,302.0819,340.5287
2024-09-30,AZEK,274.6199,293.1778,6.758,0.66,66.0,1.6,2.59,5.84,61.0,252.6503,302.0819,340.5287
2024-09-30,AYRO,274.6199,293.1778,6.758,0.659,65.9,1.6,2.59,5.84,61.0,252.6503,302.0819,340.5286
2024-09-30,GTES,17.55,17.56,0.057,0.622,62.2,1.15,2.84,1.98,38.93,16.146,19.305,21.762
2024-09-30,QS,5.75,5.72,-0.522,0.62,62.0,1.18,4.36,0.34,27.6,5.29,6.325,7.13
2024-09-30,IDE,139.4386,139.5272,0.064,0.732,73.2,1.46,2.07,4.27,49.11,128.2835,153.3825,172.9039
2024-09-30,UGI,23.6637,23.5975,-0.28,0.611,61.1,1.12,1.91,3.65,52.07,21.7706,26.0301,29.343
2024-09-30,GTH,17.55,17.56,0.057,0.622,62.2,1.15,2.84,1.98,38.93,16.146,19.305,21.762
2024-09-30,SF,61.0393,60.9158,-0.202,0.639,63.9,1.3,1.96,5.94,36.19,56.1562,67.1433,75.6888
2024-09-30,HLI,154.9117,154.9509,0.025,0.694,69.4,1.76,2.14,1.54,45.41,142.5188,170.4029,192.0906
2024-09-30,PNFP,96.3319,94.9356,-1.449,0.898,89.8,1.4,2.9,1.99,50.59,88.6253,105.9651,119.4515
2024-09-30,MMSY,98.83,98.41,-0.425,0.669,66.9,1.14,2.03,0.96,47.0,90.9236,108.713,122.5492
2024-09-30,BAP,171.3222,171.0666,-0.149,0.585,58.5,1.28,2.48,4.01,39.78,157.6164,188.4544,212.4395
2024-09-30,SATS,24.82,24.16,-2.659,0.942,94.2,3.34,7.15,3.72,53.4,22.8344,27.302,30.7768
2024-09-30,ACIW,50.9,50.7,-0.393,0.913,91.3,1.15,2.51,3.96,39.53,46.828,55.99,63.116
2024-09-30,CLVT,7.1,7.04,-0.845,0.889,88.9,1.47,3.43,5.51,24.25,6.532,7.81,8.804
2024-09-30,NSA,43.5211,43.7559,0.539,0.766,76.6,1.13,2.04,1.72,31.55,40.0394,47.8732,53.9662
2024-09-30,HIW,30.1414,29.7996,-1.134,0.922,92.2,1.79,1.94,2.63,20.6,27.7301,33.1556,37.3754
2024-09-30,GSHD,84.5174,84.2808,-0.28,0.988,98.8,2.3,4.0,2.56,22.06,77.756,92.9691,104.8015
2024-10-01,BMY,49.255,49.1899,-0.132,0.943,94.3,1.45,2.38,6.18,590.78,45.3146,54.1805,61.0763
2024-10-01,NEM,52.8155,52.6887,-0.24,0.846,84.6,1.11,2.37,1.87,456.17,48.5902,58.097,65.4912
2024-10-01,HAL,318.3007,317.1008,-0.377,0.814,81.4,1.14,2.2,6.06,223.88,292.8366,350.1308,394.6929
2024-10-01,HAS,318.3007,317.1008,-0.377,0.814,81.4,1.14,2.2,6.06,223.88,292.8366,350.1308,394.6929
2024-10-01,HBAN,318.3007,317.1008,-0.377,0.814,81.4,1.14,2.2,6.06,223.88,292.8366,350.1308,394.6929
2024-10-01,HBI,318.3007,317.1008,-0.377,0.814,81.4,1.14,2.2,6.06,223.88,292.8366,350.1308,394.6929
2024-10-01,HCP,318.3007,317.1008,-0.377,0.814,81.4,1.14,2.2,6.06,223.88,292.8366,350.1308,394.6929
2024-10-01,CMIIU,317.2342,316.0383,-0.377,0.818,81.8,1.14,2.2,6.06,223.13,291.8555,348.9576,393.3704
2024-10-01,CMIKA,317.2342,316.0383,-0.377,0.818,81.8,1.14,2.2,6.06,223.13,291.8555,348.9576,393.3704
2024-10-01,CMIN,317.2342,316.0383,-0.377,0.818,81.8,1.14,2.2,6.06,223.13,291.8555,348.9576,393.3704
2024-10-01,CMIV,317.2342,316.0383,-0.377,0.818,81.8,1.14,2.2,6.06,223.13,291.8555,348.9576,393.3704
2024-10-01,CMI,317.2342,316.0383,-0.377,0.818,81.8,1.14,2.2,6.06,223.13,291.8555,348.9576,393.3704
2024-10-01,FICO,1915.6899,1907.5601,-0.424,0.878,87.8,1.36,2.06,2.44,260.08,1762.4347,2107.2589,2375.4555
2024-10-01,AXON,399.22,400.0,0.195,0.94,94.0,1.38,2.16,4.8,216.02,367.2824,439.142,495.0328
2024-10-01,PAYX,134.2133,132.8692,-1.001,0.827,82.7,2.96,1.97,5.45,235.31,123.4762,147.6346,166.4245
2024-10-01,PSA,342.2729,338.8222,-1.008,0.877,87.7,1.29,1.91,1.09,263.88,314.8911,376.5002,424.4184
2024-10-01,AEM,80.4317,80.4907,0.073,0.727,72.7,1.16,2.23,0.74,185.19,73.9972,88.4749,99.7354
2024-10-01,ARES,151.3377,150.8826,-0.301,0.689,68.9,1.24,2.34,4.57,137.4,139.2307,166.4714,187.6587
2024-10-01,NTRA,127.19,127.07,-0.094,0.698,69.8,1.19,3.71,3.0,145.79,117.0148,139.909,157.7156
2024-10-01,TRU,102.5945,102.6937,0.097,0.952,95.2,1.11,2.32,2.55,128.38,94.3869,112.8539,127.2171
2024-10-01,IBKR,34.341,34.4702,0.376,0.585,58.5,1.31,2.18,5.94,125.32,31.5937,37.7751,42.5829
2024-10-01,DAY,60.8,60.65,-0.247,0.882,88.2,1.27,2.87,4.0,83.5,55.936,66.88,75.392
2024-10-01,DBA,60.8,60.65,-0.247,0.882,88.2,1.27,2.87,4.0,83.5,55.936,66.88,75.392
2024-10-01,HST,60.8,60.65,-0.247,0.882,88.2,1.27,2.87,4.0,83.5,55.936,66.88,75.392
2024-10-01,KNSL,475.0267,472.4931,-0.533,0.884,88.4,1.15,2.3,3.66,70.55,437.0245,522.5293,589.0331
2024-10-01,WEX,209.37,208.86,-0.244,0.717,71.7,1.77,1.97,4.52,86.63,192.6204,230.307,259.6188
2024-10-01,PNW,59.908,59.908,0.0,0.823,82.3,1.34,2.49,3.51,113.13,55.1154,65.8988,74.2859
2024-10-01,PODD,59.908,59.908,0.0,0.823,82.3,1.34,2.49,3.51,113.13,55.1154,65.8988,74.2859
2024-10-01,POOL,59.908,59.908,0.0,0.823,82.3,1.34,2.49,3.51,113.13,55.1154,65.8988,74.2859
2024-10-01,PPG,59.908,59.908,0.0,0.823,82.3,1.34,2.49,3.51,113.13,55.1154,65.8988,74.2859
2024-10-01,PPL,59.908,59.908,0.0,0.823,82.3,1.34,2.49,3.51,113.13,55.1154,65.8988,74.2859
2024-10-01,JLL,266.44,264.03,-0.905,0.933,93.3,1.12,2.35,2.94,75.27,245.1248,293.084,330.3856
2024-10-01,JLMI,266.44,264.03,-0.905,0.933,93.3,1.12,2.35,2.94,75.27,245.1248,293.084,330.3856
2024-10-01,KIM,36.7736,35.081,-4.603,0.792,79.2,1.2,3.0,1.06,71.78,33.8317,40.4509,45.5993
2024-10-01,KMX,36.7736,35.081,-4.603,0.792,79.2,1.2,3.0,1.06,71.78,33.8317,40.4509,45.5993
2024-10-01,KSS,36.7736,35.081,-4.603,0.792,79.2,1.2,3.0,1.06,71.78,33.8317,40.4509,45.5993
2024-10-01,KSU,36.7736,35.081,-4.603,0.792,79.2,1.2,3.0,1.06,71.78,33.8317,40.4509,45.5993
2024-10-01,RYAN,67.3569,67.357,0.0,0.759,75.9,1.55,2.04,5.53,50.16,61.9684,74.0926,83.5226
2024-10-01,ITT,145.963,145.9631,0.0,0.712,71.2,1.17,2.12,5.63,52.57,134.286,160.5593,180.9942
2024-10-01,HL,6.5171,6.5171,-0.0,0.892,89.2,1.2,4.45,1.94,80.91,5.9957,7.1688,8.0812
2024-10-01,AGI,20.1351,20.0653,-0.347,0.806,80.6,1.21,2.55,1.84,59.31,18.5243,22.1486,24.9675
2024-10-01,GVA,78.7843,78.4466,-0.429,0.936,93.6,1.66,2.36,3.73,48.4,72.4815,86.6627,97.6925
2024-10-01,AWI,132.4609,131.3635,-0.828,0.767,76.7,1.25,2.09,4.95,27.16,121.864,145.7069,164.2515
2024-10-01,AWIN,132.4609,131.3635,-0.828,0.767,76.7,1.25,2.09,4.95,27.16,121.864,145.7069,164.2515
2024-10-01,LBTYA,10.9377,10.8604,-0.707,0.78,78.0,1.23,2.18,3.61,39.25,10.0626,12.0314,13.5627
2024-10-01,BGC,9.499,9.4496,-0.52,0.581,58.1,1.52,3.1,0.42,28.98,8.7391,10.4489,11.7787
2024-10-01,BGC2,9.499,9.4496,-0.52,0.581,58.1,1.52,3.1,0.42,28.98,8.7391,10.4489,11.7787
2024-10-02,UNH,575.8652,574.2124,-0.287,0.794,79.4,1.2,1.91,1.38,1760.46,529.796,633.4517,714.0728
2024-10-02,URI,785.7164,784.6306,-0.138,0.899,89.9,1.12,2.58,4.58,351.71,722.8591,864.288,974.2883
2024-10-02,PAYX,134.1847,133.4221,-0.568,0.8,80.0,1.72,2.02,5.08,250.16,123.4499,147.6032,166.389
2024-10-02,CBRE,124.99,124.55,-0.352,0.964,96.4,1.12,1.98,4.05,207.77,114.9908,137.489,154.9876
2024-10-02,MTDR,1498.12,1485.8199,-0.821,0.641,64.1,2.15,2.46,5.4,158.22,1378.2704,1647.932,1857.6688
2024-10-02,UHS,1498.12,1485.8199,-0.821,0.641,64.1,2.15,2.46,5.4,158.22,1378.2704,1647.932,1857.6688
2024-10-02,ULTA,1498.12,1485.8199,-0.821,0.641,64.1,2.15,2.46,5.4,158.22,1378.2704,1647.932,1857.6688
2024-10-02,UNM,1498.12,1485.8199,-0.821,0.641,64.1,2.15,2.46,5.4,158.22,1378.2704,1647.932,1857.6688
2024-10-02,UTX,1498.12,1485.8199,-0.821,0.641,64.1,2.15,2.46,5.4,158.22,1378.2704,1647.932,1857.6688
2024-10-02,MTD,1498.12,1485.8199,-0.821,0.641,64.1,2.15,2.46,5.4,158.22,1378.2704,1647.932,1857.6688
2024-10-02,PNR,93.5925,93.494,-0.105,0.895,89.5,1.76,1.98,2.27,139.53,86.1051,102.9518,116.0547
2024-10-02,MANH,277.36,277.36,0.0,0.641,64.1,1.31,2.27,2.23,108.91,255.1712,305.096,343.9264
2024-10-02,DAY,61.76,61.13,-1.02,0.907,90.7,1.11,2.82,5.01,86.57,56.8192,67.936,76.5824
2024-10-02,DBA,61.76,61.13,-1.02,0.907,90.7,1.11,2.82,5.01,86.57,56.8192,67.936,76.5824
2024-10-02,HST,61.76,61.13,-1.02,0.907,90.7,1.11,2.82,5.01,86.57,56.8192,67.936,76.5824
2024-10-02,ALLB,144.2056,143.7508,-0.315,0.904,90.4,1.15,1.87,3.41,99.73,132.6692,158.6262,178.815
2024-10-02,ALLE,144.2056,143.7508,-0.315,0.904,90.4,1.15,1.87,3.41,99.73,132.6692,158.6262,178.815
2024-10-02,KNSL,474.907,473.7898,-0.235,0.889,88.9,1.21,2.34,3.62,72.78,436.9144,522.3976,588.8846
2024-10-02,RPM,124.2496,123.5877,-0.533,0.839,83.9,2.09,2.09,5.3,105.99,114.3096,136.6746,154.0695
2024-10-02,WEX,205.9,205.0,-0.437,0.674,67.4,1.27,1.99,2.34,87.17,189.428,226.49,255.316
2024-10-02,RYAN,68.2755,68.7396,0.68,0.832,83.2,1.11,2.1,6.55,51.85,62.8134,75.103,84.6616
2024-10-02,HLI,155.6862,155.7352,0.031,0.731,73.1,1.25,2.13,1.54,47.83,143.2313,171.2548,193.0509
2024-10-02,SAIC,140.561,140.0019,-0.398,0.891,89.1,1.73,2.16,5.03,43.3,129.3161,154.6171,174.2956
2024-10-02,RNG,31.2541,30.9447,-0.99,0.604,60.4,1.58,3.23,4.91,44.41,28.7538,34.3795,38.7551
2024-10-02,GVA,79.6284,79.2014,-0.536,0.952,95.2,1.16,2.39,4.3,50.92,73.2582,87.5913,98.7393
2024-10-02,CALM,67.72,68.0433,0.477,0.822,82.2,1.62,2.33,4.61,43.88,62.3024,74.492,83.9728
2024-10-02,CLVT,6.73,6.63,-1.486,0.829,82.9,1.14,3.61,0.06,23.38,6.1916,7.403,8.3452
2024-10-02,CWEN,27.392,27.3552,-0.134,0.855,85.5,1.24,1.95,1.8,20.36,25.2006,30.1312,33.9661
2024-10-03,ACN,354.7113,357.6179,0.819,0.856,85.6,1.36,2.0,4.37,954.01,326.3344,390.1824,439.842
2024-10-03,TRIP,29.7016,30.6167,3.081,0.61,61.0,1.13,3.33,4.18,271.37,27.3254,32.6717,36.8299
2024-10-03,TRMB,29.7016,30.6167,3.081,0.61,61.0,1.13,3.33,4.18,271.37,27.3254,32.6717,36.8299
2024-10-03,LYV,109.06,110.31,1.146,0.712,71.2,1.24,2.26,5.43,265.6,100.3352,119.966,135.2344
2024-10-03,PAYX,132.8501,134.0512,0.904,0.813,81.3,1.48,1.99,3.68,258.81,122.2221,146.1351,164.7341
2024-10-03,MNDY,275.99,280.34,1.576,0.759,75.9,1.12,3.35,3.93,116.29,253.9108,303.589,342.2276
2024-10-03,STT,82.8152,83.8075,1.198,0.702,70.2,1.28,1.9,0.35,195.98,76.19,91.0967,102.6908
2024-10-03,CBOE,207.8152,209.526,0.823,0.877,87.7,1.3,1.96,0.51,141.88,191.19,228.5968,257.6909
2024-10-03,EFX,208.3284,210.0434,0.823,0.878,87.8,1.3,1.96,0.51,142.23,191.6621,229.1612,258.3272
2024-10-03,EG,208.3284,210.0434,0.823,0.878,87.8,1.3,1.96,0.51,142.23,191.6621,229.1612,258.3272
2024-10-03,EIX,208.3284,210.0434,0.823,0.878,87.8,1.3,1.96,0.51,142.23,191.6621,229.1612,258.3272
2024-10-03,ELV,208.3284,210.0434,0.823,0.878,87.8,1.3,1.96,0.51,142.23,191.6621,229.1612,258.3272
2024-10-03,EMN,208.3284,210.0434,0.823,0.878,87.8,1.3,1.96,0.51,142.23,191.6621,229.1612,258.3272
2024-10-03,CPAY,318.95,323.27,1.354,0.743,74.3,1.37,1.94,3.08,136.15,293.434,350.845,395.498
2024-10-03,PNR,94.1344,94.9718,0.89,0.911,91.1,1.35,1.9,2.29,144.51,86.6036,103.5478,116.7266
2024-10-03,FOUR,89.21,90.0,0.886,0.942,94.2,1.37,3.13,6.18,88.09,82.0732,98.131,110.6204
2024-10-03,FOUR1,89.21,90.0,0.886,0.942,94.2,1.37,3.13,6.18,88.09,82.0732,98.131,110.6204
2024-10-03,BFAC,45.9575,46.0058,0.105,0.638,63.8,1.13,2.17,1.24,134.07,42.2809,50.5532,56.9873
2024-10-03,BF-B,45.5372,45.585,0.105,0.637,63.7,1.13,2.17,1.24,132.84,41.8942,50.0909,56.4661
2024-10-03,MKTX,267.715,269.0148,0.486,0.945,94.5,1.7,2.23,6.22,115.99,246.2978,294.4865,331.9666
2024-10-03,FMC,60.1206,60.7874,1.109,0.762,76.2,1.11,2.53,1.41,64.15,55.3109,66.1326,74.5495
2024-10-03,ACM,101.2868,102.5409,1.238,0.855,85.5,1.29,1.94,3.16,88.43,93.1839,111.4155,125.5956
2024-10-03,ACME,101.2868,102.5409,1.238,0.854,85.4,1.29,1.94,3.16,88.43,93.1838,111.4155,125.5956
2024-10-03,ACMM,101.2868,102.5409,1.238,0.854,85.4,1.29,1.94,3.16,88.43,93.1838,111.4155,125.5956
2024-10-03,TTEK,47.7346,47.883,0.311,0.83,83.0,1.62,2.11,3.61,54.78,43.9158,52.508,59.1908
2024-10-03,HALL,60.43,60.56,0.215,0.684,68.4,1.38,3.15,2.18,81.47,55.5956,66.473,74.9332
2024-10-03,HALO,60.43,60.56,0.215,0.684,68.4,1.38,3.15,2.18,81.47,55.5956,66.473,74.9332
2024-10-03,JLL,264.69,266.37,0.635,0.919,91.9,1.53,2.39,1.6,78.54,243.5148,291.159,328.2156
2024-10-03,JLMI,264.69,266.37,0.635,0.919,91.9,1.53,2.39,1.6,78.54,243.5148,291.159,328.2156
2024-10-03,ITT,144.66,147.2661,1.802,0.675,67.5,1.24,2.11,3.54,55.15,133.0872,159.126,179.3784
2024-10-03,ATMV,37.6876,38.2238,1.423,0.954,95.4,1.95,2.75,5.08,35.58,34.6726,41.4564,46.7327
2024-10-03,ATMVR,37.6876,38.2238,1.423,0.954,95.4,1.95,2.75,5.08,35.58,34.6726,41.4564,46.7327
2024-10-03,ATMP,37.6876,38.2238,1.423,0.956,95.6,1.95,2.75,5.08,35.58,34.6726,41.4564,46.7327
2024-10-03,SAIC,141.277,141.738,0.326,0.914,91.4,1.24,1.89,5.23,41.72,129.9748,155.4047,175.1835
2024-10-03,PPC,36.9099,36.9268,0.046,0.691,69.1,1.2,3.85,0.36,86.68,33.9571,40.6009,45.7683
2024-10-03,PRIM,57.4706,58.8342,2.373,0.754,75.4,1.35,3.09,3.65,29.97,52.8729,63.2176,71.2635
2024-10-04,AMD,170.9,171.08,0.105,0.669,66.9,1.47,3.1,5.09,5176.78,157.228,187.99,211.916
2024-10-04,META,593.5879,595.8588,0.383,0.655,65.5,1.12,2.08,3.97,7508.48,546.1009,652.9467,736.049
2024-10-04,TTD,113.0,112.78,-0.195,0.716,71.6,1.13,2.42,5.09,293.98,103.96,124.3,140.12
2024-10-04,ARES,155.2879,155.3266,0.025,0.712,71.2,1.17,2.27,5.23,139.4,142.8648,170.8167,192.557
2024-10-04,CBOE,208.0822,208.7942,0.342,0.901,90.1,1.17,1.99,0.66,142.59,191.4357,228.8905,258.022
2024-10-04,EFX,208.596,209.3098,0.342,0.898,89.8,1.17,1.99,0.66,142.94,191.9084,229.4556,258.6591
2024-10-04,EG,208.596,209.3098,0.342,0.898,89.8,1.17,1.99,0.66,142.94,191.9084,229.4556,258.6591
2024-10-04,EIX,208.596,209.3098,0.342,0.898,89.8,1.17,1.99,0.66,142.94,191.9084,229.4556,258.6591
2024-10-04,ELV,208.596,209.3098,0.342,0.898,89.8,1.17,1.99,0.66,142.94,191.9084,229.4556,258.6591
2024-10-04,EMN,208.596,209.3098,0.342,0.898,89.8,1.17,1.99,0.66,142.94,191.9084,229.4556,258.6591
2024-10-04,CPAY,331.0,329.58,-0.429,0.796,79.6,2.57,1.98,6.49,156.74,304.52,364.1,410.44
2024-10-04,MKTX,267.4316,269.0734,0.614,0.933,93.3,1.13,2.14,5.76,114.37,246.0371,294.1747,331.6152
2024-10-04,DBX,25.37,25.37,0.0,0.687,68.7,1.18,2.0,2.71,72.72,23.3404,27.907,31.4588
2024-10-04,PCTY1,170.23,169.43,-0.47,0.908,90.8,1.12,2.55,5.07,56.86,156.6116,187.253,211.0852
2024-10-04,PCX,170.23,169.43,-0.47,0.908,90.8,1.12,2.55,5.07,56.86,156.6116,187.253,211.0852
2024-10-04,PCTY,170.23,169.43,-0.47,0.908,90.8,1.12,2.55,5.07,56.86,156.6116,187.253,211.0852
2024-10-04,FRPT,142.09,141.9,-0.134,0.64,64.0,1.23,3.0,2.53,68.02,130.7228,156.299,176.1916
2024-10-04,TTEK,47.8731,47.7247,-0.31,0.834,83.4,1.27,2.02,3.54,56.76,44.0433,52.6604,59.3627
2024-10-04,HR,83.09,83.07,-0.024,0.591,59.1,1.14,2.64,5.83,47.78,76.4428,91.399,103.0316
2024-10-04,SF,62.3069,62.0664,-0.386,0.706,70.6,1.51,1.9,5.8,38.99,57.3224,68.5376,77.2606
2024-10-04,BAP,174.2096,174.2096,0.0,0.623,62.3,1.25,2.47,4.15,40.58,160.2728,191.6305,216.0199
2024-10-04,PRIM,59.4214,59.6205,0.335,0.736,73.6,1.18,2.98,6.12,31.04,54.6677,65.3636,73.6826
2024-10-04,IRDM,29.0346,29.0346,-0.0,0.802,80.2,1.17,3.63,3.75,34.12,26.7118,31.938,36.0029
2024-10-04,DEI,16.8255,16.7036,-0.725,0.931,93.1,1.4,2.37,6.14,28.43,15.4795,18.5081,20.8637
2024-10-04,CWEN,27.1805,27.1529,-0.101,0.781,78.1,1.36,1.97,0.46,21.66,25.0061,29.8985,33.7038
2024-10-07,AMD,170.97,171.75,0.456,0.658,65.8,1.2,3.2,4.22,5463.59,157.2924,188.067,212.0028
2024-10-07,SPOT,362.95,366.58,1.0,0.879,87.9,1.15,2.43,0.86,550.01,333.914,399.245,450.058
2024-10-07,AXP,270.2716,267.7643,-0.928,0.781,78.1,1.27,2.03,3.4,701.91,248.6499,297.2988,335.1368
2024-10-07,URI,791.8755,791.609,-0.034,0.844,84.4,1.29,2.56,3.32,363.51,728.5254,871.063,981.9256
2024-10-07,TRGP,153.1947,152.4969,-0.455,0.832,83.2,1.11,2.1,4.42,261.4,140.9391,168.5141,189.9614
2024-10-07,CPNG,25.8,25.54,-1.008,0.837,83.7,2.47,2.58,5.9,173.85,23.736,28.38,31.992
2024-10-07,LLL,431.4373,433.4448,0.465,0.794,79.4,1.33,2.2,4.83,159.9,396.9223,474.581,534.9823
2024-10-07,LNC,431.4373,433.4448,0.465,0.794,79.4,1.33,2.2,4.83,159.9,396.9223,474.581,534.9823
2024-10-07,LNT,431.4373,433.4448,0.465,0.794,79.4,1.33,2.2,4.83,159.9,396.9223,474.581,534.9823
2024-10-07,MTCH,36.4532,36.0355,-1.146,0.811,81.1,1.13,2.13,2.34,156.08,33.5369,40.0985,45.2019
2024-10-07,ARES,155.4525,150.0693,-3.463,0.738,73.8,1.27,2.16,4.61,139.88,143.0163,170.9977,192.761
2024-10-07,EVRG,85.1382,83.8829,-1.474,0.929,92.9,1.13,2.09,5.6,150.49,78.3272,93.6521,105.5714
2024-10-07,EXE,85.1382,83.8829,-1.474,0.929,92.9,1.13,2.09,5.6,150.49,78.3272,93.6521,105.5714
2024-10-07,EXPD,85.1382,83.8829,-1.474,0.929,92.9,1.13,2.09,5.6,150.49,78.3272,93.6521,105.5714
2024-10-07,VFC,19.2153,19.0119,-1.058,0.981,98.1,1.13,4.0,4.84,131.46,17.6781,21.1369,23.827
2024-10-07,MANH,280.67,280.96,0.103,0.814,81.4,1.32,2.24,1.92,111.25,258.2164,308.737,348.0308
2024-10-07,CIEN,63.59,64.18,0.928,0.949,94.9,1.28,2.65,6.41,139.11,58.5028,69.949,78.8516
2024-10-07,RYAN,68.9668,69.1841,0.315,0.91,91.0,2.03,2.49,5.95,62.51,63.4495,75.8635,85.5188
2024-10-07,BBDC,2.532,2.5135,-0.733,0.855,85.5,1.19,2.18,1.69,96.91,2.3295,2.7852,3.1397
2024-10-07,BBDA,2.532,2.5135,-0.733,0.855,85.5,1.19,2.18,1.69,96.91,2.3295,2.7852,3.1397
2024-10-07,CORSQ,44.66,44.66,0.0,0.972,97.2,1.16,4.58,6.49,43.11,41.0872,49.126,55.3784
2024-10-07,CORT,44.66,44.66,0.0,0.972,97.2,1.16,4.58,6.49,43.11,41.0872,49.126,55.3784
2024-10-07,PRIM,60.3073,60.785,0.792,0.783,78.3,1.13,3.06,6.56,31.7,55.4827,66.338,74.781
2024-10-07,ACIW,50.18,50.31,0.259,0.925,92.5,1.21,2.4,1.39,37.86,46.1656,55.198,62.2232
2024-10-07,APGE,55.23,55.42,0.344,0.78,78.0,2.28,5.36,0.62,27.64,50.8116,60.753,68.4852
2024-10-08,AVGO,178.6328,177.1602,-0.824,0.746,74.6,1.13,3.0,3.79,3284.72,164.3422,196.4961,221.5047
2024-10-08,AXP,265.6518,265.3557,-0.111,0.668,66.8,1.29,1.9,1.17,685.95,244.3996,292.2169,329.4082
2024-10-08,EXPE,150.7333,150.3167,-0.276,0.772,77.2,1.23,2.17,5.67,198.69,138.6746,165.8066,186.9093
2024-10-08,TOST,28.8,29.04,0.833,0.679,67.9,1.23,3.56,5.19,154.92,26.496,31.68,35.712
2024-10-08,PNR,94.9915,95.2378,0.259,0.895,89.5,1.16,1.88,1.63,148.83,87.3922,104.4906,117.7895
2024-10-08,FOUR,91.94,93.0,1.153,0.944,94.4,1.14,2.99,6.48,93.67,84.5848,101.134,114.0056
2024-10-08,FOUR1,91.94,93.0,1.153,0.944,94.4,1.14,2.99,6.48,93.67,84.5848,101.134,114.0056
2024-10-08,CW,337.2399,336.7711,-0.139,0.914,91.4,1.15,1.93,4.22,93.35,310.2607,370.9639,418.1775
2024-10-08,TTEK,49.1697,49.1499,-0.04,0.905,90.5,1.39,2.06,5.7,60.67,45.2361,54.0866,60.9704
2024-10-08,VNO,37.8991,38.0435,0.381,0.965,96.5,1.27,2.83,2.58,79.57,34.8672,41.6891,46.9949
2024-10-08,CVLL,159.51,159.51,0.0,0.949,94.9,1.66,2.45,5.38,48.62,146.7492,175.461,197.7924
2024-10-08,MDU,14.8909,14.8909,-0.0,0.673,67.3,3.13,2.23,3.95,43.37,13.6996,16.3799,18.4647
2024-10-08,BAP,173.509,171.7482,-1.015,0.665,66.5,1.63,2.35,2.98,41.43,159.6283,190.8599,215.1512
2024-10-08,MORN,332.3509,330.5865,-0.531,0.646,64.6,1.57,1.88,5.67,40.12,305.7628,365.5859,412.1151
2024-10-08,MOS,332.3509,330.5865,-0.531,0.645,64.5,1.57,1.88,5.67,40.12,305.7628,365.5859,412.1151
2024-10-08,PRIM,60.4068,60.4267,0.033,0.823,82.3,1.13,2.97,5.69,31.83,55.5742,66.4475,74.9044
2024-10-08,ACIW,50.85,50.61,-0.472,0.919,91.9,1.14,2.34,2.35,38.71,46.782,55.935,63.054
2024-10-09,AVGO,183.7923,181.43,-1.285,0.841,84.1,1.32,3.34,6.15,3542.99,169.0889,202.1715,227.9024
2024-10-09,ANET,101.7325,100.89,-0.828,0.797,79.7,1.36,2.54,6.71,573.89,93.5939,111.9057,126.1483
2024-10-09,MDB,275.49,272.97,-0.915,0.611,61.1,1.37,3.2,0.55,262.89,253.4508,303.039,341.6076
2024-10-09,FTNT,80.33,79.66,-0.834,0.588,58.8,1.23,2.07,3.4,307.18,73.9036,88.363,99.6092
2024-10-09,AFRM,43.25,42.53,-1.665,0.956,95.6,1.47,5.25,2.67,400.91,39.79,47.575,53.63
2024-10-09,EXPE,151.5666,150.9813,-0.386,0.685,68.5,1.26,2.15,5.41,201.18,139.4412,166.7232,187.9425
2024-10-09,ZM,69.97,69.51,-0.657,0.878,87.8,1.78,1.93,2.65,169.14,64.3724,76.967,86.7628
2024-10-09,CHWY,30.45,30.38,-0.23,0.706,70.6,1.42,3.79,1.3,172.13,28.014,33.495,37.758
2024-10-09,ARES,153.1288,153.5355,0.266,0.639,63.9,3.57,2.26,1.99,199.09,140.8785,168.4417,189.8797
2024-10-09,ACGL,107.5371,110.038,2.326,0.857,85.7,1.33,2.05,0.44,167.42,98.9341,118.2908,133.346
2024-10-09,NTNX,63.17,62.72,-0.712,0.943,94.3,1.16,2.87,5.49,120.44,58.1164,69.487,78.3308
2024-10-09,CSL,459.7996,452.7572,-1.532,0.605,60.5,1.29,2.03,6.22,157.7,423.0156,505.7795,570.1515
2024-10-09,GTLB,53.84,53.25,-1.096,0.599,59.9,2.45,3.15,4.22,81.01,49.5328,59.224,66.7616
2024-10-09,CHKR,203.42,201.68,-0.855,0.855,85.5,1.29,1.89,5.19,108.46,187.1464,223.762,252.2408
2024-10-09,CHKR1,203.42,201.68,-0.855,0.855,85.5,1.29,1.89,5.19,108.46,187.1464,223.762,252.2408
2024-10-09,CHL,203.42,201.68,-0.855,0.855,85.5,1.29,1.89,5.19,108.46,187.1464,223.762,252.2408
2024-10-09,CHLD1,203.42,201.68,-0.855,0.855,85.5,1.29,1.89,5.19,108.46,187.1464,223.762,252.2408
2024-10-09,MHK,159.0,156.89,-1.327,0.902,90.2,1.18,2.59,1.38,105.64,146.28,174.9,197.16
2024-10-09,MHI1,159.0,156.89,-1.327,0.902,90.2,1.18,2.59,1.38,105.64,146.28,174.9,197.16
2024-10-09,TWTR,159.0,156.89,-1.327,0.902,90.2,1.18,2.59,1.38,105.64,146.28,174.9,197.16
2024-10-09,RNR,271.6932,279.4823,2.867,0.896,89.6,2.27,2.52,2.87,110.62,249.9578,298.8625,336.8996
2024-10-09,BXP,77.4647,77.4177,-0.061,0.911,91.1,1.17,2.19,2.75,88.6,71.2675,85.2112,96.0562
2024-10-09,BXSL,77.4647,77.4177,-0.061,0.911,91.1,1.17,2.19,2.75,88.6,71.2675,85.2112,96.0562
2024-10-09,IDE,145.8739,145.2221,-0.447,0.912,91.2,2.76,1.93,5.88,53.99,134.2039,160.4612,180.8836
2024-10-09,AUR,5.48,5.45,-0.547,0.725,72.5,1.59,9.02,1.57,54.14,5.0416,6.028,6.7952
2024-10-09,AMG,185.4668,184.747,-0.388,0.651,65.1,1.37,1.97,4.8,36.56,170.6295,204.0135,229.9789
2024-10-09,MDU,14.9067,14.8909,-0.107,0.653,65.3,1.61,2.21,3.45,46.36,13.7142,16.3974,18.4844
2024-10-09,AMFIQ,185.4668,184.747,-0.388,0.651,65.1,1.37,1.97,4.8,36.56,170.6295,204.0135,229.9789
2024-10-09,AURA,5.48,5.45,-0.547,0.725,72.5,1.59,9.02,1.57,54.14,5.0416,6.028,6.7952
2024-10-09,PRMB,24.3021,24.1794,-0.505,0.93,93.0,1.38,2.15,3.1,34.77,22.3579,26.7323,30.1346
2024-10-09,LAZ,46.6505,45.7081,-2.02,0.706,70.6,1.13,2.45,0.24,24.83,42.9185,51.3156,57.8467
2024-10-09,GGAL,45.334,45.3826,0.107,0.997,99.7,1.71,3.97,5.31,39.66,41.7072,49.8674,56.2141
2024-10-09,SDZ-SW,36.5347,36.682,0.403,0.654,65.4,1.44,2.05,5.61,32.65,33.6119,40.1881,45.303
2024-10-09,LBTYA,10.7213,10.6852,-0.336,0.684,68.4,1.13,1.89,0.07,33.28,9.8636,11.7934,13.2944
2024-10-10,PYPL,78.7978,79.3565,0.709,0.745,74.5,1.23,2.26,0.03,727.88,72.494,86.6776,97.7093
2024-10-10,DASH,144.49,145.5,0.699,0.976,97.6,1.73,2.1,3.22,472.13,132.9308,158.939,179.1676
2024-10-10,KKR,132.1994,133.1528,0.721,0.862,86.2,1.18,2.09,1.6,360.72,121.6235,145.4194,163.9273
2024-10-10,DAL,49.6933,49.3771,-0.636,0.706,70.6,1.81,2.66,3.72,462.87,45.7178,54.6626,61.6197
2024-10-10,FTNT,82.48,82.44,-0.048,0.672,67.2,1.38,2.2,5.45,316.38,75.8816,90.728,102.2752
2024-10-10,ZM,70.85,70.71,-0.198,0.888,88.8,1.94,1.96,3.61,181.14,65.182,77.935,87.854
2024-10-10,ALNY,278.62,278.8,0.065,0.841,84.1,1.29,2.43,2.32,169.06,256.3304,306.482,345.4888
2024-10-10,MNDY,282.61,284.16,0.548,0.922,92.2,1.14,3.15,3.44,120.45,260.0012,310.871,350.4364
2024-10-10,LLL,436.3773,436.2887,-0.02,0.898,89.8,1.21,2.04,4.02,165.02,401.4671,480.015,541.1078
2024-10-10,LNC,436.3773,436.2887,-0.02,0.898,89.8,1.21,2.04,4.02,165.02,401.4671,480.015,541.1078
2024-10-10,LNT,436.3773,436.2887,-0.02,0.898,89.8,1.21,2.04,4.02,165.02,401.4671,480.015,541.1078
2024-10-10,ARES,152.7899,152.8093,0.013,0.705,70.5,1.35,2.23,1.28,207.14,140.5668,168.0689,189.4595
2024-10-10,FOUR,93.16,92.93,-0.247,0.956,95.6,1.53,2.84,6.13,99.14,85.7072,102.476,115.5184
2024-10-10,FOUR1,93.16,92.93,-0.247,0.956,95.6,1.53,2.84,6.13,99.14,85.7072,102.476,115.5184
2024-10-10,MANH,294.0,294.94,0.32,0.955,95.5,1.24,2.09,5.21,118.25,270.48,323.4,364.56
2024-10-10,GLOB,209.77,210.88,0.529,0.614,61.4,1.69,2.85,6.2,94.43,192.9884,230.747,260.1148
2024-10-10,RNR,276.6345,277.6466,0.366,0.909,90.9,1.65,2.6,4.25,117.36,254.5038,304.298,343.0268
2024-10-10,BXP,77.3049,77.5493,0.316,0.905,90.5,1.17,2.13,2.24,88.03,71.1205,85.0354,95.8581
2024-10-10,BXSL,77.3049,77.5493,0.316,0.905,90.5,1.17,2.13,2.24,88.03,71.1205,85.0354,95.8581
2024-10-10,HR,84.75,84.88,0.153,0.633,63.3,1.43,2.54,5.87,47.43,77.97,93.225,105.09
2024-10-10,ABR,13.19,13.0611,-0.977,0.865,86.5,1.22,2.15,1.56,37.0,12.1348,14.509,16.3556
2024-10-10,ABR-PD,13.19,13.0611,-0.977,0.865,86.5,1.22,2.15,1.56,37.0,12.1348,14.509,16.3556
2024-10-10,MDU,14.5094,14.6366,0.876,0.586,58.6,10.37,2.23,0.36,91.54,13.3487,15.9604,17.9917
2024-10-10,PRMB,23.7545,23.7639,0.04,0.917,91.7,1.29,2.18,0.46,34.66,21.8541,26.1299,29.4556
2024-10-10,BMI,224.0008,223.7834,-0.097,0.827,82.7,1.27,2.05,3.63,35.37,206.0808,246.4009,277.761
2024-10-10,PRIM,59.8594,59.939,0.133,0.806,80.6,1.43,2.66,3.38,30.61,55.0706,65.8453,74.2256
2024-10-11,AMD,167.89,167.77,-0.071,0.764,76.4,1.12,3.47,0.88,6325.25,154.4588,184.679,208.1836
2024-10-11,AVGO,179.3742,181.173,1.003,0.774,77.4,1.23,3.15,2.64,3358.57,165.0242,197.3116,222.424
2024-10-11,DASH,149.44,149.79,0.234,0.98,98.0,1.51,2.17,6.07,501.73,137.4848,164.384,185.3056
2024-10-11,PCAR,100.9115,100.4138,-0.493,0.707,70.7,1.4,2.05,4.92,241.57,92.8386,111.0026,125.1302
2024-10-11,VKTX,65.84,65.34,-0.759,0.949,94.9,1.17,5.59,2.33,187.63,60.5728,72.424,81.6416
2024-10-11,OKE,89.6142,89.373,-0.269,0.802,80.2,1.5,1.91,3.01,240.63,82.4451,98.5756,111.1216
2024-10-11,ZM,70.68,70.98,0.424,0.851,85.1,1.14,1.91,3.13,183.9,65.0256,77.748,87.6432
2024-10-11,CPNG,25.7,25.65,-0.195,0.921,92.1,1.16,2.32,3.68,166.57,23.644,28.27,31.868
2024-10-11,SEDG,16.2524,16.073,-1.103,0.676,67.6,1.11,2.34,3.23,149.02,14.9522,17.8776,20.1529
2024-10-11,SEE,16.2524,16.073,-1.103,0.676,67.6,1.11,2.34,3.23,149.02,14.9522,17.8776,20.1529
2024-10-11,KEX,16.093,15.9155,-1.103,0.675,67.5,1.11,2.34,3.23,147.56,14.8056,17.7023,19.9553
2024-10-11,KEY,16.093,15.9155,-1.103,0.677,67.7,1.11,2.34,3.23,147.56,14.8056,17.7023,19.9553
2024-10-11,FITB,41.9305,41.8349,-0.228,0.613,61.3,1.12,1.9,3.38,160.34,38.5761,46.1236,51.9938
2024-10-11,SN,107.3,107.41,0.103,0.981,98.1,1.4,2.19,0.3,104.68,98.716,118.03,133.052
2024-10-11,CRS,161.071,160.0866,-0.611,0.962,96.2,1.33,3.04,3.32,90.45,148.1853,177.178,199.728
2024-10-11,EVR,261.0426,261.4259,0.147,0.622,62.2,1.73,2.03,5.11,67.97,240.1592,287.1469,323.6928
2024-10-11,CRSR,161.0709,160.0866,-0.611,0.962,96.2,1.33,3.04,3.32,90.45,148.1853,177.178,199.728
2024-10-11,WH,79.8791,79.8986,0.024,0.682,68.2,1.31,1.93,3.41,53.42,73.4888,87.867,99.0501
2024-10-11,THO,106.3035,104.9,-1.32,0.659,65.9,1.11,2.95,2.5,68.91,97.7993,116.9339,131.8164
2024-10-11,JANL,49.55,49.26,-0.585,0.759,75.9,1.19,5.73,5.22,30.84,45.586,54.505,61.442
2024-10-11,JANX,49.55,49.26,-0.585,0.759,75.9,1.19,5.73,5.22,30.84,45.586,54.505,61.442
2024-10-11,LAZ,49.6663,49.6663,-0.0,0.831,83.1,2.18,2.59,5.77,26.93,45.693,54.633,61.5862
2024-10-11,AWI,134.7049,134.6259,-0.059,0.699,69.9,1.23,1.91,3.05,28.04,123.9285,148.1754,167.0341
2024-10-11,AWIN,134.7049,134.6259,-0.059,0.699,69.9,1.23,1.91,3.05,28.04,123.9285,148.1754,167.0341
2024-10-11,SDZ-SW,37.1827,37.5067,0.871,0.618,61.8,1.14,2.05,6.67,35.06,34.2081,40.901,46.1065
2024-10-11,ACIW,52.66,52.85,0.361,0.915,91.5,1.16,2.4,4.63,41.68,48.4472,57.926,65.2984
2024-10-11,BDCC,120.253,120.5423,0.241,0.924,92.4,1.26,2.19,5.27,36.9,110.6327,132.2783,149.1137
2024-10-11,GSHD,85.6342,86.4765,0.984,0.972,97.2,1.15,3.96,1.71,23.02,78.7834,94.1976,106.1864
2024-10-14,CAT,385.7974,382.5462,-0.843,0.69,69.0,1.16,2.05,2.2,999.72,354.9336,424.3772,478.3888
2024-10-14,PCAR,102.2532,101.5824,-0.656,0.656,65.6,1.13,2.08,5.33,247.15,94.0729,112.4785,126.7939
2024-10-14,SEDG,16.4222,16.4977,0.46,0.663,66.3,1.25,2.39,3.95,155.04,15.1085,18.0645,20.3636
2024-10-14,SEE,16.4222,16.4977,0.46,0.663,66.3,1.25,2.39,3.95,155.04,15.1085,18.0645,20.3636
2024-10-14,KEX,16.2612,16.336,0.46,0.665,66.5,1.25,2.39,3.95,153.52,14.9603,17.8874,20.1639
2024-10-14,ALNY,283.32,284.85,0.54,0.816,81.6,1.35,2.41,3.44,179.72,260.6544,311.652,351.3168
2024-10-14,MOH,340.12,330.0,-2.975,0.794,79.4,1.38,2.03,0.25,132.39,312.9104,374.132,421.7488
2024-10-14,KEY,16.2612,16.336,0.46,0.663,66.3,1.25,2.39,3.95,153.52,14.9603,17.8874,20.1639
2024-10-14,TRU,106.0364,106.2943,0.243,0.958,95.8,1.15,2.35,1.99,130.8,97.5535,116.6401,131.4852
2024-10-14,TRP,45.0552,44.7662,-0.641,0.734,73.4,1.18,2.01,2.05,151.05,41.4507,49.5607,55.8684
2024-10-14,SN,107.65,107.42,-0.214,0.985,98.5,1.59,2.24,0.44,109.92,99.038,118.415,133.486
2024-10-14,CORZQ,12.97,13.1,1.002,0.904,90.4,1.26,6.32,6.33,132.94,11.9324,14.267,16.0828
2024-10-14,CORZR,12.97,13.1,1.002,0.904,90.4,1.26,6.32,6.33,132.94,11.9324,14.267,16.0828
2024-10-14,CORZW,12.97,13.1,1.002,0.904,90.4,1.26,6.32,6.33,132.94,11.9324,14.267,16.0828
2024-10-14,TTEK,48.5065,48.655,0.306,0.857,85.7,1.26,2.0,3.08,62.64,44.626,53.3572,60.1481
2024-10-14,WH,79.4395,79.459,0.025,0.607,60.7,1.32,1.92,2.62,54.57,73.0843,87.3835,98.505
2024-10-14,ONC,227.05,223.43,-1.594,0.98,98.0,1.54,3.3,2.42,84.45,208.886,249.755,281.542
2024-10-14,NWL,6.9075,6.8797,-0.402,0.787,78.7,1.34,3.42,0.69,58.67,6.3549,7.5982,8.5653
2024-10-14,WYNN,7.0137,6.9856,-0.402,0.785,78.5,1.34,3.42,0.69,59.57,6.4526,7.7151,8.697
2024-10-14,XEC,7.0137,6.9856,-0.402,0.785,78.5,1.34,3.42,0.69,59.57,6.4526,7.7151,8.697
2024-10-14,XLNX,7.0137,6.9856,-0.402,0.785,78.5,1.34,3.42,0.69,59.57,6.4526,7.7151,8.697
2024-10-14,XRAY,7.0137,6.9856,-0.402,0.785,78.5,1.34,3.42,0.69,59.57,6.4526,7.7151,8.697
2024-10-14,NWKC,6.9075,6.8797,-0.402,0.784,78.4,1.34,3.42,0.69,58.67,6.3549,7.5982,8.5653
2024-10-14,LAZ,49.1857,49.4307,0.498,0.792,79.2,1.33,2.61,4.4,27.77,45.2508,54.1042,60.9902
2024-10-14,BDCC,121.63,121.2508,-0.312,0.948,94.8,1.18,2.18,5.62,38.0,111.8996,133.793,150.8212
2024-10-14,AVNT1,48.0307,47.886,-0.301,0.655,65.5,1.17,1.88,1.62,21.69,44.1882,52.8337,59.558
2024-10-15,NVDA,131.555,133.9341,1.808,0.88,88.0,1.43,3.37,1.3,34776.63,121.0306,144.7105,163.1282
2024-10-15,TSM,184.0576,186.6641,1.416,0.632,63.2,1.74,2.64,3.46,2306.94,169.333,202.4634,228.2314
2024-10-15,ANET,98.0775,98.795,0.732,0.747,74.7,2.56,2.68,0.28,616.56,90.2313,107.8852,121.6161
2024-10-15,VRT,107.285,109.3314,1.907,0.887,88.7,1.41,3.59,5.59,743.71,98.7022,118.0135,133.0334
2024-10-15,SHOP,81.93,81.95,0.024,0.952,95.2,1.18,2.65,1.84,450.81,75.3756,90.123,101.5932
2024-10-15,CVS,61.1443,61.3701,0.369,0.645,64.5,1.45,2.32,4.31,726.63,56.2528,67.2587,75.8189
2024-10-15,HCA,397.4303,401.1346,0.932,0.907,90.7,1.37,2.02,0.86,465.37,365.6359,437.1734,492.8136
2024-10-15,TRV,236.0268,237.2811,0.531,0.81,81.0,1.4,1.88,2.2,251.8,217.1447,259.6295,292.6733
2024-10-15,ALL,188.458,187.6671,-0.42,0.634,63.4,1.65,2.0,2.14,276.73,173.3813,207.3038,233.6879
2024-10-15,OKE,88.1022,88.4176,0.358,0.722,72.2,1.14,1.94,1.05,237.84,81.0541,96.9125,109.2468
2024-10-15,SEDG,16.5072,16.7243,1.315,0.67,67.0,1.18,2.44,4.2,158.29,15.1866,18.1579,20.4689
2024-10-15,SEE,16.5072,16.7243,1.315,0.67,67.0,1.18,2.44,4.2,158.29,15.1866,18.1579,20.4689
2024-10-15,KEX,16.3454,16.5603,1.315,0.671,67.1,1.18,2.44,4.2,156.73,15.0377,17.9799,20.2682
2024-10-15,ALNY,287.36,286.39,-0.338,0.884,88.4,1.33,2.43,4.67,183.6,264.3712,316.096,356.3264
2024-10-15,FIVE,93.6,94.37,0.823,0.834,83.4,1.17,3.76,0.77,147.0,86.112,102.96,116.064
2024-10-15,KEY,16.3454,16.5603,1.315,0.669,66.9,1.18,2.44,4.2,156.73,15.0377,17.9799,20.2682
2024-10-15,FITB,42.7052,43.0113,0.717,0.611,61.1,1.35,2.01,4.7,168.35,39.2888,46.9758,52.9545
2024-10-15,MTB,179.3031,179.93,0.35,0.599,59.9,1.62,2.06,4.59,200.29,164.9588,197.2334,222.3358
2024-10-15,CBOE,208.1613,208.1811,0.01,0.71,71.0,1.98,2.05,1.44,172.4,191.5084,228.9775,258.1201
2024-10-15,EFX,208.6754,208.6952,0.01,0.711,71.1,1.98,2.05,1.44,172.83,191.9813,229.5429,258.7575
2024-10-15,EG,208.6754,208.6952,0.01,0.711,71.1,1.98,2.05,1.44,172.83,191.9813,229.5429,258.7575
2024-10-15,EIX,208.6754,208.6952,0.01,0.711,71.1,1.98,2.05,1.44,172.83,191.9813,229.5429,258.7575
2024-10-15,ELV,208.6754,208.6952,0.01,0.711,71.1,1.98,2.05,1.44,172.83,191.9813,229.5429,258.7575
2024-10-15,EMN,208.6754,208.6952,0.01,0.711,71.1,1.98,2.05,1.44,172.83,191.9813,229.5429,258.7575
2024-10-15,NTRA,129.0,127.51,-1.155,0.886,88.6,1.32,3.3,1.22,143.68,118.68,141.9,159.96
2024-10-15,FIX,411.7575,415.7004,0.958,0.951,95.1,1.12,2.78,4.3,115.75,378.8169,452.9332,510.5793
2024-10-15,CHKR,207.83,205.89,-0.933,0.881,88.1,1.13,2.11,5.75,125.18,191.2036,228.613,257.7092
2024-10-15,CHKR1,207.83,205.89,-0.933,0.881,88.1,1.13,2.11,5.75,125.18,191.2036,228.613,257.7092
2024-10-15,CHL,207.83,205.89,-0.933,0.881,88.1,1.13,2.11,5.75,125.18,191.2036,228.613,257.7092
2024-10-15,CHLD1,207.83,205.89,-0.933,0.881,88.1,1.13,2.11,5.75,125.18,191.2036,228.613,257.7092
2024-10-15,DVA,164.57,164.37,-0.122,0.808,80.8,1.12,2.31,2.02,118.96,151.4044,181.027,204.0668
2024-10-15,S,25.71,25.76,0.194,0.633,63.3,1.96,3.53,5.29,98.14,23.6532,28.281,31.8804
2024-10-15,IEX,164.57,164.37,-0.122,0.808,80.8,1.12,2.31,2.02,118.96,151.4044,181.027,204.0668
2024-10-15,HES,58.6211,59.3603,1.261,0.889,88.9,1.23,2.53,3.64,113.28,53.9314,64.4832,72.6902
2024-10-15,CMA,58.6211,59.3603,1.261,0.888,88.8,1.23,2.53,3.64,113.28,53.9314,64.4832,72.6902
2024-10-15,TRP,45.0744,45.4308,0.791,0.722,72.2,1.64,2.02,1.98,160.72,41.4685,49.5819,55.8923
2024-10-15,MANH,301.4,302.35,0.315,0.959,95.9,1.15,2.04,5.98,124.15,277.288,331.54,373.736
2024-10-15,DAY,63.96,64.14,0.281,0.841,84.1,1.29,2.3,5.12,83.13,58.8432,70.356,79.3104
2024-10-15,DBA,63.96,64.14,0.281,0.841,84.1,1.29,2.3,5.12,83.13,58.8432,70.356,79.3104
2024-10-15,HST,63.96,64.14,0.281,0.841,84.1,1.29,2.3,5.12,83.13,58.8432,70.356,79.3104
2024-10-15,MHK,159.85,161.76,1.195,0.927,92.7,1.14,2.46,1.44,104.24,147.062,175.835,198.214
2024-10-15,TW,133.7298,133.9087,0.134,0.888,88.8,1.17,1.97,6.12,107.03,123.0314,147.1027,165.8249
2024-10-15,MHI1,159.85,161.76,1.195,0.927,92.7,1.14,2.46,1.44,104.24,147.062,175.835,198.214
2024-10-15,TWTR,159.85,161.76,1.195,0.927,92.7,1.14,2.46,1.44,104.24,147.062,175.835,198.214
2024-10-15,BXP,81.3003,81.7892,0.601,0.943,94.3,1.37,2.11,6.55,91.1,74.7963,89.4304,100.8124
2024-10-15,BXSL,81.3003,81.7892,0.601,0.943,94.3,1.37,2.11,6.55,91.1,74.7963,89.4304,100.8124
2024-10-15,EVR,267.991,270.9886,1.119,0.719,71.9,1.51,2.08,6.74,72.87,246.5517,294.7901,332.3088
2024-10-15,CNX,34.08,34.1,0.059,0.954,95.4,1.19,3.09,3.84,93.7,31.3536,37.488,42.2592
2024-10-15,DOCS,43.86,43.76,-0.228,0.989,98.9,1.44,2.33,2.81,67.22,40.3512,48.246,54.3864
2024-10-15,DOVA,43.86,43.76,-0.228,0.989,98.9,1.44,2.33,2.81,67.22,40.3512,48.246,54.3864
2024-10-15,DOVP,43.86,43.76,-0.228,0.989,98.9,1.44,2.33,2.81,67.22,40.3512,48.246,54.3864
2024-10-15,DOVR,43.86,43.76,-0.228,0.989,98.9,1.44,2.33,2.81,67.22,40.3512,48.246,54.3864
2024-10-15,DOX,43.86,43.76,-0.228,0.989,98.9,1.44,2.33,2.81,67.22,40.3512,48.246,54.3864
2024-10-15,WH,79.3907,79.8693,0.603,0.591,59.1,1.2,1.97,2.36,55.76,73.0394,87.3297,98.4444
2024-10-15,SSB,98.0312,99.518,1.517,0.657,65.7,1.14,2.62,4.57,46.92,90.1887,107.8343,121.5587
2024-10-15,GVA,80.8202,81.3267,0.627,0.917,91.7,1.32,2.14,1.65,52.37,74.3545,88.9022,100.217
2024-10-15,PRIM,60.4765,60.9343,0.757,0.625,62.5,1.25,2.64,2.86,32.22,55.6383,66.5241,74.9908
2024-10-15,TSS,17.5221,17.7034,1.035,0.686,68.6,1.14,2.59,3.48,29.9,16.1203,19.2743,21.7273
2024-10-15,PACW1,40.93,40.92,-0.024,0.899,89.9,1.39,3.01,3.33,29.05,37.6556,45.023,50.7532
2024-10-15,PACX,40.93,40.92,-0.024,0.899,89.9,1.39,3.01,3.33,29.05,37.6556,45.023,50.7532
2024-10-15,PAE,40.93,40.92,-0.024,0.899,89.9,1.39,3.01,3.33,29.05,37.6556,45.023,50.7532
2024-10-15,PAET,40.93,40.92,-0.024,0.899,89.9,1.39,3.01,3.33,29.05,37.6556,45.023,50.7532
2024-10-15,HIW,31.7155,31.7335,0.057,0.935,93.5,2.01,1.96,5.97,22.86,29.1783,34.8871,39.3272
2024-10-15,DEI,17.2194,17.3414,0.708,0.903,90.3,1.18,2.37,5.17,27.87,15.8419,18.9414,21.3521
2024-10-15,KRON1,60.39,61.21,1.358,0.917,91.7,1.14,4.07,3.68,21.2,55.5588,66.429,74.8836
2024-10-16,TSM,184.4019,200.0113,8.465,0.604,60.4,1.44,2.59,3.08,2399.52,169.6497,202.8421,228.6583
2024-10-16,BX,152.3591,156.7855,2.905,0.637,63.7,1.37,2.02,3.89,439.24,140.1704,167.595,188.9253
2024-10-16,HCA,405.3242,402.8481,-0.611,0.851,85.1,1.46,2.08,2.75,491.5,372.8983,445.8567,502.6021
2024-10-16,RH,351.93,352.03,0.028,0.956,95.6,1.31,3.29,5.05,207.16,323.7756,387.123,436.3932
2024-10-16,SEDG,16.7054,16.2335,-2.825,0.67,67.0,1.23,2.36,5.11,161.71,15.369,18.3759,20.7147
2024-10-16,SEE,16.7054,16.2335,-2.825,0.67,67.0,1.23,2.36,5.11,161.71,15.369,18.3759,20.7147
2024-10-16,KEX,16.5416,16.0743,-2.825,0.672,67.2,1.23,2.36,5.11,160.12,15.2183,18.1958,20.5116
2024-10-16,KEY,16.5416,16.0743,-2.825,0.671,67.1,1.23,2.36,5.11,160.12,15.2183,18.1958,20.5116
2024-10-16,MTB,182.6503,191.1678,4.663,0.606,60.6,1.37,2.03,6.08,208.03,168.0382,200.9153,226.4863
2024-10-16,IBKR,36.4546,36.472,0.048,0.85,85.0,2.68,1.93,2.76,155.86,33.5382,40.1,45.2037
2024-10-16,FOUR,95.24,95.36,0.126,0.964,96.4,1.21,2.86,5.72,100.91,87.6208,104.764,118.0976
2024-10-16,FOUR1,95.24,95.36,0.126,0.964,96.4,1.21,2.86,5.72,100.91,87.6208,104.764,118.0976
2024-10-16,CHKR,205.88,207.78,0.923,0.861,86.1,1.49,1.98,4.31,126.51,189.4096,226.468,255.2912
2024-10-16,CHKR1,205.88,207.78,0.923,0.861,86.1,1.49,1.98,4.31,126.51,189.4096,226.468,255.2912
2024-10-16,CHL,205.88,207.78,0.923,0.861,86.1,1.49,1.98,4.31,126.51,189.4096,226.468,255.2912
2024-10-16,CHLD1,205.88,207.78,0.923,0.861,86.1,1.49,1.98,4.31,126.51,189.4096,226.468,255.2912
2024-10-16,MANH,303.36,304.7,0.442,0.952,95.2,1.4,1.93,6.04,129.67,279.0912,333.696,376.1664
2024-10-16,TW,132.9442,133.9087,0.726,0.871,87.1,1.46,1.96,4.88,110.03,122.3087,146.2386,164.8508
2024-10-16,RRX,175.5463,175.5463,-0.0,0.78,78.0,1.37,2.67,5.46,70.92,161.5026,193.1009,217.6774
2024-10-16,TTEK,48.3581,48.4373,0.164,0.781,78.1,1.14,1.92,2.14,63.26,44.4894,53.1939,59.964
2024-10-16,JLL,267.24,267.75,0.191,0.676,67.6,1.32,2.0,0.79,73.47,245.8608,293.964,331.3776
2024-10-16,JLMI,267.24,267.75,0.191,0.676,67.6,1.32,2.0,0.79,73.47,245.8608,293.964,331.3776
2024-10-16,CRI,63.3742,63.0164,-0.565,0.659,65.9,1.28,3.09,3.87,66.98,58.3043,69.7116,78.584
2024-10-16,CRIC,63.3742,63.0164,-0.565,0.659,65.9,1.28,3.09,3.87,66.98,58.3043,69.7116,78.584
2024-10-16,AAON,110.2912,110.8085,0.469,0.891,89.1,1.65,2.4,2.59,44.95,101.4679,121.3203,136.7611
2024-10-16,THO,110.9595,110.4949,-0.419,0.751,75.1,1.13,2.86,5.76,69.69,102.0828,122.0555,137.5898
2024-10-16,SSB,98.6974,98.8904,0.196,0.588,58.8,1.68,2.44,5.11,48.8,90.8016,108.5671,122.3847
2024-10-16,R,147.4069,146.3488,-0.718,0.729,72.9,1.18,2.04,3.31,37.77,135.6144,162.1476,182.7846
2024-10-16,PRIM,61.4419,61.7107,0.437,0.582,58.2,1.18,2.48,4.08,33.07,56.5266,67.5861,76.188
2024-10-16,IMO,73.8514,73.5997,-0.341,0.599,59.9,1.65,2.47,3.05,38.04,67.9433,81.2366,91.5758
2024-10-16,BEPC,30.6431,30.5027,-0.458,0.741,74.1,2.5,2.6,4.63,26.84,28.1916,33.7074,37.9974
2024-10-16,BEPH,30.6431,30.5027,-0.458,0.741,74.1,2.5,2.6,4.63,26.84,28.1916,33.7074,37.9974
2024-10-16,BEPI,30.6431,30.5027,-0.458,0.741,74.1,2.5,2.6,4.63,26.84,28.1916,33.7074,37.9974
2024-10-16,PATK,94.6823,94.4221,-0.275,0.811,81.1,1.62,2.51,1.61,28.8,87.1077,104.1505,117.406
2024-10-16,HIW,32.0303,31.9404,-0.281,0.916,91.6,1.15,1.89,6.61,23.07,29.4679,35.2334,39.7176
2024-10-16,KRON1,62.18,61.78,-0.643,0.88,88.0,1.66,4.07,6.16,23.02,57.2056,68.398,77.1032
2024-10-17,NVDA,136.8831,138.6225,1.271,0.901,90.1,1.13,3.35,2.95,37175.51,125.9325,150.5714,169.7351
2024-10-17,AVGO,179.4236,180.2044,0.435,0.783,78.3,1.23,3.12,0.73,3670.05,165.0697,197.366,222.4853
2024-10-17,MU,111.5391,111.2404,-0.268,0.882,88.2,1.25,3.27,6.12,2377.76,102.6159,122.693,138.3084
2024-10-17,UBER,79.9,80.53,0.788,0.817,81.7,1.69,2.41,3.23,1294.41,73.508,87.89,99.076
2024-10-17,KKR,136.8868,136.9166,0.022,0.785,78.5,1.25,1.93,3.54,343.71,125.9359,150.5755,169.7396
2024-10-17,AFRM,43.93,44.18,0.569,0.991,99.1,1.44,5.53,2.45,398.08,40.4156,48.323,54.4732
2024-10-17,EXPE,156.7448,157.7467,0.639,0.844,84.4,3.45,2.02,5.82,235.63,144.2052,172.4192,194.3635
2024-10-17,ALL,190.899,190.2253,-0.353,0.658,65.8,1.28,2.03,3.21,285.54,175.6271,209.9889,236.7148
2024-10-17,AA,39.6792,41.0756,3.519,0.849,84.9,1.96,3.16,4.12,227.97,36.5049,43.6471,49.2022
2024-10-17,FITB,43.3939,43.7191,0.749,0.594,59.4,1.58,1.9,5.79,176.67,39.9224,47.7333,53.8084
2024-10-17,ARES,163.3626,163.1689,-0.119,0.745,74.5,1.5,2.14,6.15,230.8,150.2936,179.6988,202.5696
2024-10-17,TRU,106.1356,106.0265,-0.103,0.954,95.4,1.57,2.18,1.38,128.51,97.6448,116.7492,131.6082
2024-10-17,BILL,56.67,56.34,-0.582,0.591,59.1,1.18,3.23,5.0,73.44,52.1364,62.337,70.2708
2024-10-17,BIMC,56.67,56.34,-0.582,0.591,59.1,1.18,3.23,5.0,73.44,52.1364,62.337,70.2708
2024-10-17,IBKR,37.1127,37.1376,0.067,0.892,89.2,1.13,1.99,4.0,161.24,34.1437,40.824,46.0198
2024-10-17,CHKR,207.44,206.87,-0.275,0.686,68.6,1.15,2.0,4.66,129.58,190.8448,228.184,257.2256
2024-10-17,CHKR1,207.44,206.87,-0.275,0.686,68.6,1.15,2.0,4.66,129.58,190.8448,228.184,257.2256
2024-10-17,CHL,207.44,206.87,-0.275,0.686,68.6,1.15,2.0,4.66,129.58,190.8448,228.184,257.2256
2024-10-17,CHLD1,207.44,206.87,-0.275,0.686,68.6,1.15,2.0,4.66,129.58,190.8448,228.184,257.2256
2024-10-17,S,26.02,26.57,2.114,0.581,58.1,1.38,3.59,5.99,100.35,23.9384,28.622,32.2648
2024-10-17,HES,59.3603,60.8386,2.49,0.858,85.8,1.18,2.31,4.58,107.68,54.6115,65.2963,73.6068
2024-10-17,CMA,59.3603,60.8386,2.49,0.858,85.8,1.18,2.31,4.58,107.68,54.6115,65.2963,73.6068
2024-10-17,LITE,69.62,69.66,0.057,0.935,93.5,1.33,3.4,6.24,112.7,64.0504,76.582,86.3288
2024-10-17,IP,10.17,10.24,0.688,0.591,59.1,1.79,5.06,5.18,43.19,9.3564,11.187,12.6108
2024-10-17,JLL,265.7,267.44,0.655,0.665,66.5,1.24,1.99,0.16,72.63,244.444,292.27,329.468
2024-10-17,JLMI,265.7,267.44,0.655,0.665,66.5,1.24,1.99,0.16,72.63,244.444,292.27,329.468
2024-10-17,GVA,81.2869,81.3068,0.024,0.867,86.7,1.47,2.05,1.8,48.67,74.784,89.4156,100.7958
2024-10-17,R,145.4752,145.4072,-0.047,0.711,71.1,1.18,2.0,1.89,37.55,133.8371,160.0227,180.3892
2024-10-17,AWI,139.5787,139.3217,-0.184,0.597,59.7,1.18,1.88,5.07,29.77,128.4124,153.5366,173.0776
2024-10-17,AWIN,139.5787,139.3217,-0.184,0.597,59.7,1.18,1.88,5.07,29.77,128.4124,153.5366,173.0776
2024-10-17,PRIM,62.0391,62.6562,0.995,0.659,65.9,1.38,2.45,4.83,33.56,57.076,68.2431,76.9285
2024-10-17,ESAB,112.0567,112.5846,0.471,0.676,67.6,1.15,2.06,6.21,23.01,103.0922,123.2624,138.9503
2024-10-17,BEPC,30.3997,30.3997,-0.0,0.691,69.1,1.56,2.6,3.42,27.21,27.9678,33.4397,37.6957
2024-10-17,BEPH,30.3997,30.3997,-0.0,0.691,69.1,1.56,2.6,3.42,27.21,27.9678,33.4397,37.6957
2024-10-17,BEPI,30.3997,30.3997,-0.0,0.691,69.1,1.56,2.6,3.42,27.21,27.9678,33.4397,37.6957
2024-10-17,THG,150.0212,150.0212,-0.0,0.768,76.8,1.22,1.92,4.61,25.48,138.0195,165.0233,186.0263
2024-10-18,NFLX,76.389,76.576,0.245,0.684,68.4,3.42,2.37,6.44,3569.0,70.2779,84.0279,94.7224
2024-10-18,NOW,184.35,180.4,-2.143,0.597,59.7,1.25,2.07,1.09,1045.06,169.602,202.785,228.594
2024-10-18,PYPL,80.7533,80.1298,-0.772,0.748,74.8,1.11,2.07,0.63,645.32,74.2931,88.8287,100.1341
2024-10-18,CAT,385.7092,385.552,-0.041,0.676,67.6,1.28,1.88,0.63,908.2,354.8525,424.2802,478.2794
2024-10-18,SPOT,378.88,377.43,-0.383,0.698,69.8,1.12,2.41,1.5,569.74,348.5696,416.768,469.8112
2024-10-18,KKR,138.8432,138.8333,-0.007,0.812,81.2,1.24,1.96,4.77,331.52,127.7357,152.7275,172.1655
2024-10-18,DHI,191.2692,189.9322,-0.699,0.63,63.0,1.2,1.92,3.03,354.97,175.9677,210.3961,237.1738
2024-10-18,TTD,118.76,117.89,-0.733,0.917,91.7,1.16,2.23,4.82,269.28,109.2592,130.636,147.2624
2024-10-18,EXPE,158.332,158.7188,0.244,0.896,89.6,1.24,2.05,6.34,231.37,145.6654,174.1652,196.3316
2024-10-18,FICO,1973.46,1964.62,-0.448,0.866,86.6,1.57,1.95,0.07,259.04,1815.5832,2170.806,2447.0904
2024-10-18,PHM,147.5804,147.2932,-0.195,0.801,80.1,1.25,2.01,4.59,195.59,135.7739,162.3384,182.9996
2024-10-18,TOST,30.32,30.17,-0.495,0.828,82.8,1.21,3.42,6.77,154.03,27.8944,33.352,37.5968
2024-10-18,ALNY,295.93,294.33,-0.541,0.86,86.0,1.38,2.56,6.43,207.8,272.2556,325.523,366.9532
2024-10-18,COHR,98.23,98.14,-0.092,0.966,96.6,1.54,3.87,2.89,239.16,90.3716,108.053,121.8052
2024-10-18,COHR1,98.23,98.14,-0.092,0.966,96.6,1.54,3.87,2.89,239.16,90.3716,108.053,121.8052
2024-10-18,LLL,449.5242,451.7579,0.497,0.907,90.7,1.3,1.91,4.05,155.91,413.5622,494.4766,557.41
2024-10-18,LNC,449.5242,451.7579,0.497,0.907,90.7,1.3,1.91,4.05,155.91,413.5622,494.4766,557.41
2024-10-18,LNT,449.5242,451.7579,0.497,0.907,90.7,1.3,1.91,4.05,155.91,413.5622,494.4766,557.41
2024-10-18,AEM,84.6769,85.6006,1.091,0.776,77.6,1.45,2.03,6.03,182.23,77.9027,93.1446,104.9993
2024-10-18,EXAS,71.93,71.05,-1.223,0.973,97.3,1.79,3.1,4.46,118.62,66.1756,79.123,89.1932
2024-10-18,EXAR,71.93,71.05,-1.223,0.973,97.3,1.79,3.1,4.46,118.62,66.1756,79.123,89.1932
2024-10-18,ARGX,565.0,565.16,0.028,0.716,71.6,1.72,2.22,5.19,123.24,519.8,621.5,700.6
2024-10-18,TRU,106.9887,107.0482,0.056,0.907,90.7,1.32,2.21,2.06,120.85,98.4296,117.6876,132.666
2024-10-18,CHSCL,106.7706,106.5476,-0.209,0.856,85.6,1.52,1.97,1.41,117.99,98.229,117.4477,132.3956
2024-10-18,CHKR,206.23,205.05,-0.572,0.658,65.8,1.22,1.94,3.74,123.3,189.7316,226.853,255.7252
2024-10-18,CHKR1,206.23,205.05,-0.572,0.658,65.8,1.22,1.94,3.74,123.3,189.7316,226.853,255.7252
2024-10-18,CHL,206.23,205.05,-0.572,0.658,65.8,1.22,1.94,3.74,123.3,189.7316,226.853,255.7252
2024-10-18,CHLD1,206.23,205.05,-0.572,0.658,65.8,1.22,1.94,3.74,123.3,189.7316,226.853,255.7252
2024-10-18,SN,108.95,108.79,-0.147,0.98,98.0,1.25,2.17,1.32,114.44,100.234,119.845,135.098
2024-10-18,DAY,65.0,64.86,-0.215,0.875,87.5,1.11,2.31,5.52,74.07,59.8,71.5,80.6
2024-10-18,DBA,65.0,64.86,-0.215,0.875,87.5,1.11,2.31,5.52,74.07,59.8,71.5,80.6
2024-10-18,HST,65.0,64.86,-0.215,0.875,87.5,1.11,2.31,5.52,74.07,59.8,71.5,80.6
2024-10-18,RGEN,146.95,145.47,-1.007,0.594,59.4,1.17,3.81,3.99,83.05,135.194,161.645,182.218
2024-10-18,MKTX,282.2666,282.2764,0.003,0.922,92.2,1.11,1.93,6.56,99.24,259.6853,310.4933,350.0106
2024-10-18,RNR,280.405,280.2761,-0.046,0.909,90.9,2.81,2.65,3.82,135.28,257.9726,308.4455,347.7022
2024-10-18,TTEK,48.3284,48.368,0.082,0.747,74.7,3.28,1.92,1.55,69.33,44.4621,53.1612,59.9272
2024-10-18,APLD,8.18,8.14,-0.489,0.994,99.4,1.15,10.69,6.61,108.37,7.5256,8.998,10.1432
2024-10-18,AAON,108.779,109.0377,0.238,0.9,90.0,1.48,2.2,0.54,38.61,100.0767,119.6569,134.8859
2024-10-18,CNQR,106.5332,106.8604,0.307,0.615,61.5,2.4,2.8,1.99,47.18,98.0106,117.1866,132.1012
2024-10-18,CNR,106.5332,106.8604,0.307,0.615,61.5,2.4,2.8,1.99,47.18,98.0106,117.1866,132.1012
2024-10-18,CNR1,106.5332,106.8604,0.307,0.615,61.5,2.4,2.8,1.99,47.18,98.0106,117.1866,132.1012
2024-10-18,CDE,7.1,7.42,4.507,0.663,66.3,1.62,4.56,5.1,66.44,6.532,7.81,8.804
2024-10-18,AGI,20.9225,21.2315,1.477,0.903,90.3,1.24,2.26,4.91,50.98,19.2487,23.0148,25.9439
2024-10-18,BAP,180.4388,179.3501,-0.603,0.679,67.9,1.2,2.26,4.32,42.1,166.0037,198.4827,223.7441
2024-10-18,GVA,81.6643,81.9523,0.353,0.858,85.8,1.68,2.06,2.14,48.31,75.1312,89.8308,101.2638
2024-10-18,JANL,50.03,50.0,-0.06,0.737,73.7,1.38,5.7,5.84,30.13,46.0276,55.033,62.0372
2024-10-18,JANX,50.03,50.0,-0.06,0.737,73.7,1.38,5.7,5.84,30.13,46.0276,55.033,62.0372
2024-10-18,CAKE,41.7113,41.5659,-0.349,0.762,76.2,2.67,2.9,6.01,39.37,38.3744,45.8824,51.722
2024-10-18,CAKR,41.7113,41.5659,-0.349,0.762,76.2,2.67,2.9,6.01,39.37,38.3744,45.8824,51.722
2024-10-18,LAZ,50.3354,50.2318,-0.206,0.602,60.2,1.27,2.65,5.38,27.67,46.3086,55.369,62.416
2024-10-18,R,144.718,145.213,0.342,0.652,65.2,1.24,1.99,1.26,35.09,133.1405,159.1898,179.4503
2024-10-18,PRIM,62.9747,62.9748,0.0,0.718,71.8,2.28,2.46,6.03,34.4,57.9368,69.2722,78.0887
2024-10-18,IRDM,30.6342,30.6342,0.0,0.672,67.2,1.72,3.94,4.09,36.2,28.1834,33.6976,37.9864
2024-10-18,INTA,50.06,50.15,0.18,0.946,94.6,1.51,3.14,3.87,27.44,46.0552,55.066,62.0744
2024-10-18,HAYW,15.67,15.56,-0.702,0.842,84.2,1.19,2.32,4.69,20.13,14.4164,17.237,19.4308
2024-10-18,HBANL,15.67,15.56,-0.702,0.842,84.2,1.19,2.32,4.69,20.13,14.4164,17.237,19.4308
2024-10-18,HBCO,15.67,15.56,-0.702,0.842,84.2,1.19,2.32,4.69,20.13,14.4164,17.237,19.4308
2024-10-21,NFLX,77.207,76.527,-0.881,0.741,74.1,1.23,2.3,6.54,3815.42,71.0304,84.9277,95.7367
2024-10-21,NOW,183.668,183.298,-0.201,0.647,64.7,1.24,2.05,0.76,1050.57,168.9746,202.0348,227.7483
2024-10-21,SHOP,82.66,81.5,-1.403,0.956,95.6,1.12,2.48,1.73,402.48,76.0472,90.926,102.4984
2024-10-21,KKR,139.5979,138.724,-0.626,0.832,83.2,1.17,1.9,5.02,339.69,128.4301,153.5577,173.1014
2024-10-21,FICO,1994.45,1978.79,-0.785,0.89,89.0,1.38,1.98,1.01,269.25,1834.894,2193.8949,2473.1179
2024-10-21,ROKU,77.0,76.65,-0.455,0.94,94.0,1.14,3.21,0.79,203.1,70.84,84.7,95.48
2024-10-21,STX,109.4571,108.9604,-0.454,0.61,61.0,1.35,2.31,2.69,195.54,100.7005,120.4028,135.7267
2024-10-21,PHM,142.8472,137.2228,-3.937,0.652,65.2,1.75,2.07,1.21,195.13,131.4194,157.1319,177.1305
2024-10-21,ZM,72.17,72.0,-0.236,0.853,85.3,1.15,2.09,4.31,176.24,66.3964,79.387,89.4908
2024-10-21,RH,346.87,345.63,-0.357,0.881,88.1,1.63,3.42,3.38,196.95,319.1204,381.557,430.1188
2024-10-21,ALNY,292.01,292.1,0.031,0.893,89.3,1.86,2.59,4.64,216.88,268.6492,321.211,362.0924
2024-10-21,AEM,85.1289,86.2885,1.362,0.828,82.8,1.4,2.03,6.33,186.64,78.3186,93.6418,105.5599
2024-10-21,CART,42.93,43.07,0.326,0.906,90.6,1.17,3.35,3.07,123.48,39.4956,47.223,53.2332
2024-10-21,CARS2,42.93,43.07,0.326,0.906,90.6,1.17,3.35,3.07,123.48,39.4956,47.223,53.2332
2024-10-21,CYBR,300.06,299.0,-0.353,0.794,79.4,2.73,2.85,4.23,133.45,276.0552,330.066,372.0744
2024-10-21,CYBR2,300.06,299.0,-0.353,0.794,79.4,2.73,2.85,4.23,133.45,276.0552,330.066,372.0744
2024-10-21,HES,58.7822,58.9907,0.355,0.813,81.3,1.48,2.52,3.11,110.15,54.0797,64.6605,72.89
2024-10-21,CMA,58.7822,58.9907,0.355,0.813,81.3,1.48,2.52,3.11,110.15,54.0797,64.6605,72.89
2024-10-21,MANH,295.54,295.02,-0.176,0.742,74.2,1.35,1.94,2.12,117.36,271.8968,325.094,366.4696
2024-10-21,CORZQ,12.83,12.99,1.247,0.912,91.2,1.19,5.5,2.96,108.29,11.8036,14.113,15.9092
2024-10-21,CORZR,12.83,12.99,1.247,0.912,91.2,1.19,5.5,2.96,108.29,11.8036,14.113,15.9092
2024-10-21,CORZW,12.83,12.99,1.247,0.912,91.2,1.19,5.5,2.96,108.29,11.8036,14.113,15.9092
2024-10-21,MKTX,280.5759,277.9764,-0.927,0.925,92.5,1.12,1.92,5.35,100.06,258.1299,308.6335,347.9142
2024-10-21,BXP,81.7234,81.4883,-0.288,0.899,89.9,1.29,2.12,5.15,82.45,75.1855,89.8957,101.337
2024-10-21,BXSL,81.7234,81.4883,-0.288,0.899,89.9,1.29,2.12,5.15,82.45,75.1855,89.8957,101.337
2024-10-21,RBA,85.5369,84.9521,-0.684,0.618,61.8,1.71,2.14,6.55,82.4,78.694,94.0906,106.0658
2024-10-21,EVR,273.6029,272.2072,-0.51,0.679,67.9,1.26,2.04,6.76,77.41,251.7146,300.9632,339.2676
2024-10-21,PI,227.14,227.13,-0.004,0.966,96.6,1.31,3.41,2.1,93.2,208.9688,249.854,281.6536
2024-10-21,CNX,35.77,35.56,-0.587,0.965,96.5,1.27,2.84,6.01,88.87,32.9084,39.347,44.3548
2024-10-21,CRI,63.3554,63.2518,-0.164,0.834,83.4,1.16,2.77,3.82,62.33,58.2869,69.6909,78.5607
2024-10-21,CRIC,63.3554,63.2518,-0.164,0.834,83.4,1.16,2.77,3.82,62.33,58.2869,69.6909,78.5607
2024-10-21,WH,80.7778,81.1393,0.447,0.599,59.9,1.59,1.9,3.34,56.15,74.3156,88.8556,100.1645
2024-10-21,WEN,17.5889,17.5341,-0.312,0.793,79.3,1.26,2.37,5.51,63.66,16.1818,19.3478,21.8102
2024-10-21,CDE,7.21,7.35,1.942,0.757,75.7,1.45,4.59,6.43,70.37,6.6332,7.931,8.9404
2024-10-21,AGI,20.7232,21.072,1.683,0.917,91.7,1.24,2.28,3.98,50.27,19.0653,22.7955,25.6967
2024-10-21,GVA,83.1143,82.7568,-0.43,0.864,86.4,1.81,1.96,3.65,49.16,76.4651,91.4257,103.0617
2024-10-21,CAKE,41.1586,41.7501,1.437,0.743,74.3,1.61,2.89,4.24,40.02,37.866,45.2745,51.0367
2024-10-21,CAKR,41.1586,41.7501,1.437,0.743,74.3,1.61,2.89,4.24,40.02,37.866,45.2745,51.0367
2024-10-21,BTHS,3.3068,3.3262,0.587,0.835,83.5,1.23,2.82,6.46,45.21,3.0423,3.6375,4.1004
2024-10-21,BTIC,3.3068,3.3262,0.587,0.835,83.5,1.23,2.82,6.46,45.21,3.0423,3.6375,4.1004
2024-10-21,BTGO,3.3068,3.3262,0.587,0.835,83.5,1.23,2.82,6.46,45.21,3.0423,3.6375,4.1004
2024-10-21,TSS,17.6175,17.5316,-0.488,0.758,75.8,1.35,2.38,2.38,23.27,16.2081,19.3792,21.8457
2024-10-21,ESAB,112.4452,111.9173,-0.469,0.705,70.5,1.44,2.08,5.79,22.34,103.4496,123.6897,139.432
2024-10-21,PACW1,40.77,40.81,0.098,0.798,79.8,1.31,3.13,2.62,29.73,37.5084,44.847,50.5548
2024-10-21,PACX,40.77,40.81,0.098,0.798,79.8,1.31,3.13,2.62,29.73,37.5084,44.847,50.5548
2024-10-21,PAE,40.77,40.81,0.098,0.798,79.8,1.31,3.13,2.62,29.73,37.5084,44.847,50.5548
2024-10-21,PAET,40.77,40.81,0.098,0.798,79.8,1.31,3.13,2.62,29.73,37.5084,44.847,50.5548
2024-10-21,THG,148.0262,147.0674,-0.648,0.736,73.6,1.15,1.91,2.77,24.4,136.1841,162.8288,183.5525
2024-10-21,HIW,32.0033,31.9674,-0.112,0.825,82.5,1.23,1.96,5.34,21.35,29.4431,35.2037,39.6841
2024-10-22,GEV,275.564,272.8623,-0.98,0.989,98.9,1.14,2.74,4.84,635.7,253.5189,303.1204,341.6994
2024-10-22,VRT,112.2764,106.8158,-4.864,0.969,96.9,1.5,3.52,5.57,723.5,103.2942,123.504,139.2227
2024-10-22,SPOT,387.63,387.63,0.0,0.849,84.9,1.35,2.34,3.56,557.94,356.6196,426.393,480.6612
2024-10-22,URI,836.4799,835.7101,-0.092,0.741,74.1,2.26,2.23,3.82,383.79,769.5615,920.1279,1037.2351
2024-10-22,TTD,118.94,117.81,-0.95,0.929,92.9,1.26,2.3,4.16,269.69,109.4248,130.834,147.4856
2024-10-22,FICO,2027.8199,2020.1899,-0.376,0.924,92.4,1.58,2.05,2.41,282.51,1865.5944,2230.6019,2514.4967
2024-10-22,AXON,449.61,447.52,-0.465,0.971,97.1,1.19,1.93,6.55,235.89,413.6412,494.571,557.5164
2024-10-22,STX,109.681,102.9623,-6.126,0.63,63.0,1.7,2.33,2.61,204.38,100.9065,120.6491,136.0044
2024-10-22,FAST,37.0755,36.9108,-0.444,0.588,58.8,1.44,1.97,4.32,221.12,34.1095,40.7831,45.9736
2024-10-22,CBOE,211.395,210.3468,-0.496,0.783,78.3,1.11,1.89,2.68,167.6,194.4834,232.5345,262.1298
2024-10-22,EFX,211.917,210.8662,-0.496,0.78,78.0,1.11,1.89,2.68,168.02,194.9637,233.1087,262.7771
2024-10-22,EG,211.917,210.8662,-0.496,0.78,78.0,1.11,1.89,2.68,168.02,194.9637,233.1087,262.7771
2024-10-22,EIX,211.917,210.8662,-0.496,0.78,78.0,1.11,1.89,2.68,168.02,194.9637,233.1087,262.7771
2024-10-22,ELV,211.917,210.8662,-0.496,0.78,78.0,1.11,1.89,2.68,168.02,194.9637,233.1087,262.7771
2024-10-22,EMN,211.917,210.8662,-0.496,0.78,78.0,1.11,1.89,2.68,168.02,194.9637,233.1087,262.7771
2024-10-22,CART,43.98,43.73,-0.568,0.922,92.2,1.39,3.46,5.1,126.1,40.4616,48.378,54.5352
2024-10-22,CARS2,43.98,43.73,-0.568,0.922,92.2,1.39,3.46,5.1,126.1,40.4616,48.378,54.5352
2024-10-22,SFM,118.27,116.86,-1.192,0.959,95.9,1.13,1.93,4.17,105.11,108.8084,130.097,146.6548
2024-10-22,CHKR,207.32,207.29,-0.014,0.716,71.6,1.58,1.98,3.71,133.5,190.7344,228.052,257.0768
2024-10-22,CHKR1,207.32,207.29,-0.014,0.716,71.6,1.58,1.98,3.71,133.5,190.7344,228.052,257.0768
2024-10-22,CHL,207.32,207.29,-0.014,0.716,71.6,1.58,1.98,3.71,133.5,190.7344,228.052,257.0768
2024-10-22,CHLD1,207.32,207.29,-0.014,0.716,71.6,1.58,1.98,3.71,133.5,190.7344,228.052,257.0768
2024-10-22,HES,59.0476,59.057,0.016,0.832,83.2,1.39,2.5,3.42,113.79,54.3238,64.9523,73.219
2024-10-22,CMA,59.0476,59.057,0.016,0.832,83.2,1.39,2.5,3.42,113.79,54.3238,64.9523,73.219
2024-10-22,MANH,292.32,280.0,-4.215,0.745,74.5,1.83,1.89,0.9,121.59,268.9344,321.552,362.4768
2024-10-22,JBLU,7.37,7.32,-0.678,0.898,89.8,1.17,4.99,6.45,116.28,6.7804,8.107,9.1388
2024-10-22,WRB,56.3908,56.3715,-0.034,0.62,62.0,1.58,2.01,0.5,129.92,51.8795,62.0299,69.9246
2024-10-22,PCTY1,175.12,173.58,-0.879,0.821,82.1,1.58,2.34,5.03,52.01,161.1104,192.632,217.1488
2024-10-22,PCX,175.12,173.58,-0.879,0.821,82.1,1.58,2.34,5.03,52.01,161.1104,192.632,217.1488
2024-10-22,EVR,270.8706,265.3964,-2.021,0.71,71.0,1.8,2.02,5.35,81.26,249.201,297.9577,335.8796
2024-10-22,PCTY,175.12,173.58,-0.879,0.821,82.1,1.58,2.34,5.03,52.01,161.1104,192.632,217.1488
2024-10-22,PI,223.5,222.06,-0.644,0.955,95.5,1.83,3.33,0.22,94.08,205.62,245.85,277.14
2024-10-22,CNX,35.45,35.73,0.79,0.956,95.6,1.4,2.76,4.41,89.63,32.614,38.995,43.958
2024-10-22,WH,81.4519,81.11,-0.42,0.609,60.9,1.83,1.92,4.0,60.4,74.9357,89.597,101.0003
2024-10-22,CNQR,106.6125,105.8294,-0.735,0.651,65.1,1.27,2.65,1.28,46.51,98.0835,117.2738,132.1996
2024-10-22,CNR,106.6125,105.8294,-0.735,0.651,65.1,1.27,2.65,1.28,46.51,98.0835,117.2738,132.1996
2024-10-22,CNR1,106.6125,105.8294,-0.735,0.651,65.1,1.27,2.65,1.28,46.51,98.0835,117.2738,132.1996
2024-10-22,NVTAQ,18.66,18.59,-0.375,0.734,73.4,1.11,2.75,0.31,32.04,17.1672,20.526,23.1384
2024-10-22,NVST,18.66,18.59,-0.375,0.734,73.4,1.11,2.75,0.31,32.04,17.1672,20.526,23.1384
2024-10-22,CAKE,40.7611,40.2763,-1.189,0.654,65.4,1.36,2.97,2.96,40.8,37.5002,44.8372,50.5438
2024-10-22,CAKR,40.7611,40.2763,-1.189,0.654,65.4,1.36,2.97,2.96,40.8,37.5002,44.8372,50.5438
2024-10-22,BANC,14.9356,15.1971,1.751,0.67,67.0,2.23,2.75,6.1,30.98,13.7408,16.4292,18.5202
2024-10-22,ESAB,110.6025,110.1742,-0.387,0.696,69.6,1.51,2.12,3.81,22.84,101.7543,121.6627,137.1471
2024-10-22,CPAC,90.7593,90.5304,-0.252,0.659,65.9,1.23,2.29,2.99,31.01,83.4985,99.8352,112.5415
2024-10-22,CPA,90.7593,90.5304,-0.252,0.659,65.9,1.23,2.29,2.99,31.01,83.4985,99.8352,112.5415
2024-10-22,IESC,213.57,209.41,-1.948,0.983,98.3,1.2,4.29,0.98,25.96,196.4844,234.927,264.8268
2024-10-22,THG,146.0699,145.8569,-0.146,0.699,69.9,1.16,1.91,1.35,24.02,134.3843,160.6769,181.1267
2024-10-22,HIW,32.0123,32.2822,0.843,0.83,83.0,1.91,1.97,5.06,22.4,29.4513,35.2136,39.6953
2024-10-23,NVDA,139.5122,140.7718,0.903,0.86,86.0,1.12,3.16,1.37,35532.39,128.3512,153.4634,172.9952
2024-10-23,GEV,279.0132,284.9249,2.119,0.993,99.3,1.77,2.89,5.65,668.64,256.6922,306.9146,345.9764
2024-10-23,VRT,108.1734,109.3215,1.061,0.975,97.5,2.71,3.9,1.35,753.32,99.5196,118.9908,134.1351
2024-10-23,KKR,137.5919,142.0509,3.241,0.796,79.6,1.83,1.96,2.95,359.38,126.5846,151.3511,170.614
2024-10-23,NEM,56.3274,54.3763,-3.464,0.888,88.8,1.44,1.92,5.12,422.52,51.8212,61.9601,69.846
2024-10-23,APH,67.7983,68.7786,1.446,0.687,68.7,1.68,2.26,4.88,496.45,62.3744,74.5781,84.0699
2024-10-23,URI,823.372,824.823,0.176,0.753,75.3,1.39,2.23,2.0,389.27,757.5022,905.7092,1020.9813
2024-10-23,TRV,252.165,254.7616,1.03,0.827,82.7,1.16,2.21,6.47,290.69,231.9918,277.3815,312.6846
2024-10-23,FICO,1998.66,2020.62,1.099,0.913,91.3,1.39,2.05,0.71,287.66,1838.7672,2198.526,2478.3384
2024-10-23,PWR,306.1824,308.3791,0.717,0.884,88.4,1.51,2.01,0.14,191.07,281.6878,336.8006,379.6661
2024-10-23,TRGP,160.7148,161.4416,0.452,0.903,90.3,1.66,2.31,4.47,264.25,147.8576,176.7863,199.2864
2024-10-23,CCJ,53.8699,54.6967,1.535,0.885,88.5,1.26,3.3,3.82,270.06,49.5603,59.2569,66.7987
2024-10-23,CPNG,25.39,25.4,0.039,0.909,90.9,1.65,2.15,1.14,151.07,23.3588,27.929,31.4836
2024-10-23,TRU,107.7921,108.2584,0.433,0.878,87.8,2.52,2.26,2.48,139.87,99.1688,118.5714,133.6623
2024-10-23,FIX,410.2341,412.0661,0.447,0.952,95.2,1.12,2.41,1.21,99.82,377.4153,451.2575,508.6902
2024-10-23,CLS,57.47,62.7,9.1,0.832,83.2,1.71,3.8,2.55,120.82,52.8724,63.217,71.2628
2024-10-23,DVA,162.78,162.77,-0.006,0.858,85.8,1.19,2.31,1.01,96.09,149.7576,179.058,201.8472
2024-10-23,S,25.28,25.48,0.791,0.715,71.5,1.18,3.79,1.51,98.12,23.2576,27.808,31.3472
2024-10-23,IEX,162.78,162.77,-0.006,0.858,85.8,1.19,2.31,1.01,96.09,149.7576,179.058,201.8472
2024-10-23,HES,58.7728,58.7917,0.032,0.822,82.2,1.33,2.47,2.65,113.7,54.0709,64.65,72.8782
2024-10-23,CMA,58.7728,58.7917,0.032,0.823,82.3,1.33,2.47,2.65,113.7,54.0709,64.65,72.8782
2024-10-23,BXP,81.7516,81.902,0.184,0.879,87.9,1.22,2.08,4.4,83.26,75.2114,89.9267,101.3719
2024-10-23,BXSL,81.7516,81.902,0.184,0.879,87.9,1.22,2.08,4.4,83.26,75.2114,89.9267,101.3719
2024-10-23,PNW,62.223,62.9107,1.105,0.712,71.2,1.28,1.92,0.57,98.75,57.2451,68.4453,77.1565
2024-10-23,PODD,62.223,62.9107,1.105,0.712,71.2,1.28,1.92,0.57,98.75,57.2451,68.4453,77.1565
2024-10-23,POOL,62.223,62.9107,1.105,0.712,71.2,1.28,1.92,0.57,98.75,57.2451,68.4453,77.1565
2024-10-23,PPG,62.223,62.9107,1.105,0.712,71.2,1.28,1.92,0.57,98.75,57.2451,68.4453,77.1565
2024-10-23,PPL,62.223,62.9107,1.105,0.712,71.2,1.28,1.92,0.57,98.75,57.2451,68.4453,77.1565
2024-10-23,RVMD,48.51,48.3,-0.433,0.596,59.6,2.56,3.63,1.38,48.99,44.6292,53.361,60.1524
2024-10-23,WEN,17.5158,17.4519,-0.365,0.706,70.6,1.14,2.36,4.14,65.4,16.1146,19.2674,21.7196
2024-10-23,USD,33.4373,33.9689,1.59,0.942,94.2,1.14,5.23,3.71,53.13,30.7623,36.781,41.4623
2024-10-23,IDE,148.6094,149.0242,0.279,0.898,89.8,1.47,2.04,1.3,56.96,136.7207,163.4704,184.2757
2024-10-23,HL,7.124,7.1937,0.978,0.923,92.3,1.15,3.74,5.57,77.09,6.5541,7.8364,8.8338
2024-10-23,ATMV,38.74,38.7897,0.128,0.924,92.4,1.55,2.14,1.21,27.99,35.6408,42.614,48.0376
2024-10-23,ATMVR,38.74,38.7897,0.128,0.924,92.4,1.55,2.14,1.21,27.99,35.6408,42.614,48.0376
2024-10-23,ATMP,38.74,38.7897,0.128,0.924,92.4,1.55,2.14,1.21,27.99,35.6408,42.614,48.0376
2024-10-23,NVTAQ,19.09,19.24,0.786,0.738,73.8,1.52,2.79,2.5,34.16,17.5628,20.999,23.6716
2024-10-23,NVST,19.09,19.24,0.786,0.738,73.8,1.52,2.79,2.5,34.16,17.5628,20.999,23.6716
2024-10-23,GVA,82.0516,82.1509,0.121,0.883,88.3,1.91,2.03,1.93,48.75,75.4875,90.2568,101.744
2024-10-23,LAZ,48.1678,48.6296,0.959,0.592,59.2,1.38,2.67,0.38,27.58,44.3144,52.9846,59.7281
2024-10-23,KRHC1,38.5627,38.7022,0.362,0.759,75.9,1.17,2.44,4.92,39.79,35.4777,42.4189,47.8177
2024-10-23,KRC,38.5627,38.7022,0.362,0.76,76.0,1.17,2.44,4.92,39.79,35.4777,42.4189,47.8177
2024-10-23,BANC,14.8097,15.0131,1.373,0.666,66.6,1.41,2.84,5.01,31.5,13.6249,16.2907,18.364
2024-10-23,ESAB,111.0507,110.9611,-0.081,0.693,69.3,1.3,2.11,3.92,23.73,102.1666,122.1558,137.7028
2024-10-23,INTA,49.39,49.64,0.506,0.959,95.9,1.2,3.09,2.76,25.73,45.4388,54.329,61.2436
2024-10-23,HIW,32.1562,31.9763,-0.559,0.85,85.0,2.31,2.03,5.11,24.45,29.5837,35.3719,39.8737
2024-10-24,NOW,191.316,191.452,0.071,0.839,83.9,2.79,2.09,4.47,1166.33,176.0107,210.4476,237.2318
2024-10-24,VRT,109.8406,110.6941,0.777,0.965,96.5,1.18,3.77,2.46,759.44,101.0533,120.8246,136.2023
2024-10-24,KKR,142.2892,143.6001,0.921,0.82,82.0,1.59,2.05,5.99,389.08,130.9061,156.5181,176.4386
2024-10-24,AAL,12.78,12.94,1.252,0.879,87.9,1.89,3.69,6.53,442.87,11.7576,14.058,15.8472
2024-10-24,APH,69.1152,69.7192,0.874,0.643,64.3,1.3,2.25,6.59,523.91,63.586,76.0267,85.7029
2024-10-24,URI,814.3011,817.9631,0.45,0.651,65.1,1.46,2.24,0.73,383.06,749.157,895.7312,1009.7333
2024-10-24,HUBS,554.31,555.01,0.126,0.714,71.4,1.42,2.39,3.31,201.84,509.9652,609.741,687.3444
2024-10-24,EW,70.35,68.88,-2.09,0.718,71.8,1.24,2.23,3.69,381.77,64.722,77.385,87.234
2024-10-24,FICO,1994.05,2015.08,1.055,0.916,91.6,1.29,2.08,0.3,294.37,1834.526,2193.4551,2472.6221
2024-10-24,LVS,50.9027,51.0579,0.305,0.954,95.4,1.19,2.48,1.36,345.7,46.8305,55.993,63.1193
2024-10-24,ZM,72.66,72.78,0.165,0.881,88.1,1.16,2.08,4.18,182.88,66.8472,79.926,90.0984
2024-10-24,TRGP,163.3605,164.6203,0.771,0.916,91.6,1.14,2.12,5.45,266.73,150.2916,179.6965,202.567
2024-10-24,RMD,235.8814,256.5537,8.764,0.741,74.1,2.0,2.17,0.2,217.66,217.0109,259.4695,292.4929
2024-10-24,TOST,30.03,30.23,0.666,0.794,79.4,1.34,3.37,4.26,150.69,27.6276,33.033,37.2372
2024-10-24,MNDY,297.27,300.0,0.918,0.94,94.0,1.41,2.77,5.4,107.1,273.4884,326.997,368.6148
2024-10-24,TWLO,71.24,71.31,0.098,0.883,88.3,1.17,1.93,3.59,120.36,65.5408,78.364,88.3376
2024-10-24,RF,22.3473,22.4883,0.631,0.606,60.6,1.18,2.15,1.94,173.1,20.5595,24.582,27.7106
2024-10-24,CPAY,343.89,344.95,0.308,0.85,85.0,1.4,1.93,2.48,161.27,316.3788,378.279,426.4236
2024-10-24,TRU,105.7785,105.9273,0.141,0.855,85.5,1.56,2.3,0.47,141.43,97.3163,116.3564,131.1654
2024-10-24,GTLB,55.64,56.0,0.647,0.634,63.4,1.33,3.23,5.29,76.45,51.1888,61.204,68.9936
2024-10-24,FIX,411.6877,388.2692,-5.688,0.914,91.4,1.22,2.36,1.36,99.36,378.7527,452.8565,510.4928
2024-10-24,RHI,62.6683,62.878,0.335,0.618,61.8,1.17,2.0,2.53,67.69,57.6548,68.9351,77.7087
2024-10-24,JLL,274.13,274.1,-0.011,0.652,65.2,1.64,2.06,3.51,78.33,252.1996,301.543,339.9212
2024-10-24,JLMI,274.13,274.1,-0.011,0.652,65.2,1.64,2.06,3.51,78.33,252.1996,301.543,339.9212
2024-10-24,HL,6.9449,6.8852,-0.86,0.889,88.9,1.65,3.9,3.06,75.36,6.3893,7.6394,8.6117
2024-10-24,ATMV,39.5839,39.7527,0.426,0.942,94.2,1.79,2.16,3.06,30.49,36.4172,43.5423,49.0841
2024-10-24,ATMVR,39.5839,39.7527,0.426,0.942,94.2,1.79,2.16,3.06,30.49,36.4172,43.5423,49.0841
2024-10-24,ATMP,39.5839,39.7527,0.426,0.943,94.3,1.79,2.16,3.06,30.49,36.4172,43.5423,49.0841
2024-10-24,NVTAQ,19.02,19.08,0.315,0.713,71.3,1.49,2.87,2.19,35.41,17.4984,20.922,23.5848
2024-10-24,SAM,301.88,297.2,-1.55,0.614,61.4,1.26,2.5,5.93,38.64,277.7296,332.068,374.3312
2024-10-24,COLD,26.1246,26.254,0.495,0.665,66.5,2.08,2.43,6.64,41.06,24.0347,28.7371,32.3945
2024-10-24,NVST,19.02,19.08,0.315,0.713,71.3,1.49,2.87,2.19,35.41,17.4984,20.922,23.5848
2024-10-24,SEIC,73.1046,73.2618,0.215,0.663,66.3,3.41,1.88,4.93,46.79,67.2562,80.4151,90.6497
2024-10-24,GVA,82.2602,82.429,0.205,0.89,89.0,1.35,1.99,1.94,51.46,75.6794,90.4862,102.0026
2024-10-24,BTHS,3.3262,3.268,-1.749,0.817,81.7,1.41,2.73,6.39,44.38,3.0601,3.6588,4.1245
2024-10-24,BTIC,3.3262,3.268,-1.749,0.817,81.7,1.41,2.73,6.39,44.38,3.0601,3.6588,4.1245
2024-10-24,BTGO,3.3262,3.268,-1.749,0.818,81.8,1.41,2.73,6.39,44.38,3.0601,3.6588,4.1245
2024-10-24,BANC,14.9647,15.1197,1.036,0.709,70.9,1.35,2.86,5.88,33.02,13.7675,16.4611,18.5562
2024-10-24,ESAB,110.6523,112.3256,1.512,0.655,65.5,1.66,2.14,3.35,24.91,101.8001,121.7175,137.2088
2024-10-24,HBM,9.5203,9.5703,0.525,0.779,77.9,1.33,2.66,2.65,28.6,8.7587,10.4724,11.8052
2024-10-24,PACW1,41.91,41.93,0.048,0.834,83.4,1.21,3.11,4.82,29.51,38.5572,46.101,51.9684
2024-10-24,PACX,41.91,41.93,0.048,0.834,83.4,1.21,3.11,4.82,29.51,38.5572,46.101,51.9684
2024-10-24,PAE,41.91,41.93,0.048,0.834,83.4,1.21,3.11,4.82,29.51,38.5572,46.101,51.9684
2024-10-24,PAET,41.91,41.93,0.048,0.834,83.4,1.21,3.11,4.82,29.51,38.5572,46.101,51.9684
2024-10-24,HIW,32.0123,32.0123,0.0,0.827,82.7,1.86,2.03,4.24,26.19,29.4513,35.2136,39.6953
2024-10-25,INTC,22.68,22.67,-0.044,0.783,78.3,1.37,2.99,0.42,1120.34,20.8656,24.948,28.1232
2024-10-25,SMH,251.0626,250.874,-0.075,0.638,63.8,1.24,2.15,1.15,1382.11,230.9776,276.1688,311.3176
2024-10-25,CRWD,300.62,301.145,0.175,0.942,94.2,1.75,3.09,0.42,1037.32,276.5704,330.682,372.7688
2024-10-25,NOW,190.17,191.802,0.858,0.816,81.6,1.2,2.13,3.46,1187.31,174.9564,209.187,235.8108
2024-10-25,DDOG,126.6,127.29,0.545,0.697,69.7,1.12,2.6,2.29,382.71,116.472,139.26,156.984
2024-10-25,WDC,52.2937,52.4142,0.23,0.766,76.6,3.36,2.67,4.13,363.33,48.1102,57.5231,64.8442
2024-10-25,COF,158.7242,159.0292,0.192,0.713,71.3,2.54,2.19,4.93,380.67,146.0262,174.5966,196.8179
2024-10-25,HUBS,565.67,569.0,0.589,0.819,81.9,1.14,2.41,5.13,208.48,520.4164,622.237,701.4308
2024-10-25,TTD,119.47,120.18,0.594,0.949,94.9,1.28,2.34,3.48,268.41,109.9124,131.417,148.1428
2024-10-25,EW,69.38,70.0,0.894,0.703,70.3,1.47,2.29,2.05,386.93,63.8296,76.318,86.0312
2024-10-25,KMI,23.3928,23.149,-1.042,0.841,84.1,1.13,1.89,3.53,342.14,21.5214,25.7321,29.007
2024-10-25,LVS,51.184,51.3295,0.284,0.952,95.2,1.14,2.42,1.76,323.1,47.0893,56.3024,63.4682
2024-10-25,TRGP,160.8311,157.9141,-1.814,0.88,88.0,1.5,2.24,3.2,263.52,147.9646,176.9142,199.4306
2024-10-25,LYFT,13.41,13.51,0.746,0.822,82.2,1.63,3.5,2.21,145.25,12.3372,14.751,16.6284
2024-10-25,ASTS,25.62,25.965,1.347,0.899,89.9,1.35,8.88,0.65,279.58,23.5704,28.182,31.7688
2024-10-25,ONON,50.65,51.0,0.691,0.902,90.2,1.86,3.06,2.29,160.58,46.598,55.715,62.806
2024-10-25,SAIA,461.65,464.67,0.654,0.809,80.9,3.02,3.4,5.3,170.7,424.718,507.815,572.446
2024-10-25,MNDY,299.61,300.0,0.13,0.953,95.3,1.72,2.76,5.71,112.12,275.6412,329.571,371.5164
2024-10-25,TWLO,70.47,71.41,1.334,0.897,89.7,1.24,1.97,2.04,121.26,64.8324,77.517,87.3828
2024-10-25,TXRH,183.9321,185.9051,1.073,0.616,61.6,2.25,1.9,4.69,121.92,169.2175,202.3253,228.0758
2024-10-25,SCCO,106.3727,106.3727,-0.0,0.752,75.2,1.45,2.33,0.34,108.95,97.8629,117.01,131.9021
2024-10-25,NTRS,96.3037,96.6497,0.359,0.797,79.7,1.17,1.89,6.75,122.09,88.5994,105.9341,119.4166
2024-10-25,NTRT,96.3037,96.6497,0.359,0.797,79.7,1.17,1.89,6.75,122.09,88.5994,105.9341,119.4166
2024-10-25,NTS,96.3037,96.6497,0.359,0.797,79.7,1.17,1.89,6.75,122.09,88.5994,105.9341,119.4166
2024-10-25,OWL,21.3665,21.5153,0.697,0.945,94.5,1.28,2.82,6.08,115.05,19.6572,23.5032,26.4945
2024-10-25,HABC,153.6176,155.357,1.132,0.641,64.1,1.48,2.12,1.36,64.89,141.3282,168.9794,190.4859
2024-10-25,H,153.6176,155.357,1.132,0.641,64.1,1.48,2.12,1.36,64.89,141.3282,168.9794,190.4859
2024-10-25,NNE,19.18,19.96,4.067,0.994,99.4,1.18,16.15,2.45,108.52,17.6456,21.098,23.7832
2024-10-25,NNGPF,19.18,19.96,4.067,0.994,99.4,1.18,16.15,2.45,108.52,17.6456,21.098,23.7832
2024-10-25,ASX,9.9619,10.0488,0.872,0.608,60.8,1.32,2.27,2.73,57.29,9.165,10.9581,12.3528
2024-10-25,USD,34.3614,34.8185,1.33,0.93,93.0,2.78,4.87,5.42,58.94,31.6125,37.7976,42.6082
2024-10-25,AAON,110.6195,114.4,3.418,0.915,91.5,1.48,2.12,2.02,35.94,101.7699,121.6814,137.1682
2024-10-25,COLD,25.7827,25.9213,0.538,0.759,75.9,1.15,2.51,4.86,41.11,23.7201,28.361,31.9706
2024-10-25,SEIC,73.7825,74.0085,0.306,0.692,69.2,1.75,1.9,5.47,49.74,67.8799,81.1607,91.4903
2024-10-25,VMI,314.0733,317.2125,1.0,0.62,62.0,1.55,2.3,5.56,39.38,288.9474,345.4806,389.4509
2024-10-25,KRHC1,38.5255,38.9533,1.111,0.853,85.3,1.11,2.31,3.99,39.56,35.4434,42.378,47.7716
2024-10-25,BTHS,3.2583,3.2292,-0.893,0.788,78.8,1.14,2.64,3.96,43.99,2.9977,3.5842,4.0403
2024-10-25,BTIC,3.2583,3.2292,-0.893,0.788,78.8,1.14,2.64,3.96,43.99,2.9977,3.5842,4.0403
2024-10-25,BTGO,3.2583,3.2292,-0.893,0.787,78.7,1.14,2.64,3.96,43.99,2.9977,3.5842,4.0403
2024-10-25,KRC,38.5255,38.9533,1.111,0.854,85.4,1.11,2.31,3.99,39.56,35.4434,42.378,47.7716
2024-10-25,OS,31.7,32.0,0.946,0.753,75.3,1.12,3.86,3.57,21.1,29.164,34.87,39.308
2024-10-25,HIW,31.3377,31.4816,0.459,0.786,78.6,1.23,2.09,1.75,26.44,28.8307,34.4715,38.8588
2024-10-25,DEI,17.2194,17.3601,0.817,0.832,83.2,1.15,2.37,1.66,23.7,15.8419,18.9414,21.3521
2024-10-28,TSM,191.4837,191.1984,-0.149,0.892,89.2,1.26,2.64,2.1,3064.63,176.165,210.632,237.4397
2024-10-28,PYPL,83.3972,77.86,-6.64,0.749,74.9,1.84,2.12,3.18,689.88,76.7254,91.7369,103.4125
2024-10-28,ADI,224.7479,224.3183,-0.191,0.586,58.6,1.5,2.19,0.68,511.65,206.7681,247.2227,278.6874
2024-10-28,F,10.4437,9.6722,-7.388,0.687,68.7,2.13,2.03,4.82,480.1,9.6082,11.4881,12.9502
2024-10-28,DAL,54.7229,54.0509,-1.228,0.926,92.6,1.19,2.89,5.6,500.83,50.345,60.1952,67.8564
2024-10-28,WDC,52.4895,52.6024,0.215,0.815,81.5,1.47,2.76,4.41,373.63,48.2903,57.7384,65.087
2024-10-28,RCL,200.4729,194.8976,-2.781,0.954,95.4,1.77,2.21,5.44,321.98,184.435,220.5201,248.5863
2024-10-28,HUBS,558.08,561.58,0.627,0.789,78.9,1.15,2.4,3.47,210.01,513.4336,613.888,692.0192
2024-10-28,TTD,118.98,119.35,0.311,0.94,94.0,1.34,2.34,2.64,272.71,109.4616,130.878,147.5352
2024-10-28,EW,68.52,68.63,0.161,0.629,62.9,1.57,2.56,0.59,387.57,63.0384,75.372,84.9648
2024-10-28,TRGP,159.6294,159.5035,-0.079,0.864,86.4,1.22,2.23,1.89,261.31,146.8591,175.5924,197.9405
2024-10-28,TOST,30.12,30.0,-0.398,0.841,84.1,2.15,3.17,3.97,152.85,27.7104,33.132,37.3488
2024-10-28,SEDG,16.5638,16.5166,-0.285,0.832,83.2,1.17,2.35,3.12,151.52,15.2387,18.2202,20.5391
2024-10-28,SEE,16.5638,16.5166,-0.285,0.832,83.2,1.17,2.35,3.12,151.52,15.2387,18.2202,20.5391
2024-10-28,KEX,16.4014,16.3547,-0.285,0.833,83.3,1.17,2.35,3.12,150.03,15.0893,18.0416,20.3378
2024-10-28,CBRE,131.59,131.2,-0.296,0.78,78.0,1.44,1.97,6.06,221.88,121.0628,144.749,163.1716
2024-10-28,KEY,16.4014,16.3547,-0.285,0.834,83.4,1.17,2.35,3.12,150.03,15.0893,18.0416,20.3378
2024-10-28,CROX,138.05,113.75,-17.602,0.612,61.2,2.31,2.99,0.68,136.2,127.006,151.855,171.182
2024-10-28,NTNX,64.12,64.35,0.359,0.916,91.6,1.64,2.71,3.25,98.55,58.9904,70.532,79.5088
2024-10-28,CPAY,338.92,338.92,0.0,0.842,84.2,2.32,2.17,0.17,173.93,311.8064,372.812,420.2608
2024-10-28,BILL,56.69,56.75,0.106,0.81,81.0,1.19,3.14,2.94,64.09,52.1548,62.359,70.2956
2024-10-28,BIMC,56.69,56.75,0.106,0.81,81.0,1.19,3.14,2.94,64.09,52.1548,62.359,70.2956
2024-10-28,FLEX,35.25,35.19,-0.17,0.843,84.3,1.22,2.24,3.09,75.15,32.43,38.775,43.71
2024-10-28,WCC,177.0826,174.4674,-1.477,0.743,74.3,1.13,2.13,4.05,117.51,162.916,194.7908,219.5824
2024-10-28,TXRH,184.6486,185.1983,0.298,0.655,65.5,1.23,1.89,4.76,124.1,169.8767,203.1135,228.9643
2024-10-28,CHKR,207.96,189.0,-9.117,0.69,69.0,1.52,1.98,2.72,146.04,191.3232,228.756,257.8704
2024-10-28,CHKR1,207.96,189.0,-9.117,0.69,69.0,1.52,1.98,2.72,146.04,191.3232,228.756,257.8704
2024-10-28,CHL,207.96,189.0,-9.117,0.69,69.0,1.52,1.98,2.72,146.04,191.3232,228.756,257.8704
2024-10-28,CHLD1,207.96,189.0,-9.117,0.69,69.0,1.52,1.98,2.72,146.04,191.3232,228.756,257.8704
2024-10-28,OWL,21.4316,21.2363,-0.911,0.939,93.9,1.32,2.83,5.51,117.95,19.7171,23.5748,26.5752
2024-10-28,DAY,65.11,65.25,0.215,0.82,82.0,1.37,2.11,3.1,68.15,59.9012,71.621,80.7364
2024-10-28,DBA,65.11,65.25,0.215,0.82,82.0,1.37,2.11,3.1,68.15,59.9012,71.621,80.7364
2024-10-28,HST,65.11,65.25,0.215,0.82,82.0,1.37,2.11,3.1,68.15,59.9012,71.621,80.7364
2024-10-28,CRS,165.3065,164.1715,-0.687,0.823,82.3,1.75,3.09,4.64,92.36,152.0819,181.8371,204.98
2024-10-28,HABC,155.6253,155.0588,-0.364,0.68,68.0,1.25,1.94,2.53,64.15,143.1753,171.1879,192.9754
2024-10-28,H,155.6254,155.0588,-0.364,0.68,68.0,1.25,1.94,2.53,64.15,143.1753,171.1879,192.9754
2024-10-28,IPG,53.63,53.25,-0.709,0.635,63.5,1.54,3.04,4.11,99.63,49.3396,58.993,66.5012
2024-10-28,VIK,38.72,38.66,-0.155,0.747,74.7,1.81,3.08,2.4,78.35,35.6224,42.592,48.0128
2024-10-28,CRSR,165.3064,164.1715,-0.687,0.822,82.2,1.75,3.09,4.64,92.36,152.0819,181.8371,204.98
2024-10-28,BWXT,122.4036,121.7706,-0.517,0.898,89.8,1.17,2.07,3.09,103.85,112.6113,134.644,151.7805
2024-10-28,HLNE,179.3506,178.1229,-0.685,0.922,92.2,1.68,1.94,3.97,50.69,165.0025,197.2856,222.3947
2024-10-28,MP,18.88,18.96,0.424,0.986,98.6,1.16,3.81,5.58,43.86,17.3696,20.768,23.4112
2024-10-28,NVTAQ,19.23,19.08,-0.78,0.694,69.4,1.22,2.85,3.7,36.14,17.6916,21.153,23.8452
2024-10-28,NVST,19.23,19.08,-0.78,0.694,69.4,1.22,2.85,3.7,36.14,17.6916,21.153,23.8452
2024-10-28,SEIC,74.48,74.0969,-0.514,0.707,70.7,1.44,1.93,5.97,52.05,68.5216,81.928,92.3553
2024-10-28,CAKE,41.9343,41.818,-0.277,0.851,85.1,1.25,2.85,5.06,42.89,38.5796,46.1277,51.9985
2024-10-28,CAKR,41.9343,41.818,-0.277,0.851,85.1,1.25,2.85,5.06,42.89,38.5796,46.1277,51.9985
2024-10-28,LAZ,48.6956,48.5354,-0.329,0.758,75.8,1.27,2.73,1.23,29.79,44.8,53.5652,60.3826
2024-10-28,PPC,40.1968,39.9003,-0.738,0.675,67.5,1.12,3.37,3.95,50.24,36.981,44.2165,49.844
2024-10-28,DIGE,5.07,5.07,0.0,0.946,94.6,2.44,4.2,6.14,55.93,4.6644,5.577,6.2868
2024-10-28,DIGF,5.07,5.07,0.0,0.946,94.6,2.44,4.2,6.14,55.93,4.6644,5.577,6.2868
2024-10-28,DIGI1,5.07,5.07,0.0,0.946,94.6,2.44,4.2,6.14,55.93,4.6644,5.577,6.2868
2024-10-28,SDZ-SW,38.2333,38.3609,0.334,0.596,59.6,1.8,2.39,5.32,33.53,35.1746,42.0566,47.4093
2024-10-28,PRIM,63.2634,62.4472,-1.29,0.861,86.1,2.37,2.48,4.3,37.56,58.2023,69.5897,78.4466
2024-10-28,ESAB,110.9809,115.2839,3.877,0.72,72.0,1.34,2.18,3.24,25.5,102.1025,122.079,137.6164
2024-10-28,INTA,50.46,50.38,-0.159,0.958,95.8,1.21,2.65,4.2,25.84,46.4232,55.506,62.5704
2024-10-29,NOW,190.616,190.206,-0.215,0.749,74.9,1.28,2.02,2.93,1224.55,175.3667,209.6776,236.3638
2024-10-29,SPOT,391.23,391.68,0.115,0.734,73.4,1.51,2.21,4.03,499.14,359.9316,430.353,485.1252
2024-10-29,DDOG,128.76,129.82,0.823,0.761,76.1,1.14,2.56,2.95,399.47,118.4592,141.636,159.6624
2024-10-29,DASH,155.2,154.19,-0.651,0.848,84.8,1.46,1.93,4.28,418.61,142.784,170.72,192.448
2024-10-29,MPWR,923.6307,903.3219,-2.199,0.74,74.0,1.5,3.11,2.1,427.71,849.7402,1015.9937,1145.302
2024-10-29,WDC,51.4278,51.0363,-0.761,0.721,72.1,1.13,2.79,2.18,375.47,47.3136,56.5706,63.7705
2024-10-29,TTD,121.62,121.62,0.0,0.935,93.5,1.31,2.28,4.34,283.24,111.8904,133.782,150.8088
2024-10-29,EW,69.37,68.52,-1.225,0.598,59.8,1.11,2.64,1.52,394.15,63.8204,76.307,86.0188
2024-10-29,EQT,36.7119,36.6824,-0.08,0.789,78.9,1.13,2.26,1.25,234.64,33.775,40.3831,45.5228
2024-10-29,TRIP,30.2078,30.2662,0.193,0.872,87.2,1.17,2.97,1.91,243.07,27.7912,33.2286,37.4577
2024-10-29,TRMB,30.2078,30.2662,0.193,0.872,87.2,1.17,2.97,1.91,243.07,27.7912,33.2286,37.4577
2024-10-29,NCLH,24.11,23.9,-0.871,0.961,96.1,1.14,3.36,5.86,267.03,22.1812,26.521,29.8964
2024-10-29,RMD,241.1604,240.075,-0.45,0.585,58.5,1.42,2.19,1.9,251.74,221.8676,265.2765,299.0389
2024-10-29,TCOM,64.5762,63.6905,-1.372,0.965,96.5,1.11,3.1,3.18,327.69,59.4101,71.0338,80.0744
2024-10-29,SEDG,16.4034,16.4034,-0.0,0.798,79.8,1.12,2.24,1.78,150.71,15.0911,18.0437,20.3402
2024-10-29,SEE,16.4034,16.4034,-0.0,0.798,79.8,1.12,2.24,1.78,150.71,15.0911,18.0437,20.3402
2024-10-29,KEX,16.2425,16.2425,-0.0,0.799,79.9,1.12,2.24,1.78,149.24,14.9431,17.8668,20.1408
2024-10-29,CBRE,130.91,130.88,-0.023,0.766,76.6,1.98,1.92,5.2,235.36,120.4372,144.001,162.3284
2024-10-29,KEY,16.2425,16.2425,-0.0,0.799,79.9,1.12,2.24,1.78,149.24,14.9431,17.8668,20.1408
2024-10-29,CZR,45.28,42.79,-5.499,0.904,90.4,1.32,3.19,2.13,151.23,41.6576,49.808,56.1472
2024-10-29,TXT,41.99,41.46,-1.262,0.772,77.2,1.51,2.37,4.17,140.26,38.6308,46.189,52.0676
2024-10-29,HSIC,45.28,42.79,-5.499,0.904,90.4,1.32,3.19,2.13,151.23,41.6576,49.808,56.1472
2024-10-29,MGM,41.99,41.46,-1.262,0.772,77.2,1.51,2.37,4.17,140.26,38.6308,46.189,52.0676
2024-10-29,ARGX,552.88,552.88,0.0,0.596,59.6,1.16,2.1,1.47,104.87,508.6496,608.168,685.5712
2024-10-29,FLEX,34.67,34.5,-0.49,0.769,76.9,2.26,2.25,1.1,78.32,31.8964,38.137,42.9908
2024-10-29,WCC,175.4839,175.1878,-0.169,0.702,70.2,1.13,2.11,2.77,117.84,161.4452,193.0323,217.6
2024-10-29,KGC,10.6008,10.6008,-0.0,0.843,84.3,1.16,2.63,6.19,134.17,9.7527,11.6609,13.145
2024-10-29,PCOR,63.45,63.19,-0.41,0.715,71.5,1.3,2.44,2.82,96.94,58.374,69.795,78.678
2024-10-29,CNH1,11.0924,11.0532,-0.354,0.639,63.9,1.21,1.88,1.73,80.4,10.205,12.2017,13.7546
2024-10-29,CNJ,11.0924,11.0532,-0.354,0.639,63.9,1.21,1.88,1.73,80.4,10.205,12.2017,13.7546
2024-10-29,CNK,11.0924,11.0532,-0.354,0.639,63.9,1.21,1.88,1.73,80.4,10.205,12.2017,13.7546
2024-10-29,HES,59.4361,59.3129,-0.207,0.77,77.0,1.13,2.43,2.71,117.24,54.6812,65.3797,73.7008
2024-10-29,CMA,59.4361,59.3129,-0.207,0.771,77.1,1.13,2.43,2.71,117.24,54.6812,65.3797,73.7008
2024-10-29,CNH,11.0924,11.0532,-0.354,0.639,63.9,1.21,1.88,1.73,80.4,10.205,12.2017,13.7546
2024-10-29,DAY,65.32,63.0,-3.552,0.775,77.5,2.61,2.01,3.06,72.06,60.0944,71.852,80.9968
2024-10-29,DBA,65.32,63.0,-3.552,0.775,77.5,2.61,2.01,3.06,72.06,60.0944,71.852,80.9968
2024-10-29,HST,65.32,63.0,-3.552,0.775,77.5,2.61,2.01,3.06,72.06,60.0944,71.852,80.9968
2024-10-29,CRS,162.031,161.1449,-0.547,0.763,76.3,1.33,3.09,2.41,94.41,149.0685,178.2341,200.9184
2024-10-29,BXP,81.0277,80.2098,-1.009,0.878,87.8,1.27,2.01,1.7,83.95,74.5455,89.1305,100.4744
2024-10-29,BXSL,81.0277,80.2098,-1.009,0.878,87.8,1.27,2.01,1.7,83.95,74.5455,89.1305,100.4744
2024-10-29,PCTY1,175.97,174.89,-0.614,0.617,61.7,1.87,2.14,3.75,53.03,161.8924,193.567,218.2028
2024-10-29,PCX,175.97,174.89,-0.614,0.617,61.7,1.87,2.14,3.75,53.03,161.8924,193.567,218.2028
2024-10-29,EVR,260.6495,261.0622,0.158,0.721,72.1,1.2,2.48,0.68,88.93,239.7975,286.7144,323.2053
2024-10-29,CRSR,162.031,161.1449,-0.547,0.763,76.3,1.33,3.09,2.41,94.41,149.0685,178.2341,200.9184
2024-10-29,PCTY,175.97,174.89,-0.614,0.617,61.7,1.87,2.14,3.75,53.03,161.8924,193.567,218.2028
2024-10-29,OLED,210.512,209.3799,-0.538,0.853,85.3,1.59,2.49,3.81,74.57,193.6711,231.5632,261.0349
2024-10-29,ASX,9.8171,9.6723,-1.475,0.697,69.7,1.64,2.17,0.75,57.06,9.0318,10.7988,12.1732
2024-10-29,RVMD,50.42,50.06,-0.714,0.706,70.6,1.24,3.97,3.93,58.36,46.3864,55.462,62.5208
2024-10-29,FLS,53.1371,52.774,-0.683,0.756,75.6,2.97,2.27,0.75,69.86,48.8861,58.4508,65.89
2024-10-29,IPGP,53.1371,52.774,-0.683,0.756,75.6,2.97,2.27,0.75,69.86,48.8861,58.4508,65.89
2024-10-29,FLSCQ,53.1371,52.774,-0.683,0.757,75.7,2.97,2.27,0.75,69.86,48.8861,58.4508,65.89
2024-10-29,EXEL,28.73,31.4,9.293,0.752,75.2,1.38,2.74,4.56,58.31,26.4316,31.603,35.6252
2024-10-29,HLNE,179.5568,179.0068,-0.306,0.931,93.1,1.17,1.89,3.65,50.68,165.1923,197.5125,222.6505
2024-10-29,PRY-MI,66.5726,65.119,-2.184,0.742,74.2,1.46,2.2,2.16,40.81,61.2468,73.2299,82.55
2024-10-29,NVTAQ,18.79,18.69,-0.532,0.713,71.3,1.11,2.84,1.48,35.54,17.2868,20.669,23.2996
2024-10-29,NVST,18.79,18.69,-0.532,0.713,71.3,1.11,2.84,1.48,35.54,17.2868,20.669,23.2996
2024-10-29,CAKE,41.5562,45.0854,8.493,0.816,81.6,1.45,2.85,3.88,44.11,38.2317,45.7118,51.5297
2024-10-29,CAKR,41.5562,45.0854,8.493,0.816,81.6,1.45,2.85,3.88,44.11,38.2317,45.7118,51.5297
2024-10-29,KRHC1,38.3953,38.479,0.218,0.829,82.9,1.78,2.48,2.88,40.8,35.3236,42.2348,47.6101
2024-10-29,AWI,138.4023,138.9262,0.379,0.645,64.5,1.99,2.09,2.05,32.87,127.3301,152.2425,171.6188
2024-10-29,AWIN,138.4023,138.9262,0.379,0.645,64.5,1.99,2.09,2.05,32.87,127.3301,152.2425,171.6188
2024-10-29,KRC,38.3953,38.479,0.218,0.829,82.9,1.78,2.48,2.88,40.8,35.3236,42.2348,47.6101
2024-10-29,ESI,27.1933,27.4585,0.975,0.588,58.8,1.31,2.8,6.32,46.09,25.0179,29.9127,33.7197
2024-10-29,DIGE,5.045,5.02,-0.496,0.928,92.8,1.52,4.11,5.23,57.6,4.6414,5.5495,6.2558
2024-10-29,DIGF,5.045,5.02,-0.496,0.928,92.8,1.52,4.11,5.23,57.6,4.6414,5.5495,6.2558
2024-10-29,DIGI1,5.045,5.02,-0.496,0.928,92.8,1.52,4.11,5.23,57.6,4.6414,5.5495,6.2558
2024-10-29,AHRN,25.4452,25.4452,0.0,0.977,97.7,1.56,2.1,4.87,32.71,23.4096,27.9898,31.5521
2024-10-29,AHRO,25.4452,25.4452,0.0,0.977,97.7,1.56,2.1,4.87,32.71,23.4096,27.9898,31.5521
2024-10-29,AHT,25.4452,25.4452,0.0,0.977,97.7,1.56,2.1,4.87,32.71,23.4096,27.9898,31.5521
2024-10-29,AHR,25.4452,25.4452,-0.0,0.977,97.7,1.56,2.1,4.87,32.71,23.4096,27.9898,31.5521
2024-10-29,INTA,50.81,50.93,0.236,0.969,96.9,1.6,2.61,4.67,26.62,46.7452,55.891,63.0044
2024-10-29,BDCC,118.7163,118.0676,-0.546,0.786,78.6,2.48,2.02,0.61,28.93,109.219,130.5879,147.2082
2024-10-29,PACW1,42.23,42.135,-0.225,0.862,86.2,1.13,3.12,4.62,28.09,38.8516,46.453,52.3652
2024-10-29,PACX,42.23,42.135,-0.225,0.862,86.2,1.13,3.12,4.62,28.09,38.8516,46.453,52.3652
2024-10-29,PAE,42.23,42.135,-0.225,0.862,86.2,1.13,3.12,4.62,28.09,38.8516,46.453,52.3652
2024-10-29,PAET,42.23,42.135,-0.225,0.862,86.2,1.13,3.12,4.62,28.09,38.8516,46.453,52.3652
2024-10-29,HIW,30.933,31.0319,0.32,0.714,71.4,1.37,2.0,0.1,26.34,28.4583,34.0263,38.3569
2024-10-29,DEI,17.0881,16.9756,-0.659,0.792,79.2,1.12,2.36,0.54,23.3,15.7211,18.7969,21.1893
2024-10-29,ALH,60.69,60.33,-0.593,0.926,92.6,1.39,4.44,1.1,24.84,55.8348,66.759,75.2556
2024-10-29,ALHC,60.69,60.33,-0.593,0.926,92.6,1.39,4.44,1.1,24.84,55.8348,66.759,75.2556
2024-10-29,ALI,60.69,60.33,-0.593,0.926,92.6,1.39,4.44,1.1,24.84,55.8348,66.759,75.2556
2024-10-30,DELL,126.5348,124.1879,-1.855,0.916,91.6,2.82,2.93,5.07,764.9,116.412,139.1883,156.9031
2024-10-30,T,20.8316,20.8695,0.182,0.669,66.9,1.14,1.88,1.29,661.99,19.1651,22.9148,25.8312
2024-10-30,MDB,283.7,280.0,-1.304,0.859,85.9,1.22,3.26,3.95,352.26,261.004,312.07,351.788
2024-10-30,DASH,155.25,164.31,5.836,0.851,85.1,1.97,1.95,3.9,442.72,142.83,170.775,192.51
2024-10-30,MPWR,910.3488,817.8205,-10.164,0.675,67.5,1.98,2.99,0.62,449.55,837.5209,1001.3837,1128.8325
2024-10-30,AFRM,45.24,44.39,-1.879,0.99,99.0,1.18,5.67,4.49,408.15,41.6208,49.764,56.0976
2024-10-30,TEAM,190.44,190.36,-0.042,0.909,90.9,1.11,3.18,3.11,338.51,175.2048,209.484,236.1456
2024-10-30,RCL,205.2404,205.8708,0.307,0.922,92.2,1.87,2.37,6.02,375.03,188.8212,225.7644,254.4981
2024-10-30,EQT,37.9517,37.9025,-0.13,0.834,83.4,1.55,2.39,4.41,244.16,34.9156,41.7469,47.0601
2024-10-30,FLUT,236.8,235.41,-0.587,0.882,88.2,2.01,2.59,2.39,366.32,217.856,260.48,293.632
2024-10-30,NCLH,23.84,25.2,5.705,0.964,96.4,1.12,3.35,3.77,267.81,21.9328,26.224,29.5616
2024-10-30,ROKU,77.51,68.0,-12.269,0.95,95.0,2.69,3.13,0.93,208.51,71.3092,85.261,96.1124
2024-10-30,SEDG,16.5072,16.5261,0.114,0.812,81.2,1.18,2.24,2.04,155.09,15.1866,18.1579,20.4689
2024-10-30,SEE,16.5072,16.5261,0.114,0.812,81.2,1.18,2.24,2.04,155.09,15.1866,18.1579,20.4689
2024-10-30,KEX,16.3454,16.364,0.114,0.813,81.3,1.18,2.24,2.04,153.57,15.0377,17.9799,20.2682
2024-10-30,KEY,16.3454,16.364,0.114,0.814,81.4,1.18,2.24,2.04,153.57,15.0377,17.9799,20.2682
2024-10-30,AEM,86.711,85.9151,-0.918,0.711,71.1,1.15,2.04,5.89,200.44,79.7741,95.3821,107.5217
2024-10-30,TXT,41.41,38.77,-6.375,0.688,68.8,1.86,2.32,2.51,142.46,38.0972,45.551,51.3484
2024-10-30,MGM,41.41,38.77,-6.375,0.688,68.8,1.86,2.32,2.51,142.46,38.0972,45.551,51.3484
2024-10-30,ARGX,551.71,589.6,6.868,0.588,58.8,1.39,2.1,1.24,106.04,507.5732,606.881,684.1204
2024-10-30,LSCC,52.55,52.36,-0.362,0.745,74.5,1.31,3.64,0.34,102.66,48.346,57.805,65.162
2024-10-30,FLEX,35.78,35.64,-0.391,0.819,81.9,2.45,2.45,3.87,87.71,32.9176,39.358,44.3672
2024-10-30,WCC,175.4641,182.5696,4.05,0.683,68.3,1.48,2.09,2.45,119.73,161.427,193.0105,217.5755
2024-10-30,KGC,10.3828,10.2144,-1.622,0.783,78.3,1.39,2.6,3.64,135.02,9.5522,11.4211,12.8747
2024-10-30,PCOR,62.65,60.99,-2.65,0.714,71.4,1.56,2.51,1.25,101.21,57.638,68.915,77.686
2024-10-30,NVT,73.6113,72.6143,-1.354,0.785,78.5,1.21,2.36,2.06,105.67,67.7224,80.9725,91.2781
2024-10-30,CFN,23.07,27.61,19.679,0.798,79.8,1.77,3.63,6.12,71.44,21.2244,25.377,28.6068
2024-10-30,CFNB,23.07,27.61,19.679,0.798,79.8,1.77,3.63,6.12,71.44,21.2244,25.377,28.6068
2024-10-30,HES,61.0945,60.7344,-0.589,0.841,84.1,1.14,2.5,5.03,123.51,56.2069,67.2039,75.7572
2024-10-30,CMA,61.0945,60.7344,-0.589,0.841,84.1,1.14,2.5,5.03,123.51,56.2069,67.2039,75.7572
2024-10-30,SN,110.92,100.62,-9.286,0.959,95.9,1.78,2.21,1.96,112.34,102.0464,122.012,137.5408
2024-10-30,CFLT,23.07,27.61,19.679,0.798,79.8,1.77,3.63,6.12,71.44,21.2244,25.377,28.6068
2024-10-30,WPM,67.1107,66.2067,-1.347,0.8,80.0,1.35,2.12,5.97,102.96,61.7419,73.8218,83.2173
2024-10-30,DBX,26.17,26.03,-0.535,0.779,77.9,1.49,2.04,1.02,63.38,24.0764,28.787,32.4508
2024-10-30,PCTY1,178.16,180.35,1.229,0.694,69.4,1.82,2.15,4.7,56.1,163.9072,195.976,220.9184
2024-10-30,PCX,178.16,180.35,1.229,0.694,69.4,1.82,2.15,4.7,56.1,163.9072,195.976,220.9184
2024-10-30,PCTY,178.16,180.35,1.229,0.694,69.4,1.82,2.15,4.7,56.1,163.9072,195.976,220.9184
2024-10-30,NNE,20.34,20.68,1.672,0.997,99.7,1.18,15.81,4.6,124.43,18.7128,22.374,25.2216
2024-10-30,NNGPF,20.34,20.68,1.672,0.997,99.7,1.18,15.81,4.6,124.43,18.7128,22.374,25.2216
2024-10-30,RVMD,50.5,50.18,-0.634,0.681,68.1,1.14,3.84,3.61,59.59,46.46,55.55,62.62
2024-10-30,NVTAQ,19.23,22.0,14.405,0.774,77.4,2.05,2.9,3.82,38.39,17.6916,21.153,23.8452
2024-10-30,SSB,96.3513,96.583,0.24,0.589,58.9,1.24,2.54,1.72,44.61,88.6432,105.9865,119.4756
2024-10-30,TKO,31.5395,31.5677,0.089,0.654,65.4,1.23,2.21,3.7,40.15,29.0163,34.6935,39.109
2024-10-30,TMK,31.5395,31.5677,0.089,0.654,65.4,1.23,2.21,3.7,40.15,29.0163,34.6935,39.109
2024-10-30,TMO,31.5395,31.5677,0.089,0.654,65.4,1.23,2.21,3.7,40.15,29.0163,34.6935,39.109
2024-10-30,TPL,31.5395,31.5677,0.089,0.654,65.4,1.23,2.21,3.7,40.15,29.0163,34.6935,39.109
2024-10-30,TPR,31.5395,31.5677,0.089,0.654,65.4,1.23,2.21,3.7,40.15,29.0163,34.6935,39.109
2024-10-30,NVST,19.23,22.0,14.405,0.774,77.4,2.05,2.9,3.82,38.39,17.6916,21.153,23.8452
2024-10-30,AMG,196.2637,196.5636,0.153,0.773,77.3,1.15,1.9,3.83,30.47,180.5626,215.8901,243.367
2024-10-30,AMFIQ,196.2637,196.5636,0.153,0.772,77.2,1.15,1.9,3.83,30.47,180.5626,215.8901,243.367
2024-10-30,KRHC1,37.9209,37.6512,-0.711,0.78,78.0,1.31,2.53,1.24,41.8,34.8872,41.713,47.0219
2024-10-30,R,144.5044,143.9608,-0.376,0.589,58.9,1.3,2.15,1.57,39.24,132.9441,158.9549,179.1855
2024-10-30,BTHS,3.3262,3.2777,-1.458,0.807,80.7,1.13,2.56,4.68,45.23,3.0601,3.6588,4.1245
2024-10-30,BTIC,3.3262,3.2777,-1.458,0.807,80.7,1.13,2.56,4.68,45.23,3.0601,3.6588,4.1245
2024-10-30,BTGO,3.3262,3.2777,-1.458,0.808,80.8,1.13,2.56,4.68,45.23,3.0601,3.6588,4.1245
2024-10-30,KRC,37.9209,37.6512,-0.711,0.78,78.0,1.31,2.53,1.24,41.8,34.8872,41.713,47.0219
2024-10-30,DIGE,5.01,4.96,-0.998,0.934,93.4,1.39,3.91,4.16,49.95,4.6092,5.511,6.2124
2024-10-30,DIGF,5.01,4.96,-0.998,0.934,93.4,1.39,3.91,4.16,49.95,4.6092,5.511,6.2124
2024-10-30,DIGI1,5.01,4.96,-0.998,0.934,93.4,1.39,3.91,4.16,49.95,4.6092,5.511,6.2124
2024-10-30,PRIM,63.4525,62.4174,-1.631,0.83,83.0,1.36,2.5,3.57,40.1,58.3763,69.7978,78.6811
2024-10-30,THG,146.651,149.8275,2.166,0.672,67.2,1.16,1.95,1.33,23.88,134.9189,161.3161,181.8472
2024-10-30,ALH,62.96,56.5,-10.26,0.954,95.4,1.66,4.57,4.2,26.94,57.9232,69.256,78.0704
2024-10-30,ALHC,62.96,56.5,-10.26,0.954,95.4,1.66,4.57,4.2,26.94,57.9232,69.256,78.0704
2024-10-30,ALI,62.96,56.5,-10.26,0.954,95.4,1.66,4.57,4.2,26.94,57.9232,69.256,78.0704
2024-11-05,ABNB,137.82,141.98,3.018,0.782,78.2,1.55,1.94,1.85,444.82,126.7944,151.602,170.8968
2024-11-05,APP,165.18,175.23,6.084,0.996,99.6,1.11,3.53,5.8,597.36,151.9656,181.698,204.8232
2024-11-05,DJT,33.94,44.46,30.996,0.923,92.3,2.26,15.82,1.88,2544.16,31.2248,37.334,42.0856
2024-11-05,DASH,159.46,162.3,1.781,0.874,87.4,1.18,2.38,4.74,520.68,146.7032,175.406,197.7304
2024-11-05,KKR,138.2047,146.6467,6.108,0.825,82.5,1.23,2.1,0.7,385.12,127.1483,152.0251,171.3738
2024-11-05,SYK,365.621,369.7136,1.119,0.635,63.5,1.17,1.97,2.45,421.24,336.3714,402.1831,453.3701
2024-11-05,BAX,146.7821,157.5889,7.362,0.947,94.7,1.81,1.9,4.26,395.28,135.0395,161.4603,182.0098
2024-11-05,BBT,146.7821,157.5889,7.362,0.947,94.7,1.81,1.9,4.26,395.28,135.0395,161.4603,182.0098
2024-11-05,HUBS,578.28,584.65,1.102,0.822,82.2,1.29,2.21,4.89,204.69,532.0176,636.108,717.0672
2024-11-05,EXPE,163.5498,167.8055,2.602,0.886,88.6,1.17,2.39,4.83,248.08,150.4658,179.9048,202.8018
2024-11-05,EQT,36.9382,38.2999,3.686,0.689,68.9,1.11,2.74,1.96,213.16,33.9832,40.6321,45.8034
2024-11-05,AXON,441.09,459.03,4.067,0.762,76.2,1.43,1.87,0.84,202.35,405.8028,485.199,546.9516
2024-11-05,PWR,314.1607,309.5475,-1.468,0.777,77.7,1.25,2.07,1.52,211.55,289.0278,345.5768,389.5593
2024-11-05,CHWY,29.17,29.65,1.646,0.815,81.5,4.9,3.18,3.55,171.0,26.8364,32.087,36.1708
2024-11-05,LYFT,13.8,14.12,2.319,0.944,94.4,1.12,3.76,2.21,164.35,12.696,15.18,17.112
2024-11-05,CPNG,26.89,24.0,-10.747,0.735,73.5,2.39,2.18,5.0,156.63,24.7388,29.579,33.3436
2024-11-05,TOST,30.81,30.8,-0.032,0.874,87.4,1.17,3.13,4.07,152.58,28.3452,33.891,38.2044
2024-11-05,LPLA,274.3541,301.1022,9.749,0.93,93.0,1.14,2.3,5.78,229.27,252.4058,301.7895,340.1991
2024-11-05,FIVE,93.69,83.86,-10.492,0.938,93.8,1.25,3.64,1.46,113.01,86.1948,103.059,116.1756
2024-11-05,LPNT,274.3541,301.1022,9.749,0.93,93.0,1.14,2.3,5.78,229.27,252.4057,301.7895,340.199
2024-11-05,MNDY,296.95,307.81,3.657,0.649,64.9,1.66,2.72,1.84,115.37,273.194,326.645,368.218
2024-11-05,EME,474.5594,491.1866,3.504,0.916,91.6,1.18,2.27,6.31,143.54,436.5947,522.0154,588.4537
2024-11-05,EXAS,71.51,55.7,-22.109,0.837,83.7,2.67,3.11,2.01,110.03,65.7892,78.661,88.6724
2024-11-05,EXAR,71.51,55.7,-22.109,0.837,83.7,2.67,3.11,2.01,110.03,65.7892,78.661,88.6724
2024-11-05,BILL,59.3,61.53,3.761,0.864,86.4,1.38,3.15,4.83,67.52,54.556,65.23,73.532
2024-11-05,BIMC,59.3,61.53,3.761,0.864,86.4,1.38,3.15,4.83,67.52,54.556,65.23,73.532
2024-11-05,ARJ,23.1133,24.7333,7.009,0.721,72.1,1.15,2.71,3.1,100.83,21.2643,25.4247,28.6605
2024-11-05,ARKB,23.1133,24.7333,7.009,0.721,72.1,1.15,2.71,3.1,100.83,21.2643,25.4247,28.6605
2024-11-05,FIX,409.2184,430.1976,5.127,0.904,90.4,1.17,3.0,1.32,145.65,376.481,450.1403,507.4309
2024-11-05,BN,36.8938,37.7938,2.439,0.853,85.3,1.38,2.05,2.96,79.2,33.9423,40.5831,45.7483
2024-11-05,CNH1,11.0434,11.3575,2.844,0.747,74.7,2.08,2.02,0.76,90.51,10.1599,12.1477,13.6938
2024-11-05,CNJ,11.0434,11.3575,2.844,0.747,74.7,2.08,2.02,0.76,90.51,10.1599,12.1477,13.6938
2024-11-05,CNK,11.0434,11.3575,2.844,0.747,74.7,2.08,2.02,0.76,90.51,10.1599,12.1477,13.6938
2024-11-05,CNH,11.0434,11.3575,2.844,0.747,74.7,2.08,2.02,0.76,90.51,10.1599,12.1477,13.6938
2024-11-05,LULU,220.5521,230.053,4.308,0.725,72.5,1.71,1.97,6.69,108.34,202.9079,242.6073,273.4846
2024-11-05,LUMN,220.5521,230.053,4.308,0.725,72.5,1.71,1.97,6.69,108.34,202.9079,242.6073,273.4846
2024-11-05,LUV,220.5521,230.053,4.308,0.725,72.5,1.71,1.97,6.69,108.34,202.9079,242.6073,273.4846
2024-11-05,LW,220.5521,230.053,4.308,0.725,72.5,1.71,1.97,6.69,108.34,202.9079,242.6073,273.4846
2024-11-05,MASI,151.56,173.9,14.74,0.74,74.0,2.22,2.64,5.68,89.45,139.4352,166.716,187.9344
2024-11-05,LNTH,114.96,99.72,-13.257,0.746,74.6,2.32,3.5,3.08,73.76,105.7632,126.456,142.5504
2024-11-05,IPG,54.59,56.93,4.286,0.626,62.6,1.39,2.83,3.53,101.31,50.2228,60.049,67.6916
2024-11-05,VIK,41.26,41.89,1.527,0.831,83.1,1.24,2.86,5.89,70.19,37.9592,45.386,51.1624
2024-11-05,EVR,267.1655,293.6913,9.929,0.751,75.1,1.15,2.65,1.48,99.85,245.7923,293.882,331.2852
2024-11-05,CW,359.432,379.6891,5.636,0.774,77.4,1.3,2.15,2.48,92.65,330.6774,395.3752,445.6957
2024-11-05,LPX,106.5453,111.0035,4.184,0.679,67.9,2.01,2.61,5.8,80.89,98.0217,117.1998,132.1162
2024-11-05,RYAAY,45.067,45.4466,0.843,0.661,66.1,1.53,2.42,3.44,59.65,41.4616,49.5736,55.883
2024-11-05,BTU,26.6243,28.3764,6.581,0.78,78.0,1.33,2.91,6.39,58.23,24.4944,29.2867,33.0141
2024-11-05,BUTLQ,26.6243,28.3764,6.581,0.781,78.1,1.33,2.91,6.39,58.23,24.4944,29.2867,33.0141
2024-11-05,AVATQ,219.67,227.55,3.587,0.824,82.4,1.11,2.7,1.58,46.32,202.0964,241.637,272.3908
2024-11-05,JLL,279.82,287.61,2.784,0.75,75.0,1.65,2.23,4.52,80.39,257.4344,307.802,346.9768
2024-11-05,JLMI,279.82,287.61,2.784,0.75,75.0,1.65,2.23,4.52,80.39,257.4344,307.802,346.9768
2024-11-05,VNO,41.132,41.9306,1.942,0.942,94.2,1.74,2.74,1.89,63.17,37.8414,45.2452,51.0037
2024-11-05,AAON,112.4401,118.2601,5.176,0.879,87.9,1.57,2.55,1.14,41.6,103.4449,123.6841,139.4257
2024-11-05,SMG,87.7596,79.7507,-9.126,0.924,92.4,1.88,2.37,5.82,46.82,80.7389,96.5356,108.8219
2024-11-05,HR,89.23,95.57,7.105,0.868,86.8,1.46,2.29,3.04,42.34,82.0916,98.153,110.6452
2024-11-05,HLNE,177.0229,185.7248,4.916,0.912,91.2,1.5,1.9,0.96,53.22,162.8611,194.7252,219.5084
2024-11-05,BRX,26.8117,27.2565,1.659,0.631,63.1,1.29,1.92,2.62,54.6,24.6668,29.4929,33.2465
2024-11-05,MP,18.61,19.54,4.997,0.98,98.0,1.16,3.4,2.03,38.1,17.1212,20.471,23.0764
2024-11-05,ATMV,39.2669,41.4937,5.671,0.813,81.3,1.49,2.13,0.78,26.89,36.1255,43.1936,48.691
2024-11-05,ATMVR,39.2669,41.4937,5.671,0.813,81.3,1.49,2.13,0.78,26.89,36.1255,43.1936,48.691
2024-11-05,ATMP,39.2669,41.4937,5.671,0.815,81.5,1.49,2.13,0.78,26.89,36.1256,43.1936,48.691
2024-11-05,CNQR,112.65,118.3703,5.078,0.754,75.4,2.32,2.62,4.38,49.76,103.638,123.915,139.686
2024-11-05,CNR,112.65,118.3703,5.078,0.754,75.4,2.32,2.62,4.38,49.76,103.638,123.915,139.686
2024-11-05,CNR1,112.65,118.3703,5.078,0.754,75.4,2.32,2.62,4.38,49.76,103.638,123.915,139.686
2024-11-05,HLI,167.9403,176.1947,4.915,0.706,70.6,1.14,1.92,1.26,52.08,154.5051,184.7343,208.246
2024-11-05,VNOM,48.5178,50.1495,3.363,0.641,64.1,1.95,2.16,1.69,37.13,44.6364,53.3696,60.162
2024-11-05,LAZ,50.1187,52.3523,4.457,0.758,75.8,1.16,2.93,2.01,38.05,46.1092,55.1306,62.1472
2024-11-05,AWI,146.3505,149.3558,2.054,0.84,84.0,1.22,2.21,6.27,37.34,134.6425,160.9855,181.4746
2024-11-05,AWIN,146.3505,149.3558,2.054,0.84,84.0,1.22,2.21,6.27,37.34,134.6425,160.9855,181.4746
2024-11-05,TSS,18.0756,18.82,4.118,0.906,90.6,1.46,2.48,2.68,22.84,16.6295,19.8831,22.4137
2024-11-05,INTA,50.47,52.88,4.775,0.97,97.0,2.81,2.78,1.88,28.6,46.4324,55.517,62.5828
2024-11-05,LOAR,83.26,86.68,4.108,0.915,91.5,1.65,4.49,2.49,22.37,76.5992,91.586,103.2424
2024-11-05,DEI,17.332,17.7071,2.164,0.876,87.6,2.05,2.74,1.39,24.42,15.9454,19.0652,21.4917
2024-11-05,LGIH,111.16,102.83,-7.494,0.609,60.9,1.82,3.43,3.05,21.07,102.2672,122.276,137.8384
2024-11-06,NVDA,145.5602,146.3399,0.536,0.673,67.3,1.24,2.55,4.55,28462.14,133.9153,160.1162,180.4946
2024-11-06,MU,111.3201,112.0467,0.653,0.646,64.6,1.36,2.74,6.32,1657.94,102.4145,122.4521,138.0369
2024-11-06,CRWD,320.0,322.5,0.781,0.848,84.8,1.2,3.26,4.18,1128.29,294.4,352.0,396.8
2024-11-06,ANET,105.78,106.755,0.922,0.737,73.7,1.17,2.5,5.41,664.0,97.3176,116.358,131.1672
2024-11-06,SHOP,81.92,82.16,0.293,0.651,65.1,1.16,2.32,1.27,366.12,75.3664,90.112,101.5808
2024-11-06,SPOT,391.16,399.0,2.004,0.645,64.5,1.5,2.32,2.8,529.99,359.8672,430.276,485.0384
2024-11-06,ETN,355.5918,356.4037,0.228,0.736,73.6,2.23,1.92,5.07,642.29,327.1445,391.151,440.9339
2024-11-06,ABNB,140.91,141.76,0.603,0.718,71.8,1.55,1.96,3.92,464.51,129.6372,155.001,174.7284
2024-11-06,BMY,52.0472,51.9625,-0.163,0.584,58.4,1.34,2.21,3.6,457.14,47.8834,57.2519,64.5386
2024-11-06,DJT,35.955,30.94,-13.948,0.95,95.0,2.13,16.94,5.49,2970.24,33.0786,39.5505,44.5842
2024-11-06,WDAY,251.8,252.13,0.131,0.64,64.0,1.41,2.2,4.32,359.77,231.656,276.98,312.232
2024-11-06,XYZ,77.64,77.41,-0.296,0.743,74.3,1.97,2.83,6.61,408.33,71.4288,85.404,96.2736
2024-11-06,BLK,1004.1613,1014.078,0.988,0.727,72.7,2.24,1.89,3.66,566.91,923.8284,1104.5774,1245.16
2024-11-06,BX,169.1302,168.8521,-0.164,0.883,88.3,1.95,2.3,6.6,593.89,155.5998,186.0432,209.7215
2024-11-06,NU,15.03,15.18,0.998,0.679,67.9,1.18,3.12,2.64,335.27,13.8276,16.533,18.6372
2024-11-06,DL1,38.25,38.64,1.02,0.731,73.1,1.84,3.14,3.08,273.94,35.19,42.075,47.43
2024-11-06,DLAPQ,38.25,38.64,1.02,0.731,73.1,1.84,3.14,3.08,273.94,35.19,42.075,47.43
2024-11-06,HAL,347.3036,348.2792,0.281,0.749,74.9,1.81,2.02,6.44,221.29,319.5194,382.034,430.6565
2024-11-06,HAS,347.3036,348.2792,0.281,0.749,74.9,1.81,2.02,6.44,221.29,319.5194,382.034,430.6565
2024-11-06,HBAN,347.3036,348.2792,0.281,0.749,74.9,1.81,2.02,6.44,221.29,319.5194,382.034,430.6565
2024-11-06,HBI,347.3036,348.2792,0.281,0.749,74.9,1.81,2.02,6.44,221.29,319.5194,382.034,430.6565
2024-11-06,HCP,347.3036,348.2792,0.281,0.749,74.9,1.81,2.02,6.44,221.29,319.5194,382.034,430.6565
2024-11-06,CMIIU,346.14,347.1122,0.281,0.746,74.6,1.81,2.02,6.44,220.55,318.4488,380.754,429.2136
2024-11-06,CMIKA,346.14,347.1122,0.281,0.746,74.6,1.81,2.02,6.44,220.55,318.4488,380.754,429.2136
2024-11-06,CMIN,346.14,347.1122,0.281,0.746,74.6,1.81,2.02,6.44,220.55,318.4488,380.754,429.2136
2024-11-06,CMIV,346.14,347.1122,0.281,0.746,74.6,1.81,2.02,6.44,220.55,318.4488,380.754,429.2136
2024-11-06,URI,868.9142,867.3645,-0.178,0.801,80.1,2.91,2.48,6.76,493.46,799.401,955.8056,1077.4536
2024-11-06,TT,388.2549,390.5536,0.592,0.628,62.8,1.64,1.92,0.07,469.65,357.1945,427.0804,481.4361
2024-11-06,TTD,124.81,127.55,2.195,0.813,81.3,1.51,2.25,4.86,321.51,114.8252,137.291,154.7644
2024-11-06,MNST,54.44,54.5,0.11,0.649,64.9,1.25,1.91,2.62,300.74,50.0848,59.884,67.5056
2024-11-06,USB,48.5849,48.1868,-0.819,0.737,73.7,1.9,2.07,6.57,447.86,44.6981,53.4434,60.2453
2024-11-06,CMI,346.14,347.1122,0.281,0.748,74.8,1.81,2.02,6.44,220.55,318.4488,380.7539,429.2135
2024-11-06,DLR,167.3302,167.7928,0.276,0.647,64.7,2.33,2.08,1.81,332.23,153.9438,184.0632,207.4894
2024-11-06,L,20.6409,20.6699,0.141,0.72,72.0,1.36,2.43,5.58,236.27,18.9896,22.705,25.5947
2024-11-06,LDOS,20.6409,20.6699,0.141,0.72,72.0,1.36,2.43,5.58,236.27,18.9896,22.705,25.5947
2024-11-06,HPE,20.6409,20.6699,0.141,0.721,72.1,1.36,2.43,5.58,236.27,18.9896,22.705,25.5947
2024-11-06,FLUT,238.1,237.19,-0.382,0.783,78.3,1.34,2.62,3.44,402.39,219.052,261.91,295.244
2024-11-06,AXON,459.52,465.5,1.301,0.785,78.5,1.54,1.88,4.73,216.62,422.7584,505.472,569.8048
2024-11-06,PWR,310.3663,311.6943,0.428,0.682,68.2,3.3,2.2,0.25,239.49,285.537,341.4029,384.8542
2024-11-06,IR,102.8583,102.8083,-0.049,0.605,60.5,1.73,1.88,4.65,222.98,94.6296,113.1441,127.5443
2024-11-06,U,21.67,22.49,3.784,0.886,88.6,1.4,4.54,2.84,163.62,19.9364,23.837,26.8708
2024-11-06,LYFT,14.4,17.78,23.472,0.932,93.2,2.57,3.84,5.91,189.78,13.248,15.84,17.856
2024-11-06,CBRE,129.4,129.84,0.34,0.658,65.8,1.4,2.21,1.57,240.34,119.048,142.34,160.456
2024-11-06,COHR,99.43,103.0,3.59,0.948,94.8,2.26,3.37,1.75,232.33,91.4756,109.373,123.2932
2024-11-06,TOL,149.7829,149.5157,-0.178,0.661,66.1,2.32,2.81,0.18,161.63,137.8003,164.7612,185.7308
2024-11-06,COHR1,99.43,103.0,3.59,0.948,94.8,2.26,3.37,1.75,232.33,91.4756,109.373,123.2932
2024-11-06,LLL,464.59,464.4916,-0.021,0.806,80.6,1.96,2.35,5.67,186.18,427.4228,511.049,576.0916
2024-11-06,LNC,464.59,464.4916,-0.021,0.806,80.6,1.96,2.35,5.67,186.18,427.4228,511.049,576.0916
2024-11-06,LNT,464.59,464.4916,-0.021,0.806,80.6,1.96,2.35,5.67,186.18,427.4228,511.049,576.0916
2024-11-06,FITB,44.8285,44.3981,-0.96,0.707,70.7,2.3,2.19,6.46,227.01,41.2423,49.3114,55.5874
2024-11-06,ARES,167.0126,166.18,-0.499,0.744,74.4,2.2,2.35,3.65,216.5,153.6516,183.7139,207.0957
2024-11-06,NTNX,66.79,69.64,4.267,0.876,87.6,1.3,2.39,5.23,95.55,61.4468,73.469,82.8196
2024-11-06,CPAY,348.97,347.18,-0.513,0.752,75.2,1.78,2.04,2.43,169.94,321.0524,383.867,432.7228
2024-11-06,CSL,443.2461,443.2953,0.011,0.589,58.9,1.36,2.27,0.5,133.61,407.7864,487.5707,549.6252
2024-11-06,PATH,13.15,13.39,1.825,0.586,58.6,1.8,2.81,4.03,76.16,12.098,14.465,16.306
2024-11-06,TRU,103.884,104.0724,0.181,0.676,67.6,1.6,2.57,0.02,174.17,95.5733,114.2724,128.8161
2024-11-06,FTAI,147.0408,148.4025,0.926,0.933,93.3,1.41,3.67,4.1,185.04,135.2775,161.7449,182.3306
2024-11-06,BAH,174.1962,175.2513,0.606,0.769,76.9,2.28,2.09,4.69,187.66,160.2605,191.6158,216.0032
2024-11-06,BAK,174.1962,175.2513,0.606,0.769,76.9,2.28,2.09,4.69,187.66,160.2605,191.6158,216.0032
2024-11-06,BAKR,174.1962,175.2513,0.606,0.769,76.9,2.28,2.09,4.69,187.66,160.2605,191.6158,216.0032
2024-11-06,BAIDF,174.1962,175.2513,0.606,0.768,76.8,2.28,2.09,4.69,187.66,160.2605,191.6158,216.0032
2024-11-06,PNR,101.6109,101.7294,0.117,0.73,73.0,1.22,2.1,3.91,170.87,93.482,111.772,125.9975
2024-11-06,FOUR,98.0,97.5,-0.51,0.847,84.7,2.45,2.89,5.1,91.72,90.16,107.8,121.52
2024-11-06,OC,178.5824,179.124,0.303,0.636,63.6,2.08,2.74,0.91,124.6,164.2958,196.4406,221.4421
2024-11-06,BN,37.7077,37.8335,0.333,0.799,79.9,2.01,2.08,4.84,86.15,34.6911,41.4785,46.7576
2024-11-06,FOUR1,98.0,97.5,-0.51,0.847,84.7,2.45,2.89,5.1,91.72,90.16,107.8,121.52
2024-11-06,CNH1,11.3673,11.3477,-0.173,0.714,71.4,1.52,2.01,3.52,94.94,10.4579,12.504,14.0954
2024-11-06,CNJ,11.3673,11.3477,-0.173,0.714,71.4,1.52,2.01,3.52,94.94,10.4579,12.504,14.0954
2024-11-06,CNK,11.3673,11.3477,-0.173,0.714,71.4,1.52,2.01,3.52,94.94,10.4579,12.504,14.0954
2024-11-06,NVT,76.0792,76.3062,0.298,0.734,73.4,1.45,2.99,4.92,148.38,69.9929,83.6871,94.3382
2024-11-06,OCAI,178.5824,179.124,0.303,0.635,63.5,2.08,2.74,0.91,124.6,164.2958,196.4406,221.4421
2024-11-06,S,27.33,27.54,0.768,0.739,73.9,1.12,3.32,4.81,104.53,25.1436,30.063,33.8892
2024-11-06,CNH,11.3673,11.3477,-0.173,0.714,71.4,1.52,2.01,3.52,94.94,10.4579,12.504,14.0954
2024-11-06,CRBG,32.1398,31.4656,-2.098,0.8,80.0,2.39,2.31,6.27,90.48,29.5686,35.3538,39.8533
2024-11-06,OWL,21.7665,21.2084,-2.564,0.901,90.1,2.11,3.18,3.85,140.62,20.0252,23.9431,26.9905
2024-11-06,BROS,34.94,43.648,24.923,0.684,68.4,2.62,2.87,2.19,79.8,32.1448,38.434,43.3256
2024-11-06,GLOB,218.92,222.89,1.813,0.617,61.7,1.42,2.4,1.59,86.31,201.4064,240.812,271.4608
2024-11-06,WSC,39.2215,39.4088,0.477,0.596,59.6,2.65,3.6,6.31,159.44,36.0838,43.1437,48.6347
2024-11-06,DBX,27.9,27.74,-0.573,0.779,77.9,1.56,2.08,6.64,69.13,25.668,30.69,34.596
2024-11-06,PSN,110.69,111.11,0.379,0.697,69.7,1.2,2.11,3.01,89.83,101.8348,121.759,137.2556
2024-11-06,LPX,106.1918,106.2998,0.102,0.587,58.7,1.34,2.88,5.38,82.78,97.6964,116.8109,131.6778
2024-11-06,RRX,179.3385,179.0422,-0.165,0.662,66.2,2.36,3.26,5.95,82.63,164.9914,197.2723,222.3797
2024-11-06,CNX,37.1,36.97,-0.35,0.928,92.8,1.64,3.12,4.9,102.42,34.132,40.81,46.004
2024-11-06,USD,35.7004,36.3289,1.76,0.834,83.4,1.13,4.51,6.06,62.3,32.8444,39.2705,44.2685
2024-11-06,VNO,41.9209,41.6996,-0.528,0.924,92.4,2.11,2.85,3.39,66.7,38.5673,46.113,51.982
2024-11-06,EHC,101.0779,101.4647,0.383,0.66,66.0,1.17,2.08,4.8,74.05,92.9917,111.1857,125.3366
2024-11-06,ITT,150.2869,149.7143,-0.381,0.586,58.6,1.44,2.06,3.76,68.18,138.2639,165.3156,186.3557
2024-11-06,ATMV,41.275,41.106,-0.409,0.832,83.2,1.77,2.35,5.51,29.18,37.973,45.4025,51.181
2024-11-06,ATMVR,41.275,41.106,-0.409,0.832,83.2,1.77,2.35,5.51,29.18,37.973,45.4025,51.181
2024-11-06,ATMP,41.275,41.106,-0.409,0.833,83.3,1.77,2.35,5.51,29.18,37.973,45.4025,51.181
2024-11-06,TPG,64.3059,63.253,-1.637,0.94,94.0,2.24,3.35,4.14,76.42,59.1614,70.7365,79.7393
2024-11-06,VNOM,51.0898,50.7026,-0.758,0.729,72.9,1.6,2.26,6.6,39.98,47.0026,56.1988,63.3513
2024-11-06,JANL,54.89,55.91,1.858,0.937,93.7,1.49,5.58,4.67,37.59,50.4988,60.379,68.0636
2024-11-06,JANX,54.89,55.91,1.858,0.937,93.7,1.49,5.58,4.67,37.59,50.4988,60.379,68.0636
2024-11-06,CALM,82.3905,82.1816,-0.254,0.872,87.2,1.28,2.39,1.44,42.53,75.7993,90.6296,102.1642
2024-11-06,GLNCY,36.7342,36.8497,0.314,0.632,63.2,1.95,2.53,2.04,31.52,33.7955,40.4076,45.5504
2024-11-06,GLNG,36.7342,36.8497,0.314,0.632,63.2,1.95,2.53,2.04,31.52,33.7955,40.4076,45.5504
2024-11-06,BMI,221.0556,221.8166,0.344,0.617,61.7,1.33,2.2,6.73,52.71,203.3711,243.1611,274.1089
2024-11-06,VIRT,32.1856,31.9833,-0.629,0.61,61.0,1.74,2.45,4.11,31.2,29.6108,35.4042,39.9102
2024-11-06,TSS,17.7606,17.8561,0.537,0.836,83.6,2.88,2.96,0.72,25.19,16.3398,19.5367,22.0232
2024-11-06,THG,152.0743,151.1543,-0.605,0.698,69.8,1.19,2.09,4.5,27.81,139.9083,167.2817,188.5721
2024-11-06,HAYW,16.33,16.29,-0.245,0.638,63.8,1.19,3.04,5.35,31.63,15.0236,17.963,20.2492
2024-11-06,DEI,17.482,17.5102,0.161,0.799,79.9,1.91,3.0,1.95,26.25,16.0835,19.2302,21.6777
2024-11-06,HBANL,16.33,16.29,-0.245,0.638,63.8,1.19,3.04,5.35,31.63,15.0236,17.963,20.2492
2024-11-06,HBCO,16.33,16.29,-0.245,0.638,63.8,1.19,3.04,5.35,31.63,15.0236,17.963,20.2492
2024-11-07,BAC,43.5145,43.8741,0.826,0.635,63.5,1.28,2.0,5.45,1648.76,40.0333,47.866,53.958
2024-11-07,ARM,150.65,148.7,-1.294,0.706,70.6,2.59,4.33,1.31,950.36,138.598,165.715,186.806
2024-11-07,PANW,193.5,194.5,0.517,0.589,58.9,1.11,2.4,5.27,737.27,178.02,212.85,239.94
2024-11-07,CAT,401.1986,394.0731,-1.776,0.73,73.0,1.35,1.97,4.76,957.56,369.1027,441.3185,497.4863
2024-11-07,SHOP,85.55,85.6,0.058,0.703,70.3,1.44,2.46,5.57,393.83,78.706,94.105,106.082
2024-11-07,SPOT,399.84,399.15,-0.173,0.704,70.4,1.92,2.37,4.78,562.02,367.8528,439.824,495.8016
2024-11-07,ETN,356.9581,358.4134,0.408,0.727,72.7,1.46,1.91,5.1,670.79,328.4014,392.6539,442.628
2024-11-07,BMY,51.5106,51.5011,-0.018,0.59,59.0,1.33,2.2,2.31,465.93,47.3897,56.6616,63.8731
2024-11-07,WDAY,257.98,258.68,0.271,0.628,62.8,1.41,2.19,6.6,371.48,237.3416,283.778,319.8952
2024-11-07,XYZ,75.27,71.89,-4.49,0.726,72.6,3.3,2.77,2.99,436.37,69.2484,82.797,93.3348
2024-11-07,FCX,47.7315,45.7075,-4.24,0.637,63.7,1.32,2.26,2.66,459.29,43.913,52.5046,59.187
2024-11-07,JD,40.0493,38.6505,-3.493,0.96,96.0,1.28,3.41,1.75,518.54,36.8454,44.0542,49.6611
2024-11-07,DL1,38.98,39.12,0.359,0.735,73.5,3.07,3.15,4.91,318.51,35.8616,42.878,48.3352
2024-11-07,DLAPQ,38.98,39.12,0.359,0.735,73.5,3.07,3.15,4.91,318.51,35.8616,42.878,48.3352
2024-11-07,MNST,54.73,53.21,-2.777,0.684,68.4,1.98,1.89,2.79,323.67,50.3516,60.203,67.8652
2024-11-07,PINS,33.93,29.14,-14.117,0.63,63.0,3.21,2.31,3.48,245.37,31.2156,37.323,42.0732
2024-11-07,APTV,97.5148,96.3926,-1.151,0.908,90.8,1.51,3.93,3.1,217.83,89.7136,107.2663,120.9184
2024-11-07,ARE,97.5148,96.3926,-1.151,0.908,90.8,1.51,3.93,3.1,217.83,89.7136,107.2663,120.9184
2024-11-07,ARNC,97.5148,96.3926,-1.151,0.908,90.8,1.51,3.93,3.1,217.83,89.7136,107.2663,120.9184
2024-11-07,ATO,97.5148,96.3926,-1.151,0.908,90.8,1.51,3.93,3.1,217.83,89.7136,107.2663,120.9184
2024-11-07,TRV,247.1972,249.1961,0.809,0.683,68.3,1.35,1.99,0.7,315.67,227.4214,271.9169,306.5245
2024-11-07,DLR,172.0045,173.2285,0.712,0.699,69.9,1.86,2.19,4.05,368.26,158.2441,189.2049,213.2855
2024-11-07,NET,95.66,88.45,-7.537,0.659,65.9,3.06,2.6,6.07,221.53,88.0072,105.226,118.6184
2024-11-07,FLUT,237.98,237.12,-0.361,0.608,60.8,1.19,2.55,3.45,406.95,218.9416,261.778,295.0952
2024-11-07,PWR,320.3916,319.5129,-0.274,0.74,74.0,1.35,2.25,3.25,254.93,294.7602,352.4307,397.2855
2024-11-07,SRE,86.3259,86.2489,-0.089,0.603,60.3,1.59,2.13,6.17,285.53,79.4198,94.9584,107.0441
2024-11-07,RH,333.15,336.48,1.0,0.851,85.1,1.26,3.85,0.48,215.36,306.498,366.465,413.106
2024-11-07,U,22.21,22.29,0.36,0.926,92.6,2.05,4.58,5.07,179.18,20.4332,24.431,27.5404
2024-11-07,VEEV,223.39,233.01,4.306,0.689,68.9,1.62,2.08,3.93,168.05,205.5188,245.729,277.0036
2024-11-07,ONON,50.38,49.72,-1.31,0.787,78.7,1.53,3.24,3.6,157.15,46.3496,55.418,62.4712
2024-11-07,CBRE,132.05,132.75,0.53,0.704,70.4,1.27,2.25,3.14,251.66,121.486,145.255,163.742
2024-11-07,LLL,459.532,460.5357,0.218,0.769,76.9,1.2,2.3,4.25,184.78,422.7694,505.4852,569.8197
2024-11-07,LNC,459.532,460.5357,0.218,0.769,76.9,1.2,2.3,4.25,184.78,422.7694,505.4852,569.8197
2024-11-07,LNT,459.532,460.5357,0.218,0.769,76.9,1.2,2.3,4.25,184.78,422.7694,505.4852,569.8197
2024-11-07,ARES,162.9172,163.1496,0.143,0.671,67.1,1.23,2.41,0.79,209.15,149.8838,179.2089,202.0174
2024-11-07,CPAY,346.5,355.86,2.701,0.717,71.7,1.17,2.06,1.54,174.06,318.78,381.15,429.66
2024-11-07,PATH,13.38,13.26,-0.897,0.654,65.4,1.46,2.72,5.51,78.78,12.3096,14.718,16.5912
2024-11-07,BAH,170.1694,173.7702,2.116,0.69,69.0,2.03,2.12,1.77,196.13,156.5559,187.1863,211.0101
2024-11-07,BAK,170.1694,173.7702,2.116,0.69,69.0,2.03,2.12,1.77,196.13,156.5559,187.1863,211.0101
2024-11-07,BAKR,170.1694,173.7702,2.116,0.69,69.0,2.03,2.12,1.77,196.13,156.5559,187.1863,211.0101
2024-11-07,BAIDF,170.1694,173.7702,2.116,0.69,69.0,2.03,2.12,1.77,196.13,156.5559,187.1863,211.0101
2024-11-07,FOUR,97.54,97.92,0.39,0.737,73.7,1.2,2.87,4.36,88.66,89.7368,107.294,120.9496
2024-11-07,KGC,10.5909,10.4126,-1.684,0.701,70.1,1.48,3.12,3.86,160.64,9.7436,11.65,13.1327
2024-11-07,OC,181.2711,181.8321,0.309,0.687,68.7,1.3,2.72,2.1,128.33,166.7694,199.3982,224.7762
2024-11-07,FOUR1,97.54,97.92,0.39,0.737,73.7,1.2,2.87,4.36,88.66,89.7368,107.294,120.9496
2024-11-07,CNH1,11.4164,10.4053,-8.856,0.714,71.4,1.63,2.05,3.73,100.52,10.5031,12.558,14.1563
2024-11-07,CNJ,11.4164,10.4053,-8.856,0.714,71.4,1.63,2.05,3.73,100.52,10.5031,12.558,14.1563
2024-11-07,CNK,11.4164,10.4053,-8.856,0.714,71.4,1.63,2.05,3.73,100.52,10.5031,12.558,14.1563
2024-11-07,NVT,76.7899,76.5629,-0.296,0.722,72.2,1.59,3.0,5.48,156.08,70.6467,84.4689,95.2195
2024-11-07,OCAI,181.2712,181.8321,0.309,0.687,68.7,1.3,2.72,2.1,128.33,166.7695,199.3983,224.7762
2024-11-07,CNH,11.4164,10.4053,-8.856,0.714,71.4,1.63,2.05,3.73,100.52,10.5031,12.558,14.1563
2024-11-07,CIEN,70.32,70.33,0.014,0.926,92.6,1.4,2.54,6.62,119.79,64.6944,77.352,87.1968
2024-11-07,CRBG,30.6758,29.7416,-3.046,0.697,69.7,1.34,2.41,1.13,88.63,28.2218,33.7434,38.038
2024-11-07,OWL,21.1526,21.3588,0.975,0.841,84.1,1.88,3.13,0.53,146.78,19.4604,23.2678,26.2292
2024-11-07,OLLI,99.23,99.09,-0.141,0.609,60.9,1.28,2.59,6.23,94.38,91.2916,109.153,123.0452
2024-11-07,CG,50.3092,50.3092,-0.0,0.839,83.9,1.94,2.68,3.93,132.44,46.2845,55.3402,62.3835
2024-11-07,EQH,46.7552,46.8326,0.166,0.766,76.6,1.21,2.25,5.89,114.71,43.0148,51.4307,57.9765
2024-11-07,WAL,87.8888,88.8032,1.04,0.737,73.7,1.37,3.25,4.83,143.58,80.8577,96.6777,108.9821
2024-11-07,DBX,27.88,27.05,-2.977,0.786,78.6,1.53,2.1,6.16,71.36,25.6496,30.668,34.5712
2024-11-07,ACM,109.3348,109.009,-0.298,0.636,63.6,1.94,1.91,3.02,69.88,100.5881,120.2683,135.5752
2024-11-07,ACME,109.3348,109.009,-0.298,0.635,63.5,1.94,1.91,3.02,69.88,100.588,120.2683,135.5752
2024-11-07,ACMM,109.3348,109.009,-0.298,0.635,63.5,1.94,1.91,3.02,69.88,100.588,120.2683,135.5752
2024-11-07,AYI,323.392,323.3821,-0.003,0.924,92.4,1.37,1.89,5.98,81.03,297.5206,355.7312,401.006
2024-11-07,RRX,176.6918,175.961,-0.414,0.628,62.8,1.32,3.32,3.93,84.16,162.5565,194.361,219.0979
2024-11-07,AZA.A,323.6013,323.5913,-0.003,0.924,92.4,1.37,1.89,5.98,81.08,297.7132,355.9615,401.2656
2024-11-07,AZEK,323.6013,323.5913,-0.003,0.924,92.4,1.37,1.89,5.98,81.08,297.7132,355.9615,401.2656
2024-11-07,AYRO,323.6013,323.5913,-0.003,0.923,92.3,1.37,1.89,5.98,81.08,297.7132,355.9614,401.2656
2024-11-07,DOCS,43.42,58.89,35.629,0.754,75.4,2.36,2.47,2.52,53.17,39.9464,47.762,53.8408
2024-11-07,AVATQ,223.69,225.27,0.706,0.733,73.3,1.12,3.35,2.84,53.52,205.7948,246.059,277.3756
2024-11-07,DOVA,43.42,58.89,35.629,0.754,75.4,2.36,2.47,2.52,53.17,39.9464,47.762,53.8408
2024-11-07,DOVP,43.42,58.89,35.629,0.754,75.4,2.36,2.47,2.52,53.17,39.9464,47.762,53.8408
2024-11-07,DOVR,43.42,58.89,35.629,0.754,75.4,2.36,2.47,2.52,53.17,39.9464,47.762,53.8408
2024-11-07,DOX,43.42,58.89,35.629,0.754,75.4,2.36,2.47,2.52,53.17,39.9464,47.762,53.8408
2024-11-07,AAON,118.4889,124.3288,4.929,0.894,89.4,1.5,2.68,5.57,48.36,109.0098,130.3378,146.9263
2024-11-07,HLNE,186.039,186.314,0.148,0.896,89.6,1.39,2.05,5.1,61.74,171.1559,204.6429,230.6884
2024-11-07,ATMV,41.2253,42.1398,2.218,0.812,81.2,2.03,2.38,4.96,30.38,37.9273,45.3478,51.1193
2024-11-07,ATMVR,41.2253,42.1398,2.218,0.812,81.2,2.03,2.38,4.96,30.38,37.9273,45.3478,51.1193
2024-11-07,ATMP,41.2253,42.1398,2.218,0.812,81.2,2.03,2.38,4.96,30.38,37.9273,45.3478,51.1193
2024-11-07,TKO,33.1076,33.1169,0.028,0.723,72.3,1.43,2.81,5.57,54.32,30.459,36.4183,41.0534
2024-11-07,TMK,33.1076,33.1169,0.028,0.723,72.3,1.43,2.81,5.57,54.32,30.459,36.4183,41.0534
2024-11-07,TMO,33.1076,33.1169,0.028,0.723,72.3,1.43,2.81,5.57,54.32,30.459,36.4183,41.0534
2024-11-07,TPL,33.1076,33.1169,0.028,0.723,72.3,1.43,2.81,5.57,54.32,30.459,36.4183,41.0534
2024-11-07,TPR,33.1076,33.1169,0.028,0.723,72.3,1.43,2.81,5.57,54.32,30.459,36.4183,41.0534
2024-11-07,VNOM,50.4998,50.4998,-0.0,0.688,68.8,1.13,2.27,4.94,40.03,46.4598,55.5498,62.6197
2024-11-07,ASA,19.4,19.04,-1.856,0.972,97.2,1.53,3.98,5.39,40.35,17.848,21.34,24.056
2024-11-07,AS,19.4,19.04,-1.856,0.972,97.2,1.53,3.98,5.39,40.35,17.848,21.34,24.056
2024-11-07,DIGE,5.02,4.89,-2.59,0.829,82.9,1.37,3.88,4.31,41.66,4.6184,5.522,6.2248
2024-11-07,DIGF,5.02,4.89,-2.59,0.829,82.9,1.37,3.88,4.31,41.66,4.6184,5.522,6.2248
2024-11-07,DIGI1,5.02,4.89,-2.59,0.829,82.9,1.37,3.88,4.31,41.66,4.6184,5.522,6.2248
2024-11-07,ORAL,82.3618,82.1139,-0.301,0.592,59.2,1.65,2.06,4.65,34.42,75.7729,90.598,102.1286
2024-11-07,AHRN,25.397,25.3101,-0.342,0.941,94.1,1.28,2.82,2.8,33.02,23.3652,27.9367,31.4922
2024-11-07,AHRO,25.397,25.3101,-0.342,0.941,94.1,1.28,2.82,2.8,33.02,23.3652,27.9367,31.4922
2024-11-07,AHT,25.397,25.3101,-0.342,0.941,94.1,1.28,2.82,2.8,33.02,23.3652,27.9367,31.4922
2024-11-07,AHR,25.397,25.3101,-0.342,0.94,94.0,1.28,2.82,2.8,33.02,23.3652,27.9367,31.4922
2024-11-07,SATS,26.07,26.08,0.038,0.948,94.8,1.2,3.81,3.3,32.67,23.9844,28.677,32.3268
2024-11-07,BANC,15.6427,15.7299,0.557,0.799,79.9,1.48,2.99,5.14,41.1,14.3913,17.207,19.3969
2024-11-07,TSS,18.4191,18.4191,-0.0,0.879,87.9,1.12,3.07,4.02,26.68,16.9456,20.2611,22.8397
2024-11-07,HBM,9.7101,9.1307,-5.967,0.839,83.9,1.18,2.73,4.36,23.97,8.9333,10.6812,12.0406
2024-11-07,HAYW,16.21,16.22,0.062,0.621,62.1,1.51,3.02,4.03,32.56,14.9132,17.831,20.1004
2024-11-07,HBANL,16.21,16.22,0.062,0.621,62.1,1.51,3.02,4.03,32.56,14.9132,17.831,20.1004
2024-11-07,HBCO,16.21,16.22,0.062,0.621,62.1,1.51,3.02,4.03,32.56,14.9132,17.831,20.1004
2024-11-07,EHVVF,17.44,17.2,-1.376,0.935,93.5,1.71,7.18,2.49,32.0,16.0448,19.184,21.6256
2024-11-07,EI,17.44,17.2,-1.376,0.935,93.5,1.71,7.18,2.49,32.0,16.0448,19.184,21.6256
2024-11-07,EIC,17.44,17.2,-1.376,0.935,93.5,1.71,7.18,2.49,32.0,16.0448,19.184,21.6256
2024-11-07,EICA,17.44,17.2,-1.376,0.935,93.5,1.71,7.18,2.49,32.0,16.0448,19.184,21.6256
2024-11-07,EWTLQ,35.43,34.96,-1.327,0.994,99.4,1.16,4.78,2.94,31.51,32.5956,38.973,43.9332
2024-11-07,AVNT1,49.6221,49.4195,-0.408,0.62,62.0,1.29,2.91,5.17,26.82,45.6523,54.5843,61.5314
2024-11-08,CAT,386.6135,391.0755,1.154,0.618,61.8,1.37,2.02,1.04,946.63,355.6844,425.2748,479.4007
2024-11-08,SPOT,400.68,405.11,1.106,0.727,72.7,1.41,2.39,4.63,578.77,368.6256,440.748,496.8432
2024-11-08,ETN,363.007,368.066,1.394,0.757,75.7,1.23,1.93,6.47,704.46,333.9665,399.3078,450.1287
2024-11-08,XYZ,74.56,75.9,1.797,0.663,66.3,3.69,3.02,1.68,502.14,68.5952,82.016,92.4544
2024-11-08,HAL,347.7426,351.3716,1.044,0.731,73.1,1.11,2.06,5.9,230.4,319.9232,382.5169,431.2009
2024-11-08,HAS,347.7426,351.3716,1.044,0.731,73.1,1.11,2.06,5.9,230.4,319.9232,382.5169,431.2009
2024-11-08,HBAN,347.7426,351.3716,1.044,0.731,73.1,1.11,2.06,5.9,230.4,319.9232,382.5169,431.2009
2024-11-08,HBI,347.7426,351.3716,1.044,0.731,73.1,1.11,2.06,5.9,230.4,319.9232,382.5169,431.2009
2024-11-08,HCP,347.7426,351.3716,1.044,0.731,73.1,1.11,2.06,5.9,230.4,319.9232,382.5169,431.2009
2024-11-08,CMIIU,346.5775,350.1944,1.044,0.734,73.4,1.11,2.06,5.9,229.63,318.8513,381.2352,429.7561
2024-11-08,CMIKA,346.5775,350.1944,1.044,0.734,73.4,1.11,2.06,5.9,229.63,318.8513,381.2352,429.7561
2024-11-08,CMIN,346.5775,350.1944,1.044,0.734,73.4,1.11,2.06,5.9,229.63,318.8513,381.2352,429.7561
2024-11-08,CMIV,346.5775,350.1944,1.044,0.734,73.4,1.11,2.06,5.9,229.63,318.8513,381.2352,429.7561
2024-11-08,AFRM,46.48,47.99,3.249,0.97,97.0,2.7,5.92,3.57,458.08,42.7616,51.128,57.6352
2024-11-08,TT,406.8027,409.3689,0.631,0.706,70.6,1.21,2.01,4.67,515.53,374.2585,447.483,504.4354
2024-11-08,TTD,125.13,125.37,0.192,0.806,80.6,3.96,2.63,4.07,431.41,115.1196,137.643,155.1612
2024-11-08,MNST,54.14,54.43,0.536,0.643,64.3,1.71,1.99,1.41,329.61,49.8088,59.554,67.1336
2024-11-08,CMI,346.5775,350.1944,1.044,0.73,73.0,1.11,2.06,5.9,229.63,318.8513,381.2352,429.7561
2024-11-08,PWR,330.4968,334.511,1.215,0.792,79.2,1.55,2.36,6.14,278.34,304.0571,363.5465,409.816
2024-11-08,ONON,51.49,52.74,2.428,0.748,74.8,1.48,3.38,5.72,166.1,47.3708,56.639,63.8476
2024-11-08,TOL,155.9686,156.9286,0.616,0.767,76.7,1.11,2.96,3.88,172.15,143.4911,171.5654,193.401
2024-11-08,STT,91.3125,92.1892,0.96,0.716,71.6,1.2,1.89,2.49,206.49,84.0075,100.4438,113.2275
2024-11-08,FMG-AX,18.4155,17.6713,-4.041,0.717,71.7,1.24,2.61,0.09,139.46,16.9422,20.257,22.8352
2024-11-08,BAH,177.6228,177.8744,0.142,0.799,79.9,1.29,2.26,5.54,211.93,163.4129,195.385,220.2522
2024-11-08,BAK,177.6228,177.8744,0.142,0.799,79.9,1.29,2.26,5.54,211.93,163.4129,195.385,220.2522
2024-11-08,BAKR,177.6228,177.8744,0.142,0.799,79.9,1.29,2.26,5.54,211.93,163.4129,195.385,220.2522
2024-11-08,BAIDF,177.6228,177.8744,0.142,0.801,80.1,1.29,2.26,5.54,211.93,163.4129,195.385,220.2522
2024-11-08,VTR,62.8805,62.6875,-0.307,0.584,58.4,1.26,2.03,0.41,151.57,57.8501,69.1686,77.9719
2024-11-08,KGC,10.3729,9.8776,-4.776,0.7,70.0,1.32,3.14,1.4,163.17,9.5431,11.4102,12.8624
2024-11-08,SN,104.29,105.42,1.084,0.613,61.3,1.41,3.85,0.61,217.97,95.9468,114.719,129.3196
2024-11-08,CG,50.29,51.0396,1.491,0.818,81.8,1.25,2.63,3.48,133.74,46.2668,55.319,62.3596
2024-11-08,GLOB,231.36,231.67,0.134,0.722,72.2,1.15,2.59,6.17,91.78,212.8512,254.496,286.8864
2024-11-08,DBX,27.04,27.2,0.592,0.716,71.6,2.59,2.41,2.74,76.93,24.8768,29.744,33.5296
2024-11-08,ACM,109.009,109.0188,0.009,0.627,62.7,1.83,1.93,2.5,73.27,100.2882,119.9099,135.1711
2024-11-08,ACME,109.009,109.0188,0.009,0.628,62.8,1.83,1.93,2.5,73.27,100.2882,119.9099,135.1711
2024-11-08,ACMM,109.009,109.0188,0.009,0.628,62.8,1.83,1.93,2.5,73.27,100.2882,119.9099,135.1711
2024-11-08,AVATQ,227.87,232.0,1.812,0.762,76.2,1.34,3.28,4.47,54.59,209.6404,250.657,282.5588
2024-11-08,OZK,44.2588,45.059,1.808,0.601,60.1,1.81,3.0,3.68,64.99,40.7181,48.6847,54.881
2024-11-08,MP,19.5,19.6,0.513,0.959,95.9,1.35,3.47,4.95,44.99,17.94,21.45,24.18
2024-11-08,DDS,363.7715,366.6261,0.785,0.652,65.2,1.27,2.9,5.1,43.46,334.6698,400.1486,451.0766
2024-11-08,DDUP,363.7715,366.6261,0.785,0.653,65.3,1.27,2.9,5.1,43.46,334.6697,400.1486,451.0766
2024-11-08,DEA,363.7715,366.6261,0.785,0.653,65.3,1.27,2.9,5.1,43.46,334.6697,400.1486,451.0766
2024-11-08,ABR,13.3447,13.422,0.58,0.659,65.9,1.43,2.44,2.61,28.5,12.2771,14.6791,16.5474
2024-11-08,ABR-PD,13.3447,13.422,0.58,0.659,65.9,1.43,2.44,2.61,28.5,12.2771,14.6791,16.5474
2024-11-08,FSLY,7.67,7.72,0.652,0.766,76.6,1.65,4.22,3.9,21.87,7.0564,8.437,9.5108
2024-11-08,MMSY,102.74,102.94,0.195,0.6,60.0,1.46,2.03,5.64,44.26,94.5208,113.014,127.3976
2024-11-08,JANL,53.92,54.16,0.445,0.862,86.2,1.21,5.42,1.72,37.7,49.6064,59.312,66.8608
2024-11-08,JANX,53.92,54.16,0.445,0.862,86.2,1.21,5.42,1.72,37.7,49.6064,59.312,66.8608
2024-11-08,CALM,82.6085,83.0445,0.528,0.867,86.7,1.26,2.51,1.57,41.84,75.9998,90.8693,102.4345
2024-11-08,IAG,5.69,5.36,-5.8,0.668,66.8,1.3,4.6,2.84,51.94,5.2348,6.259,7.0556
2024-11-08,GLNCY,36.5321,36.5706,0.105,0.634,63.4,1.32,2.53,1.51,31.98,33.6096,40.1853,45.2998
2024-11-08,GLNG,36.5321,36.5706,0.105,0.634,63.4,1.32,2.53,1.51,31.98,33.6096,40.1853,45.2998
2024-11-08,ORAL,82.4412,83.2246,0.95,0.583,58.3,1.26,2.02,4.28,35.55,75.8459,90.6853,102.227
2024-11-08,AGO,86.173,86.5766,0.468,0.665,66.5,1.43,1.94,3.15,21.32,79.2791,94.7903,106.8545
2024-11-08,AGR,86.173,86.5766,0.468,0.665,66.5,1.43,1.94,3.15,21.32,79.2791,94.7903,106.8545
2024-11-08,AGRI,86.173,86.5766,0.468,0.665,66.5,1.43,1.94,3.15,21.32,79.2791,94.7903,106.8545
2024-11-08,HBM,9.3405,9.2506,-0.963,0.726,72.6,1.71,2.88,0.4,23.53,8.5933,10.2746,11.5822
2024-11-08,HAYW,16.05,16.07,0.125,0.592,59.2,1.42,3.01,2.58,34.1,14.766,17.655,19.902
2024-11-08,DEI,18.0823,18.1479,0.363,0.863,86.3,1.24,3.06,4.44,28.19,16.6357,19.8905,22.422
2024-11-08,HBANL,16.05,16.07,0.125,0.592,59.2,1.42,3.01,2.58,34.1,14.766,17.655,19.902
2024-11-08,HBCO,16.05,16.07,0.125,0.592,59.2,1.42,3.01,2.58,34.1,14.766,17.655,19.902
2024-11-11,SPOT,410.19,415.81,1.37,0.744,74.4,2.11,2.39,6.59,640.51,377.3748,451.209,508.6356
2024-11-11,ABNB,137.4,135.65,-1.274,0.686,68.6,1.37,2.21,0.69,656.46,126.408,151.14,170.376
2024-11-11,TT,411.1028,411.1226,0.005,0.75,75.0,1.25,2.02,5.64,540.6,378.2146,452.2131,509.7675
2024-11-11,SE,97.46,109.55,12.405,0.774,77.4,2.01,2.61,0.22,290.39,89.6632,107.206,120.8504
2024-11-11,MNST,55.74,55.65,-0.161,0.707,70.7,1.2,2.11,4.01,344.56,51.2808,61.314,69.1176
2024-11-11,MAR,282.5093,282.2227,-0.101,0.625,62.5,1.24,2.01,6.47,433.33,259.9086,310.7602,350.3115
2024-11-11,PCG,20.8952,20.8952,0.0,0.62,62.0,1.19,1.88,3.46,206.23,19.2236,22.9847,25.9101
2024-11-11,NRG,92.7239,91.9567,-0.827,0.611,61.1,1.25,3.6,5.65,253.06,85.3059,101.9962,114.9776
2024-11-11,PWR,329.2087,328.6695,-0.164,0.778,77.8,1.21,2.41,5.41,288.25,302.872,362.1296,408.2188
2024-11-11,WRK,92.7239,91.9567,-0.827,0.612,61.2,1.25,3.6,5.65,253.06,85.306,101.9962,114.9776
2024-11-11,WSM,92.7239,91.9567,-0.827,0.612,61.2,1.25,3.6,5.65,253.06,85.306,101.9962,114.9776
2024-11-11,WST,92.7239,91.9567,-0.827,0.612,61.2,1.25,3.6,5.65,253.06,85.306,101.9962,114.9776
2024-11-11,WU,92.7239,91.9567,-0.827,0.612,61.2,1.25,3.6,5.65,253.06,85.306,101.9962,114.9776
2024-11-11,WY,92.7239,91.9567,-0.827,0.612,61.2,1.25,3.6,5.65,253.06,85.306,101.9962,114.9776
2024-11-11,XEL,65.9342,65.915,-0.029,0.63,63.0,1.17,1.97,5.54,312.5,60.6595,72.5277,81.7585
2024-11-11,SPG,170.6172,170.4761,-0.083,0.674,67.4,1.26,1.91,4.3,201.13,156.9679,187.679,211.5654
2024-11-11,DRI,163.0564,163.7018,0.396,0.704,70.4,1.3,1.91,3.73,166.95,150.0118,179.362,202.1899
2024-11-11,COHR,104.67,103.97,-0.669,0.887,88.7,1.21,4.13,6.14,278.69,96.2964,115.137,129.7908
2024-11-11,COHR1,104.67,103.97,-0.669,0.887,88.7,1.21,4.13,6.14,278.69,96.2964,115.137,129.7908
2024-11-11,LLL,458.5774,458.1346,-0.097,0.794,79.4,1.28,2.25,3.83,192.01,421.8912,504.4352,568.636
2024-11-11,LNC,458.5774,458.1346,-0.097,0.794,79.4,1.28,2.25,3.83,192.01,421.8912,504.4352,568.636
2024-11-11,LNT,458.5774,458.1346,-0.097,0.794,79.4,1.28,2.25,3.83,192.01,421.8912,504.4352,568.636
2024-11-11,SN,104.27,104.51,0.23,0.616,61.6,1.12,3.91,0.75,221.91,95.9284,114.697,129.2948
2024-11-11,OWL,21.7526,21.8839,0.603,0.867,86.7,1.15,3.15,2.61,160.48,20.0124,23.9279,26.9733
2024-11-11,CG,51.2222,51.1645,-0.113,0.847,84.7,2.52,2.72,4.91,150.32,47.1244,56.3444,63.5155
2024-11-11,DBX,28.17,28.0,-0.603,0.766,76.6,1.28,2.5,6.58,82.79,25.9164,30.987,34.9308
2024-11-11,ACM,110.1841,110.4507,0.242,0.637,63.7,1.27,1.94,3.35,74.93,101.3693,121.2025,136.6283
2024-11-11,ACME,110.1841,110.4507,0.242,0.636,63.6,1.27,1.94,3.35,74.93,101.3693,121.2025,136.6283
2024-11-11,ACMM,110.1841,110.4507,0.242,0.636,63.6,1.27,1.94,3.35,74.93,101.3693,121.2025,136.6283
2024-11-11,ATMV,42.12,42.5275,0.968,0.801,80.1,1.18,2.68,6.21,33.52,38.7504,46.332,52.2288
2024-11-11,ATMVR,42.12,42.5275,0.968,0.801,80.1,1.18,2.68,6.21,33.52,38.7504,46.332,52.2288
2024-11-11,ATMP,42.12,42.5275,0.968,0.801,80.1,1.18,2.68,6.21,33.52,38.7504,46.332,52.2288
2024-11-11,TPG,65.1786,64.5526,-0.961,0.907,90.7,1.24,3.55,3.9,82.16,59.9644,71.6965,80.8215
2024-11-11,VNOM,49.4857,49.7807,0.596,0.619,61.9,1.25,2.22,2.43,39.32,45.5269,54.4343,61.3623
2024-11-11,ABR,13.4392,13.4134,-0.192,0.663,66.3,1.29,2.44,3.2,29.35,12.364,14.7831,16.6646
2024-11-11,ABR-PD,13.4392,13.4134,-0.192,0.663,66.3,1.29,2.44,3.2,29.35,12.364,14.7831,16.6646
2024-11-11,MMSY,104.1,104.36,0.25,0.618,61.8,1.15,2.1,6.57,46.22,95.772,114.51,129.084
2024-11-11,JANL,53.68,52.83,-1.583,0.848,84.8,1.39,5.7,0.85,39.12,49.3856,59.048,66.5632
2024-11-11,JANX,53.68,52.83,-1.583,0.848,84.8,1.39,5.7,0.85,39.12,49.3856,59.048,66.5632
2024-11-11,GLNCY,36.6669,35.2714,-3.806,0.664,66.4,1.51,2.54,2.04,33.45,33.7335,40.3335,45.4669
2024-11-11,GLNG,36.6669,35.2714,-3.806,0.664,66.4,1.51,2.54,2.04,33.45,33.7335,40.3335,45.4669
2024-11-11,ORAL,83.1453,82.9271,-0.262,0.597,59.7,1.33,2.0,4.72,37.3,76.4936,91.4598,103.1001
2024-11-11,AHRN,25.5514,25.3391,-0.831,0.905,90.5,1.16,2.97,2.77,34.42,23.5073,28.1066,31.6838
2024-11-11,AHRO,25.5514,25.3391,-0.831,0.905,90.5,1.16,2.97,2.77,34.42,23.5073,28.1066,31.6838
2024-11-11,AHT,25.5514,25.3391,-0.831,0.905,90.5,1.16,2.97,2.77,34.42,23.5073,28.1066,31.6838
2024-11-11,AHR,25.5514,25.3391,-0.831,0.904,90.4,1.16,2.97,2.77,34.42,23.5073,28.1066,31.6838
2024-11-11,SATS,26.13,25.55,-2.22,0.927,92.7,1.37,3.56,3.16,32.73,24.0396,28.743,32.4012
2024-11-11,AGO,88.1715,93.5272,6.074,0.674,67.4,1.5,2.06,5.22,21.46,81.1178,96.9887,109.3327
2024-11-11,AGR,88.1715,93.5272,6.074,0.672,67.2,1.5,2.06,5.22,21.46,81.1178,96.9886,109.3327
2024-11-11,AGRI,88.1715,93.5272,6.074,0.672,67.2,1.5,2.06,5.22,21.46,81.1178,96.9886,109.3327
2024-11-11,APLE,14.5126,14.44,-0.5,0.601,60.1,1.34,1.91,6.01,25.55,13.3516,15.9638,17.9956
2024-11-11,HAYW,15.99,15.87,-0.75,0.596,59.6,1.14,3.01,1.88,35.48,14.7108,17.589,19.8276
2024-11-11,HBANL,15.99,15.87,-0.75,0.596,59.6,1.14,3.01,1.88,35.48,14.7108,17.589,19.8276
2024-11-11,HBCO,15.99,15.87,-0.75,0.596,59.6,1.14,3.01,1.88,35.48,14.7108,17.589,19.8276
2024-11-12,CMG,60.49,60.89,0.661,0.654,65.4,1.35,2.24,3.13,695.92,55.6508,66.539,75.0076
2024-11-12,ETN,365.3038,366.0464,0.203,0.816,81.6,1.13,1.89,6.23,731.86,336.0795,401.8342,452.9768
2024-11-12,T,20.9546,20.9736,0.09,0.658,65.8,1.14,2.15,0.44,724.7,19.2783,23.0501,25.9837
2024-11-12,GILD,91.019,90.8068,-0.233,0.851,85.1,1.46,1.89,4.75,580.85,83.7375,100.1209,112.8636
2024-11-12,SYK,382.6733,382.2384,-0.114,0.63,63.0,1.32,2.03,5.78,474.9,352.0595,420.9407,474.5149
2024-11-12,MNST,56.02,55.61,-0.732,0.76,76.0,1.21,2.06,4.2,344.77,51.5384,61.622,69.4648
2024-11-12,FLUT,248.17,264.03,6.391,0.742,74.2,1.7,2.24,6.22,389.91,228.3164,272.987,307.7308
2024-11-12,PCAR,110.3507,111.0089,0.597,0.743,74.3,1.33,2.53,6.14,307.3,101.5226,121.3857,136.8348
2024-11-12,SPG,167.6817,168.7731,0.651,0.61,61.0,1.28,1.9,2.4,198.86,154.2672,184.4499,207.9253
2024-11-12,CCJ,54.1987,55.4239,2.261,0.883,88.3,1.24,3.86,0.6,274.2,49.8628,59.6185,67.2063
2024-11-12,DRI,160.9658,161.486,0.323,0.602,60.2,1.17,1.96,2.18,163.7,148.0885,177.0624,199.5976
2024-11-12,TOL,150.2679,153.0786,1.871,0.634,63.4,1.11,3.01,0.07,167.55,138.2464,165.2946,186.3321
2024-11-12,LLL,444.8204,447.1329,0.52,0.763,76.3,1.14,2.29,0.71,188.45,409.2348,489.3025,551.5773
2024-11-12,LNC,444.8204,447.1329,0.52,0.763,76.3,1.14,2.29,0.71,188.45,409.2348,489.3025,551.5773
2024-11-12,LNT,444.8204,447.1329,0.52,0.763,76.3,1.14,2.29,0.71,188.45,409.2348,489.3025,551.5773
2024-11-12,CNP,29.3641,29.5281,0.558,0.695,69.5,1.15,2.12,2.63,153.52,27.015,32.3006,36.4115
2024-11-12,FOUR,99.12,99.47,0.353,0.774,77.4,3.34,3.29,4.92,124.24,91.1904,109.032,122.9088
2024-11-12,FOUR1,99.12,99.47,0.353,0.774,77.4,3.34,3.29,4.92,124.24,91.1904,109.032,122.9088
2024-11-12,S,27.71,27.87,0.577,0.693,69.3,1.19,3.14,4.92,99.55,25.4932,30.481,34.3604
2024-11-12,UAA,9.57,9.64,0.731,0.662,66.2,1.19,4.5,5.38,114.1,8.8044,10.527,11.8668
2024-11-12,CNX,38.48,39.0,1.351,0.924,92.4,1.35,3.14,6.67,103.03,35.4016,42.328,47.7152
2024-11-12,BTU,26.2328,26.497,1.007,0.684,68.4,2.17,3.11,2.66,72.14,24.1341,28.856,32.5286
2024-11-12,BUTLQ,26.2328,26.497,1.007,0.683,68.3,2.17,3.11,2.66,72.14,24.1341,28.856,32.5286
2024-11-12,ATMV,42.3088,42.627,0.752,0.844,84.4,1.37,2.69,6.23,35.21,38.9241,46.5397,52.463
2024-11-12,ATMVR,42.3088,42.627,0.752,0.844,84.4,1.37,2.69,6.23,35.21,38.9241,46.5397,52.463
2024-11-12,ATMP,42.3088,42.627,0.752,0.845,84.5,1.37,2.69,6.23,35.21,38.9241,46.5397,52.463
2024-11-12,NXEN,7.6,7.65,0.658,0.84,84.0,1.39,4.32,0.64,46.21,6.992,8.36,9.424
2024-11-12,MMSY,104.24,104.5,0.249,0.644,64.4,1.17,2.07,6.24,46.26,95.9008,114.664,129.2576
2024-11-12,AHRN,25.0109,25.5321,2.084,0.905,90.5,1.6,3.15,0.41,34.95,23.01,27.5119,31.0135
2024-11-12,AHRO,25.0109,25.5321,2.084,0.905,90.5,1.6,3.15,0.41,34.95,23.01,27.5119,31.0135
2024-11-12,AHT,25.0109,25.5321,2.084,0.905,90.5,1.6,3.15,0.41,34.95,23.01,27.5119,31.0135
2024-11-12,AHR,25.0109,25.5321,2.084,0.905,90.5,1.6,3.15,0.41,34.95,23.01,27.5119,31.0135
2024-11-12,TSS,18.6532,18.7109,0.31,0.879,87.9,1.54,3.24,4.06,28.71,17.1609,20.5185,23.1299
2024-11-12,LOAR,88.11,86.33,-2.02,0.722,72.2,1.22,4.93,4.78,29.64,81.0612,96.921,109.2564
2024-11-12,APLE,14.4309,14.4581,0.189,0.593,59.3,1.12,1.9,5.08,25.66,13.2764,15.874,17.8943
2024-11-12,PAC,2.21,2.26,2.262,0.913,91.3,1.37,11.66,3.71,22.51,2.0332,2.431,2.7404
2024-11-12,PACB,2.21,2.26,2.262,0.913,91.3,1.37,11.66,3.71,22.51,2.0332,2.431,2.7404
2024-11-12,PACC,2.21,2.26,2.262,0.913,91.3,1.37,11.66,3.71,22.51,2.0332,2.431,2.7404
2024-11-12,KRON1,64.88,65.04,0.247,0.909,90.9,1.48,3.92,4.81,24.09,59.6896,71.368,80.4512
2024-11-13,GILD,89.3597,89.051,-0.345,0.809,80.9,1.63,1.97,2.51,605.47,82.2109,98.2957,110.8061
2024-11-13,CDNS,306.47,304.46,-0.656,0.648,64.8,1.12,2.87,4.11,588.67,281.9524,337.117,380.0228
2024-11-13,SYK,383.8892,385.0755,0.309,0.609,60.9,1.31,2.01,5.72,493.49,353.1781,422.2781,476.0226
2024-11-13,TTD,127.25,127.47,0.173,0.803,80.3,1.11,2.96,4.35,489.48,117.07,139.975,157.79
2024-11-13,WELL,132.6234,132.3187,-0.23,0.68,68.0,1.37,1.89,1.24,328.87,122.0135,145.8857,164.453
2024-11-13,NET,94.16,94.46,0.319,0.64,64.0,2.05,3.18,4.57,265.21,86.6272,103.576,116.7584
2024-11-13,LYV,127.02,126.76,-0.205,0.878,87.8,1.7,1.91,6.47,334.6,116.8584,139.722,157.5048
2024-11-13,CPNG,25.9,25.81,-0.347,0.614,61.4,1.22,2.9,2.19,233.63,23.828,28.49,32.116
2024-11-13,LLL,446.5523,445.5978,-0.214,0.786,78.6,1.24,2.31,1.11,194.22,410.8281,491.2075,553.7249
2024-11-13,LNC,446.5523,445.5978,-0.214,0.786,78.6,1.24,2.31,1.11,194.22,410.8281,491.2075,553.7249
2024-11-13,LNT,446.5523,445.5978,-0.214,0.786,78.6,1.24,2.31,1.11,194.22,410.8281,491.2075,553.7249
2024-11-13,CNP,29.3352,29.3834,0.164,0.714,71.4,1.16,2.21,2.47,155.53,26.9884,32.2687,36.3756
2024-11-13,OC,189.3472,189.4923,0.077,0.774,77.4,1.42,2.79,5.79,139.74,174.1994,208.2819,234.7905
2024-11-13,OCAI,189.3472,189.4923,0.077,0.775,77.5,1.42,2.79,5.79,139.74,174.1994,208.2819,234.7905
2024-11-13,S,27.68,27.75,0.253,0.654,65.4,1.42,3.01,4.47,99.46,25.4656,30.448,34.3232
2024-11-13,LULU,226.7257,226.3724,-0.156,0.678,67.8,1.39,2.07,6.67,127.01,208.5877,249.3983,281.1399
2024-11-13,LUMN,226.7257,226.3724,-0.156,0.678,67.8,1.39,2.07,6.67,127.01,208.5877,249.3983,281.1399
2024-11-13,LUV,226.7257,226.3724,-0.156,0.678,67.8,1.39,2.07,6.67,127.01,208.5877,249.3983,281.1399
2024-11-13,LW,226.7257,226.3724,-0.156,0.678,67.8,1.39,2.07,6.67,127.01,208.5877,249.3983,281.1399
2024-11-13,JBLU,6.94,6.99,0.72,0.943,94.3,1.85,5.72,5.14,140.39,6.3848,7.634,8.6056
2024-11-13,BNTX,111.48,112.9,1.274,0.823,82.3,1.59,3.5,0.46,90.91,102.5616,122.628,138.2352
2024-11-13,ACM,111.1024,110.5198,-0.524,0.69,69.0,1.51,1.97,3.67,77.28,102.2143,122.2127,137.767
2024-11-13,LBRDK,86.7884,86.4794,-0.356,0.955,95.5,3.8,3.35,6.14,127.52,79.8453,95.4672,107.6176
2024-11-13,ACME,111.1024,110.5198,-0.524,0.689,68.9,1.51,1.97,3.67,77.28,102.2142,122.2127,137.767
2024-11-13,ACMM,111.1024,110.5198,-0.524,0.689,68.9,1.51,1.97,3.67,77.28,102.2142,122.2127,137.767
2024-11-13,AYI,329.7233,329.6933,-0.009,0.921,92.1,1.37,1.91,6.31,83.58,303.3454,362.6956,408.8569
2024-11-13,AZA.A,329.9367,329.9067,-0.009,0.923,92.3,1.37,1.91,6.31,83.64,303.5417,362.9303,409.1215
2024-11-13,AZEK,329.9367,329.9067,-0.009,0.923,92.3,1.37,1.91,6.31,83.64,303.5417,362.9303,409.1215
2024-11-13,AYRO,329.9367,329.9067,-0.009,0.922,92.2,1.37,1.91,6.31,83.64,303.5417,362.9303,409.1215
2024-11-13,SCI,83.0826,83.268,0.223,0.635,63.5,1.21,1.92,5.98,80.11,76.436,91.3909,103.0224
2024-11-13,SYM,31.49,31.91,1.334,0.881,88.1,1.4,5.88,4.25,35.26,28.9708,34.639,39.0476
2024-11-13,VOYA,79.0484,79.4913,0.56,0.796,79.6,1.28,2.01,1.08,70.34,72.7245,86.9533,98.02
2024-11-13,HR,94.8,95.18,0.401,0.845,84.5,1.4,2.71,4.61,57.65,87.216,104.28,117.552
2024-11-13,ITT,151.6195,152.3599,0.488,0.655,65.5,1.28,1.93,4.29,67.66,139.49,166.7815,188.0082
2024-11-13,MP,19.12,19.09,-0.157,0.964,96.4,1.47,3.83,1.56,45.77,17.5904,21.032,23.7088
2024-11-13,SAIC,145.5481,144.5942,-0.655,0.721,72.1,1.45,1.91,0.45,37.06,133.9043,160.1029,180.4797
2024-11-13,HEI-A,212.027,212.027,-0.0,0.598,59.8,1.53,2.06,6.4,40.77,195.0648,233.2297,262.9135
2024-11-13,ABR,13.1642,13.2158,0.392,0.729,72.9,1.14,2.47,0.97,29.26,12.1111,14.4806,16.3236
2024-11-13,ABR-PD,13.1642,13.2158,0.392,0.729,72.9,1.14,2.47,0.97,29.26,12.1111,14.4806,16.3236
2024-11-13,AHRN,25.87,25.8507,-0.075,0.917,91.7,1.61,3.36,3.58,37.64,23.8004,28.457,32.0788
2024-11-13,AHRO,25.87,25.8507,-0.075,0.917,91.7,1.61,3.36,3.58,37.64,23.8004,28.457,32.0788
2024-11-13,AHT,25.87,25.8507,-0.075,0.917,91.7,1.61,3.36,3.58,37.64,23.8004,28.457,32.0788
2024-11-13,AHR,25.87,25.8507,-0.075,0.919,91.9,1.61,3.36,3.58,37.64,23.8004,28.457,32.0788
2024-11-13,AGO,87.571,88.2601,0.787,0.712,71.2,1.56,2.25,3.79,24.67,80.5653,96.328,108.588
2024-11-13,VNT,38.9635,38.8838,-0.204,0.631,63.1,1.26,2.16,6.55,36.04,35.8464,42.8598,48.3147
2024-11-13,TSS,18.4222,18.4799,0.313,0.862,86.2,1.34,3.29,2.67,28.99,16.9484,20.2644,22.8435
2024-11-13,AGR,87.571,88.2601,0.787,0.711,71.1,1.56,2.25,3.79,24.67,80.5653,96.328,108.588
2024-11-13,AGRI,87.571,88.2601,0.787,0.711,71.1,1.56,2.25,3.79,24.67,80.5653,96.328,108.588
2024-11-13,EHVVF,17.38,17.1,-1.611,0.938,93.8,1.83,7.19,2.05,33.4,15.9896,19.118,21.5512
2024-11-13,EI,17.38,17.1,-1.611,0.938,93.8,1.83,7.19,2.05,33.4,15.9896,19.118,21.5512
2024-11-13,EIC,17.38,17.1,-1.611,0.938,93.8,1.83,7.19,2.05,33.4,15.9896,19.118,21.5512
2024-11-13,EICA,17.38,17.1,-1.611,0.938,93.8,1.83,7.19,2.05,33.4,15.9896,19.118,21.5512
2024-11-14,PANW,197.195,194.72,-1.255,0.741,74.1,1.18,2.23,2.53,813.11,181.4194,216.9145,244.5218
2024-11-14,ISRG,537.8,533.21,-0.853,0.581,58.1,1.35,1.94,3.52,762.12,494.776,591.58,666.872
2024-11-14,GILD,88.8581,88.4722,-0.434,0.833,83.3,1.18,1.99,1.67,619.46,81.7494,97.7439,110.184
2024-11-14,DDOG,131.43,129.05,-1.811,0.622,62.2,1.25,3.1,4.25,557.28,120.9156,144.573,162.9732
2024-11-14,MDB,291.59,286.0,-1.917,0.613,61.3,1.47,3.41,4.86,329.3,268.2628,320.749,361.5716
2024-11-14,SYK,378.8873,377.612,-0.337,0.605,60.5,1.36,2.07,4.01,505.84,348.5763,416.776,469.8202
2024-11-14,AAL,14.26,14.22,-0.281,0.933,93.3,1.11,3.42,5.62,426.32,13.1192,15.686,17.6824
2024-11-14,SE,103.33,102.76,-0.552,0.859,85.9,1.18,3.18,5.14,383.36,95.0636,113.663,128.1292
2024-11-14,MNST,55.96,55.44,-0.929,0.773,77.3,1.44,2.05,3.58,347.79,51.4832,61.556,69.3904
2024-11-14,USB,47.6845,47.6466,-0.08,0.728,72.8,1.29,1.97,2.61,383.72,43.8697,52.453,59.1288
2024-11-14,CAH,119.2736,120.1292,0.717,0.602,60.2,1.36,2.38,5.63,278.1,109.7317,131.201,147.8993
2024-11-14,VEEV,229.71,227.41,-1.001,0.669,66.9,1.16,2.4,4.32,201.44,211.3332,252.681,284.8404
2024-11-14,NDAQ,76.8813,77.0487,0.218,0.617,61.7,1.24,2.0,2.41,197.67,70.7308,84.5694,95.3328
2024-11-14,CBRE,132.0,131.34,-0.5,0.747,74.7,1.22,2.46,0.85,266.68,121.44,145.2,163.68
2024-11-14,PARA,537.1,528.61,-1.581,0.621,62.1,1.37,1.9,2.04,177.38,494.132,590.81,666.004
2024-11-14,PAYC,537.1,528.61,-1.581,0.621,62.1,1.37,1.9,2.04,177.38,494.132,590.81,666.004
2024-11-14,STLD,135.2915,136.5285,0.914,0.722,72.2,1.26,2.98,0.22,175.84,124.4682,148.8206,167.7614
2024-11-14,EME,496.8321,498.029,0.241,0.917,91.7,1.28,2.5,6.35,215.46,457.0856,546.5153,616.0718
2024-11-14,SW,48.2814,48.0045,-0.573,0.685,68.5,1.49,2.36,2.61,186.07,44.4189,53.1096,59.8689
2024-11-14,ARGX,595.04,572.41,-3.803,0.645,64.5,2.17,2.33,3.08,162.43,547.4368,654.544,737.8496
2024-11-14,GMG-AX,36.6019,36.5625,-0.108,0.702,70.2,1.28,2.17,2.14,98.5,33.6738,40.2621,45.3864
2024-11-14,FOUR,98.78,97.4,-1.397,0.848,84.8,1.13,3.56,4.0,133.14,90.8776,108.658,122.4872
2024-11-14,OC,188.8539,188.0028,-0.451,0.783,78.3,1.13,2.8,5.27,139.51,173.7456,207.7393,234.1789
2024-11-14,BN,38.2504,38.4489,0.519,0.827,82.7,1.19,2.27,4.17,90.0,35.1904,42.0754,47.4305
2024-11-14,FOUR1,98.78,97.4,-1.397,0.848,84.8,1.13,3.56,4.0,133.14,90.8776,108.658,122.4872
2024-11-14,OCAI,188.8539,188.0028,-0.451,0.783,78.3,1.13,2.8,5.27,139.51,173.7456,207.7393,234.1789
2024-11-14,EQH,46.1069,46.2037,0.21,0.753,75.3,1.28,2.42,2.34,109.61,42.4184,50.7176,57.1726
2024-11-14,GLOB,228.79,214.2,-6.377,0.584,58.4,1.64,2.52,3.13,93.53,210.4868,251.669,283.6996
2024-11-14,MASI,160.15,159.66,-0.306,0.893,89.3,1.31,3.27,6.69,104.66,147.338,176.165,198.586
2024-11-14,CRDO,41.9,41.42,-1.146,0.721,72.1,1.74,5.22,0.25,98.19,38.548,46.09,51.956
2024-11-14,CRDSQ,41.9,41.42,-1.146,0.721,72.1,1.74,5.22,0.25,98.19,38.548,46.09,51.956
2024-11-14,LBRDK,84.0075,83.1461,-1.025,0.957,95.7,2.4,3.53,2.17,135.34,77.2869,92.4082,104.1693
2024-11-14,BWXT,126.8246,125.163,-1.31,0.871,87.1,1.18,3.02,3.51,138.0,116.6786,139.5071,157.2625
2024-11-14,CNX,38.44,38.47,0.078,0.954,95.4,1.48,3.06,5.58,107.16,35.3648,42.284,47.6656
2024-11-14,ATMV,42.8456,43.0445,0.464,0.897,89.7,1.18,2.76,6.64,36.92,39.418,47.1302,53.1286
2024-11-14,ATMVR,42.8456,43.0445,0.464,0.897,89.7,1.18,2.76,6.64,36.92,39.418,47.1302,53.1286
2024-11-14,ATMP,42.8457,43.0445,0.464,0.896,89.6,1.18,2.76,6.64,36.92,39.418,47.1302,53.1286
2024-11-14,CBRL,46.7568,46.9027,0.312,0.689,68.9,1.93,5.31,0.32,28.81,43.0162,51.4325,57.9784
2024-11-14,CBRRF,46.7568,46.9027,0.312,0.689,68.9,1.93,5.31,0.32,28.81,43.0162,51.4325,57.9784
2024-11-14,GGAL,53.2465,53.626,0.713,0.98,98.0,1.26,4.13,3.39,47.16,48.9868,58.5711,66.0256
2024-11-14,AHRN,25.3101,25.3101,0.0,0.921,92.1,1.28,3.42,1.11,37.47,23.2853,27.8411,31.3845
2024-11-14,AHRO,25.3101,25.3101,0.0,0.921,92.1,1.28,3.42,1.11,37.47,23.2853,27.8411,31.3845
2024-11-14,AHT,25.3101,25.3101,0.0,0.921,92.1,1.28,3.42,1.11,37.47,23.2853,27.8411,31.3845
2024-11-14,AHR,25.3101,25.3101,0.0,0.921,92.1,1.28,3.42,1.11,37.47,23.2853,27.8411,31.3845
2024-11-14,JBTM,117.2256,117.9424,0.611,0.907,90.7,1.32,3.81,3.87,57.99,107.8475,128.9481,145.3597
2024-11-14,AGO,90.1208,90.0814,-0.044,0.768,76.8,1.4,2.27,6.56,25.98,82.9111,99.1329,111.7498
2024-11-14,TSS,18.5088,18.5858,0.416,0.898,89.8,1.29,3.28,2.97,29.95,17.0281,20.3597,22.9509
2024-11-14,AGR,90.1208,90.0814,-0.044,0.768,76.8,1.4,2.27,6.56,25.98,82.9111,99.1329,111.7498
2024-11-14,AGRI,90.1208,90.0814,-0.044,0.768,76.8,1.4,2.27,6.56,25.98,82.9111,99.1329,111.7498
2024-11-14,IRDM,28.7438,28.6759,-0.236,0.614,61.4,1.78,3.66,0.09,32.72,26.4443,31.6181,35.6423
2024-11-14,OS,33.53,31.95,-4.712,0.638,63.8,1.54,5.23,6.56,29.43,30.8476,36.883,41.5772
2024-11-14,CPAC,95.0262,94.9438,-0.087,0.74,74.0,1.23,2.51,4.69,23.26,87.4241,104.5288,117.8325
2024-11-14,CPA,95.0262,94.9438,-0.087,0.74,74.0,1.23,2.51,4.69,23.26,87.4241,104.5288,117.8325
2024-11-14,KTTA,25.28,25.53,0.989,0.801,80.1,1.56,3.43,3.0,26.55,23.2576,27.808,31.3472
2024-11-14,DEI,17.332,17.407,0.433,0.834,83.4,1.5,3.18,0.18,27.87,15.9454,19.0652,21.4917
2024-11-15,CRM,322.7821,324.5088,0.535,0.863,86.3,1.32,2.38,6.07,1731.61,296.9595,355.0603,400.2498
2024-11-15,BMY,52.9323,52.8946,-0.071,0.789,78.9,1.84,2.45,2.39,611.01,48.6977,58.2255,65.636
2024-11-15,T,21.456,21.5601,0.485,0.763,76.3,1.14,2.18,2.39,756.74,19.7395,23.6016,26.6055
2024-11-15,WDAY,259.41,261.03,0.624,0.639,63.9,1.24,2.56,4.13,427.17,238.6572,285.351,321.6684
2024-11-15,MDB,279.77,281.68,0.683,0.67,67.0,1.52,3.61,0.54,325.12,257.3884,307.747,346.9148
2024-11-15,SYK,385.6093,388.4662,0.741,0.618,61.8,2.05,2.07,5.56,539.57,354.7606,424.1702,478.1555
2024-11-15,ADSK,299.15,299.36,0.07,0.796,79.6,1.8,1.88,1.28,381.31,275.218,329.065,370.946
2024-11-15,DL1,39.84,40.0,0.402,0.656,65.6,1.12,3.54,4.41,411.33,36.6528,43.824,49.4016
2024-11-15,DLAPQ,39.84,40.0,0.402,0.656,65.6,1.12,3.54,4.41,411.33,36.6528,43.824,49.4016
2024-11-15,SE,102.94,103.6,0.641,0.852,85.2,1.66,3.28,4.52,399.81,94.7048,113.234,127.6456
2024-11-15,USB,47.2959,47.3528,0.12,0.685,68.5,1.66,1.94,1.7,386.71,43.5122,52.0255,58.6469
2024-11-15,PNC,198.7419,198.6941,-0.024,0.799,79.9,1.3,1.93,6.21,383.2,182.8425,218.6161,246.44
2024-11-15,DLR,173.161,172.9008,-0.15,0.806,80.6,1.27,2.25,1.6,408.34,159.3081,190.4771,214.7196
2024-11-15,PCG,20.8457,20.7466,-0.475,0.652,65.2,2.02,1.89,2.48,225.21,19.178,22.9302,25.8486
2024-11-15,CCJ,53.3818,54.1489,1.437,0.909,90.9,2.3,4.08,0.09,253.82,49.1113,58.72,66.1935
2024-11-15,AA,43.393,43.3338,-0.136,0.927,92.7,2.4,3.28,4.67,203.39,39.9215,47.7323,53.8073
2024-11-15,NDAQ,77.5707,77.1768,-0.508,0.63,63.0,1.74,1.98,3.07,209.29,71.3651,85.3278,96.1877
2024-11-15,ETR,72.0416,71.8242,-0.302,0.866,86.6,1.18,2.44,5.1,314.98,66.2783,79.2458,89.3316
2024-11-15,EVRG,84.5692,84.7246,0.184,0.602,60.2,1.32,2.31,4.13,150.11,77.8037,93.0262,104.8659
2024-11-15,EXE,84.5692,84.7246,0.184,0.602,60.2,1.32,2.31,4.13,150.11,77.8037,93.0262,104.8659
2024-11-15,EXPD,84.5692,84.7246,0.184,0.602,60.2,1.32,2.31,4.13,150.11,77.8037,93.0262,104.8659
2024-11-15,CNP,29.7693,29.7982,0.097,0.698,69.8,1.15,2.33,3.89,151.29,27.3878,32.7462,36.9139
2024-11-15,BCS,12.8742,12.8644,-0.076,0.602,60.2,1.22,1.91,2.43,131.13,11.8442,14.1616,15.964
2024-11-15,GMG-AX,37.0065,36.8684,-0.373,0.708,70.8,1.14,2.18,3.14,99.04,34.046,40.7072,45.8881
2024-11-15,IT,181.82,181.68,-0.077,0.815,81.5,1.35,3.12,3.36,165.77,167.2744,200.002,225.4568
2024-11-15,OC,187.6256,186.436,-0.634,0.778,77.8,1.11,2.8,4.46,140.73,172.6155,206.3881,232.6557
2024-11-15,BN,37.582,37.6019,0.053,0.812,81.2,1.5,2.29,2.31,90.23,34.5754,41.3402,46.6017
2024-11-15,OCAI,187.6256,186.4359,-0.634,0.778,77.8,1.11,2.8,4.46,140.73,172.6156,206.3882,232.6558
2024-11-15,NTRS,103.4263,103.4263,-0.0,0.852,85.2,1.43,1.99,4.68,141.27,95.1522,113.7689,128.2486
2024-11-15,NTRT,103.4263,103.4263,-0.0,0.852,85.2,1.43,1.99,4.68,141.27,95.1522,113.7689,128.2486
2024-11-15,NTS,103.4263,103.4263,-0.0,0.852,85.2,1.43,1.99,4.68,141.27,95.1522,113.7689,128.2486
2024-11-15,MDH,288.58,290.25,0.579,0.731,73.1,1.46,5.8,3.88,186.16,265.4936,317.438,357.8392
2024-11-15,MDIA,288.58,290.25,0.579,0.731,73.1,1.46,5.8,3.88,186.16,265.4936,317.438,357.8392
2024-11-15,LULU,223.6144,222.0145,-0.715,0.699,69.9,2.92,2.12,4.32,145.39,205.7252,245.9758,277.2818
2024-11-15,LUMN,223.6144,222.0145,-0.715,0.699,69.9,2.92,2.12,4.32,145.39,205.7252,245.9758,277.2818
2024-11-15,LUV,223.6144,222.0145,-0.715,0.699,69.9,2.92,2.12,4.32,145.39,205.7252,245.9758,277.2818
2024-11-15,LW,223.6144,222.0145,-0.715,0.699,69.9,2.92,2.12,4.32,145.39,205.7252,245.9758,277.2818
2024-11-15,VTRS,12.0991,12.0519,-0.39,0.598,59.8,1.29,3.01,6.21,85.94,11.1312,13.309,15.0029
2024-11-15,PFG,81.8903,81.7578,-0.162,0.633,63.3,2.62,1.89,0.9,111.85,75.339,90.0793,101.5439
2024-11-15,PFFVF,82.6269,82.4933,-0.162,0.633,63.3,2.62,1.89,0.9,112.86,76.0168,90.8896,102.4574
2024-11-15,RHI,66.9252,66.7976,-0.191,0.787,78.7,1.17,2.27,3.27,79.27,61.5712,73.6177,82.9872
2024-11-15,RBRK,43.24,43.61,0.856,0.79,79.0,1.3,3.97,3.13,53.96,39.7808,47.564,53.6176
2024-11-15,RBA,91.9505,91.8612,-0.097,0.582,58.2,1.16,2.42,5.29,75.54,84.5944,101.1455,114.0186
2024-11-15,DOL-TO,147.6297,147.171,-0.311,0.592,59.2,1.37,1.88,1.19,75.67,135.8193,162.3927,183.0608
2024-11-15,RVMD,55.13,55.31,0.327,0.875,87.5,1.16,4.36,2.43,92.69,50.7196,60.643,68.3612
2024-11-15,EXEL,34.45,34.15,-0.871,0.912,91.2,1.12,2.65,5.65,88.21,31.694,37.895,42.718
2024-11-15,SF,74.3913,74.7943,0.542,0.926,92.6,1.46,2.18,5.91,73.16,68.44,81.8304,92.2452
2024-11-15,SSB,102.9207,103.9492,0.999,0.735,73.5,1.22,3.01,4.59,60.18,94.687,113.2128,127.6217
2024-11-15,SAM,318.17,317.74,-0.135,0.728,72.8,1.32,2.56,4.59,42.39,292.7164,349.987,394.5308
2024-11-15,CORSQ,51.83,52.0,0.328,0.963,96.3,1.19,5.26,0.55,61.53,47.6836,57.013,64.2692
2024-11-15,CORT,51.83,52.0,0.328,0.963,96.3,1.19,5.26,0.55,61.53,47.6836,57.013,64.2692
2024-11-15,CBRL,47.4766,48.5368,2.233,0.803,80.3,1.28,5.36,2.04,29.27,43.6784,52.2242,58.8709
2024-11-15,CBRRF,47.4766,48.5368,2.233,0.803,80.3,1.28,5.36,2.04,29.27,43.6784,52.2242,58.8709
2024-11-15,FOX,42.4353,42.3759,-0.14,0.677,67.7,2.34,2.01,5.93,38.12,39.0405,46.6788,52.6197
2024-11-15,GGAL,54.7842,55.2806,0.906,0.981,98.1,2.13,4.15,5.81,51.95,50.4015,60.2626,67.9324
2024-11-15,PPC,43.4922,43.7209,0.526,0.74,74.0,1.12,3.55,3.22,44.96,40.0128,47.8414,53.9303
2024-11-15,JHG,42.8255,42.9698,0.337,0.835,83.5,1.27,2.13,5.88,45.3,39.3994,47.108,53.1036
2024-11-15,AHRN,26.2368,26.3623,0.478,0.924,92.4,1.42,3.54,4.42,40.18,24.1378,28.8605,32.5336
2024-11-15,AHRO,26.2368,26.3623,0.478,0.924,92.4,1.42,3.54,4.42,40.18,24.1378,28.8605,32.5336
2024-11-15,AHT,26.2368,26.3623,0.478,0.924,92.4,1.42,3.54,4.42,40.18,24.1378,28.8605,32.5336
2024-11-15,AHR,26.2368,26.3623,0.478,0.924,92.4,1.42,3.54,4.42,40.18,24.1378,28.8605,32.5336
2024-11-15,ALT,7.61,7.55,-0.788,0.644,64.4,1.45,8.95,3.41,28.42,7.0012,8.371,9.4364
2024-11-15,AGO,89.6089,91.0068,1.56,0.763,76.3,1.2,2.3,5.7,26.46,82.4402,98.5698,111.115
2024-11-15,AGR,89.6089,91.0068,1.56,0.761,76.1,1.2,2.3,5.7,26.46,82.4401,98.5697,111.115
2024-11-15,AGRI,89.6089,91.0068,1.56,0.761,76.1,1.2,2.3,5.7,26.46,82.4401,98.5697,111.115
2024-11-15,ARQT,9.26,9.27,0.108,0.612,61.2,1.27,6.37,0.34,22.03,8.5192,10.186,11.4824
2024-11-15,CPAC,93.9091,94.2296,0.341,0.739,73.9,1.13,2.57,3.43,22.82,86.3964,103.3,116.4473
2024-11-15,CPA,93.9091,94.2296,0.341,0.74,74.0,1.13,2.57,3.43,22.82,86.3964,103.3,116.4473
2024-11-15,HAYW,16.06,16.06,0.0,0.616,61.6,1.14,2.95,1.81,38.72,14.7752,17.666,19.9144
2024-11-15,HBANL,16.06,16.06,0.0,0.616,61.6,1.14,2.95,1.81,38.72,14.7752,17.666,19.9144
2024-11-15,HBCO,16.06,16.06,0.0,0.616,61.6,1.14,2.95,1.81,38.72,14.7752,17.666,19.9144
2024-11-18,NFLX,84.705,83.975,-0.862,0.834,83.4,1.37,2.14,4.58,2530.25,77.9286,93.1755,105.0342
2024-11-18,NOW,201.068,199.534,-0.763,0.841,84.1,1.26,2.08,2.65,1394.22,184.9826,221.1748,249.3243
2024-11-18,VRT,122.8082,123.4171,0.496,0.976,97.6,1.16,4.08,5.77,802.84,112.9835,135.089,152.2821
2024-11-18,BSX,90.45,90.03,-0.464,0.725,72.5,1.2,2.18,4.62,680.94,83.214,99.495,112.158
2024-11-18,SYK,384.9371,382.4954,-0.634,0.638,63.8,1.41,2.12,5.07,560.73,354.1421,423.4308,477.322
2024-11-18,APD,317.426,315.5189,-0.601,0.819,81.9,1.28,1.88,3.98,472.6,292.0319,349.1686,393.6082
2024-11-18,FTNT,91.88,90.59,-1.404,0.805,80.5,1.17,3.98,1.05,682.57,84.5296,101.068,113.9312
2024-11-18,RBLX,51.03,50.53,-0.98,0.758,75.8,1.39,3.54,4.81,531.56,46.9476,56.133,63.2772
2024-11-18,NCLH,26.1,25.36,-2.835,0.97,97.0,1.38,3.44,2.14,302.22,24.012,28.71,32.364
2024-11-18,ZM,78.93,78.82,-0.139,0.694,69.4,1.48,2.38,1.27,222.32,72.6156,86.823,97.8732
2024-11-18,CCJ,55.6829,55.9618,0.501,0.909,90.9,1.41,4.25,4.6,271.17,51.2282,61.2512,69.0468
2024-11-18,CYBR,305.74,302.68,-1.001,0.595,59.5,1.14,3.45,5.07,161.35,281.2808,336.314,379.1176
2024-11-18,CYBR2,305.74,302.68,-1.001,0.595,59.5,1.14,3.45,5.07,161.35,281.2808,336.314,379.1176
2024-11-18,FOUR,100.62,99.22,-1.391,0.864,86.4,2.75,3.66,5.53,155.17,92.5704,110.682,124.7688
2024-11-18,OC,188.8926,187.1323,-0.932,0.72,72.0,1.11,2.84,4.91,142.37,173.7812,207.7819,234.2269
2024-11-18,BN,37.132,36.7614,-0.998,0.728,72.8,1.33,2.22,1.02,90.79,34.1614,40.8452,46.0437
2024-11-18,FOUR1,100.62,99.22,-1.391,0.864,86.4,2.75,3.66,5.53,155.17,92.5704,110.682,124.7688
2024-11-18,OCAI,188.8926,187.1323,-0.932,0.72,72.0,1.11,2.84,4.91,142.37,173.7812,207.7819,234.2268
2024-11-18,RS,302.8299,300.2342,-0.857,0.619,61.9,1.14,2.47,2.8,108.22,278.6035,333.1129,375.509
2024-11-18,RBA,93.3085,92.3965,-0.977,0.626,62.6,1.53,2.2,6.37,74.68,85.8438,102.6393,115.7025
2024-11-18,ACM,107.7647,105.4342,-2.163,0.662,66.2,1.97,2.23,0.54,91.98,99.1435,118.5412,133.6282
2024-11-18,ACME,107.7647,105.4342,-2.163,0.661,66.1,1.97,2.23,0.54,91.98,99.1435,118.5412,133.6282
2024-11-18,ACMM,107.7647,105.4342,-2.163,0.661,66.1,1.97,2.23,0.54,91.98,99.1435,118.5412,133.6282
2024-11-18,SYM,30.56,38.15,24.836,0.907,90.7,2.61,6.07,1.1,35.44,28.1152,33.616,37.8944
2024-11-18,APLD,7.75,7.9,1.935,0.984,98.4,1.79,9.52,3.56,109.04,7.13,8.525,9.61
2024-11-18,OZK,45.945,45.0019,-2.053,0.671,67.1,1.23,2.67,5.24,59.98,42.2694,50.5395,56.9718
2024-11-18,SF,74.3068,73.3902,-1.233,0.91,91.0,1.31,2.19,5.16,74.92,68.3622,81.7375,92.1404
2024-11-18,ATMV,42.7463,42.1796,-1.326,0.874,87.4,1.37,2.75,5.45,39.08,39.3266,47.0209,53.0054
2024-11-18,ATMVR,42.7463,42.1796,-1.326,0.874,87.4,1.37,2.75,5.45,39.08,39.3266,47.0209,53.0054
2024-11-18,ATMP,42.7462,42.1796,-1.326,0.873,87.3,1.37,2.75,5.45,39.08,39.3265,47.0209,53.0053
2024-11-18,TPG,63.3812,61.9787,-2.213,0.921,92.1,1.34,3.53,0.25,79.79,58.3107,69.7194,78.5927
2024-11-18,NVTAQ,20.61,20.38,-1.116,0.623,62.3,1.25,3.52,2.09,50.4,18.9612,22.671,25.5564
2024-11-18,SAM,310.69,307.15,-1.139,0.625,62.5,1.17,2.61,1.87,41.57,285.8348,341.759,385.2556
2024-11-18,AUR,6.15,6.0,-2.439,0.954,95.4,2.01,8.45,5.53,73.03,5.658,6.765,7.626
2024-11-18,NVST,20.61,20.38,-1.116,0.623,62.3,1.25,3.52,2.09,50.4,18.9612,22.671,25.5564
2024-11-18,NXEN,7.92,8.11,2.399,0.859,85.9,1.68,4.47,6.58,47.13,7.2864,8.712,9.8208
2024-11-18,ABR,13.0725,12.9575,-0.88,0.721,72.1,1.95,2.51,0.38,32.89,12.0267,14.3797,16.2098
2024-11-18,ABR-PD,13.0725,12.9575,-0.88,0.721,72.1,1.95,2.51,0.38,32.89,12.0267,14.3797,16.2098
2024-11-18,AURA,6.15,6.0,-2.439,0.954,95.4,2.01,8.45,5.53,73.03,5.658,6.765,7.626
2024-11-18,BAP,182.8528,181.1204,-0.947,0.761,76.1,1.49,2.26,3.4,35.98,168.2246,201.1381,226.7375
2024-11-18,CALM,85.3515,84.9428,-0.479,0.92,92.0,1.25,2.58,4.88,40.48,78.5234,93.8867,105.8359
2024-11-18,FOX,42.3165,41.8909,-1.006,0.697,69.7,1.66,2.0,5.09,40.05,38.9312,46.5482,52.4725
2024-11-18,ASA,19.54,20.1,2.866,0.938,93.8,1.75,4.16,4.24,38.07,17.9768,21.494,24.2296
2024-11-18,AS,19.54,20.1,2.866,0.938,93.8,1.75,4.16,4.24,38.07,17.9768,21.494,24.2296
2024-11-18,BANC,15.5265,15.3715,-0.998,0.628,62.8,1.32,2.9,1.17,42.94,14.2843,17.0791,19.2528
2024-11-18,ASAPQ,25.1249,24.7084,-1.658,0.808,80.8,2.12,3.02,6.04,58.06,23.1149,27.6374,31.1549
2024-11-18,ASAQ,25.1249,24.7084,-1.658,0.808,80.8,2.12,3.02,6.04,58.06,23.1149,27.6374,31.1549
2024-11-18,CPAC,94.2204,93.2682,-1.011,0.737,73.7,1.69,2.56,3.61,23.12,86.6828,103.6425,116.8333
2024-11-18,CPA,94.2204,93.2682,-1.011,0.737,73.7,1.69,2.56,3.61,23.12,86.6828,103.6425,116.8333
2024-11-18,HWC,54.9314,53.8417,-1.984,0.631,63.1,1.24,2.9,3.86,31.29,50.5369,60.4245,68.1149
2024-11-19,NFLX,87.132,87.998,0.994,0.819,81.9,1.21,2.4,6.17,2743.34,80.1614,95.8452,108.0437
2024-11-19,NOW,204.42,205.6,0.577,0.85,85.0,1.29,2.19,3.81,1452.51,188.0664,224.862,253.4808
2024-11-19,GM,54.4226,54.3139,-0.2,0.691,69.1,1.21,2.86,1.49,652.8,50.0687,59.8648,67.484
2024-11-19,DDOG,133.41,134.85,1.079,0.725,72.5,1.37,3.34,5.53,608.13,122.7372,146.751,165.4284
2024-11-19,BLK,1002.4938,1006.6282,0.412,0.778,77.8,1.19,1.87,1.46,565.98,922.2943,1102.7432,1243.0924
2024-11-19,MDB,289.15,289.46,0.107,0.786,78.6,1.38,3.64,3.21,346.48,266.018,318.065,358.546
2024-11-19,APD,317.5325,317.8423,0.098,0.801,80.1,1.24,1.91,4.05,482.83,292.1299,349.2858,393.7403
2024-11-19,NET,96.37,96.56,0.197,0.796,79.6,1.14,3.56,6.44,301.13,88.6604,106.007,119.4988
2024-11-19,STLD,137.6771,139.0515,0.998,0.728,72.8,1.22,2.82,1.31,178.23,126.6629,151.4448,170.7196
2024-11-19,LB,63.1015,63.1015,0.0,0.977,97.7,3.94,8.71,3.51,28.36,58.0534,69.4117,78.2459
2024-11-19,GTLB,60.91,61.14,0.378,0.89,89.0,1.13,3.96,5.48,91.9,56.0372,67.001,75.5284
2024-11-19,FOUR,102.05,100.55,-1.47,0.87,87.0,5.31,3.73,6.52,209.49,93.886,112.255,126.542
2024-11-19,OC,187.7223,188.5831,0.459,0.701,70.1,1.13,2.89,3.95,143.57,172.7045,206.4945,232.7756
2024-11-19,FOUR1,102.05,100.55,-1.47,0.87,87.0,5.31,3.73,6.52,209.49,93.886,112.255,126.542
2024-11-19,OCAI,187.7223,188.5831,0.459,0.701,70.1,1.13,2.89,3.95,143.57,172.7045,206.4945,232.7757
2024-11-19,TW,133.6999,135.0721,1.026,0.731,73.1,1.46,2.18,3.51,115.71,123.0039,147.0699,165.7879
2024-11-19,RBA,92.7831,92.793,0.011,0.59,59.0,1.21,2.26,5.34,74.52,85.3605,102.0614,115.0511
2024-11-19,ACM,107.4685,108.4658,0.928,0.615,61.5,1.38,2.29,0.16,95.92,98.871,118.2153,133.2609
2024-11-19,ACME,107.4685,108.4658,0.928,0.616,61.6,1.38,2.29,0.16,95.92,98.871,118.2153,133.2609
2024-11-19,ACMM,107.4685,108.4658,0.928,0.616,61.6,1.38,2.29,0.16,95.92,98.871,118.2153,133.2609
2024-11-19,AYI,316.0139,317.3898,0.435,0.865,86.5,1.21,1.97,0.54,83.95,290.7327,347.6152,391.8572
2024-11-19,AZA.A,316.2184,317.5952,0.435,0.865,86.5,1.21,1.97,0.54,84.01,290.9209,347.8403,392.1108
2024-11-19,AZEK,316.2184,317.5952,0.435,0.865,86.5,1.21,1.97,0.54,84.01,290.9209,347.8403,392.1108
2024-11-19,AYRO,316.2184,317.5952,0.435,0.864,86.4,1.21,1.97,0.54,84.01,290.9209,347.8402,392.1108
2024-11-19,GCTK,24.15,24.02,-0.538,0.636,63.6,1.52,7.76,2.18,36.69,22.218,26.565,29.946
2024-11-19,TPG,64.8029,64.6693,-0.206,0.921,92.1,1.27,3.62,2.44,82.95,59.6186,71.2832,80.3556
2024-11-19,SLM,23.1978,23.2755,0.335,0.661,66.1,1.32,2.91,3.57,45.23,21.3419,25.5175,28.7652
2024-11-19,FOX,42.7718,42.9005,0.301,0.711,71.1,1.45,2.07,5.63,42.52,39.3501,47.049,53.0371
2024-11-19,AHRN,27.1249,26.9608,-0.605,0.916,91.6,1.44,3.57,6.71,43.72,24.9549,29.8373,33.6348
2024-11-19,AHRO,27.1249,26.9608,-0.605,0.916,91.6,1.44,3.57,6.71,43.72,24.9549,29.8373,33.6348
2024-11-19,AHT,27.1249,26.9608,-0.605,0.916,91.6,1.44,3.57,6.71,43.72,24.9549,29.8373,33.6348
2024-11-19,AHR,27.1249,26.9608,-0.605,0.916,91.6,1.44,3.57,6.71,43.72,24.9549,29.8373,33.6348
2024-11-19,ASAPQ,24.7178,24.7084,-0.038,0.784,78.4,1.38,2.99,3.56,59.87,22.7404,27.1896,30.6501
2024-11-19,ASAQ,24.7178,24.7084,-0.038,0.784,78.4,1.38,2.99,3.56,59.87,22.7404,27.1896,30.6501
2024-11-19,KTTA,25.05,25.01,-0.16,0.648,64.8,1.13,3.61,2.06,29.02,23.046,27.555,31.062
2024-11-20,NVDA,145.8401,149.2989,2.372,0.613,61.3,1.44,2.93,0.05,31492.13,134.1729,160.4241,180.8417
2024-11-20,NFLX,88.385,88.393,0.009,0.812,81.2,1.28,2.34,6.35,2818.41,81.3142,97.2235,109.5974
2024-11-20,SNOW,129.12,161.26,24.892,0.653,65.3,2.86,2.95,6.11,701.15,118.7904,142.032,160.1088
2024-11-20,DDOG,135.45,142.0,4.836,0.76,76.0,1.33,3.3,6.56,646.38,124.614,148.995,167.958
2024-11-20,CDNS,304.01,306.11,0.691,0.588,58.8,1.13,2.74,1.38,463.74,279.6892,334.411,376.9724
2024-11-20,DASH,172.2,172.5,0.174,0.913,91.3,1.35,2.76,4.27,603.08,158.424,189.42,213.528
2024-11-20,KKR,151.3201,152.9608,1.084,0.85,85.0,1.2,2.25,3.94,468.09,139.2145,166.4521,187.6369
2024-11-20,EQIX,893.4681,888.665,-0.538,0.676,67.6,1.26,2.0,1.74,472.08,821.9907,982.815,1107.9005
2024-11-20,DAL,62.8849,63.9323,1.666,0.969,96.9,1.28,3.28,5.43,535.68,57.8541,69.1734,77.9772
2024-11-20,BAX,160.6296,162.2271,0.995,0.952,95.2,1.63,2.43,5.25,575.77,147.7792,176.6925,199.1807
2024-11-20,BBT,160.6296,162.2271,0.995,0.952,95.2,1.63,2.43,5.25,575.77,147.7792,176.6925,199.1807
2024-11-20,ILMN,898.3378,893.5085,-0.538,0.675,67.5,1.26,2.0,1.74,474.65,826.4707,988.1715,1113.9388
2024-11-20,ADSK,307.84,310.0,0.702,0.8,80.0,1.12,1.98,3.34,395.99,283.2128,338.624,381.7216
2024-11-20,TTD,123.9,125.34,1.162,0.795,79.5,1.36,3.16,1.03,544.84,113.988,136.29,153.636
2024-11-20,RBLX,51.52,51.035,-0.941,0.758,75.8,1.2,3.6,3.55,564.21,47.3984,56.672,63.8848
2024-11-20,RH,336.8,340.0,0.95,0.831,83.1,1.33,3.57,3.45,195.53,309.856,370.48,417.632
2024-11-20,TCOM,64.4767,63.9293,-0.849,0.943,94.3,1.31,2.43,0.75,221.14,59.3185,70.9243,79.9511
2024-11-20,STLD,141.4076,141.0935,-0.222,0.792,79.2,1.62,2.76,3.48,191.13,130.095,155.5484,175.3455
2024-11-20,EVRG,87.3277,87.3082,-0.022,0.627,62.7,1.14,2.52,6.62,167.48,80.3415,96.0604,108.2863
2024-11-20,EXE,87.3277,87.3082,-0.022,0.627,62.7,1.14,2.52,6.62,167.48,80.3415,96.0604,108.2863
2024-11-20,EXPD,87.3277,87.3082,-0.022,0.627,62.7,1.14,2.52,6.62,167.48,80.3415,96.0604,108.2863
2024-11-20,NTNX,69.44,70.93,2.146,0.894,89.4,1.11,2.42,3.73,121.97,63.8848,76.384,86.1056
2024-11-20,LB,65.572,65.9788,0.62,0.988,98.8,1.74,8.8,6.4,31.07,60.3262,72.1292,81.3093
2024-11-20,ARGX,591.82,587.39,-0.749,0.714,71.4,1.24,2.26,2.11,183.09,544.4744,651.002,733.8568
2024-11-20,FOUR,101.9,101.93,0.029,0.863,86.3,1.18,3.76,5.89,219.06,93.748,112.09,126.356
2024-11-20,FOUR1,101.9,101.93,0.029,0.863,86.3,1.18,3.76,5.89,219.06,93.748,112.09,126.356
2024-11-20,CNH1,11.1906,11.2004,0.088,0.667,66.7,1.33,2.44,3.08,152.59,10.2953,12.3097,13.8763
2024-11-20,CNJ,11.1906,11.2004,0.088,0.667,66.7,1.33,2.44,3.08,152.59,10.2953,12.3097,13.8763
2024-11-20,CNK,11.1906,11.2004,0.088,0.667,66.7,1.33,2.44,3.08,152.59,10.2953,12.3097,13.8763
2024-11-20,CNH,11.1906,11.2004,0.088,0.667,66.7,1.33,2.44,3.08,152.59,10.2953,12.3097,13.8763
2024-11-20,TRP,47.3956,47.5304,0.285,0.597,59.7,1.52,1.88,2.42,82.84,43.6039,52.1351,58.7705
2024-11-20,OWL,22.0058,22.2215,0.98,0.917,91.7,1.23,2.97,3.7,155.3,20.2453,24.2064,27.2872
2024-11-20,VTRS,12.382,12.448,0.533,0.665,66.5,1.12,3.08,6.75,96.57,11.3914,13.6202,15.3537
2024-11-20,TW,134.2369,134.4755,0.178,0.731,73.1,1.13,2.27,3.82,117.08,123.4979,147.6605,166.4537
2024-11-20,VIK,44.37,44.3,-0.158,0.863,86.3,1.51,3.04,4.75,91.87,40.8204,48.807,55.0188
2024-11-20,SCI,83.3754,83.0924,-0.339,0.608,60.8,1.46,2.0,3.42,87.07,76.7054,91.713,103.3855
2024-11-20,SSB,101.7078,102.6781,0.954,0.626,62.6,1.31,2.84,2.02,58.5,93.5712,111.8786,126.1177
2024-11-20,BAP,182.5594,182.9665,0.223,0.747,74.7,1.28,2.21,2.98,37.03,167.9546,200.8153,226.3736
2024-11-20,FOX,42.9302,42.9302,-0.0,0.715,71.5,2.52,2.07,5.38,47.56,39.4958,47.2232,53.2335
2024-11-20,AHRN,26.7001,26.6519,-0.181,0.908,90.8,1.17,3.53,4.65,43.91,24.5641,29.3701,33.1082
2024-11-20,AHRO,26.7001,26.6519,-0.181,0.908,90.8,1.17,3.53,4.65,43.91,24.5641,29.3701,33.1082
2024-11-20,AHT,26.7001,26.6519,-0.181,0.908,90.8,1.17,3.53,4.65,43.91,24.5641,29.3701,33.1082
2024-11-20,AHR,26.7001,26.6519,-0.181,0.908,90.8,1.17,3.53,4.65,43.91,24.5641,29.3701,33.1082
2024-11-20,CPAC,96.885,88.8822,-8.26,0.781,78.1,1.75,2.84,5.84,25.44,89.1342,106.5735,120.1374
2024-11-20,CPA,96.885,88.8822,-8.26,0.781,78.1,1.75,2.84,5.84,25.44,89.1342,106.5735,120.1374
2024-11-20,BEPC,29.3328,29.3889,0.191,0.616,61.6,1.31,3.57,1.18,26.07,26.9861,32.266,36.3726
2024-11-20,BEPH,29.3328,29.3889,0.191,0.616,61.6,1.31,3.57,1.18,26.07,26.9861,32.266,36.3726
2024-11-20,BEPI,29.3328,29.3889,0.191,0.616,61.6,1.31,3.57,1.18,26.07,26.9861,32.266,36.3726
2024-11-20,IESC,265.6,269.65,1.525,0.958,95.8,1.86,5.59,6.36,33.47,244.352,292.16,329.344
2024-11-21,NFLX,89.748,89.6,-0.165,0.799,79.9,1.36,2.45,6.7,2971.03,82.5682,98.7228,111.2875
2024-11-21,ANET,101.2425,101.25,0.007,0.747,74.7,1.38,2.74,2.49,970.78,93.1431,111.3668,125.5407
2024-11-21,DAL,62.5884,62.6971,0.174,0.961,96.1,1.14,3.27,4.19,546.32,57.5813,68.8473,77.6096
2024-11-21,BAX,162.73,164.7121,1.218,0.944,94.4,1.56,2.43,5.97,604.54,149.7116,179.003,201.7852
2024-11-21,BBT,162.73,164.7121,1.218,0.944,94.4,1.56,2.43,5.97,604.54,149.7116,179.003,201.7852
2024-11-21,APD,318.3844,319.2073,0.258,0.756,75.6,1.25,1.89,4.2,500.57,292.9136,350.2228,394.7967
2024-11-21,ADSK,315.41,315.96,0.174,0.81,81.0,1.23,2.06,5.36,411.46,290.1772,346.951,391.1084
2024-11-21,URI,831.4077,839.6057,0.986,0.694,69.4,1.22,2.32,0.98,484.03,764.8951,914.5485,1030.9456
2024-11-21,L,21.0376,21.1054,0.322,0.68,68.0,1.17,2.71,4.12,231.69,19.3546,23.1414,26.0867
2024-11-21,LDOS,21.0376,21.1054,0.322,0.68,68.0,1.17,2.71,4.12,231.69,19.3546,23.1414,26.0867
2024-11-21,HPE,21.0376,21.1054,0.322,0.681,68.1,1.17,2.71,4.12,231.69,19.3546,23.1414,26.0867
2024-11-21,ZM,81.2,81.4,0.246,0.672,67.2,1.36,2.43,2.84,237.36,74.704,89.32,100.688
2024-11-21,SAIA,549.19,551.5,0.421,0.949,94.9,1.45,4.33,6.2,223.45,505.2548,604.109,680.9956
2024-11-21,STLD,142.3108,141.4469,-0.607,0.801,80.1,1.21,2.77,3.59,196.07,130.926,156.5419,176.4654
2024-11-21,BCS,12.9814,12.5525,-3.303,0.618,61.8,1.59,1.88,2.53,132.26,11.9429,14.2795,16.0969
2024-11-21,ARGX,596.74,602.6,0.982,0.674,67.4,1.28,2.32,2.55,194.09,549.0008,656.414,739.9576
2024-11-21,BJ,92.79,93.52,0.787,0.623,62.3,4.15,2.6,6.24,129.43,85.3668,102.069,115.0596
2024-11-21,BJCT,92.79,93.52,0.787,0.623,62.3,4.15,2.6,6.24,129.43,85.3668,102.069,115.0596
2024-11-21,HES,65.2925,65.2546,-0.058,0.801,80.1,1.76,2.64,3.27,114.6,60.0691,71.8218,80.9627
2024-11-21,CMA,65.2925,65.2546,-0.058,0.802,80.2,1.76,2.64,3.27,114.6,60.0691,71.8218,80.9627
2024-11-21,TRP,48.378,48.455,0.159,0.615,61.5,1.42,1.92,4.2,87.22,44.5077,53.2158,59.9887
2024-11-21,USFD,67.92,68.23,0.456,0.684,68.4,1.11,2.04,5.23,129.33,62.4864,74.712,84.2208
2024-11-21,CG,51.0864,51.0574,-0.057,0.883,88.3,1.57,2.86,3.56,135.74,46.9995,56.1951,63.3472
2024-11-21,TW,134.3065,134.1573,-0.111,0.699,69.9,1.11,2.36,3.8,120.54,123.562,147.7371,166.54
2024-11-21,ACM,111.1518,112.3565,1.084,0.637,63.7,1.23,2.4,3.03,104.95,102.2597,122.267,137.8283
2024-11-21,ACME,111.1518,112.3565,1.084,0.636,63.6,1.23,2.4,3.03,104.95,102.2597,122.267,137.8282
2024-11-21,ACMM,111.1518,112.3565,1.084,0.636,63.6,1.23,2.4,3.03,104.95,102.2597,122.267,137.8282
2024-11-21,ARMK,39.7413,39.8101,0.173,0.644,64.4,1.53,2.68,5.21,86.39,36.562,43.7154,49.2792
2024-11-21,BTU,27.6193,27.3837,-0.853,0.761,76.1,1.17,3.6,4.98,77.23,25.4097,30.3812,34.2479
2024-11-21,BUTLQ,27.6193,27.3837,-0.853,0.762,76.2,1.17,3.6,4.98,77.23,25.4097,30.3812,34.2479
2024-11-21,DOCS,48.0,48.33,0.688,0.878,87.8,1.15,3.89,0.67,114.5,44.16,52.8,59.52
2024-11-21,DOVA,48.0,48.33,0.688,0.878,87.8,1.15,3.89,0.67,114.5,44.16,52.8,59.52
2024-11-21,DOVP,48.0,48.33,0.688,0.878,87.8,1.15,3.89,0.67,114.5,44.16,52.8,59.52
2024-11-21,DOVR,48.0,48.33,0.688,0.878,87.8,1.15,3.89,0.67,114.5,44.16,52.8,59.52
2024-11-21,DOX,48.0,48.33,0.688,0.878,87.8,1.15,3.89,0.67,114.5,44.16,52.8,59.52
2024-11-21,FLS,58.9376,60.2528,2.231,0.808,80.8,1.31,2.28,4.77,83.42,54.2226,64.8314,73.0826
2024-11-21,IPGP,58.9376,60.2528,2.231,0.809,80.9,1.31,2.28,4.77,83.42,54.2226,64.8314,73.0826
2024-11-21,FLSCQ,58.9376,60.2528,2.231,0.808,80.8,1.31,2.28,4.77,83.42,54.2226,64.8314,73.0826
2024-11-21,TPG,66.5012,66.1195,-0.574,0.926,92.6,1.22,3.6,4.95,84.93,61.1811,73.1513,82.4614
2024-11-21,RBC,324.45,329.03,1.412,0.584,58.4,1.28,2.23,6.17,45.74,298.494,356.895,402.318
2024-11-21,VMI,335.4539,336.3055,0.254,0.767,76.7,1.63,2.08,1.8,41.24,308.6175,368.9992,415.9628
2024-11-21,FSLY,7.61,7.66,0.657,0.877,87.7,1.66,6.05,5.25,24.12,7.0012,8.371,9.4364
2024-11-21,BAP,188.0596,187.4443,-0.327,0.725,72.5,1.68,2.34,5.8,40.49,173.0149,206.8656,233.1939
2024-11-21,FOX,43.6726,43.7221,0.113,0.699,69.9,1.48,2.15,6.46,51.04,40.1788,48.0399,54.154
2024-11-21,LAZ,54.2937,54.5123,0.403,0.74,74.0,1.12,3.28,4.6,51.03,49.9502,59.7231,67.3242
2024-11-21,GLNCY,35.4735,35.5216,0.136,0.629,62.9,1.13,3.13,1.29,40.05,32.6356,39.0209,43.9871
2024-11-21,GLNG,35.4735,35.5216,0.136,0.629,62.9,1.13,3.13,1.29,40.05,32.6356,39.0209,43.9871
2024-11-21,GGAL,54.4338,54.2976,-0.25,0.962,96.2,1.36,4.43,2.64,57.01,50.0791,59.8772,67.4979
2024-11-21,AHRN,27.3662,27.3276,-0.141,0.907,90.7,1.17,3.68,6.76,46.41,25.1769,30.1028,33.9341
2024-11-21,AHRO,27.3662,27.3276,-0.141,0.907,90.7,1.17,3.68,6.76,46.41,25.1769,30.1028,33.9341
2024-11-21,AHT,27.3662,27.3276,-0.141,0.907,90.7,1.17,3.68,6.76,46.41,25.1769,30.1028,33.9341
2024-11-21,AHR,27.3662,27.3276,-0.141,0.907,90.7,1.17,3.68,6.76,46.41,25.1769,30.1028,33.9341
2024-11-21,IART,23.0,23.16,0.696,0.64,64.0,2.43,4.41,1.7,26.78,21.16,25.3,28.52
2024-11-21,HUBG,49.1546,49.2136,0.12,0.584,58.4,1.33,3.13,5.76,30.39,45.2222,54.07,60.9517
2024-11-22,HD,407.637,412.4897,1.19,0.65,65.0,1.32,1.95,4.36,1518.51,375.026,448.4007,505.4698
2024-11-22,NOW,212.12,212.92,0.377,0.838,83.8,1.13,2.09,6.02,1345.19,195.1504,233.332,263.0288
2024-11-22,C,67.6023,68.1831,0.859,0.64,64.0,1.11,1.88,4.28,1010.85,62.1941,74.3626,83.8269
2024-11-22,GM,57.7999,58.422,1.076,0.734,73.4,1.21,2.84,6.67,698.36,53.1759,63.5799,71.6719
2024-11-22,CCL,24.9,25.2,1.205,0.952,95.2,1.36,3.03,5.12,596.53,22.908,27.39,30.876
2024-11-22,APD,321.2402,322.3729,0.353,0.762,76.2,1.36,1.87,4.9,519.6,295.541,353.3643,398.3379
2024-11-22,ADSK,321.27,324.53,1.015,0.808,80.8,1.41,2.1,6.69,434.08,295.5684,353.397,398.3748
2024-11-22,DLR,182.9626,184.5624,0.874,0.841,84.1,1.13,2.11,4.65,409.27,168.3256,201.2588,226.8736
2024-11-22,CBRE,135.43,136.78,0.997,0.728,72.8,1.21,2.33,2.19,260.92,124.5956,148.973,167.9332
2024-11-22,STLD,140.9462,141.5942,0.46,0.771,77.1,1.21,2.79,2.09,199.82,129.6705,155.0409,174.7733
2024-11-22,EME,503.6246,506.607,0.592,0.869,86.9,1.35,2.72,3.56,247.17,463.3347,553.9871,624.4945
2024-11-22,TXRH,191.3137,192.4033,0.57,0.675,67.5,1.13,1.94,0.48,139.82,176.0086,210.445,237.229
2024-11-22,BN,38.5614,39.0909,1.373,0.719,71.9,1.54,2.32,3.71,100.79,35.4765,42.4176,47.8162
2024-11-22,HES,67.3679,67.7564,0.577,0.837,83.7,1.12,2.67,5.81,120.33,61.9784,74.1047,83.5362
2024-11-22,CMA,67.3679,67.7564,0.577,0.837,83.7,1.12,2.67,5.81,120.33,61.9784,74.1047,83.5362
2024-11-22,KNX,56.3944,57.0599,1.18,0.6,60.0,1.2,2.84,3.45,111.56,51.8829,62.0338,69.9291
2024-11-22,CASY,425.5771,428.0934,0.591,0.748,74.8,1.29,2.16,5.46,90.92,391.5309,468.1348,527.7156
2024-11-22,CATA1,425.9742,428.493,0.591,0.749,74.9,1.29,2.16,5.46,91.01,391.8963,468.5717,528.2081
2024-11-22,ACM,114.8549,116.0004,0.997,0.71,71.0,1.57,2.46,5.89,115.54,105.6665,126.3404,142.4201
2024-11-22,VIK,45.34,45.71,0.816,0.895,89.5,3.39,3.29,5.46,110.04,41.7128,49.874,56.2216
2024-11-22,EVR,305.9961,308.9051,0.951,0.845,84.5,1.39,2.77,6.71,111.59,281.5164,336.5957,379.4351
2024-11-22,ACME,114.8549,116.0004,0.997,0.71,71.0,1.57,2.46,5.89,115.54,105.6665,126.3404,142.4201
2024-11-22,ACMM,114.8549,116.0004,0.997,0.71,71.0,1.57,2.46,5.89,115.54,105.6665,126.3404,142.4201
2024-11-22,FLS,59.87,60.3608,0.82,0.803,80.3,2.01,2.35,5.66,91.57,55.0804,65.857,74.2388
2024-11-22,RYAN,72.7325,72.8908,0.218,0.643,64.3,1.3,2.68,4.85,59.24,66.9139,80.0057,90.1883
2024-11-22,IPGP,59.87,60.3608,0.82,0.804,80.4,2.01,2.35,5.66,91.57,55.0804,65.857,74.2388
2024-11-22,FLSCQ,59.87,60.3608,0.82,0.804,80.4,2.01,2.35,5.66,91.57,55.0804,65.857,74.2388
2024-11-22,HLI,185.0275,186.6352,0.869,0.79,79.0,1.26,2.36,4.66,64.16,170.2253,203.5302,229.4341
2024-11-22,SSB,105.7637,106.734,0.917,0.623,62.3,1.18,2.7,4.91,60.72,97.3026,116.3401,131.147
2024-11-22,VMI,338.7714,340.7222,0.576,0.764,76.4,1.9,2.04,2.42,42.4,311.6697,372.6485,420.0765
2024-11-22,BAP,186.8005,186.6585,-0.076,0.668,66.8,1.42,2.35,4.87,41.78,171.8565,205.4806,231.6327
2024-11-22,GGAL,53.9959,54.502,0.937,0.943,94.3,1.26,4.51,1.66,57.99,49.6762,59.3955,66.9549
2024-11-22,R,161.6287,163.297,1.032,0.73,73.0,1.21,2.37,5.67,46.82,148.6984,177.7915,200.4195
2024-11-22,BANC,16.4176,16.5822,1.003,0.741,74.1,1.22,2.75,5.63,41.76,15.1042,18.0593,20.3578
2024-11-22,KMPR,69.2042,69.4652,0.377,0.651,65.1,1.19,2.35,6.59,29.07,63.6679,76.1247,85.8132
2024-11-25,NFLX,86.559,86.749,0.22,0.769,76.9,1.58,2.76,0.95,3291.19,79.6343,95.2149,107.3332
2024-11-25,CRM,336.5265,339.3747,0.846,0.883,88.3,1.16,2.68,6.2,2060.18,309.6044,370.1792,417.2929
2024-11-25,HD,416.0517,415.9838,-0.016,0.692,69.2,1.19,1.97,6.17,1590.59,382.7676,457.6569,515.9041
2024-11-25,ORCL,185.6479,185.9738,0.176,0.878,87.8,2.01,1.95,2.69,1396.98,170.796,204.2127,230.2034
2024-11-25,NOW,210.542,212.0,0.692,0.794,79.4,1.48,2.1,4.67,1371.59,193.6986,231.5962,261.0721
2024-11-25,GS,588.0562,585.2282,-0.481,0.727,72.7,1.21,2.1,5.64,1426.22,541.0117,646.8618,729.1896
2024-11-25,CAT,398.6826,396.7169,-0.493,0.641,64.1,1.85,2.14,4.15,948.58,366.788,438.5508,494.3664
2024-11-25,GEV,327.9612,331.2411,1.0,0.966,96.6,2.11,4.42,1.02,963.36,301.7243,360.7573,406.6719
2024-11-25,MS,129.3065,126.4913,-2.177,0.85,85.0,1.15,1.88,4.5,897.18,118.962,142.2371,160.34
2024-11-25,ETN,372.917,374.7188,0.483,0.791,79.1,1.57,2.18,5.44,843.57,343.0837,410.2087,462.4171
2024-11-25,ABNB,140.93,140.78,-0.106,0.747,74.7,1.32,2.68,3.48,844.34,129.6556,155.023,174.7532
2024-11-25,BMY,55.3425,55.399,0.102,0.737,73.7,1.11,2.68,3.89,702.34,50.9151,60.8768,68.6248
2024-11-25,DASH,179.1,180.0,0.503,0.915,91.5,1.31,2.92,6.22,667.25,164.772,197.01,222.084
2024-11-25,KKR,158.0419,158.1016,0.038,0.841,84.1,1.22,2.14,6.67,497.66,145.3986,173.8461,195.972
2024-11-25,AAL,14.92,14.79,-0.871,0.926,92.6,1.27,3.05,6.72,369.3,13.7264,16.412,18.5008
2024-11-25,ADSK,319.39,320.79,0.438,0.796,79.6,2.05,2.18,5.49,462.69,293.8388,351.329,396.0436
2024-11-25,HAL,367.9079,368.3001,0.107,0.757,75.7,1.17,2.07,6.53,232.01,338.4753,404.6987,456.2058
2024-11-25,HAS,367.9079,368.3001,0.107,0.757,75.7,1.17,2.07,6.53,232.01,338.4753,404.6987,456.2058
2024-11-25,HBAN,367.9079,368.3001,0.107,0.757,75.7,1.17,2.07,6.53,232.01,338.4753,404.6987,456.2058
2024-11-25,HBI,367.9079,368.3001,0.107,0.757,75.7,1.17,2.07,6.53,232.01,338.4753,404.6987,456.2058
2024-11-25,HCP,367.9079,368.3001,0.107,0.757,75.7,1.17,2.07,6.53,232.01,338.4753,404.6987,456.2058
2024-11-25,CMIIU,366.6752,367.0661,0.107,0.754,75.4,1.17,2.07,6.53,231.24,337.3412,403.3427,454.6772
2024-11-25,CMIKA,366.6752,367.0661,0.107,0.754,75.4,1.17,2.07,6.53,231.24,337.3412,403.3427,454.6772
2024-11-25,CMIN,366.6752,367.0661,0.107,0.754,75.4,1.17,2.07,6.53,231.24,337.3412,403.3427,454.6772
2024-11-25,CMIV,366.6752,367.0661,0.107,0.754,75.4,1.17,2.07,6.53,231.24,337.3412,403.3427,454.6772
2024-11-25,URI,854.7952,851.0868,-0.434,0.698,69.8,1.44,2.26,3.33,515.27,786.4116,940.2747,1059.946
2024-11-25,TT,409.5175,410.5975,0.264,0.646,64.6,1.74,2.27,3.12,565.94,376.7561,450.4693,507.8017
2024-11-25,RCL,236.7908,237.8842,0.462,0.939,93.9,1.19,2.79,6.67,485.37,217.8476,260.4699,293.6207
2024-11-25,TTD,129.35,129.24,-0.085,0.798,79.8,1.13,3.38,4.21,608.04,119.002,142.285,160.394
2024-11-25,PH,696.3203,696.0435,-0.04,0.719,71.9,1.51,1.92,3.68,523.38,640.6147,765.9523,863.4372
2024-11-25,KVUE,23.0109,23.0442,0.144,0.583,58.3,1.66,2.4,4.0,374.01,21.1701,25.312,28.5336
2024-11-25,JCI,82.2877,81.9817,-0.372,0.652,65.2,1.2,1.95,2.29,327.15,75.7047,90.5165,102.0368
2024-11-25,LNG,215.6521,217.2826,0.756,0.725,72.5,1.22,2.41,6.19,449.45,198.3999,237.2173,267.4086
2024-11-25,ODFL,223.2356,221.53,-0.764,0.7,70.0,1.36,2.56,4.11,311.02,205.3768,245.5592,276.8122
2024-11-25,CMI,366.6752,367.0661,0.107,0.76,76.0,1.17,2.07,6.53,231.24,337.3412,403.3428,454.6773
2024-11-25,DLR,185.8346,185.6419,-0.104,0.838,83.8,1.99,2.06,6.01,433.9,170.9679,204.4181,230.4349
2024-11-25,L,21.4925,21.4537,-0.18,0.666,66.6,1.87,2.73,5.08,251.63,19.7731,23.6417,26.6506
2024-11-25,LDOS,21.4925,21.4537,-0.18,0.666,66.6,1.87,2.73,5.08,251.63,19.7731,23.6417,26.6506
2024-11-25,HPE,21.4925,21.4537,-0.18,0.667,66.7,1.87,2.73,5.08,251.63,19.7731,23.6417,26.6506
2024-11-25,KMI,26.4181,26.4276,0.036,0.857,85.7,1.73,2.07,5.01,399.69,24.3046,29.0599,32.7584
2024-11-25,WMB,55.7606,55.8948,0.241,0.84,84.0,2.08,2.16,4.41,383.44,51.2998,61.3367,69.1432
2024-11-25,TRIP,31.5707,31.0353,-1.696,0.607,60.7,1.19,2.64,2.4,203.27,29.045,34.7278,39.1477
2024-11-25,TRMB,31.5707,31.0353,-1.696,0.607,60.7,1.19,2.64,2.4,203.27,29.045,34.7278,39.1477
2024-11-25,TTWO,187.62,188.19,0.304,0.68,68.0,1.47,2.25,6.63,319.07,172.6104,206.382,232.6488
2024-11-25,MLM,599.7401,598.9258,-0.136,0.62,62.0,1.46,1.99,1.33,313.39,551.7608,659.7141,743.6777
2024-11-25,PWR,342.4194,345.6547,0.945,0.806,80.6,1.22,2.61,6.18,345.19,315.0259,376.6613,424.6001
2024-11-25,BKR,42.6385,42.8343,0.459,0.804,80.4,1.66,2.5,4.29,313.56,39.2274,46.9024,52.8717
2024-11-25,GWW,1202.6979,1203.4695,0.064,0.798,79.8,1.82,1.89,4.24,301.91,1106.482,1322.9677,1491.3454
2024-11-25,IR,105.2457,104.856,-0.37,0.659,65.9,1.29,1.96,4.1,244.98,96.826,115.7702,130.5046
2024-11-25,OKE,104.5125,105.3841,0.834,0.777,77.7,2.84,2.53,5.53,386.73,96.1515,114.9638,129.5955
2024-11-25,SRE,91.1442,91.0672,-0.084,0.687,68.7,1.46,2.28,6.08,309.76,83.8526,100.2586,113.0188
2024-11-25,DRI,168.8079,167.9505,-0.508,0.591,59.1,1.58,2.3,5.98,205.24,155.3033,185.6887,209.3218
2024-11-25,PEG,89.4984,89.5369,0.043,0.681,68.1,1.97,2.09,5.81,242.37,82.3385,98.4482,110.978
2024-11-25,NDAQ,80.289,80.5648,0.343,0.624,62.4,1.28,1.91,4.24,204.55,73.8659,88.318,99.5584
2024-11-25,ETR,73.6745,73.9934,0.433,0.829,82.9,1.17,2.56,3.99,334.76,67.7806,81.042,91.3564
2024-11-25,CBRE,138.69,139.49,0.577,0.753,75.3,2.24,2.45,4.37,281.95,127.5948,152.559,171.9756
2024-11-25,FIVE,91.61,91.2,-0.448,0.77,77.0,1.59,4.92,3.66,178.93,84.2812,100.771,113.5964
2024-11-25,LLL,456.4617,450.213,-1.369,0.678,67.8,1.21,2.68,3.43,218.58,419.9448,502.1079,566.0125
2024-11-25,LNC,456.4617,450.213,-1.369,0.678,67.8,1.21,2.68,3.43,218.58,419.9448,502.1079,566.0125
2024-11-25,LNT,456.4617,450.213,-1.369,0.678,67.8,1.21,2.68,3.43,218.58,419.9448,502.1079,566.0125
2024-11-25,FITB,46.3302,46.2919,-0.083,0.643,64.3,1.44,1.88,5.44,198.07,42.6238,50.9632,57.4494
2024-11-25,STLD,142.3305,143.3318,0.704,0.773,77.3,1.32,2.7,2.75,207.44,130.944,156.5635,176.4898
2024-11-25,MTB,214.0968,212.4762,-0.757,0.85,85.0,1.41,2.05,6.51,225.74,196.969,235.5065,265.48
2024-11-25,ARES,170.4304,170.1689,-0.153,0.765,76.5,1.47,2.5,3.97,237.19,156.7959,187.4734,211.3336
2024-11-25,EME,509.6791,510.1679,0.096,0.851,85.1,1.29,2.76,3.96,257.58,468.9048,560.647,632.0021
2024-11-25,NTNX,72.8,72.8,0.0,0.657,65.7,7.2,2.6,6.43,196.52,66.976,80.08,90.272
2024-11-25,RJF,164.3385,164.1614,-0.108,0.924,92.4,2.28,1.94,6.1,194.37,151.1914,180.7724,203.7798
2024-11-25,PTC,200.59,200.49,-0.05,0.593,59.3,1.56,2.3,4.93,189.8,184.5428,220.649,248.7316
2024-11-25,GRMN,210.3637,210.344,-0.009,0.716,71.6,1.46,2.2,4.14,247.55,193.5346,231.4,260.8509
2024-11-25,GMG-AX,37.3125,37.7368,1.137,0.622,62.2,2.3,2.06,2.94,109.16,34.3275,41.0437,46.2674
2024-11-25,SFM,147.98,148.1,0.081,0.93,93.0,1.3,2.46,6.38,240.23,136.1416,162.778,183.4952
2024-11-25,PNR,106.5877,106.8148,0.213,0.776,77.6,1.78,2.11,4.2,151.44,98.0607,117.2465,132.1688
2024-11-25,TLN,209.34,208.91,-0.205,0.923,92.3,1.34,6.43,5.34,268.23,192.5928,230.274,259.5816
2024-11-25,TXRH,198.4008,198.7836,0.193,0.748,74.8,1.2,2.04,3.83,145.51,182.5288,218.2409,246.017
2024-11-25,FDS,481.8882,481.2209,-0.138,0.686,68.6,1.87,1.9,3.06,132.14,443.3372,530.077,597.5414
2024-11-25,BN,39.5078,39.2563,-0.637,0.737,73.7,1.94,2.35,5.79,109.27,36.3471,43.4585,48.9896
2024-11-25,INCY,484.3748,483.7041,-0.138,0.685,68.5,1.87,1.9,3.06,132.82,445.6249,532.8123,600.6248
2024-11-25,S,27.88,28.44,2.009,0.728,72.8,1.12,3.15,3.15,91.35,25.6496,30.668,34.5712
2024-11-25,FFIV,248.74,248.2,-0.217,0.785,78.5,1.93,1.95,3.46,174.62,228.8408,273.614,308.4376
2024-11-25,CIEN,70.18,70.41,0.328,0.773,77.3,1.13,2.91,3.41,107.0,64.5656,77.198,87.0232
2024-11-25,OWL,22.8684,22.8309,-0.164,0.916,91.6,1.28,3.11,6.71,164.65,21.0389,25.1552,28.3568
2024-11-25,RS,316.3716,315.0887,-0.405,0.616,61.6,1.63,1.94,4.98,109.13,291.0618,348.0087,392.3007
2024-11-25,KNX,57.5004,57.0404,-0.8,0.599,59.9,1.63,2.86,5.01,117.66,52.9003,63.2504,71.3005
2024-11-25,EQH,47.4229,47.1895,-0.492,0.659,65.9,2.15,2.49,3.98,133.15,43.629,52.1652,58.8044
2024-11-25,CASY,424.3934,421.6682,-0.642,0.722,72.2,1.3,2.16,4.82,92.47,390.442,466.8328,526.2479
2024-11-25,TW,134.2369,134.4357,0.148,0.64,64.0,1.25,2.4,3.46,122.7,123.4979,147.6605,166.4537
2024-11-25,CATA1,424.7895,422.0618,-0.642,0.723,72.3,1.3,2.16,4.82,92.56,390.8064,467.2685,526.739
2024-11-25,BEN,21.1103,20.8594,-1.188,0.634,63.4,1.57,2.65,6.31,96.02,19.4215,23.2213,26.1768
2024-11-25,ACM,115.4276,115.4869,0.051,0.701,70.1,1.32,2.48,5.89,121.56,106.1934,126.9704,143.1303
2024-11-25,VIK,45.78,45.97,0.415,0.902,90.2,1.72,3.12,5.62,112.37,42.1176,50.358,56.7672
2024-11-25,EVR,308.3548,304.6595,-1.198,0.831,83.1,1.38,2.79,6.58,116.25,283.6864,339.1902,382.3599
2024-11-25,ACME,115.4276,115.4869,0.051,0.701,70.1,1.32,2.48,5.89,121.56,106.1934,126.9704,143.1303
2024-11-25,ACMM,115.4276,115.4869,0.051,0.701,70.1,1.32,2.48,5.89,121.56,106.1934,126.9704,143.1303
2024-11-25,CW,370.6251,371.2438,0.167,0.721,72.1,1.28,2.62,1.54,109.49,340.9751,407.6876,459.5751
2024-11-25,AYI,328.8159,326.7122,-0.64,0.846,84.6,1.37,2.07,3.18,89.94,302.5106,361.6975,407.7317
2024-11-25,FRPT,154.68,154.94,0.168,0.632,63.2,1.23,3.21,3.28,101.04,142.3056,170.148,191.8032
2024-11-25,AZA.A,329.0287,326.9236,-0.64,0.847,84.7,1.37,2.07,3.18,90.0,302.7064,361.9316,407.9956
2024-11-25,AZEK,329.0287,326.9236,-0.64,0.847,84.7,1.37,2.07,3.18,90.0,302.7064,361.9316,407.9956
2024-11-25,AYRO,329.0287,326.9236,-0.64,0.846,84.6,1.37,2.07,3.18,90.0,302.7064,361.9316,407.9956
2024-11-25,SCI,86.4598,86.5671,0.124,0.627,62.7,1.13,2.01,5.01,90.8,79.543,95.1058,107.2101
2024-11-25,LECO,216.0193,215.6264,-0.182,0.635,63.5,1.19,2.89,5.91,70.06,198.7378,237.6213,267.864
2024-11-25,LDO-MI,24.7236,24.7632,0.16,0.714,71.4,1.52,3.13,3.48,82.06,22.7457,27.196,30.6573
2024-11-25,RVMD,57.5,58.21,1.235,0.887,88.7,1.21,3.89,1.73,90.17,52.9,63.25,71.3
2024-11-25,FLS,60.7043,60.3608,-0.566,0.803,80.3,1.25,2.36,6.31,93.31,55.8479,66.7747,75.2733
2024-11-25,RYAN,73.781,73.692,-0.121,0.669,66.9,1.14,2.69,5.99,61.58,67.8785,81.1591,91.4884
2024-11-25,IPGP,60.7043,60.3608,-0.566,0.802,80.2,1.25,2.36,6.31,93.31,55.8479,66.7747,75.2733
2024-11-25,FLSCQ,60.7043,60.3608,-0.566,0.802,80.2,1.25,2.36,6.31,93.31,55.8479,66.7747,75.2733
2024-11-25,ITT,157.5721,157.1477,-0.269,0.652,65.2,1.13,2.12,5.93,67.67,144.9664,173.3294,195.3895
2024-11-25,ALSN,117.5316,116.8118,-0.612,0.842,84.2,1.21,2.18,4.27,75.9,108.1291,129.2848,145.7392
2024-11-25,ITRI,118.7,117.85,-0.716,0.685,68.5,1.27,2.9,1.93,70.81,109.204,130.57,147.188
2024-11-25,SF,76.5235,76.1139,-0.535,0.882,88.2,1.65,2.07,5.35,73.49,70.4016,84.1758,94.8891
2024-11-25,VNOM,50.5527,50.9538,0.793,0.657,65.7,1.76,2.65,2.6,44.33,46.5085,55.608,62.6854
2024-11-25,COLD,29.5808,29.3405,-0.812,0.827,82.7,1.49,2.68,5.98,46.23,27.2143,32.5389,36.6802
2024-11-25,VMI,346.7631,345.0796,-0.485,0.787,78.7,1.14,2.03,4.45,42.82,319.022,381.4394,429.9862
2024-11-25,GVA,98.4481,97.8919,-0.565,0.865,86.5,1.14,3.18,5.76,70.97,90.5722,108.2929,122.0756
2024-11-25,CAKE,47.5538,47.3881,-0.349,0.81,81.0,1.36,3.23,4.27,61.62,43.7495,52.3092,58.9667
2024-11-25,CAKR,47.5538,47.3881,-0.349,0.81,81.0,1.36,3.23,4.27,61.62,43.7495,52.3092,58.9667
2024-11-25,CALM,87.6404,87.6222,-0.021,0.893,89.3,1.62,2.61,5.55,38.33,80.6292,96.4044,108.6741
2024-11-25,FOX,43.2668,43.3855,0.275,0.645,64.5,2.76,2.23,4.08,57.97,39.8054,47.5934,53.6508
2024-11-25,GGAL,54.0251,54.609,1.081,0.928,92.8,1.35,4.58,1.59,59.53,49.7031,59.4276,66.9911
2024-11-25,KRHC1,39.0835,39.1021,0.048,0.715,71.5,1.28,2.82,5.01,42.62,35.9569,42.9919,48.4636
2024-11-25,JHG,43.5472,43.3163,-0.53,0.768,76.8,1.14,1.93,3.94,46.65,40.0635,47.902,53.9986
2024-11-25,KRC,39.0835,39.1021,0.048,0.715,71.5,1.28,2.82,5.01,42.62,35.9569,42.9919,48.4636
2024-11-25,SATS,24.41,24.06,-1.434,0.86,86.0,1.68,5.8,0.56,52.2,22.4572,26.851,30.2684
2024-11-25,JBTM,123.5274,123.6469,0.097,0.911,91.1,1.38,2.88,5.65,47.43,113.6452,135.8801,153.174
2024-11-25,KNGRF,104.06,102.91,-1.105,0.864,86.4,1.37,3.45,6.6,47.02,95.7352,114.466,129.0344
2024-11-25,VNT,38.8899,38.7802,-0.282,0.588,58.8,1.25,2.35,2.48,41.51,35.7787,42.7789,48.2234
2024-11-25,ASAPQ,25.7402,25.6077,-0.515,0.744,74.4,1.27,2.79,4.54,63.96,23.681,28.3143,31.9179
2024-11-25,ASAQ,25.7402,25.6077,-0.515,0.744,74.4,1.27,2.79,4.54,63.96,23.681,28.3143,31.9179
2024-11-25,IRDM,29.0734,29.0249,-0.167,0.699,69.9,1.96,3.46,2.58,29.92,26.7475,31.9807,36.051
2024-11-25,LOAR,89.06,88.6,-0.517,0.747,74.7,1.18,5.61,2.82,34.54,81.9352,97.966,110.4344
2024-11-25,BDCC,124.7034,124.3841,-0.256,0.693,69.3,1.25,2.83,3.22,34.79,114.7272,137.1738,154.6323
2024-11-25,BEPC,30.016,29.9505,-0.218,0.6,60.0,1.12,3.65,4.34,26.58,27.6147,33.0176,37.2198
2024-11-25,BEPH,30.016,29.9505,-0.218,0.6,60.0,1.12,3.65,4.34,26.58,27.6147,33.0176,37.2198
2024-11-25,BEPI,30.016,29.9505,-0.218,0.6,60.0,1.12,3.65,4.34,26.58,27.6147,33.0176,37.2198
2024-11-25,INMD,19.52,19.47,-0.256,0.697,69.7,1.21,3.46,5.72,22.8,17.9584,21.472,24.2048
2024-11-25,DEI,18.3355,18.2417,-0.512,0.796,79.6,1.11,3.07,5.46,29.02,16.8687,20.1691,22.736
2024-11-25,CARI,35.83,35.67,-0.447,0.797,79.7,1.23,3.1,4.68,25.85,32.9636,39.413,44.4292
2024-11-25,SNDR,31.3059,31.8534,1.749,0.728,72.8,1.35,2.65,5.53,20.57,28.8014,34.4365,38.8193
2024-11-26,DELL,138.6016,122.154,-11.867,0.809,80.9,1.6,3.7,4.68,1108.95,127.5134,152.4617,171.8659
2024-11-26,GS,590.4648,592.5907,0.36,0.767,76.7,1.14,2.16,5.33,1478.26,543.2277,649.5113,732.1764
2024-11-26,VRT,131.5132,129.8211,-1.287,0.969,96.9,1.11,4.74,6.26,906.9,120.9921,144.6645,163.0764
2024-11-26,MS,127.004,127.2072,0.16,0.863,86.3,1.23,1.95,2.13,907.85,116.8437,139.7044,157.485
2024-11-26,BLK,1000.9045,1003.8981,0.299,0.653,65.3,1.15,1.91,0.16,674.62,920.8321,1100.9949,1241.1216
2024-11-26,ADSK,317.96,293.2,-7.787,0.754,75.4,1.65,2.15,4.53,486.58,292.5232,349.756,394.2704
2024-11-26,OKE,106.3212,105.5153,-0.758,0.768,76.8,1.3,2.58,6.4,404.34,97.8155,116.9534,131.8383
2024-11-26,SRE,89.7208,90.192,0.525,0.589,58.9,1.58,2.31,3.86,319.02,82.5431,98.6929,111.2538
2024-11-26,ZM,83.41,84.09,0.815,0.728,72.8,2.98,2.85,3.26,361.14,76.7372,91.751,103.4284
2024-11-26,CBRE,140.43,141.11,0.484,0.732,73.2,1.13,2.44,5.3,276.07,129.1956,154.473,174.1332
2024-11-26,FITB,46.1484,46.5406,0.85,0.606,60.6,1.2,1.89,4.54,196.42,42.4566,50.7633,57.2241
2024-11-26,ARES,173.1413,174.0611,0.531,0.79,79.0,1.12,2.57,5.37,246.19,159.29,190.4554,214.6952
2024-11-26,NTNX,72.35,73.96,2.225,0.667,66.7,1.75,2.61,5.2,208.13,66.562,79.585,89.714
2024-11-26,CSL,454.6514,454.8092,0.035,0.607,60.7,1.22,1.95,4.21,148.65,418.2793,500.1166,563.7678
2024-11-26,WSO,532.0865,532.9854,0.169,0.729,72.9,1.4,2.43,5.55,109.98,489.5196,585.2952,659.7873
2024-11-26,S,27.93,28.52,2.112,0.739,73.9,1.24,3.18,3.07,92.54,25.6956,30.723,34.6332
2024-11-26,KNX,58.3225,58.4595,0.235,0.593,59.3,1.37,2.94,5.95,123.79,53.6567,64.1548,72.3199
2024-11-26,DAY,79.68,79.76,0.1,0.914,91.4,2.43,3.79,3.22,174.37,73.3056,87.648,98.8032
2024-11-26,DBA,79.68,79.76,0.1,0.914,91.4,2.43,3.79,3.22,174.37,73.3056,87.648,98.8032
2024-11-26,HST,79.68,79.76,0.1,0.914,91.4,2.43,3.79,3.22,174.37,73.3056,87.648,98.8032
2024-11-26,SCI,86.1767,86.4695,0.34,0.582,58.2,1.36,2.01,3.94,93.04,79.2826,94.7944,106.8591
2024-11-26,RYAN,74.2558,74.2756,0.027,0.662,66.2,1.28,2.69,6.28,63.52,68.3153,81.6814,92.0772
2024-11-26,MP,20.25,20.7,2.222,0.951,95.1,1.33,4.43,6.22,49.91,18.63,22.275,25.11
2024-11-26,TPG,67.9228,68.0182,0.14,0.924,92.4,1.13,3.67,6.37,89.53,62.489,74.7151,84.2243
2024-11-26,SSB,107.7237,108.3835,0.612,0.638,63.8,1.12,2.77,5.48,64.65,99.1058,118.4961,133.5774
2024-11-26,CALM,87.7585,88.1036,0.393,0.878,87.8,1.14,2.61,5.27,38.82,80.7378,96.5343,108.8205
2024-11-26,KRHC1,39.4463,39.6323,0.472,0.738,73.8,1.31,2.66,5.83,42.03,36.2906,43.3909,48.9134
2024-11-26,JHG,43.6146,43.8456,0.53,0.777,77.7,1.14,1.92,3.55,46.56,40.1254,47.9761,54.0821
2024-11-26,KRC,39.4463,39.6323,0.472,0.737,73.7,1.31,2.66,5.83,42.03,36.2906,43.3909,48.9134
2024-11-26,JBTM,123.6369,124.0948,0.37,0.906,90.6,1.48,2.89,5.32,49.41,113.7459,136.0006,153.3098
2024-11-27,CRM,327.4958,326.8309,-0.203,0.863,86.3,1.17,2.69,2.1,2084.43,301.2962,360.2454,406.0949
2024-11-27,CRWD,347.59,349.5,0.549,0.866,86.6,2.78,3.39,2.93,1352.67,319.7828,382.349,431.0116
2024-11-27,KKR,159.1258,160.9852,1.169,0.877,87.7,1.29,2.2,5.91,526.75,146.3957,175.0383,197.3159
2024-11-27,JD,36.125,36.0959,-0.081,0.895,89.5,1.19,2.97,0.36,470.12,33.235,39.7375,44.795
2024-11-27,ZM,85.36,84.8,-0.656,0.779,77.9,1.16,2.9,4.99,383.26,78.5312,93.896,105.8464
2024-11-27,LYFT,17.18,17.26,0.466,0.939,93.9,1.14,4.53,3.85,334.82,15.8056,18.898,21.3032
2024-11-27,SAIA,564.38,577.38,2.303,0.872,87.2,1.25,3.89,5.86,189.56,519.2296,620.818,699.8312
2024-11-27,DOCU,80.38,81.0,0.771,0.904,90.4,1.12,3.02,2.4,199.39,73.9496,88.418,99.6712
2024-11-27,ARGX,614.59,617.2,0.425,0.644,64.4,1.12,2.3,3.68,221.8,565.4228,676.049,762.0916
2024-11-27,GTLB,63.8,64.01,0.329,0.662,66.2,1.19,4.03,4.76,121.54,58.696,70.18,79.112
2024-11-27,CLS,83.16,83.57,0.493,0.973,97.3,1.48,4.51,1.05,216.94,76.5072,91.476,103.1184
2024-11-27,S,28.08,28.45,1.318,0.727,72.7,1.37,3.24,3.32,95.57,25.8336,30.888,34.8192
2024-11-27,OWL,22.2871,22.3152,0.126,0.914,91.4,1.26,3.12,3.52,163.12,20.5041,24.5158,27.636
2024-11-27,ACM,115.2795,115.5363,0.223,0.723,72.3,1.19,2.4,4.91,122.71,106.0572,126.8075,142.9466
2024-11-27,ACME,115.2795,115.5363,0.223,0.723,72.3,1.19,2.4,4.91,122.71,106.0572,126.8075,142.9466
2024-11-27,ACMM,115.2795,115.5363,0.223,0.723,72.3,1.19,2.4,4.91,122.71,106.0572,126.8075,142.9466
2024-11-27,HLNE,188.5926,189.5453,0.505,0.82,82.0,1.18,2.68,0.02,64.84,173.5052,207.4519,233.8548
2024-11-27,BTC1,4.43,4.51,1.806,0.954,95.4,1.34,11.21,5.54,102.85,4.0756,4.873,5.4932
2024-11-27,BTCM,4.43,4.51,1.806,0.954,95.4,1.34,11.21,5.54,102.85,4.0756,4.873,5.4932
2024-11-27,KRHC1,39.1114,39.1673,0.143,0.72,72.0,1.5,2.73,4.76,42.0,35.9825,43.0226,48.4982
2024-11-27,KRC,39.1114,39.1673,0.143,0.719,71.9,1.5,2.73,4.76,42.0,35.9825,43.0226,48.4982
2024-11-27,JBTM,124.7021,125.409,0.567,0.906,90.6,1.76,2.85,5.8,52.31,114.726,137.1723,154.6306
2024-11-27,BEPC,30.5869,30.5822,-0.015,0.605,60.5,1.24,3.54,5.86,27.7,28.14,33.6456,37.9278
2024-11-27,BEPH,30.5869,30.5822,-0.015,0.605,60.5,1.24,3.54,5.86,27.7,28.14,33.6456,37.9278
2024-11-27,BEPI,30.5869,30.5822,-0.015,0.605,60.5,1.24,3.54,5.86,27.7,28.14,33.6456,37.9278
2024-11-27,SNDR,32.1174,32.1369,0.061,0.718,71.8,3.33,2.73,6.64,26.22,29.548,35.3291,39.8255
2024-12-02,TSM,191.2082,190.323,-0.463,0.736,73.6,1.33,2.57,2.16,2385.27,175.9116,210.3291,237.0982
2024-12-02,CRWD,346.8,345.0,-0.519,0.887,88.7,1.38,3.37,1.3,1374.55,319.056,381.48,430.032
2024-12-02,MRVL,96.4885,97.415,0.96,0.907,90.7,1.86,3.13,6.33,908.85,88.7694,106.1374,119.6458
2024-12-02,CDNS,310.27,306.75,-1.134,0.658,65.8,1.22,2.39,1.38,430.13,285.4484,341.297,384.7348
2024-12-02,KKR,158.7479,159.3445,0.376,0.869,86.9,1.15,2.15,4.03,535.33,146.0481,174.6227,196.8474
2024-12-02,CLSK,14.52,13.33,-8.196,0.968,96.8,1.22,10.86,4.09,574.17,13.3584,15.972,18.0048
2024-12-02,CLSR,14.52,13.33,-8.196,0.968,96.8,1.22,10.86,4.09,574.17,13.3584,15.972,18.0048
2024-12-02,CLST,14.52,13.33,-8.196,0.968,96.8,1.22,10.86,4.09,574.17,13.3584,15.972,18.0048
2024-12-02,ZS,208.51,195.9,-6.048,0.836,83.6,3.22,2.98,2.89,354.9,191.8292,229.361,258.5524
2024-12-02,NCLH,28.35,28.25,-0.353,0.952,95.2,1.49,3.24,5.41,297.69,26.082,31.185,35.154
2024-12-02,HWM,117.3107,117.8689,0.476,0.783,78.3,1.12,2.46,3.27,306.17,107.9259,129.0418,145.4653
2024-12-02,SEDG,18.0362,18.06,0.132,0.692,69.2,1.12,2.21,0.1,162.01,16.5933,19.8398,22.3648
2024-12-02,SEE,18.0362,18.06,0.132,0.692,69.2,1.12,2.21,0.1,162.01,16.5933,19.8398,22.3648
2024-12-02,KEX,17.8593,17.8829,0.132,0.691,69.1,1.12,2.21,0.1,160.42,16.4306,19.6453,22.1456
2024-12-02,FOXA,45.0249,45.2066,0.404,0.596,59.6,1.11,2.25,1.28,182.0,41.4229,49.5273,55.8308
2024-12-02,FRC,45.0249,45.2066,0.404,0.596,59.6,1.11,2.25,1.28,182.0,41.4229,49.5273,55.8308
2024-12-02,FRT,45.0249,45.2066,0.404,0.596,59.6,1.11,2.25,1.28,182.0,41.4229,49.5273,55.8308
2024-12-02,FTI,45.0249,45.2066,0.404,0.596,59.6,1.11,2.25,1.28,182.0,41.4229,49.5273,55.8308
2024-12-02,XPO,154.53,153.8,-0.472,0.93,93.0,1.19,2.69,3.97,196.63,142.1676,169.983,191.6172
2024-12-02,KEY,17.8593,17.8829,0.132,0.692,69.2,1.12,2.21,0.1,160.42,16.4306,19.6453,22.1456
2024-12-02,FCNCA,2211.7861,2232.4192,0.933,0.609,60.9,1.19,2.75,0.76,220.57,2034.8432,2432.9647,2742.6148
2024-12-02,LB,72.2393,70.9793,-1.744,0.986,98.6,1.54,9.79,5.27,44.47,66.4602,79.4633,89.5768
2024-12-02,CPAY,382.99,381.66,-0.347,0.758,75.8,1.34,2.02,4.36,200.74,352.3508,421.289,474.9076
2024-12-02,IBKR,46.1762,46.6015,0.921,0.929,92.9,1.32,2.43,3.16,214.65,42.4821,50.7938,57.2585
2024-12-02,GTLB,62.99,62.61,-0.603,0.635,63.5,1.29,3.89,2.08,119.73,57.9508,69.289,78.1076
2024-12-02,BJ,95.21,95.32,0.116,0.729,72.9,1.14,2.85,4.79,164.44,87.5932,104.731,118.0604
2024-12-02,BJCT,95.21,95.32,0.116,0.729,72.9,1.14,2.85,4.79,164.44,87.5932,104.731,118.0604
2024-12-02,VFC,20.2129,20.2419,0.144,0.636,63.6,1.47,3.74,2.78,106.58,18.5959,22.2342,25.064
2024-12-02,S,27.43,27.03,-1.458,0.738,73.8,1.46,3.31,0.27,97.4,25.2356,30.173,34.0132
2024-12-02,RS,313.3065,314.932,0.519,0.616,61.6,1.16,1.92,1.78,110.58,288.242,344.6372,388.5001
2024-12-02,CG,51.0768,51.1445,0.133,0.895,89.5,2.04,2.87,1.64,155.77,46.9906,56.1844,63.3352
2024-12-02,FWONK,89.02,88.82,-0.225,0.605,60.5,1.43,2.97,6.17,113.98,81.8984,97.922,110.3848
2024-12-02,CRDO,47.8,64.445,34.822,0.98,98.0,2.33,5.74,6.51,135.82,43.976,52.58,59.272
2024-12-02,CRDSQ,47.8,64.445,34.822,0.98,98.0,2.33,5.74,6.51,135.82,43.976,52.58,59.272
2024-12-02,BEN,20.9895,21.0453,0.266,0.654,65.4,1.2,2.6,4.02,84.2,19.3103,23.0885,26.027
2024-12-02,RBA,96.5786,96.6781,0.103,0.617,61.7,1.55,2.34,4.21,86.55,88.8523,106.2365,119.7575
2024-12-02,PFGC,88.27,88.7,0.487,0.719,71.9,1.2,2.02,2.92,99.66,81.2084,97.097,109.4548
2024-12-02,VIK,46.23,46.25,0.043,0.893,89.3,1.32,3.18,3.25,116.39,42.5316,50.853,57.3252
2024-12-02,PFIS,88.27,88.7,0.487,0.719,71.9,1.2,2.02,2.92,99.66,81.2084,97.097,109.4548
2024-12-02,PFL,88.27,88.7,0.487,0.719,71.9,1.2,2.02,2.92,99.66,81.2084,97.097,109.4548
2024-12-02,CAR,105.93,105.38,-0.519,0.933,93.3,1.19,5.03,5.1,71.7,97.4556,116.523,131.3532
2024-12-02,PLCM,39.0,38.74,-0.667,0.758,75.8,1.51,4.88,2.68,45.24,35.88,42.9,48.36
2024-12-02,ATMV,43.3825,43.2632,-0.275,0.842,84.2,1.4,2.8,2.02,38.0,39.9119,47.7207,53.7943
2024-12-02,ATMVR,43.3825,43.2632,-0.275,0.842,84.2,1.4,2.8,2.02,38.0,39.9119,47.7207,53.7943
2024-12-02,ATMP,43.3825,43.2632,-0.275,0.842,84.2,1.4,2.8,2.02,38.0,39.9119,47.7207,53.7943
2024-12-02,BAM,54.7269,54.6886,-0.07,0.886,88.6,1.37,2.5,2.02,62.02,50.3488,60.1996,67.8614
2024-12-02,TPG,65.7665,65.6425,-0.189,0.89,89.0,1.49,3.75,2.39,84.8,60.5052,72.3432,81.5505
2024-12-02,ABG,265.02,265.59,0.215,0.646,64.6,1.62,2.64,2.74,45.04,243.8184,291.522,328.6248
2024-12-02,WTFC,134.6246,134.9678,0.255,0.84,84.0,1.17,2.42,4.35,57.92,123.8546,148.087,166.9345
2024-12-02,CAKE,48.3144,48.3144,-0.0,0.837,83.7,1.22,2.92,3.91,54.06,44.4492,53.1458,59.9098
2024-12-02,CAKR,48.3144,48.3144,-0.0,0.837,83.7,1.22,2.92,3.91,54.06,44.4492,53.1458,59.9098
2024-12-02,PEGA,47.13,47.0152,-0.243,0.872,87.2,1.21,2.44,6.06,45.39,43.3596,51.843,58.4411
2024-12-02,PEET,47.13,47.0152,-0.243,0.871,87.1,1.21,2.44,6.06,45.39,43.3596,51.8429,58.4411
2024-12-02,PEGI,47.13,47.0152,-0.243,0.871,87.1,1.21,2.44,6.06,45.39,43.3596,51.8429,58.4411
2024-12-02,GGAL,57.6456,58.4436,1.384,0.898,89.8,1.27,4.7,6.63,65.02,53.0339,63.4101,71.4805
2024-12-02,DLB,78.2729,77.6478,-0.799,0.612,61.2,1.35,2.44,5.54,38.7,72.0111,86.1002,97.0584
2024-12-02,CUKPF,23.5303,23.6099,0.338,0.951,95.1,1.17,2.52,6.41,32.15,21.6479,25.8834,29.1776
2024-12-02,ATGFF,91.57,91.5,-0.076,0.816,81.6,1.3,3.1,3.33,36.68,84.2444,100.727,113.5468
2024-12-02,MLCI,6.56,6.62,0.915,0.704,70.4,1.64,4.01,3.48,25.38,6.0352,7.216,8.1344
2024-12-02,SNDR,32.3716,31.9512,-1.299,0.739,73.9,1.49,2.9,5.76,27.89,29.7818,35.6087,40.1407
2024-12-03,CRM,328.9051,364.0155,10.675,0.857,85.7,1.85,2.61,0.85,2245.95,302.5927,361.7956,407.8423
2024-12-03,MRVL,95.5422,111.8992,17.12,0.883,88.3,2.44,3.18,4.62,981.53,87.8988,105.0964,118.4723
2024-12-03,BLK,1013.1126,1012.1376,-0.096,0.655,65.5,1.38,1.93,0.57,692.63,932.0636,1114.4239,1256.2596
2024-12-03,TT,408.7645,408.2196,-0.133,0.675,67.5,1.16,2.0,0.55,499.47,376.0633,449.6409,506.868
2024-12-03,FICO,2345.3201,2356.9099,0.494,0.834,83.4,1.67,2.66,2.09,381.06,2157.6945,2579.8521,2908.1969
2024-12-03,FERG,215.5152,215.5152,-0.0,0.674,67.4,1.48,2.07,6.04,294.46,198.274,237.0667,267.2389
2024-12-03,LYV,137.35,139.19,1.34,0.912,91.2,1.46,2.18,3.86,430.64,126.362,151.085,170.314
2024-12-03,CHWY,33.62,30.81,-8.358,0.789,78.9,1.43,4.07,2.42,196.84,30.9304,36.982,41.6888
2024-12-03,TCOM,67.701,66.9944,-1.044,0.909,90.9,1.71,2.29,5.6,238.06,62.2849,74.4711,83.9492
2024-12-03,SAIA,547.97,544.21,-0.686,0.839,83.9,1.38,4.02,0.71,187.04,504.1324,602.767,679.4828
2024-12-03,OKTA,81.71,91.0,11.369,0.588,58.8,3.21,2.89,6.58,231.96,75.1732,89.881,101.3204
2024-12-03,PSTG,53.54,62.66,17.034,0.596,59.6,1.92,3.6,3.37,160.04,49.2568,58.894,66.3896
2024-12-03,XPO,153.36,152.7,-0.43,0.926,92.6,1.24,2.66,2.49,196.26,141.0912,168.696,190.1664
2024-12-03,PR,14.9385,14.9481,0.064,0.683,68.3,1.16,2.43,2.59,127.84,13.7434,16.4323,18.5237
2024-12-03,PQUEQ,14.9385,14.9481,0.064,0.681,68.1,1.16,2.43,2.59,127.84,13.7434,16.4323,18.5237
2024-12-03,PRA,14.9385,14.9481,0.064,0.681,68.1,1.16,2.43,2.59,127.84,13.7434,16.4323,18.5237
2024-12-03,BILL,88.48,88.35,-0.147,0.954,95.4,1.39,3.79,4.86,204.93,81.4016,97.328,109.7152
2024-12-03,BIMC,88.48,88.35,-0.147,0.954,95.4,1.39,3.79,4.86,204.93,81.4016,97.328,109.7152
2024-12-03,IBKR,46.4771,46.3503,-0.273,0.927,92.7,1.17,2.49,2.88,224.26,42.759,51.1248,57.6316
2024-12-03,S,27.55,28.26,2.577,0.772,77.2,1.12,3.33,0.33,100.17,25.346,30.305,34.162
2024-12-03,MBLY,17.54,17.39,-0.855,0.94,94.0,1.12,5.98,3.73,113.25,16.1368,19.294,21.7496
2024-12-03,MANH,297.09,300.0,0.98,0.613,61.3,1.39,2.36,5.65,117.19,273.3228,326.799,368.3916
2024-12-03,USFD,70.61,70.33,-0.397,0.74,74.0,1.68,1.91,4.61,142.11,64.9612,77.671,87.5564
2024-12-03,RBA,96.9167,97.1453,0.236,0.621,62.1,1.65,2.37,3.89,91.74,89.1633,106.6083,120.1767
2024-12-03,VIK,45.66,45.87,0.46,0.893,89.3,1.35,3.17,1.33,119.92,42.0072,50.226,56.6184
2024-12-03,CAR,102.89,102.52,-0.36,0.92,92.0,1.3,5.07,1.45,68.92,94.6588,113.179,127.5836
2024-12-03,AYI,323.9504,330.7303,2.093,0.825,82.5,1.58,2.06,0.21,89.6,298.0343,356.3454,401.6985
2024-12-03,AZA.A,324.16,330.9443,2.093,0.823,82.3,1.58,2.06,0.21,89.66,298.2272,356.576,401.9584
2024-12-03,AZEK,324.16,330.9443,2.093,0.823,82.3,1.58,2.06,0.21,89.66,298.2272,356.576,401.9584
2024-12-03,AYRO,324.16,330.9443,2.093,0.824,82.4,1.58,2.06,0.21,89.66,298.2272,356.576,401.9584
2024-12-03,RYAN,73.4546,73.3952,-0.081,0.612,61.2,1.62,2.13,2.94,55.56,67.5782,80.8,91.0837
2024-12-03,DTM,98.9143,99.001,0.088,0.883,88.3,1.17,2.42,0.97,105.01,91.0012,108.8058,122.6538
2024-12-03,BAM,54.9475,55.2257,0.506,0.862,86.2,1.4,2.22,2.17,56.27,50.5517,60.4423,68.1349
2024-12-03,AUR,5.92,5.96,0.676,0.931,93.1,1.41,8.15,1.39,74.03,5.4464,6.512,7.3408
2024-12-03,CDE,6.72,6.71,-0.149,0.776,77.6,1.29,4.63,5.13,70.19,6.1824,7.392,8.3328
2024-12-03,ABG,265.35,265.61,0.098,0.664,66.4,1.65,2.48,2.3,45.52,244.122,291.885,329.034
2024-12-03,WTFC,133.6244,134.1441,0.389,0.806,80.6,1.65,2.46,2.67,60.63,122.9344,146.9868,165.6942
2024-12-03,RNG,36.9839,37.7226,1.997,0.841,84.1,2.66,4.17,0.22,52.48,34.0252,40.6823,45.86
2024-12-03,CCC,12.55,12.69,1.116,0.676,67.6,1.63,2.48,5.06,40.62,11.546,13.805,15.562
2024-12-03,AURA,5.92,5.96,0.676,0.931,93.1,1.41,8.15,1.39,74.03,5.4464,6.512,7.3408
2024-12-03,CAKE,48.8604,48.8994,0.08,0.878,87.8,1.51,2.92,4.56,56.4,44.9516,53.7464,60.5869
2024-12-03,CAKR,48.8604,48.8994,0.08,0.878,87.8,1.51,2.92,4.56,56.4,44.9516,53.7464,60.5869
2024-12-03,EXLS,45.97,46.05,0.174,0.79,79.0,1.42,2.08,0.69,40.74,42.2924,50.567,57.0028
2024-12-03,FSM,4.97,4.94,-0.604,0.655,65.5,1.38,4.37,4.31,37.58,4.5724,5.467,6.1628
2024-12-03,TSS,20.3087,20.6167,1.517,0.882,88.2,1.59,3.33,6.59,59.01,18.684,22.3395,25.1828
2024-12-03,LOAR,89.04,89.19,0.168,0.713,71.3,1.48,5.62,2.11,32.34,81.9168,97.944,110.4096
2024-12-03,KRON1,62.28,63.82,2.473,0.599,59.9,1.36,5.4,3.98,27.31,57.2976,68.508,77.2272
2024-12-03,SNDR,31.1592,31.2081,0.157,0.64,64.0,1.27,2.96,1.27,27.71,28.6665,34.2752,38.6374
2024-12-04,GOOGL,173.4909,174.4759,0.568,0.614,61.4,1.18,1.96,0.26,4649.91,159.6116,190.84,215.1287
2024-12-04,CRWD,364.16,361.2,-0.813,0.909,90.9,1.22,3.44,4.73,1517.36,335.0272,400.576,451.5584
2024-12-04,CMG,63.89,63.91,0.031,0.624,62.4,1.42,2.11,6.1,564.03,58.7788,70.279,79.2236
2024-12-04,SNPS,588.0,544.52,-7.395,0.609,60.9,2.07,2.42,4.8,523.87,540.96,646.8,729.12
2024-12-04,BLK,1009.2123,1009.3103,0.01,0.61,61.0,1.44,1.94,0.09,720.48,928.4754,1110.1336,1251.4233
2024-12-04,CDNS,324.54,318.5,-1.861,0.794,79.4,1.52,2.45,4.54,469.89,298.5768,356.994,402.4296
2024-12-04,KKR,156.7095,156.5007,-0.133,0.838,83.8,1.15,2.18,1.39,538.93,144.1727,172.3805,194.3198
2024-12-04,BAX,172.3053,172.1869,-0.069,0.949,94.9,1.22,2.31,4.26,677.27,158.5208,189.5358,213.6585
2024-12-04,BBT,172.3053,172.1869,-0.069,0.949,94.9,1.22,2.31,4.26,677.27,158.5208,189.5358,213.6585
2024-12-04,ZS,206.36,205.63,-0.354,0.831,83.1,1.64,3.21,1.01,451.74,189.8512,226.996,255.8864
2024-12-04,FERG,217.3095,215.8078,-0.691,0.628,62.8,1.18,2.02,6.4,304.05,199.9248,239.0405,269.4638
2024-12-04,TRIP,33.2451,34.5204,3.836,0.6,60.0,1.3,2.46,5.73,211.41,30.5855,36.5696,41.2239
2024-12-04,TRMB,33.2451,34.5204,3.836,0.6,60.0,1.3,2.46,5.73,211.41,30.5855,36.5696,41.2239
2024-12-04,PWR,333.1729,332.9932,-0.054,0.834,83.4,1.23,2.43,0.19,318.91,306.5191,366.4902,413.1344
2024-12-04,LYV,136.73,136.41,-0.234,0.889,88.9,1.76,2.3,2.65,459.94,125.7916,150.403,169.5452
2024-12-04,CHWY,33.47,32.78,-2.062,0.661,66.1,3.27,4.48,1.3,176.75,30.7924,36.817,41.5028
2024-12-04,TCOM,66.5565,65.9794,-0.867,0.888,88.8,1.36,2.32,3.94,237.05,61.232,73.2122,82.5301
2024-12-04,ETR,73.2639,73.1238,-0.191,0.758,75.8,1.28,1.88,0.83,264.92,67.4028,80.5903,90.8472
2024-12-04,XPO,155.13,154.75,-0.245,0.928,92.8,1.24,2.59,3.09,193.87,142.7196,170.643,192.3612
2024-12-04,CART,45.59,45.54,-0.11,0.796,79.6,1.17,4.04,2.8,222.86,41.9428,50.149,56.5316
2024-12-04,EPAM,241.91,243.0,0.451,0.61,61.0,1.3,2.73,1.08,173.68,222.5572,266.101,299.9684
2024-12-04,CARS2,45.59,45.54,-0.11,0.796,79.6,1.17,4.04,2.8,222.86,41.9428,50.149,56.5316
2024-12-04,FTAI,163.0406,160.4111,-1.613,0.903,90.3,1.11,3.8,0.56,162.82,149.9974,179.3447,202.1703
2024-12-04,GTLB,66.56,66.5,-0.09,0.636,63.6,1.7,3.95,6.32,138.67,61.2352,73.216,82.5344
2024-12-04,TXRH,196.1824,194.9554,-0.625,0.749,74.9,1.64,2.05,0.93,137.83,180.4878,215.8007,243.2662
2024-12-04,S,28.68,24.99,-12.866,0.831,83.1,3.53,3.45,3.89,121.12,26.3856,31.548,35.5632
2024-12-04,HES,67.1215,67.0931,-0.042,0.747,74.7,1.15,2.61,0.89,112.76,61.7518,73.8336,83.2306
2024-12-04,CMA,67.1215,67.0931,-0.042,0.747,74.7,1.15,2.61,0.89,112.76,61.7518,73.8336,83.2306
2024-12-04,CIEN,73.15,72.57,-0.793,0.871,87.1,1.2,2.79,4.94,106.81,67.298,80.465,90.706
2024-12-04,USFD,71.99,71.73,-0.361,0.753,75.3,1.19,1.9,5.96,147.43,66.2308,79.189,89.2676
2024-12-04,BEN,21.0638,21.0545,-0.044,0.629,62.9,2.23,2.12,3.45,77.32,19.3787,23.1702,26.1192
2024-12-04,RBA,97.6226,97.6623,0.041,0.611,61.1,1.25,2.34,3.99,94.76,89.8128,107.3848,121.052
2024-12-04,NNE,26.5,26.5,0.0,0.996,99.6,1.25,13.24,6.6,145.23,24.38,29.15,32.86
2024-12-04,NNGPF,26.5,26.5,0.0,0.996,99.6,1.25,13.24,6.6,145.23,24.38,29.15,32.86
2024-12-04,AGQPF,39.96,39.82,-0.35,0.614,61.4,1.12,2.78,3.06,58.59,36.7632,43.956,49.5504
2024-12-04,GTES,22.43,23.1,2.987,0.861,86.1,1.16,2.11,4.16,63.73,20.6356,24.673,27.8132
2024-12-04,IDE,198.0965,197.5237,-0.289,0.928,92.8,1.44,2.44,6.54,67.81,182.2488,217.9061,245.6397
2024-12-04,GTH,22.43,23.1,2.987,0.861,86.1,1.16,2.11,4.16,63.73,20.6356,24.673,27.8132
2024-12-04,MP,21.13,20.88,-1.183,0.925,92.5,2.02,5.12,6.61,67.58,19.4396,23.243,26.2012
2024-12-04,SSB,107.7043,108.4029,0.649,0.679,67.9,1.2,2.6,2.24,68.43,99.088,118.4747,133.5534
2024-12-04,NXEN,8.33,8.33,0.0,0.932,93.2,1.19,5.05,4.62,65.31,7.6636,9.163,10.3292
2024-12-04,CALM,88.3307,88.4034,0.082,0.888,88.8,1.13,2.63,3.2,38.8,81.2642,97.1638,109.5301
2024-12-04,GGAL,54.6188,54.7745,0.285,0.842,84.2,1.11,4.69,0.07,64.07,50.2493,60.0806,67.7273
2024-12-04,DIGE,5.01,4.99,-0.399,0.779,77.9,2.32,3.87,3.94,34.08,4.6092,5.511,6.2124
2024-12-04,DIGF,5.01,4.99,-0.399,0.779,77.9,2.32,3.87,3.94,34.08,4.6092,5.511,6.2124
2024-12-04,DIGI1,5.01,4.99,-0.399,0.779,77.9,2.32,3.87,3.94,34.08,4.6092,5.511,6.2124
2024-12-04,APLE,14.6758,14.6849,0.062,0.596,59.6,1.17,1.93,1.74,27.06,13.5017,16.1434,18.198
2024-12-04,BDCC,122.8374,122.6578,-0.146,0.734,73.4,1.3,2.52,0.12,28.01,113.0104,135.1212,152.3184
2024-12-04,PAC,2.08,2.08,0.0,0.657,65.7,1.54,12.46,6.07,26.22,1.9136,2.288,2.5792
2024-12-04,PACB,2.08,2.08,0.0,0.657,65.7,1.54,12.46,6.07,26.22,1.9136,2.288,2.5792
2024-12-04,PACC,2.08,2.08,0.0,0.657,65.7,1.54,12.46,6.07,26.22,1.9136,2.288,2.5792
2024-12-05,TSLA,369.49,377.42,2.146,0.971,97.1,1.22,4.03,6.08,24714.13,339.9308,406.439,458.1676
2024-12-05,MSTR,386.4,395.29,2.301,0.997,99.7,1.15,13.28,4.12,15568.37,355.488,425.04,479.136
2024-12-05,VRT,134.3885,134.8079,0.312,0.955,95.5,1.53,4.96,4.07,987.64,123.6374,147.8273,166.6417
2024-12-05,GILD,90.0929,90.199,0.118,0.613,61.3,1.59,2.37,1.4,704.04,82.8855,99.1022,111.7152
2024-12-05,GME,28.63,29.12,1.711,0.89,89.0,2.68,7.45,3.86,435.4,26.3396,31.493,35.5012
2024-12-05,KKR,156.1526,156.5902,0.28,0.84,84.0,1.13,2.05,0.87,509.44,143.6604,171.7679,193.6293
2024-12-05,DAL,64.9896,66.1852,1.84,0.922,92.2,1.3,2.78,3.34,470.27,59.7904,71.4885,80.5871
2024-12-05,APH,73.6602,73.6701,0.013,0.702,70.2,1.13,1.98,2.27,435.21,67.7674,81.0262,91.3386
2024-12-05,ZS,205.61,207.48,0.909,0.785,78.5,1.16,3.3,0.33,458.65,189.1612,226.171,254.9564
2024-12-05,RCL,247.3799,250.0493,1.079,0.944,94.4,1.35,2.28,5.48,412.08,227.5895,272.1179,306.7511
2024-12-05,L,20.9505,21.9473,4.758,0.842,84.2,2.15,2.79,0.29,253.81,19.2745,23.0456,25.9787
2024-12-05,LDOS,20.9505,21.9473,4.758,0.842,84.2,2.15,2.79,0.29,253.81,19.2745,23.0456,25.9787
2024-12-05,HPE,20.9506,21.9473,4.757,0.843,84.3,2.15,2.79,0.29,253.81,19.2745,23.0456,25.9787
2024-12-05,FERG,209.8396,211.634,0.855,0.582,58.2,1.43,2.01,2.64,288.59,193.0525,230.8236,260.2011
2024-12-05,TTWO,190.03,190.36,0.174,0.761,76.1,1.28,1.91,2.97,294.08,174.8276,209.033,235.6372
2024-12-05,PWR,334.481,336.3183,0.549,0.791,79.1,1.32,2.34,0.22,297.18,307.7225,367.9291,414.7564
2024-12-05,DOCU,83.68,96.0,14.723,0.933,93.3,2.21,2.93,3.31,226.15,76.9856,92.048,103.7632
2024-12-05,NTES,88.0709,89.6109,1.749,0.606,60.6,1.26,2.0,6.6,155.82,81.0252,96.878,109.2079
2024-12-05,GTLB,66.04,73.5,11.296,0.688,68.8,2.62,3.83,5.0,148.38,60.7568,72.644,81.8896
2024-12-05,BN,39.7261,39.885,0.4,0.763,76.3,1.64,2.22,2.23,113.47,36.5481,43.6988,49.2604
2024-12-05,MBLY,17.1,17.4,1.754,0.945,94.5,1.49,6.16,0.09,110.24,15.732,18.81,21.204
2024-12-05,CIEN,72.23,71.94,-0.401,0.861,86.1,1.13,2.75,3.34,104.79,66.4516,79.453,89.5652
2024-12-05,PVH,108.5904,109.3186,0.671,0.625,62.5,2.75,2.95,3.82,86.16,99.9032,119.4495,134.6521
2024-12-05,TW,135.4505,135.3311,-0.088,0.671,67.1,1.77,2.25,2.47,108.0,124.6144,148.9955,167.9586
2024-12-05,BEN,20.813,20.9709,0.759,0.624,62.4,1.26,2.05,2.01,75.47,19.1479,22.8943,25.8081
2024-12-05,PFGC,90.57,90.75,0.199,0.778,77.8,1.4,1.98,4.51,89.63,83.3244,99.627,112.3068
2024-12-05,PFIS,90.57,90.75,0.199,0.778,77.8,1.4,1.98,4.51,89.63,83.3244,99.627,112.3068
2024-12-05,PFL,90.57,90.75,0.199,0.778,77.8,1.4,1.98,4.51,89.63,83.3244,99.627,112.3068
2024-12-05,APG,25.8067,26.2333,1.653,0.581,58.1,1.94,2.42,4.48,47.4,23.7421,28.3873,32.0003
2024-12-05,GTES,22.93,22.93,0.0,0.882,88.2,1.25,2.07,6.09,62.47,21.0956,25.223,28.4332
2024-12-05,IDE,190.7095,190.7885,0.041,0.916,91.6,1.31,2.42,2.14,65.51,175.4527,209.7804,236.4798
2024-12-05,UGI,26.5106,26.5106,0.0,0.72,72.0,1.12,2.92,6.35,90.75,24.3897,29.1616,32.8731
2024-12-05,GTH,22.93,22.93,0.0,0.882,88.2,1.25,2.07,6.09,62.47,21.0956,25.223,28.4332
2024-12-05,MP,20.01,20.34,1.649,0.909,90.9,1.13,5.16,0.87,62.74,18.4092,22.011,24.8124
2024-12-05,BAM,55.4271,55.4367,0.017,0.832,83.2,1.27,2.04,2.74,50.89,50.9929,60.9698,68.7296
2024-12-05,SSB,107.4617,108.2768,0.758,0.718,71.8,1.21,2.42,2.01,61.86,98.8648,118.2079,133.2526
2024-12-05,CIFR,6.89,7.0,1.597,0.989,98.9,1.26,10.75,3.84,72.66,6.3388,7.579,8.5436
2024-12-05,BTC1,4.47,4.6,2.908,0.957,95.7,1.12,11.65,0.96,111.72,4.1124,4.917,5.5428
2024-12-05,BTCM,4.47,4.6,2.908,0.957,95.7,1.12,11.65,0.96,111.72,4.1124,4.917,5.5428
2024-12-05,GVA,98.1303,98.319,0.192,0.865,86.5,1.2,2.41,0.88,45.77,90.2798,107.9433,121.6815
2024-12-05,CBRL,49.6651,50.3363,1.351,0.897,89.7,1.43,6.41,2.41,39.29,45.6919,54.6316,61.5847
2024-12-05,CBRRF,49.6651,50.3363,1.351,0.897,89.7,1.43,6.41,2.41,39.29,45.6919,54.6316,61.5847
2024-12-05,PK,13.7143,13.8363,0.889,0.627,62.7,1.64,2.83,4.58,40.04,12.6172,15.0858,17.0058
2024-12-05,DIGE,5.02,4.99,-0.598,0.801,80.1,1.51,3.68,3.99,34.98,4.6184,5.522,6.2248
2024-12-05,DIGF,5.02,4.99,-0.598,0.801,80.1,1.51,3.68,3.99,34.98,4.6184,5.522,6.2248
2024-12-05,DIGI1,5.02,4.99,-0.598,0.801,80.1,1.51,3.68,3.99,34.98,4.6184,5.522,6.2248
2024-12-05,BANC,16.3982,16.5725,1.063,0.734,73.4,1.46,2.6,1.41,37.54,15.0863,18.038,20.3338
2024-12-05,TDC,32.33,32.75,1.299,0.621,62.1,1.58,2.3,6.35,28.45,29.7436,35.563,40.0892
2024-12-05,AMS,34.89,35.3,1.175,0.948,94.8,1.11,9.41,4.52,58.0,32.0988,38.379,43.2636
2024-12-05,AMSC,34.89,35.3,1.175,0.948,94.8,1.11,9.41,4.52,58.0,32.0988,38.379,43.2636
2024-12-05,AMSF,34.89,35.3,1.175,0.948,94.8,1.11,9.41,4.52,58.0,32.0988,38.379,43.2636
2024-12-06,ADBE,552.96,556.1,0.568,0.589,58.9,1.19,2.16,5.41,1372.65,508.7232,608.256,685.6704
2024-12-06,ORCL,189.3018,193.8543,2.405,0.698,69.8,1.32,2.14,2.1,1507.76,174.1576,208.232,234.7342
2024-12-06,CVNA,251.21,254.0,1.111,0.974,97.4,1.16,3.37,0.11,591.21,231.1132,276.331,311.5004
2024-12-06,KKR,157.1172,157.4751,0.228,0.836,83.6,1.23,2.0,1.26,518.84,144.5478,172.8289,194.8253
2024-12-06,DAL,63.7643,63.705,-0.093,0.926,92.6,1.18,2.83,1.07,465.35,58.6632,70.1407,79.0677
2024-12-06,DL1,44.26,43.78,-1.084,0.595,59.5,1.18,3.63,3.12,427.42,40.7192,48.686,54.8824
2024-12-06,DLAPQ,44.26,43.78,-1.084,0.595,59.5,1.18,3.63,3.12,427.42,40.7192,48.686,54.8824
2024-12-06,URI,849.3858,850.454,0.126,0.725,72.5,1.59,1.99,0.52,416.08,781.4349,934.3244,1053.2384
2024-12-06,RH,376.1,381.35,1.396,0.928,92.8,1.32,3.3,6.22,198.0,346.012,413.71,466.364
2024-12-06,XPO,151.63,151.7,0.046,0.903,90.3,1.18,2.58,0.78,173.68,139.4996,166.793,188.0212
2024-12-06,ARES,172.4055,172.8218,0.241,0.776,77.6,1.17,2.03,2.83,187.87,158.613,189.646,213.7828
2024-12-06,EPAM,245.45,245.84,0.159,0.731,73.1,2.71,2.52,1.49,179.87,225.814,269.995,304.358
2024-12-06,CYBR,323.22,324.55,0.411,0.682,68.2,1.51,3.36,2.74,178.52,297.3624,355.542,400.7928
2024-12-06,CYBR2,323.22,324.55,0.411,0.682,68.2,1.51,3.36,2.74,178.52,297.3624,355.542,400.7928
2024-12-06,GTLB,67.19,67.3,0.164,0.77,77.0,4.59,4.2,6.32,189.18,61.8148,73.909,83.3156
2024-12-06,BJ,95.6,95.6,0.0,0.675,67.5,1.27,2.63,3.41,174.25,87.952,105.16,118.544
2024-12-06,BJCT,95.6,95.6,0.0,0.675,67.5,1.27,2.63,3.41,174.25,87.952,105.16,118.544
2024-12-06,ALLY,37.32,38.1042,2.101,0.674,67.4,1.14,2.6,2.18,110.73,34.3344,41.052,46.2768
2024-12-06,PVH,106.9146,107.7226,0.756,0.585,58.5,1.48,3.01,2.13,86.52,98.3614,117.606,132.5741
2024-12-06,GVA,97.594,97.8224,0.234,0.845,84.5,1.16,2.34,0.2,44.56,89.7865,107.3534,121.0165
2024-12-06,KNGRF,105.34,106.13,0.75,0.822,82.2,1.24,2.7,4.91,34.87,96.9128,115.874,130.6216
2024-12-06,ESAB,127.904,129.418,1.184,0.837,83.7,1.23,2.22,0.27,35.02,117.6717,140.6944,158.601
2024-12-06,BDCC,122.1289,122.9771,0.695,0.73,73.0,1.11,2.22,0.15,24.75,112.3586,134.3418,151.4399
2024-12-06,MLCI,6.56,6.84,4.268,0.684,68.4,1.51,3.45,4.44,24.86,6.0352,7.216,8.1344
2024-12-09,AMZN,226.09,226.09,0.0,0.76,76.0,1.21,2.01,5.7,8770.82,208.0028,248.699,280.3516
2024-12-09,GOOG,176.4132,183.8194,4.198,0.581,58.1,1.13,1.9,1.37,3098.0,162.3002,194.0545,218.7524
2024-12-09,ADBE,547.93,547.35,-0.106,0.606,60.6,1.37,2.16,3.74,1431.48,504.0956,602.723,679.4332
2024-12-09,PDD,110.33,105.5,-4.378,0.685,68.5,2.14,3.02,3.74,1294.07,101.5036,121.363,136.8092
2024-12-09,ORCL,188.0772,171.2989,-8.921,0.718,71.8,2.36,2.28,1.41,1607.45,173.031,206.8849,233.2157
2024-12-09,CMG,64.58,64.58,0.0,0.659,65.9,1.12,2.15,5.45,584.46,59.4136,71.038,80.0792
2024-12-09,APP,342.54,342.11,-0.126,0.998,99.8,2.08,6.99,4.6,2667.08,315.1368,376.794,424.7496
2024-12-09,WDAY,279.91,278.29,-0.579,0.581,58.1,3.34,3.18,5.94,969.27,257.5172,307.901,347.0884
2024-12-09,SOFI,15.57,15.49,-0.514,0.989,98.9,1.16,4.64,3.4,803.2,14.3244,17.127,19.3068
2024-12-09,BAX,170.0766,170.7669,0.406,0.948,94.8,4.28,2.66,1.64,768.95,156.4705,187.0843,210.895
2024-12-09,BBT,170.0766,170.7669,0.406,0.948,94.8,4.28,2.66,1.64,768.95,156.4705,187.0843,210.895
2024-12-09,APH,72.9473,72.7789,-0.231,0.689,68.9,1.2,1.88,1.27,413.23,67.1115,80.242,90.4546
2024-12-09,TEAM,273.14,273.0,-0.051,0.973,97.3,1.11,3.16,5.46,575.78,251.2888,300.454,338.6936
2024-12-09,RCL,243.4398,246.7889,1.376,0.935,93.5,1.43,2.47,2.52,414.85,223.9646,267.7838,301.8653
2024-12-09,APTV,107.0096,105.8777,-1.058,0.817,81.7,1.23,4.17,2.69,232.51,98.4489,117.7106,132.692
2024-12-09,ARE,107.0096,105.8777,-1.058,0.817,81.7,1.23,4.17,2.69,232.51,98.4489,117.7106,132.692
2024-12-09,ARNC,107.0096,105.8777,-1.058,0.817,81.7,1.23,4.17,2.69,232.51,98.4489,117.7106,132.692
2024-12-09,ATO,107.0096,105.8777,-1.058,0.817,81.7,1.23,4.17,2.69,232.51,98.4489,117.7106,132.692
2024-12-09,L,22.3634,21.8989,-2.077,0.895,89.5,1.61,3.05,6.17,308.75,20.5743,24.5997,27.7306
2024-12-09,LDOS,22.3634,21.8989,-2.077,0.895,89.5,1.61,3.05,6.17,308.75,20.5743,24.5997,27.7306
2024-12-09,HPE,22.3634,21.8989,-2.077,0.894,89.4,1.61,3.05,6.17,308.75,20.5743,24.5997,27.7306
2024-12-09,FERG,212.3361,190.8821,-10.104,0.605,60.5,1.32,1.95,3.45,298.83,195.3492,233.5697,263.2968
2024-12-09,FLUT,271.52,271.6,0.029,0.788,78.8,1.14,2.2,0.43,488.91,249.7984,298.672,336.6848
2024-12-09,WBD,10.56,10.65,0.852,0.807,80.7,1.48,3.84,4.74,336.27,9.7152,11.616,13.0944
2024-12-09,AXON,642.59,647.22,0.721,0.974,97.4,1.28,3.41,1.58,590.54,591.1828,706.849,796.8116
2024-12-09,CCJ,57.4082,56.8094,-1.043,0.922,92.2,1.23,4.51,0.17,253.92,52.8156,63.149,71.1862
2024-12-09,COHR,103.95,104.07,0.115,0.874,87.4,1.23,4.86,0.65,249.33,95.634,114.345,128.898
2024-12-09,XPO,153.51,152.98,-0.345,0.915,91.5,2.62,2.72,1.98,189.49,141.2292,168.861,190.3524
2024-12-09,COHR1,103.95,104.07,0.115,0.874,87.4,1.23,4.86,0.65,249.33,95.634,114.345,128.898
2024-12-09,ARES,169.7139,170.4884,0.456,0.747,74.7,1.45,2.05,1.08,189.15,156.1368,186.6853,210.4453
2024-12-09,EPAM,247.2,248.08,0.356,0.786,78.6,1.94,2.56,1.93,189.76,227.424,271.92,306.528
2024-12-09,GTLB,66.73,64.792,-2.904,0.787,78.7,1.57,4.25,5.07,199.52,61.3916,73.403,82.7452
2024-12-09,ALLY,37.1457,37.4459,0.808,0.709,70.9,1.19,2.67,1.59,111.85,34.1741,40.8603,46.0607
2024-12-09,MBLY,17.51,17.86,1.999,0.963,96.3,1.51,6.44,2.03,112.18,16.1092,19.261,21.7124
2024-12-09,CIEN,73.02,72.78,-0.329,0.857,85.7,1.79,2.68,4.14,102.81,67.1784,80.322,90.5448
2024-12-09,PVH,107.8024,107.9919,0.176,0.631,63.1,1.4,3.09,2.79,89.87,99.1782,118.5826,133.6749
2024-12-09,BEN,20.7201,20.7572,0.179,0.621,62.1,1.12,2.19,1.12,77.09,19.0625,22.7921,25.6929
2024-12-09,PFGC,88.64,90.44,2.031,0.769,76.9,2.64,1.98,1.84,91.76,81.5488,97.504,109.9136
2024-12-09,PFIS,88.64,90.44,2.031,0.769,76.9,2.64,1.98,1.84,91.76,81.5488,97.504,109.9136
2024-12-09,PFL,88.64,90.44,2.031,0.769,76.9,2.64,1.98,1.84,91.76,81.5488,97.504,109.9136
2024-12-09,KNSL,520.7917,516.8307,-0.761,0.594,59.4,2.39,2.97,6.02,75.77,479.1284,572.8709,645.7818
2024-12-09,PNW,77.3785,76.8822,-0.641,0.9,90.0,1.23,2.12,3.68,112.11,71.1882,85.1164,95.9494
2024-12-09,PODD,77.3785,76.8822,-0.641,0.9,90.0,1.23,2.12,3.68,112.11,71.1882,85.1164,95.9494
2024-12-09,POOL,77.3785,76.8822,-0.641,0.9,90.0,1.23,2.12,3.68,112.11,71.1882,85.1164,95.9494
2024-12-09,PPG,77.3785,76.8822,-0.641,0.9,90.0,1.23,2.12,3.68,112.11,71.1882,85.1164,95.9494
2024-12-09,PPL,77.3785,76.8822,-0.641,0.9,90.0,1.23,2.12,3.68,112.11,71.1882,85.1164,95.9494
2024-12-09,APPF,255.87,256.68,0.317,0.607,60.7,1.25,2.47,3.95,46.89,235.4004,281.457,317.2788
2024-12-09,APPHQ,255.87,256.68,0.317,0.607,60.7,1.25,2.47,3.95,46.89,235.4004,281.457,317.2788
2024-12-09,APG,26.08,26.0067,-0.281,0.614,61.4,1.77,2.59,5.04,50.81,23.9936,28.688,32.3392
2024-12-09,APLD,9.52,9.68,1.681,0.954,95.4,1.22,10.76,5.59,177.74,8.7584,10.472,11.8048
2024-12-09,VNO,43.7009,43.7105,0.022,0.812,81.2,1.24,3.04,6.3,53.95,40.2048,48.071,54.1891
2024-12-09,BAM,55.053,55.0914,0.07,0.849,84.9,1.58,1.99,1.74,49.68,50.6488,60.5583,68.2658
2024-12-09,DDS,394.9019,398.0546,0.798,0.815,81.5,1.13,3.85,1.1,55.74,363.3097,434.392,489.6783
2024-12-09,FRSH3,16.82,16.74,-0.476,0.942,94.2,1.21,3.61,4.28,79.52,15.4744,18.502,20.8568
2024-12-09,DDUP,394.9019,398.0547,0.798,0.813,81.3,1.13,3.85,1.1,55.74,363.3097,434.392,489.6783
2024-12-09,DEA,394.9019,398.0547,0.798,0.813,81.3,1.13,3.85,1.1,55.74,363.3097,434.392,489.6783
2024-12-09,CORSQ,59.26,59.46,0.337,0.951,95.1,1.97,3.85,3.11,50.96,54.5192,65.186,73.4824
2024-12-09,CORT,59.26,59.46,0.337,0.951,95.1,1.97,3.85,3.11,50.96,54.5192,65.186,73.4824
2024-12-09,CALM,92.4543,92.4634,0.01,0.941,94.1,1.37,2.58,6.48,39.1,85.058,101.6998,114.6434
2024-12-09,DIGE,4.96,4.96,0.0,0.834,83.4,2.5,3.62,2.76,35.8,4.5632,5.456,6.1504
2024-12-09,DIGF,4.96,4.96,0.0,0.834,83.4,2.5,3.62,2.76,35.8,4.5632,5.456,6.1504
2024-12-09,DIGI1,4.96,4.96,0.0,0.834,83.4,2.5,3.62,2.76,35.8,4.5632,5.456,6.1504
2024-12-09,LBUY,13.58,13.6,0.147,0.83,83.0,1.13,3.67,1.41,31.08,12.4936,14.938,16.8392
2024-12-09,LBTYK,13.58,13.6,0.147,0.83,83.0,1.13,3.67,1.41,31.08,12.4936,14.938,16.8392
2024-12-09,JBTM,122.8305,122.6115,-0.178,0.909,90.9,1.4,2.4,1.83,47.64,113.0041,135.1135,152.3098
2024-12-09,KNGRF,102.34,102.3,-0.039,0.783,78.3,2.04,2.9,1.86,35.9,94.1528,112.574,126.9016
2024-12-09,CUKPF,22.953,23.4507,2.168,0.936,93.6,1.2,2.54,0.71,29.71,21.1168,25.2483,28.4617
2024-12-09,CACB,494.62,495.37,0.152,0.64,64.0,1.59,2.91,5.88,37.95,455.0504,544.082,613.3288
2024-12-09,CACH,494.62,495.37,0.152,0.64,64.0,1.59,2.91,5.88,37.95,455.0504,544.082,613.3288
2024-12-09,CACC,494.62,495.37,0.152,0.64,64.0,1.59,2.91,5.88,37.95,455.0504,544.082,613.3288
2024-12-09,LOAR,91.08,91.55,0.516,0.628,62.8,1.41,5.45,3.0,31.13,83.7936,100.188,112.9392
2024-12-09,EHVVF,16.25,15.76,-3.015,0.879,87.9,1.33,6.73,5.07,33.8,14.95,17.875,20.15
2024-12-09,EI,16.25,15.76,-3.015,0.879,87.9,1.33,6.73,5.07,33.8,14.95,17.875,20.15
2024-12-09,EIC,16.25,15.76,-3.015,0.879,87.9,1.33,6.73,5.07,33.8,14.95,17.875,20.15
2024-12-09,EICA,16.25,15.76,-3.015,0.879,87.9,1.33,6.73,5.07,33.8,14.95,17.875,20.15
2024-12-09,INOD,43.63,42.54,-2.498,0.995,99.5,2.34,11.16,2.21,99.52,40.1396,47.993,54.1012
2024-12-10,GOOG,185.8066,185.976,0.091,0.743,74.3,1.84,1.99,6.62,3465.61,170.9421,204.3873,230.4002
2024-12-10,TSM,188.7887,191.4738,1.422,0.656,65.6,1.3,2.54,0.31,2217.88,173.6856,207.6675,234.0979
2024-12-10,NOW,225.568,227.208,0.727,0.842,84.2,1.23,2.15,6.19,1464.7,207.5226,248.1248,279.7043
2024-12-10,DDOG,154.91,156.09,0.762,0.921,92.1,1.64,3.7,5.36,1007.65,142.5172,170.401,192.0884
2024-12-10,BX,181.778,183.9643,1.203,0.815,81.5,1.24,2.45,1.28,553.9,167.2358,199.9559,225.4048
2024-12-10,BAX,172.2855,172.9758,0.401,0.944,94.4,1.62,2.62,2.7,803.64,158.5027,189.5141,213.6341
2024-12-10,BBT,172.2855,172.9758,0.401,0.944,94.4,1.62,2.62,2.7,803.64,158.5027,189.5141,213.6341
2024-12-10,TEAM,266.45,269.45,1.126,0.966,96.6,1.15,3.2,2.47,553.34,245.134,293.095,330.398
2024-12-10,RCL,241.9819,244.3657,0.985,0.939,93.9,1.34,2.5,1.68,416.33,222.6234,266.1801,300.0576
2024-12-10,HUBS,720.62,723.95,0.462,0.94,94.0,1.15,2.89,0.6,380.48,662.9704,792.682,893.5688
2024-12-10,PINS,31.83,31.96,0.408,0.581,58.1,1.3,3.4,4.28,338.64,29.2836,35.013,39.4692
2024-12-10,L,21.2118,21.1247,-0.411,0.857,85.7,1.44,3.19,0.73,303.71,19.5149,23.333,26.3027
2024-12-10,LDOS,21.2118,21.1247,-0.411,0.857,85.7,1.44,3.19,0.73,303.71,19.5149,23.333,26.3027
2024-12-10,HPE,21.2118,21.1247,-0.411,0.858,85.8,1.44,3.19,0.73,303.71,19.5149,23.333,26.3027
2024-12-10,FUST,86.98,87.61,0.724,0.962,96.2,1.63,4.49,1.11,227.03,80.0216,95.678,107.8552
2024-12-10,XPO,154.72,155.38,0.427,0.931,93.1,1.98,2.83,2.8,200.05,142.3424,170.192,191.8528
2024-12-10,EPAM,250.09,252.6,1.004,0.806,80.6,1.14,2.48,2.97,191.9,230.0828,275.099,310.1116
2024-12-10,PATH,14.71,14.8,0.612,0.754,75.4,1.19,4.95,5.39,171.48,13.5332,16.181,18.2404
2024-12-10,PCOR,80.34,81.34,1.245,0.916,91.6,1.23,3.47,3.7,214.38,73.9128,88.374,99.6216
2024-12-10,BIKR1,20.61,20.02,-2.863,0.928,92.8,1.38,3.55,6.22,138.09,18.9612,22.671,25.5564
2024-12-10,BILI,20.61,20.02,-2.863,0.928,92.8,1.38,3.55,6.22,138.09,18.9612,22.671,25.5564
2024-12-10,CIEN,70.88,71.28,0.564,0.832,83.2,1.77,2.73,1.18,103.69,65.2096,77.968,87.8912
2024-12-10,JBLU,6.78,6.88,1.475,0.73,73.0,1.21,5.52,6.4,132.95,6.2376,7.458,8.4072
2024-12-10,MASI,174.65,175.94,0.739,0.959,95.9,1.56,2.82,3.67,89.51,160.678,192.115,216.566
2024-12-10,DBX,28.55,29.81,4.413,0.683,68.3,1.12,2.2,2.02,69.64,26.266,31.405,35.402
2024-12-10,TREX,77.06,77.67,0.792,0.711,71.1,3.09,2.61,4.85,84.62,70.8952,84.766,95.5544
2024-12-10,KNSL,501.9444,502.8623,0.183,0.591,59.1,1.62,2.92,1.91,75.1,461.7888,552.1388,622.411
2024-12-10,BZ,14.0114,14.0512,0.283,0.698,69.8,2.05,4.26,4.24,64.04,12.8905,15.4126,17.3742
2024-12-10,BZ2,14.0114,14.0512,0.283,0.698,69.8,2.05,4.26,4.24,64.04,12.8905,15.4126,17.3742
2024-12-10,APG,26.1333,26.3933,0.995,0.662,66.2,1.29,2.64,4.93,52.73,24.0427,28.7467,32.4053
2024-12-10,VNO,43.1621,43.6336,1.092,0.78,78.0,1.27,3.1,5.04,54.13,39.7091,47.4783,53.521
2024-12-10,IDE,191.3021,192.8031,0.785,0.937,93.7,1.2,2.39,1.56,64.36,175.9979,210.4323,237.2146
2024-12-10,DDS,420.4312,419.2027,-0.292,0.891,89.1,1.31,3.94,6.68,60.47,386.7967,462.4744,521.3347
2024-12-10,FRSH3,16.41,16.43,0.122,0.942,94.2,1.23,3.74,1.77,76.27,15.0972,18.051,20.3484
2024-12-10,RBC,332.54,336.05,1.056,0.707,70.7,1.16,1.95,0.91,49.81,305.9368,365.794,412.3496
2024-12-10,DDUP,420.4313,419.2026,-0.292,0.892,89.2,1.31,3.94,6.68,60.47,386.7968,462.4744,521.3348
2024-12-10,DEA,420.4313,419.2026,-0.292,0.892,89.2,1.31,3.94,6.68,60.47,386.7968,462.4744,521.3348
2024-12-10,PRMB,29.9958,30.3087,1.043,0.881,88.1,1.23,4.1,6.42,72.2,27.5962,32.9954,37.1949
2024-12-10,GGAL,56.3998,56.7307,0.587,0.877,87.7,1.17,4.46,1.87,63.25,51.8878,62.0398,69.9358
2024-12-10,DIGE,4.88,4.83,-1.025,0.829,82.9,1.16,3.56,1.04,36.41,4.4896,5.368,6.0512
2024-12-10,DIGF,4.88,4.83,-1.025,0.829,82.9,1.16,3.56,1.04,36.41,4.4896,5.368,6.0512
2024-12-10,DIGI1,4.88,4.83,-1.025,0.829,82.9,1.16,3.56,1.04,36.41,4.4896,5.368,6.0512
2024-12-10,BMI,232.3273,233.8517,0.656,0.591,59.1,1.62,2.25,6.61,44.42,213.7411,255.56,288.0858
2024-12-10,JBTM,125.3094,125.4388,0.103,0.928,92.8,1.57,2.53,3.57,50.59,115.2847,137.8404,155.3837
2024-12-10,CUKPF,23.4009,23.5204,0.51,0.941,94.1,1.11,2.53,2.38,29.73,21.5288,25.741,29.0171
2024-12-10,ESAB,129.5475,130.2448,0.538,0.862,86.2,1.14,2.25,1.87,36.05,119.1837,142.5023,160.6389
2024-12-10,HBM,9.3605,9.4104,0.534,0.841,84.1,2.0,3.26,5.29,30.31,8.6117,10.2965,11.607
2024-12-11,NFLX,93.656,93.335,-0.343,0.813,81.3,1.29,2.05,3.02,2539.64,86.1635,103.0216,116.1334
2024-12-11,ADBE,549.93,487.5,-11.352,0.662,66.2,2.24,2.14,3.09,1641.16,505.9356,604.923,681.9132
2024-12-11,GEV,342.7353,341.9378,-0.233,0.938,93.8,2.4,4.03,2.05,953.88,315.3165,377.0088,424.9918
2024-12-11,CVNA,250.95,249.145,-0.719,0.966,96.6,1.16,3.74,0.19,614.54,230.874,276.045,311.178
2024-12-11,GME,28.97,28.9,-0.242,0.933,93.3,1.35,7.14,3.13,438.08,26.6524,31.867,35.9228
2024-12-11,KKR,156.5007,156.5007,-0.0,0.808,80.8,1.18,2.2,0.85,558.15,143.9806,172.1508,194.0609
2024-12-11,BX,184.5013,183.1493,-0.733,0.836,83.6,1.16,2.4,2.47,567.89,169.7412,202.9514,228.7816
2024-12-11,BAX,176.1314,176.0525,-0.045,0.951,95.1,1.25,2.7,4.52,849.88,162.0409,193.7446,218.403
2024-12-11,BBT,176.1314,176.0525,-0.045,0.951,95.1,1.25,2.7,4.52,849.88,162.0409,193.7446,218.403
2024-12-11,RCL,241.844,242.8684,0.424,0.94,94.0,1.18,2.48,1.45,413.65,222.4965,266.0284,299.8866
2024-12-11,EQT,45.0389,44.9599,-0.176,0.915,91.5,1.17,2.92,2.13,368.79,41.4358,49.5428,55.8483
2024-12-11,KR,60.1089,61.9613,3.082,0.63,63.0,1.91,2.16,3.11,274.55,55.3002,66.1198,74.535
2024-12-11,TRIP,32.6902,32.7389,0.149,0.752,75.2,1.17,2.54,2.25,228.18,30.075,35.9592,40.5359
2024-12-11,TRMB,32.6902,32.7389,0.149,0.752,75.2,1.17,2.54,2.25,228.18,30.075,35.9592,40.5359
2024-12-11,NCLH,27.5,27.37,-0.473,0.919,91.9,1.13,3.41,2.01,281.56,25.3,30.25,34.1
2024-12-11,PWR,333.7621,331.6052,-0.646,0.793,79.3,1.41,2.34,0.0,300.92,307.0611,367.1383,413.8649
2024-12-11,CBRE,137.66,137.14,-0.378,0.725,72.5,1.19,1.92,1.23,266.44,126.6472,151.426,170.6984
2024-12-11,XPO,158.13,158.92,0.5,0.93,93.0,1.5,2.79,4.84,211.04,145.4796,173.943,196.0812
2024-12-11,ARES,176.6461,178.5244,1.063,0.768,76.8,1.43,2.15,4.7,200.43,162.5144,194.3107,219.0412
2024-12-11,EPAM,253.0,250.52,-0.98,0.846,84.6,1.13,2.51,4.01,196.74,232.76,278.3,313.72
2024-12-11,ARGX,605.87,606.74,0.144,0.716,71.6,1.21,1.95,0.44,200.13,557.4004,666.457,751.2788
2024-12-11,ALLY,37.1941,36.9908,-0.547,0.693,69.3,2.04,2.68,1.35,119.27,34.2186,40.9136,46.1207
2024-12-11,AR,32.9,32.78,-0.365,0.832,83.2,1.17,3.05,2.73,120.14,30.268,36.19,40.796
2024-12-11,CIEN,73.21,83.67,14.288,0.872,87.2,2.34,2.81,4.33,114.81,67.3532,80.531,90.7804
2024-12-11,OWL,23.2059,23.1966,-0.04,0.913,91.3,1.7,2.65,5.1,147.71,21.3495,25.5265,28.7754
2024-12-11,CG,53.0412,52.9735,-0.128,0.888,88.8,1.2,2.39,4.52,126.19,48.7979,58.3454,65.7711
2024-12-11,FHN,19.7188,19.7284,0.049,0.875,87.5,1.57,1.98,0.23,116.62,18.1413,21.6907,24.4513
2024-12-11,CASY,425.5074,425.0698,-0.103,0.68,68.0,1.61,2.31,2.53,103.19,391.4668,468.0582,527.6292
2024-12-11,CATA1,425.9045,425.4665,-0.103,0.679,67.9,1.61,2.31,2.53,103.28,391.8321,468.495,528.1216
2024-12-11,UAA,10.3,10.24,-0.583,0.891,89.1,1.24,3.6,4.68,92.55,9.476,11.33,12.772
2024-12-11,BEN,20.8037,20.878,0.357,0.617,61.7,1.82,2.22,1.14,82.12,19.1394,22.884,25.7966
2024-12-11,RRC,35.4709,35.4118,-0.167,0.789,78.9,1.27,2.73,3.29,74.05,32.6333,39.018,43.9839
2024-12-11,LDO-MI,25.3368,25.7126,1.483,0.855,85.5,1.25,2.29,0.61,62.08,23.3098,27.8705,31.4176
2024-12-11,APG,26.1733,26.14,-0.127,0.666,66.6,1.82,2.58,4.77,53.25,24.0795,28.7907,32.4549
2024-12-11,GTES,22.22,22.26,0.18,0.857,85.7,1.13,2.08,1.63,59.72,20.4424,24.442,27.5528
2024-12-11,DVINQ,20.77,20.62,-0.722,0.779,77.9,1.2,2.6,2.73,30.88,19.1084,22.847,25.7548
2024-12-11,GTH,22.22,22.26,0.18,0.857,85.7,1.13,2.08,1.63,59.72,20.4424,24.442,27.5528
2024-12-11,DV,20.77,20.62,-0.722,0.779,77.9,1.2,2.6,2.73,30.88,19.1084,22.847,25.7548
2024-12-11,DDS,412.4183,411.3433,-0.261,0.852,85.2,1.29,4.0,3.79,60.7,379.4248,453.6601,511.3987
2024-12-11,TPG,67.2263,66.7778,-0.667,0.814,81.4,1.32,3.33,2.6,78.67,61.8482,73.9489,83.3606
2024-12-11,DDUP,412.4183,411.3433,-0.261,0.853,85.3,1.29,4.0,3.79,60.7,379.4248,453.6601,511.3987
2024-12-11,DEA,412.4183,411.3433,-0.261,0.853,85.3,1.29,4.0,3.79,60.7,379.4248,453.6601,511.3987
2024-12-11,CCC,12.34,12.32,-0.162,0.668,66.8,1.23,2.45,0.07,40.6,11.3528,13.574,15.3016
2024-12-11,CBRL,50.7448,50.667,-0.153,0.826,82.6,1.33,6.37,2.86,42.82,46.6852,55.8193,62.9235
2024-12-11,CBRRF,50.7448,50.667,-0.153,0.826,82.6,1.33,6.37,2.86,42.82,46.6852,55.8193,62.9235
2024-12-11,VIRT,35.671,35.671,-0.0,0.685,68.5,1.75,2.66,0.81,30.01,32.8173,39.2381,44.2321
2024-12-11,KNGRF,105.73,106.0,0.255,0.759,75.9,2.18,2.83,4.55,38.49,97.2716,116.303,131.1052
2024-12-11,DLB,78.0483,77.6869,-0.463,0.612,61.2,1.22,2.49,2.83,47.12,71.8044,85.8531,96.7799
2024-12-11,TDC,32.57,32.46,-0.338,0.655,65.5,1.63,2.16,5.21,25.92,29.9644,35.827,40.3868
2024-12-11,BDCC,122.8574,121.9589,-0.731,0.713,71.3,1.61,2.22,1.26,25.17,113.0288,135.1431,152.3432
2024-12-11,ALRM,68.17,67.66,-0.748,0.845,84.5,1.49,2.18,6.33,29.68,62.7164,74.987,84.5308
2024-12-11,ALRN,68.17,67.66,-0.748,0.845,84.5,1.49,2.18,6.33,29.68,62.7164,74.987,84.5308
2024-12-11,CARI,38.05,37.69,-0.946,0.86,86.0,1.36,2.36,3.02,25.26,35.006,41.855,47.182
2024-12-12,CMG,66.16,66.26,0.151,0.733,73.3,1.18,1.98,6.51,555.02,60.8672,72.776,82.0384
2024-12-12,HUBS,734.49,734.78,0.039,0.939,93.9,1.19,2.69,2.12,363.31,675.7308,807.939,910.7676
2024-12-12,KR,62.0397,61.7457,-0.474,0.739,73.9,2.05,2.19,6.06,309.05,57.0765,68.2436,76.9292
2024-12-12,ROK,298.0499,296.7905,-0.423,0.728,72.8,1.32,2.15,3.86,300.82,274.2059,327.8549,369.5819
2024-12-12,RH,381.38,443.97,16.411,0.685,68.5,2.73,3.47,4.18,239.92,350.8696,419.518,472.9112
2024-12-12,CBRE,139.69,138.78,-0.651,0.731,73.1,1.11,1.99,2.57,274.35,128.5148,153.659,173.2156
2024-12-12,ARES,176.9269,177.4497,0.296,0.782,78.2,1.11,2.09,4.41,202.36,162.7727,194.6196,219.3893
2024-12-12,NTNX,68.76,68.76,0.0,0.781,78.1,2.81,3.82,0.53,277.12,63.2592,75.636,85.2624
2024-12-12,CHSCL,111.2303,111.9714,0.666,0.648,64.8,2.01,2.26,5.87,132.19,102.3319,122.3533,137.9256
2024-12-12,OWL,23.0184,23.1497,0.57,0.915,91.5,1.58,2.65,3.79,153.74,21.1769,25.3203,28.5428
2024-12-12,TREX,78.36,77.87,-0.625,0.718,71.8,1.63,2.75,5.67,95.83,72.0912,86.196,97.1664
2024-12-12,HUT,27.32,28.1,2.855,0.992,99.2,2.28,11.05,4.77,226.12,25.1344,30.052,33.8768
2024-12-12,JAZZ,123.6,122.69,-0.736,0.656,65.6,1.33,2.62,1.3,69.56,113.712,135.96,153.264
2024-12-12,KNSL,505.7358,509.3277,0.71,0.631,63.1,1.25,2.95,1.96,78.5,465.2769,556.3094,627.1124
2024-12-12,APG,25.4667,25.4733,0.026,0.587,58.7,1.11,2.64,1.71,50.64,23.4293,28.0133,31.5787
2024-12-12,BIRK,53.59,53.41,-0.336,0.609,60.9,1.32,3.19,6.53,61.0,49.3028,58.949,66.4516
2024-12-12,IDE,193.4253,193.9191,0.255,0.938,93.8,1.32,2.27,2.24,64.1,177.9513,212.7678,239.8474
2024-12-12,BIPH,53.59,53.41,-0.336,0.609,60.9,1.32,3.19,6.53,61.0,49.3028,58.949,66.4516
2024-12-12,BIPI,53.59,53.41,-0.336,0.609,60.9,1.32,3.19,6.53,61.0,49.3028,58.949,66.4516
2024-12-12,CIFR,6.49,6.41,-1.233,0.989,98.9,1.19,9.98,0.02,59.5,5.9708,7.139,8.0476
2024-12-12,JBTM,126.5539,126.2151,-0.268,0.922,92.2,1.18,2.35,3.87,49.93,116.4295,139.2092,156.9268
2024-12-12,KNGRF,105.16,105.17,0.01,0.761,76.1,2.51,2.82,3.49,41.39,96.7472,115.676,130.3984
2024-12-12,BDCC,122.6278,122.4381,-0.155,0.717,71.7,1.12,2.17,1.0,25.63,112.8176,134.8906,152.0584
2024-12-12,HBM,9.1407,9.0908,-0.546,0.791,79.1,1.16,3.22,1.92,28.87,8.4095,10.0548,11.3345
2024-12-13,TSM,198.3178,200.4984,1.1,0.742,74.2,1.66,2.44,4.79,2322.83,182.4524,218.1496,245.9141
2024-12-13,RCL,241.4993,243.7944,0.95,0.946,94.6,1.12,2.43,0.84,417.94,222.1793,265.6492,299.4591
2024-12-13,PWR,337.1071,337.1072,0.0,0.775,77.5,1.22,2.28,0.66,310.3,310.1386,370.8179,418.0129
2024-12-13,ROK,292.4219,289.8735,-0.871,0.672,67.2,1.3,2.17,1.69,294.55,269.0281,321.6641,362.6031
2024-12-13,TROW,76.6262,76.7131,0.114,0.837,83.7,4.21,3.19,3.09,149.82,70.4961,84.2888,95.0164
2024-12-13,CHSCL,108.6168,108.5193,-0.09,0.594,59.4,1.35,2.39,3.35,131.77,99.9274,119.4785,134.6848
2024-12-13,BIKR1,19.81,19.4,-2.07,0.874,87.4,1.12,3.21,2.26,122.08,18.2252,21.791,24.5644
2024-12-13,BILI,19.81,19.4,-2.07,0.874,87.4,1.12,3.21,2.26,122.08,18.2252,21.791,24.5644
2024-12-13,MASI,176.14,176.0,-0.079,0.966,96.6,1.21,2.78,3.24,87.02,162.0488,193.754,218.4136
2024-12-13,MUSA,547.077,546.0144,-0.194,0.69,69.0,1.21,2.07,1.99,79.47,503.3109,601.7847,678.3755
2024-12-13,RHI,69.8642,68.1199,-2.497,0.768,76.8,1.18,1.92,2.63,59.67,64.2751,76.8506,86.6316
2024-12-13,DBX,29.77,29.622,-0.497,0.839,83.9,1.45,2.34,5.11,78.68,27.3884,32.747,36.9148
2024-12-13,TREX,76.98,76.84,-0.182,0.593,59.3,1.39,2.69,3.38,95.65,70.8216,84.678,95.4552
2024-12-13,JAZZ,123.04,123.01,-0.024,0.657,65.7,1.19,2.6,0.89,67.66,113.1968,135.344,152.5696
2024-12-13,BZ,14.4782,14.2001,-1.92,0.704,70.4,2.79,4.43,6.65,75.52,13.3199,15.926,17.9529
2024-12-13,BZ2,14.4782,14.2001,-1.92,0.704,70.4,2.79,4.43,6.65,75.52,13.3199,15.926,17.9529
2024-12-13,USD,33.0448,33.3727,0.992,0.773,77.3,1.64,5.09,2.35,48.69,30.4012,36.3493,40.9756
2024-12-13,DDS,405.2555,397.6738,-1.871,0.843,84.3,1.2,3.62,1.06,56.7,372.835,445.781,502.5168
2024-12-13,DDUP,405.2555,397.6737,-1.871,0.843,84.3,1.2,3.62,1.06,56.7,372.835,445.781,502.5168
2024-12-13,DEA,405.2555,397.6737,-1.871,0.843,84.3,1.2,3.62,1.06,56.7,372.835,445.781,502.5168
2024-12-13,RNG,38.9803,38.8206,-0.41,0.897,89.7,1.21,4.01,1.98,54.5,35.8619,42.8783,48.3356
2024-12-13,CUKPF,23.4009,23.7991,1.701,0.94,94.0,1.17,2.53,1.3,28.95,21.5288,25.741,29.0171
2024-12-13,HAYW,16.25,16.26,0.062,0.59,59.0,1.11,2.38,1.0,31.61,14.95,17.875,20.15
2024-12-13,HBANL,16.25,16.26,0.062,0.59,59.0,1.11,2.38,1.0,31.61,14.95,17.875,20.15
2024-12-13,HBCO,16.25,16.26,0.062,0.59,59.0,1.11,2.38,1.0,31.61,14.95,17.875,20.15
2024-12-13,ALH,84.9,84.92,0.024,0.984,98.4,2.15,4.58,5.8,30.57,78.108,93.39,105.276
2024-12-13,ALHC,84.9,84.92,0.024,0.984,98.4,2.15,4.58,5.8,30.57,78.108,93.39,105.276
2024-12-13,ALI,84.9,84.92,0.024,0.984,98.4,2.15,4.58,5.8,30.57,78.108,93.39,105.276
2024-12-13,OSK,181.79,181.09,-0.385,0.862,86.2,1.16,2.56,5.0,46.96,167.2468,199.969,225.4196
2024-12-16,TSM,199.5315,198.3277,-0.603,0.771,77.1,1.26,2.45,4.97,2389.97,183.569,219.4846,247.419
2024-12-16,MU,107.7663,109.2496,1.376,0.595,59.5,2.09,4.33,6.44,2204.43,99.145,118.543,133.6303
2024-12-16,PANW,202.5,202.33,-0.084,0.666,66.6,1.41,2.71,1.72,872.9,186.3,222.75,251.1
2024-12-16,INTU,665.8658,664.3783,-0.223,0.586,58.6,1.14,2.3,2.52,982.3,612.5965,732.4524,825.6736
2024-12-16,GEV,336.6642,331.9688,-1.395,0.928,92.8,1.47,3.97,0.09,971.47,309.731,370.3306,417.4636
2024-12-16,APP,343.96,340.59,-0.98,0.995,99.5,1.22,7.29,1.64,2341.7,316.4432,378.356,426.5104
2024-12-16,CVNA,255.76,254.25,-0.59,0.951,95.1,1.19,3.63,1.5,627.89,235.2992,281.336,317.1424
2024-12-16,BAX,175.6778,174.0507,-0.926,0.944,94.4,1.18,2.73,3.05,884.63,161.6236,193.2456,217.8405
2024-12-16,BBT,175.6778,174.0507,-0.926,0.944,94.4,1.18,2.73,3.05,884.63,161.6236,193.2456,217.8405
2024-12-16,EW,73.91,73.5,-0.555,0.64,64.0,1.27,2.62,3.02,347.87,67.9972,81.301,91.6484
2024-12-16,L,21.1441,20.6699,-2.243,0.764,76.4,1.43,3.23,0.08,326.06,19.4526,23.2585,26.2187
2024-12-16,LDOS,21.1441,20.6699,-2.243,0.764,76.4,1.43,3.23,0.08,326.06,19.4526,23.2585,26.2187
2024-12-16,HPE,21.1441,20.6699,-2.243,0.765,76.5,1.43,3.23,0.08,326.06,19.4526,23.2585,26.2187
2024-12-16,AXON,649.3,642.93,-0.981,0.969,96.9,1.99,3.63,1.09,567.17,597.356,714.23,805.132
2024-12-16,PWR,342.0,339.5036,-0.73,0.789,78.9,1.22,2.3,1.83,318.76,314.64,376.2,424.08
2024-12-16,LYV,137.83,136.78,-0.762,0.91,91.0,1.53,1.99,0.76,346.4,126.8036,151.613,170.9092
2024-12-16,TROW,79.4681,78.5981,-1.095,0.874,87.4,2.73,3.17,6.45,159.66,73.1106,87.4149,98.5404
2024-12-16,CBRE,137.93,137.0,-0.674,0.72,72.0,1.33,1.98,0.8,274.87,126.8956,151.723,171.0332
2024-12-16,XPO,158.2,158.75,0.348,0.938,93.8,1.28,2.81,3.91,222.62,145.544,174.02,196.168
2024-12-16,TWLO,111.59,110.0,-1.425,0.978,97.8,1.25,3.09,4.67,283.98,102.6628,122.749,138.3716
2024-12-16,SMCI,85.98,85.2,-0.907,0.706,70.6,1.17,2.24,2.9,176.98,79.1016,94.578,106.6152
2024-12-16,SNA,85.98,85.2,-0.907,0.706,70.6,1.17,2.24,2.9,176.98,79.1016,94.578,106.6152
2024-12-16,SOLV,85.98,85.2,-0.907,0.706,70.6,1.17,2.24,2.9,176.98,79.1016,94.578,106.6152
2024-12-16,STE,85.98,85.2,-0.907,0.706,70.6,1.17,2.24,2.9,176.98,79.1016,94.578,106.6152
2024-12-16,NTRA,170.8,169.14,-0.972,0.915,91.5,1.11,3.7,2.04,212.07,157.136,187.88,211.792
2024-12-16,VFC,21.028,21.2517,1.064,0.767,76.7,1.56,3.53,6.13,100.47,19.3457,23.1308,26.0747
2024-12-16,NBIX,133.05,132.51,-0.406,0.691,69.1,1.83,2.28,5.36,119.81,122.406,146.355,164.982
2024-12-16,OWL,23.2622,23.1684,-0.403,0.911,91.1,1.15,2.69,4.04,160.53,21.4012,25.5884,28.8451
2024-12-16,MASI,177.26,176.11,-0.649,0.947,94.7,1.38,2.73,3.4,88.91,163.0792,194.986,219.8024
2024-12-16,MUSA,543.6013,540.8901,-0.499,0.636,63.6,1.22,2.05,1.17,77.98,500.1132,597.9614,674.0656
2024-12-16,RHI,68.9278,68.1383,-1.145,0.717,71.7,1.12,1.93,1.11,57.31,63.4136,75.8206,85.4705
2024-12-16,JAZZ,125.2,123.79,-1.126,0.71,71.0,1.39,2.62,2.51,69.15,115.184,137.72,155.248
2024-12-16,CW,384.2374,380.3253,-1.018,0.786,78.6,1.27,2.12,4.0,95.19,353.4984,422.6611,476.4543
2024-12-16,APPF,263.65,263.26,-0.148,0.698,69.8,1.25,2.5,4.22,47.14,242.558,290.015,326.926
2024-12-16,APPHQ,263.65,263.26,-0.148,0.698,69.8,1.25,2.5,4.22,47.14,242.558,290.015,326.926
2024-12-16,USD,33.9242,32.4983,-4.203,0.844,84.4,1.18,5.03,4.78,49.44,31.2103,37.3166,42.066
2024-12-16,APLD,10.01,10.02,0.1,0.97,97.0,1.25,10.59,5.63,195.27,9.2092,11.011,12.4124
2024-12-16,VNO,43.997,43.635,-0.823,0.79,79.0,1.19,2.81,5.58,51.0,40.4772,48.3967,54.5562
2024-12-16,JONEQ,7.98,8.02,0.501,0.963,96.3,1.14,9.36,3.31,170.7,7.3416,8.778,9.8952
2024-12-16,IDE,194.3635,193.7413,-0.32,0.941,94.1,1.14,2.29,1.99,63.59,178.8144,213.7999,241.0108
2024-12-16,EXEL,36.07,35.34,-2.024,0.926,92.6,1.34,2.04,1.63,62.51,33.1844,39.677,44.7268
2024-12-16,GH,35.62,35.06,-1.572,0.94,94.0,1.2,4.45,3.14,57.85,32.7704,39.182,44.1688
2024-12-16,DDS,407.6361,407.8082,0.042,0.848,84.8,1.14,3.65,1.38,55.84,375.0252,448.3998,505.4688
2024-12-16,DDUP,407.636,407.8082,0.042,0.847,84.7,1.14,3.65,1.38,55.84,375.0252,448.3997,505.4687
2024-12-16,DEA,407.636,407.8082,0.042,0.847,84.7,1.14,3.65,1.38,55.84,375.0252,448.3997,505.4687
2024-12-16,PPC,43.3651,43.4159,0.117,0.845,84.5,2.13,2.6,0.68,37.2,39.8959,47.7016,53.7727
2024-12-16,PRIM,81.478,80.5722,-1.112,0.931,93.1,1.2,2.99,0.02,45.14,74.9598,89.6258,101.0327
2024-12-16,KNGRF,106.51,105.29,-1.145,0.786,78.6,2.11,3.0,3.8,46.06,97.9892,117.161,132.0724
2024-12-16,BANC,16.4481,16.3117,-0.829,0.702,70.2,1.16,2.55,0.69,32.06,15.1323,18.0929,20.3957
2024-12-16,BDCC,123.2866,122.2684,-0.826,0.628,62.8,1.11,2.2,1.29,26.3,113.4237,135.6153,152.8754
2024-12-16,KTTA,28.29,28.23,-0.212,0.855,85.5,2.52,3.49,5.7,29.53,26.0268,31.119,35.0796
2024-12-16,HAYW,16.19,16.13,-0.371,0.624,62.4,1.16,2.37,0.58,31.09,14.8948,17.809,20.0756
2024-12-16,HBANL,16.19,16.13,-0.371,0.624,62.4,1.16,2.37,0.58,31.09,14.8948,17.809,20.0756
2024-12-16,HBCO,16.19,16.13,-0.371,0.624,62.4,1.16,2.37,0.58,31.09,14.8948,17.809,20.0756
2024-12-16,EWTLQ,32.69,33.37,2.08,0.752,75.2,5.01,6.29,4.55,25.02,30.0748,35.959,40.5356
2024-12-17,PANW,201.24,201.0,-0.119,0.708,70.8,1.25,2.89,0.84,872.85,185.1408,221.364,249.5376
2024-12-17,INTU,672.0833,671.3296,-0.112,0.666,66.6,1.17,2.37,2.82,1039.2,618.3166,739.2916,833.3832
2024-12-17,SOFI,16.66,16.89,1.381,0.985,98.5,1.12,4.61,5.55,802.48,15.3272,18.326,20.6584
2024-12-17,BAX,173.8732,174.169,0.17,0.939,93.9,1.34,2.75,1.63,910.67,159.9633,191.2605,215.6028
2024-12-17,BBT,173.8732,174.169,0.17,0.939,93.9,1.34,2.75,1.63,910.67,159.9633,191.2605,215.6028
2024-12-17,AFRM,70.89,71.5,0.86,0.961,96.1,1.25,5.68,3.25,567.03,65.2188,77.979,87.9036
2024-12-17,TEAM,269.79,269.31,-0.178,0.967,96.7,1.49,3.06,0.78,515.21,248.2068,296.769,334.5396
2024-12-17,HUBS,741.67,743.26,0.214,0.938,93.8,1.25,2.72,1.92,364.33,682.3364,815.837,919.6708
2024-12-17,TTD,135.02,134.66,-0.267,0.872,87.2,1.23,2.94,2.29,518.08,124.2184,148.522,167.4248
2024-12-17,EW,74.12,73.85,-0.364,0.674,67.4,1.5,2.44,3.01,348.89,68.1904,81.532,91.9088
2024-12-17,LVS,52.2411,52.2411,0.0,0.891,89.1,1.34,2.23,1.62,220.52,48.0618,57.4652,64.779
2024-12-17,ROK,288.7715,289.1158,0.119,0.74,74.0,1.23,2.14,0.05,290.43,265.6697,317.6486,358.0766
2024-12-17,TROW,79.5744,78.3371,-1.555,0.89,89.0,1.49,3.21,6.21,163.23,73.2085,87.5319,98.6723
2024-12-17,XPO,157.94,158.31,0.234,0.935,93.5,1.47,2.83,3.28,228.28,145.3048,173.734,195.8456
2024-12-17,TWLO,109.76,110.77,0.92,0.975,97.5,1.42,3.05,2.32,282.27,100.9792,120.736,136.1024
2024-12-17,ARES,173.5357,173.2633,-0.157,0.769,76.9,1.2,2.19,1.2,203.82,159.6529,190.8893,215.1843
2024-12-17,ARGX,638.33,630.2,-1.274,0.838,83.8,1.52,2.1,4.48,193.22,587.2636,702.163,791.5292
2024-12-17,GLOB,226.92,226.99,0.031,0.815,81.5,1.39,2.83,1.47,94.9,208.7664,249.612,281.3808
2024-12-17,FWONK,94.9,96.31,1.486,0.855,85.5,1.27,2.78,5.53,125.23,87.308,104.39,117.676
2024-12-17,JAZZ,122.49,122.83,0.278,0.727,72.7,1.28,2.51,0.09,68.05,112.6908,134.739,151.8876
2024-12-17,PNW,77.0671,77.4466,0.492,0.893,89.3,1.19,2.14,0.71,97.23,70.9017,84.7738,95.5632
2024-12-17,PODD,77.0671,77.4466,0.492,0.893,89.3,1.19,2.14,0.71,97.23,70.9017,84.7738,95.5632
2024-12-17,POOL,77.0671,77.4466,0.492,0.893,89.3,1.19,2.14,0.71,97.23,70.9017,84.7738,95.5632
2024-12-17,PPG,77.0671,77.4466,0.492,0.893,89.3,1.19,2.14,0.71,97.23,70.9017,84.7738,95.5632
2024-12-17,PPL,77.0671,77.4466,0.492,0.893,89.3,1.19,2.14,0.71,97.23,70.9017,84.7738,95.5632
2024-12-17,YETI,42.52,42.51,-0.024,0.632,63.2,1.19,3.15,2.47,58.68,39.1184,46.772,52.7248
2024-12-17,APG,25.8467,25.8267,-0.077,0.727,72.7,1.81,2.8,2.32,55.73,23.7789,28.4313,32.0499
2024-12-17,USD,32.697,33.7454,3.206,0.805,80.5,1.3,5.02,0.88,48.48,30.0813,35.9667,40.5443
2024-12-17,VNO,43.8111,43.9774,0.38,0.799,79.9,1.29,2.72,4.5,50.62,40.3062,48.1922,54.3257
2024-12-17,MMYT,118.01,120.0,1.686,0.584,58.4,1.19,4.01,3.13,60.62,108.5692,129.811,146.3324
2024-12-17,DDS,417.6654,420.3329,0.639,0.856,85.6,1.12,3.63,3.52,58.05,384.2522,459.4319,517.9051
2024-12-17,DDUP,417.6654,420.3329,0.639,0.857,85.7,1.12,3.63,3.52,58.05,384.2522,459.432,517.9051
2024-12-17,DEA,417.6654,420.3329,0.639,0.857,85.7,1.12,3.63,3.52,58.05,384.2522,459.432,517.9051
2024-12-17,SLM,27.0314,27.1583,0.47,0.881,88.1,1.15,2.76,4.51,73.48,24.8689,29.7345,33.5189
2024-12-17,PRMB,30.1621,30.035,-0.421,0.879,87.9,1.34,3.64,3.92,67.51,27.7491,33.1783,37.4009
2024-12-17,CAKE,49.1334,49.1627,0.06,0.891,89.1,1.3,2.92,2.16,52.88,45.2027,54.0468,60.9254
2024-12-17,CAKR,49.1334,49.1627,0.06,0.891,89.1,1.3,2.92,2.16,52.88,45.2027,54.0468,60.9254
2024-12-17,CALM,96.8777,96.3872,-0.506,0.942,94.2,1.54,2.73,6.41,47.8,89.1274,106.5654,120.1283
2024-12-17,COLM,88.4759,88.4564,-0.022,0.732,73.2,1.17,2.22,3.98,37.97,81.3979,97.3235,109.7102
2024-12-17,COLV,88.4759,88.4564,-0.022,0.732,73.2,1.17,2.22,3.98,37.97,81.3979,97.3235,109.7102
2024-12-17,GLNCY,40.8895,40.9864,0.237,0.858,85.8,1.35,3.45,4.42,63.49,37.6184,44.9785,50.703
2024-12-17,GLNG,40.8895,40.9864,0.237,0.858,85.8,1.35,3.45,4.42,63.49,37.6184,44.9785,50.703
2024-12-17,BEAG,28.58,28.98,1.4,0.782,78.2,1.44,6.46,6.26,30.53,26.2936,31.438,35.4392
2024-12-17,BEAM,28.58,28.98,1.4,0.782,78.2,1.44,6.46,6.26,30.53,26.2936,31.438,35.4392
2024-12-17,KNGRF,104.85,105.62,0.734,0.818,81.8,1.61,2.96,1.72,47.4,96.462,115.335,130.014
2024-12-17,ATGFF,90.24,90.81,0.632,0.798,79.8,1.2,2.4,0.22,27.35,83.0208,99.264,111.8976
2024-12-17,ESAB,128.9997,129.3682,0.286,0.848,84.8,1.31,2.19,1.01,35.02,118.6797,141.8997,159.9596
2024-12-17,INTA,65.8,66.23,0.653,0.919,91.9,1.57,3.26,2.21,37.67,60.536,72.38,81.592
2024-12-17,KTTA,27.25,27.22,-0.11,0.784,78.4,1.34,3.6,1.27,28.99,25.07,29.975,33.79
2024-12-24,JBTM,130.0808,129.6923,-0.299,0.93,93.0,1.34,2.59,4.9,65.26,119.6744,143.0889,161.3002
2024-12-26,ASX,10.0198,10.0295,0.096,0.657,65.7,1.14,2.37,3.51,81.95,9.2182,11.0218,12.4246
