date,SPY,TSLA,AMZN,NVDA,QQQ,AAPL,TQQQ,BABA,GOOGL,MSFT,AMC,META,GOOG,NIO,AMD,BA,NFLX,SQ,XYZ,JPM,MRNA,GME,BAC,V,DIS,SHOP,CRM,MA,PFE,PLTR,C,XOM,LCID,SNAP,WFC,HD,PYPL,UNH,JNJ,WMT,F,UBER,CVX,PG,GM,SE,VZ,SMH,GS,MRK
2021-01-04,100000.0,100000.0,100000.0,100000.0,100000.0,100000.0,100000.0,100000.0,100000.0,100000.0,100000.0,100000.0,100000.0,100000.0,100000.0,100000.0,100000.0,100000.0,100000.0,100000.0,100000.0,100000.0,100000.0,100000.0,100000.0,100000.0,100000.0,100000.0,100000.0,100000.0,100000.0,100000.0,100000.0,100000.0,100000.0,100000.0,100000.0,100000.0,100000.0,100000.0,100000.0,100000.0,100000.0,100000.0,100000.0,100000.0,100000.0,100000.0,100000.0,100000.0
2021-01-05,100000.0,100000.0,100000.0,100000.0,100000.0,100000.0,100000.0,100000.0,100000.0,100000.0,100000.0,100000.0,100000.0,100000.0,100000.0,100000.0,100000.0,100000.0,100000.0,100000.0,100000.0,100000.0,100000.0,100000.0,100000.0,100000.0,100000.0,100000.0,100000.0,100000.0,100000.0,100000.0,100000.0,100000.0,100000.0,100000.0,100000.0,100000.0,100000.0,100000.0,100000.0,100000.0,100000.0,100000.0,100000.0,100000.0,100000.0,100000.0,100000.0,100000.0
2021-01-06,100000.0,100000.0,100000.0,100000.0,100000.0,100000.0,100000.0,100000.0,100000.0,100000.0,100000.0,100000.0,100000.0,100000.0,100000.0,100000.0,100000.0,100000.0,100000.0,100000.0,100000.0,100000.0,100000.0,100000.0,100000.0,100000.0,100000.0,100000.0,100000.0,100000.0,100000.0,100000.0,100000.0,100000.0,100000.0,100000.0,100000.0,100000.0,100000.0,100000.0,100000.0,100000.0,100000.0,100000.0,100000.0,100000.0,100000.0,100000.0,100000.0,100000.0
2021-01-07,100000.0,100000.0,100000.0,100000.0,100000.0,100000.0,100000.0,100000.0,100000.0,100000.0,100000.0,100000.0,100000.0,100000.0,100000.0,100000.0,100000.0,100000.0,100000.0,100000.0,100000.0,100000.0,100000.0,100000.0,100000.0,100000.0,100000.0,100000.0,100000.0,100000.0,100000.0,100000.0,100000.0,100000.0,100000.0,100000.0,100000.0,100000.0,100000.0,100000.0,100000.0,100000.0,100000.0,100000.0,100000.0,100000.0,100000.0,100000.0,100000.0,100000.0
2021-01-08,100000.0,100000.0,100000.0,100000.0,100000.0,100000.0,100000.0,100000.0,100000.0,100000.0,100000.0,100000.0,100000.0,100000.0,100000.0,100000.0,100000.0,100000.0,100000.0,100000.0,100000.0,100000.0,100000.0,100000.0,100000.0,100000.0,100000.0,100000.0,100000.0,100000.0,100000.0,100000.0,100000.0,100000.0,100000.0,100000.0,100000.0,100000.0,100000.0,100000.0,100000.0,100000.0,100000.0,100000.0,100000.0,100000.0,100000.0,100000.0,100000.0,100000.0
2021-01-11,100000.0,100000.0,100000.0,100000.0,100000.0,100000.0,100000.0,100000.0,100000.0,100000.0,100000.0,100000.0,100000.0,100000.0,100000.0,100000.0,100000.0,100000.0,100000.0,100000.0,100000.0,100000.0,100000.0,100000.0,100000.0,100000.0,100000.0,100000.0,100000.0,100000.0,100000.0,100000.0,100000.0,100000.0,100000.0,100000.0,100000.0,100000.0,100000.0,100000.0,100000.0,100000.0,100000.0,100000.0,100000.0,100000.0,100000.0,100000.0,100000.0,100000.0
2021-01-12,100000.0,100000.0,100000.0,100000.0,100000.0,100000.0,100000.0,100000.0,100000.0,100000.0,100000.0,100000.0,100000.0,100000.0,100000.0,100000.0,100000.0,100000.0,100000.0,100000.0,100000.0,100000.0,100000.0,100000.0,100000.0,100000.0,100000.0,100000.0,100000.0,100000.0,100000.0,100000.0,100000.0,100000.0,100000.0,100000.0,100000.0,100000.0,100000.0,100000.0,100000.0,100000.0,100000.0,100000.0,100000.0,100000.0,100000.0,100000.0,100000.0,100000.0
2021-01-13,100000.0,100000.0,100000.0,100000.0,100000.0,100000.0,100000.0,100000.0,100000.0,100000.0,100000.0,100000.0,100000.0,100000.0,100000.0,100000.0,100000.0,100000.0,100000.0,100000.0,100000.0,100000.0,100000.0,100000.0,100000.0,100000.0,100000.0,100000.0,100000.0,100000.0,100000.0,100000.0,100000.0,100000.0,100000.0,100000.0,100000.0,100000.0,100000.0,100000.0,100000.0,100000.0,100000.0,100000.0,100000.0,100000.0,100000.0,100000.0,100000.0,100000.0
2021-01-14,100000.0,100000.0,100000.0,100000.0,100000.0,100000.0,100000.0,100000.0,100000.0,100000.0,100000.0,100000.0,100000.0,100000.0,100000.0,100000.0,100000.0,100000.0,100000.0,100000.0,100000.0,100000.0,100000.0,100000.0,100000.0,100000.0,100000.0,100000.0,100000.0,100000.0,100000.0,100000.0,100000.0,100000.0,100000.0,100000.0,100000.0,100000.0,100000.0,100000.0,100000.0,100000.0,100000.0,100000.0,100000.0,100000.0,100000.0,100000.0,100000.0,100000.0
2021-01-15,100000.0,100000.0,100000.0,100000.0,100000.0,100000.0,100000.0,100000.0,100000.0,100000.0,100000.0,100000.0,100000.0,100000.0,100000.0,100000.0,100000.0,100000.0,100000.0,100000.0,100000.0,100000.0,100000.0,100000.0,100000.0,100000.0,100000.0,100000.0,100000.0,100000.0,100000.0,100000.0,100000.0,100000.0,100000.0,100000.0,100000.0,100000.0,100000.0,100000.0,100000.0,100000.0,100000.0,100000.0,100000.0,100000.0,100000.0,100000.0,100000.0,100000.0
2021-01-19,100000.0,100000.0,100000.0,100000.0,100000.0,100000.0,100000.0,100000.0,100000.0,100000.0,100000.0,100000.0,100000.0,100000.0,100000.0,100000.0,100000.0,100000.0,100000.0,100000.0,100000.0,100000.0,100000.0,100000.0,100000.0,100000.0,100000.0,100000.0,100000.0,100000.0,100000.0,100000.0,100000.0,100000.0,100000.0,100000.0,100000.0,100000.0,100000.0,100000.0,100000.0,100000.0,100000.0,100000.0,100000.0,100000.0,100000.0,100000.0,100000.0,100000.0
2021-01-20,100000.0,100000.0,100000.0,100000.0,100000.0,100000.0,100000.0,100000.0,100000.0,100000.0,100000.0,100000.0,100000.0,100000.0,100000.0,100000.0,100000.0,100000.0,100000.0,100000.0,100000.0,100000.0,100000.0,100000.0,100000.0,100000.0,100000.0,100000.0,100000.0,100000.0,100000.0,100000.0,100000.0,100000.0,100000.0,100000.0,100000.0,100000.0,100000.0,100000.0,100000.0,100000.0,100000.0,100000.0,100000.0,100000.0,100000.0,100000.0,100000.0,100000.0
2021-01-21,100000.0,100000.0,100000.0,100000.0,100000.0,100000.0,100000.0,100000.0,100000.0,100000.0,100000.0,100000.0,100000.0,100000.0,100000.0,100000.0,100000.0,100000.0,100000.0,100000.0,100000.0,100000.0,100000.0,100000.0,100000.0,100000.0,100000.0,100000.0,100000.0,100000.0,100000.0,100000.0,100000.0,100000.0,100000.0,100000.0,100000.0,100000.0,100000.0,100000.0,100000.0,100000.0,100000.0,100000.0,100000.0,100000.0,100000.0,100000.0,100000.0,100000.0
2021-01-22,100000.0,100000.0,100000.0,100000.0,100000.0,100000.0,100000.0,100000.0,100000.0,100000.0,100000.0,100000.0,100000.0,100000.0,100000.0,100000.0,100000.0,100000.0,100000.0,100000.0,100000.0,100000.0,100000.0,100000.0,100000.0,100000.0,100000.0,100000.0,100000.0,100000.0,100000.0,100000.0,100000.0,100000.0,100000.0,100000.0,100000.0,100000.0,100000.0,100000.0,100000.0,100000.0,100000.0,100000.0,100000.0,100000.0,100000.0,100000.0,100000.0,100000.0
2021-01-25,100000.0,100000.0,100000.0,100000.0,100000.0,100000.0,100000.0,100000.0,100000.0,100000.0,100000.0,100000.0,100000.0,100000.0,100000.0,100000.0,100000.0,100000.0,100000.0,100000.0,100000.0,100000.0,100000.0,100000.0,100000.0,100000.0,100000.0,100000.0,100000.0,100000.0,100000.0,100000.0,100000.0,100000.0,100000.0,100000.0,100000.0,100000.0,100000.0,100000.0,100000.0,100000.0,100000.0,100000.0,100000.0,100000.0,100000.0,100000.0,100000.0,100000.0
2021-01-26,100000.0,100000.0,100000.0,100000.0,100000.0,100000.0,100000.0,100000.0,100000.0,100000.0,100000.0,100000.0,100000.0,100000.0,100000.0,100000.0,100000.0,100000.0,100000.0,100000.0,100000.0,100000.0,100000.0,100000.0,100000.0,100000.0,100000.0,100000.0,100000.0,100000.0,100000.0,100000.0,100000.0,100000.0,100000.0,100000.0,100000.0,100000.0,100000.0,100000.0,100000.0,100000.0,100000.0,100000.0,100000.0,100000.0,100000.0,100000.0,100000.0,100000.0
2021-01-27,100000.0,100000.0,100000.0,100000.0,100000.0,100000.0,100000.0,100000.0,100000.0,100000.0,100000.0,100000.0,100000.0,100000.0,100000.0,100000.0,100000.0,100000.0,100000.0,100000.0,100000.0,100000.0,100000.0,100000.0,100000.0,100000.0,100000.0,100000.0,100000.0,100000.0,100000.0,100000.0,100000.0,100000.0,100000.0,100000.0,100000.0,100000.0,100000.0,100000.0,100000.0,100000.0,100000.0,100000.0,100000.0,100000.0,100000.0,100000.0,100000.0,100000.0
2021-01-28,100000.0,100000.0,100000.0,100000.0,100000.0,100000.0,100000.0,100000.0,100000.0,100000.0,100000.0,100000.0,100000.0,100000.0,100000.0,100000.0,100000.0,100000.0,100000.0,100000.0,100000.0,100000.0,100000.0,100000.0,100000.0,100000.0,100000.0,100000.0,100000.0,100000.0,100000.0,100000.0,100000.0,100000.0,100000.0,100000.0,100000.0,100000.0,100000.0,100000.0,100000.0,100000.0,100000.0,100000.0,100000.0,100000.0,100000.0,100000.0,100000.0,100000.0
2021-01-29,100000.0,100000.0,100000.0,100000.0,100000.0,100000.0,100000.0,100000.0,100000.0,100000.0,100000.0,100000.0,100000.0,100000.0,100000.0,100000.0,100000.0,100000.0,100000.0,100000.0,100000.0,100000.0,100000.0,100000.0,100000.0,100000.0,100000.0,100000.0,100000.0,100000.0,100000.0,100000.0,100000.0,100000.0,100000.0,100000.0,100000.0,100000.0,100000.0,100000.0,100000.0,100000.0,100000.0,100000.0,100000.0,100000.0,100000.0,100000.0,100000.0,100000.0
2021-02-01,100000.0,100000.0,100000.0,100000.0,100000.0,100000.0,100000.0,100000.0,100000.0,100000.0,100000.0,100000.0,100000.0,100000.0,100000.0,100000.0,100000.0,100000.0,100000.0,100000.0,100000.0,100000.0,100000.0,100000.0,100000.0,100000.0,100000.0,100000.0,100000.0,100000.0,100000.0,100000.0,100000.0,100000.0,100000.0,100000.0,100000.0,100000.0,100000.0,100000.0,100000.0,100000.0,100000.0,100000.0,100000.0,100000.0,100000.0,100000.0,100000.0,100000.0
2021-02-02,100000.0,100000.0,100000.0,100000.0,100000.0,100000.0,100000.0,100000.0,100000.0,100000.0,100000.0,100000.0,100000.0,100000.0,100000.0,100000.0,100000.0,100000.0,100000.0,100000.0,100000.0,100000.0,100000.0,100000.0,100000.0,100000.0,100000.0,100000.0,100000.0,100000.0,100000.0,100000.0,100000.0,100000.0,100000.0,100000.0,100000.0,100000.0,100000.0,100000.0,100000.0,100000.0,100000.0,100000.0,100000.0,100000.0,100000.0,100000.0,100000.0,100000.0
2021-02-03,100000.0,100000.0,100000.0,100000.0,100000.0,100000.0,100000.0,100000.0,100000.0,100000.0,100000.0,100000.0,100000.0,100000.0,100000.0,100000.0,100000.0,100000.0,100000.0,100000.0,100000.0,100000.0,100000.0,100000.0,100000.0,100000.0,100000.0,100000.0,100000.0,100000.0,100000.0,100000.0,100000.0,100000.0,100000.0,100000.0,100000.0,100000.0,100000.0,100000.0,100000.0,100000.0,100000.0,100000.0,100000.0,100000.0,100000.0,100000.0,100000.0,100000.0
2021-02-04,100000.0,100000.0,100000.0,100000.0,100000.0,100000.0,100000.0,100000.0,100000.0,100000.0,100000.0,100000.0,100000.0,100000.0,100000.0,100000.0,100000.0,100000.0,100000.0,100000.0,100000.0,100000.0,100000.0,100000.0,100000.0,100000.0,100000.0,100000.0,100000.0,100000.0,100000.0,100000.0,100000.0,100000.0,100000.0,100000.0,100000.0,100000.0,100000.0,100000.0,100000.0,100000.0,100000.0,100000.0,100000.0,100000.0,100000.0,100000.0,100000.0,100000.0
2021-02-05,100000.0,100000.0,100000.0,100000.0,100000.0,100000.0,100000.0,100000.0,100000.0,100000.0,100000.0,100000.0,100000.0,100000.0,100000.0,100000.0,100000.0,100000.0,100000.0,100000.0,100000.0,100000.0,100000.0,100000.0,100000.0,100000.0,100000.0,100000.0,100000.0,100000.0,100000.0,100000.0,100000.0,100000.0,100000.0,100000.0,100000.0,100000.0,100000.0,100000.0,100000.0,100000.0,100000.0,100000.0,100000.0,100000.0,100000.0,100000.0,100000.0,100000.0
2021-02-08,100000.0,100000.0,100000.0,100000.0,100000.0,100000.0,100000.0,100000.0,100000.0,100000.0,100000.0,100000.0,100000.0,100000.0,100000.0,100000.0,100000.0,100000.0,100000.0,100000.0,100000.0,100000.0,100000.0,100000.0,100000.0,100000.0,100000.0,100000.0,100000.0,100000.0,100000.0,100000.0,100000.0,100000.0,100000.0,100000.0,100000.0,100000.0,100000.0,100000.0,100000.0,100000.0,100000.0,100000.0,100000.0,100000.0,100000.0,100000.0,100000.0,100000.0
2021-02-09,100000.0,100000.0,100000.0,100000.0,100000.0,100000.0,100000.0,100000.0,100000.0,100000.0,100000.0,100000.0,100000.0,100000.0,100000.0,100000.0,100000.0,100000.0,100000.0,100000.0,100000.0,100000.0,100000.0,100000.0,100000.0,100000.0,100000.0,100000.0,100000.0,100000.0,100000.0,100000.0,100000.0,100000.0,100000.0,100000.0,100000.0,100000.0,100000.0,100000.0,100000.0,100000.0,100000.0,100000.0,100000.0,100000.0,100000.0,100000.0,100000.0,100000.0
2021-02-10,100000.0,100000.0,100000.0,100000.0,100000.0,100000.0,100000.0,100000.0,100000.0,100000.0,100000.0,100000.0,100000.0,100000.0,100000.0,100000.0,100000.0,100000.0,100000.0,100000.0,100000.0,100000.0,100000.0,100000.0,100000.0,100000.0,100000.0,100000.0,100000.0,100000.0,100000.0,100000.0,100000.0,100000.0,100000.0,100000.0,100000.0,100000.0,100000.0,100000.0,100000.0,100000.0,100000.0,100000.0,100000.0,100000.0,100000.0,100000.0,100000.0,100000.0
2021-02-11,100000.0,100000.0,100000.0,100000.0,100000.0,100000.0,100000.0,100000.0,100000.0,100000.0,100000.0,100000.0,100000.0,100000.0,100000.0,100000.0,100000.0,100000.0,100000.0,100000.0,100000.0,100000.0,100000.0,100000.0,100000.0,100000.0,100000.0,100000.0,100000.0,100000.0,100000.0,100000.0,100000.0,100000.0,100000.0,100000.0,100000.0,100000.0,100000.0,100000.0,100000.0,100000.0,100000.0,100000.0,100000.0,100000.0,100000.0,100000.0,100000.0,100000.0
2021-02-12,100000.0,100000.0,100000.0,100000.0,100000.0,100000.0,100000.0,100000.0,100000.0,100000.0,100000.0,100000.0,100000.0,100000.0,100000.0,100000.0,100000.0,100000.0,100000.0,100000.0,100000.0,100000.0,100000.0,100000.0,100000.0,100000.0,100000.0,100000.0,100000.0,100000.0,100000.0,100000.0,100000.0,100000.0,100000.0,100000.0,100000.0,100000.0,100000.0,100000.0,100000.0,100000.0,100000.0,100000.0,100000.0,100000.0,100000.0,100000.0,100000.0,100000.0
2021-02-16,100000.0,100000.0,100000.0,100000.0,100000.0,100000.0,100000.0,100000.0,100000.0,100000.0,100000.0,100000.0,100000.0,100000.0,100000.0,100000.0,100000.0,100000.0,100000.0,100000.0,100000.0,100000.0,100000.0,100000.0,100000.0,100000.0,100000.0,100000.0,100000.0,100000.0,100000.0,100000.0,100000.0,100000.0,100000.0,100000.0,100000.0,100000.0,100000.0,100000.0,100000.0,100000.0,100000.0,100000.0,100000.0,100000.0,100000.0,100000.0,100000.0,100000.0
2021-02-17,100000.0,100000.0,100000.0,100000.0,100000.0,100000.0,100000.0,100000.0,100000.0,100000.0,100000.0,100000.0,100000.0,100000.0,100000.0,100000.0,100000.0,100000.0,100000.0,100000.0,100000.0,100000.0,100000.0,100000.0,100000.0,100000.0,100000.0,100000.0,100000.0,100000.0,100000.0,100000.0,100000.0,100000.0,100000.0,100000.0,100000.0,100000.0,100000.0,100000.0,100000.0,100000.0,100000.0,100000.0,100000.0,100000.0,100000.0,100000.0,100000.0,100000.0
2021-02-18,100000.0,100000.0,100000.0,100000.0,100000.0,100000.0,100000.0,100000.0,100000.0,100000.0,100000.0,100000.0,100000.0,100000.0,100000.0,100000.0,100000.0,100000.0,100000.0,100000.0,100000.0,100000.0,100000.0,100000.0,100000.0,100000.0,100000.0,100000.0,100000.0,100000.0,100000.0,100000.0,100000.0,100000.0,100000.0,100000.0,100000.0,100000.0,100000.0,100000.0,100000.0,100000.0,100000.0,100000.0,100000.0,100000.0,100000.0,100000.0,100000.0,100000.0
2021-02-19,100000.0,100000.0,100000.0,100000.0,100000.0,100000.0,100000.0,100000.0,100000.0,100000.0,100000.0,100000.0,100000.0,100000.0,100000.0,100000.0,100000.0,100000.0,100000.0,100000.0,100000.0,100000.0,100000.0,100000.0,100000.0,100000.0,100000.0,100000.0,100000.0,100000.0,100000.0,100000.0,100000.0,100000.0,100000.0,100000.0,100000.0,100000.0,100000.0,100000.0,100000.0,100000.0,100000.0,100000.0,100000.0,100000.0,100000.0,100000.0,100000.0,100000.0
2021-02-22,100000.0,100000.0,100000.0,100000.0,100000.0,100000.0,100000.0,100000.0,100000.0,100000.0,100000.0,100000.0,100000.0,100000.0,100000.0,100000.0,100000.0,100000.0,100000.0,100000.0,100000.0,100000.0,100000.0,100000.0,100000.0,100000.0,100000.0,100000.0,100000.0,100000.0,100000.0,100000.0,100000.0,100000.0,100000.0,100000.0,100000.0,100000.0,100000.0,100000.0,100000.0,100000.0,100000.0,100000.0,100000.0,100000.0,100000.0,100000.0,100000.0,100000.0
2021-02-23,100000.0,100000.0,100000.0,100000.0,100000.0,100000.0,100000.0,100000.0,100000.0,100000.0,100000.0,100000.0,100000.0,100000.0,100000.0,100000.0,100000.0,100000.0,100000.0,100000.0,100000.0,100000.0,100000.0,100000.0,100000.0,100000.0,100000.0,100000.0,100000.0,100000.0,100000.0,100000.0,100000.0,100000.0,100000.0,100000.0,100000.0,100000.0,100000.0,100000.0,100000.0,100000.0,100000.0,100000.0,100000.0,100000.0,100000.0,100000.0,100000.0,100000.0
2021-02-24,100000.0,100000.0,100000.0,100000.0,100000.0,100000.0,100000.0,100000.0,100000.0,100000.0,100000.0,100000.0,100000.0,100000.0,100000.0,100000.0,100000.0,100000.0,100000.0,100000.0,100000.0,100000.0,100000.0,100000.0,100000.0,100000.0,100000.0,100000.0,100000.0,100000.0,100000.0,100000.0,100000.0,100000.0,100000.0,100000.0,100000.0,100000.0,100000.0,100000.0,100000.0,100000.0,100000.0,100000.0,100000.0,100000.0,100000.0,100000.0,100000.0,100000.0
2021-02-25,100000.0,100000.0,100000.0,100000.0,100000.0,100000.0,100000.0,100000.0,100000.0,100000.0,100000.0,100000.0,100000.0,100000.0,100000.0,100000.0,100000.0,100000.0,100000.0,100000.0,100000.0,100000.0,100000.0,100000.0,100000.0,100000.0,100000.0,100000.0,100000.0,100000.0,100000.0,100000.0,100000.0,100000.0,100000.0,100000.0,100000.0,100000.0,100000.0,100000.0,100000.0,100000.0,100000.0,100000.0,100000.0,100000.0,100000.0,100000.0,100000.0,100000.0
2021-02-26,100000.0,100000.0,100000.0,100000.0,100000.0,100000.0,100000.0,100000.0,100000.0,100000.0,100000.0,100000.0,100000.0,100000.0,100000.0,100000.0,100000.0,100000.0,100000.0,100000.0,100000.0,100000.0,100000.0,100000.0,100000.0,100000.0,100000.0,100000.0,100000.0,100000.0,100000.0,100000.0,100000.0,100000.0,100000.0,100000.0,100000.0,100000.0,100000.0,100000.0,100000.0,100000.0,100000.0,100000.0,100000.0,100000.0,100000.0,100000.0,100000.0,100000.0
2021-03-01,100000.0,100000.0,100000.0,100000.0,100000.0,100000.0,100000.0,100000.0,100000.0,100000.0,100000.0,100000.0,100000.0,100000.0,100000.0,100000.0,100000.0,100000.0,100000.0,100000.0,100000.0,100000.0,100000.0,100000.0,100000.0,100000.0,100000.0,100000.0,100000.0,100000.0,100000.0,100000.0,100000.0,100000.0,100000.0,100000.0,100000.0,100000.0,100000.0,100000.0,100000.0,100000.0,100000.0,100000.0,100000.0,100000.0,100000.0,100000.0,100000.0,100000.0
2021-03-02,100000.0,100000.0,100000.0,100000.0,100000.0,100000.0,100000.0,100000.0,100000.0,100000.0,100000.0,100000.0,100000.0,100000.0,100000.0,100000.0,100000.0,100000.0,100000.0,100000.0,100000.0,100000.0,100000.0,100000.0,100000.0,100000.0,100000.0,100000.0,100000.0,100000.0,100000.0,100000.0,100000.0,100000.0,100000.0,100000.0,100000.0,100000.0,100000.0,100000.0,100000.0,100000.0,100000.0,100000.0,100000.0,100000.0,100000.0,100000.0,100000.0,100000.0
2021-03-03,100000.0,100000.0,100000.0,100000.0,100000.0,100000.0,100000.0,100000.0,100000.0,100000.0,100000.0,100000.0,100000.0,100000.0,100000.0,100000.0,100000.0,100000.0,100000.0,100000.0,100000.0,100000.0,100000.0,100000.0,100000.0,100000.0,100000.0,100000.0,100000.0,100000.0,100000.0,100000.0,100000.0,100000.0,100000.0,100000.0,100000.0,100000.0,100000.0,100000.0,100000.0,100000.0,100000.0,100000.0,100000.0,100000.0,100000.0,100000.0,100000.0,100000.0
2021-03-04,100000.0,100000.0,100000.0,100000.0,100000.0,100000.0,100000.0,100000.0,100000.0,100000.0,100000.0,100000.0,100000.0,100000.0,100000.0,100000.0,100000.0,100000.0,100000.0,100000.0,100000.0,100000.0,100000.0,100000.0,100000.0,100000.0,100000.0,100000.0,100000.0,100000.0,100000.0,100000.0,100000.0,100000.0,100000.0,100000.0,100000.0,100000.0,100000.0,100000.0,100000.0,100000.0,100000.0,100000.0,100000.0,100000.0,100000.0,100000.0,100000.0,100000.0
2021-03-05,100000.0,100000.0,100000.0,100000.0,100000.0,100000.0,100000.0,100000.0,100000.0,100000.0,100000.0,100000.0,100000.0,100000.0,100000.0,100000.0,100000.0,100000.0,100000.0,100000.0,100000.0,100000.0,100000.0,100000.0,100000.0,100000.0,100000.0,100000.0,100000.0,100000.0,100000.0,100000.0,100000.0,100000.0,100000.0,100000.0,100000.0,100000.0,100000.0,100000.0,100000.0,100000.0,100000.0,100000.0,100000.0,100000.0,100000.0,100000.0,100000.0,100000.0
2021-03-08,100000.0,100000.0,100000.0,100000.0,100000.0,100000.0,100000.0,100000.0,100000.0,100000.0,100000.0,99497.68000000001,100000.0,100000.0,100000.0,100000.0,100000.0,100000.0,100000.0,100000.0,100000.0,100000.0,100000.0,100000.0,100000.0,100000.0,100000.0,100000.0,100000.0,100000.0,100000.0,100000.0,100000.0,100000.0,100000.0,100000.0,100000.0,100000.0,100000.0,100000.0,100000.0,100000.0,100000.0,100000.0,100000.0,100000.0,100000.0,100000.0,100000.0,100000.0
2021-03-09,100000.0,100000.0,100000.0,100000.0,100000.0,100000.0,100000.0,100000.0,100000.0,100000.0,100000.0,100081.76000000001,100000.0,100000.0,100000.0,100000.0,100000.0,100000.0,100000.0,100000.0,100000.0,100000.0,100000.0,100000.0,100000.0,100000.0,100000.0,100000.0,100000.0,100000.0,100000.0,100000.0,100000.0,100000.0,100000.0,100000.0,100000.0,100000.0,100000.0,100000.0,100000.0,100000.0,100000.0,100000.0,100000.0,100000.0,100000.0,100000.0,100000.0,100000.0
2021-03-10,100000.0,100000.0,100000.0,100000.0,100000.0,100000.0,100000.0,100000.0,100000.0,100000.0,100000.0,100034.72,100000.0,100000.0,100000.0,100000.0,100000.0,100000.0,100000.0,100000.0,100000.0,100000.0,100000.0,100000.0,100000.0,100000.0,100000.0,100000.0,100000.0,100000.0,100000.0,100000.0,100000.0,100000.0,100000.0,100000.0,100000.0,100000.0,100000.0,100000.0,100000.0,100000.0,100000.0,100000.0,100000.0,100000.0,100000.0,100000.0,100000.0,100000.0
2021-03-11,100000.0,100000.0,100000.0,100000.0,100000.0,100000.0,100000.0,100000.0,100000.0,100000.0,100000.0,100537.6,100000.0,100000.0,100000.0,100000.0,100000.0,100000.0,100000.0,100000.0,100000.0,100000.0,100000.0,100000.0,100000.0,100000.0,100000.0,100000.0,100000.0,100000.0,100000.0,100000.0,100000.0,100000.0,100000.0,100000.0,100000.0,100000.0,100000.0,100000.0,100000.0,100000.0,100000.0,100000.0,100000.0,100000.0,100000.0,100000.0,100000.0,100000.0
2021-03-12,100000.0,100000.0,100000.0,100000.0,100000.0,100000.0,100000.0,100000.0,100000.0,100000.0,100000.0,100230.72,100000.0,100000.0,100000.0,100000.0,100000.0,100000.0,100000.0,100000.0,100000.0,100000.0,100000.0,100000.0,100000.0,100000.0,100000.0,100000.0,100000.0,100000.0,100000.0,100000.0,100000.0,100000.0,100000.0,100000.0,100000.0,100000.0,100000.0,100000.0,100000.0,100000.0,100000.0,100000.0,100000.0,100000.0,100000.0,100000.0,100000.0,100000.0
2021-03-15,100000.0,100000.0,100000.0,100000.0,100000.0,100000.0,100000.0,100000.0,100000.0,100000.0,100000.0,100530.32,100000.0,100000.0,100000.0,100000.0,100000.0,100000.0,100000.0,100000.0,100000.0,100000.0,100000.0,100000.0,100000.0,100000.0,100000.0,100000.0,100000.0,100000.0,100000.0,100000.0,100000.0,100000.0,100000.0,100000.0,100000.0,100000.0,100000.0,100000.0,100000.0,100000.0,100000.0,100000.0,100000.0,100000.0,100000.0,100000.0,100000.0,100000.0
2021-03-16,100000.0,100000.0,100000.0,100000.0,100000.0,100000.0,100000.0,100000.0,100000.0,100000.0,100000.0,100840.0,100000.0,100000.0,100000.0,100000.0,100000.0,100000.0,100000.0,100000.0,100000.0,100000.0,100000.0,100000.0,100000.0,100000.0,100000.0,100000.0,100000.0,100000.0,100000.0,100000.0,100000.0,100000.0,100000.0,100000.0,100000.0,100000.0,100000.0,100000.0,100000.0,100000.0,100000.0,100000.0,100000.0,100000.0,100000.0,100000.0,100000.0,100000.0
2021-03-17,100000.0,100000.0,100000.0,100000.0,100000.0,100000.0,100000.0,100000.0,100000.0,100000.0,100000.0,101104.88,100000.0,100000.0,100000.0,100000.0,100000.0,100000.0,100000.0,100000.0,100000.0,100000.0,100000.0,100000.0,100000.0,100000.0,100000.0,100000.0,100000.0,100000.0,100000.0,100000.0,100000.0,100000.0,100000.0,100000.0,100000.0,100000.0,100000.0,100000.0,100000.0,100000.0,100000.0,100000.0,100000.0,100000.0,100000.0,100000.0,100000.0,100000.0
2021-03-18,100000.0,100000.0,100000.0,100000.0,100000.0,100000.0,100000.0,100000.0,100000.0,100000.0,100000.0,100803.04000000001,100000.0,100000.0,100000.0,100000.0,100000.0,100000.0,100000.0,100000.0,100000.0,100000.0,100000.0,100000.0,100000.0,100000.0,100000.0,100000.0,100000.0,100000.0,100000.0,100000.0,100000.0,100000.0,100000.0,100000.0,100000.0,100000.0,100000.0,100000.0,100000.0,100000.0,100000.0,100000.0,100000.0,100000.0,100000.0,100000.0,100000.0,100000.0
2021-03-19,100000.0,100000.0,100000.0,100000.0,100000.0,100000.0,100000.0,100000.0,100000.0,100000.0,100000.0,101446.48000000001,100000.0,100000.0,100000.0,100000.0,100000.0,100000.0,100000.0,100000.0,100000.0,100000.0,100000.0,100000.0,100000.0,100000.0,100000.0,100000.0,100000.0,100000.0,100000.0,100000.0,100000.0,100000.0,100000.0,100000.0,100000.0,100000.0,100000.0,100000.0,100000.0,100000.0,100000.0,100000.0,100000.0,100000.0,100000.0,100000.0,100000.0,100000.0
2021-03-22,100000.0,100000.0,100000.0,100000.0,100000.0,100000.0,100000.0,100000.0,100000.0,100000.0,100000.0,101638.56000000001,100000.0,100000.0,100000.0,100000.0,100000.0,100000.0,100000.0,100000.0,100000.0,100000.0,100000.0,100000.0,100000.0,100000.0,100000.0,100000.0,100000.0,100000.0,100000.0,100000.0,100000.0,100000.0,100000.0,100000.0,100000.0,100000.0,100000.0,100000.0,100000.0,100000.0,100000.0,100000.0,100000.0,100000.0,100000.0,100000.0,100000.0,100000.0
2021-03-23,100000.0,100000.0,100000.0,100000.0,100000.0,100000.0,100000.0,100000.0,100000.0,100000.0,100000.0,101475.6,100000.0,100000.0,100000.0,100000.0,100000.0,100000.0,100000.0,100000.0,100000.0,100000.0,100000.0,100000.0,100000.0,100000.0,100000.0,100000.0,100000.0,100000.0,100000.0,100000.0,100000.0,100000.0,100000.0,100000.0,100000.0,100000.0,100000.0,100000.0,100000.0,100000.0,100000.0,100000.0,100000.0,100000.0,100000.0,100000.0,100000.0,100000.0
2021-03-24,100000.0,100000.0,100000.0,100000.0,100000.0,100000.0,100000.0,100000.0,100000.0,100000.0,100000.0,101000.16,100000.0,100000.0,100000.0,100000.0,100000.0,100000.0,100000.0,100000.0,100000.0,100000.0,100000.0,100000.0,100000.0,100000.0,100000.0,100000.0,100000.0,100000.0,100000.0,100000.0,100000.0,100000.0,100000.0,100000.0,100000.0,100000.0,100000.0,100000.0,100000.0,100000.0,100000.0,100000.0,100000.0,100000.0,100000.0,100000.0,100000.0,100000.0
2021-03-25,100000.0,100000.0,100000.0,100000.0,100000.0,100000.0,100000.0,100000.0,100000.0,100000.0,100000.0,100809.76000000001,100000.0,100000.0,100000.0,100000.0,100000.0,100000.0,100000.0,100000.0,100000.0,100000.0,100000.0,100000.0,100000.0,100000.0,100000.0,100000.0,100000.0,100000.0,100000.0,100000.0,100000.0,100000.0,100000.0,100000.0,100000.0,100000.0,100000.0,100000.0,100000.0,100000.0,100000.0,100000.0,100000.0,100000.0,100000.0,100000.0,100000.0,100000.0
2021-03-26,100000.0,100000.0,100000.0,100000.0,100000.0,100000.0,100000.0,100000.0,100000.0,100000.0,100000.0,101049.44,100000.0,100000.0,100000.0,100000.0,100000.0,100000.0,100000.0,100000.0,100000.0,100000.0,100000.0,100000.0,100000.0,100000.0,100000.0,100000.0,100000.0,100000.0,100000.0,100000.0,100000.0,100000.0,100000.0,100000.0,100000.0,100000.0,100000.0,100000.0,100000.0,100000.0,100000.0,100000.0,100000.0,100000.0,100000.0,100000.0,100000.0,100000.0
2021-03-29,100000.0,100000.0,100000.0,100000.0,100000.0,100000.0,100000.0,100000.0,100000.0,100000.0,100000.0,101486.24,100000.0,100000.0,100000.0,100000.0,100000.0,100000.0,100000.0,100000.0,100000.0,100000.0,100000.0,100000.0,100000.0,100000.0,100000.0,100000.0,100000.0,100000.0,100000.0,100000.0,100000.0,100000.0,100000.0,100000.0,100000.0,100000.0,100000.0,100000.0,100000.0,100000.0,100000.0,100000.0,100000.0,100000.0,100000.0,100000.0,100000.0,100000.0
2021-03-30,100000.0,100000.0,100000.0,100000.0,100000.0,100000.0,100000.0,100000.0,100000.0,100000.0,100000.0,101328.32,100000.0,100000.0,100000.0,100000.0,100000.0,100000.0,100000.0,100000.0,100000.0,100000.0,100000.0,100000.0,100000.0,100000.0,100000.0,100000.0,100000.0,100000.0,100000.0,100000.0,100000.0,100000.0,100000.0,100000.0,100000.0,100000.0,100000.0,100000.0,100000.0,100000.0,100000.0,100000.0,100000.0,100000.0,100000.0,100000.0,100000.0,100000.0
2021-03-31,100000.0,100000.0,100000.0,100000.0,100000.0,100000.0,100000.0,100000.0,100000.0,100000.0,100000.0,101694.0,100000.0,100000.0,100000.0,100000.0,100000.0,100000.0,100000.0,100000.0,100000.0,100000.0,100000.0,100000.0,100000.0,100000.0,100000.0,100000.0,100000.0,100000.0,100000.0,100000.0,100000.0,100000.0,100000.0,100000.0,100000.0,100000.0,100000.0,100000.0,100000.0,100000.0,100000.0,100000.0,100000.0,100000.0,100000.0,100000.0,100000.0,100000.0
2021-04-01,100000.0,100000.0,100000.0,100000.0,100000.0,100000.0,100000.0,100000.0,100000.0,100000.0,100000.0,101925.28000000001,100000.0,100000.0,100000.0,100000.0,100000.0,100000.0,100000.0,100000.0,100000.0,100000.0,100000.0,100000.0,100000.0,100000.0,100000.0,100000.0,100000.0,100000.0,100000.0,100000.0,100000.0,100000.0,100000.0,100000.0,100000.0,100000.0,100000.0,100000.0,100000.0,100000.0,100000.0,100000.0,100000.0,100000.0,100000.0,100000.0,100000.0,100000.0
2021-04-05,100000.0,100000.0,100000.0,100000.0,100000.0,100000.0,100000.0,100000.0,100000.0,100000.0,100000.0,102499.28000000001,100000.0,100000.0,100000.0,100000.0,100000.0,100000.0,100000.0,100000.0,100000.0,100000.0,100000.0,100000.0,100000.0,100000.0,100000.0,100000.0,100000.0,100000.0,100000.0,100000.0,100000.0,100000.0,100000.0,100000.0,100000.0,100000.0,100000.0,100000.0,100000.0,100000.0,100000.0,100000.0,100000.0,100000.0,100000.0,100000.0,100000.0,100000.0
2021-04-06,100000.0,100000.0,100000.0,100000.0,100000.0,100000.0,100000.0,100000.0,100000.0,100000.0,100000.0,102350.88,100000.0,100000.0,100000.0,100000.0,100000.0,100000.0,100000.0,100000.0,100000.0,100000.0,100000.0,100000.0,100000.0,100000.0,100000.0,100000.0,100000.0,100000.0,100000.0,100000.0,100000.0,100000.0,100000.0,100000.0,100000.0,100000.0,100000.0,100000.0,100000.0,100000.0,100000.0,100000.0,100000.0,100000.0,100000.0,100000.0,100000.0,100000.0
2021-04-07,100000.0,100000.0,100000.0,100000.0,100000.0,100000.0,100000.0,100000.0,100000.0,100000.0,100000.0,102733.36,100000.0,100000.0,100000.0,100000.0,100000.0,100000.0,100000.0,100000.0,100000.0,100000.0,100000.0,100000.0,100000.0,100000.0,100000.0,100000.0,100000.0,100000.0,100000.0,100000.0,100000.0,100000.0,100000.0,100000.0,100000.0,100000.0,100000.0,100000.0,100000.0,100000.0,100000.0,100000.0,100000.0,100000.0,100000.0,100000.0,100000.0,100000.0
2021-04-08,100000.0,100000.0,100000.0,100000.0,100000.0,100000.0,100000.0,100000.0,100000.0,100000.0,100000.0,102729.44,100000.0,100000.0,100000.0,100000.0,100000.0,100000.0,100000.0,100000.0,100000.0,100000.0,100000.0,100000.0,100000.0,100000.0,100000.0,100000.0,100000.0,100000.0,100000.0,100000.0,100000.0,100418.77,100000.0,100000.0,100000.0,100000.0,100000.0,100000.0,100000.0,100000.0,100000.0,100000.0,100000.0,100000.0,100000.0,100000.0,100000.0,100000.0
2021-04-09,100000.0,100000.0,100000.0,100000.0,100000.0,100000.0,100000.0,100000.0,100000.0,100000.0,100000.0,102698.08,100000.0,100000.0,100000.0,100000.0,100000.0,100000.0,100000.0,100000.0,100000.0,100000.0,100000.0,100000.0,100000.0,100000.0,100000.0,100000.0,100000.0,100000.0,100000.0,100000.0,100000.0,100428.64000000001,100000.0,100000.0,100000.0,100000.0,100000.0,100000.0,100000.0,100000.0,100000.0,100000.0,100000.0,100000.0,100000.0,100000.0,100000.0,100000.0
2021-04-12,100000.0,100000.0,100000.0,100000.0,100000.0,100000.0,100000.0,100000.0,100000.0,100000.0,100000.0,102646.56000000001,100000.0,100000.0,100000.0,100000.0,100000.0,100000.0,100000.0,100000.0,100000.0,100000.0,100000.0,100000.0,100000.0,100000.0,100000.0,100000.0,100000.0,100000.0,100000.0,100000.0,100000.0,100311.61,100000.0,100000.0,100000.0,100000.0,100000.0,100000.0,100000.0,100000.0,100000.0,100000.0,100000.0,100000.0,100000.0,100000.0,100000.0,100000.0
2021-04-13,100000.0,100000.0,100000.0,100000.0,100000.0,100000.0,100000.0,99857.96,100000.0,100000.0,100000.0,102546.88,100000.0,100000.0,100000.0,100000.0,100000.0,100000.0,100000.0,100000.0,100000.0,100000.0,100000.0,100000.0,100000.0,100000.0,100000.0,100000.0,100000.0,100000.0,100000.0,100000.0,100000.0,100311.61,100000.0,100000.0,100000.0,100000.0,100000.0,100000.0,100000.0,100000.0,100000.0,100000.0,100000.0,100000.0,100000.0,100000.0,100000.0,100000.0
2021-04-14,100000.0,100000.0,100000.0,100000.0,100000.0,100000.0,100000.0,99679.74,100000.0,100000.0,100000.0,102158.24,100000.0,100000.0,100000.0,100000.0,100000.0,100000.0,100000.0,100000.0,100619.2,100000.0,100000.0,100000.0,100000.0,100000.0,100000.0,100000.0,100000.0,100000.0,100000.0,100000.0,100000.0,100250.98000000001,100000.0,100000.0,100000.0,100000.0,100000.0,100000.0,100000.0,100000.0,100000.0,100000.0,100000.0,100000.0,100000.0,100000.0,100000.0,100000.0
2021-04-15,100000.0,100000.0,100000.0,100000.0,100000.0,100000.0,100000.0,99670.36,100000.0,100000.0,100000.0,102438.24,100000.0,100000.0,100000.0,100000.0,100000.0,100000.0,100000.0,100000.0,100609.59999999999,100000.0,100000.0,100000.0,100000.0,100000.0,100000.0,100000.0,100000.0,100000.0,100000.0,100000.0,100000.0,100516.06000000001,100000.0,100000.0,100000.0,100000.0,100000.0,100000.0,100000.0,100000.0,100000.0,100000.0,100000.0,100000.0,100000.0,100000.0,100000.0,100000.0
2021-04-16,100000.0,100000.0,100000.0,100000.0,100000.0,100000.0,100000.0,99643.56,100000.0,100000.0,100000.0,102346.40000000001,100000.0,100000.0,100000.0,100000.0,100000.0,100000.0,100000.0,100000.0,101266.0,100000.0,100000.0,100000.0,100000.0,100000.0,100000.0,100000.0,100000.0,100000.0,100000.0,100000.0,100000.0,100143.82,100000.0,100000.0,100000.0,100000.0,100000.0,100000.0,100000.0,100000.0,100000.0,100000.0,100000.0,100000.0,100000.0,100000.0,100000.0,100000.0
2021-04-19,100000.0,100000.0,100000.0,100000.0,100000.0,100000.0,100000.0,99381.59,100000.0,100000.0,100000.0,102125.76000000001,100000.0,100000.0,100000.0,100000.0,100000.0,100000.0,100000.0,100000.0,101266.0,100000.0,100000.0,100000.0,100000.0,100000.0,100000.0,100000.0,100000.0,100000.0,100000.0,100000.0,100000.0,100029.61,100000.0,100000.0,100000.0,100000.0,100000.0,100000.0,100000.0,100000.0,100000.0,100000.0,100000.0,100000.0,100000.0,100000.0,100000.0,100000.0
2021-04-20,100000.0,100000.0,100000.0,100000.0,100000.0,100000.0,100000.0,99053.29000000001,100000.0,100000.0,100000.0,102148.72,100000.0,100000.0,100000.0,100000.0,100000.0,100000.0,100000.0,100000.0,101266.0,100000.0,100000.0,100000.0,100000.0,100000.0,100000.0,100000.0,100000.0,100000.0,100000.0,100000.0,100000.0,99754.66,100000.0,100000.0,100000.0,100000.0,100000.0,100000.0,100000.0,100000.0,100000.0,100000.0,100000.0,100000.0,100000.0,100000.0,100000.0,100000.0
2021-04-21,100000.0,100000.0,100000.0,100000.0,100000.0,100000.0,100000.0,99023.81,100000.0,100000.0,100000.0,102082.64000000001,100000.0,100000.0,100000.0,100000.0,100000.0,100000.0,100000.0,100000.0,101266.0,100000.0,100000.0,100000.0,100000.0,100000.0,100000.0,100000.0,100000.0,100000.0,100000.0,100000.0,100000.0,99727.87000000001,100000.0,100000.0,100000.0,100000.0,100000.0,100000.0,100000.0,100000.0,100000.0,100000.0,100000.0,100000.0,100000.0,100000.0,100000.0,100000.0
2021-04-22,100000.0,100000.0,100000.0,100000.0,100000.0,100000.0,100000.0,99017.78,100000.0,100000.0,100000.0,101805.44,100000.0,100000.0,100000.0,100000.0,100000.0,100000.0,100000.0,100000.0,101266.0,100000.0,100000.0,100000.0,100000.0,100000.0,100000.0,100000.0,100000.0,100000.0,100000.0,100000.0,100000.0,99551.62000000001,100000.0,100000.0,100000.0,100000.0,100000.0,100000.0,100000.0,100000.0,100000.0,100000.0,100000.0,100000.0,100000.0,100000.0,100000.0,100000.0
2021-04-23,100000.0,100000.0,100000.0,100000.0,100000.0,100000.0,100000.0,99200.69,100000.0,100000.0,100000.0,102063.6,100000.0,100000.0,100000.0,100000.0,100000.0,100000.0,100000.0,100000.0,101266.0,100000.0,100000.0,100000.0,100000.0,100000.0,100000.0,100000.0,100000.0,100000.0,100000.0,100000.0,100000.0,100150.87000000001,100000.0,100000.0,100000.0,100000.0,100000.0,100000.0,100000.0,100000.0,100000.0,100000.0,100000.0,100000.0,100000.0,100000.0,100000.0,100000.0
2021-04-26,100000.0,100000.0,100000.0,100000.0,100000.0,100000.0,100000.0,99242.23,100000.0,100000.0,100000.0,102170.56000000001,100000.0,100000.0,100000.0,100000.0,100000.0,100000.0,100000.0,100000.0,101266.0,100000.0,100000.0,100000.0,100000.0,100000.0,100000.0,100000.0,100000.0,100000.0,100000.0,100000.0,100000.0,99970.39000000001,100000.0,100000.0,100000.0,100000.0,100000.0,100000.0,100000.0,100000.0,100000.0,100000.0,100000.0,100000.0,100000.0,100000.0,100000.0,100000.0
2021-04-27,100000.0,100000.0,100000.0,100000.0,100000.0,100000.0,100000.0,99457.97,100000.0,100000.0,100000.0,102200.24,100000.0,100000.0,99966.20000000001,100000.0,100000.0,100000.0,100000.0,100000.0,101266.0,100000.0,100000.0,100000.0,100000.0,100000.0,100000.0,100000.0,100000.0,100000.0,100000.0,100000.0,100000.0,100039.48000000001,100000.0,100000.0,100000.0,100000.0,100000.0,100000.0,100000.0,100000.0,100000.0,100000.0,100000.0,100000.0,100000.0,100000.0,100000.0,100000.0
2021-04-28,100000.0,100000.0,100000.0,100000.0,100000.0,100000.0,100000.0,99511.57,100000.0,100000.0,100000.0,102397.92000000001,100000.0,100000.0,99765.09000000001,100000.0,100000.0,100000.0,100000.0,100000.0,101266.0,100000.0,100000.0,100000.0,100000.0,100000.0,100000.0,100000.0,100000.0,100000.0,100000.0,100000.0,100000.0,100255.21,100000.0,100000.0,100000.0,100000.0,100000.0,100000.0,100000.0,100000.0,100000.0,100000.0,100000.0,100000.0,100000.0,100000.0,100000.0,100000.0
2021-04-29,100000.0,100000.0,100000.0,100000.0,100000.0,100000.0,100000.0,99341.39,100000.0,100000.0,100000.0,103652.88,100000.0,100000.0,99746.5,100000.0,100000.0,100000.0,100000.0,100000.0,101266.0,100000.0,100000.0,100000.0,100000.0,100000.0,100000.0,100000.0,100000.0,100000.0,100000.0,100000.0,100000.0,100255.21,100000.0,100000.0,100000.0,100000.0,100000.0,100000.0,100000.0,100000.0,100000.0,100000.0,100000.0,100000.0,100000.0,100000.0,100000.0,100000.0
2021-04-30,100000.0,100000.0,100000.0,100000.0,100000.0,100000.0,100000.0,99124.98,100000.0,100000.0,100000.0,103652.88,100000.0,100000.0,99359.49,100000.0,100000.0,100000.0,100000.0,100000.0,101266.0,100000.0,100000.0,100000.0,100000.0,100000.0,100000.0,100000.0,100000.0,100000.0,100000.0,100000.0,100000.0,100255.21,100000.0,100000.0,100000.0,100000.0,100000.0,100000.0,100000.0,100000.0,100000.0,100000.0,100000.0,100000.0,100000.0,100000.0,100000.0,100000.0
2021-05-03,100000.0,100000.0,100000.0,100000.0,100000.0,100000.0,100000.0,99108.9,100000.0,100000.0,100000.0,103652.88,100000.0,100000.0,98840.66,100000.0,100000.0,100000.0,100000.0,100000.0,101266.0,100000.0,100000.0,100000.0,100000.0,100000.0,100000.0,100000.0,100000.0,100000.0,100000.0,100000.0,100000.0,100255.21,100000.0,100000.0,100000.0,100000.0,100000.0,100000.0,100000.0,100000.0,100000.0,100000.0,100000.0,100000.0,100000.0,100000.0,100000.0,100000.0
2021-05-04,100000.0,100000.0,100000.0,100000.0,100000.0,100000.0,100000.0,98920.63,100000.0,100000.0,100000.0,103652.88,100000.0,100000.0,98850.8,100000.0,100000.0,100000.0,100000.0,100000.0,101266.0,100000.0,100000.0,100000.0,100000.0,100000.0,100000.0,100000.0,100000.0,100000.0,100000.0,100000.0,100000.0,100255.21,100000.0,100000.0,100000.0,100000.0,100000.0,100000.0,100000.0,100000.0,100000.0,100000.0,100000.0,100000.0,100000.0,100000.0,100000.0,100000.0
2021-05-05,100000.0,100000.0,100000.0,100000.0,100000.0,100000.0,100000.0,98845.59,100000.0,100000.0,100000.0,103652.88,100000.0,100000.0,98718.98000000001,100000.0,100000.0,100000.0,100000.0,100000.0,101266.0,100000.0,100000.0,100000.0,100000.0,100000.0,100000.0,100000.0,100000.0,100000.0,100000.0,100000.0,100000.0,100255.21,100000.0,100000.0,100000.0,100000.0,100000.0,100000.0,100000.0,100000.0,100000.0,100000.0,100000.0,100000.0,100000.0,100000.0,100000.0,100000.0
2021-05-06,100000.0,100000.0,100000.0,100000.0,100000.0,100000.0,100000.0,98821.47,100000.0,100000.0,100000.0,103652.88,100000.0,100000.0,98729.12000000001,100000.0,100000.0,100000.0,100000.0,100000.0,101266.0,100000.0,100000.0,100000.0,100000.0,100000.0,100000.0,100000.0,100000.0,100000.0,100000.0,100000.0,100000.0,100255.21,100000.0,100000.0,100000.0,100000.0,100000.0,100000.0,100000.0,100000.0,100000.0,100000.0,100000.0,100000.0,100000.0,100000.0,100000.0,100000.0
2021-05-07,100000.0,100000.0,100000.0,100000.0,100000.0,100000.0,100000.0,98747.1,100000.0,100000.0,100000.0,103652.88,100000.0,100000.0,98884.6,100000.0,100000.0,100000.0,100000.0,100000.0,101266.0,100000.0,100000.0,100000.0,100000.0,100000.0,100000.0,100000.0,100000.0,100000.0,100000.0,100000.0,100000.0,100255.21,100000.0,100000.0,100000.0,100000.0,100000.0,100000.0,100000.0,100000.0,100000.0,100000.0,100000.0,100000.0,100000.0,100288.99,100000.0,100000.0
2021-05-10,100000.0,100000.0,100000.0,100000.0,100000.0,100000.0,100000.0,98359.84,100000.0,100000.0,100000.0,103652.88,100000.0,100000.0,98408.02,100000.0,100000.0,100000.0,100000.0,100000.0,101266.0,100000.0,100000.0,100000.0,100000.0,100000.0,100000.0,100000.0,100000.0,100000.0,100000.0,100000.0,100000.0,100255.21,100000.0,100000.0,100000.0,100000.0,100000.0,100000.0,100000.0,100000.0,100000.0,100000.0,100000.0,100000.0,100000.0,99365.59,100000.0,100000.0
2021-05-11,100000.0,100000.0,100000.0,100000.0,100000.0,100000.0,100000.0,98483.79000000001,100000.0,100000.0,100000.0,103652.88,100000.0,100000.0,98549.98000000001,100000.0,100000.0,100000.0,100000.0,100000.0,101266.0,100000.0,100000.0,100000.0,100000.0,100000.0,100000.0,100000.0,100000.0,100000.0,100000.0,100000.0,100000.0,100255.21,100000.0,100000.0,100000.0,100000.0,100000.0,100000.0,100000.0,100000.0,100000.0,100000.0,100000.0,100000.0,100000.0,99404.92,100000.0,100000.0
2021-05-12,100000.0,100000.0,100000.0,100000.0,100000.0,100000.0,100000.0,98483.79000000001,100000.0,100000.0,100000.0,103652.88,100000.0,100000.0,98549.98000000001,100000.0,100000.0,100000.0,100000.0,100000.0,101266.0,100000.0,100000.0,100000.0,100000.0,100000.0,100000.0,100000.0,100000.0,100000.0,100000.0,100000.0,100000.0,100255.21,100000.0,100000.0,100000.0,100000.0,100000.0,100000.0,100000.0,100000.0,100000.0,100000.0,100000.0,100000.0,100000.0,99404.92,100000.0,100000.0
2021-05-13,100000.0,100000.0,100000.0,100000.0,100000.0,100000.0,100000.0,98483.79000000001,100000.0,100000.0,100000.0,103652.88,100000.0,100000.0,98549.98000000001,100000.0,100000.0,100000.0,100000.0,100000.0,101266.0,100000.0,100000.0,100000.0,100000.0,100000.0,100000.0,100000.0,100000.0,100000.0,100000.0,100000.0,100000.0,100255.21,100000.0,100000.0,100000.0,100000.0,100000.0,100000.0,100000.0,100000.0,100000.0,100000.0,100000.0,100000.0,100000.0,99404.92,100000.0,100000.0
2021-05-14,100000.0,100000.0,100000.0,100000.0,100000.0,100000.0,100000.0,98483.79000000001,100000.0,100000.0,100000.0,103652.88,100000.0,100000.0,98549.98000000001,100000.0,100000.0,100000.0,100000.0,100000.0,101266.0,100000.0,100000.0,100000.0,100000.0,100000.0,100000.0,100000.0,100000.0,100000.0,100000.0,100000.0,100000.0,100255.21,100000.0,100000.0,100000.0,100000.0,100000.0,100000.0,100000.0,100000.0,100000.0,100000.0,100000.0,100000.0,100000.0,99404.92,100000.0,100000.0
2021-05-17,100000.0,100000.0,100000.0,100000.0,100000.0,100000.0,100000.0,98483.79000000001,100000.0,100000.0,100000.0,103652.88,100000.0,100000.0,98549.98000000001,100000.0,100000.0,100000.0,100000.0,100000.0,101266.0,100000.0,100000.0,100000.0,100000.0,100000.0,100000.0,100000.0,100000.0,100000.0,100000.0,100000.0,100000.0,100255.21,100000.0,100000.0,100000.0,100000.0,100000.0,100000.0,100000.0,100000.0,100000.0,100000.0,100000.0,100000.0,100000.0,99404.92,100000.0,100000.0
2021-05-18,100000.0,100000.0,100000.0,100000.0,100000.0,100000.0,100000.0,98483.79000000001,100000.0,100000.0,100000.0,103652.88,100000.0,100000.0,98549.98000000001,100000.0,100000.0,100000.0,100000.0,100000.0,101266.0,100000.0,100000.0,100000.0,100000.0,100000.0,100000.0,100000.0,100000.0,100000.0,100000.0,100000.0,100000.0,100255.21,100000.0,100000.0,100000.0,100000.0,100000.0,100000.0,100000.0,100000.0,100000.0,100000.0,100000.0,100000.0,100000.0,99404.92,100000.0,100000.0
2021-05-19,100000.0,100000.0,100000.0,100000.0,100000.0,100000.0,100000.0,98483.79000000001,100000.0,100000.0,100000.0,103652.88,100000.0,100000.0,98549.98000000001,100000.0,100000.0,100000.0,100000.0,100000.0,101266.0,100000.0,100000.0,100000.0,100000.0,100000.0,100000.0,100000.0,100000.0,100000.0,100000.0,100000.0,100000.0,100255.21,100000.0,100000.0,100000.0,100000.0,100000.0,100000.0,100000.0,100000.0,100000.0,100000.0,100000.0,100000.0,100000.0,99404.92,100000.0,100000.0
2021-05-20,100000.0,100000.0,100000.0,100000.0,100000.0,100000.0,100000.0,98483.79000000001,100000.0,100000.0,100000.0,103652.88,100000.0,100000.0,98549.98000000001,100000.0,100000.0,100000.0,100000.0,100000.0,101266.0,100000.0,100000.0,100000.0,100000.0,100000.0,100000.0,100000.0,100000.0,100000.0,100000.0,100000.0,100000.0,100255.21,100000.0,100000.0,100000.0,100000.0,100000.0,100000.0,100000.0,100000.0,100000.0,100000.0,100000.0,100000.0,100000.0,99404.92,100000.0,100000.0
2021-05-21,100000.0,100000.0,100000.0,100000.0,100000.0,100000.0,100000.0,98483.79000000001,100000.0,100000.0,100000.0,103652.88,100000.0,100000.0,98549.98000000001,100000.0,100000.0,100000.0,100000.0,100000.0,101266.0,100000.0,100000.0,100000.0,100000.0,100000.0,100000.0,100000.0,100000.0,100000.0,100000.0,100000.0,100000.0,100255.21,100000.0,100000.0,100000.0,100000.0,100000.0,100000.0,100000.0,100000.0,100000.0,100000.0,100000.0,100000.0,100000.0,99404.92,100000.0,100000.0
2021-05-24,100000.0,100000.0,100000.0,100000.0,100000.0,100000.0,100000.0,98483.79000000001,100000.0,100000.0,100000.0,103652.88,100000.0,100000.0,98549.98000000001,100000.0,100000.0,100000.0,100000.0,100000.0,101266.0,100000.0,100000.0,100000.0,100000.0,100000.0,100000.0,100000.0,100000.0,100000.0,100000.0,100000.0,100000.0,100255.21,100000.0,100000.0,100000.0,100000.0,100000.0,100000.0,100000.0,100000.0,100000.0,100000.0,100000.0,100000.0,100000.0,99404.92,100000.0,100000.0
2021-05-25,100000.0,100000.0,100000.0,100000.0,100000.0,100000.0,100000.0,98483.79000000001,100000.0,100000.0,100000.0,103652.88,100000.0,100000.0,98549.98000000001,100000.0,100000.0,100000.0,100000.0,100000.0,101266.0,100000.0,100000.0,100000.0,100000.0,100000.0,100000.0,100000.0,100000.0,100000.0,100000.0,100000.0,100000.0,100255.21,100000.0,100000.0,100000.0,100000.0,100000.0,100000.0,100000.0,100000.0,100000.0,100000.0,100000.0,100000.0,100000.0,99404.92,100000.0,100000.0
2021-05-26,100000.0,100000.0,100000.0,100000.0,100000.0,100000.0,100000.0,98483.79000000001,100000.0,100000.0,100000.0,103652.88,100000.0,100000.0,98549.98000000001,100000.0,100000.0,100000.0,100000.0,100000.0,101266.0,100000.0,100000.0,100000.0,100000.0,100000.0,100000.0,100000.0,100000.0,100000.0,100000.0,100000.0,100000.0,100255.21,100000.0,100000.0,100000.0,100000.0,100000.0,100000.0,100000.0,100000.0,100000.0,100000.0,100000.0,100000.0,100000.0,99404.92,100000.0,100000.0
2021-05-27,100000.0,100000.0,100000.0,100000.0,100000.0,100000.0,100000.0,98483.79000000001,100000.0,100000.0,100000.0,103652.88,100000.0,100000.0,98549.98000000001,100000.0,100000.0,100000.0,100000.0,100000.0,101266.0,100000.0,100000.0,100000.0,100000.0,100000.0,100000.0,100000.0,100000.0,100000.0,100000.0,100000.0,100000.0,100255.21,100000.0,100000.0,100000.0,100000.0,100000.0,100000.0,100000.0,100000.0,100000.0,100000.0,100000.0,100000.0,100000.0,99404.92,100000.0,100000.0
2021-05-28,100000.0,100000.0,100000.0,100000.0,100000.0,100000.0,100000.0,98483.79000000001,100000.0,100000.0,100000.0,103652.88,100000.0,100000.0,98549.98000000001,100000.0,100000.0,100000.0,100000.0,100000.0,101266.0,100000.0,100000.0,100000.0,100000.0,100000.0,100000.0,100000.0,100000.0,100000.0,100000.0,100000.0,100000.0,100255.21,100000.0,100000.0,100000.0,100000.0,100000.0,100000.0,100000.0,100000.0,100000.0,100000.0,100000.0,100000.0,100000.0,99404.92,100000.0,100000.0
2021-06-01,100000.0,100000.0,100000.0,100000.0,100000.0,100000.0,100000.0,98483.79000000001,100000.0,100000.0,100000.0,103652.88,100000.0,100000.0,98549.98000000001,100000.0,100000.0,100000.0,100000.0,100000.0,101266.0,100000.0,100000.0,100000.0,100000.0,100000.0,100000.0,100000.0,100000.0,100000.0,100000.0,100000.0,100000.0,100255.21,100000.0,100000.0,100000.0,100000.0,100000.0,100000.0,100000.0,100000.0,100000.0,100000.0,100000.0,100000.0,100000.0,99404.92,100000.0,100000.0
2021-06-02,100000.0,100000.0,100000.0,100000.0,100000.0,100000.0,100000.0,98483.79000000001,100000.0,100000.0,100000.0,103652.88,100000.0,100000.0,98549.98000000001,100000.0,100000.0,100000.0,100000.0,100000.0,101266.0,100000.0,100000.0,100000.0,100000.0,100000.0,100000.0,100000.0,100000.0,100000.0,100000.0,100000.0,100000.0,100255.21,100000.0,100000.0,100000.0,100000.0,100000.0,100000.0,100000.0,100000.0,100000.0,100000.0,100000.0,100000.0,100000.0,99404.92,100000.0,100000.0
2021-06-03,100000.0,100000.0,100000.0,100000.0,100000.0,100000.0,100000.0,98483.79000000001,100000.0,100000.0,100000.0,103652.88,100000.0,100000.0,98549.98000000001,100000.0,100000.0,100000.0,100000.0,100000.0,101266.0,100000.0,100000.0,100000.0,100000.0,100000.0,100000.0,100000.0,100000.0,100000.0,100000.0,100000.0,100000.0,100255.21,100000.0,100000.0,100000.0,100000.0,100000.0,100000.0,100000.0,100000.0,100000.0,100000.0,100000.0,100000.0,100000.0,99404.92,100000.0,100000.0
2021-06-04,100000.0,100000.0,100000.0,100000.0,100000.0,100000.0,100000.0,98483.79000000001,100000.0,100000.0,100000.0,103652.88,100000.0,100000.0,98549.98000000001,100000.0,100000.0,100000.0,100000.0,100000.0,101266.0,100000.0,100000.0,100000.0,100000.0,100000.0,100000.0,100000.0,100000.0,100000.0,100000.0,100000.0,100000.0,100255.21,100000.0,100000.0,100000.0,100000.0,100000.0,100000.0,100000.0,100000.0,100000.0,100000.0,100000.0,100000.0,100000.0,99404.92,100000.0,100000.0
2021-06-07,100000.0,100000.0,100000.0,100000.0,100000.0,100000.0,100000.0,98483.79000000001,100000.0,100000.0,100000.0,103652.88,100000.0,100000.0,98549.98000000001,100000.0,100000.0,100000.0,100000.0,100000.0,101266.0,100000.0,100000.0,100000.0,100000.0,100000.0,100000.0,100000.0,100000.0,100000.0,100000.0,100000.0,100000.0,100255.21,100000.0,100000.0,100000.0,100000.0,100000.0,100000.0,100000.0,100000.0,100000.0,100000.0,100000.0,100000.0,100000.0,99404.92,100000.0,100000.0
2021-06-08,100000.0,100000.0,100000.0,100000.0,100000.0,100000.0,100000.0,98483.79000000001,100000.0,100000.0,100000.0,103652.88,100000.0,100000.0,98549.98000000001,100000.0,100000.0,100000.0,100000.0,100000.0,101266.0,100000.0,100000.0,100000.0,100000.0,100000.0,100000.0,100000.0,100000.0,100000.0,100000.0,100000.0,100000.0,100255.21,100000.0,100000.0,100000.0,100000.0,100000.0,100000.0,100000.0,100000.0,100000.0,100000.0,100000.0,100000.0,100000.0,99404.92,100000.0,100000.0
2021-06-09,100000.0,100000.0,100000.0,100000.0,100000.0,100000.0,100000.0,98483.79000000001,100000.0,100000.0,100000.0,103652.88,100000.0,100000.0,98549.98000000001,100000.0,100000.0,100000.0,100000.0,100000.0,101266.0,100000.0,100000.0,100000.0,100000.0,100000.0,100000.0,100000.0,100000.0,100000.0,100000.0,100000.0,100000.0,100255.21,100000.0,100000.0,100000.0,100000.0,100000.0,100000.0,100000.0,100000.0,100000.0,100000.0,100000.0,100000.0,100000.0,99404.92,100000.0,100000.0
2021-06-10,100000.0,100000.0,100000.0,100000.0,100000.0,100000.0,100000.0,98483.79000000001,100000.0,100000.0,100000.0,103652.88,100000.0,100000.0,98549.98000000001,100000.0,100000.0,100000.0,100000.0,100000.0,101266.0,100000.0,100000.0,100000.0,100000.0,100000.0,100000.0,100000.0,100000.0,100000.0,100000.0,100000.0,100000.0,100255.21,100000.0,100000.0,100000.0,100000.0,100000.0,100000.0,100000.0,100000.0,100000.0,100000.0,100000.0,100000.0,100000.0,99404.92,100000.0,100000.0
2021-06-11,100000.0,100000.0,100000.0,100000.0,100000.0,100000.0,100000.0,98483.79000000001,100000.0,100000.0,100000.0,103652.88,100000.0,100000.0,98549.98000000001,100000.0,100000.0,100000.0,100000.0,100000.0,101266.0,100000.0,100000.0,100000.0,100000.0,100000.0,100000.0,100000.0,100000.0,100000.0,100000.0,100000.0,100000.0,100255.21,100000.0,100000.0,100000.0,100000.0,100000.0,100000.0,100000.0,100000.0,100000.0,100000.0,100000.0,100000.0,100000.0,99404.92,100000.0,100000.0
2021-06-14,100000.0,100000.0,100000.0,100000.0,100000.0,100000.0,100000.0,98483.79000000001,100000.0,100000.0,100000.0,103652.88,100000.0,100000.0,98549.98000000001,100000.0,100000.0,100000.0,100000.0,100000.0,101266.0,100000.0,100000.0,100000.0,100000.0,100000.0,100000.0,100000.0,100000.0,100000.0,100000.0,100000.0,100000.0,100255.21,100000.0,100000.0,100000.0,100000.0,100000.0,100000.0,100000.0,100000.0,100000.0,100000.0,100000.0,100000.0,100000.0,99404.92,100000.0,100000.0
2021-06-15,100000.0,100000.0,100000.0,100000.0,100000.0,100000.0,100000.0,98483.79000000001,100000.0,100000.0,100000.0,103652.88,100000.0,100000.0,98549.98000000001,100000.0,100000.0,100000.0,100000.0,100000.0,101266.0,100000.0,100000.0,100000.0,100000.0,100000.0,100000.0,100000.0,100000.0,100000.0,100000.0,100000.0,100000.0,100255.21,100000.0,100000.0,100000.0,100000.0,100000.0,100000.0,100000.0,100000.0,100000.0,100000.0,100000.0,100000.0,100000.0,99404.92,100000.0,100000.0
2021-06-16,100000.0,100000.0,100000.0,100000.0,100000.0,100000.0,100000.0,98483.79000000001,100000.0,100000.0,100000.0,103652.88,100000.0,100000.0,98549.98000000001,100000.0,100000.0,100000.0,100000.0,100000.0,101266.0,100000.0,100000.0,100000.0,100000.0,100000.0,100000.0,100000.0,100000.0,100000.0,100000.0,100000.0,100000.0,100255.21,100000.0,100000.0,100000.0,100000.0,100000.0,100000.0,100000.0,100000.0,100000.0,100000.0,100000.0,100000.0,100000.0,99404.92,100000.0,100000.0
2021-06-17,100000.0,100000.0,100000.0,100000.0,100000.0,100000.0,100000.0,98483.79000000001,100000.0,100000.0,100000.0,103652.88,100000.0,100000.0,98549.98000000001,100000.0,100000.0,100000.0,100000.0,100000.0,101266.0,100000.0,100000.0,100000.0,100000.0,100000.0,100000.0,100000.0,100000.0,100000.0,100000.0,100000.0,100000.0,100255.21,100000.0,100000.0,100000.0,100000.0,100000.0,100000.0,100000.0,100000.0,100000.0,100000.0,100000.0,100000.0,100000.0,99404.92,100000.0,100000.0
2021-06-18,100000.0,100000.0,100000.0,100000.0,100000.0,100000.0,100000.0,98483.79000000001,100000.0,100000.0,100000.0,103652.88,100000.0,100000.0,98549.98000000001,100000.0,100000.0,100000.0,100000.0,100000.0,101266.0,100000.0,100000.0,100000.0,100000.0,100000.0,100000.0,100000.0,100000.0,100000.0,100000.0,100000.0,100000.0,100255.21,100000.0,100000.0,100000.0,100000.0,100000.0,100000.0,100000.0,100000.0,100000.0,100000.0,100000.0,100000.0,100000.0,99404.92,100000.0,100000.0
2021-06-21,100000.0,100000.0,100000.0,100000.0,100000.0,100000.0,100000.0,98483.79000000001,100000.0,100000.0,100000.0,103652.88,100000.0,100000.0,98549.98000000001,100000.0,100000.0,100000.0,100000.0,100000.0,101266.0,100000.0,100000.0,100000.0,100000.0,100000.0,100000.0,100000.0,100000.0,100000.0,100000.0,100000.0,100000.0,100255.21,100000.0,100000.0,100000.0,100000.0,100000.0,100000.0,100000.0,100000.0,100000.0,100000.0,100000.0,100000.0,100000.0,99404.92,100000.0,100000.0
2021-06-22,100000.0,100000.0,100000.0,100000.0,100000.0,100000.0,100000.0,98483.79000000001,100000.0,100000.0,100000.0,103652.88,100000.0,100000.0,98549.98000000001,100000.0,100000.0,100000.0,100000.0,100000.0,101266.0,100000.0,100000.0,100000.0,100000.0,100000.0,100000.0,100000.0,100000.0,100000.0,100000.0,100000.0,100000.0,100255.21,100000.0,100000.0,100000.0,100000.0,100000.0,100000.0,100000.0,100000.0,100000.0,100000.0,100000.0,100000.0,100000.0,99404.92,100000.0,100000.0
2021-06-23,100000.0,100000.0,100000.0,100000.0,100000.0,100000.0,100000.0,98483.79000000001,100000.0,100000.0,100000.0,103652.88,100000.0,100000.0,98549.98000000001,100000.0,100000.0,100000.0,100000.0,100000.0,101266.0,100000.0,100000.0,100000.0,100000.0,100000.0,100000.0,100000.0,100000.0,100000.0,100000.0,100000.0,100000.0,100255.21,100000.0,100000.0,100000.0,100000.0,100000.0,100000.0,100000.0,100000.0,100000.0,100000.0,100000.0,100000.0,100000.0,99404.92,100000.0,100000.0
2021-06-24,100000.0,100000.0,100000.0,100000.0,100000.0,100000.0,100000.0,98483.79000000001,100000.0,100000.0,100000.0,103652.88,100000.0,100000.0,98549.98000000001,100000.0,100000.0,100000.0,100000.0,100000.0,101266.0,100000.0,100000.0,100000.0,100000.0,100000.0,100000.0,100000.0,100000.0,100000.0,100000.0,100000.0,100000.0,100255.21,100000.0,100000.0,100000.0,100000.0,100000.0,100000.0,100000.0,100000.0,100000.0,100000.0,100000.0,100000.0,100000.0,99404.92,100000.0,100000.0
2021-06-25,100000.0,100000.0,100000.0,100000.0,100000.0,100000.0,100000.0,98483.79000000001,100000.0,100000.0,100000.0,103652.88,100000.0,100000.0,98549.98000000001,100000.0,100000.0,100000.0,100000.0,100000.0,101266.0,100000.0,100000.0,100000.0,100000.0,100000.0,100000.0,100000.0,100000.0,100000.0,100000.0,100000.0,100000.0,100255.21,100000.0,100000.0,100000.0,100000.0,100000.0,100000.0,100000.0,100000.0,100000.0,100000.0,100000.0,100000.0,100000.0,99404.92,100000.0,100000.0
2021-06-28,100000.0,100000.0,100000.0,100000.0,100000.0,100000.0,100000.0,98483.79000000001,100000.0,100000.0,100000.0,103652.88,100000.0,100000.0,98549.98000000001,100000.0,100000.0,100000.0,100000.0,100000.0,101266.0,100000.0,100000.0,100000.0,100000.0,100000.0,100000.0,100000.0,100000.0,100000.0,100000.0,100000.0,100000.0,100255.21,100000.0,100000.0,100000.0,100000.0,99971.12,100000.0,100000.0,100000.0,100000.0,100000.0,100000.0,100000.0,100000.0,99404.92,100000.0,99970.07999999999
2021-06-29,100000.0,100000.0,100000.0,100000.0,100000.0,100000.0,100000.0,98483.79000000001,100000.0,100000.0,100000.0,103652.88,100000.0,100000.0,98549.98000000001,100000.0,100000.0,100000.0,100000.0,100000.0,101266.0,100000.0,100000.0,100000.0,100000.0,100000.0,100000.0,100000.0,100000.0,100000.0,100000.0,100000.0,100000.0,100255.21,100000.0,100000.0,100000.0,100000.0,99972.64,100000.0,100000.0,100000.0,100000.0,100000.0,100000.0,100000.0,100000.0,99404.92,100000.0,100000.87999999999
2021-06-30,100000.0,100000.0,100000.0,100000.0,100000.0,100000.0,100000.0,98483.79000000001,100000.0,100000.0,100000.0,103652.88,100000.0,100000.0,98549.98000000001,100000.0,100000.0,100000.0,100000.0,100000.0,101266.0,100000.0,100000.0,100000.0,100000.0,100000.0,100000.0,100000.0,100000.0,100000.0,100000.0,100000.0,100000.0,100255.21,100000.0,100000.0,100000.0,100000.0,100080.56,100000.0,100000.0,100000.0,100000.0,100000.0,100000.0,100000.0,100000.0,99404.92,100000.0,100050.15999999999
2021-07-01,100000.0,100000.0,100000.0,100000.0,100000.0,100000.0,100000.0,98483.79000000001,100000.0,100000.0,100000.0,103652.88,100000.0,100000.0,98549.98000000001,100000.0,100000.0,100000.0,100000.0,100000.0,101266.0,100000.0,100000.0,100000.0,100000.0,100000.0,100000.0,100000.0,100000.0,100000.0,100000.0,100000.0,100000.0,100255.21,100000.0,100000.0,100000.0,100000.0,100266.0,100000.0,100000.0,100000.0,100000.0,100000.0,100000.0,100000.0,100000.0,99404.92,100000.0,100069.51999999999
2021-07-02,100000.0,100000.0,100000.0,100000.0,100000.0,100000.0,100000.0,98483.79000000001,100000.0,100000.0,100000.0,103652.88,100000.0,100000.0,98549.98000000001,100000.0,100000.0,100000.0,100000.0,100000.0,101266.0,100000.0,100000.0,100000.0,100000.0,100000.0,100000.0,100000.0,100000.0,100000.0,100000.0,100000.0,100000.0,100255.21,100000.0,100000.0,100000.0,100000.0,100725.04000000001,100000.0,100000.0,100000.0,100000.0,100000.0,100000.0,100000.0,100000.0,99404.92,100000.0,100123.2
2021-07-06,100000.0,100000.0,100000.0,100000.0,100000.0,100000.0,100000.0,98483.79000000001,100000.0,100000.0,100000.0,103652.88,100000.0,100000.0,98549.98000000001,100000.0,100000.0,100000.0,100000.0,100000.0,101266.0,100000.0,100000.0,100000.0,100000.0,100000.0,100000.0,100000.0,100000.0,100000.0,100000.0,100000.0,100000.0,100255.21,100000.0,100000.0,100000.0,100000.0,100725.04000000001,100000.0,100000.0,100000.0,100000.0,100000.0,100000.0,100000.0,100000.0,99404.92,100000.0,100080.07999999999
2021-07-07,100000.0,100000.0,100000.0,100000.0,100000.0,100000.0,100000.0,98483.79000000001,100000.0,100000.0,100000.0,103652.88,100000.0,100000.0,98549.98000000001,100000.0,100000.0,100000.0,100000.0,100000.0,101266.0,100000.0,100000.0,100000.0,100000.0,100000.0,100000.0,100000.0,100000.0,100000.0,100000.0,100000.0,100000.0,100255.21,100000.0,100000.0,100000.0,100000.0,100725.04000000001,100000.0,100000.0,100000.0,100000.0,100000.0,100000.0,100000.0,100000.0,99404.92,100000.0,100119.68
2021-07-08,100000.0,100000.0,100000.0,100000.0,100000.0,100000.0,100000.0,98483.79000000001,100000.0,100000.0,100000.0,103652.88,100000.0,100000.0,98549.98000000001,100000.0,100000.0,100000.0,100000.0,100000.0,101266.0,100000.0,100000.0,100000.0,100000.0,100000.0,100000.0,100000.0,100000.0,100000.0,100000.0,100000.0,100000.0,100255.21,100000.0,100000.0,100000.0,100000.0,100725.04000000001,100000.0,100000.0,100000.0,100000.0,100000.0,100000.0,100000.0,100000.0,99404.92,100000.0,100080.95999999999
2021-07-09,100000.0,100000.0,100000.0,100000.0,100000.0,100000.0,100000.0,98483.79000000001,100000.0,100000.0,100000.0,103652.88,100000.0,100000.0,98549.98000000001,100000.0,100000.0,100000.0,100000.0,100000.0,101266.0,100000.0,100000.0,100000.0,100000.0,100000.0,100000.0,100000.0,100000.0,100000.0,100000.0,100000.0,100000.0,100255.21,100000.0,100000.0,100000.0,100000.0,100725.04000000001,100000.0,100000.0,100000.0,100000.0,100000.0,100000.0,100000.0,100000.0,99404.92,100000.0,100069.51999999999
2021-07-12,100000.0,100000.0,100000.0,100000.0,100000.0,100000.0,100000.0,98483.79000000001,100000.0,100000.0,100000.0,103652.88,100000.0,100000.0,98549.98000000001,100000.0,100000.0,100000.0,100000.0,100000.0,101266.0,100000.0,100000.0,100000.0,100000.0,100000.0,100000.0,100000.0,100000.0,100000.0,100000.0,100000.0,100000.0,100255.21,100000.0,100000.0,100000.0,100000.0,100725.04000000001,100000.0,100000.0,100000.0,100000.0,100000.0,100000.0,100000.0,100000.0,99404.92,100000.0,100030.79999999999
2021-07-13,100000.0,100000.0,100000.0,100000.0,100000.0,100000.0,100000.0,98483.79000000001,100000.0,100000.0,100000.0,103652.88,100000.0,100000.0,98549.98000000001,100000.0,100000.0,100000.0,100000.0,100000.0,101266.0,100000.0,100000.0,100000.0,100000.0,100000.0,100000.0,100000.0,100000.0,100000.0,100000.0,100000.0,100000.0,100255.21,100000.0,100000.0,100000.0,100000.0,100725.04000000001,100000.0,100000.0,100000.0,100000.0,100000.0,100000.0,100000.0,100000.0,99404.92,100000.0,100036.07999999999
2021-07-14,100000.0,100000.0,100000.0,100000.0,100000.0,100000.0,100000.0,98483.79000000001,100000.0,100000.0,100000.0,103652.88,100000.0,100000.0,98549.98000000001,100000.0,100000.0,100000.0,100000.0,100000.0,101266.0,100000.0,100000.0,100000.0,100000.0,100000.0,100000.0,100000.0,100000.0,100000.0,100000.0,100000.0,100000.0,100255.21,100000.0,100000.0,100000.0,100000.0,100725.04000000001,100000.0,100000.0,100000.0,100000.0,100000.0,100000.0,100000.0,100000.0,99404.92,100000.0,100036.95999999999
2021-07-15,100000.0,100000.0,100000.0,100000.0,100000.0,100000.0,100000.0,98483.79000000001,100000.0,100000.0,100000.0,103652.88,100000.0,100000.0,98549.98000000001,100000.0,100000.0,100000.0,100000.0,100000.0,101266.0,100000.0,100000.0,100000.0,100000.0,100000.0,100000.0,100000.0,100000.0,100000.0,100000.0,100000.0,100000.0,100255.21,100000.0,100000.0,100000.0,100000.0,100725.04000000001,100000.0,100000.0,100000.0,100000.0,100000.0,100000.0,100000.0,100000.0,99404.92,100000.0,100061.59999999999
2021-07-16,100000.0,100000.0,100000.0,100000.0,100000.0,100000.0,100000.0,98483.79000000001,100000.0,100000.0,100000.0,103652.88,100000.0,100000.0,98549.98000000001,100000.0,100000.0,100000.0,100000.0,100000.0,101266.0,100000.0,100000.0,100000.0,100000.0,100000.0,100000.0,100000.0,100000.0,100000.0,100000.0,100000.0,100000.0,100255.21,100000.0,100000.0,100000.0,100000.0,100725.04000000001,100000.0,100000.0,100000.0,100000.0,100000.0,100000.0,100000.0,100000.0,99404.92,100000.0,100072.15999999999
2021-07-19,100000.0,100000.0,100000.0,100000.0,100000.0,100000.0,100000.0,98483.79000000001,100000.0,100000.0,100000.0,103652.88,100000.0,100000.0,98549.98000000001,100000.0,100000.0,100000.0,100000.0,100000.0,101266.0,100000.0,100000.0,100000.0,100000.0,100000.0,100000.0,100000.0,100000.0,100000.0,100000.0,100000.0,100000.0,100255.21,100000.0,100000.0,100000.0,100000.0,100725.04000000001,100000.0,100000.0,100000.0,100000.0,100000.0,100000.0,100000.0,100000.0,99404.92,100000.0,99986.79999999999
2021-07-20,100000.0,100000.0,100000.0,100000.0,100000.0,100000.0,100000.0,98483.79000000001,100000.0,100000.0,100000.0,103652.88,100000.0,100000.0,98549.98000000001,100000.0,100000.0,100000.0,100000.0,100000.0,101266.0,100000.0,100000.0,100000.0,100000.0,100000.0,100000.0,100000.0,100000.0,100000.0,100000.0,100000.0,100000.0,100255.21,100000.0,100000.0,100000.0,100000.0,100725.04000000001,100000.0,100000.0,100000.0,100000.0,100000.0,100000.0,100000.0,100000.0,99404.92,100000.0,99909.36
2021-07-21,100000.0,100000.0,100000.0,100000.0,100000.0,100000.0,100000.0,98483.79000000001,100000.0,100000.0,100000.0,103652.88,100000.0,100000.0,98549.98000000001,100000.0,100000.0,100000.0,100000.0,100000.0,101266.0,100000.0,100000.0,100000.0,100000.0,100000.0,100000.0,100000.0,100000.0,100000.0,100000.0,100000.0,100000.0,100255.21,100000.0,100000.0,100000.0,100000.0,100725.04000000001,100000.0,100000.0,100000.0,100000.0,100000.0,100000.0,100000.0,100000.0,99404.92,100000.0,99928.72
2021-07-22,100000.0,100000.0,100000.0,100000.0,100000.0,100000.0,100000.0,98483.79000000001,100000.0,100000.0,100000.0,103652.88,100000.0,100000.0,98549.98000000001,100000.0,100000.0,100000.0,100000.0,100000.0,101266.0,100000.0,100000.0,100000.0,100000.0,100000.0,100000.0,100000.0,100000.0,100000.0,100000.0,100000.0,100000.0,100255.21,100000.0,100000.0,100000.0,100000.0,100725.04000000001,100000.0,100000.0,100000.0,100000.0,100000.0,100000.0,100000.0,100000.0,99404.92,100000.0,99941.04
2021-07-23,100000.0,100000.0,100000.0,100000.0,100000.0,100000.0,100000.0,98483.79000000001,100000.0,100000.0,100000.0,103652.88,100000.0,100000.0,98549.98000000001,100000.0,100000.0,100000.0,100000.0,100000.0,101266.0,100000.0,100000.0,100000.0,100000.0,100000.0,100000.0,100000.0,100000.0,100000.0,100000.0,100000.0,100000.0,100255.21,100000.0,100000.0,100000.0,100000.0,100725.04000000001,100000.0,100000.0,100000.0,100000.0,100000.0,100000.0,100000.0,100000.0,99404.92,100000.0,100029.92
2021-07-26,100000.0,100000.0,100000.0,100000.0,100000.0,100000.0,100000.0,98483.79000000001,100000.0,100000.0,100000.0,103652.88,100000.0,100000.0,98549.98000000001,100000.0,100000.0,100000.0,100000.0,100000.0,101266.0,100000.0,100000.0,100000.0,100000.0,100000.0,100000.0,100000.0,100000.0,100000.0,100000.0,100000.0,100000.0,100255.21,100000.0,100000.0,100000.0,100000.0,100725.04000000001,100000.0,100000.0,100000.0,100000.0,100000.0,100000.0,100000.0,100000.0,99404.92,100000.0,100003.51999999999
2021-07-27,100000.0,100000.0,100000.0,100000.0,100000.0,100000.0,100000.0,98483.79000000001,100000.0,100000.0,100000.0,103652.88,100000.0,100000.0,98549.98000000001,100000.0,100000.0,100000.0,100000.0,100000.0,101266.0,100000.0,100000.0,100000.0,100000.0,100000.0,100000.0,100000.0,100000.0,100000.0,100000.0,100000.0,100000.0,100255.21,100000.0,100000.0,100000.0,100000.0,100725.04000000001,100000.0,100000.0,100000.0,100000.0,100000.0,100000.0,100000.0,100000.0,99404.92,100000.0,100057.2
2021-07-28,100000.0,100000.0,100000.0,100000.0,100000.0,100000.0,100000.0,98483.79000000001,100000.0,100000.0,100000.0,103652.88,100000.0,100000.0,98549.98000000001,100000.0,100000.0,100000.0,100000.0,100000.0,101266.0,100000.0,100000.0,100000.0,100000.0,100000.0,100000.0,100000.0,100000.0,100000.0,100000.0,100000.0,100000.0,100255.21,100000.0,100000.0,100000.0,100000.0,100725.04000000001,100000.0,100000.0,100000.0,100000.0,100000.0,100000.0,100000.0,100000.0,99404.92,100000.0,100057.2
2021-07-29,100000.0,100000.0,100000.0,100000.0,100000.0,100000.0,100000.0,98483.79000000001,100000.0,100000.0,100000.0,103652.88,100000.0,100000.0,98549.98000000001,100000.0,100000.0,100000.0,100000.0,100000.0,101266.0,100000.0,100000.0,100000.0,100000.0,100000.0,100000.0,100000.0,100000.0,100000.0,100000.0,100000.0,100000.0,100255.21,100000.0,100000.0,100000.0,100000.0,100725.04000000001,100000.0,100000.0,100000.0,100000.0,100000.0,100000.0,100000.0,100000.0,99404.92,100000.0,100057.2
2021-07-30,100000.0,100000.0,100000.0,100000.0,100000.0,100000.0,100000.0,98483.79000000001,100000.0,100000.0,100000.0,103652.88,100000.0,100000.0,98549.98000000001,100000.0,100000.0,100000.0,100000.0,100000.0,101266.0,100000.0,100000.0,100000.0,100000.0,100000.0,100000.0,100000.0,100000.0,100000.0,100000.0,100000.0,100000.0,100255.21,100000.0,100000.0,100000.0,100000.0,100725.04000000001,100000.0,100000.0,100000.0,100000.0,100000.0,100000.0,100000.0,100000.0,99404.92,100000.0,100057.2
2021-08-02,100000.0,100000.0,100000.0,100000.0,100000.0,100000.0,100000.0,98483.79000000001,100000.0,100000.0,100000.0,103652.88,100000.0,100000.0,98549.98000000001,100000.0,100000.0,100000.0,100000.0,100000.0,101266.0,100000.0,100000.0,100000.0,100000.0,100000.0,100000.0,100000.0,100000.0,100000.0,100000.0,100000.0,100000.0,100255.21,100000.0,100000.0,100000.0,100000.0,100725.04000000001,100000.0,100000.0,100000.0,100000.0,100000.0,100000.0,100000.0,100000.0,99404.92,100000.0,100057.2
2021-08-03,100000.0,100001.2,100000.0,100000.0,100000.0,100000.0,100000.0,98483.79000000001,100000.0,100000.0,100000.0,103652.88,100000.0,100000.0,98549.98000000001,100000.0,100000.0,100000.0,100000.0,100000.0,101266.0,100000.0,100000.0,100000.0,100000.0,100000.0,100000.0,100000.0,100000.0,100000.0,100000.0,100000.0,100000.0,100255.21,100000.0,100000.0,100000.0,100000.0,100725.04000000001,100000.0,100000.0,100000.0,100000.0,100000.0,100000.0,100000.0,100000.0,99404.92,100000.0,100057.2
2021-08-04,100000.0,100024.59999999999,100000.0,100000.0,100000.0,100000.0,100000.0,98483.79000000001,100000.0,100000.0,100000.0,103652.88,100000.0,100000.0,98549.98000000001,100000.0,100000.0,100000.0,100000.0,100000.0,101266.0,100000.0,100000.0,100000.0,100000.0,100000.0,100000.0,100000.0,100000.0,100000.0,100000.0,100000.0,100000.0,100255.21,100000.0,100000.0,100000.0,100000.0,100725.04000000001,100000.0,100000.0,100000.0,100000.0,100000.0,100000.0,100000.0,100000.0,99404.92,100000.0,100057.2
2021-08-05,100000.0,100099.0,100000.0,100000.0,100000.0,100000.0,100000.0,98483.79000000001,100000.0,100000.0,100000.0,103652.88,100000.0,100000.0,98549.98000000001,100000.0,100000.0,100000.0,100000.0,100000.0,101266.0,100000.0,100000.0,100000.0,100000.0,100000.0,100000.0,100000.0,100000.0,100000.0,100000.0,100000.0,100000.0,100255.21,100000.0,100000.0,100000.0,100000.0,100725.04000000001,100000.0,100000.0,100000.0,100000.0,100000.0,100000.0,100000.0,100000.0,99404.92,100000.0,100057.2
2021-08-06,100000.0,99788.2,100000.0,100000.0,100000.0,100000.0,100000.0,98483.79000000001,100000.0,100000.0,100000.0,103652.88,100000.0,100000.0,98549.98000000001,100000.0,100000.0,100000.0,100000.0,100000.0,101266.0,100000.0,100000.0,100000.0,100000.0,100000.0,100000.0,100000.0,100000.0,100000.0,100000.0,100000.0,100000.0,100255.21,100000.0,100000.0,100000.0,100000.0,100725.04000000001,100000.0,100000.0,100000.0,100000.0,100000.0,100000.0,100000.0,100000.0,99404.92,100000.0,100057.2
2021-08-09,100000.0,100081.59999999999,100000.0,100000.0,100000.0,100000.0,100000.0,98483.79000000001,100000.0,100000.0,100000.0,103652.88,100000.0,100000.0,98549.98000000001,100000.0,100000.0,100000.0,100000.0,100000.0,101266.0,100000.0,100000.0,100000.0,100000.0,100000.0,100000.0,100000.0,100000.0,100000.0,100000.0,100000.0,100000.0,100255.21,100000.0,100000.0,100000.0,100000.0,100725.04000000001,100000.0,100000.0,100000.0,100000.0,100000.0,100000.0,100000.0,100000.0,99404.92,100000.0,100057.2
2021-08-10,100000.0,100006.0,100000.0,100000.0,100000.0,100000.0,100000.0,98483.79000000001,100000.0,100000.0,100000.0,103652.88,100000.0,100000.0,98549.98000000001,100000.0,100000.0,100000.0,100000.0,100000.0,101266.0,100000.0,100000.0,100000.0,100000.0,100000.0,100000.0,100000.0,100000.0,100000.0,100000.0,100000.0,100000.0,100255.21,100000.0,100000.0,100000.0,100000.0,100725.04000000001,100000.0,100000.0,100000.0,100000.0,100000.0,100000.0,100000.0,100000.0,99404.92,100000.0,100057.2
2021-08-11,100000.0,99962.79999999999,100000.0,100000.0,100000.0,100000.0,100000.0,98483.79000000001,100000.0,100000.0,100000.0,103652.88,100000.0,100000.0,98549.98000000001,100000.0,100000.0,100000.0,100000.0,100000.0,101266.0,100000.0,100000.0,100000.0,100000.0,100000.0,100000.0,100000.0,100000.0,100000.0,100000.0,100000.0,100000.0,100255.21,100000.0,100000.0,100000.0,100000.0,100725.04000000001,100000.0,100000.0,100000.0,100000.0,100000.0,100000.0,100000.0,100000.0,99404.92,100000.0,100057.2
2021-08-12,100000.0,100251.4,100000.0,100000.0,100000.0,100000.0,100000.0,98483.79000000001,100000.0,100000.0,100000.0,103652.88,100000.0,100000.0,98549.98000000001,100000.0,100000.0,100000.0,100000.0,100000.0,101266.0,100000.0,100000.0,100000.0,100000.0,100000.0,100000.0,100000.0,100000.0,100000.0,100000.0,100000.0,100000.0,100255.21,100000.0,100000.0,100000.0,100000.0,100725.04000000001,100000.0,100000.0,100000.0,100000.0,100000.0,100000.0,100000.0,100000.0,99404.92,100000.0,100057.2
2021-08-13,100000.0,100251.4,100000.0,100000.0,100000.0,100000.0,100000.0,98483.79000000001,100000.0,100000.0,100000.0,103652.88,100000.0,100000.0,98549.98000000001,100000.0,100000.0,100000.0,100000.0,100000.0,101266.0,100000.0,100000.0,100000.0,100000.0,100000.0,100000.0,100000.0,100000.0,100000.0,100000.0,100000.0,100000.0,100255.21,100000.0,100000.0,100000.0,100000.0,100725.04000000001,100000.0,100000.0,100000.0,100000.0,100000.0,100000.0,100000.0,100000.0,99404.92,100000.0,100057.2
2021-08-16,100000.0,100251.4,100000.0,100000.0,100000.0,100000.0,100000.0,98483.79000000001,100000.0,100000.0,100000.0,103652.88,100000.0,100000.0,98549.98000000001,100000.0,100000.0,100000.0,100000.0,100000.0,101266.0,100000.0,100000.0,100000.0,100000.0,100000.0,100000.0,100000.0,100000.0,100000.0,100000.0,100000.0,100000.0,100255.21,100000.0,100000.0,100000.0,100000.0,100725.04000000001,100000.0,100000.0,100000.0,100000.0,100000.0,100000.0,100000.0,100000.0,99404.92,100000.0,100057.2
2021-08-17,100000.0,100251.4,100000.0,100000.0,100000.0,100000.0,100000.0,98483.79000000001,100000.0,100000.0,100000.0,103652.88,100000.0,100000.0,98549.98000000001,100000.0,100000.0,100000.0,100000.0,100000.0,101266.0,100000.0,100000.0,100000.0,100000.0,100000.0,100000.0,100000.0,100000.0,100000.0,100000.0,100000.0,100000.0,100255.21,100000.0,100000.0,100000.0,100000.0,100725.04000000001,100000.0,100000.0,100000.0,100000.0,100000.0,100000.0,100000.0,100000.0,99404.92,100000.0,100057.2
2021-08-18,100000.0,100251.4,100000.0,100000.0,100000.0,100000.0,100000.0,98483.79000000001,100000.0,100000.0,100000.0,103652.88,100000.0,100000.0,98549.98000000001,100000.0,100000.0,100000.0,100000.0,100000.0,101266.0,100000.0,100000.0,100000.0,100000.0,100000.0,100000.0,100000.0,100000.0,100000.0,100000.0,100000.0,100000.0,100255.21,100000.0,100000.0,100000.0,100000.0,100725.04000000001,100000.0,100000.0,100000.0,100000.0,100000.0,100000.0,100000.0,100000.0,99404.92,100000.0,100057.2
2021-08-19,100000.0,100251.4,100000.0,100000.0,100000.0,100000.0,100000.0,98483.79000000001,100000.0,100000.0,100000.0,103652.88,100000.0,100000.0,98549.98000000001,100000.0,100000.0,100000.0,100000.0,100000.0,101266.0,100000.0,100000.0,100000.0,100000.0,100000.0,100000.0,100000.0,100000.0,100000.0,100000.0,100000.0,100000.0,100255.21,100000.0,100000.0,100000.0,100000.0,100725.04000000001,100000.0,100000.0,100000.0,100000.0,100000.0,100000.0,100000.0,100000.0,99404.92,100000.0,100057.2
2021-08-20,100000.0,100251.4,100000.0,100000.0,100000.0,100000.0,100000.0,98483.79000000001,100000.0,100000.0,100000.0,103652.88,100000.0,100000.0,98549.98000000001,100000.0,100000.0,100000.0,100000.0,100000.0,101266.0,100000.0,100000.0,100000.0,100000.0,100000.0,100000.0,100000.0,100000.0,100000.0,100000.0,100000.0,100000.0,100255.21,100000.0,100000.0,100000.0,100000.0,100725.04000000001,100000.0,100000.0,100000.0,100000.0,100000.0,100000.0,100000.0,100000.0,99404.92,100000.0,100057.2
2021-08-23,100000.0,100251.4,100000.0,100000.0,100000.0,100000.0,100000.0,98483.79000000001,100000.0,100000.0,100000.0,103652.88,100000.0,100000.0,98549.98000000001,100000.0,100000.0,100000.0,100000.0,100000.0,101266.0,100000.0,100000.0,100000.0,100000.0,100000.0,100000.0,100000.0,100000.0,100000.0,100000.0,100000.0,100000.0,100255.21,100000.0,100000.0,100000.0,100000.0,100725.04000000001,100000.0,100000.0,100000.0,100000.0,100000.0,100000.0,100000.0,100000.0,99404.92,100000.0,100057.2
2021-08-24,100000.0,100251.4,100000.0,100000.0,100000.0,100000.0,100000.0,98483.79000000001,100000.0,100000.0,100000.0,103652.88,100000.0,100000.0,98549.98000000001,100000.0,100000.0,100000.0,100000.0,100000.0,101266.0,100000.0,100000.0,100000.0,100000.0,100000.0,100000.0,100000.0,100000.0,100000.0,100000.0,100000.0,100000.0,100255.21,100000.0,100000.0,100000.0,100000.0,100725.04000000001,100000.0,100000.0,100000.0,100000.0,100000.0,100000.0,100000.0,100000.0,99404.92,100000.0,100057.2
2021-08-25,100000.0,100251.4,100000.0,100000.0,100000.0,100000.0,100000.0,98483.79000000001,100000.0,100000.0,100000.0,103652.88,100000.0,100000.0,98549.98000000001,100000.0,100000.0,100000.0,100000.0,100000.0,101266.0,100000.0,100000.0,100000.0,100000.0,100000.0,100000.0,100000.0,100000.0,100000.0,100000.0,100000.0,100000.0,100255.21,100000.0,100000.0,100000.0,100000.0,100725.04000000001,100000.0,100000.0,100000.0,100000.0,100000.0,100000.0,100000.0,100000.0,99404.92,100000.0,100057.2
2021-08-26,100000.0,100251.4,100000.0,100000.0,100000.0,100000.0,100000.0,98483.79000000001,100000.0,100000.0,100000.0,103652.88,100000.0,100000.0,98549.98000000001,100000.0,100000.0,100000.0,100000.0,100000.0,101266.0,100000.0,100000.0,100000.0,100000.0,100000.0,100000.0,100000.0,100000.0,100000.0,100000.0,100000.0,100000.0,100255.21,100000.0,100000.0,100000.0,100000.0,100725.04000000001,100000.0,100000.0,100000.0,100000.0,100000.0,100000.0,100000.0,100000.0,99404.92,100000.0,100057.2
2021-08-27,100000.0,100251.4,100000.0,100000.0,100000.0,100000.0,100000.0,98483.79000000001,100000.0,100000.0,100000.0,103652.88,100000.0,100000.0,98549.98000000001,100000.0,100000.0,100000.0,100000.0,100000.0,101266.0,100000.0,100000.0,100000.0,100000.0,100000.0,100000.0,100000.0,100000.0,100000.0,100000.0,100000.0,100000.0,100255.21,100000.0,100000.0,100000.0,100000.0,100725.04000000001,100000.0,100000.0,100000.0,100000.0,100000.0,100000.0,100000.0,100000.0,99404.92,100000.0,100057.2
2021-08-30,100000.0,100251.4,100000.0,100000.0,100000.0,100000.0,100000.0,98483.79000000001,100000.0,100000.0,100000.0,103652.88,100000.0,100000.0,98549.98000000001,100000.0,100000.0,100000.0,100000.0,100000.0,101266.0,100000.0,100000.0,100000.0,100000.0,100000.0,100000.0,100000.0,100000.0,100000.0,100000.0,100000.0,100000.0,100255.21,100000.0,100000.0,100000.0,100000.0,100725.04000000001,100000.0,100000.0,100000.0,100000.0,100000.0,100000.0,100000.0,100000.0,99404.92,100000.0,100057.2
2021-08-31,100000.0,100251.4,100000.0,100000.0,100000.0,100000.0,100000.0,98483.79000000001,100000.0,100000.0,100000.0,103652.88,100000.0,100000.0,98549.98000000001,100000.0,100000.0,100000.0,100000.0,100000.0,101266.0,100000.0,100000.0,100000.0,100000.0,100000.0,100000.0,100000.0,100000.0,100000.0,100000.0,100000.0,100000.0,100255.21,100000.0,100000.0,100000.0,100000.0,100725.04000000001,100000.0,100000.0,100000.0,100000.0,100000.0,100000.0,100000.0,100000.0,99404.92,100000.0,100057.2
2021-09-01,100000.0,100251.4,100000.0,100000.0,100000.0,100000.0,100000.0,98483.79000000001,100000.0,100000.0,100000.0,103652.88,100000.0,100000.0,98549.98000000001,100000.0,100000.0,100000.0,100000.0,100000.0,101266.0,100000.0,100000.0,100000.0,100000.0,100000.0,100000.0,100000.0,100000.0,100000.0,100000.0,100000.0,100000.0,100255.21,100000.0,100000.0,100000.0,100000.0,100725.04000000001,100000.0,100000.0,100000.0,100000.0,100000.0,100000.0,100000.0,100000.0,99404.92,100000.0,100057.2
2021-09-02,100000.0,100251.4,100000.0,100000.0,100000.0,100000.0,100000.0,98483.79000000001,100000.0,100000.0,100000.0,103652.88,100000.0,100000.0,98549.98000000001,100000.0,100000.0,100000.0,100000.0,100000.0,101266.0,100000.0,100000.0,100000.0,100000.0,100000.0,100000.0,100000.0,100000.0,100000.0,100000.0,100000.0,100000.0,100255.21,100000.0,100000.0,100000.0,100000.0,100725.04000000001,100000.0,100000.0,100000.0,100000.0,100000.0,100000.0,100000.0,100000.0,99404.92,100000.0,100057.2
2021-09-03,100000.0,100251.4,100000.0,100000.0,100000.0,100000.0,100000.0,98483.79000000001,100000.0,100000.0,100000.0,103652.88,100000.0,100000.0,98549.98000000001,100000.0,100000.0,100000.0,100000.0,100000.0,101266.0,100000.0,100000.0,100000.0,100000.0,100000.0,100000.0,100000.0,100000.0,100000.0,100000.0,100000.0,100000.0,100255.21,100000.0,100000.0,100000.0,100000.0,100725.04000000001,100000.0,100000.0,100000.0,100000.0,100000.0,100000.0,100000.0,100000.0,99404.92,100000.0,100057.2
2021-09-07,100000.0,100251.4,100000.0,100000.0,100000.0,100000.0,100000.0,98483.79000000001,100000.0,100000.0,100000.0,103652.88,100000.0,100000.0,98549.98000000001,100000.0,100000.0,100000.0,100000.0,100000.0,101266.0,100000.0,100000.0,100000.0,100000.0,100000.0,100000.0,100000.0,100000.0,100000.0,100000.0,100000.0,100000.0,100255.21,100000.0,100000.0,100000.0,100000.0,100725.04000000001,100000.0,100000.0,100000.0,100000.0,100000.0,100000.0,100000.0,100000.0,99404.92,100000.0,100057.2
2021-09-08,100000.0,100251.4,100000.0,100000.0,100000.0,100000.0,100000.0,98483.79000000001,100000.0,100000.0,100000.0,103652.88,100000.0,100000.0,98549.98000000001,100000.0,100000.0,100000.0,100000.0,100000.0,101266.0,100000.0,100000.0,100000.0,100000.0,100000.0,100000.0,100000.0,100000.0,100000.0,100000.0,100000.0,100000.0,100255.21,100000.0,100000.0,100000.0,100000.0,100725.04000000001,100000.0,100000.0,100000.0,100000.0,100000.0,100000.0,100000.0,100000.0,99404.92,100000.0,100057.2
2021-09-09,100000.0,100251.4,100000.0,100000.0,100000.0,100000.0,100000.0,98483.79000000001,100000.0,100000.0,100000.0,103652.88,100000.0,100000.0,98549.98000000001,100000.0,100000.0,100000.0,100000.0,100000.0,101266.0,100000.0,100000.0,100000.0,100000.0,100000.0,100000.0,100000.0,100000.0,100000.0,100000.0,100000.0,100000.0,100255.21,100000.0,100000.0,100000.0,100000.0,100725.04000000001,100000.0,100000.0,100000.0,100000.0,100000.0,100000.0,100000.0,100000.0,99404.92,100000.0,100057.2
2021-09-10,100000.0,100251.4,100000.0,100000.0,100000.0,100000.0,100000.0,98483.79000000001,100000.0,100000.0,100000.0,103652.88,100000.0,100000.0,98549.98000000001,100000.0,100000.0,100000.0,100000.0,100000.0,101266.0,100000.0,100000.0,100000.0,100000.0,100000.0,100000.0,100000.0,100000.0,100000.0,100000.0,100000.0,100000.0,100255.21,100000.0,100000.0,100000.0,100000.0,100725.04000000001,100000.0,100000.0,100000.0,100000.0,100000.0,100000.0,100000.0,100000.0,99404.92,100000.0,100057.2
2021-09-13,100000.0,100251.4,100000.0,100000.0,100000.0,100000.0,100000.0,98483.79000000001,100000.0,100000.0,100000.0,103652.88,100000.0,100000.0,98549.98000000001,100000.0,100000.0,100000.0,100000.0,100000.0,101266.0,100000.0,100000.0,100000.0,100000.0,100000.0,100000.0,100000.0,100000.0,100000.0,100000.0,100000.0,100000.0,100255.21,100000.0,100000.0,100000.0,100000.0,100725.04000000001,100000.0,100000.0,100000.0,100000.0,100000.0,100000.0,100000.0,100000.0,99404.92,100000.0,100057.2
2021-09-14,100000.0,100251.4,100000.0,100000.0,100000.0,100000.0,100000.0,98483.79000000001,100000.0,100000.0,100000.0,103652.88,100000.0,100000.0,98549.98000000001,100000.0,100000.0,100000.0,100000.0,100000.0,101266.0,100000.0,100000.0,100000.0,100000.0,100000.0,100000.0,100000.0,100000.0,100000.0,100000.0,100000.0,100000.0,100255.21,100000.0,100000.0,100000.0,100000.0,100725.04000000001,100000.0,100000.0,100000.0,100000.0,100000.0,100000.0,100000.0,100000.0,99404.92,100000.0,100057.2
2021-09-15,100000.0,100251.4,100000.0,100000.0,100000.0,100000.0,100000.0,98483.79000000001,100000.0,100000.0,100000.0,103652.88,100000.0,100000.0,98549.98000000001,100000.0,100000.0,100000.0,100000.0,100000.0,101266.0,100000.0,100000.0,100000.0,100000.0,100000.0,100000.0,100000.0,100000.0,100000.0,100000.0,100000.0,100000.0,100255.21,100000.0,100000.0,100000.0,100000.0,100725.04000000001,100000.0,100000.0,100000.0,100000.0,100000.0,100000.0,100000.0,100000.0,99404.92,100000.0,100057.2
2021-09-16,100000.0,100251.4,100000.0,100000.0,100000.0,100000.0,100000.0,98483.79000000001,100000.0,100000.0,100000.0,103652.88,100000.0,100000.0,98549.98000000001,100000.0,100000.0,100000.0,100000.0,100000.0,101266.0,100000.0,100000.0,100000.0,100000.0,100000.0,100000.0,100000.0,100000.0,100000.0,100000.0,100000.0,100000.0,100255.21,100000.0,100000.0,100000.0,100000.0,100725.04000000001,100000.0,100000.0,100000.0,100000.0,100000.0,100000.0,100000.0,100000.0,99404.92,100000.0,100057.2
2021-09-17,100000.0,100251.4,100000.0,100000.0,100000.0,100000.0,100000.0,98483.79000000001,100000.0,100000.0,100000.0,103652.88,100000.0,100000.0,98549.98000000001,100000.0,100000.0,100000.0,100000.0,100000.0,101266.0,100000.0,100000.0,100000.0,100000.0,100000.0,100000.0,100000.0,100000.0,100000.0,100000.0,100000.0,100000.0,100255.21,100000.0,100000.0,100000.0,100000.0,100725.04000000001,100000.0,100000.0,100000.0,100000.0,100000.0,100000.0,100000.0,100000.0,99404.92,100000.0,100057.2
2021-09-20,100000.0,100251.4,100000.0,100000.0,100000.0,100000.0,100000.0,98483.79000000001,100000.0,100000.0,100000.0,103652.88,100000.0,100000.0,98549.98000000001,100000.0,100000.0,100000.0,100000.0,100000.0,101266.0,100000.0,100000.0,100000.0,100000.0,100000.0,100000.0,100000.0,100000.0,100000.0,100000.0,100000.0,100000.0,100255.21,100000.0,100000.0,100000.0,100000.0,100725.04000000001,100000.0,100000.0,100000.0,100000.0,100000.0,100000.0,100000.0,100000.0,99404.92,100000.0,100057.2
2021-09-21,100000.0,100251.4,100000.0,100000.0,100000.0,100000.0,100000.0,98483.79000000001,100000.0,100000.0,100000.0,103652.88,100000.0,100000.0,98549.98000000001,100000.0,100000.0,100000.0,100000.0,100000.0,101266.0,100000.0,100000.0,100000.0,100000.0,100000.0,100000.0,100000.0,100000.0,100000.0,100000.0,100000.0,100000.0,100255.21,100000.0,100000.0,100000.0,100000.0,100725.04000000001,100000.0,100000.0,100000.0,100000.0,100000.0,100000.0,100000.0,100000.0,99404.92,100000.0,100057.2
2021-09-22,100000.0,100251.4,100000.0,100000.0,100000.0,100000.0,100000.0,98483.79000000001,100000.0,100000.0,100000.0,103652.88,100000.0,100000.0,98549.98000000001,100000.0,100000.0,100000.0,100000.0,100000.0,101266.0,100000.0,100000.0,100000.0,100000.0,100000.0,100000.0,100000.0,100000.0,100000.0,100000.0,100000.0,100000.0,100255.21,100000.0,100000.0,100000.0,100000.0,100725.04000000001,100000.0,100000.0,100000.0,100000.0,100000.0,100000.0,100000.0,100000.0,99404.92,100000.0,100057.2
2021-09-23,100000.0,100251.4,100000.0,100000.0,100000.0,100000.0,100000.0,98483.79000000001,100000.0,100000.0,100000.0,103652.88,100000.0,100000.0,98549.98000000001,100000.0,100000.0,100000.0,100000.0,100000.0,101266.0,100000.0,100000.0,100000.0,100000.0,100000.0,100000.0,100000.0,100000.0,100000.0,100000.0,100000.0,100000.0,100255.21,100000.0,100000.0,100000.0,100000.0,100725.04000000001,100000.0,100000.0,100000.0,100000.0,100000.0,100000.0,100000.0,100000.0,99404.92,100000.0,100057.2
2021-09-24,100000.0,100251.4,100000.0,100000.0,100000.0,100000.0,100000.0,98483.79000000001,100000.0,100000.0,100000.0,103652.88,100000.0,100000.0,98549.98000000001,100000.0,100000.0,100000.0,100000.0,100000.0,101266.0,100000.0,100000.0,100000.0,100000.0,100000.0,100000.0,100000.0,100000.0,100000.0,100000.0,100000.0,100000.0,100255.21,100000.0,100000.0,100000.0,100000.0,100725.04000000001,100000.0,100000.0,100000.0,100000.0,100000.0,100000.0,100000.0,100000.0,99404.92,100000.0,100057.2
2021-09-27,100000.0,100251.4,100000.0,100000.0,100000.0,100000.0,100000.0,98483.79000000001,100000.0,100000.0,100000.0,103652.88,100000.0,100000.0,98549.98000000001,100000.0,100000.0,100000.0,100000.0,100000.0,101266.0,100000.0,100000.0,100000.0,100000.0,100000.0,100000.0,100000.0,100000.0,100000.0,100000.0,100000.0,100000.0,100255.21,100000.0,100000.0,100000.0,100000.0,100725.04000000001,100000.0,100000.0,100000.0,100000.0,100000.0,100000.0,100000.0,100000.0,99404.92,100000.0,100057.2
2021-09-28,100000.0,100251.4,100000.0,100000.0,100000.0,100000.0,100000.0,98483.79000000001,100000.0,100000.0,100000.0,103652.88,100000.0,100000.0,98549.98000000001,100000.0,100000.0,100000.0,100000.0,100000.0,101266.0,100000.0,100000.0,100000.0,100000.0,100000.0,100000.0,100000.0,100000.0,100000.0,100000.0,100000.0,100000.0,100255.21,100000.0,100000.0,100000.0,100000.0,100725.04000000001,100000.0,100000.0,100000.0,100000.0,100000.0,100000.0,100000.0,100000.0,99404.92,100000.0,100057.2
2021-09-29,100000.0,100251.4,100000.0,100000.0,100000.0,100000.0,100000.0,98483.79000000001,100000.0,100000.0,100000.0,103652.88,100000.0,100000.0,98549.98000000001,100000.0,100000.0,100000.0,100000.0,100000.0,101266.0,100000.0,100000.0,100000.0,100000.0,100000.0,100000.0,100000.0,100000.0,100000.0,100000.0,100000.0,100000.0,100255.21,100000.0,100000.0,100000.0,100000.0,100725.04000000001,100000.0,100000.0,100000.0,100000.0,100000.0,100000.0,100000.0,100000.0,99404.92,100000.0,100057.2
2021-09-30,100000.0,100251.4,100000.0,100000.0,100000.0,100000.0,100000.0,98483.79000000001,100000.0,100000.0,100000.0,103652.88,100000.0,100000.0,98549.98000000001,100000.0,100000.0,100000.0,100000.0,100000.0,101266.0,100000.0,100000.0,100000.0,100000.0,100000.0,100000.0,100000.0,100000.0,100000.0,100000.0,100000.0,99793.0,100255.21,100000.0,100000.0,100000.0,100000.0,100725.04000000001,100000.0,100000.0,100000.0,100000.0,100000.0,100000.0,100000.0,100000.0,99404.92,100000.0,100057.2
2021-10-01,100000.0,100251.4,100000.0,100000.0,100000.0,100000.0,100000.0,98483.79000000001,100000.0,100000.0,100000.0,103652.88,100000.0,100000.0,98549.98000000001,100000.0,100000.0,100000.0,100000.0,100000.0,101266.0,100000.0,100000.0,100000.0,100000.0,100000.0,100000.0,100000.0,100000.0,100000.0,100000.0,100000.0,99615.90000000001,100255.21,100000.0,100000.0,100000.0,100000.0,100725.04000000001,100000.0,100000.0,100000.0,100000.0,100000.0,100000.0,100000.0,100000.0,99404.92,100000.0,100057.2
2021-10-04,100000.0,100251.4,100000.0,100000.0,100000.0,100000.0,100000.0,98483.79000000001,100000.0,100000.0,100000.0,103652.88,100000.0,100000.0,98549.98000000001,100000.0,100000.0,100000.0,100000.0,100000.0,101266.0,100000.0,100000.0,100000.0,100000.0,100000.0,100000.0,100000.0,100000.0,100000.0,100000.0,100000.0,99507.8,100255.21,100000.0,100000.0,100000.0,100000.0,100725.04000000001,100000.0,100000.0,100000.0,100000.0,100000.0,100000.0,100000.0,100000.0,99404.92,100000.0,100057.2
2021-10-05,100000.0,100251.4,100000.0,100000.0,100000.0,100000.0,100000.0,98483.79000000001,100000.0,100000.0,100000.0,103652.88,100000.0,100000.0,98549.98000000001,100000.0,100000.0,100000.0,100000.0,100000.0,101266.0,100000.0,100000.0,100000.0,100000.0,100000.0,100000.0,100000.0,100000.0,100000.0,100000.0,100000.0,99480.20000000001,100255.21,100000.0,100000.0,100000.0,100000.0,100725.04000000001,100000.0,100000.0,100000.0,100000.0,100000.0,100000.0,100000.0,100000.0,99404.92,100000.0,100057.2
2021-10-06,100000.0,100251.4,100000.0,100000.0,100000.0,100000.0,100000.0,98483.79000000001,100000.0,100000.0,100000.0,103652.88,100000.0,100000.0,98549.98000000001,100000.0,100000.0,100000.0,100000.0,100000.0,101266.0,100000.0,100000.0,100000.0,100000.0,100000.0,100000.0,100000.0,100000.0,100000.0,100000.0,100000.0,99542.3,100255.21,100000.0,100000.0,100000.0,100000.0,100725.04000000001,100000.0,100000.0,100000.0,100000.0,100000.0,100000.0,100000.0,100000.0,99404.92,100000.0,100057.2
2021-10-07,100000.0,100251.4,100000.0,100000.0,100000.0,100000.0,100000.0,98483.79000000001,100000.0,100000.0,100000.0,103652.88,100000.0,100000.0,98549.98000000001,100000.0,100000.0,100000.0,100000.0,100000.0,101266.0,100000.0,100000.0,100000.0,100000.0,100000.0,100000.0,100000.0,100000.0,100000.0,100000.0,100000.0,99563.0,100255.21,100000.0,100000.0,100000.0,100000.0,100725.04000000001,100000.0,100000.0,100000.0,100000.0,100000.0,100000.0,100000.0,100000.0,99404.92,100000.0,100057.2
2021-10-08,100000.0,100251.4,100000.0,100000.0,100000.0,100000.0,100000.0,98483.79000000001,100000.0,100000.0,100000.0,103652.88,100000.0,100000.0,98549.98000000001,100000.0,100000.0,100000.0,100000.0,100000.0,101266.0,100000.0,100000.0,100000.0,100000.0,100000.0,100000.0,100000.0,100000.0,100000.0,100000.0,100000.0,99298.5,100255.21,100000.0,100000.0,100000.0,100000.0,100725.04000000001,100000.0,100000.0,100000.0,100000.0,100000.0,100000.0,100000.0,100000.0,99404.92,100000.0,100057.2
2021-10-11,100000.0,100251.4,100000.0,100000.0,100000.0,100000.0,100000.0,98483.79000000001,100000.0,100000.0,100000.0,103652.88,100000.0,100000.0,98549.98000000001,100000.0,100000.0,100000.0,100000.0,100000.0,101266.0,100000.0,100000.0,100000.0,100000.0,100000.0,100000.0,100000.0,100000.0,100000.0,100000.0,100000.0,99215.70000000001,100255.21,100000.0,100000.0,100000.0,100000.0,100725.04000000001,100000.0,100000.0,100000.0,100000.0,100000.0,100000.0,100000.0,100000.0,99404.92,100000.0,100057.2
2021-10-12,100000.0,100251.4,100000.0,100000.0,100000.0,100000.0,100000.0,98483.79000000001,100000.0,100000.0,100000.0,103652.88,100000.0,100000.0,98549.98000000001,100000.0,100000.0,100000.0,100000.0,100000.0,101266.0,100000.0,100000.0,100000.0,100000.0,100000.0,100000.0,100000.0,100000.0,100000.0,100000.0,100000.0,99259.40000000001,100255.21,100000.0,100000.0,100000.0,100000.0,100725.04000000001,100000.0,100000.0,100000.0,100000.0,100000.0,100000.0,100000.0,100000.0,99404.92,100000.0,100057.2
2021-10-13,100000.0,100251.4,100000.0,100000.0,100000.0,100000.0,100000.0,98483.79000000001,100000.0,100000.0,100000.0,103652.88,100000.0,100000.0,98549.98000000001,100000.0,100000.0,100000.0,100000.0,100000.0,101266.0,100000.0,100000.0,100000.0,100000.0,100000.0,100000.0,100000.0,100000.0,100000.0,100000.0,100000.0,99151.3,100255.21,100000.0,100000.0,100000.0,100000.0,100725.04000000001,100000.0,100000.0,100000.0,100000.0,100000.0,100000.0,100000.0,100000.0,99404.92,100000.0,100057.2
2021-10-14,100000.0,100251.4,100000.0,100000.0,100000.0,100000.0,100000.0,98483.79000000001,100000.0,100000.0,100000.0,103652.88,100000.0,100000.0,98549.98000000001,100000.0,100000.0,100000.0,100000.0,100000.0,101266.0,100000.0,100000.0,100000.0,100000.0,100000.0,100000.0,100000.0,100000.0,100000.0,100000.0,100000.0,99477.90000000001,100255.21,100000.0,100000.0,100000.0,100000.0,100725.04000000001,100000.0,100000.0,100000.0,100000.0,100000.0,100000.0,100000.0,100000.0,99404.92,100000.0,100057.2
2021-10-15,100000.0,100251.4,100000.0,100000.0,100000.0,100000.0,100000.0,98483.79000000001,100000.0,100000.0,100000.0,103652.88,100000.0,100000.0,98549.98000000001,100000.0,100000.0,100000.0,100000.0,100000.0,101266.0,100000.0,100000.0,100000.0,100000.0,100000.0,100000.0,100000.0,100000.0,100000.0,100000.0,100000.0,99494.0,100255.21,100000.0,100000.0,100000.0,100000.0,100725.04000000001,100000.0,100000.0,100000.0,100000.0,100000.0,100000.0,100000.0,100000.0,99404.92,100000.0,100057.2
2021-10-18,100000.0,100251.4,100000.0,100000.0,100000.0,100000.0,100000.0,98483.79000000001,100000.0,100000.0,100000.0,103652.88,100000.0,100000.0,98549.98000000001,100000.0,100000.0,100000.0,100000.0,100000.0,101266.0,100000.0,100000.0,100000.0,100000.0,100000.0,100000.0,100000.0,100000.0,100000.0,100000.0,100000.0,99783.8,100255.21,100000.0,100000.0,100000.0,100000.0,100725.04000000001,100000.0,100000.0,100000.0,100000.0,100000.0,100000.0,100000.0,100000.0,99404.92,100000.0,100057.2
2021-10-19,100000.0,100251.4,100000.0,100000.0,100000.0,100000.0,100000.0,98483.79000000001,100000.0,100000.0,100000.0,103652.88,100000.0,100000.0,98549.98000000001,100000.0,100000.0,100000.0,100000.0,100000.0,101266.0,100000.0,100000.0,100000.0,100000.0,100000.0,100000.0,100000.0,100000.0,100000.0,100000.0,100000.0,99643.5,100255.21,100000.0,100000.0,100000.0,100000.0,100725.04000000001,100000.0,100000.0,100000.0,100000.0,100000.0,100000.0,100000.0,100000.0,99404.92,100000.0,100057.2
2021-10-20,100000.0,100251.4,100000.0,100000.0,100000.0,100000.0,100000.0,98483.79000000001,100000.0,100000.0,100000.0,103652.88,100000.0,100000.0,98549.98000000001,100000.0,100000.0,100000.0,100000.0,100000.0,101266.0,100000.0,100000.0,100000.0,100000.0,100000.0,100000.0,100000.0,100000.0,100000.0,100000.0,100000.0,99530.8,100255.21,100000.0,100000.0,100000.0,100000.0,100725.04000000001,100000.0,100000.0,100000.0,100000.0,100000.0,100000.0,100000.0,100000.0,99404.92,100000.0,100057.2
2021-10-21,100000.0,100251.4,100000.0,100000.0,100000.0,100000.0,100000.0,98483.79000000001,100000.0,100000.0,100000.0,103652.88,100000.0,100000.0,98549.98000000001,100000.0,100000.0,100000.0,100000.0,100000.0,101266.0,100000.0,100000.0,100000.0,100000.0,100000.0,100000.0,100000.0,100000.0,100000.0,100000.0,100000.0,99581.40000000001,100255.21,100000.0,100000.0,100000.0,100000.0,100725.04000000001,100000.0,100000.0,100000.0,100000.0,100000.0,100000.0,100000.0,100000.0,99404.92,100000.0,100057.2
2021-10-22,100000.0,100251.4,100000.0,100000.0,100000.0,100000.0,100000.0,98483.79000000001,100000.0,100000.0,100000.0,103652.88,100000.0,100000.0,98549.98000000001,100000.0,100000.0,100000.0,100000.0,100000.0,101266.0,100000.0,100000.0,100000.0,100000.0,100000.0,100000.0,100000.0,100000.0,100000.0,100000.0,100000.0,99500.90000000001,100255.21,100000.0,100000.0,100000.0,100000.0,100725.04000000001,100000.0,100000.0,100000.0,100000.0,100000.0,100000.0,100000.0,100000.0,99404.92,100000.0,100057.2
2021-10-25,100000.0,100251.4,100000.0,100000.0,100000.0,100000.0,100000.0,98483.79000000001,100000.0,100000.0,100000.0,103652.88,100000.0,100000.0,98549.98000000001,100000.0,100000.0,100000.0,100000.0,100000.0,101266.0,100000.0,100000.0,100000.0,100000.0,100000.0,100000.0,100000.0,100000.0,100000.0,100000.0,100000.0,100131.1,100255.21,100000.0,100000.0,100000.0,100000.0,100725.04000000001,100000.0,100000.0,100000.0,100000.0,100000.0,100000.0,100000.0,100000.0,99404.92,100000.0,100057.2
2021-10-26,100000.0,100251.4,100000.0,100000.0,100000.0,100000.0,100000.0,98483.79000000001,100000.0,100000.0,100000.0,103652.88,100000.0,100000.0,98549.98000000001,100000.0,100000.0,100000.0,100000.0,100000.0,101266.0,100000.0,100000.0,100000.0,100000.0,100000.0,100000.0,100000.0,100000.0,100000.0,100000.0,100000.0,100023.0,100255.21,100000.0,100000.0,100000.0,100000.0,100725.04000000001,100000.0,100000.0,100000.0,100000.0,100000.0,100000.0,100000.0,100000.0,99404.92,100000.0,100057.2
2021-10-27,100000.0,100251.4,100000.0,100000.0,100000.0,100000.0,100000.0,98483.79000000001,100000.0,100000.0,100000.0,103652.88,100000.0,100000.0,98549.98000000001,100000.0,100000.0,100000.0,100000.0,100000.0,101266.0,100000.0,100000.0,100000.0,100000.0,100000.0,100000.0,100000.0,100000.0,100000.0,100000.0,100000.0,100170.20000000001,100255.21,100000.0,100000.0,100000.0,100000.0,100725.04000000001,100000.0,100000.0,100000.0,100000.0,100000.0,100000.0,100000.0,100000.0,99404.92,100000.0,100057.2
2021-10-28,100000.0,100251.4,100000.0,100000.0,100000.0,100000.0,100000.0,98483.79000000001,100000.0,100000.0,100000.0,103652.88,100000.0,100000.0,98549.98000000001,100000.0,100000.0,100000.0,100000.0,100000.0,101266.0,100000.0,100000.0,100000.0,100000.0,100000.0,100000.0,100000.0,100000.0,100000.0,100000.0,100000.0,102116.0,100255.21,100000.0,100000.0,100000.0,100000.0,100725.04000000001,100000.0,100000.0,100000.0,100000.0,100000.0,100000.0,100000.0,100000.0,99404.92,100000.0,100057.2
2021-10-29,100000.0,100251.4,100000.0,100000.0,100000.0,100000.0,100000.0,98483.79000000001,100000.0,100000.0,100000.0,103998.68000000001,100000.0,100000.0,98549.98000000001,100000.0,100000.0,100000.0,100000.0,100000.0,101266.0,100000.0,100000.0,100000.0,100000.0,100000.0,100000.0,100000.0,100000.0,100000.0,100000.0,100000.0,102116.0,100255.21,100000.0,100000.0,100000.0,100000.0,100725.04000000001,100000.0,100000.0,100000.0,100000.0,100000.0,100000.0,100000.0,100000.0,99404.92,100000.0,100057.2
2021-11-01,100000.0,100251.4,100000.0,100000.0,100000.0,100000.0,100000.0,98483.79000000001,100000.0,100000.0,100000.0,104332.0,100000.0,100000.0,98549.98000000001,100000.0,100000.0,100000.0,100000.0,100000.0,101266.0,100000.0,100000.0,100000.0,100000.0,100000.0,100000.0,100000.0,100000.0,100000.0,100000.0,100000.0,102116.0,100255.21,100000.0,100000.0,100000.0,100000.0,100725.04000000001,100000.0,100000.0,100000.0,100000.0,100000.0,100000.0,100000.0,100000.0,99404.92,100000.0,100057.2
2021-11-02,100000.0,100251.4,100000.0,100000.0,100000.0,100000.0,100000.0,98483.79000000001,100000.0,100000.0,100000.0,104233.20000000001,100000.0,100000.0,98549.98000000001,100000.0,100000.0,100000.0,100000.0,100000.0,101266.0,100000.0,100000.0,100000.0,100000.0,100000.0,100000.0,100000.0,100000.0,100000.0,100000.0,100000.0,102116.0,100255.21,100000.0,100000.0,100000.0,100000.0,100725.04000000001,100000.0,100000.0,100000.0,100000.0,100000.0,100000.0,100000.0,100000.0,99404.92,100000.0,100057.2
2021-11-03,100000.0,100251.4,100000.0,100000.0,100000.0,100000.0,100000.0,98483.79000000001,100000.0,100000.0,100000.0,104417.28000000001,100000.0,100000.0,98549.98000000001,100000.0,100000.0,100000.0,100000.0,100000.0,101266.0,100000.0,100000.0,100000.0,100000.0,100000.0,100000.0,100000.0,100000.0,100000.0,100000.0,100000.0,102116.0,100255.21,100000.0,100000.0,100000.0,100000.0,100725.04000000001,100000.0,100000.0,100000.0,100000.0,100000.0,100000.0,100000.0,100000.0,99404.92,100000.0,100057.2
2021-11-04,100000.0,100251.4,100000.0,100000.0,100000.0,100000.0,100000.0,98483.79000000001,100000.0,100000.0,100000.0,104637.24,100000.0,100000.0,98549.98000000001,100000.0,100000.0,100000.0,100000.0,100000.0,101266.0,100000.0,100000.0,100000.0,100000.0,100000.0,100000.0,100000.0,100000.0,100000.0,100000.0,100000.0,102116.0,100255.21,100000.0,100000.0,100000.0,100000.0,100725.04000000001,100000.0,100000.0,100000.0,100000.0,100000.0,100000.0,100000.0,100000.0,99404.92,100000.0,100057.2
2021-11-05,100000.0,100251.4,100000.0,100000.0,100000.0,100000.0,100000.0,98483.79000000001,100000.0,100000.0,100000.0,104911.8,100000.0,100000.0,98549.98000000001,100000.0,100000.0,100000.0,100000.0,100000.0,101266.0,100000.0,100000.0,100000.0,100000.0,100000.0,100000.0,100000.0,100000.0,100000.0,100000.0,100000.0,102116.0,100255.21,100000.0,100000.0,100000.0,100000.0,100725.04000000001,100000.0,100000.0,100000.0,100000.0,100000.0,100000.0,100000.0,100000.0,99404.92,100000.0,100057.2
2021-11-08,100000.0,100251.4,100000.0,100000.0,100000.0,100000.0,100000.0,98483.79000000001,100000.0,100000.0,100000.0,104781.28000000001,100000.0,100000.0,98549.98000000001,100000.0,100000.0,100000.0,100000.0,100000.0,101266.0,100000.0,100000.0,100000.0,100000.0,100000.0,100000.0,100000.0,100000.0,100000.0,100000.0,100000.0,102116.0,100255.21,100000.0,100000.0,100000.0,100000.0,100725.04000000001,100000.0,100000.0,100000.0,100000.0,100000.0,100000.0,100000.0,100000.0,99404.92,100000.0,100057.2
2021-11-09,100000.0,100251.4,100000.0,100000.0,100000.0,100000.0,100000.0,98483.79000000001,100000.0,100000.0,100000.0,104612.28000000001,100000.0,100000.0,98549.98000000001,100000.0,100000.0,100000.0,100000.0,100000.0,101266.0,100000.0,100000.0,100000.0,100000.0,100000.0,100000.0,100000.0,100000.0,100000.0,100000.0,100000.0,102116.0,100255.21,100000.0,100000.0,100000.0,100000.0,100725.04000000001,100000.0,100000.0,100000.0,100000.0,100000.0,100000.0,100000.0,100000.0,99404.92,100000.0,100057.2
2021-11-10,100000.0,100251.4,100000.0,100000.0,100000.0,100000.0,100000.0,98483.79000000001,100000.0,100000.0,100000.0,104210.32,100000.0,100000.0,98549.98000000001,100000.0,100000.0,100000.0,100000.0,100000.0,101266.0,100000.0,100000.0,100000.0,100000.0,100000.0,100000.0,100000.0,100000.0,100000.0,100000.0,100000.0,102116.0,100255.21,100000.0,100000.0,100000.0,100000.0,100725.04000000001,100000.0,100000.0,100000.0,100000.0,100000.0,100000.0,100000.0,100000.0,99404.92,100000.0,100057.2
2021-11-11,100000.0,100251.4,100000.0,100000.0,100000.0,100000.0,100000.0,98483.79000000001,100000.0,100000.0,100000.0,104215.52,100000.0,100000.0,98549.98000000001,100000.0,100000.0,100000.0,100000.0,100000.0,101266.0,100000.0,100000.0,100000.0,100000.0,100000.0,100000.0,100000.0,100000.0,100000.0,100000.0,100000.0,102116.0,100255.21,100000.0,100000.0,100000.0,100000.0,100725.04000000001,100000.0,100000.0,100000.0,100000.0,100000.0,100000.0,100000.0,100000.0,99404.92,100000.0,100057.2
2021-11-12,100000.0,100251.4,100000.0,100000.0,100000.0,100000.0,100000.0,98483.79000000001,100000.0,100000.0,100000.0,104899.32,100000.0,100000.0,98549.98000000001,100000.0,100000.0,100000.0,100000.0,100000.0,101266.0,100000.0,100000.0,100000.0,100000.0,100000.0,100000.0,100000.0,100000.0,100000.0,100000.0,100000.0,102116.0,100255.21,100000.0,100000.0,100000.0,100000.0,100725.04000000001,100000.0,100000.0,100000.0,100000.0,100000.0,100000.0,100000.0,100000.0,99404.92,100000.0,100057.2
2021-11-15,100000.0,100251.4,100000.0,100000.0,100000.0,100000.0,100000.0,98483.79000000001,100000.0,100000.0,100000.0,104899.32,100000.0,100000.0,98549.98000000001,100000.0,100000.0,100000.0,100000.0,100000.0,101266.0,100000.0,100000.0,100000.0,100000.0,100000.0,100000.0,100000.0,100000.0,100000.0,100000.0,100000.0,102116.0,100255.21,100000.0,100000.0,100000.0,100000.0,100500.05000000002,100000.0,100000.0,100000.0,100000.0,100000.0,100000.0,100000.0,100000.0,99404.92,100000.0,100057.2
2021-11-16,100000.0,100251.4,100000.0,100000.0,100000.0,100000.0,100000.0,98483.79000000001,100000.0,100000.0,100000.0,104899.32,100000.0,100000.0,98549.98000000001,100000.0,100000.0,100000.0,100000.0,100000.0,101266.0,100000.0,100000.0,100000.0,100000.0,100000.0,100000.0,100000.0,100000.0,100000.0,100000.0,100000.0,102116.0,100255.21,100000.0,100000.0,100000.0,100000.0,100371.70000000001,100000.0,100000.0,100000.0,100000.0,100000.0,100000.0,100000.0,100000.0,99404.92,100000.0,100057.2
2021-11-17,100000.0,100251.4,100000.0,100000.0,100000.0,100000.0,100000.0,98483.79000000001,100000.0,100000.0,100000.0,104899.32,100000.0,100000.0,98549.98000000001,100000.0,100000.0,100000.0,100000.0,100000.0,101266.0,100000.0,100000.0,100000.0,100000.0,100000.0,100000.0,100000.0,100000.0,100000.0,100000.0,100000.0,102116.0,100255.21,100000.0,100000.0,100000.0,100000.0,100463.81000000001,100000.0,100000.0,100000.0,100000.0,100000.0,100000.0,100000.0,100000.0,99404.92,100000.0,100057.2
2021-11-18,100000.0,100251.4,100000.0,100000.0,100000.0,100000.0,100000.0,98483.79000000001,100000.0,100000.0,100000.0,104899.32,100000.0,100000.0,98549.98000000001,100000.0,100000.0,100000.0,100000.0,100000.0,101266.0,100000.0,100000.0,100000.0,100000.0,100000.0,100000.0,100000.0,100000.0,100000.0,100000.0,100000.0,102116.0,100255.21,100000.0,100000.0,100000.0,100000.0,100330.93000000002,100000.0,100000.0,100000.0,100000.0,100000.0,100000.0,100000.0,100000.0,99404.92,100000.0,100057.2
2021-11-19,100000.0,100251.4,100000.0,100000.0,100000.0,100000.0,100000.0,98483.79000000001,100000.0,100000.0,100000.0,104899.32,100000.0,100000.0,98549.98000000001,100000.0,100000.0,100000.0,100000.0,100000.0,101266.0,100000.0,100000.0,100000.0,100000.0,100000.0,100000.0,100000.0,100000.0,100000.0,100000.0,100000.0,102116.0,100255.21,100000.0,100000.0,100000.0,100000.0,100404.92000000001,100000.0,100000.0,100000.0,100000.0,100000.0,100000.0,100000.0,100000.0,99404.92,100000.0,100057.2
2021-11-22,100000.0,100251.4,100000.0,100000.0,100000.0,100000.0,100000.0,98483.79000000001,100000.0,100000.0,100000.0,104899.32,100000.0,100000.0,98549.98000000001,100000.0,100000.0,100000.0,100000.0,100000.0,101266.0,100000.0,100000.0,100000.0,100000.0,100000.0,100000.0,100000.0,100000.0,100000.0,100000.0,100000.0,102116.0,100255.21,100000.0,100000.0,100000.0,100000.0,99923.23000000001,100000.0,100000.0,100000.0,100000.0,100000.0,100000.0,100000.0,100000.0,99404.92,100000.0,100057.2
2021-11-23,100000.0,100251.4,100000.0,100000.0,100000.0,100000.0,100000.0,98483.79000000001,100000.0,100000.0,100000.0,104899.32,100000.0,100000.0,98549.98000000001,100000.0,100000.0,100000.0,100000.0,100000.0,101266.0,100000.0,100000.0,100000.0,100000.0,100000.0,100000.0,100000.0,100000.0,100000.0,100000.0,100000.0,102116.0,100255.21,100000.0,100000.0,100000.0,100000.0,100072.72000000002,100000.0,100000.0,100000.0,100000.0,100000.0,100000.0,100000.0,100000.0,99404.92,100000.0,100057.2
2021-11-24,100000.0,100251.4,100000.0,100000.0,100000.0,100000.0,100000.0,98483.79000000001,100000.0,100000.0,100000.0,104899.32,100000.0,100000.0,98549.98000000001,100000.0,100000.0,100000.0,100000.0,100000.0,101266.0,100000.0,100000.0,100000.0,100000.0,100000.0,100000.0,100000.0,100000.0,100000.0,100000.0,100000.0,102116.0,100255.21,100000.0,100000.0,100000.0,100000.0,100004.77000000002,100000.0,100000.0,100000.0,100000.0,100000.0,100000.0,100000.0,100000.0,99404.92,100000.0,100057.2
2021-11-26,100000.0,100251.4,100000.0,100000.0,100000.0,100000.0,100000.0,98483.79000000001,100000.0,100000.0,100000.0,104899.32,100000.0,100000.0,98549.98000000001,100000.0,100000.0,100000.0,100000.0,100000.0,101266.0,100000.0,100000.0,100000.0,100000.0,100000.0,100000.0,100000.0,100000.0,100000.0,100000.0,100000.0,102116.0,100255.21,100000.0,100000.0,100000.0,100000.0,99847.73000000001,100000.0,100000.0,100000.0,100000.0,100000.0,100000.0,100000.0,100000.0,99404.92,100000.0,100057.2
2021-11-29,100000.0,100251.4,100000.0,100000.0,100000.0,100000.0,100000.0,98483.79000000001,100000.0,100000.0,100000.0,104899.32,100000.0,100000.0,98549.98000000001,100000.0,100000.0,100000.0,100000.0,100000.0,101266.0,100000.0,100000.0,100000.0,100000.0,100000.0,100000.0,100000.0,100000.0,100000.0,100000.0,100000.0,102116.0,100255.21,100000.0,100000.0,100000.0,100000.0,99930.78000000001,100000.0,100000.0,100000.0,100000.0,100000.0,100000.0,100000.0,100000.0,99404.92,100000.0,100057.2
2021-11-30,100000.0,100251.4,100000.0,100000.0,100000.0,100000.0,100000.0,98483.79000000001,100000.0,100000.0,100000.0,104899.32,100000.0,100000.0,98549.98000000001,100000.0,100000.0,100000.0,100000.0,100000.0,101266.0,100000.0,100000.0,100000.0,100000.0,100000.0,100000.0,100000.0,100000.0,100000.0,100000.0,100000.0,102116.0,100255.21,100000.0,100000.0,100000.0,100000.0,99353.96000000002,100000.0,100000.0,100000.0,100000.0,100000.0,100000.0,100000.0,100000.0,99404.92,100000.0,100057.2
2021-12-01,100000.0,100251.4,100000.0,100000.0,100000.0,100000.0,100000.0,98483.79000000001,100000.0,100000.0,100000.0,104899.32,100000.0,100000.0,98549.98000000001,100000.0,100000.0,100000.0,100000.0,100000.0,101266.0,100000.0,100000.0,100000.0,100000.0,100000.0,100000.0,100000.0,100000.0,100000.0,100000.0,100000.0,102116.0,100255.21,100000.0,100000.0,100000.0,100000.0,99678.61000000002,100000.0,100000.0,100000.0,100000.0,100000.0,100000.0,100000.0,100000.0,99404.92,100000.0,100057.2
2021-12-02,100000.0,100251.4,100000.0,100000.0,100000.0,100000.0,100000.0,98483.79000000001,100000.0,100000.0,100000.0,104899.32,100000.0,100000.0,98549.98000000001,100000.0,100000.0,100000.0,100000.0,100000.0,101266.0,100000.0,100000.0,100000.0,100000.0,100000.0,100000.0,100000.0,100000.0,100000.0,100000.0,100000.0,102116.0,100255.21,100000.0,100000.0,100000.0,100000.0,99529.12000000001,100000.0,100000.0,100000.0,100000.0,100000.0,100000.0,100000.0,100000.0,99404.92,100000.0,100057.2
2021-12-03,100000.0,100251.4,100000.0,100000.0,100000.0,100000.0,100000.0,98483.79000000001,100000.0,100000.0,100000.0,104899.32,100000.0,100000.0,98549.98000000001,100000.0,100000.0,100000.0,100000.0,100000.0,101266.0,100000.0,100000.0,100000.0,100000.0,100000.0,100000.0,100000.0,100000.0,100000.0,100000.0,100000.0,102116.0,100255.21,100000.0,100000.0,100000.0,100000.0,99874.91000000002,100000.0,100000.0,100000.0,100000.0,100000.0,100000.0,100000.0,100000.0,99404.92,100000.0,100057.2
2021-12-06,100000.0,100251.4,100000.0,100000.0,100000.0,100000.0,100000.0,98483.79000000001,100000.0,100000.0,100000.0,104899.32,100000.0,100000.0,98549.98000000001,100000.0,100000.0,100000.0,100000.0,100000.0,101266.0,100000.0,100000.0,100000.0,100000.0,100000.0,100000.0,100000.0,100000.0,100000.0,100000.0,100000.0,102116.0,100255.21,100000.0,100000.0,100000.0,100000.0,100412.47000000002,100000.0,100000.0,100000.0,100000.0,100000.0,100000.0,100000.0,100000.0,99404.92,100000.0,100057.2
2021-12-07,100000.0,100251.4,100000.0,100000.0,100000.0,100000.0,100000.0,98483.79000000001,100000.0,100000.0,100000.0,104899.32,100000.0,100000.0,98549.98000000001,100000.0,100000.0,100000.0,100000.0,100000.0,101266.0,100000.0,100000.0,100000.0,100000.0,100000.0,100000.0,100000.0,100000.0,100000.0,100000.0,100000.0,102116.0,100255.21,100000.0,100000.0,100000.0,100000.0,100412.47000000002,100000.0,100000.0,100000.0,100000.0,100000.0,100000.0,100000.0,100000.0,99404.92,100000.0,100057.2
2021-12-08,100000.0,100251.4,100000.0,100000.0,100000.0,100000.0,100000.0,98483.79000000001,100000.0,100000.0,100000.0,104899.32,100000.0,100000.0,98549.98000000001,100000.0,100000.0,100000.0,100000.0,100000.0,101266.0,100000.0,100000.0,100000.0,100000.0,100000.0,100000.0,100000.0,100000.0,100000.0,100000.0,100000.0,102116.0,100255.21,100000.0,100000.0,100000.0,100000.0,100412.47000000002,100000.0,100000.0,100000.0,100000.0,100000.0,100000.0,100000.0,100000.0,99404.92,100000.0,100057.2
2021-12-09,100000.0,100251.4,100000.0,100000.0,100000.0,100000.0,100000.0,98483.79000000001,100000.0,100000.0,100000.0,104899.32,100000.0,100000.0,98549.98000000001,100000.0,100000.0,100000.0,100000.0,100000.0,101266.0,100000.0,100000.0,100000.0,100000.0,100000.0,100000.0,100000.0,100000.0,100000.0,100000.0,100000.0,102116.0,100255.21,100000.0,100000.0,100000.0,100000.0,100412.47000000002,100000.0,100000.0,100000.0,100000.0,100000.0,100000.0,100000.0,100000.0,99404.92,100000.0,100057.2
2021-12-10,100000.0,100251.4,100000.0,100000.0,100000.0,100000.0,100000.0,98483.79000000001,100000.0,100000.0,100000.0,104899.32,100000.0,100000.0,98549.98000000001,100000.0,100000.0,100000.0,100000.0,100000.0,101266.0,100000.0,100000.0,100000.0,100000.0,100000.0,100000.0,100000.0,100000.0,100000.0,100000.0,100000.0,102116.0,100255.21,100000.0,100000.0,100000.0,100000.0,100412.47000000002,100000.0,100000.0,100000.0,100000.0,100000.0,100000.0,100000.0,100000.0,99404.92,100000.0,100057.2
2021-12-13,100000.0,100251.4,100000.0,100000.0,100000.0,100000.0,100000.0,98483.79000000001,100000.0,100000.0,100000.0,104899.32,100000.0,100000.0,98549.98000000001,100000.0,100000.0,100000.0,100000.0,100000.0,101266.0,100000.0,100000.0,100000.0,100000.0,100000.0,100000.0,100000.0,100000.0,100000.0,100000.0,100000.0,102116.0,100255.21,100000.0,100000.0,100000.0,100000.0,100412.47000000002,100000.0,100000.0,100000.0,100000.0,100000.0,100000.0,100000.0,100000.0,99404.92,100000.0,100057.2
2021-12-14,100000.0,100251.4,100000.0,100000.0,100000.0,100000.0,100000.0,98483.79000000001,100000.0,100000.0,100000.0,104899.32,100000.0,100000.0,98549.98000000001,100000.0,100000.0,100000.0,100000.0,100000.0,101266.0,100000.0,100000.0,100000.0,100000.0,100000.0,100000.0,100000.0,100000.0,100000.0,100000.0,100000.0,102116.0,100255.21,100000.0,100000.0,100000.0,100000.0,100412.47000000002,100000.0,100000.0,100000.0,100000.0,100000.0,100000.0,100000.0,100000.0,99404.92,100000.0,100057.2
2021-12-15,100000.0,100251.4,100000.0,100000.0,100000.0,100000.0,100000.0,98483.79000000001,100000.0,100000.0,100000.0,104899.32,100000.0,100000.0,98549.98000000001,100000.0,100000.0,100000.0,100000.0,100000.0,101266.0,100000.0,100000.0,100000.0,100000.0,100000.0,100000.0,100000.0,100000.0,100000.0,100000.0,100000.0,102116.0,100255.21,100000.0,100000.0,100000.0,100000.0,100412.47000000002,100000.0,100000.0,100000.0,100000.0,100000.0,100000.0,100000.0,100000.0,99404.92,100000.0,100057.2
2021-12-16,100000.0,100251.4,100000.0,100000.0,100000.0,100000.0,100000.0,98483.79000000001,100000.0,100000.0,100000.0,104899.32,100000.0,100000.0,98549.98000000001,100000.0,100000.0,100000.0,100000.0,100000.0,101266.0,100000.0,100000.0,100000.0,100000.0,100000.0,100000.0,100000.0,100000.0,100000.0,100000.0,100000.0,102116.0,100255.21,100000.0,100000.0,100000.0,100000.0,100412.47000000002,100000.0,100000.0,100000.0,100000.0,100000.0,100000.0,100000.0,100000.0,99404.92,100000.0,100057.2
2021-12-17,100000.0,100251.4,100000.0,100000.0,100000.0,100000.0,100000.0,98483.79000000001,100000.0,100000.0,100000.0,104899.32,100000.0,100000.0,98549.98000000001,100000.0,100000.0,100000.0,100000.0,100000.0,101266.0,100000.0,100000.0,100000.0,100000.0,100000.0,100000.0,100000.0,100000.0,100000.0,100000.0,100000.0,102116.0,100255.21,100000.0,100000.0,100000.0,100000.0,100412.47000000002,100000.0,100000.0,100000.0,100000.0,100000.0,100000.0,100000.0,100000.0,99404.92,100000.0,100057.2
2021-12-20,100000.0,100251.4,100000.0,100000.0,100000.0,100000.0,100000.0,98483.79000000001,100000.0,100000.0,100000.0,104899.32,100000.0,100000.0,98549.98000000001,100000.0,100000.0,100000.0,100000.0,100000.0,101266.0,100000.0,100000.0,100000.0,100000.0,100000.0,100000.0,100000.0,100000.0,100000.0,100000.0,100000.0,102116.0,100255.21,100000.0,100000.0,100000.0,100000.0,100412.47000000002,100000.0,100000.0,100000.0,100000.0,100000.0,100000.0,100000.0,100000.0,99404.92,100000.0,100057.2
2021-12-21,100000.0,100251.4,100000.0,100000.0,100000.0,100000.0,100000.0,98483.79000000001,100000.0,100000.0,100000.0,104899.32,100000.0,100000.0,98549.98000000001,100000.0,100000.0,100000.0,100000.0,100000.0,101266.0,100000.0,100000.0,100000.0,100000.0,100000.0,100000.0,100000.0,100000.0,100000.0,100000.0,100000.0,102116.0,100255.21,100000.0,100000.0,100000.0,100000.0,100412.47000000002,100000.0,100000.0,100000.0,100000.0,100000.0,100000.0,100000.0,100000.0,99404.92,100000.0,100057.2
2021-12-22,100000.0,100251.4,100000.0,100000.0,100000.0,100000.0,100000.0,98483.79000000001,100000.0,100000.0,100000.0,104899.32,100000.0,100000.0,98549.98000000001,100000.0,100000.0,100000.0,100000.0,100000.0,101266.0,100000.0,100000.0,100000.0,100000.0,100000.0,100000.0,100000.0,100000.0,100000.0,100000.0,100000.0,102116.0,100255.21,100000.0,100000.0,100000.0,100000.0,100412.47000000002,100000.0,100000.0,100000.0,100000.0,100000.0,100000.0,100000.0,100000.0,99404.92,100000.0,100057.2
2021-12-23,100000.0,100251.4,100000.0,100000.0,100000.0,100000.0,100000.0,98483.79000000001,100000.0,100000.0,100000.0,104899.32,100000.0,100000.0,98549.98000000001,100000.0,100000.0,100000.0,100000.0,100000.0,101266.0,100000.0,100000.0,100000.0,100000.0,100000.0,100000.0,100000.0,100000.0,100000.0,100000.0,100000.0,102116.0,100255.21,100000.0,100000.0,100000.0,100000.0,100412.47000000002,100000.0,100000.0,100000.0,100000.0,100000.0,100000.0,100000.0,100000.0,99404.92,100000.0,100057.2
2021-12-27,100000.0,100251.4,100000.0,100000.0,100000.0,100000.0,100000.0,98483.79000000001,100000.0,100000.0,100000.0,104899.32,100000.0,100000.0,98549.98000000001,100000.0,100000.0,100000.0,100000.0,100000.0,101266.0,100000.0,100000.0,100000.0,100000.0,100000.0,100000.0,100000.0,100000.0,100000.0,100000.0,100000.0,102116.0,100255.21,100000.0,100000.0,100000.0,100000.0,100412.47000000002,100000.0,100000.0,100000.0,100000.0,100000.0,100000.0,100000.0,100000.0,99404.92,100000.0,100057.2
2021-12-28,100000.0,100251.4,100000.0,100000.0,100000.0,100000.0,100000.0,98483.79000000001,100000.0,100000.0,100000.0,104899.32,100000.0,100000.0,98549.98000000001,100000.0,100000.0,100000.0,100000.0,100000.0,101266.0,100000.0,100000.0,100000.0,100000.0,100000.0,100000.0,100000.0,100000.0,100000.0,100000.0,100000.0,102116.0,100255.21,100000.0,100000.0,100000.0,100000.0,100412.47000000002,100000.0,100000.0,100000.0,100000.0,100000.0,100000.0,100000.0,100000.0,99404.92,100000.0,100057.2
2021-12-29,100000.0,100251.4,100000.0,100000.0,100000.0,100000.0,100000.0,98483.79000000001,100000.0,100000.0,100000.0,104899.32,100000.0,100000.0,98549.98000000001,100000.0,100000.0,100000.0,100000.0,100000.0,101266.0,100000.0,100000.0,100000.0,100000.0,100000.0,100000.0,100000.0,100000.0,100000.0,100000.0,100000.0,102116.0,100255.21,100000.0,100000.0,100000.0,100000.0,100412.47000000002,100000.0,100000.0,100000.0,100000.0,100000.0,100000.0,100000.0,100000.0,99404.92,100000.0,100057.2
2021-12-30,100000.0,100251.4,100000.0,100000.0,100000.0,100000.0,100000.0,98483.79000000001,100000.0,100000.0,100000.0,104899.32,100000.0,100000.0,98549.98000000001,100000.0,100000.0,100000.0,100000.0,100000.0,101266.0,100000.0,100000.0,100000.0,100000.0,100000.0,100000.0,100000.0,100000.0,100000.0,100000.0,100000.0,102116.0,100255.21,100000.0,100000.0,100000.0,100000.0,100412.47000000002,100000.0,100000.0,100000.0,100000.0,100000.0,100000.0,100000.0,100000.0,99404.92,100000.0,100057.2
2021-12-31,100000.0,100251.4,100000.0,100000.0,100000.0,100000.0,100000.0,98483.79000000001,100000.0,100000.0,100000.0,104899.32,100000.0,100000.0,98549.98000000001,100000.0,100000.0,100000.0,100000.0,100000.0,101266.0,100000.0,100000.0,100000.0,100000.0,100000.0,100000.0,100000.0,100000.0,100000.0,100000.0,100000.0,102116.0,100255.21,100000.0,100000.0,100000.0,100000.0,100412.47000000002,100000.0,100000.0,100000.0,100000.0,100000.0,100000.0,100000.0,100000.0,99404.92,100000.0,100057.2
